time,log_return,horizon,true_volatility,predict_volatility
2022-03-04,-4.799493811246069,1,0.0,-0.000375133
2022-03-04,-4.799493811246069,3,1.952561,1.3474821
2022-03-04,-4.799493811246069,5,3.4354196,1.656973
2022-03-04,-4.799493811246069,10,2.7612689,1.7718629
2022-03-04,-4.799493811246069,21,2.0281317,1.7204937
2022-03-07,-0.8077301629930034,1,0.0,0.0030554142
2022-03-07,-0.8077301629930034,3,2.952596,1.5455947
2022-03-07,-0.8077301629930034,5,2.7111762,1.9036573
2022-03-07,-0.8077301629930034,10,2.1801963,1.937952
2022-03-07,-0.8077301629930034,21,1.6928959,1.8387864
2022-03-08,-0.5220351133891299,1,0.0,0.004276257
2022-03-08,-0.5220351133891299,3,3.3881595,1.5364418
2022-03-08,-0.5220351133891299,5,2.6265829,1.8238117
2022-03-08,-0.5220351133891299,10,2.1356013,1.8762225
2022-03-08,-0.5220351133891299,21,1.6966066,1.8122685
2022-03-09,5.593630340064593,1,0.0,-0.0011407454
2022-03-09,5.593630340064593,3,3.2552454,1.3319795
2022-03-09,5.593630340064593,5,2.598168,1.5833551
2022-03-09,5.593630340064593,10,2.0800977,1.7500793
2022-03-09,5.593630340064593,21,1.7840835,1.6986659
2022-03-10,-2.322935310875618,1,0.0,0.0075412015
2022-03-10,-2.322935310875618,3,1.4399178,1.5009813
2022-03-10,-2.322935310875618,5,1.9949524,1.7568264
2022-03-10,-2.322935310875618,10,1.524459,1.880457
2022-03-10,-2.322935310875618,21,1.3679411,1.8033516
2022-03-11,0.8102461576068087,1,0.0,-0.003970906
2022-03-11,0.8102461576068087,3,0.45369393,1.2261844
2022-03-11,0.8102461576068087,5,1.4073923,1.5034488
2022-03-11,0.8102461576068087,10,1.2495649,1.6208345
2022-03-11,0.8102461576068087,21,1.2797301,1.5251449
2022-03-14,0.6463368306300232,1,0.0,-0.002406964
2022-03-14,0.6463368306300232,3,1.7572407,1.1581526
2022-03-14,0.6463368306300232,5,1.4025658,1.3487105
2022-03-14,0.6463368306300232,10,1.2559844,1.4479929
2022-03-14,0.6463368306300232,21,1.2872448,1.4462605
2022-03-15,-0.22361294257216002,1,0.0,0.0039069
2022-03-15,-0.22361294257216002,3,1.7628689,1.24416
2022-03-15,-0.22361294257216002,5,1.4856355,1.4935862
2022-03-15,-0.22361294257216002,10,1.2651017,1.5102991
2022-03-15,-0.22361294257216002,21,1.2841053,1.4739428
2022-03-16,3.8621037654228196,1,0.0,0.00071288086
2022-03-16,3.8621037654228196,3,1.4637177,1.2110609
2022-03-16,3.8621037654228196,5,1.353603,1.4338399
2022-03-16,3.8621037654228196,10,1.3372363,1.6192657
2022-03-16,3.8621037654228196,21,1.2806455,1.5564975
2022-03-17,0.6089274484031293,1,0.0,0.0028783213
2022-03-17,0.6089274484031293,3,0.4263861,1.3131118
2022-03-17,0.6089274484031293,5,0.7953829,1.5737689
2022-03-17,0.6089274484031293,10,0.8745751,1.6824633
2022-03-17,0.6089274484031293,21,0.9957198,1.6446673
2022-03-18,0.9302392662313252,1,0.0,0.0008205371
2022-03-18,0.9302392662313252,3,0.51927763,0.92804015
2022-03-18,0.9302392662313252,5,0.7944504,1.1395291
2022-03-18,0.9302392662313252,10,1.0001001,1.3296608
2022-03-18,0.9302392662313252,21,0.9956501,1.3510697
2022-03-21,-0.09105125230686184,1,0.0,0.0020851996
2022-03-21,-0.09105125230686184,3,0.8829116,1.0557947
2022-03-21,-0.09105125230686184,5,0.6919771,1.2754241
2022-03-21,-0.09105125230686184,10,0.970698,1.46897
2022-03-21,-0.09105125230686184,21,1.0185097,1.4347112
2022-03-22,1.0762110680824222,1,0.0,0.0034589972
2022-03-22,1.0762110680824222,3,0.8859219,0.93150175
2022-03-22,1.0762110680824222,5,0.6916013,1.1936096
2022-03-22,1.0762110680824222,10,1.0072424,1.3960019
2022-03-22,1.0762110680824222,21,1.02898,1.3728011
2022-03-23,-1.0841324876049718,1,0.0,0.0003091488
2022-03-23,-1.0841324876049718,3,0.52172214,1.0088466
2022-03-23,-1.0841324876049718,5,1.0966084,1.1751034
2022-03-23,-1.0841324876049718,10,1.0109814,1.3036941
2022-03-23,-1.0841324876049718,21,1.0845922,1.2997835
2022-03-24,-0.1815724350244352,1,0.0,0.0008534342
2022-03-24,-0.1815724350244352,3,0.13893048,1.2109306
2022-03-24,-0.1815724350244352,5,0.944444,1.5627738
2022-03-24,-0.1815724350244352,10,1.1836278,1.7924457
2022-03-24,-0.1815724350244352,21,1.1626155,1.7277133
2022-03-25,0.1506729018369235,1,0.0,0.0049938075
2022-03-25,0.1506729018369235,3,1.0142581,0.85628927
2022-03-25,0.1506729018369235,5,1.1699722,1.1180791
2022-03-25,0.1506729018369235,10,1.1949584,1.2907895
2022-03-25,0.1506729018369235,21,1.1680627,1.3171682
2022-03-28,0.048325827926110065,1,0.0,0.0036430033
2022-03-28,0.048325827926110065,3,1.1339993,1.0037066
2022-03-28,0.048325827926110065,5,1.1739229,1.3279915
2022-03-28,0.048325827926110065,10,1.2857211,1.5938178
2022-03-28,0.048325827926110065,21,1.1726689,1.6357241
2022-03-29,2.249239253177926,1,0.0,0.0015556738
2022-03-29,2.249239253177926,3,1.5085583,1.14291
2022-03-29,2.249239253177926,5,1.2121791,1.418878
2022-03-29,2.249239253177926,10,1.2955427,1.6112922
2022-03-29,2.249239253177926,21,1.1898695,1.5593477
2022-03-30,-0.31879397323324454,1,0.0,0.0034088697
2022-03-30,-0.31879397323324454,3,0.7127044,1.1219575
2022-03-30,-0.31879397323324454,5,0.85724795,1.4493438
2022-03-30,-0.31879397323324454,10,1.0419633,1.6333516
2022-03-30,-0.31879397323324454,21,1.0839558,1.5885528
2022-03-31,-1.3358141446195404,1,0.0,-0.0023484137
2022-03-31,-1.3358141446195404,3,1.0007702,1.0014493
2022-03-31,-1.3358141446195404,5,1.1863621,1.1970806
2022-03-31,-1.3358141446195404,10,1.0571567,1.3845224
2022-03-31,-1.3358141446195404,21,1.1412044,1.426637
2022-04-01,0.40152334020815417,1,0.0,0.0064159306
2022-04-01,0.40152334020815417,3,0.8062534,1.17835
2022-04-01,0.40152334020815417,5,1.1335238,1.3544549
2022-04-01,0.40152334020815417,10,1.0151008,1.5273852
2022-04-01,0.40152334020815417,21,1.1520325,1.5096842
2022-04-04,1.0305790553669425,1,0.0,-0.0038063768
2022-04-04,1.0305790553669425,3,1.3487339,0.8853275
2022-04-04,1.0305790553669425,5,1.3461962,1.0670472
2022-04-04,1.0305790553669425,10,1.0109165,1.2209297
2022-04-04,1.0305790553669425,21,1.157933,1.2271078
2022-04-05,-0.905188172094995,1,0.0,-0.002673747
2022-04-05,-0.905188172094995,3,0.70264316,0.78781486
2022-04-05,-0.905188172094995,5,1.1780796,0.90792763
2022-04-05,-0.905188172094995,10,1.0536437,1.0371279
2022-04-05,-0.905188172094995,21,1.126913,1.057656
2022-04-06,-2.255812169239846,1,0.0,0.00016800407
2022-04-06,-2.255812169239846,3,1.5070223,0.95390785
2022-04-06,-2.255812169239846,5,1.1924789,1.1710311
2022-04-06,-2.255812169239846,10,1.0466443,1.3188335
2022-04-06,-2.255812169239846,21,1.158538,1.2818451
2022-04-07,-0.6566254519475123,1,0.0,-0.0003528744
2022-04-07,-0.6566254519475123,3,0.9635124,1.2689627
2022-04-07,-0.6566254519475123,5,0.75139266,1.4722558
2022-04-07,-0.6566254519475123,10,0.97046524,1.6067512
2022-04-07,-0.6566254519475123,21,1.2354606,1.5166451
2022-04-08,1.4250957719280422,1,0.0,-0.0018706806
2022-04-08,1.4250957719280422,3,0.8332812,1.1313723
2022-04-08,1.4250957719280422,5,0.6540607,1.3827287
2022-04-08,1.4250957719280422,10,1.1861371,1.5470437
2022-04-08,1.4250957719280422,21,1.2451638,1.5520835
2022-04-11,-0.5787966697620384,1,0.0,0.0005405927
2022-04-11,-0.5787966697620384,3,0.3696811,0.97856885
2022-04-11,-0.5787966697620384,5,0.45029092,1.2362249
2022-04-11,-0.5787966697620384,10,1.0820073,1.4335017
2022-04-11,-0.5787966697620384,21,1.3109003,1.4680483
2022-04-12,0.08711324072665505,1,0.0,0.0017814729
2022-04-12,0.08711324072665505,3,0.1972889,1.0770693
2022-04-12,0.08711324072665505,5,0.61711705,1.2779703
2022-04-12,0.08711324072665505,10,1.0962756,1.4983444
2022-04-12,0.08711324072665505,21,1.321738,1.4712818
2022-04-13,0.28558228698001287,1,0.0,0.0038455678
2022-04-13,0.28558228698001287,3,0.46174973,0.88458586
2022-04-13,0.28558228698001287,5,0.6156679,1.1227268
2022-04-13,0.28558228698001287,10,1.1362735,1.3491752
2022-04-13,0.28558228698001287,21,1.438915,1.363611
2022-04-14,0.5679373776269259,1,0.0,0.0012253439
2022-04-14,0.5679373776269259,3,0.77209383,1.0045152
2022-04-14,0.5679373776269259,5,1.1476543,1.214053
2022-04-14,0.5679373776269259,10,1.1542383,1.3658196
2022-04-14,0.5679373776269259,21,1.4356136,1.3606417
2022-04-19,-0.5217465289646839,1,0.0,0.0011111582
2022-04-19,-0.5217465289646839,3,0.7838332,1.1262723
2022-04-19,-0.5217465289646839,5,1.4166377,1.4250573
2022-04-19,-0.5217465289646839,10,1.2434082,1.6053113
2022-04-19,-0.5217465289646839,21,1.4629307,1.5730042
2022-04-20,1.3617595135062999,1,0.0,0.009608092
2022-04-20,1.3617595135062999,3,1.4129515,0.79042345
2022-04-20,1.3617595135062999,5,1.4177388,1.0363642
2022-04-20,1.3617595135062999,10,1.3176414,1.1858138
2022-04-20,1.3617595135062999,21,1.4725041,1.1956106
2022-04-21,0.742619314516979,1,0.0,0.0012334036
2022-04-21,0.742619314516979,3,1.3361632,0.77931434
2022-04-21,0.742619314516979,5,1.1979734,0.9545389
2022-04-21,0.742619314516979,10,1.2316476,1.1776096
2022-04-21,0.742619314516979,21,1.4588258,1.2499926
2022-04-22,-1.8967836355338719,1,0.0,0.004058039
2022-04-22,-1.8967836355338719,3,0.68664414,0.8657478
2022-04-22,-1.8967836355338719,5,1.2184752,1.0321833
2022-04-22,-1.8967836355338719,10,1.1738577,1.1859053
2022-04-22,-1.8967836355338719,21,1.448641,1.1851978
2022-04-25,-2.253136598895633,1,0.0,0.005944738
2022-04-25,-2.253136598895633,3,1.0979614,1.0358548
2022-04-25,-2.253136598895633,5,1.1469564,1.3077003
2022-04-25,-2.253136598895633,10,1.1476268,1.482966
2022-04-25,-2.253136598895633,21,1.4389535,1.4376538
2022-04-26,-0.6514362329258283,1,0.0,0.0023230966
2022-04-26,-0.6514362329258283,3,0.6227329,1.0267464
2022-04-26,-0.6514362329258283,5,1.0040157,1.2680293
2022-04-26,-0.6514362329258283,10,1.2927603,1.4364637
2022-04-26,-0.6514362329258283,21,1.4040158,1.3933603
2022-04-27,0.4187436481293716,1,0.0,0.0048976494
2022-04-27,0.4187436481293716,3,0.16643523,1.1521775
2022-04-27,0.4187436481293716,5,1.0745162,1.4539027
2022-04-27,0.4187436481293716,10,1.3291072,1.667329
2022-04-27,0.4187436481293716,21,1.4180626,1.6377151
2022-04-28,0.8249928153753139,1,0.0,-0.0021426287
2022-04-28,0.8249928153753139,3,1.2203194,1.020217
2022-04-28,0.8249928153753139,5,1.1622984,1.2448047
2022-04-28,0.8249928153753139,10,1.5466218,1.3774881
2022-04-28,0.8249928153753139,21,1.4540247,1.319435
2022-04-29,0.651436626839974,1,0.0,-2.280157e-05
2022-04-29,0.651436626839974,3,1.3187692,0.87284374
2022-04-29,0.651436626839974,5,1.0876843,1.1029968
2022-04-29,0.651436626839974,10,1.5185375,1.2818004
2022-04-29,0.651436626839974,21,1.4751964,1.2669435
2022-05-02,-1.846106579706408,1,0.0,0.0008933898
2022-05-02,-1.846106579706408,3,1.2653389,0.8738695
2022-05-02,-1.846106579706408,5,1.0798784,1.0821047
2022-05-02,-1.846106579706408,10,1.724773,1.2226695
2022-05-02,-1.846106579706408,21,1.4764254,1.2377213
2022-05-03,1.1768953349738709,1,0.0,0.00029069185
2022-05-03,1.1768953349738709,3,0.9101204,1.0508648
2022-05-03,1.1768953349738709,5,1.3954266,1.229955
2022-05-03,1.1768953349738709,10,1.6436805,1.3417459
2022-05-03,1.1768953349738709,21,1.426907,1.2677367
2022-05-04,-0.927029936248136,1,0.0,0.0010763612
2022-05-04,-0.927029936248136,3,0.47432834,1.1018218
2022-05-04,-0.927029936248136,5,1.191761,1.3605617
2022-05-04,-0.927029936248136,10,1.6556096,1.491551
2022-05-04,-0.927029936248136,21,1.4249756,1.4415189
2022-05-05,-0.5134715504547138,1,0.0,0.0024302537
2022-05-05,-0.5134715504547138,3,1.0489786,1.0620456
2022-05-05,-0.5134715504547138,5,1.8218985,1.3138078
2022-05-05,-0.5134715504547138,10,1.6596,1.4566878
2022-05-05,-0.5134715504547138,21,1.4182507,1.4479165
2022-05-06,-1.6605539989355655,1,0.0,-0.00073947944
2022-05-06,-1.6605539989355655,3,1.4641373,0.9046596
2022-05-06,-1.6605539989355655,5,1.8373702,1.0892487
2022-05-06,-1.6605539989355655,10,1.7122176,1.3470168
2022-05-06,-1.6605539989355655,21,1.4138515,1.3778912
2022-05-09,-3.0781816492010172,1,0.0,0.0017665764
2022-05-09,-3.0781816492010172,3,2.220685,0.9116673
2022-05-09,-3.0781816492010172,5,2.0810127,1.1554408
2022-05-09,-3.0781816492010172,10,1.6463277,1.2527491
2022-05-09,-3.0781816492010172,21,1.3775694,1.2286389
2022-05-10,0.48359393550043706,1,0.0,0.0011955248
2022-05-10,0.48359393550043706,3,1.3709979,1.0574481
2022-05-10,0.48359393550043706,5,1.360325,1.2786485
2022-05-10,0.48359393550043706,10,1.3127319,1.3979293
2022-05-10,0.48359393550043706,21,1.1830958,1.3722205
2022-05-11,2.2631561196912564,1,0.0,-0.0005506128
2022-05-11,2.2631561196912564,3,1.6186174,0.9680954
2022-05-11,2.2631561196912564,5,1.3637508,1.1703441
2022-05-11,2.2631561196912564,10,1.457109,1.3487804
2022-05-11,2.2631561196912564,21,1.1890348,1.3926793
2022-05-12,-1.0930448926457004,1,0.0,0.0048464965
2022-05-12,-1.0930448926457004,3,1.4765514,1.0257725
2022-05-12,-1.0930448926457004,5,1.36505,1.2639887
2022-05-12,-1.0930448926457004,10,1.3207498,1.4266515
2022-05-12,-1.0930448926457004,21,1.1500659,1.4516759
2022-05-13,2.41305625056798,1,0.0,-0.0022135563
2022-05-13,2.41305625056798,3,1.0327713,0.80678225
2022-05-13,2.41305625056798,5,1.4622049,1.0115844
2022-05-13,2.41305625056798,10,1.3179923,1.2040391
2022-05-13,2.41305625056798,21,1.2691965,1.2597452
2022-05-16,-0.10899363631429182,1,0.0,0.0034527741
2022-05-16,-0.10899363631429182,3,0.95798385,0.8373208
2022-05-16,-0.10899363631429182,5,1.0081395,0.9882727
2022-05-16,-0.10899363631429182,10,1.1889881,1.0945866
2022-05-16,-0.10899363631429182,21,1.2999281,1.1317089
2022-05-17,1.3229790492577997,1,0.0,0.0028812392
2022-05-17,1.3229790492577997,3,1.2393105,0.9112421
2022-05-17,1.3229790492577997,5,1.1590271,1.1311711
2022-05-17,1.3229790492577997,10,1.18964,1.2912405
2022-05-17,1.3229790492577997,21,1.30651,1.3136652
2022-05-18,-1.0029418233758136,1,0.0,0.000405794
2022-05-18,-1.0029418233758136,3,0.80775744,0.8968406
2022-05-18,-1.0029418233758136,5,1.1370481,1.1185484
2022-05-18,-1.0029418233758136,10,1.1761042,1.2563645
2022-05-18,-1.0029418233758136,21,1.3130472,1.3044882
2022-05-19,-1.5293825109170989,1,0.0,-0.0007187072
2022-05-19,-1.5293825109170989,3,1.1533661,1.0107247
2022-05-19,-1.5293825109170989,5,1.2377555,1.1594492
2022-05-19,-1.5293825109170989,10,1.1841677,1.2888912
2022-05-19,-1.5293825109170989,21,1.4404497,1.2506343
2022-05-20,0.38558528134551295,1,0.0,-0.006352823
2022-05-20,0.38558528134551295,3,1.2203201,0.96260947
2022-05-20,0.38558528134551295,5,1.1409754,1.2323196
2022-05-20,0.38558528134551295,10,1.0550677,1.3717283
2022-05-20,0.38558528134551295,21,1.4179276,1.3137659
2022-05-23,1.2269381499810272,1,0.0,-0.0026624408
2022-05-23,1.2269381499810272,3,1.3119442,0.8671464
2022-05-23,1.2269381499810272,5,1.1960452,1.040277
2022-05-23,1.2269381499810272,10,1.066706,1.1642764
2022-05-23,1.2269381499810272,21,1.4303958,1.174875
2022-05-24,-1.6777691926667337,1,0.0,-0.003178319
2022-05-24,-1.6777691926667337,3,1.3907504,0.8806542
2022-05-24,-1.6777691926667337,5,1.1667651,1.0251786
2022-05-24,-1.6777691926667337,10,1.060891,1.1348706
2022-05-24,-1.6777691926667337,21,1.4050939,1.161137
2022-05-25,0.9651290477216357,1,0.0,-0.0013963375
2022-05-25,0.9651290477216357,3,0.23531517,1.0053232
2022-05-25,0.9651290477216357,5,0.7958386,1.2249267
2022-05-25,0.9651290477216357,10,0.8936327,1.3321693
2022-05-25,0.9651290477216357,21,1.3847506,1.2449002
2022-05-26,1.5051730500519334,1,0.0,0.00072924513
2022-05-26,1.5051730500519334,3,0.35493892,0.95648104
2022-05-26,1.5051730500519334,5,1.0728692,1.2209176
2022-05-26,1.5051730500519334,10,0.8916882,1.3302773
2022-05-26,1.5051730500519334,21,1.3587623,1.3132675
2022-05-27,1.4096328415381443,1,0.0,0.0019025356
2022-05-27,1.4096328415381443,3,0.879519,1.0416297
2022-05-27,1.4096328415381443,5,0.9413071,1.3065351
2022-05-27,1.4096328415381443,10,0.9063967,1.3952851
2022-05-27,1.4096328415381443,21,1.4845732,1.4083397
2022-05-30,0.709023735615677,1,0.0,0.0054191025
2022-05-30,0.709023735615677,3,0.7717058,1.0941889
2022-05-30,0.709023735615677,5,0.72374326,1.4212652
2022-05-30,0.709023735615677,10,1.0704379,1.4879893
2022-05-30,0.709023735615677,21,1.4501772,1.4646087
2022-05-31,-0.7049992506485303,1,0.0,0.003475857
2022-05-31,-0.7049992506485303,3,0.7625659,0.85428154
2022-05-31,-0.7049992506485303,5,0.8394736,1.1383822
2022-05-31,-0.7049992506485303,10,1.2271656,1.2600371
2022-05-31,-0.7049992506485303,21,1.4501892,1.3010561
2022-06-01,-1.0843986753362067,1,0.0,-0.0006533228
2022-06-01,-1.0843986753362067,3,0.72409254,0.94145525
2022-06-01,-1.0843986753362067,5,0.8162162,1.082887
2022-06-01,-1.0843986753362067,10,1.2269795,1.1681907
2022-06-01,-1.0843986753362067,21,1.4493785,1.1873097
2022-06-02,0.6892273101782642,1,0.0,-0.00296201
2022-06-02,0.6892273101782642,3,0.5584611,0.82970226
2022-06-02,0.6892273101782642,5,0.64733595,0.96941173
2022-06-02,0.6892273101782642,10,1.3906612,1.0766966
2022-06-02,0.6892273101782642,21,1.469751,1.1272213
2022-06-03,-0.18845725455918227,1,0.0,-0.00050204806
2022-06-03,-0.18845725455918227,3,0.73506135,0.77738607
2022-06-03,-0.18845725455918227,5,0.81111103,0.9483195
2022-06-03,-0.18845725455918227,10,1.5129342,1.098947
2022-06-03,-0.18845725455918227,21,1.454755,1.1543459
2022-06-06,1.159069310976335,1,0.0,0.0016168673
2022-06-06,1.159069310976335,3,0.74977094,0.9391811
2022-06-06,1.159069310976335,5,1.2556467,1.1665411
2022-06-06,1.159069310976335,10,1.5251896,1.2587091
2022-06-06,1.159069310976335,21,1.4706681,1.2302191
2022-06-07,-0.548883151779922,1,0.0,-0.0023118425
2022-06-07,-0.548883151779922,3,0.45469,0.82407504
2022-06-07,-0.548883151779922,5,1.0709506,0.9927073
2022-06-07,-0.548883151779922,10,1.4814154,1.0160961
2022-06-07,-0.548883151779922,21,1.5100691,1.0601459
2022-06-08,-0.2796100176674088,1,0.0,0.0009315545
2022-06-08,-0.2796100176674088,3,0.97010046,0.66082597
2022-06-08,-0.2796100176674088,5,1.0196012,0.78492534
2022-06-08,-0.2796100176674088,10,1.5494404,0.912395
2022-06-08,-0.2796100176674088,21,1.5798414,0.971792
2022-06-09,-1.3501752667431255,1,0.0,-0.0022049174
2022-06-09,-1.3501752667431255,3,0.6842543,0.7812515
2022-06-09,-1.3501752667431255,5,1.5558125,0.92291474
2022-06-09,-1.3501752667431255,10,1.5406519,1.054841
2022-06-09,-1.3501752667431255,21,1.6740986,1.1196903
2022-06-10,-2.6521037922214497,1,0.0,-0.0008952245
2022-06-10,-2.6521037922214497,3,0.915745,0.9078736
2022-06-10,-2.6521037922214497,5,1.7238165,1.0749129
2022-06-10,-2.6521037922214497,10,1.5355384,1.2279534
2022-06-10,-2.6521037922214497,21,1.6644484,1.2403605
2022-06-13,-2.915280736695358,1,0.0,-0.0008126907
2022-06-13,-2.915280736695358,3,1.7760108,1.3473254
2022-06-13,-2.915280736695358,5,1.7364748,1.7681882
2022-06-13,-2.915280736695358,10,1.7821826,2.0406754
2022-06-13,-2.915280736695358,21,1.574642,2.0076823
2022-06-14,-0.854520496796507,1,0.0,0.0023558158
2022-06-14,-0.854520496796507,3,1.8529977,1.3801684
2022-06-14,-0.854520496796507,5,1.5830914,1.7943076
2022-06-14,-0.854520496796507,10,1.5603539,2.0084574
2022-06-14,-0.854520496796507,21,1.4446207,1.9330559
2022-06-15,1.4330676418973454,1,0.0,-0.001027178
2022-06-15,1.4330676418973454,3,1.8977367,1.170835
2022-06-15,1.4330676418973454,5,1.5937903,1.4237523
2022-06-15,1.4330676418973454,10,1.5381498,1.708362
2022-06-15,1.4330676418973454,21,1.4393195,1.7684202
2022-06-16,-3.105782748493091,1,0.0,-0.00077083334
2022-06-16,-3.105782748493091,3,1.6942632,1.2477951
2022-06-16,-3.105782748493091,5,1.4420751,1.5712166
2022-06-16,-3.105782748493091,10,1.5005645,1.8797888
2022-06-16,-3.105782748493091,21,1.4371145,1.8319649
2022-06-17,0.03280796287548071,1,0.0,0.0030869339
2022-06-17,0.03280796287548071,3,0.32868403,1.3905368
2022-06-17,0.03280796287548071,5,0.7372496,1.8311901
2022-06-17,0.03280796287548071,10,1.241514,2.0515556
2022-06-17,0.03280796287548071,21,1.3122742,1.9358971
2022-06-20,0.8149615773877628,1,0.0,0.009139251
2022-06-20,0.8149615773877628,3,0.8804324,1.7608354
2022-06-20,0.8149615773877628,5,1.4330604,2.1880212
2022-06-20,0.8149615773877628,10,1.2413809,2.252522
2022-06-20,0.8149615773877628,21,1.3347903,2.1567724
2022-06-21,0.5891911306102671,1,0.0,0.008750914
2022-06-21,0.5891911306102671,3,0.7305368,1.3918533
2022-06-21,0.5891911306102671,5,1.4265462,1.80027
2022-06-21,0.5891911306102671,10,1.2339783,1.9687957
2022-06-21,0.5891911306102671,21,1.3595756,1.9704759
2022-06-22,-1.155340193915233,1,0.0,0.0028517703
2022-06-22,-1.155340193915233,3,1.8377972,1.1371622
2022-06-22,-1.155340193915233,5,1.4292899,1.4531287
2022-06-22,-1.155340193915233,10,1.4744939,1.6653608
2022-06-22,-1.155340193915233,21,1.3578013,1.6415514
2022-06-23,-0.6280903875286903,1,0.0,0.00052447803
2022-06-23,-0.6280903875286903,3,1.4990542,1.208808
2022-06-23,-0.6280903875286903,5,1.3202764,1.506219
2022-06-23,-0.6280903875286903,10,1.5301955,1.7253484
2022-06-23,-0.6280903875286903,21,1.3209863,1.6302817
2022-06-24,2.9800089727855195,1,0.0,0.0014596498
2022-06-24,2.9800089727855195,3,1.1007037,1.040908
2022-06-24,2.9800089727855195,5,1.5596123,1.3861948
2022-06-24,2.9800089727855195,10,1.6262479,1.5997275
2022-06-24,2.9800089727855195,21,1.3043696,1.5686009
2022-06-27,0.5856632994058586,1,0.0,0.002862135
2022-06-27,0.5856632994058586,3,0.607762,1.0558583
2022-06-27,0.5856632994058586,5,0.8794623,1.3290607
2022-06-27,0.5856632994058586,10,1.3839215,1.5291884
2022-06-27,0.5856632994058586,21,1.1654575,1.5653011
2022-06-28,0.7093836572418688,1,0.0,0.0027604569
2022-06-28,0.7093836572418688,3,0.9755779,1.0616971
2022-06-28,0.7093836572418688,5,0.8925185,1.3457638
2022-06-28,0.7093836572418688,10,1.3909621,1.5366634
2022-06-28,0.7093836572418688,21,1.1657863,1.5616436
2022-06-29,-0.6372744601951474,1,0.0,0.009290737
2022-06-29,-0.6372744601951474,3,0.7070094,1.0463836
2022-06-29,-0.6372744601951474,5,1.1823895,1.3834082
2022-06-29,-0.6372744601951474,10,1.3790495,1.5480136
2022-06-29,-0.6372744601951474,21,1.1710621,1.5666206
2022-06-30,-1.6735561278846234,1,0.0,0.0042556077
2022-06-30,-1.6735561278846234,3,0.9867767,1.0202749
2022-06-30,-1.6735561278846234,5,1.5659784,1.2616309
2022-06-30,-1.6735561278846234,10,1.3801408,1.4412843
2022-06-30,-1.6735561278846234,21,1.1736811,1.4733154
2022-07-01,0.04623793424984868,1,0.0,0.0069593787
2022-07-01,0.04623793424984868,3,1.4306027,0.92583513
2022-07-01,0.04623793424984868,5,1.6902564,1.1875359
2022-07-01,0.04623793424984868,10,1.345938,1.3733362
2022-07-01,0.04623793424984868,21,1.1032386,1.4619462
2022-07-04,0.6572279349328802,1,0.0,0.0014945026
2022-07-04,0.6572279349328802,3,1.8413496,1.0484538
2022-07-04,0.6572279349328802,5,1.681626,1.2668636
2022-07-04,0.6572279349328802,10,1.4397259,1.4540488
2022-07-04,0.6572279349328802,21,1.1098477,1.4817917
2022-07-05,-2.6365486798204607,1,0.0,-0.0008699391
2022-07-05,-2.6365486798204607,3,2.1674516,1.1404247
2022-07-05,-2.6365486798204607,5,1.7282377,1.4314166
2022-07-05,-2.6365486798204607,10,1.4753889,1.6847912
2022-07-05,-2.6365486798204607,21,1.1211134,1.6548967
2022-07-06,1.6788287255242729,1,0.0,-0.00047628768
2022-07-06,1.6788287255242729,3,0.7035527,1.5015862
2022-07-06,1.6788287255242729,5,0.9861303,1.9532626
2022-07-06,1.6788287255242729,10,1.153176,2.2334528
2022-07-06,1.6788287255242729,21,0.9058458,2.1180775
2022-07-07,2.199469169769408,1,0.0,0.0002623191
2022-07-07,2.199469169769408,3,1.1433448,1.2374213
2022-07-07,2.199469169769408,5,1.0329947,1.6310599
2022-07-07,2.199469169769408,10,1.1106871,1.9026984
2022-07-07,2.199469169769408,21,0.8746937,1.8791711
2022-07-08,0.5164264602615098,1,0.0,-0.0028940905
2022-07-08,0.5164264602615098,3,0.4933528,0.99405193
2022-07-08,0.5164264602615098,5,0.708685,1.35275
2022-07-08,0.5164264602615098,10,0.9615093,1.6788863
2022-07-08,0.5164264602615098,21,0.8148706,1.6794827
2022-07-11,-0.5806324695812215,1,0.0,0.0026196549
2022-07-11,-0.5806324695812215,3,0.48542586,1.3234193
2022-07-11,-0.5806324695812215,5,1.072626,1.7652869
2022-07-11,-0.5806324695812215,10,0.96033543,1.9896618
2022-07-11,-0.5806324695812215,21,0.8192605,1.9519128
2022-07-12,0.406796445165547,1,0.0,0.00092584174
2022-07-12,0.406796445165547,3,0.7299799,1.2261028
2022-07-12,0.406796445165547,5,1.1684933,1.5692374
2022-07-12,0.406796445165547,10,0.9135609,1.7553445
2022-07-12,0.406796445165547,21,0.82614535,1.7560661
2022-07-13,-0.6605993355094597,1,0.0,0.0037155226
2022-07-13,-0.6605993355094597,3,1.3247508,1.0767369
2022-07-13,-0.6605993355094597,5,1.2783902,1.4346166
2022-07-13,-0.6605993355094597,10,0.9299438,1.6415665
2022-07-13,-0.6605993355094597,21,0.82776487,1.6921567
2022-07-14,-1.3692449801209428,1,0.0,0.0057306113
2022-07-14,-1.3692449801209428,3,1.3764935,0.90676826
2022-07-14,-1.3692449801209428,5,1.1629249,1.2018148
2022-07-14,-1.3692449801209428,10,0.8787741,1.3899307
2022-07-14,-1.3692449801209428,21,0.7964813,1.4169145
2022-07-15,1.7274686442787512,1,0.0,0.0046272883
2022-07-15,1.7274686442787512,3,0.16128735,1.1357201
2022-07-15,1.7274686442787512,5,0.6542396,1.294077
2022-07-15,1.7274686442787512,10,0.6369203,1.449367
2022-07-15,1.7274686442787512,21,0.69673365,1.3991344
2022-07-18,1.3341348961720456,1,0.0,0.0011617113
2022-07-18,1.3341348961720456,3,0.6090058,0.95801806
2022-07-18,1.3341348961720456,5,0.6055866,1.1771866
2022-07-18,1.3341348961720456,10,0.577534,1.3783685
2022-07-18,1.3341348961720456,21,0.63890344,1.4064572
2022-07-19,1.5628589696381034,1,0.0,-0.00077212043
2022-07-19,1.5628589696381034,3,0.62889427,0.81815505
2022-07-19,1.5628589696381034,5,0.52695817,0.9926909
2022-07-19,1.5628589696381034,10,0.601175,1.18045
2022-07-19,1.5628589696381034,21,0.6040056,1.285015
2022-07-20,0.17187627481849432,1,0.0,0.006111212
2022-07-20,0.17187627481849432,3,0.051512647,0.8478113
2022-07-20,0.17187627481849432,5,0.18382344,1.0947347
2022-07-20,0.17187627481849432,10,0.5554773,1.2808725
2022-07-20,0.17187627481849432,21,0.59172153,1.3166656
2022-07-21,0.294077657852565,1,0.0,-0.00014572497
2022-07-21,0.294077657852565,3,0.05823479,0.69722617
2022-07-21,0.294077657852565,5,0.3529054,0.9026865
2022-07-21,0.294077657852565,10,0.5935886,1.0672634
2022-07-21,0.294077657852565,21,0.59278786,1.138521
2022-07-22,0.20575373834930133,1,0.0,0.0047083674
2022-07-22,0.20575373834930133,3,0.22172308,0.75721645
2022-07-22,0.20575373834930133,5,0.49939677,0.9570288
2022-07-22,0.20575373834930133,10,0.60385644,1.0943228
2022-07-22,0.20575373834930133,21,0.63464016,1.1522455
2022-07-25,0.3469207087078985,1,0.0,0.0030706292
2022-07-25,0.3469207087078985,3,0.4484881,0.8232125
2022-07-25,0.3469207087078985,5,0.5480374,1.0429555
2022-07-25,0.3469207087078985,10,0.6842093,1.1531034
2022-07-25,0.3469207087078985,21,0.72160155,1.1506909
2022-07-26,-0.17784222840386832,1,0.0,0.0013722079
2022-07-26,-0.17784222840386832,3,0.59705263,0.72672087
2022-07-26,-0.17784222840386832,5,0.6651174,0.90819067
2022-07-26,-0.17784222840386832,10,0.69588983,1.0839887
2022-07-26,-0.17784222840386832,21,0.71992487,1.11542
2022-07-27,0.9203651248978595,1,0.0,0.0016572196
2022-07-27,0.9203651248978595,3,0.14594416,0.85184556
2022-07-27,0.9203651248978595,5,0.71427953,1.0823194
2022-07-27,0.9203651248978595,10,0.75366133,1.3137746
2022-07-27,0.9203651248978595,21,0.72046417,1.3462015
2022-07-28,1.2076696519342178,1,0.0,0.0030553145
2022-07-28,1.2076696519342178,3,0.69488233,0.9593718
2022-07-28,1.2076696519342178,5,0.7373083,1.2235373
2022-07-28,1.2076696519342178,10,0.734281,1.4549509
2022-07-28,1.2076696519342178,21,0.6999312,1.4093474
2022-07-29,1.2482474789476505,1,0.0,0.0010861009
2022-07-29,1.2482474789476505,3,0.73733306,0.8352369
2022-07-29,1.2482474789476505,5,0.68544954,1.0933962
2022-07-29,1.2482474789476505,10,0.67479277,1.3196477
2022-07-29,1.2482474789476505,21,0.73853296,1.3251705
2022-08-01,-0.24569056958219093,1,0.0,0.0045033274
2022-08-01,-0.24569056958219093,3,0.67150754,0.6638799
2022-08-01,-0.24569056958219093,5,0.6083609,0.9247451
2022-08-01,-0.24569056958219093,10,0.5833377,1.1395386
2022-08-01,-0.24569056958219093,21,0.7074486,1.2227001
2022-08-02,-0.3776880724992715,1,0.0,0.0038563516
2022-08-02,-0.3776880724992715,3,0.6233329,0.86532223
2022-08-02,-0.3776880724992715,5,0.6655137,1.1522435
2022-08-02,-0.3776880724992715,10,0.57172894,1.3375226
2022-08-02,-0.3776880724992715,21,0.7244792,1.3693423
2022-08-03,1.1081991752573295,1,0.0,0.0015178304
2022-08-03,1.1081991752573295,3,0.72073203,0.89774615
2022-08-03,1.1081991752573295,5,0.72950387,1.1214787
2022-08-03,1.1081991752573295,10,0.54444826,1.2888433
2022-08-03,1.1081991752573295,21,0.76805115,1.2891679
2022-08-04,0.061031916830245336,1,0.0,0.0026350776
2022-08-04,0.061031916830245336,3,0.5771567,0.8528911
2022-08-04,0.061031916830245336,5,0.608387,1.0724117
2022-08-04,0.061031916830245336,10,0.54397815,1.227521
2022-08-04,0.061031916830245336,21,0.7700328,1.2707132
2022-08-05,-0.6462892789063979,1,0.0,0.0042110533
2022-08-05,-0.6462892789063979,3,0.6797749,0.8284826
2022-08-05,-0.6462892789063979,5,0.6382253,1.0757188
2022-08-05,-0.6462892789063979,10,0.55654174,1.2615608
2022-08-05,-0.6462892789063979,21,0.9007034,1.2589192
2022-08-08,0.7674500613966018,1,0.0,0.005262845
2022-08-08,0.7674500613966018,3,0.6547898,0.9294877
2022-08-08,0.7674500613966018,5,0.52568203,1.1131686
2022-08-08,0.7674500613966018,10,0.5799353,1.2858033
2022-08-08,0.7674500613966018,21,0.90007806,1.252056
2022-08-09,-0.7012779557056703,1,0.0,0.004553885
2022-08-09,-0.7012779557056703,3,0.58656436,0.8282881
2022-08-09,-0.7012779557056703,5,0.4579503,1.061048
2022-08-09,-0.7012779557056703,10,0.67387146,1.2439984
2022-08-09,-0.7012779557056703,21,0.8712872,1.2547653
2022-08-10,0.5912098845231917,1,0.0,-3.259629e-06
2022-08-10,0.5912098845231917,3,0.23009518,0.763644
2022-08-10,0.5912098845231917,5,0.18655284,0.9663482
2022-08-10,0.5912098845231917,10,0.6537763,1.1001719
2022-08-10,0.5912098845231917,21,0.8671833,1.1421336
2022-08-11,0.488441990645061,1,0.0,0.004733322
2022-08-11,0.488441990645061,3,0.17579402,0.6525261
2022-08-11,0.488441990645061,5,0.46975216,0.8378934
2022-08-11,0.488441990645061,10,0.6417257,1.0111859
2022-08-11,0.488441990645061,21,0.85911214,1.0370226
2022-08-12,0.059902896046892806,1,0.0,0.0055088615
2022-08-12,0.059902896046892806,3,0.11913292,0.6880381
2022-08-12,0.059902896046892806,5,0.4590944,0.93948984
2022-08-12,0.059902896046892806,10,0.6237945,1.074096
2022-08-12,0.059902896046892806,21,0.9228557,1.1356783
2022-08-15,0.23768122568883499,1,0.0,0.0049452335
2022-08-15,0.23768122568883499,3,0.5348248,0.7347796
2022-08-15,0.23768122568883499,5,0.5731012,0.97912127
2022-08-15,0.23768122568883499,10,0.75067896,1.1566086
2022-08-15,0.23768122568883499,21,1.0085557,1.2207817
2022-08-16,0.3491993551155481,1,0.0,0.0007547494
2022-08-16,0.3491993551155481,3,0.5784384,0.69751745
2022-08-16,0.3491993551155481,5,0.72320855,0.8841884
2022-08-16,0.3491993551155481,10,0.7553919,0.99464417
2022-08-16,0.3491993551155481,21,1.0425628,1.0257816
2022-08-17,-0.8369763707797517,1,0.0,0.0017426014
2022-08-17,-0.8369763707797517,3,0.5904882,0.6393869
2022-08-17,-0.8369763707797517,5,0.6823611,0.7715801
2022-08-17,-0.8369763707797517,10,0.72315735,0.9264083
2022-08-17,-0.8369763707797517,21,1.0342544,0.9499174
2022-08-18,0.4272298086184456,1,0.0,0.0006850958
2022-08-18,0.4272298086184456,3,0.7659399,0.6809676
2022-08-18,0.4272298086184456,5,0.7477058,0.85643506
2022-08-18,0.4272298086184456,10,0.7626761,1.0418444
2022-08-18,0.4272298086184456,21,1.038155,1.0656786
2022-08-19,-0.8134620753133426,1,0.0,0.0021721814
2022-08-19,-0.8134620753133426,3,0.6442561,0.58854926
2022-08-19,-0.8134620753133426,5,0.71845096,0.67340386
2022-08-19,-0.8134620753133426,10,0.7479433,0.86918175
2022-08-19,-0.8134620753133426,21,1.0501341,0.9491786
2022-08-22,-1.4119272097881996,1,0.0,-0.00038830936
2022-08-22,-1.4119272097881996,3,0.82043654,0.6124463
2022-08-22,-1.4119272097881996,5,0.86973274,0.7376361
2022-08-22,-1.4119272097881996,10,1.0919443,0.9376303
2022-08-22,-1.4119272097881996,21,1.0474416,1.0113341
2022-08-23,0.15189082855755487,1,0.0,-0.00076699816
2022-08-23,0.15189082855755487,3,0.13032095,0.79184
2022-08-23,0.15189082855755487,5,0.78090054,0.97229064
2022-08-23,0.15189082855755487,10,1.0511979,1.065877
2022-08-23,0.15189082855755487,21,1.034962,1.0566556
2022-08-24,0.4630861939094899,1,0.0,0.00268766
2022-08-24,0.4630861939094899,3,0.8961136,0.72087914
2022-08-24,0.4630861939094899,5,0.76140165,0.9578452
2022-08-24,0.4630861939094899,10,1.0355756,1.1612554
2022-08-24,0.4630861939094899,21,1.0637097,1.2349522
2022-08-25,0.24589260182086292,1,0.0,0.00038887933
2022-08-25,0.24589260182086292,3,0.7430083,0.70316327
2022-08-25,0.24589260182086292,5,0.6224573,0.98027265
2022-08-25,0.24589260182086292,10,0.98884135,1.165521
2022-08-25,0.24589260182086292,21,1.0922041,1.2257327
2022-08-26,-1.5371258531109433,1,0.0,-0.0011030864
2022-08-26,-1.5371258531109433,3,0.29775524,0.6596104
2022-08-26,-1.5371258531109433,5,0.31456232,0.84058833
2022-08-26,-1.5371258531109433,10,1.002729,1.0156293
2022-08-26,-1.5371258531109433,21,1.1944761,1.1059223
2022-08-29,-0.9617023383092338,1,0.0,0.0023284955
2022-08-29,-0.9617023383092338,3,0.21610165,0.83171886
2022-08-29,-0.9617023383092338,5,1.270001,1.0850065
2022-08-29,-0.9617023383092338,10,1.1022389,1.277161
2022-08-29,-0.9617023383092338,21,1.1769772,1.2596091
2022-08-30,-0.8613063078471761,1,0.0,0.00020924397
2022-08-30,-0.8613063078471761,3,0.33001262,0.78722674
2022-08-30,-0.8613063078471761,5,1.2573817,0.98001796
2022-08-30,-0.8613063078471761,10,1.209465,1.1394148
2022-08-30,-0.8613063078471761,21,1.1767806,1.0763237
2022-08-31,-1.3616044579126019,1,0.0,0.0017408589
2022-08-31,-1.3616044579126019,3,1.6042624,0.9319428
2022-08-31,-1.3616044579126019,5,1.2478939,1.2142357
2022-08-31,-1.3616044579126019,10,1.2692825,1.3335057
2022-08-31,-1.3616044579126019,21,1.1750618,1.2852275
2022-09-01,-1.6613315912625382,1,0.0,-0.0011237413
2022-09-01,-1.6613315912625382,3,1.4864024,0.80116755
2022-09-01,-1.6613315912625382,5,1.1576507,1.0181543
2022-09-01,-1.6613315912625382,10,1.1998422,1.1348529
2022-09-01,-1.6613315912625382,21,1.1869303,1.1226305
2022-09-02,1.8817725622939818,1,0.0,0.00214272
2022-09-02,1.8817725622939818,3,1.1044089,0.8483367
2022-09-02,1.8817725622939818,5,0.91204345,1.1352656
2022-09-02,1.8817725622939818,10,1.1163338,1.2739711
2022-09-02,1.8817725622939818,21,1.1950465,1.2379203
2022-09-05,-0.6157778568742778,1,0.0,0.005896881
2022-09-05,-0.6157778568742778,3,0.14230952,0.8332033
2022-09-05,-0.6157778568742778,5,0.7561364,1.1884667
2022-09-05,-0.6157778568742778,10,1.0283991,1.2561023
2022-09-05,-0.6157778568742778,21,1.128773,1.2506957
2022-09-06,-0.26723378677342424,1,0.0,0.0028587263
2022-09-06,-0.26723378677342424,3,0.36307105,0.8450217
2022-09-06,-0.26723378677342424,5,0.866286,1.1161641
2022-09-06,-0.26723378677342424,10,1.0195532,1.2511123
2022-09-06,-0.26723378677342424,21,1.4207351,1.2496362
2022-09-07,-0.43684026998604963,1,0.0,0.0031675715
2022-09-07,-0.43684026998604963,3,0.77316934,0.8890979
2022-09-07,-0.43684026998604963,5,1.1839373,1.1684842
2022-09-07,-0.43684026998604963,10,1.0608151,1.3107805
2022-09-07,-0.43684026998604963,21,1.4311948,1.2945584
2022-09-08,0.40401709821553666,1,0.0,0.0049309833
2022-09-08,0.40401709821553666,3,0.555534,0.68686634
2022-09-08,0.40401709821553666,5,1.1780725,0.9233599
2022-09-08,0.40401709821553666,10,1.1104302,0.9962599
2022-09-08,0.40401709821553666,21,1.4333045,1.005137
2022-09-09,1.4532066529894472,1,0.0,0.0021689655
2022-09-09,1.4532066529894472,3,1.446395,0.73006237
2022-09-09,1.4532066529894472,5,1.2848961,0.90186214
2022-09-09,1.4532066529894472,10,1.1958658,1.01557
2022-09-09,1.4532066529894472,21,1.4548728,1.052652
2022-09-12,1.6790664172042113,1,0.0,0.0018083993
2022-09-12,1.6790664172042113,3,1.3158987,0.59019566
2022-09-12,1.6790664172042113,5,1.1623809,0.7219355
2022-09-12,1.6790664172042113,10,1.2469469,0.85835075
2022-09-12,1.6790664172042113,21,1.4074074,0.9163709
2022-09-13,-1.4958896169996017,1,0.0,0.0011042487
2022-09-13,-1.4958896169996017,3,0.4517306,0.54163647
2022-09-13,-1.4958896169996017,5,0.55719876,0.6519324
2022-09-13,-1.4958896169996017,10,0.9932223,0.79401517
2022-09-13,-1.4958896169996017,21,1.3345131,0.8479822
2022-09-14,-0.38996431882107885,1,0.0,-0.0012903549
2022-09-14,-0.38996431882107885,3,0.40745917,0.78648716
2022-09-14,-0.38996431882107885,5,0.48729387,0.95182943
2022-09-14,-0.38996431882107885,10,1.0112606,1.0388769
2022-09-14,-0.38996431882107885,21,1.3133727,1.0216446
2022-09-15,-0.9740607982094751,1,0.0,-3.344752e-05
2022-09-15,-0.9740607982094751,3,0.55322045,0.72902775
2022-09-15,-0.9740607982094751,5,0.8438948,0.90714
2022-09-15,-0.9740607982094751,10,1.0288696,1.0257192
2022-09-15,-0.9740607982094751,21,1.3418509,1.0713444
2022-09-16,-1.3828883580861984,1,0.0,0.00023199897
2022-09-16,-1.3828883580861984,3,0.5719022,0.8661748
2022-09-16,-1.3828883580861984,5,0.97014254,1.1275368
2022-09-16,-1.3828883580861984,10,1.0631019,1.2715542
2022-09-16,-1.3828883580861984,21,1.3401229,1.2835845
2022-09-19,-0.05959881659904909,1,0.0,-0.0017770324
2022-09-19,-0.05959881659904909,3,0.82792735,0.77689457
2022-09-19,-0.05959881659904909,5,1.2878432,0.94725764
2022-09-19,-0.05959881659904909,10,1.1854908,1.0499166
2022-09-19,-0.05959881659904909,21,1.3779254,1.074295
2022-09-20,-1.1193683360567697,1,0.0,0.003645558
2022-09-20,-1.1193683360567697,3,1.1290146,0.75309145
2022-09-20,-1.1193683360567697,5,1.2874336,0.9062816
2022-09-20,-1.1193683360567697,10,1.2589374,1.0391331
2022-09-20,-1.1193683360567697,21,1.3810524,1.0091131
2022-09-21,0.9079319396894547,1,0.0,0.002111582
2022-09-21,0.9079319396894547,3,1.5570453,0.8192078
2022-09-21,0.9079319396894547,5,1.3438717,1.0099577
2022-09-21,0.9079319396894547,10,1.7518882,1.1460243
2022-09-21,0.9079319396894547,21,1.3625306,1.0735971
2022-09-22,-1.7346974073266352,1,0.0,0.0015127193
2022-09-22,-1.7346974073266352,3,1.1248126,0.7980089
2022-09-22,-1.7346974073266352,5,1.1529175,1.0593357
2022-09-22,-1.7346974073266352,10,1.7487024,1.1965392
2022-09-22,-1.7346974073266352,21,1.3627256,1.1658009
2022-09-23,-2.7950079041795917,1,0.0,-0.00094565004
2022-09-23,-2.7950079041795917,3,1.3185682,0.8913994
2022-09-23,-2.7950079041795917,5,1.1383876,1.1945584
2022-09-23,-2.7950079041795917,10,1.6760585,1.3945622
2022-09-23,-2.7950079041795917,21,1.313096,1.3368213
2022-09-26,-0.06253070908108782,1,0.0,-0.0075203422
2022-09-26,-0.06253070908108782,3,0.055226516,1.0751289
2022-09-26,-0.06253070908108782,5,0.8865263,1.4209976
2022-09-26,-0.06253070908108782,10,1.492822,1.6116167
2022-09-26,-0.06253070908108782,21,1.1627285,1.499859
2022-09-27,0.06253070908108782,1,0.0,0.00041711144
2022-09-27,0.06253070908108782,3,0.7726985,1.084157
2022-09-27,0.06253070908108782,5,0.97850984,1.4255797
2022-09-27,0.06253070908108782,10,1.5097216,1.5504247
2022-09-27,0.06253070908108782,21,1.2089257,1.5278666
2022-09-28,-0.044660801957085994,1,0.0,-0.0021587163
2022-09-28,-0.044660801957085994,3,1.1380713,1.044937
2022-09-28,-0.044660801957085994,5,1.765354,1.2583216
2022-09-28,-0.044660801957085994,10,1.5211595,1.2801278
2022-09-28,-0.044660801957085994,21,1.2082821,1.2329772
2022-09-29,-1.62757529902251,1,0.0,0.0033923276
2022-09-29,-1.62757529902251,3,1.2593999,0.98984814
2022-09-29,-1.62757529902251,5,1.8831891,1.2500094
2022-09-29,-1.62757529902251,10,1.5287117,1.3121248
2022-09-29,-1.62757529902251,21,1.2063771,1.2653883
2022-09-30,1.1511451099705639,1,0.0,-0.0012457054
2022-09-30,1.1511451099705639,3,1.2937067,0.87770885
2022-09-30,1.1511451099705639,5,1.6659911,1.0601822
2022-09-30,1.1511451099705639,10,1.4539082,1.0813003
2022-09-30,1.1511451099705639,21,1.129255,1.0393918
2022-10-03,0.9221431751011977,1,0.0,0.0007505473
2022-10-03,0.9221431751011977,3,1.930574,0.8007269
2022-10-03,0.9221431751011977,5,1.889819,1.0128359
2022-10-03,0.9221431751011977,10,1.4208828,1.045785
2022-10-03,0.9221431751011977,21,1.1164144,1.0253154
2022-10-04,3.7738351442405005,1,0.0,0.00037460402
2022-10-04,3.7738351442405005,3,2.141163,0.74767363
2022-10-04,3.7738351442405005,5,1.8971252,0.9604485
2022-10-04,3.7738351442405005,10,1.4831756,0.9997811
2022-10-04,3.7738351442405005,21,1.1165984,1.013274
2022-10-05,-0.9189532918759902,1,0.0,0.0009872578
2022-10-05,-0.9189532918759902,3,0.3567179,0.6930145
2022-10-05,-0.9189532918759902,5,0.33854955,0.89670277
2022-10-05,-0.9189532918759902,10,0.89799124,0.9794841
2022-10-05,-0.9189532918759902,21,0.84095776,1.0081501
2022-10-06,-0.6008367339908283,1,0.0,0.0010970896
2022-10-06,-0.6008367339908283,3,0.39868566,0.9484452
2022-10-06,-0.6008367339908283,5,0.35840914,1.1575876
2022-10-06,-0.6008367339908283,10,0.86158556,1.1970241
2022-10-06,-0.6008367339908283,21,0.82777387,1.1508543
2022-10-07,-1.4646757454429782,1,0.0,-0.0015064385
2022-10-07,-1.4646757454429782,3,0.40945762,0.97429204
2022-10-07,-1.4646757454429782,5,0.7646632,1.1541835
2022-10-07,-1.4646757454429782,10,0.88847154,1.1916724
2022-10-07,-1.4646757454429782,21,0.95164824,1.1806185
2022-10-10,-0.6382783785385371,1,0.0,-0.0020466242
2022-10-10,-0.6382783785385371,3,0.05507514,1.0437514
2022-10-10,-0.6382783785385371,5,0.60872877,1.2407959
2022-10-10,-0.6382783785385371,10,0.75087106,1.373964
2022-10-10,-0.6382783785385371,21,0.8696365,1.3853259
2022-10-11,-0.5592875665705321,1,0.0,-0.0018737391
2022-10-11,-0.5592875665705321,3,0.678962,0.84452415
2022-10-11,-0.5592875665705321,5,0.8611552,1.0836906
2022-10-11,-0.5592875665705321,10,0.71926844,1.2188023
2022-10-11,-0.5592875665705321,21,0.8411987,1.2580953
2022-10-12,-0.5040725863893591,1,0.0,-0.0013908539
2022-10-12,-0.5040725863893591,3,0.57891554,0.80655324
2022-10-12,-0.5040725863893591,5,0.7326998,0.9376433
2022-10-12,-0.5040725863893591,10,0.76917714,1.0451739
2022-10-12,-0.5040725863893591,21,0.84188765,1.0842307
2022-10-13,0.9078218480779832,1,0.0,-0.0044753123
2022-10-13,0.9078218480779832,3,0.5700255,0.8348792
2022-10-13,0.9078218480779832,5,0.6592626,1.0047834
2022-10-13,0.9078218480779832,10,0.68725836,1.2108858
2022-10-13,0.9078218480779832,21,0.9121174,1.2015936
2022-10-14,0.3161552503312848,1,0.0,-0.0031286255
2022-10-14,0.3161552503312848,3,0.6539959,0.8262865
2022-10-14,0.3161552503312848,5,0.6598102,1.043677
2022-10-14,0.3161552503312848,10,0.6959594,1.1708796
2022-10-14,0.3161552503312848,21,0.9094294,1.2019787
2022-10-17,1.7072641976919378,1,0.0,-0.0029192138
2022-10-17,1.7072641976919378,3,0.8160675,0.7906811
2022-10-17,1.7072641976919378,5,0.7760026,0.9931853
2022-10-17,1.7072641976919378,10,0.70970887,1.1548342
2022-10-17,1.7072641976919378,21,0.91106844,1.1389585
2022-10-18,0.32373471607352045,1,0.0,-0.009190569
2022-10-18,0.32373471607352045,3,0.46861514,0.90258586
2022-10-18,0.32373471607352045,5,0.5379044,1.1294525
2022-10-18,0.32373471607352045,10,0.60092586,1.3125627
2022-10-18,0.32373471607352045,21,0.8734941,1.261344
2022-10-19,-0.23399352189485967,1,0.0,-5.071424e-05
2022-10-19,-0.23399352189485967,3,0.58567804,0.8425416
2022-10-19,-0.23399352189485967,5,0.8037882,1.0475469
2022-10-19,-0.23399352189485967,10,0.6203191,1.1330862
2022-10-19,-0.23399352189485967,21,0.912829,1.1587265
2022-10-20,0.9137233822359647,1,0.0,0.00017566048
2022-10-20,0.9137233822359647,3,0.6044475,0.75618005
2022-10-20,0.9137233822359647,5,0.71075416,0.8881451
2022-10-20,0.9137233822359647,10,0.7232129,0.9811133
2022-10-20,0.9137233822359647,21,0.9203192,1.0004972
2022-10-21,-0.4055502745956119,1,0.0,0.0038742116
2022-10-21,-0.4055502745956119,3,0.89169014,0.72619593
2022-10-21,-0.4055502745956119,5,0.7293649,0.934489
2022-10-21,-0.4055502745956119,10,0.7632543,1.0648932
2022-10-21,-0.4055502745956119,21,0.9154974,1.0563313
2022-10-24,0.8361029073330251,1,0.0,0.0030793007
2022-10-24,0.8361029073330251,3,0.57295465,0.6671684
2022-10-24,0.8361029073330251,5,0.6230073,0.817687
2022-10-24,0.8361029073330251,10,0.98234355,0.93308705
2022-10-24,0.8361029073330251,21,0.9095775,0.9387854
2022-10-25,1.7714651620295285,1,0.0,-0.00043877214
2022-10-25,1.7714651620295285,3,0.709431,0.5950128
2022-10-25,1.7714651620295285,5,0.6378956,0.7308523
2022-10-25,1.7714651620295285,10,0.9795725,0.86779517
2022-10-25,1.7714651620295285,21,0.9072825,0.9711935
2022-10-26,0.3976550363752551,1,0.0,0.0020686947
2022-10-26,0.3976550363752551,3,0.1411521,0.51505923
2022-10-26,0.3976550363752551,5,0.31153652,0.6558644
2022-10-26,0.3976550363752551,10,0.8776546,0.7717195
2022-10-26,0.3976550363752551,21,0.8553968,0.85280794
2022-10-27,0.16298552701075053,1,0.0,-0.00027821958
2022-10-27,0.16298552701075053,3,0.05312034,0.5399792
2022-10-27,0.16298552701075053,5,0.59036267,0.6356641
2022-10-27,0.16298552701075053,10,0.917096,0.7176254
2022-10-27,0.16298552701075053,21,0.85547787,0.7951874
2022-10-28,0.06042194843196569,1,0.0,-0.0015650056
2022-10-28,0.06042194843196569,3,0.3843734,0.59437954
2022-10-28,0.06042194843196569,5,0.65667963,0.7175382
2022-10-28,0.06042194843196569,10,1.1132131,0.8270175
2022-10-28,0.06042194843196569,21,0.8566522,0.8442214
2022-10-31,0.18104710492385934,1,0.0,0.00083476864
2022-10-31,0.18104710492385934,3,0.7603767,0.7019107
2022-10-31,0.18104710492385934,5,1.2297292,0.89160836
2022-10-31,0.18104710492385934,10,1.1080921,0.97733283
2022-10-31,0.18104710492385934,21,0.8766918,1.0066488
2022-11-01,0.9293940859976146,1,0.0,-0.0013239589
2022-11-01,0.9293940859976146,3,0.8186546,0.6385479
2022-11-01,0.9293940859976146,5,1.2276998,0.76348627
2022-11-01,0.9293940859976146,10,1.1076101,0.92738974
2022-11-01,0.9293940859976146,21,0.8775492,0.9924346
2022-11-02,-0.921857565270745,1,0.0,7.921085e-05
2022-11-02,-0.921857565270745,3,1.5495394,0.52525014
2022-11-02,-0.921857565270745,5,1.2011269,0.6385133
2022-11-02,-0.921857565270745,10,1.1020565,0.79537433
2022-11-02,-0.921857565270745,21,0.88249344,0.8623509
2022-11-03,-0.6637118157444277,1,0.0,0.0014692498
2022-11-03,-0.6637118157444277,3,1.3239888,0.60989356
2022-11-03,-0.6637118157444277,5,1.1359468,0.73594534
2022-11-03,-0.6637118157444277,10,1.0838795,0.9516264
2022-11-03,-0.6637118157444277,21,0.8384187,1.0054605
2022-11-04,2.4866735625901804,1,0.0,-0.0018456951
2022-11-04,2.4866735625901804,3,1.0251048,0.62269175
2022-11-04,2.4866735625901804,5,1.2186172,0.81208277
2022-11-04,2.4866735625901804,10,1.0602996,1.0292499
2022-11-04,2.4866735625901804,21,0.8177976,1.0748786
2022-11-07,0.24472579123475668,1,0.0,0.0010833303
2022-11-07,0.24472579123475668,3,0.42235154,0.58991796
2022-11-07,0.24472579123475668,5,0.958318,0.8159102
2022-11-07,0.24472579123475668,10,0.84424806,1.0034473
2022-11-07,0.24472579123475668,21,0.6980024,1.0800714
2022-11-08,0.3863979789936245,1,0.0,0.0015393328
2022-11-08,0.3863979789936245,3,1.2123742,0.60582006
2022-11-08,0.3863979789936245,5,0.96226484,0.7974522
2022-11-08,0.3863979789936245,10,0.8635315,0.9746599
2022-11-08,0.3863979789936245,21,0.7104693,1.0433215
2022-11-09,-0.5719404976387565,1,0.0,-0.0058119707
2022-11-09,-0.5719404976387565,3,1.1915776,0.7339129
2022-11-09,-0.5719404976387565,5,0.9557232,0.9565098
2022-11-09,-0.5719404976387565,10,0.8723822,1.1867964
2022-11-09,-0.5719404976387565,21,0.7343673,1.1964221
2022-11-10,2.341468174960859,1,0.0,-0.0003236644
2022-11-10,2.341468174960859,3,0.9112539,0.6277174
2022-11-10,2.341468174960859,5,1.0111375,0.78807074
2022-11-10,2.341468174960859,10,0.8187851,0.9149469
2022-11-10,2.341468174960859,21,0.71592796,0.97553355
2022-11-11,0.7318129954748009,1,0.0,-0.011070432
2022-11-11,0.7318129954748009,3,0.25464332,0.4508276
2022-11-11,0.7318129954748009,5,0.6109046,0.55512255
2022-11-11,0.7318129954748009,10,0.52595156,0.72580665
2022-11-11,0.7318129954748009,21,0.5367262,0.6790175
2022-11-14,0.19743028687573272,1,0.0,-0.0076990724
2022-11-14,0.19743028687573272,3,0.62793726,0.57116914
2022-11-14,0.19743028687573272,5,0.59940225,0.6675418
2022-11-14,0.19743028687573272,10,0.50358737,0.7735362
2022-11-14,0.19743028687573272,21,0.529903,0.75935215
2022-11-15,0.743226855732626,1,0.0,0.0008109566
2022-11-15,0.743226855732626,3,0.6494661,0.65111566
2022-11-15,0.743226855732626,5,0.6089415,0.8798565
2022-11-15,0.743226855732626,10,0.5530905,1.0432711
2022-11-15,0.743226855732626,21,0.62107724,1.0870821
2022-11-16,-0.7750440977643436,1,0.0,0.0016138917
2022-11-16,-0.7750440977643436,3,0.61823004,0.52658087
2022-11-16,-0.7750440977643436,5,0.6030208,0.71220595
2022-11-16,-0.7750440977643436,10,0.51235557,0.8145728
2022-11-16,-0.7750440977643436,21,0.6096782,0.90984225
2022-11-17,-0.4273306351466388,1,0.0,-0.00016104802
2022-11-17,-0.4273306351466388,3,0.48346022,0.5361683
2022-11-17,-0.4273306351466388,5,0.49177372,0.7269848
2022-11-17,-0.4273306351466388,10,0.51238286,0.80729485
2022-11-17,-0.4273306351466388,21,0.8720499,0.85782725
2022-11-18,0.6752370662411522,1,0.0,0.0022594864
2022-11-18,0.6752370662411522,3,0.44697058,0.58767605
2022-11-18,0.6752370662411522,5,0.35350868,0.81652343
2022-11-18,0.6752370662411522,10,0.4643069,0.85926294
2022-11-18,0.6752370662411522,21,0.8997698,0.8857977
2022-11-21,-0.2502931323950186,1,0.0,-0.00039286725
2022-11-21,-0.2502931323950186,3,0.4253942,0.5512643
2022-11-21,-0.2502931323950186,5,0.35108063,0.68142945
2022-11-21,-0.2502931323950186,10,0.47555596,0.7788706
2022-11-21,-0.2502931323950186,21,0.8882033,0.8783124
2022-11-22,0.718996981594966,1,0.0,0.0035246294
2022-11-22,0.718996981594966,3,0.122037746,0.54569286
2022-11-22,0.718996981594966,5,0.45857126,0.696893
2022-11-22,0.718996981594966,10,0.52115715,0.8025522
2022-11-22,0.718996981594966,21,0.8901594,0.8513947
2022-11-23,0.5655295040290831,1,0.0,0.0016368991
2022-11-23,0.5655295040290831,3,0.20815913,0.42759755
2022-11-23,0.5655295040290831,5,0.39158508,0.53987104
2022-11-23,0.5655295040290831,10,0.5145505,0.66473037
2022-11-23,0.5655295040290831,21,0.9663087,0.75557303
2022-11-24,0.4201028218214553,1,0.0,0.003957402
2022-11-24,0.4201028218214553,3,0.40948915,0.440989
2022-11-24,0.4201028218214553,5,0.531369,0.57780534
2022-11-24,0.4201028218214553,10,0.5338224,0.69112355
2022-11-24,0.4201028218214553,21,0.9756495,0.76537555
2022-11-25,0.06958534453840315,1,0.0,0.002782639
2022-11-25,0.06958534453840315,3,0.30587336,0.54206276
2022-11-25,0.06958534453840315,5,0.5340503,0.70374095
2022-11-25,0.06958534453840315,10,0.5139028,0.8194928
2022-11-25,0.06958534453840315,21,0.9684043,0.87099314
2022-11-28,-0.5690473257033979,1,0.0,0.0034452472
2022-11-28,-0.5690473257033979,3,0.6701415,0.53319913
2022-11-28,-0.5690473257033979,5,0.564425,0.7271537
2022-11-28,-0.5690473257033979,10,0.53297234,0.8711936
2022-11-28,-0.5690473257033979,21,0.9764422,0.9082659
2022-11-29,0.0895691313535174,1,0.0,0.00036574248
2022-11-29,0.0895691313535174,3,0.4013826,0.5320157
2022-11-29,0.0895691313535174,5,0.57362664,0.64314127
2022-11-29,0.0895691313535174,10,0.5212048,0.74826926
2022-11-29,0.0895691313535174,21,0.9808364,0.8182284
2022-11-30,1.062402093450654,1,0.0,0.00016767345
2022-11-30,1.062402093450654,3,0.53016156,0.5382954
2022-11-30,1.062402093450654,5,0.6121367,0.67759943
2022-11-30,1.062402093450654,10,0.7099414,0.79214764
2022-11-30,1.062402093450654,21,1.0064831,0.8941611
2022-12-01,0.4527665989491503,1,0.0,0.0014838632
2022-12-01,0.4527665989491503,3,0.43805063,0.54393584
2022-12-01,0.4527665989491503,5,0.40232012,0.7325187
2022-12-01,0.4527665989491503,10,0.6428649,0.83481646
2022-12-01,0.4527665989491503,21,1.0154604,0.91066056
2022-12-02,-0.23543089286874874,1,0.0,0.001982808
2022-12-02,-0.23543089286874874,3,0.15231504,0.4852548
2022-12-02,-0.23543089286874874,5,0.2689792,0.6770005
2022-12-02,-0.23543089286874874,10,1.0677232,0.76708245
2022-12-02,-0.23543089286874874,21,1.081986,0.827449
2022-12-05,-0.6042737377551788,1,0.0,0.00041169673
2022-12-05,-0.6042737377551788,3,0.13024041,0.47830752
2022-12-05,-0.6042737377551788,5,0.4145539,0.57310665
2022-12-05,-0.6042737377551788,10,1.0919638,0.6499666
2022-12-05,-0.6042737377551788,21,1.0887107,0.7276778
2022-12-06,-0.3712145308511161,1,0.0,0.00037051365
2022-12-06,-0.3712145308511161,3,0.30713707,0.622807
2022-12-06,-0.3712145308511161,5,0.38942552,0.7571772
2022-12-06,-0.3712145308511161,10,1.1106554,0.83764887
2022-12-06,-0.3712145308511161,21,1.1499457,0.8758145
2022-12-07,-0.6764081237488284,1,0.0,0.00036967546
2022-12-07,-0.6764081237488284,3,0.45376605,0.6131543
2022-12-07,-0.6764081237488284,5,0.7906858,0.7796541
2022-12-07,-0.6764081237488284,10,1.1107624,0.94081587
2022-12-07,-0.6764081237488284,21,1.1485687,1.0184331
2022-12-08,0.07170690308875294,1,0.0,0.0011617858
2022-12-08,0.07170690308875294,3,0.34833953,0.5436321
2022-12-08,0.07170690308875294,5,0.7130343,0.6863705
2022-12-08,0.07170690308875294,10,1.2788767,0.7683905
2022-12-08,0.07170690308875294,21,1.1780838,0.8367108
2022-12-09,0.40955474013717463,1,0.0,0.0019387528
2022-12-09,0.40955474013717463,3,0.8252679,0.56967986
2022-12-09,0.40955474013717463,5,1.4856687,0.74774194
2022-12-09,0.40955474013717463,10,1.3024312,0.8632088
2022-12-09,0.40955474013717463,21,1.195127,0.8979325
2022-12-12,-0.43791615934365424,1,0.0,0.0031768866
2022-12-12,-0.43791615934365424,3,0.9095253,0.45877603
2022-12-12,-0.43791615934365424,5,1.4596742,0.6798878
2022-12-12,-0.43791615934365424,10,1.2866647,0.7240358
2022-12-12,-0.43791615934365424,21,1.2034848,0.7336438
2022-12-13,1.5752050378171845,1,0.0,0.002535835
2022-12-13,1.5752050378171845,3,1.8566645,0.48384243
2022-12-13,1.5752050378171845,5,1.5073274,0.6106131
2022-12-13,1.5752050378171845,10,1.3033204,0.6676188
2022-12-13,1.5752050378171845,21,1.2058939,0.74094445
2022-12-14,-0.2578361839695731,1,0.0,0.0028741704
2022-12-14,-0.2578361839695731,3,1.1194502,0.5781429
2022-12-14,-0.2578361839695731,5,1.1223205,0.7499512
2022-12-14,-0.2578361839695731,10,1.1716536,0.80937994
2022-12-14,-0.2578361839695731,21,1.1688513,0.87435216
2022-12-15,-2.945810590099285,1,0.0,0.0018685795
2022-12-15,-2.945810590099285,3,1.321527,0.4781818
2022-12-15,-2.945810590099285,5,1.5761541,0.59150106
2022-12-15,-2.945810590099285,10,1.2400844,0.64966285
2022-12-15,-2.945810590099285,21,1.1710088,0.720025
2022-12-16,-1.1324036538516324,1,0.0,0.001954413
2022-12-16,-1.1324036538516324,3,0.57796425,0.8070568
2022-12-16,-1.1324036538516324,5,1.0739015,0.99172103
2022-12-16,-1.1324036538516324,10,0.9784604,1.0426521
2022-12-16,-1.1324036538516324,21,0.94523525,0.9974008
2022-12-19,0.28309383644291586,1,0.0,0.002785923
2022-12-19,0.28309383644291586,3,0.9330925,0.8353044
2022-12-19,0.28309383644291586,5,0.9458744,1.0042369
2022-12-19,0.28309383644291586,10,1.0482407,1.0909569
2022-12-19,0.28309383644291586,21,0.88987654,1.0784276
2022-12-20,-0.40304360160492436,1,0.0,0.0036659455
2022-12-20,-0.40304360160492436,3,1.2059834,0.6746251
2022-12-20,-0.40304360160492436,5,0.955861,0.9039559
2022-12-20,-0.40304360160492436,10,1.0510515,1.0199827
2022-12-20,-0.40304360160492436,21,0.89347214,0.97344685
2022-12-21,1.8281163361343111,1,0.0,0.00078265276
2022-12-21,1.8281163361343111,3,1.1739695,0.6677922
2022-12-21,1.8281163361343111,5,1.0033962,0.79623437
2022-12-21,1.8281163361343111,10,1.1278733,0.87446
2022-12-21,1.8281163361343111,21,0.9980995,0.8989111
2022-12-22,-0.9641347332046912,1,0.0,0.0009767469
2022-12-22,-0.9641347332046912,3,0.58963555,0.5732511
2022-12-22,-0.9641347332046912,5,0.71912515,0.7099629
2022-12-22,-0.9641347332046912,10,1.0267895,0.7671096
2022-12-22,-0.9641347332046912,21,0.9399556,0.82349586
2022-12-23,-0.16334153672517004,1,0.0,0.003452612
2022-12-23,-0.16334153672517004,3,0.49685714,0.5651916
2022-12-23,-0.16334153672517004,5,0.86853296,0.7418066
2022-12-23,-0.16334153672517004,10,1.0181648,0.7665796
2022-12-23,-0.16334153672517004,21,0.9074435,0.8243609
2022-12-27,0.47720516347631303,1,0.0,0.0014029006
2022-12-27,0.47720516347631303,3,0.7101637,0.67327255
2022-12-27,0.47720516347631303,5,1.1409564,0.82327294
2022-12-27,0.47720516347631303,10,1.0158937,0.8032757
2022-12-27,0.47720516347631303,21,0.9045078,0.8289239
2022-12-28,-0.7392693296506714,1,0.0,0.0014973748
2022-12-28,-0.7392693296506714,3,1.0244225,0.6616588
2022-12-28,-0.7392693296506714,5,1.1383092,0.78786916
2022-12-28,-0.7392693296506714,10,1.0696098,0.7725116
2022-12-28,-0.7392693296506714,21,0.9150519,0.80940646
2022-12-29,0.9458330014686211,1,0.0,0.0017385036
2022-12-29,0.9458330014686211,3,1.351341,0.77736795
2022-12-29,0.9458330014686211,5,1.1757189,0.9989902
2022-12-29,0.9458330014686211,10,1.0011666,1.0300719
2022-12-29,0.9458330014686211,21,0.88924295,0.9904365
2022-12-30,-1.5069385450608763,1,0.0,-9.257905e-05
2022-12-30,-1.5069385450608763,3,1.2974854,0.689078
2022-12-30,-1.5069385450608763,5,1.2127221,0.86821234
2022-12-30,-1.5069385450608763,10,0.9934931,0.8876028
2022-12-30,-1.5069385450608763,21,0.87969434,0.90750235
2023-01-02,1.6444109923003936,1,0.0,0.0022723628
2023-01-02,1.6444109923003936,3,0.59169775,0.69957757
2023-01-02,1.6444109923003936,5,0.7811761,0.8874619
2023-01-02,1.6444109923003936,10,0.72582054,0.9534374
2023-01-02,1.6444109923003936,21,0.80608237,0.92998266
2023-01-03,0.4256037794725387,1,0.0,0.00027475506
2023-01-03,0.4256037794725387,3,0.8197962,0.67792
2023-01-03,0.4256037794725387,5,0.7150953,0.7953498
2023-01-03,0.4256037794725387,10,0.6779156,0.8744035
2023-01-03,0.4256037794725387,21,0.7551599,0.89046156
2023-01-04,1.7142420837273242,1,0.0,0.003769829
2023-01-04,1.7142420837273242,3,0.87609524,0.5550955
2023-01-04,1.7142420837273242,5,0.9272605,0.6749568
2023-01-04,1.7142420837273242,10,0.67693436,0.7599183
2023-01-04,1.7142420837273242,21,0.7560748,0.78250927
2023-01-05,-0.26381418368668363,1,0.0,4.976988e-05
2023-01-05,-0.26381418368668363,3,0.7295726,0.71765023
2023-01-05,-0.26381418368668363,5,0.78054583,0.86762744
2023-01-05,-0.26381418368668363,10,0.5844053,0.92992926
2023-01-05,-0.26381418368668363,21,0.71563613,0.9795691
2023-01-06,1.4459170834102864,1,0.0,0.00045533758
2023-01-06,1.4459170834102864,3,0.8816869,0.67220914
2023-01-06,1.4459170834102864,5,0.6857596,0.80137634
2023-01-06,1.4459170834102864,10,0.88489586,0.8444253
2023-01-06,1.4459170834102864,21,0.7199892,0.9043402
2023-01-09,1.0414479046907843,1,0.0,-0.00096573494
2023-01-09,1.0414479046907843,3,0.71776783,0.6416749
2023-01-09,1.0414479046907843,5,0.5660629,0.7719512
2023-01-09,1.0414479046907843,10,0.80346364,0.80724615
2023-01-09,1.0414479046907843,21,0.75291204,0.8830417
2023-01-10,-0.5935645767648268,1,0.0,0.0021175854
2023-01-10,-0.5935645767648268,3,0.6147714,0.69070876
2023-01-10,-0.5935645767648268,5,0.503918,0.8422446
2023-01-10,-0.5935645767648268,10,0.7795359,0.8950002
2023-01-10,-0.5935645767648268,21,0.7272677,0.9267604
2023-01-11,0.7837709200836152,1,0.0,-0.0012909733
2023-01-11,0.7837709200836152,3,0.07376445,0.799412
2023-01-11,0.7837709200836152,5,0.21708335,0.89841485
2023-01-11,0.7837709200836152,10,0.7427417,0.9525815
2023-01-11,0.7837709200836152,21,0.71140164,0.9480576
2023-01-12,0.6223202580368792,1,0.0,0.0018345052
2023-01-12,0.6223202580368792,3,0.22771074,0.5714152
2023-01-12,0.6223202580368792,5,0.26010916,0.6966969
2023-01-12,0.6223202580368792,10,0.7339392,0.7799752
2023-01-12,0.6223202580368792,21,0.7211671,0.79219633
2023-01-13,0.63279148793427,1,0.0,-0.0004386045
2023-01-13,0.63279148793427,3,0.20295699,0.7137792
2023-01-13,0.63279148793427,5,0.8894526,0.82530844
2023-01-13,0.63279148793427,10,0.7379034,0.9020809
2023-01-13,0.63279148793427,21,0.73332447,0.8979091
2023-01-16,0.14459358174185866,1,0.0,-0.00021697301
2023-01-16,0.14459358174185866,3,0.20021884,0.61434406
2023-01-16,0.14459358174185866,5,0.87811977,0.6966607
2023-01-16,0.14459358174185866,10,0.7174662,0.7457559
2023-01-16,0.14459358174185866,21,0.75512433,0.7591971
2023-01-17,0.4699884772737306,1,0.0,0.0020658057
2023-01-17,0.4699884772737306,3,0.99527204,0.6404723
2023-01-17,0.4699884772737306,5,0.95340365,0.7938186
2023-01-17,0.4699884772737306,10,0.73894495,0.80438095
2023-01-17,0.4699884772737306,21,0.7555061,0.8314356
2023-01-18,-0.010486812842547266,1,0.0,0.0032003867
2023-01-18,-0.010486812842547266,3,1.0250347,0.5316416
2023-01-18,-0.010486812842547266,5,0.9240524,0.65444726
2023-01-18,-0.010486812842547266,10,0.72164077,0.6917224
2023-01-18,-0.010486812842547266,21,0.77534235,0.7019697
2023-01-19,-1.840129939872437,1,0.0,0.0003202604
2023-01-19,-1.840129939872437,3,1.1894546,0.5827876
2023-01-19,-1.840129939872437,5,0.9274019,0.66685814
2023-01-19,-1.840129939872437,10,0.7221016,0.6968836
2023-01-19,-1.840129939872437,21,0.77949536,0.7232898
2023-01-20,0.5637975681686669,1,0.0,-0.0017063897
2023-01-20,0.5637975681686669,3,0.34397274,0.81211245
2023-01-20,0.5637975681686669,5,0.44411874,0.95570517
2023-01-20,0.5637975681686669,10,0.51586443,1.0368066
2023-01-20,0.5637975681686669,21,0.6657002,1.0252371
2023-01-23,0.7874770519672225,1,0.0,-0.0031058062
2023-01-23,0.7874770519672225,3,0.48178092,0.7244159
2023-01-23,0.7874770519672225,5,0.4300847,0.84497875
2023-01-23,0.7874770519672225,10,0.5455519,0.9142177
2023-01-23,0.7874770519672225,21,0.66380167,0.94306004
2023-01-24,-0.027856306810303266,1,0.0,0.0008658748
2023-01-24,-0.027856306810303266,3,0.431399,0.6549087
2023-01-24,-0.027856306810303266,5,0.4278068,0.781665
2023-01-24,-0.027856306810303266,10,0.7049132,0.87757355
2023-01-24,-0.027856306810303266,21,0.6641779,0.9078247
2023-01-25,-0.35906139596484365,1,0.0,-0.0027196892
2023-01-25,-0.35906139596484365,3,0.4224089,0.7300929
2023-01-25,-0.35906139596484365,5,0.42794982,0.83893
2023-01-25,-0.35906139596484365,10,0.70519084,0.9572174
2023-01-25,-0.35906139596484365,21,0.6672938,0.98249704
2023-01-26,0.6755637482616095,1,0.0,0.0018824469
2023-01-26,0.6755637482616095,3,0.5027976,0.63728744
2023-01-26,0.6755637482616095,5,0.39114386,0.78510946
2023-01-26,0.6755637482616095,10,0.69240385,0.8831501
2023-01-26,0.6755637482616095,21,0.65976906,0.9259203
2023-01-27,0.16799289981204168,1,0.0,-0.0023691878
2023-01-27,0.16799289981204168,3,0.3085865,0.6972183
2023-01-27,0.16799289981204168,5,0.5683462,0.8217641
2023-01-27,0.16799289981204168,10,0.7231716,0.89534986
2023-01-27,0.16799289981204168,21,0.74081206,0.9558056
2023-01-30,-0.5500258071324815,1,0.0,-0.00034721196
2023-01-30,-0.5500258071324815,3,0.27153632,0.71266794
2023-01-30,-0.5500258071324815,5,0.63854635,0.83586156
2023-01-30,-0.5500258071324815,10,0.7630057,0.8866564
2023-01-30,-0.5500258071324815,21,0.7971103,0.93455917
2023-01-31,0.013561569546371999,1,0.0,-0.0017252788
2023-01-31,0.013561569546371999,3,0.5522815,0.6503872
2023-01-31,0.013561569546371999,5,0.8917375,0.7468847
2023-01-31,0.013561569546371999,10,0.79196984,0.81792253
2023-01-31,0.013561569546371999,21,0.793111,0.8681882
2023-02-01,0.03766137945424575,1,0.0,-0.0014989134
2023-02-01,0.03766137945424575,3,0.4919853,0.7979937
2023-02-01,0.03766137945424575,5,0.8939966,0.90652984
2023-02-01,0.03766137945424575,10,0.79299694,0.98140013
2023-02-01,0.03766137945424575,21,0.80005896,0.96535426
2023-02-02,1.196991531228253,1,0.0,-0.0025610663
2023-02-02,1.196991531228253,3,1.1427088,0.8901701
2023-02-02,1.196991531228253,5,0.8966894,1.0283145
2023-02-02,1.196991531228253,10,0.8233663,1.09862
2023-02-02,1.196991531228253,21,0.81448555,1.1144588
2023-02-03,0.9022617599637073,1,0.0,0.000511962
2023-02-03,0.9022617599637073,3,0.9279698,0.5943303
2023-02-03,0.9022617599637073,5,0.84800035,0.72096515
2023-02-03,0.9022617599637073,10,0.77297026,0.8375461
2023-02-03,0.9022617599637073,21,0.79256135,0.85173786
2023-02-06,-1.3609490799062485,1,0.0,-0.00027277134
2023-02-06,-1.3609490799062485,3,0.6195225,0.6160745
2023-02-06,-1.3609490799062485,5,0.77725345,0.73548305
2023-02-06,-1.3609490799062485,10,0.7734315,0.84646267
2023-02-06,-1.3609490799062485,21,0.771065,0.8590181
2023-02-07,-0.046358607081220526,1,0.0,0.0011131587
2023-02-07,-0.046358607081220526,3,0.48430172,0.54684097
2023-02-07,-0.046358607081220526,5,0.6741459,0.65555644
2023-02-07,-0.046358607081220526,10,0.61568195,0.7520184
2023-02-07,-0.046358607081220526,21,0.729343,0.7800895
2023-02-08,-0.04712835081903677,1,0.0,0.0012719482
2023-02-08,-0.04712835081903677,3,0.686907,0.67161614
2023-02-08,-0.04712835081903677,5,0.6722928,0.81917715
2023-02-08,-0.04712835081903677,10,0.65059423,0.8647945
2023-02-08,-0.04712835081903677,21,0.72920823,0.8890789
2023-02-09,0.9806153580961485,1,0.0,0.00035260618
2023-02-09,0.9806153580961485,3,0.80990237,0.6179212
2023-02-09,0.9806153580961485,5,0.70366114,0.72196335
2023-02-09,0.9806153580961485,10,0.658093,0.7809007
2023-02-09,0.9806153580961485,21,0.7318246,0.77026457
2023-02-10,-0.6869864417476279,1,0.0,0.00087759644
2023-02-10,-0.6869864417476279,3,0.72777396,0.67131305
2023-02-10,-0.6869864417476279,5,0.65903175,0.81147885
2023-02-10,-0.6869864417476279,10,0.59738714,0.9055542
2023-02-10,-0.6869864417476279,21,0.74543375,0.91560787
2023-02-13,1.0774415067882792,1,0.0,0.0029193554
2023-02-13,1.0774415067882792,3,0.49880868,0.6757697
2023-02-13,1.0774415067882792,5,0.630539,0.84486353
2023-02-13,1.0774415067882792,10,0.75185,1.024823
2023-02-13,1.0774415067882792,21,0.91509736,1.0123972
2023-02-14,-0.02509706672748635,1,0.0,-0.0014656968
2023-02-14,-0.02509706672748635,3,0.41173416,0.64143044
2023-02-14,-0.02509706672748635,5,0.5462406,0.7628476
2023-02-14,-0.02509706672748635,10,0.80352813,0.8729871
2023-02-14,-0.02509706672748635,21,0.95417404,0.9191548
2023-02-15,0.9821897795140977,1,0.0,0.0045568505
2023-02-15,0.9821897795140977,3,0.66331315,0.6149486
2023-02-15,0.9821897795140977,5,0.61095774,0.8770436
2023-02-15,0.9821897795140977,10,0.8142349,1.0617882
2023-02-15,0.9821897795140977,21,1.1715629,1.010527
2023-02-16,0.5220497157388593,1,0.0,-0.0018534772
2023-02-16,0.5220497157388593,3,0.45856354,0.66414815
2023-02-16,0.5220497157388593,5,0.39734435,0.7920059
2023-02-16,0.5220497157388593,10,0.7443237,0.9404496
2023-02-16,0.5220497157388593,21,1.2156199,0.973446
2023-02-17,-0.5973737772924537,1,0.0,0.0024052616
2023-02-17,-0.5973737772924537,3,0.21056487,0.65989906
2023-02-17,-0.5973737772924537,5,0.2916743,0.85575616
2023-02-17,-0.5973737772924537,10,0.7717307,0.9679759
2023-02-17,-0.5973737772924537,21,1.2151369,0.9912975
2023-02-20,-0.1178533265268733,1,0.0,0.0010464983
2023-02-20,-0.1178533265268733,3,0.17149718,0.6845674
2023-02-20,-0.1178533265268733,5,0.61677843,0.8293568
2023-02-20,-0.1178533265268733,10,0.8030387,0.95281774
2023-02-20,-0.1178533265268733,21,1.2487222,0.965497
2023-02-21,-0.5221253724027264,1,0.0,-0.0001800349
2023-02-21,-0.5221253724027264,3,0.30081052,0.6510593
2023-02-21,-0.5221253724027264,5,0.9740339,0.79393387
2023-02-21,-0.5221253724027264,10,0.8034973,0.8681294
2023-02-21,-0.5221253724027264,21,1.2850202,0.9113557
2023-02-22,-0.22112650807653011,1,0.0,-0.0017077699
2023-02-22,-0.22112650807653011,3,0.76721245,0.6090804
2023-02-22,-0.22112650807653011,5,0.96772534,0.6965239
2023-02-22,-0.22112650807653011,10,0.8236735,0.77917975
2023-02-22,-0.22112650807653011,21,1.2889735,0.84176964
2023-02-23,0.21081814061822968,1,0.0,-0.00023179874
2023-02-23,0.21081814061822968,3,1.2283436,0.571641
2023-02-23,0.21081814061822968,5,0.97463655,0.64996225
2023-02-23,0.21081814061822968,10,0.82076883,0.8089381
2023-02-23,0.21081814061822968,21,1.2919657,0.8280942
2023-02-24,-1.5890844983284858,1,0.0,-0.00069633126
2023-02-24,-1.5890844983284858,3,1.2301778,0.5539496
2023-02-24,-1.5890844983284858,5,1.0423977,0.68801093
2023-02-24,-1.5890844983284858,10,0.82082206,0.8077208
2023-02-24,-1.5890844983284858,21,1.3317275,0.8719726
2023-02-27,1.3989255330399075,1,0.0,-0.0019331779
2023-02-27,1.3989255330399075,3,0.85943633,0.71739924
2023-02-27,1.3989255330399075,5,0.72774863,0.8582333
2023-02-27,1.3989255330399075,10,0.7466686,1.0100436
2023-02-27,1.3989255330399075,21,1.3040254,1.0526627
2023-02-28,-0.4325186311564089,1,0.0,-0.0015510321
2023-02-28,-0.4325186311564089,3,0.5664907,0.61686933
2023-02-28,-0.4325186311564089,5,0.5403255,0.7984384
2023-02-28,-0.4325186311564089,10,0.93805957,0.9354254
2023-02-28,-0.4325186311564089,21,1.2629727,1.0186883
2023-03-01,-0.4157948402890632,1,0.0,0.0014891811
2023-03-01,-0.4157948402890632,3,0.56543285,0.65438217
2023-03-01,-0.4157948402890632,5,0.6273589,0.83973503
2023-03-01,-0.4157948402890632,10,1.1119943,0.9927166
2023-03-01,-0.4157948402890632,21,1.3073883,0.98752093
2023-03-02,0.7774642371222384,1,0.0,0.0005974788
2023-03-02,0.7774642371222384,3,0.29974845,0.7167892
2023-03-02,0.7774642371222384,5,0.5802955,0.8895632
2023-03-02,0.7774642371222384,10,1.4557936,0.9985602
2023-03-02,0.7774642371222384,21,1.3215907,1.038805
2023-03-03,0.7897796736285656,1,0.0,0.00051450357
2023-03-03,0.7897796736285656,3,0.64207006,0.55113786
2023-03-03,0.7897796736285656,5,0.5103063,0.69201183
2023-03-03,0.7897796736285656,10,1.5555756,0.79813397
2023-03-03,0.7897796736285656,21,1.3200308,0.8224787
2023-03-06,0.1478488990356297,1,0.0,0.0017136894
2023-03-06,0.1478488990356297,3,0.40012902,0.6794176
2023-03-06,0.1478488990356297,5,0.4868525,0.8634945
2023-03-06,0.1478488990356297,10,1.5134319,0.97181815
2023-03-06,0.1478488990356297,21,1.3115325,0.99426526
2023-03-07,-0.7746028987474673,1,0.0,0.0033219904
2023-03-07,-0.7746028987474673,3,0.3145646,0.6199673
2023-03-07,-0.7746028987474673,5,0.9090579,0.77883977
2023-03-07,-0.7746028987474673,10,1.5833127,0.96838844
2023-03-07,-0.7746028987474673,21,1.3114108,0.97772884
2023-03-08,-0.026538104450501976,1,0.0,0.0033681272
2023-03-08,-0.026538104450501976,3,0.4925441,0.7289173
2023-03-08,-0.026538104450501976,5,1.380596,0.9316367
2023-03-08,-0.026538104450501976,10,1.6551448,1.0618311
2023-03-08,-0.026538104450501976,21,1.3042552,1.0639508
2023-03-09,-0.2406384721041377,1,0.0,0.0030231746
2023-03-09,-0.2406384721041377,3,0.96801245,0.75351644
2023-03-09,-0.2406384721041377,5,1.7398415,0.9500605
2023-03-09,-0.2406384721041377,10,1.6689652,1.0725968
2023-03-09,-0.2406384721041377,21,1.3044698,1.0586941
2023-03-10,-1.161848665753329,1,0.0,0.0009919703
2023-03-10,-1.161848665753329,3,1.7414517,0.7418748
2023-03-10,-1.161848665753329,5,2.0758698,1.000021
2023-03-10,-1.161848665753329,10,1.6769803,1.0602286
2023-03-10,-1.161848665753329,21,1.310124,1.0509623
2023-03-13,-2.593397133136488,1,0.0,-0.0002333261
2023-03-13,-2.593397133136488,3,2.1655834,0.71511585
2023-03-13,-2.593397133136488,5,2.071808,0.89990485
2023-03-13,-2.593397133136488,10,1.7121837,1.0168893
2023-03-13,-2.593397133136488,21,1.2847877,1.0507029
2023-03-14,1.6023117219971184,1,0.0,-0.00093075633
2023-03-14,1.6023117219971184,3,2.332771,0.9442549
2023-03-14,1.6023117219971184,5,1.9293191,1.156429
2023-03-14,1.6023117219971184,10,1.5304443,1.2450027
2023-03-14,1.6023117219971184,21,1.1451384,1.2387791
2023-03-15,-3.306397161348773,1,0.0,0.0016168775
2023-03-15,-3.306397161348773,3,2.0390563,0.76244944
2023-03-15,-3.306397161348773,5,1.8680751,0.9718618
2023-03-15,-3.306397161348773,10,1.4471035,1.0664929
2023-03-15,-3.306397161348773,21,1.1057944,1.0743433
2023-03-16,1.681063061498822,1,0.0,0.00105792
2023-03-16,1.681063061498822,3,1.1711646,0.8941554
2023-03-16,1.681063061498822,5,0.94477296,1.0708672
2023-03-16,1.681063061498822,10,1.0209187,1.1410011
2023-03-16,1.681063061498822,21,0.78998893,1.1032504
2023-03-17,-1.0446336200941708,1,0.0,0.0005928809
2023-03-17,-1.0446336200941708,3,1.0331206,0.8305528
2023-03-17,-1.0446336200941708,5,0.8016621,1.0436808
2023-03-17,-1.0446336200941708,10,0.95353824,1.1003178
2023-03-17,-1.0446336200941708,21,0.73182046,1.0567067
2023-03-20,1.0929744932429486,1,0.0,4.399568e-05
2023-03-20,1.0929744932429486,3,0.32583472,0.86545223
2023-03-20,1.0929744932429486,5,1.0278293,1.0645511
2023-03-20,1.0929744932429486,10,0.8331244,1.1598452
2023-03-20,1.0929744932429486,21,0.6732151,1.1793957
2023-03-21,1.1971990087819684,1,0.0,0.0025062347
2023-03-21,1.1971990087819684,3,0.38610095,0.8523609
2023-03-21,1.1971990087819684,5,0.97182536,1.0432019
2023-03-21,1.1971990087819684,10,0.81256723,1.1321071
2023-03-21,1.1971990087819684,21,0.65559447,1.1052635
2023-03-22,0.4598056955310348,1,0.0,0.0011000503
2023-03-22,0.4598056955310348,3,0.9650119,0.7978578
2023-03-22,0.4598056955310348,5,0.8349567,1.0673329
2023-03-22,0.4598056955310348,10,0.7904062,1.1028067
2023-03-22,0.4598056955310348,21,0.62339,1.1196496
2023-03-23,0.31564660257146215,1,0.0,0.002729063
2023-03-23,0.31564660257146215,3,1.0177325,0.7859082
2023-03-23,0.31564660257146215,5,1.0344793,0.9689039
2023-03-23,0.31564660257146215,10,0.82213295,1.0364349
2023-03-23,0.31564660257146215,21,0.62529224,1.0006968
2023-03-24,-1.655562739004779,1,0.0,0.001511232
2023-03-24,-1.655562739004779,3,0.9850242,0.837528
2023-03-24,-1.655562739004779,5,1.0824459,1.0466224
2023-03-24,-1.655562739004779,10,0.822424,1.1439948
2023-03-24,-1.655562739004779,21,0.65356505,1.1646917
2023-03-27,0.6516915535728529,1,0.0,0.0018671677
2023-03-27,0.6516915535728529,3,0.57118,0.84626985
2023-03-27,0.6516915535728529,5,0.45131725,1.0535262
2023-03-27,0.6516915535728529,10,0.5385566,1.1030356
2023-03-27,0.6516915535728529,21,0.55926716,1.0967977
2023-03-28,0.10934190934248633,1,0.0,0.0003869133
2023-03-28,0.10934190934248633,3,0.5717375,0.81903464
2023-03-28,0.10934190934248633,5,0.47969294,0.96236014
2023-03-28,0.10934190934248633,10,0.57788235,0.9923148
2023-03-28,0.10934190934248633,21,0.5503886,0.9900308
2023-03-29,1.4974331307645805,1,0.0,0.0043703513
2023-03-29,1.4974331307645805,3,0.32535306,0.69919765
2023-03-29,1.4974331307645805,5,0.54877055,0.87980247
2023-03-29,1.4974331307645805,10,0.5939565,1.0078964
2023-03-29,1.4974331307645805,21,0.5506801,0.9704265
2023-03-30,0.9642573131504406,1,0.0,0.0019531287
2023-03-30,0.9642573131504406,3,0.23883156,0.6507771
2023-03-30,0.9642573131504406,5,0.5248248,0.77145165
2023-03-30,0.9642573131504406,10,0.4772394,0.8641032
2023-03-30,0.9642573131504406,21,0.5752174,0.87082165
2023-03-31,0.7178749948033136,1,0.0,0.005680795
2023-03-31,0.7178749948033136,3,0.3513352,0.5757094
2023-03-31,0.7178749948033136,5,0.40441176,0.7510219
2023-03-31,0.7178749948033136,10,0.4503481,0.8503204
2023-03-31,0.7178749948033136,21,0.539071,0.880754
2023-04-03,0.3815510256751864,1,0.0,0.00071910396
2023-04-03,0.3815510256751864,3,0.34335428,0.5362663
2023-04-03,0.3815510256751864,5,0.38514388,0.6608602
2023-04-03,0.3815510256751864,10,0.4216172,0.7363154
2023-04-03,0.3815510256751864,21,0.5215006,0.7256941
2023-04-04,-0.1363106921797197,1,0.0,0.0019518621
2023-04-04,-0.1363106921797197,3,0.23335259,0.5289878
2023-04-04,-0.1363106921797197,5,0.38725603,0.68107796
2023-04-04,-0.1363106921797197,10,0.41838735,0.8047995
2023-04-04,-0.1363106921797197,21,0.59571606,0.8237069
2023-04-05,-0.45129548198046265,1,0.0,0.000424359
2023-04-05,-0.45129548198046265,3,0.4499125,0.6866435
2023-04-05,-0.45129548198046265,5,0.528882,0.8436204
2023-04-05,-0.45129548198046265,10,0.41355067,1.0077527
2023-04-05,-0.45129548198046265,21,0.5977,1.0407015
2023-04-06,0.11926937884512157,1,0.0,0.00021445286
2023-04-06,0.11926937884512157,3,0.3910246,0.5462075
2023-04-06,0.11926937884512157,5,0.4224885,0.67771447
2023-04-06,0.11926937884512157,10,0.36738896,0.76199704
2023-04-06,0.11926937884512157,21,0.6103171,0.7625452
2023-04-11,0.6505268574541923,1,0.0,0.0006251577
2023-04-11,0.6505268574541923,3,0.52402574,0.6829979
2023-04-11,0.6505268574541923,5,0.47952175,0.8200979
2023-04-11,0.6505268574541923,10,0.37869212,0.9367029
2023-04-11,0.6505268574541923,21,0.6117628,0.87913084
2023-04-12,-0.3053012734792304,1,0.0,-0.0005163774
2023-04-12,-0.3053012734792304,3,0.4992063,0.5724434
2023-04-12,-0.3053012734792304,5,0.44821468,0.70285106
2023-04-12,-0.3053012734792304,10,0.4290142,0.78325284
2023-04-12,-0.3053012734792304,21,0.59463423,0.77058786
2023-04-13,0.914574874468066,1,0.0,0.00051112194
2023-04-13,0.914574874468066,3,0.4665489,0.6730937
2023-04-13,0.914574874468066,5,0.39093953,0.8930139
2023-04-13,0.914574874468066,10,0.4942307,0.98317194
2023-04-13,0.914574874468066,21,0.59908223,0.9394449
2023-04-14,0.37783374595896646,1,0.0,0.00045797508
2023-04-14,0.37783374595896646,3,0.28239712,0.7520331
2023-04-14,0.37783374595896646,5,0.24046941,0.9724362
2023-04-14,0.37783374595896646,10,0.4029269,1.1169158
2023-04-14,0.37783374595896646,21,0.56610304,1.1220412
2023-04-17,-0.2275445744279736,1,0.0,0.002402871
2023-04-17,-0.2275445744279736,3,0.24510895,0.6604006
2023-04-17,-0.2275445744279736,5,0.23903717,0.8422916
2023-04-17,-0.2275445744279736,10,0.39575055,0.92158616
2023-04-17,-0.2275445744279736,21,0.5603251,0.96298105
2023-04-18,0.3649797664442289,1,0.0,0.0030728448
2023-04-18,0.3649797664442289,3,0.18716148,0.6432028
2023-04-18,0.3649797664442289,5,0.2076019,0.79507804
2023-04-18,0.3649797664442289,10,0.5743584,0.9039702
2023-04-18,0.3649797664442289,21,0.55916464,0.91998535
2023-04-19,-0.0151809241137002,1,0.0,0.0008340301
2023-04-19,-0.0151809241137002,3,0.19037145,0.6062625
2023-04-19,-0.0151809241137002,5,0.340684,0.73810273
2023-04-19,-0.0151809241137002,10,0.55782694,0.8158536
2023-04-19,-0.0151809241137002,21,0.56731874,0.8236571
2023-04-20,-0.04700318623509503,1,0.0,0.0009561563
2023-04-20,-0.04700318623509503,3,0.20950747,0.5985341
2023-04-20,-0.04700318623509503,5,0.43780053,0.7362983
2023-04-20,-0.04700318623509503,10,0.55614716,0.8312356
2023-04-20,-0.04700318623509503,21,0.57637346,0.87185645
2023-04-21,0.3718053426391421,1,0.0,-0.0004995726
2023-04-21,0.3718053426391421,3,0.43445083,0.62703997
2023-04-21,0.3718053426391421,5,0.47350368,0.7465578
2023-04-21,0.3718053426391421,10,0.73729575,0.8238789
2023-04-21,0.3718053426391421,21,0.5767961,0.8679783
2023-04-24,-0.09444471180843905,1,0.0,0.004704741
2023-04-24,-0.09444471180843905,3,0.31268597,0.5174222
2023-04-24,-0.09444471180843905,5,0.45813656,0.7132423
2023-04-24,-0.09444471180843905,10,0.73275214,0.8522685
2023-04-24,-0.09444471180843905,21,0.6003996,0.8906548
2023-04-25,-0.689765226309369,1,0.0,0.0016206084
2023-04-25,-0.689765226309369,3,0.45700866,0.55470604
2023-04-25,-0.689765226309369,5,0.66058725,0.66225135
2023-04-25,-0.689765226309369,10,0.7548997,0.7698575
2023-04-25,-0.689765226309369,21,0.68498033,0.80545086
2023-04-26,-0.8094435001181566,1,0.0,0.005671886
2023-04-26,-0.8094435001181566,3,0.505703,0.41118953
2023-04-26,-0.8094435001181566,5,0.69438773,0.54001564
2023-04-26,-0.8094435001181566,10,0.7352836,0.6209712
2023-04-26,-0.8094435001181566,21,0.67481893,0.6725272
2023-04-27,0.21430120800998154,1,0.0,0.004451398
2023-04-27,0.21430120800998154,3,0.80423796,0.40848297
2023-04-27,0.21430120800998154,5,0.653153,0.52470124
2023-04-27,0.21430120800998154,10,0.69908994,0.6090417
2023-04-27,0.21430120800998154,21,0.716405,0.6237979
2023-04-28,0.3063906686338491,1,0.0,0.0027170684
2023-04-28,0.3063906686338491,3,0.79286253,0.4896616
2023-04-28,0.3063906686338491,5,0.91779435,0.6156251
2023-04-28,0.3063906686338491,10,0.7104067,0.73513174
2023-04-28,0.3063906686338491,21,0.7168918,0.7650614
2023-05-02,-1.443835332496679,1,0.0,-0.0009562187
2023-05-02,-1.443835332496679,3,0.6664542,0.59648085
2023-05-02,-1.443835332496679,5,0.9170775,0.69935685
2023-05-02,-1.443835332496679,10,0.706214,0.8343848
2023-05-02,-1.443835332496679,21,0.7473751,0.8796343
2023-05-03,0.16022982003791597,1,0.0,0.0028999653
2023-05-03,0.16022982003791597,3,0.72921836,0.67097497
2023-05-03,0.16022982003791597,5,0.71059513,0.823117
2023-05-03,0.16022982003791597,10,0.53539824,0.94115555
2023-05-03,0.16022982003791597,21,0.7515109,0.9280861
2023-05-04,-0.37920692974759973,1,0.0,0.0007545315
2023-05-04,-0.37920692974759973,3,0.71820986,0.824326
2023-05-04,-0.37920692974759973,5,0.7242465,1.0786067
2023-05-04,-0.37920692974759973,10,0.5353024,1.1905332
2023-05-04,-0.37920692974759973,21,0.77257293,1.113859
2023-05-05,1.3651888328142014,1,0.0,-0.0023340173
2023-05-05,1.3651888328142014,3,0.849022,0.7350228
2023-05-05,1.3651888328142014,5,0.6905905,0.8160297
2023-05-05,1.3651888328142014,10,0.52807254,0.87871873
2023-05-05,1.3651888328142014,21,0.8599238,0.8650039
2023-05-08,0.2954384300070778,1,0.0,0.0009755548
2023-05-08,0.2954384300070778,3,0.41218013,0.68878615
2023-05-08,0.2954384300070778,5,0.40809554,0.8529795
2023-05-08,0.2954384300070778,10,0.36963654,0.95720685
2023-05-08,0.2954384300070778,21,0.814141,0.98166114
2023-05-09,-0.7141921532911155,1,0.0,0.004375116
2023-05-09,-0.7141921532911155,3,0.3147374,0.60234
2023-05-09,-0.7141921532911155,5,0.39406458,0.77135336
2023-05-09,-0.7141921532911155,10,0.36699834,0.87244016
2023-05-09,-0.7141921532911155,21,0.8103694,0.8662214
2023-05-10,-0.20856596480038903,1,0.0,0.0003704261
2023-05-10,-0.20856596480038903,3,0.26729834,0.66315126
2023-05-10,-0.20856596480038903,5,0.25232568,0.80897117
2023-05-10,-0.20856596480038903,10,0.41016373,0.8855178
2023-05-10,-0.20856596480038903,21,0.79928726,0.8942204
2023-05-11,0.04262981946885347,1,0.0,0.0005595051
2023-05-11,0.04262981946885347,3,0.16387899,0.6107439
2023-05-11,0.04262981946885347,5,0.21970005,0.7563728
2023-05-11,0.04262981946885347,10,0.6431416,0.83076483
2023-05-11,0.04262981946885347,21,0.80084604,0.8523368
2023-05-12,0.44066662454547156,1,0.0,0.0008801129
2023-05-12,0.44066662454547156,3,0.27631164,0.5464199
2023-05-12,0.44066662454547156,5,0.28261623,0.68469656
2023-05-12,0.44066662454547156,10,0.642138,0.752903
2023-05-12,0.44066662454547156,21,0.8006347,0.76719064
2023-05-15,0.1966094647709582,1,0.0,0.0001130132
2023-05-15,0.1966094647709582,3,0.1746276,0.55747557
2023-05-15,0.1966094647709582,5,0.2836112,0.6852321
2023-05-15,0.1966094647709582,10,0.7520263,0.779443
2023-05-15,0.1966094647709582,21,0.79811525,0.8571765
2023-05-16,-0.22807360871190951,1,0.0,0.00048811082
2023-05-16,-0.22807360871190951,3,0.32767996,0.5289824
2023-05-16,-0.22807360871190951,5,0.3110824,0.6293355
2023-05-16,-0.22807360871190951,10,0.7499926,0.7140416
2023-05-16,-0.22807360871190951,21,0.8180238,0.7663561
2023-05-17,0.028537664422501052,1,0.0,0.0019507147
2023-05-17,0.028537664422501052,3,0.22816478,0.5110131
2023-05-17,0.028537664422501052,5,0.52120256,0.66877794
2023-05-17,0.028537664422501052,10,0.8099595,0.7271326
2023-05-17,0.028537664422501052,21,0.82418466,0.7551573
2023-05-18,0.5588644674766385,1,0.0,0.0029993616
2023-05-18,0.5588644674766385,3,0.29621935,0.50024116
2023-05-18,0.5588644674766385,5,0.8298119,0.6458053
2023-05-18,0.5588644674766385,10,0.8898838,0.7350177
2023-05-18,0.5588644674766385,21,0.8250214,0.767255
2023-05-19,0.44644713710937367,1,0.0,0.0059739733
2023-05-19,0.44644713710937367,3,0.5572354,0.33881333
2023-05-19,0.44644713710937367,5,0.7103546,0.44268376
2023-05-19,0.44644713710937367,10,0.911738,0.4830311
2023-05-19,0.44644713710937367,21,0.8319342,0.5153347
2023-05-22,-0.11813264842208682,1,0.0,0.007742134
2023-05-22,-0.11813264842208682,3,0.61381286,0.23955615
2023-05-22,-0.11813264842208682,5,0.95285696,0.32882172
2023-05-22,-0.11813264842208682,10,1.0846337,0.39387625
2023-05-22,-0.11813264842208682,21,0.846844,0.422214
2023-05-23,-0.9120574905075784,1,0.0,0.0021377131
2023-05-23,-0.9120574905075784,3,0.55396384,0.40838265
2023-05-23,-0.9120574905075784,5,0.9470891,0.5261673
2023-05-23,-0.9120574905075784,10,1.0919406,0.6342607
2023-05-23,-0.9120574905075784,21,0.8546844,0.6750334
2023-05-24,-1.620857552139654,1,0.0,-0.0009201467
2023-05-24,-1.620857552139654,3,1.1711732,0.51243603
2023-05-24,-1.620857552139654,5,0.9758728,0.6035281
2023-05-24,-1.620857552139654,10,1.0735532,0.75157416
2023-05-24,-1.620857552139654,21,0.8374139,0.78733903
2023-05-25,-0.2643878730121507,1,0.0,-0.0024206173
2023-05-25,-0.2643878730121507,3,0.72649133,0.7511747
2023-05-25,-0.2643878730121507,5,0.94506204,0.8654148
2023-05-25,-0.2643878730121507,10,0.95888275,1.0070183
2023-05-25,-0.2643878730121507,21,0.7677553,0.96409297
2023-05-26,1.2465330079924009,1,0.0,0.0018127095
2023-05-26,1.2465330079924009,3,0.98787826,0.6525721
2023-05-26,1.2465330079924009,5,1.0543485,0.8396922
2023-05-26,1.2465330079924009,10,0.9566603,0.9308374
2023-05-26,1.2465330079924009,21,0.78169507,0.90907735
2023-05-29,-0.3231092086474874,1,0.0,-0.0025593527
2023-05-29,-0.3231092086474874,3,0.48899192,0.64924103
2023-05-29,-0.3231092086474874,5,1.1902009,0.79575574
2023-05-29,-0.3231092086474874,10,0.86877745,0.9434948
2023-05-29,-0.3231092086474874,21,0.7323533,0.963533
2023-05-30,-1.133196597604158,1,0.0,-0.0020404905
2023-05-30,-1.133196597604158,3,0.98530555,0.7797466
2023-05-30,-1.133196597604158,5,1.210475,1.0271395
2023-05-30,-1.133196597604158,10,0.8738984,1.1371479
2023-05-30,-1.133196597604158,21,0.73814106,1.0984292
2023-05-31,-1.4922391293730186,1,0.0,-0.0021219458
2023-05-31,-1.4922391293730186,3,1.3442916,0.69238365
2023-05-31,-1.4922391293730186,5,1.109022,0.87747586
2023-05-31,-1.4922391293730186,10,0.8197184,1.0014377
2023-05-31,-1.4922391293730186,21,0.72112733,1.0186163
2023-06-01,0.7541730435982608,1,0.0,-0.0026470646
2023-06-01,0.7541730435982608,3,0.9755369,0.7680084
2023-06-01,0.7541730435982608,5,0.8009739,0.94908863
2023-06-01,0.7541730435982608,10,0.60461295,1.032166
2023-06-01,0.7541730435982608,21,0.63271034,1.001601
2023-06-02,1.7159762596990369,1,0.0,-0.0013132375
2023-06-02,1.7159762596990369,3,0.9941026,0.7031219
2023-06-02,1.7159762596990369,5,0.78022933,0.88949203
2023-06-02,1.7159762596990369,10,0.6098133,0.97762954
2023-06-02,1.7159762596990369,21,0.64131665,0.9713601
2023-06-05,-0.6593185705794369,1,0.0,0.001233574
2023-06-05,-0.6593185705794369,3,0.33976567,0.5860815
2023-06-05,-0.6593185705794369,5,0.30474025,0.72003734
2023-06-05,-0.6593185705794369,10,0.42155042,0.75941455
2023-06-05,-0.6593185705794369,21,0.53914994,0.746666
2023-06-06,0.06404337295542462,1,0.0,0.0026727198
2023-06-06,0.06404337295542462,3,0.07373056,0.6635551
2023-06-06,0.06404337295542462,5,0.14886694,0.81304765
2023-06-06,0.06404337295542462,10,0.4707301,0.913376
2023-06-06,0.06404337295542462,21,0.51351666,0.9132269
2023-06-07,0.05879441845673128,1,0.0,-7.821806e-05
2023-06-07,0.05879441845673128,3,0.124714024,0.7287996
2023-06-07,0.05879441845673128,5,0.30867344,0.85253435
2023-06-07,0.05879441845673128,10,0.52349406,0.90691686
2023-06-07,0.05879441845673128,21,0.5538975,0.8953003
2023-06-08,0.21775895340576668,1,0.0,0.002995574
2023-06-08,0.21775895340576668,3,0.18202929,0.5599407
2023-06-08,0.21775895340576668,5,0.29855514,0.73550093
2023-06-08,0.21775895340576668,10,0.54272085,0.83449835
2023-06-08,0.21775895340576668,21,0.82747334,0.8361305
2023-06-09,-0.08764112266259616,1,0.0,0.002128195
2023-06-09,-0.08764112266259616,3,0.3679426,0.6288913
2023-06-09,-0.08764112266259616,5,0.367405,0.8119539
2023-06-09,-0.08764112266259616,10,0.55969846,0.9021949
2023-06-09,-0.08764112266259616,21,0.83372414,0.90315783
2023-06-12,0.3464022541926681,1,0.0,0.0021333983
2023-06-12,0.3464022541926681,3,0.1944473,0.57130665
2023-06-12,0.3464022541926681,5,0.35113347,0.7623502
2023-06-12,0.3464022541926681,10,0.5994147,0.8081745
2023-06-12,0.3464022541926681,21,0.83857703,0.78582907
2023-06-13,0.8134293133957193,1,0.0,0.0024959696
2023-06-13,0.8134293133957193,3,0.41027415,0.58116215
2023-06-13,0.8134293133957193,5,0.6464416,0.7390645
2023-06-13,0.8134293133957193,10,0.59449536,0.8204238
2023-06-13,0.8134293133957193,21,0.8546735,0.8543913
2023-06-14,0.49893320294804866,1,0.0,0.0018114187
2023-06-14,0.49893320294804866,3,0.38645563,0.5744662
2023-06-14,0.49893320294804866,5,0.62472135,0.78178376
2023-06-14,0.49893320294804866,10,0.54760385,0.86315197
2023-06-14,0.49893320294804866,21,0.90625995,0.89749354
2023-06-15,-0.17042694968480987,1,0.0,0.0007758308
2023-06-15,-0.17042694968480987,3,0.6690963,0.41088656
2023-06-15,-0.17042694968480987,5,0.5559398,0.5245355
2023-06-15,-0.17042694968480987,10,0.6056809,0.6242007
2023-06-15,-0.17042694968480987,21,0.9112523,0.6582524
2023-06-16,0.7439370896556774,1,0.0,0.0012241174
2023-06-16,0.7439370896556774,3,0.7122933,0.5621713
2023-06-16,0.7439370896556774,5,0.55881524,0.67073524
2023-06-16,0.7439370896556774,10,0.617254,0.78993756
2023-06-16,0.7439370896556774,21,0.9100688,0.78019375
2023-06-19,-0.8911914816970068,1,0.0,0.000759488
2023-06-19,-0.8911914816970068,3,0.20854126,0.56964624
2023-06-19,-0.8911914816970068,5,0.18289167,0.74636114
2023-06-19,-0.8911914816970068,10,0.64170706,0.8230728
2023-06-19,-0.8911914816970068,21,0.9141886,0.8383394
2023-06-20,-0.6007834850512594,1,0.0,0.000251228
2023-06-20,-0.6007834850512594,3,0.09029132,0.65500283
2023-06-20,-0.6007834850512594,5,0.34766084,0.8106757
2023-06-20,-0.6007834850512594,10,0.57262594,0.96076906
2023-06-20,-0.6007834850512594,21,0.8955969,1.0037557
2023-06-21,-0.3820507519859184,1,0.0,0.0020609535
2023-06-21,-0.3820507519859184,3,0.14905433,0.68494576
2023-06-21,-0.3820507519859184,5,0.45358413,0.92381483
2023-06-21,-0.3820507519859184,10,0.5271711,1.0039327
2023-06-21,-0.3820507519859184,21,0.8846897,0.9408935
2023-06-22,-0.46307373179876876,1,0.0,0.0004963977
2023-06-22,-0.46307373179876876,3,0.42414293,0.6015663
2023-06-22,-0.46307373179876876,5,0.60321355,0.7224482
2023-06-22,-0.46307373179876876,10,0.5902386,0.8027157
2023-06-22,-0.46307373179876876,21,0.8796546,0.79192257
2023-06-23,-0.7308702527753397,1,0.0,0.0007386496
2023-06-23,-0.7308702527753397,3,0.5206236,0.70769405
2023-06-23,-0.7308702527753397,5,0.5381109,0.862197
2023-06-23,-0.7308702527753397,10,1.0534401,0.9190461
2023-06-23,-0.7308702527753397,21,0.8736665,0.88102156
2023-06-26,0.2723675950293547,1,0.0,-0.00060062855
2023-06-26,0.2723675950293547,3,0.2690874,0.6927163
2023-06-26,0.2723675950293547,5,0.2829428,0.8313866
2023-06-26,0.2723675950293547,10,1.0477369,0.9073715
2023-06-26,0.2723675950293547,21,0.85317934,0.88764435
2023-06-27,0.4525518707526821,1,0.0,0.0014715716
2023-06-27,0.4525518707526821,3,0.24994405,0.591494
2023-06-27,0.4525518707526821,5,0.3049489,0.78826594
2023-06-27,0.4525518707526821,10,1.0510377,0.86355793
2023-06-27,0.4525518707526821,21,0.85303175,0.880294
2023-06-28,0.9115374395250342,1,0.0,-0.0012990888
2023-06-28,0.9115374395250342,3,0.2763116,0.744987
2023-06-28,0.9115374395250342,5,0.38431644,0.8692871
2023-06-28,0.9115374395250342,10,1.0726885,0.9370023
2023-06-28,0.9115374395250342,21,0.8931364,0.9589711
2023-06-29,0.3311553715113824,1,0.0,-0.00085027143
2023-06-29,0.3311553715113824,3,0.3211367,0.70006025
2023-06-29,0.3311553715113824,5,0.57672304,0.8018639
2023-06-29,0.3311553715113824,10,1.1475942,0.82807606
2023-06-29,0.3311553715113824,21,0.957194,0.8383716
2023-06-30,0.9228989626449469,1,0.0,0.0021282025
2023-06-30,0.9228989626449469,3,0.40399092,0.54909784
2023-06-30,0.9228989626449469,5,1.2800078,0.6458229
2023-06-30,0.9228989626449469,10,1.1588514,0.6677532
2023-06-30,0.9228989626449469,21,0.95740896,0.6661713
2023-07-03,0.17818510505485108,1,0.0,0.00041618664
2023-07-03,0.17818510505485108,3,0.44921356,0.4912069
2023-07-03,0.17818510505485108,5,1.1904067,0.57284033
2023-07-03,0.17818510505485108,10,1.1290414,0.63826114
2023-07-03,0.17818510505485108,21,0.9411558,0.69944125
2023-07-04,-0.013807085963790655,1,0.0,0.0019515408
2023-07-04,-0.013807085963790655,3,1.1721504,0.46751904
2023-07-04,-0.013807085963790655,5,1.21879,0.6037901
2023-07-04,-0.013807085963790655,10,1.1570573,0.63666946
2023-07-04,-0.013807085963790655,21,0.9680633,0.64527345
2023-07-05,-0.8561189979725548,1,0.0,0.0019680066
2023-07-05,-0.8561189979725548,3,1.3538294,0.4215022
2023-07-05,-0.8561189979725548,5,1.3347015,0.50686765
2023-07-05,-0.8561189979725548,10,1.1624846,0.5626202
2023-07-05,-0.8561189979725548,21,1.0185987,0.5989588
2023-07-06,-2.812061623916229,1,0.0,0.0031959098
2023-07-06,-2.812061623916229,3,1.5293742,0.58623636
2023-07-06,-2.812061623916229,5,1.5169727,0.7574902
2023-07-06,-2.812061623916229,10,1.1283562,0.8517967
2023-07-06,-2.812061623916229,21,1.0071983,0.88673013
2023-07-07,0.4850818920118627,1,0.0,-0.00010710023
2023-07-07,0.4850818920118627,3,0.18985194,0.8880287
2023-07-07,0.4850818920118627,5,0.43600786,1.1502926
2023-07-07,0.4850818920118627,10,0.57797885,1.3098186
2023-07-07,0.4850818920118627,21,0.79569346,1.3219093
2023-07-10,0.37666238187430423,1,0.0,0.0009072926
2023-07-10,0.37666238187430423,3,0.50976664,0.5908335
2023-07-10,0.37666238187430423,5,0.5129422,0.7248391
2023-07-10,0.37666238187430423,10,0.57811284,0.9153961
2023-07-10,0.37666238187430423,21,0.793476,0.92954123
2023-07-11,0.8225107872251058,1,0.0,0.0013214331
2023-07-11,0.8225107872251058,3,0.4110258,0.5151656
2023-07-11,0.8225107872251058,5,0.8063942,0.6720848
2023-07-11,0.8225107872251058,10,0.59727347,0.8161383
2023-07-11,0.8225107872251058,21,0.816789,0.84687465
2023-07-12,1.6096823467202093,1,0.0,0.0003479775
2023-07-12,1.6096823467202093,3,0.62500775,0.6313082
2023-07-12,1.6096823467202093,5,0.78805673,0.8004321
2023-07-12,1.6096823467202093,10,0.57766193,0.9517988
2023-07-12,1.6096823467202093,21,0.8137765,0.96949816
2023-07-13,0.6724877124321793,1,0.0,0.002831811
2023-07-13,0.6724877124321793,3,0.61112726,0.5380656
2023-07-13,0.6724877124321793,5,0.49514264,0.7210593
2023-07-13,0.6724877124321793,10,0.536449,0.81862223
2023-07-13,0.6724877124321793,21,0.77494204,0.8260239
2023-07-14,0.09270257623823497,1,0.0,0.0024146046
2023-07-14,0.09270257623823497,3,0.4918939,0.62504506
2023-07-14,0.09270257623823497,5,0.42495582,0.78370154
2023-07-14,0.09270257623823497,10,0.760099,0.9107512
2023-07-14,0.09270257623823497,21,0.812147,0.9071148
2023-07-17,-0.812616678331679,1,0.0,0.0021849573
2023-07-17,-0.812616678331679,3,0.513029,0.72449374
2023-07-17,-0.812616678331679,5,0.46667838,0.9253907
2023-07-17,-0.812616678331679,10,0.7627529,1.0527182
2023-07-17,-0.812616678331679,21,0.81171083,1.0264417
2023-07-18,0.3286037310889611,1,0.0,0.00103903
2023-07-18,0.3286037310889611,3,0.047587685,0.68051195
2023-07-18,0.3286037310889611,5,0.19175453,0.8951001
2023-07-18,0.3286037310889611,10,0.6961804,1.0447205
2023-07-18,0.3286037310889611,21,0.8113214,1.0238338
2023-07-19,0.21363182082136944,1,0.0,-0.0008624289
2023-07-19,0.21363182082136944,3,0.118877254,0.7716704
2023-07-19,0.21363182082136944,5,0.1873956,1.0223635
2023-07-19,0.21363182082136944,10,0.7816671,1.1093962
2023-07-19,0.21363182082136944,21,0.80846477,1.1379927
2023-07-20,0.2877532962490825,1,0.0,0.00056689885
2023-07-20,0.2877532962490825,3,0.24173503,0.70986116
2023-07-20,0.2877532962490825,5,0.56686467,0.92154413
2023-07-20,0.2877532962490825,10,0.90517575,1.073934
2023-07-20,0.2877532962490825,21,0.8367932,1.098727
2023-07-21,0.4945626351204879,1,0.0,0.0046317
2023-07-21,0.4945626351204879,3,0.23885971,0.73719823
2023-07-21,0.4945626351204879,5,0.9696869,1.0049684
2023-07-21,0.4945626351204879,10,0.9040702,1.1713798
2023-07-21,0.4945626351204879,21,0.83286124,1.174478
2023-07-24,-0.08934554983444087,1,0.0,0.0030100653
2023-07-24,-0.08934554983444087,3,0.57102865,0.5871794
2023-07-24,-0.08934554983444087,5,0.97120744,0.81568354
2023-07-24,-0.08934554983444087,10,0.91394097,0.9018432
2023-07-24,-0.08934554983444087,21,0.82826513,0.9054373
2023-07-25,0.23472160998263547,1,0.0,0.0029417863
2023-07-25,0.23472160998263547,3,1.2258708,0.58206403
2023-07-25,0.23472160998263547,5,0.96517104,0.8368787
2023-07-25,0.23472160998263547,10,0.914033,0.95975417
2023-07-25,0.23472160998263547,21,0.85108167,0.9924206
2023-07-26,-1.1056868003799458,1,0.0,0.0020325277
2023-07-26,-1.1056868003799458,3,1.2422583,0.5186289
2023-07-26,-1.1056868003799458,5,1.072764,0.68489456
2023-07-26,-1.1056868003799458,10,0.92693657,0.73898244
2023-07-26,-1.1056868003799458,21,0.8485017,0.78492075
2023-07-27,1.8915102776436932,1,0.0,-0.00092718564
2023-07-27,1.8915102776436932,3,0.895236,0.6013683
2023-07-27,1.8915102776436932,5,1.146601,0.6991592
2023-07-27,1.8915102776436932,10,0.9211796,0.770979
2023-07-27,1.8915102776436932,21,0.8287542,0.8393701
2023-07-28,-0.06209650853152837,1,0.0,-0.000109883025
2023-07-28,-0.06209650853152837,3,0.46076176,0.59023464
2023-07-28,-0.06209650853152837,5,0.563214,0.7509196
2023-07-28,-0.06209650853152837,10,0.7748124,0.8705077
2023-07-28,-0.06209650853152837,21,0.698177,0.9542368
2023-07-31,0.05210656981864403,1,0.0,0.0047959164
2023-07-31,0.05210656981864403,3,0.6259325,0.818866
2023-07-31,0.05210656981864403,5,0.73140484,1.0961671
2023-07-31,0.05210656981864403,10,0.85001403,1.2510806
2023-07-31,0.05210656981864403,21,0.76606715,1.2311666
2023-08-01,-0.9774015171864825,1,0.0,-0.00054096244
2023-08-01,-0.9774015171864825,3,0.3934432,0.6016921
2023-08-01,-0.9774015171864825,5,0.7158109,0.76867133
2023-08-01,-0.9774015171864825,10,0.8491584,0.9491333
2023-08-01,-0.9774015171864825,21,0.78616667,0.98457754
2023-08-02,-1.4465918983151305,1,0.0,-0.0011484753
2023-08-02,-1.4465918983151305,3,0.8453696,0.5142764
2023-08-02,-1.4465918983151305,5,0.6975532,0.65461326
2023-08-02,-1.4465918983151305,10,0.83600247,0.7851874
2023-08-02,-1.4465918983151305,21,0.76314497,0.8270498
2023-08-03,-0.48296703955710285,1,0.0,-0.0010659061
2023-08-03,-0.48296703955710285,3,0.45635423,0.8461563
2023-08-03,-0.48296703955710285,5,0.613941,1.0479089
2023-08-03,-0.48296703955710285,10,0.73625124,1.187243
2023-08-03,-0.48296703955710285,21,0.70605993,1.142581
2023-08-04,0.622511970456241,1,0.0,-0.0003535729
2023-08-04,0.622511970456241,3,0.59458613,0.6779179
2023-08-04,0.622511970456241,5,0.691987,0.83066195
2023-08-04,0.622511970456241,10,0.7947222,0.9334549
2023-08-04,0.622511970456241,21,0.69915986,0.9273052
2023-08-07,-0.07376651407948742,1,0.0,0.00021788664
2023-08-07,-0.07376651407948742,3,0.6469792,0.76629424
2023-08-07,-0.07376651407948742,5,0.9161387,0.94821227
2023-08-07,-0.07376651407948742,10,0.7473479,1.1071378
2023-08-07,-0.07376651407948742,21,0.6842563,1.0937176
2023-08-08,-0.8334604373235521,1,0.0,0.000517034
2023-08-08,-0.8334604373235521,3,0.84577423,0.7610384
2023-08-08,-0.8334604373235521,5,0.916961,0.996521
2023-08-08,-0.8334604373235521,10,0.77209705,1.1202182
2023-08-08,-0.8334604373235521,21,0.68529797,1.088191
2023-08-09,0.7508650367730851,1,0.0,-0.00024531595
2023-08-09,0.7508650367730851,3,1.0673947,0.62579775
2023-08-09,0.7508650367730851,5,0.9119543,0.86194384
2023-08-09,0.7508650367730851,10,0.7979259,1.0485593
2023-08-09,0.7508650367730851,21,0.6787725,1.0343018
2023-08-10,1.1147463305307248,1,0.0,-0.0015325155
2023-08-10,1.1147463305307248,3,0.9914295,0.8722165
2023-08-10,1.1147463305307248,5,0.82140464,1.1379163
2023-08-10,1.1147463305307248,10,0.75030524,1.2489203
2023-08-10,1.1147463305307248,21,0.6580607,1.2802024
2023-08-11,-1.3094441713087157,1,0.0,0.00045056827
2023-08-11,-1.3094441713087157,3,0.5513232,0.6807471
2023-08-11,-1.3094441713087157,5,0.50379485,0.8927928
2023-08-11,-1.3094441713087157,10,0.6226621,1.0457227
2023-08-11,-1.3094441713087157,21,0.60890126,1.1318434
2023-08-14,0.02783719653454142,1,0.0,0.0009650644
2023-08-14,0.02783719653454142,3,0.34097937,0.6963146
2023-08-14,0.02783719653454142,5,0.40965077,0.89762086
2023-08-14,0.02783719653454142,10,0.5447285,1.0489721
2023-08-14,0.02783719653454142,21,0.5605036,1.0918005
2023-08-15,-0.8037960478004536,1,0.0,0.0021856222
2023-08-15,-0.8037960478004536,3,0.3450047,0.72452843
2023-08-15,-0.8037960478004536,5,0.5123562,0.97079325
2023-08-15,-0.8037960478004536,10,0.69972414,1.0534899
2023-08-15,-0.8037960478004536,21,0.56268674,1.0639073
2023-08-16,-0.32096583461065364,1,0.0,0.002601482
2023-08-16,-0.32096583461065364,3,0.37288284,0.7074926
2023-08-16,-0.32096583461065364,5,0.6590481,0.9552682
2023-08-16,-0.32096583461065364,10,0.6877181,1.1110009
2023-08-16,-0.32096583461065364,21,0.5445358,1.1431235
2023-08-17,-1.1630333860869868,1,0.0,0.0013438053
2023-08-17,-1.1630333860869868,3,0.62411094,0.7084619
2023-08-17,-1.1630333860869868,5,0.6601808,0.93077785
2023-08-17,-1.1630333860869868,10,0.6810923,1.0251365
2023-08-17,-1.1630333860869868,21,0.62043375,1.0615537
2023-08-18,-0.4356029088646629,1,0.0,0.0015917215
2023-08-18,-0.4356029088646629,3,0.48604473,0.73249876
2023-08-18,-0.4356029088646629,5,0.49784464,0.9463235
2023-08-18,-0.4356029088646629,10,0.5752994,1.0891304
2023-08-18,-0.4356029088646629,21,0.56487644,1.1032093
2023-08-21,0.3651339123057262,1,0.0,-0.00050248764
2023-08-21,0.3651339123057262,3,0.26088324,0.8210585
2023-08-21,0.3651339123057262,5,0.44109857,1.0045295
2023-08-21,0.3651339123057262,10,0.54601157,1.1042002
2023-08-21,0.3651339123057262,21,0.61294466,1.1108221
2023-08-22,0.727781322191845,1,0.0,4.8585236e-05
2023-08-22,0.727781322191845,3,0.5495854,0.88908136
2023-08-22,0.727781322191845,5,0.63517016,1.1694672
2023-08-22,0.727781322191845,10,0.5495511,1.266939
2023-08-22,0.727781322191845,21,0.60920656,1.2095177
2023-08-23,0.09078732577743054,1,0.0,-0.0020155236
2023-08-23,0.09078732577743054,3,0.3455925,0.67727137
2023-08-23,0.09078732577743054,5,0.6304673,0.8858583
2023-08-23,0.09078732577743054,10,0.52381384,0.99400043
2023-08-23,0.09078732577743054,21,0.6009529,1.0247118
2023-08-24,-0.6177879333758796,1,0.0,-0.00069742464
2023-08-24,-0.6177879333758796,3,0.7719441,0.6226956
2023-08-24,-0.6177879333758796,5,0.65884376,0.74415827
2023-08-24,-0.6177879333758796,10,0.5703353,0.79702944
2023-08-24,-0.6177879333758796,21,0.66687083,0.8369805
2023-08-25,0.13761641601934826,1,0.0,-0.000623215
2023-08-25,0.13761641601934826,3,0.4586825,0.7276363
2023-08-25,0.13761641601934826,5,0.6155381,0.85679454
2023-08-25,0.13761641601934826,10,0.5530416,0.9600804
2023-08-25,0.13761641601934826,21,0.65586746,0.9526163
2023-08-28,1.2611013351818912,1,0.0,-0.0005609747
2023-08-28,1.2611013351818912,3,0.59463835,0.48209235
2023-08-28,1.2611013351818912,5,0.6285732,0.61571383
2023-08-28,1.2611013351818912,10,0.5628478,0.69492424
2023-08-28,1.2611013351818912,21,0.6784789,0.77011
2023-08-29,0.6898912361646303,1,0.0,-0.0030294862
2023-08-29,0.6898912361646303,3,0.48599094,0.6515713
2023-08-29,0.6898912361646303,5,0.3794422,0.764187
2023-08-29,0.6898912361646303,10,0.41128,0.7721791
2023-08-29,0.6898912361646303,21,0.6249308,0.7934534
2023-08-30,-0.1848768381497834,1,0.0,-0.0059309695
2023-08-30,-0.1848768381497834,3,0.1675727,0.737797
2023-08-30,-0.1848768381497834,5,0.13953114,0.83472586
2023-08-30,-0.1848768381497834,10,0.32853845,0.7802031
2023-08-30,-0.1848768381497834,21,0.59935516,0.76972216
2023-08-31,-0.44672665412930357,1,0.0,0.00066197757
2023-08-31,-0.44672665412930357,3,0.17887276,0.39287624
2023-08-31,-0.44672665412930357,5,0.24248104,0.4828681
2023-08-31,-0.44672665412930357,10,0.33612967,0.5951651
2023-08-31,-0.44672665412930357,21,0.61400735,0.64716977
2023-09-01,-0.04205230040090768,1,0.0,-0.0018259063
2023-09-01,-0.04205230040090768,3,0.08002414,0.58546776
2023-09-01,-0.04205230040090768,5,0.24024528,0.69432515
2023-09-01,-0.04205230040090768,10,0.5633117,0.8091884
2023-09-01,-0.04205230040090768,21,0.6229175,0.8594355
2023-09-04,-0.09892950234693387,1,0.0,0.0006446829
2023-09-04,-0.09892950234693387,3,0.25826296,0.56873673
2023-09-04,-0.09892950234693387,5,0.35455027,0.725139
2023-09-04,-0.09892950234693387,10,0.5735545,0.8146541
2023-09-04,-0.09892950234693387,21,0.65265,0.8657648
2023-09-05,-0.23294433552880633,1,0.0,-0.00031661615
2023-09-05,-0.23294433552880633,3,0.19218184,0.6087328
2023-09-05,-0.23294433552880633,5,0.43467358,0.7715802
2023-09-05,-0.23294433552880633,10,0.67183554,0.88221014
2023-09-05,-0.23294433552880633,21,0.6822443,0.9271889
2023-09-06,-0.7013610134531056,1,0.0,-0.0004044678
2023-09-06,-0.7013610134531056,3,0.45092317,0.60528994
2023-09-06,-0.7013610134531056,5,0.44098058,0.7844611
2023-09-06,-0.7013610134531056,10,0.67170155,0.87376314
2023-09-06,-0.7013610134531056,21,0.6825317,0.9307909
2023-09-07,-0.4266342390987887,1,0.0,-0.00031035207
2023-09-07,-0.4266342390987887,3,0.38035756,0.63834065
2023-09-07,-0.4266342390987887,5,0.3767087,0.78951335
2023-09-07,-0.4266342390987887,10,0.65325993,0.8894639
2023-09-07,-0.4266342390987887,21,0.6763678,0.9283873
2023-09-08,0.36249390381764,1,0.0,-0.0016832463
2023-09-08,0.36249390381764,3,0.33260837,0.64810896
2023-09-08,0.36249390381764,5,0.6393333,0.8027082
2023-09-08,0.36249390381764,10,0.76953787,0.9058821
2023-09-08,0.36249390381764,21,0.7017297,0.9682443
2023-09-11,0.3968598963939307,1,0.0,-0.0022517648
2023-09-11,0.3968598963939307,3,0.36085248,0.5865796
2023-09-11,0.3968598963939307,5,0.6391346,0.6950654
2023-09-11,0.3968598963939307,10,0.76204824,0.77650183
2023-09-11,0.3968598963939307,21,0.69383967,0.82813203
2023-09-12,-0.3252640518607741,1,0.0,-0.0008283984
2023-09-12,-0.3252640518607741,3,0.8184828,0.5593647
2023-09-12,-0.3252640518607741,5,0.8423137,0.67847365
2023-09-12,-0.3252640518607741,10,0.77863485,0.79617465
2023-09-12,-0.3252640518607741,21,0.821844,0.8493724
2023-09-13,-0.40564067200525855,1,0.0,0.000394308
2023-09-13,-0.40564067200525855,3,0.7271466,0.5608584
2023-09-13,-0.40564067200525855,5,0.82950956,0.66109145
2023-09-13,-0.40564067200525855,10,0.79664963,0.77936715
2023-09-13,-0.40564067200525855,21,0.8252712,0.77485555
2023-09-14,1.3694159523059746,1,0.0,-0.0017078351
2023-09-14,1.3694159523059746,3,1.0269521,0.5130614
2023-09-14,1.3694159523059746,5,0.8102727,0.644175
2023-09-14,1.3694159523059746,10,0.8008218,0.726873
2023-09-14,1.3694159523059746,21,0.82202506,0.7559822
2023-09-15,0.3545279688426106,1,0.0,-0.00045611896
2023-09-15,0.3545279688426106,3,0.65129447,0.5253
2023-09-15,0.3545279688426106,5,0.78422403,0.62229323
2023-09-15,0.3545279688426106,10,0.6566303,0.7175379
2023-09-15,0.3545279688426106,21,0.791082,0.74440557
2023-09-18,-1.1313518057776584,1,0.0,0.0005457271
2023-09-18,-1.1313518057776584,3,0.71371216,0.5008352
2023-09-18,-1.1313518057776584,5,0.7203816,0.6121716
2023-09-18,-1.1313518057776584,10,0.665064,0.72401667
2023-09-18,-1.1313518057776584,21,0.7909184,0.7574711
2023-09-19,0.114530511842581,1,0.0,-0.00123889
2023-09-19,0.114530511842581,3,0.80352956,0.66345906
2023-09-19,0.114530511842581,5,0.671469,0.828249
2023-09-19,0.114530511842581,10,0.6530216,0.90138763
2023-09-19,0.114530511842581,21,0.7614159,0.9049542
2023-09-20,0.553693622487561,1,0.0,0.0006730063
2023-09-20,0.553693622487561,3,0.77109337,0.727754
2023-09-20,0.553693622487561,5,0.6403757,0.94356084
2023-09-20,0.553693622487561,10,0.6852245,1.0273178
2023-09-20,0.553693622487561,21,0.77825326,1.052191
2023-09-21,-1.327459705945877,1,0.0,-0.00026998296
2023-09-21,-1.327459705945877,3,0.44520673,0.6279298
2023-09-21,-1.327459705945877,5,0.5032237,0.81010115
2023-09-21,-1.327459705945877,10,0.6210464,0.87694955
2023-09-21,-1.327459705945877,21,0.77022624,0.87675744
2023-09-22,-0.23998451619160477,1,0.0,0.002031155
2023-09-22,-0.23998451619160477,3,0.26937404,0.56934637
2023-09-22,-0.23998451619160477,5,0.49687794,0.73435915
2023-09-22,-0.23998451619160477,10,0.5639953,0.8906635
2023-09-22,-0.23998451619160477,21,0.77954334,0.9074444
2023-09-25,-0.8543548014168678,1,0.0,0.0004325714
2023-09-25,-0.8543548014168678,3,0.4381269,0.55629027
2023-09-25,-0.8543548014168678,5,0.5703996,0.70628595
2023-09-25,-0.8543548014168678,10,0.64918697,0.7908567
2023-09-25,-0.8543548014168678,21,0.7888263,0.83245814
2023-09-26,-0.755598340724184,1,0.0,0.0010787304
2023-09-26,-0.755598340724184,3,0.5055216,0.6695614
2023-09-26,-0.755598340724184,5,0.6192663,0.86827177
2023-09-26,-0.755598340724184,10,0.6110774,0.99340004
2023-09-26,-0.755598340724184,21,0.78985304,1.0412734
2023-09-27,0.1204874549044277,1,0.0,0.0004956182
2023-09-27,0.1204874549044277,3,0.15030657,0.7391397
2023-09-27,0.1204874549044277,5,0.6962057,0.95213056
2023-09-27,0.1204874549044277,10,0.8388168,1.1045789
2023-09-27,0.1204874549044277,21,0.77757657,1.0970027
2023-09-28,0.4402965231681044,1,0.0,0.0017514834
2023-09-28,0.4402965231681044,3,0.6950162,0.68993765
2023-09-28,0.4402965231681044,5,0.67902476,0.9274531
2023-09-28,0.4402965231681044,10,0.86086494,1.0776691
2023-09-28,0.4402965231681044,21,0.77851075,1.0994062
2023-09-29,0.4383664080104488,1,0.0,0.0006077206
2023-09-29,0.4383664080104488,3,0.7103354,0.5721333
2023-09-29,0.4383664080104488,5,0.6213889,0.7307831
2023-09-29,0.4383664080104488,10,0.8527809,0.84042907
2023-09-29,0.4383664080104488,21,0.7848216,0.8807549
2023-10-02,-1.0350196240173304,1,0.0,-0.0011990033
2023-10-02,-1.0350196240173304,3,0.45155308,0.58635086
2023-10-02,-1.0350196240173304,5,0.7116331,0.77480066
2023-10-02,-1.0350196240173304,10,0.91221666,0.8654088
2023-10-02,-1.0350196240173304,21,0.78026086,0.92014474
2023-10-03,-1.0998525963054284,1,0.0,0.0018745689
2023-10-03,-1.0998525963054284,3,0.52917725,0.6039958
2023-10-03,-1.0998525963054284,5,0.60098344,0.8229934
2023-10-03,-1.0998525963054284,10,0.86525613,0.97774434
2023-10-03,-1.0998525963054284,21,0.79050547,0.95387954
2023-10-04,-0.11119434672322015,1,0.0,-0.0007801447
2023-10-04,-0.11119434672322015,3,0.37275255,0.624977
2023-10-04,-0.11119434672322015,5,0.8001702,0.8004335
2023-10-04,-0.11119434672322015,10,0.77996194,0.8908451
2023-10-04,-0.11119434672322015,21,0.77238756,0.9080703
2023-10-05,0.12045496364132546,1,0.0,0.0005878266
2023-10-05,0.12045496364132546,3,0.38302657,0.5537362
2023-10-05,0.12045496364132546,5,0.87244415,0.6845354
2023-10-05,0.12045496364132546,10,0.84011537,0.7519434
2023-10-05,0.12045496364132546,21,0.85312706,0.8068236
2023-10-06,0.7694858761732704,1,0.0,-0.0014062282
2023-10-06,0.7694858761732704,3,0.8707696,0.6706114
2023-10-06,0.7694858761732704,5,0.8773273,0.8737095
2023-10-06,0.7694858761732704,10,0.8714148,0.94257236
2023-10-06,0.7694858761732704,21,0.8531636,0.9380178
2023-10-09,-0.14176736437985227,1,0.0,0.0010162164
2023-10-09,-0.14176736437985227,3,1.0947071,0.61431944
2023-10-09,-0.14176736437985227,5,1.051788,0.8143797
2023-10-09,-0.14176736437985227,10,0.9238937,0.95004267
2023-10-09,-0.14176736437985227,21,0.8419238,1.0247838
2023-10-10,1.9839766375192802,1,0.0,0.002290951
2023-10-10,1.9839766375192802,3,1.0620875,0.5289869
2023-10-10,1.9839766375192802,5,1.0522188,0.70821965
2023-10-10,1.9839766375192802,10,0.94074273,0.79563546
2023-10-10,1.9839766375192802,21,0.8503213,0.8054623
2023-10-11,-0.49439386846668043,1,0.0,0.004402429
2023-10-11,-0.49439386846668043,3,0.49752498,0.5970929
2023-10-11,-0.49439386846668043,5,0.5342474,0.8618034
2023-10-11,-0.49439386846668043,10,0.6686421,0.96062106
2023-10-11,-0.49439386846668043,21,0.7297575,0.9420758
2023-10-12,0.059667900818283215,1,0.0,0.0009018872
2023-10-12,0.059667900818283215,3,0.65277183,0.66468227
2023-10-12,0.059667900818283215,5,0.5957406,0.87098897
2023-10-12,0.059667900818283215,10,0.6743448,0.9235997
2023-10-12,0.059667900818283215,21,0.7575956,0.9600507
2023-10-13,-1.157390441975803,1,0.0,0.0041862167
2023-10-13,-1.157390441975803,3,0.65117687,0.7115561
2023-10-13,-1.157390441975803,5,0.5771632,0.97520494
2023-10-13,-1.157390441975803,10,0.66470706,1.0477777
2023-10-13,-1.157390441975803,21,0.7648769,1.0547082
2023-10-16,0.34923478428243726,1,0.0,0.0023175161
2023-10-16,0.34923478428243726,3,0.53579164,0.66951674
2023-10-16,0.34923478428243726,5,0.65491176,0.8952816
2023-10-16,0.34923478428243726,10,0.6351371,1.0085247
2023-10-16,0.34923478428243726,21,0.7451276,1.0040084
2023-10-17,0.04946520604187654,1,0.0,0.00093279313
2023-10-17,0.04946520604187654,3,0.41355142,0.58010435
2023-10-17,0.04946520604187654,5,0.65430343,0.7769512
2023-10-17,0.04946520604187654,10,0.6304199,0.92645186
2023-10-17,0.04946520604187654,21,0.77068335,0.9712063
2023-10-18,-0.9071899397889105,1,0.0,0.0006257454
2023-10-18,-0.9071899397889105,3,0.3134668,0.5420851
2023-10-18,-0.9071899397889105,5,0.7677903,0.71732754
2023-10-18,-0.9071899397889105,10,0.7289316,0.81502897
2023-10-18,-0.9071899397889105,21,0.7726815,0.8802286
2023-10-19,-0.7173405289957913,1,0.0,-0.0015520379
2023-10-19,-0.7173405289957913,3,0.7402792,0.6694678
2023-10-19,-0.7173405289957913,5,0.74295455,0.874808
2023-10-19,-0.7173405289957913,10,0.7336163,1.0105281
2023-10-19,-0.7173405289957913,21,0.77057153,1.0316044
2023-10-20,-1.45658220351077,1,0.0,0.00016038679
2023-10-20,-1.45658220351077,3,0.90456283,0.5647286
2023-10-20,-1.45658220351077,5,0.71219105,0.7054788
2023-10-20,-1.45658220351077,10,0.86509764,0.8312868
2023-10-20,-1.45658220351077,21,0.7630338,0.8904329
2023-10-23,0.34698460069035875,1,0.0,0.00023438223
2023-10-23,0.34698460069035875,3,0.22159325,0.71277964
2023-10-23,0.34698460069035875,5,0.51779056,0.92703056
2023-10-23,0.34698460069035875,10,0.6743809,1.0896188
2023-10-23,0.34698460069035875,21,0.6677305,1.1121647
2023-10-24,0.5598367863883347,1,0.0,-0.0010157432
2023-10-24,0.5598367863883347,3,0.38599756,0.707313
2023-10-24,0.5598367863883347,5,0.5108274,0.91897166
2023-10-24,0.5598367863883347,10,0.69847393,1.0343375
2023-10-24,0.5598367863883347,21,0.681979,1.0284128
2023-10-25,0.020991335320363902,1,0.0,-0.0020591114
2023-10-25,0.020991335320363902,3,0.37057486,0.61567783
2023-10-25,0.020991335320363902,5,0.615932,0.76536417
2023-10-25,0.020991335320363902,10,0.7321877,0.90910757
2023-10-25,0.020991335320363902,21,0.6783464,0.9705633
2023-10-26,-0.38242155763832386,1,0.0,0.00018006004
2023-10-26,-0.38242155763832386,3,0.4863945,0.69891506
2023-10-26,-0.38242155763832386,5,0.6731097,0.8839901
2023-10-26,-0.38242155763832386,10,0.73051965,0.9853982
2023-10-26,-0.38242155763832386,21,0.677718,0.99627644
2023-10-27,-0.8849233770747311,1,0.0,0.0018754117
2023-10-27,-0.8849233770747311,3,0.7546923,0.67182
2023-10-27,-0.8849233770747311,5,0.8510299,0.9427284
2023-10-27,-0.8849233770747311,10,0.7409844,1.0611988
2023-10-27,-0.8849233770747311,21,0.6638693,1.0596423
2023-10-30,0.30186329029842085,1,0.0,-0.00039195642
2023-10-30,0.30186329029842085,3,0.26006338,0.5955403
2023-10-30,0.30186329029842085,5,0.5539082,0.7936302
2023-10-30,0.30186329029842085,10,0.68509847,0.9483161
2023-10-30,0.30186329029842085,21,0.6302959,0.98079807
2023-10-31,0.9359370201550199,1,0.0,0.0019551013
2023-10-31,0.9359370201550199,3,0.43880728,0.62600696
2023-10-31,0.9359370201550199,5,0.67835283,0.8564744
2023-10-31,0.9359370201550199,10,0.7029111,0.97281003
2023-10-31,0.9359370201550199,21,0.6376276,1.044275
2023-11-01,0.6719210607520232,1,0.0,0.0022542411
2023-11-01,0.6719210607520232,3,0.6520665,0.64615047
2023-11-01,0.6719210607520232,5,0.7964824,0.86441404
2023-11-01,0.6719210607520232,10,0.7100529,0.9127127
2023-11-01,0.6719210607520232,21,0.62086606,0.9262392
2023-11-02,1.7062620545370777,1,0.0,0.002178111
2023-11-02,1.7062620545370777,3,0.8510242,0.61009383
2023-11-02,1.7062620545370777,5,0.77947986,0.8208227
2023-11-02,1.7062620545370777,10,0.7056002,0.8852377
2023-11-02,1.7062620545370777,21,0.6139352,0.9095864
2023-11-03,0.13506952821407125,1,0.0,0.0013821358
2023-11-03,0.13506952821407125,3,0.2797403,0.5833342
2023-11-03,0.13506952821407125,5,0.52521205,0.782458
2023-11-03,0.13506952821407125,10,0.6511543,0.8328152
2023-11-03,0.13506952821407125,21,0.5331152,0.860161
2023-11-06,-0.2657596971851639,1,0.0,0.0017671827
2023-11-06,-0.2657596971851639,3,0.30362228,0.61301345
2023-11-06,-0.2657596971851639,5,0.5765913,0.840069
2023-11-06,-0.2657596971851639,10,0.68787116,0.90782326
2023-11-06,-0.2657596971851639,21,0.5436046,0.9311156
2023-11-07,-0.546643173603556,1,0.0,0.0018970063
2023-11-07,-0.546643173603556,3,0.63348943,0.61553276
2023-11-07,-0.546643173603556,5,0.66078466,0.78360254
2023-11-07,-0.546643173603556,10,0.66916776,0.9242369
2023-11-07,-0.546643173603556,21,0.53891355,0.96998256
2023-11-08,0.19017728875043716,1,0.0,0.0040844083
2023-11-08,0.19017728875043716,3,0.6151098,0.6623033
2023-11-08,0.19017728875043716,5,0.5975622,0.86150205
2023-11-08,0.19017728875043716,10,0.65095514,1.0555153
2023-11-08,0.19017728875043716,21,0.51528597,1.1032443
2023-11-09,1.0044384136121742,1,0.0,0.00092709623
2023-11-09,1.0044384136121742,3,0.68589675,0.62849236
2023-11-09,1.0044384136121742,5,0.5813378,0.8170201
2023-11-09,1.0044384136121742,10,0.651311,0.9549922
2023-11-09,1.0044384136121742,21,0.51937956,1.0145938
2023-11-10,-0.5005784890066423,1,0.0,0.0015330128
2023-11-10,-0.5005784890066423,3,0.6918451,0.5034654
2023-11-10,-0.5005784890066423,5,0.7542025,0.69390893
2023-11-10,-0.5005784890066423,10,0.6074528,0.8587943
2023-11-10,-0.5005784890066423,21,0.5134679,0.89489484
2023-11-13,0.898642976275621,1,0.0,0.0019678185
2023-11-13,0.898642976275621,3,0.28252935,0.5034644
2023-11-13,0.898642976275621,5,0.70418054,0.6518241
2023-11-13,0.898642976275621,10,0.5592944,0.8420837
2023-11-13,0.898642976275621,21,0.48707885,0.91855353
2023-11-14,1.0270166323115504,1,0.0,0.0028182436
2023-11-14,1.0270166323115504,3,0.78836364,0.42957315
2023-11-14,1.0270166323115504,5,0.67300624,0.5808256
2023-11-14,1.0270166323115504,10,0.5568993,0.7152396
2023-11-14,1.0270166323115504,21,0.4716799,0.7502188
2023-11-15,0.37389612388940563,1,0.0,0.0033927895
2023-11-15,0.37389612388940563,3,0.73834646,0.4289867
2023-11-15,0.37389612388940563,5,0.60963774,0.57358336
2023-11-15,0.37389612388940563,10,0.48477688,0.66485715
2023-11-15,0.37389612388940563,21,0.44048938,0.69260806
2023-11-16,-0.8733614885920282,1,0.0,0.0015306585
2023-11-16,-0.8733614885920282,3,0.7224214,0.5075281
2023-11-16,-0.8733614885920282,5,0.59211624,0.6124643
2023-11-16,-0.8733614885920282,10,0.47462425,0.72464377
2023-11-16,-0.8733614885920282,21,0.4616949,0.779993
2023-11-17,0.8844900344364248,1,0.0,0.0006341906
2023-11-17,0.8844900344364248,3,0.51870483,0.54267585
2023-11-17,0.8844900344364248,5,0.40886706,0.67967767
2023-11-17,0.8844900344364248,10,0.3703742,0.79386234
2023-11-17,0.8844900344364248,21,0.39758244,0.8178186
2023-11-20,0.1815911586065866,1,0.0,0.0026610848
2023-11-20,0.1815911586065866,3,0.2630796,0.42789227
2023-11-20,0.1815911586065866,5,0.28565016,0.58459526
2023-11-20,0.1815911586065866,10,0.3475688,0.6767446
2023-11-20,0.1815911586065866,21,0.38805106,0.7140144
2023-11-21,-0.3835814248179581,1,0.0,0.002675889
2023-11-21,-0.3835814248179581,3,0.3259982,0.45090565
2023-11-21,-0.3835814248179581,5,0.35722172,0.622949
2023-11-21,-0.3835814248179581,10,0.37388247,0.72954005
2023-11-21,-0.3835814248179581,21,0.38837716,0.77134186
2023-11-22,0.16711668259725698,1,0.0,0.0015202016
2023-11-22,0.16711668259725698,3,0.10839844,0.515624
2023-11-22,0.16711668259725698,5,0.31189582,0.6409871
2023-11-22,0.16711668259725698,10,0.35173503,0.7238978
2023-11-22,0.16711668259725698,21,0.37119558,0.78867066
2023-11-23,0.39255238760169675,1,0.0,0.0015820302
2023-11-23,0.39255238760169675,3,0.3724897,0.56284773
2023-11-23,0.39255238760169675,5,0.310673,0.68947697
2023-11-23,0.39255238760169675,10,0.36185038,0.7418388
2023-11-23,0.39255238760169675,21,0.3853508,0.79990506
2023-11-24,0.4013255012123018,1,0.0,0.002333589
2023-11-24,0.4013255012123018,3,0.33264002,0.52406794
2023-11-24,0.4013255012123018,5,0.30169013,0.6648413
2023-11-24,0.4013255012123018,10,0.36509302,0.7538434
2023-11-24,0.4013255012123018,21,0.3828045,0.8166731
2023-11-27,-0.3931944884162597,1,0.0,0.0032051764
2023-11-27,-0.3931944884162597,3,0.21855931,0.4793857
2023-11-27,-0.3931944884162597,5,0.3999404,0.56474406
2023-11-27,-0.3931944884162597,10,0.42595917,0.63255554
2023-11-27,-0.3931944884162597,21,0.37989724,0.6806926
2023-11-28,-0.15238154546022287,1,0.0,0.0026227627
2023-11-28,-0.15238154546022287,3,0.20458,0.496642
2023-11-28,-0.15238154546022287,5,0.38064942,0.6417637
2023-11-28,-0.15238154546022287,10,0.37411836,0.7067606
2023-11-28,-0.15238154546022287,21,0.37873203,0.76987743
2023-11-29,0.14129363681325557,1,0.0,0.0019715773
2023-11-29,0.14129363681325557,3,0.25846234,0.49112055
2023-11-29,0.14129363681325557,5,0.36127856,0.6354413
2023-11-29,0.14129363681325557,10,0.36998072,0.7781893
2023-11-29,0.14129363681325557,21,0.37363437,0.8309099
2023-11-30,0.34610154134178117,1,0.0,-0.0009021517
2023-11-30,0.34610154134178117,3,0.4451885,0.5503111
2023-11-30,0.34610154134178117,5,0.35956663,0.6590041
2023-11-30,0.34610154134178117,10,0.39052835,0.766567
2023-11-30,0.34610154134178117,21,0.3756938,0.8427519
2023-12-01,0.7624969518352565,1,0.0,0.0015364448
2023-12-01,0.7624969518352565,3,0.4571428,0.5381459
2023-12-01,0.7624969518352565,5,0.3955338,0.69501877
2023-12-01,0.7624969518352565,10,0.42728275,0.7777773
2023-12-01,0.7624969518352565,21,0.44681615,0.80870694
2023-12-04,-0.3185287410030213,1,0.0,0.0012217052
2023-12-04,-0.3185287410030213,3,0.37229076,0.56521547
2023-12-04,-0.3185287410030213,5,0.4370812,0.7657223
2023-12-04,-0.3185287410030213,10,0.40134788,0.8663464
2023-12-04,-0.3185287410030213,21,0.43832448,0.8747902
2023-12-05,0.4748586727606252,1,0.0,0.0021267869
2023-12-05,0.4748586727606252,3,0.25297505,0.43186283
2023-12-05,0.4748586727606252,5,0.31947428,0.5954273
2023-12-05,0.4748586727606252,10,0.40734982,0.74290717
2023-12-05,0.4748586727606252,21,0.43262333,0.8128418
2023-12-06,0.4675287794895233,1,0.0,0.0031254617
2023-12-06,0.4675287794895233,3,0.40151364,0.4398538
2023-12-06,0.4675287794895233,5,0.37836727,0.61688066
2023-12-06,0.4675287794895233,10,0.39992833,0.74757874
2023-12-06,0.4675287794895233,21,0.42372614,0.818096
2023-12-07,-0.06540983124905253,1,0.0,0.0038938718
2023-12-07,-0.06540983124905253,3,0.40777606,0.42411426
2023-12-07,-0.06540983124905253,5,0.40070966,0.6704956
2023-12-07,-0.06540983124905253,10,0.3967407,0.79134405
2023-12-07,-0.06540983124905253,21,0.4171386,0.8295941
2023-12-08,0.916909794385834,1,0.0,0.0016088607
2023-12-08,0.916909794385834,3,0.42611104,0.46392748
2023-12-08,0.916909794385834,5,0.4525396,0.59464926
2023-12-08,0.916909794385834,10,0.41591814,0.730037
2023-12-08,0.916909794385834,21,0.4216438,0.8257353
2023-12-11,0.2690591034900436,1,0.0,0.002970796
2023-12-11,0.2690591034900436,3,0.1882117,0.43558094
2023-12-11,0.2690591034900436,5,0.35520267,0.5481834
2023-12-11,0.2690591034900436,10,0.3268931,0.6745281
2023-12-11,0.2690591034900436,21,0.37912875,0.7391137
2023-12-12,-0.11573617759497168,1,0.0,0.00507068
2023-12-12,-0.11573617759497168,3,0.45511064,0.47917667
2023-12-12,-0.11573617759497168,5,0.41354707,0.744518
2023-12-12,-0.11573617759497168,10,0.32768887,0.81976444
2023-12-12,-0.11573617759497168,21,0.42948636,0.8153
2023-12-13,-0.1432381416648809,1,0.0,0.0010131169
2023-12-13,-0.1432381416648809,3,0.4121845,0.44049606
2023-12-13,-0.1432381416648809,5,0.40628153,0.5872279
2023-12-13,-0.1432381416648809,10,0.35006562,0.7078595
2023-12-13,-0.1432381416648809,21,0.43893483,0.7556626
2023-12-14,0.8356544639108954,1,0.0,0.0014277343
2023-12-14,0.8356544639108954,3,0.49073464,0.49825987
2023-12-14,0.8356544639108954,5,0.39269188,0.6870559
2023-12-14,0.8356544639108954,10,0.34510666,0.80242914
2023-12-14,0.8356544639108954,21,0.4395195,0.8288802
2023-12-15,0.13206033863593092,1,0.0,0.004346147
2023-12-15,0.13206033863593092,3,0.26260862,0.43175456
2023-12-15,0.13206033863593092,5,0.2351272,0.61044234
2023-12-15,0.13206033863593092,10,0.22548686,0.6998764
2023-12-15,0.13206033863593092,21,0.44358122,0.7620134
2023-12-18,-0.3601856275237125,1,0.0,0.004758469
2023-12-18,-0.3601856275237125,3,0.24723151,0.4529746
2023-12-18,-0.3601856275237125,5,0.2227247,0.7121444
2023-12-18,-0.3601856275237125,10,0.36268198,0.7865244
2023-12-18,-0.3601856275237125,21,0.49804348,0.84262246
2023-12-19,0.24455309763364852,1,0.0,0.0025066826
2023-12-19,0.24455309763364852,3,0.22077163,0.4945419
2023-12-19,0.24455309763364852,5,0.2085915,0.65431535
2023-12-19,0.24455309763364852,10,0.42284176,0.7126781
2023-12-19,0.24455309763364852,21,0.49390128,0.7723973
2023-12-20,-0.030000643095995372,1,0.0,0.0029167542
2023-12-20,-0.030000643095995372,3,0.14554414,0.50511783
2023-12-20,-0.030000643095995372,5,0.23744434,0.6794598
2023-12-20,-0.030000643095995372,10,0.41182086,0.7159936
2023-12-20,-0.030000643095995372,21,0.5091056,0.7392892
2023-12-21,-0.29620323726318176,1,0.0,0.0031522755
2023-12-21,-0.29620323726318176,3,0.23684289,0.4502637
2023-12-21,-0.29620323726318176,5,0.24219313,0.6210572
2023-12-21,-0.29620323726318176,10,0.41515705,0.71872485
2023-12-21,-0.29620323726318176,21,0.50966734,0.7660037
2023-12-22,0.042266184458483735,1,0.0,0.0017122403
2023-12-22,0.042266184458483735,3,0.2714199,0.51273084
2023-12-22,0.042266184458483735,5,0.21192166,0.6624801
2023-12-22,0.042266184458483735,10,0.41082093,0.74929017
2023-12-22,0.042266184458483735,21,0.6037905,0.8291428
2023-12-27,0.2810808795365993,1,0.0,0.00096932054
2023-12-27,0.2810808795365993,3,0.27163506,0.5378555
2023-12-27,0.2810808795365993,5,0.45138398,0.69283146
2023-12-27,0.2810808795365993,10,0.41307905,0.7391399
2023-12-27,0.2810808795365993,21,0.60979056,0.7755826
2023-12-28,-0.3756672503876679,1,0.0,0.0018907879
2023-12-28,-0.3756672503876679,3,0.18335126,0.54950917
2023-12-28,-0.3756672503876679,5,0.54286283,0.7188046
2023-12-28,-0.3756672503876679,10,0.39961195,0.80074316
2023-12-28,-0.3756672503876679,21,0.6175721,0.8589884
2023-12-29,0.0451546554595339,1,0.0,0.002763467
2023-12-29,0.0451546554595339,3,0.48455745,0.40355846
2023-12-29,0.0451546554595339,5,0.5314231,0.5191899
2023-12-29,0.0451546554595339,10,0.5112941,0.5741737
2023-12-29,0.0451546554595339,21,0.60947025,0.5713986
2024-01-02,-0.02938404610786094,1,0.0,0.0044587646
2024-01-02,-0.02938404610786094,3,0.67922086,0.34689826
2024-01-02,-0.02938404610786094,5,0.53428984,0.46744713
2024-01-02,-0.02938404610786094,10,0.524556,0.52134246
2024-01-02,-0.02938404610786094,21,0.61097074,0.5209833
2024-01-03,-1.0179873148132401,1,0.0,0.0027005924
2024-01-03,-1.0179873148132401,3,0.6751515,0.4135107
2024-01-03,-1.0179873148132401,5,0.53425056,0.57059133
2024-01-03,-1.0179873148132401,10,0.52505994,0.61918765
2024-01-03,-1.0179873148132401,21,0.61260635,0.6703914
2024-01-04,0.6352069171698282,1,0.0,0.0027886117
2024-01-04,0.6352069171698282,3,0.32962853,0.5281729
2024-01-04,0.6352069171698282,5,0.32901898,0.65391356
2024-01-04,0.6352069171698282,10,0.5234531,0.7180792
2024-01-04,0.6352069171698282,21,0.5708279,0.7692484
2024-01-05,-0.15337923314513446,1,0.0,0.002803078
2024-01-05,-0.15337923314513446,3,0.12510277,0.5130025
2024-01-05,-0.15337923314513446,5,0.1555159,0.6452035
2024-01-05,-0.15337923314513446,10,0.5772424,0.6984396
2024-01-05,-0.15337923314513446,21,0.5627119,0.7209307
2024-01-08,0.0907597953216488,1,0.0,0.004750966
2024-01-08,0.0907597953216488,3,0.15430959,0.4900485
2024-01-08,0.0907597953216488,5,0.4795917,0.6421726
2024-01-08,0.0907597953216488,10,0.5766278,0.7038889
2024-01-08,0.0907597953216488,21,0.56012905,0.7163477
2024-01-09,-0.19170071740770567,1,0.0,0.0031252801
2024-01-09,-0.19170071740770567,3,0.076278895,0.48848546
2024-01-09,-0.19170071740770567,5,0.51422817,0.6544614
2024-01-09,-0.19170071740770567,10,0.6077558,0.7595255
2024-01-09,-0.19170071740770567,21,0.5796107,0.77722424
2024-01-10,-0.2679872594416821,1,0.0,0.004972497
2024-01-10,-0.2679872594416821,3,0.6007427,0.44594428
2024-01-10,-0.2679872594416821,5,0.5137441,0.6550039
2024-01-10,-0.2679872594416821,10,0.6067352,0.766708
2024-01-10,-0.2679872594416821,21,0.58159864,0.75832313
2024-01-11,-0.37755446371967594,1,0.0,0.0032312693
2024-01-11,-0.37755446371967594,3,0.64022607,0.47013363
2024-01-11,-0.37755446371967594,5,0.64205176,0.6153102
2024-01-11,-0.37755446371967594,10,0.74671924,0.6818081
2024-01-11,-0.37755446371967594,21,0.5784967,0.72788143
2024-01-12,0.9480593306156138,1,0.0,0.0027343892
2024-01-12,0.9480593306156138,3,0.6028356,0.58707166
2024-01-12,0.9480593306156138,5,0.7835725,0.86542517
2024-01-12,0.9480593306156138,10,0.72620136,0.95023406
2024-01-12,0.9480593306156138,21,0.56633735,0.9643677
2024-01-15,-0.44039439922611834,1,0.0,0.0032445863
2024-01-15,-0.44039439922611834,3,0.34554616,0.49924305
2024-01-15,-0.44039439922611834,5,0.6453179,0.6825616
2024-01-15,-0.44039439922611834,10,0.69812137,0.7637669
2024-01-15,-0.44039439922611834,21,0.54337454,0.8034062
2024-01-16,-0.18147841158562272,1,0.0,0.0042446777
2024-01-16,-0.18147841158562272,3,0.8119552,0.5182533
2024-01-16,-0.18147841158562272,5,0.683511,0.709962
2024-01-16,-0.18147841158562272,10,0.6660122,0.76480836
2024-01-16,-0.18147841158562272,21,0.5874806,0.75551265
2024-01-17,-1.0088128642078864,1,0.0,0.0045786435
2024-01-17,-1.0088128642078864,3,0.8092799,0.53970164
2024-01-17,-1.0088128642078864,5,0.6817722,0.7520246
2024-01-17,-1.0088128642078864,10,0.6488777,0.8262119
2024-01-17,-1.0088128642078864,21,0.58401054,0.8166519
2024-01-18,0.9711745247724224,1,0.0,0.0023237783
2024-01-18,0.9711745247724224,3,0.44411996,0.4987159
2024-01-18,0.9711745247724224,5,0.6351662,0.6012361
2024-01-18,0.9711745247724224,10,0.508647,0.66626287
2024-01-18,0.9711745247724224,21,0.5263855,0.667984
2024-01-19,-0.1021291479139208,1,0.0,0.0015359055
2024-01-19,-0.1021291479139208,3,0.33856204,0.54947615
2024-01-19,-0.1021291479139208,5,0.60136026,0.66936606
2024-01-19,-0.1021291479139208,10,0.5193011,0.6994797
2024-01-19,-0.1021291479139208,21,0.50372714,0.72396547
2024-01-22,0.5881647337802498,1,0.0,0.003126379
2024-01-22,0.5881647337802498,3,0.6799708,0.552359
2024-01-22,0.5881647337802498,5,0.53298604,0.6985
2024-01-22,0.5881647337802498,10,0.5251688,0.75829977
2024-01-22,0.5881647337802498,21,0.5049153,0.76337445
2024-01-23,-0.1550147574401528,1,0.0,0.0028745253
2024-01-23,-0.1550147574401528,3,0.6878538,0.44820157
2024-01-23,-0.1550147574401528,5,0.57173437,0.53500485
2024-01-23,-0.1550147574401528,10,0.5160808,0.61238724
2024-01-23,-0.1550147574401528,21,0.50677574,0.64425176
2024-01-24,1.5074600760961232,1,0.0,0.002503505
2024-01-24,1.5074600760961232,3,0.4773909,0.51930165
2024-01-24,1.5074600760961232,5,0.4933716,0.61969763
2024-01-24,1.5074600760961232,10,0.5282298,0.65420854
2024-01-24,1.5074600760961232,21,0.5012375,0.68433654
2024-01-25,0.43899690015125614,1,0.0,0.004720684
2024-01-25,0.43899690015125614,3,0.20848487,0.42533168
2024-01-25,0.43899690015125614,5,0.2533378,0.54173046
2024-01-25,0.43899690015125614,10,0.36727354,0.561286
2024-01-25,0.43899690015125614,21,0.46903512,0.60223657
2024-01-26,0.5617080487197335,1,0.0,0.004276826
2024-01-26,0.5617080487197335,3,0.20043908,0.5136962
2024-01-26,0.5617080487197335,5,0.3289324,0.6668024
2024-01-26,0.5617080487197335,10,0.36928862,0.6881545
2024-01-26,0.5617080487197335,21,0.46623296,0.7148647
2024-01-29,0.07104696080704187,1,0.0,0.0033623436
2024-01-29,0.07104696080704187,3,0.18087155,0.49080065
2024-01-29,0.07104696080704187,5,0.2323343,0.6024512
2024-01-29,0.07104696080704187,10,0.34822643,0.6419629
2024-01-29,0.07104696080704187,21,0.47733015,0.6618418
2024-01-30,0.3012124489507606,1,0.0,0.004322011
2024-01-30,0.3012124489507606,3,0.28194135,0.5413779
2024-01-30,0.3012124489507606,5,0.23131056,0.6787698
2024-01-30,0.3012124489507606,10,0.35846382,0.68809485
2024-01-30,0.3012124489507606,21,0.47875878,0.7436293
2024-01-31,-0.1417166185911256,1,0.0,0.0037036752
2024-01-31,-0.1417166185911256,3,0.10446582,0.4585643
2024-01-31,-0.1417166185911256,5,0.40880987,0.5507951
2024-01-31,-0.1417166185911256,10,0.4942716,0.5599024
2024-01-31,-0.1417166185911256,21,0.4812969,0.5935605
2024-02-01,-0.3791307054231474,1,0.0,0.002009198
2024-02-01,-0.3791307054231474,3,0.18036287,0.41501638
2024-02-01,-0.3791307054231474,5,0.42136934,0.49154976
2024-02-01,-0.3791307054231474,10,0.50035197,0.5435378
2024-02-01,-0.3791307054231474,21,0.48419753,0.57818764
2024-02-02,-0.17775023724695416,1,0.0,0.0017586816
2024-02-02,-0.17775023724695416,3,0.41657475,0.4651199
2024-02-02,-0.17775023724695416,5,0.40004623,0.55706537
2024-02-02,-0.17775023724695416,10,0.49984226,0.5848297
2024-02-02,-0.17775023724695416,21,0.48082903,0.6409819
2024-02-05,0.06210741959824517,1,0.0,0.0037106462
2024-02-05,0.06210741959824517,3,0.44395918,0.42003384
2024-02-05,0.06210741959824517,5,0.35934785,0.5445286
2024-02-05,0.06210741959824517,10,0.49490154,0.5980431
2024-02-05,0.06210741959824517,21,0.47496504,0.6488671
2024-02-06,0.8011061507888328,1,0.0,0.002081085
2024-02-06,0.8011061507888328,3,0.4421921,0.4032011
2024-02-06,0.8011061507888328,5,0.343468,0.49208963
2024-02-06,0.8011061507888328,10,0.5046632,0.5634192
2024-02-06,0.8011061507888328,21,0.4780573,0.5972034
2024-02-07,-0.2593053475187901,1,0.0,0.0041550556
2024-02-07,-0.2593053475187901,3,0.31380296,0.39872578
2024-02-07,-0.2593053475187901,5,0.5658029,0.48812348
2024-02-07,-0.2593053475187901,10,0.47492507,0.5498647
2024-02-07,-0.2593053475187901,21,0.4658301,0.57227445
2024-02-08,0.4620756782882651,1,0.0,0.0039004004
2024-02-08,0.4620756782882651,3,0.05341545,0.3302446
2024-02-08,0.4620756782882651,5,0.564925,0.42159963
2024-02-08,0.4620756782882651,10,0.4614117,0.4886509
2024-02-08,0.4620756782882651,21,0.47897243,0.5324646
2024-02-09,0.3312381211515003,1,0.0,0.003948575
2024-02-09,0.3312381211515003,3,0.6562832,0.42355222
2024-02-09,0.3312381211515003,5,0.58146995,0.5075007
2024-02-09,0.3312381211515003,10,0.561412,0.5483035
2024-02-09,0.3312381211515003,21,0.48478493,0.5629212
2024-02-12,0.397429739723254,1,0.0,0.004911147
2024-02-12,0.397429739723254,3,0.6561936,0.39116722
2024-02-12,0.397429739723254,5,0.59347653,0.49217433
2024-02-12,0.397429739723254,10,0.56065714,0.5391687
2024-02-12,0.397429739723254,21,0.50868857,0.5597563
2024-02-13,-1.026672292647568,1,0.0,0.0037966147
2024-02-13,-1.026672292647568,3,0.70541346,0.47635219
2024-02-13,-1.026672292647568,5,0.5873208,0.5846791
2024-02-13,-1.026672292647568,10,0.59119505,0.6191905
2024-02-13,-1.026672292647568,21,0.5276819,0.63094836
2024-02-14,0.33082852634951365,1,0.0,0.0022702748
2024-02-14,0.33082852634951365,3,0.100998364,0.49636838
2024-02-14,0.33082852634951365,5,0.32710922,0.53492564
2024-02-14,0.33082852634951365,10,0.44994155,0.5972042
2024-02-14,0.33082852634951365,21,0.4562053,0.5964319
2024-02-15,0.5778914053710338,1,0.0,0.0030959751
2024-02-15,0.5778914053710338,3,0.31480408,0.53237027
2024-02-15,0.5778914053710338,5,0.32152134,0.59549195
2024-02-15,0.5778914053710338,10,0.46542287,0.60439605
2024-02-15,0.5778914053710338,21,0.46028185,0.5888768
2024-02-16,0.4654489379878335,1,0.0,0.0058455216
2024-02-16,0.4654489379878335,3,0.31021047,0.4237397
2024-02-16,0.4654489379878335,5,0.5240128,0.5210853
2024-02-16,0.4654489379878335,10,0.46545613,0.5374864
2024-02-16,0.4654489379878335,21,0.45708978,0.5555149
2024-02-19,-0.1389921565279728,1,0.0,0.0037816651
2024-02-19,-0.1389921565279728,3,0.20126206,0.43650934
2024-02-19,-0.1389921565279728,5,0.518263,0.5036946
2024-02-19,-0.1389921565279728,10,0.4752866,0.5474133
2024-02-19,-0.1389921565279728,21,0.45229322,0.5608668
2024-02-20,-0.23555178479339745,1,0.0,0.0037462795
2024-02-20,-0.23555178479339745,3,0.6105561,0.43308738
2024-02-20,-0.23555178479339745,5,0.5832069,0.5193451
2024-02-20,-0.23555178479339745,10,0.4663337,0.54879415
2024-02-20,-0.23555178479339745,21,0.45672253,0.5624709
2024-02-21,0.23139979425934598,1,0.0,0.0060872687
2024-02-21,0.23139979425934598,3,0.4574974,0.4457961
2024-02-21,0.23139979425934598,5,0.53924793,0.53107387
2024-02-21,0.23139979425934598,10,0.45577976,0.53816116
2024-02-21,0.23139979425934598,21,0.45205393,0.5461648
2024-02-22,1.2283595189208185,1,0.0,0.0029266877
2024-02-22,1.2283595189208185,3,0.69366604,0.48054746
2024-02-22,1.2283595189208185,5,0.57264787,0.5595726
2024-02-22,1.2283595189208185,10,0.46953213,0.5824844
2024-02-22,1.2283595189208185,21,0.48138002,0.6078096
2024-02-23,0.2866857023524183,1,0.0,0.0013680905
2024-02-23,0.2866857023524183,3,0.36268362,0.44521248
2024-02-23,0.2866857023524183,5,0.30582526,0.49840567
2024-02-23,0.2866857023524183,10,0.39980745,0.53190905
2024-02-23,0.2866857023524183,21,0.43003583,0.5480382
2024-02-26,-0.4673097251870928,1,0.0,0.00032139197
2024-02-26,-0.4673097251870928,3,0.3221007,0.4822478
2024-02-26,-0.4673097251870928,5,0.38454524,0.56957555
2024-02-26,-0.4673097251870928,10,0.41729146,0.57695794
2024-02-26,-0.4673097251870928,21,0.42952535,0.6139187
2024-02-27,0.31656089802485354,1,0.0,0.002903048
2024-02-27,0.31656089802485354,3,0.24373412,0.43531793
2024-02-27,0.31656089802485354,5,0.3049267,0.51614845
2024-02-27,0.31656089802485354,10,0.43232143,0.5566881
2024-02-27,0.31656089802485354,21,0.40621528,0.57398015
2024-02-28,-0.15302744499718912,1,0.0,0.0031119734
2024-02-28,-0.15302744499718912,3,0.36907566,0.4181995
2024-02-28,-0.15302744499718912,5,0.30418965,0.46360564
2024-02-28,-0.15302744499718912,10,0.48079348,0.49787322
2024-02-28,-0.15302744499718912,21,0.40585852,0.50350404
2024-02-29,-0.2375192346918631,1,0.0,0.003281013
2024-02-29,-0.2375192346918631,3,0.33659002,0.46444184
2024-02-29,-0.2375192346918631,5,0.3353476,0.5440855
2024-02-29,-0.2375192346918631,10,0.46812153,0.56688225
2024-02-29,-0.2375192346918631,21,0.3992193,0.60342944
2024-03-01,0.5842275624228677,1,0.0,0.0017960612
2024-03-01,0.5842275624228677,3,0.27827066,0.4589549
2024-03-01,0.5842275624228677,5,0.33208108,0.5289663
2024-03-01,0.5842275624228677,10,0.4556488,0.5772334
2024-03-01,0.5842275624228677,21,0.40582302,0.6158353
2024-03-04,0.23137919064017964,1,0.0,0.0033001164
2024-03-04,0.23137919064017964,3,0.2709905,0.39687943
2024-03-04,0.23137919064017964,5,0.40868175,0.4222433
2024-03-04,0.23137919064017964,10,0.45089927,0.4634855
2024-03-04,0.23137919064017964,21,0.4109506,0.4650412
2024-03-05,-0.09725014112849095,1,0.0,0.0046939813
2024-03-05,-0.09725014112849095,3,0.40308005,0.4449468
2024-03-05,-0.09725014112849095,5,0.5291415,0.534706
2024-03-05,-0.09725014112849095,10,0.45047945,0.52236325
2024-03-05,-0.09725014112849095,21,0.41592842,0.5364357
2024-03-06,0.5665276246276996,1,0.0,0.0035969727
2024-03-06,0.5665276246276996,3,0.46474457,0.46356595
2024-03-06,0.5665276246276996,5,0.5861152,0.5916477
2024-03-06,0.5665276246276996,10,0.45919368,0.6111867
2024-03-06,0.5665276246276996,21,0.4485776,0.65447044
2024-03-07,0.8676317976177295,1,0.0,0.002195836
2024-03-07,0.8676317976177295,3,0.61258656,0.3901077
2024-03-07,0.8676317976177295,5,0.5704817,0.39880496
2024-03-07,0.8676317976177295,10,0.45417753,0.46575016
2024-03-07,0.8676317976177295,21,0.45588925,0.47917387
2024-03-08,-0.233681051268686,1,0.0,0.0026795445
2024-03-08,-0.233681051268686,3,0.5993794,0.42728725
2024-03-08,-0.233681051268686,5,0.48015878,0.47807357
2024-03-08,-0.233681051268686,10,0.47091627,0.50022334
2024-03-08,-0.233681051268686,21,0.46471,0.5284832
2024-03-11,-0.5656417299466199,1,0.0,0.0021319762
2024-03-11,-0.5656417299466199,3,0.57714015,0.46623573
2024-03-11,-0.5656417299466199,5,0.46882692,0.50575465
2024-03-11,-0.5656417299466199,10,0.46004802,0.53770363
2024-03-11,-0.5656417299466199,21,0.46057737,0.5594984
2024-03-12,0.8388870384430369,1,0.0,0.004386585
2024-03-12,0.8388870384430369,3,0.3826724,0.4016885
2024-03-12,0.8388870384430369,5,0.34769958,0.49106932
2024-03-12,0.8388870384430369,10,0.38635054,0.544326
2024-03-12,0.8388870384430369,21,0.45113856,0.5601031
2024-03-13,0.2758437742645725,1,0.0,0.0024785893
2024-03-13,0.2758437742645725,3,0.17973043,0.37679857
2024-03-13,0.2758437742645725,5,0.26254165,0.44433242
2024-03-13,0.2758437742645725,10,0.33689415,0.45877418
2024-03-13,0.2758437742645725,21,0.4227945,0.4854273
2024-03-14,-0.09164033484685419,1,0.0,0.0012764651
2024-03-14,-0.09164033484685419,3,0.1117556,0.40381327
2024-03-14,-0.09164033484685419,5,0.2737833,0.4324076
2024-03-14,-0.09164033484685419,10,0.3375032,0.456075
2024-03-14,-0.09164033484685419,21,0.42121422,0.4908134
2024-03-15,-0.11785110610640359,1,0.0,0.0029375432
2024-03-15,-0.11785110610640359,3,0.29571855,0.36099342
2024-03-15,-0.11785110610640359,5,0.4267717,0.44871694
2024-03-15,-0.11785110610640359,10,0.3261658,0.48940206
2024-03-15,-0.11785110610640359,21,0.5129662,0.5305832
2024-03-18,0.13123449332788084,1,0.0,0.0009816363
2024-03-18,0.13123449332788084,3,0.2942577,0.45985398
2024-03-18,0.13123449332788084,5,0.42014074,0.551844
2024-03-18,0.13123449332788084,10,0.35582313,0.5917382
2024-03-18,0.13123449332788084,21,0.52333534,0.6342895
2024-03-19,0.5957501333806015,1,0.0,0.0016916525
2024-03-19,0.5957501333806015,3,0.44952494,0.42406467
2024-03-19,0.5957501333806015,5,0.41362303,0.52606565
2024-03-19,0.5957501333806015,10,0.38450956,0.52975786
2024-03-19,0.5957501333806015,21,0.5296966,0.5397096
2024-03-20,-0.11380540506138459,1,0.0,0.0038608974
2024-03-20,-0.11380540506138459,3,0.50376594,0.33968326
2024-03-20,-0.11380540506138459,5,0.39072537,0.43036535
2024-03-20,-0.11380540506138459,10,0.37765607,0.48999935
2024-03-20,-0.11380540506138459,21,0.5183062,0.517594
2024-03-21,0.9701672484448309,1,0.0,0.0038155671
2024-03-21,0.9701672484448309,3,0.44042194,0.3165399
2024-03-21,0.9701672484448309,5,0.35698342,0.4014228
2024-03-21,0.9701672484448309,10,0.4453037,0.44679514
2024-03-21,0.9701672484448309,21,0.5277024,0.5073318
2024-03-22,-0.0824687902386323,1,0.0,0.0027884105
2024-03-22,-0.0824687902386323,3,0.16777186,0.36021653
2024-03-22,-0.0824687902386323,5,0.13247572,0.4516422
2024-03-22,-0.0824687902386323,10,0.40068948,0.5090374
2024-03-22,-0.0824687902386323,21,0.5351899,0.5747201
2024-03-25,0.23930159120801875,1,0.0,0.0015242212
2024-03-25,0.23930159120801875,3,0.08171073,0.36481544
2024-03-25,0.23930159120801875,5,0.22795013,0.44780666
2024-03-25,0.23930159120801875,10,0.46824813,0.5073556
2024-03-25,0.23930159120801875,21,0.53649884,0.5716538
2024-03-26,0.29980101481674737,1,0.0,0.0054261927
2024-03-26,0.29980101481674737,3,0.09424717,0.33461776
2024-03-26,0.29980101481674737,5,0.33559245,0.43688
2024-03-26,0.29980101481674737,10,0.47067535,0.49139175
2024-03-26,0.29980101481674737,21,0.5547509,0.52139795
2024-03-27,0.10432489947795887,1,0.0,0.0025808048
2024-03-27,0.10432489947795887,3,0.2123885,0.45903376
2024-03-27,0.10432489947795887,5,0.3421896,0.5745536
2024-03-27,0.10432489947795887,10,0.47986412,0.5955089
2024-03-27,0.10432489947795887,21,0.59075886,0.6525385
2024-03-28,0.09569943245173462,1,0.0,0.0026881527
2024-03-28,0.09569943245173462,3,0.42422256,0.45800373
2024-03-28,0.09569943245173462,5,0.44840473,0.55362517
2024-03-28,0.09569943245173462,10,0.48442483,0.566564
2024-03-28,0.09569943245173462,21,0.59023887,0.59951776
2024-04-02,-0.3504699486041929,1,0.0,0.003583109
2024-04-02,-0.3504699486041929,3,0.4415245,0.35426638
2024-04-02,-0.3504699486041929,5,0.54868126,0.41371444
2024-04-02,-0.3504699486041929,10,0.48295343,0.47623613
2024-04-02,-0.3504699486041929,21,0.6245209,0.51537466
2024-04-03,0.685351548766544,1,0.0,0.0034921514
2024-04-03,0.685351548766544,3,0.54525006,0.46228114
2024-04-03,0.685351548766544,5,0.6184504,0.5330544
2024-04-03,0.685351548766544,10,0.6116199,0.5452195
2024-04-03,0.685351548766544,21,0.6267474,0.5662595
2024-04-04,-0.1019154973624481,1,0.0,0.001307236
2024-04-04,-0.1019154973624481,3,0.5569936,0.41070282
2024-04-04,-0.1019154973624481,5,0.54496413,0.46911794
2024-04-04,-0.1019154973624481,10,0.55404687,0.5128312
2024-04-04,-0.1019154973624481,21,0.61831784,0.5603544
2024-04-05,-0.6426251623359747,1,0.0,0.0030867672
2024-04-05,-0.6426251623359747,3,0.65676564,0.45503995
2024-04-05,-0.6426251623359747,5,0.56059206,0.53116
2024-04-05,-0.6426251623359747,10,0.5870092,0.55417067
2024-04-05,-0.6426251623359747,21,0.6422272,0.5754122
2024-04-08,0.7125399279800604,1,0.0,0.0051634256
2024-04-08,0.7125399279800604,3,0.599014,0.41848698
2024-04-08,0.7125399279800604,5,0.5148255,0.5094734
2024-04-08,0.7125399279800604,10,0.5702175,0.5303238
2024-04-08,0.7125399279800604,21,0.65294147,0.55335563
2024-04-09,-0.7158292393630639,1,0.0,0.0064940704
2024-04-09,-0.7158292393630639,3,0.42143273,0.38378876
2024-04-09,-0.7158292393630639,5,0.385113,0.51658636
2024-04-09,-0.7158292393630639,10,0.53498906,0.5359589
2024-04-09,-0.7158292393630639,21,0.6401712,0.55988276
2024-04-10,0.2890460215741797,1,0.0,0.0027067754
2024-04-10,0.2890460215741797,3,0.31826967,0.523343
2024-04-10,0.2890460215741797,5,0.58279574,0.6492627
2024-04-10,0.2890460215741797,10,0.61686057,0.68368065
2024-04-10,0.2890460215741797,21,0.6252181,0.7119699
2024-04-11,-0.4180723516256535,1,0.0,0.0036659855
2024-04-11,-0.4180723516256535,3,0.26478198,0.49877867
2024-04-11,-0.4180723516256535,5,0.5208316,0.63186175
2024-04-11,-0.4180723516256535,10,0.6103432,0.65657824
2024-04-11,-0.4180723516256535,21,0.63957906,0.68674564
2024-04-12,0.2197716313323994,1,0.0,0.0024891775
2024-04-12,0.2197716313323994,3,0.66953677,0.49595508
2024-04-12,0.2197716313323994,5,0.6100413,0.6098602
2024-04-12,0.2197716313323994,10,0.6342179,0.64366436
2024-04-12,0.2197716313323994,21,0.63097936,0.6648007
2024-04-15,0.002629070952231416,1,0.0,0.0068245996
2024-04-15,0.002629070952231416,3,0.536364,0.411305
2024-04-15,0.002629070952231416,5,0.5672806,0.4813442
2024-04-15,0.002629070952231416,10,0.7048095,0.4893612
2024-04-15,0.002629070952231416,21,0.6306515,0.4673688
2024-04-16,-1.2965974445152462,1,0.0,0.0031390944
2024-04-16,-1.2965974445152462,3,0.69550395,0.45044258
2024-04-16,-1.2965974445152462,5,0.6453453,0.49556184
2024-04-16,-1.2965974445152462,10,0.704894,0.5053985
2024-04-16,-1.2965974445152462,21,0.6334095,0.51592684
2024-04-17,-0.47787902381868363,1,0.0,0.0024018958
2024-04-17,-0.47787902381868363,3,0.3865602,0.5452729
2024-04-17,-0.47787902381868363,5,0.56075484,0.61646044
2024-04-17,-0.47787902381868363,10,0.65365076,0.6419679
2024-04-17,-0.47787902381868363,21,0.55555445,0.65150446
2024-04-18,0.4066091176824216,1,0.0,0.0027245283
2024-04-18,0.4066091176824216,3,0.35856164,0.5388348
2024-04-18,0.4066091176824216,5,0.49672005,0.62864447
2024-04-18,0.4066091176824216,10,0.6509946,0.66413957
2024-04-18,0.4066091176824216,21,0.5406196,0.6671969
2024-04-19,-0.3283636838587789,1,0.0,0.0026508402
2024-04-19,-0.3283636838587789,3,0.56572247,0.5186139
2024-04-19,-0.3283636838587789,5,0.6260756,0.60585403
2024-04-19,-0.3283636838587789,10,0.65898186,0.62835985
2024-04-19,-0.3283636838587789,21,0.5385958,0.65365666
2024-04-22,0.45554822843936194,1,0.0,0.0034248391
2024-04-22,0.45554822843936194,3,0.5067652,0.5875788
2024-04-22,0.45554822843936194,5,0.6780257,0.72934616
2024-04-22,0.45554822843936194,10,0.67837673,0.7584412
2024-04-22,0.45554822843936194,21,0.54243636,0.76931363
2024-04-23,1.0531883019666566,1,0.0,0.003062958
2024-04-23,1.0531883019666566,3,0.7421469,0.48626366
2024-04-23,1.0531883019666566,5,0.68718624,0.6032814
2024-04-23,1.0531883019666566,10,0.70437676,0.63818485
2024-04-23,1.0531883019666566,21,0.546534,0.6621761
2024-04-24,-0.1878467064583944,1,0.0,0.0025530942
2024-04-24,-0.1878467064583944,3,0.6997435,0.44646534
2024-04-24,-0.1878467064583944,5,0.6720635,0.530999
2024-04-24,-0.1878467064583944,10,0.6467998,0.57812726
2024-04-24,-0.1878467064583944,21,0.5080297,0.5829212
2024-04-25,-0.7177175179478468,1,0.0,0.0035760459
2024-04-25,-0.7177175179478468,3,0.68947476,0.42966965
2024-04-25,-0.7177175179478468,5,0.678857,0.5045923
2024-04-25,-0.7177175179478468,10,0.6465126,0.5152414
2024-04-25,-0.7177175179478468,21,0.50504863,0.5415486
2024-04-26,0.9588879036869002,1,0.0,0.0003957618
2024-04-26,0.9588879036869002,3,0.7963898,0.48978192
2024-04-26,0.9588879036869002,5,0.689189,0.5284456
2024-04-26,0.9588879036869002,10,0.5918998,0.5735444
2024-04-26,0.9588879036869002,21,0.47453418,0.58698446
2024-04-29,-0.055299176529910454,1,0.0,0.0008507408
2024-04-29,-0.055299176529910454,3,0.38409021,0.44096258
2024-04-29,-0.055299176529910454,5,0.629601,0.49000138
2024-04-29,-0.055299176529910454,10,0.5600017,0.5688197
2024-04-29,-0.055299176529910454,21,0.4604269,0.5875034
2024-04-30,-0.9913389372058212,1,0.0,0.00088655204
2024-04-30,-0.9913389372058212,3,0.62647724,0.5615538
2024-04-30,-0.9913389372058212,5,0.71890515,0.6389788
2024-04-30,-0.9913389372058212,10,0.55691904,0.70080155
2024-04-30,-0.9913389372058212,21,0.53189564,0.6917045
2024-05-02,-0.4412458002285291,1,0.0,0.0014668256
2024-05-02,-0.4412458002285291,3,0.51148427,0.50769013
2024-05-02,-0.4412458002285291,5,0.4502615,0.5916655
2024-05-02,-0.4412458002285291,10,0.3855935,0.6486108
2024-05-02,-0.4412458002285291,21,0.48111445,0.63507825
2024-05-03,0.5243445229633714,1,0.0,0.001778055
2024-05-03,0.5243445229633714,3,0.12536483,0.5297576
2024-05-03,0.5243445229633714,5,0.16718633,0.6194183
2024-05-03,0.5243445229633714,10,0.3399722,0.70678663
2024-05-03,0.5243445229633714,21,0.46694246,0.6890653
2024-05-06,0.732924139354818,1,0.0,-0.00013429578
2024-05-06,0.732924139354818,3,0.18868822,0.5935926
2024-05-06,0.732924139354818,5,0.17265566,0.69854313
2024-05-06,0.732924139354818,10,0.36479452,0.7482908
2024-05-06,0.732924139354818,21,0.45947874,0.75387675
2024-05-07,0.8238123059118863,1,0.0,-0.00075768866
2024-05-07,0.8238123059118863,3,0.19264606,0.64558876
2024-05-07,0.8238123059118863,5,0.32000393,0.7766717
2024-05-07,0.8238123059118863,10,0.34148064,0.8192919
2024-05-07,0.8238123059118863,21,0.49679226,0.79305834
2024-05-08,0.3859155580482998,1,0.0,0.0043465244
2024-05-08,0.3859155580482998,3,0.14890894,0.48785222
2024-05-08,0.3859155580482998,5,0.29835135,0.60318035
2024-05-08,0.3859155580482998,10,0.33426455,0.66725194
2024-05-08,0.3859155580482998,21,0.53809637,0.65914553
2024-05-09,0.4525777300885103,1,0.0,0.0038668346
2024-05-09,0.4525777300885103,3,0.3399998,0.5075696
2024-05-09,0.4525777300885103,5,0.2986573,0.6381623
2024-05-09,0.4525777300885103,10,0.34316406,0.68767023
2024-05-09,0.4525777300885103,21,0.5435451,0.70259696
2024-05-10,0.7298099277535997,1,0.0,0.0041509205
2024-05-10,0.7298099277535997,3,0.3630176,0.4499022
2024-05-10,0.7298099277535997,5,0.34310725,0.5498142
2024-05-10,0.7298099277535997,10,0.3288144,0.63246757
2024-05-10,0.7298099277535997,21,0.5423077,0.6552289
2024-05-13,-0.08892096929846716,1,0.0,0.0032725614
2024-05-13,-0.08892096929846716,3,0.20548183,0.47560027
2024-05-13,-0.08892096929846716,5,0.20646892,0.5377758
2024-05-13,-0.08892096929846716,10,0.23601888,0.5730152
2024-05-13,-0.08892096929846716,21,0.5294301,0.57431406
2024-05-14,0.019981887452402702,1,0.0,0.0011476781
2024-05-14,0.019981887452402702,3,0.24387833,0.553604
2024-05-14,0.019981887452402702,5,0.20265026,0.63766515
2024-05-14,0.019981887452402702,10,0.26996407,0.67757595
2024-05-14,0.019981887452402702,21,0.5777063,0.69952714
2024-05-15,0.3910978869065218,1,0.0,0.0027945088
2024-05-15,0.3910978869065218,3,0.25989905,0.5816673
2024-05-15,0.3910978869065218,5,0.27125803,0.70885473
2024-05-15,0.3910978869065218,10,0.31754956,0.74565667
2024-05-15,0.3910978869065218,21,0.64318573,0.7446256
2024-05-16,-0.19986061399102084,1,0.0,0.0005714763
2024-05-16,-0.19986061399102084,3,0.117970005,0.49507937
2024-05-16,-0.19986061399102084,5,0.16723911,0.5674553
2024-05-16,-0.19986061399102084,10,0.43128824,0.6347601
2024-05-16,-0.19986061399102084,21,0.7401362,0.6600352
2024-05-17,-0.10941765161467387,1,0.0,0.001388032
2024-05-17,-0.10941765161467387,3,0.20292194,0.44467738
2024-05-17,-0.10941765161467387,5,0.25697467,0.48982844
2024-05-17,-0.10941765161467387,10,0.4459919,0.54198635
2024-05-17,-0.10941765161467387,21,0.83061117,0.56652296
2024-05-20,0.08303964171467726,1,0.0,0.0033187512
2024-05-20,0.08303964171467726,3,0.2102016,0.40529042
2024-05-20,0.08303964171467726,5,0.25729066,0.4681388
2024-05-20,0.08303964171467726,10,0.44913244,0.50402665
2024-05-20,0.08303964171467726,21,0.8540168,0.540783
2024-05-21,-0.41007446532645986,1,0.0,0.0013253856
2024-05-21,-0.41007446532645986,3,0.31344,0.45607176
2024-05-21,-0.41007446532645986,5,0.32232252,0.48672202
2024-05-21,-0.41007446532645986,10,0.46332225,0.5335478
2024-05-21,-0.41007446532645986,21,0.8894128,0.56445444
2024-05-22,-0.2918142096225651,1,0.0,0.0008495217
2024-05-22,-0.2918142096225651,3,0.24482088,0.47230276
2024-05-22,-0.2918142096225651,5,0.3576285,0.5050806
2024-05-22,-0.2918142096225651,10,0.5367021,0.5553471
2024-05-22,-0.2918142096225651,21,0.89155567,0.56489867
2024-05-23,0.3060272895563543,1,0.0,0.0016659638
2024-05-23,0.3060272895563543,3,0.1907191,0.5022309
2024-05-23,0.3060272895563543,5,0.58639735,0.55375016
2024-05-23,0.3060272895563543,10,0.68776613,0.58829427
2024-05-23,0.3060272895563543,21,0.9431714,0.590001
2024-05-24,-0.03359780870519913,1,0.0,0.00088818
2024-05-24,-0.03359780870519913,3,0.39003572,0.52111256
2024-05-24,-0.03359780870519913,5,0.56680197,0.58301985
2024-05-24,-0.03359780870519913,10,0.70203406,0.650662
2024-05-24,-0.03359780870519913,21,0.953748,0.6528289
2024-05-27,0.414015178623206,1,0.0,0.0013932036
2024-05-27,0.414015178623206,3,0.6515293,0.54857963
2024-05-27,0.414015178623206,5,0.5710831,0.6121038
2024-05-27,0.414015178623206,10,0.7110329,0.6477918
2024-05-27,0.414015178623206,21,0.97206503,0.6453006
2024-05-28,-0.540754629657858,1,0.0,0.00062844716
2024-05-28,-0.540754629657858,3,0.55347854,0.59068424
2024-05-28,-0.540754629657858,5,0.5444835,0.6996472
2024-05-28,-0.540754629657858,10,0.70912546,0.74328136
2024-05-28,-0.540754629657858,21,0.9668631,0.73377544
2024-05-29,-1.170852390300503,1,0.0,0.001276616
2024-05-29,-1.170852390300503,3,0.6041131,0.5287766
2024-05-29,-1.170852390300503,5,0.63101655,0.6249928
2024-05-29,-1.170852390300503,10,0.7645429,0.6927879
2024-05-29,-1.170852390300503,21,0.9678588,0.7098608
2024-05-30,0.18379051752326347,1,0.0,0.00089058
2024-05-30,0.18379051752326347,3,0.10874256,0.62617254
2024-05-30,0.18379051752326347,5,0.73637956,0.7380569
2024-05-30,0.18379051752326347,10,0.7969702,0.8013718
2024-05-30,0.18379051752326347,21,0.9425326,0.794673
2024-05-31,0.022215107671286205,1,0.0,0.0029234793
2024-05-31,0.022215107671286205,3,0.57745045,0.42330655
2024-05-31,0.022215107671286205,5,0.753355,0.5051314
2024-05-31,0.022215107671286205,10,0.97532594,0.5638983
2024-05-31,0.022215107671286205,21,0.9404206,0.580419
2024-06-03,0.28639388595905757,1,0.0,0.0016181106
2024-06-03,0.28639388595905757,3,0.947517,0.57155347
2024-06-03,0.28639388595905757,5,0.7902408,0.65335035
2024-06-03,0.28639388595905757,10,1.1047236,0.69951785
2024-06-03,0.28639388595905757,21,0.963367,0.70494574
2024-06-04,-1.0490980544536121,1,0.0,0.0004597986
2024-06-04,-1.0490980544536121,3,0.96474665,0.60295916
2024-06-04,-1.0490980544536121,5,0.83005434,0.694808
2024-06-04,-1.0490980544536121,10,1.1346788,0.71538144
2024-06-04,-1.0490980544536121,21,0.9595146,0.7328162
2024-06-05,1.2625439183092446,1,0.0,0.0004918352
2024-06-05,1.2625439183092446,3,0.6734073,0.6632392
2024-06-05,1.2625439183092446,5,0.8548824,0.7770711
2024-06-05,1.2625439183092446,10,1.1682775,0.7874737
2024-06-05,1.2625439183092446,21,0.9710607,0.78270537
2024-06-06,0.5316299159810356,1,0.0,0.003167944
2024-06-06,0.5316299159810356,3,0.4826532,0.59075326
2024-06-06,0.5316299159810356,5,0.8398133,0.73433673
2024-06-06,0.5316299159810356,10,1.0761042,0.7732554
2024-06-06,0.5316299159810356,21,0.9406687,0.80694634
2024-06-07,-0.38352697037282724,1,0.0,0.0017225025
2024-06-07,-0.38352697037282724,3,0.3253756,0.5725833
2024-06-07,-0.38352697037282724,5,1.0220598,0.6732148
2024-06-07,-0.38352697037282724,10,1.1550797,0.7118108
2024-06-07,-0.38352697037282724,21,0.9322806,0.7331788
2024-06-10,-0.5741455688553998,1,0.0,0.00045164488
2024-06-10,-0.5741455688553998,3,1.0060307,0.5627175
2024-06-10,-0.5741455688553998,5,1.1511983,0.61059725
2024-06-10,-0.5741455688553998,10,1.1727153,0.63209414
2024-06-10,-0.5741455688553998,21,0.93044096,0.6365766
2024-06-11,-1.149030395726669,1,0.0,0.0014389735
2024-06-11,-1.149030395726669,3,1.3149585,0.4786814
2024-06-11,-1.149030395726669,5,1.3136317,0.5134766
2024-06-11,-1.149030395726669,10,1.2047824,0.5524391
2024-06-11,-1.149030395726669,21,0.94593114,0.55479354
2024-06-12,1.2136397885249117,1,0.0,-0.0007108655
2024-06-12,1.2136397885249117,3,1.4675423,0.61137825
2024-06-12,1.2136397885249117,5,1.4112751,0.66830003
2024-06-12,1.2136397885249117,10,1.1643785,0.699651
2024-06-12,1.2136397885249117,21,0.9374084,0.7011196
2024-06-13,-1.8635756586001584,1,0.0,-0.001656793
2024-06-13,-1.8635756586001584,3,1.2202059,0.6501173
2024-06-13,-1.8635756586001584,5,1.2264873,0.7193542
2024-06-13,-1.8635756586001584,10,1.0871769,0.75481164
2024-06-13,-1.8635756586001584,21,0.8989408,0.78840506
2024-06-14,-1.934197620703948,1,0.0,0.0006973278
2024-06-14,-1.934197620703948,3,1.3110291,0.6644919
2024-06-14,-1.934197620703948,5,1.1893454,0.74758464
2024-06-14,-1.934197620703948,10,0.9499721,0.76798487
2024-06-14,-1.934197620703948,21,0.82488096,0.7177637
2024-06-17,0.688838186627283,1,0.0,-0.0013370719
2024-06-17,0.688838186627283,3,0.65986174,0.719661
2024-06-17,0.688838186627283,5,0.8658574,0.83204806
2024-06-17,0.688838186627283,10,0.73747015,0.9181263
2024-06-17,0.688838186627283,21,0.7275505,0.8758703
2024-06-18,0.9817985493962844,1,0.0,-0.00075512566
2024-06-18,0.9817985493962844,3,0.79848075,0.7824477
2024-06-18,0.9817985493962844,5,0.8695936,0.9260466
2024-06-18,0.9817985493962844,10,0.7519897,0.97556186
2024-06-18,0.9817985493962844,21,0.7269009,0.9459395
2024-06-19,-0.5412751191842702,1,0.0,-0.0024408195
2024-06-19,-0.5412751191842702,3,0.95806444,0.6220972
2024-06-19,-0.5412751191842702,5,0.835927,0.7572942
2024-06-19,-0.5412751191842702,10,0.68840337,0.8137671
2024-06-19,-0.5412751191842702,21,0.74458355,0.8235143
2024-06-20,1.2829266773534798,1,0.0,-0.0018285885
2024-06-20,1.2829266773534798,3,0.93003184,0.70264864
2024-06-20,1.2829266773534798,5,0.8428254,0.84455425
2024-06-20,1.2829266773534798,10,0.7434931,0.93932843
2024-06-20,1.2829266773534798,21,0.7355396,0.95063716
2024-06-21,-0.9077318684752811,1,0.0,0.000557553
2024-06-21,-0.9077318684752811,3,0.68942404,0.6814768
2024-06-21,-0.9077318684752811,5,0.5542717,0.8057152
2024-06-21,-0.9077318684752811,10,0.6657385,0.8709014
2024-06-21,-0.9077318684752811,21,0.6934795,0.8878687
2024-06-24,0.7289641261753133,1,0.0,0.00088081416
2024-06-24,0.7289641261753133,3,0.59170616,0.65310353
2024-06-24,0.7289641261753133,5,0.46936825,0.80883944
2024-06-24,0.7289641261753133,10,0.59300524,0.877509
2024-06-24,0.7289641261753133,21,0.703202,0.8638074
2024-06-25,-0.44965388709545806,1,0.0,0.00080995634
2024-06-25,-0.44965388709545806,3,0.10213316,0.68191415
2024-06-25,-0.44965388709545806,5,0.51397145,0.7937927
2024-06-25,-0.44965388709545806,10,0.5667969,0.8456462
2024-06-25,-0.44965388709545806,21,0.68375,0.83206207
2024-06-26,-0.5908702958785206,1,0.0,0.0013268068
2024-06-26,-0.5908702958785206,3,0.13804205,0.6914854
2024-06-26,-0.5908702958785206,5,0.49368474,0.86230403
2024-06-26,-0.5908702958785206,10,0.6361165,0.9005908
2024-06-26,-0.5908702958785206,21,0.69829154,0.86699986
2024-06-27,-0.3414220277005775,1,0.0,0.002339649
2024-06-27,-0.3414220277005775,3,0.5421056,0.69013524
2024-06-27,-0.3414220277005775,5,0.6033091,0.8589187
2024-06-27,-0.3414220277005775,10,0.655097,0.9393725
2024-06-27,-0.3414220277005775,21,0.75859374,0.9415752
2024-06-28,-0.268454730839629,1,0.0,-0.00016240776
2024-06-28,-0.268454730839629,3,0.4800266,0.6263207
2024-06-28,-0.268454730839629,5,0.5303488,0.7708578
2024-06-28,-0.268454730839629,10,0.6352937,0.8461009
2024-06-28,-0.268454730839629,21,0.79425675,0.86521083
2024-07-01,0.8433037246730279,1,0.0,0.0016566515
2024-07-01,0.8433037246730279,3,0.49780953,0.53718764
2024-07-01,0.8433037246730279,5,0.520463,0.6991657
2024-07-01,0.8433037246730279,10,0.65143406,0.7986833
2024-07-01,0.8433037246730279,21,0.8030594,0.859767
2024-07-02,-0.044102023393932654,1,0.0,0.0009227926
2024-07-02,-0.044102023393932654,3,0.47935027,0.6853751
2024-07-02,-0.044102023393932654,5,0.5403858,0.85106367
2024-07-02,-0.044102023393932654,10,0.7153009,0.9290161
2024-07-02,-0.044102023393932654,21,0.78892386,0.9540897
2024-07-03,1.123857494589764,1,0.0,0.0004445603
2024-07-03,1.123857494589764,3,0.56139654,0.58259225
2024-07-03,1.123857494589764,5,0.7453347,0.7357706
2024-07-03,1.123857494589764,10,0.73633623,0.8123488
2024-07-03,1.123857494589764,21,0.8258268,0.8523268
2024-07-04,0.644271003255259,1,0.0,0.00025752187
2024-07-04,0.644271003255259,3,0.41061595,0.62634504
2024-07-04,0.644271003255259,5,0.6806967,0.7751899
2024-07-04,0.644271003255259,10,0.7396124,0.8916153
2024-07-04,0.644271003255259,21,0.8612793,0.9230335
2024-07-05,-0.2320651875560742,1,0.0,-5.795248e-05
2024-07-05,-0.2320651875560742,3,0.368179,0.61269885
2024-07-05,-0.2320651875560742,5,0.61864656,0.7757618
2024-07-05,-0.2320651875560742,10,0.695187,0.85147274
2024-07-05,-0.2320651875560742,21,1.0003587,0.9287999
2024-07-08,-0.22139063388770808,1,0.0,-0.0011250544
2024-07-08,-0.22139063388770808,3,0.7766198,0.590934
2024-07-08,-0.22139063388770808,5,0.72851616,0.67475045
2024-07-08,-0.22139063388770808,10,0.7153806,0.78409684
2024-07-08,-0.22139063388770808,21,1.0483905,0.79010266
2024-07-09,-1.007698795035683,1,0.0,0.0028133579
2024-07-09,-1.007698795035683,3,0.7825643,0.63889444
2024-07-09,-1.007698795035683,5,0.8397855,0.78536797
2024-07-09,-1.007698795035683,10,0.80254996,0.9142836
2024-07-09,-1.007698795035683,21,1.0571399,0.88947684
2024-07-10,0.8855926135026948,1,0.0,0.0016040159
2024-07-10,0.8855926135026948,3,0.33881032,0.68021834
2024-07-10,0.8855926135026948,5,0.7253107,0.8805411
2024-07-10,0.8855926135026948,10,0.7479911,0.9737791
2024-07-10,0.8855926135026948,21,1.1734415,0.93765146
2024-07-11,0.19859407248192795,1,0.0,-0.00050818734
2024-07-11,0.19859407248192795,3,0.75470835,0.6076609
2024-07-11,0.19859407248192795,5,0.7671651,0.7444339
2024-07-11,0.19859407248192795,10,0.71010756,0.81377596
2024-07-11,0.19859407248192795,21,1.1473734,0.8456405
2024-07-12,0.9453186939873959,1,0.0,0.001971459
2024-07-12,0.9453186939873959,3,0.78415143,0.6387266
2024-07-12,0.9453186939873959,5,0.7438252,0.7827865
2024-07-12,0.9453186939873959,10,0.7951865,0.8642696
2024-07-12,0.9453186939873959,21,1.1478406,0.84736997
2024-07-15,-0.8926024904417851,1,0.0,0.0014101686
2024-07-15,-0.8926024904417851,3,0.2963625,0.6110368
2024-07-15,-0.8926024904417851,5,0.39194,0.75188214
2024-07-15,-0.8926024904417851,10,0.81053495,0.8360665
2024-07-15,-0.8926024904417851,21,1.1197194,0.8641202
2024-07-16,-0.4569172690168877,1,0.0,0.0036451602
2024-07-16,-0.4569172690168877,3,0.47305942,0.6305809
2024-07-16,-0.4569172690168877,5,0.7293548,0.791793
2024-07-16,-0.4569172690168877,10,0.79777217,0.8847713
2024-07-16,-0.4569172690168877,21,1.1187979,0.8761397
2024-07-17,-1.1776237064167638,1,0.0,0.0005699098
2024-07-17,-1.1776237064167638,3,0.47355223,0.7157216
2024-07-17,-1.1776237064167638,5,0.7276626,0.8369134
2024-07-17,-1.1776237064167638,10,0.8385641,0.8751049
2024-07-17,-1.1776237064167638,21,1.1302143,0.8540286
2024-07-18,-0.03147781677101946,1,0.0,0.00022820011
2024-07-18,-0.03147781677101946,3,0.70367426,0.8324264
2024-07-18,-0.03147781677101946,5,0.6415886,1.0320773
2024-07-18,-0.03147781677101946,10,0.8613038,1.0722092
2024-07-18,-0.03147781677101946,21,1.1459296,1.0155741
2024-07-19,-0.7591304816122246,1,0.0,0.0007055346
2024-07-19,-0.7591304816122246,3,0.7066445,0.6954987
2024-07-19,-0.7591304816122246,5,0.8387347,0.8137694
2024-07-19,-0.7591304816122246,10,1.0033983,0.89099777
2024-07-19,-0.7591304816122246,21,1.1521819,0.883532
2024-07-22,0.9578771718540047,1,0.0,-0.0005176533
2024-07-22,0.9578771718540047,3,0.72776103,0.6890857
2024-07-22,0.9578771718540047,5,0.99775183,0.82321656
2024-07-22,0.9578771718540047,10,1.2564012,0.8728689
2024-07-22,0.9578771718540047,21,1.1464108,0.8886443
2024-07-23,-0.09029044036408251,1,0.0,-0.0023471955
2024-07-23,-0.09029044036408251,3,0.5897836,0.7660004
2024-07-23,-0.09029044036408251,5,0.8569275,0.93508077
2024-07-23,-0.09029044036408251,10,1.2313805,0.9835433
2024-07-23,-0.09029044036408251,21,1.1301367,1.0052713
2024-07-24,-0.8149544410402498,1,0.0,-8.352101e-06
2024-07-24,-0.8149544410402498,3,1.0825403,0.7095945
2024-07-24,-0.8149544410402498,5,0.9353241,0.9001944
2024-07-24,-0.8149544410402498,10,1.2522196,0.9784335
2024-07-24,-0.8149544410402498,21,1.1375427,0.9863164
2024-07-25,-1.5349568572981198,1,0.0,0.00035233516
2024-07-25,-1.5349568572981198,3,1.0649748,0.54970676
2024-07-25,-1.5349568572981198,5,1.0213574,0.65906924
2024-07-25,-1.5349568572981198,10,1.5001673,0.7684119
2024-07-25,-1.5349568572981198,21,1.1248531,0.8176266
2024-07-26,1.0351840619348351,1,0.0,-0.0013460275
2024-07-26,1.0351840619348351,3,0.7000961,0.80095017
2024-07-26,1.0351840619348351,5,1.0887641,0.9539007
2024-07-26,1.0351840619348351,10,1.4464984,0.99037254
2024-07-26,1.0351840619348351,21,1.075204,0.9595669
2024-07-29,-0.6366069244991834,1,0.0,0.000771584
2024-07-29,-0.6366069244991834,3,0.7122089,0.66916835
2024-07-29,-0.6366069244991834,5,1.4048953,0.84544283
2024-07-29,-0.6366069244991834,10,1.3966544,0.8751079
2024-07-29,-0.6366069244991834,21,1.0538259,0.87301886
2024-07-30,0.5301081133927354,1,0.0,-0.00023307092
2024-07-30,0.5301081133927354,3,1.2188066,0.63482726
2024-07-30,0.5301081133927354,5,1.4695522,0.7632268
2024-07-30,0.5301081133927354,10,1.3964341,0.80698085
2024-07-30,0.5301081133927354,21,1.0434085,0.7830701
2024-07-31,1.0699910026683135,1,0.0,-0.0020302776
2024-07-31,1.0699910026683135,3,1.6107475,0.5903207
2024-07-31,1.0699910026683135,5,1.418773,0.6792911
2024-07-31,1.0699910026683135,10,1.3858849,0.7795327
2024-07-31,1.0699910026683135,21,1.0389198,0.8181883
2024-08-01,-1.74280265494966,1,0.0,-0.0009514261
2024-08-01,-1.74280265494966,3,0.45374647,0.59936124
2024-08-01,-1.74280265494966,5,1.7555652,0.6837077
2024-08-01,-1.74280265494966,10,1.3448529,0.7722943
2024-08-01,-1.74280265494966,21,1.0338702,0.8075953
2024-08-02,-2.7325334556902448,1,0.0,-0.0024502948
2024-08-02,-2.7325334556902448,3,1.2501944,0.7024547
2024-08-02,-2.7325334556902448,5,1.694398,0.83110297
2024-08-02,-2.7325334556902448,10,1.3146094,0.95363706
2024-08-02,-2.7325334556902448,21,0.95687836,0.997618
2024-08-05,-1.7997056478071372,1,0.0,-0.002369484
2024-08-05,-1.7997056478071372,3,1.6105324,0.90134954
2024-08-05,-1.7997056478071372,5,1.2556093,1.0235546
2024-08-05,-1.7997056478071372,10,0.94508165,1.1272624
2024-08-05,-1.7997056478071372,21,0.7151925,1.0862368
2024-08-06,0.2599073223185755,1,0.0,-0.0009668898
2024-08-06,0.2599073223185755,3,0.9985244,0.8970642
2024-08-06,0.2599073223185755,5,0.8228965,1.059848
2024-08-06,0.2599073223185755,10,0.6236828,1.1754888
2024-08-06,0.2599073223185755,21,0.6699844,1.1790528
2024-08-07,2.1439747788972063,1,0.0,-0.0014997739
2024-08-07,2.1439747788972063,3,1.0048804,0.9704145
2024-08-07,2.1439747788972063,5,0.82061523,1.3960755
2024-08-07,2.1439747788972063,10,0.6998166,1.4804046
2024-08-07,2.1439747788972063,21,0.71489143,1.4262303
2024-08-08,-0.14877992748925095,1,0.0,-0.00073719956
2024-08-08,-0.14877992748925095,3,0.15894918,0.8054209
2024-08-08,-0.14877992748925095,5,0.22446972,0.98574096
2024-08-08,-0.14877992748925095,10,0.43284035,1.1032376
2024-08-08,-0.14877992748925095,21,0.57932544,1.1595457
2024-08-09,0.22204077075382855,1,0.0,-0.001440471
2024-08-09,0.22204077075382855,3,0.06463076,0.9136059
2024-08-09,0.22204077075382855,5,0.38423097,1.1159387
2024-08-09,0.22204077075382855,10,0.4306868,1.2135892
2024-08-09,0.22204077075382855,21,0.6574751,1.1862144
2024-08-12,0.1393961585111292,1,0.0,0.0016185446
2024-08-12,0.1393961585111292,3,0.16572368,0.80119944
2024-08-12,0.1393961585111292,5,0.36301947,0.99354523
2024-08-12,0.1393961585111292,10,0.43032745,1.1750149
2024-08-12,0.1393961585111292,21,0.6812681,1.1979496
2024-08-13,0.2976565241008089,1,0.0,-0.00067491643
2024-08-13,0.2976565241008089,3,0.38106072,0.7534827
2024-08-13,0.2976565241008089,5,0.3135662,0.91915464
2024-08-13,0.2976565241008089,10,0.44383743,1.0225587
2024-08-13,0.2976565241008089,21,0.6901872,1.0144379
2024-08-14,0.5422619947731633,1,0.0,-0.0004945472
2024-08-14,0.5422619947731633,3,0.3275917,0.74534893
2024-08-14,0.5422619947731633,5,0.54869354,0.89701337
2024-08-14,0.5422619947731633,10,0.44957635,1.0234727
2024-08-14,0.5422619947731633,21,0.69005024,1.0986217
2024-08-15,1.2000610857301197,1,0.0,0.0031311605
2024-08-15,1.2000610857301197,3,0.3469268,0.80056226
2024-08-15,1.2000610857301197,5,0.5482443,1.0805186
2024-08-15,1.2000610857301197,10,0.4424702,1.1919328
2024-08-15,1.2000610857301197,21,0.70479774,1.1746272
2024-08-16,0.47316821043015267,1,0.0,0.0028418107
2024-08-16,0.47316821043015267,3,0.46273887,0.7451112
2024-08-16,0.47316821043015267,5,0.41583952,0.9409191
2024-08-16,0.47316821043015267,10,0.39474997,1.1054716
2024-08-16,0.47316821043015267,21,0.66796845,1.154869
2024-08-19,0.4553902398446219,1,0.0,0.0040611792
2024-08-19,0.4553902398446219,3,0.4772439,0.7789556
2024-08-19,0.4553902398446219,5,0.4091998,1.0536088
2024-08-19,0.4553902398446219,10,0.4093928,1.2280055
2024-08-19,0.4553902398446219,21,0.66357994,1.2283643
2024-08-20,-0.5172174043210909,1,0.0,0.0018405374
2024-08-20,-0.5172174043210909,3,0.43255383,0.59783137
2024-08-20,-0.5172174043210909,5,0.38439727,0.8198888
2024-08-20,-0.5172174043210909,10,0.39863104,0.94727385
2024-08-20,-0.5172174043210909,21,0.66226304,1.0275929
2024-08-21,0.5307389576977073,1,0.0,-0.001094332
2024-08-21,0.5307389576977073,3,0.28930947,0.53195965
2024-08-21,0.5307389576977073,5,0.2630914,0.6509128
2024-08-21,0.5307389576977073,10,0.60080177,0.8527183
2024-08-21,0.5307389576977073,21,0.6642928,0.9574161
2024-08-22,-0.12852863560519623,1,0.0,-0.0010979921
2024-08-22,-0.12852863560519623,3,0.2473292,0.5851585
2024-08-22,-0.12852863560519623,5,0.20095602,0.730865
2024-08-22,-0.12852863560519623,10,0.6394968,0.91759384
2024-08-22,-0.12852863560519623,21,0.7696233,1.0400007
2024-08-23,0.42621520473193897,1,0.0,0.0004351698
2024-08-23,0.42621520473193897,3,0.2045898,0.5871141
2024-08-23,0.42621520473193897,5,0.35380396,0.7235118
2024-08-23,0.42621520473193897,10,0.6457161,0.86070144
2024-08-23,0.42621520473193897,21,0.8151294,0.9231655
2024-08-26,-0.062029304091826276,1,0.0,-0.0018466637
2024-08-26,-0.062029304091826276,3,0.119850986,0.6817776
2024-08-26,-0.062029304091826276,5,0.40838063,0.8674892
2024-08-26,-0.062029304091826276,10,0.7169301,1.0552168
2024-08-26,-0.062029304091826276,21,0.8105339,1.1419276
2024-08-27,0.08426957322331674,1,0.0,-0.00036792457
2024-08-27,0.08426957322331674,3,0.38137907,0.75350666
2024-08-27,0.08426957322331674,5,0.38963798,0.9203762
2024-08-27,0.08426957322331674,10,0.7994362,1.0440148
2024-08-27,0.08426957322331674,21,0.8261058,1.0309117
2024-08-28,0.23154390830422145,1,0.0,0.00038033538
2024-08-28,0.23154390830422145,3,0.4854913,0.74524534
2024-08-28,0.23154390830422145,5,0.790439,0.89004385
2024-08-28,0.23154390830422145,10,0.796677,1.0447652
2024-08-28,0.23154390830422145,21,0.8305874,1.1095752
2024-08-29,0.9568170417034949,1,0.0,0.0013893303
2024-08-29,0.9568170417034949,3,0.49171048,0.8200271
2024-08-29,0.9568170417034949,5,0.8342958,0.99660784
2024-08-29,0.9568170417034949,10,0.8004586,1.101223
2024-08-29,0.9568170417034949,21,0.8579415,1.0865353
2024-08-30,-0.22199491128995774,1,0.0,0.0017873896
2024-08-30,-0.22199491128995774,3,0.68495977,0.680046
2024-08-30,-0.22199491128995774,5,0.5593542,0.8960198
2024-08-30,-0.22199491128995774,10,0.78734267,1.011703
2024-08-30,-0.22199491128995774,21,0.8420798,1.0528883
2024-09-02,0.15338244577725035,1,0.0,0.0008293744
2024-09-02,0.15338244577725035,3,0.66581553,0.66852546
2024-09-02,0.15338244577725035,5,0.6079347,0.81026876
2024-09-02,0.15338244577725035,10,0.82707614,0.86531645
2024-09-02,0.15338244577725035,21,0.8920455,0.8472803
2024-09-03,-1.4504924191847124,1,0.0,0.002978824
2024-09-03,-1.4504924191847124,3,0.43370593,0.5587142
2024-09-03,-1.4504924191847124,5,0.85530424,0.70423836
2024-09-03,-1.4504924191847124,10,0.82002646,0.8136476
2024-09-03,-1.4504924191847124,21,0.8912665,0.839233
2024-09-04,-0.9046516464056076,1,0.0,0.0012204722
2024-09-04,-0.9046516464056076,3,0.40469572,0.6950704
2024-09-04,-0.9046516464056076,5,0.755339,0.8001035
2024-09-04,-0.9046516464056076,10,0.72780323,0.91470236
2024-09-04,-0.9046516464056076,21,0.83775973,0.88547224
2024-09-05,-0.3882703626824302,1,0.0,0.0003804695
2024-09-05,-0.3882703626824302,3,0.9261619,0.79153794
2024-09-05,-0.3882703626824302,5,0.7629629,0.99055696
2024-09-05,-0.3882703626824302,10,0.6943863,1.1279773
2024-09-05,-0.3882703626824302,21,0.840586,1.1354818
2024-09-06,-1.3792751379698487,1,0.0,0.0013809958
2024-09-06,-1.3792751379698487,3,0.92951924,0.7483784
2024-09-06,-1.3792751379698487,5,0.8637202,0.9882256
2024-09-06,-1.3792751379698487,10,0.8763639,1.0942537
2024-09-06,-1.3792751379698487,21,0.84775835,1.0535533
2024-09-09,0.8835482138967343,1,0.0,-0.0038143191
2024-09-09,0.8835482138967343,3,0.5524419,0.8181949
2024-09-09,0.8835482138967343,5,0.4985484,0.9576832
2024-09-09,0.8835482138967343,10,0.8488744,1.0732114
2024-09-09,0.8835482138967343,21,0.78290725,1.1060818
2024-09-10,-0.4663814284734613,1,0.0,-4.7963113e-06
2024-09-10,-0.4663814284734613,3,0.5462941,0.7836492
2024-09-10,-0.4663814284734613,5,0.51140726,0.99384046
2024-09-10,-0.4663814284734613,10,0.82067704,1.0902449
2024-09-10,-0.4663814284734613,21,0.7741124,1.0879405
2024-09-11,0.29001939979105273,1,0.0,-0.0006705541
2024-09-11,0.29001939979105273,3,0.23586975,0.68723714
2024-09-11,0.29001939979105273,5,0.3925235,0.89699733
2024-09-11,0.29001939979105273,10,0.8074319,0.9504366
2024-09-11,0.29001939979105273,21,0.77171016,1.0185318
2024-09-12,0.8677797144230226,1,0.0,0.0011413172
2024-09-12,0.8677797144230226,3,0.5039301,0.6587748
2024-09-12,0.8677797144230226,5,0.54715186,0.87367284
2024-09-12,0.8677797144230226,10,0.83282596,1.0254517
2024-09-12,0.8677797144230226,21,0.77412975,1.0827191
2024-09-13,0.5793482537673533,1,0.0,0.0020383522
2024-09-13,0.5793482537673533,3,0.3890895,0.5654675
2024-09-13,0.5793482537673533,5,0.8525761,0.77591026
2024-09-13,0.5793482537673533,10,0.845955,0.90612686
2024-09-13,0.5793482537673533,21,0.76465786,1.0407162
2024-09-16,-0.3158398922597172,1,0.0,0.0015569106
2024-09-16,-0.3158398922597172,3,0.41794834,0.6811966
2024-09-16,-0.3158398922597172,5,1.0553682,0.8674873
2024-09-16,-0.3158398922597172,10,0.8458832,0.94872856
2024-09-16,-0.3158398922597172,21,0.7748946,0.95933473
2024-09-17,0.41501457688193355,1,0.0,-0.0019991528
2024-09-17,0.41501457688193355,3,1.000615,0.7096142
2024-09-17,0.41501457688193355,5,1.0410675,0.8519789
2024-09-17,0.41501457688193355,10,0.96609867,0.964748
2024-09-17,0.41501457688193355,21,0.89224255,1.0207384
2024-09-18,-0.5712608773509764,1,0.0,-0.0031300448
2024-09-18,-0.5712608773509764,3,1.3292989,0.763708
2024-09-18,-0.5712608773509764,5,1.0654619,0.86372995
2024-09-18,-0.5712608773509764,10,0.96411264,0.9368651
2024-09-18,-0.5712608773509764,21,0.89108557,0.9175716
2024-09-19,1.8650656456896009,1,0.0,-0.001416551
2024-09-19,1.8650656456896009,3,1.2627635,0.6600951
2024-09-19,1.8650656456896009,5,1.0426823,0.7505064
2024-09-19,1.8650656456896009,10,0.94225574,0.83417773
2024-09-19,1.8650656456896009,21,0.90287036,0.85853195
2024-09-20,-1.22389818918327,1,0.0,0.0013600923
2024-09-20,-1.22389818918327,3,0.82290035,0.69974625
2024-09-20,-1.22389818918327,5,0.805622,0.8676938
2024-09-20,-1.22389818918327,10,0.79879904,0.9972553
2024-09-20,-1.22389818918327,21,0.8151633,1.0101078
2024-09-23,0.18166417468510332,1,0.0,0.0017209044
2024-09-23,0.18166417468510332,3,0.46121114,0.7180652
2024-09-23,0.18166417468510332,5,0.49182412,0.95284045
2024-09-23,0.18166417468510332,10,0.7431792,1.0709774
2024-09-23,0.18166417468510332,21,0.7804991,1.0714586
2024-09-24,0.7300977100295647,1,0.0,0.003428461
2024-09-24,0.7300977100295647,3,0.61239547,0.6884823
2024-09-24,0.7300977100295647,5,0.8846407,0.86084414
2024-09-24,0.7300977100295647,10,0.74230635,0.9718233
2024-09-24,0.7300977100295647,21,0.7799026,0.96921
2024-09-25,-0.3994764296407105,1,0.0,0.0018581739
2024-09-25,-0.3994764296407105,3,0.5930821,0.6146375
2024-09-25,-0.3994764296407105,5,0.8297917,0.8323019
2024-09-25,-0.3994764296407105,10,0.7185559,0.9045439
2024-09-25,-0.3994764296407105,21,0.7685568,0.9326913
2024-09-26,1.0201052145958123,1,0.0,0.0011091549
2024-09-26,1.0201052145958123,3,1.0431701,0.63022983
2024-09-26,1.0201052145958123,5,0.82239354,0.7650253
2024-09-26,1.0201052145958123,10,0.73468214,0.9061514
2024-09-26,1.0201052145958123,21,0.7642459,0.91464126
2024-09-27,0.5776146052396847,1,0.0,-0.0011364799
2024-09-27,0.5776146052396847,3,0.8072542,0.658624
2024-09-27,0.5776146052396847,5,0.7443164,0.80440366
2024-09-27,0.5776146052396847,10,0.65949285,0.92742085
2024-09-27,0.5776146052396847,21,0.73047763,0.9754799
2024-09-30,-1.380605466364937,1,0.0,0.0015046755
2024-09-30,-1.380605466364937,3,0.71542364,0.5693519
2024-09-30,-1.380605466364937,5,0.77926034,0.7519232
2024-09-30,-1.380605466364937,10,0.6648745,0.82896066
2024-09-30,-1.380605466364937,21,0.7180887,0.870336
2024-10-01,-0.16380351289964068,1,0.0,0.00037059747
2024-10-01,-0.16380351289964068,3,0.5263011,0.94145215
2024-10-01,-0.16380351289964068,5,0.560214,1.1878697
2024-10-01,-0.16380351289964068,10,0.5549686,1.3520073
2024-10-01,-0.16380351289964068,21,0.6615341,1.3328174
2024-10-02,0.3199420771878181,1,0.0,0.0015328014
2024-10-02,0.3199420771878181,3,0.7141279,0.7652818
2024-10-02,0.3199420771878181,5,0.5864478,1.0956053
2024-10-02,0.3199420771878181,10,0.8497491,1.2761065
2024-10-02,0.3199420771878181,21,0.7065407,1.2401215
2024-10-03,-0.9568028450811283,1,0.0,0.00022614375
2024-10-03,-0.9568028450811283,3,0.69130945,0.72071874
2024-10-03,-0.9568028450811283,5,0.633199,0.9780845
2024-10-03,-0.9568028450811283,10,0.84479964,1.0919114
2024-10-03,-0.9568028450811283,21,0.72171974,1.1403668
2024-10-04,0.7171108286786243,1,0.0,-0.001636209
2024-10-04,0.7171108286786243,3,0.47110093,0.76831496
2024-10-04,0.7171108286786243,5,0.44841975,0.99576855
2024-10-04,0.7171108286786243,10,0.84344137,1.152891
2024-10-04,0.7171108286786243,21,0.7341372,1.1844627
2024-10-07,0.10173729077278537,1,0.0,-0.0010576379
2024-10-07,0.10173729077278537,3,0.42798543,0.67427146
2024-10-07,0.10173729077278537,5,0.42754596,0.9397425
2024-10-07,0.10173729077278537,10,0.82773405,1.1149768
2024-10-07,0.10173729077278537,21,0.71762586,1.2466335
2024-10-08,-0.4359746131107123,1,0.0,0.0032485751
2024-10-08,-0.4359746131107123,3,0.4494384,0.75839686
2024-10-08,-0.4359746131107123,5,0.51078975,1.0344737
2024-10-08,-0.4359746131107123,10,0.8508364,1.1147121
2024-10-08,-0.4359746131107123,21,0.72292566,1.1503665
2024-10-09,0.6122536909733078,1,0.0,0.00053341873
2024-10-09,0.6122536909733078,3,0.38863033,0.7331772
2024-10-09,0.6122536909733078,5,1.048693,0.9056667
2024-10-09,0.6122536909733078,10,0.8390513,1.0529766
2024-10-09,0.6122536909733078,21,0.7422695,1.1509293
2024-10-10,-0.20321927751769664,1,0.0,-0.0016954616
2024-10-10,-0.20321927751769664,3,0.45395333,0.6026381
2024-10-10,-0.20321927751769664,5,1.0016172,0.67560583
2024-10-10,-0.20321927751769664,10,0.8248416,0.7794734
2024-10-10,-0.20321927751769664,21,0.738409,0.78624797
2024-10-11,0.6298450914598241,1,0.0,-0.0021966714
2024-10-11,0.6298450914598241,3,1.2907377,0.6468262
2024-10-11,0.6298450914598241,5,1.100947,0.72697735
2024-10-11,0.6298450914598241,10,0.82410103,0.8124577
2024-10-11,0.6298450914598241,21,0.745965,0.8754392
2024-10-14,0.8511483831171951,1,0.0,-0.0004886966
2024-10-14,0.8511483831171951,3,1.165947,0.5893258
2024-10-14,0.8511483831171951,5,1.0841959,0.7344817
2024-10-14,0.8511483831171951,10,0.7979871,0.8130423
2024-10-14,0.8511483831171951,21,0.77428067,0.87768275
2024-10-15,-1.9908558360643092,1,0.0,0.00033849478
2024-10-15,-1.9908558360643092,3,1.1977636,0.57586545
2024-10-15,-1.9908558360643092,5,1.0050029,0.7808529
2024-10-15,-1.9908558360643092,10,0.73968846,0.87743545
2024-10-15,-1.9908558360643092,21,0.83181006,0.88207847
2024-10-16,-0.3255078758063412,1,0.0,0.00056870095
2024-10-16,-0.3255078758063412,3,0.5193672,0.7730576
2024-10-16,-0.3255078758063412,5,0.55006486,0.9211823
2024-10-16,-0.3255078758063412,10,0.4410876,1.0019172
2024-10-16,-0.3255078758063412,21,0.7341203,0.97732127
2024-10-17,0.93366688561769,1,0.0,-0.0002999343
2024-10-17,0.93366688561769,3,0.64069045,0.8099811
2024-10-17,0.93366688561769,5,0.56533813,0.99080527
2024-10-17,0.93366688561769,10,0.5639989,1.0110991
2024-10-17,0.93366688561769,21,0.8218691,0.99241287
2024-10-18,0.4612402560320916,1,0.0,0.0034038816
2024-10-18,0.4612402560320916,3,0.43291852,0.67804146
2024-10-18,0.4612402560320916,5,0.37085146,0.8875066
2024-10-18,0.4612402560320916,10,0.49465373,1.0380535
2024-10-18,0.4612402560320916,21,0.8083922,1.0050956
2024-10-21,-0.5986130899398034,1,0.0,1.9134954e-05
2024-10-21,-0.5986130899398034,3,0.23366679,0.63473403
2024-10-21,-0.5986130899398034,5,0.29383144,0.8212863
2024-10-21,-0.5986130899398034,10,0.5868356,0.94198644
2024-10-21,-0.5986130899398034,21,0.79684216,0.9628268
2024-10-22,-0.038417340846752523,1,0.0,0.0019071288
2024-10-22,-0.038417340846752523,3,0.1997916,0.64896154
2024-10-22,-0.038417340846752523,5,0.21205837,0.89324415
2024-10-22,-0.038417340846752523,10,0.57748073,0.9221857
2024-10-22,-0.038417340846752523,21,0.7956265,0.9173314
2024-10-23,-0.42018287732714654,1,0.0,0.002614757
2024-10-23,-0.42018287732714654,3,0.25729942,0.82279646
2024-10-23,-0.42018287732714654,5,0.2635475,1.0821881
2024-10-23,-0.42018287732714654,10,0.6004012,1.2424788
2024-10-23,-0.42018287732714654,21,0.79521084,1.2195144
2024-10-24,0.0358722545497514,1,0.0,0.0032306444
2024-10-24,0.0358722545497514,3,0.060863435,0.9565437
2024-10-24,0.0358722545497514,5,0.514895,1.3335922
2024-10-24,0.0358722545497514,10,0.6411124,1.469204
2024-10-24,0.0358722545497514,21,0.80891424,1.3940784
2024-10-25,0.18457237533926474,1,0.0,0.001101776
2024-10-25,0.18457237533926474,3,0.26707608,0.82894015
2024-10-25,0.18457237533926474,5,0.5455844,1.0887557
2024-10-25,0.18457237533926474,10,0.6762588,1.2163047
2024-10-25,0.18457237533926474,21,0.8243998,1.2390298
2024-10-28,0.11948602186420132,1,0.0,0.00039467495
2024-10-28,0.11948602186420132,3,0.5397712,0.80439234
2024-10-28,0.11948602186420132,5,0.7718353,1.1698655
2024-10-28,0.11948602186420132,10,0.67682534,1.3146708
2024-10-28,0.11948602186420132,21,0.82181233,1.2689347
2024-10-29,-0.41171378850792806,1,0.0,0.0017811572
2024-10-29,-0.41171378850792806,3,0.32312104,0.66665035
2024-10-29,-0.41171378850792806,5,0.745214,0.86935467
2024-10-29,-0.41171378850792806,10,0.7840273,0.9096661
2024-10-29,-0.41171378850792806,21,0.84056467,0.92606705
2024-10-30,-1.1946645195020977,1,0.0,0.0019155182
2024-10-30,-1.1946645195020977,3,0.9617892,0.60925025
2024-10-30,-1.1946645195020977,5,0.80129176,0.7245984
2024-10-30,-1.1946645195020977,10,0.94510275,0.73919046
2024-10-30,-1.1946645195020977,21,0.8416713,0.7539708
2024-10-31,-0.9035563004814229,1,0.0,-0.0004944317
2024-10-31,-0.9035563004814229,3,0.79539514,0.66271585
2024-10-31,-0.9035563004814229,5,0.74470305,0.79533625
2024-10-31,-0.9035563004814229,10,0.8971998,0.8313108
2024-10-31,-0.9035563004814229,21,0.8246968,0.8238688
2024-11-01,0.9755167459036151,1,0.0,0.00028872117
2024-11-01,0.9755167459036151,3,0.5665528,0.59973097
2024-11-01,0.9755167459036151,5,0.6856736,0.7205654
2024-11-01,0.9755167459036151,10,1.0078621,0.77808285
2024-11-01,0.9755167459036151,21,0.8198781,0.7784046
2024-11-04,-0.4098380459860884,1,0.0,0.0011213627
2024-11-04,-0.4098380459860884,3,0.5307503,0.57442266
2024-11-04,-0.4098380459860884,5,0.56417626,0.7546528
2024-11-04,-0.4098380459860884,10,0.992347,0.8320564
2024-11-04,-0.4098380459860884,21,0.7891633,0.8559738
2024-11-05,0.3536447945502452,1,0.0,0.00021864008
2024-11-05,0.3536447945502452,3,0.6533543,0.66019857
2024-11-05,0.3536447945502452,5,0.75022066,0.84589434
2024-11-05,0.3536447945502452,10,0.9881505,0.8830755
2024-11-05,0.3536447945502452,21,0.7973392,0.9201824
2024-11-06,-0.9393879082217893,1,0.0,0.0017524902
2024-11-06,-0.9393879082217893,3,0.62736315,0.5269053
2024-11-06,-0.9393879082217893,5,1.0655781,0.71376514
2024-11-06,-0.9393879082217893,10,0.9830731,0.7925128
2024-11-06,-0.9393879082217893,21,0.8009157,0.83220506
2024-11-07,0.5238125289941387,1,0.0,-0.0006398428
2024-11-07,0.5238125289941387,3,0.708939,0.7116223
2024-11-07,0.5238125289941387,5,1.0271069,0.8037874
2024-11-07,0.5238125289941387,10,0.9524547,0.9002841
2024-11-07,0.5238125289941387,21,0.77852863,0.9030519
2024-11-08,-0.6144985297610539,1,0.0,0.0016231313
2024-11-08,-0.6144985297610539,3,1.227444,0.61092293
2024-11-08,-0.6144985297610539,5,1.2476087,0.7233342
2024-11-08,-0.6144985297610539,10,0.9552897,0.7619334
2024-11-08,-0.6144985297610539,21,0.77322114,0.7615419
2024-11-11,1.0903776222354722,1,0.0,0.0034788968
2024-11-11,1.0903776222354722,3,1.2292286,0.62959826
2024-11-11,1.0903776222354722,5,1.2798046,0.78445077
2024-11-11,1.0903776222354722,10,0.96392757,0.9214652
2024-11-11,1.0903776222354722,21,0.76057726,0.9261318
2024-11-12,-1.9067824849980042,1,0.0,-0.0011517387
2024-11-12,-1.9067824849980042,3,1.431019,0.5678525
2024-11-12,-1.9067824849980042,5,1.1479354,0.7013306
2024-11-12,-1.9067824849980042,10,0.8926303,0.78332293
2024-11-12,-1.9067824849980042,21,0.7353016,0.8281223
2024-11-13,-0.15862869893057407,1,0.0,0.003221145
2024-11-13,-0.15862869893057407,3,1.0456318,0.71871746
2024-11-13,-0.15862869893057407,5,0.8592647,0.861024
2024-11-13,-0.15862869893057407,10,0.7396737,0.91449934
2024-11-13,-0.15862869893057407,21,0.5998725,0.8579152
2024-11-14,1.5984799905966796,1,0.0,-0.00010127667
2024-11-14,1.5984799905966796,3,1.0422444,0.6869037
2024-11-14,1.5984799905966796,5,0.863372,0.78306043
2024-11-14,1.5984799905966796,10,0.7517722,0.8792873
2024-11-14,1.5984799905966796,21,0.5974727,0.8876628
2024-11-15,-0.8939155453362879,1,0.0,0.0006248737
2024-11-15,-0.8939155453362879,3,0.31379712,0.738407
2024-11-15,-0.8939155453362879,5,0.48602405,0.9357335
2024-11-15,-0.8939155453362879,10,0.5667419,1.024024
2024-11-15,-0.8939155453362879,21,0.49830332,1.0008198
2024-11-18,-0.12646970582483874,1,0.0,0.0011058375
2024-11-18,-0.12646970582483874,3,0.17555624,0.8251886
2024-11-18,-0.12646970582483874,5,0.46365166,1.0407928
2024-11-18,-0.12646970582483874,10,0.56048393,1.1744705
2024-11-18,-0.12646970582483874,21,0.46984836,1.1716361
2024-11-19,-0.5473276599675891,1,0.0,4.3952838e-05
2024-11-19,-0.5473276599675891,3,0.47109443,0.6588916
2024-11-19,-0.5473276599675891,5,0.46020445,0.8624664
2024-11-19,-0.5473276599675891,10,0.5590383,1.0154223
2024-11-19,-0.5473276599675891,21,0.47395757,1.0515431
2024-11-20,-0.2604204599626847,1,0.0,0.00040043704
2024-11-20,-0.2604204599626847,3,0.40281516,0.68911004
2024-11-20,-0.2604204599626847,5,0.596561,0.9190764
2024-11-20,-0.2604204599626847,10,0.55067563,1.0484095
2024-11-20,-0.2604204599626847,21,0.4578421,1.0808556
2024-11-21,0.5640866746947637,1,0.0,-0.00014826003
2024-11-21,0.5640866746947637,3,0.31584516,0.7093091
2024-11-21,0.5640866746947637,5,0.62005854,0.96455705
2024-11-21,0.5640866746947637,10,0.5446791,1.0484185
2024-11-21,0.5640866746947637,21,0.54886866,1.0261774
2024-11-22,0.6212063280383262,1,0.0,0.002844884
2024-11-22,0.6212063280383262,3,0.6654205,0.6357142
2024-11-22,0.6212063280383262,5,0.62428945,0.87602997
2024-11-22,0.6212063280383262,10,0.53760666,1.0081615
2024-11-22,0.6212063280383262,21,0.54063517,0.99473536
2024-11-25,-0.07553367671055966,1,0.0,-0.00032596104
2024-11-25,-0.07553367671055966,3,0.37963527,0.69972306
2024-11-25,-0.07553367671055966,5,0.638217,0.8775302
2024-11-25,-0.07553367671055966,10,0.5193035,0.9636039
2024-11-25,-0.07553367671055966,21,0.5230144,0.9625897
2024-11-26,-1.0032690121814625,1,0.0,0.0022065127
2024-11-26,-1.0032690121814625,3,0.6609921,0.6397767
2024-11-26,-1.0032690121814625,5,0.638416,0.9210267
2024-11-26,-1.0032690121814625,10,0.5149794,1.0262401
2024-11-26,-1.0032690121814625,21,0.5251928,1.0657487
2024-11-27,-0.48432363198029904,1,0.0,0.0012366679
2024-11-27,-0.48432363198029904,3,0.52844346,0.8096652
2024-11-27,-0.48432363198029904,5,0.45206732,1.0021722
2024-11-27,-0.48432363198029904,10,0.40968043,1.1131117
2024-11-27,-0.48432363198029904,21,0.50242734,1.1455002
2024-11-28,0.5844051752908364,1,0.0,0.00051205885
2024-11-28,0.5844051752908364,3,0.3061549,0.7223309
2024-11-28,0.5844051752908364,5,0.24695459,0.8965054
2024-11-28,0.5844051752908364,10,0.33177716,1.0260909
2024-11-28,0.5844051752908364,21,0.50262195,1.0539708
2024-11-29,0.6824965754431922,1,0.0,5.060248e-05
2024-11-29,0.6824965754431922,3,0.30798724,0.6995522
2024-11-29,0.6824965754431922,5,0.24003534,0.83694845
2024-11-29,0.6824965754431922,10,0.33242056,0.9631004
2024-11-29,0.6824965754431922,21,0.51009536,1.0027125
2024-12-02,-0.010421986231623492,1,0.0,0.00046130642
2024-12-02,-0.010421986231623492,3,0.26406935,0.7166668
2024-12-02,-0.010421986231623492,5,0.21083033,0.879861
2024-12-02,-0.010421986231623492,10,0.3089183,0.96748924
2024-12-02,-0.010421986231623492,21,0.51427764,0.9666254
2024-12-03,0.594398624271264,1,0.0,-2.1404587e-05
2024-12-03,0.594398624271264,3,0.06368027,0.6240716
2024-12-03,0.594398624271264,5,0.12034983,0.7635884
2024-12-03,0.594398624271264,10,0.37192845,0.8611597
2024-12-03,0.594398624271264,21,0.53669703,0.919745
2024-12-04,0.4905854822812472,1,0.0,-0.0015345234
2024-12-04,0.4905854822812472,3,0.089905314,0.5669841
2024-12-04,0.4905854822812472,5,0.3587386,0.70115197
2024-12-04,0.4905854822812472,10,0.35752693,0.82931066
2024-12-04,0.4905854822812472,21,0.64086294,0.9071853
2024-12-05,0.44166835621473055,1,0.0,0.0009375131
2024-12-05,0.44166835621473055,3,0.07400822,0.58557665
2024-12-05,0.44166835621473055,5,0.33947992,0.71119475
2024-12-05,0.44166835621473055,10,0.3429148,0.78743994
2024-12-05,0.44166835621473055,21,0.63708985,0.8377071
2024-12-06,0.28017348070816794,1,0.0,0.00032904
2024-12-06,0.28017348070816794,3,0.3687273,0.54262704
2024-12-06,0.28017348070816794,5,0.31493726,0.6451677
2024-12-06,0.28017348070816794,10,0.5129588,0.7501272
2024-12-06,0.28017348070816794,21,0.64110464,0.8210278
2024-12-09,0.2895975258358163,1,0.0,0.0011926591
2024-12-09,0.2895975258358163,3,0.38475934,0.51446104
2024-12-09,0.2895975258358163,5,0.29942805,0.6481735
2024-12-09,0.2895975258358163,10,0.49440256,0.73509854
2024-12-09,0.2895975258358163,21,0.6467269,0.7983325
2024-12-10,-0.4972606398574442,1,0.0,0.003766358
2024-12-10,-0.4972606398574442,3,0.3453823,0.4505072
2024-12-10,-0.4972606398574442,5,0.32689896,0.56527424
2024-12-10,-0.4972606398574442,10,0.47019565,0.69092894
2024-12-10,-0.4972606398574442,21,0.6644691,0.71864635
2024-12-11,0.345411696943998,1,0.0,0.00090904534
2024-12-11,0.345411696943998,3,0.16894126,0.4550092
2024-12-11,0.345411696943998,5,0.28852108,0.59339356
2024-12-11,0.345411696943998,10,0.47800392,0.77167594
2024-12-11,0.345411696943998,21,0.6630736,0.8791259
2024-12-12,-0.010903862022448862,1,0.0,0.0021767924
2024-12-12,-0.010903862022448862,3,0.23551252,0.45647755
2024-12-12,-0.010903862022448862,5,0.29132795,0.597674
2024-12-12,-0.010903862022448862,10,0.5399266,0.7514598
2024-12-12,-0.010903862022448862,21,0.6619077,0.84626013
2024-12-13,-0.01499475186497179,1,0.0,0.0040786983
2024-12-13,-0.01499475186497179,3,0.20327488,0.42392024
2024-12-13,-0.01499475186497179,5,0.5736429,0.5771734
2024-12-13,-0.01499475186497179,10,0.5493721,0.70867825
2024-12-13,-0.01499475186497179,21,0.69387126,0.7281465
2024-12-16,-0.5125342657930965,1,0.0,0.0028951261
2024-12-16,-0.5125342657930965,3,0.366537,0.4754958
2024-12-16,-0.5125342657930965,5,0.550624,0.67981386
2024-12-16,-0.5125342657930965,10,0.61065584,0.8032993
2024-12-16,-0.5125342657930965,21,0.72561586,0.78637916
2024-12-17,-0.28061286659530893,1,0.0,0.00036586076
2024-12-17,-0.28061286659530893,3,0.70470685,0.4230388
2024-12-17,-0.28061286659530893,5,0.5633612,0.57149625
2024-12-17,-0.28061286659530893,10,0.6407544,0.6986095
2024-12-17,-0.28061286659530893,21,0.7248794,0.7192689
2024-12-18,0.35457989984903904,1,0.0,0.00285138
2024-12-18,0.35457989984903904,3,0.70422536,0.46348014
2024-12-18,0.35457989984903904,5,0.6038249,0.6609566
2024-12-18,0.35457989984903904,10,0.6669545,0.78278476
2024-12-18,0.35457989984903904,21,0.7174135,0.81964594
2024-12-19,-1.353034595355318,1,0.0,0.003287416
2024-12-19,-1.353034595355318,3,0.5605101,0.56131154
2024-12-19,-1.353034595355318,5,0.7049343,0.7617996
2024-12-19,-1.353034595355318,10,0.8511976,0.8916244
2024-12-19,-1.353034595355318,21,0.7223149,0.89508706
2024-12-20,-0.2877099868520361,1,0.0,0.002536242
2024-12-20,-0.2877099868520361,3,0.2025953,0.68928134
2024-12-20,-0.2877099868520361,5,0.44479445,0.883814
2024-12-20,-0.2877099868520361,10,0.6905531,0.9505892
2024-12-20,-0.2877099868520361,21,0.6350332,0.87760967
2024-12-23,-0.07031590229669149,1,0.0,0.00031394698
2024-12-23,-0.07031590229669149,3,0.3587547,0.6902112
2024-12-23,-0.07031590229669149,5,0.4822109,0.8363962
2024-12-23,-0.07031590229669149,10,0.701703,0.9972216
2024-12-23,-0.07031590229669149,21,0.62443554,1.0212233
2024-12-24,0.20732461369616928,1,0.0,0.0022704564
2024-12-24,0.20732461369616928,3,0.5226344,0.5433952
2024-12-24,0.20732461369616928,5,0.49125704,0.6892081
2024-12-24,0.20732461369616928,10,0.6929966,0.7890254
2024-12-24,0.20732461369616928,21,0.62702584,0.7826403
2024-12-27,0.7905562577618319,1,0.0,0.003245283
2024-12-27,0.7905562577618319,3,0.5872576,0.6694391
2024-12-27,0.7905562577618319,5,0.6483947,0.8701531
2024-12-27,0.7905562577618319,10,0.76109785,0.9584566
2024-12-27,0.7905562577618319,21,0.6750995,0.9111867
2024-12-30,-0.4879946645902855,1,0.0,-0.000334071
2024-12-30,-0.4879946645902855,3,0.57792103,0.58519727
2024-12-30,-0.4879946645902855,5,0.8901248,0.7441121
2024-12-30,-0.4879946645902855,10,0.7669025,0.83929825
2024-12-30,-0.4879946645902855,21,0.6632948,0.8707079
2024-12-31,0.7221593893163458,1,0.0,0.0025433134
2024-12-31,0.7221593893163458,3,0.6494357,0.57392144
2024-12-31,0.7221593893163458,5,0.77597284,0.7170975
2024-12-31,0.7221593893163458,10,0.73827714,0.87789667
2024-12-31,0.7221593893163458,21,0.6543783,0.8886325
2025-01-02,0.7531740380651186,1,0.0,-0.00010238774
2025-01-02,0.7531740380651186,3,0.98623353,0.5293704
2025-01-02,0.7531740380651186,5,0.8626845,0.64375675
2025-01-02,0.7531740380651186,10,0.762016,0.67316353
2025-01-02,0.7531740380651186,21,0.66823536,0.7122437
2025-01-03,-0.6397325908997331,1,0.0,0.0014007734
2025-01-03,-0.6397325908997331,3,0.9886687,0.477543
2025-01-03,-0.6397325908997331,5,0.8458218,0.6351501
2025-01-03,-0.6397325908997331,10,0.7893769,0.7061189
2025-01-03,-0.6397325908997331,21,0.65983015,0.74181414
2025-01-06,1.7660518187708085,1,0.0,0.00040952303
2025-01-06,1.7660518187708085,3,0.9030364,0.47384986
2025-01-06,1.7660518187708085,5,0.85760736,0.6052445
2025-01-06,1.7660518187708085,10,0.7389923,0.71414465
2025-01-06,1.7660518187708085,21,0.6852484,0.7149039
2025-01-07,0.32285379323866437,1,0.0,0.0011649057
2025-01-07,0.32285379323866437,3,0.3960084,0.52413464
2025-01-07,0.32285379323866437,5,0.4721792,0.6621858
2025-01-07,0.32285379323866437,10,0.58771783,0.7962104
2025-01-07,0.32285379323866437,21,0.6151213,0.8357257
2025-01-08,-0.40727760576677596,1,0.0,0.0034472188
2025-01-08,-0.40727760576677596,3,0.51307136,0.44933888
2025-01-08,-0.40727760576677596,5,0.4658016,0.61387444
2025-01-08,-0.40727760576677596,10,0.6050214,0.75385493
2025-01-08,-0.40727760576677596,21,0.61864483,0.8134123
2025-01-09,0.5108550728055938,1,0.0,0.004537087
2025-01-09,0.5108550728055938,3,0.5206376,0.36490235
2025-01-09,0.5108550728055938,5,0.6253794,0.4870038
2025-01-09,0.5108550728055938,10,0.56790984,0.6074171
2025-01-09,0.5108550728055938,21,0.6282956,0.58988136
2025-01-10,-0.6914234047441958,1,0.0,0.0029165857
2025-01-10,-0.6914234047441958,3,0.41867998,0.47043422
2025-01-10,-0.6914234047441958,5,0.7270631,0.6729934
2025-01-10,-0.6914234047441958,10,0.56534,0.8407286
2025-01-10,-0.6914234047441958,21,0.6328307,0.8846685
2025-01-13,-0.45863237215337804,1,0.0,0.001085341
2025-01-13,-0.45863237215337804,3,0.59711885,0.44543454
2025-01-13,-0.45863237215337804,5,0.57186365,0.5475815
2025-01-13,-0.45863237215337804,10,0.49525392,0.6486508
2025-01-13,-0.45863237215337804,21,0.60634476,0.71116716
2025-01-14,0.28994285966161826,1,0.0,0.002408484
2025-01-14,0.28994285966161826,3,0.35520342,0.4841015
2025-01-14,0.28994285966161826,5,0.3456709,0.64160514
2025-01-14,0.28994285966161826,10,0.5733463,0.72068703
2025-01-14,0.28994285966161826,21,0.58775556,0.7424745
2025-01-15,1.003867350348564,1,0.0,-0.0005931761
2025-01-15,1.003867350348564,3,0.11426384,0.52298224
2025-01-15,1.003867350348564,5,0.49102205,0.6197797
2025-01-15,1.003867350348564,10,0.57435685,0.7098501
2025-01-15,1.003867350348564,21,0.58903414,0.720004
2025-01-16,1.0775980733925827,1,0.0,-0.0013738256
2025-01-16,1.0775980733925827,3,0.33486673,0.63363254
2025-01-16,1.0775980733925827,5,0.45329288,0.7764564
2025-01-16,1.0775980733925827,10,0.5428811,0.9234736
2025-01-16,1.0775980733925827,21,0.6025282,0.9757143
2025-01-17,0.8069040314886422,1,0.0,0.0025312407
2025-01-17,0.8069040314886422,3,0.41736868,0.5308452
2025-01-17,0.8069040314886422,5,0.33256245,0.72201985
2025-01-17,0.8069040314886422,10,0.53589934,0.8209641
2025-01-17,0.8069040314886422,21,0.57844937,0.8333839
2025-01-20,0.27168835065873864,1,0.0,0.0021549826
2025-01-20,0.27168835065873864,3,0.2291072,0.46457896
2025-01-20,0.27168835065873864,5,0.20602477,0.6179568
2025-01-20,0.27168835065873864,10,0.5017024,0.7313455
2025-01-20,0.27168835065873864,21,0.5685533,0.8069307
2025-01-21,-0.21505313916652113,1,0.0,0.0047393907
2025-01-21,-0.21505313916652113,3,0.20023434,0.53156245
2025-01-21,-0.21505313916652113,5,0.39748234,0.7190935
2025-01-21,-0.21505313916652113,10,0.604657,0.8282181
2025-01-21,-0.21505313916652113,21,0.5693763,0.82053965
2025-01-22,0.27022156846259193,1,0.0,0.0023638792
2025-01-22,0.27022156846259193,3,0.17505035,0.47916034
2025-01-22,0.27022156846259193,5,0.4152479,0.6273585
2025-01-22,0.27022156846259193,10,0.65143603,0.7290405
2025-01-22,0.27022156846259193,21,0.59252775,0.8205529
2025-01-23,0.08925583544696636,1,0.0,0.001682966
2025-01-23,0.08925583544696636,3,0.41878805,0.5017418
2025-01-23,0.08925583544696636,5,0.5260861,0.61026216
2025-01-23,0.08925583544696636,10,0.6560642,0.7048389
2025-01-23,0.08925583544696636,21,0.6003309,0.7695889
2025-01-24,-0.15690705985411668,1,0.0,-0.000673892
2025-01-24,-0.15690705985411668,3,0.43227455,0.52626354
2025-01-24,-0.15690705985411668,5,0.6788561,0.6353939
2025-01-24,-0.15690705985411668,10,0.70733094,0.70068216
2025-01-24,-0.15690705985411668,21,0.59977615,0.76255655
2025-01-27,-0.8962514042858416,1,0.0,0.0015804358
2025-01-27,-0.8962514042858416,3,0.67155683,0.4932366
2025-01-27,-0.8962514042858416,5,0.66076994,0.6483258
2025-01-27,-0.8962514042858416,10,0.71174234,0.736369
2025-01-27,-0.8962514042858416,21,0.60900474,0.8017431
2025-01-28,0.12985293993699187,1,0.0,0.00031232368
2025-01-28,0.12985293993699187,3,0.3753695,0.42671832
2025-01-28,0.12985293993699187,5,0.6911271,0.52398014
2025-01-28,0.12985293993699187,10,0.6203145,0.65862554
2025-01-28,0.12985293993699187,21,0.5692928,0.7578071
2025-01-29,0.7302552711971444,1,0.0,0.0031603165
2025-01-29,0.7302552711971444,3,0.27291876,0.48139367
2025-01-29,0.7302552711971444,5,0.7333784,0.61038595
2025-01-29,0.7302552711971444,10,0.619805,0.6963329
2025-01-29,0.7302552711971444,21,0.59722644,0.72633106
2025-01-30,1.033127834346459,1,0.0,0.002087484
2025-01-30,1.033127834346459,3,0.83793837,0.4655023
2025-01-30,1.033127834346459,5,0.7422775,0.584589
2025-01-30,1.033127834346459,10,0.6128687,0.6603691
2025-01-30,1.033127834346459,21,0.62719935,0.6918554
2025-01-31,0.3655693928495296,1,0.0,0.0028105834
2025-01-31,0.3655693928495296,3,0.7984545,0.4471142
2025-01-31,0.3655693928495296,5,0.73346967,0.5690211
2025-01-31,0.3655693928495296,10,0.6357695,0.6540077
2025-01-31,0.3655693928495296,21,0.6053357,0.6609718
2025-02-03,-0.9815462316895562,1,0.0,0.0005196743
2025-02-03,-0.9815462316895562,3,0.77847046,0.49433905
2025-02-03,-0.9815462316895562,5,0.7503029,0.6399476
2025-02-03,-0.9815462316895562,10,0.6382525,0.6989236
2025-02-03,-0.9815462316895562,21,0.6514811,0.76032764
2025-02-04,0.9199541057542504,1,0.0,0.0004439503
2025-02-04,0.9199541057542504,3,0.5241576,0.56783444
2025-02-04,0.9199541057542504,5,0.5259143,0.68497807
2025-02-04,0.9199541057542504,10,0.46632785,0.78683054
2025-02-04,0.9199541057542504,21,0.79807943,0.8359744
2025-02-05,-0.15447125882692703,1,0.0,0.0037662014
2025-02-05,-0.15447125882692703,3,0.56065226,0.3909269
2025-02-05,-0.15447125882692703,5,0.47881237,0.5153926
2025-02-05,-0.15447125882692703,10,0.45196578,0.5965634
2025-02-05,-0.15447125882692703,21,0.82214946,0.6251362
2025-02-06,0.9914637646883051,1,0.0,0.003001758
2025-02-06,0.9914637646883051,3,0.51578456,0.478427
2025-02-06,0.9914637646883051,5,0.4280233,0.6109954
2025-02-06,0.9914637646883051,10,0.52778757,0.6895616
2025-02-06,0.9914637646883051,21,0.8229721,0.6939806
2025-02-07,-0.2369532031702093,1,0.0,0.0022776425
2025-02-07,-0.2369532031702093,3,0.39996475,0.5647414
2025-02-07,-0.2369532031702093,5,0.4921328,0.73453194
2025-02-07,-0.2369532031702093,10,0.5047815,0.8579879
2025-02-07,-0.2369532031702093,21,0.81360763,0.8670872
2025-02-10,0.6329806146544215,1,0.0,0.0031408602
2025-02-10,0.6329806146544215,3,0.22737904,0.45087752
2025-02-10,0.6329806146544215,5,0.39545724,0.61624223
2025-02-10,0.6329806146544215,10,0.48123842,0.67482483
2025-02-10,0.6329806146544215,21,0.85764205,0.70230836
2025-02-11,0.5882501402546758,1,0.0,0.004322704
2025-02-11,0.5882501402546758,3,0.44478953,0.43349242
2025-02-11,0.5882501402546758,5,0.39305893,0.5815062
2025-02-11,0.5882501402546758,10,0.50222355,0.6602913
2025-02-11,0.5882501402546758,21,0.8877022,0.66906816
2025-02-12,0.1298296486674566,1,0.0,0.004039677
2025-02-12,0.1298296486674566,3,0.50542086,0.4868196
2025-02-12,0.1298296486674566,5,0.4213908,0.6260946
2025-02-12,0.1298296486674566,10,0.4970228,0.69534254
2025-02-12,0.1298296486674566,21,0.90908045,0.7067741
2025-02-13,1.2149942120463386,1,0.0,0.0030734744
2025-02-13,1.2149942120463386,3,0.44079626,0.5069694
2025-02-13,1.2149942120463386,5,0.60195124,0.6399126
2025-02-13,1.2149942120463386,10,0.58266574,0.69181633
2025-02-13,1.2149942120463386,21,0.9128096,0.6966359
2025-02-14,0.15633096370279986,1,0.0,0.002823688
2025-02-14,0.15633096370279986,3,0.17454362,0.51971895
2025-02-14,0.15633096370279986,5,0.38669115,0.65016496
2025-02-14,0.15633096370279986,10,0.5294877,0.67874944
2025-02-14,0.15633096370279986,21,0.91026163,0.69055516
2025-02-17,0.5018689782713359,1,0.0,0.0021442603
2025-02-17,0.5018689782713359,3,0.4735101,0.46282637
2025-02-17,0.5018689782713359,5,0.3928988,0.59364796
2025-02-17,0.5018689782713359,10,0.5295027,0.65543896
2025-02-17,0.5018689782713359,21,0.93071854,0.69200444
2025-02-18,0.11104665724115392,1,0.0,0.0014783926
2025-02-18,0.11104665724115392,3,0.30676964,0.4463137
2025-02-18,0.11104665724115392,5,0.31723887,0.60405886
2025-02-18,0.11104665724115392,10,0.6515379,0.6543341
2025-02-18,0.11104665724115392,21,0.93607986,0.6922055
2025-02-19,-0.6392675847680884,1,0.0,0.00363015
2025-02-19,-0.6392675847680884,3,0.34956476,0.33254334
2025-02-19,-0.6392675847680884,5,0.27997455,0.40728894
2025-02-19,-0.6392675847680884,10,0.9367206,0.49947584
2025-02-19,-0.6392675847680884,21,0.94706595,0.5373254
2025-02-20,-0.2286749165209656,1,0.0,0.0013307538
2025-02-20,-0.2286749165209656,3,0.25971285,0.4784417
2025-02-20,-0.2286749165209656,5,0.54627895,0.5761921
2025-02-20,-0.2286749165209656,10,1.0310296,0.6472988
2025-02-20,-0.2286749165209656,21,0.95938194,0.6738227
2025-02-21,0.2167515149486654,1,0.0,0.0010686964
2025-02-21,0.2167515149486654,3,0.26770848,0.51564807
2025-02-21,0.2167515149486654,5,0.64119697,0.61814696
2025-02-21,0.2167515149486654,10,1.0406052,0.6487848
2025-02-21,0.2167515149486654,21,0.9653724,0.67078424
2025-02-24,-0.39931258195107233,1,0.0,0.00095608924
2025-02-24,-0.39931258195107233,3,0.6756189,0.5418243
2025-02-24,-0.39931258195107233,5,0.632283,0.62419707
2025-02-24,-0.39931258195107233,10,1.050844,0.66597694
2025-02-24,-0.39931258195107233,21,0.96427613,0.69709164
2025-02-25,-0.2858415810485404,1,0.0,0.0013055159
2025-02-25,-0.2858415810485404,3,0.78598446,0.4806588
2025-02-25,-0.2858415810485404,5,0.8169563,0.5825545
2025-02-25,-0.2858415810485404,10,1.1057168,0.60568213
2025-02-25,-0.2858415810485404,21,0.97885716,0.6114428
2025-02-26,1.0872541398327051,1,0.0,0.002281041
2025-02-26,1.0872541398327051,3,0.78124434,0.45595667
2025-02-26,1.0872541398327051,5,1.2932279,0.5497462
2025-02-26,1.0872541398327051,10,1.1539525,0.6338686
2025-02-26,1.0872541398327051,21,0.99097073,0.63958144
2025-02-27,-0.768023050969191,1,0.0,0.0026894175
2025-02-27,-0.768023050969191,3,0.871545,0.48163822
2025-02-27,-0.768023050969191,5,1.3440291,0.59174335
2025-02-27,-0.768023050969191,10,1.151703,0.6203968
2025-02-27,-0.768023050969191,21,0.9660897,0.63625115
2025-02-28,-0.24658903097289908,1,0.0,0.003094758
2025-02-28,-0.24658903097289908,3,1.4449085,0.4778897
2025-02-28,-0.24658903097289908,5,1.3198094,0.5706817
2025-02-28,-0.24658903097289908,10,1.1390836,0.6128509
2025-02-28,-0.24658903097289908,21,0.97667927,0.62024266
2025-03-03,1.2855236084328148,1,0.0,0.0023136567
2025-03-03,1.2855236084328148,3,1.6749477,0.5115682
2025-03-03,1.2855236084328148,5,1.3372084,0.61762357
2025-03-03,1.2855236084328148,10,1.2061473,0.695714
2025-03-03,1.2855236084328148,21,1.0174797,0.7044351
2025-03-04,-2.2435737373696973,1,0.0,0.004296962
2025-03-04,-2.2435737373696973,3,1.5306629,0.41341108
2025-03-04,-2.2435737373696973,5,1.2564851,0.53642
2025-03-04,-2.2435737373696973,10,1.1687542,0.5847993
2025-03-04,-2.2435737373696973,21,1.0045804,0.61288303
2025-03-05,1.333053325773914,1,0.0,0.0017887484
2025-03-05,1.333053325773914,3,0.7459231,0.61845016
2025-03-05,1.333053325773914,5,0.99513996,0.76302105
2025-03-05,1.333053325773914,10,0.92571616,0.8201084
2025-03-05,1.333053325773914,21,0.88736016,0.77864605
2025-03-06,0.5188982413451448,1,0.0,0.0018379744
2025-03-06,0.5188982413451448,3,0.7053676,0.58614737
2025-03-06,0.5188982413451448,5,0.91518855,0.7253275
2025-03-06,0.5188982413451448,10,0.86775553,0.7685777
2025-03-06,0.5188982413451448,21,1.0788952,0.7636425
2025-03-07,-0.49059377313867003,1,0.0,0.0020790976
2025-03-07,-0.49059377313867003,3,0.33445346,0.5415184
2025-03-07,-0.49059377313867003,5,0.8280653,0.67861146
2025-03-07,-0.49059377313867003,10,0.91812795,0.7703208
2025-03-07,-0.49059377313867003,21,1.4900018,0.810946
2025-03-10,-1.2001953513440355,1,0.0,0.0004307963
2025-03-10,-1.2001953513440355,3,1.068636,0.6462253
2025-03-10,-1.2001953513440355,5,1.0498133,0.80560803
2025-03-10,-1.2001953513440355,10,0.92057407,0.85635775
2025-03-10,-1.2001953513440355,21,1.7350303,0.8895683
2025-03-11,-1.1999580508751606,1,0.0,0.0019995058
2025-03-11,-1.1999580508751606,3,0.9404786,0.6962654
2025-03-11,-1.1999580508751606,5,0.94602513,0.84730905
2025-03-11,-1.1999580508751606,10,0.8273311,0.8912133
2025-03-11,-1.1999580508751606,21,1.8629174,0.89582545
2025-03-12,1.066842523262057,1,0.0,-0.0016294811
2025-03-12,1.066842523262057,3,0.72881603,0.75944966
2025-03-12,1.066842523262057,5,0.57519025,0.8803957
2025-03-12,1.066842523262057,10,0.72137576,0.9190315
2025-03-12,1.066842523262057,21,1.9729409,0.9044946
2025-03-13,-0.4221719672771407,1,0.0,0.0018245243
2025-03-13,-0.4221719672771407,3,0.6957832,0.6471672
2025-03-13,-0.4221719672771407,5,0.5431701,0.7999439
2025-03-13,-0.4221719672771407,10,0.74438244,0.8827107
2025-03-13,-0.4221719672771407,21,2.1342828,0.88969964
2025-03-14,1.1752153048933955,1,0.0,0.00019813236
2025-03-14,1.1752153048933955,3,0.2022566,0.63908017
2025-03-14,1.1752153048933955,5,0.74161214,0.7465547
2025-03-14,1.1752153048933955,10,0.741014,0.8027066
2025-03-14,1.1752153048933955,21,2.1348453,0.8114905
2025-03-17,0.8910890818944139,1,0.0,0.0013245996
2025-03-17,0.8910890818944139,3,0.096807666,0.72296566
2025-03-17,0.8910890818944139,5,0.74512607,0.9036656
2025-03-17,0.8910890818944139,10,0.7373075,0.9269012
2025-03-17,0.8910890818944139,21,2.2117915,0.930811
2025-03-18,0.68167100889438,1,0.0,0.0021716477
2025-03-18,0.68167100889438,3,0.76617485,0.62348557
2025-03-18,0.68167100889438,5,0.64878374,0.8646952
2025-03-18,0.68167100889438,10,0.7645979,0.956898
2025-03-18,0.68167100889438,21,2.2534647,1.0026705
2025-03-19,0.69004307316618,1,0.0,0.0028757807
2025-03-19,0.69004307316618,3,0.6924692,0.61994463
2025-03-19,0.69004307316618,5,0.7035034,0.79191494
2025-03-19,0.69004307316618,10,0.8201515,0.8199363
2025-03-19,0.69004307316618,21,2.2415154,0.83759993
2025-03-20,-0.9394290896700852,1,0.0,0.0017118659
2025-03-20,-0.9394290896700852,3,0.37721044,0.5517703
2025-03-20,-0.9394290896700852,5,0.6626342,0.6561814
2025-03-20,-0.9394290896700852,10,0.76033956,0.72938526
2025-03-20,-0.9394290896700852,21,2.2272022,0.75951225
2025-03-21,-0.5326469310253934,1,0.0,0.0006870264
2025-03-21,-0.5326469310253934,3,0.59847116,0.59229064
2025-03-21,-0.5326469310253934,5,0.58085304,0.70364004
2025-03-21,-0.5326469310253934,10,1.1663386,0.7537412
2025-03-21,-0.5326469310253934,21,2.2317045,0.7853963
2025-03-24,-0.01757369974839662,1,0.0,0.0007255208
2025-03-24,-0.01757369974839662,3,0.67405164,0.68655545
2025-03-24,-0.01757369974839662,5,0.67078257,0.871515
2025-03-24,-0.01757369974839662,10,1.8033434,0.91334605
2025-03-24,-0.01757369974839662,21,2.2783582,0.9257137
2025-03-25,0.9134937246926711,1,0.0,0.00015804917
2025-03-25,0.9134937246926711,3,0.7075344,0.6107129
2025-03-25,0.9134937246926711,5,0.7902923,0.71582377
2025-03-25,0.9134937246926711,10,2.0634005,0.77079654
2025-03-25,0.9134937246926711,21,2.2812371,0.7921421
2025-03-26,-0.7328829857010888,1,0.0,0.00022385083
2025-03-26,-0.7328829857010888,3,0.26221985,0.59516716
2025-03-26,-0.7328829857010888,5,0.8480463,0.7651508
2025-03-26,-0.7328829857010888,10,2.2990243,0.85038865
2025-03-26,-0.7328829857010888,21,2.2751052,0.92012304
2025-03-27,-0.3785279611296488,1,0.0,0.0018330775
2025-03-27,-0.3785279611296488,3,0.41699567,0.653129
2025-03-27,-0.3785279611296488,5,0.83945876,0.81157255
2025-03-27,-0.3785279611296488,10,2.3845258,0.90364856
2025-03-27,-0.3785279611296488,21,2.276407,0.8987778
2025-03-28,-1.0196461769828247,1,0.0,0.00056241546
2025-03-28,-1.0196461769828247,3,1.0829749,0.76403743
2025-03-28,-1.0196461769828247,5,1.4209068,0.96733177
2025-03-28,-1.0196461769828247,10,2.8295457,1.0014482
2025-03-28,-1.0196461769828247,21,2.280362,0.99418336
2025-03-31,-1.3877160044930115,1,0.0,0.00081532635
2025-03-31,-1.3877160044930115,3,1.0095643,0.7090582
2025-03-31,-1.3877160044930115,5,2.1902535,0.8768805
2025-03-31,-1.3877160044930115,10,2.8441505,0.99035585
2025-03-31,-1.3877160044930115,21,2.275818,1.0173343
2025-04-01,1.0714342439390734,1,0.0,0.0022438737
2025-04-01,1.0714342439390734,3,1.8159678,0.7783072
2025-04-01,1.0714342439390734,5,2.439034,1.0361072
2025-04-01,1.0714342439390734,10,3.0619676,1.1099651
2025-04-01,1.0714342439390734,21,2.3150735,1.0959568
2025-04-02,-0.3838065373250821,1,0.0,-0.00060580485
2025-04-02,-0.3838065373250821,3,1.9678152,0.7737879
2025-04-02,-0.3838065373250821,5,2.8971367,0.94133234
2025-04-02,-0.3838065373250821,10,3.125321,0.96990603
2025-04-02,-0.3838065373250821,21,2.3026476,0.9962432
2025-04-03,-3.296451448146076,1,0.0,-0.00078487024
2025-04-03,-3.296451448146076,3,0.7925451,0.83104664
2025-04-03,-3.296451448146076,5,2.7791471,0.9536102
2025-04-03,-3.296451448146076,10,3.128804,1.0641854
2025-04-03,-3.296451448146076,21,2.3018386,1.0642648
2025-04-04,-5.166194104599597,1,0.0,0.002647671
2025-04-04,-5.166194104599597,3,3.5260878,1.0752083
2025-04-04,-5.166194104599597,5,3.7250705,1.3386503
2025-04-04,-5.166194104599597,10,3.0025325,1.4353143
2025-04-04,-5.166194104599597,21,2.1901832,1.3577542
2025-04-07,-4.683673691237189,1,0.0,0.002102306
2025-04-07,-4.683673691237189,3,3.1871219,1.2779996
2025-04-07,-4.683673691237189,5,3.2415156,1.4563401
2025-04-07,-4.683673691237189,10,2.5426102,1.4571506
2025-04-07,-4.683673691237189,21,1.8574519,1.3455184
2025-04-08,2.543346433328697,1,0.0,-0.0034640841
2025-04-08,2.543346433328697,3,3.1565235,1.3802578
2025-04-08,2.543346433328697,5,2.620096,1.6469026
2025-04-08,2.543346433328697,10,1.9825003,1.6051363
2025-04-08,2.543346433328697,21,1.4762098,1.5088747
2025-04-09,-3.627015946074774,1,0.0,-0.0042273644
2025-04-09,-3.627015946074774,3,2.908526,1.0209228
2025-04-09,-3.627015946074774,5,2.5580041,1.2849668
2025-04-09,-3.627015946074774,10,1.9000767,1.3224533
2025-04-09,-3.627015946074774,21,1.4321561,1.3181729
2025-04-10,3.493181425272329,1,0.0,-0.0051886234
2025-04-10,3.493181425272329,3,1.6152068,1.2757382
2025-04-10,3.493181425272329,5,1.5008358,1.6015548
2025-04-10,3.493181425272329,10,1.2834398,1.6008431
2025-04-10,3.493181425272329,21,1.085022,1.5143496
2025-04-11,-0.278922300209139,1,0.0,0.0023229644
2025-04-11,-0.278922300209139,3,1.2456658,1.030196
2025-04-11,-0.278922300209139,5,1.290642,1.31042
2025-04-11,-0.278922300209139,10,0.99476177,1.34905
2025-04-11,-0.278922300209139,21,0.90616715,1.27429
2025-04-14,2.6407850659571075,1,0.0,-0.00047735684
2025-04-14,2.6407850659571075,3,1.1735241,1.0261607
2025-04-14,2.6407850659571075,5,1.2143699,1.2143947
2025-04-14,2.6407850659571075,10,0.9493999,1.226983
2025-04-14,2.6407850659571075,21,0.8942459,1.213881
2025-04-15,1.9484312232120438,1,0.0,0.004053604
2025-04-15,1.9484312232120438,3,1.0687546,1.0033996
2025-04-15,1.9484312232120438,5,0.97923875,1.2505879
2025-04-15,1.9484312232120438,10,0.7188752,1.3167675
2025-04-15,1.9484312232120438,21,0.77029186,1.2793393
2025-04-16,-0.12152494804897884,1,0.0,0.0010827528
2025-04-16,-0.12152494804897884,3,0.33229887,0.7598974
2025-04-16,-0.12152494804897884,5,0.7480734,0.8981755
2025-04-16,-0.12152494804897884,10,0.7787994,0.9242876
2025-04-16,-0.12152494804897884,21,0.71315587,0.9296427
2025-04-17,-0.4745397900252968,1,0.0,0.00069875084
2025-04-17,-0.4745397900252968,3,0.90831375,0.90754986
2025-04-17,-0.4745397900252968,5,0.7134778,1.1156005
2025-04-17,-0.4745397900252968,10,0.78884935,1.2087904
2025-04-17,-0.4745397900252968,21,0.70522845,1.2420673
2025-04-22,0.3371344054957426,1,0.0,0.0019808505
2025-04-22,0.3371344054957426,3,0.6669402,1.0111669
2025-04-22,0.3371344054957426,5,0.55586797,1.171585
2025-04-22,0.3371344054957426,10,0.75858,1.2893128
2025-04-22,0.3371344054957426,21,0.6854116,1.2527487
2025-04-23,1.7253266149632296,1,0.0,0.0012478121
2025-04-23,1.7253266149632296,3,0.61166716,0.85130095
2025-04-23,1.7253266149632296,5,0.5529318,1.0388508
2025-04-23,1.7253266149632296,10,0.8319234,1.1337559
2025-04-23,1.7253266149632296,21,0.7239696,1.1274577
2025-04-24,0.2853528727525756,1,0.0,-0.0009142235
2025-04-24,0.2853528727525756,3,0.17860407,0.6909901
2025-04-24,0.2853528727525756,5,0.14953291,0.80364364
2025-04-24,0.2853528727525756,10,0.7476467,0.94667476
2025-04-24,0.2853528727525756,21,0.7620053,0.9942959
2025-04-25,0.6469097309016902,1,0.0,0.0032837912
2025-04-25,0.6469097309016902,3,0.16588849,0.7744748
2025-04-25,0.6469097309016902,5,0.7573989,0.9911244
2025-04-25,0.6469097309016902,10,0.74767023,1.0667201
2025-04-25,0.6469097309016902,21,0.78508127,1.0383615
2025-04-28,0.25281267415460107,1,0.0,0.005772096
2025-04-28,0.25281267415460107,3,0.05348814,0.7633526
2025-04-28,0.25281267415460107,5,0.8561829,0.9432983
2025-04-28,0.25281267415460107,10,0.8332047,1.0456276
2025-04-28,0.25281267415460107,21,0.78120023,1.0266396
2025-04-29,0.36412274476482764,1,0.0,0.0012537651
2025-04-29,0.36412274476482764,3,0.91116816,0.78371793
2025-04-29,0.36412274476482764,5,0.9097881,0.9428168
2025-04-29,0.36412274476482764,10,0.8287968,0.98674524
2025-04-29,0.36412274476482764,21,0.79285395,0.95447475
2025-04-30,0.2486181819636002,1,0.0,0.002509687
2025-04-30,0.2486181819636002,3,1.0682586,0.8587183
2025-04-30,0.2486181819636002,5,1.0064852,1.0722381
2025-04-30,0.2486181819636002,10,0.8440352,1.1952912
2025-04-30,0.2486181819636002,21,0.7945752,1.1475637
2025-05-02,2.236659962004506,1,0.0,-0.0026140846
2025-05-02,2.236659962004506,3,1.159045,0.9901716
2025-05-02,2.236659962004506,5,1.0449544,1.1618806
2025-05-02,2.236659962004506,10,0.8532085,1.1892129
2025-05-02,2.236659962004506,21,0.80494046,1.0972496
2025-05-05,-0.23081334740142623,1,0.0,-0.002013417
2025-05-05,-0.23081334740142623,3,0.16690217,0.8829332
2025-05-05,-0.23081334740142623,5,0.58126336,1.0807829
2025-05-05,-0.23081334740142623,10,0.6248013,1.11893
2025-05-05,-0.23081334740142623,21,0.6645534,1.123822
2025-05-06,-0.2131830844150251,1,0.0,0.0010353457
2025-05-06,-0.2131830844150251,3,0.677827,0.7983622
2025-05-06,-0.2131830844150251,5,0.8070586,0.9519309
2025-05-06,-0.2131830844150251,10,0.62506336,1.0049345
2025-05-06,-0.2131830844150251,21,0.6611816,1.0200427
2025-05-07,-0.5757218097024897,1,0.0,-0.00089907646
2025-05-07,-0.5757218097024897,3,0.66533285,0.82759535
2025-05-07,-0.5757218097024897,5,0.7327987,0.9810231
2025-05-07,-0.5757218097024897,10,0.60627675,1.0527316
2025-05-07,-0.5757218097024897,21,0.65818936,0.9971937
2025-05-08,1.0087392017863905,1,0.0,0.0018378533
2025-05-08,1.0087392017863905,3,0.4539563,0.627489
2025-05-08,1.0087392017863905,5,0.56210124,0.72998327
2025-05-08,1.0087392017863905,10,0.54092324,0.7742909
2025-05-08,1.0087392017863905,21,0.6385766,0.7745903
2025-05-09,0.5468383711160207,1,0.0,-0.0013855118
2025-05-09,0.5468383711160207,3,0.5470427,0.72558296
2025-05-09,0.5468383711160207,5,0.59991765,0.8434923
2025-05-09,0.5468383711160207,10,0.5928773,0.93064517
2025-05-09,0.5468383711160207,21,0.6119368,0.96646756
2025-05-12,1.6537620735008751,1,0.0,-0.0024128277
2025-05-12,1.6537620735008751,3,0.6989941,0.7438489
2025-05-12,1.6537620735008751,5,0.6017887,0.86880827
2025-05-12,1.6537620735008751,10,0.77442396,0.94547385
2025-05-12,1.6537620735008751,21,0.60547644,0.97035146
2025-05-13,0.4463195562571798,1,0.0,-0.00068195164
2025-05-13,0.4463195562571798,3,0.20345843,0.6146779
2025-05-13,0.4463195562571798,5,0.26057938,0.72624
2025-05-13,0.4463195562571798,10,0.67996114,0.77393144
2025-05-13,0.4463195562571798,21,0.4989992,0.8311376
2025-05-14,-0.0012579882252339303,1,0.0,-0.0010181013
2025-05-14,-0.0012579882252339303,3,0.18803453,0.71269995
2025-05-14,-0.0012579882252339303,5,0.31503132,0.85611796
2025-05-14,-0.0012579882252339303,10,0.6702653,0.92297137
2025-05-14,-0.0012579882252339303,21,0.49367243,0.97066355
2025-05-15,0.03270255171941017,1,0.0,-0.0015752222
2025-05-15,0.03270255171941017,3,0.26565364,0.56286144
2025-05-15,0.03270255171941017,5,0.32371092,0.6251118
2025-05-15,0.03270255171941017,10,0.67929304,0.77691466
2025-05-15,0.03270255171941017,21,0.4967795,0.8370084
2025-05-16,0.4135180288327156,1,0.0,-0.001368273
2025-05-16,0.4135180288327156,3,0.3719486,0.47696286
2025-05-16,0.4135180288327156,5,0.45974684,0.54552543
2025-05-16,0.4135180288327156,10,0.67900884,0.6732075
2025-05-16,0.4135180288327156,21,0.5302825,0.7480392
2025-05-19,-0.2338449100978579,1,0.0,-0.0010200907
2025-05-19,-0.2338449100978579,3,0.38167766,0.5622714
2025-05-19,-0.2338449100978579,5,0.6856772,0.6764429
2025-05-19,-0.2338449100978579,10,0.66836303,0.8164473
2025-05-19,-0.2338449100978579,21,0.5407326,0.9101436
2025-05-20,0.6450363807696036,1,0.0,0.0048233056
2025-05-20,0.6450363807696036,3,0.5266641,0.4655667
2025-05-20,0.6450363807696036,5,0.91430223,0.59786016
2025-05-20,0.6450363807696036,10,0.66723627,0.7497973
2025-05-20,0.6450363807696036,21,0.5613415,0.7736848
2025-05-21,-0.07049480782654882,1,0.0,0.004226191
2025-05-21,-0.07049480782654882,3,0.56074065,0.5253792
2025-05-21,-0.07049480782654882,5,0.86421466,0.6735173
2025-05-21,-0.07049480782654882,10,0.6320556,0.8769426
2025-05-21,-0.07049480782654882,21,0.5393736,0.9229348
2025-05-22,-0.6423522331164833,1,0.0,0.0006243102
2025-05-22,-0.6423522331164833,3,1.0788643,0.48237872
2025-05-22,-0.6423522331164833,5,0.86639297,0.5842608
2025-05-22,-0.6423522331164833,10,0.6456603,0.73080945
2025-05-22,-0.6423522331164833,21,0.5793454,0.81836957
2025-05-23,-1.4379361668556356,1,0.0,0.0012167841
2025-05-23,-1.4379361668556356,3,1.069611,0.648823
2025-05-23,-1.4379361668556356,5,0.83945787,0.7585356
2025-05-23,-1.4379361668556356,10,0.6229285,0.96438205
2025-05-23,-1.4379361668556356,21,0.57614195,1.0072366
2025-05-26,1.142297561309391,1,0.0,-0.0012130328
2025-05-26,1.142297561309391,3,0.6161932,0.8171827
2025-05-26,1.142297561309391,5,0.55817187,1.0692812
2025-05-26,1.142297561309391,10,0.4076448,1.2228299
2025-05-26,1.142297561309391,21,0.4937835,1.1464622
2025-05-27,0.24600722744514414,1,0.0,-0.006882416
2025-05-27,0.24600722744514414,3,0.2466884,0.9944061
2025-05-27,0.24600722744514414,5,0.23144239,1.3487285
2025-05-27,0.24600722744514414,10,0.24277641,1.5261904
2025-05-27,0.24600722744514414,21,0.460649,1.5140939
2025-05-28,-0.3575704156045134,1,0.0,0.002199431
2025-05-28,-0.3575704156045134,3,0.15852866,0.87496674
2025-05-28,-0.3575704156045134,5,0.22698362,1.1135744
2025-05-28,-0.3575704156045134,10,0.23715325,1.2356644
2025-05-28,-0.3575704156045134,21,0.4752482,1.2620032
2025-05-29,-0.03090673444496872,1,0.0,-0.0051040705
2025-05-29,-0.03090673444496872,3,0.15704903,0.92412406
2025-05-29,-0.03090673444496872,5,0.2408197,1.2114104
2025-05-29,-0.03090673444496872,10,0.21721737,1.3236259
2025-05-29,-0.03090673444496872,21,0.47180533,1.2450722
2025-05-30,-0.37606028410781533,1,0.0,0.0009793667
2025-05-30,-0.37606028410781533,3,0.24819778,0.8573181
2025-05-30,-0.37606028410781533,5,0.24722706,1.083158
2025-05-30,-0.37606028410781533,10,0.23461625,1.1693889
2025-05-30,-0.37606028410781533,21,0.5506544,1.1320486
2025-06-02,-0.0563728221925075,1,0.0,-0.0020780154
2025-06-02,-0.0563728221925075,3,0.15533005,0.84533554
2025-06-02,-0.0563728221925075,5,0.13547756,1.0244803
2025-06-02,-0.0563728221925075,10,0.3429993,1.0842763
2025-06-02,-0.0563728221925075,21,0.5522373,1.1067872
2025-06-03,0.23162221776846792,1,0.0,0.0011877874
2025-06-03,0.23162221776846792,3,0.05184408,0.7566259
2025-06-03,0.23162221776846792,5,0.10535556,0.93885076
2025-06-03,0.23162221776846792,10,0.39268085,0.9801262
2025-06-03,0.23162221776846792,21,0.55394924,0.98004615
2025-06-04,0.30295594337834686,1,0.0,0.00032952614
2025-06-04,0.30295594337834686,3,0.063670464,0.65346503
2025-06-04,0.30295594337834686,5,0.10636566,0.78628355
2025-06-04,0.30295594337834686,10,0.45471692,0.8020665
2025-06-04,0.30295594337834686,21,0.5782826,0.8367868
2025-06-05,0.1763013698140803,1,0.0,0.000651421
2025-06-05,0.1763013698140803,3,0.11900882,0.76578534
2025-06-05,0.1763013698140803,5,0.18260908,0.92074084
2025-06-05,0.1763013698140803,10,0.440441,0.9586687
2025-06-05,0.1763013698140803,21,0.5769012,0.9576617
2025-06-06,0.31844260245836864,1,0.0,-4.752446e-05
2025-06-06,0.31844260245836864,3,0.119111426,0.5477742
2025-06-06,0.31844260245836864,5,0.21862617,0.651788
2025-06-06,0.31844260245836864,10,0.5185599,0.74181193
2025-06-06,0.31844260245836864,21,0.5941696,0.80662626
2025-06-09,0.026961360771515785,1,0.0,0.0016871681
2025-06-09,0.026961360771515785,3,0.1593858,0.4559899
2025-06-09,0.026961360771515785,5,0.35559282,0.5501831
2025-06-09,0.026961360771515785,10,0.5182453,0.6183921
2025-06-09,0.026961360771515785,21,0.5977333,0.66367793
2025-06-10,0.16161569059818248,1,0.0,0.002209803
2025-06-10,0.16161569059818248,3,0.18735829,0.4522038
2025-06-10,0.16161569059818248,5,0.49526104,0.54096675
2025-06-10,0.16161569059818248,10,0.5115302,0.6080328
2025-06-10,0.16161569059818248,21,0.60912925,0.65910465
2025-06-11,-0.22307311132099272,1,0.0,0.0041435296
2025-06-11,-0.22307311132099272,3,0.30044234,0.44508412
2025-06-11,-0.22307311132099272,5,0.5298159,0.5778854
2025-06-11,-0.22307311132099272,10,0.59565634,0.68181676
2025-06-11,-0.22307311132099272,21,0.6477797,0.7045033
2025-06-12,-0.24746580141767893,1,0.0,0.0008496111
2025-06-12,-0.24746580141767893,3,0.6139488,0.49320444
2025-06-12,-0.24746580141767893,5,0.53074247,0.64018583
2025-06-12,-0.24746580141767893,10,0.61614484,0.7578837
2025-06-12,-0.24746580141767893,21,0.64860773,0.8398426
2025-06-13,-0.8722537009496101,1,0.0,0.00067079253
2025-06-13,-0.8722537009496101,3,0.6809412,0.44394192
2025-06-13,-0.8722537009496101,5,0.61758244,0.5577054
2025-06-13,-0.8722537009496101,10,0.6174814,0.65792346
2025-06-13,-0.8722537009496101,21,0.67096543,0.72448593
2025-06-16,0.6248044103782213,1,0.0,0.0030968804
2025-06-16,0.6248044103782213,3,0.5687211,0.43448302
2025-06-16,0.6248044103782213,5,0.6408306,0.5078261
2025-06-16,0.6248044103782213,10,0.71160483,0.62654185
2025-06-16,0.6248044103782213,21,0.6431472,0.6213282
2025-06-17,-0.7606524338601872,1,0.0,0.002789719
2025-06-17,-0.7606524338601872,3,0.37071618,0.534633
2025-06-17,-0.7606524338601872,5,0.48974323,0.64633095
2025-06-17,-0.7606524338601872,10,0.687996,0.7367862
2025-06-17,-0.7606524338601872,21,0.63232505,0.72263646
2025-06-18,-0.19393467620467675,1,0.0,-0.0014515463
2025-06-18,-0.19393467620467675,3,0.58173364,0.73272496
2025-06-18,-0.19393467620467675,5,0.63543314,0.9278954
2025-06-18,-0.19393467620467675,10,0.6556378,1.0535948
2025-06-18,-0.19393467620467675,21,0.66784227,1.1035262
2025-06-19,-1.0917530238327977,1,0.0,-0.0031917077
2025-06-19,-1.0917530238327977,3,0.5807687,0.680632
2025-06-19,-1.0917530238327977,5,0.6861961,0.7953813
2025-06-19,-1.0917530238327977,10,0.69869363,0.87138337
2025-06-19,-1.0917530238327977,21,0.7213232,0.8897874
2025-06-20,0.31543842186261273,1,0.0,-0.005562786
2025-06-20,0.31543842186261273,3,0.4194568,0.7932459
2025-06-20,0.31543842186261273,5,0.5136736,0.96010137
2025-06-20,0.31543842186261273,10,0.5887293,1.0606241
2025-06-20,0.31543842186261273,21,0.6750329,0.9886392
2025-06-23,-0.20739635212247975,1,0.0,-0.0017314311
2025-06-23,-0.20739635212247975,3,0.63544095,0.6770648
2025-06-23,-0.20739635212247975,5,0.71324486,0.77738464
2025-06-23,-0.20739635212247975,10,0.64363235,0.8178452
2025-06-23,-0.20739635212247975,21,0.6792266,0.7821223
2025-06-24,0.8200046587932164,1,0.0,-0.00042001717
2025-06-24,0.8200046587932164,3,0.6271445,0.7603565
2025-06-24,0.8200046587932164,5,0.7435252,0.9446702
2025-06-24,0.8200046587932164,10,0.6443291,0.97257185
2025-06-24,0.8200046587932164,21,0.690779,0.96863467
2025-06-25,-0.7063007584481973,1,0.0,-0.00083757006
2025-06-25,-0.7063007584481973,3,0.8135314,0.6926208
2025-06-25,-0.7063007584481973,5,0.67495567,0.8444533
2025-06-25,-0.7063007584481973,10,0.616632,0.8668772
2025-06-25,-0.7063007584481973,21,0.7095519,0.87624246
2025-06-26,-0.09378031686200217,1,0.0,0.0032923566
2025-06-26,-0.09378031686200217,3,0.7208029,0.51759255
2025-06-26,-0.09378031686200217,5,0.6437923,0.6529434
2025-06-26,-0.09378031686200217,10,0.6074884,0.70141137
2025-06-26,-0.09378031686200217,21,0.68831974,0.7326066
2025-06-27,1.2421726625129637,1,0.0,0.0011277404
2025-06-27,1.2421726625129637,3,0.74553543,0.6185075
2025-06-27,1.2421726625129637,5,0.62119746,0.7294456
2025-06-27,1.2421726625129637,10,0.5951403,0.7419261
2025-06-27,1.2421726625129637,21,0.6874903,0.7618715
2025-06-30,-0.42551767068461643,1,0.0,0.0011676839
2025-06-30,-0.42551767068461643,3,0.5276675,0.63385504
2025-06-30,-0.42551767068461643,5,0.528709,0.76307374
2025-06-30,-0.42551767068461643,10,0.5929967,0.76557124
2025-06-30,-0.42551767068461643,21,0.6407691,0.7971347
2025-07-01,-0.23611857735552633,1,0.0,0.0021836571
2025-07-01,-0.23611857735552633,3,0.4135493,0.6023171
2025-07-01,-0.23611857735552633,5,0.5244068,0.74458957
2025-07-01,-0.23611857735552633,10,0.57439697,0.7716571
2025-07-01,-0.23611857735552633,21,0.644502,0.8055312
2025-07-02,0.7764508287819716,1,0.0,-0.00036650524
2025-07-02,0.7764508287819716,3,0.6212722,0.68153507
2025-07-02,0.7764508287819716,5,0.51336014,0.823697
2025-07-02,0.7764508287819716,10,0.57576805,0.8250146
2025-07-02,0.7764508287819716,21,0.64066434,0.8611458
2025-07-03,0.24504617164851084,1,0.0,0.0029037287
2025-07-03,0.24504617164851084,3,0.5040348,0.49295378
2025-07-03,0.24504617164851084,5,0.5682248,0.6118001
2025-07-03,0.24504617164851084,10,0.6627753,0.6522149
2025-07-03,0.24504617164851084,21,0.6828737,0.6933282
2025-07-04,-0.7242062086449508,1,0.0,0.0014054924
2025-07-04,-0.7242062086449508,3,0.55941135,0.5999411
2025-07-04,-0.7242062086449508,5,0.5677632,0.73482215
2025-07-04,-0.7242062086449508,10,0.7747577,0.76855963
2025-07-04,-0.7242062086449508,21,0.87954706,0.7958526
2025-07-07,0.42272072202864663,1,0.0,0.00091639813
2025-07-07,0.42272072202864663,3,0.26218042,0.53772354
2025-07-07,0.42272072202864663,5,0.5994307,0.6586458
2025-07-07,0.42272072202864663,10,0.73272204,0.73500717
2025-07-07,0.42272072202864663,21,0.9050574,0.7807172
2025-07-08,0.49860582540208753,1,0.0,0.00078797527
2025-07-08,0.49860582540208753,3,0.29787952,0.5871954
2025-07-08,0.49860582540208753,5,0.6182719,0.70226336
2025-07-08,0.49860582540208753,10,0.7355929,0.7427023
2025-07-08,0.49860582540208753,21,0.899652,0.77235305
2025-07-09,1.0129355674515672,1,0.0,0.0017859032
2025-07-09,1.0129355674515672,3,0.75103617,0.55314726
2025-07-09,1.0129355674515672,5,0.6115197,0.6933964
2025-07-09,1.0129355674515672,10,0.7387954,0.70863473
2025-07-09,1.0129355674515672,21,0.89325684,0.7442269
2025-07-10,0.30755914184075195,1,0.0,0.0005485825
2025-07-10,0.30755914184075195,3,0.45861837,0.54520315
2025-07-10,0.30755914184075195,5,0.540683,0.69420403
2025-07-10,0.30755914184075195,10,0.755482,0.75776404
2025-07-10,0.30755914184075195,21,0.88122755,0.8443699
2025-07-11,-0.8111744527846021,1,0.0,0.0025757626
2025-07-11,-0.8111744527846021,3,0.28587335,0.5367477
2025-07-11,-0.8111744527846021,5,0.85433304,0.64324605
2025-07-11,-0.8111744527846021,10,0.74650824,0.6747552
2025-07-11,-0.8111744527846021,21,0.8812524,0.6867755
2025-07-14,-0.16340489074035958,1,0.0,0.0017975792
2025-07-14,-0.16340489074035958,3,0.49140164,0.591502
2025-07-14,-0.16340489074035958,5,0.808985,0.70831966
2025-07-14,-0.16340489074035958,10,0.70636654,0.7574464
2025-07-14,-0.16340489074035958,21,0.86588454,0.7303355
2025-07-15,-0.2569594561630417,1,0.0,0.0030142479
2025-07-15,-0.2569594561630417,3,1.0388207,0.548482
2025-07-15,-0.2569594561630417,5,0.8158364,0.72538936
2025-07-15,-0.2569594561630417,10,0.70680916,0.72470397
2025-07-15,-0.2569594561630417,21,0.87474585,0.67041177
2025-07-16,-1.2494491234373406,1,0.0,0.00050741807
2025-07-16,-1.2494491234373406,3,1.0316613,0.5389416
2025-07-16,-1.2494491234373406,5,0.838135,0.7111412
2025-07-16,-1.2494491234373406,10,0.7269253,0.7445757
2025-07-16,-1.2494491234373406,21,0.8832592,0.74619645
2025-07-17,1.275931339523062,1,0.0,-0.00048737228
2025-07-17,1.275931339523062,3,0.67905074,0.6709408
2025-07-17,1.275931339523062,5,0.7523232,0.8372885
2025-07-17,1.275931339523062,10,0.57601506,0.85667855
2025-07-17,1.275931339523062,21,0.8433675,0.843522
2025-07-18,0.09263256728404556,1,0.0,0.0010304041
2025-07-18,0.09263256728404556,3,0.27531588,0.60634124
2025-07-18,0.09263256728404556,5,0.58048904,0.79400206
2025-07-18,0.09263256728404556,10,0.60978216,0.82833767
2025-07-18,0.09263256728404556,21,0.8049401,0.82810074
2025-07-21,-0.32806565495349105,1,0.0,0.0015414376
2025-07-21,-0.32806565495349105,3,0.7488553,0.5879984
2025-07-21,-0.32806565495349105,5,0.58126336,0.68902516
2025-07-21,-0.32806565495349105,10,0.9828787,0.7035371
2025-07-21,-0.32806565495349105,21,0.8070865,0.72783494
2025-07-22,-0.5741751730512057,1,0.0,0.002107107
2025-07-22,-0.5741751730512057,3,0.7027482,0.58852977
2025-07-22,-0.5741751730512057,5,0.56524456,0.737203
2025-07-22,-0.5741751730512057,10,1.067129,0.78732425
2025-07-22,-0.5741751730512057,21,0.81563526,0.8327245
2025-07-23,1.1230782751310286,1,0.0,0.00065118447
2025-07-23,1.1230782751310286,3,0.5282659,0.5777733
2025-07-23,1.1230782751310286,5,0.49122414,0.7776024
2025-07-23,1.1230782751310286,10,1.0591761,0.8038327
2025-07-23,1.1230782751310286,21,0.8011874,0.8482646
2025-07-24,0.025764045474652164,1,0.0,0.00045333244
2025-07-24,0.025764045474652164,3,0.089399904,0.59123874
2025-07-24,0.025764045474652164,5,0.28395316,0.73606986
2025-07-24,0.025764045474652164,10,0.9874953,0.765042
2025-07-24,0.025764045474652164,21,0.7713338,0.8384854
2025-07-25,-0.019479519860077232,1,0.0,0.0008568093
2025-07-25,-0.019479519860077232,3,0.35909405,0.5797379
2025-07-25,-0.019479519860077232,5,0.6239741,0.703627
2025-07-25,-0.019479519860077232,10,1.0285008,0.7251301
2025-07-25,-0.019479519860077232,21,0.77761406,0.79179204
2025-07-28,-0.18241178531539504,1,0.0,-9.914581e-05
2025-07-28,-0.18241178531539504,3,0.33928028,0.59187764
2025-07-28,-0.18241178531539504,5,1.1668323,0.69652176
2025-07-28,-0.18241178531539504,10,1.0359325,0.7265407
2025-07-28,-0.18241178531539504,21,0.80084807,0.74637216
2025-07-29,0.6476251361734242,1,0.0,0.00036396552
2025-07-29,0.6476251361734242,3,0.80258346,0.47705534
2025-07-29,0.6476251361734242,5,1.3616096,0.56416273
2025-07-29,0.6476251361734242,10,1.0353273,0.64211464
2025-07-29,0.6476251361734242,21,0.8516191,0.7077478
2025-07-30,0.19684369160666293,1,0.0,0.0020101564
2025-07-30,0.19684369160666293,3,1.1464827,0.4486244
2025-07-30,0.19684369160666293,5,1.2919383,0.5301296
2025-07-30,0.19684369160666293,10,1.0296525,0.6009308
2025-07-30,0.19684369160666293,21,0.8406795,0.6297844
2025-07-31,-1.2349403177079665,1,0.0,0.0024581514
2025-07-31,-1.2349403177079665,3,1.5290927,0.54352576
2025-07-31,-1.2349403177079665,5,1.2928879,0.6801933
2025-07-31,-1.2349403177079665,10,1.0493438,0.7334244
2025-07-31,-1.2349403177079665,21,0.8396678,0.75835997
2025-08-01,-2.611271575289109,1,0.0,0.0006934861
2025-08-01,-2.611271575289109,3,1.5619409,0.5459213
2025-08-01,-2.611271575289109,5,1.3137529,0.6646495
2025-08-01,-2.611271575289109,10,0.9826353,0.7619456
2025-08-01,-2.611271575289109,21,0.80889034,0.77222437
2025-08-04,1.0936545406211806,1,0.0,-0.000176372
2025-08-04,1.0936545406211806,3,0.4545439,0.82050365
2025-08-04,1.0936545406211806,5,0.38501194,0.98421836
2025-08-04,1.0936545406211806,10,0.33822814,1.0506221
2025-08-04,1.0936545406211806,21,0.5544132,0.99395674
2025-08-05,0.06799797551071407,1,0.0,0.00074131973
2025-08-05,0.06799797551071407,3,0.30906796,0.64727426
2025-08-05,0.06799797551071407,5,0.29576102,0.7692702
2025-08-05,0.06799797551071407,10,0.31466895,0.89014685
2025-08-05,0.06799797551071407,21,0.57185024,0.8749638
2025-08-06,0.20563682570928776,1,0.0,0.0024246322
2025-08-06,0.20563682570928776,3,0.25072956,0.6643204
2025-08-06,0.20563682570928776,5,0.29921228,0.8466599
2025-08-06,0.20563682570928776,10,0.32844928,0.930717
2025-08-06,0.20563682570928776,21,0.5802618,0.92795116
2025-08-07,0.7815229038013349,1,0.0,0.0017670039
2025-08-07,0.7815229038013349,3,0.35669908,0.59800893
2025-08-07,0.7815229038013349,5,0.3061974,0.7427317
2025-08-07,0.7815229038013349,10,0.341649,0.8076285
2025-08-07,0.7815229038013349,21,0.5808666,0.79894
2025-08-08,0.3087547347398356,1,0.0,0.001457775
2025-08-08,0.3087547347398356,3,0.26830867,0.5826607
2025-08-08,0.3087547347398356,5,0.27939117,0.7366041
2025-08-08,0.3087547347398356,10,0.33176517,0.8033383
2025-08-08,0.3087547347398356,21,0.56372446,0.7675894
2025-08-11,-0.091195811313316,1,0.0,0.0023375424
2025-08-11,-0.091195811313316,3,0.3263389,0.6432854
2025-08-11,-0.091195811313316,5,0.2785248,0.8003359
2025-08-11,-0.091195811313316,10,0.34137323,0.87249845
2025-08-11,-0.091195811313316,21,0.58104616,0.86206836
2025-08-12,0.5604237737429685,1,0.0,0.001731554
2025-08-12,0.5604237737429685,3,0.037918795,0.6325505
2025-08-12,0.5604237737429685,5,0.31779101,0.8384254
2025-08-12,0.5604237737429685,10,0.46631676,0.9011177
2025-08-12,0.5604237737429685,21,0.58522975,0.9032665
2025-08-13,0.6355887069309674,1,0.0,0.0011104532
2025-08-13,0.6355887069309674,3,0.15059434,0.6047487
2025-08-13,0.6355887069309674,5,0.35042566,0.7641597
2025-08-13,0.6355887069309674,10,0.64250875,0.83918434
2025-08-13,0.6355887069309674,21,0.5751553,0.87860805
2025-08-14,0.6452601547861647,1,0.0,0.0013013864
2025-08-14,0.6452601547861647,3,0.34730574,0.4827457
2025-08-14,0.6452601547861647,5,0.36355665,0.64656925
2025-08-14,0.6452601547861647,10,0.6149198,0.6895086
2025-08-14,0.6452601547861647,21,0.575244,0.74957794
2025-08-15,0.321075411757743,1,0.0,0.0021732543
2025-08-15,0.321075411757743,3,0.3976911,0.50869817
2025-08-15,0.321075411757743,5,0.34030056,0.70158106
2025-08-15,0.321075411757743,10,0.5789574,0.76802444
2025-08-15,0.321075411757743,21,0.5606257,0.814941
2025-08-18,-0.19798852672705536,1,0.0,0.0012102872
2025-08-18,-0.19798852672705536,3,0.4145735,0.4733015
2025-08-18,-0.19798852672705536,5,0.37247875,0.5867523
2025-08-18,-0.19798852672705536,10,0.5942234,0.63366157
2025-08-18,-0.19798852672705536,21,0.60314125,0.70853794
2025-08-19,0.7754351534397408,1,0.0,-3.7485734e-05
2025-08-19,0.7754351534397408,3,0.36309236,0.60380447
2025-08-19,0.7754351534397408,5,0.5430653,0.7125005
2025-08-19,0.7754351534397408,10,0.6003891,0.73079914
2025-08-19,0.7754351534397408,21,0.633797,0.75295645
2025-08-20,0.038213812909226874,1,0.0,-0.0007488001
2025-08-20,0.038213812909226874,3,0.26387206,0.50360936
2025-08-20,0.038213812909226874,5,0.65726256,0.55951846
2025-08-20,0.038213812909226874,10,0.58476657,0.62387526
2025-08-20,0.038213812909226874,21,0.6153554,0.65736
2025-08-21,-0.02403601716283177,1,0.0,0.00270487
2025-08-21,-0.02403601716283177,3,0.5526554,0.33876497
2025-08-21,-0.02403601716283177,5,0.66598946,0.4156155
2025-08-21,-0.02403601716283177,10,0.62750036,0.4958332
2025-08-21,-0.02403601716283177,21,0.6647811,0.5247845
2025-08-22,0.5642440106328195,1,0.0,0.00058776233
2025-08-22,0.5642440106328195,3,0.7838887,0.3821897
2025-08-22,0.5642440106328195,5,0.6728852,0.48482323
2025-08-22,0.5642440106328195,10,0.6426337,0.5537622
2025-08-22,0.5642440106328195,21,0.66476434,0.5989172
2025-08-25,-0.785770411331832,1,0.0,0.0011398522
2025-08-25,-0.785770411331832,3,0.5829249,0.40488407
2025-08-25,-0.785770411331832,5,0.535079,0.47870076
2025-08-25,-0.785770411331832,10,0.5872593,0.56423944
2025-08-25,-0.785770411331832,21,0.6543563,0.57834274
2025-08-26,-1.2932447491307286,1,0.0,0.0012031067
2025-08-26,-1.2932447491307286,3,0.650504,0.5742174
2025-08-26,-1.2932447491307286,5,0.57213753,0.692238
2025-08-26,-1.2932447491307286,10,0.6379028,0.7570377
2025-08-26,-1.2932447491307286,21,0.6368954,0.7342135
2025-08-27,0.11632926241960106,1,0.0,0.0017337687
2025-08-27,0.11632926241960106,3,0.36452544,0.62271
2025-08-27,0.11632926241960106,5,0.5018274,0.7830229
2025-08-27,0.11632926241960106,10,0.5286991,0.9428698
2025-08-27,0.11632926241960106,21,0.5627936,0.92101383
2025-08-28,0.05499037806977469,1,0.0,0.0030400194
2025-08-28,0.05499037806977469,3,0.37490204,0.53847665
2025-08-28,0.05499037806977469,5,0.58400583,0.68088317
2025-08-28,0.05499037806977469,10,0.5293359,0.78220177
2025-08-28,0.05499037806977469,21,0.5691181,0.7736126
2025-08-29,-0.6857886147122905,1,0.0,0.002519317
2025-08-29,-0.6857886147122905,3,0.5141354,0.63774157
2025-08-29,-0.6857886147122905,5,0.606775,0.7780126
2025-08-29,-0.6857886147122905,10,0.56112504,0.8678641
2025-08-29,-0.6857886147122905,21,0.5938849,0.8591711
2025-09-01,0.15461879498506192,1,0.0,0.003037043
2025-09-01,0.15461879498506192,3,0.68133456,0.5941686
2025-09-01,0.15461879498506192,5,0.55909264,0.7680497
2025-09-01,0.15461879498506192,10,0.5001348,0.85404766
2025-09-01,0.15461879498506192,21,0.56462765,0.8191451
2025-09-02,-1.077862686802078,1,0.0,0.0020859055
2025-09-02,-1.077862686802078,3,0.6967556,0.560231
2025-09-02,-1.077862686802078,5,0.65097076,0.6887789
2025-09-02,-1.077862686802078,10,0.5733068,0.78643715
2025-09-02,-1.077862686802078,21,0.56458616,0.80984634
2025-09-03,0.5129125617611585,1,0.0,0.0013215905
2025-09-03,0.5129125617611585,3,0.34111026,0.6484308
2025-09-03,0.5129125617611585,5,0.34974587,0.7596645
2025-09-03,0.5129125617611585,10,0.5282475,0.82452995
2025-09-03,0.5129125617611585,21,0.51267415,0.8053749
2025-09-04,0.2529530925658996,1,0.0,0.0013558147
2025-09-04,0.2529530925658996,3,0.42475766,0.6889883
2025-09-04,0.2529530925658996,5,0.34004056,0.89593387
2025-09-04,0.2529530925658996,10,0.5510815,0.94201446
2025-09-04,0.2529530925658996,21,0.5296478,0.94101065
2025-09-05,-0.30475805436536163,1,0.0,0.00058894604
2025-09-05,-0.30475805436536163,3,0.43391716,0.46194232
2025-09-05,-0.30475805436536163,5,0.37438247,0.5736977
2025-09-05,-0.30475805436536163,10,0.6227138,0.64818114
2025-09-05,-0.30475805436536163,21,0.52953744,0.7236895
2025-09-08,0.7347580882686167,1,0.0,0.00084298477
2025-09-08,0.7347580882686167,3,0.24084252,0.5809629
2025-09-08,0.7347580882686167,5,0.23522756,0.7567108
2025-09-08,0.7347580882686167,10,0.6011968,0.8460506
2025-09-08,0.7347580882686167,21,0.5454513,0.9320422
2025-09-09,0.4069194343889748,1,0.0,0.0010294393
2025-09-09,0.4069194343889748,3,0.20070791,0.5601945
2025-09-09,0.4069194343889748,5,0.34987622,0.69443893
2025-09-09,0.4069194343889748,10,0.58651614,0.7446104
2025-09-09,0.4069194343889748,21,0.5451631,0.82182354
2025-09-10,0.14608659163535265,1,0.0,0.0029015644
2025-09-10,0.14608659163535265,3,0.22296925,0.5660931
2025-09-10,0.14608659163535265,5,0.65754056,0.7775281
2025-09-10,0.14608659163535265,10,0.589462,0.8371511
2025-09-10,0.14608659163535265,21,0.5507562,0.8344125
2025-09-11,0.6374062753919496,1,0.0,0.0017052749
2025-09-11,0.6374062753919496,3,0.37357625,0.45729515
2025-09-11,0.6374062753919496,5,0.6973409,0.62233883
2025-09-11,0.6374062753919496,10,0.6024075,0.7344316
2025-09-11,0.6374062753919496,21,0.5755741,0.82255286
2025-09-12,0.1851731959937375,1,0.0,0.0006505344
2025-09-12,0.1851731959937375,3,0.8087629,0.4392456
2025-09-12,0.1851731959937375,5,0.7952215,0.53672945
2025-09-12,0.1851731959937375,10,0.60266644,0.61068416
2025-09-12,0.1851731959937375,21,0.7088105,0.68702537
2025-09-15,1.1002240030441257,1,0.0,0.0019611325
2025-09-15,1.1002240030441257,3,0.8343697,0.3917804
2025-09-15,1.1002240030441257,5,0.8025667,0.5002012
2025-09-15,1.1002240030441257,10,0.6456141,0.57438815
2025-09-15,1.1002240030441257,21,0.71185946,0.65101594
2025-09-16,-0.8789617294485019,1,0.0,0.0053838342
2025-09-16,-0.8789617294485019,3,0.8602552,0.32932076
2025-09-16,-0.8789617294485019,5,0.66828513,0.44745746
2025-09-16,-0.8789617294485019,10,0.5766436,0.52913165
2025-09-16,-0.8789617294485019,21,0.683057,0.5645715
2025-09-17,-0.3308384353412741,1,0.0,0.0007993812
2025-09-17,-0.3308384353412741,3,0.64081115,0.62723064
2025-09-17,-0.3308384353412741,5,0.51146084,0.6983535
2025-09-17,-0.3308384353412741,10,0.4684884,0.7577742
2025-09-17,-0.3308384353412741,21,0.6981729,0.7321122
2025-09-18,1.157157308617407,1,0.0,0.00010791235
2025-09-18,1.157157308617407,3,0.52704734,0.596724
2025-09-18,1.157157308617407,5,0.47371867,0.6817468
2025-09-18,1.157157308617407,10,0.4773728,0.7995094
2025-09-18,1.157157308617407,21,0.7059107,0.80483645
2025-09-19,-0.019595115980042266,1,0.0,0.0028315838
2025-09-19,-0.019595115980042266,3,0.21890505,0.57113737
2025-09-19,-0.019595115980042266,5,0.26582736,0.7202952
2025-09-19,-0.019595115980042266,10,0.44599506,0.8350029
2025-09-19,-0.019595115980042266,21,0.69553417,0.8525724
2025-09-22,0.10894914132597577,1,0.0,0.0004505245
2025-09-22,0.10894914132597577,3,0.2691244,0.61795485
2025-09-22,0.10894914132597577,5,0.43528327,0.7608304
2025-09-22,0.10894914132597577,10,0.42885262,0.8175796
2025-09-22,0.10894914132597577,21,0.7094738,0.82501966
2025-09-23,0.4955036560879478,1,0.0,0.001913487
2025-09-23,0.4955036560879478,3,0.33880898,0.572484
2025-09-23,0.4955036560879478,5,0.4329207,0.73350525
2025-09-23,0.4955036560879478,10,0.50910157,0.8143234
2025-09-23,0.4955036560879478,21,0.70943993,0.78760916
2025-09-24,-0.16022080997490917,1,0.0,0.0028156694
2025-09-24,-0.16022080997490917,3,0.5315532,0.51097536
2025-09-24,-0.16022080997490917,5,0.41621786,0.66338027
2025-09-24,-0.16022080997490917,10,0.52396613,0.7656784
2025-09-24,-0.16022080997490917,21,0.71497124,0.79786843
2025-09-25,-0.27290477181747264,1,0.0,0.0017065816
2025-09-25,-0.27290477181747264,3,0.481617,0.5715487
2025-09-25,-0.27290477181747264,5,0.47499657,0.69916046
2025-09-25,-0.27290477181747264,10,0.51621544,0.777007
2025-09-25,-0.27290477181747264,21,0.71548957,0.7781447
2025-09-26,0.9068010894104361,1,0.0,0.0011302903
2025-09-26,0.9068010894104361,3,0.31900394,0.57160014
2025-09-26,0.9068010894104361,5,0.35220206,0.70535386
2025-09-26,0.9068010894104361,10,0.54869586,0.76801324
2025-09-26,0.9068010894104361,21,0.70876056,0.76309425
2025-09-29,0.3127299251777238,1,0.0,0.0030844482
2025-09-29,0.3127299251777238,3,0.3625922,0.46820453
2025-09-29,0.3127299251777238,5,0.34622136,0.6417779
2025-09-29,0.3127299251777238,10,0.7902622,0.74575156
2025-09-29,0.3127299251777238,21,0.69300956,0.7688326
2025-09-30,0.17016864073289284,1,0.0,0.0027029766
2025-09-30,0.17016864073289284,3,0.3797286,0.5514124
2025-09-30,0.17016864073289284,5,0.56798273,0.7425639
2025-09-30,0.17016864073289284,10,0.7955878,0.83613807
2025-09-30,0.17016864073289284,21,0.6978698,0.8970756
2025-10-01,1.0006502480965906,1,0.0,0.002104029
2025-10-01,1.0006502480965906,3,0.29207295,0.4247122
2025-10-01,1.0006502480965906,5,0.6062084,0.54995286
2025-10-01,1.0006502480965906,10,0.79989463,0.6158351
2025-10-01,1.0006502480965906,21,0.6978941,0.68136054
2025-10-02,0.9481728543617507,1,0.0,0.002322087
2025-10-02,0.9481728543617507,3,0.6151005,0.47999257
2025-10-02,0.9481728543617507,5,0.54085636,0.6434227
2025-10-02,0.9481728543617507,10,0.84678423,0.69532526
2025-10-02,0.9481728543617507,21,0.67600054,0.73884124
2025-10-03,0.3565003037914849,1,0.0,0.0035053473
2025-10-03,0.3565003037914849,3,0.37017712,0.40574715
2025-10-03,0.3565003037914849,5,0.47643057,0.61112833
2025-10-03,0.3565003037914849,10,0.8459649,0.6665031
2025-10-03,0.3565003037914849,21,0.6597402,0.72542983
2025-10-06,-0.5476681724285726,1,0.0,0.0020435806
2025-10-06,-0.5476681724285726,3,0.500574,0.33645898
2025-10-06,-0.5476681724285726,5,0.7791511,0.4285285
2025-10-06,-0.5476681724285726,10,0.8581611,0.49815077
2025-10-06,-0.5476681724285726,21,0.65622085,0.57143706
2025-10-07,-0.15474051448522985,1,0.0,0.0032159612
2025-10-07,-0.15474051448522985,3,0.48861155,0.32016262
2025-10-07,-0.15474051448522985,5,0.8549752,0.42286155
2025-10-07,-0.15474051448522985,10,0.87865305,0.5009185
2025-10-07,-0.15474051448522985,21,0.64632493,0.5408543
2025-10-08,0.6546735980657914,1,0.0,0.0047561424
2025-10-08,0.6546735980657914,3,0.98583734,0.29677662
2025-10-08,0.6546735980657914,5,0.8533033,0.39392588
2025-10-08,0.6546735980657914,10,0.87624395,0.4715517
2025-10-08,0.6546735980657914,21,0.64473796,0.51610595
2025-10-09,-0.5135596043658097,1,0.0,0.0019436721
2025-10-09,-0.5135596043658097,3,0.9017746,0.40882078
2025-10-09,-0.5135596043658097,5,1.0302496,0.47696453
2025-10-09,-0.5135596043658097,10,0.8678063,0.61726916
2025-10-09,-0.5135596043658097,21,0.66260576,0.6359261
2025-10-10,-1.7597059075738386,1,0.0,0.001656659
2025-10-10,-1.7597059075738386,3,0.919089,0.3587877
2025-10-10,-1.7597059075738386,5,1.0897818,0.4152482
2025-10-10,-1.7597059075738386,10,0.85848355,0.51563907
2025-10-10,-1.7597059075738386,21,0.6618164,0.5327313
2025-10-13,0.4428380110709895,1,0.0,-0.0004066024
2025-10-13,0.4428380110709895,3,0.65296906,0.6320838
2025-10-13,0.4428380110709895,5,0.7141861,0.76372695
2025-10-13,0.4428380110709895,10,0.5834263,0.923633
2025-10-13,0.4428380110709895,21,0.6174111,0.92394435
2025-10-14,-0.2548736930381601,1,0.0,-0.0025234595
2025-10-14,-0.2548736930381601,3,0.6777082,0.6612017
2025-10-14,-0.2548736930381601,5,0.74025375,0.8208618
2025-10-14,-0.2548736930381601,10,0.58236754,0.9054682
2025-10-14,-0.2548736930381601,21,0.65112054,0.88979536
2025-10-15,1.3404000620134582,1,0.0,-0.00055049546
2025-10-15,1.3404000620134582,3,0.8237236,0.6065813
2025-10-15,1.3404000620134582,5,0.66152656,0.79053473
2025-10-15,1.3404000620134582,10,0.57826287,0.8719675
2025-10-15,1.3404000620134582,21,0.65541494,0.8328816
2025-10-16,0.9404115232401367,1,0.0,-0.00038011186
2025-10-16,0.9404115232401367,3,0.6941941,0.44051298
2025-10-16,0.9404115232401367,5,0.606365,0.5885022
2025-10-16,0.9404115232401367,10,0.47024193,0.6512557
2025-10-16,0.9404115232401367,21,0.6156194,0.6571522
2025-10-17,-0.5722965830324611,1,0.0,0.0016084239
2025-10-17,-0.5722965830324611,3,0.58836186,0.47864828
2025-10-17,-0.5722965830324611,5,0.5347825,0.60399723
2025-10-17,-0.5722965830324611,10,0.41243544,0.65049136
2025-10-17,-0.5722965830324611,21,0.62999904,0.630083
2025-10-20,0.8566346902393995,1,0.0,-0.00052724034
2025-10-20,0.8566346902393995,3,0.47693765,0.5403595
2025-10-20,0.8566346902393995,5,0.40804064,0.6969342
2025-10-20,0.8566346902393995,10,0.39523494,0.7566592
2025-10-20,0.8566346902393995,21,0.6292233,0.7092553
2025-10-21,0.30458898210099505,1,0.0,0.0033916458
2025-10-21,0.30458898210099505,3,0.3681608,0.54513234
2025-10-21,0.30458898210099505,5,0.3041237,0.7355515
2025-10-21,0.30458898210099505,10,0.30717024,0.8032211
2025-10-21,0.30458898210099505,21,0.72360504,0.80487627
2025-10-22,-0.3110422414391856,1,0.0,0.0024967669
2025-10-22,-0.3110422414391856,3,0.36226994,0.5677693
2025-10-22,-0.3110422414391856,5,0.33305642,0.7650355
2025-10-22,-0.3110422414391856,10,0.30188483,0.8290372
2025-10-22,-0.3110422414391856,21,0.7187665,0.8136517
2025-10-23,0.5674653688918063,1,0.0,0.0021147067
2025-10-23,0.5674653688918063,3,0.22537225,0.5781976
2025-10-23,0.5674653688918063,5,0.2687219,0.767998
2025-10-23,0.5674653688918063,10,0.2873359,0.8399675
2025-10-23,0.5674653688918063,21,0.72545624,0.8250678
2025-10-24,0.019832242624939767,1,0.0,0.0036569014
2025-10-24,0.019832242624939767,3,0.23245372,0.3963997
2025-10-24,0.019832242624939767,5,0.20971234,0.63685596
2025-10-24,0.019832242624939767,10,0.34312418,0.6801931
2025-10-24,0.019832242624939767,21,0.72437155,0.70272714
2025-10-27,0.353984731443191,1,0.0,0.0043223593
2025-10-27,0.353984731443191,3,0.23387316,0.42384705
2025-10-27,0.353984731443191,5,0.28639898,0.5429965
2025-10-27,0.353984731443191,10,0.3547621,0.57080823
2025-10-27,0.353984731443191,21,0.7243644,0.6005917
2025-10-28,-0.21235692074741408,1,0.0,0.0013059713
2025-10-28,-0.21235692074741408,3,0.16100024,0.4982035
2025-10-28,-0.21235692074741408,5,0.21857429,0.5683032
2025-10-28,-0.21235692074741408,10,0.6136389,0.5816868
2025-10-28,-0.21235692074741408,21,0.7369246,0.5840673
2025-10-29,0.14549859105228435,1,0.0,0.0007650666
2025-10-29,0.14549859105228435,3,0.2474268,0.50793785
2025-10-29,0.14549859105228435,5,0.2207265,0.55149513
2025-10-29,0.14549859105228435,10,0.70941,0.5984538
2025-10-29,0.14549859105228435,21,0.7797313,0.59505475
2025-10-30,-0.17695410796854105,1,0.0,0.0028012143
2025-10-30,-0.17695410796854105,3,0.2216019,0.43427265
2025-10-30,-0.17695410796854105,5,0.20874184,0.5226439
2025-10-30,-0.17695410796854105,10,0.7404499,0.5582644
2025-10-30,-0.17695410796854105,21,0.77862126,0.58972216
2025-10-31,-0.4601467973098572,1,0.0,0.0012989454
2025-10-31,-0.4601467973098572,3,0.22267011,0.41255665
2025-10-31,-0.4601467973098572,5,0.37737504,0.47034898
2025-10-31,-0.4601467973098572,10,0.7481049,0.5476825
2025-10-31,-0.4601467973098572,21,0.7814289,0.5722833
2025-11-03,0.08249160194333527,1,0.0,0.0008742325
2025-11-03,0.08249160194333527,3,0.15340619,0.39120764
2025-11-03,0.08249160194333527,5,0.38040867,0.45748562
2025-11-03,0.08249160194333527,10,0.79671526,0.5570319
2025-11-03,0.08249160194333527,21,0.77559376,0.5831125
2025-11-04,-0.23654099263472617,1,0.0,0.0005402528
2025-11-04,-0.23654099263472617,3,0.42131215,0.5593009
2025-11-04,-0.23654099263472617,5,0.8355109,0.67068547
2025-11-04,-0.23654099263472617,10,0.8186595,0.74667794
2025-11-04,-0.23654099263472617,21,0.7754585,0.7539822
2025-11-05,0.09491780362713698,1,0.0,0.0010153577
2025-11-05,0.09491780362713698,3,0.414913,0.5894387
2025-11-05,0.09491780362713698,5,0.936346,0.7579966
2025-11-05,0.09491780362713698,10,0.9926364,0.8332894
2025-11-05,0.09491780362713698,21,0.7765722,0.8418296
2025-11-06,-0.9171974368300084,1,0.0,0.0016828598
2025-11-06,-0.9171974368300084,3,1.0677887,0.55293435
2025-11-06,-0.9171974368300084,5,0.94988793,0.7656356
2025-11-06,-0.9171974368300084,10,0.9896512,0.85323584
2025-11-06,-0.9171974368300084,21,0.7766675,0.8058616
2025-11-07,-0.4911685620823114,1,0.0,0.002051997
2025-11-07,-0.4911685620823114,3,0.8773122,0.4893718
2025-11-07,-0.4911685620823114,5,0.8029749,0.59381574
2025-11-07,-0.4911685620823114,10,0.9708756,0.68174016
2025-11-07,-0.4911685620823114,21,0.75106555,0.68117756
2025-11-10,1.5306887413178316,1,0.0,0.0032468252
2025-11-10,1.5306887413178316,3,0.30816218,0.55014664
2025-11-10,1.5306887413178316,5,0.92537034,0.7289409
2025-11-10,1.5306887413178316,10,0.9829972,0.8112359
2025-11-10,1.5306887413178316,21,0.7417132,0.7988727
2025-11-11,1.1503270146840272,1,0.0,0.0023306431
2025-11-11,1.1503270146840272,3,0.6270772,0.52320313
2025-11-11,1.1503270146840272,5,0.80124557,0.69875467
2025-11-11,1.1503270146840272,10,0.8286579,0.7934059
2025-11-11,1.1503270146840272,21,0.67176145,0.7727012
2025-11-12,0.7758562783364731,1,0.0,0.0033990722
2025-11-12,0.7758562783364731,3,0.7075533,0.5254674
2025-11-12,0.7758562783364731,5,0.85469866,0.67937833
2025-11-12,0.7758562783364731,10,0.7568743,0.7747794
2025-11-12,0.7758562783364731,21,0.62130624,0.8034726
2025-11-13,-0.3270033286678853,1,0.0,0.005222043
2025-11-13,-0.3270033286678853,3,0.25003973,0.5281136
2025-11-13,-0.3270033286678853,5,0.61949617,0.6856097
2025-11-13,-0.3270033286678853,10,0.80610555,0.76477385
2025-11-13,-0.3270033286678853,21,0.6115217,0.7788882
2025-11-14,-0.9334241605361449,1,0.0,0.0037467983
2025-11-14,-0.9334241605361449,3,0.545492,0.4582131
2025-11-14,-0.9334241605361449,5,0.7800205,0.5782048
2025-11-14,-0.9334241605361449,10,0.8089869,0.6763311
2025-11-14,-0.9334241605361449,21,0.61392957,0.70784295
2025-11-17,-0.5558515497484429,1,0.0,0.0027162712
2025-11-17,-0.5558515497484429,3,0.7498814,0.53960603
2025-11-17,-0.5558515497484429,5,0.7655164,0.7177094
2025-11-17,-0.5558515497484429,10,0.783612,0.76950264
2025-11-17,-0.5558515497484429,21,0.6087172,0.787342
2025-11-18,-1.854640536188068,1,0.0,0.002068934
2025-11-18,-1.854640536188068,3,0.9828132,0.5220932
2025-11-18,-1.854640536188068,5,0.7744389,0.73660785
2025-11-18,-1.854640536188068,10,0.76852894,0.77259886
2025-11-18,-1.854640536188068,21,0.60740936,0.7624261
2025-11-19,-0.080386095748608,1,0.0,0.0004376145
2025-11-19,-0.080386095748608,3,0.46884254,0.6910001
2025-11-19,-0.080386095748608,5,0.49031353,0.815379
2025-11-19,-0.080386095748608,10,0.48186994,0.8387423
2025-11-19,-0.080386095748608,21,0.4574651,0.815833
2025-11-20,0.44162253374615545,1,0.0,0.0005152263
2025-11-20,0.44162253374615545,3,0.47189283,0.6679189
2025-11-20,0.44162253374615545,5,0.6466152,0.7683513
2025-11-20,0.44162253374615545,10,0.47832698,0.79746234
2025-11-20,0.44162253374615545,21,0.48610094,0.7764582
2025-11-21,-0.7052656113417655,1,0.0,0.00089885946
2025-11-21,-0.7052656113417655,3,0.56900674,0.61399543
2025-11-21,-0.7052656113417655,5,0.6442479,0.7308574
2025-11-21,-0.7052656113417655,10,0.46964896,0.76697063
2025-11-21,-0.7052656113417655,21,0.48564506,0.7706023
2025-11-24,-0.25655530456729636,1,0.0,-0.0012398157
2025-11-24,-0.25655530456729636,3,0.5637257,0.6442992
2025-11-24,-0.25655530456729636,5,0.47912186,0.7496421
2025-11-24,-0.25655530456729636,10,0.40037167,0.8398817
2025-11-24,-0.25655530456729636,21,0.4643149,0.85074836
2025-11-25,0.6618726622187765,1,0.0,-0.001208825
2025-11-25,0.6618726622187765,3,0.45076624,0.5448829
2025-11-25,0.6618726622187765,5,0.42794752,0.62670416
2025-11-25,0.6618726622187765,10,0.376677,0.71458185
2025-11-25,0.6618726622187765,21,0.45839226,0.7494774
2025-11-26,1.0956355607107504,1,0.0,0.0014459118
2025-11-26,1.0956355607107504,3,0.46411258,0.63798094
2025-11-26,1.0956355607107504,5,0.44217765,0.7968477
2025-11-26,1.0956355607107504,10,0.392017,0.8442677
2025-11-26,1.0956355607107504,21,0.44198412,0.80153316
2025-11-27,-0.0005883685422425344,1,0.0,2.2000633e-05
2025-11-27,-0.0005883685422425344,3,0.14445022,0.6765133
2025-11-27,-0.0005883685422425344,5,0.1642632,0.7986697
2025-11-27,-0.0005883685422425344,10,0.24192348,0.82168174
2025-11-27,-0.0005883685422425344,21,0.3784871,0.8151666
2025-11-28,0.28671327769353994,1,0.0,0.0014235601
2025-11-28,0.28671327769353994,3,0.16674808,0.66526383
2025-11-28,0.28671327769353994,5,0.15798867,0.82176876
2025-11-28,0.28671327769353994,10,0.31446332,0.8499663
2025-11-28,0.28671327769353994,21,0.40962958,0.8327883
2025-12-01,-0.03579423633661705,1,0.0,0.0023292713
2025-12-01,-0.03579423633661705,3,0.16735587,0.61269164
2025-12-01,-0.03579423633661705,5,0.17515247,0.76404613
2025-12-01,-0.03579423633661705,10,0.32709536,0.8291811
2025-12-01,-0.03579423633661705,21,0.4070503,0.84682274
2025-12-02,-0.09159768123261358,1,0.0,0.0041188803
2025-12-02,-0.09159768123261358,3,0.15508696,0.4915789
2025-12-02,-0.09159768123261358,5,0.17393672,0.66626894
2025-12-02,-0.09159768123261358,10,0.39740306,0.7170022
2025-12-02,-0.09159768123261358,21,0.41669098,0.711392
2025-12-03,0.2880147464702887,1,0.0,0.0034664497
2025-12-03,0.2880147464702887,3,0.21114404,0.42420322
2025-12-03,0.2880147464702887,5,0.26059395,0.5627773
2025-12-03,0.2880147464702887,10,0.42864886,0.6685828
2025-12-03,0.2880147464702887,21,0.42623156,0.7048175
2025-12-04,0.11064441247619072,1,0.0,0.0022734255
2025-12-04,0.11064441247619072,3,0.1437886,0.5138162
2025-12-04,0.11064441247619072,5,0.22919844,0.6843555
2025-12-04,0.11064441247619072,10,0.42058864,0.76687044
2025-12-04,0.11064441247619072,21,0.4343074,0.8632479
2025-12-05,-0.22141138242792735,1,0.0,0.0024853777
2025-12-05,-0.22141138242792735,3,0.20328932,0.52911377
2025-12-05,-0.22141138242792735,5,0.39227015,0.6835724
2025-12-05,-0.22141138242792735,10,0.5005159,0.7442864
2025-12-05,-0.22141138242792735,21,0.44658557,0.80972403
2025-12-08,0.04631434625670394,1,0.0,0.0025376417
2025-12-08,0.04631434625670394,3,0.22496237,0.4667609
2025-12-08,0.04631434625670394,5,0.41701186,0.59400547
2025-12-08,0.04631434625670394,10,0.51155794,0.67107004
2025-12-08,0.04631434625670394,21,0.45538613,0.7233727
2025-12-09,-0.45115773615354016,1,0.0,0.001940609
2025-12-09,-0.45115773615354016,3,0.49446014,0.49851355
2025-12-09,-0.45115773615354016,5,0.53413844,0.61139184
2025-12-09,-0.45115773615354016,10,0.5263024,0.6582065
2025-12-09,-0.45115773615354016,21,0.47031367,0.70497745
2025-12-10,-0.40767138369810496,1,0.0,-0.0010678526
2025-12-10,-0.40767138369810496,3,0.4922347,0.634287
2025-12-10,-0.40767138369810496,5,0.5468281,0.7438004
2025-12-10,-0.40767138369810496,10,0.50388116,0.76903653
2025-12-10,-0.40767138369810496,21,0.46611115,0.8004295
2025-12-11,0.6188175028612797,1,0.0,-0.000313906
2025-12-11,0.6188175028612797,3,0.5181817,0.75786173
2025-12-11,0.6188175028612797,5,0.53086406,0.90430665
2025-12-11,0.6188175028612797,10,0.48197427,0.93127847
2025-12-11,0.6188175028612797,21,0.4617494,0.92386645
2025-12-12,-0.44221153918408973,1,0.0,-0.00029367674
2025-12-12,-0.44221153918408973,3,0.5543459,0.64441097
2025-12-12,-0.44221153918408973,5,0.581264,0.7397108
2025-12-12,-0.44221153918408973,10,0.44900227,0.80742484
2025-12-12,-0.44221153918408973,21,0.45775008,0.7829383
2025-12-15,0.6916006653976403,1,0.0,-0.0020997413
2025-12-15,0.6916006653976403,3,0.5250565,0.6225275
2025-12-15,0.6916006653976403,5,0.5353566,0.73214024
2025-12-15,0.6916006653976403,10,0.46535623,0.7928028
2025-12-15,0.6916006653976403,21,0.4476682,0.8248419
2025-12-16,-0.5223754346348919,1,0.0,-0.0002748426
2025-12-16,-0.5223754346348919,3,0.5858249,0.6262314
2025-12-16,-0.5223754346348919,5,0.5182411,0.78648305
2025-12-16,-0.5223754346348919,10,0.43230796,0.84889495
2025-12-16,-0.5223754346348919,21,0.43230796,0.8900257
2025-12-17,-0.2831860299570721,1,0.0,-0.0014560744
2025-12-17,-0.2831860299570721,3,0.45759058,0.5232947
2025-12-17,-0.2831860299570721,5,0.4473724,0.57335806
2025-12-17,-0.2831860299570721,10,0.40280995,0.64411783
2025-12-17,-0.2831860299570721,21,0.40280995,0.6661196
2025-12-18,0.8225559590027132,1,0.0,0.0022665374
2025-12-18,0.8225559590027132,3,0.49246457,0.5347923
2025-12-18,0.8225559590027132,5,0.41341224,0.7269385
2025-12-18,0.8225559590027132,10,0.39493847,0.77057135
2025-12-18,0.8225559590027132,21,0.39493847,0.72736895
2025-12-19,0.42859422016015003,1,0.0,0.002232234
2025-12-19,0.42859422016015003,3,0.32336536,0.49733433
2025-12-19,0.42859422016015003,5,0.25465617,0.65700734
2025-12-19,0.42859422016015003,10,0.3407982,0.70230067
2025-12-19,0.42859422016015003,21,0.3407982,0.72906524
2025-12-22,-0.3618162544065662,1,0.0,0.0027788626
2025-12-22,-0.3618162544065662,3,0.15791842,0.5415996
2025-12-22,-0.3618162544065662,5,0.36998,0.70487654
2025-12-22,-0.3618162544065662,10,0.34161082,0.7441211
2025-12-22,-0.3618162544065662,21,0.34161082,0.74859947
2025-12-23,-0.011126564684627027,1,0.0,0.0009743301
2025-12-23,-0.011126564684627027,3,0.06176206,0.5531734
2025-12-23,-0.011126564684627027,5,0.3100838,0.66624403
2025-12-23,-0.011126564684627027,10,0.3100838,0.72484916
2025-12-23,-0.011126564684627027,21,0.3100838,0.7282283
2025-12-24,-0.045104546658514266,1,0.0,0.0022803675
2025-12-24,-0.045104546658514266,3,0.3514236,0.4403338
2025-12-24,-0.045104546658514266,5,0.3345788,0.61154413
2025-12-24,-0.045104546658514266,10,0.3345788,0.67292696
2025-12-24,-0.045104546658514266,21,0.3345788,0.69392574
2025-12-29,0.09955435611210817,1,0.0,0.0037140688
2025-12-29,0.09955435611210817,3,0.35254005,0.4565238
2025-12-29,0.09955435611210817,5,0.35254005,0.6106242
2025-12-29,0.09955435611210817,10,0.35254005,0.703384
2025-12-29,0.09955435611210817,21,0.35254005,0.7512061
2025-12-30,0.7621050358271653,1,0.0,0.0029867422
2025-12-30,0.7621050358271653,3,0.40545538,0.4868649
2025-12-30,0.7621050358271653,5,0.40545538,0.6514272
2025-12-30,0.7621050358271653,10,0.40545538,0.7370315
2025-12-30,0.7621050358271653,21,0.40545538,0.80033493
2025-12-31,-0.04880571356125074,1,0.0,0.0027170144
2025-12-31,-0.04880571356125074,3,0.0,0.5104427
2025-12-31,-0.04880571356125074,5,0.0,0.6807438
2025-12-31,-0.04880571356125074,10,0.0,0.7476364
2025-12-31,-0.04880571356125074,21,0.0,0.80090123
