time,log_return,horizon,true_volatility,predict_volatility
2021-08-31,1.0746570738684014,1,0.0,0.004176531
2021-08-31,1.0746570738684014,3,0.41023198,0.55664474
2021-08-31,1.0746570738684014,5,0.5985122,0.70344883
2021-08-31,1.0746570738684014,10,0.732168,0.8802125
2021-08-31,1.0746570738684014,21,1.1489823,0.9508721
2021-09-01,1.278676415440394,1,0.0,0.0039831214
2021-09-01,1.278676415440394,3,0.696869,0.7317921
2021-09-01,1.278676415440394,5,0.6206019,0.9039402
2021-09-01,1.278676415440394,10,0.73190534,0.99013776
2021-09-01,1.278676415440394,21,1.2608799,0.99336946
2021-09-02,0.32455857327242654,1,0.0,0.013953587
2021-09-02,0.32455857327242654,3,0.7565616,0.5375848
2021-09-02,0.32455857327242654,5,0.63823634,0.63865316
2021-09-02,0.32455857327242654,10,0.82613695,0.7777054
2021-09-02,0.32455857327242654,21,1.2597209,0.85297316
2021-09-03,2.02740842848268,1,0.0,0.011585247
2021-09-03,2.02740842848268,3,0.5066639,0.53705263
2021-09-03,2.02740842848268,5,0.91914916,0.60433704
2021-09-03,2.02740842848268,10,0.9129136,0.7728529
2021-09-03,2.02740842848268,21,1.3417834,0.82243013
2021-09-06,1.8091983232443098,1,0.0,0.01746938
2021-09-06,1.8091983232443098,3,0.44226867,0.49604738
2021-09-06,1.8091983232443098,5,0.78758985,0.592847
2021-09-06,1.8091983232443098,10,0.78114694,0.77593327
2021-09-06,1.8091983232443098,21,1.2651753,0.8616486
2021-09-07,0.8602505903672508,1,0.0,0.005422637
2021-09-07,0.8602505903672508,3,0.68176675,0.5948368
2021-09-07,0.8602505903672508,5,0.6408137,0.65238696
2021-09-07,0.8602505903672508,10,0.984957,0.77865887
2021-09-07,0.8602505903672508,21,1.1927351,0.78571826
2021-09-08,0.8821421394829443,1,0.0,0.018974299
2021-09-08,0.8821421394829443,3,0.784155,0.56109303
2021-09-08,0.8821421394829443,5,0.6290761,0.6562948
2021-09-08,0.8821421394829443,10,0.96774006,0.7910008
2021-09-08,0.8821421394829443,21,1.2189852,0.8319136
2021-09-09,-0.5749250194810429,1,0.0,0.005457394
2021-09-09,-0.5749250194810429,3,0.7419201,0.5430413
2021-09-09,-0.5749250194810429,5,0.7029073,0.60834146
2021-09-09,-0.5749250194810429,10,1.1318372,0.7030373
2021-09-09,-0.5749250194810429,21,1.2604094,0.7671776
2021-09-10,1.2374730172400206,1,0.0,0.010654714
2021-09-10,1.2374730172400206,3,0.41723928,0.5215252
2021-09-10,1.2374730172400206,5,0.7130642,0.6424898
2021-09-10,1.2374730172400206,10,1.1147472,0.75363225
2021-09-10,1.2374730172400206,21,1.2670346,0.8361048
2021-09-13,0.21545347479641208,1,0.0,0.01405233
2021-09-13,0.21545347479641208,3,0.51156425,0.54705024
2021-09-13,0.21545347479641208,5,0.55438876,0.6663252
2021-09-13,0.21545347479641208,10,1.0462458,0.77046853
2021-09-13,0.21545347479641208,21,1.2201222,0.83477134
2021-09-14,0.7288634799051508,1,0.0,-0.0017408058
2021-09-14,0.7288634799051508,3,0.61299795,0.59208673
2021-09-14,0.7288634799051508,5,1.0486774,0.7124097
2021-09-14,0.7288634799051508,10,1.209309,0.8351785
2021-09-14,0.7288634799051508,21,1.2750895,0.9014354
2021-09-15,-0.5177650818120938,1,0.0,0.0069334023
2021-09-15,-0.5177650818120938,3,0.5435045,0.5771013
2021-09-15,-0.5177650818120938,5,0.88281584,0.6698931
2021-09-15,-0.5177650818120938,10,1.159979,0.79704475
2021-09-15,-0.5177650818120938,21,1.3352513,0.8585267
2021-09-16,-0.6192867215801812,1,0.0,0.00038466975
2021-09-16,-0.6192867215801812,3,1.1341461,0.71396226
2021-09-16,-0.6192867215801812,5,1.4112525,0.89066607
2021-09-16,-0.6192867215801812,10,1.2984483,1.0702705
2021-09-16,-0.6192867215801812,21,1.3341106,1.1573727
2021-09-17,0.5810640705258052,1,0.0,0.007658478
2021-09-17,0.5810640705258052,3,1.1324706,0.6753244
2021-09-17,0.5810640705258052,5,1.3935663,0.8325605
2021-09-17,0.5810640705258052,10,1.3090874,0.9191769
2021-09-17,0.5810640705258052,21,1.3442509,0.8797641
2021-09-21,-2.1888260363455814,1,0.0,0.0050322935
2021-09-21,-2.1888260363455814,3,1.747258,0.59588903
2021-09-21,-2.1888260363455814,5,1.3568383,0.76712966
2021-09-21,-2.1888260363455814,10,1.3169835,0.8863316
2021-09-21,-2.1888260363455814,21,1.3356203,0.90048856
2021-09-22,-0.6735517720276363,1,0.0,-0.0035495125
2021-09-22,-0.6735517720276363,3,1.1553637,0.8057389
2021-09-22,-0.6735517720276363,5,1.3432362,1.0080554
2021-09-22,-0.6735517720276363,10,1.2499675,1.1240032
2021-09-22,-0.6735517720276363,21,1.3156178,1.1277851
2021-09-24,2.0352292452042064,1,0.0,0.0005717091
2021-09-24,2.0352292452042064,3,1.0120275,0.703746
2021-09-24,2.0352292452042064,5,1.3253173,0.9201421
2021-09-24,2.0352292452042064,10,1.3142952,0.9973878
2021-09-24,2.0352292452042064,21,1.3152755,1.0219952
2021-09-27,-0.028930941850369152,1,0.0,0.0021531172
2021-09-27,-0.028930941850369152,3,0.96130586,0.61051977
2021-09-27,-0.028930941850369152,5,1.0183161,0.80216926
2021-09-27,-0.028930941850369152,10,1.1784465,0.8976961
2021-09-27,-0.028930941850369152,21,1.226441,0.98798525
2021-09-28,-0.1856865005535724,1,0.0,0.012138568
2021-09-28,-0.1856865005535724,3,0.89423376,0.57824224
2021-09-28,-0.1856865005535724,5,0.895622,0.7582029
2021-09-28,-0.1856865005535724,10,1.3635608,0.8882366
2021-09-28,-0.1856865005535724,21,1.2993914,1.0178255
2021-09-29,-2.1420226877342685,1,0.0,0.009176739
2021-09-29,-2.1420226877342685,3,0.91395164,0.6077902
2021-09-29,-2.1420226877342685,5,0.7860842,0.70282
2021-09-29,-2.1420226877342685,10,1.3598546,0.82503074
2021-09-29,-2.1420226877342685,21,1.299811,0.8623976
2021-09-30,-0.31062277333990806,1,0.0,0.0030031428
2021-09-30,-0.31062277333990806,3,0.83367026,0.7173851
2021-09-30,-0.31062277333990806,5,0.7638848,0.90563554
2021-09-30,-0.31062277333990806,10,1.2693325,1.0045809
2021-09-30,-0.31062277333990806,21,1.2375036,0.98025763
2021-10-01,-2.341385465210699,1,0.0,-0.0010148808
2021-10-01,-2.341385465210699,3,0.5386886,0.70206326
2021-10-01,-2.341385465210699,5,1.0368892,0.84135884
2021-10-01,-2.341385465210699,10,1.3970731,0.919088
2021-10-01,-2.341385465210699,21,1.2391311,0.87647164
2021-10-04,-1.1401826196943077,1,0.0,0.00046705082
2021-10-04,-1.1401826196943077,3,0.52609026,0.74680156
2021-10-04,-1.1401826196943077,5,1.2723259,0.9195574
2021-10-04,-1.1401826196943077,10,1.34634,0.9947823
2021-10-04,-1.1401826196943077,21,1.2564669,0.9573568
2021-10-05,-2.213719618209886,1,0.0,-0.004639555
2021-10-05,-2.213719618209886,3,1.129534,0.77248377
2021-10-05,-2.213719618209886,5,1.4563167,0.95122874
2021-10-05,-2.213719618209886,10,1.2863132,1.0175227
2021-10-05,-2.213719618209886,21,1.2306923,0.9902636
2021-10-06,-1.0596115909995873,1,0.0,-0.012302682
2021-10-06,-1.0596115909995873,3,0.9943256,0.82003206
2021-10-06,-1.0596115909995873,5,1.1113844,1.0540115
2021-10-06,-1.0596115909995873,10,1.0045656,1.1199365
2021-10-06,-1.0596115909995873,21,1.116526,1.1446735
2021-10-07,0.541025393639849,1,0.0,-0.009657115
2021-10-07,0.541025393639849,3,0.44577003,0.78285056
2021-10-07,0.541025393639849,5,0.96079385,0.9725505
2021-10-07,0.541025393639849,10,0.8760626,1.0328643
2021-10-07,0.541025393639849,21,1.094055,1.0177504
2021-10-08,1.3305327196388106,1,0.0,-0.007660698
2021-10-08,1.3305327196388106,3,1.1377726,0.6992349
2021-10-08,1.3305327196388106,5,1.0449319,0.8282908
2021-10-08,1.3305327196388106,10,1.1536465,0.93532354
2021-10-08,1.3305327196388106,21,1.1030622,0.98180926
2021-10-11,1.589007787514518,1,0.0,-0.004482221
2021-10-11,1.589007787514518,3,1.0774105,0.7422816
2021-10-11,1.589007787514518,5,1.1221026,0.86184734
2021-10-11,1.589007787514518,10,1.1081297,0.96656877
2021-10-11,1.589007787514518,21,1.1000612,0.939363
2021-10-12,-0.9434071860249915,1,0.0,-0.007297408
2021-10-12,-0.9434071860249915,3,1.0132817,0.742531
2021-10-12,-0.9434071860249915,5,1.0649683,0.8744264
2021-10-12,-0.9434071860249915,10,1.0467218,0.97401047
2021-10-12,-0.9434071860249915,21,1.0676199,1.007942
2021-10-13,-0.3204851211991766,1,0.0,0.01153354
2021-10-13,-0.3204851211991766,3,0.9270789,0.7290207
2021-10-13,-0.3204851211991766,5,0.8398634,0.85653925
2021-10-13,-0.3204851211991766,10,1.105318,0.9905692
2021-10-13,-0.3204851211991766,21,1.0458605,1.0623689
2021-10-14,1.4487522157883959,1,0.0,0.007052332
2021-10-14,1.4487522157883959,3,0.8471108,0.7893192
2021-10-14,1.4487522157883959,5,0.7447954,0.95805615
2021-10-14,1.4487522157883959,10,1.0921179,1.0854137
2021-10-14,1.4487522157883959,21,1.0586945,1.1960349
2021-10-15,1.7970116343965614,1,0.0,-0.008444928
2021-10-15,1.7970116343965614,3,0.7984063,0.809205
2021-10-15,1.7970116343965614,5,1.1997855,0.9947235
2021-10-15,1.7970116343965614,10,1.0855169,1.111829
2021-10-15,1.7970116343965614,21,1.0269432,1.1219097
2021-10-18,-0.14862072367733958,1,0.0,-0.02000818
2021-10-18,-0.14862072367733958,3,0.3315925,0.9141248
2021-10-18,-0.14862072367733958,5,0.8915935,1.0790691
2021-10-18,-0.14862072367733958,10,0.93105876,1.156333
2021-10-18,-0.14862072367733958,21,0.96287644,1.1953136
2021-10-19,0.6526650715114712,1,0.0,-0.009162765
2021-10-19,0.6526650715114712,3,1.096214,0.8623825
2021-10-19,0.6526650715114712,5,0.9155184,1.0332183
2021-10-19,0.6526650715114712,10,1.2197529,1.1953179
2021-10-19,0.6526650715114712,21,0.9677545,1.2352657
2021-10-20,0.13692670936436002,1,0.0,-0.010297507
2021-10-20,0.13692670936436002,3,1.0041299,0.77959305
2021-10-20,0.13692670936436002,5,1.2035553,0.8889081
2021-10-20,0.13692670936436002,10,1.2237163,0.9928691
2021-10-20,0.13692670936436002,21,0.96350104,1.0921668
2021-10-21,-1.8873290460238223,1,0.0,-0.010412496
2021-10-21,-1.8873290460238223,3,0.9076709,0.77625203
2021-10-21,-1.8873290460238223,5,1.199563,0.8823916
2021-10-21,-1.8873290460238223,10,1.248254,1.011731
2021-10-21,-1.8873290460238223,21,0.967857,1.1068076
2021-10-22,0.3347726667771056,1,0.0,-0.011878867
2021-10-22,0.3347726667771056,3,1.0099652,0.958188
2021-10-22,0.3347726667771056,5,0.9574327,1.1293845
2021-10-22,0.3347726667771056,10,1.0849929,1.2304235
2021-10-22,0.3347726667771056,21,0.86238325,1.2360696
2021-10-25,-0.7122703329841329,1,0.0,-0.010086469
2021-10-25,-0.7122703329841329,3,1.0386674,0.9122135
2021-10-25,-0.7122703329841329,5,0.95353305,1.0353391
2021-10-25,-0.7122703329841329,10,1.1029065,1.150351
2021-10-25,-0.7122703329841329,21,0.93975323,1.2016174
2021-10-26,1.7523615159790396,1,0.0,-0.016870663
2021-10-26,1.7523615159790396,3,1.1252974,0.9343434
2021-10-26,1.7523615159790396,5,1.2741371,1.1198583
2021-10-26,1.7523615159790396,10,1.1065603,1.2258012
2021-10-26,1.7523615159790396,21,0.9301709,1.1762998
2021-10-27,-0.026697470704029058,1,0.0,-0.012179092
2021-10-27,-0.026697470704029058,3,0.5183937,0.8975152
2021-10-27,-0.026697470704029058,5,1.2174848,1.1012278
2021-10-27,-0.026697470704029058,10,1.0054259,1.2037181
2021-10-27,-0.026697470704029058,21,1.025246,1.1861411
2021-10-28,-0.9604991327044843,1,0.0,-0.009347644
2021-10-28,-0.9604991327044843,3,1.4680486,0.830054
2021-10-28,-0.9604991327044843,5,1.2283068,0.97243327
2021-10-28,-0.9604991327044843,10,1.0204744,1.0397956
2021-10-28,-0.9604991327044843,21,1.0790346,0.97769606
2021-10-29,0.2515895042801475,1,0.0,-0.008876424
2021-10-29,0.2515895042801475,3,1.2864172,0.81003374
2021-10-29,0.2515895042801475,5,1.1532333,1.0338305
2021-10-29,0.2515895042801475,10,1.003504,1.1558076
2021-10-29,0.2515895042801475,21,1.1134275,1.148091
2021-11-01,2.577503791667546,1,0.0,-0.015977103
2021-11-01,2.577503791667546,3,1.2285154,0.92863953
2021-11-01,2.577503791667546,5,1.2078122,1.0992324
2021-11-01,2.577503791667546,10,1.0072325,1.1843188
2021-11-01,2.577503791667546,21,1.1167368,1.2064575
2021-11-02,-0.4265140631222408,1,0.0,-0.009197116
2021-11-02,-0.4265140631222408,3,0.6846234,0.79109514
2021-11-02,-0.4265140631222408,5,0.60049,0.94477046
2021-11-02,-0.4265140631222408,10,0.662709,1.0133595
2021-11-02,-0.4265140631222408,21,0.93705916,0.98586607
2021-11-04,0.9220920339972238,1,0.0,-0.014407713
2021-11-04,0.9220920339972238,3,0.6716386,0.84966975
2021-11-04,0.9220920339972238,5,0.61605835,0.9725643
2021-11-04,0.9220920339972238,10,0.6610164,1.0318025
2021-11-04,0.9220920339972238,21,0.97671634,1.0060616
2021-11-05,-0.6154246755880166,1,0.0,-0.0011074953
2021-11-05,-0.6154246755880166,3,0.16595726,0.6431007
2021-11-05,-0.6154246755880166,5,0.48545918,0.7491842
2021-11-05,-0.6154246755880166,10,0.59993577,0.8423667
2021-11-05,-0.6154246755880166,21,0.9411784,0.83360827
2021-11-08,-0.35359295672030555,1,0.0,0.0016978197
2021-11-08,-0.35359295672030555,3,0.16568235,0.67237824
2021-11-08,-0.35359295672030555,5,0.7326032,0.77603894
2021-11-08,-0.35359295672030555,10,0.59072584,0.87640446
2021-11-08,-0.35359295672030555,21,1.0459334,0.91004586
2021-11-09,-0.7538065190404453,1,0.0,-0.011677239
2021-11-09,-0.7538065190404453,3,0.6009848,0.74328953
2021-11-09,-0.7538065190404453,5,0.73600966,0.90159804
2021-11-09,-0.7538065190404453,10,0.5755731,0.99032164
2021-11-09,-0.7538065190404453,21,1.0990759,0.93331057
2021-11-10,-0.6120066557498305,1,0.0,-0.014183663
2021-11-10,-0.6120066557498305,3,0.72697806,0.8008024
2021-11-10,-0.6120066557498305,5,0.58157784,0.9299391
2021-11-10,-0.6120066557498305,10,0.7330046,0.9998927
2021-11-10,-0.6120066557498305,21,1.0927373,0.9472182
2021-11-11,0.5860465069670084,1,0.0,-0.0050082393
2021-11-11,0.5860465069670084,3,0.26135072,0.7128792
2021-11-11,0.5860465069670084,5,0.5141747,0.8259148
2021-11-11,0.5860465069670084,10,0.72571087,0.91035813
2021-11-11,0.5860465069670084,21,1.1048442,0.89473337
2021-11-12,1.1279575044772727,1,0.0,-0.0012946837
2021-11-12,1.1279575044772727,3,0.41836622,0.7576864
2021-11-12,1.1279575044772727,5,0.5683568,0.8594728
2021-11-12,1.1279575044772727,10,1.0660182,0.93623537
2021-11-12,1.1279575044772727,21,1.1088862,0.93290895
2021-11-15,0.5618440363518218,1,0.0,0.003039278
2021-11-15,0.5618440363518218,3,0.39394802,0.6169943
2021-11-15,0.5618440363518218,5,0.39612293,0.69575095
2021-11-15,0.5618440363518218,10,1.0493416,0.7960187
2021-11-15,0.5618440363518218,21,1.0807232,0.83047074
2021-11-16,0.10512177342896223,1,0.0,-0.0075991005
2021-11-16,0.10512177342896223,3,0.2196075,0.796053
2021-11-16,0.10512177342896223,5,0.3224355,0.91018015
2021-11-16,0.10512177342896223,10,1.0438919,0.957835
2021-11-16,0.10512177342896223,21,1.0697111,0.8798595
2021-11-17,-0.4026768855505125,1,0.0,-0.015633654
2021-11-17,-0.4026768855505125,3,0.40216762,0.7614409
2021-11-17,-0.4026768855505125,5,0.7030364,0.8724248
2021-11-17,-0.4026768855505125,10,1.0703077,0.95731527
2021-11-17,-0.4026768855505125,21,1.1779537,0.9671192
2021-11-18,-0.3024946616317692,1,0.0,-0.014756117
2021-11-18,-0.3024946616317692,3,0.3260333,0.7728642
2021-11-18,-0.3024946616317692,5,0.807435,0.903422
2021-11-18,-0.3024946616317692,10,1.067179,0.94916195
2021-11-18,-0.3024946616317692,21,1.2308085,0.93762356
2021-11-19,0.496117462081358,1,0.0,-0.0052962042
2021-11-19,0.496117462081358,3,0.9066261,0.79397714
2021-11-19,0.496117462081358,5,1.277043,0.94976157
2021-11-19,0.496117462081358,10,1.1770008,1.0063688
2021-11-19,0.496117462081358,21,1.3001792,0.9876232
2021-11-22,0.09489330204210944,1,0.0,-0.00069090724
2021-11-22,0.09489330204210944,3,0.96137947,0.66653913
2021-11-22,0.09489330204210944,5,1.2003546,0.76731855
2021-11-22,0.09489330204210944,10,1.1281849,0.84537816
2021-11-22,0.09489330204210944,21,1.3838155,0.80402493
2021-11-24,-1.5960900737674422,1,0.0,-0.007792026
2021-11-24,-1.5960900737674422,3,1.3558003,0.72385174
2021-11-24,-1.5960900737674422,5,1.0760926,0.8492482
2021-11-24,-1.5960900737674422,10,1.3475147,0.90146893
2021-11-24,-1.5960900737674422,21,1.3845025,0.9025725
2021-11-25,0.6687530215405246,1,0.0,-0.01803599
2021-11-25,0.6687530215405246,3,1.3606126,0.78567594
2021-11-25,0.6687530215405246,5,1.2683405,0.90572035
2021-11-25,0.6687530215405246,10,1.3938582,0.9766537
2021-11-25,0.6687530215405246,21,1.3638722,0.9402986
2021-11-26,-2.567174884058865,1,0.0,-0.0066595487
2021-11-26,-2.567174884058865,3,0.43530208,0.68018323
2021-11-26,-2.567174884058865,5,1.0144523,0.7997688
2021-11-26,-2.567174884058865,10,1.3684282,0.8367936
2021-11-26,-2.567174884058865,21,1.3535545,0.83619046
2021-11-29,-1.6400641070772437,1,0.0,-0.015099805
2021-11-29,-1.6400641070772437,3,0.9674177,0.8628648
2021-11-29,-1.6400641070772437,5,1.0664097,1.0076848
2021-11-29,-1.6400641070772437,10,1.1719613,1.0692837
2021-11-29,-1.6400641070772437,21,1.2402991,1.0515659
2021-11-30,-1.6475002612546419,1,0.0,-0.020576421
2021-11-30,-1.6475002612546419,3,0.83948416,0.9183172
2021-11-30,-1.6475002612546419,5,0.9057229,1.0941095
2021-11-30,-1.6475002612546419,10,1.0729963,1.1486696
2021-11-30,-1.6475002612546419,21,1.2171681,1.0785066
2021-12-01,0.40841063729057936,1,0.0,-0.017245162
2021-12-01,0.40841063729057936,3,0.6809971,0.83851105
2021-12-01,0.40841063729057936,5,0.91710985,0.97369194
2021-12-01,0.40841063729057936,10,0.9494572,1.0166699
2021-12-01,0.40841063729057936,21,1.1623169,1.0073322
2021-12-02,-0.6545302986172175,1,0.0,-0.017505996
2021-12-02,-0.6545302986172175,3,0.7169857,0.87130874
2021-12-02,-0.6545302986172175,5,0.9928393,1.0552036
2021-12-02,-0.6545302986172175,10,0.94779736,1.135704
2021-12-02,-0.6545302986172175,21,1.1675452,1.047474
2021-12-03,0.9902792205819466,1,0.0,-0.016246822
2021-12-03,0.9902792205819466,3,0.920841,0.87715566
2021-12-03,0.9902792205819466,5,0.9457744,1.0253217
2021-12-03,0.9902792205819466,10,1.0588553,1.05732
2021-12-03,0.9902792205819466,21,1.201431,0.96476054
2021-12-06,-0.3652854731369004,1,0.0,-0.009986304
2021-12-06,-0.3652854731369004,3,0.9654489,0.7978825
2021-12-06,-0.3652854731369004,5,1.136433,0.90530175
2021-12-06,-0.3652854731369004,10,1.2369977,0.99449867
2021-12-06,-0.3652854731369004,21,1.1905036,0.96031976
2021-12-07,1.8737783260188934,1,0.0,-0.0011477247
2021-12-07,1.8737783260188934,3,1.0136251,0.6969704
2021-12-07,1.8737783260188934,5,1.0931687,0.8073564
2021-12-07,1.8737783260188934,10,1.418945,0.9066947
2021-12-07,1.8737783260188934,21,1.361973,0.9194341
2021-12-08,1.4133042329316226,1,0.0,0.00508656
2021-12-08,1.4133042329316226,3,1.0375752,0.7352016
2021-12-08,1.4133042329316226,5,0.9235558,0.7964869
2021-12-08,1.4133042329316226,10,1.4435153,0.9432789
2021-12-08,1.4133042329316226,21,1.3026005,0.953137
2021-12-09,-0.4693796227389413,1,0.0,-0.00898204
2021-12-09,-0.4693796227389413,3,0.7171065,0.78336364
2021-12-09,-0.4693796227389413,5,0.61422676,0.9074066
2021-12-09,-0.4693796227389413,10,1.3697113,1.0388676
2021-12-09,-0.4693796227389413,21,1.2763945,1.0195223
2021-12-10,-1.0066035444097565,1,0.0,-0.0026852936
2021-12-10,-1.0066035444097565,3,0.75241184,0.75357455
2021-12-10,-1.0066035444097565,5,1.1159872,0.84879214
2021-12-10,-1.0066035444097565,10,1.3899783,0.96789056
2021-12-10,-1.0066035444097565,21,1.342773,0.9871776
2021-12-13,0.7103284379750718,1,0.0,-0.011733219
2021-12-13,0.7103284379750718,3,0.58939546,0.84969
2021-12-13,0.7103284379750718,5,1.3213909,0.98008364
2021-12-13,0.7103284379750718,10,1.3480101,1.0763963
2021-12-13,0.7103284379750718,21,1.3413398,1.0721055
2021-12-14,-0.7283656079192014,1,0.0,0.0010282844
2021-12-14,-0.7283656079192014,3,1.1918536,0.67393047
2021-12-14,-0.7283656079192014,5,1.5266619,0.79599476
2021-12-14,-0.7283656079192014,10,1.3396602,0.92887956
2021-12-14,-0.7283656079192014,21,1.3589889,0.91701424
2021-12-15,0.09519759608487277,1,0.0,0.007600259
2021-12-15,0.09519759608487277,3,1.5991141,0.65196383
2021-12-15,0.09519759608487277,5,1.8197923,0.7576113
2021-12-15,0.09519759608487277,10,1.3703176,0.877604
2021-12-15,0.09519759608487277,21,1.3619751,0.9098784
2021-12-16,2.1090347371833573,1,0.0,3.4276396e-05
2021-12-16,2.1090347371833573,3,1.9327083,0.6384794
2021-12-16,2.1090347371833573,5,1.8201954,0.73508036
2021-12-16,2.1090347371833573,10,1.3902938,0.8668283
2021-12-16,2.1090347371833573,21,1.3627636,0.8402479
2021-12-17,-1.8074526100972932,1,0.0,-0.0032772608
2021-12-17,-1.8074526100972932,3,1.9068391,0.656871
2021-12-17,-1.8074526100972932,5,1.590588,0.7685566
2021-12-17,-1.8074526100972932,10,1.232617,0.89198166
2021-12-17,-1.8074526100972932,21,1.3988421,0.9295681
2021-12-20,-2.1524612136678556,1,0.0,-0.0044522434
2021-12-20,-2.1524612136678556,3,1.7200166,0.6736894
2021-12-20,-2.1524612136678556,5,1.3726537,0.8273749
2021-12-20,-2.1524612136678556,10,1.2007132,0.9418319
2021-12-20,-2.1524612136678556,21,1.3838562,0.9782546
2021-12-21,2.054009630890974,1,0.0,-0.022143375
2021-12-21,2.054009630890974,3,0.7860211,0.97838026
2021-12-21,2.054009630890974,5,0.86010754,1.1573013
2021-12-21,2.054009630890974,10,0.9003434,1.1790404
2021-12-21,2.054009630890974,21,1.3211986,1.2072755
2021-12-22,0.15634638603732043,1,0.0,-0.0100019835
2021-12-22,0.15634638603732043,3,0.37429333,0.96292114
2021-12-22,0.15634638603732043,5,0.6257637,1.1272417
2021-12-22,0.15634638603732043,10,1.2160667,1.2386396
2021-12-22,0.15634638603732043,21,1.2359661,1.3218309
2021-12-23,0.8234210223793781,1,0.0,-0.014134977
2021-12-23,0.8234210223793781,3,0.504766,0.89822996
2021-12-23,0.8234210223793781,5,0.7339002,1.0464786
2021-12-23,0.8234210223793781,10,1.214796,1.1113751
2021-12-23,0.8234210223793781,21,1.2744865,1.1264008
2021-12-24,-0.05480734447065316,1,0.0,-0.011366736
2021-12-24,-0.05480734447065316,3,0.75220174,0.81550515
2021-12-24,-0.05480734447065316,5,0.70171994,0.96458095
2021-12-24,-0.05480734447065316,10,1.2039822,1.0277514
2021-12-24,-0.05480734447065316,21,1.2522873,0.9754453
2021-12-27,-0.36940751890224277,1,0.0,-0.009004738
2021-12-27,-0.36940751890224277,3,0.8636928,0.7482524
2021-12-27,-0.36940751890224277,5,0.9903355,0.8196271
2021-12-27,-0.36940751890224277,10,1.3614178,0.8725399
2021-12-27,-0.36940751890224277,21,1.3900754,0.78195333
2021-12-28,1.360121391640412,1,0.0,-0.008205842
2021-12-28,1.360121391640412,3,0.8696878,0.7007881
2021-12-28,1.360121391640412,5,0.93756,0.77224606
2021-12-28,1.360121391640412,10,1.3888342,0.84085494
2021-12-28,1.360121391640412,21,1.4904147,0.79927754
2021-12-29,-0.559816496069665,1,0.0,-0.009998821
2021-12-29,-0.559816496069665,3,1.0559185,0.81828815
2021-12-29,-0.559816496069665,5,1.50209,0.8708591
2021-12-29,-0.559816496069665,10,1.3435421,0.9472715
2021-12-29,-0.559816496069665,21,1.4754249,0.8988968
2021-12-30,-0.3992127753704722,1,0.0,-0.006160453
2021-12-30,-0.3992127753704722,3,0.92068774,0.87856597
2021-12-30,-0.3992127753704722,5,1.5059471,0.9741181
2021-12-30,-0.3992127753704722,10,1.3775942,1.1045651
2021-12-30,-0.3992127753704722,21,1.4806584,1.0604471
2022-01-04,1.756104326733876,1,0.0,-0.014576554
2022-01-04,1.756104326733876,3,1.9364452,0.7886101
2022-01-04,1.756104326733876,5,1.5260478,0.9309008
2022-01-04,1.756104326733876,10,1.376271,1.0498374
2022-01-04,1.756104326733876,21,1.5390239,0.98937345
2022-01-05,0.10359560244843635,1,0.0,-0.009531498
2022-01-05,0.10359560244843635,3,1.3946173,0.89647335
2022-01-05,0.10359560244843635,5,1.5690675,1.0067773
2022-01-05,0.10359560244843635,10,1.416651,1.1548607
2022-01-05,0.10359560244843635,21,1.483474,1.2165037
2022-01-06,-2.92061778631858,1,0.0,-0.006191347
2022-01-06,-2.92061778631858,3,1.209582,0.8261584
2022-01-06,-2.92061778631858,5,1.5629075,0.91966623
2022-01-06,-2.92061778631858,10,1.4993303,1.0423818
2022-01-06,-2.92061778631858,21,1.4983504,1.0519019
2022-01-07,-0.03268098030346778,1,0.0,-0.015883375
2022-01-07,-0.03268098030346778,3,1.174342,1.0395
2022-01-07,-0.03268098030346778,5,1.1589302,1.2266057
2022-01-07,-0.03268098030346778,10,1.2871091,1.3166261
2022-01-07,-0.03268098030346778,21,1.3849624,1.3086542
2022-01-11,-0.9032702562802086,1,0.0,-0.0074800476
2022-01-11,-0.9032702562802086,3,1.3394893,0.8619519
2022-01-11,-0.9032702562802086,5,1.2281532,0.9920319
2022-01-11,-0.9032702562802086,10,1.2962855,1.0918038
2022-01-11,-0.9032702562802086,21,1.3864051,1.0966793
2022-01-12,1.9063479926556326,1,0.0,-0.008463759
2022-01-12,1.9063479926556326,3,1.4362134,0.82615465
2022-01-12,1.9063479926556326,5,1.170271,0.95202667
2022-01-12,1.9063479926556326,10,1.3502594,1.0979476
2022-01-12,1.9063479926556326,21,1.4028678,1.1049043
2022-01-13,-0.9659678856499099,1,0.0,-0.011552207
2022-01-13,-0.9659678856499099,3,0.89071953,0.81341904
2022-01-13,-0.9659678856499099,5,1.1824217,0.9464245
2022-01-13,-0.9659678856499099,10,1.1130755,1.0738392
2022-01-13,-0.9659678856499099,21,1.3352432,1.0917941
2022-01-14,-1.2889405981770352,1,0.0,-0.011255406
2022-01-14,-1.2889405981770352,3,0.82881635,0.9495868
2022-01-14,-1.2889405981770352,5,1.4319788,1.1341368
2022-01-14,-1.2889405981770352,10,1.3495815,1.2819585
2022-01-14,-1.2889405981770352,21,1.3978239,1.288294
2022-01-17,0.7412304295531413,1,0.0,-0.016654253
2022-01-17,0.7412304295531413,3,1.5055633,1.2793941
2022-01-17,0.7412304295531413,5,1.398112,1.532697
2022-01-17,0.7412304295531413,10,1.5939221,1.6341987
2022-01-17,0.7412304295531413,21,1.3840892,1.5577868
2022-01-18,-0.26954776568821615,1,0.0,-0.019860584
2022-01-18,-0.26954776568821615,3,1.6337451,1.0701538
2022-01-18,-0.26954776568821615,5,1.326466,1.2723145
2022-01-18,-0.26954776568821615,10,1.621613,1.4063656
2022-01-18,-0.26954776568821615,21,1.4640912,1.4418129
2022-01-19,-2.8356387023382723,1,0.0,-0.016992312
2022-01-19,-2.8356387023382723,3,1.609622,0.92217654
2022-01-19,-2.8356387023382723,5,1.3877618,1.0977798
2022-01-19,-2.8356387023382723,10,1.6372235,1.1695263
2022-01-19,-2.8356387023382723,21,1.4711787,1.1950957
2022-01-20,1.106811923215112,1,0.0,-0.011836726
2022-01-20,1.106811923215112,3,0.82463855,1.0865276
2022-01-20,1.106811923215112,5,0.95198536,1.3298322
2022-01-20,1.106811923215112,10,1.5281408,1.3972502
2022-01-20,1.106811923215112,21,1.3478411,1.3637626
2022-01-21,-0.9066670773178132,1,0.0,-0.0088596195
2022-01-21,-0.9066670773178132,3,0.7851152,1.0237932
2022-01-21,-0.9066670773178132,5,1.1667504,1.2300901
2022-01-21,-0.9066670773178132,10,1.513222,1.3458805
2022-01-21,-0.9066670773178132,21,1.3298585,1.2203912
2022-01-24,0.23991526869551194,1,0.0,-0.010479998
2022-01-24,0.23991526869551194,3,0.7903818,0.9625895
2022-01-24,0.23991526869551194,5,1.7645158,1.2146595
2022-01-24,0.23991526869551194,10,1.5155531,1.2961953
2022-01-24,0.23991526869551194,21,1.3632401,1.2894052
2022-01-25,-1.6704764448194354,1,0.0,-0.011820231
2022-01-25,-1.6704764448194354,3,1.1121196,0.9960753
2022-01-25,-1.6704764448194354,5,1.8693329,1.226934
2022-01-25,-1.6704764448194354,10,1.5249792,1.3201139
2022-01-25,-1.6704764448194354,21,1.4027287,1.2899519
2022-01-26,-0.4433101002884854,1,0.0,-0.021154251
2022-01-26,-0.4433101002884854,3,2.1364663,1.0759271
2022-01-26,-0.4433101002884854,5,1.7707117,1.3126444
2022-01-26,-0.4433101002884854,10,1.435404,1.3539517
2022-01-26,-0.4433101002884854,21,1.4425997,1.3281885
2022-01-27,-3.1631200669648862,1,0.0,-0.01293638
2022-01-27,-3.1631200669648862,3,2.2662556,0.91128683
2022-01-27,-3.1631200669648862,5,1.8725821,1.0869875
2022-01-27,-3.1631200669648862,10,1.454797,1.1281548
2022-01-27,-3.1631200669648862,21,1.4420676,1.0764422
2022-01-28,2.068757712973479,1,0.0,-0.01986966
2022-01-28,2.068757712973479,3,0.7311196,1.0736165
2022-01-28,2.068757712973479,5,1.111978,1.2764194
2022-01-28,2.068757712973479,10,0.9251321,1.3411238
2022-01-28,2.068757712973479,21,1.2897453,1.3062787
2022-01-31,1.0597427042283059,1,0.0,-0.012477245
2022-01-31,1.0597427042283059,3,0.5663747,0.9155037
2022-01-31,1.0597427042283059,5,0.91910225,1.0943196
2022-01-31,1.0597427042283059,10,1.1124669,1.1833119
2022-01-31,1.0597427042283059,21,1.2680948,1.1547322
2022-02-01,0.282911978555056,1,0.0,-0.015036259
2022-02-01,0.282911978555056,3,1.1161873,1.0189452
2022-02-01,0.282911978555056,5,0.9846923,1.2605386
2022-02-01,0.282911978555056,10,1.0972787,1.3251691
2022-02-01,0.282911978555056,21,1.2551143,1.2848238
2022-02-02,1.666772906044045,1,0.0,-0.013853382
2022-02-02,1.666772906044045,3,1.1341578,0.9098311
2022-02-02,1.666772906044045,5,0.98345494,1.05658
2022-02-02,1.666772906044045,10,1.288094,1.1238997
2022-02-02,1.666772906044045,21,1.3342336,1.1172795
2022-02-03,-1.067247161196505,1,0.0,-0.014730997
2022-02-03,-1.067247161196505,3,0.7736105,0.87882835
2022-02-03,-1.067247161196505,5,0.81563103,1.0052541
2022-02-03,-1.067247161196505,10,1.207541,1.074264
2022-02-03,-1.067247161196505,21,1.3914223,1.0770313
2022-02-04,0.7266855724729737,1,0.0,-0.015376598
2022-02-04,0.7266855724729737,3,0.58461225,0.9295817
2022-02-04,0.7266855724729737,5,0.6035678,1.058559
2022-02-04,0.7266855724729737,10,1.1709019,1.1793363
2022-02-04,0.7266855724729737,21,1.4127766,1.111374
2022-02-07,-0.6989426145976196,1,0.0,-0.0038118847
2022-02-07,-0.6989426145976196,3,0.7254057,1.0778658
2022-02-07,-0.6989426145976196,5,1.1453636,1.2543766
2022-02-07,-0.6989426145976196,10,1.159021,1.4202359
2022-02-07,-0.6989426145976196,21,1.3888357,1.5139997
2022-02-08,0.13074703982969282,1,0.0,-0.0064097457
2022-02-08,0.13074703982969282,3,0.39571077,1.1151481
2022-02-08,0.13074703982969282,5,1.1532595,1.3387315
2022-02-08,0.13074703982969282,10,1.2420412,1.4498731
2022-02-08,0.13074703982969282,21,1.6685919,1.4275252
2022-02-09,1.0766636414174968,1,0.0,-0.012696687
2022-02-09,1.0766636414174968,3,1.4391903,1.0218434
2022-02-09,1.0766636414174968,5,1.5332718,1.250571
2022-02-09,1.0766636414174968,10,1.31141,1.3387877
2022-02-09,1.0766636414174968,21,1.7083594,1.2961277
2022-02-10,0.4204762120240346,1,0.0,-0.00043172762
2022-02-10,0.4204762120240346,3,1.0921254,0.8912743
2022-02-10,0.4204762120240346,5,1.4865822,1.0263016
2022-02-10,0.4204762120240346,10,1.4326724,1.1302173
2022-02-10,0.4204762120240346,21,1.6911638,1.1130801
2022-02-14,-2.251058791976668,1,0.0,-0.010209676
2022-02-14,-2.251058791976668,3,1.8491204,0.90440345
2022-02-14,-2.251058791976668,5,1.4479253,1.1254249
2022-02-14,-2.251058791976668,10,1.4209552,1.2207184
2022-02-14,-2.251058791976668,21,1.6858569,1.24043
2022-02-15,-0.794892563592775,1,0.0,-0.008403856
2022-02-15,-0.794892563592775,3,1.416568,1.001515
2022-02-15,-0.794892563592775,5,1.1683675,1.1777871
2022-02-15,-0.794892563592775,10,1.3537999,1.2686882
2022-02-15,-0.794892563592775,21,1.6877567,1.2845094
2022-02-16,2.1913604902611183,1,0.0,-0.012544747
2022-02-16,2.1913604902611183,3,1.3364968,1.0557766
2022-02-16,2.1913604902611183,5,1.324737,1.2550986
2022-02-16,2.1913604902611183,10,1.4260758,1.3218529
2022-02-16,2.1913604902611183,21,1.8503492,1.3460602
2022-02-17,-0.832031306846126,1,0.0,-0.0093961805
2022-02-17,-0.832031306846126,3,0.1893034,0.909464
2022-02-17,-0.832031306846126,5,0.5612309,1.0706044
2022-02-17,-0.832031306846126,10,1.235501,1.1796345
2022-02-17,-0.832031306846126,21,1.7901136,1.2152525
2022-02-18,-0.4076868917675114,1,0.0,-0.017713774
2022-02-18,-0.4076868917675114,3,0.55603343,1.1794926
2022-02-18,-0.4076868917675114,5,1.3590764,1.3295815
2022-02-18,-0.4076868917675114,10,1.3606412,1.392371
2022-02-18,-0.4076868917675114,21,1.8128606,1.4290541
2022-02-21,-0.7817536844072492,1,0.0,-0.011830177
2022-02-21,-0.7817536844072492,3,0.47125363,0.9283352
2022-02-21,-0.7817536844072492,5,1.3933511,1.0562738
2022-02-21,-0.7817536844072492,10,1.5547922,1.1324933
2022-02-21,-0.7817536844072492,21,1.9154125,1.1221238
2022-02-22,-1.7288872506689756,1,0.0,-0.016477294
2022-02-22,-1.7288872506689756,3,1.7475888,1.0498707
2022-02-22,-1.7288872506689756,5,1.5157819,1.2262812
2022-02-22,-1.7288872506689756,10,1.5834233,1.3415301
2022-02-22,-1.7288872506689756,21,1.9038618,1.3557996
2022-02-24,-1.8267777661227669,1,0.0,-0.01602894
2022-02-24,-1.8267777661227669,3,1.5344434,1.0046834
2022-02-24,-1.8267777661227669,5,1.5087358,1.1552796
2022-02-24,-1.8267777661227669,10,1.5593749,1.2694818
2022-02-24,-1.8267777661227669,21,1.8542928,1.2412791
2022-02-25,1.9283935003281627,1,0.0,-0.018455382
2022-02-25,1.9283935003281627,3,0.71247554,1.0807724
2022-02-25,1.9283935003281627,5,1.2224371,1.3017813
2022-02-25,1.9283935003281627,10,2.0087793,1.4075502
2022-02-25,1.9283935003281627,21,1.808755,1.3905708
2022-02-28,0.1898761335011656,1,0.0,-0.011392817
2022-02-28,0.1898761335011656,3,1.1974329,0.8964645
2022-02-28,0.1898761335011656,5,1.3556367,1.047971
2022-02-28,0.1898761335011656,10,1.9613105,1.2272437
2022-02-28,0.1898761335011656,21,1.7826778,1.2436742
2022-03-01,1.1912871323403351,1,0.0,-0.0144038685
2022-03-01,1.1912871323403351,3,1.261031,0.98080707
2022-03-01,1.1912871323403351,5,1.653322,1.1593823
2022-03-01,1.1912871323403351,10,1.9783542,1.2901503
2022-03-01,1.1912871323403351,21,1.7982328,1.3411728
2022-03-02,-1.6969246262657833,1,0.0,-0.016681977
2022-03-02,-1.6969246262657833,3,1.278896,0.9574937
2022-03-02,-1.6969246262657833,5,1.2357478,1.1169417
2022-03-02,-1.6969246262657833,10,1.9146214,1.2324662
2022-03-02,-1.6969246262657833,21,1.7976701,1.2533017
2022-03-03,0.6956388067262509,1,0.0,-0.012179282
2022-03-03,0.6956388067262509,3,1.5905067,0.9394586
2022-03-03,0.6956388067262509,5,1.3348942,1.1389766
2022-03-03,0.6956388067262509,10,1.9782554,1.3031502
2022-03-03,0.6956388067262509,21,1.7572975,1.3507472
2022-03-04,-2.251875885601251,1,0.0,-0.019844111
2022-03-04,-2.251875885601251,3,0.5178025,0.962333
2022-03-04,-2.251875885601251,5,2.434285,1.1665324
2022-03-04,-2.251875885601251,10,2.2535815,1.3028549
2022-03-04,-2.251875885601251,21,1.7541715,1.2870551
2022-03-07,-2.9844319534683805,1,0.0,-0.015208498
2022-03-07,-2.9844319534683805,3,1.0979679,0.96545464
2022-03-07,-2.9844319534683805,5,2.4123719,1.1662351
2022-03-07,-2.9844319534683805,10,2.1244452,1.2836907
2022-03-07,-2.9844319534683805,21,1.6663193,1.3044311
2022-03-08,-1.7214607475319,1,0.0,-0.009885274
2022-03-08,-1.7214607475319,3,2.368061,1.010962
2022-03-08,-1.7214607475319,5,2.1245213,1.1655538
2022-03-08,-1.7214607475319,10,1.8319024,1.3138726
2022-03-08,-1.7214607475319,21,1.5574334,1.3610791
2022-03-09,-0.29659556463279557,1,0.0,-0.026205506
2022-03-09,-0.29659556463279557,3,2.4872134,1.1371843
2022-03-09,-0.29659556463279557,5,1.9323022,1.340929
2022-03-09,-0.29659556463279557,10,1.7317206,1.4215912
2022-03-09,-0.29659556463279557,21,1.5562243,1.4297367
2022-03-10,3.8604716409492923,1,0.0,0.004722383
2022-03-10,3.8604716409492923,3,2.4278338,1.2245721
2022-03-10,3.8604716409492923,5,1.9381163,1.4320506
2022-03-10,3.8604716409492923,10,1.6907555,1.5869813
2022-03-10,3.8604716409492923,21,1.5487568,1.6381371
2022-03-11,-2.0751505835390205,1,0.0,-0.013701819
2022-03-11,-2.0751505835390205,3,1.1625423,1.1020097
2022-03-11,-2.0751505835390205,5,1.7975755,1.3181391
2022-03-11,-2.0751505835390205,10,1.4795057,1.4325076
2022-03-11,-2.0751505835390205,21,1.3562536,1.4170837
2022-03-14,0.5748718221441962,1,0.0,-0.0051831454
2022-03-14,0.5748718221441962,3,0.6195777,1.1949797
2022-03-14,0.5748718221441962,5,1.1640149,1.3823644
2022-03-14,0.5748718221441962,10,1.2446216,1.5072192
2022-03-14,0.5748718221441962,21,1.3375479,1.565684
2022-03-15,0.15252740211888494,1,0.0,-0.008698799
2022-03-15,0.15252740211888494,3,1.3275245,1.1313372
2022-03-15,0.15252740211888494,5,1.109157,1.3288624
2022-03-15,0.15252740211888494,10,1.2345756,1.4596248
2022-03-15,0.15252740211888494,21,1.384123,1.5022973
2022-03-16,1.6261034171026978,1,0.0,-0.0019809678
2022-03-16,1.6261034171026978,3,1.137185,1.0220312
2022-03-16,1.6261034171026978,5,1.0103847,1.2093737
2022-03-16,1.6261034171026978,10,1.336609,1.3250449
2022-03-16,1.6261034171026978,21,1.3979111,1.3556678
2022-03-17,3.39966939139682,1,0.0,-0.02186558
2022-03-17,3.39966939139682,3,1.1519139,1.1824605
2022-03-17,3.39966939139682,5,1.2411957,1.3541526
2022-03-17,3.39966939139682,10,1.4127128,1.4553089
2022-03-17,3.39966939139682,21,1.3727267,1.4160308
2022-03-18,0.6527248945621622,1,0.0,-0.015723977
2022-03-18,0.6527248945621622,3,0.9524861,1.0425727
2022-03-18,0.6527248945621622,5,1.040564,1.2015191
2022-03-18,0.6527248945621622,10,1.1505007,1.353091
2022-03-18,0.6527248945621622,21,1.2030663,1.3530685
2022-03-22,1.4678094880970605,1,0.0,-0.0061563104
2022-03-22,1.4678094880970605,3,1.1054368,1.0082794
2022-03-22,1.4678094880970605,5,1.278591,1.2314256
2022-03-22,1.4678094880970605,10,1.1470182,1.3934499
2022-03-22,1.4678094880970605,21,1.2039993,1.3534396
2022-03-23,2.953481907126587,1,0.0,0.0033147298
2022-03-23,2.953481907126587,3,1.3010432,1.0411181
2022-03-23,2.953481907126587,5,1.2490748,1.1824577
2022-03-23,2.953481907126587,10,1.0828959,1.2837248
2022-03-23,2.953481907126587,21,1.1759775,1.3224813
2022-03-24,0.2501507265566971,1,0.0,-0.0050290637
2022-03-24,0.2501507265566971,3,0.4404629,1.013305
2022-03-24,0.2501507265566971,5,0.7024303,1.112077
2022-03-24,0.2501507265566971,10,0.72964525,1.2063074
2022-03-24,0.2501507265566971,21,1.0158376,1.2185158
2022-03-25,0.14023840601673498,1,0.0,-0.0062993467
2022-03-25,0.14023840601673498,3,0.748315,1.009101
2022-03-25,0.14023840601673498,5,0.7395444,1.1193477
2022-03-25,0.14023840601673498,10,0.8249822,1.2824678
2022-03-25,0.14023840601673498,21,1.0647541,1.2991065
2022-03-28,-0.7343071763589393,1,0.0,-0.013014752
2022-03-28,-0.7343071763589393,3,0.8797216,0.97059786
2022-03-28,-0.7343071763589393,5,0.7268029,1.0872556
2022-03-28,-0.7343071763589393,10,0.8430817,1.2366743
2022-03-28,-0.7343071763589393,21,1.1243157,1.2970093
2022-03-29,1.0980521456373182,1,0.0,-0.0066508986
2022-03-29,1.0980521456373182,3,0.8803382,0.8569538
2022-03-29,1.0980521456373182,5,0.7289669,0.9732025
2022-03-29,1.0980521456373182,10,0.8393128,1.1481239
2022-03-29,1.0980521456373182,21,1.1282874,1.1479598
2022-03-30,-0.8001863680156873,1,0.0,-0.010976743
2022-03-30,-0.8001863680156873,3,0.10152792,0.8921
2022-03-30,-0.8001863680156873,5,0.45764396,1.0181935
2022-03-30,-0.8001863680156873,10,0.7701354,1.1692486
2022-03-30,-0.8001863680156873,21,1.1059829,1.1812918
2022-03-31,-0.7370675383853609,1,0.0,-0.012711335
2022-03-31,-0.7370675383853609,3,0.43182272,0.9425265
2022-03-31,-0.7370675383853609,5,0.67547,1.0502176
2022-03-31,-0.7370675383853609,10,1.0966171,1.1908829
2022-03-31,-0.7370675383853609,21,1.1830738,1.2063082
2022-04-01,-0.5603059324508664,1,0.0,-0.008238796
2022-04-01,-0.5603059324508664,3,0.36891574,0.8340802
2022-04-01,-0.5603059324508664,5,0.8373998,0.96337706
2022-04-01,-0.5603059324508664,10,1.1944184,1.0993748
2022-04-01,-0.5603059324508664,21,1.1771606,1.0613867
2022-04-04,0.25446625887894925,1,0.0,-0.00049305335
2022-04-04,0.25446625887894925,3,0.85257864,1.0249598
2022-04-04,0.25446625887894925,5,0.9391043,1.1358373
2022-04-04,0.25446625887894925,10,1.1898307,1.2660655
2022-04-04,0.25446625887894925,21,1.1876513,1.3052772
2022-04-05,0.18553908886840276,1,0.0,-0.008036405
2022-04-05,0.18553908886840276,3,0.8642544,0.9365646
2022-04-05,0.18553908886840276,5,0.861004,1.0992002
2022-04-05,0.18553908886840276,10,1.205641,1.2547333
2022-04-05,0.18553908886840276,21,1.2930734,1.2678862
2022-04-06,-1.5876043670234097,1,0.0,0.015624408
2022-04-06,-1.5876043670234097,3,0.94683385,1.0968435
2022-04-06,-1.5876043670234097,5,0.8372891,1.2342789
2022-04-06,-1.5876043670234097,10,1.236821,1.3503172
2022-04-06,-1.5876043670234097,21,1.291079,1.4334086
2022-04-07,-1.7026225425759378,1,0.0,-0.0090697
2022-04-07,-1.7026225425759378,3,0.8429291,0.9587595
2022-04-07,-1.7026225425759378,5,1.3936558,1.1333086
2022-04-07,-1.7026225425759378,10,1.1979334,1.3014864
2022-04-07,-1.7026225425759378,21,1.2607201,1.3106167
2022-04-08,0.36095298132163833,1,0.0,0.010046244
2022-04-08,0.36095298132163833,3,0.89662904,0.9794716
2022-04-08,0.36095298132163833,5,1.3245229,1.1567144
2022-04-08,0.36095298132163833,10,1.1125401,1.2397246
2022-04-08,0.36095298132163833,21,1.2657695,1.2767195
2022-04-11,-0.6106297786500292,1,0.0,-0.02020384
2022-04-11,-0.6106297786500292,3,1.5587038,0.9943285
2022-04-11,-0.6106297786500292,5,1.3352333,1.1516595
2022-04-11,-0.6106297786500292,10,1.2453341,1.2687612
2022-04-11,-0.6106297786500292,21,1.3968377,1.2447377
2022-04-12,-1.8306421605785772,1,0.0,-0.006359834
2022-04-12,-1.8306421605785772,3,1.6254979,1.0150936
2022-04-12,-1.8306421605785772,5,1.3969822,1.1667218
2022-04-12,-1.8306421605785772,10,1.3694115,1.277705
2022-04-12,-1.8306421605785772,21,1.3966326,1.3189443
2022-04-13,1.9125230898787038,1,0.0,-0.010480709
2022-04-13,1.9125230898787038,3,0.9194402,0.9364715
2022-04-13,1.9125230898787038,5,1.0671144,1.0949013
2022-04-13,1.9125230898787038,10,1.2431828,1.2271435
2022-04-13,1.9125230898787038,21,1.3410956,1.249887
2022-04-14,1.216368914128907,1,0.0,-0.0050694607
2022-04-14,1.216368914128907,3,0.95590144,0.90545315
2022-04-14,1.216368914128907,5,0.84608626,1.0506144
2022-04-14,1.216368914128907,10,1.1439855,1.2153994
2022-04-14,1.216368914128907,21,1.292125,1.2932557
2022-04-15,-0.29046467202782367,1,0.0,-0.010153778
2022-04-15,-0.29046467202782367,3,0.72731024,0.90855515
2022-04-15,-0.29046467202782367,5,0.8477985,0.99718326
2022-04-15,-0.29046467202782367,10,1.2149689,1.1195688
2022-04-15,-0.29046467202782367,21,1.3242995,1.1581246
2022-04-18,-1.0891283064312418,1,0.0,-0.0010032766
2022-04-18,-1.0891283064312418,3,0.88105375,0.9724236
2022-04-18,-1.0891283064312418,5,1.1473358,1.0938792
2022-04-18,-1.0891283064312418,10,1.213642,1.2459322
2022-04-18,-1.0891283064312418,21,1.356745,1.3060213
2022-04-19,0.689338391656058,1,0.0,-0.017661616
2022-04-19,0.689338391656058,3,0.22312033,0.9188249
2022-04-19,0.689338391656058,5,1.3376021,1.0428017
2022-04-19,0.689338391656058,10,1.1858424,1.1235597
2022-04-19,0.689338391656058,21,1.3536485,1.1602134
2022-04-20,0.8588508251262894,1,0.0,-0.000542257
2022-04-20,0.8588508251262894,3,1.2721499,0.7692359
2022-04-20,0.8588508251262894,5,1.3066097,0.8693246
2022-04-20,0.8588508251262894,10,1.4002572,1.0191712
2022-04-20,0.8588508251262894,21,1.3607268,1.0842948
2022-04-21,1.2240626347200134,1,0.0,-0.0010842197
2022-04-21,1.2240626347200134,3,1.4194653,0.78388435
2022-04-21,1.2240626347200134,5,1.224323,0.9145311
2022-04-21,1.2240626347200134,10,1.3520403,1.0806584
2022-04-21,1.2240626347200134,21,1.3462579,1.1243118
2022-04-22,-1.6385823713898517,1,0.0,-0.013806231
2022-04-22,-1.6385823713898517,3,1.0375394,0.9401373
2022-04-22,-1.6385823713898517,5,1.3841571,1.0448862
2022-04-22,-1.6385823713898517,10,1.2601581,1.2110995
2022-04-22,-1.6385823713898517,21,1.3137467,1.2234699
2022-04-25,-1.9163283627124272,1,0.0,-0.010176823
2022-04-25,-1.9163283627124272,3,0.9710414,0.8567103
2022-04-25,-1.9163283627124272,5,1.2668545,1.007323
2022-04-25,-1.9163283627124272,10,1.2745446,1.1444098
2022-04-25,-1.9163283627124272,21,1.2819965,1.1410388
2022-04-26,0.4103149121295502,1,0.0,-0.019668657
2022-04-26,0.4103149121295502,3,1.1913329,1.0134947
2022-04-26,0.4103149121295502,5,0.95672935,1.170558
2022-04-26,0.4103149121295502,10,1.4813511,1.2997236
2022-04-26,0.4103149121295502,21,1.2951585,1.2915381
2022-04-27,-1.1810186796596511,1,0.0,-0.013086807
2022-04-27,-1.1810186796596511,3,1.2034458,0.80158716
2022-04-27,-1.1810186796596511,5,1.4870789,0.93042606
2022-04-27,-1.1810186796596511,10,1.4826893,1.0435559
2022-04-27,-1.1810186796596511,21,1.2972934,0.9795233
2022-04-28,1.7330145112021356,1,0.0,-0.017844092
2022-04-28,1.7330145112021356,3,0.75446177,0.97869396
2022-04-28,1.7330145112021356,5,1.4333023,1.1555701
2022-04-28,1.7330145112021356,10,1.4385877,1.2340863
2022-04-28,1.7330145112021356,21,1.2693552,1.2415308
2022-05-02,-0.10945798650485727,1,0.0,-0.0029230304
2022-05-02,-0.10945798650485727,3,1.384876,0.8434297
2022-05-02,-0.10945798650485727,5,1.1221815,1.0030271
2022-05-02,-0.10945798650485727,10,1.3665199,1.1676517
2022-05-02,-0.10945798650485727,21,1.2229125,1.2146192
2022-05-06,0.6875689126312423,1,0.0,-0.00030053407
2022-05-06,0.6875689126312423,3,1.3392122,0.8361816
2022-05-06,0.6875689126312423,5,1.2095977,0.9823299
2022-05-06,0.6875689126312423,10,1.4852715,1.1025636
2022-05-06,0.6875689126312423,21,1.2463422,1.1634065
2022-05-09,-2.5664705198281013,1,0.0,-0.011231646
2022-05-09,-2.5664705198281013,3,1.1571221,0.8419456
2022-05-09,-2.5664705198281013,5,1.7889191,0.9810133
2022-05-09,-2.5664705198281013,10,1.527599,1.1154075
2022-05-09,-2.5664705198281013,21,1.2440007,1.0785359
2022-05-10,-0.5801142653581337,1,0.0,-0.013415497
2022-05-10,-0.5801142653581337,3,0.8101279,0.9978277
2022-05-10,-0.5801142653581337,5,1.4421272,1.165546
2022-05-10,-0.5801142653581337,10,1.309398,1.2586071
2022-05-10,-0.5801142653581337,21,1.0853784,1.2304251
2022-05-11,0.17770282613085442,1,0.0,-0.011242446
2022-05-11,0.17770282613085442,3,1.7963033,0.8892461
2022-05-11,0.17770282613085442,5,1.392423,1.0518742
2022-05-11,0.17770282613085442,10,1.3367901,1.1312832
2022-05-11,0.17770282613085442,21,1.0784974,1.1128649
2022-05-12,-1.7894965382351913,1,0.0,-0.009637762
2022-05-12,-1.7894965382351913,3,1.7931823,0.8406454
2022-05-12,-1.7894965382351913,5,1.4042968,0.991094
2022-05-12,-1.7894965382351913,10,1.344697,1.096117
2022-05-12,-1.7894965382351913,21,1.0799698,1.1439155
2022-05-13,2.6025880887729613,1,0.0,-0.008550245
2022-05-13,2.6025880887729613,3,1.0208313,0.86025554
2022-05-13,2.6025880887729613,5,1.4433111,0.9781795
2022-05-13,2.6025880887729613,10,1.1913457,1.1155735
2022-05-13,2.6025880887729613,21,1.0545535,1.1335342
2022-05-16,0.45078345011493326,1,0.0,-0.009631295
2022-05-16,0.45078345011493326,3,0.23669434,0.79918826
2022-05-16,0.45078345011493326,5,1.1160147,0.9054261
2022-05-16,0.45078345011493326,10,0.9354795,1.0094657
2022-05-16,0.45078345011493326,21,1.1661608,0.9879254
2022-05-17,0.423627752983613,1,0.0,-0.011922915
2022-05-17,0.423627752983613,3,1.2381221,0.97644275
2022-05-17,0.423627752983613,5,1.1555684,1.1084632
2022-05-17,0.423627752983613,10,1.118347,1.2040025
2022-05-17,0.423627752983613,21,1.2019643,1.170402
2022-05-18,0.9387590439720483,1,0.0,-0.010037683
2022-05-18,0.9387590439720483,3,1.4247571,0.90693325
2022-05-18,0.9387590439720483,5,1.2601976,1.0413847
2022-05-18,0.9387590439720483,10,1.1330163,1.1431645
2022-05-18,0.9387590439720483,21,1.2228839,1.2313906
2022-05-19,-1.9070953595912599,1,0.0,-0.02616107
2022-05-19,-1.9070953595912599,3,1.4323415,0.98705655
2022-05-19,-1.9070953595912599,5,1.1831075,1.135541
2022-05-19,-1.9070953595912599,10,1.1181935,1.3019171
2022-05-19,-1.9070953595912599,21,1.2071788,1.3557335
2022-05-20,1.2652695270855219,1,0.0,-0.0028857365
2022-05-20,1.2652695270855219,3,0.9800275,0.91754144
2022-05-20,1.2652695270855219,5,0.8333406,1.0728326
2022-05-20,1.2652695270855219,10,0.887955,1.1570483
2022-05-20,1.2652695270855219,21,1.1988101,1.1929153
2022-05-23,0.9768873878993389,1,0.0,-0.008658301
2022-05-23,0.9768873878993389,3,0.7947815,0.86537707
2022-05-23,0.9768873878993389,5,0.6958975,1.0366641
2022-05-23,0.9768873878993389,10,0.8874605,1.1315155
2022-05-23,0.9768873878993389,21,1.1673338,1.1644365
2022-05-24,-0.9428181775581024,1,0.0,-0.0010139607
2022-05-24,-0.9428181775581024,3,0.31786305,0.9025959
2022-05-24,-0.9428181775581024,5,1.0787464,1.0576406
2022-05-24,-0.9428181775581024,10,0.8676486,1.1864543
2022-05-24,-0.9428181775581024,21,1.2201201,1.2003593
2022-05-25,-0.2633173418788104,1,0.0,-0.015833605
2022-05-25,-0.2633173418788104,3,0.4389373,0.9088313
2022-05-25,-0.2633173418788104,5,0.9621582,1.0799456
2022-05-25,-0.2633173418788104,10,0.76456517,1.2108604
2022-05-25,-0.2633173418788104,21,1.2080944,1.2482123
2022-05-26,-0.273863991144907,1,0.0,-0.016498018
2022-05-26,-0.273863991144907,3,1.007121,0.89234793
2022-05-26,-0.273863991144907,5,0.90511435,1.0623102
2022-05-26,-0.273863991144907,10,0.74444634,1.1612982
2022-05-26,-0.273863991144907,21,1.2082219,1.2646494
2022-05-27,0.6624911759971042,1,0.0,-0.007350795
2022-05-27,0.6624911759971042,3,1.0274391,0.7909457
2022-05-27,0.6624911759971042,5,0.88470525,0.94056326
2022-05-27,0.6624911759971042,10,0.7140779,1.0473833
2022-05-27,0.6624911759971042,21,1.23887,1.0586264
2022-05-30,2.1708625686219563,1,0.0,0.0020835884
2022-05-30,2.1708625686219563,3,1.028114,0.9067907
2022-05-30,2.1708625686219563,5,0.92468375,1.0102316
2022-05-30,2.1708625686219563,10,0.9515946,1.1303114
2022-05-30,2.1708625686219563,21,1.2689725,1.194329
2022-05-31,-0.3280155487793479,1,0.0,4.027039e-06
2022-05-31,-0.3280155487793479,3,0.42738128,0.9896661
2022-05-31,-0.3280155487793479,5,0.57806325,1.0962999
2022-05-31,-0.3280155487793479,10,1.2218541,1.2344722
2022-05-31,-0.3280155487793479,21,1.1848211,1.2762791
2022-06-01,0.6507050902586187,1,0.0,-0.00950966
2022-06-01,0.6507050902586187,3,0.5819523,0.9369633
2022-06-01,0.6507050902586187,5,0.48943573,1.1192151
2022-06-01,0.6507050902586187,10,1.2734563,1.1682608
2022-06-01,0.6507050902586187,21,1.1975774,1.2127215
2022-06-02,-0.16040952887550475,1,0.0,-0.015677277
2022-06-02,-0.16040952887550475,3,0.5800147,0.86298543
2022-06-02,-0.16040952887550475,5,0.5375804,1.0140915
2022-06-02,-0.16040952887550475,10,1.2617031,1.0478364
2022-06-02,-0.16040952887550475,21,1.2245674,1.0388017
2022-06-03,1.2603215669571455,1,0.0,-0.014270101
2022-06-03,1.2603215669571455,3,0.47722515,0.8578977
2022-06-03,1.2603215669571455,5,0.48694018,0.96902484
2022-06-03,1.2603215669571455,10,1.2841657,1.0403751
2022-06-03,1.2603215669571455,21,1.2687354,1.0303131
2022-06-06,0.5543381651321511,1,0.0,-0.017156448
2022-06-06,0.5543381651321511,3,0.381019,0.99061775
2022-06-06,0.5543381651321511,5,0.8539221,1.1218057
2022-06-06,0.5543381651321511,10,1.2224131,1.2217913
2022-06-06,0.5543381651321511,21,1.2475754,1.1861614
2022-06-07,0.10046071090883402,1,0.0,-0.016611531
2022-06-07,0.10046071090883402,3,0.45397043,0.9825877
2022-06-07,0.10046071090883402,5,1.441262,1.1080341
2022-06-07,0.10046071090883402,10,1.1524603,1.1938026
2022-06-07,0.10046071090883402,21,1.2665576,1.1663107
2022-06-08,1.033647325674636,1,0.0,-0.006059978
2022-06-08,1.033647325674636,3,1.0452003,0.90992504
2022-06-08,1.033647325674636,5,1.4002281,0.97538424
2022-06-08,1.033647325674636,10,1.3809507,1.1822207
2022-06-08,1.033647325674636,21,1.2791492,1.2034733
2022-06-09,0.04334297881012361,1,0.0,-0.006970424
2022-06-09,0.04334297881012361,3,1.264395,0.8386662
2022-06-09,0.04334297881012361,5,0.9897346,0.913501
2022-06-09,0.04334297881012361,10,1.2721142,1.0447128
2022-06-09,0.04334297881012361,21,1.3034152,1.1383764
2022-06-10,-1.5061246776426174,1,0.0,-0.010870609
2022-06-10,-1.5061246776426174,3,0.7733834,0.78464395
2022-06-10,-1.5061246776426174,5,1.0975058,0.85852724
2022-06-10,-1.5061246776426174,10,1.2746899,0.963132
2022-06-10,-1.5061246776426174,21,1.3041974,0.9292731
2022-06-13,-3.053779419783531,1,0.0,-0.01482733
2022-06-13,-3.053779419783531,3,0.85822177,0.88271207
2022-06-13,-3.053779419783531,5,1.1122676,1.0554667
2022-06-13,-3.053779419783531,10,1.3740071,1.155291
2022-06-13,-3.053779419783531,21,1.307908,1.1437452
2022-06-14,-1.3338433209455047,1,0.0,-0.015266407
2022-06-14,-1.3338433209455047,3,0.7762093,1.0962703
2022-06-14,-1.3338433209455047,5,0.74087226,1.3443396
2022-06-14,-1.3338433209455047,10,1.1816663,1.3999736
2022-06-14,-1.3338433209455047,21,1.1986324,1.3868798
2022-06-15,-1.1469991551654957,1,0.0,-0.011779282
2022-06-15,-1.1469991551654957,3,0.9173525,1.0083908
2022-06-15,-1.1469991551654957,5,1.275466,1.1964638
2022-06-15,-1.1469991551654957,10,1.113341,1.2948167
2022-06-15,-1.1469991551654957,21,1.1741234,1.3098644
2022-06-16,0.39819734170531973,1,0.0,-0.010498479
2022-06-16,0.39819734170531973,3,0.89248496,1.1028585
2022-06-16,0.39819734170531973,5,1.2070794,1.3147206
2022-06-16,0.39819734170531973,10,1.0875077,1.3699353
2022-06-16,0.39819734170531973,21,1.153989,1.3870078
2022-06-17,-1.7872653416068474,1,0.0,-0.015210882
2022-06-17,-1.7872653416068474,3,1.5183975,0.9655168
2022-06-17,-1.7872653416068474,5,1.1856447,1.2001932
2022-06-17,-1.7872653416068474,10,1.1993604,1.2280289
2022-06-17,-1.7872653416068474,21,1.1564379,1.2041814
2022-06-20,-0.7414054865350295,1,0.0,-0.0090362765
2022-06-20,-0.7414054865350295,3,1.1331486,0.852149
2022-06-20,-0.7414054865350295,5,0.96951544,1.023469
2022-06-20,-0.7414054865350295,10,1.1936444,1.1417496
2022-06-20,-0.7414054865350295,21,1.0848049,1.1467352
2022-06-21,1.8267035866816883,1,0.0,-0.010162335
2022-06-21,1.8267035866816883,3,0.9467997,0.9253914
2022-06-21,1.8267035866816883,5,0.83549935,1.1081971
2022-06-21,1.8267035866816883,10,1.1909652,1.2385914
2022-06-21,1.8267035866816883,21,1.1817708,1.2597827
2022-06-22,-0.3693416738139277,1,0.0,-0.010274179
2022-06-22,-0.3693416738139277,3,0.6677226,0.83958286
2022-06-22,-0.3693416738139277,5,0.6734416,0.9872349
2022-06-22,-0.3693416738139277,10,1.0986929,1.1271458
2022-06-22,-0.3693416738139277,21,1.1346909,1.1465918
2022-06-23,0.08294681912399682,1,0.0,-0.012107458
2022-06-23,0.08294681912399682,3,0.58895606,0.9017128
2022-06-23,0.08294681912399682,5,0.84273374,1.0850301
2022-06-23,0.08294681912399682,10,1.1585923,1.2173812
2022-06-23,0.08294681912399682,21,1.1257032,1.2380835
2022-06-24,1.2180214728484628,1,0.0,-0.010186691
2022-06-24,1.2180214728484628,3,0.32150432,0.7630995
2022-06-24,1.2180214728484628,5,1.1849197,0.93332136
2022-06-24,1.2180214728484628,10,1.2406301,1.0654289
2022-06-24,1.2180214728484628,21,1.148562,1.0688995
2022-06-27,1.421597392773144,1,0.0,-0.008254293
2022-06-27,1.421597392773144,3,0.97057414,0.835529
2022-06-27,1.421597392773144,5,1.2517695,0.97948533
2022-06-27,1.421597392773144,10,1.1859301,1.111562
2022-06-27,1.421597392773144,21,1.1317652,1.1207718
2022-06-28,0.6609769075371474,1,0.0,-0.009737428
2022-06-28,0.6609769075371474,3,0.927936,0.8849868
2022-06-28,0.6609769075371474,5,1.0910275,1.0644922
2022-06-28,0.6609769075371474,10,1.1517099,1.1755133
2022-06-28,0.6609769075371474,21,1.0986794,1.1986754
2022-06-29,-0.9093937742891356,1,0.0,-0.0008638799
2022-06-29,-0.9093937742891356,3,0.35763282,0.83205456
2022-06-29,-0.9093937742891356,5,1.1777363,0.94457465
2022-06-29,-0.9093937742891356,10,1.2378532,1.1045635
2022-06-29,-0.9093937742891356,21,1.0938301,1.1236234
2022-06-30,-1.547319649630019,1,0.0,0.005483195
2022-06-30,-1.547319649630019,3,1.1745796,0.7722079
2022-06-30,-1.547319649630019,5,1.2051988,0.8690575
2022-06-30,-1.547319649630019,10,1.2389112,1.0696428
2022-06-30,-1.547319649630019,21,1.0698781,1.136638
2022-07-01,-1.7483023208399118,1,0.0,-0.009025659
2022-07-01,-1.7483023208399118,3,1.2657272,0.7554081
2022-07-01,-1.7483023208399118,5,1.292198,0.865592
2022-07-01,-1.7483023208399118,10,1.1575575,1.0291694
2022-07-01,-1.7483023208399118,21,1.0023894,1.0732305
2022-07-04,0.8377618403397236,1,0.0,-0.011752766
2022-07-04,0.8377618403397236,3,1.0089931,0.7752821
2022-07-04,0.8377618403397236,5,0.9323178,0.8906922
2022-07-04,0.8377618403397236,10,0.98387295,1.0370363
2022-07-04,0.8377618403397236,21,0.9739487,1.0390451
2022-07-05,1.0257758269007766,1,0.0,-0.0049597397
2022-07-05,1.0257758269007766,3,1.1650717,0.9414933
2022-07-05,1.0257758269007766,5,0.9608403,1.0935409
2022-07-05,1.0257758269007766,10,0.9754444,1.285838
2022-07-05,1.0257758269007766,21,0.9679961,1.3471068
2022-07-06,-1.2024267181146797,1,0.0,-0.0064659193
2022-07-06,-1.2024267181146797,3,1.085323,1.1273036
2022-07-06,-1.2024267181146797,5,1.2635281,1.3125081
2022-07-06,-1.2024267181146797,10,1.1894306,1.4622107
2022-07-06,-1.2024267181146797,21,0.95814764,1.5233535
2022-07-07,1.455889429875512,1,0.0,-0.008745778
2022-07-07,1.455889429875512,3,0.57456315,0.96439224
2022-07-07,1.455889429875512,5,1.1357356,1.1074564
2022-07-07,1.455889429875512,10,1.053479,1.2625271
2022-07-07,1.455889429875512,21,0.90732807,1.3285793
2022-07-08,0.10058972212600992,1,0.0,-0.01002359
2022-07-08,0.10058972212600992,3,1.2007793,1.0175681
2022-07-08,0.10058972212600992,5,1.0046136,1.1728532
2022-07-08,0.10058972212600992,10,1.0176204,1.3061378
2022-07-08,0.10058972212600992,21,0.8738614,1.3896228
2022-07-11,1.106758527809859,1,0.0,0.00091280416
2022-07-11,1.106758527809859,3,1.2531555,0.7873865
2022-07-11,1.106758527809859,5,1.0188266,0.94113684
2022-07-11,1.106758527809859,10,1.0856127,1.0665908
2022-07-11,1.106758527809859,21,0.9094634,1.118368
2022-07-12,-1.7898875723922458,1,0.0,0.0038373806
2022-07-12,-1.7898875723922458,3,1.1171833,0.7823421
2022-07-12,-1.7898875723922458,5,0.95141673,0.9246599
2022-07-12,-1.7898875723922458,10,1.0737717,1.0453513
2022-07-12,-1.7898875723922458,21,0.90831983,1.0920657
2022-07-13,0.5381371269265856,1,0.0,-0.009992175
2022-07-13,0.5381371269265856,3,0.037385438,1.009589
2022-07-13,0.5381371269265856,5,0.81863344,1.1925735
2022-07-13,0.5381371269265856,10,0.8201899,1.3430159
2022-07-13,0.5381371269265856,21,0.9346164,1.3860961
2022-07-14,0.6197851150488987,1,0.0,-0.016419362
2022-07-14,0.6197851150488987,3,0.04319403,0.88461775
2022-07-14,0.6197851150488987,5,0.83013237,1.0407611
2022-07-14,0.6197851150488987,10,0.8213406,1.1667364
2022-07-14,0.6197851150488987,21,0.9477281,1.1755322
2022-07-15,0.5430484024131488,1,0.0,0.0054758117
2022-07-15,0.5430484024131488,3,0.9609173,0.934959
2022-07-15,0.5430484024131488,5,0.8532258,1.0545586
2022-07-15,0.5430484024131488,10,0.8354053,1.2226217
2022-07-15,0.5430484024131488,21,0.9506374,1.2674652
2022-07-19,0.644498974150487,1,0.0,-0.0063738413
2022-07-19,0.644498974150487,3,0.9871901,0.69885486
2022-07-19,0.644498974150487,5,1.1004272,0.83991355
2022-07-19,0.644498974150487,10,0.83854616,0.98493665
2022-07-19,0.644498974150487,21,0.9668223,0.97036564
2022-07-20,2.6302928249540614,1,0.0,-0.009525534
2022-07-20,2.6302928249540614,3,1.041315,0.72379035
2022-07-20,2.6302928249540614,5,1.1497995,0.8313021
2022-07-20,2.6302928249540614,10,1.0035018,0.97000873
2022-07-20,2.6302928249540614,21,1.0084226,1.0044674
2022-07-21,0.44244132416828563,1,0.0,0.003811147
2022-07-21,0.44244132416828563,3,0.5641932,0.7214467
2022-07-21,0.44244132416828563,5,0.45306942,0.8218499
2022-07-21,0.44244132416828563,10,0.62994593,0.9799854
2022-07-21,0.44244132416828563,21,0.8701913,1.0267755
2022-07-22,0.40080759105389774,1,0.0,0.0033053532
2022-07-22,0.40080759105389774,3,0.48006445,0.77110523
2022-07-22,0.40080759105389774,5,0.43874857,0.87959105
2022-07-22,0.40080759105389774,10,0.6498734,1.0299416
2022-07-22,0.40080759105389774,21,0.88026005,1.0519462
2022-07-25,-0.7746667439471722,1,0.0,0.0054108873
2022-07-25,-0.7746667439471722,3,0.40938097,0.69545466
2022-07-25,-0.7746667439471722,5,0.39289093,0.7784238
2022-07-25,-0.7746667439471722,10,0.689339,0.96162075
2022-07-25,-0.7746667439471722,21,0.92448175,0.9631691
2022-07-26,-0.15911661335223926,1,0.0,-0.012562271
2022-07-26,-0.15911661335223926,3,0.2188621,0.78135246
2022-07-26,-0.15911661335223926,5,0.30125225,0.89066356
2022-07-26,-0.15911661335223926,10,0.6260665,1.0860325
2022-07-26,-0.15911661335223926,21,0.9137368,1.1191981
2022-07-27,0.21866727828978583,1,0.0,-0.013783138
2022-07-27,0.21866727828978583,3,0.16965595,0.7703478
2022-07-27,0.21866727828978583,5,0.7347007,0.87162083
2022-07-27,0.21866727828978583,10,0.7009251,1.0304687
2022-07-27,0.21866727828978583,21,0.9172037,1.0439792
2022-07-28,0.3591873442433169,1,0.0,-0.006473031
2022-07-28,0.3591873442433169,3,0.30146775,0.8489573
2022-07-28,0.3591873442433169,5,0.7670522,0.9681389
2022-07-28,0.3591873442433169,10,0.7364499,1.1667364
2022-07-28,0.3591873442433169,21,0.9216519,1.1843144
2022-07-29,-0.04976828632443642,1,0.0,-0.019282106
2022-07-29,-0.04976828632443642,3,0.8794045,0.91271144
2022-07-29,-0.04976828632443642,5,0.80583817,1.0802668
2022-07-29,-0.04976828632443642,10,1.0630804,1.1632454
2022-07-29,-0.04976828632443642,21,1.1019474,1.1577085
2022-08-01,0.6871933770378646,1,0.0,-0.004652407
2022-08-01,0.6871933770378646,3,0.96552354,0.8597803
2022-08-01,0.6871933770378646,5,0.85747725,0.997051
2022-08-01,0.6871933770378646,10,1.0874816,1.1340792
2022-08-01,0.6871933770378646,21,1.1271768,1.1685182
2022-08-02,-1.434213856409805,1,0.0,-0.002114389
2022-08-02,-1.434213856409805,3,0.9645883,0.8678348
2022-08-02,-1.434213856409805,5,0.83230895,0.9873605
2022-08-02,-1.434213856409805,10,1.0877516,1.1371651
2022-08-02,-1.434213856409805,21,1.1219449,1.1906741
2022-08-03,0.5319090323201436,1,0.0,-0.009595957
2022-08-03,0.5319090323201436,3,0.13766818,0.85604936
2022-08-03,0.5319090323201436,5,0.6217525,1.0311949
2022-08-03,0.5319090323201436,10,0.9445567,1.1707392
2022-08-03,0.5319090323201436,21,1.1288459,1.2317854
2022-08-04,0.6836197462446236,1,0.0,-0.00908475
2022-08-04,0.6836197462446236,3,0.25471047,0.8864053
2022-08-04,0.6836197462446236,5,0.7040368,1.054585
2022-08-04,0.6836197462446236,10,1.0517659,1.1690729
2022-08-04,0.6836197462446236,21,1.1228437,1.2348632
2022-08-05,0.868579015209825,1,0.0,-0.019800466
2022-08-05,0.868579015209825,3,0.7275761,0.90061826
2022-08-05,0.868579015209825,5,1.2446154,1.1198851
2022-08-05,0.868579015209825,10,1.0562968,1.2036629
2022-08-05,0.868579015209825,21,1.1119826,1.2519876
2022-08-08,0.2600655485329284,1,0.0,-0.0068263635
2022-08-08,0.2600655485329284,3,0.4938037,0.7276029
2022-08-08,0.2600655485329284,5,1.2671397,0.85451883
2022-08-08,0.2600655485329284,10,1.0670391,0.9422346
2022-08-08,0.2600655485329284,21,1.0930189,0.9526135
2022-08-09,-0.8863447787437195,1,0.0,-0.0116839
2022-08-09,-0.8863447787437195,3,1.5816456,0.8295038
2022-08-09,-0.8863447787437195,5,1.2813749,0.96445
2022-08-09,-0.8863447787437195,10,1.1473358,1.074759
2022-08-09,-0.8863447787437195,21,1.0976466,1.07209
2022-08-10,-0.6472009464602024,1,0.0,-0.0033520572
2022-08-10,-0.6472009464602024,3,1.3205817,0.53759533
2022-08-10,-0.6472009464602024,5,1.1131599,0.6889109
2022-08-10,-0.6472009464602024,10,1.1201131,0.8171844
2022-08-10,-0.6472009464602024,21,1.1984615,0.8448314
2022-08-12,2.5820061972448016,1,0.0,-0.012466848
2022-08-12,2.5820061972448016,3,1.0606664,0.7689124
2022-08-12,2.5820061972448016,5,1.2025788,0.89223075
2022-08-12,2.5820061972448016,10,1.0973711,0.98342144
2022-08-12,2.5820061972448016,21,1.1939033,1.0494379
2022-08-15,1.1313455526009264,1,0.0,-0.007712122
2022-08-15,1.1313455526009264,3,0.5596271,0.61086535
2022-08-15,1.1313455526009264,5,0.81745934,0.7205114
2022-08-15,1.1313455526009264,10,0.78975016,0.80134064
2022-08-15,1.1313455526009264,21,1.0843542,0.79222286
2022-08-16,-0.009938019980459956,1,0.0,-0.0051520504
2022-08-16,-0.009938019980459956,3,0.893629,0.69756836
2022-08-16,-0.009938019980459956,5,0.7244643,0.7591211
2022-08-16,-0.009938019980459956,10,1.0498991,0.82370865
2022-08-16,-0.009938019980459956,21,1.0564688,0.79879725
2022-08-17,1.218294095343353,1,0.0,-0.0018595308
2022-08-17,1.218294095343353,3,0.8947958,0.5982823
2022-08-17,1.218294095343353,5,0.85350585,0.661565
2022-08-17,1.218294095343353,10,1.1386651,0.7165056
2022-08-17,1.218294095343353,21,1.2107096,0.6694312
2022-08-18,-0.9649497712791444,1,0.0,-0.0040895753
2022-08-18,-0.9649497712791444,3,0.37758267,0.7265504
2022-08-18,-0.9649497712791444,5,0.40550184,0.8122291
2022-08-18,-0.9649497712791444,10,1.030355,0.9272395
2022-08-18,-0.9649497712791444,21,1.1738024,0.87222195
2022-08-19,-0.0408157692092459,1,0.0,-0.013346452
2022-08-19,-0.0408157692092459,3,0.47582567,0.76083344
2022-08-19,-0.0408157692092459,5,0.5846163,0.86529595
2022-08-19,-0.0408157692092459,10,1.0759026,0.9708969
2022-08-19,-0.0408157692092459,21,1.1786258,0.9523865
2022-08-22,-0.4706131785384926,1,0.0,-0.015948016
2022-08-22,-0.4706131785384926,3,0.3363506,0.7694237
2022-08-22,-0.4706131785384926,5,0.68547136,0.8601369
2022-08-22,-0.4706131785384926,10,1.0759938,0.99821883
2022-08-22,-0.4706131785384926,21,1.186679,0.93867636
2022-08-23,-1.1939579972739978,1,0.0,0.002781272
2022-08-23,-1.1939579972739978,3,0.7306604,0.6954127
2022-08-23,-1.1939579972739978,5,1.226425,0.7710042
2022-08-23,-1.1939579972739978,10,1.0807245,0.85753816
2022-08-23,-1.1939579972739978,21,1.2110902,0.8046331
2022-08-24,-0.4907128733808719,1,0.0,-0.0037512481
2022-08-24,-0.4907128733808719,3,0.50276685,0.6847127
2022-08-24,-0.4907128733808719,5,1.3633502,0.8246525
2022-08-24,-0.4907128733808719,10,1.0545967,0.8800789
2022-08-24,-0.4907128733808719,21,1.1953648,0.8813889
2022-08-25,0.5829628498275952,1,0.0,-0.013375882
2022-08-25,0.5829628498275952,3,1.54328,0.9485461
2022-08-25,0.5829628498275952,5,1.3587145,1.0551195
2022-08-25,0.5829628498275952,10,1.0608093,1.1080291
2022-08-25,0.5829628498275952,21,1.3060545,1.0735797
2022-08-26,0.5685238819934213,1,0.0,-0.008283045
2022-08-26,0.5685238819934213,3,1.6876394,0.71327287
2022-08-26,0.5685238819934213,5,1.3926882,0.8297146
2022-08-26,0.5685238819934213,10,1.3015598,0.910983
2022-08-26,0.5685238819934213,21,1.3043272,0.9007205
2022-08-29,-2.698023919572279,1,0.0,0.008949757
2022-08-29,-2.698023919572279,3,1.5746741,0.8469178
2022-08-29,-2.698023919572279,5,1.311131,0.98112744
2022-08-29,-2.698023919572279,10,1.2995548,1.0441071
2022-08-29,-2.698023919572279,21,1.3111783,1.0787245
2022-08-30,1.129291474352101,1,0.0,-0.017508034
2022-08-30,1.129291474352101,3,1.0935621,1.064374
2022-08-30,1.129291474352101,5,0.85224813,1.2793019
2022-08-30,1.129291474352101,10,1.0301648,1.2959936
2022-08-30,1.129291474352101,21,1.2383981,1.2698452
2022-08-31,-0.3697148456442534,1,0.0,-0.009333868
2022-08-31,-0.3697148456442534,3,0.6453898,0.84743917
2022-08-31,-0.3697148456442534,5,0.5831311,0.9682512
2022-08-31,-0.3697148456442534,10,0.986736,1.0372709
2022-08-31,-0.3697148456442534,21,1.2423806,1.0537158
2022-09-01,-1.5427586805573767,1,0.0,-0.0022197254
2022-09-01,-1.5427586805573767,3,0.69223624,0.8037535
2022-09-01,-1.5427586805573767,5,0.5946812,0.9502364
2022-09-01,-1.5427586805573767,10,1.3297234,1.0519954
2022-09-01,-1.5427586805573767,21,1.2810569,1.116811
2022-09-02,-0.0384393976702313,1,0.0,-0.0015801229
2022-09-02,-0.0384393976702313,3,0.056395534,0.7897201
2022-09-02,-0.0384393976702313,5,1.0334423,0.9551807
2022-09-02,-0.0384393976702313,10,1.2401426,1.0578299
2022-09-02,-0.0384393976702313,21,1.4241141,1.0827646
2022-09-05,-0.11300965530480767,1,0.0,-0.015375387
2022-09-05,-0.11300965530480767,3,0.32024068,0.8338669
2022-09-05,-0.11300965530480767,5,1.0223092,0.9520503
2022-09-05,-0.11300965530480767,10,1.290935,0.9724018
2022-09-05,-0.11300965530480767,21,1.4296294,0.9596621
2022-09-06,0.024980544401032034,1,0.0,-0.008924246
2022-09-06,0.024980544401032034,3,1.2769419,0.7381591
2022-09-06,0.024980544401032034,5,1.0197893,0.84525114
2022-09-06,0.024980544401032034,10,1.2979342,0.91576153
2022-09-06,0.024980544401032034,21,1.43954,0.8540888
2022-09-07,-0.7127540192513493,1,0.0,-0.0070598535
2022-09-07,-0.7127540192513493,3,1.2312151,0.70712656
2022-09-07,-0.7127540192513493,5,0.995238,0.8226808
2022-09-07,-0.7127540192513493,10,1.3632342,0.8895943
2022-09-07,-0.7127540192513493,21,1.4462765,0.8493591
2022-09-08,2.2884929829325884,1,0.0,0.0066450685
2022-09-08,2.2884929829325884,3,0.7275246,0.64612544
2022-09-08,2.2884929829325884,5,1.7016898,0.7507697
2022-09-08,2.2884929829325884,10,1.3581512,0.87104255
2022-09-08,2.2884929829325884,21,1.5434219,0.9033078
2022-09-09,0.5311690715995354,1,0.0,0.0016857386
2022-09-09,0.5311690715995354,3,0.3762337,0.6721514
2022-09-09,0.5311690715995354,5,1.3847315,0.75912523
2022-09-09,0.5311690715995354,10,1.3031672,0.880309
2022-09-09,0.5311690715995354,21,1.4424801,0.8930775
2022-09-12,1.153562789621887,1,0.0,-0.0068807304
2022-09-12,1.153562789621887,3,1.7017845,0.6631445
2022-09-12,1.153562789621887,5,1.3825196,0.75282264
2022-09-12,1.153562789621887,10,1.3030199,0.87893397
2022-09-12,1.153562789621887,21,1.4318707,0.8820355
2022-09-13,0.25376367859699656,1,0.0,-0.011540394
2022-09-13,0.25376367859699656,3,1.4383931,0.7291884
2022-09-13,0.25376367859699656,5,1.2369004,0.82987756
2022-09-13,0.25376367859699656,10,1.1841061,0.93341875
2022-09-13,0.25376367859699656,21,1.5914277,0.95299906
2022-09-14,-2.8212605756998244,1,0.0,-0.016645633
2022-09-14,-2.8212605756998244,3,1.2392064,0.7492184
2022-09-14,-2.8212605756998244,5,1.1796479,0.8746556
2022-09-14,-2.8212605756998244,10,1.2646527,0.95914334
2022-09-14,-2.8212605756998244,21,1.5988818,1.0059382
2022-09-15,0.20573308206675023,1,0.0,-0.013298646
2022-09-15,0.20573308206675023,3,0.68229127,0.7709821
2022-09-15,0.20573308206675023,5,0.70772123,0.9081331
2022-09-15,0.20573308206675023,10,1.136457,0.99020916
2022-09-15,0.20573308206675023,21,1.5359046,0.9696242
2022-09-16,-1.1119882597142805,1,0.0,-0.014180057
2022-09-16,-1.1119882597142805,3,0.79652596,0.8930492
2022-09-16,-1.1119882597142805,5,1.0236121,1.0332254
2022-09-16,-1.1119882597142805,10,1.2307726,1.1764809
2022-09-16,-1.1119882597142805,21,1.5379653,1.1874477
2022-09-20,0.4371274427324323,1,0.0,-0.009703111
2022-09-20,0.4371274427324323,3,0.7377954,0.85411257
2022-09-20,0.4371274427324323,5,1.2030936,0.9792554
2022-09-20,0.4371274427324323,10,1.6048394,1.0998673
2022-09-20,0.4371274427324323,21,1.5326002,1.0903156
2022-09-21,-1.3646702007566347,1,0.0,-0.008442532
2022-09-21,-1.3646702007566347,3,0.87157285,0.7523273
2022-09-21,-1.3646702007566347,5,1.0678548,0.91114765
2022-09-21,-1.3646702007566347,10,1.606377,1.0002906
2022-09-21,-1.3646702007566347,21,1.529325,1.0765079
2022-09-22,-0.584946296728539,1,0.0,-0.014019597
2022-09-22,-0.584946296728539,3,1.337569,1.0098187
2022-09-22,-0.584946296728539,5,1.3309051,1.2596941
2022-09-22,-0.584946296728539,10,1.5767987,1.380065
2022-09-22,-0.584946296728539,21,1.506879,1.4501547
2022-09-26,-2.6959705515139376,1,0.0,-0.011235509
2022-09-26,-2.6959705515139376,3,1.3319689,0.8409157
2022-09-26,-2.6959705515139376,5,1.4101198,1.0341804
2022-09-26,-2.6959705515139376,10,1.5821918,1.1708908
2022-09-26,-2.6959705515139376,21,1.5187995,1.2380073
2022-09-27,0.5294703148868152,1,0.0,-0.011205066
2022-09-27,0.5294703148868152,3,1.0717603,1.1612613
2022-09-27,0.5294703148868152,5,1.2556581,1.3841028
2022-09-27,0.5294703148868152,10,1.5780828,1.4694204
2022-09-27,0.5294703148868152,21,1.3966532,1.5414448
2022-09-28,-1.5087299656647346,1,0.0,-0.012109973
2022-09-28,-1.5087299656647346,3,1.2447343,1.0791838
2022-09-28,-1.5087299656647346,5,1.7755696,1.3394549
2022-09-28,-1.5087299656647346,10,1.5678339,1.4852614
2022-09-28,-1.5087299656647346,21,1.3980973,1.5524944
2022-09-29,0.9433112959962742,1,0.0,-0.019726973
2022-09-29,0.9433112959962742,3,1.3481663,1.2445765
2022-09-29,0.9433112959962742,5,1.5284307,1.4920667
2022-09-29,0.9433112959962742,10,1.506967,1.5357414
2022-09-29,0.9433112959962742,21,1.3690326,1.645733
2022-09-30,-1.8520265034402073,1,0.0,-0.018301371
2022-09-30,-1.8520265034402073,3,1.9638814,1.0207653
2022-09-30,-1.8520265034402073,5,1.5241159,1.1769776
2022-09-30,-1.8520265034402073,10,1.7732657,1.341506
2022-09-30,-1.8520265034402073,21,1.4019457,1.4138819
2022-10-03,1.0683211877694276,1,0.0,-0.021777783
2022-10-03,1.0683211877694276,3,1.0409197,1.1406572
2022-10-03,1.0683211877694276,5,1.1780537,1.2842083
2022-10-03,1.0683211877694276,10,1.702779,1.3726642
2022-10-03,1.0683211877694276,21,1.32431,1.410985
2022-10-04,2.9186475360381436,1,0.0,-0.0137633085
2022-10-04,2.9186475360381436,3,1.1027514,0.9616886
2022-10-04,2.9186475360381436,5,1.8323551,1.1279002
2022-10-04,2.9186475360381436,10,1.7208521,1.2509844
2022-10-04,2.9186475360381436,21,1.3152469,1.2721753
2022-10-05,0.47426391395894996,1,0.0,-0.01891138
2022-10-05,0.47426391395894996,3,0.62204397,1.0559137
2022-10-05,0.47426391395894996,5,1.2143986,1.1840246
2022-10-05,0.47426391395894996,10,1.4959835,1.3153044
2022-10-05,0.47426391395894996,21,1.2346873,1.3269322
2022-10-06,0.7009584841032535,1,0.0,-0.0154602155
2022-10-06,0.7009584841032535,3,1.3826553,0.97275746
2022-10-06,0.7009584841032535,5,1.1241869,1.0808759
2022-10-06,0.7009584841032535,10,1.5193609,1.2468084
2022-10-06,0.7009584841032535,21,1.256351,1.285255
2022-10-07,-0.7172571412214168,1,0.0,-0.019635577
2022-10-07,-0.7172571412214168,3,1.1234386,0.8838758
2022-10-07,-0.7172571412214168,5,1.9043026,0.9618331
2022-10-07,-0.7172571412214168,10,1.5018766,1.0846597
2022-10-07,-0.7172571412214168,21,1.274492,1.0930645
2022-10-11,-2.6716635640770647,1,0.0,-0.0110102855
2022-10-11,-2.6716635640770647,3,1.1384001,0.71418005
2022-10-11,-2.6716635640770647,5,1.9389415,0.808518
2022-10-11,-2.6716635640770647,10,1.4951135,0.9610705
2022-10-11,-2.6716635640770647,21,1.2701445,0.97205096
2022-10-12,-0.01674273715561725,1,0.0,-0.016066939
2022-10-12,-0.01674273715561725,3,1.6728698,1.0114872
2022-10-12,-0.01674273715561725,5,1.5734482,1.1718993
2022-10-12,-0.01674273715561725,10,1.235835,1.2507441
2022-10-12,-0.01674273715561725,21,1.1383458,1.1246021
2022-10-13,-0.6057297051158983,1,0.0,-0.01941916
2022-10-13,-0.6057297051158983,3,1.9408901,1.1103315
2022-10-13,-0.6057297051158983,5,1.5522975,1.3002226
2022-10-13,-0.6057297051158983,10,1.2343519,1.3973823
2022-10-13,-0.6057297051158983,21,1.278396,1.3220595
2022-10-14,3.20060685912118,1,0.0,-0.011766348
2022-10-14,3.20060685912118,3,1.7937608,0.957986
2022-10-14,3.20060685912118,5,1.6074864,1.1632437
2022-10-14,3.20060685912118,10,1.2140104,1.3092322
2022-10-14,3.20060685912118,21,1.2980411,1.2378839
2022-10-17,-1.1694615663753183,1,0.0,-0.011929426
2022-10-17,-1.1694615663753183,3,1.0599257,0.75885904
2022-10-17,-1.1694615663753183,5,0.9406395,0.89983076
2022-10-17,-1.1694615663753183,10,0.8355675,1.0132986
2022-10-17,-1.1694615663753183,21,1.1248995,1.0699645
2022-10-18,1.4105108818645462,1,0.0,-0.017937317
2022-10-18,1.4105108818645462,3,0.95455873,1.2000451
2022-10-18,1.4105108818645462,5,0.79430795,1.4284592
2022-10-18,1.4105108818645462,10,0.88502944,1.5505414
2022-10-18,1.4105108818645462,21,1.0853348,1.5324572
2022-10-19,0.3721146819223975,1,0.0,-0.007666569
2022-10-19,0.3721146819223975,3,0.53383386,0.9878431
2022-10-19,0.3721146819223975,5,0.67565507,1.1739302
2022-10-19,0.3721146819223975,10,0.80504686,1.2902088
2022-10-19,0.3721146819223975,21,1.0575846,1.4085325
2022-10-20,-0.9229696382430319,1,0.0,-0.003345143
2022-10-20,-0.9229696382430319,3,0.50814843,1.1788694
2022-10-20,-0.9229696382430319,5,0.71099895,1.3786403
2022-10-20,-0.9229696382430319,10,0.8056461,1.4594398
2022-10-20,-0.9229696382430319,21,1.0574005,1.5727572
2022-10-21,-0.43186029663093706,1,0.0,-0.0028248355
2022-10-21,-0.43186029663093706,3,0.5910462,1.0052663
2022-10-21,-0.43186029663093706,5,0.5562756,1.2438061
2022-10-21,-0.43186029663093706,10,0.9307923,1.4174702
2022-10-21,-0.43186029663093706,21,1.0318183,1.4776326
2022-10-24,0.3130776172056926,1,0.0,-0.027215797
2022-10-24,0.3130776172056926,3,0.28684247,1.154723
2022-10-24,0.3130776172056926,5,0.68140996,1.4057722
2022-10-24,0.3130776172056926,10,0.970338,1.4845536
2022-10-24,0.3130776172056926,21,1.0270793,1.4972477
2022-10-25,1.0156952001189268,1,0.0,-0.01554564
2022-10-25,1.0156952001189268,3,0.56356543,0.92709625
2022-10-25,1.0156952001189268,5,0.94358563,1.1331632
2022-10-25,1.0156952001189268,10,1.0169426,1.2910223
2022-10-25,1.0156952001189268,21,1.0388306,1.2930263
2022-10-26,0.6640606360081236,1,0.0,-0.013770312
2022-10-26,0.6640606360081236,3,0.6385778,0.94156086
2022-10-26,0.6640606360081236,5,0.9001013,1.075417
2022-10-26,0.6640606360081236,10,1.0201323,1.1812011
2022-10-26,0.6640606360081236,21,1.031176,1.1998923
2022-10-27,-0.31618947705993605,1,0.0,-0.015467886
2022-10-27,-0.31618947705993605,3,1.1373796,0.97605133
2022-10-27,-0.31618947705993605,5,0.8898266,1.1276214
2022-10-27,-0.31618947705993605,10,1.0589525,1.269472
2022-10-27,-0.31618947705993605,21,1.0327904,1.259647
2022-10-28,-0.8816919498205067,1,0.0,-0.014454845
2022-10-28,-0.8816919498205067,3,1.0811709,0.924898
2022-10-28,-0.8816919498205067,5,1.166216,1.0502604
2022-10-28,-0.8816919498205067,10,1.3651757,1.1606548
2022-10-28,-0.8816919498205067,21,1.0367191,1.1829381
2022-10-31,1.7635793057989346,1,0.0,-0.011491224
2022-10-31,1.7635793057989346,3,0.78269523,0.8448408
2022-10-31,1.7635793057989346,5,1.1863791,0.9541394
2022-10-31,1.7635793057989346,10,1.3826941,1.1069927
2022-10-31,1.7635793057989346,21,1.0155497,1.1272315
2022-11-01,0.3309754192086345,1,0.0,-0.009406045
2022-11-01,0.3309754192086345,3,0.8759476,0.8269832
2022-11-01,0.3309754192086345,5,1.0715756,0.90913016
2022-11-01,0.3309754192086345,10,1.2953414,1.0027689
2022-11-01,0.3309754192086345,21,0.9662005,1.0280651
2022-11-02,-0.05612088519306724,1,0.0,-0.011159603
2022-11-02,-0.05612088519306724,3,1.1826434,0.85047394
2022-11-02,-0.05612088519306724,5,1.1092913,0.9201061
2022-11-02,-0.05612088519306724,10,1.2938607,1.081535
2022-11-02,-0.05612088519306724,21,1.0304874,1.1166879
2022-11-04,-1.6902477923210313,1,0.0,-0.005053144
2022-11-04,-1.6902477923210313,3,1.3724786,0.89643043
2022-11-04,-1.6902477923210313,5,1.1823229,1.0376796
2022-11-04,-1.6902477923210313,10,1.3009446,1.156917
2022-11-04,-1.6902477923210313,21,1.0307424,1.066779
2022-11-07,1.1983190470850502,1,0.0,-0.004665002
2022-11-07,1.1983190470850502,3,0.8398083,1.0481381
2022-11-07,1.1983190470850502,5,1.4090381,1.1751705
2022-11-07,1.1983190470850502,10,1.1630337,1.3314619
2022-11-07,1.1983190470850502,21,0.95690596,1.2674737
2022-11-08,1.243591133114741,1,0.0,-0.007869225
2022-11-08,1.243591133114741,3,0.96463615,0.9051357
2022-11-08,1.243591133114741,5,1.5544062,1.1203444
2022-11-08,1.243591133114741,10,1.1196434,1.2690191
2022-11-08,1.243591133114741,21,0.9408259,1.2618736
2022-11-09,-0.5601157977400462,1,0.0,-0.007432405
2022-11-09,-0.5601157977400462,3,1.7549915,0.74679834
2022-11-09,-0.5601157977400462,5,1.4833245,0.8989051
2022-11-09,-0.5601157977400462,10,1.0729359,0.98136485
2022-11-09,-0.5601157977400462,21,0.9041378,1.0128636
2022-11-10,-0.9801299747598691,1,0.0,-0.008604586
2022-11-10,-0.9801299747598691,3,1.8665191,0.93364424
2022-11-10,-0.9801299747598691,5,1.4485434,1.1102633
2022-11-10,-0.9801299747598691,10,1.0772496,1.2584667
2022-11-10,-0.9801299747598691,21,0.93282044,1.2459592
2022-11-11,2.9349640171799862,1,0.0,-0.0029733889
2022-11-11,2.9349640171799862,3,1.681095,0.85445946
2022-11-11,2.9349640171799862,5,1.3631438,0.9992506
2022-11-11,2.9349640171799862,10,1.0213416,1.1018935
2022-11-11,2.9349640171799862,21,0.90711606,1.151836
2022-11-14,-1.0674666623296858,1,0.0,0.00020506606
2022-11-14,-1.0674666623296858,3,0.5580377,1.0105824
2022-11-14,-1.0674666623296858,5,0.4394606,1.1666751
2022-11-14,-1.0674666623296858,10,0.5374274,1.3146842
2022-11-14,-1.0674666623296858,21,0.64987516,1.3553609
2022-11-15,0.09543336404256308,1,0.0,-0.009970959
2022-11-15,0.09543336404256308,3,0.21986935,0.96849424
2022-11-15,0.09543336404256308,5,0.19335145,1.1417599
2022-11-15,0.09543336404256308,10,0.44577062,1.3226402
2022-11-15,0.09543336404256308,21,0.62791085,1.381848
2022-11-16,0.13613675912758083,1,0.0,0.0068954453
2022-11-16,0.13613675912758083,3,0.19818431,0.995775
2022-11-16,0.13613675912758083,5,0.31956023,1.1384735
2022-11-16,0.13613675912758083,10,0.45021105,1.239672
2022-11-16,0.13613675912758083,21,0.6335489,1.3165032
2022-11-17,-0.3492942806184729,1,0.0,-0.0051899813
2022-11-17,-0.3492942806184729,3,0.20856301,0.7637957
2022-11-17,-0.3492942806184729,5,0.47145477,0.9091347
2022-11-17,-0.3492942806184729,10,0.5288398,1.0678805
2022-11-17,-0.3492942806184729,21,0.7502832,1.1303655
2022-11-18,-0.11033708360361771,1,0.0,-0.0006732568
2022-11-18,-0.11033708360361771,3,0.29697618,1.0152555
2022-11-18,-0.11033708360361771,5,0.47244132,1.1510979
2022-11-18,-0.11033708360361771,10,0.7249766,1.2259085
2022-11-18,-0.11033708360361771,21,0.7767926,1.2693115
2022-11-21,0.16123161194663282,1,0.0,0.015524562
2022-11-21,0.16123161194663282,3,0.32163027,1.1066456
2022-11-21,0.16123161194663282,5,0.5335886,1.1992298
2022-11-21,0.16123161194663282,10,0.7272575,1.2832403
2022-11-21,0.16123161194663282,21,0.9262449,1.3334501
2022-11-22,0.6098825819371712,1,0.0,-0.006995309
2022-11-22,0.6098825819371712,3,0.55071014,0.7890146
2022-11-22,0.6098825819371712,5,0.5978246,0.90343857
2022-11-22,0.6098825819371712,10,0.72951686,1.0307156
2022-11-22,0.6098825819371712,21,0.9265444,1.0493013
2022-11-24,0.9463969589150523,1,0.0,-0.007711783
2022-11-24,0.9463969589150523,3,0.6304596,0.90066355
2022-11-24,0.9463969589150523,5,0.53329813,1.0094603
2022-11-24,0.9463969589150523,10,0.7233943,1.1775606
2022-11-24,0.9463969589150523,21,0.9200539,1.2440667
2022-11-25,-0.35315865067016006,1,0.0,-0.004607547
2022-11-25,-0.35315865067016006,3,0.05215169,0.7832828
2022-11-25,-0.35315865067016006,5,0.5209255,0.8737201
2022-11-25,-0.35315865067016006,10,0.6247294,0.97643644
2022-11-25,-0.35315865067016006,21,0.89048487,0.99490273
2022-11-28,-0.42589271123372185,1,0.0,-0.0013110228
2022-11-28,-0.42589271123372185,3,0.11669542,0.8045495
2022-11-28,-0.42589271123372185,5,0.8007384,0.8794331
2022-11-28,-0.42589271123372185,10,0.76255894,1.0156304
2022-11-28,-0.42589271123372185,21,0.9167863,1.0117208
2022-11-29,-0.4804729833436383,1,0.0,-0.0040862374
2022-11-29,-0.4804729833436383,3,0.60428417,0.85287553
2022-11-29,-0.4804729833436383,5,0.824392,0.97215676
2022-11-29,-0.4804729833436383,10,0.757089,1.1251575
2022-11-29,-0.4804729833436383,21,0.92222637,1.1133515
2022-11-30,-0.21018915163271146,1,0.0,0.0010987632
2022-11-30,-0.21018915163271146,3,1.0288732,0.835354
2022-11-30,-0.21018915163271146,5,0.83309585,0.8997413
2022-11-30,-0.21018915163271146,10,0.760779,1.0730102
2022-11-30,-0.21018915163271146,21,0.92166996,1.0940591
2022-12-01,0.9149971198194606,1,0.0,-0.0071273
2022-12-01,0.9149971198194606,3,1.0532186,0.8638724
2022-12-01,0.9149971198194606,5,0.87025666,0.9728578
2022-12-01,0.9149971198194606,10,0.7887389,1.1654387
2022-12-01,0.9149971198194606,21,0.931545,1.1948216
2022-12-02,-1.600562144312434,1,0.0,-0.012861092
2022-12-02,-1.600562144312434,3,0.8466136,0.7398217
2022-12-02,-1.600562144312434,5,0.66765904,0.86784333
2022-12-02,-1.600562144312434,10,0.7435232,1.0016404
2022-12-02,-1.600562144312434,21,0.8929299,1.0528754
2022-12-05,0.1528823999322526,1,0.0,-0.0013415217
2022-12-05,0.1528823999322526,3,0.4311528,0.8676028
2022-12-05,0.1528823999322526,5,0.6488989,0.98329645
2022-12-05,0.1528823999322526,10,0.80537194,1.1571308
2022-12-05,0.1528823999322526,21,0.88406324,1.2088345
2022-12-06,0.23504995287950692,1,0.0,-0.0058187507
2022-12-06,0.23504995287950692,3,0.39662185,0.7886233
2022-12-06,0.23504995287950692,5,0.6579011,0.8828815
2022-12-06,0.23504995287950692,10,0.84938735,1.0076888
2022-12-06,0.23504995287950692,21,0.8926465,1.0139798
2022-12-07,-0.7178746101496714,1,0.0,-0.011111002
2022-12-07,-0.7178746101496714,3,0.82962954,0.7325972
2022-12-07,-0.7178746101496714,5,0.67240155,0.8402315
2022-12-07,-0.7178746101496714,10,1.0704943,0.9877083
2022-12-07,-0.7178746101496714,21,0.90695727,1.011705
2022-12-08,-0.4052449310000483,1,0.0,-0.0009489842
2022-12-08,-0.4052449310000483,3,0.70467013,0.8512068
2022-12-08,-0.4052449310000483,5,0.5841822,0.990764
2022-12-08,-0.4052449310000483,10,1.0697457,1.1460805
2022-12-08,-0.4052449310000483,21,0.9324855,1.2489574
2022-12-09,1.1773997793296687,1,0.0,-0.008130375
2022-12-09,1.1773997793296687,3,0.5678794,0.8174482
2022-12-09,1.1773997793296687,5,0.57580036,0.93429244
2022-12-09,1.1773997793296687,10,1.106242,1.0855819
2022-12-09,1.1773997793296687,21,0.9715113,1.1621923
2022-12-12,-0.2105353189792325,1,0.0,-0.006921828
2022-12-12,-0.2105353189792325,3,0.38547802,0.7456917
2022-12-12,-0.2105353189792325,5,0.90111077,0.8605662
2022-12-12,-0.2105353189792325,10,0.98421055,1.0532165
2022-12-12,-0.2105353189792325,21,0.9234321,1.156125
2022-12-13,0.40331674254687755,1,0.0,-0.009179238
2022-12-13,0.40331674254687755,3,0.45789528,0.83632886
2022-12-13,0.40331674254687755,5,0.9521614,0.9141905
2022-12-13,0.40331674254687755,10,1.0510064,1.0133398
2022-12-13,0.40331674254687755,21,0.9476243,1.0594381
2022-12-14,0.7177272735878759,1,0.0,-0.0066134296
2022-12-14,0.7177272735878759,3,1.068418,0.83178955
2022-12-14,0.7177272735878759,5,1.12716,0.9514536
2022-12-14,0.7177272735878759,10,1.0316907,1.0637255
2022-12-14,0.7177272735878759,21,0.94991666,1.1033895
2022-12-15,-0.37187591177811896,1,0.0,-0.0047989786
2022-12-15,-0.37187591177811896,3,0.6198011,0.7207443
2022-12-15,-0.37187591177811896,5,0.7826883,0.8190801
2022-12-15,-0.37187591177811896,10,0.9445339,0.9678796
2022-12-15,-0.37187591177811896,21,0.9827745,1.0128798
2022-12-16,-1.8877539028801849,1,0.0,-0.0060028024
2022-12-16,-1.8877539028801849,3,0.5870808,0.8760613
2022-12-16,-1.8877539028801849,5,1.0137336,1.0109316
2022-12-16,-1.8877539028801849,10,0.9422153,1.1274314
2022-12-16,-1.8877539028801849,21,1.151574,1.1979349
2022-12-19,-1.0571806137493311,1,0.0,-0.015878305
2022-12-19,-1.0571806137493311,3,0.7789874,0.8680281
2022-12-19,-1.0571806137493311,5,0.9413995,0.9685772
2022-12-19,-1.0571806137493311,10,0.877095,1.0845734
2022-12-19,-1.0571806137493311,21,1.1248728,1.0950631
2022-12-20,-2.4891276389492845,1,0.0,-0.0017543025
2022-12-20,-2.4891276389492845,3,1.2120647,0.8451088
2022-12-20,-2.4891276389492845,5,1.1341146,0.9529212
2022-12-20,-2.4891276389492845,10,0.90863514,1.0902202
2022-12-20,-2.4891276389492845,21,1.1187681,1.1850427
2022-12-21,-0.680980972017764,1,0.0,-0.0043247044
2022-12-21,-0.680980972017764,3,0.6348759,1.0239936
2022-12-21,-0.680980972017764,5,0.6547011,1.1586535
2022-12-21,-0.680980972017764,10,0.68630326,1.326308
2022-12-21,-0.680980972017764,21,1.0249273,1.3703743
2022-12-22,0.45428605479571615,1,0.0,-0.008359272
2022-12-22,0.45428605479571615,3,0.7513754,0.8269031
2022-12-22,0.45428605479571615,5,0.61312187,0.9437171
2022-12-22,0.45428605479571615,10,0.7183034,1.094731
2022-12-22,0.45428605479571615,21,1.0517006,1.1506112
2022-12-23,-1.0337711266382499,1,0.0,-0.004400555
2022-12-23,-1.0337711266382499,3,0.70640796,0.77414614
2022-12-23,-1.0337711266382499,5,0.6434261,0.92711204
2022-12-23,-1.0337711266382499,10,0.75116086,1.0675342
2022-12-23,-1.0337711266382499,21,1.0505563,1.0980914
2022-12-26,0.648237502842619,1,0.0,0.0034713
2022-12-26,0.648237502842619,3,0.43109018,0.66924596
2022-12-26,0.648237502842619,5,0.5365618,0.85415584
2022-12-26,0.648237502842619,10,0.756664,0.9871008
2022-12-26,0.648237502842619,21,1.0187557,1.0575472
2022-12-27,0.15892918914062193,1,0.0,0.005162094
2022-12-27,0.15892918914062193,3,0.4493048,0.7726367
2022-12-27,0.15892918914062193,5,0.6006957,0.9016321
2022-12-27,0.15892918914062193,10,0.7325743,1.0884737
2022-12-27,0.15892918914062193,21,1.0140709,1.1933931
2022-12-28,-0.40679145968809394,1,0.0,0.0046786554
2022-12-28,-0.40679145968809394,3,0.3867803,0.7068588
2022-12-28,-0.40679145968809394,5,0.6615401,0.7963128
2022-12-28,-0.40679145968809394,10,0.8226329,0.969995
2022-12-28,-0.40679145968809394,21,1.0140692,1.0148581
2022-12-29,-0.9414925486892045,1,0.0,-0.003248673
2022-12-29,-0.9414925486892045,3,0.6049206,0.7012904
2022-12-29,-0.9414925486892045,5,0.7912676,0.8222182
2022-12-29,-0.9414925486892045,10,0.87593704,0.930363
2022-12-29,-0.9414925486892045,21,1.0135697,1.0043806
2022-12-30,0.0031810968897261205,1,0.0,-0.008179326
2022-12-30,0.0031810968897261205,3,0.79988796,0.81211954
2022-12-30,0.0031810968897261205,5,0.80198497,0.9431372
2022-12-30,0.0031810968897261205,10,0.930635,1.0886548
2022-12-30,0.0031810968897261205,21,0.98291665,1.1455989
2023-01-04,-1.4577780520939498,1,0.0,-0.015635397
2023-01-04,-1.4577780520939498,3,0.92475057,0.7485936
2023-01-04,-1.4577780520939498,5,0.8870157,0.873795
2023-01-04,-1.4577780520939498,10,1.1852423,1.0297691
2023-01-04,-1.4577780520939498,21,0.9817075,1.0730375
2023-01-05,0.4033615296563653,1,0.0,-0.004310567
2023-01-05,0.4033615296563653,3,0.15115075,0.88581324
2023-01-05,0.4033615296563653,5,0.34282172,1.0295388
2023-01-05,0.4033615296563653,10,1.1842353,1.153752
2023-01-05,0.4033615296563653,21,0.9061402,1.2380911
2023-01-06,0.5909848697617903,1,0.0,-0.012371946
2023-01-06,0.5909848697617903,3,0.1791578,0.8231916
2023-01-06,0.5909848697617903,5,0.8147375,0.9236386
2023-01-06,0.5909848697617903,10,1.1870071,1.039668
2023-01-06,0.5909848697617903,21,0.9090234,1.0441929
2023-01-10,0.7735924254403059,1,0.0,-0.008210357
2023-01-10,0.7735924254403059,3,0.43050423,0.67402333
2023-01-10,0.7735924254403059,5,0.9460913,0.7643783
2023-01-10,0.7735924254403059,10,1.2255429,0.9133175
2023-01-10,0.7735924254403059,21,0.910256,0.9637637
2023-01-11,1.0278746253945314,1,0.0,-0.0104643665
2023-01-11,1.0278746253945314,3,0.93462664,0.75259537
2023-01-11,1.0278746253945314,5,1.0415635,0.9130966
2023-01-11,1.0278746253945314,10,1.2649955,1.0453912
2023-01-11,1.0278746253945314,21,0.9121809,1.0857242
2023-01-12,0.014444666834023678,1,0.0,-0.0016789883
2023-01-12,0.014444666834023678,3,0.5745646,0.7573324
2023-01-12,0.014444666834023678,5,1.4222403,0.8771848
2023-01-12,0.014444666834023678,10,1.2486788,0.9617487
2023-01-12,0.014444666834023678,21,0.89779156,1.016102
2023-01-13,-1.2566455232761342,1,0.0,-0.008711468
2023-01-13,-1.2566455232761342,3,1.1408721,0.928195
2023-01-13,-1.2566455232761342,5,1.584239,1.1005626
2023-01-13,-1.2566455232761342,10,1.2528839,1.2398527
2023-01-13,-1.2566455232761342,21,0.8970964,1.2000701
2023-01-16,-1.1443663259038672,1,0.0,-0.00959697
2023-01-16,-1.1443663259038672,3,1.4969141,0.78713435
2023-01-16,-1.1443663259038672,5,1.4660217,0.9528335
2023-01-16,-1.1443663259038672,10,1.1421328,1.1087093
2023-01-16,-1.1443663259038672,21,0.87115014,1.1478546
2023-01-17,1.2176951332296682,1,0.0,-0.006727714
2023-01-17,1.2176951332296682,3,1.6335026,0.98805183
2023-01-17,1.2176951332296682,5,1.291405,1.1756344
2023-01-17,1.2176951332296682,10,1.0166929,1.3116944
2023-01-17,1.2176951332296682,21,0.81805766,1.3155384
2023-01-18,2.465425960658507,1,0.0,-0.01014315
2023-01-18,2.465425960658507,3,1.599,0.777576
2023-01-18,2.465425960658507,5,1.3089132,0.9146947
2023-01-18,2.465425960658507,10,1.0339496,1.0202181
2023-01-18,2.465425960658507,21,0.8044905,0.95716065
2023-01-19,-1.450834290542602,1,0.0,-0.0094447695
2023-01-19,-1.450834290542602,3,1.1685846,0.8983039
2023-01-19,-1.450834290542602,5,1.0383831,1.0712585
2023-01-19,-1.450834290542602,10,0.785673,1.205001
2023-01-19,-1.450834290542602,21,0.6441973,1.2296239
2023-01-20,0.5600554711332251,1,0.0,-0.011133198
2023-01-20,0.5600554711332251,3,0.39245617,0.9192677
2023-01-20,0.5600554711332251,5,0.5926632,1.1200947
2023-01-20,0.5600554711332251,10,0.56186783,1.1993035
2023-01-20,0.5600554711332251,21,0.5678838,1.2106245
2023-01-23,1.3188092820058728,1,0.0,-0.010486696
2023-01-23,1.3188092820058728,3,0.49054897,0.7295272
2023-01-23,1.3188092820058728,5,0.64732003,0.9144113
2023-01-23,1.3188092820058728,10,0.5584461,1.1106787
2023-01-23,1.3188092820058728,21,0.5624904,1.1618553
2023-01-24,1.45062495124062,1,0.0,-0.010682438
2023-01-24,1.45062495124062,3,0.6574185,0.7144782
2023-01-24,1.45062495124062,5,0.55264395,0.816783
2023-01-24,1.45062495124062,10,0.47360975,0.9827691
2023-01-24,1.45062495124062,21,0.5055477,0.96513605
2023-01-25,0.35038600766128525,1,0.0,0.0012326203
2023-01-25,0.35038600766128525,3,0.19226454,0.8265217
2023-01-25,0.35038600766128525,5,0.25491622,1.0159358
2023-01-25,0.35038600766128525,10,0.27832702,1.1610764
2023-01-25,0.35038600766128525,21,0.50104046,1.1810284
2023-01-26,-0.1178272065743613,1,0.0,-0.008195791
2023-01-26,-0.1178272065743613,3,0.12515563,0.7958279
2023-01-26,-0.1178272065743613,5,0.20163228,0.9824954
2023-01-26,-0.1178272065743613,10,0.29527426,1.0997334
2023-01-26,-0.1178272065743613,21,0.56944954,1.0674806
2023-01-27,0.07237349662219117,1,0.0,-0.011706527
2023-01-27,0.07237349662219117,3,0.24811624,0.66310644
2023-01-27,0.07237349662219117,5,0.21544194,0.7842606
2023-01-27,0.07237349662219117,10,0.29299596,0.9428312
2023-01-27,0.07237349662219117,21,0.5693441,0.97839695
2023-01-30,0.18549290191334222,1,0.0,-0.006177783
2023-01-30,0.18549290191334222,3,0.2481087,0.8735858
2023-01-30,0.18549290191334222,5,0.26124662,0.97660536
2023-01-30,0.18549290191334222,10,0.30113545,1.0871427
2023-01-30,0.18549290191334222,21,0.5693785,1.1083838
2023-01-31,-0.38820365100900034,1,0.0,-0.009714041
2023-01-31,-0.38820365100900034,3,0.25310907,0.90352863
2023-01-31,-0.38820365100900034,5,0.3511729,1.0221866
2023-01-31,-0.38820365100900034,10,0.42005095,1.1282127
2023-01-31,-0.38820365100900034,21,0.57065,1.13285
2023-02-01,0.07232501287042226,1,0.0,-0.018069003
2023-02-01,0.07232501287042226,3,0.13096286,0.7050366
2023-02-01,0.07232501287042226,5,0.24722317,0.8104576
2023-02-01,0.07232501287042226,10,0.43813628,0.9610691
2023-02-01,0.07232501287042226,21,0.56389606,1.018206
2023-02-02,0.20153796209587682,1,0.0,-0.009559128
2023-02-02,0.20153796209587682,3,0.19124205,0.5884273
2023-02-02,0.20153796209587682,5,0.32955185,0.6857656
2023-02-02,0.20153796209587682,10,0.46014625,0.866999
2023-02-02,0.20153796209587682,21,0.65001106,0.9417514
2023-02-03,0.39121229730536555,1,0.0,-0.003142763
2023-02-03,0.39121229730536555,3,0.28652698,0.9220589
2023-02-03,0.39121229730536555,5,0.34623614,0.9771498
2023-02-03,0.39121229730536555,10,0.49915257,1.0500121
2023-02-03,0.39121229730536555,21,0.684299,1.1035458
2023-02-06,0.6673179544042895,1,0.0,-0.004314158
2023-02-06,0.6673179544042895,3,0.402726,0.8455606
2023-02-06,0.6673179544042895,5,0.3358756,1.0012846
2023-02-06,0.6673179544042895,10,0.53792375,1.1350092
2023-02-06,0.6673179544042895,21,0.68253875,1.0843631
2023-02-07,-0.029540691141072273,1,0.0,-0.01157238
2023-02-07,-0.029540691141072273,3,0.11081585,0.7400756
2023-02-07,-0.029540691141072273,5,0.39567608,0.90919775
2023-02-07,-0.029540691141072273,10,0.4918025,0.99727124
2023-02-07,-0.029540691141072273,21,0.67663974,0.9903382
2023-02-08,-0.2857914963641406,1,0.0,0.0055715144
2023-02-08,-0.2857914963641406,3,0.24866782,0.8799612
2023-02-08,-0.2857914963641406,5,0.52103585,1.0241405
2023-02-08,-0.2857914963641406,10,0.49382153,1.185609
2023-02-08,-0.2857914963641406,21,0.68380505,1.0781983
2023-02-09,-0.08012685115108553,1,0.0,-0.008015908
2023-02-09,-0.08012685115108553,3,0.49857792,0.86140627
2023-02-09,-0.08012685115108553,5,0.52894825,1.0747515
2023-02-09,-0.08012685115108553,10,0.6249466,1.1583776
2023-02-09,-0.08012685115108553,21,0.78495324,1.1191145
2023-02-10,0.31356587766140365,1,0.0,-0.0057160966
2023-02-10,0.31356587766140365,3,0.65465236,0.697987
2023-02-10,0.31356587766140365,5,0.61408514,0.82962036
2023-02-10,0.31356587766140365,10,0.764975,0.93888503
2023-02-10,0.31356587766140365,21,0.82538027,0.9472217
2023-02-13,-0.8844619206005433,1,0.0,-0.006397903
2023-02-13,-0.8844619206005433,3,0.6318567,0.7534084
2023-02-13,-0.8844619206005433,5,0.6626575,0.92724246
2023-02-13,-0.8844619206005433,10,0.7554684,0.997706
2023-02-13,-0.8844619206005433,21,0.95230716,1.0149704
2023-02-14,0.6376504698627272,1,0.0,-0.010471921
2023-02-14,0.6376504698627272,3,0.48989615,0.7581405
2023-02-14,0.6376504698627272,5,0.5393402,0.9791103
2023-02-14,0.6376504698627272,10,0.7078996,1.1227841
2023-02-14,0.6376504698627272,21,0.93517494,1.1882588
2023-02-15,-0.3662497000801679,1,0.0,-0.010838106
2023-02-15,-0.3662497000801679,3,0.5879037,0.7048091
2023-02-15,-0.3662497000801679,5,0.46438274,0.89698344
2023-02-15,-0.3662497000801679,10,0.6827856,1.0443413
2023-02-15,-0.3662497000801679,21,0.93633866,1.1337162
2023-02-16,0.7050249309804357,1,0.0,-0.0127910115
2023-02-16,0.7050249309804357,3,0.559377,0.69007856
2023-02-16,0.7050249309804357,5,0.69148856,0.8429269
2023-02-16,0.7050249309804357,10,0.67392313,0.9544617
2023-02-16,0.7050249309804357,21,0.9734059,1.0627763
2023-02-17,-0.6640488825082613,1,0.0,-0.011135783
2023-02-17,-0.6640488825082613,3,0.3016013,0.6283966
2023-02-17,-0.6640488825082613,5,0.8718745,0.81637394
2023-02-17,-0.6640488825082613,10,0.7979738,0.9459368
2023-02-17,-0.6640488825082613,21,1.0024801,1.0194732
2023-02-20,0.06833888802475485,1,0.0,-0.0018571541
2023-02-20,0.06833888802475485,3,0.6136637,0.6275348
2023-02-20,0.06833888802475485,5,0.8373323,0.76498103
2023-02-20,0.06833888802475485,10,0.8087532,0.8980626
2023-02-20,0.06833888802475485,21,1.0842648,0.94964385
2023-02-21,-0.21394354843202734,1,0.0,-0.003970787
2023-02-21,-0.21394354843202734,3,1.0775453,0.62214714
2023-02-21,-0.21394354843202734,5,0.83767337,0.763479
2023-02-21,-0.21394354843202734,10,0.80627286,0.9072717
2023-02-21,-0.21394354843202734,21,1.0846614,0.95406127
2023-02-22,-1.3514193598920698,1,0.0,-0.010786079
2023-02-22,-1.3514193598920698,3,1.0747991,0.7270868
2023-02-22,-1.3514193598920698,5,0.84192175,0.86620426
2023-02-22,-1.3514193598920698,10,0.7905555,0.9952028
2023-02-22,-1.3514193598920698,21,1.0840691,1.0673628
2023-02-24,1.2799816645850726,1,0.0,-0.014438853
2023-02-24,1.2799816645850726,3,0.6149123,0.59541863
2023-02-24,1.2799816645850726,5,0.51170945,0.77601844
2023-02-24,1.2799816645850726,10,0.5523334,0.9086531
2023-02-24,1.2799816645850726,21,1.0438181,0.9974421
2023-02-27,-0.10758349274588852,1,0.0,-0.016034342
2023-02-27,-0.10758349274588852,3,0.14935799,0.6245796
2023-02-27,-0.10758349274588852,5,0.6155477,0.7737399
2023-02-27,-0.10758349274588852,10,0.8135302,0.914281
2023-02-27,-0.10758349274588852,21,1.0083243,1.0139931
2023-02-28,0.07873081414384586,1,0.0,-0.011135973
2023-02-28,0.07873081414384586,3,0.13192059,0.5148558
2023-02-28,0.07873081414384586,5,0.629221,0.6137201
2023-02-28,0.07873081414384586,10,0.90771294,0.73179483
2023-02-28,0.07873081414384586,21,1.0454379,0.84179175
2023-03-01,0.2582463281266101,1,0.0,-0.008444149
2023-03-01,0.2582463281266101,3,0.69589823,0.57124954
2023-03-01,0.2582463281266101,5,0.60462767,0.7138787
2023-03-01,0.2582463281266101,10,1.1537449,0.8608206
2023-03-01,0.2582463281266101,21,1.0496581,0.92796266
2023-03-02,-0.06420077781204014,1,0.0,-0.00053846464
2023-03-02,-0.06420077781204014,3,0.6795985,0.6204441
2023-03-02,-0.06420077781204014,5,0.5845482,0.73769987
2023-03-02,-0.06420077781204014,10,1.1490096,0.83091825
2023-03-02,-0.06420077781204014,21,1.0652474,0.86079866
2023-03-03,1.5465935761209693,1,0.0,0.00071338937
2023-03-03,1.5465935761209693,3,0.5371304,0.5750089
2023-03-03,1.5465935761209693,5,0.46586365,0.65573823
2023-03-03,1.5465935761209693,10,1.167838,0.74076754
2023-03-03,1.5465935761209693,21,1.068511,0.74791855
2023-03-06,1.1049955307690595,1,0.0,-0.008939464
2023-03-06,1.1049955307690595,3,0.36094528,0.6436177
2023-03-06,1.1049955307690595,5,0.9628648,0.78084373
2023-03-06,1.1049955307690595,10,1.1189462,0.845981
2023-03-06,1.1049955307690595,21,1.0217031,0.88829106
2023-03-07,0.25246599720496476,1,0.0,-0.00063589215
2023-03-07,0.25246599720496476,3,0.15392144,0.63189596
2023-03-07,0.25246599720496476,5,0.932908,0.7263264
2023-03-07,0.25246599720496476,10,1.0776117,0.79285306
2023-03-07,0.25246599720496476,21,1.0584534,0.8203198
2023-03-08,0.47584698557425753,1,0.0,-0.004787788
2023-03-08,0.47584698557425753,3,1.0576537,0.64155334
2023-03-08,0.47584698557425753,5,1.1457614,0.77555984
2023-03-08,0.47584698557425753,10,1.2843779,0.87648827
2023-03-08,0.47584698557425753,21,1.0836964,0.9043334
2023-03-09,0.627194204749415,1,0.0,-0.0012861416
2023-03-09,0.627194204749415,3,0.9841206,0.6656896
2023-03-09,0.627194204749415,5,1.057866,0.78454095
2023-03-09,0.627194204749415,10,1.259613,0.87706584
2023-03-09,0.627194204749415,21,1.0772647,0.97814906
2023-03-10,-1.6882697580859585,1,0.0,0.002817873
2023-03-10,-1.6882697580859585,3,0.45254508,0.5760887
2023-03-10,-1.6882697580859585,5,0.76656646,0.68294936
2023-03-10,-1.6882697580859585,10,1.2198273,0.7740698
2023-03-10,-1.6882697580859585,21,1.070918,0.8626518
2023-03-13,-1.1112183423046318,1,0.0,-0.00620123
2023-03-13,-1.1112183423046318,3,0.9172549,0.72774255
2023-03-13,-1.1112183423046318,5,1.1420072,0.9110144
2023-03-13,-1.1112183423046318,10,1.1627669,1.0014085
2023-03-13,-1.1112183423046318,21,1.0438374,1.0674227
2023-03-14,-2.2194058738628897,1,0.0,-0.0017655492
2023-03-14,-2.2194058738628897,3,0.9272885,0.685276
2023-03-14,-2.2194058738628897,5,1.177996,0.81160253
2023-03-14,-2.2194058738628897,10,1.1293473,0.8883267
2023-03-14,-2.2194058738628897,21,1.022647,0.9272991
2023-03-15,0.027332226392751124,1,0.0,-0.004119601
2023-03-15,0.027332226392751124,3,0.8186945,0.75855845
2023-03-15,0.027332226392751124,5,1.2343867,0.92967767
2023-03-15,0.027332226392751124,10,0.95510185,1.0226951
2023-03-15,0.027332226392751124,21,0.8891128,1.0168777
2023-03-16,-0.8070498494960887,1,0.0,-0.008018345
2023-03-16,-0.8070498494960887,3,1.1173235,0.69470745
2023-03-16,-0.8070498494960887,5,1.241797,0.85579056
2023-03-16,-0.8070498494960887,10,0.9708106,0.9553165
2023-03-16,-0.8070498494960887,21,0.9148024,0.9709872
2023-03-17,1.189390283692937,1,0.0,-0.011563916
2023-03-17,1.189390283692937,3,1.4366895,0.8379759
2023-03-17,1.189390283692937,5,1.1655071,1.0255256
2023-03-17,1.189390283692937,10,0.9291629,1.0920684
2023-03-17,1.189390283692937,21,0.88668185,1.1759382
2023-03-20,-1.4301017831783724,1,0.0,-0.01100735
2023-03-20,-1.4301017831783724,3,1.3794198,0.6982803
2023-03-20,-1.4301017831783724,5,1.0783241,0.91073364
2023-03-20,-1.4301017831783724,10,0.89143366,1.0306307
2023-03-20,-1.4301017831783724,21,0.864126,1.1139715
2023-03-22,1.9148448739832347,1,0.0,-0.018754903
2023-03-22,1.9148448739832347,3,0.97276825,0.86362725
2023-03-22,1.9148448739832347,5,0.7696275,1.0778056
2023-03-22,1.9148448739832347,10,0.67902815,1.2013483
2023-03-22,1.9148448739832347,21,0.78776103,1.3426564
2023-03-23,-0.17126343391282717,1,0.0,-0.007963646
2023-03-23,-0.17126343391282717,3,0.2281397,0.8804005
2023-03-23,-0.17126343391282717,5,0.541492,1.015505
2023-03-23,-0.17126343391282717,10,0.7749742,1.0902956
2023-03-23,-0.17126343391282717,21,0.6983947,1.2162957
2023-03-24,-0.12538807650823713,1,0.0,-0.013934124
2023-03-24,-0.12538807650823713,3,0.18880309,0.80937225
2023-03-24,-0.12538807650823713,5,0.57895243,0.9675781
2023-03-24,-0.12538807650823713,10,0.87456,1.0651999
2023-03-24,-0.12538807650823713,21,0.7030871,1.1325867
2023-03-27,0.333998129242552,1,0.0,-0.0092606805
2023-03-27,0.333998129242552,3,0.51335305,0.68626237
2023-03-27,0.333998129242552,5,0.5904719,0.8431512
2023-03-27,0.333998129242552,10,0.87410915,0.96727705
2023-03-27,0.333998129242552,21,0.6998164,1.0333284
2023-03-28,0.15048923552214433,1,0.0,-0.0037272796
2023-03-28,0.15048923552214433,3,0.7038423,0.6294125
2023-03-28,0.15048923552214433,5,0.5863551,0.73626614
2023-03-28,0.15048923552214433,10,0.87722313,0.8404077
2023-03-28,0.15048923552214433,21,0.699594,0.8933439
2023-03-29,1.3195711620534567,1,0.0,-0.0058330186
2023-03-29,1.3195711620534567,3,0.7183358,0.6929644
2023-03-29,1.3195711620534567,5,0.5668113,0.80967206
2023-03-29,1.3195711620534567,10,0.9262322,0.92645305
2023-03-29,1.3195711620534567,21,0.7258861,0.9644531
2023-03-30,-0.3623340468637437,1,0.0,-0.002874203
2023-03-30,-0.3623340468637437,3,0.5380832,0.74584
2023-03-30,-0.3623340468637437,5,0.9197608,0.8789331
2023-03-30,-0.3623340468637437,10,0.8558376,0.9624479
2023-03-30,-0.3623340468637437,21,0.67747706,0.974929
2023-03-31,0.9263067151335846,1,0.0,0.0053875744
2023-03-31,0.9263067151335846,3,0.24106532,0.6442062
2023-03-31,0.9263067151335846,5,1.0370643,0.7406449
2023-03-31,0.9263067151335846,10,0.8446742,0.87872845
2023-03-31,0.9263067151335846,21,0.72232187,0.93066645
2023-04-03,0.5216831491598128,1,0.0,-0.0036568455
2023-04-03,0.5216831491598128,3,1.005102,0.65676147
2023-04-03,0.5216831491598128,5,0.9044314,0.78144485
2023-04-03,0.5216831491598128,10,0.8724223,0.92011386
2023-04-03,0.5216831491598128,21,0.722019,0.94725645
2023-04-04,0.3515489367783786,1,0.0,-0.0032186396
2023-04-04,0.3515489367783786,3,0.8748366,0.6468083
2023-04-04,0.3515489367783786,5,0.8846219,0.7306877
2023-04-04,0.3515489367783786,10,0.8641525,0.86235714
2023-04-04,0.3515489367783786,21,0.7180315,0.9183317
2023-04-05,-1.6904303120467645,1,0.0,-0.01153871
2023-04-05,-1.6904303120467645,3,0.78967416,0.6826299
2023-04-05,-1.6904303120467645,5,1.0325439,0.87314975
2023-04-05,-1.6904303120467645,10,0.8695116,0.9913122
2023-04-05,-1.6904303120467645,21,0.7402031,1.0824127
2023-04-06,-1.2322609355463143,1,0.0,-0.011540387
2023-04-06,-1.2322609355463143,3,0.72598153,0.7742415
2023-04-06,-1.2322609355463143,5,0.76767117,0.9624092
2023-04-06,-1.2322609355463143,10,0.64147264,1.0907259
2023-04-06,-1.2322609355463143,21,0.6444239,1.1519765
2023-04-07,0.16613535552778558,1,0.0,-0.0040326677
2023-04-07,0.16613535552778558,3,0.36856064,0.8465879
2023-04-07,0.16613535552778558,5,0.30757126,1.0437818
2023-04-07,0.16613535552778558,10,0.40448135,1.1674256
2023-04-07,0.16613535552778558,21,0.5753074,1.1174147
2023-04-10,0.418297936036538,1,0.0,-0.010079626
2023-04-10,0.418297936036538,3,0.26614755,0.8612786
2023-04-10,0.418297936036538,5,0.3583844,1.0817194
2023-04-10,0.418297936036538,10,0.45888934,1.2385159
2023-04-10,0.418297936036538,21,0.57758594,1.2878741
2023-04-11,1.0429341310553397,1,0.0,-0.016435128
2023-04-11,1.0429341310553397,3,0.32043618,0.8957251
2023-04-11,1.0429341310553397,5,0.43075258,1.0951803
2023-04-11,1.0429341310553397,10,0.46553546,1.2133644
2023-04-11,1.0429341310553397,21,0.592088,1.2427429
2023-04-12,0.5689758721851845,1,0.0,-0.015662927
2023-04-12,0.5689758721851845,3,0.38437155,0.8087468
2023-04-12,0.5689758721851845,5,0.37751746,1.0268232
2023-04-12,0.5689758721851845,10,0.4057967,1.163693
2023-04-12,0.5689758721851845,21,0.57985425,1.173754
2023-04-13,0.2641250478744084,1,0.0,-0.01754186
2023-04-13,0.2641250478744084,3,0.48633802,0.8862614
2023-04-13,0.2641250478744084,5,0.4669004,1.0894929
2023-04-13,0.2641250478744084,10,0.47962627,1.1983408
2023-04-13,0.2641250478744084,21,0.58459496,1.2115985
2023-04-14,1.188001185124854,1,0.0,-0.013581809
2023-04-14,1.188001185124854,3,0.45843568,0.8331385
2023-04-14,1.188001185124854,5,0.47208115,1.011135
2023-04-14,1.188001185124854,10,0.47732592,1.1422167
2023-04-14,1.188001185124854,21,0.5959963,1.1431584
2023-04-17,0.07475617912273691,1,0.0,-0.014295172
2023-04-17,0.07475617912273691,3,0.2829,0.76485723
2023-04-17,0.07475617912273691,5,0.2890807,0.96253186
2023-04-17,0.07475617912273691,10,0.52497405,1.0766559
2023-04-17,0.07475617912273691,21,0.6285924,1.0960075
2023-04-18,0.50390761625696,1,0.0,-0.012787014
2023-04-18,0.50390761625696,3,0.2800688,0.76932263
2023-04-18,0.50390761625696,5,0.28975752,0.91478395
2023-04-18,0.50390761625696,10,0.57545936,0.9989007
2023-04-18,0.50390761625696,21,0.63209516,1.0627993
2023-04-19,-0.18185555057552705,1,0.0,-0.0063882843
2023-04-19,-0.18185555057552705,3,0.2116175,0.67142737
2023-04-19,-0.18185555057552705,5,0.19289048,0.8148424
2023-04-19,-0.18185555057552705,10,0.56740165,0.91174287
2023-04-19,-0.18185555057552705,21,0.6416873,0.9695948
2023-04-20,0.17745972105149832,1,0.0,-0.0077129863
2023-04-20,0.17745972105149832,3,0.22158283,0.639739
2023-04-20,0.17745972105149832,5,0.33977458,0.7724143
2023-04-20,0.17745972105149832,10,0.6209025,0.9202201
2023-04-20,0.17745972105149832,21,0.65340585,0.9739374
2023-04-21,-0.3257535664921818,1,0.0,-0.005075682
2023-04-21,-0.3257535664921818,3,0.19951469,0.5984567
2023-04-21,-0.3257535664921818,5,0.33401826,0.7637104
2023-04-21,-0.3257535664921818,10,0.6760774,0.845208
2023-04-21,-0.3257535664921818,21,0.70647556,0.98404586
2023-04-24,0.10199954487344343,1,0.0,-0.0040136464
2023-04-24,0.10199954487344343,3,0.38248593,0.6520161
2023-04-24,0.10199954487344343,5,0.6751348,0.762508
2023-04-24,0.10199954487344343,10,0.6833932,0.83620614
2023-04-24,0.10199954487344343,21,0.69134563,0.95321417
2023-04-25,0.09281285522710903,1,0.0,-0.012636136
2023-04-25,0.09281285522710903,3,0.39315808,0.60139596
2023-04-25,0.09281285522710903,5,0.72780216,0.7412376
2023-04-25,0.09281285522710903,10,0.68503845,0.8784515
2023-04-25,0.09281285522710903,21,0.68895304,0.9743504
2023-04-26,-0.7139299492267881,1,0.0,-0.0087426305
2023-04-26,-0.7139299492267881,3,0.8643881,0.520381
2023-04-26,-0.7139299492267881,5,0.72587925,0.6376841
2023-04-26,-0.7139299492267881,10,0.71576816,0.80513567
2023-04-26,-0.7139299492267881,21,0.6993189,0.95874685
2023-04-27,0.14491290438094495,1,0.0,-0.00590501
2023-04-27,0.14491290438094495,3,0.51393527,0.5992149
2023-04-27,0.14491290438094495,5,0.7265436,0.8151832
2023-04-27,0.14491290438094495,10,0.6501929,0.9939729
2023-04-27,0.14491290438094495,21,0.6530769,1.0505012
2023-04-28,1.391511222421471,1,0.0,-0.007972188
2023-04-28,1.391511222421471,3,0.5251431,0.6558283
2023-04-28,1.391511222421471,5,0.75395733,0.8635359
2023-04-28,1.391511222421471,10,0.64935124,0.9999177
2023-04-28,1.391511222421471,21,0.7644642,1.1125246
2023-05-01,0.9201237270609397,1,0.0,0.0003466159
2023-05-01,0.9201237270609397,3,0.6680554,0.7074541
2023-05-01,0.9201237270609397,5,0.69140655,0.89293545
2023-05-01,0.9201237270609397,10,0.58962506,1.0476352
2023-05-01,0.9201237270609397,21,0.7386107,0.9870366
2023-05-02,0.11931661595259158,1,0.0,-0.0065436624
2023-05-02,0.11931661595259158,3,0.7034975,0.7021635
2023-05-02,0.11931661595259158,5,0.58512646,0.9700832
2023-05-02,0.11931661595259158,10,0.67354023,1.1166306
2023-05-02,0.11931661595259158,21,0.75097936,1.2677222
2023-05-08,-0.7161487474567352,1,0.0,-0.015582554
2023-05-08,-0.7161487474567352,3,0.7510864,0.7093242
2023-05-08,-0.7161487474567352,5,0.68893677,0.8711118
2023-05-08,-0.7161487474567352,10,0.6661514,1.0008973
2023-05-08,-0.7161487474567352,21,0.83972836,1.0931357
2023-05-09,1.0067995528450169,1,0.0,-0.0051876046
2023-05-09,1.0067995528450169,3,0.59474534,0.6312509
2023-05-09,1.0067995528450169,5,0.5599867,0.84687513
2023-05-09,1.0067995528450169,10,0.5190186,1.021452
2023-05-09,1.0067995528450169,21,0.8000268,1.1014664
2023-05-10,-0.41340117129404774,1,0.0,-0.009329166
2023-05-10,-0.41340117129404774,3,0.54418415,0.6295802
2023-05-10,-0.41340117129404774,5,0.5151117,0.8205501
2023-05-10,-0.41340117129404774,10,0.60641086,0.98648745
2023-05-10,-0.41340117129404774,21,0.94047135,1.1071959
2023-05-11,0.015591764320888046,1,0.0,-0.010553181
2023-05-11,0.015591764320888046,3,0.39514095,0.800409
2023-05-11,0.015591764320888046,5,0.3247357,1.0065835
2023-05-11,0.015591764320888046,10,0.69471675,1.125557
2023-05-11,0.015591764320888046,21,0.963593,1.1817993
2023-05-12,0.8940672461564603,1,0.0,-0.014545139
2023-05-12,0.8940672461564603,3,0.06758061,0.6933617
2023-05-12,0.8940672461564603,5,0.31145874,0.88860387
2023-05-12,0.8940672461564603,10,0.6763795,0.98800796
2023-05-12,0.8940672461564603,21,1.0142329,1.1102006
2023-05-15,0.8067162687943608,1,0.0,-0.0019928478
2023-05-15,0.8067162687943608,3,0.04539846,0.7174086
2023-05-15,0.8067162687943608,5,0.3219769,0.86626416
2023-05-15,0.8067162687943608,10,0.6685771,0.9190016
2023-05-15,0.8067162687943608,21,1.0102139,0.9946995
2023-05-16,0.7286154015913482,1,0.0,0.0050909556
2023-05-16,0.7286154015913482,3,0.38020304,0.59030837
2023-05-16,0.7286154015913482,5,0.3161511,0.7561197
2023-05-16,0.7286154015913482,10,0.6811493,0.8460185
2023-05-16,0.7286154015913482,21,1.0466762,0.95958817
2023-05-17,0.8362207831783763,1,0.0,-0.0089201145
2023-05-17,0.8362207831783763,3,0.37054306,0.6433731
2023-05-17,0.8362207831783763,5,0.6454537,0.7782804
2023-05-17,0.8362207831783763,10,0.6806128,0.8693092
2023-05-17,0.8362207831783763,21,1.0649467,0.9161844
2023-05-18,1.5835487754504385,1,0.0,-0.0039870664
2023-05-18,1.5835487754504385,3,0.35869536,0.5507351
2023-05-18,1.5835487754504385,5,0.90761113,0.6879321
2023-05-18,1.5835487754504385,10,0.8727189,0.75091845
2023-05-18,1.5835487754504385,21,1.0703595,0.8266149
2023-05-19,0.7638069626374033,1,0.0,-0.0011982024
2023-05-19,0.7638069626374033,3,0.59083724,0.5687844
2023-05-19,0.7638069626374033,5,0.693057,0.6863269
2023-05-19,0.7638069626374033,10,0.7838822,0.77540135
2023-05-19,0.7638069626374033,21,1.0439048,0.8169091
2023-05-22,0.8998200744894547,1,0.0,-0.0056288242
2023-05-22,0.8998200744894547,3,0.75800526,0.5298432
2023-05-22,0.8998200744894547,5,0.63917285,0.6234173
2023-05-22,0.8998200744894547,10,0.8259011,0.7448761
2023-05-22,0.8998200744894547,21,1.0865749,0.81746745
2023-05-23,-0.41599426373259973,1,0.0,-0.0011533983
2023-05-23,-0.41599426373259973,3,0.52727616,0.4880964
2023-05-23,-0.41599426373259973,5,0.6716131,0.5615379
2023-05-23,-0.41599426373259973,10,0.99970806,0.6581737
2023-05-23,-0.41599426373259973,21,1.082225,0.6862161
2023-05-24,-0.8925686738269434,1,0.0,-0.0006934926
2023-05-24,-0.8925686738269434,3,0.5995749,0.50201106
2023-05-24,-0.8925686738269434,5,0.6221262,0.5883384
2023-05-24,-0.8925686738269434,10,0.97533935,0.7407184
2023-05-24,-0.8925686738269434,21,1.0696076,0.79644746
2023-05-25,0.38530896952604365,1,0.0,-0.003181152
2023-05-25,0.38530896952604365,3,0.30248398,0.6819662
2023-05-25,0.38530896952604365,5,0.8167962,0.76120424
2023-05-25,0.38530896952604365,10,1.1376536,0.83428127
2023-05-25,0.38530896952604365,21,1.0716718,0.81319785
2023-05-26,0.37324885346539105,1,0.0,-0.00049451366
2023-05-26,0.37324885346539105,3,0.32325807,0.5953513
2023-05-26,0.37324885346539105,5,0.8635589,0.6807521
2023-05-26,0.37324885346539105,10,1.1980234,0.7560511
2023-05-26,0.37324885346539105,21,1.1416788,0.70669514
2023-05-29,1.0208593347257988,1,0.0,-0.00861625
2023-05-29,1.0208593347257988,3,1.022096,0.6742653
2023-05-29,1.0208593347257988,5,0.95113033,0.82334626
2023-05-29,1.0208593347257988,10,1.3010181,0.9033
2023-05-29,1.0208593347257988,21,1.1474482,0.9559296
2023-05-30,0.30248911739914064,1,0.0,-0.013352983
2023-05-30,0.30248911739914064,3,0.9614173,0.66129893
2023-05-30,0.30248911739914064,5,1.1871651,0.8250302
2023-05-30,0.30248911739914064,10,1.2867776,0.87912697
2023-05-30,0.30248911739914064,21,1.1453414,0.9388252
2023-05-31,-1.415347680197776,1,0.0,0.0013795756
2023-05-31,-1.415347680197776,3,1.1573228,0.5390767
2023-05-31,-1.415347680197776,5,1.1790476,0.6409615
2023-05-31,-1.415347680197776,10,1.3534585,0.7199551
2023-05-31,-1.415347680197776,21,1.2079177,0.81724775
2023-06-01,0.8386449465126233,1,0.0,-0.006091349
2023-06-01,0.8386449465126233,3,0.5644073,0.73228717
2023-06-01,0.8386449465126233,5,1.3364433,0.8897248
2023-06-01,0.8386449465126233,10,1.2079232,0.96813554
2023-06-01,0.8386449465126233,21,1.1483524,1.0046839
2023-06-02,1.2005810343094225,1,0.0,-0.0076667033
2023-06-02,1.2005810343094225,3,0.54617435,0.7958954
2023-06-02,1.2005810343094225,5,1.4562669,0.9634559
2023-06-02,1.2005810343094225,10,1.2351505,1.0760517
2023-06-02,1.2005810343094225,21,1.1473018,1.1256958
2023-06-05,2.1751439164994224,1,0.0,-0.007915933
2023-06-05,2.1751439164994224,3,1.6751119,0.6565284
2023-06-05,2.1751439164994224,5,1.5741093,0.8056859
2023-06-05,2.1751439164994224,10,1.2248826,0.8974034
2023-06-05,2.1751439164994224,21,1.1698334,0.9879271
2023-06-06,0.8941060586920457,1,0.0,0.0007174611
2023-06-06,0.8941060586920457,3,1.1312532,0.57789016
2023-06-06,0.8941060586920457,5,1.3356584,0.72955066
2023-06-06,0.8941060586920457,10,1.2048211,0.8352544
2023-06-06,0.8941060586920457,21,1.1245786,0.9507643
2023-06-07,-1.8412015928754855,1,0.0,-5.3364784e-05
2023-06-07,-1.8412015928754855,3,1.6075206,0.5519268
2023-06-07,-1.8412015928754855,5,1.4774116,0.6457133
2023-06-07,-1.8412015928754855,10,1.1932755,0.74093443
2023-06-07,-1.8412015928754855,21,1.1161139,0.8066278
2023-06-08,-0.8574379060419801,1,0.0,-0.001119066
2023-06-08,-0.8574379060419801,3,1.1472592,0.5956252
2023-06-08,-0.8574379060419801,5,1.039933,0.7147638
2023-06-08,-0.8574379060419801,10,0.9643562,0.8120157
2023-06-08,-0.8574379060419801,21,1.1055374,0.8664633
2023-06-09,1.95260514759088,1,0.0,-0.008044664
2023-06-09,1.95260514759088,3,0.6389062,0.62093323
2023-06-09,1.95260514759088,5,0.77155465,0.72806734
2023-06-09,1.95260514759088,10,0.97457755,0.7861875
2023-06-09,1.95260514759088,21,1.1212565,0.83427423
2023-06-12,0.5218937477408758,1,0.0,-0.0041512214
2023-06-12,0.5218937477408758,3,0.5353415,0.71513206
2023-06-12,0.5218937477408758,5,0.6626847,0.8591029
2023-06-12,0.5218937477408758,10,1.0039701,0.96858275
2023-06-12,0.5218937477408758,21,1.0516267,1.0118178
2023-06-13,1.7865250724732107,1,0.0,-0.0152173415
2023-06-13,1.7865250724732107,3,0.7993304,0.7763588
2023-06-13,1.7865250724732107,5,1.0121652,0.9488524
2023-06-13,1.7865250724732107,10,1.002846,1.0631628
2023-06-13,1.7865250724732107,21,1.0449919,1.1301521
2023-06-14,1.454522497208366,1,0.0,-0.0005480759
2023-06-14,1.454522497208366,3,0.6148185,0.74382645
2023-06-14,1.454522497208366,5,0.8130599,0.80325836
2023-06-14,1.454522497208366,10,0.8341927,0.8845871
2023-06-14,1.454522497208366,21,0.9734232,0.9439295
2023-06-15,-0.05055716493078677,1,0.0,-0.010157455
2023-06-15,-0.05055716493078677,3,0.67906356,0.6560419
2023-06-15,-0.05055716493078677,5,0.58963877,0.7659075
2023-06-15,-0.05055716493078677,10,0.9461688,0.92174166
2023-06-15,-0.05055716493078677,21,0.97522736,1.0193272
2023-06-16,0.6566021543038758,1,0.0,-0.012216479
2023-06-16,0.6566021543038758,3,0.68508774,0.6608207
2023-06-16,0.6566021543038758,5,0.70988965,0.7671097
2023-06-16,0.6566021543038758,10,0.94832414,0.8877444
2023-06-16,0.6566021543038758,21,0.975071,0.90173244
2023-06-19,-1.0008245860937848,1,0.0,-0.0072075836
2023-06-19,-1.0008245860937848,3,0.6489968,0.73351043
2023-06-19,-1.0008245860937848,5,0.7444724,0.8300151
2023-06-19,-1.0008245860937848,10,0.91642267,0.9493689
2023-06-19,-1.0008245860937848,21,0.96416277,0.9556669
2023-06-20,0.05538785712833061,1,0.0,-0.01727878
2023-06-20,0.05538785712833061,3,0.61667794,0.7786283
2023-06-20,0.05538785712833061,5,0.7146697,0.99071807
2023-06-20,0.05538785712833061,10,1.0172428,1.0839686
2023-06-20,0.05538785712833061,21,0.98981035,1.1633792
2023-06-21,0.5562117186668658,1,0.0,-0.020454418
2023-06-21,0.5562117186668658,3,0.85442835,0.7958303
2023-06-21,0.5562117186668658,5,0.67641276,0.9992317
2023-06-21,0.5562117186668658,10,1.0697649,1.0911177
2023-06-21,0.5562117186668658,21,1.0201077,1.1639661
2023-06-22,-0.9283777872582277,1,0.0,-0.009433638
2023-06-22,-0.9283777872582277,3,0.49548736,0.6352463
2023-06-22,-0.9283777872582277,5,1.1856999,0.77924484
2023-06-22,-0.9283777872582277,10,1.055875,0.87633926
2023-06-22,-0.9283777872582277,21,1.0122923,0.9591745
2023-06-23,-1.463662943263877,1,0.0,-0.0073536634
2023-06-23,-1.463662943263877,3,0.52365047,0.8033363
2023-06-23,-1.463662943263877,5,1.1350018,0.98124784
2023-06-23,-1.463662943263877,10,1.1420817,1.0793877
2023-06-23,-1.463662943263877,21,1.0400778,1.1213533
2023-06-26,-0.2526820951192832,1,0.0,-0.01680892
2023-06-26,-0.2526820951192832,3,1.1202419,0.87541866
2023-06-26,-0.2526820951192832,5,0.89596164,1.1009667
2023-06-26,-0.2526820951192832,10,1.1122521,1.1995599
2023-06-26,-0.2526820951192832,21,0.99313664,1.2418203
2023-06-27,-0.49199211039372415,1,0.0,-0.021724764
2023-06-27,-0.49199211039372415,3,1.0579354,0.91314805
2023-06-27,-0.49199211039372415,5,1.0082281,1.1207812
2023-06-27,-0.49199211039372415,10,1.1218374,1.1791708
2023-06-27,-0.49199211039372415,21,0.9917446,1.238975
2023-06-28,1.9950002235873399,1,0.0,-0.010773715
2023-06-28,1.9950002235873399,3,0.9497656,0.8433764
2023-06-28,1.9950002235873399,5,1.1302952,1.0000823
2023-06-28,1.9950002235873399,10,1.1173295,1.0468814
2023-06-28,1.9950002235873399,21,0.99569875,1.1516076
2023-06-29,0.12088959692544421,1,0.0,0.008844934
2023-06-29,0.12088959692544421,3,0.805121,0.6705015
2023-06-29,0.12088959692544421,5,0.8798512,0.7802629
2023-06-29,0.12088959692544421,10,0.8827772,0.8598706
2023-06-29,0.12088959692544421,21,0.89904356,0.93039334
2023-06-30,-0.13580069380445536,1,0.0,-0.013672378
2023-06-30,-0.13580069380445536,3,1.1142077,0.8438793
2023-06-30,-0.13580069380445536,5,1.1342064,0.9930876
2023-06-30,-0.13580069380445536,10,1.0400972,1.0649107
2023-06-30,-0.13580069380445536,21,0.9413735,1.1150709
2023-07-03,1.6859350876417878,1,0.0,-0.016521465
2023-07-03,1.6859350876417878,3,1.1266477,0.875418
2023-07-03,1.6859350876417878,5,1.1836442,1.0480323
2023-07-03,1.6859350876417878,10,1.0407332,1.0892863
2023-07-03,1.6859350876417878,21,0.96094733,1.0738015
2023-07-04,-0.9849113318624703,1,0.0,-0.009589892
2023-07-04,-0.9849113318624703,3,0.59613526,0.78489405
2023-07-04,-0.9849113318624703,5,0.49686766,0.8838667
2023-07-04,-0.9849113318624703,10,0.8505826,0.9502134
2023-07-04,-0.9849113318624703,21,1.0121253,0.9607622
2023-07-05,-0.25110493221234265,1,0.0,-0.008571148
2023-07-05,-0.25110493221234265,3,0.603487,0.86288154
2023-07-05,-0.25110493221234265,5,0.63325506,1.0240234
2023-07-05,-0.25110493221234265,10,0.9471895,1.0722184
2023-07-05,-0.25110493221234265,21,1.0503099,1.1173644
2023-07-06,-1.7113259304490924,1,0.0,-0.00453322
2023-07-06,-1.7113259304490924,3,0.4475041,0.75014585
2023-07-06,-1.7113259304490924,5,0.58396935,0.85610205
2023-07-06,-1.7113259304490924,10,1.0017548,0.8643456
2023-07-06,-1.7113259304490924,21,1.0519425,0.93855447
2023-07-07,-1.1804652529155746,1,0.0,-0.009438757
2023-07-07,-1.1804652529155746,3,0.4999546,0.8536758
2023-07-07,-1.1804652529155746,5,0.93553823,1.0166698
2023-07-07,-1.1804652529155746,10,0.8884608,1.1059864
2023-07-07,-1.1804652529155746,21,0.99541575,1.0921698
2023-07-10,-0.6153476953903336,1,0.0,-0.014258616
2023-07-10,-0.6153476953903336,3,0.3648229,0.91375417
2023-07-10,-0.6153476953903336,5,0.80319685,1.087857
2023-07-10,-0.6153476953903336,10,0.9002828,1.1438528
2023-07-10,-0.6153476953903336,21,0.9680531,1.089669
2023-07-11,0.0429853534301472,1,0.0,-0.021041881
2023-07-11,0.0429853534301472,3,0.94359285,0.9420465
2023-07-11,0.0429853534301472,5,0.74433464,1.0888798
2023-07-11,0.0429853534301472,10,0.8712644,1.1907846
2023-07-11,0.0429853534301472,21,0.9657928,1.1981198
2023-07-12,-0.8095157032979472,1,0.0,-0.0173072
2023-07-12,-0.8095157032979472,3,0.95438814,0.74423105
2023-07-12,-0.8095157032979472,5,0.8429559,0.8918759
2023-07-12,-0.8095157032979472,10,0.872728,0.94637877
2023-07-12,-0.8095157032979472,21,0.981895,0.99333394
2023-07-13,1.4772683607493065,1,0.0,-0.019510347
2023-07-13,1.4772683607493065,3,0.6629797,0.8761443
2023-07-13,1.4772683607493065,5,0.976278,1.0159824
2023-07-13,1.4772683607493065,10,0.82308567,1.1328098
2023-07-13,1.4772683607493065,21,1.0062264,1.2037393
2023-07-14,-0.08662261622038869,1,0.0,-0.011276662
2023-07-14,-0.08662261622038869,3,0.5508186,0.74234337
2023-07-14,-0.08662261622038869,5,0.8323767,0.8723773
2023-07-14,-0.08662261622038869,10,0.74155533,0.99455804
2023-07-14,-0.08662261622038869,21,0.9606882,1.013439
2023-07-18,0.31634648096545703,1,0.0,-0.004930705
2023-07-18,0.31634648096545703,3,1.019847,0.7885197
2023-07-18,0.31634648096545703,5,0.9788347,0.9084884
2023-07-18,0.31634648096545703,10,0.8125414,1.0104158
2023-07-18,0.31634648096545703,21,1.0091063,0.99771917
2023-07-19,1.2299928899908608,1,0.0,-0.01839384
2023-07-19,1.2299928899908608,3,1.0436736,0.8137903
2023-07-19,1.2299928899908608,5,0.9805882,0.9981527
2023-07-19,1.2299928899908608,10,0.83763003,1.1000823
2023-07-19,1.2299928899908608,21,1.0074236,1.1152313
2023-07-20,-1.2403679745531804,1,0.0,-0.012304518
2023-07-20,-1.2403679745531804,3,1.0393538,0.8198865
2023-07-20,-1.2403679745531804,5,0.80836654,0.94783616
2023-07-20,-1.2403679745531804,10,1.084302,1.0317335
2023-07-20,-1.2403679745531804,21,0.96353954,1.0841199
2023-07-21,-0.5749539530009784,1,0.0,-0.015883092
2023-07-21,-0.5749539530009784,3,0.75446755,0.954519
2023-07-21,-0.5749539530009784,5,0.6303835,1.0783554
2023-07-21,-0.5749539530009784,10,1.1404278,1.1224614
2023-07-21,-0.5749539530009784,21,0.9425168,1.182356
2023-07-24,1.2205006423659626,1,0.0,-0.006494891
2023-07-24,1.2205006423659626,3,0.59888196,0.76421934
2023-07-24,1.2205006423659626,5,0.58771867,0.88014656
2023-07-24,1.2205006423659626,10,1.1304449,0.96266776
2023-07-24,1.2205006423659626,21,0.96291983,1.0151948
2023-07-25,-0.056374168717887585,1,0.0,-0.0030449517
2023-07-25,-0.056374168717887585,3,0.3439883,0.70525235
2023-07-25,-0.056374168717887585,5,0.5981085,0.7824834
2023-07-25,-0.056374168717887585,10,1.0559013,0.87631506
2023-07-25,-0.056374168717887585,21,0.9281001,0.92035
2023-07-26,-0.04336568592986367,1,0.0,-0.014044978
2023-07-26,-0.04336568592986367,3,0.44987237,0.79809016
2023-07-26,-0.04336568592986367,5,0.61263025,0.92148024
2023-07-26,-0.04336568592986367,10,1.0672956,0.9999662
2023-07-26,-0.04336568592986367,21,0.95054406,1.0496467
2023-07-27,0.6797525010879824,1,0.0,-0.013990443
2023-07-27,0.6797525010879824,3,0.6860892,0.9145252
2023-07-27,0.6797525010879824,5,1.2979531,1.0007029
2023-07-27,0.6797525010879824,10,1.0751562,1.0494103
2023-07-27,0.6797525010879824,21,1.042991,1.0713482
2023-07-28,-0.4019164664210706,1,0.0,-0.014432609
2023-07-28,-0.4019164664210706,3,0.7136127,0.7695949
2023-07-28,-0.4019164664210706,5,1.400763,0.8752793
2023-07-28,-0.4019164664210706,10,1.0877758,0.9942185
2023-07-28,-0.4019164664210706,21,1.1036273,1.0447856
2023-07-31,1.2527972240112817,1,0.0,-0.0006610453
2023-07-31,1.2527972240112817,3,1.6118773,0.8106737
2023-07-31,1.2527972240112817,5,1.4187444,0.9117181
2023-07-31,1.2527972240112817,10,1.1407367,0.9895602
2023-07-31,1.2527972240112817,21,1.1031104,1.0518174
2023-08-01,0.9133292872419929,1,0.0,-0.0037922412
2023-08-01,0.9133292872419929,3,1.4007921,0.69794697
2023-08-01,0.9133292872419929,5,1.2301259,0.78120375
2023-08-01,0.9133292872419929,10,1.0679127,0.88920844
2023-08-01,0.9133292872419929,21,1.0670094,0.9236821
2023-08-02,-2.3235832125465095,1,0.0,-0.010089997
2023-08-02,-2.3235832125465095,3,1.0282322,0.7339993
2023-08-02,-2.3235832125465095,5,1.1153886,0.8342239
2023-08-02,-2.3235832125465095,10,1.0398276,0.9466716
2023-08-02,-2.3235832125465095,21,1.0655043,0.93504924
2023-08-03,-1.690916759452854,1,0.0,-0.019892264
2023-08-03,-1.690916759452854,3,0.8675769,1.0590112
2023-08-03,-1.690916759452854,5,0.7558928,1.2090008
2023-08-03,-1.690916759452854,10,0.8501754,1.2655127
2023-08-03,-1.690916759452854,21,0.9471956,1.2734438
2023-08-04,0.10402377829858978,1,0.0,-0.018046863
2023-08-04,0.10402377829858978,3,0.11502511,0.9044691
2023-08-04,0.10402377829858978,5,0.44340706,1.0764797
2023-08-04,0.10402377829858978,10,0.7288509,1.1170633
2023-08-04,0.10402377829858978,21,0.87812036,1.111181
2023-08-07,0.19181736306013164,1,0.0,-0.017648328
2023-08-07,0.19181736306013164,3,0.39475468,0.92259246
2023-08-07,0.19181736306013164,5,0.744514,1.0372671
2023-08-07,0.19181736306013164,10,0.7445581,1.0697782
2023-08-07,0.19181736306013164,21,0.8789649,1.086083
2023-08-08,0.37977766032462057,1,0.0,-0.016209662
2023-08-08,0.37977766032462057,3,0.5691938,0.90492123
2023-08-08,0.37977766032462057,5,0.78464866,1.0295725
2023-08-08,0.37977766032462057,10,0.81131595,1.090703
2023-08-08,0.37977766032462057,21,0.88517046,1.0886557
2023-08-09,-0.5356304168039117,1,0.0,-0.011324931
2023-08-09,-0.5356304168039117,3,0.8758253,0.75085485
2023-08-09,-0.5356304168039117,5,0.9365811,0.88082755
2023-08-09,-0.5356304168039117,10,0.8181307,0.9735722
2023-08-09,-0.5356304168039117,21,0.9035297,0.9693071
2023-08-10,0.8328085297360843,1,0.0,-0.008359775
2023-08-10,0.8328085297360843,3,0.9387712,0.6882605
2023-08-10,0.8328085297360843,5,0.93426865,0.78571445
2023-08-10,0.8328085297360843,10,0.85275936,0.87068516
2023-08-10,0.8328085297360843,21,0.93410754,0.9253458
2023-08-14,-1.2822658468051529,1,0.0,-0.008873668
2023-08-14,-1.2822658468051529,3,0.91575,0.77296656
2023-08-14,-1.2822658468051529,5,0.7193712,0.8419037
2023-08-14,-1.2822658468051529,10,1.0092845,0.9139899
2023-08-14,-1.2822658468051529,21,0.92289114,0.9323875
2023-08-15,0.5567162337129616,1,0.0,-0.008320257
2023-08-15,0.5567162337129616,3,0.82952136,0.90356165
2023-08-15,0.5567162337129616,5,0.7269322,1.0185233
2023-08-15,0.5567162337129616,10,1.1027325,1.0751965
2023-08-15,0.5567162337129616,21,0.89720356,1.1247545
2023-08-16,-1.4751148471606967,1,0.0,-0.01092004
2023-08-16,-1.4751148471606967,3,0.46193472,0.83873504
2023-08-16,-1.4751148471606967,5,0.8213533,0.9944331
2023-08-16,-1.4751148471606967,10,1.0905589,1.0740231
2023-08-16,-1.4751148471606967,21,0.89373195,1.1156898
2023-08-17,-0.44427915791196426,1,0.0,-0.006145116
2023-08-17,-0.44427915791196426,3,0.410089,0.7390431
2023-08-17,-0.44427915791196426,5,0.5650174,0.86237806
2023-08-17,-0.44427915791196426,10,0.97537667,0.9733773
2023-08-17,-0.44427915791196426,21,0.86666745,0.9843681
2023-08-18,-0.5556426356966071,1,0.0,-0.00892568
2023-08-18,-0.5556426356966071,3,0.60775197,0.79515165
2023-08-18,-0.5556426356966071,5,0.529386,0.9015774
2023-08-18,-0.5556426356966071,10,0.97197115,0.9810678
2023-08-18,-0.5556426356966071,21,0.87364596,0.9783429
2023-08-21,0.364606629162445,1,0.0,-0.004159961
2023-08-21,0.364606629162445,3,0.23819613,0.8018648
2023-08-21,0.364606629162445,5,1.1128556,0.8302465
2023-08-21,0.364606629162445,10,0.92899835,0.9044002
2023-08-21,0.364606629162445,21,0.8903543,0.9029481
2023-08-22,0.9178857261415985,1,0.0,-0.0017104447
2023-08-22,0.9178857261415985,3,0.19409977,0.71095276
2023-08-22,0.9178857261415985,5,1.2905543,0.7977016
2023-08-22,0.9178857261415985,10,0.93331236,0.9407328
2023-08-22,0.9178857261415985,21,0.9113411,0.9530755
2023-08-23,0.48084047914453976,1,0.0,-0.0015442632
2023-08-23,0.48084047914453976,3,1.3036588,0.74190754
2023-08-23,0.48084047914453976,5,1.2624357,0.82800764
2023-08-23,0.48084047914453976,10,0.9190724,0.9077142
2023-08-23,0.48084047914453976,21,0.95721626,1.0052575
2023-08-24,0.8614736525139222,1,0.0,-0.0020673014
2023-08-24,0.8614736525139222,3,1.6217966,0.6528606
2023-08-24,0.8614736525139222,5,1.2578995,0.7495263
2023-08-24,0.8614736525139222,10,0.921695,0.8568091
2023-08-24,0.8614736525139222,21,0.9622216,0.89537704
2023-08-25,-2.074604785739531,1,0.0,-0.007689193
2023-08-25,-2.074604785739531,3,1.5546505,0.67932904
2023-08-25,-2.074604785739531,5,1.2598947,0.8060921
2023-08-25,-2.074604785739531,10,0.96338195,0.8956259
2023-08-25,-2.074604785739531,21,0.96172214,0.90154654
2023-08-28,1.7108879931397425,1,0.0,-0.0215878
2023-08-28,1.7108879931397425,3,0.6898831,1.0697057
2023-08-28,1.7108879931397425,5,0.5725037,1.2908156
2023-08-28,1.7108879931397425,10,0.7667082,1.3425453
2023-08-28,1.7108879931397425,21,0.8787875,1.3017131
2023-08-29,0.1769663747822392,1,0.0,-0.008816104
2023-08-29,0.1769663747822392,3,0.30201963,0.7230449
2023-08-29,0.1769663747822392,5,0.26881796,0.8666065
2023-08-29,0.1769663747822392,10,0.63129,0.98036355
2023-08-29,0.1769663747822392,21,0.8025278,0.9916035
2023-08-30,0.32989349124949996,1,0.0,-0.010872573
2023-08-30,0.32989349124949996,3,0.27212343,0.763851
2023-08-30,0.32989349124949996,5,0.24590708,0.8986964
2023-08-30,0.32989349124949996,10,0.68176687,0.9732094
2023-08-30,0.32989349124949996,21,0.86934876,0.98437846
2023-08-31,0.8802722864073687,1,0.0,-0.008765612
2023-08-31,0.8802722864073687,3,0.25135583,0.82967925
2023-08-31,0.8802722864073687,5,0.23351143,1.003248
2023-08-31,0.8802722864073687,10,0.6883963,1.0875962
2023-08-31,0.8802722864073687,21,0.86514634,1.140052
2023-09-01,0.2794410334614028,1,0.0,0.0050948113
2023-09-01,0.2794410334614028,3,0.19276904,0.6384869
2023-09-01,0.2794410334614028,5,0.5182991,0.7372198
2023-09-01,0.2794410334614028,10,0.760346,0.88392955
2023-09-01,0.2794410334614028,21,0.8395787,0.98424923
2023-09-04,0.6963051659461428,1,0.0,-0.003349308
2023-09-04,0.6963051659461428,3,0.17305857,0.634967
2023-09-04,0.6963051659461428,5,0.75817406,0.767608
2023-09-04,0.6963051659461428,10,0.8100963,0.8760959
2023-09-04,0.6963051659461428,21,0.89441264,0.87559855
2023-09-05,0.2958111709421729,1,0.0,-0.00249305
2023-09-05,0.2958111709421729,3,0.5856049,0.68337893
2023-09-05,0.2958111709421729,5,0.65978914,0.77706724
2023-09-05,0.2958111709421729,10,0.85833365,0.854367
2023-09-05,0.2958111709421729,21,0.9727847,0.8465328
2023-09-06,0.6163708419794744,1,0.0,-0.012975756
2023-09-06,0.6163708419794744,3,0.76377493,0.7917153
2023-09-06,0.6163708419794744,5,0.80925107,0.938985
2023-09-06,0.6163708419794744,10,0.88317037,1.0367014
2023-09-06,0.6163708419794744,21,1.0674112,1.0296007
2023-09-07,-0.7547476271286158,1,0.0,-0.014732651
2023-09-07,-0.7547476271286158,3,0.30449224,0.6912361
2023-09-07,-0.7547476271286158,5,0.71270335,0.87676245
2023-09-07,-0.7547476271286158,10,0.9439946,0.96717453
2023-09-07,-0.7547476271286158,21,1.0480586,0.9936408
2023-09-08,-1.1715087540828506,1,0.0,-0.003982935
2023-09-08,-1.1715087540828506,3,0.87711775,0.7368122
2023-09-08,-1.1715087540828506,5,0.93833107,0.89162856
2023-09-08,-1.1715087540828506,10,0.9328155,0.99318415
2023-09-08,-1.1715087540828506,21,1.1926202,1.0390712
2023-09-11,-0.42744877640021883,1,0.0,-0.007517427
2023-09-11,-0.42744877640021883,3,0.60336256,0.7896868
2023-09-11,-0.42744877640021883,5,0.73698163,0.9647196
2023-09-11,-0.42744877640021883,10,0.9148133,1.0883887
2023-09-11,-0.42744877640021883,21,1.1822381,1.1160328
2023-09-12,0.9460272539440595,1,0.0,-0.011962976
2023-09-12,0.9460272539440595,3,0.67978555,0.82152957
2023-09-12,0.9460272539440595,5,0.8656552,0.95808846
2023-09-12,0.9460272539440595,10,0.9705888,1.0455666
2023-09-12,0.9460272539440595,21,1.2416526,1.0398018
2023-09-13,-0.21334302236066804,1,0.0,-0.0006997213
2023-09-13,-0.21334302236066804,3,0.70015275,0.65018886
2023-09-13,-0.21334302236066804,5,0.9259893,0.7816009
2023-09-13,-0.21334302236066804,10,0.9178451,0.8997437
2023-09-13,-0.21334302236066804,21,1.2284291,0.9598459
2023-09-14,1.4014185676380464,1,0.0,-0.0054768138
2023-09-14,1.4014185676380464,3,1.0062693,0.70394623
2023-09-14,1.4014185676380464,5,1.1158949,0.7805633
2023-09-14,1.4014185676380464,10,1.0140429,0.88116485
2023-09-14,1.4014185676380464,21,1.2993299,0.9471954
2023-09-15,1.0944090098824688,1,0.0,0.010208968
2023-09-15,1.0944090098824688,3,0.88081586,0.5147061
2023-09-15,1.0944090098824688,5,0.8336684,0.6113672
2023-09-15,1.0944090098824688,10,0.85808986,0.7453908
2023-09-15,1.0944090098824688,21,1.2883562,0.7909398
2023-09-19,-0.8700827428024027,1,0.0,0.005101286
2023-09-19,-0.8700827428024027,3,0.30239433,0.5073986
2023-09-19,-0.8700827428024027,5,0.74246633,0.62664574
2023-09-19,-0.8700827428024027,10,0.7023749,0.7304348
2023-09-19,-0.8700827428024027,21,1.2582006,0.78773373
2023-09-20,-0.6603934555654334,1,0.0,-0.001635544
2023-09-20,-0.6603934555654334,3,0.37720576,0.8098501
2023-09-20,-0.6603934555654334,5,0.77224064,0.97957224
2023-09-20,-0.6603934555654334,10,0.77492243,1.0902421
2023-09-20,-0.6603934555654334,21,1.3036705,1.0109305
2023-09-21,-1.3804724471997432,1,0.0,-0.006757837
2023-09-21,-1.3804724471997432,3,0.91789967,0.74820524
2023-09-21,-1.3804724471997432,5,0.8225831,0.9148746
2023-09-21,-1.3804724471997432,10,0.9251093,1.0115626
2023-09-21,-1.3804724471997432,21,1.3022571,0.9883059
2023-09-22,-0.5190413824466944,1,0.0,-0.010121103
2023-09-22,-0.5190413824466944,3,0.82342446,0.7396903
2023-09-22,-0.5190413824466944,5,0.86596715,0.90565324
2023-09-22,-0.5190413824466944,10,1.1745238,1.0148705
2023-09-22,-0.5190413824466944,21,1.2849956,0.9783336
2023-09-25,0.8488207569985917,1,0.0,-0.008052476
2023-09-25,0.8488207569985917,3,0.8165231,0.81546515
2023-09-25,0.8488207569985917,5,0.87717867,0.9898369
2023-09-25,0.8488207569985917,10,1.1760141,1.0588106
2023-09-25,0.8488207569985917,21,1.2865977,1.0479895
2023-09-26,-1.1187924981461705,1,0.0,-0.0020334683
2023-09-26,-1.1187924981461705,3,0.73486567,0.68495816
2023-09-26,-1.1187924981461705,5,0.65874183,0.80299556
2023-09-26,-1.1187924981461705,10,1.4138547,0.8840167
2023-09-26,-1.1187924981461705,21,1.2800663,0.9626889
2023-09-27,0.175768444736768,1,0.0,-0.0054675154
2023-09-27,0.175768444736768,3,0.7686682,0.64123
2023-09-27,0.175768444736768,5,0.7735502,0.77303857
2023-09-27,0.175768444736768,10,1.4068646,0.869869
2023-09-27,0.175768444736768,21,1.3333577,0.92556
2023-09-28,-1.5546592783028501,1,0.0,-0.00983388
2023-09-28,-1.5546592783028501,3,0.65807843,0.7434961
2023-09-28,-1.5546592783028501,5,0.8571824,0.8563708
2023-09-28,-1.5546592783028501,10,1.5128839,0.9102983
2023-09-28,-1.5546592783028501,21,1.3700166,0.9483868
2023-09-29,-0.04676089274866513,1,0.0,-0.00479877
2023-09-29,-0.04676089274866513,3,0.7057555,0.6996166
2023-09-29,-0.04676089274866513,5,1.4164917,0.8919449
2023-09-29,-0.04676089274866513,10,1.4352213,1.003714
2023-09-29,-0.04676089274866513,21,1.3477225,1.0689386
2023-10-02,-0.30726878028506377,1,0.0,-0.012935244
2023-10-02,-0.30726878028506377,3,0.83132094,0.65952593
2023-10-02,-0.30726878028506377,5,1.4051706,0.82629675
2023-10-02,-0.30726878028506377,10,1.5800841,0.9091491
2023-10-02,-0.30726878028506377,21,1.3558924,0.96993744
2023-10-03,-1.6570520903409047,1,0.0,-0.010070723
2023-10-03,-1.6570520903409047,3,1.7922304,0.8252463
2023-10-03,-1.6570520903409047,5,1.8455745,0.9984661
2023-10-03,-1.6570520903409047,10,1.6207118,1.1042314
2023-10-03,-1.6570520903409047,21,1.4580126,1.1720145
2023-10-04,-2.302572907610667,1,0.0,-0.008876722
2023-10-04,-2.302572907610667,3,1.6670123,0.814755
2023-10-04,-2.302572907610667,5,1.6530557,1.0470914
2023-10-04,-2.302572907610667,10,1.5150008,1.1779343
2023-10-04,-2.302572907610667,21,1.4287379,1.1911908
2023-10-05,1.7807566979314515,1,0.0,-0.019369591
2023-10-05,1.7807566979314515,3,1.1354313,0.99553627
2023-10-05,1.7807566979314515,5,0.9525479,1.2403774
2023-10-05,1.7807566979314515,10,1.4546456,1.33444
2023-10-05,1.7807566979314515,21,1.3980356,1.2934641
2023-10-06,-0.25999503944937885,1,0.0,-0.020650718
2023-10-06,-0.25999503944937885,3,1.107203,0.8851213
2023-10-06,-0.25999503944937885,5,1.1321846,1.0872555
2023-10-06,-0.25999503944937885,10,1.382161,1.2403487
2023-10-06,-0.25999503944937885,21,1.4018536,1.2965367
2023-10-10,2.3968154181213563,1,0.0,-0.022061046
2023-10-10,2.3968154181213563,3,0.74327934,0.79172164
2023-10-10,2.3968154181213563,5,1.5953319,0.9717262
2023-10-10,2.3968154181213563,10,1.4059694,1.1025941
2023-10-10,2.3968154181213563,21,1.4029261,1.1572251
2023-10-11,0.5966456222347816,1,0.0,-0.014763225
2023-10-11,0.5966456222347816,3,0.93242395,0.80028534
2023-10-11,0.5966456222347816,5,1.3523003,0.96797043
2023-10-11,0.5966456222347816,10,1.1657223,1.1166437
2023-10-11,0.5966456222347816,21,1.3463356,1.2080792
2023-10-12,1.7325910850237491,1,0.0,-0.01199121
2023-10-12,1.7325910850237491,3,1.5567534,0.6249101
2023-10-12,1.7325910850237491,5,1.3368212,0.76006365
2023-10-12,1.7325910850237491,10,1.1707442,0.8655768
2023-10-12,1.7325910850237491,21,1.3444103,0.94694126
2023-10-13,-0.5513611526101414,1,0.0,-0.010657169
2023-10-13,-0.5513611526101414,3,1.3284607,0.7741674
2023-10-13,-0.5513611526101414,5,1.2208984,0.9852731
2023-10-13,-0.5513611526101414,10,1.1050923,1.1543996
2023-10-13,-0.5513611526101414,21,1.2935007,1.2066821
2023-10-16,-2.053876768062679,1,0.0,-0.012292046
2023-10-16,-2.053876768062679,3,1.3429093,0.8299088
2023-10-16,-2.053876768062679,5,1.2209935,0.9452958
2023-10-16,-2.053876768062679,10,1.2394577,1.0080557
2023-10-16,-2.053876768062679,21,1.2888887,1.0312771
2023-10-17,1.1970750340028147,1,0.0,-0.011080395
2023-10-17,1.1970750340028147,3,1.2874608,0.8684392
2023-10-17,1.1970750340028147,5,1.0253067,1.0038496
2023-10-17,1.1970750340028147,10,1.133831,1.1132158
2023-10-17,1.1970750340028147,21,1.2978176,1.1009576
2023-10-18,0.006120036844059484,1,0.0,-0.011493828
2023-10-18,0.006120036844059484,3,0.81310016,0.7824905
2023-10-18,0.006120036844059484,5,0.7521683,0.9818343
2023-10-18,0.006120036844059484,10,1.0601971,1.0509773
2023-10-18,0.006120036844059484,21,1.285827,1.0710769
2023-10-19,-1.9272794804599869,1,0.0,-0.0014855973
2023-10-19,-1.9272794804599869,3,0.5947839,0.80905557
2023-10-19,-1.9272794804599869,5,0.89481175,0.93480563
2023-10-19,-1.9272794804599869,10,1.3460168,1.0257308
2023-10-19,-1.9272794804599869,21,1.2863593,1.0825981
2023-10-20,-0.5463718307780141,1,0.0,-0.0021633767
2023-10-20,-0.5463718307780141,3,0.43704122,0.752242
2023-10-20,-0.5463718307780141,5,0.9712031,0.90836054
2023-10-20,-0.5463718307780141,10,1.2460938,1.0318885
2023-10-20,-0.5463718307780141,21,1.209025,1.0877842
2023-10-23,-0.8346117888507365,1,0.0,-0.016488459
2023-10-23,-0.8346117888507365,3,0.62735635,1.0338904
2023-10-23,-0.8346117888507365,5,1.2083975,1.1913211
2023-10-23,-0.8346117888507365,10,1.3766023,1.2871343
2023-10-23,-0.8346117888507365,21,1.198074,1.3588878
2023-10-24,0.20237488430989714,1,0.0,-0.0266991
2023-10-24,0.20237488430989714,3,1.2374048,0.87168837
2023-10-24,0.20237488430989714,5,1.2225451,1.0717357
2023-10-24,0.20237488430989714,10,1.4316356,1.1285398
2023-10-24,0.20237488430989714,21,1.1705765,1.1980875
2023-10-25,0.6660148309590497,1,0.0,-0.010696087
2023-10-25,0.6660148309590497,3,1.4937886,0.701511
2023-10-25,0.6660148309590497,5,1.2501858,0.85638845
2023-10-25,0.6660148309590497,10,1.4477407,0.9311455
2023-10-25,0.6660148309590497,21,1.1704493,1.0221416
2023-10-26,-2.159845638085578,1,0.0,-0.0038560517
2023-10-26,-2.159845638085578,3,1.41904,0.8261746
2023-10-26,-2.159845638085578,5,1.605775,0.9776729
2023-10-26,-2.159845638085578,10,1.4857286,1.0593121
2023-10-26,-2.159845638085578,21,1.1840594,1.1502014
2023-10-27,1.2660932162877003,1,0.0,-0.01278298
2023-10-27,1.2660932162877003,3,0.9236619,0.9472228
2023-10-27,1.2660932162877003,5,1.0894395,1.2183523
2023-10-27,1.2660932162877003,10,1.2427528,1.3511113
2023-10-27,1.2660932162877003,21,1.0529469,1.37126
2023-10-30,-0.955542895819228,1,0.0,-0.021407094
2023-10-30,-0.955542895819228,3,1.3639559,0.9357447
2023-10-30,-0.955542895819228,5,1.2442738,1.1825241
2023-10-30,-0.955542895819228,10,1.2332337,1.2806578
2023-10-30,-0.955542895819228,21,1.0445607,1.2686262
2023-10-31,0.5259911084911195,1,0.0,-0.013417896
2023-10-31,0.5259911084911195,3,0.77474564,1.0473139
2023-10-31,0.5259911084911195,5,1.3741847,1.279196
2023-10-31,0.5259911084911195,10,1.1377413,1.4010084
2023-10-31,0.5259911084911195,21,1.0034214,1.4965109
2023-11-01,2.3785778266317337,1,0.0,-0.015460592
2023-11-01,2.3785778266317337,3,0.59723777,0.94671667
2023-11-01,2.3785778266317337,5,1.4719765,1.151559
2023-11-01,2.3785778266317337,10,1.2648493,1.2384377
2023-11-01,2.3785778266317337,21,1.010535,1.3204236
2023-11-02,1.0959410719522111,1,0.0,-0.0071568824
2023-11-02,1.0959410719522111,3,1.5325211,1.0366495
2023-11-02,1.0959410719522111,5,1.3189734,1.2072258
2023-11-02,1.0959410719522111,10,1.1881963,1.3274399
2023-11-02,1.0959410719522111,21,0.925756,1.4395155
2023-11-06,2.3465628331987176,1,0.0,-0.002812568
2023-11-06,2.3465628331987176,3,1.5564306,0.77876234
2023-11-06,2.3465628331987176,5,1.3369033,0.88931364
2023-11-06,2.3465628331987176,10,1.1747463,0.95616335
2023-11-06,2.3465628331987176,21,0.9659596,1.0573343
2023-11-07,-1.3439972542796497,1,0.0,-0.005508598
2023-11-07,-1.3439972542796497,3,1.1683363,0.68836606
2023-11-07,-1.3439972542796497,5,0.90982825,0.7927214
2023-11-07,-1.3439972542796497,10,1.0348648,0.91246283
2023-11-07,-1.3439972542796497,21,0.93242085,0.91156465
2023-11-08,-0.3269482165384474,1,0.0,-0.009894919
2023-11-08,-0.3269482165384474,3,0.8326729,0.829433
2023-11-08,-0.3269482165384474,5,0.6535311,0.9381558
2023-11-08,-0.3269482165384474,10,0.9081906,1.0267645
2023-11-08,-0.3269482165384474,21,0.96794015,1.054135
2023-11-09,1.4811524772587958,1,0.0,-0.00810571
2023-11-09,1.4811524772587958,3,0.752097,0.806673
2023-11-09,1.4811524772587958,5,1.0163442,0.93557245
2023-11-09,1.4811524772587958,10,0.8820272,1.0486977
2023-11-09,1.4811524772587958,21,1.0366518,1.0544268
2023-11-10,-0.24028863434590875,1,0.0,-0.0008963756
2023-11-10,-0.24028863434590875,3,0.23670815,0.78384155
2023-11-10,-0.24028863434590875,5,1.0333501,0.93680197
2023-11-10,-0.24028863434590875,10,0.80722886,1.0280576
2023-11-10,-0.24028863434590875,21,1.0370312,1.0262024
2023-11-13,0.052184683157463496,1,0.0,-0.0048590377
2023-11-13,0.052184683157463496,3,1.0870048,0.887352
2023-11-13,0.052184683157463496,5,0.9725714,1.0152861
2023-11-13,0.052184683157463496,10,0.830826,1.133777
2023-11-13,0.052184683157463496,21,1.0357183,1.1722438
2023-11-14,0.3395179382737368,1,0.0,0.0027781837
2023-11-14,0.3395179382737368,3,1.1877165,0.7596275
2023-11-14,0.3395179382737368,5,1.0751485,0.9265215
2023-11-14,0.3395179382737368,10,0.8367416,1.0599606
2023-11-14,0.3395179382737368,21,1.0366967,1.1150697
2023-11-15,2.4882706618726047,1,0.0,-0.012407687
2023-11-15,2.4882706618726047,3,1.1693974,0.9685698
2023-11-15,2.4882706618726047,5,1.1013918,1.0706581
2023-11-15,2.4882706618726047,10,0.84959245,1.1936193
2023-11-15,2.4882706618726047,21,1.0474812,1.2825269
2023-11-16,-0.28468263375174274,1,0.0,-0.017005574
2023-11-16,-0.28468263375174274,3,0.4495907,0.88447237
2023-11-16,-0.28468263375174274,5,0.38617516,1.0404344
2023-11-16,-0.28468263375174274,10,0.40379098,1.1515143
2023-11-16,-0.28468263375174274,21,0.9120927,1.2231698
2023-11-17,0.4798994430357695,1,0.0,-0.012141246
2023-11-17,0.4798994430357695,3,0.4368587,0.78783447
2023-11-17,0.4798994430357695,5,0.41691476,0.9015311
2023-11-17,0.4798994430357695,10,0.39720717,1.0146025
2023-11-17,0.4798994430357695,21,0.91913337,1.0822788
2023-11-20,-0.5887980525745462,1,0.0,-0.0037037916
2023-11-20,-0.5887980525745462,3,0.36043918,0.91584295
2023-11-20,-0.5887980525745462,5,0.4378032,1.0421187
2023-11-20,-0.5887980525745462,10,0.39951932,1.1564692
2023-11-20,-0.5887980525745462,21,0.9659427,1.2706102
2023-11-21,-0.10155686265740371,1,0.0,-0.014342144
2023-11-21,-0.10155686265740371,3,0.25600135,0.8917418
2023-11-21,-0.10155686265740371,5,0.36288133,1.1075476
2023-11-21,-0.10155686265740371,10,0.54071116,1.2442647
2023-11-21,-0.10155686265740371,21,1.0031493,1.2965162
2023-11-22,0.29245162207178765,1,0.0,-0.025129411
2023-11-22,0.29245162207178765,3,0.4505171,0.8917977
2023-11-22,0.29245162207178765,5,0.37819436,1.0700164
2023-11-22,0.29245162207178765,10,0.8569785,1.1799052
2023-11-22,0.29245162207178765,21,1.0624933,1.1322472
2023-11-24,0.5179199506489596,1,0.0,-0.01367927
2023-11-24,0.5179199506489596,3,0.4311566,0.8609887
2023-11-24,0.5179199506489596,5,0.4184168,1.0052195
2023-11-24,0.5179199506489596,10,1.0043532,1.1034162
2023-11-24,0.5179199506489596,21,1.060413,1.0497149
2023-11-27,-0.5303453051144658,1,0.0,-0.013363421
2023-11-27,-0.5303453051144658,3,0.17110807,0.8513708
2023-11-27,-0.5303453051144658,5,0.33756152,1.0024906
2023-11-27,-0.5303453051144658,10,1.0675012,1.0934782
2023-11-27,-0.5303453051144658,21,1.0552988,1.0675334
2023-11-28,-0.11750992520731529,1,0.0,-0.0130102
2023-11-28,-0.11750992520731529,3,0.3283663,0.7771311
2023-11-28,-0.11750992520731529,5,0.35555536,0.8990023
2023-11-28,-0.11750992520731529,10,1.2054341,0.9548698
2023-11-28,-0.11750992520731529,21,1.0506216,0.98189974
2023-11-29,-0.26126909899168993,1,0.0,-0.0096450485
2023-11-29,-0.26126909899168993,3,0.33667043,0.76129836
2023-11-29,-0.26126909899168993,5,0.6125636,0.86844975
2023-11-29,-0.26126909899168993,10,1.210103,0.9459825
2023-11-29,-0.26126909899168993,21,1.0779028,0.988546
2023-11-30,0.495964385612524,1,0.0,-0.0031969808
2023-11-30,0.495964385612524,3,0.45090112,0.6249706
2023-11-30,0.495964385612524,5,1.1494925,0.71463597
2023-11-30,0.495964385612524,10,1.2160138,0.8123895
2023-11-30,0.495964385612524,21,1.0805602,0.82097936
2023-12-01,-0.16551177838248776,1,0.0,-0.004627902
2023-12-01,-0.16551177838248776,3,0.5024082,0.71028006
2023-12-01,-0.16551177838248776,5,1.3275548,0.79569477
2023-12-01,-0.16551177838248776,10,1.2096717,0.8899228
2023-12-01,-0.16551177838248776,21,1.0766939,0.9154423
2023-12-04,-0.6007633825083403,1,0.0,-0.0014738925
2023-12-04,-0.6007633825083403,3,1.4560874,0.7023534
2023-12-04,-0.6007633825083403,5,1.41557,0.7932464
2023-12-04,-0.6007633825083403,10,1.2549309,0.91276294
2023-12-04,-0.6007633825083403,21,1.0820265,0.89970446
2023-12-05,-1.3800228067111675,1,0.0,-0.00020271167
2023-12-05,-1.3800228067111675,3,1.7046242,0.67193913
2023-12-05,-1.3800228067111675,5,1.6644566,0.7666686
2023-12-05,-1.3800228067111675,10,1.2565788,0.86982125
2023-12-05,-1.3800228067111675,21,1.0756305,0.88616836
2023-12-06,2.0238103402393293,1,0.0,-0.0010870993
2023-12-06,2.0238103402393293,3,1.7703271,0.63807374
2023-12-06,2.0238103402393293,5,1.5696193,0.7522896
2023-12-06,2.0238103402393293,10,1.2592657,0.85287523
2023-12-06,2.0238103402393293,21,1.0533916,0.86169857
2023-12-07,-1.7724523164329042,1,0.0,0.0066002347
2023-12-07,-1.7724523164329042,3,1.5172313,0.6958279
2023-12-07,-1.7724523164329042,5,1.2493385,0.8260762
2023-12-07,-1.7724523164329042,10,1.1729714,0.99626404
2023-12-07,-1.7724523164329042,21,1.0505161,1.096672
2023-12-08,-1.6894113245278675,1,0.0,-0.0031770878
2023-12-08,-1.6894113245278675,3,1.3024374,0.80746263
2023-12-08,-1.6894113245278675,5,1.0614499,0.9454485
2023-12-08,-1.6894113245278675,10,1.1471721,1.1037531
2023-12-08,-1.6894113245278675,21,1.0123512,1.1440662
2023-12-11,1.4867983025983023,1,0.0,-0.016271494
2023-12-11,1.4867983025983023,3,0.6055648,0.8027427
2023-12-11,1.4867983025983023,5,0.74295,0.95280224
2023-12-11,1.4867983025983023,10,0.9846028,1.056202
2023-12-11,1.4867983025983023,21,0.9375208,1.0372335
2023-12-12,0.15814139700598417,1,0.0,-0.012042034
2023-12-12,0.15814139700598417,3,0.4431627,0.71399856
2023-12-12,0.15814139700598417,5,0.59770447,0.8319511
2023-12-12,0.15814139700598417,10,0.896964,0.9856427
2023-12-12,0.15814139700598417,21,0.91515255,1.0185386
2023-12-13,0.25133745915706385,1,0.0,-0.0046475194
2023-12-13,0.25133745915706385,3,0.65810007,0.67447835
2023-12-13,0.25133745915706385,5,0.8309506,0.775399
2023-12-13,0.25133745915706385,10,0.89695936,0.90878636
2023-12-13,0.25133745915706385,21,0.9502565,0.96574366
2023-12-14,-0.7318796344915057,1,0.0,0.01345272
2023-12-14,-0.7318796344915057,3,0.73337346,0.85436386
2023-12-14,-0.7318796344915057,5,0.948443,0.9821417
2023-12-14,-0.7318796344915057,10,0.94444567,1.1643817
2023-12-14,-0.7318796344915057,21,0.96459603,1.2717855
2023-12-15,0.8660262295698828,1,0.0,-0.007145848
2023-12-15,0.8660262295698828,3,0.86404926,0.8067756
2023-12-15,0.8660262295698828,5,1.1969733,0.9350273
2023-12-15,0.8660262295698828,10,0.9171282,1.0472987
2023-12-15,0.8660262295698828,21,0.9381969,0.99964654
2023-12-18,-0.6437625193790097,1,0.0,0.0007023625
2023-12-18,-0.6437625193790097,3,0.9542471,0.77480525
2023-12-18,-0.6437625193790097,5,1.1601735,0.9313064
2023-12-18,-0.6437625193790097,10,0.9030707,1.0970023
2023-12-18,-0.6437625193790097,21,0.9574234,1.1522301
2023-12-19,1.3956623120535028,1,0.0,-0.0037477724
2023-12-19,1.3956623120535028,3,1.4063399,0.8952566
2023-12-19,1.3956623120535028,5,1.0957357,1.0264833
2023-12-19,1.3956623120535028,10,0.89345175,1.1692817
2023-12-19,1.3956623120535028,21,0.9591825,1.2267967
2023-12-20,1.3649917149242796,1,0.0,-0.012285393
2023-12-20,1.3649917149242796,3,1.2154701,0.7703237
2023-12-20,1.3649917149242796,5,0.95036566,0.9209255
2023-12-20,1.3649917149242796,10,0.79627764,1.0170425
2023-12-20,1.3649917149242796,21,0.9465154,1.0736116
2023-12-21,-1.602852111113684,1,0.0,-0.008491393
2023-12-21,-1.602852111113684,3,0.8390857,0.74179995
2023-12-21,-1.602852111113684,5,0.88570815,0.8312903
2023-12-21,-1.602852111113684,10,0.76247483,0.9673199
2023-12-21,-1.602852111113684,21,0.9591621,1.0108467
2023-12-22,0.08620793280407213,1,0.0,-0.012607727
2023-12-22,0.08620793280407213,3,0.06964293,0.7674759
2023-12-22,0.08620793280407213,5,0.4988332,0.89131224
2023-12-22,0.08620793280407213,10,0.75677943,0.9602319
2023-12-22,0.08620793280407213,21,0.85888183,0.97282434
2023-12-25,0.2558764589570828,1,0.0,-0.009986974
2023-12-25,0.2558764589570828,3,0.4332653,0.88073075
2023-12-25,0.2558764589570828,5,0.53239065,0.9831263
2023-12-25,0.2558764589570828,10,0.84997386,1.1137449
2023-12-25,0.2558764589570828,21,0.9366825,1.1918029
2023-12-26,0.15571037922708086,1,0.0,0.009349663
2023-12-26,0.15571037922708086,3,0.6361819,0.8339584
2023-12-26,0.15571037922708086,5,0.5973672,0.94375545
2023-12-26,0.15571037922708086,10,0.8871621,1.1114426
2023-12-26,0.15571037922708086,21,0.9404058,1.1840608
2023-12-27,1.1207850622049875,1,0.0,-0.004556872
2023-12-27,1.1207850622049875,3,0.6854317,0.74451876
2023-12-27,1.1207850622049875,5,0.60405314,0.8386465
2023-12-27,1.1207850622049875,10,0.8716851,0.98042166
2023-12-27,1.1207850622049875,21,0.9410062,1.0421141
2023-12-28,-0.42134955825883225,1,0.0,0.0074460395
2023-12-28,-0.42134955825883225,3,0.12502791,0.5879109
2023-12-28,-0.42134955825883225,5,0.61418545,0.66104275
2023-12-28,-0.42134955825883225,10,0.9731495,0.819981
2023-12-28,-0.42134955825883225,21,0.92803943,0.8599967
2023-12-29,-0.22520889429191726,1,0.0,-0.003692072
2023-12-29,-0.22520889429191726,3,0.32740673,0.9126213
2023-12-29,-0.22520889429191726,5,0.92419994,0.99636143
2023-12-29,-0.22520889429191726,10,0.9708039,1.2251643
2023-12-29,-0.22520889429191726,21,0.94426775,1.2466382
2024-01-04,-0.5269714915382195,1,0.0,-0.020461347
2024-01-04,-0.5269714915382195,3,0.6845699,0.94447374
2024-01-04,-0.5269714915382195,5,0.9386954,1.0726205
2024-01-04,-0.5269714915382195,10,0.9568112,1.2141097
2024-01-04,-0.5269714915382195,21,0.9358508,1.2843109
2024-01-05,0.26740243029834687,1,0.0,-0.018334705
2024-01-05,0.26740243029834687,3,0.70322156,0.9751765
2024-01-05,0.26740243029834687,5,0.6000638,1.1312921
2024-01-05,0.26740243029834687,10,0.90644634,1.2326868
2024-01-05,0.26740243029834687,21,0.9145733,1.2316471
2024-01-09,1.149117071816974,1,0.0,-0.017223913
2024-01-09,1.149117071816974,3,0.35362765,0.77645475
2024-01-09,1.149117071816974,5,0.39162394,0.890397
2024-01-09,1.149117071816974,10,0.9209385,1.0382609
2024-01-09,1.149117071816974,21,0.9365657,1.0476797
2024-01-10,1.9897733598368106,1,0.0,-0.009772789
2024-01-10,1.9897733598368106,3,0.20281594,0.7524329
2024-01-10,1.9897733598368106,5,0.99745244,0.8815207
2024-01-10,1.9897733598368106,10,0.9616091,1.0425301
2024-01-10,1.9897733598368106,21,0.9257992,1.1010212
2024-01-11,1.7503017399745247,1,0.0,0.009254608
2024-01-11,1.7503017399745247,3,0.35223365,0.6472017
2024-01-11,1.7503017399745247,5,1.0143263,0.7327896
2024-01-11,1.7503017399745247,10,0.9760069,0.90938187
2024-01-11,1.7503017399745247,21,0.92990994,0.97429717
2024-01-12,1.4930834616704303,1,0.0,-0.00035819784
2024-01-12,1.4930834616704303,3,0.9684659,0.76527137
2024-01-12,1.4930834616704303,5,0.84376246,0.85000736
2024-01-12,1.4930834616704303,10,0.8892148,0.9648656
2024-01-12,1.4930834616704303,21,0.8741331,1.0138955
2024-01-15,0.9084692898838398,1,0.0,-0.0035141073
2024-01-15,0.9084692898838398,3,0.72619677,0.7738726
2024-01-15,0.9084692898838398,5,0.8140584,0.85859597
2024-01-15,0.9084692898838398,10,0.9263441,1.0259964
2024-01-15,0.9084692898838398,21,1.0044149,1.0960244
2024-01-16,-0.7902880814233626,1,0.0,-0.0020384304
2024-01-16,-0.7902880814233626,3,0.30937502,0.7231143
2024-01-16,-0.7902880814233626,5,0.9673434,0.8239332
2024-01-16,-0.7902880814233626,10,0.9142414,0.9875211
2024-01-16,-0.7902880814233626,21,1.0165658,1.0634894
2024-01-17,-0.3978508626845567,1,0.0,-0.010173779
2024-01-17,-0.3978508626845567,3,0.77213746,0.8274009
2024-01-17,-0.3978508626845567,5,0.831164,0.92398727
2024-01-17,-0.3978508626845567,10,0.87191004,1.0556331
2024-01-17,-0.3978508626845567,21,1.0094268,1.1028761
2024-01-18,-0.03264021722166888,1,0.0,-0.008033242
2024-01-18,-0.03264021722166888,3,0.72838825,0.6522869
2024-01-18,-0.03264021722166888,5,0.9279008,0.72128236
2024-01-18,-0.03264021722166888,10,0.86392593,0.8514698
2024-01-18,-0.03264021722166888,21,1.0018625,0.91498005
2024-01-19,1.3918789557269662,1,0.0,-0.006425366
2024-01-19,1.3918789557269662,3,0.75074756,0.7560983
2024-01-19,1.3918789557269662,5,0.9223526,0.82686347
2024-01-19,1.3918789557269662,10,0.91202563,0.89857894
2024-01-19,1.3918789557269662,21,1.0020885,0.920291
2024-01-22,1.6099587198297627,1,0.0,-0.004767034
2024-01-22,1.6099587198297627,3,1.0102286,0.7113031
2024-01-22,1.6099587198297627,5,0.99883264,0.8179279
2024-01-22,1.6099587198297627,10,0.82153374,0.9432215
2024-01-22,1.6099587198297627,21,0.9853209,0.9922999
2024-01-23,-0.0804190817150996,1,0.0,-0.012908153
2024-01-23,-0.0804190817150996,3,0.36746985,0.8012699
2024-01-23,-0.0804190817150996,5,0.7275363,0.8694115
2024-01-23,-0.0804190817150996,10,0.66716343,0.9947228
2024-01-23,-0.0804190817150996,21,0.94748795,1.0834396
2024-01-24,-0.800316711348259,1,0.0,-0.0058257133
2024-01-24,-0.800316711348259,3,0.5656638,0.7255653
2024-01-24,-0.800316711348259,5,0.7419737,0.801786
2024-01-24,-0.800316711348259,10,0.6827101,0.98194474
2024-01-24,-0.800316711348259,21,1.0305783,1.0798787
2024-01-25,0.02756796796425931,1,0.0,-0.002798222
2024-01-25,0.02756796796425931,3,0.87723386,0.6336784
2024-01-25,0.02756796796425931,5,0.74687916,0.68294126
2024-01-25,0.02756796796425931,10,0.6419439,0.82827455
2024-01-25,0.02756796796425931,21,0.9994056,0.87467515
2024-01-26,-1.3485828250789922,1,0.0,-0.0061594285
2024-01-26,-1.3485828250789922,3,0.88448936,0.73845416
2024-01-26,-1.3485828250789922,5,0.8119221,0.8313991
2024-01-26,-1.3485828250789922,10,0.89356905,0.9757949
2024-01-26,-1.3485828250789922,21,0.9996235,1.0034752
2024-01-29,0.7686823457905945,1,0.0,-0.011839252
2024-01-29,0.7686823457905945,3,0.28168142,0.96430165
2024-01-29,0.7686823457905945,5,0.54106325,1.0831395
2024-01-29,0.7686823457905945,10,0.7397665,1.1981066
2024-01-29,0.7686823457905945,21,0.9292506,1.2518452
2024-01-30,0.10796632148757368,1,0.0,-0.015611466
2024-01-30,0.10796632148757368,3,0.5667213,0.93963766
2024-01-30,0.10796632148757368,5,0.5016494,1.1424716
2024-01-30,0.10796632148757368,10,1.060908,1.2327485
2024-01-30,0.10796632148757368,21,0.93317807,1.1670023
2024-01-31,0.6104890191682699,1,0.0,-0.015600659
2024-01-31,0.6104890191682699,3,0.6043529,0.86784166
2024-01-31,0.6104890191682699,5,0.5798522,0.994625
2024-01-31,0.6104890191682699,10,1.1175604,1.1027452
2024-01-31,0.6104890191682699,21,0.9822199,1.1052151
2024-02-01,-0.7614337201996335,1,0.0,0.00028154254
2024-02-01,-0.7614337201996335,3,0.58478284,0.8053041
2024-02-01,-0.7614337201996335,5,0.50842613,0.9172699
2024-02-01,-0.7614337201996335,10,1.1400207,1.0478096
2024-02-01,-0.7614337201996335,21,0.9818113,1.1391443
2024-02-02,0.40615172581617287,1,0.0,0.009327337
2024-02-02,0.40615172581617287,3,0.47800478,0.7424934
2024-02-02,0.40615172581617287,5,0.8731511,0.7837985
2024-02-02,0.40615172581617287,10,1.0612501,0.97895724
2024-02-02,0.40615172581617287,21,0.9496822,1.0108982
2024-02-05,0.5409880221847629,1,0.0,-0.0033893287
2024-02-05,0.5409880221847629,3,0.44215003,0.8254776
2024-02-05,0.5409880221847629,5,0.88647085,0.92394984
2024-02-05,0.5409880221847629,10,1.0806291,1.0080397
2024-02-05,0.5409880221847629,21,0.9561792,1.0576125
2024-02-06,-0.5336852754735943,1,0.0,-0.0040202104
2024-02-06,-0.5336852754735943,3,1.1258707,0.9600447
2024-02-06,-0.5336852754735943,5,1.3282607,1.1253288
2024-02-06,-0.5336852754735943,10,1.1140192,1.1792972
2024-02-06,-0.5336852754735943,21,1.0241957,1.2187597
2024-02-07,-0.1127226273469617,1,0.0,-0.006040804
2024-02-07,-0.1127226273469617,3,0.9686992,0.812194
2024-02-07,-0.1127226273469617,5,1.3620166,0.9729611
2024-02-07,-0.1127226273469617,10,1.0908307,1.0350115
2024-02-07,-0.1127226273469617,21,1.0035194,1.0476922
2024-02-08,2.0371401924450083,1,0.0,-0.008030102
2024-02-08,2.0371401924450083,3,1.156745,0.8499288
2024-02-08,2.0371401924450083,5,1.277824,1.0153598
2024-02-08,2.0371401924450083,10,1.1608293,1.1471915
2024-02-08,2.0371401924450083,21,1.148127,1.0896558
2024-02-09,0.09257131776578831,1,0.0,0.0036620088
2024-02-09,0.09257131776578831,3,1.5177832,0.6290951
2024-02-09,0.09257131776578831,5,1.188377,0.76029927
2024-02-09,0.09257131776578831,10,1.0881164,0.8869851
2024-02-09,0.09257131776578831,21,1.0859703,0.94890153
2024-02-13,2.8495838400232287,1,0.0,-0.00024232641
2024-02-13,2.8495838400232287,3,1.4456697,0.6717715
2024-02-13,2.8495838400232287,5,1.2071469,0.7608825
2024-02-13,2.8495838400232287,10,1.0921514,0.85828286
2024-02-13,2.8495838400232287,21,1.0909325,0.85637164
2024-02-14,-0.6889356594200535,1,0.0,0.00062506273
2024-02-14,-0.6889356594200535,3,0.8215694,0.7017806
2024-02-14,-0.6889356594200535,5,0.7084375,0.80366296
2024-02-14,-0.6889356594200535,10,0.8100671,0.9409122
2024-02-14,-0.6889356594200535,21,0.9207677,1.0297792
2024-02-15,1.1985736222371202,1,0.0,-0.011127714
2024-02-15,1.1985736222371202,3,0.5243229,0.7984989
2024-02-15,1.1985736222371202,5,0.61502177,0.9178911
2024-02-15,1.1985736222371202,10,0.75429004,1.0785322
2024-02-15,1.1985736222371202,21,0.9075472,1.142075
2024-02-16,0.859281438223114,1,0.0,0.00037056953
2024-02-16,0.859281438223114,3,0.4903086,0.5776413
2024-02-16,0.859281438223114,5,0.93581176,0.73763925
2024-02-16,0.859281438223114,10,0.85039747,0.93510437
2024-02-16,0.859281438223114,21,1.0313332,1.0493006
2024-02-19,-0.04381470187304615,1,0.0,-0.0005895905
2024-02-19,-0.04381470187304615,3,0.107398435,0.64176875
2024-02-19,-0.04381470187304615,5,0.9173341,0.66390926
2024-02-19,-0.04381470187304615,10,0.83979297,0.819244
2024-02-19,-0.04381470187304615,21,1.0260671,0.80716205
2024-02-20,-0.2779228369199416,1,0.0,-0.0026093721
2024-02-20,-0.2779228369199416,3,1.1474512,0.7096039
2024-02-20,-0.2779228369199416,5,0.9121491,0.7859717
2024-02-20,-0.2779228369199416,10,0.8389951,0.94634056
2024-02-20,-0.2779228369199416,21,1.0952122,0.94129974
2024-02-21,-0.26479154113854264,1,0.0,-0.01180153
2024-02-21,-0.26479154113854264,3,1.0311481,0.692717
2024-02-21,-0.26479154113854264,5,0.8859988,0.8052241
2024-02-21,-0.26479154113854264,10,0.8209291,0.98490685
2024-02-21,-0.26479154113854264,21,1.0883986,1.0708305
2024-02-22,2.162727650731533,1,0.0,-0.010773893
2024-02-22,2.162727650731533,3,0.94442445,0.69586325
2024-02-22,2.162727650731533,5,0.86297625,0.8277915
2024-02-22,2.162727650731533,10,0.94629174,0.9411611
2024-02-22,2.162727650731533,21,1.1270888,0.9494207
2024-02-26,0.3447651288933429,1,0.0,-0.010449439
2024-02-26,0.3447651288933429,3,0.18214072,0.82353204
2024-02-26,0.3447651288933429,5,0.7534761,0.9442831
2024-02-26,0.3447651288933429,10,0.72687536,1.0569714
2024-02-26,0.3447651288933429,21,1.0446666,1.106639
2024-02-27,0.014804013358293844,1,0.0,0.014543166
2024-02-27,0.014804013358293844,3,0.052198935,0.6305112
2024-02-27,0.014804013358293844,5,0.75323707,0.73557603
2024-02-27,0.014804013358293844,10,1.00856,0.8759003
2024-02-27,0.014804013358293844,21,1.05604,0.99365103
2024-02-28,-0.08027856224330776,1,0.0,0.01805208
2024-02-28,-0.08027856224330776,3,0.93197304,0.51480085
2024-02-28,-0.08027856224330776,5,0.75837636,0.5486081
2024-02-28,-0.08027856224330776,10,1.0079185,0.6863678
2024-02-28,-0.08027856224330776,21,1.1130104,0.80294603
2024-02-29,-0.10676941041740662,1,0.0,0.0028757267
2024-02-29,-0.10676941041740662,3,0.8332561,0.6281507
2024-02-29,-0.10676941041740662,5,0.75020456,0.68684256
2024-02-29,-0.10676941041740662,10,1.0087982,0.811233
2024-02-29,-0.10676941041740662,21,1.1151116,0.8991724
2024-03-01,1.883356237457079,1,0.0,-0.0118073
2024-03-01,1.883356237457079,3,0.8067295,0.7131682
2024-03-01,1.883356237457079,5,1.0077726,0.8348098
2024-03-01,1.883356237457079,10,1.0166668,0.91204345
2024-03-01,1.883356237457079,21,1.1625012,0.9591725
2024-03-04,0.4959021168307487,1,0.0,-0.006290622
2024-03-04,0.4959021168307487,3,0.24466252,0.5655592
2024-03-04,0.4959021168307487,5,0.5936126,0.6530944
2024-03-04,0.4959021168307487,10,0.7747909,0.74274755
2024-03-04,0.4959021168307487,21,1.0902818,0.8173671
2024-03-05,-0.028929103249630828,1,0.0,-0.0050268136
2024-03-05,-0.028929103249630828,3,0.57135373,0.637314
2024-03-05,-0.028929103249630828,5,0.9316537,0.72699606
2024-03-05,-0.028929103249630828,10,1.1637304,0.85417277
2024-03-05,-0.028929103249630828,21,1.1028485,0.93124264
2024-03-06,-0.017078917647239678,1,0.0,0.0015567876
2024-03-06,-0.017078917647239678,3,0.63964635,0.56282264
2024-03-06,-0.017078917647239678,5,0.92766684,0.6005071
2024-03-06,-0.017078917647239678,10,1.1856339,0.72208923
2024-03-06,-0.017078917647239678,21,1.119043,0.79432964
2024-03-07,-1.2349848220610582,1,0.0,0.016613765
2024-03-07,-1.2349848220610582,3,1.0026863,0.5768922
2024-03-07,-1.2349848220610582,5,0.8984662,0.60811263
2024-03-07,-1.2349848220610582,10,1.3334175,0.7546369
2024-03-07,-1.2349848220610582,21,1.1931243,0.84786
2024-03-08,0.22760292437613572,1,0.0,0.012082722
2024-03-08,0.22760292437613572,3,1.0889611,0.5626068
2024-03-08,0.22760292437613572,5,0.9259146,0.6055538
2024-03-08,0.22760292437613572,10,1.248216,0.7377871
2024-03-08,0.22760292437613572,21,1.1860067,0.7953474
2024-03-11,-2.2124439144521446,1,0.0,0.0027641244
2024-03-11,-2.2124439144521446,3,0.97077054,0.65138376
2024-03-11,-2.2124439144521446,5,0.87890965,0.70875937
2024-03-11,-2.2124439144521446,10,1.3262508,0.88350195
2024-03-11,-2.2124439144521446,21,1.2083907,1.028232
2024-03-12,-0.05920421338121429,1,0.0,-0.012381073
2024-03-12,-0.05920421338121429,3,0.22690663,0.74462825
2024-03-12,-0.05920421338121429,5,1.1007158,0.8861286
2024-03-12,-0.05920421338121429,10,1.0694522,1.0073552
2024-03-12,-0.05920421338121429,21,1.1089354,1.1049097
2024-03-13,-0.2620685669352696,1,0.0,-0.014998924
2024-03-13,-0.2620685669352696,3,0.25796065,0.8413552
2024-03-13,-0.2620685669352696,5,1.0689001,0.97908485
2024-03-13,-0.2620685669352696,10,1.0670786,1.1650562
2024-03-13,-0.2620685669352696,21,1.112594,1.2820212
2024-03-14,0.28749786004720335,1,0.0,-0.013004374
2024-03-14,0.28749786004720335,3,1.2540925,0.7132218
2024-03-14,0.28749786004720335,5,1.0834004,0.7873567
2024-03-14,0.28749786004720335,10,1.2051992,0.9137876
2024-03-14,0.28749786004720335,21,1.1102287,0.96092117
2024-03-15,-0.2573393824706116,1,0.0,-0.014986288
2024-03-15,-0.2573393824706116,3,1.2060283,0.7769049
2024-03-15,-0.2573393824706116,5,1.0998882,0.89773685
2024-03-15,-0.2573393824706116,10,1.2053719,1.0259248
2024-03-15,-0.2573393824706116,21,1.1234282,1.0628588
2024-03-18,2.633233169692417,1,0.0,-0.009356886
2024-03-18,2.633233169692417,3,0.82353854,0.7337256
2024-03-18,2.633233169692417,5,1.3475002,0.84095085
2024-03-18,2.633233169692417,10,1.3129213,0.9846856
2024-03-18,2.633233169692417,21,1.2015723,1.029534
2024-03-19,0.6600144707126887,1,0.0,-0.0116596185
2024-03-19,0.6600144707126887,3,0.7751773,0.7581225
2024-03-19,0.6600144707126887,5,1.032499,0.8991998
2024-03-19,0.6600144707126887,10,1.0528297,1.024437
2024-03-19,0.6600144707126887,21,1.0730822,1.0953985
2024-03-21,2.0096346003144916,1,0.0,-0.002015192
2024-03-21,2.0096346003144916,3,1.3018308,0.7758135
2024-03-21,2.0096346003144916,5,1.0520688,0.8714044
2024-03-21,2.0096346003144916,10,1.068424,0.977332
2024-03-21,2.0096346003144916,21,1.0619775,1.0368304
2024-03-22,0.17812951745916905,1,0.0,0.009779979
2024-03-22,0.17812951745916905,3,0.5893837,0.50085807
2024-03-22,0.17812951745916905,5,0.8775509,0.55356544
2024-03-22,0.17812951745916905,10,0.86936486,0.63075274
2024-03-22,0.17812951745916905,21,1.060802,0.6919217
2024-03-25,-1.1667874382368382,1,0.0,0.0014997609
2024-03-25,-1.1667874382368382,3,0.84440637,0.63220966
2024-03-25,-1.1667874382368382,5,0.922393,0.66801417
2024-03-25,-1.1667874382368382,10,0.9936863,0.7230633
2024-03-25,-1.1667874382368382,21,1.0977015,0.7252873
2024-03-26,-0.039820357448583366,1,0.0,-0.011542525
2024-03-26,-0.039820357448583366,3,0.9737594,0.8713025
2024-03-26,-0.039820357448583366,5,0.974779,0.98844784
2024-03-26,-0.039820357448583366,10,1.0427426,1.0183259
2024-03-26,-0.039820357448583366,21,1.0946864,1.0464624
2024-03-27,0.8987142695916717,1,0.0,-0.011103366
2024-03-27,0.8987142695916717,3,1.0353335,0.78159356
2024-03-27,0.8987142695916717,5,0.9831776,0.9102247
2024-03-27,0.8987142695916717,10,1.1182408,0.9569611
2024-03-27,0.8987142695916717,21,1.2399853,1.0015345
2024-03-28,-1.4695785848523713,1,0.0,-0.011487946
2024-03-28,-1.4695785848523713,3,0.91542387,0.8081612
2024-03-28,-1.4695785848523713,5,0.8037729,0.91023093
2024-03-28,-1.4695785848523713,10,1.0634003,1.0161053
2024-03-28,-1.4695785848523713,21,1.279178,1.0289277
2024-03-29,0.5000688724820179,1,0.0,0.0005208291
2024-03-29,0.5000688724820179,3,0.8223211,0.68400264
2024-03-29,0.5000688724820179,5,0.85675055,0.75666213
2024-03-29,0.5000688724820179,10,0.99018854,0.84726876
2024-03-29,0.5000688724820179,21,1.2789435,0.87169677
2024-04-01,-1.4128554374174485,1,0.0,-0.006129507
2024-04-01,-1.4128554374174485,3,0.6312178,0.81714696
2024-04-01,-1.4128554374174485,5,1.0137744,0.8645207
2024-04-01,-1.4128554374174485,10,0.973673,0.9230023
2024-04-01,-1.4128554374174485,21,1.3092276,0.9470505
2024-04-02,0.08995332843309001,1,0.0,-0.0027537383
2024-04-02,0.08995332843309001,3,0.73422104,0.7758432
2024-04-02,0.08995332843309001,5,1.1052946,0.8687271
2024-04-02,0.08995332843309001,10,0.90937203,0.9566042
2024-04-02,0.08995332843309001,21,1.2830544,0.9327177
2024-04-03,-0.9763096225270829,1,0.0,-0.00513443
2024-04-03,-0.9763096225270829,3,1.1555489,0.83435893
2024-04-03,-0.9763096225270829,5,1.2264197,0.92685694
2024-04-03,-0.9763096225270829,10,1.0531965,1.0221865
2024-04-03,-0.9763096225270829,21,1.2817447,1.0714148
2024-04-04,0.8110845201292349,1,0.0,-0.017700285
2024-04-04,0.8110845201292349,3,1.3402879,0.8682097
2024-04-04,0.8110845201292349,5,1.1647905,0.9936678
2024-04-04,0.8110845201292349,10,1.0795324,1.0461236
2024-04-04,0.8110845201292349,21,1.3210458,0.9956114
2024-04-05,-1.9833325305466332,1,0.0,-0.009692833
2024-04-05,-1.9833325305466332,3,1.4041545,0.8713203
2024-04-05,-1.9833325305466332,5,1.1074536,1.0042571
2024-04-05,-1.9833325305466332,10,1.0335052,1.1353338
2024-04-05,-1.9833325305466332,21,1.3457879,1.1465129
2024-04-08,0.9062225347250319,1,0.0,-0.008347172
2024-04-08,0.9062225347250319,3,0.6982681,0.76180655
2024-04-08,0.9062225347250319,5,0.6345651,0.8215928
2024-04-08,0.9062225347250319,10,1.1544131,0.9154468
2024-04-08,0.9062225347250319,21,1.2857566,0.9451433
2024-04-09,1.0770805318376375,1,0.0,-0.007234093
2024-04-09,1.0770805318376375,3,0.70641357,0.7645146
2024-04-09,1.0770805318376375,5,0.6460579,0.8737603
2024-04-09,1.0770805318376375,10,1.1653855,1.0397465
2024-04-09,1.0770805318376375,21,1.2712088,1.0188855
2024-04-10,-0.48218973947022903,1,0.0,-0.012398306
2024-04-10,-0.48218973947022903,3,0.29805318,0.8839142
2024-04-10,-0.48218973947022903,5,0.7171197,1.0192508
2024-04-10,-0.48218973947022903,10,1.0808803,1.1421851
2024-04-10,-0.48218973947022903,21,1.2419544,1.1589172
2024-04-11,-0.3522450416880929,1,0.0,-0.0029844008
2024-04-11,-0.3522450416880929,3,0.3872102,0.80111396
2024-04-11,-0.3522450416880929,5,0.7534193,0.9672473
2024-04-11,-0.3522450416880929,10,1.401178,1.0525322
2024-04-11,-0.3522450416880929,21,1.2477989,1.0420804
2024-04-12,0.20495331962848695,1,0.0,-0.0072357953
2024-04-12,0.20495331962848695,3,0.88640845,0.79889953
2024-04-12,0.20495331962848695,5,0.8751781,0.953003
2024-04-12,0.20495331962848695,10,1.5131665,1.0282224
2024-04-12,0.20495331962848695,21,1.2478336,1.0604124
2024-04-15,-0.7383565011142679,1,0.0,-0.008904267
2024-04-15,-0.7383565011142679,3,0.4989269,0.74409914
2024-04-15,-0.7383565011142679,5,1.0276661,0.87125605
2024-04-15,-0.7383565011142679,10,1.5506653,1.0170829
2024-04-15,-0.7383565011142679,21,1.2874478,1.0016915
2024-04-16,-1.9603262428336876,1,0.0,-0.009107932
2024-04-16,-1.9603262428336876,3,0.9573091,0.91590464
2024-04-16,-1.9603262428336876,5,1.3832426,1.0314922
2024-04-16,-1.9603262428336876,10,1.6202402,1.132347
2024-04-16,-1.9603262428336876,21,1.2804452,1.2189914
2024-04-17,-1.332947757531855,1,0.0,-0.016895182
2024-04-17,-1.332947757531855,3,1.2273363,0.9896958
2024-04-17,-1.332947757531855,5,1.3437902,1.1352435
2024-04-17,-1.332947757531855,10,1.5150706,1.2314708
2024-04-17,-1.332947757531855,21,1.2161994,1.2173635
2024-04-18,0.3100899692189074,1,0.0,-0.014206383
2024-04-18,0.3100899692189074,3,1.6007974,1.0047312
2024-04-18,0.3100899692189074,5,1.6606332,1.2130998
2024-04-18,0.3100899692189074,10,1.4547187,1.340877
2024-04-18,0.3100899692189074,21,1.1788846,1.3755101
2024-04-19,-2.691776328656026,1,0.0,-0.01494896
2024-04-19,-2.691776328656026,3,1.5996342,0.94201094
2024-04-19,-2.691776328656026,5,1.924925,1.1050808
2024-04-19,-2.691776328656026,10,1.5214602,1.2256148
2024-04-19,-2.691776328656026,21,1.1958525,1.3455366
2024-04-22,0.9938960219701087,1,0.0,-0.0036763735
2024-04-22,0.9938960219701087,3,0.8676819,1.0748932
2024-04-22,0.9938960219701087,5,1.493637,1.2849203
2024-04-22,0.9938960219701087,10,1.3445812,1.3742769
2024-04-22,0.9938960219701087,21,1.0484477,1.2913431
2024-04-23,0.30283958610546335,1,0.0,-0.016169123
2024-04-23,0.30283958610546335,3,1.8701217,1.0119085
2024-04-23,0.30283958610546335,5,1.5136589,1.1286049
2024-04-23,0.30283958610546335,10,1.3352658,1.3138994
2024-04-23,0.30283958610546335,21,1.0770127,1.2825944
2024-04-24,2.388986747093824,1,0.0,-0.007832859
2024-04-24,2.388986747093824,3,1.8973937,0.8653287
2024-04-24,2.388986747093824,5,1.552903,1.0655055
2024-04-24,2.388986747093824,10,1.3366737,1.1968193
2024-04-24,2.388986747093824,21,1.0819712,1.1257112
2024-04-25,-2.1859548546204977,1,0.0,-0.00017469004
2024-04-25,-2.1859548546204977,3,1.5221587,1.0115389
2024-04-25,-2.1859548546204977,5,1.1846545,1.2214453
2024-04-25,-2.1859548546204977,10,1.115445,1.3976996
2024-04-25,-2.1859548546204977,21,0.96194726,1.4096905
2024-04-26,0.8106664523147344,1,0.0,-0.011864983
2024-04-26,0.8106664523147344,3,0.6664458,1.062796
2024-04-26,0.8106664523147344,5,0.73904353,1.3101974
2024-04-26,0.8106664523147344,10,0.8696894,1.3703039
2024-04-26,0.8106664523147344,21,0.8455895,1.3429681
2024-04-30,1.2336961166960592,1,0.0,-0.011551943
2024-04-30,1.2336961166960592,3,0.6930758,1.0496583
2024-04-30,1.2336961166960592,5,1.1546288,1.2463429
2024-04-30,1.2336961166960592,10,0.8449559,1.3834714
2024-04-30,1.2336961166960592,21,0.88261086,1.3949519
2024-05-01,-0.3432707364844134,1,0.0,-0.01428644
2024-05-01,-0.3432707364844134,3,0.84302366,1.2202439
2024-05-01,-0.3432707364844134,5,1.0203458,1.4444804
2024-05-01,-0.3432707364844134,10,0.8655904,1.529068
2024-05-01,-0.3432707364844134,21,0.8762532,1.4668132
2024-05-02,-0.09928221606987364,1,0.0,-0.002224043
2024-05-02,-0.09928221606987364,3,1.3055161,0.9136397
2024-05-02,-0.09928221606987364,5,1.0393012,1.1006647
2024-05-02,-0.09928221606987364,10,0.86552095,1.2904305
2024-05-02,-0.09928221606987364,21,0.90337515,1.2681512
2024-05-07,1.5545197991112758,1,0.0,-0.00804247
2024-05-07,1.5545197991112758,3,1.3125225,1.0969408
2024-05-07,1.5545197991112758,5,1.0398208,1.2831368
2024-05-07,1.5545197991112758,10,0.8786147,1.383333
2024-05-07,1.5545197991112758,21,0.9048823,1.355858
2024-05-08,-1.6426932896045798,1,0.0,-0.004451193
2024-05-08,-1.6426932896045798,3,0.8470766,1.0810091
2024-05-08,-1.6426932896045798,5,0.7614252,1.3614883
2024-05-08,-1.6426932896045798,10,0.7654419,1.4331317
2024-05-08,-1.6426932896045798,21,0.8636417,1.4173819
2024-05-09,-0.3366462701084316,1,0.0,-0.012373116
2024-05-09,-0.3366462701084316,3,0.31323773,1.1605632
2024-05-09,-0.3366462701084316,5,0.30615118,1.3570185
2024-05-09,-0.3366462701084316,10,0.6144553,1.4199345
2024-05-09,-0.3366462701084316,21,0.79365087,1.4203149
2024-05-10,0.40661294398880443,1,0.0,-0.011220101
2024-05-10,0.40661294398880443,3,0.26681474,1.0845046
2024-05-10,0.40661294398880443,5,0.5190475,1.2471559
2024-05-10,0.40661294398880443,10,0.680604,1.3583076
2024-05-10,0.40661294398880443,21,0.78913295,1.3558754
2024-05-13,-0.12995517200291573,1,0.0,-0.011804998
2024-05-13,-0.12995517200291573,3,0.24502467,1.0606823
2024-05-13,-0.12995517200291573,5,0.6074377,1.215181
2024-05-13,-0.12995517200291573,10,0.8027039,1.2907231
2024-05-13,-0.12995517200291573,21,0.8063541,1.3017708
2024-05-14,0.4614797697557904,1,0.0,-0.008471344
2024-05-14,0.4614797697557904,3,0.5478431,1.0836309
2024-05-14,0.4614797697557904,5,0.585107,1.2723155
2024-05-14,0.4614797697557904,10,0.8138435,1.350066
2024-05-14,0.4614797697557904,21,0.80523795,1.2679545
2024-05-15,0.07732912365234768,1,0.0,-0.01971997
2024-05-15,0.07732912365234768,3,0.73452795,1.018596
2024-05-15,0.07732912365234768,5,0.66225535,1.1808367
2024-05-15,0.07732912365234768,10,0.812769,1.2148845
2024-05-15,0.07732912365234768,21,0.81782717,1.1758387
2024-05-16,1.3829193670177986,1,0.0,-0.00972094
2024-05-16,1.3829193670177986,3,0.7107807,0.8936476
2024-05-16,1.3829193670177986,5,0.81307054,1.0443906
2024-05-16,1.3829193670177986,10,0.85686624,1.1818235
2024-05-16,1.3829193670177986,21,0.8238273,1.1899067
2024-05-17,-0.34200740353895753,1,0.0,-0.0072298944
2024-05-17,-0.34200740353895753,3,0.49676055,1.1141852
2024-05-17,-0.34200740353895753,5,0.77279776,1.3645306
2024-05-17,-0.34200740353895753,10,0.8164321,1.4401084
2024-05-17,-0.34200740353895753,21,0.7693949,1.4046675
2024-05-20,0.7251802816574227,1,0.0,-0.011080984
2024-05-20,0.7251802816574227,3,0.65413713,0.9100156
2024-05-20,0.7251802816574227,5,0.92402804,1.1083165
2024-05-20,0.7251802816574227,10,0.9099295,1.2887723
2024-05-20,0.7251802816574227,21,0.8617684,1.3097479
2024-05-21,-0.3146768419547641,1,0.0,-0.0049891546
2024-05-21,-0.3146768419547641,3,0.89158297,0.7640484
2024-05-21,-0.3146768419547641,5,0.91223335,0.91104406
2024-05-21,-0.3146768419547641,10,0.95203227,1.1043875
2024-05-21,-0.3146768419547641,21,0.875447,0.9807534
2024-05-22,-0.8504718172265058,1,0.0,-0.013582997
2024-05-22,-0.8504718172265058,3,1.0755544,0.9919865
2024-05-22,-0.8504718172265058,5,0.905739,1.1005393
2024-05-22,-0.8504718172265058,10,0.94969946,1.2963006
2024-05-22,-0.8504718172265058,21,0.8759477,1.3274146
2024-05-23,1.2509560559346156,1,0.0,-0.008935865
2024-05-23,1.2509560559346156,3,1.0326008,0.8436919
2024-05-23,1.2509560559346156,5,0.89212877,0.99972486
2024-05-23,1.2509560559346156,10,0.9539337,1.1150429
2024-05-23,1.2509560559346156,21,0.8580281,1.0099167
2024-05-24,-1.1758677609725154,1,0.0,0.0005790666
2024-05-24,-1.1758677609725154,3,0.75054085,0.7615045
2024-05-24,-1.1758677609725154,5,0.72977793,0.9252798
2024-05-24,-1.1758677609725154,10,0.88010234,1.1004989
2024-05-24,-1.1758677609725154,21,0.81133586,1.1890663
2024-05-27,0.6548645747686876,1,0.0,-0.014991473
2024-05-27,0.6548645747686876,3,0.582801,0.94658285
2024-05-27,0.6548645747686876,5,0.8955861,1.1650448
2024-05-27,0.6548645747686876,10,0.804382,1.2472521
2024-05-27,0.6548645747686876,21,0.7808214,1.2772521
2024-05-28,-0.11484333638698274,1,0.0,-0.014526922
2024-05-28,-0.11484333638698274,3,0.4896822,0.91755027
2024-05-28,-0.11484333638698274,5,0.98776203,1.1048158
2024-05-28,-0.11484333638698274,10,0.8282963,1.2295089
2024-05-28,-0.11484333638698274,21,0.79439855,1.37524
2024-05-29,-0.7711996733373638,1,0.0,-0.004055746
2024-05-29,-0.7711996733373638,3,1.0489683,0.9754583
2024-05-29,-0.7711996733373638,5,0.99135184,1.1087797
2024-05-29,-0.7711996733373638,10,0.8288484,1.2049688
2024-05-29,-0.7711996733373638,21,0.8346369,1.2758383
2024-05-30,-1.31247315472649,1,0.0,-0.005543649
2024-05-30,-1.31247315472649,3,1.1508462,1.0171822
2024-05-30,-1.31247315472649,5,1.0119681,1.212473
2024-05-30,-1.31247315472649,10,0.81829214,1.2876885
2024-05-30,-1.31247315472649,21,0.8373304,1.3581511
2024-05-31,1.1334274515716558,1,0.0,-0.021750208
2024-05-31,1.1334274515716558,3,0.6358954,1.0748148
2024-05-31,1.1334274515716558,5,0.79204863,1.1845796
2024-05-31,1.1334274515716558,10,0.70018,1.2610284
2024-05-31,1.1334274515716558,21,0.7816337,1.2784258
2024-06-03,1.124227282209489,1,0.0,-0.01108817
2024-06-03,1.124227282209489,3,0.84046364,0.84308666
2024-06-03,1.124227282209489,5,0.6892911,0.9565435
2024-06-03,1.124227282209489,10,0.6250333,1.122781
2024-06-03,1.124227282209489,21,0.75248694,1.1728656
2024-06-04,-0.22008694809763085,1,0.0,-0.007898245
2024-06-04,-0.22008694809763085,3,0.59277797,0.84582263
2024-06-04,-0.22008694809763085,5,0.62877643,0.92880046
2024-06-04,-0.22008694809763085,10,0.75425416,1.0455427
2024-06-04,-0.22008694809763085,21,0.7518023,1.0712181
2024-06-05,-0.8982336194035767,1,0.0,-0.006858919
2024-06-05,-0.8982336194035767,3,0.59514934,0.7959013
2024-06-05,-0.8982336194035767,5,0.6149139,0.9074426
2024-06-05,-0.8982336194035767,10,0.8362521,1.1158557
2024-06-05,-0.8982336194035767,21,0.78323174,1.1320199
2024-06-06,0.5527405274230901,1,0.0,-0.0107469745
2024-06-06,0.5527405274230901,3,0.3970009,0.7628228
2024-06-06,0.5527405274230901,5,0.5363161,0.85879785
2024-06-06,0.5527405274230901,10,0.79494756,0.94662434
2024-06-06,0.5527405274230901,21,0.7523216,0.9738896
2024-06-07,-0.05060777643546288,1,0.0,-0.008934811
2024-06-07,-0.05060777643546288,3,0.4021806,0.686684
2024-06-07,-0.05060777643546288,5,0.54665077,0.79150265
2024-06-07,-0.05060777643546288,10,0.777236,0.9993895
2024-06-07,-0.05060777643546288,21,0.7524173,1.0240574
2024-06-10,0.9115373048006248,1,0.0,-0.014629271
2024-06-10,0.9115373048006248,3,0.6448297,0.8887827
2024-06-10,0.9115373048006248,5,0.5528351,1.0714965
2024-06-10,0.9115373048006248,10,0.77753174,1.211416
2024-06-10,0.9115373048006248,21,0.7600204,1.168081
2024-06-11,0.24721839569696868,1,0.0,-0.012858342
2024-06-11,0.24721839569696868,3,0.38231415,0.81025994
2024-06-11,0.24721839569696868,5,0.77091515,0.97771025
2024-06-11,0.24721839569696868,10,0.73980725,1.1974325
2024-06-11,0.24721839569696868,21,0.8309582,1.2244867
2024-06-12,-0.6616436461156283,1,0.0,-0.011531696
2024-06-12,-0.6616436461156283,3,0.38026896,0.8096979
2024-06-12,-0.6616436461156283,5,0.9492129,0.96855503
2024-06-12,-0.6616436461156283,10,0.79626447,1.111419
2024-06-12,-0.6616436461156283,21,0.83333766,1.1230689
2024-06-13,-0.4027012303160049,1,0.0,-0.00985327
2024-06-13,-0.4027012303160049,3,0.87576604,0.80364937
2024-06-13,-0.4027012303160049,5,0.9550991,0.945577
2024-06-13,-0.4027012303160049,10,0.8407423,1.0991778
2024-06-13,-0.4027012303160049,21,0.81306815,1.1329567
2024-06-14,0.24270292578609798,1,0.0,-0.0031751804
2024-06-14,0.24270292578609798,3,1.2032874,0.69038707
2024-06-14,0.24270292578609798,5,0.9528418,0.8025206
2024-06-14,0.24270292578609798,10,0.8796137,0.92389476
2024-06-14,0.24270292578609798,21,1.0068058,0.9153529
2024-06-17,-1.8517038755762272,1,0.0,-0.008817568
2024-06-17,-1.8517038755762272,3,1.2017361,0.7790289
2024-06-17,-1.8517038755762272,5,0.94194686,0.95732635
2024-06-17,-1.8517038755762272,10,0.89004153,1.1520709
2024-06-17,-1.8517038755762272,21,1.0069314,1.2297677
2024-06-18,0.9915082748824133,1,0.0,-0.010996714
2024-06-18,0.9915082748824133,3,0.37620082,0.88476896
2024-06-18,0.9915082748824133,5,0.37239638,1.0559517
2024-06-18,0.9915082748824133,10,0.5783417,1.1657028
2024-06-18,0.9915082748824133,21,0.9029278,1.2253323
2024-06-19,0.2301079287747143,1,0.0,-0.0027083568
2024-06-19,0.2301079287747143,3,0.13972658,0.83892137
2024-06-19,0.2301079287747143,5,0.35694426,0.9973118
2024-06-19,0.2301079287747143,10,0.5919193,1.1589597
2024-06-19,0.2301079287747143,21,1.0635093,1.2970524
2024-06-20,0.16128180508072631,1,0.0,-0.008105729
2024-06-20,0.16128180508072631,3,0.25981238,0.819756
2024-06-20,0.16128180508072631,5,0.49327543,0.9705717
2024-06-20,0.16128180508072631,10,0.63948154,1.1426905
2024-06-20,0.16128180508072631,21,1.0661515,1.2399904
2024-06-21,-0.09465499459437865,1,0.0,0.006678056
2024-06-21,-0.09465499459437865,3,0.42780814,0.84570986
2024-06-21,-0.09465499459437865,5,0.7456663,1.0121213
2024-06-21,-0.09465499459437865,10,0.6341627,1.1979619
2024-06-21,-0.09465499459437865,21,1.1041548,1.3725678
2024-06-24,0.5379255418052509,1,0.0,-0.0048250556
2024-06-24,0.5379255418052509,3,0.29286045,0.8947268
2024-06-24,0.5379255418052509,5,0.711635,1.028678
2024-06-24,0.5379255418052509,10,0.6250469,1.1706564
2024-06-24,0.5379255418052509,21,1.1035362,1.2846931
2024-06-25,0.9451478701709704,1,0.0,-0.011409983
2024-06-25,0.9451478701709704,3,0.9152329,0.87489027
2024-06-25,0.9451478701709704,5,0.7271165,1.0680315
2024-06-25,0.9451478701709704,10,0.6819077,1.2873307
2024-06-25,0.9451478701709704,21,1.129734,1.4628091
2024-06-26,1.252985709193588,1,0.0,-0.011875629
2024-06-26,1.252985709193588,3,0.8684126,0.7331415
2024-06-26,1.252985709193588,5,0.753934,0.8728158
2024-06-26,1.252985709193588,10,0.80230546,1.0496247
2024-06-26,1.252985709193588,21,1.3191419,1.1536728
2024-06-27,-0.8240446064592177,1,0.0,-0.008359838
2024-06-27,-0.8240446064592177,3,0.59599036,0.6251372
2024-06-27,-0.8240446064592177,5,0.7543418,0.7612426
2024-06-27,-0.8240446064592177,10,0.77224606,0.9421899
2024-06-27,-0.8240446064592177,21,1.282308,1.0280842
2024-06-28,0.6120772585004985,1,0.0,-0.010269117
2024-06-28,0.6120772585004985,3,0.4050085,0.6800998
2024-06-28,0.6120772585004985,5,0.40003666,0.838993
2024-06-28,0.6120772585004985,10,0.6307837,0.9681542
2024-06-28,0.6120772585004985,21,1.3682799,0.994295
2024-07-01,0.12114119172448312,1,0.0,-0.015563045
2024-07-01,0.12114119172448312,3,0.5043891,0.5474176
2024-07-01,0.12114119172448312,5,0.51264656,0.6940734
2024-07-01,0.12114119172448312,10,1.1470902,0.8751878
2024-07-01,0.12114119172448312,21,1.3602228,1.0004889
2024-07-02,1.1131879285798618,1,0.0,-0.0025586374
2024-07-02,1.1131879285798618,3,0.18246351,0.80980974
2024-07-02,1.1131879285798618,5,0.6244835,0.97513753
2024-07-02,1.1131879285798618,10,1.1453454,1.082084
2024-07-02,1.1131879285798618,21,1.4024448,1.216487
2024-07-03,1.2549106953283484,1,0.0,-0.007968899
2024-07-03,1.2549106953283484,3,0.52142775,0.61350477
2024-07-03,1.2549106953283484,5,0.8240563,0.75268
2024-07-03,1.2549106953283484,10,1.143729,0.9325773
2024-07-03,1.2549106953283484,21,1.4695411,1.0487365
2024-07-04,0.8169604997016577,1,0.0,-0.011341739
2024-07-04,0.8169604997016577,3,0.47987187,0.62187463
2024-07-04,0.8169604997016577,5,0.78240734,0.7642667
2024-07-04,0.8169604997016577,10,1.3317649,0.92030376
2024-07-04,0.8169604997016577,21,1.8735622,1.013655
2024-07-05,-0.0031220967546374823,1,0.0,0.0004247129
2024-07-05,-0.0031220967546374823,3,1.00045,0.60140276
2024-07-05,-0.0031220967546374823,5,0.7899494,0.70448583
2024-07-05,-0.0031220967546374823,10,1.2953414,0.86513007
2024-07-05,-0.0031220967546374823,21,3.2544653,0.9479408
2024-07-08,-0.3223577924496013,1,0.0,0.0020654537
2024-07-08,-0.3223577924496013,3,0.9292717,0.55220515
2024-07-08,-0.3223577924496013,5,1.493653,0.6376328
2024-07-08,-0.3223577924496013,10,1.323508,0.80374295
2024-07-08,-0.3223577924496013,21,4.0064387,0.8670163
2024-07-09,1.941450490047103,1,0.0,-0.0049294904
2024-07-09,1.941450490047103,3,0.5691093,0.71987754
2024-07-09,1.941450490047103,5,1.4761097,0.84314364
2024-07-09,1.941450490047103,10,1.3268785,1.0782189
2024-07-09,1.941450490047103,21,4.0276303,1.1604053
2024-07-10,0.6037900728172119,1,0.0,-0.006774422
2024-07-10,0.6037900728172119,3,1.5360695,0.7391097
2024-07-10,0.6037900728172119,5,1.2106795,0.87399197
2024-07-10,0.6037900728172119,10,1.1109729,1.0078757
2024-07-10,0.6037900728172119,21,3.9836311,1.0975304
2024-07-11,0.932792557624218,1,0.0,0.002405677
2024-07-11,0.932792557624218,3,1.4665562,0.5367961
2024-07-11,0.932792557624218,5,1.3778137,0.63675463
2024-07-11,0.932792557624218,10,1.2972131,0.8165782
2024-07-11,0.932792557624218,21,3.9828007,0.90101445
2024-07-12,-2.477723273719512,1,0.0,-0.0019110627
2024-07-12,-2.477723273719512,3,1.1445216,0.7544114
2024-07-12,-2.477723273719512,5,1.1485606,0.84177387
2024-07-12,-2.477723273719512,10,1.1448503,1.0363157
2024-07-12,-2.477723273719512,21,4.0684795,1.1575645
2024-07-16,0.20468730102205512,1,0.0,-0.0035760775
2024-07-16,0.20468730102205512,3,1.1051404,0.9718521
2024-07-16,0.20468730102205512,5,0.91961277,1.178462
2024-07-16,0.20468730102205512,10,1.4058365,1.3841224
2024-07-16,0.20468730102205512,21,4.0579505,1.5137264
2024-07-17,-0.4306932836295019,1,0.0,-0.014366951
2024-07-17,-0.4306932836295019,3,0.9955788,0.78921556
2024-07-17,-0.4306932836295019,5,0.8759353,0.91552293
2024-07-17,-0.4306932836295019,10,1.4024063,1.0838089
2024-07-17,-0.4306932836295019,21,4.065064,1.1478308
2024-07-18,-2.3918685076836255,1,0.0,-0.019572522
2024-07-18,-2.3918685076836255,3,0.9141689,0.8991991
2024-07-18,-2.3918685076836255,5,0.85590523,1.1290712
2024-07-18,-2.3918685076836255,10,1.5477686,1.3114084
2024-07-18,-2.3918685076836255,21,4.159272,1.4878678
2024-07-19,-0.15603542332218723,1,0.0,-0.02186611
2024-07-19,-0.15603542332218723,3,0.5139542,1.0237848
2024-07-19,-0.15603542332218723,5,1.189236,1.2674544
2024-07-19,-0.15603542332218723,10,1.5646648,1.3930762
2024-07-19,-0.15603542332218723,21,4.1472116,1.5063478
2024-07-22,-1.1669045033961822,1,0.0,-0.004922487
2024-07-22,-1.1669045033961822,3,0.53307205,1.0048426
2024-07-22,-1.1669045033961822,5,1.1337489,1.2457799
2024-07-22,-1.1669045033961822,10,2.257567,1.3741287
2024-07-22,-1.1669045033961822,21,4.171818,1.5631322
2024-07-23,-0.01164080731701489,1,0.0,-0.012627114
2024-07-23,-0.01164080731701489,3,1.3831779,0.85346377
2024-07-23,-0.01164080731701489,5,1.7564838,1.0456562
2024-07-23,-0.01164080731701489,10,4.286779,1.1594527
2024-07-23,-0.01164080731701489,21,4.1667585,1.2220074
2024-07-24,-1.1163120170305518,1,0.0,-0.010215346
2024-07-24,-1.1163120170305518,3,1.2077471,0.9406438
2024-07-24,-1.1163120170305518,5,1.7679946,1.1749115
2024-07-24,-1.1163120170305518,10,5.602954,1.3408697
2024-07-24,-1.1163120170305518,21,4.1708736,1.4977185
2024-07-25,-3.3377988958594784,1,0.0,-0.026460316
2024-07-25,-3.3377988958594784,3,2.2222552,0.8899302
2024-07-25,-3.3377988958594784,5,1.9014313,1.100882
2024-07-25,-3.3377988958594784,10,5.653986,1.2147002
2024-07-25,-3.3377988958594784,21,4.16698,1.3187982
2024-07-26,-0.5351079703331152,1,0.0,-0.021822017
2024-07-26,-0.5351079703331152,3,1.1186482,0.9836692
2024-07-26,-0.5351079703331152,5,1.6267322,1.2395798
2024-07-26,-0.5351079703331152,10,5.6044884,1.3867308
2024-07-26,-0.5351079703331152,21,4.1064277,1.4984545
2024-07-29,2.1047807021563614,1,0.0,-0.021062087
2024-07-29,2.1047807021563614,3,0.81601596,0.8515761
2024-07-29,2.1047807021563614,5,2.9781277,1.0722188
2024-07-29,2.1047807021563614,10,5.619868,1.2127917
2024-07-29,2.1047807021563614,21,4.105404,1.3842591
2024-07-30,0.14889444032437638,1,0.0,-0.019792993
2024-07-30,0.14889444032437638,3,1.6673247,0.86182874
2024-07-30,0.14889444032437638,5,5.266505,1.0388197
2024-07-30,0.14889444032437638,10,5.697292,1.225153
2024-07-30,0.14889444032437638,21,4.080631,1.3061153
2024-07-31,1.483700127882237,1,0.0,-0.0136759095
2024-07-31,1.483700127882237,3,3.053749,0.7419364
2024-07-31,1.483700127882237,5,7.6449537,0.88982344
2024-07-31,1.483700127882237,10,5.7043676,1.0477257
2024-07-31,1.483700127882237,21,4.080472,1.0730261
2024-08-01,-2.5263950828172455,1,0.0,-0.017514285
2024-08-01,-2.5263950828172455,3,4.461308,0.7155804
2024-08-01,-2.5263950828172455,5,7.6179914,0.87231404
2024-08-01,-2.5263950828172455,10,5.682995,1.0394194
2024-08-01,-2.5263950828172455,21,4.0704875,1.0716712
2024-08-02,-5.989763815813376,1,0.0,-0.00988261
2024-08-02,-5.989763815813376,3,9.588462,1.0014875
2024-08-02,-5.989763815813376,5,7.634568,1.237727
2024-08-02,-5.989763815813376,10,5.7729845,1.4010149
2024-08-02,-5.989763815813376,21,4.032847,1.2880911
2024-08-05,-13.234076084751933,1,0.0,-0.0090149455
2024-08-05,-13.234076084751933,3,9.479312,1.285048
2024-08-05,-13.234076084751933,5,7.3615375,1.5284227
2024-08-05,-13.234076084751933,10,5.467748,1.6299915
2024-08-05,-13.234076084751933,21,3.7993116,1.6442629
2024-08-06,9.736558781039584,1,0.0,0.0031691454
2024-08-06,9.736558781039584,3,4.5527267,0.82736635
2024-08-06,9.736558781039584,5,3.7047982,0.9190646
2024-08-06,9.736558781039584,10,3.0385392,0.9461107
2024-08-06,9.736558781039584,21,2.550711,0.968189
2024-08-07,1.1873132219445637,1,0.0,-0.0005090721
2024-08-07,1.1873132219445637,3,0.80187917,1.2497774
2024-08-07,1.1873132219445637,5,1.3524896,1.5125468
2024-08-07,1.1873132219445637,10,1.6055907,1.6427932
2024-08-07,1.1873132219445637,21,1.6067672,1.5679477
2024-08-08,-0.7393334923367689,1,0.0,0.0095444545
2024-08-08,-0.7393334923367689,3,1.7242254,0.7394163
2024-08-08,-0.7393334923367689,5,1.350722,0.8501547
2024-08-08,-0.7393334923367689,10,1.6038074,1.0044147
2024-08-08,-0.7393334923367689,21,1.6061443,0.9867232
2024-08-09,0.5550035735861769,1,0.0,0.00066585466
2024-08-09,0.5550035735861769,3,1.3308667,1.0661821
2024-08-09,0.5550035735861769,5,1.3970068,1.3541298
2024-08-09,0.5550035735861769,10,1.5252345,1.4829751
2024-08-09,0.5550035735861769,21,1.600144,1.5164989
2024-08-13,3.389473732341308,1,0.0,-0.012263928
2024-08-13,3.389473732341308,3,1.2811242,1.1324975
2024-08-13,3.389473732341308,5,1.9928131,1.3523209
2024-08-13,3.389473732341308,10,1.6001366,1.4293349
2024-08-13,3.389473732341308,21,1.5994956,1.4508185
2024-08-14,0.5776917008342153,1,0.0,-0.013505131
2024-08-14,0.5776917008342153,3,1.3675544,0.9944156
2024-08-14,0.5776917008342153,5,1.7455307,1.2331883
2024-08-14,0.5776917008342153,10,1.3569881,1.3359832
2024-08-14,0.5776917008342153,21,1.4612702,1.3754472
2024-08-15,0.776864775440167,1,0.0,-0.007896181
2024-08-15,0.776864775440167,3,2.1888702,0.9020153
2024-08-15,0.776864775440167,5,1.8193368,1.0827203
2024-08-15,0.776864775440167,10,1.3606156,1.186842
2024-08-15,0.776864775440167,21,1.6302949,1.0914292
2024-08-16,3.5731666750036695,1,0.0,-0.009904407
2024-08-16,3.5731666750036695,3,2.2284167,1.0816079
2024-08-16,3.5731666750036695,5,1.8201114,1.3243927
2024-08-16,3.5731666750036695,10,1.366456,1.4185116
2024-08-16,3.5731666750036695,21,1.6290194,1.4063038
2024-08-19,-1.7867651762056624,1,0.0,-0.02195305
2024-08-19,-1.7867651762056624,3,1.4656649,0.8557547
2024-08-19,-1.7867651762056624,5,1.1808345,1.000918
2024-08-19,-1.7867651762056624,10,0.90108836,1.1235162
2024-08-19,-1.7867651762056624,21,1.4285372,1.1648384
2024-08-20,1.787421985532589,1,0.0,-0.016462643
2024-08-20,1.787421985532589,3,0.8496551,1.0559186
2024-08-20,1.787421985532589,5,0.8502349,1.2556607
2024-08-20,1.787421985532589,10,0.6315604,1.3445466
2024-08-20,1.787421985532589,21,1.3928196,1.3068744
2024-08-21,-0.2923675020339189,1,0.0,-0.015240673
2024-08-21,-0.2923675020339189,3,0.4089557,0.9800492
2024-08-21,-0.2923675020339189,5,0.5096423,1.1422541
2024-08-21,-0.2923675020339189,10,0.4148823,1.2294995
2024-08-21,-0.2923675020339189,21,1.4153531,1.2592313
2024-08-22,0.6806784828738088,1,0.0,-0.011062276
2024-08-22,0.6806784828738088,3,0.5794104,0.75793517
2024-08-22,0.6806784828738088,5,0.46646294,0.884235
2024-08-22,0.6806784828738088,10,1.4160335,1.0024744
2024-08-22,0.6806784828738088,21,1.4564917,0.97563964
2024-08-23,0.4002806509589618,1,0.0,-0.012041401
2024-08-23,0.4002806509589618,3,0.51834923,0.7994887
2024-08-23,0.4002806509589618,5,0.40892163,0.9137785
2024-08-23,0.4002806509589618,10,1.3988901,1.0121067
2024-08-23,0.4002806509589618,21,1.454168,0.9949521
2024-08-26,-0.6644090637962563,1,0.0,-0.016045425
2024-08-26,-0.6644090637962563,3,0.48527572,0.78455544
2024-08-26,-0.6644090637962563,5,0.4790552,0.92863804
2024-08-26,-0.6644090637962563,10,1.3738354,1.1209316
2024-08-26,-0.6644090637962563,21,1.4511888,1.1469067
2024-08-27,0.4670297831381731,1,0.0,-0.011510294
2024-08-27,0.4670297831381731,3,0.20049748,1.0280298
2024-08-27,0.4670297831381731,5,0.2684129,1.1768435
2024-08-27,0.4670297831381731,10,1.373109,1.3089644
2024-08-27,0.4670297831381731,21,1.5615201,1.2498646
2024-08-28,0.2169064503638296,1,0.0,-0.008630209
2024-08-28,0.2169064503638296,3,0.31926346,1.0560346
2024-08-28,0.2169064503638296,5,0.28391996,1.2174176
2024-08-28,0.2169064503638296,10,1.3411199,1.3479232
2024-08-28,0.2169064503638296,21,1.6290399,1.3340597
2024-08-29,-0.024058262446757794,1,0.0,-0.0047060624
2024-08-29,-0.024058262446757794,3,0.32914424,0.98056036
2024-08-29,-0.024058262446757794,5,1.835007,1.0995648
2024-08-29,-0.024058262446757794,10,1.3391697,1.1188625
2024-08-29,-0.024058262446757794,21,1.9579679,1.0779932
2024-08-30,0.7407324048038788,1,0.0,0.017252939
2024-08-30,0.7407324048038788,3,0.33342373,1.0796494
2024-08-30,0.7407324048038788,5,1.8049566,1.2905271
2024-08-30,0.7407324048038788,10,1.817685,1.385068
2024-08-30,0.7407324048038788,21,2.0024478,1.4101423
2024-09-02,0.13735500736942186,1,0.0,0.015293499
2024-09-02,0.13735500736942186,3,2.06507,0.7920068
2024-09-02,0.13735500736942186,5,1.6228575,0.9002923
2024-09-02,0.13735500736942186,10,1.7775583,1.0289525
2024-09-02,0.13735500736942186,21,2.0507796,1.0878569
2024-09-03,-0.03763543323511698,1,0.0,0.026728004
2024-09-03,-0.03763543323511698,3,1.8298925,0.86303896
2024-09-03,-0.03763543323511698,5,1.5369695,1.0809314
2024-09-03,-0.03763543323511698,10,1.767137,1.145986
2024-09-03,-0.03763543323511698,21,2.096634,1.2576151
2024-09-04,-4.3281928963677885,1,0.0,0.005724132
2024-09-04,-4.3281928963677885,3,1.624821,1.0196271
2024-09-04,-4.3281928963677885,5,1.5176536,1.1642885
2024-09-04,-4.3281928963677885,10,1.792687,1.2168365
2024-09-04,-4.3281928963677885,21,2.0972211,1.260994
2024-09-05,-1.0596968439079646,1,0.0,0.005022105
2024-09-05,-1.0596968439079646,3,0.23595555,1.311364
2024-09-05,-1.0596968439079646,5,0.46475562,1.5451773
2024-09-05,-1.0596968439079646,10,1.4703127,1.50951
2024-09-05,-1.0596968439079646,21,1.891391,1.4892435
2024-09-06,-0.7272484757153919,1,0.0,-0.008675214
2024-09-06,-0.7272484757153919,3,0.23390417,1.1314591
2024-09-06,-0.7272484757153919,5,1.6866223,1.3379488
2024-09-06,-0.7272484757153919,10,1.482806,1.3970748
2024-09-06,-0.7272484757153919,21,1.8897322,1.3610961
2024-09-09,-0.4840265089036677,1,0.0,0.0047653206
2024-09-09,-0.4840265089036677,3,0.573373,1.0322443
2024-09-09,-0.4840265089036677,5,1.6825942,1.2833226
2024-09-09,-0.4840265089036677,10,1.4446944,1.3603239
2024-09-09,-0.4840265089036677,21,1.8794856,1.3361758
2024-09-10,-0.15637975967148776,1,0.0,-0.008026052
2024-09-10,-0.15637975967148776,3,2.0455978,0.81350046
2024-09-10,-0.15637975967148776,5,1.7353654,0.9936128
2024-09-10,-0.15637975967148776,10,1.4287682,1.0806798
2024-09-10,-0.15637975967148776,21,1.8701591,1.1270833
2024-09-11,-1.5029501852591665,1,0.0,-0.0072480477
2024-09-11,-1.5029501852591665,3,2.1214178,1.0326144
2024-09-11,-1.5029501852591665,5,1.7433718,1.2440109
2024-09-11,-1.5029501852591665,10,1.5654106,1.2998838
2024-09-11,-1.5029501852591665,21,1.8662791,1.2248418
2024-09-12,3.350069247070131,1,0.0,-0.014426861
2024-09-12,3.350069247070131,3,1.9911875,1.0284182
2024-09-12,3.350069247070131,5,1.6669987,1.2467353
2024-09-12,3.350069247070131,10,1.4308197,1.3264982
2024-09-12,3.350069247070131,21,1.8160466,1.3236288
2024-09-13,-0.6851697592505701,1,0.0,-0.01444412
2024-09-13,-0.6851697592505701,3,0.6528102,1.0313779
2024-09-13,-0.6851697592505701,5,1.2164646,1.1775947
2024-09-13,-0.6851697592505701,10,2.1221056,1.2502981
2024-09-13,-0.6851697592505701,21,1.7699748,1.1974152
2024-09-17,-1.0401771887623923,1,0.0,-0.0048409924
2024-09-17,-1.0401771887623923,3,1.2855589,0.9172619
2024-09-17,-1.0401771887623923,5,1.0713401,1.0295634
2024-09-17,-1.0401771887623923,10,2.1456535,1.0965315
2024-09-17,-1.0401771887623923,21,1.7700816,1.0511883
2024-09-18,0.48758668905097835,1,0.0,-0.011339743
2024-09-18,0.48758668905097835,3,0.6697972,0.95726174
2024-09-18,0.48758668905097835,5,0.8122082,1.1073958
2024-09-18,0.48758668905097835,10,2.2576249,1.201142
2024-09-18,0.48758668905097835,21,1.7451802,1.1702322
2024-09-19,2.108328530259307,1,0.0,-0.010238677
2024-09-19,2.108328530259307,3,0.6325022,1.0273482
2024-09-19,2.108328530259307,5,1.0508829,1.1536376
2024-09-19,2.108328530259307,10,2.3030815,1.2898548
2024-09-19,2.108328530259307,21,1.7471541,1.2459453
2024-09-20,1.5186932253689278,1,0.0,0.0013015643
2024-09-20,1.5186932253689278,3,0.69715345,1.0965283
2024-09-20,1.5186932253689278,5,1.0800899,1.2198949
2024-09-20,1.5186932253689278,10,2.2467697,1.303562
2024-09-20,1.5186932253689278,21,1.7365209,1.2650635
2024-09-24,0.5727396065864809,1,0.0,-0.011573043
2024-09-24,0.5727396065864809,3,1.2436166,1.0098249
2024-09-24,0.5727396065864809,5,2.7307127,1.1074708
2024-09-24,0.5727396065864809,10,2.261709,1.0795698
2024-09-24,0.5727396065864809,21,1.7202196,1.0537146
2024-09-25,-0.18553582692977244,1,0.0,0.0067677423
2024-09-25,-0.18553582692977244,3,1.2897487,1.1009526
2024-09-25,-0.18553582692977244,5,2.8276916,1.239114
2024-09-25,-0.18553582692977244,10,2.300357,1.3547064
2024-09-25,-0.18553582692977244,21,1.7162938,1.2947521
2024-09-26,2.748672159356147,1,0.0,0.024332803
2024-09-26,2.748672159356147,3,3.510431,0.8713217
2024-09-26,2.748672159356147,5,3.0164444,0.948368
2024-09-26,2.748672159356147,10,2.3017476,1.0562801
2024-09-26,2.748672159356147,21,1.7210351,1.091849
2024-09-27,2.2956440414574786,1,0.0,0.013400976
2024-09-27,2.2956440414574786,3,3.3122907,1.0695653
2024-09-27,2.2956440414574786,5,2.8826742,1.2029719
2024-09-27,2.2956440414574786,10,2.1608,1.3048967
2024-09-27,2.2956440414574786,21,1.6602067,1.2556385
2024-09-30,-4.9142484045678,1,0.0,0.010656353
2024-09-30,-4.9142484045678,3,2.8069978,1.010421
2024-09-30,-4.9142484045678,5,2.6328468,1.0833647
2024-09-30,-4.9142484045678,10,2.0456874,1.1393044
2024-09-30,-4.9142484045678,21,1.5882444,1.1277674
2024-10-01,1.9130880809781203,1,0.0,0.0049420595
2024-10-01,1.9130880809781203,3,1.9496176,1.5647179
2024-10-01,1.9130880809781203,5,1.605132,1.7946985
2024-10-01,1.9130880809781203,10,1.2529585,1.6827134
2024-10-01,1.9130880809781203,21,1.1834389,1.5969392
2024-10-02,-2.205684437304356,1,0.0,-0.0001773797
2024-10-02,-2.205684437304356,3,1.7030956,1.1261103
2024-10-02,-2.205684437304356,5,1.6007159,1.2953327
2024-10-02,-2.205684437304356,10,1.3373017,1.3287387
2024-10-02,-2.205684437304356,21,1.1240473,1.2342376
2024-10-03,1.946863193229298,1,0.0,0.0031154528
2024-10-03,1.946863193229298,3,0.7809968,1.1694523
2024-10-03,1.946863193229298,5,1.0868149,1.4344506
2024-10-03,1.946863193229298,10,1.1336669,1.4260254
2024-10-03,1.946863193229298,21,1.1712023,1.2959484
2024-10-04,0.2165177991704681,1,0.0,0.0021588244
2024-10-04,0.2165177991704681,3,1.145214,0.9437873
2024-10-04,0.2165177991704681,5,0.91496485,1.1053853
2024-10-04,0.2165177991704681,10,0.9898355,1.1773095
2024-10-04,0.2165177991704681,21,1.1179389,1.1225301
2024-10-07,1.7882530048959566,1,0.0,0.006752599
2024-10-07,1.7882530048959566,3,1.1646285,0.9909444
2024-10-07,1.7882530048959566,5,0.9097251,1.1325853
2024-10-07,1.7882530048959566,10,0.9905033,1.1655312
2024-10-07,1.7882530048959566,21,1.2466474,1.0249313
2024-10-08,-1.0098407482882266,1,0.0,0.0071515106
2024-10-08,-1.0098407482882266,3,0.7833714,0.8009519
2024-10-08,-1.0098407482882266,5,0.6830088,0.93748385
2024-10-08,-1.0098407482882266,10,0.89930195,0.95911735
2024-10-08,-1.0098407482882266,21,1.1897267,0.90770864
2024-10-09,0.8704771421628621,1,0.0,0.0050177015
2024-10-09,0.8704771421628621,3,0.24853256,1.0056955
2024-10-09,0.8704771421628621,5,1.0070739,1.101531
2024-10-09,0.8704771421628621,10,0.88350683,1.1488775
2024-10-09,0.8704771421628621,21,1.1690104,1.1133944
2024-10-10,0.2617117951892567,1,0.0,0.016327651
2024-10-10,0.2617117951892567,3,0.207731,0.66466403
2024-10-10,0.2617117951892567,5,0.9684533,0.7607043
2024-10-10,0.2617117951892567,10,0.8164724,0.8398358
2024-10-10,0.2617117951892567,21,1.155228,0.8050331
2024-10-11,0.5694902776683719,1,0.0,0.022767076
2024-10-11,0.5694902776683719,3,1.1881499,1.0094684
2024-10-11,0.5694902776683719,5,0.96149,1.1271355
2024-10-11,0.5694902776683719,10,0.7987316,1.1219754
2024-10-11,0.5694902776683719,21,1.1574993,1.0989429
2024-10-15,0.7665127640329672,1,0.0,0.02418409
2024-10-15,0.7665127640329672,3,1.0691388,0.97044075
2024-10-15,0.7665127640329672,5,0.8900222,1.0636355
2024-10-15,0.7665127640329672,10,1.0054874,1.1925994
2024-10-15,0.7665127640329672,21,1.2027296,1.1908342
2024-10-16,-1.8466630153186614,1,0.0,0.032464903
2024-10-16,-1.8466630153186614,3,0.8306189,0.91585743
2024-10-16,-1.8466630153186614,5,0.7695775,0.9601755
2024-10-16,-1.8466630153186614,10,1.0057739,0.9611186
2024-10-16,-1.8466630153186614,21,1.1888261,0.8787019
2024-10-17,-0.6892183328416124,1,0.0,-0.0055662952
2024-10-17,-0.6892183328416124,3,0.36580718,1.0214269
2024-10-17,-0.6892183328416124,5,0.56135863,1.0878497
2024-10-17,-0.6892183328416124,10,0.9091973,1.063176
2024-10-17,-0.6892183328416124,21,1.1305466,0.9758214
2024-10-18,0.18116818231561638,1,0.0,0.008009583
2024-10-18,0.18116818231561638,3,0.69515157,1.0045428
2024-10-18,0.18116818231561638,5,0.6108113,1.0820286
2024-10-18,0.18116818231561638,10,0.89605284,1.1384846
2024-10-18,0.18116818231561638,21,1.144555,1.0823072
2024-10-21,-0.06966823068772499,1,0.0,0.020963471
2024-10-21,-0.06966823068772499,3,0.5451506,0.88492084
2024-10-21,-0.06966823068772499,5,0.5381571,0.9205994
2024-10-21,-0.06966823068772499,10,1.2055857,1.0604978
2024-10-21,-0.06966823068772499,21,1.1502125,0.9818225
2024-10-22,-1.4028011742254876,1,0.0,0.023208998
2024-10-22,-1.4028011742254876,3,0.6179952,0.85698384
2024-10-22,-1.4028011742254876,5,1.1038057,0.92748064
2024-10-22,-1.4028011742254876,10,1.2715526,1.0466977
2024-10-22,-1.4028011742254876,21,1.1503792,0.98624086
2024-10-23,-0.8027077189694865,1,0.0,0.019591242
2024-10-23,-0.8027077189694865,3,0.38754153,1.0214986
2024-10-23,-0.8027077189694865,5,0.95440066,1.0500929
2024-10-23,-0.8027077189694865,10,1.4233812,1.1648356
2024-10-23,-0.8027077189694865,21,1.1258758,1.0949808
2024-10-24,0.1008016366077058,1,0.0,0.019916425
2024-10-24,0.1008016366077058,3,1.0122238,1.2072912
2024-10-24,0.1008016366077058,5,0.8137047,1.4620607
2024-10-24,0.1008016366077058,10,1.390914,1.4704757
2024-10-24,0.1008016366077058,21,1.1226954,1.2938086
2024-10-25,-0.6031456584009831,1,0.0,0.02002199
2024-10-25,-0.6031456584009831,3,0.98737615,1.0202346
2024-10-25,-0.6031456584009831,5,0.91736573,1.1278496
2024-10-25,-0.6031456584009831,10,1.388915,1.1008291
2024-10-25,-0.6031456584009831,21,1.1546603,1.0651482
2024-10-28,1.8077186404159562,1,0.0,0.013068628
2024-10-28,1.8077186404159562,3,0.45197085,1.3040055
2024-10-28,1.8077186404159562,5,1.5554371,1.5044832
2024-10-28,1.8077186404159562,10,1.3567189,1.4649602
2024-10-28,1.8077186404159562,21,1.1637518,1.4131175
2024-10-29,0.7693276822784867,1,0.0,0.016560374
2024-10-29,0.7693276822784867,3,0.6471687,1.061151
2024-10-29,0.7693276822784867,5,1.4173943,1.2357252
2024-10-29,0.7693276822784867,10,1.290605,1.2326791
2024-10-29,0.7693276822784867,21,1.1091688,1.1778258
2024-10-30,0.9560211502865457,1,0.0,0.018359318
2024-10-30,0.9560211502865457,3,1.4874518,0.88516766
2024-10-30,0.9560211502865457,5,1.772102,0.969443
2024-10-30,0.9560211502865457,10,1.3871623,1.0534484
2024-10-30,0.9560211502865457,21,1.1026019,1.0203439
2024-10-31,-0.5006238829107446,1,0.0,-0.003915023
2024-10-31,-0.5006238829107446,3,1.542911,0.93053794
2024-10-31,-0.5006238829107446,5,1.7476058,1.0536935
2024-10-31,-0.5006238829107446,10,1.3497603,1.0974442
2024-10-31,-0.5006238829107446,21,1.079847,1.0257392
2024-11-01,-2.6645231367668387,1,0.0,0.013297178
2024-11-01,-2.6645231367668387,3,2.2080133,1.0636883
2024-11-01,-2.6645231367668387,5,1.7261164,1.0950388
2024-11-01,-2.6645231367668387,10,1.3520836,1.093726
2024-11-01,-2.6645231367668387,21,1.0939146,1.031705
2024-11-05,1.1008459054551167,1,0.0,-0.01036736
2024-11-05,1.1008459054551167,3,1.156651,1.2450429
2024-11-05,1.1008459054551167,5,1.0121225,1.4363372
2024-11-05,1.1008459054551167,10,1.1178412,1.551441
2024-11-05,1.1008459054551167,21,1.0061394,1.6001097
2024-11-06,2.580519251055513,1,0.0,-0.02486908
2024-11-06,2.580519251055513,3,1.2257086,1.2375094
2024-11-06,2.580519251055513,5,1.0869303,1.3877344
2024-11-06,2.580519251055513,10,1.0749788,1.5002885
2024-11-06,2.580519251055513,21,0.9833055,1.4578466
2024-11-07,-0.25173510161593526,1,0.0,-0.010904577
2024-11-07,-0.25173510161593526,3,0.22757916,1.1234314
2024-11-07,-0.25173510161593526,5,0.68924624,1.2850859
2024-11-07,-0.25173510161593526,10,0.63910913,1.4282035
2024-11-07,-0.25173510161593526,21,0.81467646,1.4107326
2024-11-08,0.3016185126677229,1,0.0,-0.014778838
2024-11-08,0.3016185126677229,3,0.29250345,1.1295455
2024-11-08,0.3016185126677229,5,0.68626493,1.2585583
2024-11-08,0.3016185126677229,10,0.6606894,1.3005505
2024-11-08,0.3016185126677229,21,0.8295791,1.250196
2024-11-11,0.0833801890626873,1,0.0,-0.021047559
2024-11-11,0.0833801890626873,3,0.7423236,1.1117324
2024-11-11,0.0833801890626873,5,0.6812103,1.2469884
2024-11-11,0.0833801890626873,10,0.7055509,1.3404601
2024-11-11,0.0833801890626873,21,0.8275941,1.303593
2024-11-12,-0.3985093197872658,1,0.0,-0.008301288
2024-11-12,-0.3985093197872658,3,0.5836406,0.8410872
2024-11-12,-0.3985093197872658,5,0.66375256,0.93245524
2024-11-12,-0.3985093197872658,10,0.85079885,1.0455405
2024-11-12,-0.3985093197872658,21,0.83613354,1.0377319
2024-11-13,-1.675963790874313,1,0.0,-0.00872973
2024-11-13,-1.675963790874313,3,0.80420375,0.75547653
2024-11-13,-1.675963790874313,5,0.8193131,0.80123466
2024-11-13,-1.675963790874313,10,0.87409157,0.94655603
2024-11-13,-1.675963790874313,21,0.8318435,0.91531026
2024-11-14,-0.48140733296087035,1,0.0,-0.009167343
2024-11-14,-0.48140733296087035,3,0.5627665,0.84043795
2024-11-14,-0.48140733296087035,5,0.56792665,0.9086555
2024-11-14,-0.48140733296087035,10,0.76274735,1.076509
2024-11-14,-0.48140733296087035,21,0.780102,1.0313877
2024-11-15,0.2778257015227936,1,0.0,-0.012331236
2024-11-15,0.2778257015227936,3,0.7083688,0.8637649
2024-11-15,0.2778257015227936,5,0.6228602,0.9667211
2024-11-15,0.2778257015227936,10,0.78160197,1.1020899
2024-11-15,0.2778257015227936,21,0.80411226,1.075245
2024-11-18,-1.0982102000303584,1,0.0,0.010703657
2024-11-18,-1.0982102000303584,3,0.65766186,1.409503
2024-11-18,-1.0982102000303584,5,0.70692736,1.6952004
2024-11-18,-1.0982102000303584,10,0.7786559,1.6576172
2024-11-18,-1.0982102000303584,21,0.8038221,1.5980439
2024-11-19,0.5051943009872772,1,0.0,0.008287862
2024-11-19,0.5051943009872772,3,0.554957,1.0866351
2024-11-19,0.5051943009872772,5,0.73537123,1.2562922
2024-11-19,0.5051943009872772,10,0.74560076,1.2321593
2024-11-19,0.5051943009872772,21,0.7625545,1.2646922
2024-11-20,-0.16176232937343826,1,0.0,0.014808536
2024-11-20,-0.16176232937343826,3,0.62532336,1.2128996
2024-11-20,-0.16176232937343826,5,0.8528354,1.3958546
2024-11-20,-0.16176232937343826,10,0.920985,1.3206723
2024-11-20,-0.16176232937343826,21,0.7791741,1.3342146
2024-11-21,-0.8540882615983847,1,0.0,0.010711141
2024-11-21,-0.8540882615983847,3,0.90080965,0.926662
2024-11-21,-0.8540882615983847,5,0.9154151,1.0767456
2024-11-21,-0.8540882615983847,10,0.91410315,1.0529244
2024-11-21,-0.8540882615983847,21,0.7949341,1.1272036
2024-11-22,0.675352084274472,1,0.0,0.022862412
2024-11-22,0.675352084274472,3,0.9106314,0.95778394
2024-11-22,0.675352084274472,5,0.85970867,1.0960779
2024-11-22,0.675352084274472,10,0.8386499,1.0560572
2024-11-22,0.675352084274472,21,0.7728796,1.1053556
2024-11-25,1.2880098979135113,1,0.0,-0.002520632
2024-11-25,1.2880098979135113,3,1.0030555,0.876009
2024-11-25,1.2880098979135113,5,0.83788496,0.98834974
2024-11-25,1.2880098979135113,10,0.8941613,1.0239519
2024-11-25,1.2880098979135113,21,0.798332,0.98906994
2024-11-26,-0.8757664147848843,1,0.0,-0.003169164
2024-11-26,-0.8757664147848843,3,0.66002417,1.0608556
2024-11-26,-0.8757664147848843,5,0.6922024,1.1303031
2024-11-26,-0.8757664147848843,10,0.81901777,1.1838765
2024-11-26,-0.8757664147848843,21,0.7575097,1.1234109
2024-11-27,-0.8018935726264331,1,0.0,-0.016685382
2024-11-27,-0.8018935726264331,3,0.5680224,1.0400426
2024-11-27,-0.8018935726264331,5,0.94268936,1.1967688
2024-11-27,-0.8018935726264331,10,0.75817484,1.2818763
2024-11-27,-0.8018935726264331,21,0.73066515,1.3056153
2024-11-28,0.5598303602310395,1,0.0,-0.009397402
2024-11-28,0.5598303602310395,3,0.5022937,0.9524451
2024-11-28,0.5598303602310395,5,0.76532173,1.1169038
2024-11-28,0.5598303602310395,10,0.68205494,1.1809734
2024-11-28,0.5598303602310395,21,0.7337828,1.1973623
2024-11-29,-0.36842440996416315,1,0.0,-0.0018622205
2024-11-29,-0.36842440996416315,3,0.9231914,0.84720975
2024-11-29,-0.36842440996416315,5,0.774176,0.9740133
2024-11-29,-0.36842440996416315,10,0.7304354,1.0940802
2024-11-29,-0.36842440996416315,21,0.8071612,1.1511148
2024-12-02,0.79506181087865,1,0.0,0.0054849945
2024-12-02,0.79506181087865,3,0.7491905,0.8457119
2024-12-02,0.79506181087865,5,0.87957853,0.9937846
2024-12-02,0.79506181087865,10,0.807903,1.0563502
2024-12-02,0.79506181087865,21,0.83774656,1.0119985
2024-12-03,1.8926029526468824,1,0.0,-0.008130129
2024-12-03,1.8926029526468824,3,0.8098253,0.858975
2024-12-03,1.8926029526468824,5,0.8667143,0.9484528
2024-12-03,1.8926029526468824,10,0.7978544,1.1004472
2024-12-03,1.8926029526468824,21,0.8996593,1.0870421
2024-12-04,0.07012076020913582,1,0.0,0.006007187
2024-12-04,0.07012076020913582,3,0.4635121,0.71213776
2024-12-04,0.07012076020913582,5,0.44493973,0.81156266
2024-12-04,0.07012076020913582,10,0.58459514,0.97154826
2024-12-04,0.07012076020913582,21,0.9057245,1.040152
2024-12-05,0.3030583703951706,1,0.0,-0.004930403
2024-12-05,0.3030583703951706,3,0.48163795,0.7523237
2024-12-05,0.3030583703951706,5,0.44529614,0.83587146
2024-12-05,0.3030583703951706,10,0.6258641,0.91579056
2024-12-05,0.3030583703951706,21,0.9088864,0.8872945
2024-12-06,-0.775751635227806,1,0.0,-0.0053966716
2024-12-06,-0.775751635227806,3,0.55065143,0.9993881
2024-12-06,-0.775751635227806,5,0.6479293,1.1368518
2024-12-06,-0.775751635227806,10,0.6404943,1.2370725
2024-12-06,-0.775751635227806,21,0.93313545,1.224973
2024-12-09,0.1771927461179601,1,0.0,-0.012586143
2024-12-09,0.1771927461179601,3,0.21494712,0.9480029
2024-12-09,0.1771927461179601,5,0.7049339,1.0548953
2024-12-09,0.1771927461179601,10,0.6086824,1.1805376
2024-12-09,0.1771927461179601,21,0.946222,1.0935432
2024-12-10,0.5274001603899237,1,0.0,-0.011268131
2024-12-10,0.5274001603899237,3,0.4881876,0.97837025
2024-12-10,0.5274001603899237,5,0.71086276,1.1445643
2024-12-10,0.5274001603899237,10,0.71877885,1.2317891
2024-12-10,0.5274001603899237,21,1.0241306,1.1643931
2024-12-11,0.011817005498215849,1,0.0,-0.007772822
2024-12-11,0.011817005498215849,3,0.8829622,0.8373627
2024-12-11,0.011817005498215849,5,0.695426,0.9503021
2024-12-11,0.011817005498215849,10,0.7013187,1.099992
2024-12-11,0.011817005498215849,21,1.0149903,1.1364152
2024-12-12,1.2040082388597995,1,0.0,-0.0115794055
2024-12-12,1.2040082388597995,3,0.8844784,0.9002458
2024-12-12,1.2040082388597995,5,0.75216013,1.0391475
2024-12-12,1.2040082388597995,10,0.7077352,1.164993
2024-12-12,1.2040082388597995,21,1.0191559,1.1539149
2024-12-13,-0.9548766811356302,1,0.0,0.004092984
2024-12-13,-0.9548766811356302,3,0.3956396,0.9797733
2024-12-13,-0.9548766811356302,5,0.3394519,1.0687256
2024-12-13,-0.9548766811356302,10,0.69166726,1.1937253
2024-12-13,-0.9548766811356302,21,0.97724104,1.2731296
2024-12-16,-0.03282266535453715,1,0.0,0.012374353
2024-12-16,-0.03282266535453715,3,0.2889454,0.8591023
2024-12-16,-0.03282266535453715,5,0.26858506,0.9212652
2024-12-16,-0.03282266535453715,10,0.81849664,1.05538
2024-12-16,-0.03282266535453715,21,1.000243,1.133341
2024-12-17,-0.23548866779670163,1,0.0,-0.008361448
2024-12-17,-0.23548866779670163,3,0.22171141,0.7672908
2024-12-17,-0.23548866779670163,5,0.6945676,0.87399566
2024-12-17,-0.23548866779670163,10,0.8899706,0.99435884
2024-12-17,-0.23548866779670163,21,1.0037031,1.0496931
2024-12-18,-0.7214353013518249,1,0.0,-0.0077005215
2024-12-18,-0.7214353013518249,3,0.19693904,0.83315307
2024-12-18,-0.7214353013518249,5,0.6973782,0.8987716
2024-12-18,-0.7214353013518249,10,1.0092151,1.0068818
2024-12-18,-0.7214353013518249,21,1.0601802,0.9903543
2024-12-19,-0.6884469516956315,1,0.0,-0.012163941
2024-12-19,-0.6884469516956315,3,0.80330646,0.9983262
2024-12-19,-0.6884469516956315,5,0.64889294,1.21615
2024-12-19,-0.6884469516956315,10,1.133614,1.3199122
2024-12-19,-0.6884469516956315,21,1.0576174,1.4136119
2024-12-20,-0.2881483020553688,1,0.0,-0.0036111288
2024-12-20,-0.2881483020553688,3,0.69939417,0.78788894
2024-12-20,-0.2881483020553688,5,0.6527037,0.9317356
2024-12-20,-0.2881483020553688,10,1.1047243,1.0495436
2024-12-20,-0.2881483020553688,21,1.043587,1.112273
2024-12-23,1.1801377612234987,1,0.0,-0.0039289184
2024-12-23,1.1801377612234987,3,0.6183928,0.83598566
2024-12-23,1.1801377612234987,5,0.7455904,0.970056
2024-12-23,1.1801377612234987,10,1.1558503,1.0908688
2024-12-23,1.1801377612234987,21,1.0643218,1.1744443
2024-12-24,-0.3183919836926563,1,0.0,0.012076888
2024-12-24,-0.3183919836926563,3,0.58872575,0.7879049
2024-12-24,-0.3183919836926563,5,0.98265165,0.89222556
2024-12-24,-0.3183919836926563,10,1.1664793,1.0182773
2024-12-24,-0.3183919836926563,21,1.0817343,1.0708636
2024-12-25,0.23943053463852948,1,0.0,8.3863735e-05
2024-12-25,0.23943053463852948,3,0.63318825,0.85768914
2024-12-25,0.23943053463852948,5,1.2264242,0.9744715
2024-12-25,0.23943053463852948,10,1.2921308,1.154321
2024-12-25,0.23943053463852948,21,1.10116,1.1936308
2024-12-26,1.112177442793083,1,0.0,0.006987773
2024-12-26,1.112177442793083,3,1.1705871,0.63464457
2024-12-26,1.112177442793083,5,1.4300375,0.7129157
2024-12-26,1.112177442793083,10,1.2861838,0.8479061
2024-12-26,1.112177442793083,21,1.1012627,0.93101573
2024-12-27,1.786167811105166,1,0.0,-0.010733407
2024-12-27,1.786167811105166,3,1.4347439,0.56435746
2024-12-27,1.786167811105166,5,1.413888,0.66241115
2024-12-27,1.786167811105166,10,1.2279954,0.8399115
2024-12-27,1.786167811105166,21,1.0756754,0.8900348
2024-12-30,-0.9644420798439413,1,0.0,-0.00704775
2024-12-30,-0.9644420798439413,3,1.51378,0.6847045
2024-12-30,-0.9644420798439413,5,1.2116373,0.8062225
2024-12-30,-0.9644420798439413,10,1.0235451,0.94144
2024-12-30,-0.9644420798439413,21,1.1427181,0.9729897
2025-01-06,-1.4835536951940398,1,0.0,-0.009155452
2025-01-06,-1.4835536951940398,3,1.4230071,0.6207126
2025-01-06,-1.4835536951940398,5,1.2212192,0.73519117
2025-01-06,-1.4835536951940398,10,1.1150452,0.8887097
2025-01-06,-1.4835536951940398,21,1.1462549,0.9053258
2025-01-07,1.9555896231821635,1,0.0,-0.012131054
2025-01-07,1.9555896231821635,3,1.2372068,0.65248567
2025-01-07,1.9555896231821635,5,1.294134,0.7547509
2025-01-07,1.9555896231821635,10,1.0449566,0.8553491
2025-01-07,1.9555896231821635,21,1.1062019,0.8128178
2025-01-08,-0.2554001402737427,1,0.0,-0.0058293603
2025-01-08,-0.2554001402737427,3,0.35314697,0.7109849
2025-01-08,-0.2554001402737427,5,0.6305255,0.86010444
2025-01-08,-0.2554001402737427,10,0.97447366,0.99180067
2025-01-08,-0.2554001402737427,21,1.023379,0.9838029
2025-01-09,-0.9448165395697927,1,0.0,-0.007985979
2025-01-09,-0.9448165395697927,3,0.40095875,0.68347836
2025-01-09,-0.9448165395697927,5,0.76753193,0.80736166
2025-01-09,-0.9448165395697927,10,1.008343,0.9202576
2025-01-09,-0.9448165395697927,21,1.0309578,0.94952524
2025-01-10,-1.0525862433436117,1,0.0,0.005303528
2025-01-10,-1.0525862433436117,3,0.72261035,0.61939996
2025-01-10,-1.0525862433436117,5,0.77155507,0.71920633
2025-01-10,-1.0525862433436117,10,0.95979947,0.8391126
2025-01-10,-1.0525862433436117,21,1.0157454,0.9455039
2025-01-14,-1.8441272742402148,1,0.0,-0.008943666
2025-01-14,-1.8441272742402148,3,0.94440645,0.65764016
2025-01-14,-1.8441272742402148,5,0.98666096,0.7561945
2025-01-14,-1.8441272742402148,10,0.9449643,0.888053
2025-01-14,-1.8441272742402148,21,0.99803454,0.9514898
2025-01-15,-0.0772831277627617,1,0.0,-0.019986998
2025-01-15,-0.0772831277627617,3,0.2672495,0.710351
2025-01-15,-0.0772831277627617,5,0.504146,0.8724111
2025-01-15,-0.0772831277627617,10,0.85880363,0.96609694
2025-01-15,-0.0772831277627617,21,0.9471404,0.99539363
2025-01-16,0.3324545404947088,1,0.0,-0.0060797185
2025-01-16,0.3324545404947088,3,0.60610765,0.7034692
2025-01-16,0.3324545404947088,5,0.6706575,0.79535544
2025-01-16,0.3324545404947088,10,0.8929707,0.8908858
2025-01-16,0.3324545404947088,21,0.96637034,0.9022599
2025-01-17,-0.3145529356725518,1,0.0,8.669868e-05
2025-01-17,-0.3145529356725518,3,0.6064842,0.69142497
2025-01-17,-0.3145529356725518,5,0.6567443,0.81377083
2025-01-17,-0.3145529356725518,10,0.8925462,0.9452177
2025-01-17,-0.3145529356725518,21,0.9648071,0.9141299
2025-01-20,1.1661824907962526,1,0.0,-0.00088239834
2025-01-20,1.1661824907962526,3,0.5205637,0.73176587
2025-01-20,1.1661824907962526,5,0.5832237,0.87195706
2025-01-20,1.1661824907962526,10,0.8743508,0.9584796
2025-01-20,1.1661824907962526,21,0.96143836,1.0029489
2025-01-21,0.3220320892060258,1,0.0,0.003902536
2025-01-21,0.3220320892060258,3,0.5158425,0.65536076
2025-01-21,0.3220320892060258,5,0.8333743,0.7809109
2025-01-21,0.3220320892060258,10,1.1949252,0.86698645
2025-01-21,0.3220320892060258,21,0.93387157,0.8854055
2025-01-22,1.5717529250936835,1,0.0,0.013795454
2025-01-22,1.5717529250936835,3,0.66933125,0.48612866
2025-01-22,1.5717529250936835,5,1.0855641,0.59195733
2025-01-22,1.5717529250936835,10,1.21473,0.7299828
2025-01-22,1.5717529250936835,21,0.9699401,0.800107
2025-01-23,0.7854336419606867,1,0.0,-0.0037862323
2025-01-23,0.7854336419606867,3,0.69674623,0.7456794
2025-01-23,0.7854336419606867,5,0.9362689,0.86829406
2025-01-23,0.7854336419606867,10,1.0906965,0.9890713
2025-01-23,0.7854336419606867,21,0.90384996,1.034664
2025-01-24,-0.0673184112812919,1,0.0,0.016470157
2025-01-24,-0.0673184112812919,3,0.55014515,0.60052145
2025-01-24,-0.0673184112812919,5,0.8540623,0.67797834
2025-01-24,-0.0673184112812919,10,1.0753883,0.772815
2025-01-24,-0.0673184112812919,21,0.92093134,0.8227228
2025-01-27,-0.921238986767392,1,0.0,-0.0045798197
2025-01-27,-0.921238986767392,3,1.0430119,0.7058261
2025-01-27,-0.921238986767392,5,0.8662144,0.8024897
2025-01-27,-0.921238986767392,10,1.0834845,0.87546664
2025-01-27,-0.921238986767392,21,0.92040825,0.8694706
2025-01-28,-1.397098375757011,1,0.0,-0.0056213923
2025-01-28,-1.397098375757011,3,1.0064611,0.70576954
2025-01-28,-1.397098375757011,5,1.3339359,0.7976195
2025-01-28,-1.397098375757011,10,1.0657182,0.90079004
2025-01-28,-1.397098375757011,21,0.91265845,0.87076354
2025-01-29,1.0146759842852404,1,0.0,-0.009079937
2025-01-29,1.0146759842852404,3,0.3865111,0.7106697
2025-01-29,1.0146759842852404,5,1.329287,0.8287595
2025-01-29,1.0146759842852404,10,0.9979656,0.96400386
2025-01-29,1.0146759842852404,21,1.0570403,0.94098186
2025-01-30,0.25133440530371587,1,0.0,-0.006783776
2025-01-30,0.25133440530371587,3,1.3654073,0.67334276
2025-01-30,0.25133440530371587,5,1.2191154,0.7580968
2025-01-30,0.25133440530371587,10,1.0267277,0.8459237
2025-01-30,0.25133440530371587,21,1.1030332,0.84731996
2025-01-31,0.1479887812070757,1,0.0,0.009062506
2025-01-31,0.1479887812070757,3,1.4935404,0.5508979
2025-01-31,0.1479887812070757,5,1.2583681,0.6619889
2025-01-31,0.1479887812070757,10,1.0499657,0.8182933
2025-01-31,0.1479887812070757,21,1.1182729,0.88324654
2025-02-03,-2.695421712456536,1,0.0,0.0009620376
2025-02-03,-2.695421712456536,3,1.4832032,0.5194742
2025-02-03,-2.695421712456536,5,1.2543236,0.6292336
2025-02-03,-2.695421712456536,10,1.0483319,0.7785203
2025-02-03,-2.695421712456536,21,1.119932,0.85815746
2025-02-04,0.7198344308639193,1,0.0,-0.0051495694
2025-02-04,0.7198344308639193,3,0.2758191,0.79660606
2025-02-04,0.7198344308639193,5,0.5100656,0.92376906
2025-02-04,0.7198344308639193,10,0.59287,1.0262141
2025-02-04,0.7198344308639193,21,0.9983479,1.0000077
2025-02-05,0.08530063201508398,1,0.0,-0.003299933
2025-02-05,0.08530063201508398,3,0.54368436,0.70239013
2025-02-05,0.08530063201508398,5,0.45320073,0.84580654
2025-02-05,0.08530063201508398,10,0.57908785,0.9877856
2025-02-05,0.08530063201508398,21,1.0740044,0.99167836
2025-02-06,0.603485222360689,1,0.0,-0.013082076
2025-02-06,0.603485222360689,3,0.54132116,0.76706386
2025-02-06,0.603485222360689,5,0.65563613,0.98323447
2025-02-06,0.603485222360689,10,0.7058068,1.082089
2025-02-06,0.603485222360689,21,1.0801262,1.1738645
2025-02-07,-0.7180479680020113,1,0.0,-0.012090612
2025-02-07,-0.7180479680020113,3,0.47204846,0.7802546
2025-02-07,-0.7180479680020113,5,0.76477015,0.98177284
2025-02-07,-0.7180479680020113,10,0.68139374,1.0934591
2025-02-07,-0.7180479680020113,21,1.0669659,1.1326561
2025-02-10,0.03648066451997778,1,0.0,9.288266e-05
2025-02-10,0.03648066451997778,3,0.5153915,0.7049485
2025-02-10,0.03648066451997778,5,0.6669946,0.90802425
2025-02-10,0.03648066451997778,10,0.7706994,1.0449332
2025-02-10,0.03648066451997778,21,1.0649576,1.0589002
2025-02-12,0.41799742764645487,1,0.0,-0.0058725215
2025-02-12,0.41799742764645487,3,0.84661907,0.669321
2025-02-12,0.41799742764645487,5,0.66204995,0.8052731
2025-02-12,0.41799742764645487,10,0.76883036,0.904402
2025-02-12,0.41799742764645487,21,1.0637726,0.92924297
2025-02-13,1.269429772496089,1,0.0,-0.011062775
2025-02-13,1.269429772496089,3,0.8463476,0.7047747
2025-02-13,1.269429772496089,5,0.6820087,0.8491667
2025-02-13,1.269429772496089,10,0.76042503,0.9379388
2025-02-13,1.269429772496089,21,1.0744205,0.9419541
2025-02-14,-0.7938866176857573,1,0.0,-0.0062279887
2025-02-14,-0.7938866176857573,3,0.4530772,0.77137375
2025-02-14,-0.7938866176857573,5,0.5524112,0.93744236
2025-02-14,-0.7938866176857573,10,0.96972203,1.0596242
2025-02-14,-0.7938866176857573,21,1.0535609,1.088262
2025-02-17,0.06337882344098489,1,0.0,-0.015447509
2025-02-17,0.06337882344098489,3,0.21320811,0.76440185
2025-02-17,0.06337882344098489,5,0.562528,0.94261515
2025-02-17,0.06337882344098489,10,1.1818691,1.0646296
2025-02-17,0.06337882344098489,21,1.0896153,1.1429235
2025-02-18,0.24513714463196834,1,0.0,-0.0068746023
2025-02-18,0.24513714463196834,3,0.6202328,0.5789496
2025-02-18,0.24513714463196834,5,0.71422017,0.7053465
2025-02-18,0.24513714463196834,10,1.19843,0.8005155
2025-02-18,0.24513714463196834,21,1.0885733,0.8641009
2025-02-19,-0.2697497701554141,1,0.0,-0.01035497
2025-02-19,-0.2697497701554141,3,0.62392926,0.72198325
2025-02-19,-0.2697497701554141,5,0.6363688,0.86552197
2025-02-19,-0.2697497701554141,10,1.1976951,0.9378596
2025-02-19,-0.2697497701554141,21,1.0844903,0.9412999
2025-02-20,-1.2501544060141256,1,0.0,0.0023035035
2025-02-20,-1.2501544060141256,3,0.74758255,0.61777157
2025-02-20,-1.2501544060141256,5,0.7263819,0.71474946
2025-02-20,-1.2501544060141256,10,1.2548298,0.8276878
2025-02-20,-1.2501544060141256,21,1.0843718,0.8574379
2025-02-21,0.25538034327592385,1,0.0,-0.0036159419
2025-02-21,0.25538034327592385,3,0.69275874,0.7484626
2025-02-21,0.25538034327592385,5,1.22258,0.91114235
2025-02-21,0.25538034327592385,10,1.3485614,1.0632293
2025-02-21,0.25538034327592385,21,1.0658963,1.0249227
2025-02-25,-1.4001507204939756,1,0.0,-0.00475749
2025-02-25,-1.4001507204939756,3,0.7076298,0.65945673
2025-02-25,-1.4001507204939756,5,1.5568511,0.73482615
2025-02-25,-1.4001507204939756,10,1.3559119,0.83932084
2025-02-25,-1.4001507204939756,21,1.0756705,0.8582587
2025-02-26,-0.24985027052082387,1,0.0,-0.0035857968
2025-02-26,-0.24985027052082387,3,1.4054095,0.72090423
2025-02-26,-0.24985027052082387,5,1.536994,0.8268479
2025-02-26,-0.24985027052082387,10,1.3219844,0.9435465
2025-02-26,-0.24985027052082387,21,1.0423372,0.9827918
2025-02-27,0.2979137061922543,1,0.0,-0.0041991025
2025-02-27,0.2979137061922543,3,1.9272792,0.6609722
2025-02-27,0.2979137061922543,5,1.5633525,0.7897211
2025-02-27,0.2979137061922543,10,1.3287416,0.91471016
2025-02-27,0.2979137061922543,21,1.1074877,0.9296151
2025-02-28,-2.919309480728316,1,0.0,-0.0044539273
2025-02-28,-2.919309480728316,3,1.8987025,0.82540077
2025-02-28,-2.919309480728316,5,1.6141648,1.0357845
2025-02-28,-2.919309480728316,10,1.3150164,1.1376874
2025-02-28,-2.919309480728316,21,1.3915722,1.136549
2025-03-03,1.6812795454388407,1,0.0,-0.0075143166
2025-03-03,1.6812795454388407,3,1.1801856,0.96720105
2025-03-03,1.6812795454388407,5,1.3877648,1.2248532
2025-03-03,1.6812795454388407,10,1.0391084,1.395987
2025-03-03,1.6812795454388407,21,1.2674102,1.3525676
2025-03-04,-1.209571009122179,1,0.0,-0.011310402
2025-03-04,-1.209571009122179,3,0.8336088,0.85385895
2025-03-04,-1.209571009122179,5,1.1166042,1.0410808
2025-03-04,-1.209571009122179,10,0.9339396,1.1673093
2025-03-04,-1.209571009122179,21,1.2018666,1.1075282
2025-03-05,0.2329346113445041,1,0.0,-0.018427823
2025-03-05,0.2329346113445041,3,1.2867986,0.8918468
2025-03-05,0.2329346113445041,5,1.0559224,1.1278955
2025-03-05,0.2329346113445041,10,0.9275275,1.273541
2025-03-05,0.2329346113445041,21,1.3055041,1.3229996
2025-03-06,0.7632606712633105,1,0.0,0.005281996
2025-03-06,0.7632606712633105,3,1.3128082,0.72544163
2025-03-06,0.7632606712633105,5,1.0417325,0.93724054
2025-03-06,0.7632606712633105,10,0.93372536,1.1022358
2025-03-06,0.7632606712633105,21,1.3973811,1.1031288
2025-03-07,-2.1927001907380728,1,0.0,-0.010216445
2025-03-07,-2.1927001907380728,3,1.0586134,0.749605
2025-03-07,-2.1927001907380728,5,0.9125833,0.91604865
2025-03-07,-2.1927001907380728,10,0.9084864,1.0694075
2025-03-07,-2.1927001907380728,21,2.1200306,1.0758041
2025-03-10,0.3817817358564568,1,0.0,-0.01036023
2025-03-10,0.3817817358564568,3,0.4263294,0.9571309
2025-03-10,0.3817817358564568,5,0.4539314,1.2062205
2025-03-10,0.3817817358564568,10,0.5571563,1.3002493
2025-03-10,0.3817817358564568,21,2.539099,1.2627963
2025-03-11,-0.6371079900587162,1,0.0,-0.01153199
2025-03-11,-0.6371079900587162,3,0.30454546,0.8695253
2025-03-11,-0.6371079900587162,5,0.562148,1.0727282
2025-03-11,-0.6371079900587162,10,0.5601192,1.2102244
2025-03-11,-0.6371079900587162,21,2.6347582,1.2294891
2025-03-12,0.07058740291565613,1,0.0,-0.017705962
2025-03-12,0.07058740291565613,3,0.34332594,0.95357114
2025-03-12,0.07058740291565613,5,0.49059272,1.1626351
2025-03-12,0.07058740291565613,10,0.4971077,1.2250843
2025-03-12,0.07058740291565613,21,3.3189862,1.1883904
2025-03-13,-0.07895378949722698,1,0.0,-0.016028963
2025-03-13,-0.07895378949722698,3,0.4312212,0.80302805
2025-03-13,-0.07895378949722698,5,0.565368,0.9898562
2025-03-13,-0.07895378949722698,10,0.5677128,1.0730144
2025-03-13,-0.07895378949722698,21,3.3671677,1.0559427
2025-03-14,0.7125142594432532,1,0.0,-0.013563953
2025-03-14,0.7125142594432532,3,0.19677432,0.79703707
2025-03-14,0.7125142594432532,5,0.5912695,0.93355924
2025-03-14,0.7125142594432532,10,0.84380066,1.0254054
2025-03-14,0.7125142594432532,21,3.3840652,0.980119
2025-03-17,0.9225578301952808,1,0.0,-0.00067136437
2025-03-17,0.9225578301952808,3,0.625203,0.61294574
2025-03-17,0.9225578301952808,5,0.62706,0.74621016
2025-03-17,0.9225578301952808,10,1.4902782,0.88523203
2025-03-17,0.9225578301952808,21,3.3860564,0.9134606
2025-03-18,1.193237871420827,1,0.0,-0.007726699
2025-03-18,1.193237871420827,3,0.6678895,0.807699
2025-03-18,1.193237871420827,5,0.5580647,1.020877
2025-03-18,1.193237871420827,10,1.4339904,1.1528741
2025-03-18,1.193237871420827,21,3.375928,1.1429664
2025-03-19,-0.24747713350929956,1,0.0,0.001098752
2025-03-19,-0.24747713350929956,3,0.027767727,0.7022751
2025-03-19,-0.24747713350929956,5,0.37945783,0.7843184
2025-03-19,-0.24747713350929956,10,1.3511119,0.8643961
2025-03-19,-0.24747713350929956,21,3.379474,0.8606389
2025-03-21,-0.19838629448880596,1,0.0,-0.0050079413
2025-03-21,-0.19838629448880596,3,0.30493343,0.81230414
2025-03-21,-0.19838629448880596,5,0.4606325,0.9671876
2025-03-21,-0.19838629448880596,10,1.4993207,1.052551
2025-03-21,-0.19838629448880596,21,3.3939888,1.037502
2025-03-24,-0.1821606783968477,1,0.0,-0.002013158
2025-03-24,-0.1821606783968477,3,0.355871,0.6698463
2025-03-24,-0.1821606783968477,5,0.8801645,0.8231599
2025-03-24,-0.1821606783968477,10,1.5884978,0.9455444
2025-03-24,-0.1821606783968477,21,3.3990817,0.9594623
2025-03-25,0.4564353355151596,1,0.0,-0.009793993
2025-03-25,0.4564353355151596,3,0.54943687,0.73384947
2025-03-25,0.4564353355151596,5,1.7575614,0.95966476
2025-03-25,0.4564353355151596,10,2.6053991,1.1131176
2025-03-25,0.4564353355151596,21,3.3991158,1.1470097
2025-03-26,0.6509904782070919,1,0.0,-0.013876099
2025-03-26,0.6509904782070919,3,1.0065075,0.90069973
2025-03-26,0.6509904782070919,5,1.6880876,1.1355295
2025-03-26,0.6509904782070919,10,3.4549227,1.2908585
2025-03-26,0.6509904782070919,21,3.430431,1.3077039
2025-03-27,-0.5995759310167159,1,0.0,-0.015250504
2025-03-27,-0.5995759310167159,3,1.4656142,0.69257706
2025-03-27,-0.5995759310167159,5,1.613454,0.86197084
2025-03-27,-0.5995759310167159,10,3.4682248,1.0083264
2025-03-27,-0.5995759310167159,21,3.428267,0.983197
2025-03-28,-1.8143528452339908,1,0.0,-0.01024105
2025-03-28,-1.8143528452339908,3,1.6989024,0.6887767
2025-03-28,-1.8143528452339908,5,1.6766587,0.8668519
2025-03-28,-1.8143528452339908,10,4.7054744,0.994406
2025-03-28,-1.8143528452339908,21,3.4616787,1.0393022
2025-03-31,-4.132601226221233,1,0.0,-0.010995556
2025-03-31,-4.132601226221233,3,2.0225854,0.83661455
2025-03-31,-4.132601226221233,5,1.7353213,1.0528207
2025-03-31,-4.132601226221233,10,4.74234,1.1360394
2025-03-31,-4.132601226221233,21,3.4465778,1.1480979
2025-04-01,0.019431995807295266,1,0.0,-0.016411614
2025-04-01,0.019431995807295266,3,1.400417,1.0016077
2025-04-01,0.019431995807295266,5,3.0339952,1.2042606
2025-04-01,0.019431995807295266,10,4.6583667,1.2796624
2025-04-01,0.019431995807295266,21,3.332551,1.2319988
2025-04-02,0.2842051679525781,1,0.0,-0.010706283
2025-04-02,0.2842051679525781,3,1.4536767,0.93674904
2025-04-02,0.2842051679525781,5,4.5785265,1.1989114
2025-04-02,0.2842051679525781,10,4.6733546,1.2994261
2025-04-02,0.2842051679525781,21,3.3402328,1.3457626
2025-04-03,-2.8100517891580523,1,0.0,-0.01092061
2025-04-03,-2.8100517891580523,3,2.5224133,0.90214056
2025-04-03,-2.8100517891580523,5,4.561935,1.1265272
2025-04-03,-2.8100517891580523,10,4.670944,1.2074227
2025-04-03,-2.8100517891580523,21,3.3458967,1.2481732
2025-04-04,-2.788856328707112,1,0.0,-0.024668474
2025-04-04,-2.788856328707112,3,5.7677855,0.9861761
2025-04-04,-2.788856328707112,5,6.337485,1.2384466
2025-04-04,-2.788856328707112,10,4.633089,1.2894872
2025-04-04,-2.788856328707112,21,3.2812865,1.2810298
2025-04-07,-8.150268935603577,1,0.0,-0.022875238
2025-04-07,-8.150268935603577,3,5.8729897,0.96424025
2025-04-07,-8.150268935603577,5,6.35627,1.1879961
2025-04-07,-8.150268935603577,10,4.5525594,1.209247
2025-04-07,-8.150268935603577,21,3.2091033,1.1888375
2025-04-08,5.850530785429875,1,0.0,0.00052646175
2025-04-08,5.850530785429875,3,5.4582562,1.0980642
2025-04-08,5.850530785429875,5,4.9342175,1.2939143
2025-04-08,5.850530785429875,10,3.6613317,1.2862766
2025-04-08,5.850530785429875,21,2.5775688,1.1736234
2025-04-09,-4.012949659767173,1,0.0,-0.010775972
2025-04-09,-4.012949659767173,3,5.786052,0.9704245
2025-04-09,-4.012949659767173,5,4.4881177,1.0979106
2025-04-09,-4.012949659767173,10,3.2834902,1.1812224
2025-04-09,-4.012949659767173,21,2.3269353,1.1417128
2025-04-10,8.735461629580676,1,0.0,-0.016038153
2025-04-10,8.735461629580676,3,4.8576393,1.0407381
2025-04-10,8.735461629580676,5,3.984618,1.2200578
2025-04-10,8.735461629580676,10,2.9585094,1.2910386
2025-04-10,8.735461629580676,21,2.086495,1.187992
2025-04-11,-3.0017011489828604,1,0.0,-0.010273986
2025-04-11,-3.0017011489828604,3,1.8938757,0.92059845
2025-04-11,-3.0017011489828604,5,1.6629664,1.0414429
2025-04-11,-3.0017011489828604,10,1.4246868,1.1753684
2025-04-11,-3.0017011489828604,21,1.1355709,1.1483303
2025-04-14,1.174479570276965,1,0.0,-0.016398557
2025-04-14,1.174479570276965,3,0.96376145,1.0701398
2025-04-14,1.174479570276965,5,0.86050195,1.2790971
2025-04-14,1.174479570276965,10,1.0603757,1.3491161
2025-04-14,1.174479570276965,21,0.89913595,1.2463452
2025-04-15,0.8356974991896138,1,0.0,-0.005908549
2025-04-15,0.8356974991896138,3,1.0135666,0.8477623
2025-04-15,0.8356974991896138,5,1.1064379,1.0367175
2025-04-15,0.8356974991896138,10,1.0449871,1.1419436
2025-04-15,0.8356974991896138,21,0.89565474,1.0996684
2025-04-16,-1.01819658079787,1,0.0,-0.0009062588
2025-04-16,-1.01819658079787,3,1.0442429,0.88749665
2025-04-16,-1.01819658079787,5,1.0583847,1.1262947
2025-04-16,-1.01819658079787,10,1.0403095,1.2282565
2025-04-16,-1.01819658079787,21,0.926217,1.2242018
2025-04-17,1.3388677697918183,1,0.0,-0.00064207613
2025-04-17,1.3388677697918183,3,1.1786139,1.2932872
2025-04-17,1.3388677697918183,5,1.146025,1.5345323
2025-04-17,1.3388677697918183,10,0.91771466,1.5598996
2025-04-17,1.3388677697918183,21,0.87242013,1.5282646
2025-04-18,1.02067299680062,1,0.0,-0.0034880787
2025-04-18,1.02067299680062,3,0.9496517,0.8573016
2025-04-18,1.02067299680062,5,1.0775884,1.0375173
2025-04-18,1.02067299680062,10,0.9015173,1.0755554
2025-04-18,1.02067299680062,21,0.8802331,1.1241294
2025-04-21,-1.3052150207888857,1,0.0,0.0035918504
2025-04-21,-1.3052150207888857,3,1.3165814,1.0412433
2025-04-21,-1.3052150207888857,5,1.2253836,1.2813377
2025-04-21,-1.3052150207888857,10,0.9256641,1.3972248
2025-04-21,-1.3052150207888857,21,0.9055949,1.4984363
2025-04-22,-0.17319671252664648,1,0.0,0.013752749
2025-04-22,-0.17319671252664648,3,0.85394186,0.91979766
2025-04-22,-0.17319671252664648,5,0.83884495,1.1754658
2025-04-22,-0.17319671252664648,10,0.69108576,1.2322966
2025-04-22,-0.17319671252664648,21,0.8316854,1.2681202
2025-04-23,1.875969218503215,1,0.0,0.015000451
2025-04-23,1.875969218503215,3,0.6563999,1.1016481
2025-04-23,1.875969218503215,5,0.6896909,1.2883074
2025-04-23,1.875969218503215,10,0.6541602,1.328729
2025-04-23,1.875969218503215,21,0.831565,1.2930542
2025-04-24,0.48784234290391026,1,0.0,0.013951566
2025-04-24,0.48784234290391026,3,0.6864816,1.0394125
2025-04-24,0.48784234290391026,5,0.5605973,1.2286309
2025-04-24,0.48784234290391026,10,0.585243,1.2919934
2025-04-24,0.48784234290391026,21,0.76766294,1.3495578
2025-04-25,1.8845448848271218,1,0.0,0.0022109784
2025-04-25,1.8845448848271218,3,0.6700402,0.97029823
2025-04-25,1.8845448848271218,5,0.5239108,1.1720588
2025-04-25,1.8845448848271218,10,0.6074993,1.255096
2025-04-25,1.8845448848271218,21,0.7713632,1.3055042
2025-04-28,0.3752849094238897,1,0.0,0.0068202987
2025-04-28,0.3752849094238897,3,0.3163524,1.102288
2025-04-28,0.3752849094238897,5,0.45977718,1.332219
2025-04-28,0.3752849094238897,10,0.5688042,1.366327
2025-04-28,0.3752849094238897,21,0.76963407,1.4289702
2025-04-30,0.5714408702234053,1,0.0,0.009124007
2025-04-30,0.5714408702234053,3,0.24143116,0.836353
2025-04-30,0.5714408702234053,5,0.45718002,0.9794409
2025-04-30,0.5714408702234053,10,0.75211453,1.0746124
2025-04-30,0.5714408702234053,21,0.83945215,1.1057594
2025-05-01,1.1225908198369439,1,0.0,0.018635944
2025-05-01,1.1225908198369439,3,0.5745399,1.1088784
2025-05-01,1.1225908198369439,5,0.5915409,1.2703404
2025-05-01,1.1225908198369439,10,0.7679227,1.296082
2025-05-01,1.1225908198369439,21,0.90116507,1.2969136
2025-05-02,1.0326925156849853,1,0.0,0.0060270093
2025-05-02,1.0326925156849853,3,0.47862515,0.97388405
2025-05-02,1.0326925156849853,5,0.58376414,1.078135
2025-05-02,1.0326925156849853,10,0.80248225,1.2045157
2025-05-02,1.0326925156849853,21,0.8774704,1.2047457
2025-05-07,-0.1386523962791486,1,0.0,0.0054009
2025-05-07,-0.1386523962791486,3,0.70131564,1.0562757
2025-05-07,-0.1386523962791486,5,0.65233535,1.2287884
2025-05-07,-0.1386523962791486,10,0.76339364,1.387562
2025-05-07,-0.1386523962791486,21,0.8673761,1.3598675
2025-05-08,0.40421221201842883,1,0.0,0.009742636
2025-05-08,0.40421221201842883,3,0.5444178,1.0226259
2025-05-08,0.40421221201842883,5,0.653878,1.1604582
2025-05-08,0.40421221201842883,10,0.7965383,1.3315005
2025-05-08,0.40421221201842883,21,0.8762334,1.373676
2025-05-09,1.5442577690844672,1,0.0,-0.0090840645
2025-05-09,1.5442577690844672,3,0.52465165,0.9362135
2025-05-09,1.5442577690844672,5,0.95406395,1.0510578
2025-05-09,1.5442577690844672,10,0.8417949,1.159612
2025-05-09,1.5442577690844672,21,0.8779927,1.0388672
2025-05-12,0.3750852403241467,1,0.0,-0.0053978413
2025-05-12,0.3750852403241467,3,0.6513388,0.82796544
2025-05-12,0.3750852403241467,5,0.7821339,0.995897
2025-05-12,0.3750852403241467,10,0.69579476,1.1583894
2025-05-12,0.3750852403241467,21,0.8381559,1.1245817
2025-05-13,1.4216713242465318,1,0.0,-0.0037651062
2025-05-13,1.4216713242465318,3,0.996241,0.8697794
2025-05-13,1.4216713242465318,5,0.8289897,1.0776036
2025-05-13,1.4216713242465318,10,0.7591566,1.2410272
2025-05-13,1.4216713242465318,21,0.8373266,1.3307048
2025-05-14,-0.14449434518475357,1,0.0,0.0154181495
2025-05-14,-0.14449434518475357,3,0.4315689,0.88448507
2025-05-14,-0.14449434518475357,5,0.41358486,1.0130551
2025-05-14,-0.14449434518475357,10,0.62182087,1.0952504
2025-05-14,-0.14449434518475357,21,0.7895114,1.0884093
2025-05-15,-0.9820830400247615,1,0.0,-0.008904617
2025-05-15,-0.9820830400247615,3,0.40836892,0.7782409
2025-05-15,-0.9820830400247615,5,0.4107772,0.9076298
2025-05-15,-0.9820830400247615,10,0.6227085,1.0313295
2025-05-15,-0.9820830400247615,21,0.8019743,1.0527902
2025-05-16,-0.004749005490367608,1,0.0,-0.0016896315
2025-05-16,-0.004749005490367608,3,0.3397258,0.9257205
2025-05-16,-0.004749005490367608,5,0.37637773,1.0674812
2025-05-16,-0.004749005490367608,10,0.7870202,1.2393796
2025-05-16,-0.004749005490367608,21,0.7968833,1.2161252
2025-05-19,-0.6779610969083194,1,0.0,0.016506465
2025-05-19,-0.6779610969083194,3,0.3447173,0.87094086
2025-05-19,-0.6779610969083194,5,0.5053143,1.0677649
2025-05-19,-0.6779610969083194,10,0.89327383,1.1309491
2025-05-19,-0.6779610969083194,21,0.8396537,1.1194626
2025-05-20,0.08226083206395174,1,0.0,-0.00022341684
2025-05-20,0.08226083206395174,3,0.3937429,1.021035
2025-05-20,0.08226083206395174,5,0.6788924,1.1894109
2025-05-20,0.08226083206395174,10,0.9627449,1.2497027
2025-05-20,0.08226083206395174,21,0.82914656,1.2209653
2025-05-21,-0.6160985129850971,1,0.0,0.014668815
2025-05-21,-0.6160985129850971,3,0.5734547,0.71266156
2025-05-21,-0.6160985129850971,5,0.7081914,0.85674757
2025-05-21,-0.6160985129850971,10,0.96238047,0.9304204
2025-05-21,-0.6160985129850971,21,0.8450398,0.9558446
2025-05-22,-0.8430015613571484,1,0.0,0.0028702132
2025-05-22,-0.8430015613571484,3,0.7726355,0.6986168
2025-05-22,-0.8430015613571484,5,0.6207715,0.8222744
2025-05-22,-0.8430015613571484,10,0.9686912,0.9235497
2025-05-22,-0.8430015613571484,21,0.8673679,0.9457833
2025-05-23,0.47095508512100537,1,0.0,0.014716033
2025-05-23,0.47095508512100537,3,0.23733136,0.8822232
2025-05-23,0.47095508512100537,5,0.6336561,1.0453236
2025-05-23,0.47095508512100537,10,0.9405161,1.1271861
2025-05-23,0.47095508512100537,21,0.8432644,1.1775337
2025-05-26,0.9935884771014258,1,0.0,0.014261318
2025-05-26,0.9935884771014258,3,0.40756375,0.7744396
2025-05-26,0.9935884771014258,5,1.0309548,0.91517663
2025-05-26,0.9935884771014258,10,0.94143087,0.96688336
2025-05-26,0.9935884771014258,21,0.84303963,1.0154527
2025-05-27,0.5117983017948191,1,0.0,0.021517593
2025-05-27,0.5117983017948191,3,0.78885305,1.1356678
2025-05-27,0.5117983017948191,5,1.1796656,1.258464
2025-05-27,0.5117983017948191,10,0.9347119,1.2411108
2025-05-27,0.5117983017948191,21,0.8500928,1.2387923
2025-05-28,-0.004535498195679111,1,0.0,0.020101376
2025-05-28,-0.004535498195679111,3,1.2711942,0.91341525
2025-05-28,-0.004535498195679111,5,1.1486144,1.0240015
2025-05-28,-0.004535498195679111,10,0.9290335,1.1515949
2025-05-28,-0.004535498195679111,21,0.848064,1.2178155
2025-05-29,1.8661916309326898,1,0.0,0.007934336
2025-05-29,1.8661916309326898,3,1.4778285,0.9931646
2025-05-29,1.8661916309326898,5,1.2119378,1.1014384
2025-05-29,1.8661916309326898,10,0.9358614,1.2027582
2025-05-29,1.8661916309326898,21,0.90386885,1.2097092
2025-05-30,-1.2248599529748105,1,0.0,0.0021114424
2025-05-30,-1.2248599529748105,3,0.56873417,0.95239055
2025-05-30,-1.2248599529748105,5,0.78172654,1.0578338
2025-05-30,-1.2248599529748105,10,0.7737091,1.1434633
2025-05-30,-1.2248599529748105,21,0.8697611,1.1587939
2025-06-02,-1.3108814166638894,1,0.0,0.00038546696
2025-06-02,-1.3108814166638894,3,0.8663539,0.930207
2025-06-02,-1.3108814166638894,5,0.74858135,1.0617923
2025-06-02,-1.3108814166638894,10,0.72904396,1.2186095
2025-06-02,-1.3108814166638894,21,0.8171699,1.2158571
2025-06-03,-0.06370551147139025,1,0.0,0.0031557567
2025-06-03,-0.06370551147139025,3,0.54451823,1.0589969
2025-06-03,-0.06370551147139025,5,0.5395517,1.2747419
2025-06-03,-0.06370551147139025,10,0.68458134,1.3982594
2025-06-03,-0.06370551147139025,21,0.8110862,1.4876667
2025-06-04,0.7996414506216354,1,0.0,0.0018150471
2025-06-04,0.7996414506216354,3,0.56099504,0.8910767
2025-06-04,0.7996414506216354,5,0.50459296,1.0599692
2025-06-04,0.7996414506216354,10,0.68525356,1.1969858
2025-06-04,0.7996414506216354,21,0.8287214,1.2563585
2025-06-05,-0.5125003851429,1,0.0,-0.00566772
2025-06-05,-0.5125003851429,3,0.5992586,0.8808426
2025-06-05,-0.5125003851429,5,0.4742293,1.0522068
2025-06-05,-0.5125003851429,10,0.6933792,1.1291519
2025-06-05,-0.5125003851429,21,0.8218325,1.0995313
2025-06-06,0.4970283581485546,1,0.0,-0.005782295
2025-06-06,0.4970283581485546,3,0.2487308,0.8934283
2025-06-06,0.4970283581485546,5,0.5241389,1.0684314
2025-06-06,0.4970283581485546,10,0.7665254,1.1734096
2025-06-06,0.4970283581485546,21,0.8053675,1.1512514
2025-06-09,0.9151062550341038,1,0.0,0.0069097467
2025-06-09,0.9151062550341038,3,0.24436161,0.75366634
2025-06-09,0.9151062550341038,5,0.6990511,0.86894685
2025-06-09,0.9151062550341038,10,0.7732326,1.0389287
2025-06-09,0.9151062550341038,21,0.8230374,0.962541
2025-06-10,0.32225787803312755,1,0.0,-0.002192039
2025-06-10,0.32225787803312755,3,0.5185329,0.7922774
2025-06-10,0.32225787803312755,5,0.78995883,0.98121315
2025-06-10,0.32225787803312755,10,0.7356365,1.1070542
2025-06-10,0.32225787803312755,21,0.8086524,1.0651433
2025-06-11,0.5472342804422325,1,0.0,0.00016352907
2025-06-11,0.5472342804422325,3,0.6287438,0.802945
2025-06-11,0.5472342804422325,5,0.8105336,0.9213492
2025-06-11,0.5472342804422325,10,0.80064166,0.9875641
2025-06-11,0.5472342804422325,21,0.80873734,0.9102793
2025-06-12,-0.6478353897090727,1,0.0,0.010047834
2025-06-12,-0.6478353897090727,3,0.95873815,0.75853735
2025-06-12,-0.6478353897090727,5,0.8545088,0.8837566
2025-06-12,-0.6478353897090727,10,0.7942066,0.83602786
2025-06-12,-0.6478353897090727,21,0.8156551,0.8731418
2025-06-13,-0.8916035981158643,1,0.0,-0.0004335642
2025-06-13,-0.8916035981158643,3,0.89622927,0.66184026
2025-06-13,-0.8916035981158643,5,0.9419317,0.7790437
2025-06-13,-0.8916035981158643,10,0.8619109,0.8074846
2025-06-13,-0.8916035981158643,21,0.80009896,0.8073388
2025-06-16,1.2530848918219206,1,0.0,0.011326581
2025-06-16,1.2530848918219206,3,0.27223542,0.73575944
2025-06-16,1.2530848918219206,5,0.8221792,0.87405133
2025-06-16,1.2530848918219206,10,0.80235755,0.9323314
2025-06-16,1.2530848918219206,21,0.77146256,0.9651741
2025-06-17,0.5866401413648248,1,0.0,0.008895941
2025-06-17,0.5866401413648248,3,0.8436927,0.85078907
2025-06-17,0.5866401413648248,5,0.67367595,0.98154837
2025-06-17,0.5866401413648248,10,0.7774399,1.0476372
2025-06-17,0.5866401413648248,21,0.7396954,1.0691702
2025-06-18,0.9000362119055083,1,0.0,0.0019292645
2025-06-18,0.9000362119055083,3,0.7897251,0.87424165
2025-06-18,0.9000362119055083,5,0.7901643,1.0186007
2025-06-18,0.9000362119055083,10,0.9454765,1.0290365
2025-06-18,0.9000362119055083,21,0.7347489,0.9946507
2025-06-19,-1.0257055264915493,1,0.0,0.0021042228
2025-06-19,-1.0257055264915493,3,0.40296942,0.684695
2025-06-19,-1.0257055264915493,5,0.71352845,0.7850981
2025-06-19,-1.0257055264915493,10,0.96488565,0.8979716
2025-06-19,-1.0257055264915493,21,0.72252244,0.91896
2025-06-20,-0.2213751375139239,1,0.0,0.0013731755
2025-06-20,-0.2213751375139239,3,0.6169639,0.8131657
2025-06-20,-0.2213751375139239,5,0.7208769,0.9727442
2025-06-20,-0.2213751375139239,10,0.87520486,1.133523
2025-06-20,-0.2213751375139239,21,0.68032765,1.083438
2025-06-23,-0.12804155099122028,1,0.0,0.008284472
2025-06-23,-0.12804155099122028,3,0.5169351,0.79981655
2025-06-23,-0.12804155099122028,5,0.6607994,0.8916511
2025-06-23,-0.12804155099122028,10,0.8612936,1.0667386
2025-06-23,-0.12804155099122028,21,0.67776877,1.0167693
2025-06-24,1.1315714470109484,1,0.0,0.0034616813
2025-06-24,1.1315714470109484,3,0.5119818,0.6662117
2025-06-24,1.1315714470109484,5,0.43919495,0.7623969
2025-06-24,1.1315714470109484,10,0.8950822,0.95158213
2025-06-24,1.1315714470109484,21,0.96930575,0.8785348
2025-06-25,0.389828345583787,1,0.0,0.006926857
2025-06-25,0.389828345583787,3,0.5439114,0.6636382
2025-06-25,0.389828345583787,5,1.0248138,0.8509963
2025-06-25,0.389828345583787,10,0.85290384,1.0214107
2025-06-25,0.389828345583787,21,0.9911626,0.98300636
2025-06-26,1.636443585898384,1,0.0,0.008129548
2025-06-26,1.636443585898384,3,0.33862257,0.6856906
2025-06-26,1.636443585898384,5,1.1303645,0.83076274
2025-06-26,1.636443585898384,10,0.8520045,1.0182369
2025-06-26,1.636443585898384,21,1.0260465,1.0125178
2025-06-27,1.4202491943310136,1,0.0,0.00907141
2025-06-27,1.4202491943310136,3,1.1438167,0.78672796
2025-06-27,1.4202491943310136,5,0.9520501,0.8928365
2025-06-27,1.4202491943310136,10,0.72601706,1.017729
2025-06-27,1.4202491943310136,21,1.0221763,1.0385553
2025-06-30,0.8348489978818208,1,0.0,0.009929217
2025-06-30,0.8348489978818208,3,0.8656544,0.7059446
2025-06-30,0.8348489978818208,5,0.6965249,0.79709107
2025-06-30,0.8348489978818208,10,0.55509156,0.95932865
2025-06-30,0.8348489978818208,21,1.0014131,0.93981445
2025-07-01,-1.245298422966279,1,0.0,0.010956861
2025-07-01,-1.245298422966279,3,0.53263885,0.6373854
2025-07-01,-1.245298422966279,5,0.48567185,0.72342294
2025-07-01,-1.245298422966279,10,0.44869518,0.85669935
2025-07-01,-1.245298422966279,21,0.98649675,0.8344798
2025-07-02,-0.5613832935665641,1,0.0,0.004575487
2025-07-02,-0.5613832935665641,3,0.29331487,0.7412612
2025-07-02,-0.5613832935665641,5,0.3441496,0.92798644
2025-07-02,-0.5613832935665641,10,0.3699165,1.078674
2025-07-02,-0.5613832935665641,21,0.9657396,1.0288628
2025-07-03,0.0588773014573718,1,0.0,-0.010648448
2025-07-03,0.0588773014573718,3,0.2937123,0.9358472
2025-07-03,0.0588773014573718,5,0.3147272,1.0586374
2025-07-03,0.0588773014573718,10,0.33290777,1.1823928
2025-07-03,0.0588773014573718,21,0.969315,1.2002035
2025-07-04,0.06276754010343666,1,0.0,-0.0011758059
2025-07-04,0.06276754010343666,3,0.34891763,0.78814566
2025-07-04,0.06276754010343666,5,0.36476988,0.9988892
2025-07-04,0.06276754010343666,10,0.38209304,1.0820706
2025-07-04,0.06276754010343666,21,1.0128459,1.0752175
2025-07-07,-0.5622263442660369,1,0.0,0.00051383674
2025-07-07,-0.5622263442660369,3,0.4049689,0.8710355
2025-07-07,-0.5622263442660369,5,0.36045864,0.9682283
2025-07-07,-0.5622263442660369,10,0.38816836,1.1012511
2025-07-07,-0.5622263442660369,21,1.0203614,1.127622
2025-07-08,0.25512976999237935,1,0.0,0.005706262
2025-07-08,0.25512976999237935,3,0.34766954,0.6884143
2025-07-08,0.25512976999237935,5,0.30462956,0.82321095
2025-07-08,0.25512976999237935,10,0.34362093,0.9056528
2025-07-08,0.25512976999237935,21,1.0151912,0.8805592
2025-07-09,0.33322256103254233,1,0.0,-0.012502555
2025-07-09,0.33322256103254233,3,0.32259455,0.6825548
2025-07-09,0.33322256103254233,5,0.38063064,0.80919003
2025-07-09,0.33322256103254233,10,1.0816283,0.9314622
2025-07-09,0.33322256103254233,21,1.0206388,1.0018283
2025-07-10,-0.4402349336984912,1,0.0,-0.019989852
2025-07-10,-0.4402349336984912,3,0.1023031,0.6731222
2025-07-10,-0.4402349336984912,5,0.3415562,0.81841224
2025-07-10,-0.4402349336984912,10,1.1406692,0.9216401
2025-07-10,-0.4402349336984912,21,1.0811433,1.0119635
2025-07-11,-0.19359642909897445,1,0.0,-0.00510047
2025-07-11,-0.19359642909897445,3,0.3730854,0.65665704
2025-07-11,-0.19359642909897445,5,0.3731621,0.74707896
2025-07-11,-0.19359642909897445,10,1.1844003,0.8344233
2025-07-11,-0.19359642909897445,21,1.1412994,0.93031436
2025-07-14,-0.2785262271386202,1,0.0,-0.008082759
2025-07-14,-0.2785262271386202,3,0.34877244,0.57497674
2025-07-14,-0.2785262271386202,5,0.3753144,0.69331384
2025-07-14,-0.2785262271386202,10,1.2633,0.7888525
2025-07-14,-0.2785262271386202,21,1.1511631,0.85332024
2025-07-15,0.5519471903031814,1,0.0,0.0022434555
2025-07-15,0.5519471903031814,3,0.28896272,0.6488439
2025-07-15,0.5519471903031814,5,0.34390268,0.7089061
2025-07-15,0.5519471903031814,10,1.2980139,0.79819983
2025-07-15,0.5519471903031814,21,1.2112147,0.84490865
2025-07-16,-0.03685614472193066,1,0.0,-0.010772098
2025-07-16,-0.03685614472193066,3,0.3459555,0.6625092
2025-07-16,-0.03685614472193066,5,1.3848999,0.77232045
2025-07-16,-0.03685614472193066,10,1.2990154,0.88238263
2025-07-16,-0.03685614472193066,21,1.243415,0.8843014
2025-07-17,0.5977374538733926,1,0.0,-0.006024532
2025-07-17,0.5977374538733926,3,0.3585825,0.64854306
2025-07-17,0.5977374538733926,5,1.3543234,0.7683081
2025-07-17,0.5977374538733926,10,1.3146213,0.84416777
2025-07-17,0.5977374538733926,21,1.2410454,0.84475935
2025-07-18,-0.2059251143094798,1,0.0,-0.0072426796
2025-07-18,-0.2059251143094798,3,1.7017437,0.8012427
2025-07-18,-0.2059251143094798,5,1.5696473,0.8919991
2025-07-18,-0.2059251143094798,10,1.344587,0.96041745
2025-07-18,-0.2059251143094798,21,1.2535539,1.0269023
2025-07-22,-0.11103220642461054,1,0.0,0.0036297776
2025-07-22,-0.11103220642461054,3,1.4546385,0.4738972
2025-07-22,-0.11103220642461054,5,1.716426,0.56401104
2025-07-22,-0.11103220642461054,10,1.4131291,0.6068042
2025-07-22,-0.11103220642461054,21,1.3145068,0.73842263
2025-07-23,3.450529499082222,1,0.0,-0.006751772
2025-07-23,3.450529499082222,3,1.7770733,0.6528883
2025-07-23,3.450529499082222,5,1.7916187,0.7251294
2025-07-23,3.450529499082222,10,1.4189324,0.81654775
2025-07-23,3.450529499082222,21,1.3285568,0.92907643
2025-07-24,1.5784375839354325,1,0.0,-0.0004905239
2025-07-24,1.5784375839354325,3,1.2187779,0.57940644
2025-07-24,1.5784375839354325,5,0.98257685,0.65285504
2025-07-24,1.5784375839354325,10,0.9422838,0.7534417
2025-07-24,1.5784375839354325,21,1.1305507,0.7671603
2025-07-25,-0.8888097716207355,1,0.0,-0.007705234
2025-07-25,-0.8888097716207355,3,0.13321604,0.69333786
2025-07-25,-0.8888097716207355,5,0.7772362,0.7717416
2025-07-25,-0.8888097716207355,10,0.8090853,0.86956507
2025-07-25,-0.8888097716207355,21,1.0875943,0.8949765
2025-07-28,-1.1108323903707529,1,0.0,-0.0081138015
2025-07-28,-1.1108323903707529,3,0.44503,0.7252861
2025-07-28,-1.1108323903707529,5,0.7513678,0.8124248
2025-07-28,-1.1108323903707529,10,0.96942705,0.9305224
2025-07-28,-1.1108323903707529,21,1.0912992,0.8935473
2025-07-29,-0.7927250314162748,1,0.0,-0.012016367
2025-07-29,-0.7927250314162748,3,0.74223506,0.78186005
2025-07-29,-0.7927250314162748,5,0.78331584,0.89270645
2025-07-29,-0.7927250314162748,10,1.0517758,0.95809305
2025-07-29,-0.7927250314162748,21,1.0571595,0.96797943
2025-07-30,-0.04881776948444383,1,0.0,0.0031577796
2025-07-30,-0.04881776948444383,3,0.69253486,0.5821438
2025-07-30,-0.04881776948444383,5,0.8290714,0.6790885
2025-07-30,-0.04881776948444383,10,0.9979111,0.7848266
2025-07-30,-0.04881776948444383,21,1.0403298,0.795355
2025-07-31,1.0159121557016704,1,0.0,0.0032785758
2025-07-31,1.0159121557016704,3,0.9615363,0.59761333
2025-07-31,1.0159121557016704,5,0.87103206,0.69023556
2025-07-31,1.0159121557016704,10,1.1670808,0.7843213
2025-07-31,1.0159121557016704,21,1.0440953,0.7590853
2025-08-01,-0.6601237069284949,1,0.0,-0.010756988
2025-08-01,-0.6601237069284949,3,0.7915144,0.7503223
2025-08-01,-0.6601237069284949,5,0.8002458,0.884483
2025-08-01,-0.6601237069284949,10,1.215113,0.9754236
2025-08-01,-0.6601237069284949,21,1.0743983,1.0213828
2025-08-04,-1.255166203721103,1,0.0,-0.014020819
2025-08-04,-1.255166203721103,3,0.88492715,0.7136429
2025-08-04,-1.255166203721103,5,0.99199593,0.8390061
2025-08-04,-1.255166203721103,10,1.1468964,0.9105397
2025-08-04,-1.255166203721103,21,1.0601577,0.9302772
2025-08-05,0.6403759657260366,1,0.0,-0.0070037693
2025-08-05,0.6403759657260366,3,0.018937593,0.6172177
2025-08-05,0.6403759657260366,5,0.66807634,0.75415605
2025-08-05,0.6403759657260366,10,1.0222584,0.8061649
2025-08-05,0.6403759657260366,21,1.038991,0.84132165
2025-08-06,0.6031664403723269,1,0.0,-0.0027173348
2025-08-06,0.6031664403723269,3,0.5719782,0.57730013
2025-08-06,0.6031664403723269,5,0.6133445,0.6822483
2025-08-06,0.6031664403723269,10,1.234879,0.78151506
2025-08-06,0.6031664403723269,21,1.073298,0.84922826
2025-08-07,0.6457594147882162,1,0.0,-0.00015768036
2025-08-07,0.6457594147882162,3,0.6400038,0.5865074
2025-08-07,0.6457594147882162,5,1.2763454,0.72418666
2025-08-07,0.6457594147882162,10,1.28682,0.77112985
2025-08-07,0.6457594147882162,21,1.0839214,0.8035213
2025-08-08,1.8372510995991576,1,0.0,-0.006991647
2025-08-08,1.8372510995991576,3,0.34399492,0.6668984
2025-08-08,1.8372510995991576,5,1.305018,0.7744145
2025-08-08,1.8372510995991576,10,1.2893822,0.86469704
2025-08-08,1.8372510995991576,21,1.1106302,0.8950799
2025-08-12,2.1238217643004376,1,0.0,0.00080627203
2025-08-12,2.1238217643004376,3,1.5298631,0.588286
2025-08-12,2.1238217643004376,5,1.2530153,0.6929529
2025-08-12,2.1238217643004376,10,1.1952978,0.7843529
2025-08-12,2.1238217643004376,21,1.0641026,0.8257783
2025-08-13,1.2943118163086353,1,0.0,-0.0025203414
2025-08-13,1.2943118163086353,3,1.4004111,0.6107055
2025-08-13,1.2943118163086353,5,1.1553108,0.6974294
2025-08-13,1.2943118163086353,10,1.0585442,0.7862056
2025-08-13,1.2943118163086353,21,0.9857168,0.86155486
2025-08-14,-1.455755515191015,1,0.0,0.010111928
2025-08-14,-1.455755515191015,3,1.3224835,0.5643428
2025-08-14,-1.455755515191015,5,1.2563008,0.6423794
2025-08-14,-1.455755515191015,10,0.96780163,0.7136006
2025-08-14,-1.455755515191015,21,0.98123926,0.7259244
2025-08-15,1.694955061712733,1,0.0,-0.0024145208
2025-08-15,1.694955061712733,3,0.8509576,0.6392783
2025-08-15,1.694955061712733,5,1.1274092,0.73461336
2025-08-15,1.694955061712733,10,0.8978583,0.8195638
2025-08-15,1.694955061712733,21,0.9275544,0.85075736
2025-08-18,0.7715962106981777,1,0.0,0.0020910166
2025-08-18,0.7715962106981777,3,0.93635124,0.5359681
2025-08-18,0.7715962106981777,5,0.75983655,0.60326684
2025-08-18,0.7715962106981777,10,0.7097772,0.68534666
2025-08-18,0.7715962106981777,21,0.868384,0.76156515
2025-08-19,-0.38509875799253024,1,0.0,-0.0058304034
2025-08-19,-0.38509875799253024,3,0.48551112,0.7191972
2025-08-19,-0.38509875799253024,5,0.66035724,0.8203215
2025-08-19,-0.38509875799253024,10,0.7051526,0.9007942
2025-08-19,-0.38509875799253024,21,0.8615857,0.9201845
2025-08-20,-1.5219579944636408,1,0.0,-0.010268271
2025-08-20,-1.5219579944636408,3,0.6446583,0.78834254
2025-08-20,-1.5219579944636408,5,0.69493526,0.91471326
2025-08-20,-1.5219579944636408,10,0.7307514,1.0280075
2025-08-20,-1.5219579944636408,21,0.8803202,1.0543627
2025-08-21,-0.65119075775808,1,0.0,-0.012483779
2025-08-21,-0.65119075775808,3,0.44047892,0.81186306
2025-08-21,-0.65119075775808,5,0.5431073,0.94197196
2025-08-21,-0.65119075775808,10,0.6425931,1.0431051
2025-08-21,-0.65119075775808,21,0.81303173,1.0989138
2025-08-22,0.05423803260082849,1,0.0,0.005215399
2025-08-22,0.05423803260082849,3,0.5847285,0.7636559
2025-08-22,0.05423803260082849,5,0.5778966,0.90532607
2025-08-22,0.05423803260082849,10,0.80682266,1.038799
2025-08-22,0.05423803260082849,21,0.8030067,1.0411166
2025-08-25,0.40854219714692164,1,0.0,-0.001319848
2025-08-25,0.40854219714692164,3,0.6253255,0.7031154
2025-08-25,0.40854219714692164,5,0.59629047,0.8044372
2025-08-25,0.40854219714692164,10,0.8646261,0.9005869
2025-08-25,0.40854219714692164,21,0.80095595,0.8952152
2025-08-26,-0.9704562291506846,1,0.0,-0.013100479
2025-08-26,-0.9704562291506846,3,0.71915513,0.8249867
2025-08-26,-0.9704562291506846,5,0.74178594,0.949102
2025-08-26,-0.9704562291506846,10,0.9537683,1.0084064
2025-08-26,-0.9704562291506846,21,0.8007915,1.0429121
2025-08-27,0.2964651195199508,1,0.0,-0.0148708
2025-08-27,0.2964651195199508,3,0.4015752,0.83783245
2025-08-27,0.2964651195199508,5,0.679547,0.97900766
2025-08-27,0.2964651195199508,10,0.89961463,1.0721331
2025-08-27,0.2964651195199508,21,0.79392105,1.1157916
2025-08-28,0.7229625730552414,1,0.0,-0.010955714
2025-08-28,0.7229625730552414,3,0.80451524,0.71504396
2025-08-28,0.7229625730552414,5,0.72497976,0.8609546
2025-08-28,0.7229625730552414,10,0.9187551,0.9312557
2025-08-28,0.7229625730552414,21,0.82259387,0.9621643
2025-08-29,-0.2579167970457874,1,0.0,-0.012420122
2025-08-29,-0.2579167970457874,3,0.63562596,0.6713081
2025-08-29,-0.2579167970457874,5,0.97161585,0.77829367
2025-08-29,-0.2579167970457874,10,0.9521617,0.88963693
2025-08-29,-0.2579167970457874,21,0.82334954,0.9092275
2025-09-01,-1.2476826420998677,1,0.0,-0.012080986
2025-09-01,-1.2476826420998677,3,0.6550179,0.72724295
2025-09-01,-1.2476826420998677,5,1.0651652,0.82062334
2025-09-01,-1.2476826420998677,10,0.9404788,0.93305784
2025-09-01,-1.2476826420998677,21,0.8494429,0.9774133
2025-09-02,0.28804815075886836,1,0.0,-0.011522006
2025-09-02,0.28804815075886836,3,0.9798492,0.73700184
2025-09-02,0.28804815075886836,5,0.893964,0.8378622
2025-09-02,0.28804815075886836,10,0.7542303,0.9136341
2025-09-02,0.28804815075886836,21,0.7953321,0.93968225
2025-09-03,-0.8821431583456274,1,0.0,0.00079266727
2025-09-03,-0.8821431583456274,3,1.03484,0.6166781
2025-09-03,-0.8821431583456274,5,0.9956287,0.7105475
2025-09-03,-0.8821431583456274,10,0.7943023,0.81588
2025-09-03,-0.8821431583456274,21,0.85989714,0.8606734
2025-09-04,1.5177415796152616,1,0.0,-0.013980433
2025-09-04,1.5177415796152616,3,0.21696986,0.7620732
2025-09-04,1.5177415796152616,5,0.69909143,0.88397926
2025-09-04,1.5177415796152616,10,0.6416649,0.9723937
2025-09-04,1.5177415796152616,21,1.2094806,1.0067385
2025-09-05,1.0245077722760954,1,0.0,0.0029387176
2025-09-05,1.0245077722760954,3,0.7996366,0.6271959
2025-09-05,1.0245077722760954,5,0.6530507,0.71414703
2025-09-05,1.0245077722760954,10,0.70182997,0.81518906
2025-09-05,1.0245077722760954,21,1.1997375,0.85582256
2025-09-08,1.4425362992952273,1,0.0,-0.013312362
2025-09-08,1.4425362992952273,3,0.780293,0.797772
2025-09-08,1.4425362992952273,5,0.6469366,0.8979624
2025-09-08,1.4425362992952273,10,0.6995903,0.9752487
2025-09-08,1.4425362992952273,21,1.2139388,1.0308594
2025-09-09,-0.4236813896049796,1,0.0,-0.0057262667
2025-09-09,-0.4236813896049796,3,0.70416677,0.7417648
2025-09-09,-0.4236813896049796,5,0.5766706,0.81969374
2025-09-09,-0.4236813896049796,10,0.63647777,0.89750165
2025-09-09,-0.4236813896049796,21,1.2273291,0.93660605
2025-09-10,0.8668919927139029,1,0.0,-0.005643122
2025-09-10,0.8668919927139029,3,0.15832235,0.7168636
2025-09-10,0.8668919927139029,5,0.5179499,0.8141706
2025-09-10,0.8668919927139029,10,0.5724908,0.92072064
2025-09-10,0.8668919927139029,21,1.2550303,0.88249934
2025-09-11,1.2126371991785234,1,0.0,0.0042698644
2025-09-11,1.2126371991785234,3,0.3780419,0.64513487
2025-09-11,1.2126371991785234,5,0.5556879,0.7087905
2025-09-11,1.2126371991785234,10,0.69199604,0.82723683
2025-09-11,1.2126371991785234,21,1.413312,0.8543285
2025-09-12,0.8876395216622868,1,0.0,0.0013128668
2025-09-12,0.8876395216622868,3,0.4643289,0.6911321
2025-09-12,0.8876395216622868,5,0.6493791,0.77931696
2025-09-12,0.8876395216622868,10,0.68736,0.85361737
2025-09-12,0.8876395216622868,21,1.4338579,0.83527493
2025-09-16,0.2992036426803679,1,0.0,0.006101098
2025-09-16,0.2992036426803679,3,0.57096237,0.74984765
2025-09-16,0.2992036426803679,5,0.66872627,0.84438497
2025-09-16,0.2992036426803679,10,0.6488235,0.9156085
2025-09-16,0.2992036426803679,21,1.4428116,0.8590559
2025-09-17,-0.24949800232629826,1,0.0,-0.00434104
2025-09-17,-0.24949800232629826,3,0.7417758,0.7342305
2025-09-17,-0.24949800232629826,5,0.66872156,0.83206254
2025-09-17,-0.24949800232629826,10,0.6928226,0.90447885
2025-09-17,-0.24949800232629826,21,1.4935555,0.8443141
2025-09-18,1.1389380363400647,1,0.0,-0.007873725
2025-09-18,1.1389380363400647,3,0.7728819,0.74719495
2025-09-18,1.1389380363400647,5,0.60951644,0.8733005
2025-09-18,1.1389380363400647,10,0.7438178,0.9213647
2025-09-18,1.1389380363400647,21,1.6211967,0.9015559
2025-09-19,-0.5702799422438787,1,0.0,-0.0065281764
2025-09-19,-0.5702799422438787,3,0.63812214,0.76861554
2025-09-19,-0.5702799422438787,5,0.6687996,0.85964024
2025-09-19,-0.5702799422438787,10,0.8667835,0.9055892
2025-09-19,-0.5702799422438787,21,1.6140691,0.8933118
2025-09-22,0.9893038281806099,1,0.0,-0.002484206
2025-09-22,0.9893038281806099,3,0.3315717,0.69840693
2025-09-22,0.9893038281806099,5,0.69108444,0.8039678
2025-09-22,0.9893038281806099,10,1.579926,0.8738369
2025-09-22,0.9893038281806099,21,1.6024193,0.77969724
2025-09-24,0.2999178850631168,1,0.0,-0.0068173558
2025-09-24,0.2999178850631168,3,0.54895204,0.7036114
2025-09-24,0.2999178850631168,5,0.4821464,0.7845169
2025-09-24,0.2999178850631168,10,1.5844834,0.90343887
2025-09-24,0.2999178850631168,21,1.641056,0.93313396
2025-09-25,0.2727380774935284,1,0.0,-0.009416722
2025-09-25,0.2727380774935284,3,0.5037704,0.6970077
2025-09-25,0.2727380774935284,5,0.43865967,0.8217024
2025-09-25,0.2727380774935284,10,1.6110064,0.99039704
2025-09-25,0.2727380774935284,21,1.6554826,1.0199374
2025-09-26,-0.8779372960336929,1,0.0,-0.0059151463
2025-09-26,-0.8779372960336929,3,0.26435158,0.61825186
2025-09-26,-0.8779372960336929,5,0.6521747,0.760951
2025-09-26,-0.8779372960336929,10,1.6554166,0.8685534
2025-09-26,-0.8779372960336929,21,1.7123228,0.924155
2025-09-29,-0.6885925997911713,1,0.0,0.004689019
2025-09-29,-0.6885925997911713,3,0.25597855,0.63025385
2025-09-29,-0.6885925997911713,5,1.0211078,0.73517174
2025-09-29,-0.6885925997911713,10,1.6683171,0.8398103
2025-09-29,-0.6885925997911713,21,1.7023524,0.8631735
2025-09-30,-0.2470007164014021,1,0.0,-0.0025893226
2025-09-30,-0.2470007164014021,3,0.710408,0.64306206
2025-09-30,-0.2470007164014021,5,1.9324749,0.79407924
2025-09-30,-0.2470007164014021,10,1.8995819,0.89836794
2025-09-30,-0.2470007164014021,21,1.7161847,0.91852677
2025-10-01,-0.8532964033769019,1,0.0,-0.0061472133
2025-10-01,-0.8532964033769019,3,1.111837,0.82893497
2025-10-01,-0.8532964033769019,5,1.8946998,0.9807284
2025-10-01,-0.8532964033769019,10,1.9264104,1.0777345
2025-10-01,-0.8532964033769019,21,1.7104417,1.1257812
2025-10-02,0.8624242363366008,1,0.0,-0.006121941
2025-10-02,0.8624242363366008,3,1.6028135,0.80427116
2025-10-02,0.8624242363366008,5,1.8081533,1.0007764
2025-10-02,0.8624242363366008,10,1.8714347,1.0851964
2025-10-02,0.8624242363366008,21,1.7035695,1.1189486
2025-10-03,1.8362419563535681,1,0.0,-0.004357964
2025-10-03,1.8362419563535681,3,1.9045132,0.7746256
2025-10-03,1.8362419563535681,5,1.7921803,0.9420313
2025-10-03,1.8362419563535681,10,1.9891571,0.9937238
2025-10-03,1.8362419563535681,21,1.7865587,0.96003634
2025-10-06,4.643162028619052,1,0.0,-0.005068466
2025-10-06,4.643162028619052,3,2.2999752,0.68843716
2025-10-06,4.643162028619052,5,2.0490346,0.8296163
2025-10-06,4.643162028619052,10,2.1276724,0.9083249
2025-10-06,4.643162028619052,21,1.8872577,0.94197977
2025-10-07,0.01275800957891704,1,0.0,0.0039120987
2025-10-07,0.01275800957891704,3,0.95004565,0.63640994
2025-10-07,0.01275800957891704,5,1.420522,0.7510941
2025-10-07,0.01275800957891704,10,1.6783093,0.84603745
2025-10-07,0.01275800957891704,21,1.6533288,0.8161788
2025-10-08,-0.45124948477131,1,0.0,0.006893594
2025-10-08,-0.45124948477131,3,1.1962475,0.64513797
2025-10-08,-0.45124948477131,5,1.6819037,0.733015
2025-10-08,-0.45124948477131,10,1.6788063,0.8241359
2025-10-08,-0.45124948477131,21,1.6827184,0.7759887
2025-10-09,1.7556373751041576,1,0.0,0.0032413192
2025-10-09,1.7556373751041576,3,1.8058721,0.6721442
2025-10-09,1.7556373751041576,5,1.7517493,0.7507175
2025-10-09,1.7556373751041576,10,1.7394056,0.813871
2025-10-09,1.7556373751041576,21,1.6892831,0.760192
2025-10-10,-1.0171691693546592,1,0.0,-0.0058712326
2025-10-10,-1.0171691693546592,3,1.8018347,0.78182906
2025-10-10,-1.0171691693546592,5,1.6589466,0.918568
2025-10-10,-1.0171691693546592,10,1.7063638,0.9661124
2025-10-10,-1.0171691693546592,21,1.6597948,0.93651664
2025-10-14,-2.6155508134708683,1,0.0,-0.0048808567
2025-10-14,-2.6155508134708683,3,1.9519756,0.6789431
2025-10-14,-2.6155508134708683,5,2.170463,0.78011477
2025-10-14,-2.6155508134708683,10,1.782854,0.811065
2025-10-14,-2.6155508134708683,21,1.6370296,0.82819074
2025-10-15,1.746450717137904,1,0.0,-0.013716143
2025-10-15,1.746450717137904,3,1.4070737,0.7723188
2025-10-15,1.746450717137904,5,1.5827707,0.8951625
2025-10-15,1.746450717137904,10,1.512287,0.94939446
2025-10-15,1.746450717137904,21,1.502989,0.8928236
2025-10-16,1.2612232210830854,1,0.0,-0.0074844696
2025-10-16,1.2612232210830854,3,1.9516728,0.7923061
2025-10-16,1.2612232210830854,5,1.5796387,0.9233608
2025-10-16,1.2612232210830854,10,1.5443165,1.0420246
2025-10-16,1.2612232210830854,21,1.5431366,0.9682915
2025-10-17,-1.4512891189649935,1,0.0,-0.009672571
2025-10-17,-1.4512891189649935,3,1.9706647,0.68311346
2025-10-17,-1.4512891189649935,5,1.7261385,0.7921649
2025-10-17,-1.4512891189649935,10,1.5463314,0.8652652
2025-10-17,-1.4512891189649935,21,1.5283924,0.8880864
2025-10-20,3.314120654463082,1,0.0,-0.0074404962
2025-10-20,3.314120654463082,3,1.5081581,0.7605698
2025-10-20,3.314120654463082,5,1.5617471,0.86951923
2025-10-20,3.314120654463082,10,1.4349477,0.9681042
2025-10-20,3.314120654463082,21,1.665203,0.9579767
2025-10-21,0.2650895520224239,1,0.0,-0.016292814
2025-10-21,0.2650895520224239,3,0.7091664,0.861688
2025-10-21,0.2650895520224239,5,1.2817624,0.9983477
2025-10-21,0.2650895520224239,10,1.4120249,1.0824641
2025-10-21,0.2650895520224239,21,1.5045568,1.0826875
2025-10-22,-0.016769841100128247,1,0.0,-0.010057893
2025-10-22,-0.016769841100128247,3,1.1039255,0.76784426
2025-10-22,-0.016769841100128247,5,1.3595212,0.89249337
2025-10-22,-0.016769841100128247,10,1.6744455,0.96033865
2025-10-22,-0.016769841100128247,21,1.608633,1.0299067
2025-10-23,-1.3602737133226128,1,0.0,-0.015141156
2025-10-23,-1.3602737133226128,3,1.5936755,0.837844
2025-10-23,-1.3602737133226128,5,1.5057513,0.98364294
2025-10-23,-1.3602737133226128,10,1.706937,1.0457956
2025-10-23,-1.3602737133226128,21,1.6934508,1.0104085
2025-10-24,1.3437625348052151,1,0.0,-0.015916545
2025-10-24,1.3437625348052151,3,1.2454866,0.966963
2025-10-24,1.3437625348052151,5,1.1729482,1.0948213
2025-10-24,1.3437625348052151,10,1.6918845,1.1896584
2025-10-24,1.3437625348052151,21,1.6686181,1.159951
2025-10-27,2.430032317244013,1,0.0,-0.016546927
2025-10-27,2.430032317244013,3,1.3575671,0.854188
2025-10-27,2.430032317244013,5,1.2435905,1.0098399
2025-10-27,2.430032317244013,10,1.6868192,1.0870535
2025-10-27,2.430032317244013,21,1.6904029,1.1012806
2025-10-28,-0.5820253893167759,1,0.0,-0.0015891269
2025-10-28,-0.5820253893167759,3,1.1672635,0.63658017
2025-10-28,-0.5820253893167759,5,1.5277537,0.73205227
2025-10-28,-0.5820253893167759,10,1.5349149,0.81492466
2025-10-28,-0.5820253893167759,21,1.6268482,0.8550944
2025-10-29,2.1442814195195226,1,0.0,-0.0014277995
2025-10-29,2.1442814195195226,3,0.9825319,0.7051658
2025-10-29,2.1442814195195226,5,1.9215543,0.7586711
2025-10-29,2.1442814195195226,10,1.5222566,0.8393058
2025-10-29,2.1442814195195226,21,1.6226469,0.9052571
2025-10-30,0.03500022909950218,1,0.0,-0.0016070716
2025-10-30,0.03500022909950218,3,1.5741556,0.75252104
2025-10-30,0.03500022909950218,5,1.7601469,0.8086892
2025-10-30,0.03500022909950218,10,1.3796618,0.9384021
2025-10-30,0.03500022909950218,21,1.5974084,0.96025485
2025-10-31,2.0933141442279535,1,0.0,0.0031761639
2025-10-31,2.0933141442279535,3,2.0215158,0.66240484
2025-10-31,2.0933141442279535,5,1.800862,0.72793525
2025-10-31,2.0933141442279535,10,1.4784338,0.8322154
2025-10-31,2.0933141442279535,21,1.5971932,0.8244192
2025-11-04,-1.759555505688759,1,0.0,0.008110095
2025-11-04,-1.759555505688759,3,1.6661694,0.79615706
2025-11-04,-1.759555505688759,5,1.5861048,0.83242786
2025-11-04,-1.759555505688759,10,1.2721305,0.9558286
2025-11-04,-1.759555505688759,21,1.5439389,0.95790005
2025-11-05,-2.526801228207276,1,0.0,-0.02017254
2025-11-05,-2.526801228207276,3,1.5991657,0.95112664
2025-11-05,-2.526801228207276,5,1.4737228,1.0430524
2025-11-05,-2.526801228207276,10,1.4948536,1.1199309
2025-11-05,-2.526801228207276,21,1.5950289,1.0876371
2025-11-06,1.3282827512151485,1,0.0,-0.01665647
2025-11-06,1.3282827512151485,3,1.1754807,0.9057609
2025-11-06,1.3282827512151485,5,0.9406044,1.0705354
2025-11-06,1.3282827512151485,10,1.3430729,1.1317754
2025-11-06,1.3282827512151485,21,1.5147561,1.1160178
2025-11-07,-1.2007030152451748,1,0.0,-0.022062276
2025-11-07,-1.2007030152451748,3,1.0058292,0.9031303
2025-11-07,-1.2007030152451748,5,0.81057215,1.0607781
2025-11-07,-1.2007030152451748,10,1.5434498,1.1612341
2025-11-07,-1.2007030152451748,21,1.487239,1.1014643
2025-11-10,1.2558764720806082,1,0.0,-0.018087666
2025-11-10,1.2558764720806082,3,0.57112676,0.9666577
2025-11-10,1.2558764720806082,5,1.0128534,1.1470602
2025-11-10,1.2558764720806082,10,1.6623385,1.2897644
2025-11-10,1.2558764720806082,21,1.4641542,1.2496446
2025-11-11,-0.13529015870918926,1,0.0,-0.013831068
2025-11-11,-0.13529015870918926,3,0.26638114,0.7661291
2025-11-11,-0.13529015870918926,5,0.8125545,0.92056316
2025-11-11,-0.13529015870918926,10,1.5851872,1.0382833
2025-11-11,-0.13529015870918926,21,1.4386059,1.0809821
2025-11-12,0.43251375679389525,1,0.0,-0.009224292
2025-11-12,0.43251375679389525,3,1.0422184,0.8386043
2025-11-12,0.43251375679389525,5,1.454212,1.0078515
2025-11-12,0.43251375679389525,10,1.7279594,1.1606078
2025-11-12,0.43251375679389525,21,1.4504981,1.2151369
2025-11-13,0.4270253972308069,1,0.0,-0.0021518283
2025-11-13,0.4270253972308069,3,0.9410004,0.7868198
2025-11-13,0.4270253972308069,5,1.345672,0.9195722
2025-11-13,0.4270253972308069,10,1.774794,1.0846121
2025-11-13,0.4270253972308069,21,1.4789238,1.0782723
2025-11-14,-1.78110450132678,1,0.0,-0.011971213
2025-11-14,-1.78110450132678,3,1.2946665,0.9072018
2025-11-14,-1.78110450132678,5,1.9593421,1.0449184
2025-11-14,-1.78110450132678,10,1.7677675,1.2045534
2025-11-14,-1.78110450132678,21,1.5004914,1.2413455
2025-11-17,-0.10451016461257012,1,0.0,-0.00986601
2025-11-17,-0.10451016461257012,3,1.441831,0.82806814
2025-11-17,-0.10451016461257012,5,2.0546818,0.98899305
2025-11-17,-0.10451016461257012,10,1.7796392,1.137033
2025-11-17,-0.10451016461257012,21,1.4902141,1.1149985
2025-11-18,-3.2740086374861477,1,0.0,-0.010474559
2025-11-18,-3.2740086374861477,3,2.4043798,0.80173993
2025-11-18,-3.2740086374861477,5,2.0660162,0.9679771
2025-11-18,-3.2740086374861477,10,1.78057,1.0622139
2025-11-18,-3.2740086374861477,21,1.4921312,1.0918697
2025-11-19,-0.33994293272865406,1,0.0,-0.01356598
2025-11-19,-0.33994293272865406,3,2.0714061,1.1306701
2025-11-19,-0.33994293272865406,5,1.7682469,1.3647628
2025-11-19,-0.33994293272865406,10,1.4876273,1.431377
2025-11-19,-0.33994293272865406,21,1.3313059,1.3863055
2025-11-20,2.6154820157398007,1,0.0,-0.01601192
2025-11-20,2.6154820157398007,3,2.061457,0.92525226
2025-11-20,2.6154820157398007,5,1.7567984,1.1478328
2025-11-20,2.6154820157398007,10,1.593375,1.2160549
2025-11-20,2.6154820157398007,21,1.3450091,1.2333323
2025-11-21,-2.4339742668265885,1,0.0,-0.012230985
2025-11-21,-2.4339742668265885,3,1.750213,1.0018969
2025-11-21,-2.4339742668265885,5,1.4597014,1.1471968
2025-11-21,-2.4339742668265885,10,1.4829663,1.2608875
2025-11-21,-2.4339742668265885,21,1.2814327,1.3024225
2025-11-25,0.06915863404195477,1,0.0,-0.016224332
2025-11-25,0.06915863404195477,3,0.7306719,1.0480938
2025-11-25,0.06915863404195477,5,1.2760494,1.212992
2025-11-25,0.06915863404195477,10,1.2133155,1.2995093
2025-11-25,0.06915863404195477,21,1.1547595,1.3702382
2025-11-26,1.8317834448831505,1,0.0,-0.012404725
2025-11-26,1.8317834448831505,3,0.6849284,0.9406035
2025-11-26,1.8317834448831505,5,1.2785823,1.0782034
2025-11-26,1.8317834448831505,10,1.2115045,1.1679611
2025-11-26,1.8317834448831505,21,1.1564599,1.1268626
2025-11-27,1.2194166745869595,1,0.0,-0.009038027
2025-11-27,1.2194166745869595,3,1.3006204,0.9713802
2025-11-27,1.2194166745869595,5,1.128688,1.135031
2025-11-27,1.2194166745869595,10,1.118648,1.2427455
2025-11-27,1.2194166745869595,21,1.0945802,1.2867566
2025-11-28,0.17288934633761244,1,0.0,-0.013666522
2025-11-28,0.17288934633761244,3,0.94373864,0.9074406
2025-11-28,0.17288934633761244,5,1.3929021,1.03385
2025-11-28,0.17288934633761244,10,1.1078423,1.1555799
2025-11-28,0.17288934633761244,21,1.0736171,1.1579994
2025-12-01,-1.909772233758389,1,0.0,-0.009596739
2025-12-01,-1.909772233758389,3,1.2552394,0.8452973
2025-12-01,-1.909772233758389,5,1.5048774,0.9919751
2025-12-01,-1.909772233758389,10,1.1817665,1.1048994
2025-12-01,-1.909772233758389,21,1.0783639,1.0825405
2025-12-02,0.0003406841484476786,1,0.0,-0.024469707
2025-12-02,0.0003406841484476786,3,0.9417391,1.2017009
2025-12-02,0.0003406841484476786,5,1.1350172,1.3885709
2025-12-02,0.0003406841484476786,10,1.0909135,1.500021
2025-12-02,0.0003406841484476786,21,0.9932899,1.500292
2025-12-03,1.1318887769041552,1,0.0,-0.019716877
2025-12-03,1.1318887769041552,3,1.3939923,1.0930845
2025-12-03,1.1318887769041552,5,1.1234212,1.3030529
2025-12-03,1.1318887769041552,10,1.2118914,1.395771
2025-12-03,1.1318887769041552,21,1.017568,1.3432282
2025-12-04,2.30698389221633,1,0.0,-0.014002696
2025-12-04,2.30698389221633,3,1.3894107,0.9508166
2025-12-04,2.30698389221633,5,1.1019083,1.1231778
2025-12-04,2.30698389221633,10,1.1587064,1.2177707
2025-12-04,2.30698389221633,21,1.0155808,1.2648426
2025-12-05,-1.0570414277751183,1,0.0,-0.01843376
2025-12-05,-1.0570414277751183,3,0.5745339,1.0943236
2025-12-05,-1.0570414277751183,5,0.52690464,1.2381811
2025-12-05,-1.0570414277751183,10,0.87101287,1.3573726
2025-12-05,-1.0570414277751183,21,0.88879204,1.4290066
2025-12-08,0.1782268504856077,1,0.0,-0.014882743
2025-12-08,0.1782268504856077,3,0.12552814,1.0428138
2025-12-08,0.1782268504856077,5,0.7263769,1.202879
2025-12-08,0.1782268504856077,10,0.9369352,1.327456
2025-12-08,0.1782268504856077,21,0.88114446,1.3483453
2025-12-09,0.1445324099565326,1,0.0,-0.013145059
2025-12-09,0.1445324099565326,3,0.4461683,0.97497684
2025-12-09,0.1445324099565326,5,0.9290721,1.096056
2025-12-09,0.1445324099565326,10,1.110553,1.2519456
2025-12-09,0.1445324099565326,21,0.9068574,1.2215632
2025-12-10,-0.10330213186406922,1,0.0,-0.01655538
2025-12-10,-0.10330213186406922,3,0.9372679,1.0313461
2025-12-10,-0.10330213186406922,5,1.0604657,1.1787624
2025-12-10,-0.10330213186406922,10,1.109166,1.3170915
2025-12-10,-0.10330213186406922,21,0.9354407,1.2887815
2025-12-11,-0.901193521887933,1,0.0,-0.01074772
2025-12-11,-0.901193521887933,3,1.1791499,0.91240245
2025-12-11,-0.901193521887933,5,1.0976515,1.0327982
2025-12-11,-0.901193521887933,10,1.1093764,1.1255411
2025-12-11,-0.901193521887933,21,0.968123,1.1035534
2025-12-12,1.3620608482938223,1,0.0,-0.009872846
2025-12-12,1.3620608482938223,3,1.329723,1.0076193
2025-12-12,1.3620608482938223,5,1.1104375,1.1875393
2025-12-12,1.3620608482938223,10,1.072881,1.2799785
2025-12-12,1.3620608482938223,21,0.9734114,1.2503289
2025-12-15,-1.3236046020793424,1,0.0,-0.015088301
2025-12-15,-1.3236046020793424,3,0.8131861,0.9891525
2025-12-15,-1.3236046020793424,5,1.0031385,1.2120135
2025-12-15,-1.3236046020793424,10,1.0068761,1.3115406
2025-12-15,-1.3236046020793424,21,0.9306492,1.2848634
2025-12-16,-1.5767464535061393,1,0.0,-0.014148477
2025-12-16,-1.5767464535061393,3,0.7711877,1.0003054
2025-12-16,-1.5767464535061393,5,1.2531291,1.1988894
2025-12-16,-1.5767464535061393,10,0.923737,1.3056144
2025-12-16,-1.5767464535061393,21,0.88990563,1.3081797
2025-12-17,0.2608655984136732,1,0.0,-0.026001785
2025-12-17,0.2608655984136732,3,0.85179186,1.0933764
2025-12-17,0.2608655984136732,5,0.95475864,1.2852592
2025-12-17,0.2608655984136732,10,0.76602316,1.3545603
2025-12-17,0.2608655984136732,21,0.76602316,1.3771707
2025-12-18,-1.0369834975051617,1,0.0,-0.002403248
2025-12-18,-1.0369834975051617,3,1.1948001,0.86080796
2025-12-18,-1.0369834975051617,5,0.98028606,1.0415847
2025-12-18,-1.0369834975051617,10,0.80709434,1.1479163
2025-12-18,-1.0369834975051617,21,0.80709434,1.1871527
2025-12-19,1.026742458306984,1,0.0,-0.0073399357
2025-12-19,1.026742458306984,3,0.7253256,0.93324363
2025-12-19,1.026742458306984,5,0.734768,1.1324397
2025-12-19,1.026742458306984,10,0.72329,1.2392776
2025-12-19,1.026742458306984,21,0.72329,1.2311515
2025-12-22,1.7920272518077596,1,0.0,-0.012842491
2025-12-22,1.7920272518077596,3,0.8744051,0.92749184
2025-12-22,1.7920272518077596,5,0.70356965,1.1219716
2025-12-22,1.7920272518077596,10,0.72121537,1.2590699
2025-12-22,1.7920272518077596,21,0.72121537,1.3018941
2025-12-23,0.020791432981503988,1,0.0,-0.003738653
2025-12-23,0.020791432981503988,3,0.108029336,0.952062
2025-12-23,0.020791432981503988,5,0.36781374,1.1536465
2025-12-23,0.020791432981503988,10,0.37061828,1.3218238
2025-12-23,0.020791432981503988,21,0.37061828,1.3794998
2025-12-24,-0.13650577248540685,1,0.0,-0.006063979
2025-12-24,-0.13650577248540685,3,0.33912334,0.9348659
2025-12-24,-0.13650577248540685,5,0.40547997,1.0931749
2025-12-24,-0.13650577248540685,10,0.40547997,1.2248011
2025-12-24,-0.13650577248540685,21,0.40547997,1.2520188
2025-12-25,0.1264244434276307,1,0.0,-0.010082234
2025-12-25,0.1264244434276307,3,0.45670906,0.94735855
2025-12-25,0.1264244434276307,5,0.44934952,1.0962392
2025-12-25,0.1264244434276307,10,0.44934952,1.2151507
2025-12-25,0.1264244434276307,21,0.44934952,1.253664
2025-12-26,0.6773606909245444,1,0.0,-0.0037306994
2025-12-26,0.6773606909245444,3,0.5117188,0.87037563
2025-12-26,0.6773606909245444,5,0.5117188,1.040697
2025-12-26,0.6773606909245444,10,0.5117188,1.1614139
2025-12-26,0.6773606909245444,21,0.5117188,1.1712724
2025-12-29,-0.4413014270404858,1,0.0,-0.008280266
2025-12-29,-0.4413014270404858,3,0.03481914,0.8930531
2025-12-29,-0.4413014270404858,5,0.03481914,1.0290424
2025-12-29,-0.4413014270404858,10,0.03481914,1.2172767
2025-12-29,-0.4413014270404858,21,0.03481914,1.2896563
2025-12-30,-0.37166314582588456,1,0.0,-0.0019311123
2025-12-30,-0.37166314582588456,3,0.0,0.9348484
2025-12-30,-0.37166314582588456,5,0.0,1.0623403
2025-12-30,-0.37166314582588456,10,0.0,1.2420199
2025-12-30,-0.37166314582588456,21,0.0,1.296694
