time,log_return,horizon,true_volatility,predict_volatility
2022-04-22,0.6561359666193312,1,0.0,-0.0076343105
2022-04-22,0.6561359666193312,3,3.1614277,1.0387273
2022-04-22,0.6561359666193312,5,2.529405,1.1844977
2022-04-22,0.6561359666193312,10,2.3879883,1.3205229
2022-04-22,0.6561359666193312,21,2.543056,1.3014733
2022-04-25,-5.079619163174609,1,0.0,-0.0057046483
2022-04-25,-5.079619163174609,3,3.2020104,1.0233592
2022-04-25,-5.079619163174609,5,2.574792,1.1381682
2022-04-25,-5.079619163174609,10,2.4856622,1.1814302
2022-04-25,-5.079619163174609,21,2.6291616,1.1910444
2022-04-26,2.2939933496784803,1,0.0,-0.00064792717
2022-04-26,2.2939933496784803,3,1.0220538,1.3352704
2022-04-26,2.2939933496784803,5,1.2391518,1.5220283
2022-04-26,2.2939933496784803,10,2.0104864,1.5058048
2022-04-26,2.2939933496784803,21,2.4121323,1.2959684
2022-04-27,0.9224178704575259,1,0.0,-0.0068213823
2022-04-27,0.9224178704575259,3,0.5967192,1.1343663
2022-04-27,0.9224178704575259,5,0.93837065,1.3093905
2022-04-27,0.9224178704575259,10,2.3078053,1.3289654
2022-04-27,0.9224178704575259,21,2.373684,1.2527949
2022-04-28,-0.2055635974311798,1,0.0,-0.002781997
2022-04-28,-0.2055635974311798,3,1.0213919,0.7749531
2022-04-28,-0.2055635974311798,5,1.3230245,0.8251304
2022-04-28,-0.2055635974311798,10,2.4888918,0.8971568
2022-04-28,-0.2055635974311798,21,2.368356,0.8671038
2022-04-29,1.16345842328327,1,0.0,-0.0069274097
2022-04-29,1.16345842328327,3,1.1179132,0.9942936
2022-04-29,1.16345842328327,5,2.1322305,1.122717
2022-04-29,1.16345842328327,10,2.4651666,1.192294
2022-04-29,1.16345842328327,21,2.3684928,1.225691
2022-05-04,-1.3345904922960727,1,0.0,-0.005026229
2022-05-04,-1.3345904922960727,3,1.3463964,0.8639959
2022-05-04,-1.3345904922960727,5,2.3030186,0.9644081
2022-05-04,-1.3345904922960727,10,3.0055583,1.042506
2022-05-04,-1.3345904922960727,21,2.3547664,1.0128919
2022-05-05,0.8858238453572476,1,0.0,-0.004149784
2022-05-05,0.8858238453572476,3,2.2472968,1.0018697
2022-05-05,0.8858238453572476,5,2.3937104,1.0910445
2022-05-05,0.8858238453572476,10,3.066053,1.1291004
2022-05-05,0.8858238453572476,21,2.3461914,1.117881
2022-05-06,-2.336217837629029,1,0.0,-0.0033048284
2022-05-06,-2.336217837629029,3,2.6764407,0.815015
2022-05-06,-2.336217837629029,5,2.7263908,0.94008666
2022-05-06,-2.336217837629029,10,3.0298748,1.0439588
2022-05-06,-2.336217837629029,21,2.3336782,1.0520072
2022-05-09,-4.590475331426713,1,0.0,-0.006663511
2022-05-09,-4.590475331426713,3,2.796299,1.1293939
2022-05-09,-4.590475331426713,5,2.9493427,1.2287939
2022-05-09,-4.590475331426713,10,2.9996376,1.184959
2022-05-09,-4.590475331426713,21,2.2880847,1.1370796
2022-05-10,1.8680464244134498,1,0.0,-0.0019930177
2022-05-10,1.8680464244134498,3,2.9568129,1.2445049
2022-05-10,1.8680464244134498,5,2.7465246,1.364863
2022-05-10,1.8680464244134498,10,2.741564,1.319178
2022-05-10,1.8680464244134498,21,2.0606394,1.1143694
2022-05-11,0.6142388170186308,1,0.0,-0.005385325
2022-05-11,0.6142388170186308,3,2.547828,1.2536237
2022-05-11,0.6142388170186308,5,3.5721986,1.4526873
2022-05-11,0.6142388170186308,10,2.6922643,1.3955966
2022-05-11,0.6142388170186308,21,2.0398898,1.2516838
2022-05-12,-4.936503760551503,1,0.0,-0.005539361
2022-05-12,-4.936503760551503,3,1.826251,0.9705649
2022-05-12,-4.936503760551503,5,3.611315,1.1463472
2022-05-12,-4.936503760551503,10,2.855934,1.1257259
2022-05-12,-4.936503760551503,21,2.0360315,1.0257398
2022-05-13,-4.631631277746706,1,0.0,-9.6900854e-05
2022-05-13,-4.631631277746706,3,3.836856,1.0805546
2022-05-13,-4.631631277746706,5,3.0135214,1.1361128
2022-05-13,-4.631631277746706,10,2.3936553,1.0824496
2022-05-13,-4.631631277746706,21,1.7651864,0.93609834
2022-05-16,-0.9190117001666387,1,0.0,-0.0054301624
2022-05-16,-0.9190117001666387,3,2.332586,1.3422781
2022-05-16,-0.9190117001666387,5,1.9695666,1.5071007
2022-05-16,-0.9190117001666387,10,1.7670041,1.4703282
2022-05-16,-0.9190117001666387,21,1.753867,1.2283574
2022-05-17,4.701905914520754,1,0.0,-0.006603558
2022-05-17,4.701905914520754,3,1.9998227,1.4380304
2022-05-17,4.701905914520754,5,2.1551383,1.5756912
2022-05-17,4.701905914520754,10,1.6714615,1.5086019
2022-05-17,4.701905914520754,21,1.736741,1.3672948
2022-05-18,1.0036007820346526,1,0.0,-0.0039052381
2022-05-18,1.0036007820346526,3,0.47777548,1.1445338
2022-05-18,1.0036007820346526,5,1.0553117,1.2499342
2022-05-18,1.0036007820346526,10,1.141821,1.3106169
2022-05-18,1.0036007820346526,21,1.4489437,1.2012726
2022-05-19,0.07089913284419325,1,0.0,-0.0042885398
2022-05-19,0.07089913284419325,3,0.8406768,1.160598
2022-05-19,0.07089913284419325,5,1.5148258,1.2532517
2022-05-19,0.07089913284419325,10,1.1301266,1.2795955
2022-05-19,0.07089913284419325,21,1.489243,1.2258316
2022-05-20,-0.07492900223668997,1,0.0,0.0011447803
2022-05-20,-0.07492900223668997,3,1.2166622,1.2241262
2022-05-20,-0.07492900223668997,5,1.5179379,1.3328053
2022-05-20,-0.07492900223668997,10,1.1932319,1.3395694
2022-05-20,-0.07492900223668997,21,1.5255046,1.0805677
2022-05-23,-1.7808823512999616,1,0.0,-0.00011538109
2022-05-23,-1.7808823512999616,3,1.8980957,1.025135
2022-05-23,-1.7808823512999616,5,1.5279609,1.1652708
2022-05-23,-1.7808823512999616,10,1.192311,1.1823229
2022-05-23,-1.7808823512999616,21,1.6524777,1.031089
2022-05-24,1.1883395216718107,1,0.0,-0.0016750246
2022-05-24,1.1883395216718107,3,1.1441047,0.84938073
2022-05-24,1.1883395216718107,5,0.92634314,0.9776708
2022-05-24,1.1883395216718107,10,0.9614586,0.9870016
2022-05-24,1.1883395216718107,21,1.619731,0.84905374
2022-05-25,2.8021547143124437,1,0.0,-0.00040236348
2022-05-25,2.8021547143124437,3,1.1401691,0.75053495
2022-05-25,2.8021547143124437,5,1.0611012,0.8134386
2022-05-25,2.8021547143124437,10,0.94638824,0.86785996
2022-05-25,2.8021547143124437,21,1.5903777,0.84086627
2022-05-26,0.011036657480634204,1,0.0,-0.00013957825
2022-05-26,0.011036657480634204,3,0.53515965,0.8209105
2022-05-26,0.011036657480634204,5,0.50866765,0.85242105
2022-05-26,0.011036657480634204,10,0.6243542,0.9311603
2022-05-26,0.011036657480634204,21,1.5022005,0.85230845
2022-05-27,1.321856977390734,1,0.0,-0.0005285521
2022-05-27,1.321856977390734,3,0.57915574,0.85260165
2022-05-27,1.321856977390734,5,0.73266476,0.8747065
2022-05-27,1.321856977390734,10,0.625301,0.91652524
2022-05-27,1.321856977390734,21,1.5005229,0.8282303
2022-05-30,0.6567518769462488,1,0.0,-3.8202386e-05
2022-05-30,0.6567518769462488,3,0.3286328,0.8321514
2022-05-30,0.6567518769462488,5,0.5335247,0.93557507
2022-05-30,0.6567518769462488,10,0.8024614,0.9436012
2022-05-30,0.6567518769462488,21,1.5075599,0.85784376
2022-05-31,-0.09587876710668297,1,0.0,-0.004989237
2022-05-31,-0.09587876710668297,3,0.5600679,0.9988339
2022-05-31,-0.09587876710668297,5,0.4485836,1.0991665
2022-05-31,-0.09587876710668297,10,1.5439737,1.1037372
2022-05-31,-0.09587876710668297,21,1.531501,1.005506
2022-06-01,0.5277382821487819,1,0.0,0.0005439152
2022-06-01,0.5277382821487819,3,0.56161493,1.0439951
2022-06-01,0.5277382821487819,5,0.45253095,1.076633
2022-06-01,0.5277382821487819,10,1.5579262,1.0338709
2022-06-01,0.5277382821487819,21,1.5322012,0.9167338
2022-06-02,-0.8423087193674128,1,0.0,-0.00060786307
2022-06-02,-0.8423087193674128,3,0.43086123,0.8770986
2022-06-02,-0.8423087193674128,5,0.67651373,0.92544323
2022-06-02,-0.8423087193674128,10,1.5359933,0.92204666
2022-06-02,-0.8423087193674128,21,1.5492755,0.79473674
2022-06-03,-0.04967787108300925,1,0.0,0.001064573
2022-06-03,-0.04967787108300925,3,0.08778719,0.68432707
2022-06-03,-0.04967787108300925,5,0.49501565,0.6738841
2022-06-03,-0.04967787108300925,10,1.7106063,0.7121386
2022-06-03,-0.04967787108300925,21,1.5492575,0.66883975
2022-06-06,0.15748706702281012,1,0.0,0.0010698256
2022-06-06,0.15748706702281012,3,0.53953,0.7719337
2022-06-06,0.15748706702281012,5,0.9991208,0.80204344
2022-06-06,0.15748706702281012,10,1.7393062,0.8022647
2022-06-06,0.15748706702281012,21,1.5479488,0.6974078
2022-06-07,0.10382125084165139,1,0.0,-0.002794153
2022-06-07,0.10382125084165139,3,0.58000004,1.0174594
2022-06-07,0.10382125084165139,5,2.0308442,1.1305363
2022-06-07,0.10382125084165139,10,1.8709074,1.1548415
2022-06-07,0.10382125084165139,21,1.5535029,1.0641307
2022-06-08,1.2742260538288086,1,0.0,-0.00345475
2022-06-08,1.2742260538288086,3,1.2738104,0.91796887
2022-06-08,1.2742260538288086,5,2.0494564,0.98042405
2022-06-08,1.2742260538288086,10,1.844032,1.0093682
2022-06-08,1.2742260538288086,21,1.6229621,0.92662483
2022-06-09,-0.008410718318518917,1,0.0,-0.0013776342
2022-06-09,-0.008410718318518917,3,1.8634377,0.8998343
2022-06-09,-0.008410718318518917,5,1.7171448,0.9112803
2022-06-09,-0.008410718318518917,10,1.7095916,1.0183603
2022-06-09,-0.008410718318518917,21,1.6331868,1.019237
2022-06-10,-1.8303827522213822,1,0.0,-0.0010407022
2022-06-10,-1.8303827522213822,3,1.9690151,0.9147068
2022-06-10,-1.8303827522213822,5,2.146331,0.92037034
2022-06-10,-1.8303827522213822,10,1.8830801,1.0128664
2022-06-10,-1.8303827522213822,21,1.6422257,1.0380177
2022-06-13,-4.543774358841279,1,0.0,0.003918512
2022-06-13,-4.543774358841279,3,1.9993925,0.98756784
2022-06-13,-4.543774358841279,5,2.131809,1.1171253
2022-06-13,-4.543774358841279,10,1.868078,1.1629802
2022-06-13,-4.543774358841279,21,1.6278416,1.0660162
2022-06-14,0.2661405115378379,1,0.0,0.0061877654
2022-06-14,0.2661405115378379,3,1.3035471,1.253854
2022-06-14,0.2661405115378379,5,1.6884166,1.4597391
2022-06-14,0.2661405115378379,10,1.4948446,1.4214691
2022-06-14,0.2661405115378379,21,1.418084,1.1643938
2022-06-15,-1.3403139800951536,1,0.0,0.0010876183
2022-06-15,-1.3403139800951536,3,1.5635723,0.90598744
2022-06-15,-1.3403139800951536,5,1.6126446,1.1126014
2022-06-15,-1.3403139800951536,10,1.5545499,1.0836725
2022-06-15,-1.3403139800951536,21,1.4145112,0.9160198
2022-06-16,1.852690756714992,1,0.0,0.0027021894
2022-06-16,1.852690756714992,3,2.0635474,0.72745794
2022-06-16,1.852690756714992,5,1.6191899,0.8173881
2022-06-16,1.852690756714992,10,1.4985857,0.8574712
2022-06-16,1.852690756714992,21,1.4045031,0.74668676
2022-06-17,-1.5754646482575296,1,0.0,0.002087996
2022-06-17,-1.5754646482575296,3,0.99165916,0.9010941
2022-06-17,-1.5754646482575296,5,1.5589349,0.9879827
2022-06-17,-1.5754646482575296,10,1.4452082,1.0961992
2022-06-17,-1.5754646482575296,21,1.3329823,1.0270919
2022-06-20,-3.0781927346766658,1,0.0,-0.0013868185
2022-06-20,-3.0781927346766658,3,1.2386295,0.917578
2022-06-20,-3.0781927346766658,5,1.5132374,0.9963395
2022-06-20,-3.0781927346766658,10,1.3860909,1.0116768
2022-06-20,-3.0781927346766658,21,1.2984918,0.92954856
2022-06-21,-0.6740729429630221,1,0.0,0.00014536502
2022-06-21,-0.6740729429630221,3,1.020542,0.77767575
2022-06-21,-0.6740729429630221,5,0.9775388,0.90609866
2022-06-21,-0.6740729429630221,10,0.9942942,0.9503486
2022-06-21,-0.6740729429630221,21,1.1235381,0.8178671
2022-06-22,-0.2733012197620788,1,0.0,-0.0013187551
2022-06-22,-0.2733012197620788,3,0.91597986,0.8865908
2022-06-22,-0.2733012197620788,5,0.8613627,1.0924708
2022-06-22,-0.2733012197620788,10,1.047554,1.1338073
2022-06-22,-0.2733012197620788,21,1.1479352,1.0664972
2022-06-23,1.6632065008781005,1,0.0,0.00048515946
2022-06-23,1.6632065008781005,3,0.87355447,0.86169183
2022-06-23,1.6632065008781005,5,0.8005071,0.9501112
2022-06-23,1.6632065008781005,10,1.3437818,0.9551398
2022-06-23,1.6632065008781005,21,1.1464056,0.87793654
2022-06-24,-0.2863931605931569,1,0.0,0.0005172668
2022-06-24,-0.2863931605931569,3,0.77867246,0.6182142
2022-06-24,-0.2863931605931569,5,1.1450138,0.6722519
2022-06-24,-0.2863931605931569,10,1.3167846,0.76355535
2022-06-24,-0.2863931605931569,21,1.0956007,0.72333795
2022-06-27,1.452104400005716,1,0.0,0.0026757517
2022-06-27,1.452104400005716,3,0.6448594,0.6504451
2022-06-27,1.452104400005716,5,1.1259142,0.6545876
2022-06-27,1.452104400005716,10,1.3283501,0.73403096
2022-06-27,1.452104400005716,21,1.0999918,0.65095323
2022-06-28,1.2623467861473614,1,0.0,0.0036458995
2022-06-28,1.2623467861473614,3,1.2122171,0.64194083
2022-06-28,1.2623467861473614,5,0.9474762,0.76318544
2022-06-28,1.2623467861473614,10,1.2630181,0.78537834
2022-06-28,1.2623467861473614,21,1.052941,0.7487183
2022-06-29,-0.0008209540307113627,1,0.0,-0.005448258
2022-06-29,-0.0008209540307113627,3,0.8262986,0.95407844
2022-06-29,-0.0008209540307113627,5,0.7101548,1.1091181
2022-06-29,-0.0008209540307113627,10,1.3223271,1.1364627
2022-06-29,-0.0008209540307113627,21,1.0190165,1.108782
2022-06-30,-1.6964504060188013,1,0.0,-0.0008751261
2022-06-30,-1.6964504060188013,3,0.77545834,0.83301556
2022-06-30,-1.6964504060188013,5,1.0098283,0.985248
2022-06-30,-1.6964504060188013,10,1.3204519,1.0249877
2022-06-30,-1.6964504060188013,21,1.0699759,1.0001767
2022-07-01,0.1084915608189796,1,0.0,-0.0027509513
2022-07-01,0.1084915608189796,3,0.54773563,0.95407337
2022-07-01,0.1084915608189796,5,1.3894246,1.0248218
2022-07-01,0.1084915608189796,10,1.274539,1.0902187
2022-07-01,0.1084915608189796,21,1.0045824,1.0672258
2022-07-04,-0.28148680271948834,1,0.0,-0.0038171294
2022-07-04,-0.28148680271948834,3,1.0049928,0.945219
2022-07-04,-0.28148680271948834,5,1.4222393,0.9697533
2022-07-04,-0.28148680271948834,10,1.272358,1.044487
2022-07-04,-0.28148680271948834,21,1.0928508,1.0409075
2022-07-05,-1.198254001791721,1,0.0,0.00126874
2022-07-05,-1.198254001791721,3,1.7253883,0.9482678
2022-07-05,-1.198254001791721,5,1.4608672,1.1537046
2022-07-05,-1.198254001791721,10,1.2720058,1.2231566
2022-07-05,-1.198254001791721,21,1.0986934,1.1881359
2022-07-06,-2.7184307263713237,1,0.0,0.0040782783
2022-07-06,-2.7184307263713237,3,1.7741576,1.1781946
2022-07-06,-2.7184307263713237,5,1.6928792,1.4597963
2022-07-06,-2.7184307263713237,10,1.2255626,1.4162384
2022-07-06,-2.7184307263713237,21,1.0580864,1.2120585
2022-07-07,1.4567912603247635,1,0.0,0.0007642335
2022-07-07,1.4567912603247635,3,1.1702597,1.2704473
2022-07-07,1.4567912603247635,5,1.1072266,1.5967542
2022-07-07,1.4567912603247635,10,0.89266884,1.4962949
2022-07-07,1.4567912603247635,21,0.8208047,1.2880491
2022-07-08,0.413211355376486,1,0.0,-0.003551927
2022-07-08,0.413211355376486,3,1.2527617,1.0012709
2022-07-08,0.413211355376486,5,1.0016686,1.227271
2022-07-08,0.413211355376486,10,0.81790173,1.2482504
2022-07-08,0.413211355376486,21,0.7934872,1.1342846
2022-07-11,-1.3771385870692043,1,0.0,-0.006682579
2022-07-11,-1.3771385870692043,3,1.2511376,1.020166
2022-07-11,-1.3771385870692043,5,1.0171402,1.1857855
2022-07-11,-1.3771385870692043,10,0.8339099,1.2534468
2022-07-11,-1.3771385870692043,21,0.7933248,1.1761317
2022-07-12,1.6763549662779376,1,0.0,0.0013786838
2022-07-12,1.6763549662779376,3,0.7171927,1.0317049
2022-07-12,1.6763549662779376,5,0.7431327,1.1613735
2022-07-12,1.6763549662779376,10,0.70165974,1.1698799
2022-07-12,1.6763549662779376,21,0.69690156,1.0741488
2022-07-13,-0.07663683881986572,1,0.0,7.206062e-05
2022-07-13,-0.07663683881986572,3,0.41241518,0.9637994
2022-07-13,-0.07663683881986572,5,0.35185394,1.1626402
2022-07-13,-0.07663683881986572,10,0.5407732,1.1830474
2022-07-13,-0.07663683881986572,21,0.64667237,1.0690987
2022-07-14,0.7003156685748912,1,0.0,-0.0016292878
2022-07-14,0.7003156685748912,3,0.44368502,0.8623409
2022-07-14,0.7003156685748912,5,0.6039892,1.0992155
2022-07-14,0.7003156685748912,10,0.55107474,1.1050886
2022-07-14,0.7003156685748912,21,0.65734494,1.0228823
2022-07-15,-0.2473089487061486,1,0.0,0.0018553701
2022-07-15,-0.2473089487061486,3,0.18726529,0.92803687
2022-07-15,-0.2473089487061486,5,0.5784154,1.1098956
2022-07-15,-0.2473089487061486,10,0.65665007,1.0829484
2022-07-15,-0.2473089487061486,21,0.6610966,1.00493
2022-07-18,-0.23432138205832231,1,0.0,0.0010014321
2022-07-18,-0.23432138205832231,3,0.66605717,0.7237083
2022-07-18,-0.23432138205832231,5,0.59014595,0.85821134
2022-07-18,-0.23432138205832231,10,0.6502867,0.91242826
2022-07-18,-0.23432138205832231,21,0.6614137,0.90218973
2022-07-19,0.1562752460460004,1,0.0,-0.0065773022
2022-07-19,0.1562752460460004,3,0.5130626,0.8193891
2022-07-19,0.1562752460460004,5,0.6477025,0.87089753
2022-07-19,0.1562752460460004,10,0.8262153,0.8879043
2022-07-19,0.1562752460460004,21,0.65205485,0.8404669
2022-07-20,1.332807920603507,1,0.0,0.0044398517
2022-07-20,1.332807920603507,3,0.67437977,0.72830343
2022-07-20,1.332807920603507,5,0.67793065,0.9377887
2022-07-20,1.332807920603507,10,0.82653826,0.9493476
2022-07-20,1.332807920603507,21,0.6542831,0.8948775
2022-07-21,0.3619482261756346,1,0.0,0.004388378
2022-07-21,0.3619482261756346,3,0.3778869,0.86776567
2022-07-21,0.3619482261756346,5,0.40635753,1.0501176
2022-07-21,0.3619482261756346,10,0.7840273,1.0497214
2022-07-21,0.3619482261756346,21,0.62592626,1.050414
2022-07-22,-0.31004148969273615,1,0.0,0.0012418365
2022-07-22,-0.31004148969273615,3,0.10679014,0.7974143
2022-07-22,-0.31004148969273615,5,0.7220628,0.95252687
2022-07-22,-0.31004148969273615,10,0.784169,0.9983707
2022-07-22,-0.31004148969273615,21,0.6412372,1.082193
2022-07-25,-0.5253320574863274,1,0.0,0.0029268116
2022-07-25,-0.5253320574863274,3,0.43954435,0.9735795
2022-07-25,-0.5253320574863274,5,0.7036485,1.0254607
2022-07-25,-0.5253320574863274,10,0.7669688,1.0491524
2022-07-25,-0.5253320574863274,21,0.66256535,0.9984254
2022-07-26,-0.2890163245725219,1,0.0,-0.0046099206
2022-07-26,-0.2890163245725219,3,0.6999464,0.967639
2022-07-26,-0.2890163245725219,5,0.90449196,0.9982551
2022-07-26,-0.2890163245725219,10,0.6954428,1.0369102
2022-07-26,-0.2890163245725219,21,0.64894307,1.0595889
2022-07-27,0.50250304593078,1,0.0,-0.0013221935
2022-07-27,0.50250304593078,3,0.64498,0.7322424
2022-07-27,0.50250304593078,5,0.75630105,0.80796057
2022-07-27,0.50250304593078,10,0.65197814,0.84418195
2022-07-27,0.50250304593078,21,0.6353425,0.88106084
2022-07-28,1.4238557295605858,1,0.0,0.008317441
2022-07-28,1.4238557295605858,3,0.92569107,0.983619
2022-07-28,1.4238557295605858,5,0.74140775,1.20346
2022-07-28,1.4238557295605858,10,0.69414234,1.1754628
2022-07-28,1.4238557295605858,21,0.6457861,1.085031
2022-07-29,-0.14827396118750613,1,0.0,0.0022219606
2022-07-29,-0.14827396118750613,3,0.90043193,1.0528075
2022-07-29,-0.14827396118750613,5,0.7320612,1.2347718
2022-07-29,-0.14827396118750613,10,0.67093045,1.3061234
2022-07-29,-0.14827396118750613,21,0.62626356,1.4440905
2022-08-01,2.0528435764822994,1,0.0,-0.0034330753
2022-08-01,2.0528435764822994,3,0.6221449,0.82997584
2022-08-01,2.0528435764822994,5,0.723389,1.0050579
2022-08-01,2.0528435764822994,10,0.6605541,1.1225595
2022-08-01,2.0528435764822994,21,0.67175686,1.2546045
2022-08-02,0.830585008425544,1,0.0,-0.0071990513
2022-08-02,0.830585008425544,3,0.19815835,0.8488714
2022-08-02,0.830585008425544,5,0.32275108,0.91216606
2022-08-02,0.830585008425544,10,0.43749288,1.0569261
2022-08-02,0.830585008425544,21,0.54812914,1.2014416
2022-08-03,0.6534554315346774,1,0.0,-0.0019519492
2022-08-03,0.6534554315346774,3,0.3149714,0.8364372
2022-08-03,0.6534554315346774,5,0.25010368,0.9065846
2022-08-03,0.6534554315346774,10,0.41289198,1.0533649
2022-08-03,0.6534554315346774,21,0.52877665,1.1781448
2022-08-04,0.35065194021894897,1,0.0,0.0025212518
2022-08-04,0.35065194021894897,3,0.21138594,0.8660158
2022-08-04,0.35065194021894897,5,0.22030807,0.98855513
2022-08-04,0.35065194021894897,10,0.39525634,1.0863519
2022-08-04,0.35065194021894897,21,0.5224321,1.2174672
2022-08-05,-0.1124899894837661,1,0.0,-0.0008208407
2022-08-05,-0.1124899894837661,3,0.17890951,0.9166728
2022-08-05,-0.1124899894837661,5,0.2436438,1.0110723
2022-08-05,-0.1124899894837661,10,0.40321246,1.10226
2022-08-05,-0.1124899894837661,21,0.5198481,1.1599697
2022-08-08,0.3195871203345746,1,0.0,-0.0052718003
2022-08-08,0.3195871203345746,3,0.21212134,0.9041545
2022-08-08,0.3195871203345746,5,0.40972662,1.0145047
2022-08-08,0.3195871203345746,10,0.42492476,1.2085704
2022-08-08,0.3195871203345746,21,0.79201204,1.2241323
2022-08-09,0.16695821973389258,1,0.0,-0.006160571
2022-08-09,0.16695821973389258,3,0.21689832,0.8930725
2022-08-09,0.16695821973389258,5,0.51946574,0.97811335
2022-08-09,0.16695821973389258,10,0.48409823,1.1516867
2022-08-09,0.16695821973389258,21,0.79960597,1.0872561
2022-08-10,-0.18685277863772498,1,0.0,-0.0053097005
2022-08-10,-0.18685277863772498,3,0.51648784,0.85792804
2022-08-10,-0.18685277863772498,5,0.5273343,0.9371996
2022-08-10,-0.18685277863772498,10,0.5392057,0.9944441
2022-08-10,-0.18685277863772498,21,0.84015065,1.003822
2022-08-11,-0.3531896343408114,1,0.0,-0.0039091245
2022-08-11,-0.3531896343408114,3,0.5815151,0.7953054
2022-08-11,-0.3531896343408114,5,0.49601611,0.9168118
2022-08-11,-0.3531896343408114,10,0.5426223,0.95947737
2022-08-11,-0.3531896343408114,21,0.839753,0.98101985
2022-08-12,0.8161037977338026,1,0.0,-0.003191954
2022-08-12,0.8161037977338026,3,0.39785296,0.7580012
2022-08-12,0.8161037977338026,5,0.44208398,0.86705816
2022-08-12,0.8161037977338026,10,0.5550213,0.91889673
2022-08-12,0.8161037977338026,21,0.836772,0.96562076
2022-08-15,0.9359311064811138,1,0.0,-0.003984626
2022-08-15,0.9359311064811138,3,0.42124483,0.8173283
2022-08-15,0.9359311064811138,5,0.438481,0.9391529
2022-08-15,0.9359311064811138,10,0.5693746,1.0080962
2022-08-15,0.9359311064811138,21,0.824521,1.1025032
2022-08-16,0.038448109258215624,1,0.0,-0.0008991328
2022-08-16,0.038448109258215624,3,0.07995433,0.7921345
2022-08-16,0.038448109258215624,5,0.27799764,0.87458664
2022-08-16,0.038448109258215624,10,0.58836526,0.9334217
2022-08-16,0.038448109258215624,21,0.80036414,0.9861366
2022-08-17,0.046275055042155344,1,0.0,-0.0028093667
2022-08-17,0.046275055042155344,3,0.16320148,0.8685546
2022-08-17,0.046275055042155344,5,0.5050003,0.9319206
2022-08-17,0.046275055042155344,10,0.6251155,1.0005554
2022-08-17,0.046275055042155344,21,0.81866854,1.0589201
2022-08-18,-0.12711167921759525,1,0.0,-0.00010803295
2022-08-18,-0.12711167921759525,3,0.2321027,0.57731605
2022-08-18,-0.12711167921759525,5,0.554197,0.6522029
2022-08-18,-0.12711167921759525,10,0.62530035,0.75740576
2022-08-18,-0.12711167921759525,21,0.9401222,0.8444118
2022-08-19,-0.3523622906101309,1,0.0,0.0020312578
2022-08-19,-0.3523622906101309,3,0.6477364,0.79733634
2022-08-19,-0.3523622906101309,5,0.6443714,0.9242034
2022-08-19,-0.3523622906101309,10,0.6295457,1.0056069
2022-08-19,-0.3523622906101309,21,0.98505396,1.1723992
2022-08-22,-0.6918090059627957,1,0.0,-0.003448837
2022-08-22,-0.6918090059627957,3,0.65031844,0.7914812
2022-08-22,-0.6918090059627957,5,0.6715221,0.8604482
2022-08-22,-0.6918090059627957,10,0.61691386,0.9332915
2022-08-22,-0.6918090059627957,21,0.99000025,0.9785499
2022-08-23,0.8201559855774754,1,0.0,-0.0039080014
2022-08-23,0.8201559855774754,3,0.1777855,0.7747798
2022-08-23,0.8201559855774754,5,0.7364872,0.88497823
2022-08-23,0.8201559855774754,10,1.0274547,1.0170336
2022-08-23,0.8201559855774754,21,0.99128324,1.1614019
2022-08-24,0.49843704176923964,1,0.0,-0.0035474575
2022-08-24,0.49843704176923964,3,0.5890404,0.9280885
2022-08-24,0.49843704176923964,5,0.7123159,0.97974867
2022-08-24,0.49843704176923964,10,0.9857473,1.0960294
2022-08-24,0.49843704176923964,21,0.97798806,1.1725796
2022-08-25,0.9134761341777597,1,0.0,-0.0023713964
2022-08-25,0.9134761341777597,3,0.7836177,0.84340894
2022-08-25,0.9134761341777597,5,0.68891495,0.9281812
2022-08-25,0.9134761341777597,10,1.0537254,1.0762473
2022-08-25,0.9134761341777597,21,1.0651551,1.1847705
2022-08-26,-0.4907746730602902,1,0.0,0.001540055
2022-08-26,-0.4907746730602902,3,0.6739428,0.68666387
2022-08-26,-0.4907746730602902,5,0.53886133,0.7661196
2022-08-26,-0.4907746730602902,10,0.99103564,0.95702523
2022-08-26,-0.4907746730602902,21,1.0247887,1.1391486
2022-08-29,-0.9219254056766601,1,0.0,-0.00017045718
2022-08-29,-0.9219254056766601,3,0.6589973,0.67006767
2022-08-29,-0.9219254056766601,5,0.51766413,0.7551034
2022-08-29,-0.9219254056766601,10,0.9908555,0.9728792
2022-08-29,-0.9219254056766601,21,1.0740652,1.1355448
2022-08-30,0.6736778426303047,1,0.0,-0.0034668748
2022-08-30,0.6736778426303047,3,0.38054723,0.76054156
2022-08-30,0.6736778426303047,5,1.1776239,0.8878644
2022-08-30,0.6736778426303047,10,0.9747363,1.1304141
2022-08-30,0.6736778426303047,21,1.0925504,1.255826
2022-08-31,0.0875034236855754,1,0.0,-0.0035394165
2022-08-31,0.0875034236855754,3,0.1421788,0.7873096
2022-08-31,0.0875034236855754,5,1.0378045,0.906647
2022-08-31,0.0875034236855754,10,0.9518422,1.126161
2022-08-31,0.0875034236855754,21,1.0853713,1.244471
2022-09-05,-0.2470816704302159,1,0.0,-0.0007594996
2022-09-05,-0.2470816704302159,3,1.2274077,0.6508077
2022-09-05,-0.2470816704302159,5,1.2619395,0.76894623
2022-09-05,-0.2470816704302159,10,0.963281,1.0130422
2022-09-05,-0.2470816704302159,21,1.3083284,1.1398302
2022-09-06,0.0039142773270661735,1,0.0,-0.0016505257
2022-09-06,0.0039142773270661735,3,1.153812,0.7848443
2022-09-06,0.0039142773270661735,5,1.280753,0.9142646
2022-09-06,0.0039142773270661735,10,1.1280613,1.1057976
2022-09-06,0.0039142773270661735,21,1.3028679,1.2469739
2022-09-07,-2.7162193079401042,1,0.0,-0.0011051614
2022-09-07,-2.7162193079401042,3,1.5757545,0.72086334
2022-09-07,-2.7162193079401042,5,1.2743558,0.8804744
2022-09-07,-2.7162193079401042,10,1.2299864,1.0774685
2022-09-07,-2.7162193079401042,21,1.4632678,1.1691386
2022-09-08,-0.6917538088292652,1,0.0,-0.006625254
2022-09-08,-0.6917538088292652,3,0.75231916,1.0204644
2022-09-08,-0.6917538088292652,5,0.65804726,1.1504962
2022-09-08,-0.6917538088292652,10,0.9856444,1.2229041
2022-09-08,-0.6917538088292652,21,1.4641867,1.2254885
2022-09-09,1.1420043738420205,1,0.0,-0.003217733
2022-09-09,1.1420043738420205,3,0.54965866,0.8696622
2022-09-09,1.1420043738420205,5,0.58132786,1.0134754
2022-09-09,1.1420043738420205,10,0.989773,1.1138364
2022-09-09,1.1420043738420205,21,1.5945346,1.1446575
2022-09-12,0.06724303807645882,1,0.0,-0.004859906
2022-09-12,0.06724303807645882,3,0.28975558,0.9757481
2022-09-12,0.06724303807645882,5,0.4779444,1.0605545
2022-09-12,0.06724303807645882,10,0.90945387,1.1624731
2022-09-12,0.06724303807645882,21,1.5679014,1.1720774
2022-09-13,-0.09767736823551587,1,0.0,-0.002006379
2022-09-13,-0.09767736823551587,3,0.41089845,0.8419238
2022-09-13,-0.09767736823551587,5,0.9301653,0.91429424
2022-09-13,-0.09767736823551587,10,1.0819999,1.004644
2022-09-13,-0.09767736823551587,21,1.6524105,1.0917052
2022-09-14,-0.6130576776296692,1,0.0,-0.002426506
2022-09-14,-0.6130576776296692,3,0.5667607,0.86933434
2022-09-14,-0.6130576776296692,5,1.1838832,0.93846375
2022-09-14,-0.6130576776296692,10,1.0678383,1.0231137
2022-09-14,-0.6130576776296692,21,1.8358433,1.0720665
2022-09-15,0.39333552961844376,1,0.0,-0.00049989065
2022-09-15,0.39333552961844376,3,1.118017,0.64519876
2022-09-15,0.39333552961844376,5,1.186035,0.7179999
2022-09-15,0.39333552961844376,10,1.1365075,0.8019288
2022-09-15,0.39333552961844376,21,1.9080417,0.85046417
2022-09-16,-0.9380273563547092,1,0.0,-0.0012711734
2022-09-16,-0.9380273563547092,3,1.4201237,0.73812246
2022-09-16,-0.9380273563547092,5,1.1785483,0.80647427
2022-09-16,-0.9380273563547092,10,1.0776787,0.87863463
2022-09-16,-0.9380273563547092,21,1.9314364,0.9207379
2022-09-19,-2.3448886609740427,1,0.0,-0.0043525337
2022-09-19,-2.3448886609740427,3,1.4124,0.81812763
2022-09-19,-2.3448886609740427,5,1.1790358,0.90424496
2022-09-19,-2.3448886609740427,10,1.1737384,0.96976715
2022-09-19,-2.3448886609740427,21,1.9315983,1.0202926
2022-09-20,1.1137074971089511,1,0.0,-0.0029822714
2022-09-20,1.1137074971089511,3,0.73886234,0.85132
2022-09-20,1.1137074971089511,5,1.2069428,0.90532345
2022-09-20,1.1137074971089511,10,1.478607,0.979677
2022-09-20,1.1137074971089511,21,1.9382488,0.9975855
2022-09-21,-0.689862294347332,1,0.0,-0.0067161894
2022-09-21,-0.689862294347332,3,0.55638146,0.79391253
2022-09-21,-0.689862294347332,5,0.89366746,0.88912106
2022-09-21,-0.689862294347332,10,1.3018403,0.9926509
2022-09-21,-0.689862294347332,21,1.9015855,0.9796956
2022-09-22,0.34223309353844655,1,0.0,-0.009283084
2022-09-22,0.34223309353844655,3,1.1342455,0.7830289
2022-09-22,0.34223309353844655,5,0.984383,0.890309
2022-09-22,0.34223309353844655,10,1.6976733,1.0286671
2022-09-22,0.34223309353844655,21,1.9046856,1.0164579
2022-09-23,-0.9445971359268057,1,0.0,-0.0098387
2022-09-23,-0.9445971359268057,3,0.7756141,0.75630987
2022-09-23,-0.9445971359268057,5,0.6494878,0.82539755
2022-09-23,-0.9445971359268057,10,1.7194927,0.9338646
2022-09-23,-0.9445971359268057,21,1.9989685,0.92925805
2022-09-26,-2.433635832492431,1,0.0,-0.011414655
2022-09-26,-2.433635832492431,3,0.7495624,0.86262053
2022-09-26,-2.433635832492431,5,1.0534775,0.9637132
2022-09-26,-2.433635832492431,10,1.8619999,1.1041362
2022-09-26,-2.433635832492431,21,2.070164,1.1364894
2022-09-27,-0.6672700535513165,1,0.0,-0.005983154
2022-09-27,-0.6672700535513165,3,0.5476649,0.74240196
2022-09-27,-0.6672700535513165,5,1.5432234,0.7817744
2022-09-27,-0.6672700535513165,10,1.9336787,0.85473335
2022-09-27,-0.6672700535513165,21,2.0888941,0.91913193
2022-09-28,-1.9843432558898755,1,0.0,-0.0092973
2022-09-28,-1.9843432558898755,3,1.0990363,0.80297625
2022-09-28,-1.9843432558898755,5,1.5322218,0.87047154
2022-09-28,-1.9843432558898755,10,2.0449352,0.9824975
2022-09-28,-1.9843432558898755,21,2.0900495,1.0363027
2022-09-29,-1.5464975197571285,1,0.0,-0.0059359404
2022-09-29,-1.5464975197571285,3,1.9029329,0.7738918
2022-09-29,-1.5464975197571285,5,2.1678722,0.80910873
2022-09-29,-1.5464975197571285,10,2.400156,0.9206417
2022-09-29,-1.5464975197571285,21,2.251373,0.9690975
2022-09-30,0.5349453456950037,1,0.0,-0.0059714164
2022-09-30,0.5349453456950037,3,1.9598625,0.96089065
2022-09-30,0.5349453456950037,5,2.307464,1.0394708
2022-09-30,0.5349453456950037,10,2.507148,1.13861
2022-09-30,0.5349453456950037,21,2.2409115,1.1389874
2022-10-03,-4.1176852209114045,1,0.0,0.0019562272
2022-10-03,-4.1176852209114045,3,2.658684,0.9459261
2022-10-03,-4.1176852209114045,5,2.3810327,1.0437142
2022-10-03,-4.1176852209114045,10,2.5354424,1.1559757
2022-10-03,-4.1176852209114045,21,2.233334,1.1354938
2022-10-04,-0.7668961811468478,1,0.0,-0.00073895
2022-10-04,-0.7668961811468478,3,2.110798,1.1330334
2022-10-04,-0.7668961811468478,5,2.1977649,1.2077507
2022-10-04,-0.7668961811468478,10,2.2652895,1.2679359
2022-10-04,-0.7668961811468478,21,2.0858445,1.1993328
2022-10-05,2.3938093189521226,1,0.0,-0.0010835221
2022-10-05,2.3938093189521226,3,2.6616495,0.9110295
2022-10-05,2.3938093189521226,5,2.4488387,1.0175877
2022-10-05,2.3938093189521226,10,2.300274,1.1364533
2022-10-05,2.3938093189521226,21,2.0897205,1.0993552
2022-10-06,-2.7301377138083893,1,0.0,0.0007739938
2022-10-06,-2.7301377138083893,3,1.8435107,0.6370841
2022-10-06,-2.7301377138083893,5,2.5773268,0.70940715
2022-10-06,-2.7301377138083893,10,2.1403613,0.8409401
2022-10-06,-2.7301377138083893,21,2.0044444,0.86524224
2022-10-07,-3.6593782758941096,1,0.0,0.0011763549
2022-10-07,-3.6593782758941096,3,1.9960257,0.767797
2022-10-07,-3.6593782758941096,5,2.6692686,0.83124757
2022-10-07,-3.6593782758941096,10,1.9955472,0.87551665
2022-10-07,-3.6593782758941096,21,1.9799496,0.819912
2022-10-10,0.6322222377736608,1,0.0,0.0008955486
2022-10-10,0.6322222377736608,3,2.6333492,0.8966014
2022-10-10,0.6322222377736608,5,2.1469903,0.93642217
2022-10-10,0.6322222377736608,10,2.005895,0.94417906
2022-10-10,0.6322222377736608,21,1.8874773,0.8228707
2022-10-11,-3.5421630779431723,1,0.0,-0.00054581696
2022-10-11,-3.5421630779431723,3,2.744351,0.83466864
2022-10-11,-3.5421630779431723,5,2.221036,0.9155991
2022-10-11,-3.5421630779431723,10,2.1969798,1.0046554
2022-10-11,-3.5421630779431723,21,1.888137,0.9473595
2022-10-12,2.8036975911093442,1,0.0,0.0015988296
2022-10-12,2.8036975911093442,3,0.7449942,1.0010551
2022-10-12,2.8036975911093442,5,1.2170064,1.0475957
2022-10-12,2.8036975911093442,10,2.0022461,1.0666206
2022-10-12,2.8036975911093442,21,1.7457047,0.9796282
2022-10-13,1.5514742115514402,1,0.0,0.0023514242
2022-10-13,1.5514742115514402,3,1.0873493,0.869686
2022-10-13,1.5514742115514402,5,0.96582526,0.97201586
2022-10-13,1.5514742115514402,10,1.7555633,1.0339135
2022-10-13,1.5514742115514402,21,1.8043439,0.9625597
2022-10-14,1.0280092804481278,1,0.0,0.00043320796
2022-10-14,1.0280092804481278,3,0.9707953,0.8038428
2022-10-14,1.0280092804481278,5,0.81775606,0.88294715
2022-10-14,1.0280092804481278,10,2.033504,0.9440024
2022-10-14,1.0280092804481278,21,1.7709194,0.92487055
2022-10-17,-0.9718874851703418,1,0.0,-0.0019985652
2022-10-17,-0.9718874851703418,3,0.8858337,0.7960168
2022-10-17,-0.9718874851703418,5,1.6092131,0.86905724
2022-10-17,-0.9718874851703418,10,1.9924104,0.92889875
2022-10-17,-0.9718874851703418,21,1.7497579,0.88019985
2022-10-18,1.1421995926185424,1,0.0,-0.0022339793
2022-10-18,1.1421995926185424,3,0.6585253,0.9133593
2022-10-18,1.1421995926185424,5,1.9122307,1.0179058
2022-10-18,1.1421995926185424,10,1.9831536,1.056676
2022-10-18,1.1421995926185424,21,1.8324997,1.0294428
2022-10-19,-0.33808473012229,1,0.0,0.0033045998
2022-10-19,-0.33808473012229,3,1.6386645,0.6638255
2022-10-19,-0.33808473012229,5,1.9178823,0.71773016
2022-10-19,-0.33808473012229,10,1.9505241,0.77763253
2022-10-19,-0.33808473012229,21,1.9898152,0.7936607
2022-10-20,-0.15293698579776915,1,0.0,0.0046897405
2022-10-20,-0.15293698579776915,3,1.6023332,0.72747415
2022-10-20,-0.15293698579776915,5,1.9086431,0.79913455
2022-10-20,-0.15293698579776915,10,1.963291,0.85420114
2022-10-20,-0.15293698579776915,21,2.1126742,0.863571
2022-10-21,-3.717943268627444,1,0.0,0.00048358832
2022-10-21,-3.717943268627444,3,2.221445,0.75275445
2022-10-21,-3.717943268627444,5,2.709001,0.80422086
2022-10-21,-3.717943268627444,10,1.9621933,0.87687486
2022-10-21,-3.717943268627444,21,2.1139364,0.8700616
2022-10-24,-3.3572947267802355,1,0.0,-0.0013314695
2022-10-24,-3.3572947267802355,3,1.8720545,1.0427568
2022-10-24,-3.3572947267802355,5,2.2121859,1.0928991
2022-10-24,-3.3572947267802355,10,1.749451,1.0598657
2022-10-24,-3.3572947267802355,21,1.985806,0.9534117
2022-10-25,1.164415706994948,1,0.0,0.0010011564
2022-10-25,1.164415706994948,3,1.5854797,1.041549
2022-10-25,1.164415706994948,5,1.4045649,1.1312673
2022-10-25,1.164415706994948,10,1.5707911,1.114286
2022-10-25,1.164415706994948,21,1.8701922,1.0222954
2022-10-26,-0.43594938108748593,1,0.0,-0.0012435471
2022-10-26,-0.43594938108748593,3,1.7406316,1.1275727
2022-10-26,-0.43594938108748593,5,1.396498,1.2106935
2022-10-26,-0.43594938108748593,10,1.5367435,1.1723112
2022-10-26,-0.43594938108748593,21,1.8484095,0.9864754
2022-10-27,3.4287037485669636,1,0.0,0.001409194
2022-10-27,3.4287037485669636,3,1.6186491,0.7264891
2022-10-27,3.4287037485669636,5,1.5089273,0.79927355
2022-10-27,3.4287037485669636,10,1.5423214,0.8172365
2022-10-27,3.4287037485669636,21,1.8501722,0.7049468
2022-10-28,-0.06324895485185777,1,0.0,0.0014506474
2022-10-28,-0.06324895485185777,3,0.27172592,0.5872995
2022-10-28,-0.06324895485185777,5,0.5215999,0.6779762
2022-10-28,-0.06324895485185777,10,1.4542619,0.7350841
2022-10-28,-0.06324895485185777,21,1.7699305,0.70128626
2022-10-31,0.05643945072701939,1,0.0,-0.00022412324
2022-10-31,0.05643945072701939,3,0.6633198,0.6644495
2022-10-31,0.05643945072701939,5,0.97490233,0.7316068
2022-10-31,0.05643945072701939,10,1.5172955,0.7755506
2022-10-31,0.05643945072701939,21,1.9405627,0.70826155
2022-11-01,0.5636167784892621,1,0.0,0.0010691867
2022-11-01,0.5636167784892621,3,0.650961,0.6136974
2022-11-01,0.5636167784892621,5,1.0898927,0.74613017
2022-11-01,0.5636167784892621,10,1.5049741,0.792263
2022-11-01,0.5636167784892621,21,2.0240955,0.7074095
2022-11-02,-1.026776938138596,1,0.0,0.0029361595
2022-11-02,-1.026776938138596,3,0.7919704,0.6447422
2022-11-02,-1.026776938138596,5,1.1188705,0.75645643
2022-11-02,-1.026776938138596,10,1.5587841,0.8288209
2022-11-02,-1.026776938138596,21,2.047939,0.7295317
2022-11-03,-0.3308862539252999,1,0.0,0.005063283
2022-11-03,-0.3308862539252999,3,0.89857155,0.6349002
2022-11-03,-0.3308862539252999,5,1.2578218,0.7194231
2022-11-03,-0.3308862539252999,10,2.0849662,0.72416806
2022-11-03,-0.3308862539252999,21,2.051654,0.6232894
2022-11-04,-2.247040441803172,1,0.0,0.00473369
2022-11-04,-2.247040441803172,3,1.3657851,0.6926851
2022-11-04,-2.247040441803172,5,1.7582613,0.74855727
2022-11-04,-2.247040441803172,10,2.3464334,0.8276798
2022-11-04,-2.247040441803172,21,2.2241116,0.73262376
2022-11-07,-2.226888619155254,1,0.0,-0.0002752985
2022-11-07,-2.226888619155254,3,1.3041177,0.7565557
2022-11-07,-2.226888619155254,5,1.9014866,0.7906354
2022-11-07,-2.226888619155254,10,2.2757914,0.8337793
2022-11-07,-2.226888619155254,21,2.1592777,0.7653237
2022-11-08,0.6602505537080638,1,0.0,-0.0010381332
2022-11-08,0.6602505537080638,3,2.123592,0.8867127
2022-11-08,0.6602505537080638,5,1.8121818,0.96920794
2022-11-08,0.6602505537080638,10,2.1958444,0.99904615
2022-11-08,0.6602505537080638,21,2.310858,0.9004223
2022-11-09,0.4005617279128515,1,0.0,-0.0030332082
2022-11-09,0.4005617279128515,3,2.1512225,0.8914926
2022-11-09,0.4005617279128515,5,1.8737725,1.007958
2022-11-09,0.4005617279128515,10,2.1879132,1.0495938
2022-11-09,0.4005617279128515,21,2.3208852,0.9746428
2022-11-10,-3.968795365606592,1,0.0,-0.00094224
2022-11-10,-3.968795365606592,3,1.9350553,0.61147934
2022-11-10,-3.968795365606592,5,2.6650882,0.74107665
2022-11-10,-3.968795365606592,10,2.1766286,0.8272839
2022-11-10,-3.968795365606592,21,2.3246741,0.7927131
2022-11-11,0.7666579772165782,1,0.0,-0.0011959183
2022-11-11,0.7666579772165782,3,1.6009462,0.79570925
2022-11-11,0.7666579772165782,5,2.458859,0.8762644
2022-11-11,0.7666579772165782,10,1.8258964,0.9250258
2022-11-11,0.7666579772165782,21,2.1209512,0.8385661
2022-11-14,-1.4233426087800538,1,0.0,-0.0005544019
2022-11-14,-1.4233426087800538,3,2.7443833,0.7570565
2022-11-14,-1.4233426087800538,5,2.4586565,0.8210245
2022-11-14,-1.4233426087800538,10,1.963893,0.8668941
2022-11-14,-1.4233426087800538,21,2.179839,0.80582017
2022-11-15,-3.1455311712566214,1,0.0,0.003359945
2022-11-15,-3.1455311712566214,3,2.930434,0.9325901
2022-11-15,-3.1455311712566214,5,2.3929427,1.0774375
2022-11-15,-3.1455311712566214,10,2.107817,1.0719784
2022-11-15,-3.1455311712566214,21,2.1534867,0.98910123
2022-11-16,3.342989753201131,1,0.0,0.0044856113
2022-11-16,3.342989753201131,3,1.4542339,1.2392601
2022-11-16,3.342989753201131,5,1.8252146,1.4288539
2022-11-16,3.342989753201131,10,1.7422081,1.4110186
2022-11-16,3.342989753201131,21,1.9942142,1.2740903
2022-11-17,2.757266128179481,1,0.0,0.0040657856
2022-11-17,2.757266128179481,3,1.5548062,1.0191144
2022-11-17,2.757266128179481,5,1.3857449,1.2053326
2022-11-17,2.757266128179481,10,1.6035446,1.1917529
2022-11-17,2.757266128179481,21,1.902847,1.1403025
2022-11-18,0.007221743641583345,1,0.0,0.007338077
2022-11-18,0.007221743641583345,3,0.4256535,0.7956028
2022-11-18,0.007221743641583345,5,0.45650864,0.94402605
2022-11-18,0.007221743641583345,10,1.6201892,0.9968335
2022-11-18,0.007221743641583345,21,1.8428519,0.9901909
2022-11-21,-0.899497251213166,1,0.0,0.0019508153
2022-11-21,-0.899497251213166,3,0.11829284,0.8868609
2022-11-21,-0.899497251213166,5,1.278264,0.9882458
2022-11-21,-0.899497251213166,10,1.9003783,1.098329
2022-11-21,-0.899497251213166,21,1.8785377,1.0708565
2022-11-22,-0.8919061409863538,1,0.0,0.00229698
2022-11-22,-0.8919061409863538,3,0.45858076,0.7592822
2022-11-22,-0.8919061409863538,5,1.7414527,0.8485864
2022-11-22,-0.8919061409863538,10,1.7820511,0.90397686
2022-11-22,-0.8919061409863538,21,1.9006007,0.8508711
2022-11-23,-0.6448508215968651,1,0.0,1.7168e-05
2022-11-23,-0.6448508215968651,3,1.319966,0.72986954
2022-11-23,-0.6448508215968651,5,1.5675018,0.8638867
2022-11-23,-0.6448508215968651,10,2.368217,0.93750554
2022-11-23,-0.6448508215968651,21,1.8890599,0.91911393
2022-11-24,0.1805979231004784,1,0.0,0.00557499
2022-11-24,0.1805979231004784,3,1.374942,0.7389516
2022-11-24,0.1805979231004784,5,1.1143558,0.94291747
2022-11-24,0.1805979231004784,10,2.3744295,1.0367352
2022-11-24,0.1805979231004784,21,1.8766302,0.964029
2022-11-25,2.4751546243833467,1,0.0,0.0033294742
2022-11-25,2.4751546243833467,3,0.43954924,0.8483757
2022-11-25,2.4751546243833467,5,1.5938964,1.0353836
2022-11-25,2.4751546243833467,10,2.360621,1.0123762
2022-11-25,2.4751546243833467,21,1.8805311,0.9740818
2022-11-28,3.4629057551224918,1,0.0,-0.0019365321
2022-11-28,3.4629057551224918,3,0.7766442,0.8694742
2022-11-28,3.4629057551224918,5,1.8538914,0.9370898
2022-11-28,3.4629057551224918,10,2.3218086,1.0127739
2022-11-28,3.4629057551224918,21,1.9870521,0.9788267
2022-11-29,2.5979820705990697,1,0.0,-0.0026796474
2022-11-29,2.5979820705990697,3,1.5870786,1.0653882
2022-11-29,2.5979820705990697,5,1.740475,1.1084098
2022-11-29,2.5979820705990697,10,2.261646,1.1920987
2022-11-29,2.5979820705990697,21,1.8873589,1.1280946
2022-11-30,1.5630575171648786,1,0.0,0.0031044357
2022-11-30,1.5630575171648786,3,2.1632104,0.9081353
2022-11-30,1.5630575171648786,5,2.8141181,1.0107485
2022-11-30,1.5630575171648786,10,2.1689441,1.100284
2022-11-30,1.5630575171648786,21,1.8144579,1.1364833
2022-12-01,-1.1646891382311786,1,0.0,-0.0012371475
2022-12-01,-1.1646891382311786,3,2.1655474,0.8441421
2022-12-01,-1.1646891382311786,5,2.7603095,0.9399372
2022-12-01,-1.1646891382311786,10,2.1188042,0.9983331
2022-12-01,-1.1646891382311786,21,1.7798448,1.0188997
2022-12-02,4.133292276138878,1,0.0,-0.0027247216
2022-12-02,4.133292276138878,3,3.455871,0.74073064
2022-12-02,4.133292276138878,5,2.7310917,0.8463402
2022-12-02,4.133292276138878,10,2.0838594,0.92268044
2022-12-02,4.133292276138878,21,1.7662998,0.92294747
2022-12-05,1.256871280495453,1,0.0,-0.0030281362
2022-12-05,1.256871280495453,3,2.254601,0.7736911
2022-12-05,1.256871280495453,5,1.9594922,0.8738272
2022-12-05,1.256871280495453,10,1.6148676,0.9679681
2022-12-05,1.256871280495453,21,1.7065316,0.9655401
2022-12-06,-4.199724696024099,1,0.0,-0.0033262116
2022-12-06,-4.199724696024099,3,2.1295438,0.8079594
2022-12-06,-4.199724696024099,5,1.7824835,0.90461326
2022-12-06,-4.199724696024099,10,1.5585139,0.98837537
2022-12-06,-4.199724696024099,21,1.6797329,1.0166214
2022-12-07,-0.7340764453086734,1,0.0,0.005213499
2022-12-07,-0.7340764453086734,3,0.6711309,1.1957543
2022-12-07,-0.7340764453086734,5,1.1962818,1.3272439
2022-12-07,-0.7340764453086734,10,1.0453252,1.307626
2022-12-07,-0.7340764453086734,21,1.43652,1.1970179
2022-12-08,0.9093796980608637,1,0.0,0.0011326938
2022-12-08,0.9093796980608637,3,1.1807894,1.3603379
2022-12-08,0.9093796980608637,5,1.143516,1.5193936
2022-12-08,0.9093796980608637,10,1.034804,1.5292808
2022-12-08,0.9093796980608637,21,1.4300176,1.414065
2022-12-09,0.12176909140881875,1,0.0,0.004496753
2022-12-09,0.12176909140881875,3,1.3860824,1.046943
2022-12-09,0.12176909140881875,5,1.0997671,1.2544813
2022-12-09,0.12176909140881875,10,0.9874863,1.2551666
2022-12-09,0.12176909140881875,21,1.4180406,1.1757145
2022-12-12,-1.8945995422422257,1,0.0,0.0010592728
2022-12-12,-1.8945995422422257,3,1.3967282,0.9875605
2022-12-12,-1.8945995422422257,5,1.1086756,1.1840869
2022-12-12,-1.8945995422422257,10,0.9792188,1.2543336
2022-12-12,-1.8945995422422257,21,1.4179841,1.204043
2022-12-13,1.4792144761594628,1,0.0,0.00091900304
2022-12-13,1.4792144761594628,3,0.52605367,1.1521546
2022-12-13,1.4792144761594628,5,0.92695886,1.246478
2022-12-13,1.4792144761594628,10,1.3053052,1.2981789
2022-12-13,1.4792144761594628,21,1.3529992,1.2443897
2022-12-14,0.28409651689509374,1,0.0,0.002804953
2022-12-14,0.28409651689509374,3,0.31226838,0.9261774
2022-12-14,0.28409651689509374,5,0.80918545,0.9512436
2022-12-14,0.28409651689509374,10,1.3801845,1.0488743
2022-12-14,0.28409651689509374,21,1.3178099,1.0187068
2022-12-15,0.46444343251437203,1,0.0,0.001998553
2022-12-15,0.46444343251437203,3,0.7438633,0.885644
2022-12-15,0.46444343251437203,5,0.72253096,1.0013624
2022-12-15,0.46444343251437203,10,1.4418004,1.1309668
2022-12-15,0.46444343251437203,21,1.3185451,1.1226352
2022-12-16,-0.26947544535564916,1,0.0,0.001040712
2022-12-16,-0.26947544535564916,3,0.5423903,0.91749144
2022-12-16,-0.26947544535564916,5,0.6935887,1.135295
2022-12-16,-0.26947544535564916,10,1.4181743,1.1608034
2022-12-16,-0.26947544535564916,21,1.3211613,1.093581
2022-12-19,-1.346821705086576,1,0.0,0.00020612404
2022-12-19,-1.346821705086576,3,0.4736048,0.8206556
2022-12-19,-1.346821705086576,5,0.69873506,0.90214366
2022-12-19,-1.346821705086576,10,1.4188954,1.0707065
2022-12-19,-1.346821705086576,21,1.3823099,1.1239387
2022-12-20,-1.4814510847974915,1,0.0,-0.0038472633
2022-12-20,-1.4814510847974915,3,0.75693744,0.8300069
2022-12-20,-1.4814510847974915,5,1.3635776,0.9280415
2022-12-20,-1.4814510847974915,10,1.8199289,1.1278329
2022-12-20,-1.4814510847974915,21,1.3484337,1.1543348
2022-12-21,-0.41625713259421104,1,0.0,-0.0022912114
2022-12-21,-0.41625713259421104,3,0.33233112,1.0325172
2022-12-21,-0.41625713259421104,5,1.7747283,1.1420583
2022-12-21,-0.41625713259421104,10,1.7465955,1.2082628
2022-12-21,-0.41625713259421104,21,1.2955132,1.114786
2022-12-22,0.3654197816895355,1,0.0,0.004521726
2022-12-22,0.3654197816895355,3,1.70237,1.0310625
2022-12-22,0.3654197816895355,5,1.8671198,1.161535
2022-12-22,0.3654197816895355,10,1.7429782,1.1841954
2022-12-22,0.3654197816895355,21,1.2859255,1.1410323
2022-12-23,-0.2222277524367655,1,0.0,0.00019939896
2022-12-23,-0.2222277524367655,3,2.240225,0.8149356
2022-12-23,-0.2222277524367655,5,1.8638252,0.90222484
2022-12-23,-0.2222277524367655,10,1.7582483,0.98480904
2022-12-23,-0.2222277524367655,21,1.3388071,1.0594503
2022-12-26,-3.503636765026208,1,0.0,0.0015204158
2022-12-26,-3.503636765026208,3,2.394254,0.83882797
2022-12-26,-3.503636765026208,5,1.8638432,0.9647296
2022-12-26,-3.503636765026208,10,1.750451,0.99832875
2022-12-26,-3.503636765026208,21,1.3350849,1.0538121
2022-12-27,1.9460051819979007,1,0.0,7.879455e-05
2022-12-27,1.9460051819979007,3,1.0715227,1.0869327
2022-12-27,1.9460051819979007,5,1.5248895,1.1669878
2022-12-27,1.9460051819979007,10,1.2233549,1.1871988
2022-12-27,1.9460051819979007,21,1.2963346,1.0613197
2022-12-28,1.0979058224624971,1,0.0,-0.0014804597
2022-12-28,1.0979058224624971,3,0.7366421,0.84781504
2022-12-28,1.0979058224624971,5,1.5013412,0.92953235
2022-12-28,1.0979058224624971,10,1.1503671,0.9606015
2022-12-28,1.0979058224624971,21,1.2512714,0.9469146
2022-12-29,-0.629153412397887,1,0.0,0.008455703
2022-12-29,-0.629153412397887,3,1.8994312,1.1583897
2022-12-29,-0.629153412397887,5,1.4959756,1.2833139
2022-12-29,-0.629153412397887,10,1.1382381,1.2270232
2022-12-29,-0.629153412397887,21,1.2416345,1.1579207
2022-12-30,-0.21821292345443055,1,0.0,0.011215889
2022-12-30,-0.21821292345443055,3,1.6985428,1.1241636
2022-12-30,-0.21821292345443055,5,1.4578401,1.3198172
2022-12-30,-0.21821292345443055,10,1.086954,1.3417846
2022-12-30,-0.21821292345443055,21,1.2365386,1.3110193
2023-01-03,3.589871530999744,1,0.0,-0.0002092421
2023-01-03,3.589871530999744,3,1.4504206,0.9908041
2023-01-03,3.589871530999744,5,1.4010047,1.1217375
2023-01-03,3.589871530999744,10,1.0609462,1.1017269
2023-01-03,3.589871530999744,21,1.3458596,1.0480641
2023-01-04,0.23442182724258132,1,0.0,-0.0042439704
2023-01-04,0.23442182724258132,3,0.53754884,1.0255299
2023-01-04,0.23442182724258132,5,0.4365743,1.1356262
2023-01-04,0.23442182724258132,10,0.62944454,1.2003478
2023-01-04,0.23442182724258132,21,1.1275071,1.1317693
2023-01-05,0.9009798505046795,1,0.0,-0.0035826652
2023-01-05,0.9009798505046795,3,0.53762144,1.1143486
2023-01-05,0.9009798505046795,5,0.43643445,1.1444138
2023-01-05,0.9009798505046795,10,0.6426552,1.1904817
2023-01-05,0.9009798505046795,21,1.1430368,1.1147033
2023-01-06,-0.4157063017972362,1,0.0,-0.0065679695
2023-01-06,-0.4157063017972362,3,0.27713355,0.93765306
2023-01-06,-0.4157063017972362,5,0.24653514,0.9702273
2023-01-06,-0.4157063017972362,10,0.6418469,1.0191256
2023-01-06,-0.4157063017972362,21,1.143048,0.9398996
2023-01-09,0.2631018068422364,1,0.0,-0.0069532865
2023-01-09,0.2631018068422364,3,0.15499495,0.79678524
2023-01-09,0.2631018068422364,5,0.15653038,0.8593696
2023-01-09,0.2631018068422364,10,0.5717272,1.0407906
2023-01-09,0.2631018068422364,21,1.1641619,1.0503565
2023-01-10,-0.08161096696959191,1,0.0,-0.0039500226
2023-01-10,-0.08161096696959191,3,0.1267827,0.81151557
2023-01-10,-0.08161096696959191,5,0.24009156,0.9496274
2023-01-10,-0.08161096696959191,10,0.8106308,1.08804
2023-01-10,-0.08161096696959191,21,1.1659508,1.0906941
2023-01-11,0.22853251360945848,1,0.0,-0.0069457763
2023-01-11,0.22853251360945848,3,0.12183515,0.73737854
2023-01-11,0.22853251360945848,5,0.7001576,0.786771
2023-01-11,0.22853251360945848,10,0.795285,0.9057545
2023-01-11,0.22853251360945848,21,1.1847254,0.984253
2023-01-12,0.05965485582777319,1,0.0,-0.003824527
2023-01-12,0.05965485582777319,3,0.22578806,0.813529
2023-01-12,0.05965485582777319,5,0.67015094,0.9065704
2023-01-12,0.05965485582777319,10,1.3833996,1.0788246
2023-01-12,0.05965485582777319,21,1.2021668,1.1966599
2023-01-13,0.3571837338677497,1,0.0,-0.0024240743
2023-01-13,0.3571837338677497,3,0.7245165,0.9631767
2023-01-13,0.3571837338677497,5,0.5630185,1.0409497
2023-01-13,0.3571837338677497,10,1.3828146,1.1533386
2023-01-13,0.3571837338677497,21,1.2022623,1.1882466
2023-01-16,0.612174843605473,1,0.0,-0.0030447696
2023-01-16,0.612174843605473,3,0.5986102,0.88359
2023-01-16,0.612174843605473,5,0.49129477,0.988877
2023-01-16,0.612174843605473,10,1.3834081,1.059625
2023-01-16,0.612174843605473,21,1.3174921,1.1296204
2023-01-17,2.0056635975378434,1,0.0,-0.0045642327
2023-01-17,2.0056635975378434,3,0.52082014,0.7511958
2023-01-17,2.0056635975378434,5,1.0796192,0.8405799
2023-01-17,2.0056635975378434,10,1.4082617,0.8981211
2023-01-17,2.0056635975378434,21,1.3172269,0.9991523
2023-01-18,0.9137662650685385,1,0.0,-0.0060346476
2023-01-18,0.9137662650685385,3,0.04382879,0.7862264
2023-01-18,0.9137662650685385,5,0.8641796,0.81684875
2023-01-18,0.9137662650685385,10,1.4335626,0.91187537
2023-01-18,0.9137662650685385,21,1.3606769,0.96589476
2023-01-19,0.8883468199194944,1,0.0,0.0010694289
2023-01-19,0.8883468199194944,3,1.0181417,0.9564452
2023-01-19,0.8883468199194944,5,1.6304338,1.0123224
2023-01-19,0.8883468199194944,10,1.4117379,1.0773174
2023-01-19,0.8883468199194944,21,1.340036,1.1198592
2023-01-27,0.8107253709959572,1,0.0,-0.00407497
2023-01-27,0.8107253709959572,3,0.99169946,0.84654456
2023-01-27,0.8107253709959572,5,1.536906,0.8850643
2023-01-27,0.8107253709959572,10,1.3660144,0.9369393
2023-01-27,0.8107253709959572,21,1.3383436,0.9918489
2023-01-30,-1.3092223207845421,1,0.0,0.0013443837
2023-01-30,-1.3092223207845421,3,1.6326497,0.9808474
2023-01-30,-1.3092223207845421,5,1.4184042,1.1158394
2023-01-30,-1.3092223207845421,10,1.307214,1.1188077
2023-01-30,-1.3092223207845421,21,1.3491257,1.1390721
2023-01-31,0.7778695349085929,1,0.0,0.004529763
2023-01-31,0.7778695349085929,3,1.7555133,0.8972511
2023-01-31,0.7778695349085929,5,1.5466176,0.9915363
2023-01-31,0.7778695349085929,10,1.2970605,1.0650338
2023-01-31,0.7778695349085929,21,1.3433709,1.1401523
2023-02-01,-3.2199933425888894,1,0.0,-0.0031484128
2023-02-01,-3.2199933425888894,3,1.5457283,0.8429674
2023-02-01,-3.2199933425888894,5,1.6071072,0.8998763
2023-02-01,-3.2199933425888894,10,1.2209843,0.95710295
2023-02-01,-3.2199933425888894,21,1.3828323,0.95539254
2023-02-02,0.15044858797237382,1,0.0,-0.006600532
2023-02-02,0.15044858797237382,3,0.50852114,0.97645116
2023-02-02,0.15044858797237382,5,1.1268008,1.0340586
2023-02-02,0.15044858797237382,10,0.96192807,1.1096379
2023-02-02,0.15044858797237382,21,1.2207464,1.0743667
2023-02-03,-0.040840194744173886,1,0.0,-0.0012113876
2023-02-03,-0.040840194744173886,3,1.3654404,0.9376386
2023-02-03,-0.040840194744173886,5,1.1504216,0.9828529
2023-02-03,-0.040840194744173886,10,1.0249531,1.0883156
2023-02-03,-0.040840194744173886,21,1.2391859,1.1029234
2023-02-06,1.1207443614352997,1,0.0,0.00043598982
2023-02-06,1.1207443614352997,3,1.4466431,0.75507855
2023-02-06,1.1207443614352997,5,1.1640588,0.7988563
2023-02-06,1.1207443614352997,10,1.027648,0.9155225
2023-02-06,1.1207443614352997,21,1.2426755,0.99496335
2023-02-07,-2.176288718683228,1,0.0,-0.0008959449
2023-02-07,-2.176288718683228,3,1.1321623,0.7944466
2023-02-07,-2.176288718683228,5,0.88599604,0.86290467
2023-02-07,-2.176288718683228,10,1.2684537,1.0062022
2023-02-07,-2.176288718683228,21,1.2382524,1.0056086
2023-02-08,0.5968044803847938,1,0.0,-4.101079e-05
2023-02-08,0.5968044803847938,3,0.65666217,0.80450946
2023-02-08,0.5968044803847938,5,0.59061986,0.9109666
2023-02-08,0.5968044803847938,10,1.0628021,1.071272
2023-02-08,0.5968044803847938,21,1.1880355,1.1166085
2023-02-09,-0.766767946297886,1,0.0,-0.0074357786
2023-02-09,-0.766767946297886,3,0.1479774,0.72871053
2023-02-09,-0.766767946297886,5,0.7123676,0.7950811
2023-02-09,-0.766767946297886,10,1.331687,0.89643836
2023-02-09,-0.766767946297886,21,1.189325,0.8955313
2023-02-10,-0.8238499315781134,1,0.0,-0.003675642
2023-02-10,-0.8238499315781134,3,0.2531803,0.724936
2023-02-10,-0.8238499315781134,5,0.87582135,0.8072291
2023-02-10,-0.8238499315781134,10,1.3167466,0.9415063
2023-02-10,-0.8238499315781134,21,1.180281,0.9786486
2023-02-13,-1.1052994851038278,1,0.0,-0.001751313
2023-02-13,-1.1052994851038278,3,0.8456629,1.1146324
2023-02-13,-1.1052994851038278,5,0.7994519,1.2107264
2023-02-13,-1.1052994851038278,10,1.3544223,1.3716862
2023-02-13,-1.1052994851038278,21,1.1675165,1.3016304
2023-02-14,-0.4859926774008372,1,0.0,-0.0013351422
2023-02-14,-0.4859926774008372,3,0.67107457,1.102453
2023-02-14,-0.4859926774008372,5,1.025295,1.1927677
2023-02-14,-0.4859926774008372,10,1.4154044,1.3200649
2023-02-14,-0.4859926774008372,21,1.1724278,1.2708391
2023-02-15,0.9162242316067548,1,0.0,0.003679066
2023-02-15,0.9162242316067548,3,0.39671242,0.9978297
2023-02-15,0.9162242316067548,5,1.0067105,1.150254
2023-02-15,0.9162242316067548,10,1.421255,1.3344877
2023-02-15,0.9162242316067548,21,1.2497798,1.3897783
2023-02-16,0.9579990570462549,1,0.0,-0.0031210347
2023-02-16,0.9579990570462549,3,1.0172118,0.95724195
2023-02-16,0.9579990570462549,5,1.6963313,1.1387092
2023-02-16,0.9579990570462549,10,1.4782329,1.2388659
2023-02-16,0.9579990570462549,21,1.2755337,1.1380799
2023-02-17,0.09633548157195193,1,0.0,-0.0014609369
2023-02-17,0.09633548157195193,3,1.2938915,1.054655
2023-02-17,0.09633548157195193,5,1.6432803,1.1745976
2023-02-17,0.09633548157195193,10,1.4379926,1.2262412
2023-02-17,0.09633548157195193,21,1.2577652,1.1388446
2023-02-20,2.5518626100505593,1,0.0,-0.003586003
2023-02-20,2.5518626100505593,3,2.1175492,0.96262
2023-02-20,2.5518626100505593,5,1.711002,1.0767611
2023-02-20,2.5518626100505593,10,1.4666278,1.1226491
2023-02-20,2.5518626100505593,21,1.3319027,1.1120306
2023-02-21,-0.411265172190145,1,0.0,0.0009060707
2023-02-21,-0.411265172190145,3,1.1318423,1.0127453
2023-02-21,-0.411265172190145,5,0.92485356,1.1457677
2023-02-21,-0.411265172190145,10,1.1393062,1.1393547
2023-02-21,-0.411265172190145,21,1.2128689,1.1419263
2023-02-22,-2.6165657662535757,1,0.0,0.003279428
2023-02-22,-2.6165657662535757,3,1.0442029,1.1649189
2023-02-22,-2.6165657662535757,5,1.0920919,1.3088646
2023-02-22,-2.6165657662535757,10,1.2367187,1.2556304
2023-02-22,-2.6165657662535757,21,1.2315232,1.1885881
2023-02-23,-0.0588252054497751,1,0.0,-0.0020240643
2023-02-23,-0.0588252054497751,3,0.7300598,1.319062
2023-02-23,-0.0588252054497751,5,1.1922336,1.472591
2023-02-23,-0.0588252054497751,10,1.0658277,1.3794096
2023-02-23,-0.0588252054497751,21,1.1104027,1.2368101
2023-02-24,-1.3472270725769064,1,0.0,0.0011456138
2023-02-24,-1.3472270725769064,3,0.91150093,1.2658831
2023-02-24,-1.3472270725769064,5,1.1879511,1.3901696
2023-02-24,-1.3472270725769064,10,1.0857682,1.3574525
2023-02-24,-1.3472270725769064,21,1.111232,1.2309209
2023-02-27,-1.7770179515836482,1,0.0,0.00041699363
2023-02-27,-1.7770179515836482,3,1.3698268,1.1511729
2023-02-27,-1.7770179515836482,5,1.1706549,1.2757642
2023-02-27,-1.7770179515836482,10,0.9945789,1.2012063
2023-02-27,-1.7770179515836482,21,1.0765349,1.130526
2023-02-28,0.3353001533302091,1,0.0,0.0011195699
2023-02-28,0.3353001533302091,3,0.75556636,1.0794635
2023-02-28,0.3353001533302091,5,0.9047834,1.1727804
2023-02-28,0.3353001533302091,10,0.77289814,1.1765196
2023-02-28,0.3353001533302091,21,0.99533516,1.097138
2023-03-01,1.5369050791904648,1,0.0,-0.0038641696
2023-03-01,1.5369050791904648,3,1.1536291,0.8973944
2023-03-01,1.5369050791904648,5,0.97857296,1.0157403
2023-03-01,1.5369050791904648,10,0.8960468,1.1546556
2023-03-01,1.5369050791904648,21,0.99454635,1.1389222
2023-03-02,-0.282942791833829,1,0.0,-0.0014718324
2023-03-02,-0.282942791833829,3,0.6132509,0.9366552
2023-03-02,-0.282942791833829,5,0.87134224,1.0358295
2023-03-02,-0.282942791833829,10,0.993569,1.1168284
2023-03-02,-0.282942791833829,21,0.94572854,1.0973248
2023-03-03,-1.2451794431732388,1,0.0,-0.0010525151
2023-03-03,-1.2451794431732388,3,0.94365025,0.721278
2023-03-03,-1.2451794431732388,5,0.85467017,0.82468164
2023-03-03,-1.2451794431732388,10,1.0996983,0.9238186
2023-03-03,-1.2451794431732388,21,0.94570035,1.0431085
2023-03-06,0.23489861918131183,1,0.0,0.0030697784
2023-03-06,0.23489861918131183,3,0.38939255,0.7850028
2023-03-06,0.23489861918131183,5,0.51324344,0.8681435
2023-03-06,0.23489861918131183,10,1.0144128,0.9696222
2023-03-06,0.23489861918131183,21,0.92920935,1.0341808
2023-03-07,1.032444692159462,1,0.0,0.0005634562
2023-03-07,1.032444692159462,3,0.19753668,0.9211627
2023-03-07,1.032444692159462,5,0.55233467,1.0719117
2023-03-07,1.032444692159462,10,1.23083,1.2066742
2023-03-07,1.032444692159462,21,0.9317688,1.3539121
2023-03-08,1.0867276405692294,1,0.0,0.002678262
2023-03-08,1.0867276405692294,3,0.5691958,0.82896423
2023-03-08,1.0867276405692294,5,0.7911408,0.943016
2023-03-08,1.0867276405692294,10,1.2204962,1.0791821
2023-03-08,1.0867276405692294,21,0.9144382,1.2337912
2023-03-09,0.6431928991934122,1,0.0,-0.0008482854
2023-03-09,0.6431928991934122,3,0.38849196,0.7203641
2023-03-09,0.6431928991934122,5,1.1008259,0.79737943
2023-03-09,0.6431928991934122,10,1.1952535,0.890026
2023-03-09,0.6431928991934122,21,0.9211763,0.9137824
2023-03-10,-0.27976025264075943,1,0.0,-0.002434922
2023-03-10,-0.27976025264075943,3,0.51153934,0.74218166
2023-03-10,-0.27976025264075943,5,1.2476455,0.84141994
2023-03-10,-0.27976025264075943,10,1.1842942,0.9213669
2023-03-10,-0.27976025264075943,21,0.91388893,0.9731818
2023-03-13,-0.01899515629224524,1,0.0,-0.0036968845
2023-03-13,-0.01899515629224524,3,1.3685986,0.7847546
2023-03-13,-0.01899515629224524,5,1.2467084,0.9107121
2023-03-13,-0.01899515629224524,10,1.1851183,0.9930578
2023-03-13,-0.01899515629224524,21,0.9165845,1.1277722
2023-03-14,-1.210757624748382,1,0.0,-0.0058496236
2023-03-14,-1.210757624748382,3,1.6071211,0.81609833
2023-03-14,-1.210757624748382,5,1.4688952,0.9739024
2023-03-14,-1.210757624748382,10,1.1979172,1.0902014
2023-03-14,-1.210757624748382,21,0.9190556,1.1553956
2023-03-15,2.098710919751756,1,0.0,-0.009296278
2023-03-15,2.098710919751756,3,1.4537791,0.9324075
2023-03-15,2.098710919751756,5,1.52799,1.0820689
2023-03-15,2.098710919751756,10,1.1286747,1.2093788
2023-03-15,2.098710919751756,21,0.87345487,1.3056669
2023-03-16,-1.4021911675698995,1,0.0,-0.0059930724
2023-03-16,-1.4021911675698995,3,0.7893256,0.93774414
2023-03-16,-1.4021911675698995,5,1.1952989,1.072136
2023-03-16,-1.4021911675698995,10,0.9232596,1.1507885
2023-03-16,-1.4021911675698995,21,0.7626999,1.2219322
2023-03-17,-0.2160055127962579,1,0.0,-0.008692073
2023-03-17,-0.2160055127962579,3,1.254682,1.0335412
2023-03-17,-0.2160055127962579,5,1.1142035,1.1726202
2023-03-17,-0.2160055127962579,10,0.80897087,1.1779981
2023-03-17,-0.2160055127962579,21,0.7368021,1.1545864
2023-03-20,-2.131361383253072,1,0.0,0.0014953935
2023-03-20,-2.131361383253072,3,1.4040637,1.0898457
2023-03-20,-2.131361383253072,5,1.1127788,1.2105762
2023-03-20,-2.131361383253072,10,0.80785644,1.280559
2023-03-20,-2.131361383253072,21,0.73490876,1.3287058
2023-03-21,0.9078013041829536,1,0.0,0.0004268689
2023-03-21,0.9078013041829536,3,0.19895671,1.1066456
2023-03-21,0.9078013041829536,5,0.26298988,1.2535081
2023-03-21,0.9078013041829536,10,0.36509734,1.3147609
2023-03-21,0.9078013041829536,21,0.5518546,1.3604034
2023-03-22,0.7824562224272746,1,0.0,0.00022137305
2023-03-22,0.7824562224272746,3,0.2540016,1.1093782
2023-03-22,0.7824562224272746,5,0.22791167,1.2418154
2023-03-22,0.7824562224272746,10,0.38348702,1.301783
2023-03-22,0.7824562224272746,21,0.5446705,1.3519797
2023-03-23,0.4372765449461191,1,0.0,-0.006157676
2023-03-23,0.4372765449461191,3,0.15330876,1.109441
2023-03-23,0.4372765449461191,5,0.14777705,1.2579545
2023-03-23,0.4372765449461191,10,0.36941835,1.3096713
2023-03-23,0.4372765449461191,21,0.5212509,1.27184
2023-03-24,0.16157640867087153,1,0.0,-0.0024088495
2023-03-24,0.16157640867087153,3,0.16203865,0.99950045
2023-03-24,0.16157640867087153,5,0.13162346,1.0963514
2023-03-24,0.16157640867087153,10,0.53655636,1.2394518
2023-03-24,0.16157640867087153,21,0.5306268,1.1943825
2023-03-27,0.5202389963513632,1,0.0,-0.004113926
2023-03-27,0.5202389963513632,3,0.15402849,1.0010436
2023-03-27,0.5202389963513632,5,0.14135183,1.1189042
2023-03-27,0.5202389963513632,10,0.5469407,1.2074542
2023-03-27,0.5202389963513632,21,0.5299637,1.2007265
2023-03-28,0.19368259209127103,1,0.0,-0.0038032741
2023-03-28,0.19368259209127103,3,0.047370568,0.91909856
2023-03-28,0.19368259209127103,5,0.44264865,1.0367298
2023-03-28,0.19368259209127103,10,0.5660071,1.2008477
2023-03-28,0.19368259209127103,21,0.53010285,1.191882
2023-03-29,0.19330818766585267,1,0.0,-0.003780059
2023-03-29,0.19330818766585267,3,0.1230242,0.912555
2023-03-29,0.19330818766585267,5,0.4915277,1.0246618
2023-03-29,0.19330818766585267,10,0.5712593,1.1566828
2023-03-29,0.19330818766585267,21,0.545361,1.1751586
2023-03-30,0.29398301704572916,1,0.0,-0.003753197
2023-03-30,0.29398301704572916,3,0.46601522,0.9420315
2023-03-30,0.29398301704572916,5,0.4885016,1.0539563
2023-03-30,0.29398301704572916,10,0.57251483,1.1598878
2023-03-30,0.29398301704572916,21,0.5424424,1.1686772
2023-03-31,0.48962472114029154,1,0.0,-0.00059394306
2023-03-31,0.48962472114029154,3,0.5934726,0.9030304
2023-03-31,0.48962472114029154,5,0.7462073,1.0356915
2023-03-31,0.48962472114029154,10,0.5963009,1.1321194
2023-03-31,0.48962472114029154,21,0.57709026,1.202499
2023-04-03,1.365743830044952,1,0.0,-0.0025330307
2023-04-03,1.365743830044952,3,0.6215365,0.8666581
2023-04-03,1.365743830044952,5,0.7407746,1.0557865
2023-04-03,1.365743830044952,10,0.6614807,1.1730708
2023-04-03,1.365743830044952,21,0.5861398,1.2117009
2023-04-04,-0.07693270621782489,1,0.0,-0.0048192483
2023-04-04,-0.07693270621782489,3,0.48614419,0.9744704
2023-04-04,-0.07693270621782489,5,0.38804817,1.1992887
2023-04-04,-0.07693270621782489,10,0.45505553,1.299045
2023-04-04,-0.07693270621782489,21,0.48572505,1.3584036
2023-04-05,0.22321954704898062,1,0.0,0.0006019585
2023-04-05,0.22321954704898062,3,0.4820048,0.6147596
2023-04-05,0.22321954704898062,5,0.4674661,0.7734562
2023-04-05,0.22321954704898062,10,0.46539113,0.8549121
2023-04-05,0.22321954704898062,21,0.5733575,0.9856996
2023-04-06,-0.9248266235591274,1,0.0,-0.0005868571
2023-04-06,-0.9248266235591274,3,0.33581874,0.76941615
2023-04-06,-0.9248266235591274,5,0.43765095,0.94017917
2023-04-06,-0.9248266235591274,10,0.4507596,1.0435975
2023-04-06,-0.9248266235591274,21,0.5694623,1.2274622
2023-04-07,-0.11211706194487192,1,0.0,-0.0013162359
2023-04-07,-0.11211706194487192,3,0.3273727,0.85497177
2023-04-07,-0.11211706194487192,5,0.31112328,1.0021518
2023-04-07,-0.11211706194487192,10,0.40694183,1.121848
2023-04-07,-0.11211706194487192,21,0.55097646,1.278298
2023-04-10,-0.40842000324570193,1,0.0,-0.0015765605
2023-04-10,-0.40842000324570193,3,0.32397097,0.8173966
2023-04-10,-0.40842000324570193,5,0.4914236,0.9042768
2023-04-10,-0.40842000324570193,10,0.42243472,0.9382572
2023-04-10,-0.40842000324570193,21,0.5509564,0.9965314
2023-04-11,0.38504645171508756,1,0.0,-0.00036781607
2023-04-11,0.38504645171508756,3,0.35498276,0.8970212
2023-04-11,0.38504645171508756,5,0.51253104,0.9925212
2023-04-11,0.38504645171508756,10,0.4201025,1.0407859
2023-04-11,0.38504645171508756,21,0.58234364,1.1545726
2023-04-12,-0.0009350557059306652,1,0.0,-0.002456069
2023-04-12,-0.0009350557059306652,3,0.44046143,0.7988565
2023-04-12,-0.0009350557059306652,5,0.4573806,0.8776857
2023-04-12,-0.0009350557059306652,10,0.38031104,0.8757717
2023-04-12,-0.0009350557059306652,21,0.57656336,0.9973506
2023-04-13,-0.4827191564468869,1,0.0,-0.0025092484
2023-04-13,-0.4827191564468869,3,0.4757254,0.7909309
2023-04-13,-0.4827191564468869,5,0.44681576,0.88124853
2023-04-13,-0.4827191564468869,10,0.46042433,0.910322
2023-04-13,-0.4827191564468869,21,0.57660437,1.0749778
2023-04-14,-1.0778541807504816,1,0.0,-0.006236753
2023-04-14,-1.0778541807504816,3,0.55585253,0.86744803
2023-04-14,-1.0778541807504816,5,0.47057876,0.96611065
2023-04-14,-1.0778541807504816,10,0.45682693,1.0060657
2023-04-14,-1.0778541807504816,21,0.5778681,1.1216625
2023-04-17,0.08734039573585761,1,0.0,-0.00120989
2023-04-17,0.08734039573585761,3,0.31848624,0.94196296
2023-04-17,0.08734039573585761,5,0.3277256,1.0260735
2023-04-17,0.08734039573585761,10,0.4783298,1.1379116
2023-04-17,0.08734039573585761,21,0.5478589,1.2139853
2023-04-18,0.11475558795979168,1,0.0,-0.0039370903
2023-04-18,0.11475558795979168,3,0.30593544,0.920889
2023-04-18,0.11475558795979168,5,0.3001446,1.025751
2023-04-18,0.11475558795979168,10,0.52893245,1.1482468
2023-04-18,0.11475558795979168,21,0.5492506,1.1951708
2023-04-19,-0.5741460638837736,1,0.0,-0.0041099624
2023-04-19,-0.5741460638837736,3,0.29060507,0.8023398
2023-04-19,-0.5741460638837736,5,0.27121425,0.8855605
2023-04-19,-0.5741460638837736,10,0.5241276,1.0894591
2023-04-19,-0.5741460638837736,21,0.55227625,1.186759
2023-04-20,0.025735977608754013,1,0.0,-0.0041259048
2023-04-20,0.025735977608754013,3,0.26641324,0.78750515
2023-04-20,0.025735977608754013,5,0.44485697,0.8883117
2023-04-20,0.025735977608754013,10,0.64573085,1.1473985
2023-04-20,0.025735977608754013,21,0.54590493,1.2184058
2023-04-21,-0.6060740485461125,1,0.0,-0.0020629028
2023-04-21,-0.6060740485461125,3,0.22071698,0.76318276
2023-04-21,-0.6060740485461125,5,0.43689272,0.8849672
2023-04-21,-0.6060740485461125,10,0.6457186,1.1780032
2023-04-21,-0.6060740485461125,21,0.5545158,1.3266379
2023-04-24,-0.14873315700336676,1,0.0,-0.0036977087
2023-04-24,-0.14873315700336676,3,0.49342445,0.73265976
2023-04-24,-0.14873315700336676,5,0.5498982,0.9122825
2023-04-24,-0.14873315700336676,10,0.61546504,1.2350997
2023-04-24,-0.14873315700336676,21,0.5356865,1.4070526
2023-04-25,-0.6271062497978264,1,0.0,-0.0026611793
2023-04-25,-0.6271062497978264,3,0.4917281,0.8555639
2023-04-25,-0.6271062497978264,5,0.6667269,1.025681
2023-04-25,-0.6271062497978264,10,0.6136231,1.3010212
2023-04-25,-0.6271062497978264,21,0.5344049,1.4544767
2023-04-26,0.57331595380683,1,0.0,-0.0025018263
2023-04-26,0.57331595380683,3,0.42499045,0.8676558
2023-04-26,0.57331595380683,5,0.5959611,1.0475165
2023-04-26,0.57331595380683,10,0.5929128,1.2769114
2023-04-26,0.57331595380683,21,0.5447317,1.3830703
2023-04-27,-0.11247675945327273,1,0.0,-0.0049303607
2023-04-27,-0.11247675945327273,3,0.7074832,0.71287686
2023-04-27,-0.11247675945327273,5,0.7462152,0.8749724
2023-04-27,-0.11247675945327273,10,0.59750456,0.93669164
2023-04-27,-0.11247675945327273,21,0.53827196,0.99696577
2023-04-28,0.9086836911547103,1,0.0,-0.0014775614
2023-04-28,0.9086836911547103,3,0.70438236,0.7064385
2023-04-28,0.9086836911547103,5,0.7347036,0.86998504
2023-04-28,0.9086836911547103,10,0.5911019,0.9756507
2023-04-28,0.9086836911547103,21,0.54310197,1.1453325
2023-05-04,-0.8144637864804238,1,0.0,-0.0052675237
2023-05-04,-0.8144637864804238,3,0.85263836,0.85061085
2023-05-04,-0.8144637864804238,5,0.67357826,1.0233588
2023-05-04,-0.8144637864804238,10,0.58660364,1.100691
2023-05-04,-0.8144637864804238,21,0.5180247,1.2412225
2023-05-05,-0.028833400811034693,1,0.0,-0.0019096159
2023-05-05,-0.028833400811034693,3,0.5911715,0.97139096
2023-05-05,-0.028833400811034693,5,0.50432616,1.126664
2023-05-05,-0.028833400811034693,10,0.52434975,1.2381397
2023-05-05,-0.028833400811034693,21,0.51602805,1.2970537
2023-05-08,1.254225396620079,1,0.0,-0.0030051977
2023-05-08,1.254225396620079,3,0.5096767,0.8581282
2023-05-08,1.254225396620079,5,0.5177947,0.95936555
2023-05-08,1.254225396620079,10,0.5298295,1.0183067
2023-05-08,1.254225396620079,21,0.5199594,1.0793707
2023-05-09,0.03132103612815129,1,0.0,-0.0031785783
2023-05-09,0.03132103612815129,3,0.22571628,0.77264845
2023-05-09,0.03132103612815129,5,0.39640638,0.84351265
2023-05-09,0.03132103612815129,10,0.4157429,0.9305032
2023-05-09,0.03132103612815129,21,0.4956878,0.999275
2023-05-10,0.42518399494664294,1,0.0,-0.002189293
2023-05-10,0.42518399494664294,3,0.42005017,0.78538764
2023-05-10,0.42518399494664294,5,0.39770484,0.8487491
2023-05-10,0.42518399494664294,10,0.45396885,0.97430366
2023-05-10,0.42518399494664294,21,0.49436653,1.0600393
2023-05-11,-0.10778206377679567,1,0.0,-0.004150205
2023-05-11,-0.10778206377679567,3,0.4858287,0.8674271
2023-05-11,-0.10778206377679567,5,0.4751257,0.9449978
2023-05-11,-0.10778206377679567,10,0.46309626,1.0245254
2023-05-11,-0.10778206377679567,21,0.53512514,1.0615331
2023-05-12,0.9209017915839723,1,0.0,-0.00408461
2023-05-12,0.9209017915839723,3,0.4590941,0.83640766
2023-05-12,0.9209017915839723,5,0.5386174,0.89185756
2023-05-12,0.9209017915839723,10,0.46532694,1.0176705
2023-05-12,0.9209017915839723,21,0.53639823,1.0504471
2023-05-15,-0.11160035107291577,1,0.0,-0.0026789703
2023-05-15,-0.11160035107291577,3,0.22698282,0.6847599
2023-05-15,-0.11160035107291577,5,0.40930945,0.7611486
2023-05-15,-0.11160035107291577,10,0.3695052,0.934029
2023-05-15,-0.11160035107291577,21,0.5276124,0.96729314
2023-05-16,0.018765070752468915,1,0.0,-0.006273255
2023-05-16,0.018765070752468915,3,0.5138051,0.7764739
2023-05-16,0.018765070752468915,5,0.42289996,0.85443693
2023-05-16,0.018765070752468915,10,0.48861417,1.0609937
2023-05-16,0.018765070752468915,21,0.5276867,1.091689
2023-05-17,-0.5144978076297768,1,0.0,-0.004803331
2023-05-17,-0.5144978076297768,3,0.52312255,0.70572776
2023-05-17,-0.5144978076297768,5,0.47697565,0.81409466
2023-05-17,-0.5144978076297768,10,0.49144363,1.0747402
2023-05-17,-0.5144978076297768,21,0.54645425,1.0979701
2023-05-18,0.7394044256597176,1,0.0,-0.004011003
2023-05-18,0.7394044256597176,3,0.34943312,0.70640516
2023-05-18,0.7394044256597176,5,0.45060894,0.8090646
2023-05-18,0.7394044256597176,10,0.46475545,1.0767885
2023-05-18,0.7394044256597176,21,0.52480924,1.1237977
2023-05-19,-0.11613859260437565,1,0.0,-0.0048736143
2023-05-19,-0.11613859260437565,3,0.32062057,0.70071983
2023-05-19,-0.11613859260437565,5,0.32227236,0.81002134
2023-05-19,-0.11613859260437565,10,0.4248277,0.92282146
2023-05-19,-0.11613859260437565,21,0.5194697,0.95366365
2023-05-22,0.33400258396527605,1,0.0,-0.006228425
2023-05-22,0.33400258396527605,3,0.35414368,0.8219327
2023-05-22,0.33400258396527605,5,0.32155943,0.9860402
2023-05-22,0.33400258396527605,10,0.52074444,1.1257313
2023-05-22,0.33400258396527605,21,0.565766,1.1805077
2023-05-23,-0.4483997608915935,1,0.0,-0.0038883085
2023-05-23,-0.4483997608915935,3,0.32271558,0.7327921
2023-05-23,-0.4483997608915935,5,0.5464232,0.86875075
2023-05-23,-0.4483997608915935,10,0.5351556,0.9161536
2023-05-23,-0.4483997608915935,21,0.57127136,0.9608678
2023-05-24,-0.3816439743467903,1,0.0,-0.0014450322
2023-05-24,-0.3816439743467903,3,0.2651065,0.53866345
2023-05-24,-0.3816439743467903,5,0.47892007,0.63390553
2023-05-24,-0.3816439743467903,10,0.51669735,0.6775286
2023-05-24,-0.3816439743467903,21,0.56007373,0.74983543
2023-05-25,0.26711578038556283,1,0.0,-0.0037637264
2023-05-25,0.26711578038556283,3,0.47287706,0.6896624
2023-05-25,0.26711578038556283,5,0.45125675,0.77600676
2023-05-25,0.26711578038556283,10,0.46122923,0.838923
2023-05-25,0.26711578038556283,21,0.5482321,0.8793442
2023-05-26,-0.08175193911403866,1,0.0,-0.0010433113
2023-05-26,-0.08175193911403866,3,0.47111157,0.62170315
2023-05-26,-0.08175193911403866,5,0.451673,0.69646114
2023-05-26,-0.08175193911403866,10,0.5827509,0.8113582
2023-05-26,-0.08175193911403866,21,0.5485253,0.866235
2023-05-29,1.0492255189080701,1,0.0,-0.0024299482
2023-05-29,1.0492255189080701,3,0.5398571,0.6556569
2023-05-29,1.0492255189080701,5,0.5285764,0.6940902
2023-05-29,1.0492255189080701,10,0.56811637,0.8179516
2023-05-29,1.0492255189080701,21,0.5426659,0.9130989
2023-05-30,0.2851796845029675,1,0.0,-0.0015671221
2023-05-30,0.2851796845029675,3,0.26386634,0.6539811
2023-05-30,0.2851796845029675,5,0.46534744,0.7176518
2023-05-30,0.2851796845029675,10,0.5414789,0.839395
2023-05-30,0.2851796845029675,21,0.51601774,0.99787235
2023-05-31,-0.26750649886526645,1,0.0,-0.0027779536
2023-05-31,-0.26750649886526645,3,0.5816497,0.6130163
2023-05-31,-0.26750649886526645,5,0.50143975,0.695998
2023-05-31,-0.26750649886526645,10,0.5436777,0.81546277
2023-05-31,-0.26750649886526645,21,0.5164096,0.92405134
2023-06-01,0.2990399524106735,1,0.0,-0.002385811
2023-06-01,0.2990399524106735,3,0.34888265,0.5650243
2023-06-01,0.2990399524106735,5,0.3873711,0.63389826
2023-06-01,0.2990399524106735,10,0.56840533,0.76087886
2023-06-01,0.2990399524106735,21,0.5878918,0.90104204
2023-06-02,1.1478853514778287,1,0.0,-0.0067293295
2023-06-02,1.1478853514778287,3,0.21002261,0.68784046
2023-06-02,1.1478853514778287,5,0.6795189,0.7840936
2023-06-02,1.1478853514778287,10,0.58250344,0.94237024
2023-06-02,1.1478853514778287,21,0.60505325,1.054562
2023-06-05,0.6378353571736106,1,0.0,-0.0045264647
2023-06-05,0.6378353571736106,3,0.3466405,0.5931268
2023-06-05,0.6378353571736106,5,0.5884752,0.6824475
2023-06-05,0.6378353571736106,10,0.5335758,0.85570437
2023-06-05,0.6378353571736106,21,0.5697606,0.93297106
2023-06-06,0.9509937364126309,1,0.0,-0.00515639
2023-06-06,0.9509937364126309,3,0.6918256,0.6366385
2023-06-06,0.9509937364126309,5,0.6046914,0.74953884
2023-06-06,0.9509937364126309,10,0.605282,0.88124496
2023-06-06,0.9509937364126309,21,0.5673762,0.94591224
2023-06-07,0.11091824299249708,1,0.0,-0.0042220433
2023-06-07,0.11091824299249708,3,0.54153,0.6336663
2023-06-07,0.11091824299249708,5,0.542911,0.7498112
2023-06-07,0.11091824299249708,10,0.55876726,0.9372173
2023-06-07,0.11091824299249708,21,0.5387285,1.0120422
2023-06-08,-0.7436054636636769,1,0.0,-0.0069412556
2023-06-08,-0.7436054636636769,3,0.6681407,0.6214225
2023-06-08,-0.7436054636636769,5,0.61411774,0.7080286
2023-06-08,-0.7436054636636769,10,0.58485657,0.86951876
2023-06-08,-0.7436054636636769,21,0.5686562,0.9996693
2023-06-09,0.5622850226589371,1,0.0,-0.008013599
2023-06-09,0.5622850226589371,3,0.09198956,0.6929759
2023-06-09,0.5622850226589371,5,0.4552685,0.8230157
2023-06-09,0.5622850226589371,10,0.532868,0.987619
2023-06-09,0.5622850226589371,21,0.57430476,1.0803219
2023-06-12,0.7636474339093979,1,0.0,-0.0025887466
2023-06-12,0.7636474339093979,3,0.533325,0.62222564
2023-06-12,0.7636474339093979,5,0.45764783,0.6825662
2023-06-12,0.7636474339093979,10,0.5231258,0.7685959
2023-06-12,0.7636474339093979,21,0.5934599,0.81523174
2023-06-13,0.5753920309974347,1,0.0,-0.0039952477
2023-06-13,0.5753920309974347,3,0.42142913,0.57258695
2023-06-13,0.5753920309974347,5,0.48149782,0.651228
2023-06-13,0.5753920309974347,10,0.48858663,0.7352261
2023-06-13,0.5753920309974347,21,0.5790269,0.87122697
2023-06-14,-0.4500248679337737,1,0.0,-0.0041111005
2023-06-14,-0.4500248679337737,3,0.17238533,0.7315689
2023-06-14,-0.4500248679337737,5,0.47981772,0.8018871
2023-06-14,-0.4500248679337737,10,0.46792233,0.9040105
2023-06-14,-0.4500248679337737,21,0.57143193,1.0301044
2023-06-15,-0.040279450416846885,1,0.0,-0.0036456916
2023-06-15,-0.040279450416846885,3,0.3735206,0.60698193
2023-06-15,-0.040279450416846885,5,0.54719055,0.6662512
2023-06-15,-0.040279450416846885,10,0.433408,0.770228
2023-06-15,-0.040279450416846885,21,0.5822158,0.8979334
2023-06-16,-0.15679672057791194,1,0.0,-0.0022997856
2023-06-16,-0.15679672057791194,3,0.5938192,0.49167514
2023-06-16,-0.15679672057791194,5,0.5930449,0.5429942
2023-06-16,-0.15679672057791194,10,0.5895635,0.65344316
2023-06-16,-0.15679672057791194,21,0.57979816,0.75031066
2023-06-19,-0.8844434449153837,1,0.0,-0.0035691313
2023-06-19,-0.8844434449153837,3,0.6939157,0.5876765
2023-06-19,-0.8844434449153837,5,0.5756622,0.65121204
2023-06-19,-0.8844434449153837,10,0.6085468,0.7573628
2023-06-19,-0.8844434449153837,21,0.5749831,0.86404204
2023-06-20,0.5701105143633534,1,0.0,-0.0043756342
2023-06-20,0.5701105143633534,3,0.017552163,0.636559
2023-06-20,0.5701105143633534,5,0.15141243,0.7151621
2023-06-20,0.5701105143633534,10,0.532964,0.8139811
2023-06-20,0.5701105143633534,21,0.5190126,0.93661445
2023-06-21,0.6044373566412631,1,0.0,-0.0042389794
2023-06-21,0.6044373566412631,3,0.1155851,0.58912706
2023-06-21,0.6044373566412631,5,0.1751776,0.6570814
2023-06-21,0.6044373566412631,10,0.53338724,0.7657339
2023-06-21,0.6044373566412631,21,0.5210509,0.864687
2023-06-22,0.6096927646742856,1,0.0,-0.005832517
2023-06-22,0.6096927646742856,3,0.1558246,0.6568476
2023-06-22,0.6096927646742856,5,0.14321545,0.72409713
2023-06-22,0.6096927646742856,10,0.5151834,0.82059026
2023-06-22,0.6096927646742856,21,0.5179712,0.9298241
2023-06-23,0.3619142808189757,1,0.0,-0.0055164774
2023-06-23,0.3619142808189757,3,0.068732835,0.62453896
2023-06-23,0.3619142808189757,5,0.5767697,0.7138168
2023-06-23,0.3619142808189757,10,0.5513356,0.79961723
2023-06-23,0.3619142808189757,21,0.5458257,0.89929813
2023-06-26,0.23436716146054692,1,0.0,-0.0039076717
2023-06-26,0.23436716146054692,3,0.06496384,0.60209185
2023-06-26,0.23436716146054692,5,0.5681305,0.7053171
2023-06-26,0.23436716146054692,10,0.62818897,0.8189688
2023-06-26,0.23436716146054692,21,0.5463324,0.8860607
2023-06-27,0.20296870661287159,1,0.0,-0.00472579
2023-06-27,0.20296870661287159,3,0.6738101,0.63852084
2023-06-27,0.20296870661287159,5,0.608324,0.75670844
2023-06-27,0.20296870661287159,10,0.68154484,0.88665736
2023-06-27,0.20296870661287159,21,0.5476819,0.975975
2023-06-28,0.35376772731554595,1,0.0,-0.0041206325
2023-06-28,0.35376772731554595,3,0.6127266,0.59507483
2023-06-28,0.35376772731554595,5,0.66320246,0.6985667
2023-06-28,0.35376772731554595,10,0.68191653,0.8293482
2023-06-28,0.35376772731554595,21,0.54843193,0.8800856
2023-06-29,-1.1450203287848737,1,0.0,-0.0049869386
2023-06-29,-1.1450203287848737,3,0.6636471,0.62058115
2023-06-29,-1.1450203287848737,5,0.65029114,0.7272685
2023-06-29,-1.1450203287848737,10,0.6790408,0.83974624
2023-06-29,-1.1450203287848737,21,0.56094253,0.90157694
2023-06-30,-0.4640255568484797,1,0.0,-0.0021885494
2023-06-30,-0.4640255568484797,3,0.46800923,0.5570549
2023-06-30,-0.4640255568484797,5,0.52458763,0.6150723
2023-06-30,-0.4640255568484797,10,0.566157,0.71157163
2023-06-30,-0.4640255568484797,21,0.48206723,0.77391875
2023-07-03,0.4737994685089397,1,0.0,-0.004191347
2023-07-03,0.4737994685089397,3,0.14456184,0.66359645
2023-07-03,0.4737994685089397,5,0.5924872,0.7368445
2023-07-03,0.4737994685089397,10,0.5000592,0.80776155
2023-07-03,0.4737994685089397,21,0.4850596,0.8529847
2023-07-04,0.575859841634152,1,0.0,-0.003915817
2023-07-04,0.575859841634152,3,0.5585335,0.59189653
2023-07-04,0.575859841634152,5,0.64718384,0.6825128
2023-07-04,0.575859841634152,10,0.49976692,0.7812606
2023-07-04,0.575859841634152,21,0.517778,0.81986195
2023-07-05,0.23118133316373246,1,0.0,-0.0038079568
2023-07-05,0.23118133316373246,3,0.7316343,0.5859077
2023-07-05,0.23118133316373246,5,0.64431566,0.64381844
2023-07-05,0.23118133316373246,10,0.5057562,0.73503476
2023-07-05,0.23118133316373246,21,0.51654404,0.81976324
2023-07-06,-0.7430900596913759,1,0.0,-0.0032721977
2023-07-06,-0.7430900596913759,3,0.823507,0.58165306
2023-07-06,-0.7430900596913759,5,0.64509666,0.6590553
2023-07-06,-0.7430900596913759,10,0.52351135,0.77423245
2023-07-06,-0.7430900596913759,21,0.5704377,0.8629814
2023-07-07,1.0466952720224576,1,0.0,-0.0032746536
2023-07-07,1.0466952720224576,3,0.36155412,0.512632
2023-07-07,1.0466952720224576,5,0.37646794,0.5556504
2023-07-07,1.0466952720224576,10,0.40633368,0.6361369
2023-07-07,1.0466952720224576,21,0.551669,0.69150764
2023-07-10,0.957555991957193,1,0.0,-0.0033777687
2023-07-10,0.957555991957193,3,0.34556904,0.56475306
2023-07-10,0.957555991957193,5,0.35666168,0.63341945
2023-07-10,0.957555991957193,10,0.41662854,0.7506955
2023-07-10,0.957555991957193,21,0.5646031,0.8102085
2023-07-11,0.23904844071411802,1,0.0,-0.0048066326
2023-07-11,0.23904844071411802,3,0.35021046,0.59936726
2023-07-11,0.23904844071411802,5,0.28405216,0.6904531
2023-07-11,0.23904844071411802,10,0.37515163,0.8153279
2023-07-11,0.23904844071411802,21,0.55559623,0.87440616
2023-07-12,0.21075737320765953,1,0.0,-0.0040752687
2023-07-12,0.21075737320765953,3,0.34665057,0.55979615
2023-07-12,0.21075737320765953,5,0.30940178,0.6132104
2023-07-12,0.21075737320765953,10,0.37360585,0.7207535
2023-07-12,0.21075737320765953,21,0.59766287,0.78834957
2023-07-13,0.9674073774467828,1,0.0,-0.0030182595
2023-07-13,0.9674073774467828,3,0.3066845,0.6343328
2023-07-13,0.9674073774467828,5,0.3630296,0.7361197
2023-07-13,0.9674073774467828,10,0.36956257,0.8601993
2023-07-13,0.9674073774467828,21,0.6697227,0.90356874
2023-07-14,0.25537544622515895,1,0.0,-0.0040120496
2023-07-14,0.25537544622515895,3,0.1316734,0.6754613
2023-07-14,0.25537544622515895,5,0.18131582,0.7946968
2023-07-14,0.25537544622515895,10,0.36812425,0.9266934
2023-07-14,0.25537544622515895,21,0.6686634,0.99274546
2023-07-17,0.4040098938509651,1,0.0,-0.0040418343
2023-07-17,0.4040098938509651,3,0.20643252,0.55225545
2023-07-17,0.4040098938509651,5,0.44022763,0.6835661
2023-07-17,0.4040098938509651,10,0.4081918,0.774203
2023-07-17,0.4040098938509651,21,0.66906375,0.8282327
2023-07-18,0.08179889857178324,1,0.0,-0.0035602045
2023-07-18,0.08179889857178324,3,0.07211002,0.5739666
2023-07-18,0.08179889857178324,5,0.44030607,0.70824057
2023-07-18,0.08179889857178324,10,0.49396053,0.810329
2023-07-18,0.08179889857178324,21,0.6765077,0.8576984
2023-07-19,-0.09458602280760786,1,0.0,-0.0035007508
2023-07-19,-0.09458602280760786,3,0.5499142,0.5387031
2023-07-19,-0.09458602280760786,5,0.42814606,0.67644715
2023-07-19,-0.09458602280760786,10,0.55040437,0.8019808
2023-07-19,-0.09458602280760786,21,0.6837284,0.87001175
2023-07-20,-0.014494051070013114,1,0.0,-0.0005211509
2023-07-20,-0.014494051070013114,3,0.4639104,0.62416494
2023-07-20,-0.014494051070013114,5,0.3613942,0.7699042
2023-07-20,-0.014494051070013114,10,0.53151464,0.85637796
2023-07-20,-0.014494051070013114,21,0.7167358,0.9138939
2023-07-21,1.1099401271712495,1,0.0,-0.000792379
2023-07-21,1.1099401271712495,3,0.32551774,0.5369073
2023-07-21,1.1099401271712495,5,0.44368172,0.67955565
2023-07-21,1.1099401271712495,10,0.63098174,0.79150796
2023-07-21,1.1099401271712495,21,1.2567976,0.8873802
2023-07-24,0.40561861875083594,1,0.0,0.0011061947
2023-07-24,0.40561861875083594,3,0.012165578,0.4861915
2023-07-24,0.40561861875083594,5,0.37044653,0.5698816
2023-07-24,0.40561861875083594,10,0.64733195,0.64712745
2023-07-24,0.40561861875083594,21,1.2336036,0.7497739
2023-07-25,0.434087381650361,1,0.0,-0.0015999647
2023-07-25,0.434087381650361,3,0.3375874,0.59890133
2023-07-25,0.434087381650361,5,0.51609236,0.7035528
2023-07-25,0.434087381650361,10,0.7041522,0.81008005
2023-07-25,0.434087381650361,21,1.2300602,0.86631256
2023-07-26,0.4122271915603548,1,0.0,-0.0008644173
2023-07-26,0.4122271915603548,3,0.47444057,0.5864603
2023-07-26,0.4122271915603548,5,0.6500302,0.7027759
2023-07-26,0.4122271915603548,10,0.7119083,0.8029019
2023-07-26,0.4122271915603548,21,1.23231,0.8488989
2023-07-27,-0.29272341046251427,1,0.0,-0.0002854229
2023-07-27,-0.29272341046251427,3,0.65601104,0.603652
2023-07-27,-0.29272341046251427,5,0.65098053,0.7016079
2023-07-27,-0.29272341046251427,10,0.7774493,0.8177121
2023-07-27,-0.29272341046251427,21,1.2704078,0.88389057
2023-07-28,0.8598805580946056,1,0.0,0.0030983337
2023-07-28,0.8598805580946056,3,0.7224329,0.589442
2023-07-28,0.8598805580946056,5,0.76277393,0.70636505
2023-07-28,0.8598805580946056,10,0.867057,0.8224215
2023-07-28,0.8598805580946056,21,1.2732161,0.9048707
2023-07-31,1.2532203828638622,1,0.0,-0.00054824445
2023-07-31,1.2532203828638622,3,0.69504935,0.64827913
2023-07-31,1.2532203828638622,5,0.8359848,0.74590117
2023-07-31,1.2532203828638622,10,0.87402964,0.83451205
2023-07-31,1.2532203828638622,21,1.3042955,0.93072915
2023-08-01,-0.4376231138695452,1,0.0,-0.0024829526
2023-08-01,-0.4376231138695452,3,0.42174673,0.5489295
2023-08-01,-0.4376231138695452,5,0.83560133,0.65533954
2023-08-01,-0.4376231138695452,10,0.8053304,0.78761077
2023-08-01,-0.4376231138695452,21,1.274408,0.8560196
2023-08-02,0.23543995879782287,1,0.0,-0.0027322797
2023-08-02,0.23543995879782287,3,0.8219537,0.6087164
2023-08-02,0.23543995879782287,5,0.76824313,0.71545964
2023-08-02,0.23543995879782287,10,0.7932564,0.85632247
2023-08-02,0.23543995879782287,21,1.2824929,0.9407813
2023-08-03,-0.7798080135473562,1,0.0,-0.0048339707
2023-08-03,-0.7798080135473562,3,0.9533702,0.619629
2023-08-03,-0.7798080135473562,5,0.88306904,0.7248304
2023-08-03,-0.7798080135473562,10,0.8140927,0.87545794
2023-08-03,-0.7798080135473562,21,1.2962545,0.93189985
2023-08-04,1.2335348640258204,1,0.0,-0.00013258448
2023-08-04,1.2335348640258204,3,0.5550374,0.6960195
2023-08-04,1.2335348640258204,5,0.9588984,0.7945532
2023-08-04,1.2335348640258204,10,0.8152762,0.9235776
2023-08-04,1.2335348640258204,21,1.2963003,0.935891
2023-08-07,1.2515361542979164,1,0.0,0.00020264741
2023-08-07,1.2515361542979164,3,0.7899715,0.622822
2023-08-07,1.2515361542979164,5,0.8994829,0.71660405
2023-08-07,1.2515361542979164,10,1.5829705,0.8577718
2023-08-07,1.2515361542979164,21,1.2826906,0.92489016
2023-08-08,0.06522658415786253,1,0.0,-0.0026056026
2023-08-08,0.06522658415786253,3,0.4771897,0.6145052
2023-08-08,0.06522658415786253,5,0.7271484,0.7244533
2023-08-08,0.06522658415786253,10,1.5004418,0.8348846
2023-08-08,0.06522658415786253,21,1.2561988,0.9259976
2023-08-09,-0.6655329829166945,1,0.0,-0.00077839894
2023-08-09,-0.6655329829166945,3,0.87702096,0.6239446
2023-08-09,-0.6655329829166945,5,0.7253268,0.7384035
2023-08-09,-0.6655329829166945,10,1.5003132,0.85550123
2023-08-09,-0.6655329829166945,21,1.2564706,0.94334775
2023-08-10,-1.0902087935829918,1,0.0,0.0003070305
2023-08-10,-1.0902087935829918,3,0.85753894,0.62977374
2023-08-10,-1.0902087935829918,5,0.7369806,0.72793883
2023-08-10,-1.0902087935829918,10,1.5004034,0.82109493
2023-08-10,-1.0902087935829918,21,1.2868171,0.9025218
2023-08-11,0.9458571344241662,1,0.0,-0.0007274463
2023-08-11,0.9458571344241662,3,0.4783916,0.6585329
2023-08-11,0.9458571344241662,5,0.6391954,0.73703927
2023-08-11,0.9458571344241662,10,1.5903033,0.7951562
2023-08-11,0.9458571344241662,21,1.319222,0.86485314
2023-08-14,0.3750434723507112,1,0.0,0.00092064915
2023-08-14,0.3750434723507112,3,0.3995202,0.54921377
2023-08-14,0.3750434723507112,5,1.9238375,0.6109769
2023-08-14,0.3750434723507112,10,1.539129,0.6741746
2023-08-14,0.3750434723507112,21,1.3121426,0.7800151
2023-08-15,-0.22582965536530608,1,0.0,0.0032733292
2023-08-15,-0.22582965536530608,3,0.63322186,0.5755004
2023-08-15,-0.22582965536530608,5,1.8959275,0.6175445
2023-08-15,-0.22582965536530608,10,1.6346912,0.69530874
2023-08-15,-0.22582965536530608,21,1.3341048,0.7838481
2023-08-16,0.7435518713997169,1,0.0,0.0020410055
2023-08-16,0.7435518713997169,3,2.2478933,0.6077634
2023-08-16,0.7435518713997169,5,1.9210776,0.6703962
2023-08-16,0.7435518713997169,10,1.6419935,0.75836456
2023-08-16,0.7435518713997169,21,1.3353935,0.8195156
2023-08-17,-0.7897519184214552,1,0.0,0.0025626717
2023-08-17,-0.7897519184214552,3,2.0552473,0.5826204
2023-08-17,-0.7897519184214552,5,1.7570552,0.6466029
2023-08-17,-0.7897519184214552,10,1.6407232,0.7334418
2023-08-17,-0.7897519184214552,21,1.3491287,0.8020033
2023-08-18,-4.602984660167664,1,0.0,0.00484173
2023-08-18,-4.602984660167664,3,2.2201295,0.58408284
2023-08-18,-4.602984660167664,5,2.0517967,0.6434736
2023-08-18,-4.602984660167664,10,1.6624199,0.71610415
2023-08-18,-4.602984660167664,21,1.340908,0.8159477
2023-08-21,0.15014317315307224,1,0.0,0.004318789
2023-08-21,0.15014317315307224,3,0.36946806,0.94263947
2023-08-21,0.15014317315307224,5,0.7385919,1.0030197
2023-08-21,0.15014317315307224,10,0.7117581,1.0101045
2023-08-21,0.15014317315307224,21,0.91022867,0.9638048
2023-08-22,0.06185785601333649,1,0.0,-0.0007418166
2023-08-22,0.06185785601333649,3,0.86963475,0.64360607
2023-08-22,0.06185785601333649,5,0.9417079,0.68291086
2023-08-22,0.06185785601333649,10,0.7109563,0.7132678
2023-08-22,0.06185785601333649,21,0.95068353,0.7481289
2023-08-23,-0.6740213783773541,1,0.0,0.002932717
2023-08-23,-0.6740213783773541,3,0.95270777,0.6547751
2023-08-23,-0.6740213783773541,5,0.9332847,0.7021499
2023-08-23,-0.6740213783773541,10,0.7316547,0.779813
2023-08-23,-0.6740213783773541,21,1.0226976,0.8062652
2023-08-24,1.4251177917633306,1,0.0,0.0029779372
2023-08-24,1.4251177917633306,3,0.9389421,0.6503892
2023-08-24,1.4251177917633306,5,0.7630487,0.7089567
2023-08-24,1.4251177917633306,10,0.65792423,0.7943228
2023-08-24,1.4251177917633306,21,1.2530415,0.83844227
2023-08-25,-0.5074270399886949,1,0.0,-0.00015961519
2023-08-25,-0.5074270399886949,3,0.8464943,0.57139796
2023-08-25,-0.5074270399886949,5,0.6849822,0.63792366
2023-08-25,-0.5074270399886949,10,0.8277486,0.7277278
2023-08-25,-0.5074270399886949,21,1.2327435,0.76879597
2023-08-28,1.5387563630925527,1,0.0,0.0012268403
2023-08-28,1.5387563630925527,3,0.5414993,0.60636765
2023-08-28,1.5387563630925527,5,0.4205648,0.64516735
2023-08-28,1.5387563630925527,10,0.8892364,0.7271481
2023-08-28,1.5387563630925527,21,1.2762444,0.6940648
2023-08-29,0.22525620978628424,1,0.0,0.0012114779
2023-08-29,0.22525620978628424,3,0.28345218,0.6658081
2023-08-29,0.22525620978628424,5,0.25291562,0.757837
2023-08-29,0.22525620978628424,10,0.8701674,0.8461697
2023-08-29,0.22525620978628424,21,1.2212567,0.8437591
2023-08-30,0.7222099649186298,1,0.0,-0.0025682705
2023-08-30,0.7222099649186298,3,0.07973856,0.62589973
2023-08-30,0.7222099649186298,5,0.41581613,0.7114305
2023-08-30,0.7222099649186298,10,0.9783908,0.8019939
2023-08-30,0.7222099649186298,21,1.2201034,0.8741613
2023-08-31,0.8936507296382956,1,0.0,0.000957055
2023-08-31,0.8936507296382956,3,0.020399755,0.56286424
2023-08-31,0.8936507296382956,5,0.5093582,0.635084
2023-08-31,0.8936507296382956,10,0.96198666,0.7424089
2023-08-31,0.8936507296382956,21,1.2046705,0.8043676
2023-09-05,0.8889742687815172,1,0.0,9.4172545e-05
2023-09-05,0.8889742687815172,3,0.49914724,0.5728967
2023-09-05,0.8889742687815172,5,0.85565716,0.6286666
2023-09-05,0.8889742687815172,10,1.0057694,0.6883961
2023-09-05,0.8889742687815172,21,1.3380352,0.77788216
2023-09-06,0.8482280103271123,1,0.0,-0.00096723577
2023-09-06,0.8482280103271123,3,0.4766067,0.60969704
2023-09-06,0.8482280103271123,5,1.0816356,0.6491218
2023-09-06,0.8482280103271123,10,0.95176846,0.68531054
2023-09-06,0.8482280103271123,21,1.3405188,0.76111335
2023-09-07,-0.18966188017888186,1,0.0,8.004252e-05
2023-09-07,-0.18966188017888186,3,0.6069378,0.5668623
2023-09-07,-0.18966188017888186,5,1.0515853,0.62079674
2023-09-07,-0.18966188017888186,10,0.99490553,0.6991293
2023-09-07,-0.18966188017888186,21,1.3215098,0.80022657
2023-09-08,-0.13362206268912047,1,0.0,0.0022387095
2023-09-08,-0.13362206268912047,3,1.3197341,0.65314853
2023-09-08,-0.13362206268912047,5,1.1375552,0.6969214
2023-09-08,-0.13362206268912047,10,1.0343008,0.7875795
2023-09-08,-0.13362206268912047,21,1.3772011,0.8572654
2023-09-11,-1.4482365481083725,1,0.0,0.0021245028
2023-09-11,-1.4482365481083725,3,1.3564881,0.6346137
2023-09-11,-1.4482365481083725,5,1.1632464,0.68688625
2023-09-11,-1.4482365481083725,10,1.1130618,0.79212946
2023-09-11,-1.4482365481083725,21,1.4010047,0.83915585
2023-09-12,1.766703032505923,1,0.0,0.0026307877
2023-09-12,1.766703032505923,3,1.2709624,0.6912093
2023-09-12,1.766703032505923,5,1.1284766,0.73046774
2023-09-12,1.766703032505923,10,1.4107436,0.7891713
2023-09-12,1.766703032505923,21,1.3957387,0.8387441
2023-09-13,-0.5676732250071481,1,0.0,0.0037571208
2023-09-13,-0.5676732250071481,3,0.6044173,0.6058311
2023-09-13,-0.5676732250071481,5,0.6177965,0.66026014
2023-09-13,-0.5676732250071481,10,1.1798073,0.74433476
2023-09-13,-0.5676732250071481,21,1.3340548,0.83200294
2023-09-14,-1.1843205602589002,1,0.0,0.0011523641
2023-09-14,-1.1843205602589002,3,0.7171801,0.8684244
2023-09-14,-1.1843205602589002,5,0.9328695,0.8945608
2023-09-14,-1.1843205602589002,10,1.3662316,0.91793346
2023-09-14,-1.1843205602589002,21,1.3366005,0.9324277
2023-09-15,0.28965779461156416,1,0.0,-0.00019104127
2023-09-15,0.28965779461156416,3,0.67567265,0.69054186
2023-09-15,0.28965779461156416,5,0.9147962,0.7210003
2023-09-15,0.28965779461156416,10,1.3662541,0.7855063
2023-09-15,0.28965779461156416,21,1.3290342,0.8284864
2023-09-18,-1.275041154731671,1,0.0,0.00023844792
2023-09-18,-1.275041154731671,3,1.00993,0.74027085
2023-09-18,-1.275041154731671,5,1.0331776,0.7881929
2023-09-18,-1.275041154731671,10,1.3577178,0.89014345
2023-09-18,-1.275041154731671,21,1.3354392,0.91230345
2023-09-19,-0.025584840708869905,1,0.0,-0.0011627334
2023-09-19,-0.025584840708869905,3,0.93769264,0.7983101
2023-09-19,-0.025584840708869905,5,1.5456549,0.8515071
2023-09-19,-0.025584840708869905,10,1.3533313,0.92973953
2023-09-19,-0.025584840708869905,21,1.3547336,0.96044314
2023-09-20,1.198729489010475,1,0.0,-0.0021112124
2023-09-20,1.198729489010475,3,1.2293087,0.70432115
2023-09-20,1.198729489010475,5,1.4687831,0.79876846
2023-09-20,1.198729489010475,10,1.5762676,0.9017219
2023-09-20,1.198729489010475,21,1.3787249,0.90197784
2023-09-21,-1.096429377788688,1,0.0,-0.001345647
2023-09-21,-1.096429377788688,3,0.98231906,0.6495478
2023-09-21,-1.096429377788688,5,1.5320821,0.6685866
2023-09-21,-1.096429377788688,10,1.5451288,0.75505257
2023-09-21,-1.096429377788688,21,1.3423371,0.75079685
2023-09-22,-1.6369209000764329,1,0.0,-0.0011399421
2023-09-22,-1.6369209000764329,3,0.9107212,0.8059543
2023-09-22,-1.6369209000764329,5,1.5952879,0.90888125
2023-09-22,-1.6369209000764329,10,1.5504026,0.9863947
2023-09-22,-1.6369209000764329,21,1.4301039,0.93166465
2023-09-25,-3.3972366603786774,1,0.0,-0.0025015837
2023-09-25,-3.3972366603786774,3,1.9590366,0.8171724
2023-09-25,-3.3972366603786774,5,1.617015,0.8958033
2023-09-25,-3.3972366603786774,10,1.6493719,0.9814115
2023-09-25,-3.3972366603786774,21,1.4188334,1.0057714
2023-09-26,-1.330350108061129,1,0.0,0.003511339
2023-09-26,-1.330350108061129,3,1.1115218,0.8005586
2023-09-26,-1.330350108061129,5,0.864053,0.85776454
2023-09-26,-1.330350108061129,10,1.3844814,0.94359237
2023-09-26,-1.330350108061129,21,1.2868643,0.93832207
2023-09-27,1.3866991266952233,1,0.0,0.003200092
2023-09-27,1.3866991266952233,3,0.65703994,0.87273955
2023-09-27,1.3866991266952233,5,1.5513326,0.9219639
2023-09-27,1.3866991266952233,10,1.3368679,0.97252464
2023-09-27,1.3866991266952233,21,1.2628185,0.9217778
2023-09-28,-0.12314204514982663,1,0.0,0.00012148125
2023-09-28,-0.12314204514982663,3,0.11772852,0.8901661
2023-09-28,-0.12314204514982663,5,1.4588938,0.96449816
2023-09-28,-0.12314204514982663,10,1.278775,1.0163947
2023-09-28,-0.12314204514982663,21,1.490365,0.9847141
2023-09-29,0.14913857909171213,1,0.0,-0.00035353284
2023-09-29,0.14913857909171213,3,1.598588,0.77490485
2023-09-29,0.14913857909171213,5,1.4848523,0.85211045
2023-09-29,0.14913857909171213,10,1.2786232,0.93678075
2023-09-29,0.14913857909171213,21,1.501905,0.92624605
2023-10-02,0.09526284603689206,1,0.0,0.002100596
2023-10-02,0.09526284603689206,3,1.818138,0.8129233
2023-10-02,0.09526284603689206,5,1.6742694,0.87947786
2023-10-02,0.09526284603689206,10,1.2806244,0.95908606
2023-10-02,0.09526284603689206,21,1.522745,0.96974975
2023-10-03,-3.26859545970537,1,0.0,0.0026863283
2023-10-03,-3.26859545970537,3,1.7200637,0.62628865
2023-10-03,-3.26859545970537,5,1.7396998,0.685147
2023-10-03,-3.26859545970537,10,1.3262804,0.7789691
2023-10-03,-3.26859545970537,21,1.5281868,0.8501752
2023-10-04,0.940913220455819,1,0.0,0.003929848
2023-10-04,0.940913220455819,3,1.1607795,0.7218045
2023-10-04,0.940913220455819,5,0.91870606,0.78158873
2023-10-04,0.940913220455819,10,1.0047034,0.8254649
2023-10-04,0.940913220455819,21,1.4398234,0.8275762
2023-10-05,-1.318155501359275,1,0.0,0.0018169859
2023-10-05,-1.318155501359275,3,1.1335508,0.58657914
2023-10-05,-1.318155501359275,5,0.8932361,0.6626089
2023-10-05,-1.318155501359275,10,1.0675842,0.7533249
2023-10-05,-1.318155501359275,21,1.6260766,0.78177154
2023-10-06,1.3066368566479802,1,0.0,-0.0031429674
2023-10-06,1.3066368566479802,3,0.31514013,0.8857753
2023-10-06,1.3066368566479802,5,0.39831463,0.97338045
2023-10-06,1.3066368566479802,10,1.0783052,0.99197954
2023-10-06,1.3066368566479802,21,1.6090115,0.9623274
2023-10-09,0.778502541667514,1,0.0,-0.0006583752
2023-10-09,0.778502541667514,3,0.09379749,0.779046
2023-10-09,0.778502541667514,5,0.25481203,0.8439709
2023-10-09,0.778502541667514,10,1.1628275,0.93082005
2023-10-09,0.778502541667514,21,1.6040908,0.92195505
2023-10-10,0.5550089869872821,1,0.0,-0.0007556062
2023-10-10,0.5550089869872821,3,0.24580234,0.72746724
2023-10-10,0.5550089869872821,5,0.6465164,0.7809386
2023-10-10,0.5550089869872821,10,1.1594311,0.8713384
2023-10-10,0.5550089869872821,21,1.5961012,0.916198
2023-10-11,0.6206165049552403,1,0.0,0.0007869862
2023-10-11,0.6206165049552403,3,0.2277197,0.64458174
2023-10-11,0.6206165049552403,5,0.9058448,0.6967437
2023-10-11,0.6206165049552403,10,1.2171879,0.77862996
2023-10-11,0.6206165049552403,21,1.7353449,0.8119188
2023-10-12,0.06949210241353754,1,0.0,0.00047625462
2023-10-12,0.06949210241353754,3,0.6320243,0.6082481
2023-10-12,0.06949210241353754,5,0.8516186,0.68562835
2023-10-12,0.06949210241353754,10,1.1748066,0.798568
2023-10-12,0.06949210241353754,21,1.7278183,0.8205012
2023-10-13,0.27055871235397433,1,0.0,-0.0014338652
2023-10-13,0.27055871235397433,3,0.84732896,0.6949252
2023-10-13,0.27055871235397433,5,0.7331076,0.7304412
2023-10-13,0.27055871235397433,10,1.6266923,0.8681673
2023-10-13,0.27055871235397433,21,1.7385443,0.9192758
2023-10-16,-1.1593449104465137,1,0.0,-0.00043911627
2023-10-16,-1.1593449104465137,3,0.2557061,0.6994853
2023-10-16,-1.1593449104465137,5,1.3470134,0.76762754
2023-10-16,-1.1593449104465137,10,1.6432408,0.9017485
2023-10-16,-1.1593449104465137,21,1.7353089,0.8937028
2023-10-17,-1.7472285830763212,1,0.0,-0.0011439808
2023-10-17,-1.7472285830763212,3,0.13656111,0.80654454
2023-10-17,-1.7472285830763212,5,1.3562868,0.8357725
2023-10-17,-1.7472285830763212,10,1.6629189,0.9495662
2023-10-17,-1.7472285830763212,21,1.7375381,0.9931496
2023-10-18,-1.6404493620984617,1,0.0,-7.933937e-06
2023-10-18,-1.6404493620984617,3,1.5902159,0.920292
2023-10-18,-1.6404493620984617,5,1.4618078,0.9817905
2023-10-18,-1.6404493620984617,10,1.6477284,1.0426702
2023-10-18,-1.6404493620984617,21,1.7187114,1.0331119
2023-10-19,-1.4193050574118793,1,0.0,-0.0016353508
2023-10-19,-1.4193050574118793,3,1.5120502,1.0064871
2023-10-19,-1.4193050574118793,5,1.3065886,1.0849346
2023-10-19,-1.4193050574118793,10,1.7239002,1.1249334
2023-10-19,-1.4193050574118793,21,1.6793909,1.0508096
2023-10-20,1.8380392488748676,1,0.0,-0.0044381027
2023-10-20,1.8380392488748676,3,1.3510706,0.9852879
2023-10-20,1.8380392488748676,5,2.1475565,1.1002859
2023-10-20,1.8380392488748676,10,2.063521,1.1415497
2023-10-20,1.8380392488748676,21,1.7197701,1.1469764
2023-10-23,-1.3172668170216006,1,0.0,-0.0023391382
2023-10-23,-1.3172668170216006,3,1.0061861,0.86447364
2023-10-23,-1.3172668170216006,5,1.8933668,0.97199136
2023-10-23,-1.3172668170216006,10,1.9629102,1.0360225
2023-10-23,-1.3172668170216006,21,1.6739588,1.0158648
2023-10-24,1.1248487498570547,1,0.0,-0.0023476435
2023-10-24,1.1248487498570547,3,2.2794237,0.89559853
2023-10-24,1.1248487498570547,5,1.9199059,0.95332724
2023-10-24,1.1248487498570547,10,1.9752144,1.0135732
2023-10-24,1.1248487498570547,21,1.6530209,1.0028281
2023-10-25,-0.3841349919164294,1,0.0,-0.0016876212
2023-10-25,-0.3841349919164294,3,2.0754583,0.8020105
2023-10-25,-0.3841349919164294,5,1.6135584,0.8795002
2023-10-25,-0.3841349919164294,10,1.9483038,0.9551501
2023-10-25,-0.3841349919164294,21,1.6373059,0.9670213
2023-10-26,-4.2850916910071035,1,0.0,-0.0024787146
2023-10-26,-4.2850916910071035,3,1.9504286,0.91159284
2023-10-26,-4.2850916910071035,5,1.8977647,0.98070806
2023-10-26,-4.2850916910071035,10,2.1766326,0.99635094
2023-10-26,-4.2850916910071035,21,1.709858,0.9989944
2023-10-27,0.4886426523767362,1,0.0,0.00011217408
2023-10-27,0.4886426523767362,3,0.9734619,0.8463317
2023-10-27,0.4886426523767362,5,1.8502743,0.9147734
2023-10-27,0.4886426523767362,10,1.6194344,0.9452708
2023-10-27,0.4886426523767362,21,1.4286817,0.8835491
2023-10-30,-1.7327895965211226,1,0.0,-0.001879537
2023-10-30,-1.7327895965211226,3,1.2634939,0.9934207
2023-10-30,-1.7327895965211226,5,1.8516196,1.1056386
2023-10-30,-1.7327895965211226,10,1.6930254,1.1032668
2023-10-30,-1.7327895965211226,21,1.4385271,1.1034137
2023-10-31,-1.37257719708197,1,0.0,-0.004935499
2023-10-31,-1.37257719708197,3,1.9434462,1.0296624
2023-10-31,-1.37257719708197,5,1.5542866,1.0702232
2023-10-31,-1.37257719708197,10,1.5564461,1.1094214
2023-10-31,-1.37257719708197,21,1.3809571,1.0721868
2023-11-01,1.1093761767680732,1,0.0,-0.0068718814
2023-11-01,1.1093761767680732,3,1.3670069,1.001778
2023-11-01,1.1093761767680732,5,1.4132524,1.0768157
2023-11-01,1.1093761767680732,10,1.4205995,1.1195791
2023-11-01,1.1093761767680732,21,1.3354014,1.0901263
2023-11-02,3.386403870845367,1,0.0,-0.0017591207
2023-11-02,3.386403870845367,3,1.3591492,0.7393419
2023-11-02,3.386403870845367,5,1.6354551,0.8959153
2023-11-02,3.386403870845367,10,1.4214853,0.9629973
2023-11-02,3.386403870845367,21,1.344062,0.9568357
2023-11-03,0.12173308507597014,1,0.0,-0.006021704
2023-11-03,0.12173308507597014,3,0.8382263,0.8033776
2023-11-03,0.12173308507597014,5,1.3298181,0.87946576
2023-11-03,0.12173308507597014,10,1.1233295,0.977164
2023-11-03,0.12173308507597014,21,1.1538576,0.93599385
2023-11-06,1.1890614791752796,1,0.0,-0.0048944247
2023-11-06,1.1890614791752796,3,1.5869755,0.8109243
2023-11-06,1.1890614791752796,5,1.5139993,0.82099265
2023-11-06,1.1890614791752796,10,1.3766276,0.9787043
2023-11-06,1.1890614791752796,21,1.1991485,1.0129255
2023-11-07,-0.8636197366324261,1,0.0,-0.0020129462
2023-11-07,-0.8636197366324261,3,1.6598436,0.6589724
2023-11-07,-0.8636197366324261,5,1.4787123,0.66474575
2023-11-07,-0.8636197366324261,10,1.3389131,0.8186257
2023-11-07,-0.8636197366324261,21,1.18381,0.81803536
2023-11-08,3.0215817288614666,1,0.0,-0.0017021629
2023-11-08,3.0215817288614666,3,1.7383051,0.74762625
2023-11-08,3.0215817288614666,5,1.3918664,0.803778
2023-11-08,3.0215817288614666,10,1.3024052,0.9551318
2023-11-08,3.0215817288614666,21,1.1749802,0.984796
2023-11-09,0.04130524635348465,1,0.0,-0.0007381202
2023-11-09,0.04130524635348465,3,0.5007406,0.9170642
2023-11-09,0.04130524635348465,5,0.79747236,1.0533816
2023-11-09,0.04130524635348465,10,0.93179977,1.1256049
2023-11-09,0.04130524635348465,21,0.9967461,1.1306154
2023-11-10,-1.1022105925417414,1,0.0,-0.0027418756
2023-11-10,-1.1022105925417414,3,0.80704767,1.0279119
2023-11-10,-1.1022105925417414,5,0.7957732,1.2134042
2023-11-10,-1.1022105925417414,10,1.159342,1.2762929
2023-11-10,-1.1022105925417414,21,0.9979341,1.2614659
2023-11-13,-0.14624732934800377,1,0.0,-0.003111186
2023-11-13,-0.14624732934800377,3,0.5557259,1.0809555
2023-11-13,-0.14624732934800377,5,1.178719,1.2593437
2023-11-13,-0.14624732934800377,10,1.1468444,1.2589928
2023-11-13,-0.14624732934800377,21,0.96440834,1.2447416
2023-11-14,0.874292834931012,1,0.0,-0.0026707263
2023-11-14,0.874292834931012,3,0.36566934,1.0333682
2023-11-14,0.874292834931012,5,1.1793954,1.2007225
2023-11-14,0.874292834931012,10,1.1627262,1.1942011
2023-11-14,0.874292834931012,21,0.9629431,1.1406935
2023-11-15,1.1441598141709086,1,0.0,5.2585267e-05
2023-11-15,1.1441598141709086,3,1.4097962,0.5516728
2023-11-15,1.1441598141709086,5,1.1478797,0.5880251
2023-11-15,1.1441598141709086,10,1.1472987,0.656969
2023-11-15,1.1441598141709086,21,0.9862741,0.69059426
2023-11-16,0.2695695195224168,1,0.0,0.0004622694
2023-11-16,0.2695695195224168,3,1.147112,0.6883621
2023-11-16,0.2695695195224168,5,1.0247592,0.8042342
2023-11-16,0.2695695195224168,10,1.1026415,0.8903393
2023-11-16,0.2695695195224168,21,0.95622057,0.938697
2023-11-17,-2.1862622586956704,1,0.0,-0.0026939833
2023-11-17,-2.1862622586956704,3,1.2384884,0.66381896
2023-11-17,-2.1862622586956704,5,1.2923559,0.7524769
2023-11-17,-2.1862622586956704,10,1.1055049,0.81665355
2023-11-17,-2.1862622586956704,21,0.9631599,0.87721395
2023-11-20,0.22405161650587146,1,0.0,-0.0008678683
2023-11-20,0.22405161650587146,3,0.16857651,0.9873019
2023-11-20,0.22405161650587146,5,1.1121279,1.0724615
2023-11-20,0.22405161650587146,10,0.9368126,1.0964193
2023-11-20,0.22405161650587146,21,0.86674994,1.059158
2023-11-21,0.6142414485121428,1,0.0,-0.0015679221
2023-11-21,0.6142414485121428,3,1.3066418,0.7688396
2023-11-21,0.6142414485121428,5,1.118787,0.81864786
2023-11-21,0.6142414485121428,10,1.0591646,0.875637
2023-11-21,0.6142414485121428,21,0.87020475,0.8813018
2023-11-22,0.30212046646544977,1,0.0,-0.0010054959
2023-11-22,0.30212046646544977,3,1.3170784,0.731312
2023-11-22,0.30212046646544977,5,1.128782,0.76065135
2023-11-22,0.30212046646544977,10,1.0587226,0.80616623
2023-11-22,0.30212046646544977,21,0.8639496,0.84485656
2023-11-23,-2.3004133861634912,1,0.0,-0.002197227
2023-11-23,-2.3004133861634912,3,1.206935,0.84793305
2023-11-23,-2.3004133861634912,5,1.1749699,0.91863775
2023-11-23,-2.3004133861634912,10,1.0902196,0.9532897
2023-11-23,-2.3004133861634912,21,0.8616882,0.9611262
2023-11-24,0.6519871088157103,1,0.0,-0.00039750617
2023-11-24,0.6519871088157103,3,0.6388354,0.6050388
2023-11-24,0.6519871088157103,5,0.68966055,0.6504347
2023-11-24,0.6519871088157103,10,0.7760012,0.7018413
2023-11-24,0.6519871088157103,21,0.6993234,0.72247463
2023-11-27,-0.6914991811865612,1,0.0,-0.00093475124
2023-11-27,-0.6914991811865612,3,0.643142,0.63728416
2023-11-27,-0.6914991811865612,5,0.7028711,0.71756285
2023-11-27,-0.6914991811865612,10,0.7670126,0.80772144
2023-11-27,-0.6914991811865612,21,0.7390192,0.7846616
2023-11-28,0.6750686276225437,1,0.0,-0.0020752526
2023-11-28,0.6750686276225437,3,0.68923956,0.6091516
2023-11-28,0.6750686276225437,5,0.782105,0.66689265
2023-11-28,0.6750686276225437,10,0.7031279,0.7540495
2023-11-28,0.6750686276225437,21,0.7201909,0.764776
2023-11-29,0.6705419919248001,1,0.0,0.00018900307
2023-11-29,0.6705419919248001,3,0.7029128,0.5605663
2023-11-29,0.6705419919248001,5,0.8719025,0.56720114
2023-11-29,0.6705419919248001,10,0.6949199,0.6596181
2023-11-29,0.6705419919248001,21,0.71111983,0.6867655
2023-11-30,-0.7892873245719301,1,0.0,-0.00073950645
2023-11-30,-0.7892873245719301,3,1.0056698,0.6352369
2023-11-30,-0.7892873245719301,5,0.8958865,0.6967421
2023-11-30,-0.7892873245719301,10,0.8092351,0.79479796
2023-11-30,-0.7892873245719301,21,0.7092013,0.85018
2023-12-01,0.7312363832420843,1,0.0,0.0013275901
2023-12-01,0.7312363832420843,3,0.8399537,0.8010647
2023-12-01,0.7312363832420843,5,0.807735,0.96781313
2023-12-01,0.7312363832420843,10,0.7716584,1.1254009
2023-12-01,0.7312363832420843,21,0.6801501,1.315009
2023-12-04,1.6494198877576416,1,0.0,0.0016098893
2023-12-04,1.6494198877576416,3,0.8510588,0.8915893
2023-12-04,1.6494198877576416,5,0.80193114,1.1038388
2023-12-04,1.6494198877576416,10,0.7830464,1.2606536
2023-12-04,1.6494198877576416,21,0.6677998,1.4911281
2023-12-05,-0.4042107754413493,1,0.0,-0.0005872417
2023-12-05,-0.4042107754413493,3,0.6388216,0.94150853
2023-12-05,-0.4042107754413493,5,0.50299376,1.084601
2023-12-05,-0.4042107754413493,10,0.60366786,1.2358712
2023-12-05,-0.4042107754413493,21,0.6159323,1.4293772
2023-12-06,0.9329357712332786,1,0.0,0.0011805352
2023-12-06,0.9329357712332786,3,0.5603526,0.9141029
2023-12-06,0.9329357712332786,5,0.4384305,1.0310147
2023-12-06,0.9329357712332786,10,0.6321974,1.1833197
2023-12-06,0.9329357712332786,21,0.6129481,1.399173
2023-12-07,-0.43951812808433743,1,0.0,0.0007557124
2023-12-07,-0.43951812808433743,3,0.29932728,0.8907855
2023-12-07,-0.43951812808433743,5,0.5484542,1.0025696
2023-12-07,-0.43951812808433743,10,0.55461895,1.1483191
2023-12-07,-0.43951812808433743,21,0.5893114,1.3150665
2023-12-08,0.26269756372601094,1,0.0,4.686974e-05
2023-12-08,0.26269756372601094,3,0.06896033,0.8766824
2023-12-08,0.26269756372601094,5,0.54328567,0.9821963
2023-12-08,0.26269756372601094,10,0.5606621,1.086886
2023-12-08,0.26269756372601094,21,0.5802542,1.2345945
2023-12-11,0.09422474185312169,1,0.0,0.0024681417
2023-12-11,0.09422474185312169,3,0.632769,0.6968618
2023-12-11,0.09422474185312169,5,0.51462245,0.82102066
2023-12-11,0.09422474185312169,10,0.54799396,0.9901508
2023-12-11,0.09422474185312169,21,0.5831952,1.2290331
2023-12-12,0.18907037184003883,1,0.0,0.0053229188
2023-12-12,0.18907037184003883,3,0.5700829,0.86873037
2023-12-12,0.18907037184003883,5,0.48351872,1.0037822
2023-12-12,0.18907037184003883,10,0.7101225,1.1148099
2023-12-12,0.18907037184003883,21,0.5835608,1.2653753
2023-12-13,-1.1981426478472557,1,0.0,0.0024407646
2023-12-13,-1.1981426478472557,3,0.341537,0.73722196
2023-12-13,-1.1981426478472557,5,0.55639595,0.87604874
2023-12-13,-1.1981426478472557,10,0.72117615,1.037349
2023-12-13,-1.1981426478472557,21,0.58380777,1.2329171
2023-12-14,-0.36595330208921695,1,0.0,0.0024266983
2023-12-14,-0.36595330208921695,3,0.23951156,0.774582
2023-12-14,-0.36595330208921695,5,0.56045073,0.879611
2023-12-14,-0.36595330208921695,10,0.6115776,1.0939187
2023-12-14,-0.36595330208921695,21,0.5332278,1.3120865
2023-12-15,-0.7078219596553303,1,0.0,0.0027326937
2023-12-15,-0.7078219596553303,3,0.5894818,0.8344152
2023-12-15,-0.7078219596553303,5,0.5757169,0.96254003
2023-12-15,-0.7078219596553303,10,0.61262757,1.1355275
2023-12-15,-0.7078219596553303,21,0.522242,1.2841269
2023-12-18,-0.9497924812669645,1,0.0,0.005273486
2023-12-18,-0.9497924812669645,3,0.63865274,0.8131949
2023-12-18,-0.9497924812669645,5,0.5010874,0.9335006
2023-12-18,-0.9497924812669645,10,0.5412083,1.1001259
2023-12-18,-0.9497924812669645,21,0.49643704,1.2443992
2023-12-19,0.4039892523894473,1,0.0,-0.0036443719
2023-12-19,0.4039892523894473,3,0.11945439,0.68475777
2023-12-19,0.4039892523894473,5,0.4458947,0.76114994
2023-12-19,0.4039892523894473,10,0.37156135,0.8288961
2023-12-19,0.4039892523894473,21,0.4241271,0.8457515
2023-12-20,0.40599766290707606,1,0.0,-0.008443555
2023-12-20,0.40599766290707606,3,0.14732872,0.8174444
2023-12-20,0.40599766290707606,5,0.4457362,0.9510456
2023-12-20,0.40599766290707606,10,0.43268308,1.0535924
2023-12-20,0.40599766290707606,21,0.42726728,1.1414899
2023-12-21,0.1515983932237397,1,0.0,-0.005409977
2023-12-21,0.1515983932237397,3,0.5719574,0.7938298
2023-12-21,0.1515983932237397,5,0.4886472,0.9315015
2023-12-21,0.1515983932237397,10,0.4346895,1.0433767
2023-12-21,0.1515983932237397,21,0.45615706,1.1518787
2023-12-22,0.057130163105334475,1,0.0,-0.0062381723
2023-12-22,0.057130163105334475,3,0.5297335,0.8278214
2023-12-22,0.057130163105334475,5,0.48011282,0.93542993
2023-12-22,0.057130163105334475,10,0.4255007,1.0755857
2023-12-22,0.057130163105334475,21,0.45693064,1.1475512
2023-12-25,1.3149078099838896,1,0.0,-0.0016812994
2023-12-25,1.3149078099838896,3,0.5574845,0.727008
2023-12-25,1.3149078099838896,5,0.4747791,0.858615
2023-12-25,1.3149078099838896,10,0.4035276,0.98954767
2023-12-25,1.3149078099838896,21,0.48393023,1.0386425
2023-12-26,0.4098384689346979,1,0.0,-0.000119963195
2023-12-26,0.4098384689346979,3,0.26658723,0.750905
2023-12-26,0.4098384689346979,5,0.23198019,0.93159044
2023-12-26,0.4098384689346979,10,0.34272826,1.1057823
2023-12-26,0.4098384689346979,21,0.4502605,1.2501131
2023-12-27,-0.023170427508922842,1,0.0,-0.00036382908
2023-12-27,-0.023170427508922842,3,0.27903065,0.6441997
2023-12-27,-0.023170427508922842,5,0.41529107,0.7386835
2023-12-27,-0.023170427508922842,10,0.34362662,0.83643484
2023-12-27,-0.023170427508922842,21,0.45827353,0.91998416
2023-12-28,0.6166387069041157,1,0.0,-0.0013282485
2023-12-28,0.6166387069041157,3,0.23424473,0.7073366
2023-12-28,0.6166387069041157,5,0.36261985,0.7755324
2023-12-28,0.6166387069041157,10,0.33567667,0.82827014
2023-12-28,0.6166387069041157,21,0.45842615,0.9403238
2023-12-29,0.0885402428949078,1,0.0,-0.0018577208
2023-12-29,0.0885402428949078,3,0.4584646,0.7075038
2023-12-29,0.0885402428949078,5,0.3623605,0.7679957
2023-12-29,0.0885402428949078,10,0.43583563,0.81582075
2023-12-29,0.0885402428949078,21,0.45191127,0.91659755
2024-01-02,0.15829154588509198,1,0.0,0.00051660184
2024-01-02,0.15829154588509198,3,0.3829276,0.7575771
2024-01-02,0.15829154588509198,5,0.3148641,0.8322229
2024-01-02,0.15829154588509198,10,0.44214624,0.8702894
2024-01-02,0.15829154588509198,21,0.4522567,1.0075448
2024-01-03,1.0940883954456915,1,0.0,-0.0021384987
2024-01-03,1.0940883954456915,3,0.31424987,0.7383453
2024-01-03,1.0940883954456915,5,0.39632016,0.8147209
2024-01-03,1.0940883954456915,10,0.4725462,0.8731505
2024-01-03,1.0940883954456915,21,0.5556067,1.0014076
2024-01-04,0.5708350104895565,1,0.0,0.0007975097
2024-01-04,0.5708350104895565,3,0.093217336,0.8651971
2024-01-04,0.5708350104895565,5,0.24501808,0.9609404
2024-01-04,0.5708350104895565,10,0.39167604,1.1099082
2024-01-04,0.5708350104895565,21,0.5313786,1.2999969
2024-01-05,0.34354158885108177,1,0.0,0.00096266856
2024-01-05,0.34354158885108177,3,0.26384157,0.79438543
2024-01-05,0.34354158885108177,5,0.21633908,0.87829953
2024-01-05,0.34354158885108177,10,0.39056298,1.0416247
2024-01-05,0.34354158885108177,21,0.522471,1.2155361
2024-01-08,0.4760535499576335,1,0.0,-0.0011104178
2024-01-08,0.4760535499576335,3,0.25389013,0.7888487
2024-01-08,0.4760535499576335,5,0.38344383,0.8392566
2024-01-08,0.4760535499576335,10,0.4743993,1.0119406
2024-01-08,0.4760535499576335,21,0.56705976,1.1739068
2024-01-09,-0.13800362724651905,1,0.0,-0.0019154041
2024-01-09,-0.13800362724651905,3,0.16015585,0.79791874
2024-01-09,-0.13800362724651905,5,0.3019968,0.8784835
2024-01-09,-0.13800362724651905,10,0.46796468,1.0555652
2024-01-09,-0.13800362724651905,21,0.5620371,1.2083212
2024-01-10,0.25429623251449485,1,0.0,-0.0007335562
2024-01-10,0.25429623251449485,3,0.38805982,0.67607963
2024-01-10,0.25429623251449485,5,0.46150747,0.72562593
2024-01-10,0.25429623251449485,10,0.49894917,0.9151922
2024-01-10,0.25429623251449485,21,0.5795325,1.0482075
2024-01-11,0.05852583910650466,1,0.0,0.00048203254
2024-01-11,0.05852583910650466,3,0.31114483,0.81272054
2024-01-11,0.05852583910650466,5,0.45428136,0.85972303
2024-01-11,0.05852583910650466,10,0.523415,1.077117
2024-01-11,0.05852583910650466,21,0.5803435,1.1395072
2024-01-12,-0.6491399277167353,1,0.0,-0.002636816
2024-01-12,-0.6491399277167353,3,0.58461165,0.7964005
2024-01-12,-0.6491399277167353,5,0.50492907,0.87919706
2024-01-12,-0.6491399277167353,10,0.532213,1.1221516
2024-01-12,-0.6491399277167353,21,0.5869288,1.1460537
2024-01-15,-0.05024211607675966,1,0.0,-0.0053336215
2024-01-15,-0.05024211607675966,3,0.38998377,0.9281501
2024-01-15,-0.05024211607675966,5,0.4449173,1.0208896
2024-01-15,-0.05024211607675966,10,0.48375487,1.2512604
2024-01-15,-0.05024211607675966,21,0.59713143,1.2164053
2024-01-16,0.7767900826126883,1,0.0,-0.0065332823
2024-01-16,0.7767900826126883,3,0.35038215,0.87515694
2024-01-16,0.7767900826126883,5,0.41068506,0.9937412
2024-01-16,0.7767900826126883,10,0.48152876,1.1785927
2024-01-16,0.7767900826126883,21,0.5930328,1.188079
2024-01-17,-0.050738504302660914,1,0.0,-0.0021045269
2024-01-17,-0.050738504302660914,3,0.45361304,0.9373987
2024-01-17,-0.050738504302660914,5,0.5204317,1.0389712
2024-01-17,-0.050738504302660914,10,0.44408405,1.2151543
2024-01-17,-0.050738504302660914,21,0.58658063,1.1721662
2024-01-18,0.5601342494384376,1,0.0,-0.005364302
2024-01-18,0.5601342494384376,3,0.38536197,0.9876748
2024-01-18,0.5601342494384376,5,0.5731236,1.1184658
2024-01-18,0.5601342494384376,10,0.62286353,1.2901973
2024-01-18,0.5601342494384376,21,0.5921049,1.3263136
2024-01-19,1.0584810552434654,1,0.0,0.00023331586
2024-01-19,1.0584810552434654,3,0.62380445,0.98684585
2024-01-19,1.0584810552434654,5,0.55411106,1.1621836
2024-01-19,1.0584810552434654,10,0.6412655,1.3413701
2024-01-19,1.0584810552434654,21,0.66922015,1.3892146
2024-01-22,0.11504171530498652,1,0.0,-8.6733606e-05
2024-01-22,0.11504171530498652,3,0.25368822,0.93580353
2024-01-22,0.11504171530498652,5,0.33838746,1.1104068
2024-01-22,0.11504171530498652,10,0.5428677,1.2648274
2024-01-22,0.11504171530498652,21,0.6655842,1.280603
2024-01-23,-0.45416878894393165,1,0.0,0.0014353655
2024-01-23,-0.45416878894393165,3,0.0974202,1.0287907
2024-01-23,-0.45416878894393165,5,0.3268955,1.2381119
2024-01-23,-0.45416878894393165,10,0.65549564,1.3967803
2024-01-23,-0.45416878894393165,21,0.6930076,1.4141037
2024-01-24,-0.38545530117248816,1,0.0,0.0013361503
2024-01-24,-0.38545530117248816,3,0.36235383,1.1572614
2024-01-24,-0.38545530117248816,5,0.31886703,1.3959063
2024-01-24,-0.38545530117248816,10,0.6366453,1.5910816
2024-01-24,-0.38545530117248816,21,0.71770424,1.6556394
2024-01-25,-0.2219055763919897,1,0.0,0.0018961953
2024-01-25,-0.2219055763919897,3,0.28018376,1.0662378
2024-01-25,-0.2219055763919897,5,0.62767696,1.2929772
2024-01-25,-0.2219055763919897,10,0.65077794,1.4489502
2024-01-25,-0.2219055763919897,21,0.7085126,1.5825232
2024-01-26,0.45182597197630514,1,0.0,-0.0006392081
2024-01-26,0.45182597197630514,3,0.19087413,0.9374869
2024-01-26,0.45182597197630514,5,0.7177347,1.092733
2024-01-26,0.45182597197630514,10,0.63454336,1.1604618
2024-01-26,0.45182597197630514,21,0.6986714,1.2845856
2024-01-29,0.001701143168286734,1,0.0,-0.0025132066
2024-01-29,0.001701143168286734,3,0.7099479,0.6757059
2024-01-29,0.001701143168286734,5,0.6883724,0.7952294
2024-01-29,0.001701143168286734,10,0.6401525,0.8953032
2024-01-29,0.001701143168286734,21,0.6985315,0.9769619
2024-01-30,0.3362575026348402,1,0.0,-0.003398443
2024-01-30,0.3362575026348402,3,0.88779986,0.8231628
2024-01-30,0.3362575026348402,5,0.8416141,0.91522294
2024-01-30,0.3362575026348402,10,0.69279444,1.0136114
2024-01-30,0.3362575026348402,21,0.69798434,1.100209
2024-01-31,-1.3089147434965476,1,0.0,-0.0063337986
2024-01-31,-1.3089147434965476,3,0.84633565,0.7380499
2024-01-31,-1.3089147434965476,5,0.83821946,0.86674446
2024-01-31,-1.3089147434965476,10,0.6923521,0.9891438
2024-01-31,-1.3089147434965476,21,0.7261736,1.0743222
2024-02-01,0.7452982948744413,1,0.0,-0.0011711852
2024-02-01,0.7452982948744413,3,0.49248666,0.607927
2024-02-01,0.7452982948744413,5,0.43402827,0.65981585
2024-02-01,0.7452982948744413,10,0.4260616,0.73938054
2024-02-01,0.7452982948744413,21,0.62776875,0.81353027
2024-02-02,-0.04007554720519835,1,0.0,-0.0008318983
2024-02-02,-0.04007554720519835,3,0.5112359,0.48396486
2024-02-02,-0.04007554720519835,5,0.4340068,0.5223038
2024-02-02,-0.04007554720519835,10,0.47730836,0.61481935
2024-02-02,-0.04007554720519835,21,0.7632865,0.6859314
2024-02-05,1.1456025162803307,1,0.0,-0.002729583
2024-02-05,1.1456025162803307,3,0.3924872,0.51246715
2024-02-05,1.1456025162803307,5,0.34144533,0.5227657
2024-02-05,1.1456025162803307,10,0.693131,0.62035316
2024-02-05,1.1456025162803307,21,0.8059755,0.675029
2024-02-06,0.20382902270332792,1,0.0,-0.00040336838
2024-02-06,0.20382902270332792,3,0.27586964,0.41437292
2024-02-06,0.20382902270332792,5,0.37574565,0.42027786
2024-02-06,0.20382902270332792,10,0.6771217,0.5427415
2024-02-06,0.20382902270332792,21,0.78978264,0.607902
2024-02-07,0.8420626125986708,1,0.0,-0.0035393764
2024-02-07,0.8420626125986708,3,0.20882598,0.5140187
2024-02-07,0.8420626125986708,5,0.3332298,0.5844509
2024-02-07,0.8420626125986708,10,0.7126382,0.7245132
2024-02-07,0.8420626125986708,21,0.8774986,0.8574746
2024-02-15,0.3306917129643594,1,0.0,-0.0071605
2024-02-15,0.3306917129643594,3,0.38820735,0.5937847
2024-02-15,0.3306917129643594,5,0.41576058,0.69413126
2024-02-15,0.3306917129643594,10,0.7612491,0.8580559
2024-02-15,0.3306917129643594,21,0.8855461,0.8950799
2024-02-16,0.5969671985886826,1,0.0,-0.0045363647
2024-02-16,0.5969671985886826,3,0.36064845,0.5342956
2024-02-16,0.5969671985886826,5,0.5132391,0.6226283
2024-02-16,0.5969671985886826,10,0.78223026,0.73310214
2024-02-16,0.5969671985886826,21,0.88750863,0.80081195
2024-02-19,1.2543958917226483,1,0.0,-0.0028803474
2024-02-19,1.2543958917226483,3,0.5223921,0.5244665
2024-02-19,1.2543958917226483,5,0.82016563,0.6595044
2024-02-19,1.2543958917226483,10,0.7798892,0.802963
2024-02-19,1.2543958917226483,21,0.9660851,0.91622454
2024-02-20,0.41465947815089166,1,0.0,-0.0027145646
2024-02-20,0.41465947815089166,3,0.26405397,0.61435574
2024-02-20,0.41465947815089166,5,0.7475892,0.7092944
2024-02-20,0.41465947815089166,10,0.7253583,0.830246
2024-02-20,0.41465947815089166,21,0.93353504,0.89377904
2024-02-21,-0.0016259501646409547,1,0.0,-0.00092879124
2024-02-21,-0.0016259501646409547,3,0.5464648,0.56015706
2024-02-21,-0.0016259501646409547,5,0.8622458,0.6653541
2024-02-21,-0.0016259501646409547,10,0.7339768,0.7934454
2024-02-21,-0.0016259501646409547,21,0.97421896,0.8498953
2024-02-22,-0.22219066255413367,1,0.0,-0.0021443036
2024-02-22,-0.22219066255413367,3,0.9214263,0.5839032
2024-02-22,-0.22219066255413367,5,0.98914325,0.6565257
2024-02-22,-0.22219066255413367,10,0.7776281,0.7111919
2024-02-22,-0.22219066255413367,21,1.0051215,0.76662046
2024-02-23,-1.2552894908091083,1,0.0,-0.002142225
2024-02-23,-1.2552894908091083,3,1.0822518,0.53863
2024-02-23,-1.2552894908091083,5,0.9799759,0.60239404
2024-02-23,-1.2552894908091083,10,0.7617775,0.6711193
2024-02-23,-1.2552894908091083,21,1.0023053,0.7433476
2024-02-26,0.9991175687732223,1,0.0,0.00017147278
2024-02-26,0.9991175687732223,3,0.16000488,0.49580735
2024-02-26,0.9991175687732223,5,0.5391439,0.545905
2024-02-26,0.9991175687732223,10,0.854682,0.61858785
2024-02-26,0.9991175687732223,21,0.9916008,0.6996601
2024-02-27,1.0797828371123863,1,0.0,0.0009904201
2024-02-27,1.0797828371123863,3,0.65712476,0.5688634
2024-02-27,1.0797828371123863,5,0.55306274,0.66080946
2024-02-27,1.0797828371123863,10,0.89225024,0.75660235
2024-02-27,1.0797828371123863,21,0.9967132,0.8223329
2024-02-28,1.3716050840652194,1,0.0,0.0018293711
2024-02-28,1.3716050840652194,3,0.6244584,0.60324746
2024-02-28,1.3716050840652194,5,0.5044173,0.68129224
2024-02-28,1.3716050840652194,10,0.86203015,0.777446
2024-02-28,1.3716050840652194,21,0.9782969,0.8623156
2024-02-29,-0.14517726936436048,1,0.0,-2.3399945e-05
2024-02-29,-0.14517726936436048,3,0.24432737,0.6037021
2024-02-29,-0.14517726936436048,5,0.4427121,0.7054507
2024-02-29,-0.14517726936436048,10,0.9767651,0.833676
2024-02-29,-0.14517726936436048,21,0.9454561,0.90788215
2024-03-01,0.44205391756992896,1,0.0,-0.003715741
2024-03-01,0.44205391756992896,3,0.17527103,0.66712993
2024-03-01,0.44205391756992896,5,0.43288198,0.7699356
2024-03-01,0.44205391756992896,10,0.9919013,0.8959601
2024-03-01,0.44205391756992896,21,0.9526098,0.9849685
2024-03-04,0.24844338866847337,1,0.0,-0.0009431294
2024-03-04,0.24844338866847337,3,0.51846385,0.5674378
2024-03-04,0.24844338866847337,5,0.86222464,0.65906745
2024-03-04,0.24844338866847337,10,0.9853744,0.8349003
2024-03-04,0.24844338866847337,21,0.9520183,0.9141852
2024-03-05,0.6771009399630934,1,0.0,-0.002417251
2024-03-05,0.6771009399630934,3,0.5439594,0.5731977
2024-03-05,0.6771009399630934,5,0.87843305,0.61262745
2024-03-05,0.6771009399630934,10,1.0984195,0.75198203
2024-03-05,0.6771009399630934,21,0.9542625,0.8420954
2024-03-06,-0.5725108522239175,1,0.0,-0.004068808
2024-03-06,-0.5725108522239175,3,0.87017506,0.62693024
2024-03-06,-0.5725108522239175,5,0.9011767,0.70692295
2024-03-06,-0.5725108522239175,10,1.0647902,0.85377556
2024-03-06,-0.5725108522239175,21,0.98410964,0.9221676
2024-03-07,0.4527522460195499,1,0.0,-0.0037969868
2024-03-07,0.4527522460195499,3,0.88483477,0.6249623
2024-03-07,0.4527522460195499,5,1.3084803,0.69126487
2024-03-07,0.4527522460195499,10,1.1605413,0.7984761
2024-03-07,0.4527522460195499,21,0.9775098,0.89293057
2024-03-08,-1.678226531984972,1,0.0,-0.002622215
2024-03-08,-1.678226531984972,3,1.0255857,0.5996249
2024-03-08,-1.678226531984972,5,1.3154669,0.68105346
2024-03-08,-1.678226531984972,10,1.2201988,0.787618
2024-03-08,-1.678226531984972,21,0.99765146,0.87923634
2024-03-11,-0.9553648408450854,1,0.0,-0.0034335484
2024-03-11,-0.9553648408450854,3,1.2229002,0.6661341
2024-03-11,-0.9553648408450854,5,1.0504075,0.7466075
2024-03-11,-0.9553648408450854,10,1.074533,0.8161958
2024-03-11,-0.9553648408450854,21,0.9329924,0.89388365
2024-03-12,0.7667877392012912,1,0.0,-0.003947335
2024-03-12,0.7667877392012912,3,1.0293691,0.7227722
2024-03-12,0.7667877392012912,5,1.2217374,0.81540006
2024-03-12,0.7667877392012912,10,1.0909886,0.89039856
2024-03-12,0.7667877392012912,21,0.9290767,0.9582351
2024-03-13,2.0282864747397156,1,0.0,-0.0027249684
2024-03-13,2.0282864747397156,3,1.0971789,0.7710331
2024-03-13,2.0282864747397156,5,1.1797892,0.8656605
2024-03-13,2.0282864747397156,10,1.1127843,0.9670621
2024-03-13,2.0282864747397156,21,0.92131263,1.0273926
2024-03-14,-0.4931423889433795,1,0.0,-0.000631724
2024-03-14,-0.4931423889433795,3,0.6617674,0.7225775
2024-03-14,-0.4931423889433795,5,0.96964055,0.8198202
2024-03-14,-0.4931423889433795,10,0.95099163,0.9481128
2024-03-14,-0.4931423889433795,21,0.8083719,0.9920145
2024-03-15,-0.037974083144920456,1,0.0,0.0010162583
2024-03-15,-0.037974083144920456,3,0.7308102,0.7400481
2024-03-15,-0.037974083144920456,5,1.1018584,0.81279486
2024-03-15,-0.037974083144920456,10,0.9375244,0.89906657
2024-03-15,-0.037974083144920456,21,0.86154795,0.950997
2024-03-18,-1.6128995941195434,1,0.0,-0.00086731464
2024-03-18,-1.6128995941195434,3,1.233373,0.6188965
2024-03-18,-1.6128995941195434,5,1.0980238,0.69191307
2024-03-18,-1.6128995941195434,10,0.95758235,0.79118
2024-03-18,-1.6128995941195434,21,1.3471116,0.8513027
2024-03-19,-0.0884948690507592,1,0.0,0.0011283406
2024-03-19,-0.0884948690507592,3,0.67907465,0.77934706
2024-03-19,-0.0884948690507592,5,0.9246021,0.85158587
2024-03-19,-0.0884948690507592,10,0.7719061,0.910005
2024-03-19,-0.0884948690507592,21,1.3085344,0.937861
2024-03-20,1.4081925699860776,1,0.0,0.0037768425
2024-03-20,1.4081925699860776,3,0.440045,0.60020053
2024-03-20,1.4081925699860776,5,0.9272367,0.65715855
2024-03-20,1.4081925699860776,10,0.7613631,0.7670074
2024-03-20,1.4081925699860776,21,1.36194,0.8686298
2024-03-21,1.2884073357107617,1,0.0,0.004039046
2024-03-21,1.2884073357107617,3,0.98426515,0.55346775
2024-03-21,1.2884073357107617,5,0.8542931,0.5889006
2024-03-21,1.2884073357107617,10,0.80354506,0.71827
2024-03-21,1.2884073357107617,21,1.3411467,0.86929655
2024-03-22,0.4206055719539137,1,0.0,0.009121828
2024-03-22,0.4206055719539137,3,0.92574954,0.654006
2024-03-22,0.4206055719539137,5,0.7372567,0.7585706
2024-03-22,0.4206055719539137,10,0.7000637,0.9266635
2024-03-22,0.4206055719539137,21,1.3418031,1.1013514
2024-03-25,-1.093490026323618,1,0.0,0.0023117322
2024-03-25,-1.093490026323618,3,0.90622663,0.71421516
2024-03-25,-1.093490026323618,5,0.7730801,0.78371006
2024-03-25,-1.093490026323618,10,0.7353313,0.89197594
2024-03-25,-1.093490026323618,21,1.3397962,1.0088339
2024-03-26,1.1254711811158558,1,0.0,0.003211054
2024-03-26,1.1254711811158558,3,0.4320069,0.52857685
2024-03-26,1.1254711811158558,5,0.56733924,0.59873426
2024-03-26,1.1254711811158558,10,0.67861235,0.7109029
2024-03-26,1.1254711811158558,21,1.4530175,0.805421
2024-03-27,0.06860796277381453,1,0.0,-1.6099308e-05
2024-03-27,0.06860796277381453,3,0.41835988,0.6094221
2024-03-27,0.06860796277381453,5,0.38179418,0.677659
2024-03-27,0.06860796277381453,10,0.65456027,0.8049043
2024-03-27,0.06860796277381453,21,1.4216247,0.9099137
2024-03-28,0.5510512259565559,1,0.0,0.0023534496
2024-03-28,0.5510512259565559,3,0.43307567,0.6611946
2024-03-28,0.5510512259565559,5,0.64316016,0.72308326
2024-03-28,0.5510512259565559,10,0.65219265,0.8816679
2024-03-28,0.5510512259565559,21,1.4268944,0.9757137
2024-03-29,-0.4731447253933929,1,0.0,0.00035791937
2024-03-29,-0.4731447253933929,3,0.3781315,0.62562054
2024-03-29,-0.4731447253933929,5,0.53040165,0.67421764
2024-03-29,-0.4731447253933929,10,0.6077277,0.7986018
2024-03-29,-0.4731447253933929,21,1.4272544,0.8727019
2024-04-01,-0.200342285819044,1,0.0,0.0039539663
2024-04-01,-0.200342285819044,3,0.67850935,0.6565201
2024-04-01,-0.200342285819044,5,0.6021802,0.7409631
2024-04-01,-0.200342285819044,10,0.78568465,0.87894315
2024-04-01,-0.200342285819044,21,1.4333899,0.93507665
2024-04-02,0.429813475100449,1,0.0,0.0018372154
2024-04-02,0.429813475100449,3,0.67559695,0.75095737
2024-04-02,0.429813475100449,5,0.59107983,0.8484215
2024-04-02,0.429813475100449,10,1.6319376,0.9404225
2024-04-02,0.429813475100449,21,1.4900024,0.99509937
2024-04-03,-1.2171296740508097,1,0.0,0.0009221751
2024-04-03,-1.2171296740508097,3,0.41900608,0.6843749
2024-04-03,-1.2171296740508097,5,0.77945507,0.7952756
2024-04-03,-1.2171296740508097,10,1.6093899,0.88700014
2024-04-03,-1.2171296740508097,21,1.492814,0.9290841
2024-04-04,-0.2535713956925534,1,0.0,0.0012391142
2024-04-04,-0.2535713956925534,3,0.34550533,0.8666936
2024-04-04,-0.2535713956925534,5,0.66091603,0.9549108
2024-04-04,-0.2535713956925534,10,1.6480347,1.0393591
2024-04-04,-0.2535713956925534,21,1.4742768,1.1075891
2024-04-05,-1.0414779319509293,1,0.0,0.00329793
2024-04-05,-1.0414779319509293,3,0.8470549,0.7871262
2024-04-05,-1.0414779319509293,5,0.66366905,0.8719624
2024-04-05,-1.0414779319509293,10,1.662944,1.0006461
2024-04-05,-1.0414779319509293,21,1.4738485,1.0915639
2024-04-08,-0.3799706023627003,1,0.0,0.0007755449
2024-04-08,-0.3799706023627003,3,0.6372502,0.8542912
2024-04-08,-0.3799706023627003,5,0.745054,0.9230808
2024-04-08,-0.3799706023627003,10,1.7689657,1.0210477
2024-04-08,-0.3799706023627003,21,1.4592011,1.0541526
2024-04-09,0.9923803275472487,1,0.0,-0.0009204806
2024-04-09,0.9923803275472487,3,0.5684051,0.7136664
2024-04-09,0.9923803275472487,5,2.2305992,0.8011779
2024-04-09,0.9923803275472487,10,1.775529,0.9133068
2024-04-09,0.9923803275472487,21,1.4590256,0.9379207
2024-04-10,-0.3379105135691063,1,0.0,-0.002995485
2024-04-10,-0.3379105135691063,3,0.7810569,0.74643844
2024-04-10,-0.3379105135691063,5,2.1213608,0.8192136
2024-04-10,-0.3379105135691063,10,1.9393462,0.9154622
2024-04-10,-0.3379105135691063,21,1.4425067,0.92263573
2024-04-11,-0.028608210751457364,1,0.0,0.00026912428
2024-04-11,-0.028608210751457364,3,2.673624,0.65797406
2024-04-11,-0.028608210751457364,5,2.149544,0.7068608
2024-04-11,-0.028608210751457364,10,1.9430709,0.814472
2024-04-11,-0.028608210751457364,21,1.4554522,0.82007986
2024-04-12,1.4518165686027373,1,0.0,0.001490534
2024-04-12,1.4518165686027373,3,2.667139,0.8060865
2024-04-12,1.4518165686027373,5,2.0871468,0.86753553
2024-04-12,1.4518165686027373,10,1.9553242,0.9931918
2024-04-12,1.4518165686027373,21,1.4761156,1.0521752
2024-04-15,-4.813199134065993,1,0.0,0.005030213
2024-04-15,-4.813199134065993,3,1.9518521,0.86594397
2024-04-15,-4.813199134065993,5,2.0465114,0.9638552
2024-04-15,-4.813199134065993,10,1.8884815,1.1194389
2024-04-15,-4.813199134065993,21,1.4441241,1.2534167
2024-04-16,-0.07647114820361622,1,0.0,0.0010189353
2024-04-16,-0.07647114820361622,3,0.78223103,1.3453848
2024-04-16,-0.07647114820361622,5,1.1504747,1.4703501
2024-04-16,-0.07647114820361622,10,1.2233945,1.5049577
2024-04-16,-0.07647114820361622,21,0.9664926,1.4285334
2024-04-17,-1.8824065706802173,1,0.0,0.0016367417
2024-04-17,-1.8824065706802173,3,1.425069,0.9131883
2024-04-17,-1.8824065706802173,5,1.6867813,0.99315506
2024-04-17,-1.8824065706802173,10,1.3158795,1.0202109
2024-04-17,-1.8824065706802173,21,0.9658933,1.0335056
2024-04-19,-1.533904543784459,1,0.0,-0.0015655081
2024-04-19,-1.533904543784459,3,1.2432228,0.93942803
2024-04-19,-1.533904543784459,5,1.4577304,1.0319449
2024-04-19,-1.533904543784459,10,1.116269,1.096254
2024-04-19,-1.533904543784459,21,0.8765056,1.0839772
2024-04-22,1.2997684113457808,1,0.0,-0.0012475885
2024-04-22,1.2997684113457808,3,1.4424095,1.0742793
2024-04-22,1.2997684113457808,5,1.1765565,1.1942075
2024-04-22,1.2997684113457808,10,0.911888,1.2613508
2024-04-22,1.2997684113457808,21,0.79174995,1.2049465
2024-04-23,-1.082954637391076,1,0.0,-0.00073871436
2024-04-23,-1.082954637391076,3,1.4463725,0.895923
2024-04-23,-1.082954637391076,5,1.1222985,0.9703006
2024-04-23,-1.082954637391076,10,0.9078181,1.040068
2024-04-23,-1.082954637391076,21,0.8637282,1.0118982
2024-04-24,2.3677045308807543,1,0.0,0.00085087586
2024-04-24,2.3677045308807543,3,1.0545415,0.8474734
2024-04-24,2.3677045308807543,5,0.8447289,0.90805846
2024-04-24,2.3677045308807543,10,0.7984143,0.9823269
2024-04-24,2.3677045308807543,21,0.80861896,0.9460044
2024-04-25,-0.05309925536911564,1,0.0,-0.0018953285
2024-04-25,-0.05309925536911564,3,0.25832483,0.81962705
2024-04-25,-0.05309925536911564,5,0.577349,0.93352836
2024-04-25,-0.05309925536911564,10,0.56493646,0.9948862
2024-04-25,-0.05309925536911564,21,0.69536525,0.9962002
2024-04-26,0.3768916322668403,1,0.0,-0.0026166267
2024-04-26,0.3768916322668403,3,0.086718254,0.9088409
2024-04-26,0.3768916322668403,5,0.48568237,1.0431622
2024-04-26,0.3768916322668403,10,0.55413824,1.126552
2024-04-26,0.3768916322668403,21,0.7244475,1.1427037
2024-05-02,0.5639205670812331,1,0.0,0.00094937114
2024-05-02,0.5639205670812331,3,0.5683454,0.7927696
2024-05-02,0.5639205670812331,5,0.5246505,0.8745927
2024-05-02,0.5639205670812331,10,0.5807619,0.95098525
2024-05-02,0.5639205670812331,21,0.7414868,0.993143
2024-05-03,0.3831972490678126,1,0.0,0.0017348612
2024-05-03,0.3831972490678126,3,0.567931,0.8468692
2024-05-03,0.3831972490678126,5,0.6202593,0.93189126
2024-05-03,0.3831972490678126,10,0.624699,1.0528866
2024-05-03,0.3831972490678126,21,0.74721116,1.1247755
2024-05-06,1.668999721835629,1,0.0,0.0011625458
2024-05-06,1.668999721835629,3,0.64208657,0.99448997
2024-05-06,1.668999721835629,5,0.7087238,1.067118
2024-05-06,1.668999721835629,10,0.62509257,1.1262784
2024-05-06,1.668999721835629,21,0.793607,1.1347373
2024-05-07,0.5662188197348428,1,0.0,0.0014101041
2024-05-07,0.5662188197348428,3,0.29217377,0.853389
2024-05-07,0.5662188197348428,5,0.34437037,0.9647141
2024-05-07,0.5662188197348428,10,0.46607655,1.0598524
2024-05-07,0.5662188197348428,21,0.72537905,1.1221489
2024-05-08,0.14645333518128467,1,0.0,0.001652984
2024-05-08,0.14645333518128467,3,0.19098009,0.80760694
2024-05-08,0.14645333518128467,5,0.24509087,0.91492826
2024-05-08,0.14645333518128467,10,0.46477428,1.0023179
2024-05-08,0.14645333518128467,21,0.71978706,1.0691534
2024-05-09,-0.14565246062625548,1,0.0,-0.00011370238
2024-05-09,-0.14565246062625548,3,0.09363177,0.6957089
2024-05-09,-0.14565246062625548,5,0.46637574,0.7588535
2024-05-09,-0.14565246062625548,10,0.5589609,0.85622877
2024-05-09,-0.14565246062625548,21,0.7209818,0.90416425
2024-05-10,-0.3160421987759676,1,0.0,-0.0019703195
2024-05-10,-0.3160421987759676,3,0.27861056,0.78719753
2024-05-10,-0.3160421987759676,5,0.6123753,0.8380778
2024-05-10,-0.3160421987759676,10,0.6202079,0.9316939
2024-05-10,-0.3160421987759676,21,0.71941197,1.0274136
2024-05-13,-0.36380066524071,1,0.0,0.0006741602
2024-05-13,-0.36380066524071,3,0.5117512,0.87380195
2024-05-13,-0.36380066524071,5,0.5262345,0.95178443
2024-05-13,-0.36380066524071,10,0.8043749,1.036418
2024-05-13,-0.36380066524071,21,0.7121046,1.1982505
2024-05-14,0.2496518252831592,1,0.0,0.0020487914
2024-05-14,0.2496518252831592,3,0.37512136,1.1903535
2024-05-14,0.2496518252831592,5,0.35447207,1.257775
2024-05-14,0.2496518252831592,10,0.7907279,1.267211
2024-05-14,0.2496518252831592,21,0.7169563,1.2770103
2024-05-15,0.8896350018235744,1,0.0,-9.0560876e-05
2024-05-15,0.8896350018235744,3,0.33404285,0.8537257
2024-05-15,0.8896350018235744,5,0.42156973,0.8974008
2024-05-15,0.8896350018235744,10,0.83417165,0.9078974
2024-05-15,0.8896350018235744,21,0.751321,0.95663685
2024-05-16,1.1406410205156092,1,0.0,0.00043006102
2024-05-16,1.1406410205156092,3,0.37481073,0.8021873
2024-05-16,1.1406410205156092,5,0.6309816,0.8885167
2024-05-16,1.1406410205156092,10,0.85980016,0.95624477
2024-05-16,1.1406410205156092,21,0.73612165,1.058265
2024-05-17,0.3406917048512703,1,0.0,-0.0010934784
2024-05-17,0.3406917048512703,3,0.17919669,0.8949149
2024-05-17,0.3406917048512703,5,0.6214017,1.0044364
2024-05-17,0.3406917048512703,10,0.8089632,1.0791154
2024-05-17,0.3406917048512703,21,0.80149406,1.1168326
2024-05-20,0.3504937547101683,1,0.0,-0.00092676934
2024-05-20,0.3504937547101683,3,0.48006338,0.8003329
2024-05-20,0.3504937547101683,5,0.905575,0.8973687
2024-05-20,0.3504937547101683,10,0.80520695,0.96908003
2024-05-20,0.3504937547101683,21,0.8039077,0.9835778
2024-05-21,-0.03444604530837836,1,0.0,-0.0015327567
2024-05-21,-0.03444604530837836,3,0.78574663,0.65434307
2024-05-21,-0.03444604530837836,5,0.9185563,0.6910139
2024-05-21,-0.03444604530837836,10,0.9223326,0.7819123
2024-05-21,-0.03444604530837836,21,0.80432385,0.8240872
2024-05-22,-0.8042338113606995,1,0.0,-0.0008784528
2024-05-22,-0.8042338113606995,3,1.1035434,0.70394707
2024-05-22,-0.8042338113606995,5,1.0514501,0.821572
2024-05-22,-0.8042338113606995,10,0.9252002,0.90492135
2024-05-22,-0.8042338113606995,21,0.80427516,0.94932806
2024-05-23,1.108357696658402,1,0.0,-0.002659855
2024-05-23,1.108357696658402,3,1.1091365,0.81576854
2024-05-23,1.108357696658402,5,1.0365819,0.93375736
2024-05-23,1.108357696658402,10,0.88063914,1.0215
2024-05-23,1.108357696658402,21,0.78401434,1.0892129
2024-05-24,-1.5022146775362621,1,0.0,0.00011922838
2024-05-24,-1.5022146775362621,3,1.1071336,0.662068
2024-05-24,-1.5022146775362621,5,0.91278166,0.7093068
2024-05-24,-1.5022146775362621,10,0.81936616,0.8193424
2024-05-24,-1.5022146775362621,21,0.7479944,0.9470649
2024-05-27,0.4546163166038397,1,0.0,-0.0005323058
2024-05-27,0.4546163166038397,3,0.750568,0.8678929
2024-05-27,0.4546163166038397,5,0.6794646,0.9619082
2024-05-27,0.4546163166038397,10,0.6444946,1.0609745
2024-05-27,0.4546163166038397,21,0.8256581,1.1678497
2024-05-28,1.102226965827846,1,0.0,-0.001589458
2024-05-28,1.102226965827846,3,0.809416,0.8508954
2024-05-28,1.102226965827846,5,0.89260453,0.9509828
2024-05-28,1.102226965827846,10,0.63924843,1.0123947
2024-05-28,1.102226965827846,21,0.82023305,1.0723128
2024-05-29,-0.7117244855884053,1,0.0,-0.0033924845
2024-05-29,-0.7117244855884053,3,0.14323637,0.8301648
2024-05-29,-0.7117244855884053,5,0.7781276,0.9701533
2024-05-29,-0.7117244855884053,10,0.5853663,1.0699849
2024-05-29,-0.7117244855884053,21,0.78573656,1.1340518
2024-05-30,-0.49784266418431145,1,0.0,-0.0023531201
2024-05-30,-0.49784266418431145,3,0.8828917,0.7200926
2024-05-30,-0.49784266418431145,5,0.68719006,0.8606244
2024-05-30,-0.49784266418431145,10,0.62902576,0.9240307
2024-05-30,-0.49784266418431145,21,0.77326405,0.9675439
2024-05-31,-0.36391869406680044,1,0.0,-0.0023361766
2024-05-31,-0.36391869406680044,3,0.74614483,0.7073748
2024-05-31,-0.36391869406680044,5,0.6195422,0.8275358
2024-05-31,-0.36391869406680044,10,0.5853679,0.9011792
2024-05-31,-0.36391869406680044,21,0.79998547,0.9464986
2024-06-03,1.438420847684796,1,0.0,-0.0032866965
2024-06-03,1.438420847684796,3,0.6042237,0.67237747
2024-06-03,1.438420847684796,5,0.53422153,0.7756651
2024-06-03,1.438420847684796,10,0.81493974,0.85974514
2024-06-03,1.438420847684796,21,0.815659,0.9321374
2024-06-04,0.27462256680248487,1,0.0,-0.0042423685
2024-06-04,0.27462256680248487,3,0.13864744,0.7525625
2024-06-04,0.27462256680248487,5,0.14198154,0.91535693
2024-06-04,0.27462256680248487,10,0.7015884,0.96608466
2024-06-04,0.27462256680248487,21,0.79711235,1.0356547
2024-06-05,0.06464501932770261,1,0.0,-0.00056770537
2024-06-05,0.06464501932770261,3,0.15545654,0.97588944
2024-06-05,0.06464501932770261,5,0.28235835,1.0732687
2024-06-05,0.06464501932770261,10,0.70646554,1.070331
2024-06-05,0.06464501932770261,21,0.8045339,1.1209816
2024-06-06,-0.061528638069319186,1,0.0,-0.0015109112
2024-06-06,-0.061528638069319186,3,0.16197237,0.7088785
2024-06-06,-0.061528638069319186,5,0.56320214,0.7550358
2024-06-06,-0.061528638069319186,10,0.70600706,0.78760695
2024-06-06,-0.061528638069319186,21,0.80629385,0.8716782
2024-06-07,0.3127020135593739,1,0.0,-0.003017724
2024-06-07,0.3127020135593739,3,0.36063212,0.78045785
2024-06-07,0.3127020135593739,5,0.54904646,0.9057209
2024-06-07,0.3127020135593739,10,0.7092778,0.9837404
2024-06-07,0.3127020135593739,21,0.8081321,1.0414697
2024-06-10,0.2396975839785931,1,0.0,-0.006097956
2024-06-10,0.2396975839785931,3,0.69959635,0.768216
2024-06-10,0.2396975839785931,5,0.9512667,0.86671644
2024-06-10,0.2396975839785931,10,0.70111924,0.97837704
2024-06-10,0.2396975839785931,21,0.8051592,1.0171683
2024-06-11,-0.4861994448070561,1,0.0,-0.0046453695
2024-06-11,-0.4861994448070561,3,0.70818716,0.7024341
2024-06-11,-0.4861994448070561,5,0.93734735,0.84913415
2024-06-11,-0.4861994448070561,10,0.9430238,0.94045407
2024-06-11,-0.4861994448070561,21,0.82169634,1.0033033
2024-06-12,1.2210938694768636,1,0.0,-0.005528903
2024-06-12,1.2210938694768636,3,1.1917818,0.70516753
2024-06-12,1.2210938694768636,5,0.9562264,0.7852779
2024-06-12,1.2210938694768636,10,0.95073813,0.9609915
2024-06-12,1.2210938694768636,21,0.8254104,1.0814205
2024-06-13,0.10147212309350451,1,0.0,-0.005764345
2024-06-13,0.10147212309350451,3,0.7468699,0.702783
2024-06-13,0.10147212309350451,5,0.72255605,0.81476206
2024-06-13,0.10147212309350451,10,0.8509785,0.9410448
2024-06-13,0.10147212309350451,21,0.77974534,0.9983268
2024-06-14,-1.6735365905661048,1,0.0,-0.004853712
2024-06-14,-1.6735365905661048,3,0.8426456,0.6678993
2024-06-14,-1.6735365905661048,5,0.7343704,0.73777443
2024-06-14,-1.6735365905661048,10,0.8418755,0.8686143
2024-06-14,-1.6735365905661048,21,0.7797392,0.982362
2024-06-17,-0.40239927785812313,1,0.0,-0.0013045245
2024-06-17,-0.40239927785812313,3,0.31600446,0.68335044
2024-06-17,-0.40239927785812313,5,0.25808766,0.7322335
2024-06-17,-0.40239927785812313,10,0.76442623,0.881234
2024-06-17,-0.40239927785812313,21,0.6933536,0.9836232
2024-06-18,0.37036064368018984,1,0.0,-0.0028855498
2024-06-18,0.37036064368018984,3,0.14194742,0.81381476
2024-06-18,0.37036064368018984,5,0.94703186,0.8841953
2024-06-18,0.37036064368018984,10,0.8199539,1.0132681
2024-06-18,0.37036064368018984,21,0.6877465,1.0778071
2024-06-19,0.022662535409523343,1,0.0,-0.0022971616
2024-06-19,0.022662535409523343,3,0.093943186,0.5445498
2024-06-19,0.022662535409523343,5,0.92344964,0.58076316
2024-06-19,0.022662535409523343,10,0.907715,0.72096694
2024-06-19,0.022662535409523343,21,0.71506333,0.8150808
2024-06-20,0.1959338511131392,1,0.0,-0.0032002875
2024-06-20,0.1959338511131392,3,1.081917,0.7008203
2024-06-20,0.1959338511131392,5,0.9622613,0.7853733
2024-06-20,0.1959338511131392,10,0.9273143,0.89579123
2024-06-20,0.1959338511131392,21,0.72275454,0.9788949
2024-06-21,-0.02183814821190566,1,0.0,-0.0041315635
2024-06-21,-0.02183814821190566,3,1.0814973,0.67961335
2024-06-21,-0.02183814821190566,5,0.9358963,0.75325674
2024-06-21,-0.02183814821190566,10,0.9283872,0.8435276
2024-06-21,-0.02183814821190566,21,0.7377126,0.9206483
2024-06-24,-2.2002827588538665,1,0.0,-0.0027736905
2024-06-24,-2.2002827588538665,3,1.1728975,0.60910404
2024-06-24,-2.2002827588538665,5,0.9558715,0.6727689
2024-06-24,-2.2002827588538665,10,0.93176615,0.7888533
2024-06-24,-2.2002827588538665,21,0.7541719,0.8877938
2024-06-25,0.19436971403639092,1,0.0,-0.004745305
2024-06-25,0.19436971403639092,3,0.22579199,0.7737688
2024-06-25,0.19436971403639092,5,0.6261939,0.8424363
2024-06-25,0.19436971403639092,10,0.5748493,0.93742096
2024-06-25,0.19436971403639092,21,0.70858437,1.047123
2024-06-26,0.3717535459390575,1,0.0,-0.0031179716
2024-06-26,0.3717535459390575,3,0.6075819,0.6780423
2024-06-26,0.3717535459390575,5,0.7949461,0.7345166
2024-06-26,0.3717535459390575,10,0.59804845,0.853481
2024-06-26,0.3717535459390575,21,0.71880144,0.9619812
2024-06-27,-0.1706126198974367,1,0.0,-0.0015638531
2024-06-27,-0.1706126198974367,3,0.7507456,0.7887915
2024-06-27,-0.1706126198974367,5,0.80569214,0.879865
2024-06-27,-0.1706126198974367,10,0.65376484,1.0677657
2024-06-27,-0.1706126198974367,21,0.71560085,1.183691
2024-06-28,-1.0996712810001696,1,0.0,-0.0049225916
2024-06-28,-1.0996712810001696,3,0.99550366,0.8147789
2024-06-28,-1.0996712810001696,5,0.77959317,0.8862293
2024-06-28,-1.0996712810001696,10,0.6535396,1.071345
2024-06-28,-1.0996712810001696,21,0.736698,1.1400572
2024-07-01,0.7392388497420299,1,0.0,-0.0061336295
2024-07-01,0.7392388497420299,3,0.274469,0.86615074
2024-07-01,0.7392388497420299,5,0.35946748,0.9389718
2024-07-01,0.7392388497420299,10,0.5204977,1.0854428
2024-07-01,0.7392388497420299,21,0.7039145,1.1474086
2024-07-02,1.2066618966782627,1,0.0,-0.006953036
2024-07-02,1.2066618966782627,3,0.40336478,0.7293926
2024-07-02,1.2066618966782627,5,0.4092905,0.8082744
2024-07-02,1.2066618966782627,10,0.5057256,0.9733665
2024-07-02,1.2066618966782627,21,0.68477327,1.0396793
2024-07-03,0.5544574880404163,1,0.0,-0.005938629
2024-07-03,0.5544574880404163,3,0.14742078,0.7426502
2024-07-03,0.5544574880404163,5,0.26452458,0.8249149
2024-07-03,0.5544574880404163,10,0.3782158,0.98453593
2024-07-03,0.5544574880404163,21,0.6394024,1.0791051
2024-07-04,0.23780293910258266,1,0.0,-0.010620188
2024-07-04,0.23780293910258266,3,0.09494402,0.74634105
2024-07-04,0.23780293910258266,5,0.44749838,0.7909041
2024-07-04,0.23780293910258266,10,0.46106064,1.0569195
2024-07-04,0.23780293910258266,21,0.7415126,1.1435355
2024-07-05,0.2458125337894579,1,0.0,-0.008272046
2024-07-05,0.2458125337894579,3,0.31516466,0.7175287
2024-07-05,0.2458125337894579,5,0.45923874,0.7705743
2024-07-05,0.2458125337894579,10,0.47948363,0.986406
2024-07-05,0.2458125337894579,21,0.7651722,1.0314704
2024-07-08,0.04052053355527718,1,0.0,-0.0069537167
2024-07-08,0.04052053355527718,3,0.56802434,0.67833835
2024-07-08,0.04052053355527718,5,0.46105966,0.68569994
2024-07-08,0.04052053355527718,10,0.51286304,0.8962761
2024-07-08,0.04052053355527718,21,1.1129304,0.97065973
2024-07-09,0.7876592267043847,1,0.0,-0.007835111
2024-07-09,0.7876592267043847,3,0.5804962,0.75656223
2024-07-09,0.7876592267043847,5,0.4595362,0.84117
2024-07-09,0.7876592267043847,10,0.5443093,0.96728843
2024-07-09,0.7876592267043847,21,1.2073251,0.9985737
2024-07-10,-0.6024091250790065,1,0.0,-0.00710474
2024-07-10,-0.6024091250790065,3,0.1908901,0.8649101
2024-07-10,-0.6024091250790065,5,0.23423328,0.97429544
2024-07-10,-0.6024091250790065,10,0.6188817,1.1342303
2024-07-10,-0.6024091250790065,21,1.1955358,1.1347711
2024-07-11,-0.16655385328476768,1,0.0,-0.009385051
2024-07-11,-0.16655385328476768,3,0.06766037,0.930323
2024-07-11,-0.16655385328476768,5,0.3739528,1.0141565
2024-07-11,-0.16655385328476768,10,0.68899405,1.1382786
2024-07-11,-0.16655385328476768,21,1.1958048,1.144415
2024-07-12,-0.2378586058365606,1,0.0,-0.006422064
2024-07-12,-0.2378586058365606,3,0.14050154,0.9091831
2024-07-12,-0.2378586058365606,5,0.4768757,1.02488
2024-07-12,-0.2378586058365606,10,0.6854941,1.0852982
2024-07-12,-0.2378586058365606,21,1.2409188,1.0537194
2024-07-15,-0.07264007942717754,1,0.0,-0.0034697573
2024-07-15,-0.07264007942717754,3,0.47647327,0.6588316
2024-07-15,-0.07264007942717754,5,0.53881365,0.7064429
2024-07-15,-0.07264007942717754,10,0.76426995,0.8364936
2024-07-15,-0.07264007942717754,21,1.2516837,0.8772723
2024-07-16,0.10620852228377942,1,0.0,-0.0037676874
2024-07-16,0.10620852228377942,3,0.6118659,0.646186
2024-07-16,0.10620852228377942,5,0.56911576,0.7148631
2024-07-16,0.10620852228377942,10,0.7882131,0.8289532
2024-07-16,0.10620852228377942,21,1.2521912,0.89801544
2024-07-17,-0.9820302934445913,1,0.0,-0.0018201559
2024-07-17,-0.9820302934445913,3,0.63157564,0.7452698
2024-07-17,-0.9820302934445913,5,0.7323617,0.812089
2024-07-17,-0.9820302934445913,10,0.7804251,0.92931145
2024-07-17,-0.9820302934445913,21,1.2511737,0.9572112
2024-07-18,0.4545641109357845,1,0.0,-0.0008102488
2024-07-18,0.4545641109357845,3,0.5836282,0.6505773
2024-07-18,0.4545641109357845,5,0.8872994,0.6963926
2024-07-18,0.4545641109357845,10,0.7762622,0.8405904
2024-07-18,0.4545641109357845,21,1.2416027,0.90885615
2024-07-19,-0.7608672429274321,1,0.0,-0.0035756002
2024-07-19,-0.7608672429274321,3,0.49694842,0.53514993
2024-07-19,-0.7608672429274321,5,0.7625454,0.59303576
2024-07-19,-0.7608672429274321,10,0.9212919,0.7539777
2024-07-19,-0.7608672429274321,21,1.3453212,0.82997054
2024-07-22,-0.8049515167346755,1,0.0,-0.000950058
2024-07-22,-0.8049515167346755,3,0.97263795,0.6253262
2024-07-22,-0.8049515167346755,5,0.93368137,0.68200266
2024-07-22,-0.8049515167346755,10,0.972376,0.8306667
2024-07-22,-0.8049515167346755,21,1.3475032,0.93772405
2024-07-23,-1.8364046405172196,1,0.0,-0.002667407
2024-07-23,-1.8364046405172196,3,0.9754385,0.6463344
2024-07-23,-1.8364046405172196,5,0.93943065,0.68803954
2024-07-23,-1.8364046405172196,10,1.4956968,0.78674
2024-07-23,-1.8364046405172196,21,1.3475646,0.8545938
2024-07-24,0.539211436481768,1,0.0,-5.955575e-05
2024-07-24,0.539211436481768,3,0.5038532,0.69246703
2024-07-24,0.539211436481768,5,0.4264426,0.7354575
2024-07-24,0.539211436481768,10,1.5839999,0.8274687
2024-07-24,0.539211436481768,21,1.2881453,0.9024388
2024-07-25,-0.42724387914523376,1,0.0,-0.0014548306
2024-07-25,-0.42724387914523376,3,0.47939938,0.6599187
2024-07-25,-0.42724387914523376,5,0.42309225,0.748511
2024-07-25,-0.42724387914523376,10,1.580663,0.8253447
2024-07-25,-0.42724387914523376,21,1.2872595,0.9009387
2024-07-26,0.7207238404949301,1,0.0,-0.0012161299
2024-07-26,0.7207238404949301,3,0.34594664,0.6235333
2024-07-26,0.7207238404949301,5,0.98035365,0.6999385
2024-07-26,0.7207238404949301,10,1.5847788,0.8143482
2024-07-26,0.7207238404949301,21,1.2803738,0.8912476
2024-07-29,0.3608298975438906,1,0.0,-0.0027135778
2024-07-29,0.3608298975438906,3,0.27264056,0.63042504
2024-07-29,0.3608298975438906,5,0.99098694,0.7607896
2024-07-29,0.3608298975438906,10,1.6240008,0.8788836
2024-07-29,0.3608298975438906,21,1.2810652,0.96050125
2024-07-30,-0.12361238660920648,1,0.0,-0.00024045026
2024-07-30,-0.12361238660920648,3,1.0593264,0.49303418
2024-07-30,-0.12361238660920648,5,1.8012668,0.5417402
2024-07-30,-0.12361238660920648,10,1.6305596,0.63826615
2024-07-30,-0.12361238660920648,21,1.280284,0.6925339
2024-07-31,0.5167100742753838,1,0.0,0.00051199645
2024-07-31,0.5167100742753838,3,1.2449064,0.5335871
2024-07-31,0.5167100742753838,5,2.1287491,0.56295055
2024-07-31,0.5167100742753838,10,1.63113,0.63085693
2024-07-31,0.5167100742753838,21,1.2791389,0.6875101
2024-08-01,-1.9811256908887742,1,0.0,-0.0014918484
2024-08-01,-1.9811256908887742,3,1.9617405,0.6333187
2024-08-01,-1.9811256908887742,5,2.1232502,0.6857928
2024-08-01,-1.9811256908887742,10,1.6182797,0.7830408
2024-08-01,-1.9811256908887742,21,1.2765584,0.8474235
2024-08-02,0.7826112781944339,1,0.0,-0.0026083621
2024-08-02,0.7826112781944339,3,2.5460358,0.88124734
2024-08-02,0.7826112781944339,5,2.0102158,0.9119459
2024-08-02,0.7826112781944339,10,1.5117337,0.99430543
2024-08-02,0.7826112781944339,21,1.1876227,1.0171664
2024-08-05,-4.0035536378821845,1,0.0,-0.001657031
2024-08-05,-4.0035536378821845,3,2.498018,0.73403287
2024-08-05,-4.0035536378821845,5,2.070093,0.7607512
2024-08-05,-4.0035536378821845,10,1.6569644,0.84686893
2024-08-05,-4.0035536378821845,21,1.1936264,0.9172619
2024-08-06,1.852159603382031,1,0.0,-0.0010891058
2024-08-06,1.852159603382031,3,1.0133269,0.9186492
2024-08-06,1.852159603382031,5,0.83369166,0.9252003
2024-08-06,1.852159603382031,10,0.9238375,0.96110636
2024-08-06,1.852159603382031,21,0.7771118,0.931345
2024-08-07,0.4616356666511834,1,0.0,0.0001409254
2024-08-07,0.4616356666511834,3,0.77195543,0.62794834
2024-08-07,0.4616356666511834,5,0.6225329,0.6548198
2024-08-07,0.4616356666511834,10,0.83301955,0.7495597
2024-08-07,0.4616356666511834,21,0.69805914,0.77505857
2024-08-08,-0.6237129368952488,1,0.0,-0.0049206545
2024-08-08,-0.6237129368952488,3,0.77614135,0.6438961
2024-08-08,-0.6237129368952488,5,0.63072896,0.6578744
2024-08-08,-0.6237129368952488,10,0.8412355,0.7380865
2024-08-08,-0.6237129368952488,21,0.7132068,0.76489836
2024-08-09,1.2599058087108261,1,0.0,-0.003357994
2024-08-09,1.2599058087108261,3,0.51165056,0.6819296
2024-08-09,1.2599058087108261,5,0.6121042,0.7427086
2024-08-09,1.2599058087108261,10,0.78086406,0.86184317
2024-08-09,1.2599058087108261,21,0.7372549,0.8570089
2024-08-12,0.5411762572180123,1,0.0,-0.0018523722
2024-08-12,0.5411762572180123,3,0.25366712,0.63632274
2024-08-12,0.5411762572180123,5,0.9897276,0.6978515
2024-08-12,0.5411762572180123,10,0.755426,0.82247514
2024-08-12,0.5411762572180123,21,0.69930923,0.8146475
2024-08-13,0.01137887594184761,1,0.0,-0.002605847
2024-08-13,0.01137887594184761,3,0.26287666,0.6686295
2024-08-13,0.01137887594184761,5,0.99642885,0.71315527
2024-08-13,0.01137887594184761,10,0.8020066,0.8511951
2024-08-13,0.01137887594184761,21,0.69351757,0.8522289
2024-08-14,-0.0048765025733032985,1,0.0,-0.0034628394
2024-08-14,-0.0048765025733032985,3,1.243997,0.61086446
2024-08-14,-0.0048765025733032985,5,0.97024727,0.6271035
2024-08-14,-0.0048765025733032985,10,0.8005802,0.7359864
2024-08-14,-0.0048765025733032985,21,0.70055467,0.7629309
2024-08-15,-0.5542167149301669,1,0.0,-0.002803788
2024-08-15,-0.5542167149301669,3,1.1735135,0.78156465
2024-08-15,-0.5542167149301669,5,0.90933996,0.83538115
2024-08-15,-0.5542167149301669,10,0.7971617,0.945445
2024-08-15,-0.5542167149301669,21,0.7374644,0.9326127
2024-08-16,2.3161319537739367,1,0.0,-0.001870146
2024-08-16,2.3161319537739367,3,0.7139899,0.68264997
2024-08-16,2.3161319537739367,5,0.7768999,0.77946883
2024-08-16,2.3161319537739367,10,0.7459057,0.893675
2024-08-16,2.3161319537739367,21,0.79391366,0.88259864
2024-08-19,0.7470647549959963,1,0.0,-0.004757146
2024-08-19,0.7470647549959963,3,0.06497977,0.7900981
2024-08-19,0.7470647549959963,5,0.39999145,0.9091863
2024-08-19,0.7470647549959963,10,0.4183394,1.0456067
2024-08-19,0.7470647549959963,21,0.63369715,1.0376784
2024-08-20,0.8626151975185792,1,0.0,-0.0034012082
2024-08-20,0.8626151975185792,3,0.46226203,0.87498176
2024-08-20,0.8626151975185792,5,0.5203504,1.0155618
2024-08-20,0.8626151975185792,10,0.4568697,1.1076189
2024-08-20,0.8626151975185792,21,0.62289107,1.1162171
2024-08-21,0.8996383918118411,1,0.0,-0.0039649303
2024-08-21,0.8996383918118411,3,0.41870427,0.65848076
2024-08-21,0.8996383918118411,5,0.4363578,0.7664748
2024-08-21,0.8996383918118411,10,0.42573377,0.9099707
2024-08-21,0.8996383918118411,21,0.5950187,0.9682759
2024-08-22,-0.09895474991585829,1,0.0,-0.002347934
2024-08-22,-0.09895474991585829,3,0.24947898,0.71113485
2024-08-22,-0.09895474991585829,5,0.2087462,0.8027598
2024-08-22,-0.09895474991585829,10,0.34017894,0.90106505
2024-08-22,-0.09895474991585829,21,0.5620282,0.9581244
2024-08-23,0.1978116761994997,1,0.0,-0.002443736
2024-08-23,0.1978116761994997,3,0.2592572,0.729123
2024-08-23,0.1978116761994997,5,0.20701711,0.82101685
2024-08-23,0.1978116761994997,10,0.36203626,0.929673
2024-08-23,0.1978116761994997,21,0.5827606,0.9896317
2024-08-26,-0.4132011772944644,1,0.0,-0.0034148484
2024-08-26,-0.4132011772944644,3,0.22118333,0.78045726
2024-08-26,-0.4132011772944644,5,0.20479293,0.82791764
2024-08-26,-0.4132011772944644,10,0.42797053,0.9045199
2024-08-26,-0.4132011772944644,21,0.60829115,0.9497559
2024-08-27,0.04217794468486247,1,0.0,-0.0017458024
2024-08-27,0.04217794468486247,3,0.027270697,0.7222966
2024-08-27,0.04217794468486247,5,0.28889436,0.7808674
2024-08-27,0.04217794468486247,10,0.4243112,0.8652093
2024-08-27,0.04217794468486247,21,0.6039473,0.9675849
2024-08-28,0.06869633369293027,1,0.0,-0.0042993915
2024-08-28,0.06869633369293027,3,0.07642296,0.8538105
2024-08-28,0.06869633369293027,5,0.34800768,0.9328838
2024-08-28,0.06869633369293027,10,0.4405224,0.97115153
2024-08-28,0.06869633369293027,21,0.60422903,1.0414535
2024-08-29,0.0023410888405628327,1,0.0,-0.0020071198
2024-08-29,0.0023410888405628327,3,0.3501213,0.7427826
2024-08-29,0.0023410888405628327,5,0.4300588,0.80808693
2024-08-29,0.0023410888405628327,10,0.43428922,0.9326923
2024-08-29,0.0023410888405628327,21,0.6068799,1.0494653
2024-08-30,0.1871097554476897,1,0.0,-0.0035217875
2024-08-30,0.1871097554476897,3,0.37772286,0.6988285
2024-08-30,0.1871097554476897,5,0.4474817,0.7771394
2024-08-30,0.1871097554476897,10,0.481094,0.86393845
2024-08-30,0.1871097554476897,21,0.6103272,0.97206885
2024-09-04,-0.6305521210399512,1,0.0,-0.0010711071
2024-09-04,-0.6305521210399512,3,0.5027049,0.56816113
2024-09-04,-0.6305521210399512,5,0.4821998,0.58847076
2024-09-04,-0.6305521210399512,10,0.7417569,0.68928164
2024-09-04,-0.6305521210399512,21,0.6145178,0.75808173
2024-09-05,-0.596697538140134,1,0.0,-0.0029212018
2024-09-05,-0.596697538140134,3,0.47144777,0.71415365
2024-09-05,-0.596697538140134,5,0.48423424,0.78574544
2024-09-05,-0.596697538140134,10,0.75082123,0.8959233
2024-09-05,-0.596697538140134,21,0.6215199,0.9793386
2024-09-06,0.45237020384991666,1,0.0,-0.0028387415
2024-09-06,0.45237020384991666,3,0.59835154,0.7421605
2024-09-06,0.45237020384991666,5,0.51671386,0.8069182
2024-09-06,0.45237020384991666,10,0.7484271,0.955278
2024-09-06,0.45237020384991666,21,0.62114376,1.0792032
2024-09-09,-0.4902259895334993,1,0.0,0.0011373432
2024-09-09,-0.4902259895334993,3,0.3429985,0.52778983
2024-09-09,-0.4902259895334993,5,0.40568385,0.56532055
2024-09-09,-0.4902259895334993,10,0.73511845,0.7406662
2024-09-09,-0.4902259895334993,21,0.6132374,0.844124
2024-09-10,-0.9909076862794741,1,0.0,-0.0026641996
2024-09-10,-0.9909076862794741,3,0.51495403,0.773373
2024-09-10,-0.9909076862794741,5,0.48392278,0.84835047
2024-09-10,-0.9909076862794741,10,0.7241643,1.0088004
2024-09-10,-0.9909076862794741,21,0.6048378,1.0901768
2024-09-11,-0.1562687182666167,1,0.0,-0.0053395727
2024-09-11,-0.1562687182666167,3,0.25513864,0.792765
2024-09-11,-0.1562687182666167,5,0.8588612,0.8768576
2024-09-11,-0.1562687182666167,10,0.66440064,1.0342066
2024-09-11,-0.1562687182666167,21,0.5811973,1.136463
2024-09-12,0.24545561052082832,1,0.0,-0.0071651083
2024-09-12,0.24545561052082832,3,0.5083105,0.8792561
2024-09-12,0.24545561052082832,5,0.86405784,0.9917609
2024-09-12,0.24545561052082832,10,0.68038887,1.1764771
2024-09-12,0.24545561052082832,21,0.58059245,1.2508811
2024-09-13,-0.37000751925235775,1,0.0,-0.007085063
2024-09-13,-0.37000751925235775,3,1.0964811,0.83616
2024-09-13,-0.37000751925235775,5,0.8737233,0.957043
2024-09-13,-0.37000751925235775,10,0.6804431,1.0964433
2024-09-13,-0.37000751925235775,21,0.5800194,1.2017366
2024-09-16,-0.9996189171903147,1,0.0,-0.0064961486
2024-09-16,-0.9996189171903147,3,1.055177,0.77311546
2024-09-16,-0.9996189171903147,5,0.8298585,0.87364703
2024-09-16,-0.9996189171903147,10,0.65609974,1.0168008
2024-09-16,-0.9996189171903147,21,0.5732389,1.1247286
2024-09-17,1.5763612932008009,1,0.0,-0.0065847193
2024-09-17,1.5763612932008009,3,0.5137227,0.84161663
2024-09-17,1.5763612932008009,5,0.6253866,0.94966036
2024-09-17,1.5763612932008009,10,0.53157276,1.0547134
2024-09-17,1.5763612932008009,21,0.5300241,1.1481742
2024-09-18,0.4715027456549947,1,0.0,-0.003902772
2024-09-18,0.4715027456549947,3,0.20138505,0.8158201
2024-09-18,0.4715027456549947,5,0.34614748,0.94344085
2024-09-18,0.4715027456549947,10,0.3542324,1.0814546
2024-09-18,0.4715027456549947,21,0.42706493,1.1956632
2024-09-19,0.5023333132224472,1,0.0,-0.0015329323
2024-09-19,0.5023333132224472,3,0.3203767,0.6987597
2024-09-19,0.5023333132224472,5,0.40615088,0.74155766
2024-09-19,0.5023333132224472,10,0.387715,0.8460935
2024-09-19,0.5023333132224472,21,0.4307617,0.9294183
2024-09-20,0.06055101607946867,1,0.0,0.000900669
2024-09-20,0.06055101607946867,3,0.3924756,0.65181637
2024-09-20,0.06055101607946867,5,0.39931682,0.6794775
2024-09-20,0.06055101607946867,10,0.46060553,0.7853371
2024-09-20,0.06055101607946867,21,0.421405,0.88024515
2024-09-23,-0.2802577685002028,1,0.0,-0.0053755934
2024-09-23,-0.2802577685002028,3,0.48638752,0.9085343
2024-09-23,-0.2802577685002028,5,0.41459486,0.9633866
2024-09-23,-0.2802577685002028,10,0.49917042,1.0238287
2024-09-23,-0.2802577685002028,21,0.43444315,1.0941744
2024-09-24,0.6686412886801385,1,0.0,-0.0032733842
2024-09-24,0.6686412886801385,3,0.21277134,0.7434951
2024-09-24,0.6686412886801385,5,0.4012143,0.8305615
2024-09-24,0.6686412886801385,10,0.49152076,0.94509107
2024-09-24,0.6686412886801385,21,0.46304086,1.0724415
2024-09-25,0.8181073288340279,1,0.0,-0.004696815
2024-09-25,0.8181073288340279,3,0.35383162,0.70597935
2024-09-25,0.8181073288340279,5,0.3605597,0.82445264
2024-09-25,0.8181073288340279,10,0.44505215,0.95323235
2024-09-25,0.8181073288340279,21,0.43923575,1.1238024
2024-09-26,0.31097711346914636,1,0.0,-0.0040281466
2024-09-26,0.31097711346914636,3,0.22482733,0.6779397
2024-09-26,0.31097711346914636,5,0.27392814,0.76417434
2024-09-26,0.31097711346914636,10,0.43647787,0.9063563
2024-09-26,0.31097711346914636,21,0.45070702,1.0607294
2024-09-27,-0.0441448111846654,1,0.0,-0.00421224
2024-09-27,-0.0441448111846654,3,0.23337781,0.72449493
2024-09-27,-0.0441448111846654,5,0.3571416,0.8093626
2024-09-27,-0.0441448111846654,10,0.43990245,0.9412293
2024-09-27,-0.0441448111846654,21,0.44359922,1.1363227
2024-09-30,-0.23110997311936998,1,0.0,-0.0024525197
2024-09-30,-0.23110997311936998,3,0.2930663,0.60501385
2024-09-30,-0.23110997311936998,5,0.3730842,0.6598633
2024-09-30,-0.23110997311936998,10,0.44385245,0.81814045
2024-09-30,-0.23110997311936998,21,0.44803262,0.97778887
2024-10-01,0.3302149395758569,1,0.0,-0.00025729975
2024-10-01,0.3302149395758569,3,0.44853762,0.5023525
2024-10-01,0.3302149395758569,5,0.38785654,0.5487651
2024-10-01,0.3302149395758569,10,0.44094205,0.71097916
2024-10-01,0.3302149395758569,21,0.4708651,0.8653814
2024-10-02,-0.3379795778641004,1,0.0,-0.0028642775
2024-10-02,-0.3379795778641004,3,0.17298278,0.7669203
2024-10-02,-0.3379795778641004,5,0.33712932,0.8772988
2024-10-02,-0.3379795778641004,10,0.43931776,1.108564
2024-10-02,-0.3379795778641004,21,0.461881,1.3246448
2024-10-03,-0.7591796207755408,1,0.0,-0.002733565
2024-10-03,-0.7591796207755408,3,0.30096918,0.6816219
2024-10-03,-0.7591796207755408,5,0.5487306,0.71846783
2024-10-03,-0.7591796207755408,10,0.43170255,0.8731783
2024-10-03,-0.7591796207755408,21,0.47565427,1.0286309
2024-10-04,-0.5885370305235504,1,0.0,-0.005810576
2024-10-04,-0.5885370305235504,3,0.31537217,0.87453794
2024-10-04,-0.5885370305235504,5,0.45011097,0.958355
2024-10-04,-0.5885370305235504,10,0.39846003,1.1236135
2024-10-04,-0.5885370305235504,21,0.47579747,1.2472705
2024-10-07,-0.05274490090911854,1,0.0,-0.0046519493
2024-10-07,-0.05274490090911854,3,0.3498788,0.7861787
2024-10-07,-0.05274490090911854,5,0.2785083,0.8732049
2024-10-07,-0.05274490090911854,10,0.3400062,1.0035125
2024-10-07,-0.05274490090911854,21,0.48937577,1.1298364
2024-10-08,0.1612960682673581,1,0.0,-0.0064917854
2024-10-08,0.1612960682673581,3,0.25561923,0.8766438
2024-10-08,0.1612960682673581,5,0.30573532,0.99325436
2024-10-08,0.1612960682673581,10,0.37758225,1.125483
2024-10-08,0.1612960682673581,21,0.49084806,1.2535449
2024-10-09,0.7729605448830945,1,0.0,-0.0081004705
2024-10-09,0.7729605448830945,3,0.2568799,0.87342584
2024-10-09,0.7729605448830945,5,0.4092192,0.98811203
2024-10-09,0.7729605448830945,10,0.45356134,1.1513886
2024-10-09,0.7729605448830945,21,0.5651957,1.296296
2024-10-10,0.35121774590480825,1,0.0,-0.0073370296
2024-10-10,0.35121774590480825,3,0.21041325,0.8341153
2024-10-10,0.35121774590480825,5,0.26466584,0.94568926
2024-10-10,0.35121774590480825,10,0.3735152,1.1160384
2024-10-10,0.35121774590480825,21,0.5352166,1.2893819
2024-10-11,0.15768524482968616,1,0.0,-0.0072192256
2024-10-11,0.15768524482968616,3,0.23218296,0.86045396
2024-10-11,0.15768524482968616,5,0.32704532,0.9649499
2024-10-11,0.15768524482968616,10,0.4433971,1.136414
2024-10-11,0.15768524482968616,21,0.53569114,1.2801613
2024-10-14,-0.15924003162961498,1,0.0,-0.0014922312
2024-10-14,-0.15924003162961498,3,0.12694184,0.69427276
2024-10-14,-0.15924003162961498,5,0.31824094,0.75501174
2024-10-14,-0.15924003162961498,10,0.42551666,0.8973285
2024-10-14,-0.15924003162961498,21,0.5319624,1.0743426
2024-10-15,-0.40975043891640084,1,0.0,-0.0055967052
2024-10-15,-0.40975043891640084,3,0.4018859,0.6586041
2024-10-15,-0.40975043891640084,5,0.35658348,0.7272865
2024-10-15,-0.40975043891640084,10,0.44529065,0.8935605
2024-10-15,-0.40975043891640084,21,0.5357433,1.0076447
2024-10-16,-0.1249726784955385,1,0.0,-0.0073570064
2024-10-16,-0.1249726784955385,3,0.30804148,0.73973393
2024-10-16,-0.1249726784955385,5,0.43977407,0.7874035
2024-10-16,-0.1249726784955385,10,0.50123256,0.9358892
2024-10-16,-0.1249726784955385,21,0.535213,1.0282618
2024-10-17,0.5487153284373214,1,0.0,-0.0051016514
2024-10-17,0.5487153284373214,3,0.41008747,0.68883735
2024-10-17,0.5487153284373214,5,0.45190766,0.792093
2024-10-17,0.5487153284373214,10,0.5019656,0.9720775
2024-10-17,0.5487153284373214,21,0.5767877,1.1001109
2024-10-18,-0.08242677314873603,1,0.0,-0.0064134994
2024-10-18,-0.08242677314873603,3,0.2828329,0.7025727
2024-10-18,-0.08242677314873603,5,0.42466465,0.7566695
2024-10-18,-0.08242677314873603,10,0.49040624,0.9350577
2024-10-18,-0.08242677314873603,21,0.5834712,1.0760423
2024-10-21,-0.443625665673153,1,0.0,-0.008802503
2024-10-21,-0.443625665673153,3,0.35176843,0.8016832
2024-10-21,-0.443625665673153,5,0.38754112,0.862817
2024-10-21,-0.443625665673153,10,0.51933295,1.0371275
2024-10-21,-0.443625665673153,21,0.582997,1.1657413
2024-10-22,-0.775009173974528,1,0.0,-0.0082002
2024-10-22,-0.775009173974528,3,0.48651606,0.7670791
2024-10-22,-0.775009173974528,5,0.4761723,0.80283123
2024-10-22,-0.775009173974528,10,0.54510796,0.98453856
2024-10-22,-0.775009173974528,21,0.6023791,1.0805397
2024-10-23,0.0795028359839911,1,0.0,-0.007906493
2024-10-23,0.0795028359839911,3,0.471522,0.7440809
2024-10-23,0.0795028359839911,5,0.5549298,0.80495924
2024-10-23,0.0795028359839911,10,0.5273954,0.98277503
2024-10-23,0.0795028359839911,21,0.645341,1.0819143
2024-10-24,-1.067126105196703,1,0.0,-0.0108691305
2024-10-24,-1.067126105196703,3,0.50375307,0.79452604
2024-10-24,-1.067126105196703,5,0.5458484,0.87161845
2024-10-24,-1.067126105196703,10,0.6795892,1.1274859
2024-10-24,-1.067126105196703,21,0.6898621,1.2991284
2024-10-25,-0.3736862598869628,1,0.0,-0.0077345357
2024-10-25,-0.3736862598869628,3,0.38150162,0.68270975
2024-10-25,-0.3736862598869628,5,0.37185693,0.67341256
2024-10-25,-0.3736862598869628,10,0.59570676,0.7916518
2024-10-25,-0.3736862598869628,21,0.6598533,0.9165355
2024-10-28,0.16351016009892305,1,0.0,-0.0062133013
2024-10-28,0.16351016009892305,3,0.32951936,0.8159512
2024-10-28,0.16351016009892305,5,0.48748663,0.8502653
2024-10-28,0.16351016009892305,10,0.61156255,0.98296344
2024-10-28,0.16351016009892305,21,0.67103666,1.006866
2024-10-29,0.5571133600430045,1,0.0,-0.0067925383
2024-10-29,0.5571133600430045,3,0.36046576,0.8704889
2024-10-29,0.5571133600430045,5,0.5833254,0.8709692
2024-10-29,0.5571133600430045,10,0.6109652,1.0079337
2024-10-29,0.5571133600430045,21,0.6845391,1.039991
2024-10-30,-0.24995946215842224,1,0.0,-0.0090639535
2024-10-30,-0.24995946215842224,3,0.50238067,0.777688
2024-10-30,-0.24995946215842224,5,0.49013004,0.80366653
2024-10-30,-0.24995946215842224,10,0.5870485,0.95059234
2024-10-30,-0.24995946215842224,21,0.67116904,0.97088355
2024-10-31,0.46371426396421,1,0.0,-0.0020069256
2024-10-31,0.46371426396421,3,0.5904261,0.7094237
2024-10-31,0.46371426396421,5,0.7732154,0.775827
2024-10-31,0.46371426396421,10,0.58952814,0.8687097
2024-10-31,0.46371426396421,21,0.67023784,0.9353602
2024-11-01,-0.7613051134604198,1,0.0,-0.005631766
2024-11-01,-0.7613051134604198,3,0.41175237,0.76234245
2024-11-01,-0.7613051134604198,5,0.74428076,0.8529374
2024-11-01,-0.7613051134604198,10,0.6311931,0.96390134
2024-11-01,-0.7613051134604198,21,0.67933387,1.0354444
2024-11-04,-0.8145348282968534,1,0.0,-0.005147408
2024-11-04,-0.8145348282968534,3,0.84014845,0.67863554
2024-11-04,-0.8145348282968534,5,0.7125993,0.76035535
2024-11-04,-0.8145348282968534,10,0.66374546,0.87874204
2024-11-04,-0.8145348282968534,21,0.660825,0.9536942
2024-11-05,0.0843214382999058,1,0.0,-0.0050217095
2024-11-05,0.0843214382999058,3,0.5983169,0.68795705
2024-11-05,0.0843214382999058,5,0.6122129,0.7604134
2024-11-05,0.0843214382999058,10,0.6415948,0.85785735
2024-11-05,0.0843214382999058,21,0.6367805,0.9408435
2024-11-06,1.2381292889506845,1,0.0,-0.004149592
2024-11-06,1.2381292889506845,3,0.7695325,0.6925839
2024-11-06,1.2381292889506845,5,0.64816266,0.7699726
2024-11-06,1.2381292889506845,10,0.67008984,0.83608073
2024-11-06,1.2381292889506845,21,0.6575478,0.92247826
2024-11-07,-0.12137897508903706,1,0.0,-0.0042801746
2024-11-07,-0.12137897508903706,3,0.20041052,0.64718616
2024-11-07,-0.12137897508903706,5,0.2378158,0.7015241
2024-11-07,-0.12137897508903706,10,0.6030001,0.80368346
2024-11-07,-0.12137897508903706,21,0.76288116,0.8794012
2024-11-08,-0.5723831557440384,1,0.0,-0.005725769
2024-11-08,-0.5723831557440384,3,0.16351241,0.74972755
2024-11-08,-0.5723831557440384,5,0.41658652,0.81525284
2024-11-08,-0.5723831557440384,10,0.72235763,0.8735533
2024-11-08,-0.5723831557440384,21,0.76310235,0.98438656
2024-11-11,-0.17899384693293996,1,0.0,-0.004870565
2024-11-11,-0.17899384693293996,3,0.2199994,0.69500506
2024-11-11,-0.17899384693293996,5,0.49163345,0.7663574
2024-11-11,-0.17899384693293996,10,0.7169214,0.84470534
2024-11-11,-0.17899384693293996,21,0.7522285,0.94533753
2024-11-12,-0.4408577400834446,1,0.0,-0.0044821934
2024-11-12,-0.4408577400834446,3,0.5076949,0.6520606
2024-11-12,-0.4408577400834446,5,0.5011761,0.73169535
2024-11-12,-0.4408577400834446,10,0.75005853,0.8246123
2024-11-12,-0.4408577400834446,21,0.7516208,0.91752654
2024-11-13,0.09795814277451242,1,0.0,-0.0037059844
2024-11-13,0.09795814277451242,3,0.57205665,0.58080137
2024-11-13,0.09795814277451242,5,0.5270754,0.65512854
2024-11-13,0.09795814277451242,10,0.77102786,0.7375446
2024-11-13,0.09795814277451242,21,0.74643594,0.83809227
2024-11-14,-1.1420947167875894,1,0.0,-0.0032269792
2024-11-14,-1.1420947167875894,3,0.4698478,0.53200686
2024-11-14,-1.1420947167875894,5,0.8017473,0.55549127
2024-11-14,-1.1420947167875894,10,0.7700251,0.6222361
2024-11-14,-1.1420947167875894,21,0.7477705,0.7166962
2024-11-15,-1.0871535296191226,1,0.0,-0.0031085485
2024-11-15,-1.0871535296191226,3,0.434946,0.5778594
2024-11-15,-1.0871535296191226,5,0.8912033,0.6199543
2024-11-15,-1.0871535296191226,10,0.6758385,0.69451493
2024-11-15,-1.0871535296191226,21,0.70473075,0.76886475
2024-11-18,-0.11906278477908927,1,0.0,-0.0032287207
2024-11-18,-0.11906278477908927,3,0.7887933,0.7710336
2024-11-18,-0.11906278477908927,5,0.73280835,0.8097711
2024-11-18,-0.11906278477908927,10,0.56881094,0.8875314
2024-11-18,-0.11906278477908927,21,0.65147907,0.9609677
2024-11-19,-0.9883371743591773,1,0.0,-0.0047787107
2024-11-19,-0.9883371743591773,3,0.915006,0.7922704
2024-11-19,-0.9883371743591773,5,0.7305072,0.8244189
2024-11-19,-0.9883371743591773,10,0.55939054,0.9011024
2024-11-19,-0.9883371743591773,21,0.6525078,0.9327089
2024-11-20,0.9406723394207894,1,0.0,-0.005465776
2024-11-20,0.9406723394207894,3,0.45797855,0.834551
2024-11-20,0.9406723394207894,5,0.35657305,0.87307507
2024-11-20,0.9406723394207894,10,0.40029958,0.9659436
2024-11-20,0.9406723394207894,21,0.5992175,0.977623
2024-11-21,0.9644759347832377,1,0.0,-0.0038875802
2024-11-21,0.9644759347832377,3,0.4024914,0.7349739
2024-11-21,0.9644759347832377,5,0.37999052,0.7861025
2024-11-21,0.9644759347832377,10,0.473028,0.8674361
2024-11-21,0.9644759347832377,21,0.6235632,0.90317893
2024-11-22,-0.018726363110044275,1,0.0,-0.0050083245
2024-11-22,-0.018726363110044275,3,0.2778019,0.75134957
2024-11-22,-0.018726363110044275,5,0.2824732,0.80127156
2024-11-22,-0.018726363110044275,10,0.73319894,0.873496
2024-11-22,-0.018726363110044275,21,0.59670687,0.87700176
2024-11-25,0.5359765957359208,1,0.0,-0.005890273
2024-11-25,0.5359765957359208,3,0.27505913,0.7512109
2024-11-25,0.5359765957359208,5,0.2984273,0.83691406
2024-11-25,0.5359765957359208,10,0.7260665,0.95407826
2024-11-25,0.5359765957359208,21,0.5993878,0.96450573
2024-11-26,0.5999622329494692,1,0.0,-0.0055679637
2024-11-26,0.5999622329494692,3,0.28337604,0.7438373
2024-11-26,0.5999622329494692,5,0.30326727,0.8456539
2024-11-26,0.5999622329494692,10,0.72305274,0.9459915
2024-11-26,0.5999622329494692,21,0.5960537,0.9519811
2024-11-27,-0.012881929086727695,1,0.0,-0.004634056
2024-11-27,-0.012881929086727695,3,0.3163713,0.704046
2024-11-27,-0.012881929086727695,5,0.27877432,0.8054704
2024-11-27,-0.012881929086727695,10,0.7276041,0.89846313
2024-11-27,-0.012881929086727695,21,0.6234108,0.92973685
2024-11-28,0.01127177869859608,1,0.0,-0.004559533
2024-11-28,0.01127177869859608,3,0.29970843,0.71087444
2024-11-28,0.01127177869859608,5,0.45475516,0.7992864
2024-11-28,0.01127177869859608,10,0.73933905,0.87507284
2024-11-28,0.01127177869859608,21,0.6244435,0.9181298
2024-11-29,0.6699937201642747,1,0.0,-0.004235296
2024-11-29,0.6699937201642747,3,0.33501092,0.65272194
2024-11-29,0.6699937201642747,5,0.98934263,0.7087919
2024-11-29,0.6699937201642747,10,0.74393654,0.7828309
2024-11-29,0.6699937201642747,21,0.62410897,0.83903396
2024-12-02,0.05995994855201303,1,0.0,-0.005136262
2024-12-02,0.05995994855201303,3,0.35170782,0.68970746
2024-12-02,0.05995994855201303,5,0.9818899,0.76413697
2024-12-02,0.05995994855201303,10,0.7443187,0.82291025
2024-12-02,0.05995994855201303,21,0.61643,0.8952212
2024-12-03,-0.11035410389661493,1,0.0,-0.0047696647
2024-12-03,-0.11035410389661493,3,1.2520036,0.6348654
2024-12-03,-0.11035410389661493,5,0.97433573,0.71501195
2024-12-03,-0.11035410389661493,10,0.7442206,0.78721905
2024-12-03,-0.11035410389661493,21,0.6253697,0.8432142
2024-12-04,-0.7565571938200399,1,0.0,-0.004172766
2024-12-04,-0.7565571938200399,3,1.2146776,0.62278193
2024-12-04,-0.7565571938200399,5,0.97716063,0.69121784
2024-12-04,-0.7565571938200399,10,0.74590683,0.75675446
2024-12-04,-0.7565571938200399,21,0.625196,0.8544536
2024-12-05,2.162815471498636,1,0.0,-0.0039816503
2024-12-05,2.162815471498636,3,0.90318483,0.62072915
2024-12-05,2.162815471498636,5,0.8785655,0.69516903
2024-12-05,2.162815471498636,10,0.6912836,0.75662756
2024-12-05,2.162815471498636,21,0.65929574,0.8309967
2024-12-06,0.20570057732500757,1,0.0,-0.0042899256
2024-12-06,0.20570057732500757,3,0.18587513,0.63801396
2024-12-06,0.20570057732500757,5,0.21177207,0.69295865
2024-12-06,0.20570057732500757,10,0.3495874,0.7754503
2024-12-06,0.20570057732500757,21,0.4786315,0.85616004
2024-12-09,0.2908829950626135,1,0.0,-0.0039615217
2024-12-09,0.2908829950626135,3,0.23409188,0.6579318
2024-12-09,0.2908829950626135,5,0.2250725,0.724395
2024-12-09,0.2908829950626135,10,0.35135764,0.8242851
2024-12-09,0.2908829950626135,21,0.47531363,0.88961685
2024-12-10,-0.1390465715735978,1,0.0,-0.0038539055
2024-12-10,-0.1390465715735978,3,0.058834486,0.7197473
2024-12-10,-0.1390465715735978,5,0.1574756,0.77290493
2024-12-10,-0.1390465715735978,10,0.36713165,0.88123804
2024-12-10,-0.1390465715735978,21,0.47669694,0.96635324
2024-12-11,-0.2526635293132351,1,0.0,-0.0040805223
2024-12-11,-0.2526635293132351,3,0.105674185,0.73291326
2024-12-11,-0.2526635293132351,5,0.15717775,0.7800949
2024-12-11,-0.2526635293132351,10,0.3681721,0.8840098
2024-12-11,-0.2526635293132351,21,0.48192692,0.91515857
2024-12-12,-0.11907532723380854,1,0.0,-0.0047947406
2024-12-12,-0.11907532723380854,3,0.19396412,0.7295601
2024-12-12,-0.11907532723380854,5,0.24399497,0.7698738
2024-12-12,-0.11907532723380854,10,0.5025971,0.8778507
2024-12-12,-0.11907532723380854,21,0.53883433,0.9248576
2024-12-13,-0.3778780109941593,1,0.0,-0.004955821
2024-12-13,-0.3778780109941593,3,0.19400796,0.7637249
2024-12-13,-0.3778780109941593,5,0.42416954,0.81424135
2024-12-13,-0.3778780109941593,10,0.5017978,0.9021731
2024-12-13,-0.3778780109941593,21,0.5521597,0.97319406
2024-12-16,0.09658165066221969,1,0.0,-0.0053456486
2024-12-16,0.09658165066221969,3,0.20522052,0.7366357
2024-12-16,0.09658165066221969,5,0.44213465,0.7842267
2024-12-16,0.09658165066221969,10,0.48246378,0.8475374
2024-12-16,0.09658165066221969,21,0.55660427,0.9298989
2024-12-17,-0.16392732268295518,1,0.0,-0.0037631053
2024-12-17,-0.16392732268295518,3,0.5082183,0.6400549
2024-12-17,-0.16392732268295518,5,0.48443282,0.6826059
2024-12-17,-0.16392732268295518,10,0.49339715,0.76883006
2024-12-17,-0.16392732268295518,21,0.5749277,0.87389624
2024-12-18,0.3386454267306327,1,0.0,-0.004475923
2024-12-18,0.3386454267306327,3,0.5586238,0.66652155
2024-12-18,0.3386454267306327,5,0.48614782,0.71745354
2024-12-18,0.3386454267306327,10,0.51029885,0.7822022
2024-12-18,0.3386454267306327,21,0.5888519,0.85814077
2024-12-19,-0.8989733922349252,1,0.0,-0.0034283795
2024-12-19,-0.8989733922349252,3,0.5805928,0.650809
2024-12-19,-0.8989733922349252,5,0.65644974,0.7240549
2024-12-19,-0.8989733922349252,10,0.5049949,0.80696267
2024-12-19,-0.8989733922349252,21,0.59715825,0.9007819
2024-12-20,0.22530331921224445,1,0.0,-0.0036524734
2024-12-20,0.22530331921224445,3,0.25360376,0.7283045
2024-12-20,0.22530331921224445,5,0.45172128,0.8020216
2024-12-20,0.22530331921224445,10,0.5644233,0.8600581
2024-12-20,0.22530331921224445,21,0.5673491,0.9354215
2024-12-23,0.41741785668270026,1,0.0,-0.0030632787
2024-12-23,0.41741785668270026,3,0.51855135,0.67513704
2024-12-23,0.41741785668270026,5,0.45342022,0.7470661
2024-12-23,0.41741785668270026,10,0.5907518,0.8197423
2024-12-23,0.41741785668270026,21,0.5671192,0.90121585
2024-12-24,-0.19024071180373525,1,0.0,-0.0040828674
2024-12-24,-0.19024071180373525,3,0.5768027,0.6953806
2024-12-24,-0.19024071180373525,5,0.48889044,0.7600145
2024-12-24,-0.19024071180373525,10,0.56908154,0.8184959
2024-12-24,-0.19024071180373525,21,0.5596378,0.8578522
2024-12-25,1.079555939079757,1,0.0,-0.00097302394
2024-12-25,1.079555939079757,3,0.5008508,0.5575784
2024-12-25,1.079555939079757,5,0.52619636,0.5979656
2024-12-25,1.079555939079757,10,0.5841189,0.6632816
2024-12-25,1.079555939079757,21,0.63744986,0.71864295
2024-12-26,-0.0918760444854172,1,0.0,-0.0024776822
2024-12-26,-0.0918760444854172,3,0.17493865,0.62790775
2024-12-26,-0.0918760444854172,5,0.24527371,0.68502396
2024-12-26,-0.0918760444854172,10,0.44442925,0.7480648
2024-12-26,-0.0918760444854172,21,0.598744,0.82965237
2024-12-27,0.17817831174582466,1,0.0,-0.0020219279
2024-12-27,0.17817831174582466,3,0.24865688,0.60284704
2024-12-27,0.17817831174582466,5,0.5161732,0.66733956
2024-12-27,0.17817831174582466,10,0.533683,0.750193
2024-12-27,0.17817831174582466,21,0.63010794,0.8254876
2024-12-30,-0.2449788439187195,1,0.0,-0.0022127675
2024-12-30,-0.2449788439187195,3,0.2726926,0.568023
2024-12-30,-0.2449788439187195,5,0.4711925,0.60129154
2024-12-30,-0.2449788439187195,10,0.56122494,0.690984
2024-12-30,-0.2449788439187195,21,0.66360056,0.7571464
2024-12-31,-0.4127940318851664,1,0.0,-0.0036000344
2024-12-31,-0.4127940318851664,3,0.5843367,0.6497438
2024-12-31,-0.4127940318851664,5,0.51048523,0.69896686
2024-12-31,-0.4127940318851664,10,0.56432724,0.7986657
2024-12-31,-0.4127940318851664,21,0.6679618,0.85243046
2025-01-02,0.23102801928756023,1,0.0,-0.0028315214
2025-01-02,0.23102801928756023,3,0.58922195,0.6778343
2025-01-02,0.23102801928756023,5,0.58613646,0.7263393
2025-01-02,0.23102801928756023,10,0.6268073,0.8475401
2025-01-02,0.23102801928756023,21,0.6624657,0.9075832
2025-01-03,-1.197970195798792,1,0.0,-0.0027402793
2025-01-03,-1.197970195798792,3,0.5102579,0.7289102
2025-01-03,-1.197970195798792,5,0.5348031,0.78732127
2025-01-03,-1.197970195798792,10,0.6517602,0.89281803
2025-01-03,-1.197970195798792,21,0.6635302,0.9526925
2025-01-06,-0.6589546183834116,1,0.0,-0.0047425884
2025-01-06,-0.6589546183834116,3,0.41459134,0.7880692
2025-01-06,-0.6589546183834116,5,0.54618806,0.83866537
2025-01-06,-0.6589546183834116,10,0.5967749,0.9248937
2025-01-06,-0.6589546183834116,21,0.6429784,0.96461034
2025-01-07,0.048128986610684876,1,0.0,-0.004201303
2025-01-07,0.048128986610684876,3,0.30802408,0.8378131
2025-01-07,0.048128986610684876,5,0.60622907,0.9155179
2025-01-07,0.048128986610684876,10,0.5604471,1.0006503
2025-01-07,0.048128986610684876,21,0.6283463,1.0370144
2025-01-08,0.32586489041417366,1,0.0,-0.0040552695
2025-01-08,0.32586489041417366,3,0.63740057,0.7404079
2025-01-08,0.32586489041417366,5,0.6085777,0.7879954
2025-01-08,0.32586489041417366,10,0.5675983,0.8529525
2025-01-08,0.32586489041417366,21,0.6298399,0.9162726
2025-01-09,-0.4205405931117845,1,0.0,-0.0040990193
2025-01-09,-0.4205405931117845,3,0.6753625,0.6948343
2025-01-09,-0.4205405931117845,5,0.6649437,0.78258556
2025-01-09,-0.4205405931117845,10,0.5613778,0.8718615
2025-01-09,-0.4205405931117845,21,0.6289119,0.92730576
2025-01-10,-1.234947547467602,1,0.0,-0.005018284
2025-01-10,-1.234947547467602,3,0.6779472,0.73741853
2025-01-10,-1.234947547467602,5,0.7144729,0.82463384
2025-01-10,-1.234947547467602,10,0.6904203,0.87818104
2025-01-10,-1.234947547467602,21,0.6236832,0.91423345
2025-01-13,0.41928102524195765,1,0.0,-0.0044622137
2025-01-13,0.41928102524195765,3,0.49071592,0.7554134
2025-01-13,0.41928102524195765,5,0.42054033,0.8582053
2025-01-13,0.41928102524195765,10,0.52733105,0.9215297
2025-01-13,0.41928102524195765,21,0.5540207,0.93529433
2025-01-14,-0.5339361576412571,1,0.0,-0.004066208
2025-01-14,-0.5339361576412571,3,0.50620407,0.6943954
2025-01-14,-0.5339361576412571,5,0.42686424,0.78423816
2025-01-14,-0.5339361576412571,10,0.6394565,0.84765905
2025-01-14,-0.5339361576412571,21,0.5541481,0.8498395
2025-01-15,0.5768193662860632,1,0.0,-0.00419383
2025-01-15,0.5768193662860632,3,0.03195805,0.6694847
2025-01-15,0.5768193662860632,5,0.3390722,0.74576867
2025-01-15,0.5768193662860632,10,0.6355909,0.806755
2025-01-15,0.5768193662860632,21,0.547863,0.84293324
2025-01-16,0.4986817083599604,1,0.0,-0.0041463603
2025-01-16,0.4986817083599604,3,0.22933152,0.67871886
2025-01-16,0.4986817083599604,5,0.36048934,0.7403627
2025-01-16,0.4986817083599604,10,0.6294548,0.7838896
2025-01-16,0.4986817083599604,21,0.5429491,0.8229328
2025-01-17,0.5418501137945064,1,0.0,-0.0021527736
2025-01-17,0.5418501137945064,3,0.33752587,0.5494345
2025-01-17,0.5418501137945064,5,0.6230035,0.5983877
2025-01-17,0.5418501137945064,10,0.62532747,0.65006196
2025-01-17,0.5418501137945064,21,0.5395542,0.679734
2025-01-20,0.035218877682297034,1,0.0,-0.004371539
2025-01-20,0.035218877682297034,3,0.14943713,0.5469655
2025-01-20,0.035218877682297034,5,0.61498016,0.62324107
2025-01-20,0.035218877682297034,10,0.61737865,0.6840225
2025-01-20,0.035218877682297034,21,0.54144293,0.73499244
2025-01-21,-0.2772837602288192,1,0.0,-0.0028791348
2025-01-21,-0.2772837602288192,3,0.7771345,0.50289845
2025-01-21,-0.2772837602288192,5,0.78833157,0.5678659
2025-01-21,-0.2772837602288192,10,0.70735776,0.64434683
2025-01-21,-0.2772837602288192,21,0.5444383,0.710265
2025-01-22,-0.2861025329985445,1,0.0,-0.0032215086
2025-01-22,-0.2861025329985445,3,0.676837,0.53828675
2025-01-22,-0.2861025329985445,5,0.8323213,0.6175855
2025-01-22,-0.2861025329985445,10,0.69982374,0.697888
2025-01-22,-0.2861025329985445,21,0.5362995,0.7522509
2025-01-23,1.3668403479519142,1,0.0,-0.00512051
2025-01-23,1.3668403479519142,3,0.95359343,0.7056257
2025-01-23,1.3668403479519142,5,0.7800272,0.834502
2025-01-23,1.3668403479519142,10,0.69059175,0.9336798
2025-01-23,1.3668403479519142,21,0.52534986,0.99056345
2025-01-24,0.4293620044165003,1,0.0,-0.0034321877
2025-01-24,0.4293620044165003,3,0.79559326,0.60369056
2025-01-24,0.4293620044165003,5,0.6244917,0.66479963
2025-01-24,0.4293620044165003,10,0.5727304,0.7569591
2025-01-24,0.4293620044165003,21,0.4682815,0.7974692
2025-02-03,-0.9547028924841605,1,0.0,-0.0034939055
2025-02-03,-0.9547028924841605,3,0.7908082,0.6552754
2025-02-03,-0.9547028924841605,5,0.6162101,0.7214454
2025-02-03,-0.9547028924841605,10,0.574007,0.78781646
2025-02-03,-0.9547028924841605,21,0.46576625,0.8376473
2025-02-04,0.9254507586486049,1,0.0,-0.00352193
2025-02-04,0.9254507586486049,3,0.32522163,0.73182005
2025-02-04,0.9254507586486049,5,0.61116195,0.7952581
2025-02-04,0.9254507586486049,10,0.47803324,0.8628161
2025-02-04,0.9254507586486049,21,0.39293414,0.89725024
2025-02-05,0.3890640943868817,1,0.0,-0.0034733661
2025-02-05,0.3890640943868817,3,0.099395595,0.7142842
2025-02-05,0.3890640943868817,5,0.5086736,0.79426724
2025-02-05,0.3890640943868817,10,0.41716996,0.8854814
2025-02-05,0.3890640943868817,21,0.392212,0.9765238
2025-02-06,0.14718096073496056,1,0.0,-0.003210316
2025-02-06,0.14718096073496056,3,0.5502089,0.642572
2025-02-06,0.14718096073496056,5,0.48286363,0.6907751
2025-02-06,0.14718096073496056,10,0.46268412,0.7790653
2025-02-06,0.14718096073496056,21,0.43262494,0.90149426
2025-02-07,0.2921452750887177,1,0.0,-0.0042780456
2025-02-07,0.2921452750887177,3,0.61086166,0.67444575
2025-02-07,0.2921452750887177,5,0.49500197,0.73674756
2025-02-07,0.2921452750887177,10,0.46633634,0.8121157
2025-02-07,0.2921452750887177,21,0.44136348,0.9241315
2025-02-10,-0.9407347805812982,1,0.0,-0.00351553
2025-02-10,-0.9407347805812982,3,0.5555911,0.6609833
2025-02-10,-0.9407347805812982,5,0.5182574,0.7392691
2025-02-10,-0.9407347805812982,10,0.46630988,0.8095344
2025-02-10,-0.9407347805812982,21,0.44166055,0.908621
2025-02-11,0.41000013985232897,1,0.0,-0.00478302
2025-02-11,0.41000013985232897,3,0.22507198,0.72027427
2025-02-11,0.41000013985232897,5,0.28882995,0.80279183
2025-02-11,0.41000013985232897,10,0.29932356,0.8783585
2025-02-11,0.41000013985232897,21,0.36083457,0.9852415
2025-02-12,-0.12148177689894624,1,0.0,-0.0037130401
2025-02-12,-0.12148177689894624,3,0.23870161,0.54727906
2025-02-12,-0.12148177689894624,5,0.29157946,0.62130284
2025-02-12,-0.12148177689894624,10,0.3233399,0.7125084
2025-02-12,-0.12148177689894624,21,0.35986146,0.7603628
2025-02-13,0.271158817604622,1,0.0,-0.0036274572
2025-02-13,0.271158817604622,3,0.30320254,0.56119394
2025-02-13,0.271158817604622,5,0.34962454,0.6266305
2025-02-13,0.271158817604622,10,0.31185478,0.72526234
2025-02-13,0.271158817604622,21,0.39667955,0.80274755
2025-02-14,0.45004258284748744,1,0.0,-0.0046673245
2025-02-14,0.45004258284748744,3,0.33068514,0.5971105
2025-02-14,0.45004258284748744,5,0.3480218,0.6668867
2025-02-14,0.45004258284748744,10,0.31298375,0.758857
2025-02-14,0.45004258284748744,21,0.39937213,0.8053873
2025-02-17,-0.26365363672082864,1,0.0,-0.0042090896
2025-02-17,-0.26365363672082864,3,0.4448279,0.5588612
2025-02-17,-0.26365363672082864,5,0.34496385,0.64971334
2025-02-17,-0.26365363672082864,10,0.33784592,0.75521
2025-02-17,-0.26365363672082864,21,0.4136062,0.80724007
2025-02-18,0.42495536066367023,1,0.0,-0.0021775602
2025-02-18,0.42495536066367023,3,0.20467015,0.472394
2025-02-18,0.42495536066367023,5,0.19042617,0.5353078
2025-02-18,0.42495536066367023,10,0.2957432,0.6443587
2025-02-18,0.42495536066367023,21,0.4218912,0.711889
2025-02-19,0.8119419678802586,1,0.0,-0.0041177296
2025-02-19,0.8119419678802586,3,0.23435344,0.50154114
2025-02-19,0.8119419678802586,5,0.31039348,0.5893647
2025-02-19,0.8119419678802586,10,0.292834,0.6939456
2025-02-19,0.8119419678802586,21,0.44352928,0.7559386
2025-02-20,0.3424315965705027,1,0.0,-0.0029270654
2025-02-20,0.3424315965705027,3,0.13535574,0.53516775
2025-02-20,0.3424315965705027,5,0.25586903,0.61942756
2025-02-20,0.3424315965705027,10,0.3203223,0.73339075
2025-02-20,0.3424315965705027,21,0.42163348,0.83782226
2025-02-21,0.2911502483380346,1,0.0,-0.004612681
2025-02-21,0.2911502483380346,3,0.2897392,0.6809048
2025-02-21,0.2911502483380346,5,0.25876588,0.79554063
2025-02-21,0.2911502483380346,10,0.41849834,0.90007704
2025-02-21,0.2911502483380346,21,0.42294434,1.0164869
2025-02-24,0.6004684921512293,1,0.0,-0.0027763168
2025-02-24,0.6004684921512293,3,0.31424326,0.54952
2025-02-24,0.6004684921512293,5,0.30235276,0.6235903
2025-02-24,0.6004684921512293,10,0.43495914,0.72901446
2025-02-24,0.6004684921512293,21,0.43635136,0.85088986
2025-02-25,-0.10737350133487311,1,0.0,-0.0041588643
2025-02-25,-0.10737350133487311,3,0.20714559,0.66159534
2025-02-25,-0.10737350133487311,5,0.22409949,0.7492257
2025-02-25,-0.10737350133487311,10,0.4184284,0.84970826
2025-02-25,-0.10737350133487311,21,0.42304218,0.96694154
2025-02-26,-0.015348487436739333,1,0.0,-0.0038410374
2025-02-26,-0.015348487436739333,3,0.23316596,0.5904516
2025-02-26,-0.015348487436739333,5,0.20719787,0.6553108
2025-02-26,-0.015348487436739333,10,0.4064752,0.7199257
2025-02-26,-0.015348487436739333,21,0.43640456,0.7998375
2025-02-27,0.37077368618705364,1,0.0,-0.004624817
2025-02-27,0.37077368618705364,3,0.2490974,0.676015
2025-02-27,0.37077368618705364,5,0.34734562,0.7909201
2025-02-27,0.37077368618705364,10,0.39998206,0.9041551
2025-02-27,0.37077368618705364,21,0.43935403,1.0389705
2025-02-28,-0.1867471344360716,1,0.0,-0.0038724863
2025-02-28,-0.1867471344360716,3,0.21110319,0.6046874
2025-02-28,-0.1867471344360716,5,0.5300251,0.6790958
2025-02-28,-0.1867471344360716,10,0.46999484,0.8048081
2025-02-28,-0.1867471344360716,21,0.44942388,0.91417557
2025-03-03,0.30672407046443695,1,0.0,-0.0032646568
2025-03-03,0.30672407046443695,3,0.38020757,0.57773
2025-03-03,0.30672407046443695,5,0.5199717,0.63316625
2025-03-03,0.30672407046443695,10,0.4605605,0.74219984
2025-03-03,0.30672407046443695,21,0.48228127,0.86303955
2025-03-04,0.1937985102679285,1,0.0,-0.0031750589
2025-03-04,0.1937985102679285,3,0.64559615,0.6163937
2025-03-04,0.1937985102679285,5,0.5199578,0.68888724
2025-03-04,0.1937985102679285,10,0.49399334,0.77478963
2025-03-04,0.1937985102679285,21,0.5075761,0.8923253
2025-03-05,-0.5503296750584141,1,0.0,-0.0024387673
2025-03-05,-0.5503296750584141,3,0.66626203,0.59253204
2025-03-05,-0.5503296750584141,5,0.52118397,0.6452182
2025-03-05,-0.5503296750584141,10,0.5258595,0.729192
2025-03-05,-0.5503296750584141,21,0.5062479,0.80534834
2025-03-06,1.0301547868489358,1,0.0,-0.0021334984
2025-03-06,1.0301547868489358,3,0.2931041,0.52760375
2025-03-06,1.0301547868489358,5,0.33124042,0.61814404
2025-03-06,1.0301547868489358,10,0.51661044,0.73775584
2025-03-06,1.0301547868489358,21,1.5610913,0.8204651
2025-03-07,0.5922256717506791,1,0.0,-0.0032957518
2025-03-07,0.5922256717506791,3,0.17497544,0.5472099
2025-03-07,0.5922256717506791,5,0.40022585,0.6298368
2025-03-07,0.5922256717506791,10,0.42677292,0.763209
2025-03-07,0.5922256717506791,21,1.555295,0.84844005
2025-03-10,0.31848479484830605,1,0.0,-0.002963847
2025-03-10,0.31848479484830605,3,0.07800807,0.5740398
2025-03-10,0.31848479484830605,5,0.32384378,0.62206036
2025-03-10,0.31848479484830605,10,0.38773638,0.72065204
2025-03-10,0.31848479484830605,21,2.027082,0.83923143
2025-03-11,0.16974489771373058,1,0.0,-0.003171517
2025-03-11,0.16974489771373058,3,0.3617046,0.5325041
2025-03-11,0.16974489771373058,5,0.4380655,0.5907241
2025-03-11,0.16974489771373058,10,0.42625773,0.6670081
2025-03-11,0.16974489771373058,21,2.090754,0.7629872
2025-03-12,0.14023512300269658,1,0.0,-0.0033318014
2025-03-12,0.14023512300269658,3,0.32512504,0.46743393
2025-03-12,0.14023512300269658,5,0.47444555,0.51715416
2025-03-12,0.14023512300269658,10,0.42454392,0.6013583
2025-03-12,0.14023512300269658,21,2.6236365,0.67410266
2025-03-13,-0.6118755653607977,1,0.0,-0.0034031258
2025-03-13,-0.6118755653607977,3,0.56120825,0.474954
2025-03-13,-0.6118755653607977,5,0.49565563,0.5466416
2025-03-13,-0.6118755653607977,10,0.44002762,0.62583053
2025-03-13,-0.6118755653607977,21,2.8419957,0.695265
2025-03-14,-0.00904834076669303,1,0.0,-0.0030939267
2025-03-14,-0.00904834076669303,3,0.48045176,0.45316088
2025-03-14,-0.00904834076669303,5,0.43789533,0.4982014
2025-03-14,-0.00904834076669303,10,0.40337768,0.5588786
2025-03-14,-0.00904834076669303,21,2.87179,0.6326721
2025-03-17,0.7594659420889549,1,0.0,-0.0022729756
2025-03-17,0.7594659420889549,3,0.5650187,0.46239454
2025-03-17,0.7594659420889549,5,0.44002908,0.5112191
2025-03-17,0.7594659420889549,10,0.4264359,0.5818266
2025-03-17,0.7594659420889549,21,2.8757231,0.6839147
2025-03-18,-0.3966667243745725,1,0.0,-0.0023552217
2025-03-18,-0.3966667243745725,3,0.18410146,0.43834227
2025-03-18,-0.3966667243745725,5,0.3943398,0.47144595
2025-03-18,-0.3966667243745725,10,0.37981027,0.541105
2025-03-18,-0.3966667243745725,21,2.872758,0.6121839
2025-03-19,-0.47748245559873226,1,0.0,-0.0029644533
2025-03-19,-0.47748245559873226,3,0.18096949,0.48295885
2025-03-19,-0.47748245559873226,5,0.36696085,0.5133501
2025-03-19,-0.47748245559873226,10,0.4807073,0.5855661
2025-03-19,-0.47748245559873226,21,2.8813622,0.655777
2025-03-20,-0.052858913243358785,1,0.0,-0.0026206868
2025-03-20,-0.052858913243358785,3,0.35149196,0.52788156
2025-03-20,-0.052858913243358785,5,0.35674602,0.5732892
2025-03-20,-0.052858913243358785,10,0.46517396,0.64327174
2025-03-20,-0.052858913243358785,21,2.8839502,0.6954253
2025-03-21,-0.15496202752469657,1,0.0,-0.0032180971
2025-03-21,-0.15496202752469657,3,0.3280539,0.53562766
2025-03-21,-0.15496202752469657,5,0.36484718,0.59884584
2025-03-21,-0.15496202752469657,10,2.1096022,0.69459933
2025-03-21,-0.15496202752469657,21,2.8855872,0.766757
2025-03-24,0.6364549046259604,1,0.0,-0.0028981692
2025-03-24,0.6364549046259604,3,0.4390348,0.5375343
2025-03-24,0.6364549046259604,5,0.41239116,0.584255
2025-03-24,0.6364549046259604,10,2.1132896,0.69068116
2025-03-24,0.6364549046259604,21,2.8859742,0.7815636
2025-03-25,0.12019954569382207,1,0.0,-0.0025888733
2025-03-25,0.12019954569382207,3,0.2282398,0.5308756
2025-03-25,0.12019954569382207,5,0.3121417,0.5616777
2025-03-25,0.12019954569382207,10,2.652386,0.65065414
2025-03-25,0.12019954569382207,21,2.8974676,0.7522389
2025-03-26,-0.4386747490910281,1,0.0,-0.0021476005
2025-03-26,-0.4386747490910281,3,0.13669685,0.58936393
2025-03-26,-0.4386747490910281,5,0.54771274,0.65265197
2025-03-26,-0.4386747490910281,10,2.636441,0.75349444
2025-03-26,-0.4386747490910281,21,2.9120371,0.8443579
2025-03-27,-0.17208200782157235,1,0.0,-0.0023224112
2025-03-27,-0.17208200782157235,3,0.2595798,0.53636146
2025-03-27,-0.17208200782157235,5,0.5428643,0.59837145
2025-03-27,-0.17208200782157235,10,3.6708605,0.6937569
2025-03-27,-0.17208200782157235,21,2.9180884,0.7329756
2025-03-28,-0.4808302244152962,1,0.0,-0.0028974046
2025-03-28,-0.4808302244152962,3,0.69288707,0.4383855
2025-03-28,-0.4808302244152962,5,2.7723866,0.48064455
2025-03-28,-0.4808302244152962,10,4.0610714,0.5610562
2025-03-28,-0.4808302244152962,21,2.918014,0.6041295
2025-03-31,-0.8078327068126612,1,0.0,-0.003475309
2025-03-31,-0.8078327068126612,3,0.6558757,0.5094182
2025-03-31,-0.8078327068126612,5,2.7283335,0.55765206
2025-03-31,-0.8078327068126612,10,4.1216145,0.65929645
2025-03-31,-0.8078327068126612,21,2.9186685,0.7036628
2025-04-01,0.79796474768834,1,0.0,-0.0026180726
2025-04-01,0.79796474768834,3,3.4684494,0.49408364
2025-04-01,0.79796474768834,5,3.2924597,0.52469206
2025-04-01,0.79796474768834,10,4.1241245,0.612209
2025-04-01,0.79796474768834,21,2.9327288,0.6480201
2025-04-02,0.037948360327266784,1,0.0,-0.0040856744
2025-04-02,0.037948360327266784,3,2.9697235,0.5431119
2025-04-02,0.037948360327266784,5,2.7410166,0.61221284
2025-04-02,0.037948360327266784,10,4.101467,0.7098357
2025-04-02,0.037948360327266784,21,2.924962,0.7428542
2025-04-03,-6.910236483100363,1,0.0,-0.0036439155
2025-04-03,-6.910236483100363,3,2.4576807,0.5064168
2025-04-03,-6.910236483100363,5,4.9040284,0.568665
2025-04-03,-6.910236483100363,10,4.116118,0.64664465
2025-04-03,-6.910236483100363,21,2.931415,0.70270264
2025-04-04,-1.5710154251094899,1,0.0,-0.002435268
2025-04-04,-1.5710154251094899,3,2.0958312,0.852868
2025-04-04,-1.5710154251094899,5,4.938039,0.9423592
2025-04-04,-1.5710154251094899,10,3.576632,0.9442694
2025-04-04,-1.5710154251094899,21,2.544007,0.8645758
2025-04-08,-6.6490309136374215,1,0.0,-0.0029085246
2025-04-08,-6.6490309136374215,3,5.6213694,0.7680997
2025-04-08,-6.6490309136374215,5,4.912013,0.8596513
2025-04-08,-6.6490309136374215,10,3.5568156,0.8835198
2025-04-08,-6.6490309136374215,21,2.5163643,0.8665481
2025-04-09,-3.456872679247791,1,0.0,-0.0047608814
2025-04-09,-3.456872679247791,3,4.3193526,0.90996534
2025-04-09,-3.456872679247791,5,3.6315587,0.9932993
2025-04-09,-3.456872679247791,10,2.827376,0.9772341
2025-04-09,-3.456872679247791,21,1.9990295,0.9028526
2025-04-10,6.546904849399837,1,0.0,-0.001267985
2025-04-10,6.546904849399837,3,2.0564973,0.86905754
2025-04-10,6.546904849399837,5,3.1214747,0.9429465
2025-04-10,6.546904849399837,10,2.492013,0.96010226
2025-04-10,6.546904849399837,21,1.7820442,0.8715973
2025-04-11,4.528128405892584,1,0.0,-0.0027060625
2025-04-11,4.528128405892584,3,2.301373,0.81717676
2025-04-11,4.528128405892584,5,2.1504755,0.89017206
2025-04-11,4.528128405892584,10,1.6858263,0.8994259
2025-04-11,4.528128405892584,21,1.2438595,0.83699626
2025-04-14,1.5406774168318371,1,0.0,-0.0028303582
2025-04-14,1.5406774168318371,3,1.3318496,0.97977257
2025-04-14,1.5406774168318371,5,1.0946287,1.0685688
2025-04-14,1.5406774168318371,10,1.0115535,1.1481532
2025-04-14,1.5406774168318371,21,0.86822146,1.0215946
2025-04-15,-1.10561908343767,1,0.0,0.00032932498
2025-04-15,-1.10561908343767,3,0.87902635,0.6219106
2025-04-15,-1.10561908343767,5,0.7800676,0.7075623
2025-04-15,-1.10561908343767,10,0.88247657,0.734919
2025-04-15,-1.10561908343767,21,0.86339957,0.7391583
2025-04-16,-1.434754256670434,1,0.0,-0.00078697363
2025-04-16,-1.434754256670434,3,0.8645912,0.5605793
2025-04-16,-1.434754256670434,5,0.7485143,0.6232911
2025-04-16,-1.434754256670434,10,0.818912,0.6664212
2025-04-16,-1.434754256670434,21,0.82352287,0.68864983
2025-04-17,0.5725953318251875,1,0.0,0.0022906396
2025-04-17,0.5725953318251875,3,0.66190135,0.50646734
2025-04-17,0.5725953318251875,5,0.81831527,0.5445545
2025-04-17,0.5725953318251875,10,0.7281969,0.59612125
2025-04-17,0.5725953318251875,21,0.7680038,0.6362856
2025-04-18,0.15350709187949008,1,0.0,0.0022827466
2025-04-18,0.15350709187949008,3,0.5059788,0.52747375
2025-04-18,0.15350709187949008,5,0.8944885,0.5573186
2025-04-18,0.15350709187949008,10,0.7200291,0.61459965
2025-04-18,0.15350709187949008,21,0.76831275,0.61905634
2025-04-21,-0.993335153672259,1,0.0,-0.0005448521
2025-04-21,-0.993335153672259,3,0.9744351,0.5891864
2025-04-21,-0.993335153672259,5,0.9077956,0.63402635
2025-04-21,-0.993335153672259,10,0.7335078,0.65621096
2025-04-21,-0.993335153672259,21,0.8018601,0.6147698
2025-04-22,-0.8268909938541569,1,0.0,0.0024187018
2025-04-22,-0.8268909938541569,3,0.90221465,0.43016905
2025-04-22,-0.8268909938541569,5,0.74613416,0.4383178
2025-04-22,-0.8268909938541569,10,0.69607294,0.48213005
2025-04-22,-0.8268909938541569,21,0.7472183,0.47143948
2025-04-23,1.151943904675079,1,0.0,0.0008930904
2025-04-23,1.151943904675079,3,0.29010117,0.41021925
2025-04-23,1.151943904675079,5,0.54186153,0.44032994
2025-04-23,1.151943904675079,10,0.59350026,0.48910636
2025-04-23,1.151943904675079,21,0.72027016,0.48049584
2025-04-24,1.0146532712810519,1,0.0,0.00078785094
2025-04-24,1.0146532712810519,3,0.4961485,0.48148793
2025-04-24,1.0146532712810519,5,0.5328505,0.54860306
2025-04-24,1.0146532712810519,10,0.60392904,0.61279976
2025-04-24,1.0146532712810519,21,0.7059796,0.6145947
2025-04-25,0.4794959810403121,1,0.0,0.0008772216
2025-04-25,0.4794959810403121,3,0.2894814,0.43584365
2025-04-25,0.4794959810403121,5,0.4651976,0.47920504
2025-04-25,0.4794959810403121,10,0.5913507,0.54882735
2025-04-25,0.4794959810403121,21,0.6987818,0.5726487
2025-04-28,-0.19788038362094085,1,0.0,-0.001503028
2025-04-28,-0.19788038362094085,3,0.5853991,0.47020727
2025-04-28,-0.19788038362094085,5,0.48632452,0.4981226
2025-04-28,-0.19788038362094085,10,0.62567145,0.54531986
2025-04-28,-0.19788038362094085,21,0.7049571,0.61877364
2025-04-29,-0.04076474721159684,1,0.0,0.0017329482
2025-04-29,-0.04076474721159684,3,0.50538284,0.56091875
2025-04-29,-0.04076474721159684,5,0.58804846,0.62765586
2025-04-29,-0.04076474721159684,10,0.57770175,0.5833549
2025-04-29,-0.04076474721159684,21,0.7328333,0.59172696
2025-05-05,1.115019559881425,1,0.0,0.0029146506
2025-05-05,1.115019559881425,3,0.3931908,0.48224092
2025-05-05,1.115019559881425,5,0.62875956,0.5230909
2025-05-05,1.115019559881425,10,0.7246809,0.51843935
2025-05-05,1.115019559881425,21,0.7269564,0.52955085
2025-05-06,0.15310236673151678,1,0.0,-0.0010885745
2025-05-06,0.15310236673151678,3,0.5727701,0.7150992
2025-05-06,0.15310236673151678,5,0.6506028,0.8363784
2025-05-06,0.15310236673151678,10,0.75678897,0.81530803
2025-05-06,0.15310236673151678,21,0.7158351,0.77978593
2025-05-07,0.6756782462880473,1,0.0,-0.0008129962
2025-05-07,0.6756782462880473,3,0.70997214,0.64516044
2025-05-07,0.6756782462880473,5,0.5938651,0.70630795
2025-05-07,0.6756782462880473,10,0.8048583,0.7246245
2025-05-07,0.6756782462880473,21,0.72229975,0.7259707
2025-05-08,1.541990023935913,1,0.0,-0.0012140591
2025-05-08,1.541990023935913,3,0.76063704,0.64633965
2025-05-08,1.541990023935913,5,0.6118568,0.69154376
2025-05-08,1.541990023935913,10,0.80420506,0.7243147
2025-05-08,1.541990023935913,21,0.7320759,0.7282894
2025-05-09,-0.19707546483305194,1,0.0,-0.0039666477
2025-05-09,-0.19707546483305194,3,0.6041572,0.77423954
2025-05-09,-0.19707546483305194,5,0.56704104,0.81398684
2025-05-09,-0.19707546483305194,10,0.81286645,0.9056093
2025-05-09,-0.19707546483305194,21,0.726341,0.9178022
2025-05-12,1.2515062035843627,1,0.0,0.00014021294
2025-05-12,1.2515062035843627,3,0.21804108,0.49745482
2025-05-12,1.2515062035843627,5,0.80432564,0.53076786
2025-05-12,1.2515062035843627,10,0.79989904,0.59431
2025-05-12,1.2515062035843627,21,0.8066092,0.63096863
2025-05-13,0.7893889300324197,1,0.0,0.0010979548
2025-05-13,0.7893889300324197,3,0.40351096,0.46470326
2025-05-13,0.7893889300324197,5,0.77816224,0.5090824
2025-05-13,0.7893889300324197,10,0.8129475,0.5775231
2025-05-13,0.7893889300324197,21,0.7719099,0.60984164
2025-05-14,1.2523404657842185,1,0.0,0.0023034909
2025-05-14,1.2523404657842185,3,0.88110137,0.45170093
2025-05-14,1.2523404657842185,5,0.9099917,0.45381048
2025-05-14,1.2523404657842185,10,0.80382526,0.5523535
2025-05-14,1.2523404657842185,21,0.7581153,0.6060513
2025-05-15,0.2645897545408893,1,0.0,0.0016912431
2025-05-15,0.2645897545408893,3,0.47807792,0.38765806
2025-05-15,0.2645897545408893,5,0.81001496,0.38667816
2025-05-15,0.2645897545408893,10,0.7463266,0.5000423
2025-05-15,0.2645897545408893,21,0.7215809,0.51222616
2025-05-16,-0.903398262865629,1,0.0,-0.0006231363
2025-05-16,-0.903398262865629,3,1.0081954,0.5482085
2025-05-16,-0.903398262865629,5,0.8835032,0.5752425
2025-05-16,-0.903398262865629,10,0.7497758,0.63826543
2025-05-16,-0.903398262865629,21,0.73141515,0.6582677
2025-05-19,-0.39265856862122916,1,0.0,0.0023329607
2025-05-19,-0.39265856862122916,3,0.7507811,0.44340473
2025-05-19,-0.39265856862122916,5,0.7602291,0.45047107
2025-05-19,-0.39265856862122916,10,0.7203828,0.5138913
2025-05-19,-0.39265856862122916,21,0.7855125,0.5397473
2025-05-20,1.4444389235050537,1,0.0,0.0009942069
2025-05-20,1.4444389235050537,3,0.881333,0.43602926
2025-05-20,1.4444389235050537,5,0.80950135,0.4399178
2025-05-20,1.4444389235050537,10,0.6891878,0.4755772
2025-05-20,1.4444389235050537,21,0.7856149,0.4965858
2025-05-21,0.5988949748138239,1,0.0,-0.0026213406
2025-05-21,0.5988949748138239,3,0.5316513,0.5519596
2025-05-21,0.5988949748138239,5,0.68076783,0.6112452
2025-05-21,0.5988949748138239,10,0.6059643,0.6724614
2025-05-21,0.5988949748138239,21,0.73448795,0.7355468
2025-05-22,-0.6985530266452322,1,0.0,-0.0016803998
2025-05-22,-0.6985530266452322,3,0.8526566,0.3753062
2025-05-22,-0.6985530266452322,5,0.6742947,0.37549457
2025-05-22,-0.6985530266452322,10,0.6015148,0.43901974
2025-05-22,-0.6985530266452322,21,0.72916776,0.51403695
2025-05-23,0.04717878564095557,1,0.0,-0.002364202
2025-05-23,0.04717878564095557,3,0.5427382,0.4681461
2025-05-23,0.04717878564095557,5,0.5086761,0.45441687
2025-05-23,0.04717878564095557,10,0.55141234,0.49305055
2025-05-23,0.04717878564095557,21,0.710537,0.5876251
2025-05-26,1.363844681655646,1,0.0,-0.0002813181
2025-05-26,1.363844681655646,3,0.5041093,0.763604
2025-05-26,1.363844681655646,5,0.6761637,0.89778996
2025-05-26,1.363844681655646,10,0.6471959,0.90513045
2025-05-26,1.363844681655646,21,0.7189349,0.9403086
2025-05-27,0.5463431144608677,1,0.0,-0.0007190672
2025-05-27,0.5463431144608677,3,0.2303038,0.64306676
2025-05-27,0.5463431144608677,5,0.41529894,0.7484203
2025-05-27,0.5463431144608677,10,0.65807873,0.7987583
2025-05-27,0.5463431144608677,21,0.67593175,0.8537731
2025-05-28,0.15363506497401147,1,0.0,-0.0016151168
2025-05-28,0.15363506497401147,3,0.3679127,0.7779057
2025-05-28,0.15363506497401147,5,0.48676002,0.9737603
2025-05-28,0.15363506497401147,10,0.6463937,0.99939454
2025-05-28,0.15363506497401147,21,0.66954935,0.9752657
2025-05-29,-0.000745231450238748,1,0.0,0.0008828421
2025-05-29,-0.000745231450238748,3,0.4077303,0.7227233
2025-05-29,-0.000745231450238748,5,0.49363813,0.8098749
2025-05-29,-0.000745231450238748,10,0.63820326,0.86581326
2025-05-29,-0.000745231450238748,21,0.6704088,0.915871
2025-05-30,-0.6924790053680852,1,0.0,-0.0016786722
2025-05-30,-0.6924790053680852,3,0.6241892,0.8082149
2025-05-30,-0.6924790053680852,5,0.51160234,0.8290574
2025-05-30,-0.6924790053680852,10,0.68001777,0.8891001
2025-05-30,-0.6924790053680852,21,0.6738995,0.8655119
2025-06-02,0.2772679658578525,1,0.0,-0.004082507
2025-06-02,0.2772679658578525,3,0.3805814,0.8734671
2025-06-02,0.2772679658578525,5,0.57529795,0.8929293
2025-06-02,0.2772679658578525,10,0.6709319,0.9776615
2025-06-02,0.2772679658578525,21,0.65125346,0.92230994
2025-06-03,0.8160877026590185,1,0.0,-0.0035732794
2025-06-03,0.8160877026590185,3,0.4795936,0.6965831
2025-06-03,0.8160877026590185,5,0.7709466,0.7554462
2025-06-03,0.8160877026590185,10,0.8658204,0.81954914
2025-06-03,0.8160877026590185,21,0.6506704,0.7958018
2025-06-04,-0.11214302008166754,1,0.0,-0.0044459966
2025-06-04,-0.11214302008166754,3,0.34620747,0.5822544
2025-06-04,-0.11214302008166754,5,0.6576189,0.6511562
2025-06-04,-0.11214302008166754,10,0.8568018,0.7645645
2025-06-04,-0.11214302008166754,21,0.63822615,0.72455364
2025-06-05,-0.2715947246399786,1,0.0,-0.00085366284
2025-06-05,-0.2715947246399786,3,0.48703194,0.56481767
2025-06-05,-0.2715947246399786,5,0.66139007,0.61469233
2025-06-05,-0.2715947246399786,10,0.8562735,0.70620304
2025-06-05,-0.2715947246399786,21,0.6398502,0.7348611
2025-06-06,-0.9131868337900251,1,0.0,-0.0015959884
2025-06-06,-0.9131868337900251,3,0.7956823,0.5933735
2025-06-06,-0.9131868337900251,5,0.7880555,0.6503114
2025-06-06,-0.9131868337900251,10,0.85752195,0.7388697
2025-06-06,-0.9131868337900251,21,0.6352886,0.7395279
2025-06-09,-1.4634074964340549,1,0.0,-0.0019572303
2025-06-09,-1.4634074964340549,3,0.80044734,0.63987935
2025-06-09,-1.4634074964340549,5,0.74408484,0.6639125
2025-06-09,-1.4634074964340549,10,0.8001703,0.7142329
2025-06-09,-1.4634074964340549,21,0.6171294,0.7027277
2025-06-10,0.430943258673544,1,0.0,-0.00076404586
2025-06-10,0.430943258673544,3,0.2852173,0.5736343
2025-06-10,0.430943258673544,5,0.76230216,0.6175409
2025-06-10,0.430943258673544,10,0.6020236,0.6362552
2025-06-10,0.430943258673544,21,0.5008629,0.61454284
2025-06-11,-0.0782844348968581,1,0.0,-0.004109342
2025-06-11,-0.0782844348968581,3,0.47505704,0.61957145
2025-06-11,-0.0782844348968581,5,0.7717289,0.66954976
2025-06-11,-0.0782844348968581,10,0.6074314,0.67832386
2025-06-11,-0.0782844348968581,21,0.5255702,0.6828168
2025-06-12,0.5905581205486676,1,0.0,-0.0047701704
2025-06-12,0.5905581205486676,3,0.9281739,0.70152175
2025-06-12,0.5905581205486676,5,0.7696854,0.80522496
2025-06-12,0.5905581205486676,10,0.6020899,0.86665416
2025-06-12,0.5905581205486676,21,0.52885556,0.89550084
2025-06-13,-0.5685106728315681,1,0.0,-0.0017738063
2025-06-13,-0.5685106728315681,3,0.9306343,0.5056263
2025-06-13,-0.5685106728315681,5,0.767905,0.5660423
2025-06-13,-0.5685106728315681,10,0.6125898,0.634511
2025-06-13,-0.5685106728315681,21,0.53447104,0.6916101
2025-06-16,1.7048950786945127,1,0.0,-0.0026030429
2025-06-16,1.7048950786945127,3,0.7238447,0.65481764
2025-06-16,1.7048950786945127,5,0.68068594,0.65753394
2025-06-16,1.7048950786945127,10,0.536697,0.6896374
2025-06-16,1.7048950786945127,21,0.4880199,0.7931107
2025-06-17,0.7133845132581307,1,0.0,-0.0031372993
2025-06-17,0.7133845132581307,3,0.3186115,0.8417465
2025-06-17,0.7133845132581307,5,0.36983508,1.0332683
2025-06-17,0.7133845132581307,10,0.32245016,1.0676265
2025-06-17,0.7133845132581307,21,0.47739816,1.0631806
2025-06-18,-0.0638332637502792,1,0.0,-0.0033243918
2025-06-18,-0.0638332637502792,3,0.25016728,0.8133187
2025-06-18,-0.0638332637502792,5,0.35226887,0.9796671
2025-06-18,-0.0638332637502792,10,0.28988677,1.0495492
2025-06-18,-0.0638332637502792,21,0.49013993,1.043667
2025-06-19,0.3860879902965131,1,0.0,0.00032391353
2025-06-19,0.3860879902965131,3,0.35563144,0.78032494
2025-06-19,0.3860879902965131,5,0.34074733,0.97289616
2025-06-19,0.3860879902965131,10,0.28285527,1.0205889
2025-06-19,0.3860879902965131,21,0.49036035,0.9127558
2025-06-20,-0.199156796251021,1,0.0,0.0008460041
2025-06-20,-0.199156796251021,3,0.3963255,0.8318013
2025-06-20,-0.199156796251021,5,0.3654105,1.0096531
2025-06-20,-0.199156796251021,10,0.31186625,1.0891901
2025-06-20,-0.199156796251021,21,0.48990002,1.1783606
2025-06-23,0.652257319789129,1,0.0,-0.0018507182
2025-06-23,0.652257319789129,3,0.30316257,0.834884
2025-06-23,0.652257319789129,5,0.30970305,0.8816723
2025-06-23,0.652257319789129,10,0.28050312,0.93306667
2025-06-23,0.652257319789129,21,0.5459012,0.8660581
2025-06-24,0.6304723722657002,1,0.0,-0.007557742
2025-06-24,0.6304723722657002,3,0.3177675,1.0154793
2025-06-24,0.6304723722657002,5,0.26555842,0.98473233
2025-06-24,0.6304723722657002,10,0.35741496,1.1045865
2025-06-24,0.6304723722657002,21,0.60018134,1.0024014
2025-06-25,-0.0014633147004339264,1,0.0,0.0024184533
2025-06-25,-0.0014633147004339264,3,0.2200197,0.7846383
2025-06-25,-0.0014633147004339264,5,0.19182195,0.7792377
2025-06-25,-0.0014633147004339264,10,0.39629388,0.85035795
2025-06-25,-0.0014633147004339264,21,0.6032102,0.7780674
2025-06-26,-0.07905080889774041,1,0.0,-0.006153448
2025-06-26,-0.07905080889774041,3,0.21882105,0.7408379
2025-06-26,-0.07905080889774041,5,0.20813029,0.8249567
2025-06-26,-0.07905080889774041,10,0.43663105,0.86145514
2025-06-26,-0.07905080889774041,21,0.5936282,0.82019037
2025-06-27,0.42161320130942315,1,0.0,-0.001361331
2025-06-27,0.42161320130942315,3,0.12315773,0.67904806
2025-06-27,0.42161320130942315,5,0.24561894,0.7385361
2025-06-27,0.42161320130942315,10,0.42234096,0.77078074
2025-06-27,0.42161320130942315,21,0.5794686,0.7404025
2025-06-30,0.33703275931458165,1,0.0,-0.0011196476
2025-06-30,0.33703275931458165,3,0.147642,0.8536092
2025-06-30,0.33703275931458165,5,0.23768005,0.9213194
2025-06-30,0.33703275931458165,10,0.4260933,0.97759736
2025-06-30,0.33703275931458165,21,0.62863845,0.909782
2025-07-01,0.1285445235119198,1,0.0,-0.007222313
2025-07-01,0.1285445235119198,3,0.2773035,0.86469626
2025-07-01,0.1285445235119198,5,0.42266023,0.87041473
2025-07-01,0.1285445235119198,10,0.42162257,0.89171165
2025-07-01,0.1285445235119198,21,1.2014112,0.8371775
2025-07-02,0.4887011387883611,1,0.0,-0.00047564274
2025-07-02,0.4887011387883611,3,0.29469398,0.76602614
2025-07-02,0.4887011387883611,5,0.45396143,0.7913199
2025-07-02,0.4887011387883611,10,0.5654219,0.79274124
2025-07-02,0.4887011387883611,21,1.2055902,0.7380484
2025-07-03,-0.1901285566689559,1,0.0,0.0016512983
2025-07-03,-0.1901285566689559,3,0.52089953,0.76071644
2025-07-03,-0.1901285566689559,5,0.50613046,0.7694488
2025-07-03,-0.1901285566689559,10,0.5781208,0.84010255
2025-07-03,-0.1901285566689559,21,1.2164793,0.8085365
2025-07-04,0.3618730316222063,1,0.0,2.3841858e-07
2025-07-04,0.3618730316222063,3,0.31325862,0.8801261
2025-07-04,0.3618730316222063,5,0.2758207,0.9076251
2025-07-04,0.3618730316222063,10,0.5140129,1.0174819
2025-07-04,0.3618730316222063,21,1.2248499,1.0560406
2025-07-07,1.0821072019611577,1,0.0,0.00417433
2025-07-07,1.0821072019611577,3,0.07051973,0.90543044
2025-07-07,1.0821072019611577,5,0.09935979,1.0315166
2025-07-07,1.0821072019611577,10,0.50581646,1.2418995
2025-07-07,1.0821072019611577,21,1.2838109,1.2905016
2025-07-08,0.9511982902277616,1,0.0,0.003605377
2025-07-08,0.9511982902277616,3,0.06884053,0.94370645
2025-07-08,0.9511982902277616,5,0.09955352,1.1149517
2025-07-08,0.9511982902277616,10,0.67896456,1.3332918
2025-07-08,0.9511982902277616,21,1.2876809,1.4307047
2025-07-09,1.1142528816725061,1,0.0,0.00277767
2025-07-09,1.1142528816725061,3,0.1144763,0.9702771
2025-07-09,1.1142528816725061,5,0.6552036,1.1605165
2025-07-09,1.1142528816725061,10,0.7447456,1.4350754
2025-07-09,1.1142528816725061,21,1.3107966,1.6125458
2025-07-10,0.995503466324088,1,0.0,0.00022750115
2025-07-10,0.995503466324088,3,0.06975697,0.6007607
2025-07-10,0.995503466324088,5,0.6408558,0.72583693
2025-07-10,0.995503466324088,10,0.738238,0.8467408
2025-07-10,0.995503466324088,21,1.303717,0.9584101
2025-07-11,0.8348880898786604,1,0.0,0.0012730919
2025-07-11,0.8348880898786604,3,0.7149652,0.52830815
2025-07-11,0.8348880898786604,5,0.63907975,0.621061
2025-07-11,0.8348880898786604,10,0.72351044,0.67824924
2025-07-11,0.8348880898786604,21,1.2996392,0.77553487
2025-07-14,0.8647063284394463,1,0.0,0.00606183
2025-07-14,0.8647063284394463,3,0.75832653,0.7322131
2025-07-14,0.8647063284394463,5,0.6290854,0.8706384
2025-07-14,0.8647063284394463,10,0.71755224,0.93777645
2025-07-14,0.8647063284394463,21,1.2985145,1.0191774
2025-07-15,-0.6666532142663328,1,0.0,0.007806972
2025-07-15,-0.6666532142663328,3,0.7834299,0.68398887
2025-07-15,-0.6666532142663328,5,0.7923002,0.7758305
2025-07-15,-0.6666532142663328,10,0.80040735,0.8212568
2025-07-15,-0.6666532142663328,21,1.2964756,0.8926841
2025-07-16,1.0095040978198355,1,0.0,0.007456927
2025-07-16,1.0095040978198355,3,0.23992115,0.74365914
2025-07-16,1.0095040978198355,5,0.82434964,0.8626327
2025-07-16,1.0095040978198355,10,1.6244358,0.9029089
2025-07-16,1.0095040978198355,21,1.2745311,1.008256
2025-07-17,0.9806248240901816,1,0.0,0.009089438
2025-07-17,0.9806248240901816,3,0.7597348,0.71047753
2025-07-17,0.9806248240901816,5,0.8202169,0.81913984
2025-07-17,0.9806248240901816,10,1.6215411,0.87822384
2025-07-17,0.9806248240901816,21,1.3008287,1.0185192
2025-07-18,0.48672973514714,1,0.0,0.0108990725
2025-07-18,0.48672973514714,3,1.0032761,0.69674987
2025-07-18,0.48672973514714,5,0.78737247,0.84900945
2025-07-18,0.48672973514714,10,1.6075644,0.94335335
2025-07-18,0.48672973514714,21,1.3188345,1.0945462
2025-07-21,-0.8201686974204314,1,0.0,0.0071988814
2025-07-21,-0.8201686974204314,3,1.0081506,0.644053
2025-07-21,-0.8201686974204314,5,0.7938223,0.8216898
2025-07-21,-0.8201686974204314,10,1.6097071,0.92903984
2025-07-21,-0.8201686974204314,21,1.3187889,1.1381788
2025-07-22,1.6356526932834292,1,0.0,0.010197
2025-07-22,1.6356526932834292,3,0.6136031,0.5199671
2025-07-22,1.6356526932834292,5,0.60793155,0.6051054
2025-07-22,1.6356526932834292,10,1.7082385,0.6878019
2025-07-22,1.6356526932834292,21,1.2954453,0.84221274
2025-07-23,0.18333145429725306,1,0.0,0.00688902
2025-07-23,0.18333145429725306,3,0.20822403,0.5207833
2025-07-23,0.18333145429725306,5,2.053456,0.6140912
2025-07-23,0.18333145429725306,10,1.6804821,0.7228555
2025-07-23,0.18333145429725306,21,1.2713463,0.8944444
2025-07-24,0.5742879237306653,1,0.0,0.005663827
2025-07-24,0.5742879237306653,3,0.5123029,0.62515116
2025-07-24,0.5742879237306653,5,2.1052077,0.7249528
2025-07-24,0.5742879237306653,10,1.735674,0.8647229
2025-07-24,0.5742879237306653,21,1.2851832,1.0151858
2025-07-25,0.6624862458457059,1,0.0,0.0058545726
2025-07-25,0.6624862458457059,3,2.5711336,0.60834473
2025-07-25,0.6624862458457059,5,2.08157,0.6803105
2025-07-25,0.6624862458457059,10,1.7351514,0.825202
2025-07-25,0.6624862458457059,21,1.4421295,0.97923625
2025-07-28,1.7024581101225955,1,0.0,0.00782682
2025-07-28,1.7024581101225955,3,2.6212323,0.55637205
2025-07-28,1.7024581101225955,5,2.0315526,0.6095586
2025-07-28,1.7024581101225955,10,1.7334995,0.74750096
2025-07-28,1.7024581101225955,21,1.5209441,0.87829155
2025-07-29,-4.196851026762349,1,0.0,0.010122471
2025-07-29,-4.196851026762349,3,2.1858656,0.6895293
2025-07-29,-4.196851026762349,5,2.1404116,0.7878348
2025-07-29,-4.196851026762349,10,1.6816763,0.92489946
2025-07-29,-4.196851026762349,21,1.6249684,1.082924
2025-07-30,0.9476785663674825,1,0.0,0.004012334
2025-07-30,0.9476785663674825,3,0.6445632,1.1577132
2025-07-30,0.9476785663674825,5,1.0031967,1.2821431
2025-07-30,0.9476785663674825,10,0.7942905,1.31029
2025-07-30,0.9476785663674825,21,1.2730228,1.252446
2025-07-31,-0.3395182903638272,1,0.0,0.0072621126
2025-07-31,-0.3395182903638272,3,1.2249532,1.0275482
2025-07-31,-0.3395182903638272,5,1.0817091,1.161335
2025-07-31,-0.3395182903638272,10,0.8058129,1.2466309
2025-07-31,-0.3395182903638272,21,1.2697822,1.2751511
2025-08-01,-0.4877033281382559,1,0.0,0.005008974
2025-08-01,-0.4877033281382559,3,1.1048834,0.9410088
2025-08-01,-0.4877033281382559,5,0.93699455,1.0582322
2025-08-01,-0.4877033281382559,10,0.79287255,1.1323355
2025-08-01,-0.4877033281382559,21,1.2593876,1.1903428
2025-08-04,2.181736335846285,1,0.0,0.004150475
2025-08-04,2.181736335846285,3,0.3873075,0.9587555
2025-08-04,2.181736335846285,5,0.7329372,1.0766615
2025-08-04,2.181736335846285,10,0.8225088,1.1458534
2025-08-04,2.181736335846285,21,1.2458854,1.1716924
2025-08-05,1.2330500188300064,1,0.0,0.0077743228
2025-08-05,1.2330500188300064,3,0.48888537,0.98257387
2025-08-05,1.2330500188300064,5,0.5323366,1.1175123
2025-08-05,1.2330500188300064,10,0.7020895,1.1541101
2025-08-05,1.2330500188300064,21,1.1950434,1.2029167
2025-08-06,1.7021360303685285,1,0.0,0.00635334
2025-08-06,1.7021360303685285,3,0.6475501,0.94099295
2025-08-06,1.7021360303685285,5,0.503122,1.0623999
2025-08-06,1.7021360303685285,10,0.69176376,1.0964547
2025-08-06,1.7021360303685285,21,1.2732965,1.1079599
2025-08-07,0.5133871939158041,1,0.0,1.3599638e-05
2025-08-07,0.5133871939158041,3,0.22545539,0.84316766
2025-08-07,0.5133871939158041,5,0.23573436,0.9607462
2025-08-07,0.5133871939158041,10,0.60020894,1.0056773
2025-08-07,0.5133871939158041,21,1.3795966,0.999218
2025-08-08,0.19831000953987044,1,0.0,0.0016220249
2025-08-08,0.19831000953987044,3,0.25058073,0.8406888
2025-08-08,0.19831000953987044,5,0.5788422,0.9783663
2025-08-08,0.19831000953987044,10,0.65137744,1.0572586
2025-08-08,0.19831000953987044,21,1.3841791,1.0988206
2025-08-11,0.7486339929092978,1,0.0,0.0049808742
2025-08-11,0.7486339929092978,3,0.24510552,0.88671553
2025-08-11,0.7486339929092978,5,0.79543865,1.0054506
2025-08-11,0.7486339929092978,10,1.1633106,1.0986975
2025-08-11,0.7486339929092978,21,1.3848106,1.1625006
2025-08-12,0.708877629929372,1,0.0,0.006988475
2025-08-12,0.708877629929372,3,0.65901273,0.8168009
2025-08-12,0.708877629929372,5,0.79140246,0.9276972
2025-08-12,0.708877629929372,10,1.341048,0.98832446
2025-08-12,0.708877629929372,21,1.3876448,1.0454515
2025-08-13,0.20994970163270565,1,0.0,0.0036897743
2025-08-13,0.20994970163270565,3,1.011353,0.7195998
2025-08-13,0.20994970163270565,5,0.8257069,0.7824633
2025-08-13,0.20994970163270565,10,1.6417336,0.8577785
2025-08-13,0.20994970163270565,21,1.3854569,0.91340214
2025-08-14,1.7889410725601351,1,0.0,0.00091987057
2025-08-14,1.7889410725601351,3,1.0007067,0.7561891
2025-08-14,1.7889410725601351,5,0.8066884,0.83216035
2025-08-14,1.7889410725601351,10,1.641083,0.95765233
2025-08-14,1.7889410725601351,21,1.3981249,1.0417334
2025-08-15,-0.6536870241985682,1,0.0,0.00011233147
2025-08-15,-0.6536870241985682,3,0.7140733,0.6861389
2025-08-15,-0.6536870241985682,5,0.7073479,0.76087636
2025-08-15,-0.6536870241985682,10,1.5737406,0.96408135
2025-08-15,-0.6536870241985682,21,1.3552177,1.0990167
2025-08-18,0.3900359160450506,1,0.0,-0.0003180881
2025-08-18,0.3900359160450506,3,0.28921592,0.68483925
2025-08-18,0.3900359160450506,5,1.4159129,0.7379333
2025-08-18,0.3900359160450506,10,1.5471517,0.88955647
2025-08-18,0.3900359160450506,21,1.3536263,0.967537
2025-08-19,1.0837134296547646,1,0.0,-0.0006687795
2025-08-19,1.0837134296547646,3,0.3275868,0.57137346
2025-08-19,1.0837134296547646,5,1.6367182,0.6215016
2025-08-19,1.0837134296547646,10,1.5507393,0.75768983
2025-08-19,1.0837134296547646,21,1.3556783,0.8343631
2025-08-20,0.61231568777389,1,0.0,0.0003819093
2025-08-20,0.61231568777389,3,1.7110043,0.7091969
2025-08-20,0.61231568777389,5,2.1512685,0.78615636
2025-08-20,0.61231568777389,10,1.5415493,0.95267594
2025-08-20,0.61231568777389,21,1.3401879,1.043662
2025-08-21,1.4103731020357557,1,0.0,0.0008599921
2025-08-21,1.4103731020357557,3,1.7397143,0.99379826
2025-08-21,1.4103731020357557,5,2.1419506,1.0483497
2025-08-21,1.4103731020357557,10,1.644925,1.1276666
2025-08-21,1.4103731020357557,21,1.3687836,1.0949937
2025-08-22,-2.551833847927032,1,0.0,0.0007222607
2025-08-22,-2.551833847927032,3,2.608647,0.89353496
2025-08-22,-2.551833847927032,5,2.059019,1.0073692
2025-08-22,-2.551833847927032,10,1.7393382,1.168143
2025-08-22,-2.551833847927032,21,1.3279958,1.227965
2025-08-25,-1.9291900658886085,1,0.0,-0.0017012134
2025-08-25,-1.9291900658886085,3,2.1281042,1.1557034
2025-08-25,-1.9291900658886085,5,1.6584971,1.2855054
2025-08-25,-1.9291900658886085,10,1.6062484,1.3886902
2025-08-25,-1.9291900658886085,21,1.2496895,1.4149898
2025-08-26,3.2669299752720704,1,0.0,-0.0010762182
2025-08-26,3.2669299752720704,3,1.3556432,1.2696685
2025-08-26,3.2669299752720704,5,1.2389338,1.4339035
2025-08-26,3.2669299752720704,10,1.480278,1.5158752
2025-08-26,3.2669299752720704,21,1.1728948,1.4870204
2025-08-27,0.308345627056994,1,0.0,-0.0017840643
2025-08-27,0.308345627056994,3,0.16444828,1.1508119
2025-08-27,0.308345627056994,5,0.32978436,1.3006767
2025-08-27,0.308345627056994,10,1.1089164,1.3917348
2025-08-27,0.308345627056994,21,0.9459974,1.4067272
2025-08-28,0.4818654139627121,1,0.0,-0.0025099348
2025-08-28,0.4818654139627121,3,0.22769359,1.0803647
2025-08-28,0.4818654139627121,5,0.8994816,1.2166203
2025-08-28,0.4818654139627121,10,1.1204232,1.3092122
2025-08-28,0.4818654139627121,21,0.94667965,1.3274512
2025-08-29,0.08028379263658181,1,0.0,-0.0040629194
2025-08-29,0.08028379263658181,3,0.4158943,1.0878357
2025-08-29,0.08028379263658181,5,1.277831,1.2613014
2025-08-29,0.08028379263658181,10,1.1590571,1.3557636
2025-08-29,0.08028379263658181,21,0.9414972,1.3518697
2025-09-03,-0.05411014221472499,1,0.0,-0.005507806
2025-09-03,-0.05411014221472499,3,1.0885503,1.1288856
2025-09-03,-0.05411014221472499,5,1.3880575,1.3302845
2025-09-03,-0.05411014221472499,10,1.1614361,1.4774572
2025-09-03,-0.05411014221472499,21,0.94267595,1.5960468
2025-09-04,0.8876209615782393,1,0.0,-0.0014764988
2025-09-04,0.8876209615782393,3,1.4771534,0.9267849
2025-09-04,0.8876209615782393,5,1.4267033,1.0995384
2025-09-04,0.8876209615782393,10,1.1747382,1.2277813
2025-09-04,0.8876209615782393,21,0.954234,1.4754115
2025-09-05,-1.7435906112527988,1,0.0,-0.0005205935
2025-09-05,-1.7435906112527988,3,1.4297714,0.82969725
2025-09-05,-1.7435906112527988,5,1.4248778,1.0198385
2025-09-05,-1.7435906112527988,10,1.1326104,1.135842
2025-09-05,-1.7435906112527988,21,0.9313099,1.3832558
2025-09-08,-2.5789064028815645,1,0.0,0.0014755635
2025-09-08,-2.5789064028815645,3,1.4958644,1.0216244
2025-09-08,-2.5789064028815645,5,1.3034416,1.194911
2025-09-08,-2.5789064028815645,10,1.0129749,1.2798933
2025-09-08,-2.5789064028815645,21,1.0760454,1.4273562
2025-09-09,0.7842215643914408,1,0.0,0.0024869372
2025-09-09,0.7842215643914408,3,0.22434491,1.1431653
2025-09-09,0.7842215643914408,5,0.24045183,1.3324875
2025-09-09,0.7842215643914408,10,0.7585167,1.4547399
2025-09-09,0.7842215643914408,21,0.9134855,1.6052604
2025-09-10,0.36213148232260295,1,0.0,0.0047538974
2025-09-10,0.36213148232260295,3,0.2117813,0.90878415
2025-09-10,0.36213148232260295,5,0.4501549,1.1063439
2025-09-10,0.36213148232260295,10,0.71947235,1.2977818
2025-09-10,0.36213148232260295,21,0.91215026,1.5053524
2025-09-11,0.8779187622515394,1,0.0,0.005898202
2025-09-11,0.8779187622515394,3,0.19856508,0.9224358
2025-09-11,0.8779187622515394,5,0.64092684,1.0760089
2025-09-11,0.8779187622515394,10,0.8240834,1.2216564
2025-09-11,0.8779187622515394,21,0.9323775,1.3402398
2025-09-12,0.5720299146185326,1,0.0,0.005392498
2025-09-12,0.5720299146185326,3,0.5323893,0.6593571
2025-09-12,0.5720299146185326,5,0.62015265,0.7728074
2025-09-12,0.5720299146185326,10,0.79617465,0.94005233
2025-09-12,0.5720299146185326,21,0.98282534,1.0886182
2025-09-15,1.052465444917683,1,0.0,0.0062849172
2025-09-15,1.052465444917683,3,0.7068176,0.7316788
2025-09-15,1.052465444917683,5,0.58949935,0.9341025
2025-09-15,1.052465444917683,10,0.7827109,1.1967466
2025-09-15,1.052465444917683,21,0.99365765,1.4664223
2025-09-16,-0.2376850604990821,1,0.0,0.0018821103
2025-09-16,-0.2376850604990821,3,0.14835869,0.9221454
2025-09-16,-0.2376850604990821,5,0.44507292,1.0122503
2025-09-16,-0.2376850604990821,10,0.70951396,1.1417714
2025-09-16,-0.2376850604990821,21,0.9831498,1.1754593
2025-09-17,-0.5925068126482635,1,0.0,0.0014079451
2025-09-17,-0.5925068126482635,3,0.10625171,0.9255147
2025-09-17,-0.5925068126482635,5,0.50382155,1.0495883
2025-09-17,-0.5925068126482635,10,0.71056134,1.1784263
2025-09-17,-0.5925068126482635,21,0.9819119,1.3920631
2025-09-18,-0.3471070433474388,1,0.0,-0.003926368
2025-09-18,-0.3471070433474388,3,0.5175146,1.0557139
2025-09-18,-0.3471070433474388,5,0.9077623,1.1661094
2025-09-18,-0.3471070433474388,10,0.69698304,1.2535198
2025-09-18,-0.3471070433474388,21,0.96671516,1.4137977
2025-09-19,-0.39472943725158416,1,0.0,-0.0038110144
2025-09-19,-0.39472943725158416,3,0.6370082,0.94492877
2025-09-19,-0.39472943725158416,5,0.9381454,1.0234225
2025-09-19,-0.39472943725158416,10,0.72434926,1.0831177
2025-09-19,-0.39472943725158416,21,1.078463,1.2562476
2025-09-22,-1.4679575005121848,1,0.0,-0.004983708
2025-09-22,-1.4679575005121848,3,1.1509473,0.87399304
2025-09-22,-1.4679575005121848,5,0.93244064,0.95732814
2025-09-22,-1.4679575005121848,10,0.72539765,1.086523
2025-09-22,-1.4679575005121848,21,1.6415744,1.3083543
2025-09-23,0.04954567937636156,1,0.0,-0.0015415163
2025-09-23,0.04954567937636156,3,0.53699696,0.9872235
2025-09-23,0.04954567937636156,5,0.5590889,1.0871209
2025-09-23,0.04954567937636156,10,1.0327826,1.2159222
2025-09-23,0.04954567937636156,21,1.6482679,1.436372
2025-09-24,1.3484496943285684,1,0.0,-0.0024832198
2025-09-24,1.3484496943285684,3,0.68279785,1.0110362
2025-09-24,1.3484496943285684,5,0.61346847,1.1659602
2025-09-24,1.3484496943285684,10,1.070715,1.3321235
2025-09-24,1.3484496943285684,21,1.6573961,1.5261822
2025-09-25,0.51932538375139,1,0.0,-0.0057142465
2025-09-25,0.51932538375139,3,0.36388123,1.0920299
2025-09-25,0.51932538375139,5,0.339628,1.2698163
2025-09-25,0.51932538375139,10,1.0258703,1.4603992
2025-09-25,0.51932538375139,21,1.6373874,1.7089077
2025-09-26,-0.3240363663609358,1,0.0,-0.0025246036
2025-09-26,-0.3240363663609358,3,0.308232,0.89243484
2025-09-26,-0.3240363663609358,5,0.3929659,1.0341629
2025-09-26,-0.3240363663609358,10,1.05538,1.2778889
2025-09-26,-0.3240363663609358,21,1.6356841,1.6390173
2025-09-29,0.34744172629519454,1,0.0,-0.0002542897
2025-09-29,0.34744172629519454,3,0.27140096,0.870145
2025-09-29,0.34744172629519454,5,0.40240544,1.0241504
2025-09-29,0.34744172629519454,10,1.1199299,1.2130857
2025-09-29,0.34744172629519454,21,1.6831493,1.5351523
2025-09-30,-0.28724427684920784,1,0.0,0.0011256239
2025-09-30,-0.28724427684920784,3,0.38598132,0.9647742
2025-09-30,-0.28724427684920784,5,1.3489923,1.0896027
2025-09-30,-0.28724427684920784,10,1.1275712,1.2493564
2025-09-30,-0.28724427684920784,21,1.7205372,1.5091767
2025-10-01,0.201397828651384,1,0.0,0.005249052
2025-10-01,0.201397828651384,3,0.39204013,1.1379114
2025-10-01,0.201397828651384,5,1.3841124,1.2617493
2025-10-01,0.201397828651384,10,1.1233364,1.4356446
2025-10-01,0.201397828651384,21,1.7198758,1.5846325
2025-10-02,-0.7438788160299303,1,0.0,0.0038578233
2025-10-02,-0.7438788160299303,3,1.6809893,1.055511
2025-10-02,-0.7438788160299303,5,1.3946003,1.2130352
2025-10-02,-0.7438788160299303,10,1.1416851,1.4573083
2025-10-02,-0.7438788160299303,21,1.7335852,1.677887
2025-10-03,-0.4177624590752771,1,0.0,0.004744233
2025-10-03,-0.4177624590752771,3,1.6443472,1.0264823
2025-10-03,-0.4177624590752771,5,1.2851316,1.1700953
2025-10-03,-0.4177624590752771,10,1.0594356,1.354076
2025-10-03,-0.4177624590752771,21,1.770148,1.4764671
2025-10-06,2.9738942323064066,1,0.0,0.0045006396
2025-10-06,2.9738942323064066,3,1.475384,0.9718459
2025-10-06,2.9738942323064066,5,1.1811028,1.0870299
2025-10-06,2.9738942323064066,10,1.3080217,1.2386225
2025-10-06,2.9738942323064066,21,1.7920947,1.3282902
2025-10-07,-0.603409308371905,1,0.0,0.005044854
2025-10-07,-0.603409308371905,3,0.7306067,0.9736032
2025-10-07,-0.603409308371905,5,0.78578985,1.1725861
2025-10-07,-0.603409308371905,10,2.0310822,1.4338478
2025-10-07,-0.603409308371905,21,1.732143,1.6378373
2025-10-08,0.7407375591568233,1,0.0,0.0033323374
2025-10-08,0.7407375591568233,3,0.43809783,0.974296
2025-10-08,0.7407375591568233,5,0.6554083,1.0860723
2025-10-08,0.7407375591568233,10,2.1131427,1.3183378
2025-10-08,0.7407375591568233,21,1.729818,1.4027413
2025-10-09,1.091889124647949,1,0.0,-0.0028712372
2025-10-09,1.091889124647949,3,0.35475114,1.0241915
2025-10-09,1.091889124647949,5,0.7843164,1.168809
2025-10-09,1.091889124647949,10,2.1203282,1.3239442
2025-10-09,1.091889124647949,21,1.7248724,1.3669918
2025-10-10,1.7944950681909155,1,0.0,-0.0030912072
2025-10-10,1.7944950681909155,3,0.83298975,1.0485958
2025-10-10,1.7944950681909155,5,0.7598113,1.1819698
2025-10-10,1.7944950681909155,10,2.0942035,1.3394359
2025-10-10,1.7944950681909155,21,1.7813098,1.4264522
2025-10-13,1.0003869722896575,1,0.0,0.0005503888
2025-10-13,1.0003869722896575,3,0.5679458,1.0980861
2025-10-13,1.0003869722896575,5,1.0315375,1.245564
2025-10-13,1.0003869722896575,10,1.9894689,1.4394351
2025-10-13,1.0003869722896575,21,1.7232485,1.5261829
2025-10-14,-0.2302776258788164,1,0.0,-0.009801563
2025-10-14,-0.2302776258788164,3,0.33470893,1.2143813
2025-10-14,-0.2302776258788164,5,2.223642,1.3793297
2025-10-14,-0.2302776258788164,10,1.975327,1.5245881
2025-10-14,-0.2302776258788164,21,1.7164199,1.5491802
2025-10-15,-0.1767543036075736,1,0.0,-0.0031853127
2025-10-15,-0.1767543036075736,3,1.0751745,1.2757646
2025-10-15,-0.1767543036075736,5,2.541795,1.4252014
2025-10-15,-0.1767543036075736,10,2.0959978,1.6206948
2025-10-15,-0.1767543036075736,21,1.821191,1.5957373
2025-10-16,0.5049942642939342,1,0.0,-0.0039384156
2025-10-16,0.5049942642939342,3,2.516389,1.1846776
2025-10-16,0.5049942642939342,5,2.6575863,1.3714203
2025-10-16,0.5049942642939342,10,2.108052,1.5835166
2025-10-16,0.5049942642939342,21,1.8222094,1.5791804
2025-10-17,-2.0389266777534942,1,0.0,-0.0065535665
2025-10-17,-2.0389266777534942,3,2.9662647,1.2138326
2025-10-17,-2.0389266777534942,5,2.6579838,1.4070064
2025-10-17,-2.0389266777534942,10,2.0897546,1.6281148
2025-10-17,-2.0389266777534942,21,1.8172139,1.6369627
2025-10-20,-5.62919934822359,1,0.0,-0.002798568
2025-10-20,-5.62919934822359,3,3.2657237,1.1823416
2025-10-20,-5.62919934822359,5,2.6041944,1.329388
2025-10-20,-5.62919934822359,10,2.074595,1.5385823
2025-10-20,-5.62919934822359,21,1.8045275,1.5128125
2025-10-21,1.6364695808104734,1,0.0,0.001150873
2025-10-21,1.6364695808104734,3,0.46739557,1.5414029
2025-10-21,1.6364695808104734,5,1.1820595,1.6954173
2025-10-21,1.6364695808104734,10,1.2686676,1.7098294
2025-10-21,1.6364695808104734,21,1.339651,1.4982136
2025-10-22,0.9018801798852394,1,0.0,-0.00094189635
2025-10-22,0.9018801798852394,3,0.46931958,1.2784959
2025-10-22,0.9018801798852394,5,1.192202,1.384837
2025-10-22,0.9018801798852394,10,1.3450856,1.3851216
2025-10-22,0.9018801798852394,21,1.300296,1.2244554
2025-10-23,0.5086831587077789,1,0.0,-0.001496918
2025-10-23,0.5086831587077789,3,0.9792839,1.0615973
2025-10-23,0.5086831587077789,5,1.1457849,1.1511021
2025-10-23,0.5086831587077789,10,1.309854,1.1631389
2025-10-23,0.5086831587077789,21,1.2876897,1.0253754
2025-10-24,-0.23025076636473685,1,0.0,0.002204708
2025-10-24,-0.23025076636473685,3,1.436716,0.98210585
2025-10-24,-0.23025076636473685,5,1.1887354,1.0919942
2025-10-24,-0.23025076636473685,10,1.301505,1.1417867
2025-10-24,-0.23025076636473685,21,1.2813148,1.1171051
2025-10-27,-1.8371363161767462,1,0.0,0.0005554911
2025-10-27,-1.8371363161767462,3,1.4470737,1.0538794
2025-10-27,-1.8371363161767462,5,1.3510449,1.1357632
2025-10-27,-1.8371363161767462,10,1.4895895,1.1720691
2025-10-27,-1.8371363161767462,21,1.2942718,1.1628915
2025-10-28,1.6777869983407356,1,0.0,0.0037336806
2025-10-28,1.6777869983407356,3,1.0807701,1.1709131
2025-10-28,1.6777869983407356,5,1.273911,1.3112632
2025-10-28,1.6777869983407356,10,1.4428487,1.3737048
2025-10-28,1.6777869983407356,21,1.2352192,1.2704201
2025-10-29,0.3166655945182839,1,0.0,-0.0017163684
2025-10-29,0.3166655945182839,3,0.87389237,1.032031
2025-10-29,0.3166655945182839,5,1.4310201,1.2337416
2025-10-29,0.3166655945182839,10,1.3359376,1.3469995
2025-10-29,0.3166655945182839,21,1.2085097,1.3734092
2025-10-30,-0.9691915884443958,1,0.0,0.0019622347
2025-10-30,-0.9691915884443958,3,0.34257865,0.87187433
2025-10-30,-0.9691915884443958,5,1.4191209,0.98480934
2025-10-30,-0.9691915884443958,10,1.5853243,1.0764455
2025-10-30,-0.9691915884443958,21,1.2076179,1.0851861
2025-10-31,-1.8083303817944874,1,0.0,0.00425457
2025-10-31,-1.8083303817944874,3,1.7712065,0.98183
2025-10-31,-1.8083303817944874,5,1.4028248,1.1112715
2025-10-31,-1.8083303817944874,10,1.5722214,1.2280558
2025-10-31,-1.8083303817944874,21,1.1905386,1.2314979
2025-11-03,-1.391022383084728,1,0.0,-0.0029380298
2025-11-03,-1.391022383084728,3,1.4446515,1.189192
2025-11-03,-1.391022383084728,5,1.6162183,1.3331467
2025-11-03,-1.391022383084728,10,1.4844701,1.378883
2025-11-03,-1.391022383084728,21,1.1193609,1.3632983
2025-11-04,2.1401987893002072,1,0.0,-0.0007988126
2025-11-04,2.1401987893002072,3,1.2025601,1.2027665
2025-11-04,2.1401987893002072,5,1.5939097,1.3804665
2025-11-04,2.1401987893002072,10,1.446143,1.4309591
2025-11-04,2.1401987893002072,21,1.0718873,1.495198
2025-11-05,0.1759972875343685,1,0.0,-0.0061936737
2025-11-05,0.1759972875343685,3,1.1932428,1.12599
2025-11-05,0.1759972875343685,5,1.20438,1.2529914
2025-11-05,0.1759972875343685,10,1.3016684,1.3163792
2025-11-05,0.1759972875343685,21,0.9983833,1.3208563
2025-11-06,-0.7429837698208708,1,0.0,-0.001449903
2025-11-06,-0.7429837698208708,3,0.8342716,1.2422414
2025-11-06,-0.7429837698208708,5,1.7345129,1.367927
2025-11-06,-0.7429837698208708,10,1.3175111,1.3663026
2025-11-06,-0.7429837698208708,21,0.99850124,1.3761814
2025-11-07,-2.6863732681847274,1,0.0,-0.00048135687
2025-11-07,-2.6863732681847274,3,1.4372259,1.2581161
2025-11-07,-2.6863732681847274,5,1.7199119,1.4366369
2025-11-07,-2.6863732681847274,10,1.3012476,1.4740771
2025-11-07,-2.6863732681847274,21,0.9744954,1.4616739
2025-11-10,-1.167441018328308,1,0.0,-0.002048952
2025-11-10,-1.167441018328308,3,1.4486749,1.426821
2025-11-10,-1.167441018328308,5,1.1590586,1.606994
2025-11-10,-1.167441018328308,10,0.9277803,1.5550169
2025-11-10,-1.167441018328308,21,0.7169381,1.4515346
2025-11-11,0.8235322128933298,1,0.0,-0.0033202055
2025-11-11,0.8235322128933298,3,0.9925871,1.108312
2025-11-11,0.8235322128933298,5,0.839009,1.2242279
2025-11-11,0.8235322128933298,10,0.78358316,1.1656523
2025-11-11,0.8235322128933298,21,0.6490178,1.193889
2025-11-12,2.3718585619595167,1,0.0,0.00079046004
2025-11-12,2.3718585619595167,3,1.0719252,1.38677
2025-11-12,2.3718585619595167,5,0.8719734,1.4651494
2025-11-12,2.3718585619595167,10,0.8298965,1.4299681
2025-11-12,2.3718585619595167,21,0.7827426,1.3303518
2025-11-13,-0.025740814654984234,1,0.0,-0.005108068
2025-11-13,-0.025740814654984234,3,0.50379455,1.1583856
2025-11-13,-0.025740814654984234,5,0.5860478,1.233123
2025-11-13,-0.025740814654984234,10,0.59339285,1.2429097
2025-11-13,-0.025740814654984234,21,0.7098086,1.0580964
2025-11-14,0.24610499427693,1,0.0,-0.0044776336
2025-11-14,0.24610499427693,3,0.40862748,0.90240043
2025-11-14,0.24610499427693,5,0.57752997,0.97554284
2025-11-14,0.24610499427693,10,0.5844759,1.0154766
2025-11-14,0.24610499427693,21,0.999443,0.85209566
2025-11-17,1.1526383889032488,1,0.0,-0.003522023
2025-11-17,1.1526383889032488,3,0.7411205,0.7945427
2025-11-17,1.1526383889032488,5,0.5962024,0.856224
2025-11-17,1.1526383889032488,10,0.58432835,0.8978999
2025-11-17,1.1526383889032488,21,0.99860656,0.8348917
2025-11-18,0.33189142023015705,1,0.0,-0.0031363727
2025-11-18,0.33189142023015705,3,0.49048543,0.9798244
2025-11-18,0.33189142023015705,5,0.49244517,1.0556483
2025-11-18,0.33189142023015705,10,0.5295417,1.0610923
2025-11-18,0.33189142023015705,21,1.0580335,1.0534118
2025-11-19,-0.6600364858596386,1,0.0,-0.0057962877
2025-11-19,-0.6600364858596386,3,0.44289222,0.9437491
2025-11-19,-0.6600364858596386,5,0.5376137,1.0537624
2025-11-19,-0.6600364858596386,10,0.56143963,1.0937334
2025-11-19,-0.6600364858596386,21,1.0596299,0.98448473
2025-11-20,0.4229973720030422,1,0.0,-0.009024261
2025-11-20,0.4229973720030422,3,0.34804374,1.1780667
2025-11-20,0.4229973720030422,5,0.58881086,1.2996999
2025-11-20,0.4229973720030422,10,0.46808815,1.3230798
2025-11-20,0.4229973720030422,21,1.0483615,1.2890984
2025-11-21,-0.06403054354775506,1,0.0,0.0016333614
2025-11-21,-0.06403054354775506,3,0.5188308,0.7440115
2025-11-21,-0.06403054354775506,5,0.590645,0.85449225
2025-11-21,-0.06403054354775506,10,0.47072932,0.96353793
2025-11-21,-0.06403054354775506,21,1.0966527,1.1152228
2025-11-24,0.785460159498097,1,0.0,-0.002961664
2025-11-24,0.785460159498097,3,0.7035954,0.75950116
2025-11-24,0.785460159498097,5,0.55544853,0.8025232
2025-11-24,0.785460159498097,10,0.44405082,0.92962587
2025-11-24,0.785460159498097,21,1.2236152,1.060619
2025-11-25,-0.4578867131014519,1,0.0,-0.006072328
2025-11-25,-0.4578867131014519,3,0.67871344,0.8065451
2025-11-25,-0.4578867131014519,5,0.5388115,0.9058442
2025-11-25,-0.4578867131014519,10,0.43994215,0.9833459
2025-11-25,-0.4578867131014519,21,1.2350438,1.1331984
2025-11-26,1.1973609847567346,1,0.0,-0.0047219596
2025-11-26,1.1973609847567346,3,0.4208942,0.8400087
2025-11-26,1.1973609847567346,5,0.34559435,0.9432984
2025-11-26,1.1973609847567346,10,0.42228433,0.99391854
2025-11-26,1.1973609847567346,21,1.225111,1.0880338
2025-11-27,0.2353865347329176,1,0.0,-0.0035096197
2025-11-27,0.2353865347329176,3,0.16189164,0.7337959
2025-11-27,0.2353865347329176,5,0.2568864,0.8400567
2025-11-27,0.2353865347329176,10,0.7124854,0.93166554
2025-11-27,0.2353865347329176,21,1.3274238,1.0590595
2025-11-28,0.3952234717523595,1,0.0,-0.002978968
2025-11-28,0.3952234717523595,3,0.20639125,0.7995577
2025-11-28,0.3952234717523595,5,0.23508023,0.85636324
2025-11-28,0.3952234717523595,10,0.82726336,0.89595485
2025-11-28,0.3952234717523595,21,1.3418084,1.0118548
2025-12-01,0.6295965572058471,1,0.0,-0.0019165319
2025-12-01,0.6295965572058471,3,0.1180722,0.70966387
2025-12-01,0.6295965572058471,5,0.27157447,0.80479574
2025-12-01,0.6295965572058471,10,1.2542229,0.9219788
2025-12-01,0.6295965572058471,21,1.3697873,1.0654193
2025-12-02,0.9003404165265572,1,0.0,0.0012846945
2025-12-02,0.9003404165265572,3,0.26531702,0.80411756
2025-12-02,0.9003404165265572,5,0.2760459,0.84788764
2025-12-02,0.9003404165265572,10,1.221866,0.89169294
2025-12-02,0.9003404165265572,21,1.3707086,0.9612392
2025-12-03,0.8530480889278991,1,0.0,-7.50632e-05
2025-12-03,0.8530480889278991,3,0.2744961,0.83492416
2025-12-03,0.8530480889278991,5,0.42983177,0.90251184
2025-12-03,0.8530480889278991,10,1.3677664,0.93973273
2025-12-03,0.8530480889278991,21,1.3731029,1.0087967
2025-12-04,0.3153640106811295,1,0.0,-0.0023526452
2025-12-04,0.3153640106811295,3,0.20804447,0.9511014
2025-12-04,0.3153640106811295,5,0.8168824,1.0503652
2025-12-04,0.3153640106811295,10,1.3198973,1.0654093
2025-12-04,0.3153640106811295,21,1.3986212,1.0030763
2025-12-05,0.2345799337049037,1,0.0,-0.0019061319
2025-12-05,0.2345799337049037,3,0.44449848,0.6466964
2025-12-05,0.2345799337049037,5,0.8638884,0.6847132
2025-12-05,0.2345799337049037,10,1.3145239,0.7948199
2025-12-05,0.2345799337049037,21,1.4344268,0.649925
2025-12-08,0.7107204042412718,1,0.0,-0.0022568884
2025-12-08,0.7107204042412718,3,0.95501155,0.56754774
2025-12-08,0.7107204042412718,5,1.2745734,0.6217504
2025-12-08,0.7107204042412718,10,1.4360646,0.7036677
2025-12-08,0.7107204042412718,21,1.4735601,0.54388154
2025-12-09,-0.37533142599111,1,0.0,-0.0010853135
2025-12-09,-0.37533142599111,3,0.51738405,0.5174678
2025-12-09,-0.37533142599111,5,1.0769761,0.5944938
2025-12-09,-0.37533142599111,10,1.6700455,0.70739144
2025-12-09,-0.37533142599111,21,1.5094829,0.66782266
2025-12-10,-1.626624442965774,1,0.0,-0.005236586
2025-12-10,-1.626624442965774,3,0.82618886,0.7885958
2025-12-10,-1.626624442965774,5,1.7044913,0.89628476
2025-12-10,-1.626624442965774,10,1.7025846,1.0255163
2025-12-10,-1.626624442965774,21,1.5510645,1.0169562
2025-12-11,-1.1750108855976826,1,0.0,-0.004313418
2025-12-11,-1.1750108855976826,3,1.2621379,0.8183156
2025-12-11,-1.1750108855976826,5,1.6560259,0.93163913
2025-12-11,-1.1750108855976826,10,1.5991935,1.0308117
2025-12-11,-1.1750108855976826,21,1.5317422,0.96669364
2025-12-12,-3.1092321940227485,1,0.0,-0.0037827608
2025-12-12,-3.1092321940227485,3,2.0973303,0.94451094
2025-12-12,-3.1092321940227485,5,1.6408025,1.0346566
2025-12-12,-3.1092321940227485,10,1.7324071,1.1361009
2025-12-12,-3.1092321940227485,21,1.5357598,1.1801354
2025-12-15,-0.053448329493743785,1,0.0,-0.00527772
2025-12-15,-0.053448329493743785,3,1.0368592,1.057991
2025-12-15,-0.053448329493743785,5,0.9375887,1.1185292
2025-12-15,-0.053448329493743785,10,1.383826,1.1601189
2025-12-15,-0.053448329493743785,21,1.2442166,1.1409563
2025-12-16,1.9951401449249673,1,0.0,0.0028142077
2025-12-16,1.9951401449249673,3,0.9949982,0.9083038
2025-12-16,1.9951401449249673,5,1.1317643,0.9516326
2025-12-16,1.9951401449249673,10,1.3973504,1.0211146
2025-12-16,1.9951401449249673,21,1.2792456,0.9798516
2025-12-17,-0.32927339135557787,1,0.0,-0.0042090225
2025-12-17,-0.32927339135557787,3,0.8216794,0.98869866
2025-12-17,-0.32927339135557787,5,1.0681138,1.126453
2025-12-17,-0.32927339135557787,10,1.3236477,1.1576955
2025-12-17,-0.32927339135557787,21,1.2696137,1.1389774
2025-12-18,0.19817116052571748,1,0.0,-0.0021665962
2025-12-18,0.19817116052571748,3,1.0261205,0.98330885
2025-12-18,0.19817116052571748,5,0.86945474,1.1240025
2025-12-18,0.19817116052571748,10,1.2990347,1.1739768
2025-12-18,0.19817116052571748,21,1.2990347,1.2301136
2025-12-19,1.616578003191016,1,0.0,-0.002720605
2025-12-19,1.616578003191016,3,0.6345728,0.8877743
2025-12-19,1.616578003191016,5,1.6671852,1.0257435
2025-12-19,1.616578003191016,10,1.3604261,1.118568
2025-12-19,1.616578003191016,21,1.3604261,1.1429545
2025-12-22,2.704384948033667,1,0.0,-0.0057714474
2025-12-22,2.704384948033667,3,0.88518596,0.8977279
2025-12-22,2.704384948033667,5,1.6957006,0.9997762
2025-12-22,2.704384948033667,10,1.4005289,1.0943705
2025-12-22,2.704384948033667,21,1.4005289,1.1156865
2025-12-23,1.198931248937285,1,0.0,0.00092008105
2025-12-23,1.198931248937285,3,1.5128456,0.6622866
2025-12-23,1.198931248937285,5,1.3827614,0.7524169
2025-12-23,1.198931248937285,10,1.225219,0.8645756
2025-12-23,1.198931248937285,21,1.225219,0.90439993
2025-12-24,0.6002881622480416,1,0.0,-7.551676e-05
2025-12-24,0.6002881622480416,3,1.1713943,0.8920615
2025-12-24,0.6002881622480416,5,1.3102387,0.995331
2025-12-24,0.6002881622480416,10,1.2584567,1.0526167
2025-12-24,0.6002881622480416,21,1.2584567,1.0599009
2025-12-25,-2.2674676020774776,1,0.0,-0.0007347339
2025-12-25,-2.2674676020774776,3,1.5207133,0.76557374
2025-12-25,-2.2674676020774776,5,1.3579715,0.8631663
2025-12-25,-2.2674676020774776,10,1.3579715,0.9057196
2025-12-25,-2.2674676020774776,21,1.3579715,0.96871936
2025-12-26,-0.7515909424569145,1,0.0,0.006631111
2025-12-26,-0.7515909424569145,3,0.9080009,1.1504054
2025-12-26,-0.7515909424569145,5,0.8196165,1.3085791
2025-12-26,-0.7515909424569145,10,0.8196165,1.3507471
2025-12-26,-0.7515909424569145,21,0.8196165,1.4005709
2025-12-29,1.4371889780323777,1,0.0,-0.0034917523
2025-12-29,1.4371889780323777,3,0.30891377,1.0194812
2025-12-29,1.4371889780323777,5,0.30891377,1.0962071
2025-12-29,1.4371889780323777,10,0.30891377,1.0666839
2025-12-29,1.4371889780323777,21,0.30891377,1.0270177
2025-12-30,0.6848913969869308,1,0.0,-0.0052161873
2025-12-30,0.6848913969869308,3,0.15285738,0.99141407
2025-12-30,0.6848913969869308,5,0.15285738,1.0605646
2025-12-30,0.6848913969869308,10,0.15285738,1.0379214
2025-12-30,0.6848913969869308,21,0.15285738,0.9338865
2025-12-31,0.9906061481317785,1,0.0,-0.0021957872
2025-12-31,0.9906061481317785,3,0.0,0.9246525
2025-12-31,0.9906061481317785,5,0.0,0.9930815
2025-12-31,0.9906061481317785,10,0.0,1.0466074
2025-12-31,0.9906061481317785,21,0.0,1.0549202
