time,close,open,high,low,volume,return_1_day
2008-01-04,8129.98,8306.68,8344.29,8109.89,82.52M,-0.02296195431955894
2008-01-07,8110.57,8090.47,8213.07,8070.31,103.00M,-0.002390314274054006
2008-01-08,8316.39,8128.89,8385.43,8127.59,132.38M,0.025060117184969144
2008-01-09,8339.81,8263.47,8345.5,8216.25,107.97M,0.002812167893559092
2008-01-10,8290.78,8365.67,8379.35,8227.56,94.85M,-0.005896380351307684
2008-01-11,8159.68,8296.93,8303.81,8156.37,95.86M,-0.015939101464473637
2008-01-14,8193.36,8148.55,8249.83,8125.4,74.92M,0.004119117622296997
2008-01-15,7973.92,8162.66,8165.61,7949.22,89.88M,-0.027147853840215674
2008-01-16,7847.52,7928.88,7959.09,7778.74,123.73M,-0.01597865798979292
2008-01-17,7788.06,7907.43,7951.43,7767.19,120.49M,-0.007605766672551084
2008-01-18,7691.98,7805.73,7938.8,7690.07,150.72M,-0.012413564021374057
2008-01-21,7287.14,7570.98,7586.75,7263.46,166.73M,-0.05406707681968825
2008-01-22,7487.92,7030.93,7534.53,6950.91,212.72M,0.027179904558074952
2008-01-23,7356.13,7625.87,7625.87,7179.96,165.49M,-0.01775707612344135
2008-01-24,7690.97,7563.88,7718.16,7531.34,155.95M,0.04451293417010227
2008-01-25,7686.88,7812.12,7839.17,7685.02,113.35M,-0.0005319339304836745
2008-01-28,7581.73,7594.72,7647.45,7477.91,89.11M,-0.013773573670462724
2008-01-29,7704.39,7626.32,7730.83,7612.59,82.00M,0.01604889046422997
2008-01-30,7671.81,7655.81,7746.3,7610.53,75.94M,-0.004237724373615137
2008-01-31,7670.44,7659.85,7696.91,7436.91,133.06M,-0.00017859179763668465
2008-02-01,7815.98,7729.72,7881.69,7695.51,105.37M,0.018796375787346165
2008-02-04,7751.7,7879.77,7888.45,7724.97,73.70M,-0.0082581817343641
2008-02-05,7517.41,7739.95,7742.03,7504.73,107.09M,-0.03069051040550974
2008-02-06,7565.45,7431.94,7565.45,7424.6,96.32M,0.006370166195432958
2008-02-07,7420.01,7543.73,7546.14,7361.91,87.50M,-0.019411425051858444
2008-02-08,7446.95,7503.57,7532.34,7405.83,65.83M,0.0036241477056275784
2008-02-11,7347.5,7382.18,7456.12,7332.34,73.76M,-0.013444433281968315
2008-02-12,7546.89,7380.25,7554.11,7278.15,122.86M,0.026775438557629982
2008-02-13,7536.45,7485.08,7578.63,7445.22,165.24M,-0.0013843090014784565
2008-02-14,7501.99,7611.49,7650.09,7482.8,165.51M,-0.004582930186151302
2008-02-15,7353.0,7494.52,7517.36,7346.32,184.79M,-0.02005992546684965
2008-02-18,7486.71,7422.33,7528.5,7392.46,70.40M,0.01802105547902677
2008-02-19,7462.73,7420.34,7541.83,7367.05,118.35M,-0.0032081496788229913
2008-02-20,7381.58,7385.24,7454.1,7337.6,90.59M,-0.010933591175438906
2008-02-21,7486.15,7401.99,7577.82,7401.99,88.66M,0.014066938845793686
2008-02-22,7454.75,7436.36,7569.09,7425.25,83.36M,-0.004203233570814646
2008-02-25,7615.79,7585.32,7634.46,7546.46,83.73M,0.0213723104656669
2008-02-26,7743.17,7640.56,7766.52,7622.64,87.81M,0.016587440898554462
2008-02-27,7782.55,7778.16,7782.55,7658.43,85.81M,0.005072883505674142
2008-02-28,7662.95,7751.68,7802.64,7658.02,95.38M,-0.015487020876459923
2008-02-29,7533.86,7580.88,7645.18,7489.59,112.37M,-0.016989500436404015
2008-03-03,7403.88,7402.92,7460.35,7361.08,91.85M,-0.017403339546381957
2008-03-04,7275.95,7394.0,7452.37,7229.09,93.39M,-0.017429798399856367
2008-03-05,7338.82,7334.99,7387.8,7293.54,82.56M,0.008603678035274953
2008-03-06,7269.87,7345.96,7352.82,7238.31,86.39M,-0.009439657079989061
2008-03-07,7174.15,7147.39,7223.03,7097.92,97.55M,-0.013254121950936337
2008-03-10,7055.01,7117.48,7149.32,7021.33,90.86M,-0.01674628499075581
2008-03-11,7143.01,7067.15,7257.74,7042.44,107.96M,0.012396253405640323
2008-03-12,7245.04,7248.3,7303.32,7204.92,106.55M,0.014182840662547491
2008-03-13,7251.73,7159.76,7255.16,7114.47,110.08M,0.0009229642844452712
2008-03-14,7132.03,7241.84,7338.45,7052.48,122.52M,-0.016644154705083736
2008-03-17,6774.26,6910.85,6972.67,6769.8,160.57M,-0.05146577067774594
2008-03-18,7013.87,6875.65,7034.44,6847.85,116.52M,0.03475948147835162
2008-03-19,7072.99,7097.93,7118.09,6973.52,122.89M,0.008393687039252029
2008-03-20,7009.86,6965.94,7025.29,6945.45,176.66M,-0.008965574847886515
2008-03-25,7234.42,7232.77,7271.17,7150.67,103.89M,0.03153246163185486
2008-03-26,7184.55,7219.42,7236.5,7122.58,84.57M,-0.0069173039201402275
2008-03-27,7264.96,7164.66,7316.63,7163.87,82.31M,0.011129904067672669
2008-03-28,7239.35,7273.52,7289.18,7221.09,57.89M,-0.0035313677954000866
2008-03-31,7224.31,7161.99,7224.31,7069.08,63.50M,-0.0020796956539115286
2008-04-01,7494.3,7221.24,7511.03,7219.12,125.38M,0.03669100388804303
2008-04-02,7596.65,7536.28,7625.06,7514.18,106.98M,0.013564629046507903
2008-04-03,7516.23,7598.9,7610.93,7480.59,68.68M,-0.010642678175642573
2008-04-04,7573.49,7547.63,7594.05,7500.54,66.94M,0.007589309123872567
2008-04-07,7639.3,7679.69,7707.44,7622.87,89.60M,0.008651984353539532
2008-04-08,7568.14,7576.52,7603.32,7530.73,66.75M,-0.009358645422741674
2008-04-09,7403.08,7529.11,7538.48,7402.99,65.56M,-0.02205120068899369
2008-04-10,7312.65,7404.8,7413.64,7246.36,91.21M,-0.012290404664295096
2008-04-11,7258.96,7352.62,7395.48,7221.88,70.40M,-0.007369157281463146
2008-04-14,7139.55,7177.28,7209.5,7123.58,64.58M,-0.016586818731402886
2008-04-15,7187.42,7173.52,7241.34,7107.02,74.15M,0.006682526471506023
2008-04-16,7250.7,7221.77,7256.74,7132.86,66.55M,0.008765740303161351
2008-04-17,7173.63,7260.58,7262.49,7133.4,65.99M,-0.0106862132822787
2008-04-18,7418.02,7215.5,7421.87,7207.05,95.36M,0.033500372560652636
2008-04-21,7394.94,7452.41,7484.73,7348.98,77.46M,-0.0031161926686937846
2008-04-22,7328.85,7359.56,7388.38,7304.62,60.53M,-0.008977368444693212
2008-04-23,7324.5,7345.29,7366.86,7227.2,79.40M,-0.0005937209072026661
2008-04-24,7460.52,7353.3,7460.52,7314.39,115.24M,0.01840022369252914
2008-04-25,7509.48,7510.86,7597.51,7493.5,84.48M,0.006541105486572718
2008-04-28,7550.14,7518.38,7587.7,7499.35,72.51M,0.005399883768580693
2008-04-29,7462.0,7502.13,7537.79,7431.02,66.29M,-0.01174263133640352
2008-04-30,7529.0,7470.08,7543.46,7411.84,91.03M,0.008938756069017728
2008-05-02,7665.8,7582.97,7690.4,7579.39,90.18M,0.01800664652489914
2008-05-05,7658.26,7653.9,7692.72,7639.59,42.43M,-0.000984073490769788
2008-05-06,7543.67,7636.92,7665.69,7496.82,89.61M,-0.01507600289994393
2008-05-07,7639.16,7554.44,7642.58,7518.59,76.81M,0.012578848487594385
2008-05-08,7586.15,7560.8,7611.49,7550.96,78.70M,-0.0069634331520020964
2008-05-09,7483.97,7555.29,7579.83,7423.86,67.86M,-0.01356081648552987
2008-05-13,7578.32,7558.3,7608.23,7513.85,82.51M,0.012528139353280565
2008-05-14,7594.61,7628.37,7646.49,7575.08,63.18M,0.002147245951702459
2008-05-15,7683.43,7574.78,7698.25,7566.26,66.10M,0.011627276883089621
2008-05-16,7653.71,7721.5,7734.53,7652.44,61.68M,-0.00387556444024284
2008-05-19,7778.93,7687.88,7785.17,7664.29,61.95M,0.016228298998150592
2008-05-20,7626.58,7727.52,7744.7,7613.95,63.85M,-0.01977928245565508
2008-05-21,7574.27,7644.77,7659.43,7535.38,72.32M,-0.006882537027941282
2008-05-22,7578.03,7520.95,7613.77,7461.77,72.73M,0.0004962943021435962
2008-05-23,7459.94,7573.05,7579.12,7444.82,68.43M,-0.01570590012887685
2008-05-26,7363.9,7420.38,7436.47,7363.9,66.62M,-0.012957687585572586
2008-05-27,7417.97,7383.76,7473.39,7374.78,107.20M,0.007315751140140492
2008-05-28,7474.5,7425.3,7505.83,7408.4,83.77M,0.007591792564980437
2008-05-29,7541.76,7502.26,7562.04,7484.88,80.23M,0.00895834912447846
2008-05-30,7511.29,7568.51,7598.1,7491.96,99.81M,-0.004048354534774035
2008-06-02,7555.7,7549.52,7572.05,7492.36,92.83M,0.0058950233070707014
2008-06-03,7590.44,7498.66,7594.55,7498.2,111.11M,0.004587315437570183
2008-06-04,7514.48,7548.73,7555.85,7448.41,106.17M,-0.010057734874365565
2008-06-05,7567.23,7524.5,7587.84,7501.48,133.00M,0.0069952565198292405
2008-06-06,7386.42,7610.9,7612.07,7355.26,115.36M,-0.02418390323564701
2008-06-09,7325.9,7323.18,7385.79,7268.01,121.13M,-0.008227164901782658
2008-06-10,7284.21,7265.97,7302.77,7227.84,100.89M,-0.005707022487019486
2008-06-11,7167.3,7325.99,7335.96,7120.85,89.97M,-0.016179977108844668
2008-06-12,7222.79,7159.35,7265.28,7121.96,95.18M,0.0077122902000592575
2008-06-13,7261.37,7220.97,7312.95,7152.01,85.52M,0.005327211414265065
2008-06-16,7238.27,7276.08,7313.83,7163.19,62.22M,-0.0031862887000553286
2008-06-17,7251.42,7273.94,7327.71,7251.38,76.64M,0.00181508418886267
2008-06-18,7182.56,7235.64,7238.65,7148.14,99.05M,-0.00954144628334852
2008-06-19,7158.94,7133.45,7186.09,7093.76,80.79M,-0.0032939401536111745
2008-06-20,7069.44,7159.46,7196.75,7012.19,182.57M,-0.012580656469541651
2008-06-23,7026.92,7055.43,7097.51,7009.22,76.87M,-0.006032781364494255
2008-06-24,7026.08,7020.32,7082.25,6955.65,120.76M,-0.0001195474277384534
2008-06-25,7081.37,7054.2,7081.69,7012.01,94.19M,0.007838451752885334
2008-06-26,6949.73,7043.99,7060.16,6934.34,108.31M,-0.018764581910030387
2008-06-27,6861.54,6897.48,6932.16,6803.7,101.26M,-0.01277090356155064
2008-06-30,6958.51,6850.74,6963.84,6799.03,112.89M,0.014033464628417036
2008-07-01,6849.67,6935.86,6949.23,6800.8,135.25M,-0.015764895036875615
2008-07-02,6843.75,6890.95,6944.91,6831.32,126.30M,-0.0008646489144155112
2008-07-03,6844.06,6763.45,6895.93,6738.79,125.29M,4.5295777782783375e-05
2008-07-04,6772.74,6904.99,6908.74,6751.6,71.70M,-0.010475391014548308
2008-07-07,6815.73,6834.06,6835.55,6738.93,81.47M,0.006327444286347017
2008-07-08,6788.13,6684.97,6818.55,6661.13,114.03M,-0.004057677434039064
2008-07-09,6921.44,6849.82,6949.35,6830.41,103.18M,0.01944834183457189
2008-07-10,6803.07,6823.51,6871.49,6763.87,113.80M,-0.017249859578775784
2008-07-11,6638.89,6840.57,6856.38,6638.89,107.96M,-0.02442920004870963
2008-07-14,6675.26,6701.5,6757.99,6675.26,73.27M,0.005463373999187837
2008-07-15,6561.98,6606.53,6613.22,6478.41,122.44M,-0.017115768155591127
2008-07-16,6583.49,6584.5,6619.98,6422.85,122.45M,0.0032726131812204073
2008-07-17,6739.16,6719.75,6821.8,6679.62,142.85M,0.02337028821302667
2008-07-18,6827.31,6694.85,6837.16,6648.49,135.27M,0.012995457267052757
2008-07-21,6858.22,6816.59,6925.27,6758.66,85.21M,0.004517187505316045
2008-07-22,6922.25,6787.28,6951.51,6759.71,98.27M,0.009292928440611803
2008-07-23,7058.24,7018.86,7082.1,6996.38,119.58M,0.01945486735185753
2008-07-24,7056.93,7147.41,7150.05,7040.04,139.41M,-0.00018561590172261333
2008-07-25,7015.03,7011.12,7039.44,6940.22,107.00M,-0.005955122644833111
2008-07-28,6968.93,6991.28,7024.78,6939.82,80.41M,-0.006593292172302867
2008-07-29,6993.3,6879.94,7048.69,6861.32,119.37M,0.0034908499212225053
2008-07-30,7108.91,7091.11,7150.62,7019.8,94.16M,0.016396379014318896
2008-07-31,7141.21,7117.8,7188.62,7088.97,82.79M,0.004533302921796434
2008-08-04,7078.22,7070.5,7133.11,7069.7,83.43M,-0.008859766113717527
2008-08-05,7190.78,7103.24,7194.79,7070.19,105.23M,0.01577718618770696
2008-08-06,7209.34,7246.08,7258.32,7161.8,102.14M,0.0025777577238716987
2008-08-07,7182.07,7179.0,7265.15,7149.75,106.24M,-0.003789765233339182
2008-08-08,7262.1,7146.48,7293.91,7143.01,92.19M,0.011081400863456992
2008-08-11,7337.73,7282.73,7348.4,7265.89,77.81M,0.010360487280635766
2008-08-12,7301.84,7313.2,7358.54,7280.07,113.77M,-0.004903159300786442
2008-08-13,7193.5,7258.34,7280.44,7170.78,90.99M,-0.014948530693441597
2008-08-14,7206.46,7220.1,7259.25,7155.91,85.91M,0.001800005486018108
2008-08-15,7235.93,7226.97,7273.78,7214.05,72.77M,0.004081047652329417
2008-08-18,7231.4,7172.86,7278.57,7143.32,56.14M,-0.000626238586946215
2008-08-19,7115.18,7164.43,7179.45,7102.67,74.44M,-0.016202125159750835
2008-08-20,7100.01,7135.73,7148.98,7053.85,72.56M,-0.0021343373896201
2008-08-21,7000.53,7045.62,7055.18,6996.8,76.84M,-0.014110332022136518
2008-08-22,7094.12,7014.44,7115.64,6995.0,77.28M,0.013280411436927153
2008-08-25,7062.58,7070.31,7141.64,7059.78,33.85M,-0.004455848069738977
2008-08-26,7093.72,7025.43,7113.28,6980.09,65.13M,0.0043994617558098525
2008-08-27,7086.64,7072.78,7094.24,7012.95,72.56M,-0.0009985642943206585
2008-08-28,7190.4,7087.19,7230.52,7056.51,90.22M,0.014535481705349795
2008-08-29,7238.74,7222.2,7273.06,7194.83,77.35M,0.006700355094055865
2008-09-01,7227.75,7183.52,7256.01,7170.05,40.70M,-0.001519373685558989
2008-09-02,7298.59,7215.57,7343.07,7199.48,90.49M,0.009753394396048165
2008-09-03,7256.63,7243.48,7299.29,7240.9,78.89M,-0.00576564507282562
2008-09-04,7084.65,7270.62,7289.74,7084.65,89.23M,-0.023985061959319154
2008-09-05,6976.59,7045.3,7067.08,6954.88,109.98M,-0.015370213062842808
2008-09-08,7177.42,7237.88,7241.47,7159.35,134.19M,0.02837972829035529
2008-09-09,7189.45,7156.78,7302.55,7149.6,116.37M,0.001674686666140346
2008-09-10,7121.43,7170.25,7229.49,7104.62,120.45M,-0.009506125720605496
2008-09-11,7071.25,7117.36,7133.41,6986.55,103.63M,-0.007071280279092207
2008-09-12,7215.5,7119.52,7217.75,7091.56,93.01M,0.020194222218767877
2008-09-15,6939.11,7040.94,7057.9,6827.52,218.20M,-0.03905796567392805
2008-09-16,6732.93,6857.28,6891.29,6659.33,267.90M,-0.03016311126525295
2008-09-17,6654.33,6855.98,6858.86,6654.33,195.64M,-0.011742642359248379
2008-09-18,6623.25,6629.75,6736.08,6587.01,180.98M,-0.004681584560682239
2008-09-19,7025.17,6861.77,7081.93,6861.77,313.29M,0.05891322818038347
2008-09-22,6887.39,7029.23,7079.8,6879.2,106.47M,-0.019807210825659283
2008-09-23,6805.53,6861.63,6888.05,6769.06,124.09M,-0.011956686410082185
2008-09-24,6780.34,6854.74,6864.84,6766.53,83.20M,-0.0037082687919394175
2008-09-25,6945.49,6793.26,6956.44,6785.6,97.42M,0.02406527988553009
2008-09-26,6815.52,6850.45,6865.26,6763.15,94.22M,-0.018890163561096074
2008-09-29,6500.13,6748.58,6786.39,6500.13,115.96M,-0.04738018781042719
2008-09-30,6654.89,6343.7,6676.62,6343.43,129.88M,0.023529746083257308
2008-10-01,6727.63,6744.13,6763.61,6653.99,94.35M,0.010871004318870447
2008-10-02,6730.94,6752.11,6825.14,6715.25,123.63M,0.0004918799050326328
2008-10-03,6879.82,6754.33,6911.96,6629.87,117.00M,0.021877681803548654
2008-10-06,6458.72,6623.56,6671.31,6375.71,131.11M,-0.06316133306545524
2008-10-07,6427.76,6572.12,6605.9,6390.0,136.72M,-0.004805045220757975
2008-10-08,6073.45,6198.48,6371.16,6004.62,194.10M,-0.05669929788717454
2008-10-09,5798.84,6186.33,6191.33,5764.36,136.54M,-0.046268915089207496
2008-10-10,5347.22,5404.89,5555.61,5265.86,218.53M,-0.08108109786248008
2008-10-13,5956.32,5709.52,5956.32,5565.99,178.77M,0.10787604102505455
2008-10-14,6260.22,6163.81,6408.8,6130.4,164.64M,0.04976248755216517
2008-10-15,5911.17,6244.63,6254.37,5893.75,126.04M,-0.05737154689667712
2008-10-16,5718.53,5663.12,5959.24,5613.1,179.48M,-0.03313200201141875
2008-10-17,6099.62,5928.86,6099.62,5805.92,158.44M,0.0645146948005273
2008-10-20,6216.46,6184.39,6216.46,6087.36,101.91M,0.018974138744415114
2008-10-21,6185.48,6337.2,6352.62,6139.04,105.88M,-0.004996002954133161
2008-10-22,5925.46,6040.9,6102.13,5901.36,101.09M,-0.042946288808769495
2008-10-23,5893.73,5965.14,6027.09,5763.55,163.07M,-0.005369247169756619
2008-10-24,5675.09,5667.24,5733.23,5410.94,160.59M,-0.03780265169608299
2008-10-27,5500.94,5407.9,5614.46,5367.44,106.56M,-0.03116743554651258
2008-10-28,5538.54,5593.27,5680.41,5475.35,106.00M,0.006811941394801124
2008-10-29,5880.57,5781.77,5895.18,5660.16,128.55M,0.05992276786694717
2008-10-30,5842.34,6012.06,6037.89,5720.2,110.54M,-0.0065222944689153906
2008-10-31,6153.21,5838.35,6153.21,5792.1,100.39M,0.05184249534990926
2008-11-03,6233.88,6227.35,6233.88,6103.76,72.38M,0.01302503501294261
2008-11-04,6399.98,6256.87,6419.04,6229.86,96.48M,0.026295933479019595
2008-11-05,6177.15,6339.74,6343.1,6167.49,84.82M,-0.0354378653089924
2008-11-06,5924.9,6027.54,6154.28,5882.46,106.55M,-0.0416931908101148
2008-11-07,6008.16,5966.01,6071.59,5928.25,82.85M,0.013954736024050618
2008-11-10,6090.62,6166.46,6232.97,6083.6,68.35M,0.013631337513952957
2008-11-11,5880.79,5979.37,6038.33,5830.96,91.40M,-0.035058776152263604
2008-11-12,5702.86,5957.97,5970.93,5668.13,95.48M,-0.030723303237547128
2008-11-13,5740.04,5646.13,5761.48,5645.75,84.07M,0.006498375558480873
2008-11-14,5834.75,5878.96,5901.08,5786.9,77.58M,0.016365240970884543
2008-11-17,5646.43,5805.43,5845.55,5615.39,67.69M,-0.03280793287457584
2008-11-18,5675.58,5662.75,5730.28,5547.01,83.10M,0.005149273743684901
2008-11-19,5524.06,5703.57,5714.23,5476.2,85.28M,-0.02705966360582046
2008-11-20,5306.1,5426.53,5443.14,5172.84,130.59M,-0.040255995055762384
2008-11-21,5144.02,5361.54,5374.87,5034.41,117.78M,-0.03102222717407699
2008-11-24,5466.4,5236.56,5470.18,5192.65,100.65M,0.06078538953178736
2008-11-25,5478.39,5393.73,5609.95,5389.91,131.37M,0.0021909976886682614
2008-11-26,5498.56,5433.63,5515.51,5326.38,88.04M,0.0036749776031452797
2008-11-27,5640.8,5521.0,5640.8,5513.6,58.98M,0.025539659646449664
2008-11-28,5816.6,5656.49,5816.6,5613.47,73.36M,0.030689999173899807
2008-12-01,5527.58,5786.9,5790.1,5514.81,69.06M,-0.05096579186276351
2008-12-02,5537.59,5471.28,5575.48,5403.71,75.87M,0.0018092813270182972
2008-12-03,5604.23,5510.17,5617.17,5414.88,79.30M,0.01196228168448421
2008-12-04,5649.14,5562.0,5724.9,5526.09,98.85M,0.007981651438155879
2008-12-05,5530.84,5573.54,5604.82,5455.89,76.84M,-0.021163618450511734
2008-12-08,5818.82,5787.03,5818.82,5701.41,90.35M,0.050757789313090385
2008-12-09,5845.56,5769.61,5910.04,5733.14,91.10M,0.004584906671867728
2008-12-10,5751.91,5812.96,5856.35,5711.15,69.63M,-0.016150425153172776
2008-12-11,5729.85,5712.37,5744.79,5629.07,65.77M,-0.0038426211912359065
2008-12-12,5636.17,5534.74,5654.8,5492.64,80.53M,-0.01648459555565651
2008-12-15,5526.54,5676.34,5702.19,5493.3,65.81M,-0.01964281522121425
2008-12-16,5567.14,5524.29,5580.49,5479.34,67.08M,0.007319515483223071
2008-12-17,5548.2,5638.1,5651.71,5489.92,82.14M,-0.0034079062503682422
2008-12-18,5515.05,5595.27,5628.44,5484.02,67.02M,-0.005992831982005953
2008-12-19,5459.86,5448.86,5530.77,5389.75,147.14M,-0.01005757044506872
2008-12-22,5419.52,5424.06,5493.69,5402.38,50.59M,-0.007415897758235701
2008-12-23,5399.58,5449.9,5485.97,5399.05,36.67M,-0.003686077876597693
2008-12-24,5399.6,5399.6,5399.6,5399.6,,3.703984932101889e-06
2008-12-26,5399.6,5399.6,5399.6,5399.6,,0.0
2008-12-29,5464.96,5416.59,5517.89,5393.98,31.58M,0.012031925544516042
2008-12-30,5534.53,5528.69,5582.12,5513.85,35.26M,0.012649846075660776
2009-01-02,5533.6,5528.7,5582.1,5513.9,,-0.0001680500684724251
2009-01-05,5756.09,5734.13,5772.73,5696.36,65.57M,0.03941982645687858
2009-01-06,5799.31,5778.76,5881.47,5731.32,67.00M,0.007480520197056251
2009-01-07,5761.69,5778.02,5806.0,5731.7,58.31M,-0.00650811050677369
2009-01-08,5751.07,5697.53,5764.42,5679.12,55.76M,-0.0018449099976489691
2009-01-09,5697.24,5753.55,5753.66,5648.01,66.50M,-0.00940407740733562
2009-01-12,5591.79,5657.1,5666.82,5588.18,68.47M,-0.0186823964681313
2009-01-13,5534.33,5568.36,5568.36,5452.02,74.76M,-0.010328939621714994
2009-01-14,5378.81,5584.02,5586.24,5329.37,82.62M,-0.028503350839979902
2009-01-15,5382.44,5416.1,5448.01,5330.1,84.06M,0.000674642841246964
2009-01-16,5435.54,5497.42,5511.16,5429.28,82.12M,0.009817068705613607
2009-01-19,5381.37,5496.68,5517.35,5318.73,74.11M,-0.010015883066611053
2009-01-20,5321.0,5413.28,5430.39,5313.99,82.60M,-0.011281732982606485
2009-01-21,5304.17,5291.66,5376.52,5248.87,103.84M,-0.0031679519622507257
2009-01-22,5329.44,5402.73,5459.59,5307.5,95.61M,0.0047528633399469555
2009-01-23,5306.91,5326.56,5351.9,5194.61,114.94M,-0.004236422023719655
2009-01-26,5417.07,5299.64,5457.0,5299.12,82.75M,0.020545333905767293
2009-01-27,5348.91,5440.83,5442.38,5291.15,64.61M,-0.012662277041288306
2009-01-28,5417.93,5352.27,5454.25,5338.59,116.73M,0.012821021850111691
2009-01-29,5272.9,5364.62,5369.44,5241.82,102.82M,-0.027133327850613398
2009-01-30,5290.05,5283.65,5326.3,5205.91,95.82M,0.003247201789195131
2009-02-02,5166.96,5251.01,5259.15,5140.38,72.11M,-0.023543189782335716
2009-02-03,5217.61,5201.26,5246.38,5142.26,81.75M,0.009754934802039372
2009-02-04,5225.46,5191.08,5227.69,5142.15,96.77M,0.0015033896121607881
2009-02-05,5106.85,5126.43,5141.14,5005.24,114.63M,-0.02296005647003696
2009-02-06,5123.09,5147.37,5152.85,5052.65,116.69M,0.0031749968508929527
2009-02-09,5158.5,5101.29,5177.33,5076.31,79.19M,0.006888066924192415
2009-02-10,5144.69,5146.33,5235.18,5107.46,111.04M,-0.0026807247600437734
2009-02-11,5123.77,5083.89,5167.8,5054.84,102.08M,-0.004074618578387756
2009-02-12,5106.67,5097.96,5137.74,5062.32,91.66M,-0.0033429678342251634
2009-02-13,5126.84,5153.16,5202.53,5090.71,87.19M,0.003941956595243212
2009-02-16,5077.62,5097.5,5114.54,5076.74,36.49M,-0.009646837109757556
2009-02-17,4941.31,5003.18,5029.0,4936.98,78.40M,-0.027212169639637906
2009-02-18,4955.47,4959.21,4997.19,4911.04,73.68M,0.0028615387352886046
2009-02-19,4990.52,5001.84,5048.68,4965.27,99.44M,0.00704809578416743
2009-02-20,4851.21,4920.74,4946.63,4808.44,158.03M,-0.02831195438155909
2009-02-23,4797.12,4898.6,4939.35,4788.44,88.77M,-0.011212420527568767
2009-02-24,4723.02,4750.92,4776.74,4668.83,117.94M,-0.015567312340143857
2009-02-25,4702.5,4774.51,4791.9,4660.87,96.53M,-0.004354143308621161
2009-02-26,4770.78,4784.02,4802.18,4721.81,105.44M,0.014415531351513522
2009-02-27,4690.67,4674.98,4690.67,4608.82,99.74M,-0.016934384146626513
2009-03-02,4438.27,4576.77,4576.77,4438.27,93.24M,-0.05531076852268946
2009-03-03,4358.0,4472.25,4519.76,4357.0,93.63M,-0.018251424352817125
2009-03-04,4463.67,4402.15,4470.39,4349.62,96.66M,0.023958061092830718
2009-03-05,4390.18,4434.89,4503.63,4390.18,93.10M,-0.01660106909084469
2009-03-06,4311.61,4380.23,4419.14,4311.61,99.31M,-0.018058844277154762
2009-03-09,4307.67,4319.67,4345.05,4234.96,97.88M,-0.0009142295584840809
2009-03-10,4512.55,4296.57,4531.75,4296.47,103.65M,0.04646524924124762
2009-03-11,4576.97,4507.6,4626.61,4486.99,99.72M,0.014174803208311104
2009-03-12,4645.78,4556.86,4694.09,4482.26,96.99M,0.014922073527371182
2009-03-13,4726.74,4713.06,4774.72,4683.73,84.57M,0.017276466459403395
2009-03-16,4816.43,4788.44,4823.37,4750.28,83.25M,0.01879724260996518
2009-03-17,4813.78,4766.89,4826.36,4741.6,90.25M,-0.0005503514600189163
2009-03-18,4783.32,4839.88,4871.39,4729.76,103.67M,-0.006347772197866419
2009-03-19,4794.63,4826.66,4901.66,4765.4,154.10M,0.00236167556873923
2009-03-20,4787.17,4727.23,4842.24,4721.08,207.42M,-0.0015571190188268247
2009-03-23,4931.07,4863.28,4931.07,4829.59,88.65M,0.029616580417593852
2009-03-24,4923.66,4986.43,4995.46,4886.74,84.77M,-0.001503846659726804
2009-03-25,4970.38,4918.56,5006.92,4901.81,72.02M,0.009444139553263398
2009-03-26,4966.74,4977.89,5001.83,4897.65,69.10M,-0.0007326066632593609
2009-03-27,4872.33,4965.47,4982.07,4866.66,72.12M,-0.01919142717107114
2009-03-30,4745.76,4798.14,4838.4,4713.96,63.50M,-0.026320674269106448
2009-03-31,4927.43,4811.79,4928.75,4810.66,68.97M,0.03756596612222829
2009-04-01,5014.9,4933.75,5014.9,4837.02,77.24M,0.01759592707860591
2009-04-02,5178.53,5107.01,5180.53,5098.09,103.86M,0.032107751177742117
2009-04-03,5042.99,5147.91,5151.26,4996.05,88.98M,-0.026522072067407976
2009-04-06,5002.08,5045.22,5112.35,4944.53,78.03M,-0.00814533421587349
2009-04-07,4974.2,5041.64,5050.27,4960.69,68.65M,-0.005589272269986623
2009-04-08,4999.8,4894.4,5000.69,4884.57,58.48M,0.005133357973976516
2009-04-09,5070.6,5041.34,5076.94,4953.94,79.11M,0.014061242162275889
2009-04-13,5070.6,5070.6,5070.6,5070.6,,0.0
2009-04-14,5099.32,5092.55,5130.52,5048.62,101.40M,0.005648043710912987
2009-04-15,5065.43,5046.86,5124.16,5032.72,80.48M,-0.006668167062629848
2009-04-16,5163.95,5117.82,5163.95,5077.8,81.62M,0.019262760076150798
2009-04-17,5192.63,5172.27,5237.48,5154.94,122.79M,0.0055385220437162985
2009-04-20,5065.18,5186.45,5216.45,5055.07,81.84M,-0.02485063748939531
2009-04-21,5076.72,5060.05,5101.15,4953.18,86.69M,0.0022757086897566836
2009-04-22,5063.7,4986.3,5086.6,4967.98,106.48M,-0.002567942384011701
2009-04-23,5023.9,5077.23,5097.09,4990.93,101.07M,-0.00789091687165211
2009-04-24,5113.05,5026.17,5119.11,5023.76,76.72M,0.017589570535564647
2009-04-27,5175.97,5077.06,5176.35,5048.59,67.93M,0.012230666155582881
2009-04-28,5109.09,5080.6,5140.94,5050.08,76.34M,-0.01300545503503514
2009-04-29,5152.72,5093.33,5152.81,5076.9,82.79M,0.008503424425192918
2009-04-30,5225.92,5211.51,5285.77,5208.39,103.66M,0.014106128315733102
2009-05-01,5225.9,5225.9,5225.9,5225.9,,-3.827084661622848e-06
2009-05-04,5318.34,5274.09,5327.46,5229.53,69.52M,0.017534192765271683
2009-05-05,5280.93,5319.85,5335.9,5265.16,86.17M,-0.007059006015232683
2009-05-06,5319.26,5273.24,5355.36,5253.35,88.06M,0.0072319773625846295
2009-05-07,5325.63,5345.45,5411.98,5294.03,99.52M,0.0011968185223807382
2009-05-08,5391.01,5368.51,5401.3,5336.9,87.04M,0.01220173695465121
2009-05-11,5358.94,5378.36,5381.67,5314.26,81.97M,-0.005966557079878143
2009-05-12,5346.03,5319.78,5401.68,5317.7,94.17M,-0.002411964958097812
2009-05-13,5277.37,5371.81,5406.86,5260.19,129.03M,-0.012926361811729237
2009-05-14,5360.0,5269.21,5366.2,5219.06,96.04M,0.015536107521180398
2009-05-15,5350.67,5408.5,5409.92,5306.49,119.64M,-0.0017421883710131425
2009-05-18,5435.12,5306.77,5435.12,5268.83,58.80M,0.01565981273457062
2009-05-19,5498.8,5467.06,5524.44,5467.06,78.17M,0.01164828716886035
2009-05-20,5509.27,5493.82,5546.24,5472.7,74.83M,0.0019022413842133545
2009-05-21,5509.3,5509.3,5509.3,5509.3,,5.4453527091880005e-06
2009-05-22,5409.26,5436.93,5462.88,5385.94,56.95M,-0.018325273583235102
2009-05-25,5446.24,5430.09,5453.09,5371.86,26.64M,0.006813162553237717
2009-05-26,5431.27,5399.63,5441.67,5345.72,65.93M,-0.0027524699037133615
2009-05-27,5419.42,5451.57,5463.11,5393.15,62.78M,-0.002184193762989395
2009-05-28,5350.59,5377.57,5386.21,5311.77,56.70M,-0.012781963454036926
2009-05-29,5349.74,5387.85,5401.45,5339.97,88.91M,-0.00015887360516764204
2009-06-01,5349.7,5349.7,5349.7,5349.7,,-7.47702683412399e-06
2009-06-02,5432.22,5440.63,5447.48,5364.17,83.91M,0.015307405603326885
2009-06-03,5384.71,5438.97,5454.73,5366.22,59.74M,-0.008784434310621592
2009-06-04,5422.21,5390.76,5442.91,5390.55,53.80M,0.006940025559963203
2009-06-05,5398.9,5452.53,5486.37,5398.9,77.02M,-0.00430825230587395
2009-06-08,5391.72,5407.44,5421.17,5347.18,62.50M,-0.0013307856378297345
2009-06-09,5388.67,5425.04,5438.5,5373.55,52.01M,-0.0005658422527154983
2009-06-10,5436.39,5435.7,5475.84,5423.57,69.66M,0.00881663641922259
2009-06-11,5483.85,5442.06,5502.03,5442.06,48.15M,0.008692171383609448
2009-06-12,5521.84,5488.9,5532.51,5483.61,66.61M,0.006903729050730334
2009-06-15,5400.15,5488.35,5492.77,5400.15,63.46M,-0.022284407116913485
2009-06-16,5377.1,5394.66,5426.8,5356.86,61.67M,-0.00427753557652899
2009-06-17,5302.29,5358.85,5379.49,5269.46,74.74M,-0.014010392673634797
2009-06-18,5376.84,5321.33,5385.55,5282.56,66.34M,0.01396203830304188
2009-06-19,5421.59,5422.89,5449.17,5402.6,100.82M,0.008288289349019706
2009-06-22,5310.37,5406.0,5420.39,5307.63,57.62M,-0.020727617688448774
2009-06-23,5321.31,5287.8,5364.56,5286.1,72.31M,0.0020580009671569144
2009-06-24,5443.42,5338.79,5453.29,5299.36,56.79M,0.022688026161356234
2009-06-25,5361.3,5417.59,5437.4,5314.07,73.92M,-0.0152010568154477
2009-06-26,5375.99,5407.77,5428.93,5343.97,130.55M,0.0027362601113463114
2009-06-29,5443.45,5365.83,5456.71,5364.18,86.30M,0.012470307930009028
2009-06-30,5403.97,5472.75,5481.97,5387.65,88.92M,-0.007279182390911743
2009-07-01,5472.94,5431.14,5480.82,5428.49,56.56M,0.012682080553693353
2009-07-02,5355.23,5450.76,5461.16,5353.52,55.10M,-0.021742295701958625
2009-07-03,5338.51,5370.14,5372.86,5323.49,39.60M,-0.0031270656710855604
2009-07-06,5354.15,5308.11,5358.51,5280.87,51.30M,0.0029253733221992206
2009-07-07,5329.2,5366.05,5396.91,5329.2,53.15M,-0.004670828038097596
2009-07-08,5289.39,5305.1,5352.9,5289.39,59.48M,-0.007498205791902635
2009-07-09,5305.39,5318.0,5346.79,5300.17,64.03M,0.0030203576031606616
2009-07-10,5237.81,5283.36,5286.0,5230.02,55.29M,-0.012819812874340641
2009-07-13,5315.29,5222.54,5315.78,5204.78,52.45M,0.01468410082338778
2009-07-14,5365.05,5355.79,5396.89,5330.16,66.90M,0.009318122839500731
2009-07-15,5473.33,5389.0,5473.79,5387.69,65.45M,0.01998151063886411
2009-07-16,5538.57,5484.23,5560.89,5473.66,60.52M,0.011849138353511535
2009-07-17,5594.14,5578.4,5601.66,5551.05,56.10M,0.009983276584945244
2009-07-20,5627.93,5615.87,5660.51,5604.37,52.09M,0.006022080082800585
2009-07-21,5636.19,5632.57,5677.31,5622.48,55.19M,0.0014666039567323708
2009-07-22,5637.02,5640.34,5649.34,5604.23,58.60M,0.00014725175908303356
2009-07-23,5765.51,5666.55,5765.51,5637.2,84.63M,0.022538057602815798
2009-07-24,5760.9,5734.39,5788.1,5723.14,72.84M,-0.0007999021804376838
2009-07-27,5774.89,5803.02,5807.84,5749.63,53.57M,0.002425496105361802
2009-07-28,5762.8,5802.62,5826.01,5749.72,56.69M,-0.0020957409022219764
2009-07-29,5787.19,5756.7,5811.72,5754.83,55.65M,0.004223386557683284
2009-07-30,5932.62,5817.47,5936.64,5814.81,67.09M,0.024819082420394878
2009-07-31,5950.69,5912.76,5978.04,5910.5,83.96M,0.0030412425372539076
2009-08-03,5967.43,5954.66,6002.24,5952.52,77.77M,0.0028091697362579993
2009-08-04,5939.78,5964.43,5978.1,5896.86,78.73M,-0.004644253305141177
2009-08-05,5911.91,5927.69,5959.26,5893.19,58.93M,-0.004703135396299629
2009-08-06,5968.08,5959.29,6000.15,5940.29,58.92M,0.009456307382023965
2009-08-07,6026.4,5933.7,6026.75,5902.92,66.81M,0.009724549891995338
2009-08-10,6007.55,5998.65,6015.72,5984.93,37.27M,-0.0031328060058264384
2009-08-11,5949.98,6003.45,6016.82,5939.11,55.20M,-0.009629153316170758
2009-08-12,5962.49,5919.17,5966.49,5873.51,89.93M,0.0021003208568544096
2009-08-13,5986.72,5968.85,6014.11,5965.04,100.77M,0.004055503788023884
2009-08-14,5985.3,6002.9,6040.13,5955.88,67.63M,-0.00023721978524093856
2009-08-17,5883.7,5938.42,5945.35,5860.77,60.34M,-0.017120647351610785
2009-08-18,5953.75,5905.59,5953.75,5883.84,53.41M,0.011835457417555872
2009-08-19,5980.79,5920.55,5988.98,5897.73,70.76M,0.0045313931276531605
2009-08-20,6032.05,6019.51,6067.64,6016.91,109.98M,0.008534253535382064
2009-08-21,6139.8,6036.07,6149.57,6034.81,113.93M,0.01770524854265787
2009-08-24,6194.39,6175.53,6205.08,6152.85,75.03M,0.008851875389087382
2009-08-25,6200.85,6153.35,6222.27,6145.69,57.91M,0.0010423357006210665
2009-08-26,6176.97,6187.76,6216.91,6162.48,55.48M,-0.003858519452933251
2009-08-27,6169.19,6165.67,6189.01,6131.37,66.64M,-0.0012603110651099314
2009-08-28,6211.58,6203.49,6262.29,6188.16,60.88M,0.006847743015079288
2009-08-31,6217.12,6173.29,6223.25,6165.11,70.36M,0.0008914850896566406
2009-09-01,6128.17,6249.76,6251.84,6123.36,72.40M,-0.014410603447165826
2009-09-02,6089.24,6106.38,6121.15,6036.1,75.00M,-0.006372894379053307
2009-09-03,6073.72,6095.62,6100.64,6048.61,65.95M,-0.0025520117509501006
2009-09-04,6119.07,6099.53,6131.32,6086.87,53.17M,0.007438856754852452
2009-09-07,6181.97,6170.82,6193.5,6155.75,37.25M,0.0102268667069918
2009-09-08,6194.72,6202.6,6214.11,6164.35,48.12M,0.0020603254198405807
2009-09-09,6202.04,6170.96,6202.04,6152.6,61.71M,0.0011809538703246858
2009-09-10,6208.43,6233.53,6236.22,6174.85,65.29M,0.001029775756224538
2009-09-11,6232.99,6227.69,6241.14,6203.43,57.37M,0.003948107515464372
2009-09-14,6225.64,6186.75,6230.85,6159.35,43.66M,-0.001179905150520355
2009-09-15,6213.19,6226.37,6236.93,6192.93,49.77M,-0.002001796657316035
2009-09-16,6299.91,6224.19,6319.44,6224.19,57.61M,0.013860895927438222
2009-09-17,6317.72,6345.59,6347.3,6299.52,77.31M,0.0028230359945755623
2009-09-18,6325.15,6310.57,6355.63,6304.57,139.89M,0.0011753661716635833
2009-09-21,6306.23,6320.34,6329.77,6273.37,46.55M,-0.0029957160895328627
2009-09-22,6340.72,6322.62,6394.65,6322.05,54.71M,0.0054542930120593525
2009-09-23,6349.83,6340.42,6385.08,6337.08,48.78M,0.0014357142227652275
2009-09-24,6275.44,6313.6,6352.0,6258.86,59.22M,-0.011784438811188735
2009-09-25,6236.91,6271.83,6274.47,6211.98,55.47M,-0.00615873465605965
2009-09-28,6289.27,6208.13,6292.65,6161.96,50.53M,0.008360139318041249
2009-09-29,6316.72,6306.47,6330.99,6266.73,46.56M,0.004355079352967195
2009-09-30,6323.18,6319.84,6356.69,6275.22,61.42M,0.0010221600744397819
2009-10-01,6255.17,6332.82,6367.17,6240.38,89.79M,-0.010813924363944238
2009-10-02,6150.17,6210.41,6217.2,6108.31,91.85M,-0.016928598094137826
2009-10-05,6162.9,6139.29,6189.98,6126.74,45.79M,0.0020677222716294352
2009-10-06,6277.16,6201.16,6293.34,6174.47,61.53M,0.018370202909798294
2009-10-07,6260.15,6254.26,6296.74,6244.4,55.10M,-0.0027135024079623093
2009-10-08,6305.8,6317.7,6330.37,6271.62,55.86M,0.007265698307440616
2009-10-09,6291.64,6294.27,6329.78,6271.43,45.94M,-0.0022480767463139983
2009-10-12,6377.78,6313.78,6404.17,6309.96,47.68M,0.013598306373896918
2009-10-13,6321.26,6374.91,6389.29,6309.61,50.66M,-0.008901519044899331
2009-10-14,6405.92,6372.12,6424.85,6359.33,69.31M,0.013304007440362753
2009-10-15,6383.19,6400.34,6413.76,6361.83,62.28M,-0.0035545904184104415
2009-10-16,6345.26,6415.18,6434.28,6310.73,60.11M,-0.005959894924178144
2009-10-19,6436.37,6382.53,6444.48,6380.17,52.87M,0.014256639127207649
2009-10-20,6427.29,6448.02,6467.26,6407.99,58.80M,-0.0014117290892361467
2009-10-21,6434.66,6427.42,6458.67,6346.32,71.64M,0.0011460160872367453
2009-10-22,6405.91,6370.56,6440.44,6332.54,78.14M,-0.004478001839860468
2009-10-23,6378.06,6454.75,6473.65,6371.82,62.92M,-0.004357025878178433
2009-10-26,6303.35,6405.36,6409.58,6291.65,58.78M,-0.011782737778931462
2009-10-27,6367.97,6318.29,6393.87,6296.38,76.38M,0.010199499373298337
2009-10-28,6279.94,6353.43,6357.65,6268.74,85.11M,-0.013920311181369271
2009-10-29,6351.27,6234.1,6357.38,6222.47,88.87M,0.01129436661292793
2009-10-30,6285.76,6365.61,6395.17,6275.62,78.60M,-0.0103680353434914
2009-11-02,6291.22,6256.44,6312.51,6231.81,59.48M,0.0008682530055708071
2009-11-03,6213.35,6229.04,6236.0,6146.09,112.59M,-0.012454807580175142
2009-11-04,6267.11,6238.39,6280.75,6220.01,64.87M,0.008615120357186257
2009-11-05,6285.2,6204.3,6306.64,6195.73,60.13M,0.002882339987483107
2009-11-06,6293.61,6286.61,6317.1,6229.04,56.72M,0.001337169613517375
2009-11-09,6385.14,6352.0,6391.43,6341.85,50.55M,0.014438582686741697
2009-11-10,6369.1,6392.7,6399.42,6360.77,44.44M,-0.00251524331616082
2009-11-11,6374.7,6415.56,6423.17,6356.6,53.20M,0.000878858795720916
2009-11-12,6355.76,6348.91,6378.08,6332.05,25.03M,-0.00297554274933276
2009-11-13,6351.08,6330.86,6356.54,6296.78,62.41M,-0.0007366111813187359
2009-11-16,6422.81,6385.66,6434.91,6384.05,60.80M,0.011230839462525566
2009-11-17,6376.4,6409.95,6423.24,6367.78,66.64M,-0.007252041868179404
2009-11-18,6368.97,6399.46,6432.65,6368.97,54.25M,-0.0011659137148107845
2009-11-19,6286.81,6347.45,6353.06,6274.24,60.79M,-0.012983973209426125
2009-11-20,6277.46,6298.1,6318.88,6233.44,74.18M,-0.0014883477871769912
2009-11-23,6410.24,6321.25,6429.28,6319.68,55.69M,0.02093127166338249
2009-11-24,6397.53,6371.57,6437.94,6366.33,59.39M,-0.0019847333567408754
2009-11-25,6422.2,6440.59,6445.17,6397.38,57.79M,0.0038487597559324627
2009-11-26,6283.38,6391.59,6394.4,6262.73,74.02M,-0.021852685874481637
2009-11-27,6336.66,6182.94,6365.29,6179.34,73.86M,0.008443763499787593
2009-11-30,6260.95,6359.86,6364.25,6260.95,73.70M,-0.012019884967271466
2009-12-01,6372.08,6308.17,6380.9,6308.17,47.85M,0.01759401611024991
2009-12-02,6386.54,6370.87,6422.73,6364.65,57.73M,0.0022667037957440073
2009-12-03,6444.08,6423.71,6482.08,6417.15,59.76M,0.008969229194409678
2009-12-04,6501.16,6412.61,6521.12,6397.06,73.73M,0.008818742630735343
2009-12-07,6470.61,6481.73,6496.61,6446.03,51.28M,-0.004710237150780117
2009-12-08,6399.74,6457.06,6506.78,6372.81,66.54M,-0.011013020826499798
2009-12-09,6351.71,6372.68,6411.68,6331.83,64.53M,-0.007533296549629753
2009-12-10,6410.64,6360.51,6435.01,6350.92,65.13M,0.009235041951480838
2009-12-11,6411.58,6440.52,6457.41,6411.58,54.70M,0.00014662047627922448
2009-12-14,6433.09,6462.11,6465.31,6411.76,50.04M,0.0033492522746563225
2009-12-15,6439.4,6452.35,6460.17,6422.07,48.12M,0.0009803853808243446
2009-12-16,6532.32,6436.99,6532.32,6435.61,60.18M,0.014326795423961869
2009-12-17,6489.23,6500.77,6539.51,6476.05,64.41M,-0.006618283888542464
2009-12-18,6464.32,6516.97,6532.48,6463.96,100.14M,-0.0038460546654786043
2009-12-21,6504.44,6492.99,6526.1,6472.81,44.23M,0.006187195689852487
2009-12-22,6582.9,6526.73,6592.01,6526.68,39.88M,0.011990357093983661
2009-12-23,6579.98,6608.6,6608.6,6556.37,31.54M,-0.0004436719088669605
2009-12-24,6580.0,6580.0,6580.0,6580.0,,3.039518297498489e-06
2009-12-28,6591.01,6603.41,6606.05,6582.6,22.93M,0.001671853952657898
2009-12-29,6608.52,6601.24,6615.55,6586.81,22.13M,0.0026531263266473815
2009-12-30,6545.91,6606.14,6609.73,6530.9,22.49M,-0.009519298486321048
2009-12-31,6545.9,6545.9,6545.9,6545.9,,-1.5276726443858024e-06
2010-01-04,6631.44,6578.45,6631.44,6575.96,59.58M,0.012983075727014182
2010-01-05,6579.26,6620.66,6622.36,6547.43,67.87M,-0.007899698177759262
2010-01-06,6559.41,6598.18,6607.79,6550.1,54.03M,-0.003021617119969733
2010-01-07,6555.36,6536.5,6574.16,6494.9,67.84M,-0.0006176242707649493
2010-01-08,6617.88,6574.67,6635.78,6573.95,76.09M,0.009492041352666902
2010-01-11,6592.26,6652.78,6666.45,6592.26,59.54M,-0.003878843391815323
2010-01-12,6541.9,6596.67,6608.81,6517.33,63.20M,-0.007668590422882815
2010-01-13,6554.55,6508.21,6573.07,6507.86,60.68M,0.0019318218195127912
2010-01-14,6627.42,6588.75,6646.52,6573.64,62.68M,0.01105612321798688
2010-01-15,6576.02,6637.44,6664.46,6562.15,82.93M,-0.007785889079769959
2010-01-18,6603.78,6618.16,6624.37,6589.88,49.26M,0.004212513247653149
2010-01-19,6633.86,6594.98,6639.05,6518.78,70.93M,0.004544624536050534
2010-01-20,6586.53,6614.96,6657.53,6575.62,79.42M,-0.007160182446993346
2010-01-21,6578.95,6625.24,6666.18,6576.26,86.55M,-0.0011514963127137179
2010-01-22,6493.96,6541.8,6556.23,6449.22,122.91M,-0.013002644005972286
2010-01-25,6451.3,6456.35,6508.94,6441.58,82.66M,-0.00659085324308073
2010-01-26,6484.23,6404.13,6484.23,6386.04,82.96M,0.005091414288493468
2010-01-27,6473.03,6428.2,6501.2,6423.93,89.72M,-0.0017287609864080622
2010-01-28,6442.41,6543.57,6551.07,6442.41,85.40M,-0.0047416204742543044
2010-01-29,6440.72,6456.12,6473.6,6404.18,77.90M,-0.00026235860535450684
2010-02-01,6496.33,6408.68,6496.33,6403.58,69.30M,0.008597066952480859
2010-02-02,6550.12,6514.97,6572.82,6491.67,70.22M,0.008245968028340656
2010-02-03,6553.8,6552.7,6564.21,6523.26,73.29M,0.0005616640053887068
2010-02-04,6396.51,6557.38,6569.48,6389.68,91.65M,-0.024292504966725303
2010-02-05,6264.33,6357.63,6383.1,6245.63,115.57M,-0.02088088983549774
2010-02-08,6347.14,6278.19,6362.14,6240.24,77.90M,0.013132678452912216
2010-02-09,6314.75,6341.88,6371.82,6298.72,95.08M,-0.005116151009154635
2010-02-10,6333.99,6364.16,6386.87,6313.44,79.67M,0.0030422025970704425
2010-02-11,6403.42,6378.54,6426.16,6353.22,88.25M,0.010901853304130071
2010-02-12,6416.2,6439.22,6465.88,6378.68,67.71M,0.0019938195100497325
2010-02-15,6440.76,6450.05,6464.43,6431.53,37.70M,0.003820503427505173
2010-02-16,6497.66,6485.23,6516.78,6436.84,62.32M,0.008795566510329422
2010-02-17,6567.6,6548.38,6578.57,6534.2,71.70M,0.010706356869700784
2010-02-18,6637.29,6583.55,6638.22,6572.67,82.93M,0.010555278693738401
2010-02-19,6709.68,6591.05,6720.87,6588.78,225.29M,0.010847512182008856
2010-02-22,6687.41,6733.88,6735.44,6679.8,56.95M,-0.003324605643841849
2010-02-23,6649.09,6698.09,6715.63,6642.24,65.64M,-0.005746650988875501
2010-02-24,6687.95,6664.71,6695.91,6638.65,55.42M,0.005827396479133995
2010-02-25,6643.96,6674.66,6701.06,6614.64,58.06M,-0.0065992284145703906
2010-02-26,6710.99,6688.27,6711.16,6654.15,61.89M,0.010038309820767921
2010-03-01,6791.48,6756.34,6791.48,6744.97,69.16M,0.011922404334432812
2010-03-02,6820.04,6780.49,6833.61,6751.6,69.95M,0.004196451522281208
2010-03-03,6813.16,6806.8,6824.05,6781.3,64.26M,-0.001009300910139288
2010-03-04,6804.87,6775.79,6813.01,6760.01,63.43M,-0.001217503710012835
2010-03-05,6847.78,6809.37,6855.07,6787.49,71.39M,0.0062859798345016316
2010-03-08,6851.2,6865.3,6873.19,6823.39,54.07M,0.0004993072580656843
2010-03-09,6868.32,6864.42,6874.12,6830.98,63.24M,0.0024957154311717744
2010-03-10,6873.59,6876.23,6891.82,6845.94,51.85M,0.0007669967651295906
2010-03-11,6851.73,6860.03,6881.77,6827.95,56.44M,-0.0031853564774486642
2010-03-12,6836.6,6867.04,6872.99,6825.34,53.20M,-0.002210643104252341
2010-03-15,6825.1,6832.2,6856.31,6821.59,60.44M,-0.001683539049491145
2010-03-16,6874.43,6860.92,6886.17,6854.49,53.43M,0.0072017380462430225
2010-03-17,6892.01,6900.94,6913.18,6879.36,56.05M,0.0025540385976849933
2010-03-18,6897.74,6876.91,6900.52,6874.04,44.95M,0.0008310520973591196
2010-03-19,6880.76,6938.5,6943.53,6866.37,156.16M,-0.002464710758912858
2010-03-22,6866.43,6846.65,6867.5,6797.67,54.80M,-0.0020847904466680944
2010-03-23,6877.16,6869.5,6917.45,6860.85,47.48M,0.0015614555120038176
2010-03-24,6879.95,6898.53,6904.68,6841.5,43.72M,0.00040560845093828846
2010-03-25,6894.17,6884.48,6904.54,6871.37,45.63M,0.002064742437534406
2010-03-26,6838.95,6886.0,6892.51,6822.67,45.24M,-0.008041915835665492
2010-03-29,6850.58,6847.1,6860.41,6821.99,38.73M,0.0016991091436970862
2010-03-30,6871.42,6882.63,6904.6,6867.79,71.48M,0.003037460431826844
2010-03-31,6873.37,6870.21,6906.61,6847.39,56.61M,0.0002837438786755797
2010-04-01,6888.92,6876.94,6900.68,6857.63,53.12M,0.00225979929465403
2010-04-05,6888.9,6888.9,6888.9,6888.9,,-2.903216909544426e-06
2010-04-06,6886.21,6928.32,6934.42,6860.15,57.65M,-0.0003905594995892159
2010-04-07,6843.49,6882.85,6885.92,6841.96,51.73M,-0.006223025683684824
2010-04-08,6791.01,6808.42,6814.83,6753.83,64.05M,-0.007698156759770924
2010-04-09,6888.97,6824.48,6894.21,6818.58,46.36M,0.014321903165354755
2010-04-12,6910.96,6905.99,6943.07,6901.72,58.91M,0.0031869753849989024
2010-04-13,6885.86,6893.68,6912.06,6865.57,42.69M,-0.0036385236150451306
2010-04-14,6916.59,6921.59,6933.17,6886.74,53.78M,0.004452840006756276
2010-04-15,6967.56,6951.33,6990.7,6921.13,64.96M,0.007342218137191381
2010-04-16,6893.69,6966.69,6981.28,6869.14,103.63M,-0.010658591301019982
2010-04-19,6803.68,6816.43,6842.76,6775.16,,-0.013142858176514949
2010-04-20,6841.91,6838.8,6891.49,6828.7,65.67M,0.00560329015090133
2010-04-21,6814.71,6876.42,6876.42,6802.43,57.62M,-0.003983421368779716
2010-04-22,6720.09,6800.11,6829.98,6697.99,108.57M,-0.013981963749076343
2010-04-23,6767.97,6734.73,6780.64,6703.27,68.28M,0.007099642367466075
2010-04-26,6803.74,6821.6,6828.78,6796.54,56.51M,0.005271271317512927
2010-04-27,6667.47,6792.78,6800.09,6667.47,67.29M,-0.020231983361156836
2010-04-28,6576.39,6608.53,6653.16,6555.86,88.45M,-0.013754515061682682
2010-04-29,6665.84,6618.53,6681.65,6589.61,73.27M,0.013510014632588607
2010-04-30,6616.82,6647.44,6683.66,6591.09,63.41M,-0.007381085197138759
2010-05-03,6607.71,6604.15,6612.45,6574.34,38.37M,-0.001377742943004634
2010-05-04,6488.42,6626.15,6641.24,6477.27,92.81M,-0.01821809944401309
2010-05-05,6448.49,6499.58,6510.57,6409.31,99.87M,-0.0061730547402198965
2010-05-06,6387.52,6404.98,6489.8,6368.37,91.75M,-0.009499908232488252
2010-05-07,6205.63,6249.18,6379.8,6148.2,141.87M,-0.028889142114367772
2010-05-10,6481.95,6386.68,6492.99,6337.26,125.42M,0.04356444649497071
2010-05-11,6509.0,6420.18,6509.57,6415.86,66.82M,0.004164443569266041
2010-05-12,6575.05,6504.94,6612.22,6481.0,74.12M,0.010096348007401446
2010-05-13,6575.0,6575.0,6575.0,6575.0,,-7.604533823979409e-06
2010-05-14,6428.68,6572.15,6578.42,6424.53,78.15M,-0.02250534860254838
2010-05-17,6428.86,6387.09,6495.25,6385.92,71.89M,2.79991351401776e-05
2010-05-18,6470.84,6485.99,6503.18,6432.93,61.05M,0.006508701473750378
2010-05-19,6374.43,6415.49,6445.2,6345.24,78.41M,-0.015011254787856032
2010-05-20,6262.42,6419.87,6437.71,6198.82,91.27M,-0.01772798340402204
2010-05-21,6206.59,6231.25,6251.25,6116.66,132.53M,-0.008955061083115723
2010-05-25,6091.55,6069.55,6112.27,6029.16,98.80M,-0.018709065857628104
2010-05-26,6167.53,6170.46,6230.35,6129.26,74.78M,0.012395868679535127
2010-05-27,6305.18,6206.77,6312.51,6170.97,65.89M,0.02207308416310738
2010-05-28,6321.92,6345.26,6369.52,6313.14,54.23M,0.0026514417098226772
2010-05-31,6312.6,6323.2,6352.03,6312.6,20.77M,-0.0014753234298527929
2010-06-01,6316.6,6295.15,6362.71,6224.33,52.98M,0.0006334526547604469
2010-06-02,6368.81,6285.38,6368.81,6274.22,49.76M,0.00823155023058142
2010-06-03,6418.82,6442.55,6476.24,6414.03,53.16M,0.007821661239910682
2010-06-04,6298.97,6454.07,6464.01,6298.92,66.53M,-0.01884817221770163
2010-06-07,6291.04,6249.13,6338.91,6234.54,53.54M,-0.0012597291104121666
2010-06-08,6246.22,6311.62,6318.09,6207.83,70.14M,-0.007149918074285111
2010-06-09,6319.18,6282.78,6319.18,6224.85,56.77M,0.011612972122460263
2010-06-10,6376.66,6306.3,6397.05,6290.72,60.09M,0.009054996399724402
2010-06-11,6426.74,6419.01,6452.42,6385.52,70.87M,0.007822961932371086
2010-06-14,6472.12,6479.85,6482.39,6440.72,46.99M,0.0070363097558772125
2010-06-15,6484.73,6451.75,6512.27,6446.41,61.16M,0.0019464613669697428
2010-06-16,6490.07,6508.32,6511.57,6453.15,48.33M,0.0008231341217594945
2010-06-17,6475.25,6484.35,6506.56,6458.37,55.80M,-0.0022860996033138292
2010-06-18,6447.06,6498.82,6498.82,6434.73,125.86M,-0.004363003939428012
2010-06-21,6519.57,6521.1,6534.85,6503.47,50.50M,0.011184209904024911
2010-06-22,6463.46,6491.49,6512.69,6444.54,48.83M,-0.008643644718253185
2010-06-23,6381.85,6407.51,6445.04,6365.9,46.92M,-0.012706754149254706
2010-06-24,6320.62,6401.45,6402.82,6317.26,50.69M,-0.00964071936297728
2010-06-25,6275.35,6325.53,6356.35,6260.9,45.16M,-0.007188044258169768
2010-06-28,6311.15,6306.3,6321.65,6267.11,42.55M,0.005688649988927708
2010-06-29,6144.45,6255.89,6270.48,6120.3,65.05M,-0.026768674992938557
2010-06-30,6128.06,6150.9,6170.96,6107.96,65.94M,-0.0026710118377213377
2010-07-01,5981.66,6042.15,6080.96,5952.94,75.64M,-0.024180102098810607
2010-07-02,5974.3,6002.31,6017.2,5957.72,56.24M,-0.0012311852715640725
2010-07-05,5942.25,5981.03,5994.23,5934.95,35.44M,-0.005379086611373651
2010-07-06,6063.12,5950.79,6084.85,5937.71,53.84M,0.020136669544495334
2010-07-07,6099.2,6019.59,6099.2,5995.52,54.14M,0.00593309596187197
2010-07-08,6155.72,6156.95,6186.84,6131.43,57.96M,0.009224115823936785
2010-07-09,6210.49,6189.92,6220.11,6155.43,38.70M,0.008858066962872613
2010-07-12,6228.31,6218.77,6252.12,6190.56,32.43M,0.0028652301172407135
2010-07-13,6298.59,6241.43,6307.49,6220.67,42.01M,0.01122077088284712
2010-07-14,6332.28,6327.22,6332.28,6259.26,41.96M,0.0053345620522637915
2010-07-15,6291.07,6328.21,6364.72,6259.68,57.64M,-0.006529193344029238
2010-07-16,6184.37,6300.83,6314.4,6158.62,72.97M,-0.017106026213491887
2010-07-19,6156.64,6152.52,6207.08,6141.98,36.89M,-0.004493967133804233
2010-07-20,6123.42,6179.16,6181.82,6068.94,43.54M,-0.005410410215603179
2010-07-21,6132.66,6151.14,6174.58,6132.66,61.07M,0.0015078233416598863
2010-07-22,6194.18,6109.15,6218.67,6101.55,65.16M,0.009981554198196463
2010-07-23,6201.25,6169.97,6203.24,6146.43,47.16M,0.0011407431233418919
2010-07-26,6199.46,6219.44,6223.3,6142.72,50.36M,-0.00028869314941459834
2010-07-27,6275.19,6239.94,6289.96,6216.19,115.16M,0.012141571960206932
2010-07-28,6277.49,6305.27,6325.57,6262.71,66.58M,0.00036645561358028544
2010-07-29,6220.65,6294.2,6307.26,6218.38,47.96M,-0.009095816158602332
2010-07-30,6200.78,6205.24,6234.76,6162.13,57.64M,-0.003199312309201119
2010-08-02,6321.64,6243.67,6338.52,6230.88,48.80M,0.019303577577302278
2010-08-03,6337.72,6333.72,6348.86,6294.88,45.07M,0.0025404141517366696
2010-08-04,6380.3,6328.46,6386.61,6299.07,43.77M,0.006696035876045059
2010-08-05,6374.89,6381.28,6408.87,6361.57,52.10M,-0.0008482822011135482
2010-08-06,6321.36,6387.57,6409.75,6283.77,53.82M,-0.008432461111498313
2010-08-09,6391.74,6375.11,6396.33,6362.8,32.93M,0.01107215690971941
2010-08-10,6395.02,6387.41,6403.21,6354.78,46.82M,0.000513030677348425
2010-08-11,6265.84,6366.62,6384.56,6254.72,61.58M,-0.02040690489658914
2010-08-12,6279.35,6264.05,6317.11,6237.67,52.60M,0.002153814365927431
2010-08-13,6294.34,6319.19,6321.57,6238.13,39.63M,0.0023843449459377553
2010-08-16,6285.66,6300.63,6332.3,6241.66,37.11M,-0.0013799684224888864
2010-08-17,6359.74,6302.6,6360.99,6292.94,44.09M,0.011716647551237358
2010-08-18,6362.88,6349.23,6377.34,6330.32,37.32M,0.0004936090308049756
2010-08-19,6281.35,6394.78,6400.56,6265.34,54.39M,-0.012896179513429473
2010-08-20,6185.82,6281.26,6286.47,6172.67,53.73M,-0.015325349654249365
2010-08-23,6209.45,6195.02,6243.03,6178.24,34.94M,0.0038127493190351913
2010-08-24,6144.14,6173.37,6181.32,6096.36,57.36M,-0.010573543151320308
2010-08-25,6098.59,6117.06,6152.12,6047.16,62.89M,-0.007441185124525518
2010-08-26,6131.76,6139.98,6153.96,6110.37,41.27M,0.005424224380799814
2010-08-27,6183.14,6120.34,6189.02,6105.3,42.82M,0.008344411749783731
2010-08-30,6205.24,6215.8,6232.22,6187.56,25.33M,0.0035678633435143325
2010-08-31,6180.89,6126.38,6186.36,6124.9,49.03M,-0.00393182234795475
2010-09-01,6332.43,6206.28,6333.93,6196.64,59.99M,0.02422177470081799
2010-09-02,6333.65,6322.13,6341.98,6308.12,45.00M,0.0001926405018402022
2010-09-03,6400.71,6356.36,6427.52,6334.91,56.00M,0.010532232464143476
2010-09-06,6418.25,6429.48,6430.96,6409.92,30.05M,0.002736573161346456
2010-09-07,6360.2,6403.47,6406.6,6328.18,39.32M,-0.00908567147538264
2010-09-08,6386.95,6340.4,6393.78,6300.65,52.66M,0.004197022748890333
2010-09-09,6425.26,6362.28,6426.68,6352.77,44.49M,0.005980250741218995
2010-09-10,6467.69,6413.01,6468.57,6404.71,46.07M,0.006581915415461381
2010-09-13,6471.77,6493.66,6503.12,6467.12,49.63M,0.0006306291197955005
2010-09-14,6466.32,6467.08,6484.61,6431.66,49.37M,-0.0008424737070686916
2010-09-15,6434.01,6467.59,6473.91,6417.77,49.07M,-0.0050091846580659904
2010-09-16,6424.16,6427.25,6449.48,6418.4,44.95M,-0.001532100124165936
2010-09-17,6389.02,6459.44,6485.64,6382.9,102.20M,-0.005484990938898093
2010-09-20,6461.98,6415.01,6477.48,6412.19,43.61M,0.011354880384846666
2010-09-21,6420.4,6439.1,6481.13,6420.4,47.93M,-0.006455351323568337
2010-09-22,6344.88,6440.16,6443.22,6344.43,54.70M,-0.011832232598969483
2010-09-23,6303.2,6370.82,6379.5,6271.77,60.58M,-0.006590747508614214
2010-09-24,6360.77,6294.09,6367.13,6271.74,69.09M,0.009091998256796074
2010-09-27,6338.89,6370.42,6393.28,6338.89,45.81M,-0.0034457649494505915
2010-09-28,6334.38,6302.74,6374.26,6259.01,57.11M,-0.0007117342549136652
2010-09-29,6311.57,6354.09,6378.6,6304.24,64.25M,-0.0036074829866183933
2010-09-30,6296.33,6284.98,6368.46,6276.38,75.95M,-0.002417533042372355
2010-10-01,6284.17,6295.77,6323.67,6263.9,61.71M,-0.0019331511127393952
2010-10-04,6248.8,6283.75,6289.96,6242.35,45.53M,-0.005644327546093564
2010-10-05,6313.9,6238.18,6336.47,6228.33,55.27M,0.01036410687571454
2010-10-06,6351.01,6340.14,6375.84,6332.16,50.32M,0.005860303185121651
2010-10-07,6375.58,6359.2,6404.79,6323.8,49.88M,0.003861211923394947
2010-10-08,6363.16,6361.54,6372.72,6321.63,47.47M,-0.00194995799198594
2010-10-11,6386.18,6387.1,6390.88,6362.09,33.67M,0.003611171247474232
2010-10-12,6375.26,6341.06,6384.1,6312.56,47.25M,-0.00171140602711084
2010-10-13,6455.13,6404.05,6486.03,6396.41,58.13M,0.01245028899605316
2010-10-14,6440.97,6459.53,6480.82,6426.11,51.22M,-0.0021960136305594347
2010-10-15,6443.01,6453.96,6468.86,6413.31,53.19M,0.0003166723352645562
2010-10-18,6470.26,6420.65,6482.76,6418.33,39.45M,0.004220470949483968
2010-10-19,6471.96,6464.9,6508.78,6449.17,52.32M,0.0002627060905755485
2010-10-20,6477.2,6455.36,6490.73,6449.21,41.11M,0.0008093189498019626
2010-10-21,6512.19,6450.76,6530.29,6445.94,66.13M,0.005387486961600629
2010-10-22,6477.13,6497.04,6508.35,6477.13,43.49M,-0.005398294158885264
2010-10-25,6513.63,6509.17,6530.27,6490.11,41.15M,0.00561939348405005
2010-10-26,6476.61,6485.6,6505.75,6444.15,76.77M,-0.005699679177645578
2010-10-27,6479.21,6460.07,6518.75,6445.93,55.74M,0.00040136402557422457
2010-10-28,6484.71,6513.72,6537.35,6480.62,60.87M,0.0008485088352880865
2010-10-29,6472.23,6492.67,6504.13,6450.48,51.52M,-0.0019263813615530978
2010-11-01,6504.72,6500.43,6517.14,6463.42,45.51M,0.00500735039999789
2010-11-02,6541.5,6502.46,6555.17,6501.94,39.34M,0.005638429743187956
2010-11-03,6512.99,6559.95,6571.59,6512.65,43.00M,-0.004367852796464788
2010-11-04,6595.64,6567.6,6614.26,6563.09,60.09M,0.012610180503118684
2010-11-05,6587.72,6603.41,6612.83,6570.3,56.93M,-0.001201514781179469
2010-11-08,6600.36,6589.32,6608.17,6585.24,40.35M,0.0019168831051086244
2010-11-09,6581.88,6596.27,6615.43,6577.39,43.59M,-0.0028037741849900044
2010-11-10,6539.82,6559.92,6585.6,6515.94,54.16M,-0.006410776659821593
2010-11-11,6516.99,6554.4,6554.4,6506.01,45.30M,-0.0034970292538645253
2010-11-12,6505.29,6453.21,6534.32,6431.77,59.84M,-0.001796920838470939
2010-11-15,6562.15,6479.89,6578.58,6476.16,45.18M,0.00870260109990717
2010-11-16,6476.53,6528.99,6545.67,6474.87,56.15M,-0.013133420053138778
2010-11-17,6494.99,6472.1,6524.39,6466.51,49.54M,0.002846237366497917
2010-11-18,6613.37,6532.65,6621.51,6527.39,49.71M,0.018062247052590408
2010-11-19,6590.84,6633.4,6639.0,6559.74,51.81M,-0.0034125512793927726
2010-11-22,6532.64,6616.39,6622.0,6524.68,49.36M,-0.008869656760696287
2010-11-23,6393.79,6491.19,6501.68,6393.79,68.93M,-0.021483942680283974
2010-11-24,6449.8,6423.7,6461.31,6382.1,55.98M,0.008721915767280208
2010-11-25,6502.14,6450.11,6507.33,6442.22,40.81M,0.008082230911272248
2010-11-26,6483.56,6471.42,6501.8,6418.83,52.21M,-0.002861611261467445
2010-11-29,6397.5,6512.73,6553.77,6397.5,57.09M,-0.01336245317299145
2010-11-30,6312.43,6404.16,6408.1,6308.01,102.68M,-0.013386583620723869
2010-12-01,6409.7,6334.72,6419.43,6334.72,65.69M,0.015291762534179298
2010-12-02,6483.44,6437.67,6487.95,6401.68,66.29M,0.011438765737903367
2010-12-03,6440.9,6476.18,6488.03,6416.62,51.36M,-0.006582951798446146
2010-12-06,6412.22,6439.17,6442.67,6395.85,42.49M,-0.004462737078512191
2010-12-07,6462.53,6431.35,6510.16,6431.35,51.49M,0.00781533716391003
2010-12-08,6508.13,6433.69,6526.88,6430.75,49.57M,0.007031282582042664
2010-12-09,6537.63,6553.95,6565.22,6526.19,53.96M,0.004522549898418049
2010-12-10,6519.14,6540.93,6541.41,6504.65,37.41M,-0.0028322490723198257
2010-12-13,6519.08,6538.14,6550.87,6519.06,36.03M,-9.203710321870062e-06
2010-12-14,6545.84,6525.11,6547.41,6518.27,39.86M,0.004096471684755798
2010-12-15,6560.43,6547.21,6618.44,6547.08,70.38M,0.002226416215567184
2010-12-16,6566.17,6566.52,6571.45,6535.37,51.94M,0.00087456010937359
2010-12-17,6538.16,6565.99,6569.23,6520.25,109.95M,-0.004274929379363357
2010-12-20,6521.25,6531.04,6568.62,6521.25,34.55M,-0.0025897049638032854
2010-12-21,6558.17,6542.89,6565.46,6537.87,36.47M,0.005645525269367013
2010-12-22,6553.7,6558.36,6579.76,6542.3,36.92M,-0.0006818249682432054
2010-12-23,6599.43,6570.98,6599.55,6558.06,29.99M,0.0069535060108734115
2010-12-27,6568.21,6606.77,6606.82,6548.41,16.04M,-0.004741936824057547
2010-12-28,6569.06,6585.0,6590.62,6568.16,11.19M,0.00012940283653861684
2010-12-29,6566.65,6582.73,6588.3,6549.68,16.08M,-0.000366938677398565
2010-12-30,6436.04,6566.92,6570.72,6436.04,29.11M,-0.020090364850323894
2011-01-03,6493.88,6473.68,6508.42,6472.93,25.79M,0.008946750763074718
2011-01-04,6494.31,6502.27,6530.83,6481.6,46.65M,6.621399904993552e-05
2011-01-05,6519.25,6485.91,6519.25,6424.87,54.79M,0.0038329297338339785
2011-01-06,6532.84,6550.59,6588.23,6521.21,58.11M,0.0020824258660603334
2011-01-07,6497.64,6543.53,6559.6,6489.19,48.90M,-0.005402730463110572
2011-01-10,6446.32,6485.74,6498.05,6426.79,41.37M,-0.007929608699491553
2011-01-11,6534.84,6454.39,6542.64,6451.11,49.08M,0.013638437875705733
2011-01-12,6613.75,6555.94,6617.92,6554.36,69.35M,0.012002952009860124
2011-01-13,6562.47,6608.36,6613.2,6559.88,70.82M,-0.007783758757483383
2011-01-14,6556.09,6552.05,6561.3,6501.13,55.75M,-0.0009726678085080209
2011-01-17,6578.17,6570.14,6588.14,6553.09,48.88M,0.0033622024842046017
2011-01-18,6634.93,6593.3,6656.28,6593.2,56.32M,0.008591526461064092
2011-01-19,6559.66,6659.24,6659.87,6556.78,64.26M,-0.011409345270958937
2011-01-20,6513.5,6534.98,6543.81,6471.87,75.13M,-0.007061826189040943
2011-01-21,6567.31,6529.62,6595.71,6517.04,78.53M,0.008227365664795983
2011-01-24,6603.8,6586.42,6612.51,6547.71,48.20M,0.005540929103059256
2011-01-25,6580.33,6618.11,6623.36,6578.29,52.44M,-0.003560344867995724
2011-01-26,6592.99,6602.31,6615.93,6579.69,49.98M,0.0019220673144708655
2011-01-27,6562.36,6563.09,6585.78,6541.25,64.29M,-0.004656669012963022
2011-01-28,6528.13,6547.97,6593.23,6528.13,53.89M,-0.005229762677641858
2011-01-31,6479.15,6511.18,6514.17,6467.25,50.47M,-0.007531202758439548
2011-02-01,6555.26,6517.79,6571.59,6492.78,60.04M,0.011678451886622199
2011-02-02,6553.67,6546.6,6587.16,6512.19,54.35M,-0.0002425827291467897
2011-02-03,6544.91,6547.7,6564.28,6519.7,49.23M,-0.0013375497658518753
2011-02-04,6584.4,6571.62,6589.14,6552.91,54.01M,0.0060155665584016305
2011-02-07,6611.14,6608.71,6653.46,6598.34,48.32M,0.004052890082924421
2011-02-08,6638.66,6608.4,6638.88,6603.77,67.97M,0.0041540309398904185
2011-02-09,6631.64,6645.03,6658.19,6621.61,65.37M,-0.001058001801741426
2011-02-10,6612.06,6609.67,6618.03,6565.99,73.46M,-0.002956879764097309
2011-02-11,6665.22,6600.89,6669.98,6580.76,57.20M,0.008007707010206033
2011-02-14,6666.06,6693.69,6700.28,6662.59,67.39M,0.0001260194071548426
2011-02-15,6690.9,6667.92,6696.95,6664.97,52.30M,0.0037194134947551305
2011-02-16,6711.65,6698.65,6721.77,6684.41,54.65M,0.003096428154197639
2011-02-17,6706.47,6723.74,6736.45,6674.87,70.26M,-0.0007720903162784509
2011-02-18,6717.25,6721.56,6727.28,6687.66,150.73M,0.0016061125108901564
2011-02-21,6683.87,6716.0,6739.13,6678.28,44.71M,-0.00498168347616712
2011-02-22,6622.49,6648.62,6650.38,6607.85,56.53M,-0.009225728953355272
2011-02-23,6622.77,6594.84,6649.95,6589.86,58.23M,4.227927576216928e-05
2011-02-24,6515.97,6557.67,6562.06,6498.28,59.36M,-0.016257624757299638
2011-02-25,6537.2,6532.95,6564.96,6515.26,37.05M,0.003252852559130659
2011-02-28,6610.44,6530.1,6633.32,6523.26,51.47M,0.011141278220804907
2011-03-01,6619.36,6638.3,6667.13,6606.53,52.12M,0.0013484710806892508
2011-03-02,6592.07,6570.71,6607.37,6540.85,56.42M,-0.00413127705543026
2011-03-03,6599.21,6604.81,6626.25,6576.4,57.84M,0.00108253341559994
2011-03-04,6530.54,6619.19,6620.92,6524.26,60.33M,-0.010460309776473053
2011-03-07,6495.52,6509.38,6558.55,6482.83,46.91M,-0.005376926618316347
2011-03-08,6511.21,6522.44,6551.88,6480.33,49.13M,0.002412598341086536
2011-03-09,6446.6,6515.72,6521.69,6444.64,58.78M,-0.0099724468027933
2011-03-10,6404.62,6412.54,6440.94,6392.13,71.52M,-0.00653325510274172
2011-03-11,6353.76,6345.95,6384.2,6339.97,61.66M,-0.007972841287758214
2011-03-14,6274.47,6307.37,6341.46,6274.47,71.07M,-0.012557744352108102
2011-03-15,6101.01,6153.47,6174.67,6007.29,140.88M,-0.02803468805539211
2011-03-16,6021.55,6121.94,6144.11,6000.12,89.97M,-0.013109629981167714
2011-03-17,6073.42,6029.09,6097.38,6000.12,81.02M,0.00857717183205331
2011-03-18,6098.05,6106.17,6141.28,6082.9,137.92M,0.004047174847272572
2011-03-21,6223.91,6164.82,6227.97,6154.36,53.16M,0.02042927867520916
2011-03-22,6227.03,6232.9,6251.86,6207.93,51.73M,0.0005011669906540561
2011-03-23,6256.06,6200.64,6263.67,6199.82,41.38M,0.004651100381902751
2011-03-24,6319.23,6243.02,6322.08,6235.8,50.30M,0.010046771303331425
2011-03-25,6352.28,6346.12,6373.66,6324.04,43.51M,0.0052164382846591195
2011-03-28,6359.02,6361.82,6382.8,6347.25,38.43M,0.0010604738510853196
2011-03-29,6355.06,6371.9,6380.94,6329.65,47.04M,-0.0006229314473475966
2011-03-30,6398.42,6390.56,6413.75,6387.22,43.27M,0.006799738905391095
2011-03-31,6357.55,6401.06,6402.62,6357.55,49.88M,-0.006408001877064251
2011-04-01,6439.91,6391.76,6447.09,6383.79,52.62M,0.012871481853418132
2011-04-04,6414.6,6423.88,6432.2,6402.32,40.32M,-0.003937922597957666
2011-04-05,6430.3,6421.81,6437.85,6397.75,44.43M,0.002444551194384914
2011-04-06,6443.06,6449.8,6459.91,6423.19,46.23M,0.00198238908548376
2011-04-07,6465.57,6457.45,6507.8,6456.02,55.14M,0.003487592845457854
2011-04-08,6457.93,6488.75,6495.7,6453.45,39.67M,-0.0011823423824850465
2011-04-11,6440.11,6446.06,6461.63,6431.81,35.64M,-0.0027632122924838853
2011-04-12,6351.6,6393.41,6407.85,6341.06,48.50M,-0.013838871045924961
2011-04-13,6364.3,6371.06,6407.44,6355.28,46.03M,0.0019974998580920555
2011-04-14,6357.03,6337.86,6391.44,6337.86,51.45M,-0.0011429623775871534
2011-04-15,6400.26,6385.42,6402.13,6363.29,114.18M,0.006777327390143029
2011-04-18,6244.95,6363.75,6366.68,6220.5,72.08M,-0.024565477400088298
2011-04-19,6326.65,6267.26,6365.94,6266.24,61.77M,0.012997733017888535
2011-04-20,6444.81,6388.8,6453.88,6387.57,52.46M,0.018504285581125046
2011-04-21,6457.16,6475.53,6478.96,6444.19,49.62M,0.001914436907226147
2011-04-26,6476.59,6468.36,6498.53,6464.42,59.17M,0.0030045446396727016
2011-04-27,6472.42,6491.63,6510.27,6456.34,53.77M,-0.0006440647036569658
2011-04-28,6516.21,6502.98,6516.79,6482.06,58.50M,0.006742845998813252
2011-04-29,6539.7,6534.98,6555.69,6528.1,31.42M,0.003598374275908256
2011-05-02,6544.67,6568.46,6569.49,6539.11,39.99M,0.0007596850653150966
2011-05-03,6510.61,6519.23,6533.65,6489.67,48.77M,-0.005217824095009149
2011-05-04,6470.35,6503.53,6547.43,6461.37,59.22M,-0.006202950951070818
2011-05-05,6450.03,6481.18,6485.06,6396.84,56.76M,-0.003145420916920827
2011-05-06,6526.51,6465.53,6545.29,6449.13,51.99M,0.01178756210069487
2011-05-09,6476.89,6506.44,6526.91,6464.46,42.83M,-0.007631887175007179
2011-05-10,6526.16,6495.11,6549.41,6481.92,50.02M,0.0075782583005938875
2011-05-11,6562.82,6549.27,6575.64,6537.83,45.79M,0.005601673447744204
2011-05-12,6562.59,6516.83,6562.59,6510.39,57.12M,-3.5046524265780477e-05
2011-05-13,6563.26,6592.6,6602.1,6562.91,53.07M,0.00010208862673088959
2011-05-16,6564.15,6546.7,6578.61,6510.65,47.04M,0.00013559415015684806
2011-05-17,6496.56,6555.79,6560.55,6486.57,54.35M,-0.010350218845976755
2011-05-18,6535.24,6535.79,6541.89,6514.62,38.31M,0.005936265686672826
2011-05-19,6557.95,6562.75,6577.33,6506.42,53.38M,0.003468982390698372
2011-05-20,6530.61,6591.33,6604.55,6517.28,76.95M,-0.004177700184611055
2011-05-23,6437.82,6472.3,6482.56,6430.72,49.52M,-0.01431038044080779
2011-05-24,6454.29,6438.82,6466.51,6437.6,45.78M,0.002555052502668076
2011-05-25,6464.55,6426.2,6478.53,6417.02,47.20M,0.001588378237848076
2011-05-26,6469.16,6487.68,6492.06,6449.76,53.12M,0.0007128658668271726
2011-05-27,6489.32,6511.21,6521.73,6479.35,47.12M,0.003111478547573654
2011-05-30,6470.8,6484.73,6500.91,6469.14,17.96M,-0.0028580001737950056
2011-05-31,6554.71,6532.25,6575.8,6521.32,66.71M,0.012884126726222078
2011-06-01,6496.47,6566.24,6567.32,6480.52,51.15M,-0.008924922740792596
2011-06-03,6407.39,6416.85,6449.03,6386.98,51.86M,-0.013806940732077777
2011-06-06,6370.06,6386.71,6409.62,6353.26,36.40M,-0.005843123034765085
2011-06-07,6330.65,6352.89,6377.86,6324.44,43.70M,-0.006205972183698449
2011-06-08,6256.86,6308.65,6314.79,6256.77,55.32M,-0.011724454682452645
2011-06-09,6271.01,6248.64,6295.72,6239.64,54.95M,0.0022589643757786604
2011-06-10,6197.25,6253.85,6272.47,6179.11,52.21M,-0.011831780934349112
2011-06-14,6255.68,6222.76,6269.78,6213.78,49.56M,0.009384205772350995
2011-06-15,6198.17,6249.41,6260.81,6198.17,52.28M,-0.009235763847561529
2011-06-16,6157.67,6152.23,6164.17,6113.43,67.00M,-0.006555627953220622
2011-06-17,6145.16,6123.83,6181.96,6100.63,90.30M,-0.002033679131001165
2011-06-20,6113.7,6073.06,6126.87,6070.37,44.84M,-0.005132625556495185
2011-06-21,6171.01,6128.0,6172.1,6121.63,46.78M,0.009330365269182295
2011-06-22,6113.44,6171.56,6171.7,6112.66,42.19M,-0.0093728936118751
2011-06-23,5991.09,6087.14,6107.81,5961.97,70.12M,-0.020216260685893772
2011-06-24,5998.02,6043.58,6060.82,5975.67,50.42M,0.0011560492433204672
2011-06-27,5990.82,5972.89,6013.58,5969.66,35.95M,-0.0012011171832480017
2011-06-28,6002.4,6002.07,6044.98,5983.64,56.48M,0.0019310916665578048
2011-06-29,6101.55,6042.49,6106.45,6030.46,52.84M,0.016383448013018054
2011-06-30,6187.07,6113.18,6199.84,6089.04,57.01M,0.013918793268027585
2011-07-01,6237.81,6194.16,6253.81,6189.1,47.04M,0.008167528711032546
2011-07-04,6245.78,6238.21,6249.8,6222.58,26.43M,0.00127687645666974
2011-07-05,6243.01,6248.64,6262.05,6225.35,31.94M,-0.00044359782579661555
2011-07-06,6179.35,6230.05,6240.47,6168.55,46.87M,-0.010249349927855533
2011-07-07,6211.11,6204.85,6250.0,6168.78,42.43M,0.005126535989463221
2011-07-08,6152.69,6227.39,6248.49,6147.85,56.56M,-0.009450239372315039
2011-07-11,6053.0,6135.63,6138.84,6024.11,57.32M,-0.01633536765207566
2011-07-12,6014.84,5964.5,6036.4,5898.68,80.68M,-0.006324268002950717
2011-07-13,6025.23,5996.89,6048.37,5992.79,54.86M,0.0017259040153589922
2011-07-14,5980.97,5966.24,6014.03,5960.78,43.28M,-0.0073728907557502055
2011-07-15,5938.06,5939.54,5968.95,5908.47,65.37M,-0.0072002814634295476
2011-07-18,5826.26,5891.53,5915.0,5813.05,63.40M,-0.01900719562956077
2011-07-19,5896.55,5857.18,5923.59,5856.56,67.04M,0.011992149045264355
2011-07-20,5966.54,5941.13,5967.49,5912.7,52.09M,0.011799760784498403
2011-07-21,6042.06,6002.82,6066.96,5929.62,77.05M,0.012577818498785476
2011-07-22,6031.93,6081.78,6098.08,6010.02,56.30M,-0.0016779875379828724
2011-07-25,6017.49,6000.66,6035.81,5987.84,47.12M,-0.0023967970097675817
2011-07-26,5990.18,6027.88,6050.54,5962.84,53.17M,-0.004548767094680883
2011-07-27,5904.47,5956.06,5984.95,5887.43,60.72M,-0.014411770583565797
2011-07-28,5871.41,5838.02,5892.62,5825.99,64.57M,-0.005614881750927836
2011-07-29,5783.35,5792.13,5820.07,5723.17,80.22M,-0.015111709859855438
2011-08-02,5546.94,5658.23,5691.29,5535.65,105.92M,-0.041736675208042584
2011-08-03,5483.15,5482.1,5616.75,5444.05,107.58M,-0.011566671023079067
2011-08-04,5285.25,5559.72,5578.25,5285.25,113.79M,-0.03675983144075978
2011-08-05,5172.06,5082.33,5309.42,5075.1,139.74M,-0.021648860122709834
2011-08-08,4967.99,5118.75,5263.2,4967.99,112.23M,-0.04025573002369143
2011-08-09,4997.92,4957.69,5080.6,4695.31,152.27M,0.006006494135391449
2011-08-10,4791.96,5104.84,5112.36,4788.22,143.73M,-0.04208231234919424
2011-08-11,5032.75,4926.05,5048.08,4709.71,140.79M,0.04902704086389953
2011-08-12,5252.81,5036.42,5304.47,4944.42,108.05M,0.042796617113152635
2011-08-15,5324.73,5361.16,5385.05,5285.85,60.35M,0.013598834574681362
2011-08-16,5373.3,5291.3,5373.3,5243.12,58.30M,0.009080238832551046
2011-08-17,5421.21,5347.1,5471.14,5284.98,62.76M,0.008876792850886162
2011-08-18,5196.0,5359.45,5396.97,5128.79,84.75M,-0.04242993895971914
2011-08-19,5093.75,5162.5,5174.91,4955.74,104.67M,-0.01987480080131654
2011-08-22,5144.02,5058.46,5255.93,5056.53,61.10M,0.009820576945607229
2011-08-23,5230.58,5220.28,5266.52,5166.3,59.06M,0.016687295636954147
2011-08-24,5328.49,5258.66,5369.23,5210.1,57.51M,0.018545725386754697
2011-08-25,5298.18,5376.38,5401.62,5260.71,60.34M,-0.005704530618675818
2011-08-26,5323.12,5287.73,5353.32,5168.32,58.86M,0.0046962322572152715
2011-08-29,5446.47,5410.46,5475.45,5391.1,39.09M,0.022908094785817568
2011-08-30,5449.16,5469.15,5485.42,5418.24,57.28M,0.0004937759550678322
2011-08-31,5528.52,5479.0,5541.18,5449.23,66.71M,0.014458680255797773
2011-09-01,5531.54,5532.94,5572.61,5460.07,57.98M,0.0005461091666862927
2011-09-02,5359.67,5447.78,5460.67,5316.6,59.72M,-0.03156385175506493
2011-09-05,5142.99,5244.77,5249.5,5128.78,67.49M,-0.041267783622741305
2011-09-06,5367.24,5151.7,5414.97,5151.61,99.40M,0.04267918751382638
2011-09-07,5501.26,5480.87,5501.26,5420.98,65.00M,0.02466334699592032
2011-09-08,5528.91,5495.11,5562.94,5455.88,56.38M,0.005013532505188323
2011-09-09,5430.77,5520.11,5536.61,5430.77,58.01M,-0.01790976073468009
2011-09-12,5303.14,5333.71,5348.5,5246.03,68.97M,-0.02378183072333684
2011-09-13,5359.14,5367.01,5388.46,5280.24,79.03M,0.01050441649102396
2011-09-14,5417.89,5322.66,5429.37,5321.38,77.20M,0.010902926313683281
2011-09-15,5433.48,5425.91,5493.26,5403.83,144.98M,0.0028733718832292254
2011-09-16,5452.88,5462.04,5500.94,5449.2,218.38M,0.003564096821374818
2011-09-19,5360.56,5400.48,5425.42,5347.48,65.87M,-0.017075462229438898
2011-09-20,5471.4,5336.33,5473.7,5330.31,53.84M,0.02046607794829214
2011-09-21,5475.34,5470.94,5516.59,5447.47,52.44M,0.0007198490454953799
2011-09-22,5288.48,5372.99,5404.56,5269.51,78.78M,-0.03472350424289061
2011-09-23,5298.83,5337.82,5338.43,5135.45,79.87M,0.001955171483043472
2011-09-26,5401.01,5246.71,5455.34,5246.19,80.84M,0.01909993164683499
2011-09-27,5564.62,5496.14,5575.07,5487.27,71.67M,0.029842725360694544
2011-09-28,5551.65,5521.32,5619.75,5515.78,59.43M,-0.0023335176071590524
2011-09-29,5608.6,5526.03,5637.01,5521.69,66.13M,0.010205953151974256
2011-09-30,5531.74,5580.04,5580.77,5488.16,66.43M,-0.013798720602453685
2011-10-03,5495.69,5460.63,5526.2,5426.82,57.43M,-0.0065382647497642665
2011-10-04,5444.55,5443.83,5458.83,5361.9,78.98M,-0.009349040329743374
2011-10-05,5504.99,5522.03,5532.05,5462.25,61.07M,0.011039845300997442
2011-10-06,5640.07,5550.29,5640.07,5545.29,62.56M,0.02424152313789918
2011-10-07,5652.23,5631.93,5685.26,5590.73,60.64M,0.0021536807736559638
2011-10-10,5718.56,5689.28,5729.59,5655.92,40.66M,0.011666867891925392
2011-10-11,5732.19,5707.64,5743.95,5674.41,41.03M,0.0023806312140663977
2011-10-12,5781.13,5723.12,5789.86,5705.24,60.20M,0.008501508646304501
2011-10-13,5713.17,5756.62,5775.75,5694.87,62.68M,-0.011825129311556992
2011-10-14,5761.12,5734.13,5804.94,5708.99,45.16M,0.008357864255511771
2011-10-17,5723.41,5790.33,5816.27,5704.94,44.15M,-0.006567118641623182
2011-10-18,5682.51,5685.55,5700.93,5648.62,49.86M,-0.007171745076911762
2011-10-19,5699.98,5716.14,5734.2,5686.64,42.49M,0.003069629530580542
2011-10-20,5657.66,5665.29,5722.17,5650.04,57.53M,-0.0074522868939013165
2011-10-21,5753.52,5687.48,5759.93,5644.8,65.36M,0.016801462251772037
2011-10-24,5788.63,5771.64,5804.24,5746.73,41.16M,0.0060838073137094995
2011-10-25,5708.79,5769.72,5798.17,5687.81,60.20M,-0.013888556453649059
2011-10-26,5700.5,5686.26,5735.42,5662.43,45.65M,-0.0014532019887116832
2011-10-27,5823.0,5815.31,5857.12,5781.08,94.89M,0.021261702563345253
2011-10-28,5852.66,5830.46,5862.04,5822.14,54.91M,0.005080665898375969
2011-10-31,5731.27,5814.99,5832.06,5731.27,57.68M,-0.020959112096678112
2011-11-01,5588.57,5618.58,5646.85,5522.18,84.62M,-0.025213706169132877
2011-11-02,5611.05,5618.88,5643.86,5566.06,50.56M,0.004014427309130042
2011-11-03,5668.05,5547.07,5678.11,5546.31,66.65M,0.010107275446623376
2011-11-04,5659.83,5688.52,5711.29,5626.62,50.01M,-0.0014512868149694214
2011-11-07,5645.96,5630.32,5674.46,5603.66,43.92M,-0.002453611283838697
2011-11-08,5682.65,5661.88,5725.11,5658.23,45.01M,0.0064774280840573795
2011-11-09,5607.85,5726.57,5730.25,5584.28,59.92M,-0.013250271357549082
2011-11-10,5565.78,5544.97,5628.6,5537.16,51.76M,-0.007530265240163203
2011-11-11,5649.03,5588.78,5662.1,5568.96,38.78M,0.014846712372641235
2011-11-14,5661.71,5675.52,5682.61,5618.52,36.53M,0.00224211772385452
2011-11-15,5664.91,5638.28,5699.06,5593.83,54.35M,0.00056504060083995
2011-11-16,5685.8,5643.64,5717.75,5637.34,43.56M,0.0036808311701559404
2011-11-17,5644.62,5661.91,5677.06,5615.27,50.96M,-0.007268959371577566
2011-11-18,5614.61,5620.25,5660.12,5611.61,56.87M,-0.005330750160691622
2011-11-21,5477.26,5577.54,5589.53,5466.09,55.59M,-0.024767153047818624
2011-11-22,5447.66,5500.09,5519.79,5443.17,52.79M,-0.005418817241706009
2011-11-23,5386.14,5407.78,5455.06,5386.14,49.74M,-0.011357171308944203
2011-11-24,5356.96,5398.1,5414.05,5322.72,41.76M,-0.005432337362428541
2011-11-25,5395.61,5341.91,5436.43,5307.76,39.90M,0.007189009968504578
2011-11-28,5522.66,5434.99,5530.74,5428.75,48.07M,0.023273968304470927
2011-11-29,5531.24,5511.98,5552.45,5485.4,44.71M,0.0015523935847241432
2011-11-30,5652.31,5485.82,5652.7,5485.28,95.39M,0.021652289296802962
2011-12-01,5681.57,5665.41,5734.85,5640.29,51.24M,0.005163291830319494
2011-12-02,5718.85,5745.46,5766.45,5697.28,59.38M,0.006540133237622925
2011-12-05,5739.86,5738.57,5756.05,5713.19,40.56M,0.003667083562516993
2011-12-06,5767.93,5704.08,5790.0,5703.94,45.82M,0.004878444196551257
2011-12-07,5766.24,5795.2,5799.99,5726.68,46.76M,-0.0002930423276392702
2011-12-08,5737.82,5809.62,5812.16,5725.46,61.26M,-0.004940874407173723
2011-12-09,5793.57,5694.29,5795.07,5691.67,47.12M,0.009669334636379645
2011-12-12,5747.09,5785.48,5805.92,5745.74,43.31M,-0.008055042140732382
2011-12-13,5759.72,5757.73,5779.07,5724.86,46.58M,0.002195222667619845
2011-12-14,5719.09,5731.06,5761.35,5707.42,42.76M,-0.00707916058881608
2011-12-15,5784.14,5730.79,5796.35,5723.54,53.17M,0.011309987439847902
2011-12-16,5733.5,5818.0,5820.59,5715.7,100.21M,-0.00879352476994022
2011-12-19,5767.98,5704.13,5789.19,5696.18,39.25M,0.005995768074033236
2011-12-20,5804.31,5754.37,5805.5,5736.66,41.91M,0.006278812465732031
2011-12-21,5804.77,5827.26,5844.25,5787.65,38.97M,7.924831256822529e-05
2011-12-22,5837.06,5827.72,5848.17,5814.55,36.33M,0.005547252073307973
2011-12-23,5893.89,5865.33,5894.56,5853.14,20.74M,0.009688975672315081
2011-12-27,5886.91,5917.01,5917.01,5867.67,11.17M,-0.001184979087456739
2011-12-28,5895.25,5900.54,5922.65,5881.21,22.46M,0.001415699904418588
2011-12-29,5896.6,5899.87,5906.51,5875.16,17.62M,0.00022897170603286554
2011-12-30,5936.23,5920.89,5938.63,5914.56,20.18M,0.006698338128002135
2012-01-03,6050.93,6020.63,6053.17,5998.11,48.74M,0.019137727492282153
2012-01-04,6058.08,6055.28,6071.17,6027.54,41.44M,0.0011809389588357533
2012-01-05,6026.57,6066.33,6072.88,6004.93,46.88M,-0.005214891852022063
2012-01-06,6013.83,6035.71,6053.98,5999.16,38.83M,-0.002116209553586046
2012-01-09,5987.54,6020.34,6026.82,5986.3,46.11M,-0.004381173491415424
2012-01-10,6050.78,6029.44,6054.67,6005.66,43.57M,0.010506546053120402
2012-01-11,6008.04,6048.42,6058.64,5991.08,39.98M,-0.007088617123105934
2012-01-12,6018.07,6030.18,6058.07,6004.86,40.07M,0.0016680376822719722
2012-01-13,5996.34,6022.5,6042.01,5962.23,37.24M,-0.003617326809196797
2012-01-16,6031.24,5976.09,6031.24,5973.13,30.27M,0.0058033449703369655
2012-01-17,6056.17,6060.45,6072.8,6040.21,45.48M,0.004124959002671957
2012-01-18,6116.23,6052.35,6119.71,6022.7,45.49M,0.009868306562962559
2012-01-19,6194.45,6135.29,6194.59,6128.36,77.20M,0.012707836226262259
2012-01-20,6122.67,6204.89,6213.32,6121.67,66.76M,-0.011655453970607965
2012-01-23,6127.67,6112.76,6149.4,6106.03,49.72M,0.0008163039193433974
2012-01-24,6135.1,6101.92,6135.1,6075.86,51.12M,0.0012117981352037788
2012-01-25,6073.36,6114.57,6117.65,6032.79,49.71M,-0.01011438401510567
2012-01-26,6100.43,6096.5,6102.82,6061.29,50.48M,0.004447266564687524
2012-01-27,6033.52,6083.19,6104.4,6029.0,41.32M,-0.01102867214653358
2012-01-30,5970.74,5985.74,6015.93,5965.2,37.69M,-0.010459715529792746
2012-01-31,5970.49,5996.14,6011.4,5964.77,41.24M,-4.187173348846329e-05
2012-02-01,6069.91,5984.11,6077.4,5979.22,55.10M,0.01651477685506464
2012-02-02,6064.41,6083.36,6085.11,6038.53,51.60M,-0.0009065197516875401
2012-02-03,6153.31,6062.44,6158.11,6046.99,55.58M,0.01455289022506534
2012-02-06,6147.03,6126.54,6150.8,6103.77,40.33M,-0.0010211100743013901
2012-02-07,6157.59,6143.4,6158.5,6114.68,51.76M,0.001716428884856569
2012-02-08,6155.86,6176.6,6190.64,6155.41,40.07M,-0.0002809935495555749
2012-02-09,6169.63,6148.52,6189.83,6138.14,51.69M,0.002234394856337474
2012-02-10,6130.66,6152.59,6159.52,6101.42,47.28M,-0.006336457171217447
2012-02-13,6177.44,6159.69,6181.8,6146.84,31.45M,0.007601534803661991
2012-02-14,6163.82,6156.16,6186.36,6144.78,42.61M,-0.0022072309520382305
2012-02-15,6198.34,6186.23,6205.49,6182.14,41.30M,0.005584799051804978
2012-02-16,6217.28,6156.3,6219.31,6150.76,63.24M,0.0030509978063211207
2012-02-17,6237.69,6257.77,6260.65,6218.62,151.49M,0.003277409462944192
2012-02-20,6242.99,6256.75,6268.56,6226.54,36.81M,0.0008493127487589902
2012-02-21,6237.82,6245.7,6247.37,6208.3,44.40M,-0.0008284719174014299
2012-02-22,6192.42,6228.69,6232.39,6171.26,45.63M,-0.007304798922437072
2012-02-23,6200.97,6185.93,6218.46,6166.91,40.99M,0.0013797679821951903
2012-02-24,6184.13,6206.87,6217.31,6162.71,40.47M,-0.002719398370270909
2012-02-27,6143.92,6133.23,6144.06,6090.04,40.03M,-0.006523358129134849
2012-02-28,6125.09,6151.08,6169.71,6101.42,40.35M,-0.003069524726878825
2012-02-29,6109.93,6134.4,6157.25,6108.47,44.82M,-0.002478133710988928
2012-03-01,6128.28,6101.2,6138.59,6098.13,51.87M,0.002998806811053356
2012-03-02,6149.37,6130.82,6159.49,6114.42,44.26M,0.0034355142463500243
2012-03-05,6153.91,6143.04,6169.03,6120.26,36.03M,0.0007380146117235142
2012-03-06,6047.53,6128.75,6136.61,6047.1,52.65M,-0.017437727941210568
2012-03-07,6102.54,6043.75,6104.83,6041.22,43.78M,0.009055153736882815
2012-03-08,6153.93,6095.02,6155.76,6088.89,48.87M,0.008385824165328515
2012-03-09,6188.51,6158.24,6205.9,6151.4,43.04M,0.005603444777568356
2012-03-12,6189.86,6164.45,6210.54,6161.65,40.22M,0.0002181224192447928
2012-03-13,6260.02,6213.66,6266.7,6203.94,46.32M,0.011270910678742752
2012-03-14,6300.43,6286.47,6323.3,6281.14,60.42M,0.0064345050414633675
2012-03-15,6332.22,6303.22,6332.22,6297.19,40.22M,0.005033000535320298
2012-03-16,6341.33,6340.81,6357.45,6326.62,140.62M,0.0014376400565048186
2012-03-19,6326.56,6333.79,6346.79,6313.59,39.62M,-0.0023318811093027136
2012-03-20,6296.16,6320.66,6323.75,6283.86,33.53M,-0.004816720766259053
2012-03-21,6290.0,6311.19,6327.85,6280.26,35.67M,-0.0009788530404595264
2012-03-22,6249.56,6274.39,6284.46,6234.22,42.98M,-0.006450009442234617
2012-03-23,6240.33,6255.02,6264.95,6207.45,33.01M,-0.0014779956717347886
2012-03-26,6283.26,6253.2,6289.74,6244.13,34.72M,0.006855888471889671
2012-03-27,6269.38,6298.92,6312.86,6253.67,44.99M,-0.0022114878873100707
2012-03-28,6250.43,6253.57,6278.76,6242.52,34.68M,-0.003027204801259842
2012-03-29,6176.26,6236.02,6247.24,6165.19,43.00M,-0.011937351099742699
2012-03-30,6235.51,6202.71,6235.51,6173.53,42.04M,0.00954746181605337
2012-04-02,6299.38,6233.56,6299.38,6208.94,42.24M,0.010190843758216772
2012-04-03,6258.66,6286.68,6298.56,6258.27,35.57M,-0.00648511116578554
2012-04-04,6166.79,6246.91,6259.26,6154.71,50.31M,-0.014787661474269242
2012-04-05,6163.49,6183.63,6196.12,6126.05,39.33M,-0.0005352676628245234
2012-04-10,6061.43,6109.74,6125.99,6061.43,56.98M,-0.016697429712154488
2012-04-11,6059.82,6052.09,6077.31,6039.23,49.96M,-0.0002656491714088105
2012-04-12,6125.39,6071.08,6130.19,6054.2,48.09M,0.010762331203325814
2012-04-13,6072.12,6112.27,6121.51,6052.98,46.26M,-0.008734625129214635
2012-04-16,6124.91,6063.94,6136.01,6057.26,43.17M,0.008656259701387725
2012-04-17,6200.27,6110.25,6200.5,6109.53,47.17M,0.012228777044656525
2012-04-18,6173.35,6198.18,6202.98,6150.81,40.18M,-0.004351199159643215
2012-04-19,6203.78,6200.99,6225.09,6188.31,51.41M,0.00491714336233251
2012-04-20,6237.79,6206.96,6237.79,6190.79,73.36M,0.005467169290215068
2012-04-23,6114.83,6177.62,6180.44,6092.75,59.20M,-0.01990898472074676
2012-04-24,6124.84,6131.76,6141.19,6086.61,47.41M,0.0016356653785170039
2012-04-25,6150.57,6123.22,6150.85,6118.23,70.93M,0.004192126809844154
2012-04-26,6122.41,6140.52,6158.38,6092.41,60.98M,-0.00458895059181863
2012-04-27,6116.36,6097.3,6131.63,6090.45,54.43M,-0.0009886615228147377
2012-04-30,6096.34,6132.83,6133.78,6096.34,49.41M,-0.0032785572285920495
2012-05-02,6108.77,6161.99,6171.97,6102.79,67.87M,0.0020368524818596967
2012-05-03,6097.68,6124.63,6149.36,6086.82,55.15M,-0.0018170726216659716
2012-05-04,6056.79,6090.68,6117.59,6044.86,52.70M,-0.0067284141986814205
2012-05-07,6040.18,5984.78,6040.37,5984.75,40.78M,-0.0027461439415681355
2012-05-08,5977.8,6026.77,6032.15,5967.59,51.04M,-0.010381205530448412
2012-05-09,5936.13,5977.7,5979.26,5893.11,62.60M,-0.006995201401915452
2012-05-10,5926.6,5950.13,5950.13,5889.51,58.39M,-0.0016067131343557861
2012-05-11,5954.88,5889.62,5955.86,5882.03,53.09M,0.004760358710267809
2012-05-14,5875.66,5908.27,5911.98,5858.22,49.06M,-0.0133926573246832
2012-05-15,5865.16,5885.11,5901.18,5848.18,45.20M,-0.001788631935299989
2012-05-16,5872.73,5850.44,5900.65,5845.06,60.66M,0.0012898401756213929
2012-05-18,5797.76,5769.22,5839.36,5766.42,86.17M,-0.012847966327631966
2012-05-21,5814.59,5785.97,5836.82,5767.05,42.27M,0.002898640117454221
2012-05-22,5910.2,5844.45,5911.86,5835.4,51.90M,0.016309395616776357
2012-05-23,5817.91,5871.61,5906.22,5817.02,47.66M,-0.015738581073016178
2012-05-24,5852.44,5849.4,5877.29,5808.83,45.26M,0.005917577581383782
2012-05-25,5865.19,5863.3,5899.74,5841.25,41.19M,0.0021762088463059825
2012-05-29,5914.73,5905.49,5929.72,5879.83,37.23M,0.008410972579842024
2012-05-30,5902.82,5898.29,5944.44,5887.39,48.82M,-0.0020156469035210733
2012-05-31,5850.18,5912.28,5921.85,5832.37,60.04M,-0.00895777282278587
2012-06-01,5777.47,5866.2,5866.2,5752.37,57.71M,-0.012506559405588646
2012-06-04,5713.34,5749.58,5755.07,5713.34,29.98M,-0.011162079233594469
2012-06-05,5714.57,5734.22,5745.74,5712.13,27.25M,0.00021526245914493813
2012-06-06,5822.63,5742.12,5822.63,5733.49,45.16M,0.01873299588502597
2012-06-07,5869.21,5830.57,5887.52,5814.89,51.53M,0.007967992453282946
2012-06-08,5869.32,5844.58,5878.02,5830.34,34.53M,1.8741699344460017e-05
2012-06-11,5871.35,5948.94,5956.17,5869.89,44.13M,0.0003458065034163127
2012-06-12,5919.88,5877.05,5929.43,5872.02,47.75M,0.008231588057997286
2012-06-13,5944.69,5926.71,5945.1,5901.42,68.66M,0.004182205703587627
2012-06-14,5908.51,5947.76,5952.49,5882.78,78.58M,-0.006104699551345405
2012-06-15,5911.82,5903.68,5927.2,5903.61,141.20M,0.0005600520605621995
2012-06-18,5938.76,5951.82,5961.29,5918.66,40.56M,0.004546620740603302
2012-06-19,6034.13,5928.25,6039.14,5924.43,43.84M,0.015931327711889764
2012-06-20,6017.91,6030.23,6041.71,5994.44,34.84M,-0.002691662124068017
2012-06-21,6012.19,6011.34,6039.51,6004.75,35.22M,-0.0009509481103329165
2012-06-22,5989.33,5977.77,6011.76,5970.82,29.30M,-0.0038095220682414777
2012-06-25,5944.48,5974.54,5976.41,5913.36,39.80M,-0.0075164949265893455
2012-06-26,5957.72,5938.66,5964.89,5918.23,38.68M,0.0022247996943765003
2012-06-27,5996.53,5975.97,6005.36,5960.39,42.28M,0.006493111044852284
2012-06-28,5986.85,6005.02,6009.89,5954.66,43.29M,-0.0016155712504257735
2012-06-29,6066.86,6062.58,6074.37,6028.62,48.75M,0.01327577569366234
2012-07-02,6109.41,6082.81,6114.01,6078.73,34.32M,0.0069890324708090645
2012-07-03,6194.08,6135.88,6194.08,6133.81,38.29M,0.013763791682960047
2012-07-04,6201.31,6190.74,6203.6,6171.35,24.20M,0.0011665628624708546
2012-07-05,6202.32,6207.37,6236.72,6182.3,38.34M,0.00016285555151718256
2012-07-06,6183.67,6199.33,6222.74,6179.13,33.37M,-0.003011469264007971
2012-07-09,6160.78,6184.54,6190.48,6155.42,33.61M,-0.0037085534364909023
2012-07-10,6191.2,6172.54,6207.25,6154.35,33.51M,0.004925536068123293
2012-07-11,6174.75,6168.92,6194.2,6158.63,28.72M,-0.002660533109603236
2012-07-12,6147.57,6153.81,6170.87,6117.79,31.08M,-0.004411514078547896
2012-07-13,6181.81,6162.73,6186.63,6151.06,26.95M,0.005554227061487893
2012-07-16,6195.61,6182.46,6203.03,6175.22,24.41M,0.0022298678913941217
2012-07-17,6202.34,6208.35,6227.36,6190.92,31.16M,0.0010856634622715688
2012-07-18,6265.5,6227.31,6265.91,6216.74,65.24M,0.010131753422088607
2012-07-19,6323.64,6288.47,6334.71,6287.2,61.35M,0.009236598107470684
2012-07-20,6284.81,6329.78,6336.3,6274.16,67.82M,-0.006159380853455687
2012-07-23,6180.44,6247.38,6260.74,6171.99,61.86M,-0.016746144531030183
2012-07-24,6174.89,6205.39,6211.7,6165.89,42.55M,-0.0008983977559964273
2012-07-25,6180.77,6168.65,6199.41,6166.45,50.84M,0.0009517905872922228
2012-07-26,6277.74,6197.28,6295.56,6189.62,90.57M,0.015567183921470829
2012-07-27,6362.82,6291.73,6365.87,6270.9,63.41M,0.013461632208432661
2012-07-30,6402.38,6375.79,6417.91,6372.63,44.53M,0.006198120929868267
2012-07-31,6399.27,6399.37,6417.2,6382.35,55.17M,-0.0004858748772509358
2012-08-02,6407.3,6429.52,6486.52,6400.85,69.12M,0.0012540439871635556
2012-08-03,6461.54,6420.08,6469.19,6415.59,42.52M,0.008429714129817967
2012-08-06,6463.01,6457.39,6486.22,6427.62,38.63M,0.00022747407164480649
2012-08-07,6457.85,6447.34,6477.52,6428.04,34.09M,-0.0007987084875633599
2012-08-08,6458.0,6460.41,6469.27,6426.64,32.94M,2.3227275015358373e-05
2012-08-09,6505.29,6478.02,6524.55,6475.99,37.20M,0.007296019726146241
2012-08-10,6483.44,6484.26,6496.66,6467.89,31.79M,-0.00336445835906396
2012-08-13,6466.18,6471.33,6493.67,6455.78,22.98M,-0.0026657168659571795
2012-08-14,6505.98,6487.98,6509.71,6479.41,26.59M,0.00613623712376743
2012-08-15,6511.87,6499.63,6539.82,6496.39,24.25M,0.0009049113950343468
2012-08-16,6518.43,6520.04,6528.71,6469.12,34.08M,0.0010068840401551427
2012-08-17,6529.34,6553.82,6554.12,6519.69,46.00M,0.0016723168085608364
2012-08-20,6506.25,6526.88,6532.55,6498.21,27.42M,-0.0035426128235833687
2012-08-21,6518.32,6512.3,6534.0,6496.45,39.95M,0.0018534206434761558
2012-08-22,6475.47,6487.67,6497.26,6467.56,43.97M,-0.0065954822007299185
2012-08-23,6453.91,6502.39,6513.39,6435.57,39.76M,-0.003335043131757587
2012-08-24,6475.94,6451.86,6483.68,6443.11,28.27M,0.003407622101954999
2012-08-27,6491.28,6481.26,6493.38,6452.44,20.17M,0.0023659669776332493
2012-08-28,6421.42,6473.2,6473.2,6420.91,29.95M,-0.01082046072675702
2012-08-29,6421.96,6424.95,6437.08,6414.81,24.81M,8.409001373799185e-05
2012-08-30,6378.29,6406.67,6413.42,6368.72,31.89M,-0.006823330705511665
2012-08-31,6388.01,6370.52,6432.93,6355.96,44.44M,0.001522759433543186
2012-09-03,6437.66,6376.55,6438.93,6375.69,20.37M,0.007742324263190881
2012-09-04,6362.82,6438.75,6439.17,6355.83,29.28M,-0.01169344474253542
2012-09-05,6425.2,6370.18,6435.63,6362.36,40.32M,0.009756083394087511
2012-09-06,6527.87,6442.95,6532.59,6442.95,54.64M,0.015852944546354664
2012-09-07,6537.32,6540.45,6561.56,6523.61,70.31M,0.0014465923033561978
2012-09-10,6507.87,6533.22,6547.77,6505.9,39.61M,-0.004515081808779797
2012-09-11,6503.3,6476.89,6505.62,6470.43,39.15M,-0.0007024733652585269
2012-09-12,6489.8,6497.33,6531.94,6478.17,60.19M,-0.0020780267769779925
2012-09-13,6513.22,6488.37,6520.21,6478.01,39.99M,0.003602243990263432
2012-09-14,6559.16,6574.15,6581.04,6543.74,69.93M,0.007028588386132739
2012-09-17,6552.32,6537.63,6576.24,6537.6,40.88M,-0.001043360569592977
2012-09-18,6537.1,6531.06,6549.47,6521.13,44.32M,-0.0023255433562887617
2012-09-19,6570.72,6551.24,6570.72,6536.94,37.50M,0.005129773482490663
2012-09-20,6556.49,6539.03,6567.06,6530.75,39.97M,-0.002168016748992585
2012-09-21,6605.82,6596.99,6607.07,6567.34,88.78M,0.007495679856781123
2012-09-24,6597.22,6600.24,6610.67,6573.09,33.40M,-0.0013027304645394366
2012-09-25,6613.45,6598.87,6620.1,6582.0,30.96M,0.002457105985623542
2012-09-26,6540.41,6584.13,6585.08,6529.26,43.83M,-0.011105599526448628
2012-09-27,6545.91,6561.29,6571.98,6541.95,35.12M,0.0008405724946118909
2012-09-28,6495.88,6570.29,6570.29,6495.88,45.10M,-0.007672297347863122
2012-10-01,6610.91,6501.4,6610.99,6501.4,34.48M,0.017553184802247657
2012-10-02,6613.54,6583.05,6638.12,6576.5,35.76M,0.0003977481157502183
2012-10-03,6604.44,6598.36,6615.03,6589.61,31.39M,-0.0013769125747966626
2012-10-04,6631.35,6625.2,6636.26,6599.55,34.08M,0.004066253254004337
2012-10-05,6674.82,6652.21,6680.48,6629.31,32.83M,0.006533834251028381
2012-10-08,6655.77,6640.81,6665.86,6631.99,25.96M,-0.0028580899971828444
2012-10-09,6649.1,6684.34,6688.55,6649.1,29.85M,-0.001002640470559868
2012-10-10,6629.04,6647.52,6650.55,6624.59,26.45M,-0.003021509829165936
2012-10-11,6654.02,6610.92,6671.43,6608.93,40.25M,0.0037611859689459237
2012-10-12,6655.2,6643.53,6673.37,6632.11,35.28M,0.00017732068492293251
2012-10-15,6704.21,6668.32,6709.13,6667.12,28.92M,0.007337183283974369
2012-10-16,6774.02,6730.34,6777.77,6723.34,44.16M,0.01035901958501384
2012-10-17,6786.4,6758.55,6789.75,6754.44,39.64M,0.001825902654857714
2012-10-18,6781.72,6748.23,6789.76,6742.21,50.33M,-0.000689852416634551
2012-10-19,6756.14,6779.08,6797.74,6754.99,43.00M,-0.0037790360430030034
2012-10-22,6746.71,6755.55,6775.65,6738.02,27.24M,-0.0013967423963201497
2012-10-23,6626.79,6745.22,6745.22,6615.26,48.66M,-0.017934454598286464
2012-10-24,6627.41,6628.37,6640.66,6598.52,41.86M,9.355525047993751e-05
2012-10-25,6606.57,6611.81,6644.64,6604.21,41.63M,-0.0031494708661021775
2012-10-26,6600.84,6596.34,6613.62,6566.63,41.68M,-0.0008676947803554214
2012-10-29,6601.42,6589.78,6606.79,6581.67,65.55M,8.786374459823776e-05
2012-10-30,6633.1,6601.68,6649.11,6600.94,80.94M,0.0047874891584900325
2012-10-31,6595.13,6624.58,6644.99,6595.13,53.55M,-0.005740768686296249
2012-11-01,6660.25,6572.82,6660.25,6572.82,49.55M,0.009825523507361211
2012-11-02,6701.37,6656.88,6704.12,6654.32,60.64M,0.006154961720843843
2012-11-05,6706.27,6686.43,6710.12,6679.79,36.58M,0.0007309265788997266
2012-11-06,6745.74,6709.09,6749.5,6701.9,43.56M,0.005868284853816519
2012-11-07,6697.63,6779.12,6803.03,6697.63,52.98M,-0.00715746206293133
2012-11-08,6713.62,6721.12,6742.36,6702.4,48.93M,0.0023845663270467554
2012-11-09,6715.2,6709.92,6724.15,6663.95,40.70M,0.00023531479419425239
2012-11-12,6696.67,6712.3,6725.62,6690.41,27.92M,-0.0027632256784997367
2012-11-13,6722.76,6682.28,6733.44,6659.55,34.96M,0.0038883965820577515
2012-11-14,6676.96,6709.1,6713.36,6670.38,30.53M,-0.006835990357352273
2012-11-15,6574.56,6637.61,6643.17,6571.55,39.49M,-0.015455138470910512
2012-11-16,6508.66,6540.77,6574.44,6508.52,48.76M,-0.010074057812962778
2012-11-19,6638.89,6541.73,6638.89,6537.14,39.44M,0.019811182979882602
2012-11-20,6618.99,6614.81,6628.93,6585.25,38.48M,-0.0030019905059948115
2012-11-21,6643.7,6606.51,6645.24,6601.49,33.95M,0.0037262468762140344
2012-11-22,6679.11,6657.65,6687.54,6646.69,27.60M,0.005315707929621993
2012-11-23,6715.09,6679.13,6724.48,6673.97,25.56M,0.005372487575625584
2012-11-26,6681.88,6701.68,6714.36,6676.88,26.95M,-0.00495784763656637
2012-11-27,6711.71,6704.77,6724.74,6696.88,35.83M,0.004454376955331796
2012-11-28,6756.48,6702.0,6756.74,6699.53,32.93M,0.006648282345501855
2012-11-29,6828.52,6786.84,6829.49,6782.2,40.62M,0.010605914653845971
2012-11-30,6820.6,6819.8,6848.2,6815.31,45.10M,-0.0011605145077329126
2012-12-03,6838.7,6831.93,6874.04,6827.16,30.96M,0.00265021056627468
2012-12-04,6853.15,6841.42,6872.92,6839.51,34.70M,0.0021107454967523864
2012-12-05,6852.04,6870.37,6876.52,6834.22,34.19M,-0.000161982431826857
2012-12-06,6912.02,6861.29,6912.16,6861.29,34.53M,0.008715506859635624
2012-12-07,6925.25,6908.68,6940.77,6898.05,29.98M,0.0019122274887202195
2012-12-10,6943.9,6921.83,6948.6,6897.71,23.18M,0.002689423827888504
2012-12-11,6973.69,6947.55,6986.93,6940.23,30.76M,0.004280920115474984
2012-12-12,6959.39,6972.5,7000.6,6957.06,34.92M,-0.002052669620933756
2012-12-13,6919.54,6967.56,6969.51,6913.68,35.05M,-0.005742533395590499
2012-12-14,6902.51,6925.4,6926.72,6894.05,37.54M,-0.0024641798600697484
2012-12-17,6897.1,6897.76,6900.14,6879.61,35.87M,-0.0007840801699714461
2012-12-18,6912.09,6918.94,6931.11,6904.24,43.52M,0.002171018848713402
2012-12-19,6946.07,6931.79,6972.09,6925.31,46.62M,0.004903979763369648
2012-12-20,6912.79,6921.99,6930.34,6908.32,40.80M,-0.00480271306151181
2012-12-21,6889.54,6916.26,6926.73,6868.24,84.66M,-0.003368999580638743
2012-12-27,6862.55,6877.28,6892.87,6858.84,31.31M,-0.003925226587931263
2012-12-28,6822.44,6871.57,6879.23,6822.44,27.25M,-0.0058619136521151916
2013-01-03,7020.46,6975.16,7020.46,6970.8,51.04M,0.028611563824950892
2013-01-04,7058.92,7015.48,7059.12,7004.58,29.55M,0.0054633223426669986
2013-01-07,7049.3,7062.4,7073.13,7049.2,40.93M,-0.0013637441847293985
2013-01-08,7074.52,7051.37,7088.53,7046.25,38.61M,0.003571275590410039
2013-01-09,7151.6,7097.81,7152.64,7094.95,50.99M,0.010836511190738918
2013-01-10,7143.73,7163.12,7175.09,7139.24,40.43M,-0.0011010589885067645
2013-01-11,7188.22,7175.33,7194.33,7155.28,41.66M,0.006208526112420287
2013-01-14,7202.52,7212.57,7230.77,7187.53,44.96M,0.0019873897668549745
2013-01-15,7272.31,7203.72,7272.51,7201.15,45.43M,0.009643020443206751
2013-01-16,7304.85,7272.12,7319.35,7259.62,45.55M,0.00446452588143309
2013-01-17,7429.89,7324.67,7430.54,7321.89,54.81M,0.016972542663916457
2013-01-18,7368.8,7449.18,7457.65,7363.04,79.83M,-0.008256183082965052
2013-01-21,7336.05,7362.93,7375.97,7310.62,33.47M,-0.0044543200575706265
2013-01-22,7291.85,7339.63,7340.71,7280.44,42.08M,-0.006043264517682445
2013-01-23,7391.95,7329.45,7406.46,7325.75,53.75M,0.013634284130606744
2013-01-24,7457.74,7391.63,7465.76,7380.39,51.44M,0.008860849008428318
2013-01-25,7458.66,7443.19,7468.38,7435.83,40.08M,0.00012335416067799088
2013-01-28,7483.95,7470.91,7495.83,7462.98,35.19M,0.0033849540538835043
2013-01-29,7458.03,7460.21,7465.98,7414.07,36.41M,-0.0034694231955469945
2013-01-30,7387.9,7453.39,7456.47,7380.96,40.83M,-0.009447777492209042
2013-01-31,7390.86,7385.87,7417.95,7343.81,44.84M,0.000400574884439564
2013-02-01,7420.35,7383.67,7440.87,7382.24,43.07M,0.003982124211233895
2013-02-04,7362.72,7427.56,7445.9,7362.31,44.76M,-0.007796796192376831
2013-02-05,7404.63,7344.66,7423.06,7344.66,45.64M,0.005676050546608025
2013-02-06,7433.47,7398.42,7465.51,7387.63,47.58M,0.0038872950467929712
2013-02-07,7337.05,7408.0,7427.41,7336.76,44.26M,-0.013055920796105625
2013-02-08,7395.97,7357.61,7406.27,7354.56,36.03M,0.007998402786965286
2013-02-11,7407.6,7406.63,7429.43,7392.29,31.54M,0.0015712429356806723
2013-02-12,7427.06,7425.71,7433.98,7394.84,34.98M,0.0026235870808317685
2013-02-13,7482.22,7442.69,7497.67,7439.91,38.45M,0.007399452109822846
2013-02-14,7482.2,7465.26,7488.42,7439.32,58.54M,-2.6730070388225613e-06
2013-02-15,7500.57,7504.6,7524.88,7487.8,82.69M,0.0024521512650821364
2013-02-18,7497.23,7493.25,7504.39,7476.57,22.09M,-0.00044539866583370724
2013-02-19,7579.5,7493.02,7579.5,7491.08,31.86M,0.010913615429357648
2013-02-20,7626.01,7571.21,7635.12,7567.1,39.61M,0.006117538320012272
2013-02-21,7505.71,7609.03,7616.26,7505.71,56.40M,-0.015900708529558827
2013-02-22,7554.38,7512.04,7563.69,7510.57,35.82M,0.0064634632910998135
2013-02-25,7594.35,7577.34,7611.16,7568.71,50.84M,0.005277022265701703
2013-02-26,7449.98,7445.8,7499.56,7439.82,70.22M,-0.01919320194108387
2013-02-27,7484.99,7482.08,7491.9,7423.62,42.68M,0.0046883340412495755
2013-02-28,7593.67,7510.05,7598.47,7505.01,50.99M,0.01441532364054865
2013-03-01,7601.99,7577.99,7619.07,7548.73,59.14M,0.0010950496169819246
2013-03-04,7590.52,7584.46,7596.99,7571.0,40.58M,-0.0015099548631862802
2013-03-05,7718.46,7629.7,7729.43,7629.13,58.33M,0.016714762012545847
2013-03-06,7698.72,7719.79,7748.69,7689.21,42.66M,-0.0025607809972054696
2013-03-07,7708.96,7700.4,7720.51,7682.3,39.24M,0.0013292074481903171
2013-03-08,7744.84,7730.28,7776.0,7722.38,48.96M,0.004643526442864143
2013-03-11,7758.65,7732.58,7760.22,7720.42,32.29M,0.0017815348224932137
2013-03-12,7802.93,7749.23,7806.61,7746.51,33.53M,0.00569095419717236
2013-03-13,7780.88,7799.38,7801.6,7758.12,45.63M,-0.0028298618521294117
2013-03-14,7842.85,7806.81,7845.34,7802.14,54.48M,0.007932846379313574
2013-03-15,7864.39,7859.51,7874.21,7829.57,100.92M,0.002742685984625126
2013-03-18,7830.37,7774.42,7842.41,7770.35,43.30M,-0.004335211660597693
2013-03-19,7789.6,7814.26,7842.59,7777.83,45.68M,-0.0052202523545634705
2013-03-20,7847.7,7820.31,7862.64,7813.96,40.12M,0.007430984550316211
2013-03-21,7762.3,7855.35,7858.44,7757.09,37.48M,-0.010941813200378903
2013-03-22,7744.33,7752.03,7777.91,7720.82,36.29M,-0.0023177193296426424
2013-03-25,7758.22,7787.82,7812.4,7750.1,39.82M,0.0017919637371779373
2013-03-26,7800.05,7766.2,7807.35,7741.21,34.77M,0.005377217491529862
2013-03-27,7780.17,7817.53,7821.66,7724.11,38.78M,-0.002551955080095425
2013-03-28,7813.67,7790.96,7840.98,7781.09,34.97M,0.004296574998294389
2013-04-02,7899.3,7801.17,7913.73,7800.38,42.88M,0.010899384102543763
2013-04-03,7875.1,7900.29,7946.86,7869.51,38.93M,-0.00306826490838219
2013-04-04,7762.65,7890.13,7892.95,7753.0,42.23M,-0.01438211229937636
2013-04-05,7641.11,7767.29,7769.06,7596.93,51.86M,-0.015780890161124717
2013-04-08,7691.84,7648.35,7710.62,7640.22,38.31M,0.006617146094889392
2013-04-09,7653.95,7725.09,7731.27,7638.67,46.33M,-0.004938172227996418
2013-04-10,7771.37,7671.53,7783.19,7670.19,44.07M,0.015224613563312062
2013-04-11,7815.28,7770.97,7825.37,7767.41,40.51M,0.005634323753007209
2013-04-12,7760.6,7800.44,7813.96,7734.63,47.10M,-0.007021140972732098
2013-04-15,7754.73,7744.18,7764.88,7682.32,43.87M,-0.0007566710189301773
2013-04-16,7717.6,7724.15,7758.09,7652.4,48.00M,-0.004799544900613739
2013-04-17,7533.81,7747.34,7754.07,7516.55,60.31M,-0.024102544929530012
2013-04-18,7578.97,7511.28,7614.32,7482.92,60.20M,0.005976416571536802
2013-04-19,7618.76,7610.22,7645.53,7573.14,53.89M,0.005236320281641227
2013-04-22,7609.1,7666.06,7680.59,7602.1,55.93M,-0.0012687273583793512
2013-04-23,7802.48,7646.77,7806.19,7645.9,63.12M,0.025096732439036984
2013-04-24,7859.63,7823.88,7865.33,7810.69,51.63M,0.007297899663248231
2013-04-25,7901.24,7859.67,7916.06,7807.67,46.49M,0.005280177639281902
2013-04-26,7856.32,7875.34,7882.25,7841.36,32.57M,-0.005701405760895284
2013-04-29,7901.73,7870.61,7922.9,7868.57,31.22M,0.005763419420372173
2013-04-30,7906.21,7943.81,7955.39,7874.15,79.21M,0.000566803785938319
2013-05-02,7902.21,7867.73,7902.95,7850.86,47.25M,-0.0005060594398891283
2013-05-03,7937.61,7904.34,7967.78,7871.84,39.84M,0.004469755203933445
2013-05-06,7927.34,7926.01,7943.27,7907.19,20.07M,-0.0012946780714138129
2013-05-07,7977.54,7941.1,8002.17,7933.23,39.26M,0.006312548940764273
2013-05-08,8093.02,7986.28,8102.84,7983.92,48.87M,0.014371868522127684
2013-05-10,8177.85,8109.52,8181.52,8105.08,51.71M,0.010427318099372584
2013-05-13,8147.68,8175.3,8181.26,8108.23,42.94M,-0.0036960557293514995
2013-05-14,8187.75,8171.7,8193.13,8125.79,38.80M,0.004905910694349203
2013-05-15,8313.08,8216.38,8325.9,8210.77,45.99M,0.015191043137589233
2013-05-16,8256.15,8314.04,8344.95,8248.14,42.15M,-0.006871800805129169
2013-05-17,8280.25,8252.34,8281.86,8200.91,51.07M,0.002914783999266035
2013-05-21,8318.42,8279.9,8318.42,8222.42,51.87M,0.004599171774868793
2013-05-22,8407.61,8341.67,8411.3,8297.83,54.86M,0.010664915150101706
2013-05-23,8168.52,8245.62,8263.22,8137.69,63.92M,-0.02884950619167448
2013-05-24,8168.78,8205.19,8236.75,8137.33,44.72M,3.182900479536954e-05
2013-05-27,8163.05,8177.99,8190.43,8137.45,21.55M,-0.0007016972666384902
2013-05-28,8221.22,8213.0,8240.2,8207.41,44.23M,0.007100742897108603
2013-05-29,8028.64,8206.44,8208.54,8024.31,51.11M,-0.023703467813513512
2013-05-30,8021.57,7996.23,8065.89,7986.6,39.74M,-0.0008809854148044138
2013-05-31,7947.01,8027.55,8031.34,7913.02,67.02M,-0.00933840602459135
2013-06-03,7780.98,7816.46,7895.59,7780.98,52.92M,-0.02111346302594619
2013-06-04,7875.68,7802.69,7914.2,7798.65,42.10M,0.012097235922384542
2013-06-05,7747.84,7824.6,7879.4,7731.16,46.18M,-0.016365435349090518
2013-06-06,7622.74,7725.37,7760.0,7622.74,48.65M,-0.01627820972344196
2013-06-07,7784.84,7624.31,7790.05,7599.53,55.57M,0.021042367612873036
2013-06-10,7790.55,7758.8,7835.05,7754.07,29.22M,0.0007332079974631256
2013-06-11,7673.01,7751.19,7755.14,7618.41,47.79M,-0.015202484262081484
2013-06-12,7656.83,7658.28,7735.14,7652.05,39.69M,-0.0021109164881210063
2013-06-13,7627.53,7546.1,7636.07,7525.51,48.58M,-0.003833989240138891
2013-06-14,7635.96,7655.01,7678.07,7617.73,35.20M,0.0011045967674689905
2013-06-17,7729.71,7685.46,7759.86,7677.23,37.31M,0.012202678219718877
2013-06-18,7699.74,7719.42,7737.54,7695.08,33.52M,-0.0038847836690383275
2013-06-19,7731.82,7714.67,7751.57,7661.29,35.31M,0.004157719143483618
2013-06-20,7496.05,7653.26,7682.04,7488.83,62.38M,-0.030968066061268118
2013-06-21,7421.06,7475.05,7607.64,7421.06,102.26M,-0.010054311018958373
2013-06-24,7249.47,7361.24,7395.11,7247.25,58.83M,-0.023393541372916715
2013-06-25,7397.39,7296.96,7404.91,7275.93,48.32M,0.020198872547075197
2013-06-26,7553.89,7399.58,7573.42,7391.76,43.45M,0.02093542706949414
2013-06-27,7671.7,7597.54,7718.45,7561.49,40.06M,0.015475571221362117
2013-06-28,7683.04,7685.33,7713.71,7620.4,42.43M,0.001477068587517394
2013-07-01,7741.07,7716.88,7760.58,7677.57,32.29M,0.007524618769455316
2013-07-02,7732.62,7731.97,7746.83,7651.51,32.51M,-0.0010921765706779496
2013-07-03,7675.29,7686.42,7692.72,7609.98,39.34M,-0.007441666594633745
2013-07-04,7831.59,7707.8,7846.54,7707.8,35.92M,0.020159476746165694
2013-07-05,7781.98,7843.88,7879.82,7774.39,31.79M,-0.006354749996228648
2013-07-08,7863.48,7857.94,7893.82,7843.33,25.54M,0.010418452023053248
2013-07-09,7944.19,7916.9,7956.37,7905.91,32.61M,0.010211587330106298
2013-07-10,7971.62,7942.56,7982.63,7920.89,26.11M,0.0034468905017206453
2013-07-11,7986.4,8013.32,8039.41,7979.67,33.22M,0.0018523606595497455
2013-07-12,7983.18,8020.71,8041.25,7982.28,26.41M,-0.00040326671629919986
2013-07-15,7999.15,7999.52,8031.5,7992.91,21.94M,0.0019984577111245017
2013-07-16,7932.79,8015.55,8019.25,7924.23,25.28M,-0.008330483765911723
2013-07-17,7928.15,7953.9,7959.07,7853.51,35.64M,-0.0005850851377484645
2013-07-18,7929.01,7911.67,7956.71,7909.49,33.76M,0.00010846835131061994
2013-07-19,7928.12,7919.88,7928.12,7880.77,37.22M,-0.00011225234338496648
2013-07-22,7927.45,7950.0,7967.89,7916.86,46.28M,-8.45128873194767e-05
2013-07-23,7896.26,7942.71,7947.28,7874.35,30.14M,-0.003942190597943096
2013-07-24,7923.07,7903.36,7979.49,7898.6,33.12M,0.003389527327401609
2013-07-25,7865.38,7932.36,7932.36,7836.23,41.57M,-0.007307906317173263
2013-07-26,7796.84,7877.22,7881.74,7776.99,30.69M,-0.008752327260319603
2013-07-29,7814.11,7803.7,7843.99,7793.62,25.25M,0.0022125504271368612
2013-07-30,7810.17,7805.79,7834.3,7775.39,32.32M,-0.0005043432508262669
2013-07-31,7820.43,7778.94,7840.8,7760.51,34.49M,0.0013128096776284792
2013-08-02,7963.93,7945.41,7974.36,7914.42,47.20M,0.01818305635257822
2013-08-05,7979.4,7973.5,7999.02,7963.06,24.08M,0.0019406240547024112
2013-08-06,7996.79,7982.37,8080.31,7981.53,43.80M,0.0021769904924777705
2013-08-07,7976.28,7977.11,8023.6,7964.7,29.17M,-0.002568073798205006
2013-08-08,7955.29,7962.24,7974.89,7926.14,35.69M,-0.0026350211743171315
2013-08-09,7977.34,7979.06,7994.2,7954.45,34.69M,0.002767906375488849
2013-08-12,8000.6,7991.13,8013.77,7968.4,23.00M,0.0029115163069963756
2013-08-13,8036.44,8010.59,8045.03,8004.25,31.04M,0.004469660195047354
2013-08-14,8078.26,8055.61,8093.33,8045.71,30.81M,0.005190303745433056
2013-08-15,7982.43,8062.85,8065.3,7954.02,28.71M,-0.0119336264221932
2013-08-16,7961.31,7972.4,7987.65,7919.32,35.71M,-0.00264931720577799
2013-08-19,7939.42,7951.4,7977.82,7920.39,27.28M,-0.0027533344480090705
2013-08-20,7935.89,7879.46,7949.87,7874.86,38.64M,-0.00044471573256466
2013-08-21,7887.14,7944.43,7949.57,7887.14,28.04M,-0.006161924012053177
2013-08-22,7988.6,7884.73,8006.29,7882.75,30.51M,0.012781940414397397
2013-08-23,8006.9,7983.33,8014.59,7949.15,24.83M,0.002288144538688641
2013-08-26,8022.2,7998.43,8036.51,7996.04,15.54M,0.0019090285351772707
2013-08-27,7886.07,7978.19,8004.09,7874.67,38.88M,-0.01711478656959997
2013-08-28,7776.01,7839.68,7885.02,7740.6,41.90M,-0.014054558740481227
2013-08-29,7763.55,7791.61,7797.17,7724.25,36.02M,-0.0016036493530400264
2013-08-30,7745.97,7792.33,7799.59,7710.84,38.56M,-0.0022669956941321345
2013-09-02,7891.62,7820.0,7900.05,7818.32,29.82M,0.01862872885740785
2013-09-03,7866.23,7923.45,7924.44,7855.4,30.65M,-0.003222523627551155
2013-09-04,7880.65,7901.21,7904.91,7821.1,32.76M,0.0018314744293164154
2013-09-05,7932.29,7903.77,7941.02,7853.47,34.64M,0.006531382978193889
2013-09-06,7950.78,7935.9,7964.24,7875.95,35.71M,0.002328266305266169
2013-09-09,7935.76,7967.53,7969.98,7898.35,28.00M,-0.0018909094712107333
2013-09-10,8039.18,7973.44,8045.57,7972.05,42.58M,0.012947960349993792
2013-09-11,8051.31,8047.41,8066.1,8026.86,28.64M,0.0015077231703770622
2013-09-12,8033.45,8059.75,8066.71,8010.76,31.70M,-0.0022207365655404487
2013-09-13,8038.31,8014.65,8038.31,7999.82,44.21M,0.0006047875463703889
2013-09-16,8029.38,8083.22,8091.95,8019.19,34.47M,-0.0011115475739753577
2013-09-17,8014.47,8022.35,8028.15,7984.58,31.34M,-0.001858656655645774
2013-09-18,8052.57,8024.28,8056.25,8011.65,29.81M,0.004742637276562434
2013-09-19,8092.29,8129.23,8144.53,8079.31,51.68M,0.004920461389962938
2013-09-20,8105.39,8118.64,8133.68,8099.42,62.26M,0.0016175159474922651
2013-09-23,8057.04,8113.33,8128.5,8044.72,27.24M,-0.005983029065621537
2013-09-24,8047.02,8070.26,8090.98,8019.99,28.51M,-0.0012444068505743644
2013-09-25,8055.23,8050.88,8080.81,8022.13,27.40M,0.0010197333554540222
2013-09-26,8061.36,8056.36,8081.91,8015.02,22.81M,0.0007607068611417134
2013-09-27,8055.0,8061.12,8078.38,8022.85,25.59M,-0.0007892601468508786
2013-09-30,8022.6,8000.88,8025.58,7988.52,34.78M,-0.0040304577623988536
2013-10-01,8059.01,8020.9,8060.32,8017.94,38.16M,0.004528161323806401
2013-10-02,7964.44,8032.31,8037.78,7924.86,31.46M,-0.011804086895759625
2013-10-03,7942.5,8002.24,8005.26,7930.84,23.58M,-0.002758546133051709
2013-10-04,7943.71,7934.46,7953.71,7883.63,25.54M,0.0001523333762225576
2013-10-07,7887.86,7898.75,7909.83,7856.45,30.62M,-0.0070555518736306055
2013-10-08,7828.24,7871.42,7894.08,7823.48,32.29M,-0.0075871604280770555
2013-10-09,7755.26,7793.11,7808.95,7747.42,38.83M,-0.009366385412624467
2013-10-10,7851.08,7776.83,7870.62,7766.49,35.85M,0.012279779125519141
2013-10-11,7936.08,7897.27,7937.25,7864.9,31.29M,0.010768348627980373
2013-10-14,7928.49,7917.56,7942.33,7895.15,23.20M,-0.000956849202857768
2013-10-15,7984.35,7974.73,8023.52,7970.12,35.39M,0.007020774349605574
2013-10-16,7981.87,7946.5,7995.22,7902.18,32.54M,-0.00031065587470990863
2013-10-17,8032.4,8004.21,8056.47,7995.06,34.54M,0.0063106426572066
2013-10-18,8084.65,8080.23,8086.16,8032.13,48.53M,0.006483839542571701
2013-10-21,8124.08,8111.42,8128.46,8077.21,32.15M,0.004865288986742655
2013-10-22,8214.76,8128.7,8245.83,8115.56,42.78M,0.011100045176103635
2013-10-23,8214.56,8205.58,8222.0,8175.77,30.02M,-2.4346716724465978e-05
2013-10-24,8233.15,8230.89,8242.7,8192.83,47.68M,0.0022604980165645827
2013-10-25,8249.31,8215.46,8274.7,8200.03,39.90M,0.0019608729738109787
2013-10-28,8291.1,8268.02,8294.11,8258.72,32.05M,0.0050530898473653
2013-10-29,8237.03,8261.11,8289.56,8224.0,74.03M,-0.006542808277416157
2013-10-30,8228.37,8255.61,8278.59,8206.34,53.91M,-0.0010519028749396142
2013-10-31,8234.29,8217.28,8251.51,8212.41,48.82M,0.0007192033675202936
2013-11-01,8221.8,8235.26,8246.63,8177.46,36.69M,-0.0015179793496944427
2013-11-04,8185.69,8253.24,8258.53,8185.69,79.13M,-0.004401655378279301
2013-11-05,8149.31,8210.87,8221.74,8125.92,57.86M,-0.004454246727787492
2013-11-06,8224.58,8180.92,8253.93,8178.12,51.18M,0.009193970425840803
2013-11-07,8229.66,8225.06,8295.95,8214.74,52.64M,0.0006174700455812143
2013-11-08,8240.92,8204.05,8250.38,8172.0,38.76M,0.001367286610937768
2013-11-11,8280.2,8289.26,8301.49,8260.27,34.29M,0.004755134520458171
2013-11-12,8261.31,8255.26,8299.36,8248.38,33.54M,-0.00228395209524912
2013-11-13,8234.72,8250.44,8262.83,8195.14,36.59M,-0.0032238087623550626
2013-11-14,8304.97,8311.67,8312.1,8268.8,35.78M,0.00849476893975698
2013-11-15,8327.31,8325.11,8328.62,8295.31,33.33M,0.002686344077252656
2013-11-18,8351.38,8322.34,8365.65,8306.36,33.53M,0.0028863198141202417
2013-11-19,8300.12,8316.53,8329.84,8285.19,28.53M,-0.006156822138985163
2013-11-20,8281.21,8277.59,8315.36,8249.92,34.79M,-0.0022808795432140982
2013-11-21,8268.69,8234.79,8304.59,8230.04,35.98M,-0.0015130003671757208
2013-11-22,8250.43,8315.54,8342.53,8246.56,37.14M,-0.002210772418527185
2013-11-25,8304.05,8278.35,8323.66,8272.01,29.46M,0.006478027399563047
2013-11-26,8238.92,8281.32,8297.71,8238.92,31.63M,-0.00787408022995173
2013-11-27,8245.68,8251.72,8271.61,8224.59,30.50M,0.0008201594674961399
2013-11-28,8257.61,8244.28,8266.79,8233.84,38.73M,0.0014457725796575005
2013-11-29,8264.2,8247.54,8284.92,8245.58,28.81M,0.0007977334625532961
2013-12-02,8257.32,8263.6,8287.39,8230.18,29.31M,-0.0008328531996681932
2013-12-03,8109.89,8246.17,8252.26,8104.7,42.00M,-0.018015775146610125
2013-12-04,8045.54,8075.74,8115.75,8024.63,43.03M,-0.007966403905454555
2013-12-05,8025.59,8012.65,8080.67,8008.84,37.17M,-0.002482714065212832
2013-12-06,8066.07,8047.91,8079.08,8010.01,39.97M,0.005031188253873609
2013-12-09,8056.33,8075.63,8078.51,8033.96,35.91M,-0.001208256982204503
2013-12-10,7971.84,8028.03,8048.48,7966.47,37.94M,-0.01054278593121083
2013-12-11,7956.32,7935.78,8016.32,7935.78,33.40M,-0.0019487505037112385
2013-12-12,7849.62,7931.63,7942.94,7849.48,44.43M,-0.01350145842024908
2013-12-13,7828.91,7848.18,7870.65,7815.4,33.67M,-0.002641830840653725
2013-12-16,7856.27,7809.11,7902.83,7766.74,41.30M,0.0034886469583508273
2013-12-17,7830.98,7857.49,7889.9,7830.98,41.60M,-0.003224277283717214
2013-12-18,7881.26,7887.11,7912.17,7868.88,52.54M,0.006400127751248874
2013-12-19,8028.27,7970.9,8028.27,7960.14,54.83M,0.01848127309098757
2013-12-20,8081.35,8086.41,8089.13,8052.0,90.33M,0.006589875129213496
2013-12-23,8107.1,8084.59,8107.9,8060.39,20.29M,0.003181283163865345
2013-12-27,8221.9,8174.21,8221.9,8170.75,24.42M,0.014061104962232562
2013-12-30,8202.98,8215.21,8215.73,8169.37,24.53M,-0.0023038230255956194
2014-01-03,8270.46,8178.92,8274.66,8168.14,36.81M,0.00819262733623205
2014-01-06,8272.23,8262.65,8285.12,8232.49,41.72M,0.00021399180021575148
2014-01-07,8319.4,8290.96,8346.25,8267.8,44.81M,0.005686014826364882
2014-01-08,8352.82,8340.09,8352.82,8310.24,53.34M,0.00400906954950031
2014-01-09,8295.9,8341.2,8362.8,8283.48,46.59M,-0.006837789544915651
2014-01-10,8365.12,8363.84,8401.13,8349.81,47.85M,0.008309262970392695
2014-01-13,8412.89,8397.08,8420.78,8371.15,49.28M,0.005694373657187057
2014-01-14,8384.65,8333.06,8388.5,8324.93,40.36M,-0.0033624002807748354
2014-01-15,8423.42,8409.3,8433.93,8385.7,46.23M,0.004613268359705103
2014-01-16,8450.67,8422.59,8464.98,8416.73,50.91M,0.0032298066074716303
2014-01-17,8478.89,8473.87,8485.96,8457.14,77.62M,0.003333816843108295
2014-01-20,8480.95,8472.4,8500.94,8464.86,36.50M,0.00024292682125981457
2014-01-21,8486.37,8478.87,8544.12,8472.93,53.13M,0.0006388752241779372
2014-01-22,8466.7,8488.54,8505.28,8429.18,53.96M,-0.0023205246986695016
2014-01-23,8404.98,8447.54,8501.88,8383.39,50.61M,-0.0073164350347489915
2014-01-24,8201.5,8375.47,8380.68,8198.1,63.51M,-0.024507322951352606
2014-01-26,8201.5,8201.5,8201.5,8201.5,,0.0
2014-01-27,8132.16,8179.25,8182.14,8105.56,56.59M,-0.008490493441245306
2014-01-28,8186.62,8131.87,8222.74,8130.69,54.66M,0.006674543339693528
2014-01-29,8135.81,8230.34,8249.04,8080.47,58.44M,-0.006225808794296128
2014-01-30,8204.96,8070.74,8209.1,8067.28,41.55M,0.008463543979441823
2014-01-31,8191.33,8184.64,8198.67,8084.83,54.82M,-0.0016625716109697208
2014-02-03,8107.02,8201.94,8244.54,8096.03,52.32M,-0.010345924836677511
2014-02-04,8092.53,8076.17,8121.89,8053.74,76.07M,-0.0017889390587217946
2014-02-05,8112.96,8096.82,8137.41,8078.81,51.50M,0.002521369094461434
2014-02-06,8218.44,8133.41,8236.29,8110.97,59.83M,0.01291762699340282
2014-02-07,8318.6,8250.88,8318.6,8229.43,49.45M,0.01211356140800035
2014-02-10,8324.85,8356.52,8359.78,8306.2,37.36M,0.0007510462426694176
2014-02-11,8361.52,8338.04,8361.52,8316.06,44.79M,0.004395211065343574
2014-02-12,8402.41,8401.62,8436.47,8382.52,46.71M,0.004878340710366302
2014-02-13,8383.9,8356.08,8391.18,8325.35,49.11M,-0.002205369435236193
2014-02-14,8417.58,8379.54,8422.19,8359.43,36.76M,0.004009175990796976
2014-02-17,8415.67,8426.63,8453.1,8408.78,25.98M,-0.00022693181746724633
2014-02-18,8419.92,8421.99,8427.92,8375.22,38.28M,0.0005048828214846424
2014-02-19,8410.63,8385.25,8412.96,8368.24,31.33M,-0.0011039450218177649
2014-02-20,8383.25,8337.84,8384.3,8332.27,34.44M,-0.003260714529252695
2014-02-21,8431.78,8418.52,8431.78,8392.3,67.52M,0.0057722329066542954
2014-02-24,8485.48,8414.54,8485.48,8402.76,30.43M,0.00634856712749432
2014-02-25,8506.29,8461.56,8506.29,8450.97,32.22M,0.0024494223267410575
2014-02-26,8532.99,8506.58,8533.2,8453.62,47.39M,0.003133937801713671
2014-02-27,8470.9,8486.51,8488.52,8430.77,46.19M,-0.00730306723495211
2014-02-28,8475.33,8489.74,8519.39,8450.76,44.38M,0.0005228301635131771
2014-03-03,8281.01,8372.31,8383.54,8278.84,53.43M,-0.023194648927086448
2014-03-04,8445.22,8353.05,8446.44,8349.43,45.51M,0.01963565920368815
2014-03-05,8459.61,8434.78,8474.29,8421.48,39.21M,0.0017024724266008207
2014-03-06,8484.21,8463.09,8499.57,8461.6,37.30M,0.0029037156065978564
2014-03-07,8378.58,8489.43,8494.55,8378.15,41.72M,-0.012528339809794176
2014-03-10,8367.55,8363.17,8404.33,8329.01,33.21M,-0.0013173194756106454
2014-03-11,8359.51,8391.58,8411.06,8352.24,29.04M,-0.0009613166472970391
2014-03-12,8310.36,8352.95,8368.65,8275.58,43.77M,-0.005896883709988643
2014-03-13,8205.9,8306.49,8324.73,8205.9,49.79M,-0.012649521488128812
2014-03-14,8114.02,8163.11,8186.01,8092.72,69.54M,-0.01125997808378365
2014-03-17,8161.78,8093.79,8187.15,8090.74,41.51M,0.005868852785702927
2014-03-18,8240.07,8167.81,8286.37,8143.45,47.19M,0.009546556588482247
2014-03-19,8226.55,8247.33,8264.81,8226.55,43.48M,-0.0016421102859105474
2014-03-20,8261.69,8204.98,8261.69,8174.69,43.91M,0.004262438344307284
2014-03-21,8289.76,8283.53,8329.59,8277.04,109.52M,0.003391851095981835
2014-03-24,8198.02,8300.62,8302.34,8173.28,39.71M,-0.01112835648671684
2014-03-25,8299.19,8212.35,8314.75,8207.27,38.01M,0.012265257980267563
2014-03-26,8334.34,8310.71,8392.23,8309.67,41.84M,0.004226409225502437
2014-03-27,8327.93,8326.15,8358.26,8302.07,35.31M,-0.0007694030064602231
2014-03-28,8373.23,8339.58,8384.65,8337.77,32.77M,0.005424786193509945
2014-03-31,8453.82,8441.69,8489.63,8431.55,45.48M,0.009578698130280117
2014-04-01,8457.27,8480.89,8509.2,8450.18,46.53M,0.0004080162837354351
2014-04-02,8508.26,8498.99,8525.75,8459.04,43.39M,0.006011029839072535
2014-04-03,8521.63,8517.6,8546.06,8494.98,34.00M,0.0015701807524219902
2014-04-04,8503.0,8522.67,8533.56,8468.75,40.11M,-0.0021885946932638234
2014-04-07,8405.1,8409.1,8448.51,8390.77,48.26M,-0.011580377933899655
2014-04-08,8423.36,8431.82,8442.87,8388.12,45.67M,0.0021701340664872504
2014-04-09,8411.43,8420.08,8435.58,8383.71,117.74M,-0.0014173033339925922
2014-04-10,8420.58,8435.68,8476.47,8391.5,37.19M,0.001087214290070193
2014-04-11,8298.82,8352.64,8358.19,8236.72,51.64M,-0.014565373471389975
2014-04-14,8312.9,8252.47,8317.35,8235.01,49.75M,0.0016951891040495326
2014-04-15,8280.53,8348.44,8355.19,8263.84,51.50M,-0.003901549114505798
2014-04-16,8322.7,8335.95,8348.57,8295.43,40.09M,0.0050797454084356986
2014-04-17,8375.08,8326.3,8375.08,8296.02,41.27M,0.006273908485404434
2014-04-22,8461.3,8450.15,8491.46,8431.63,41.22M,0.010242196211269317
2014-04-23,8443.26,8474.34,8495.96,8442.4,29.53M,-0.0021343361611627643
2014-04-24,8409.13,8454.92,8471.68,8347.99,37.33M,-0.0040504695965672965
2014-04-25,8374.47,8379.36,8407.32,8352.27,36.76M,-0.004130228231304045
2014-04-28,8384.86,8402.06,8426.77,8384.65,32.35M,0.0012399065274220078
2014-04-29,8434.66,8392.82,8457.5,8390.57,61.83M,0.005921708292083494
2014-04-30,8476.66,8460.57,8487.09,8447.02,49.60M,0.004967097346884941
2014-05-02,8442.71,8460.86,8500.24,8429.26,47.07M,-0.004013157176057547
2014-05-05,8409.07,8424.85,8432.49,8341.74,35.50M,-0.003992461886451082
2014-05-06,8395.77,8430.33,8440.59,8370.82,44.82M,-0.0015828776444077874
2014-05-07,8421.65,8379.5,8440.66,8377.63,50.23M,0.003077763465418215
2014-05-08,8465.66,8446.08,8474.86,8424.48,51.96M,0.005212209598258966
2014-05-09,8510.39,8444.77,8510.39,8439.52,43.22M,0.005269789322623453
2014-05-12,8545.12,8517.95,8548.96,8490.35,47.02M,0.004072589796798809
2014-05-13,8543.58,8550.97,8564.18,8510.9,36.86M,-0.00018023606291528438
2014-05-14,8611.7,8562.5,8611.7,8557.54,34.63M,0.007941620075357037
2014-05-15,8644.74,8620.51,8672.01,8616.08,57.05M,0.003829299713451917
2014-05-16,8683.62,8648.11,8683.62,8625.11,59.67M,0.004487448927019244
2014-05-19,8646.02,8651.85,8664.33,8598.56,38.76M,-0.0043393929708503975
2014-05-20,8635.61,8651.47,8688.8,8628.95,40.75M,-0.00120474761456002
2014-05-21,8655.9,8625.53,8670.66,8606.52,33.61M,0.0023468175205465513
2014-05-22,8693.98,8667.07,8696.59,8637.38,29.73M,0.0043896627696984325
2014-05-23,8703.84,8705.09,8722.08,8677.3,30.70M,0.0011334754648171241
2014-05-26,8712.35,8705.59,8715.35,8696.61,18.52M,0.000977251703991655
2014-05-27,8710.38,8712.35,8719.82,8674.06,30.93M,-0.00022614136916487837
2014-05-28,8706.5,8705.33,8718.93,8694.03,31.38M,-0.00044554478921376983
2014-05-30,8674.52,8702.98,8705.76,8662.55,48.57M,-0.003679880247320355
2014-06-02,8688.96,8715.06,8718.24,8674.97,29.75M,0.0016632614347980024
2014-06-03,8661.2,8679.66,8683.87,8647.71,29.00M,-0.003199973220780805
2014-06-04,8661.08,8662.94,8694.68,8642.9,34.75M,-1.3854989065364975e-05
2014-06-05,8643.28,8654.57,8705.86,8643.21,41.43M,-0.0020572857104337317
2014-06-06,8659.69,8647.08,8662.87,8606.09,36.14M,0.0018967847623816425
2014-06-10,8752.86,8674.89,8759.41,8673.69,40.87M,0.010701578939341871
2014-06-11,8712.09,8753.95,8763.98,8692.36,42.14M,-0.004668787950409481
2014-06-12,8670.98,8713.93,8716.02,8661.27,33.38M,-0.004729898302487712
2014-06-13,8653.76,8652.13,8658.55,8588.29,41.43M,-0.001987909275499078
2014-06-16,8663.59,8638.51,8665.7,8626.22,42.60M,0.001135277748129937
2014-06-17,8667.79,8670.02,8683.75,8647.37,45.41M,0.0004846700126837078
2014-06-18,8657.27,8662.92,8700.0,8649.8,32.94M,-0.0012144259578814598
2014-06-19,8674.37,8691.78,8697.93,8666.65,43.00M,0.001973270336639743
2014-06-20,8701.61,8694.45,8724.85,8683.68,74.57M,0.0031353652933834297
2014-06-23,8644.57,8687.01,8695.61,8630.26,33.01M,-0.006576687846539642
2014-06-24,8673.27,8673.82,8691.42,8636.36,45.86M,0.0033145041500208805
2014-06-25,8581.96,8634.06,8641.13,8558.18,44.92M,-0.010583556673992689
2014-06-26,8541.28,8585.35,8592.41,8520.2,57.67M,-0.004751446167130524
2014-06-27,8562.11,8544.85,8562.11,8528.57,41.70M,0.002435775632633863
2014-06-30,8554.52,8557.52,8593.34,8531.74,38.59M,-0.0008868568751534411
2014-07-01,8607.97,8571.81,8622.33,8569.01,42.75M,0.006228720052623871
2014-07-02,8607.2,8615.2,8642.14,8596.2,33.73M,-8.94559856803312e-05
2014-07-03,8694.32,8612.68,8695.8,8604.87,40.85M,0.010070876585006161
2014-07-04,8678.22,8687.63,8707.78,8677.34,21.51M,-0.0018535003642821124
2014-07-07,8612.77,8666.99,8675.27,8602.66,36.71M,-0.0075704528876112676
2014-07-08,8554.51,8611.49,8617.94,8554.51,40.55M,-0.006787356373399334
2014-07-09,8539.71,8561.47,8562.72,8506.27,34.57M,-0.001731579878811118
2014-07-10,8474.23,8536.77,8545.02,8431.07,55.61M,-0.0076972556967849215
2014-07-11,8468.52,8487.54,8504.6,8427.57,36.40M,-0.0006740346420954779
2014-07-14,8565.67,8494.81,8593.24,8489.77,36.12M,0.011406595012724452
2014-07-15,8574.32,8555.33,8616.04,8555.29,38.85M,0.0010093355637152968
2014-07-16,8617.07,8604.97,8651.28,8597.26,32.83M,0.0049734300854584745
2014-07-17,8548.08,8568.6,8613.71,8537.51,32.26M,-0.008038423374010506
2014-07-18,8511.43,8522.25,8530.03,8489.12,38.64M,-0.004296730256106329
2014-07-21,8513.96,8513.23,8525.68,8477.9,33.57M,0.00029720317932557805
2014-07-22,8594.21,8543.04,8598.05,8526.24,45.93M,0.00938155145634667
2014-07-23,8605.1,8564.2,8612.2,8562.5,46.98M,0.0012663300394333277
2014-07-24,8637.01,8636.63,8661.26,8592.79,44.36M,0.0037014073604311193
2014-07-25,8571.48,8602.14,8620.36,8551.95,36.62M,-0.007616044958115964
2014-07-28,8530.09,8567.96,8568.0,8491.72,34.67M,-0.0048405007043772486
2014-07-29,8532.11,8538.65,8563.06,8502.07,47.11M,0.00023678072106037007
2014-07-30,8497.38,8512.75,8536.38,8473.77,52.93M,-0.004078812477578353
2014-07-31,8410.27,8479.61,8506.54,8395.87,52.49M,-0.010304302581040758
2014-08-04,8304.04,8382.25,8409.78,8286.38,58.68M,-0.012711434739236083
2014-08-05,8342.04,8322.13,8388.01,8309.01,46.47M,0.004565647408828255
2014-08-06,8290.16,8302.28,8304.34,8218.84,54.01M,-0.006238521453607149
2014-08-07,8306.75,8298.83,8345.09,8280.44,61.42M,0.0019991679807151996
2014-08-08,8274.65,8263.28,8282.13,8183.55,62.16M,-0.003871813007435776
2014-08-11,8329.86,8312.15,8359.25,8308.44,39.22M,0.006650025018712924
2014-08-12,8329.8,8335.76,8362.33,8315.94,38.53M,-7.203028154378899e-06
2014-08-13,8388.71,8351.78,8388.71,8343.09,28.42M,0.007047307901403954
2014-08-14,8430.1,8365.82,8435.52,8365.56,38.37M,0.0049218801515333865
2014-08-15,8366.73,8460.43,8483.51,8366.73,47.22M,-0.007545507177518118
2014-08-18,8453.59,8436.34,8465.33,8423.79,30.24M,0.010328076053907509
2014-08-19,8525.38,8473.33,8527.87,8473.33,29.18M,0.008456393740212675
2014-08-20,8527.91,8535.77,8538.96,8506.8,33.57M,0.000296716940667352
2014-08-21,8570.0,8539.71,8591.94,8535.97,36.49M,0.004923418712808214
2014-08-22,8554.16,8575.91,8579.72,8534.41,30.28M,-0.0018500182803471432
2014-08-25,8611.58,8601.74,8616.88,8575.99,24.85M,0.006690094824207904
2014-08-26,8673.29,8611.57,8676.4,8604.08,32.03M,0.007140379093415916
2014-08-27,8669.8,8660.58,8689.65,8644.81,32.27M,-0.000402465771335514
2014-08-28,8622.23,8654.63,8657.61,8597.96,34.13M,-0.005501970561226699
2014-08-29,8658.97,8652.16,8668.83,8610.52,32.95M,0.004252025941955395
2014-09-01,8746.97,8706.04,8755.21,8699.39,36.39M,0.010111576828135682
2014-09-02,8757.32,8755.57,8776.55,8740.45,37.75M,0.0011825673827594585
2014-09-03,8803.57,8794.73,8854.07,8794.48,53.31M,0.005267398968468839
2014-09-04,8834.75,8793.56,8855.66,8785.62,53.97M,0.003535487787761582
2014-09-05,8788.77,8823.05,8831.73,8765.85,40.47M,-0.005218038658371782
2014-09-08,8817.19,8803.12,8818.69,8776.95,29.27M,0.003228454987395324
2014-09-09,8825.6,8824.23,8847.22,8821.04,40.31M,0.0009533640242835872
2014-09-10,8816.07,8806.32,8817.71,8774.36,38.01M,-0.0010803966888630612
2014-09-11,8829.01,8829.79,8832.44,8793.29,31.98M,0.001466698061978633
2014-09-12,8795.93,8832.79,8832.79,8779.43,30.24M,-0.003753776051860669
2014-09-15,8796.41,8767.7,8801.42,8751.71,27.85M,5.45692045665902e-05
2014-09-16,8804.44,8790.12,8808.92,8778.39,34.20M,0.0009124559958326728
2014-09-17,8825.61,8808.93,8829.9,8801.49,41.62M,0.0024015825451435546
2014-09-18,8830.49,8819.1,8833.26,8788.36,45.18M,0.0005527834713507929
2014-09-19,8840.17,8869.32,8874.48,8822.72,71.79M,0.00109560151893362
2014-09-22,8817.52,8816.66,8840.42,8801.43,36.88M,-0.002565455891760493
2014-09-23,8763.8,8803.89,8813.73,8729.63,40.92M,-0.006111050499136184
2014-09-24,8797.17,8771.51,8801.13,8753.79,43.42M,0.0038004780106479785
2014-09-25,8772.76,8813.22,8844.67,8744.73,46.23M,-0.002778612744066322
2014-09-26,8774.36,8756.23,8805.91,8726.72,43.84M,0.000182366109589438
2014-09-29,8776.73,8797.25,8800.75,8744.42,41.79M,0.0002700686982279876
2014-09-30,8835.14,8787.75,8840.74,8772.41,45.89M,0.006633050795516127
2014-10-01,8789.53,8819.21,8843.04,8775.11,44.52M,-0.00517571129747374
2014-10-02,8654.71,8760.25,8767.54,8654.71,54.76M,-0.015457558992164167
2014-10-03,8683.53,8678.11,8705.59,8628.92,46.06M,0.003324446603931719
2014-10-06,8723.04,8733.97,8750.89,8712.0,45.45M,0.004539672991738186
2014-10-07,8561.99,8691.17,8697.45,8549.15,51.60M,-0.018635161248264254
2014-10-08,8517.29,8520.03,8531.29,8465.87,50.02M,-0.005234424643425939
2014-10-09,8482.9,8584.79,8601.36,8476.62,51.82M,-0.004045842653566112
2014-10-10,8374.59,8436.5,8436.63,8335.13,65.30M,-0.012850251184763906
2014-10-13,8342.07,8281.11,8386.96,8278.28,54.28M,-0.0038907342762808383
2014-10-14,8338.01,8300.44,8352.47,8225.53,62.89M,-0.00048680822636093524
2014-10-15,8144.88,8320.21,8329.17,8084.54,81.72M,-0.02343506980579413
2014-10-16,8057.54,8175.05,8197.98,7870.89,118.62M,-0.010781209966376437
2014-10-17,8250.1,8095.19,8279.15,8049.11,90.29M,0.023617022471158933
2014-10-20,8283.31,8232.55,8291.92,8183.42,58.57M,0.004017325483902212
2014-10-21,8404.81,8283.01,8404.81,8233.75,60.40M,0.014561514044006074
2014-10-22,8506.14,8430.32,8510.35,8402.02,57.32M,0.01198409465297523
2014-10-23,8546.08,8477.73,8548.82,8432.68,58.51M,0.004684442616495588
2014-10-24,8532.09,8530.5,8537.49,8491.76,40.33M,-0.0016383492059546256
2014-10-27,8520.48,8591.16,8591.67,8490.74,43.02M,-0.001361671794208874
2014-10-28,8630.41,8585.11,8646.49,8584.59,68.90M,0.012819335374983254
2014-10-29,8654.47,8664.13,8681.77,8645.2,47.22M,0.0027839378160994244
2014-10-30,8719.03,8684.77,8728.02,8599.59,52.18M,0.007432042727765875
2014-10-31,8837.78,8812.9,8843.15,8770.81,71.40M,0.013527720687791955
2014-11-03,8751.67,8829.97,8840.04,8735.2,44.26M,-0.009791174587633122
2014-11-04,8718.02,8747.62,8801.41,8705.87,49.51M,-0.0038523913837522628
2014-11-05,8843.17,8761.58,8851.19,8760.72,47.01M,0.014253261736259404
2014-11-06,8863.88,8816.56,8878.53,8799.99,54.44M,0.002339182353171765
2014-11-07,8816.92,8877.13,8882.08,8786.68,55.08M,-0.0053119893243938066
2014-11-10,8867.53,8807.91,8867.53,8800.66,38.43M,0.005723688117841519
2014-11-11,8896.15,8880.17,8905.77,8862.01,34.80M,0.003222308076264113
2014-11-12,8867.78,8880.8,8897.13,8840.04,36.79M,-0.0031941157300341416
2014-11-13,8954.4,8897.5,8954.4,8880.86,39.89M,0.00972054844609005
2014-11-14,8915.31,8958.62,8970.84,8891.36,37.68M,-0.004375008027638572
2014-11-17,8927.05,8852.78,8936.75,8852.33,31.74M,0.00131596960203062
2014-11-18,8972.54,8932.84,8988.08,8929.02,31.71M,0.005082808928689175
2014-11-19,8983.52,8950.27,9001.84,8949.36,32.51M,0.0012229855957901492
2014-11-20,8989.94,8979.84,8994.85,8943.53,30.34M,0.0007143866871519577
2014-11-21,9080.55,9003.13,9081.4,8999.47,47.74M,0.010028589087031747
2014-11-24,9058.51,9072.48,9097.1,9052.61,33.28M,-0.002430116097125179
2014-11-25,9042.74,9041.66,9087.64,9037.55,36.99M,-0.0017424215443533342
2014-11-26,9058.94,9064.54,9086.32,9046.34,32.02M,0.0017898895931214298
2014-11-27,9129.15,9066.33,9129.37,9059.24,24.05M,0.007720475183802478
2014-11-28,9150.46,9137.07,9155.22,9084.19,32.01M,0.0023315606463967242
2014-12-01,9146.18,9107.67,9167.1,9098.88,44.72M,-0.0004678454708688662
2014-12-02,9138.56,9161.26,9194.55,9129.58,44.77M,-0.0008334819572102248
2014-12-03,9168.37,9160.32,9209.03,9148.83,42.70M,0.0032566931044364367
2014-12-04,9118.17,9177.44,9218.68,9099.97,45.70M,-0.005490390867160855
2014-12-05,9212.85,9142.48,9213.45,9141.95,39.05M,0.010330122595656022
2014-12-08,9181.24,9176.14,9208.01,9176.0,25.86M,-0.0034369768895228248
2014-12-09,9051.39,9133.51,9152.12,9025.5,47.55M,-0.0142439346850054
2014-12-10,9020.83,9065.97,9080.06,9000.35,36.22M,-0.003381989498622673
2014-12-11,9058.82,9010.72,9059.87,8971.26,40.72M,0.004202521167428586
2014-12-12,8895.35,8996.69,9023.66,8895.35,45.51M,-0.018210200454973346
2014-12-15,8712.82,8878.7,8904.91,8710.42,49.10M,-0.020733164041942587
2014-12-16,8795.13,8733.09,8795.13,8578.71,78.84M,0.0094026549558901
2014-12-17,8775.88,8723.12,8781.54,8719.46,52.61M,-0.002191109981902528
2014-12-18,9013.11,8897.04,9019.92,8883.02,65.73M,0.026673134869144022
2014-12-19,8976.24,9068.33,9068.33,8917.72,123.43M,-0.004099097702361831
2014-12-22,9033.45,9011.24,9060.95,9003.19,33.88M,0.00635326787249646
2014-12-23,9021.67,9060.19,9093.14,9003.21,28.64M,-0.0013048932016559434
2014-12-29,9034.55,9044.56,9044.64,8998.07,27.68M,0.001426655433375501
2014-12-30,8983.37,9015.8,9037.53,8973.07,24.41M,-0.0056810261837974
2015-01-05,8938.85,9002.82,9070.85,8938.85,58.04M,-0.004968144746788639
2015-01-06,8874.47,8948.89,8991.26,8867.79,48.70M,-0.007228330296019436
2015-01-07,8900.83,8881.03,8945.58,8862.13,50.92M,0.002965915548351461
2015-01-08,9139.69,8981.59,9152.06,8981.59,56.70M,0.026481937225090846
2015-01-09,9105.7,9116.49,9182.23,9075.95,56.91M,-0.003725876982755949
2015-01-12,9152.97,9148.99,9200.63,9103.31,52.25M,0.005177825724276275
2015-01-13,9285.63,9130.58,9292.44,9120.82,61.18M,0.014389627092675994
2015-01-14,9198.2,9200.88,9281.82,9174.8,69.22M,-0.009460231137351727
2015-01-15,8400.61,9259.19,9277.24,7932.23,346.77M,-0.09070349047844672
2015-01-16,7899.59,8188.83,8189.51,7852.83,194.35M,-0.061493462868238424
2015-01-19,8152.78,8008.25,8244.03,7984.23,99.96M,0.03154811399239321
2015-01-20,8178.9,8235.04,8271.74,8162.2,85.96M,0.0031986938601367143
2015-01-21,8008.55,8175.43,8185.34,7917.78,87.65M,-0.02104794627139661
2015-01-22,7999.48,8005.14,8013.6,7860.49,87.53M,-0.0011331814059030165
2015-01-23,8161.16,8024.95,8166.37,7996.28,83.86M,0.020009776168187443
2015-01-26,8296.45,8152.76,8311.31,8144.61,65.05M,0.016441396729375057
2015-01-27,8402.82,8315.82,8443.7,8307.83,74.61M,0.01273965133074384
2015-01-28,8311.55,8415.64,8440.24,8300.37,63.98M,-0.010921250058974152
2015-01-29,8435.34,8305.72,8435.34,8305.72,56.72M,0.014783909688478758
2015-01-30,8385.13,8490.42,8493.05,8385.13,64.28M,-0.005970124394098164
2015-02-02,8429.2,8439.93,8474.92,8398.18,58.08M,0.005241969309963679
2015-02-03,8452.13,8425.61,8516.43,8419.68,65.67M,0.00271661226952169
2015-02-04,8608.24,8490.94,8612.1,8477.37,66.70M,0.01830140346121034
2015-02-05,8544.32,8546.14,8562.75,8503.26,62.29M,-0.007453149371645651
2015-02-06,8587.99,8527.26,8619.55,8487.93,46.92M,0.005097980900385934
2015-02-09,8632.14,8535.62,8638.38,8521.12,58.41M,0.005127730944955999
2015-02-10,8620.42,8605.52,8626.19,8563.68,81.28M,-0.0013586391588056301
2015-02-11,8577.76,8628.47,8642.71,8537.21,50.90M,-0.004961000233040025
2015-02-12,8611.03,8580.76,8611.73,8555.18,77.55M,0.003871132470377958
2015-02-13,8651.98,8634.18,8665.9,8606.43,55.53M,0.004744256860005791
2015-02-16,8712.69,8649.53,8732.63,8631.03,38.42M,0.0069923871124597525
2015-02-17,8747.83,8698.19,8747.87,8663.16,49.21M,0.00402508601609064
2015-02-18,8800.71,8759.82,8820.49,8749.53,50.00M,0.006026730435301886
2015-02-19,8900.18,8807.17,8910.82,8782.3,50.07M,0.011239101204939317
2015-02-20,8892.17,8910.73,8925.75,8832.87,68.55M,-0.0009003870248882606
2015-02-23,8977.69,8925.85,8988.17,8913.97,41.72M,0.009571496687520664
2015-02-24,8984.61,8975.71,8984.61,8936.88,49.34M,0.0007705027020303845
2015-02-25,8977.62,8961.77,8982.11,8924.8,48.49M,-0.0007782998383660811
2015-02-26,9049.49,8976.72,9049.49,8955.67,62.17M,0.007973588753776184
2015-02-27,9014.53,9048.8,9067.23,8992.13,53.81M,-0.0038706825665695277
2015-03-02,9055.69,9011.6,9055.69,8990.56,75.78M,0.004555569459972375
2015-03-03,8954.68,9032.32,9055.49,8941.82,58.12M,-0.011216988778651071
2015-03-04,8992.5,8961.96,9011.3,8925.96,70.98M,0.004214595940139176
2015-03-05,9034.6,8997.51,9051.57,8987.58,44.02M,0.004670754202015459
2015-03-06,9080.03,9035.99,9110.52,9034.65,48.12M,0.005015845782844863
2015-03-09,9046.88,9068.47,9070.03,9001.19,41.16M,-0.0036575496823019193
2015-03-10,9023.71,9063.84,9092.64,9003.9,74.29M,-0.0025643891757098913
2015-03-11,9106.23,9044.38,9119.77,9041.89,60.01M,0.009103236950721794
2015-03-12,9119.81,9101.55,9134.34,9083.7,46.29M,0.00149017587067668
2015-03-13,9156.02,9134.81,9158.07,9121.62,43.02M,0.003962615912028511
2015-03-16,9237.08,9163.43,9272.91,9155.86,57.19M,0.008814231945663664
2015-03-17,9198.51,9254.52,9263.26,9170.33,56.04M,-0.004184303976700221
2015-03-18,9256.24,9230.54,9282.7,9185.82,54.86M,0.006256404265393201
2015-03-19,9328.48,9269.72,9339.25,9269.43,56.55M,0.007774167577931479
2015-03-20,9396.29,9347.77,9397.15,9336.01,106.16M,0.007242844257701719
2015-03-23,9366.2,9374.62,9385.81,9339.36,45.93M,-0.003207466151534888
2015-03-24,9292.68,9339.44,9389.14,9271.37,48.07M,-0.007880470904659376
2015-03-25,9188.25,9277.17,9307.83,9170.32,50.59M,-0.011301499601460208
2015-03-26,9082.51,9139.19,9140.04,8995.38,57.66M,-0.011574907729198003
2015-03-27,9083.52,9096.56,9159.93,9072.64,45.76M,0.00011119655764701974
2015-03-30,9202.18,9123.53,9220.66,9122.15,44.52M,0.012978629818269027
2015-03-31,9128.98,9213.26,9254.74,9126.32,52.72M,-0.007986443746888838
2015-04-01,9137.26,9098.47,9191.83,9085.92,49.05M,0.0009065905809961805
2015-04-02,9130.6,9124.74,9157.67,9117.03,35.13M,-0.0007291494783814301
2015-04-07,9260.75,9169.48,9283.28,9164.84,44.57M,0.014153629036110615
2015-04-08,9247.82,9258.67,9294.45,9243.33,36.47M,-0.0013971908260259625
2015-04-09,9393.38,9300.18,9404.11,9299.08,46.17M,0.015617337779756824
2015-04-10,9471.46,9411.52,9472.46,9406.85,46.14M,0.008277880528837045
2015-04-13,9430.25,9470.27,9474.95,9413.87,43.67M,-0.004360458952746171
2015-04-14,9415.62,9426.13,9439.22,9382.99,38.04M,-0.0015525951244352854
2015-04-15,9428.55,9454.11,9470.05,9427.06,49.00M,0.0013723079370624447
2015-04-16,9398.6,9419.96,9443.45,9390.47,43.24M,-0.0031815782276041205
2015-04-17,9245.92,9408.5,9424.18,9239.81,80.26M,-0.016378368875272997
2015-04-20,9243.71,9253.59,9275.33,9231.11,42.52M,-0.00023905291891068714
2015-04-21,9299.43,9317.06,9357.42,9299.43,57.29M,0.0060097877388329835
2015-04-22,9358.09,9335.46,9365.26,9260.6,50.98M,0.006288101879098562
2015-04-23,9338.25,9416.73,9426.34,9309.68,59.46M,-0.0021223413189055407
2015-04-24,9302.12,9370.33,9390.05,9274.11,53.23M,-0.0038765373482831933
2015-04-27,9349.18,9340.24,9349.18,9228.66,51.01M,0.00504630774970849
2015-04-28,9259.81,9301.87,9316.19,9190.98,54.45M,-0.009605108830868403
2015-04-29,9105.05,9295.25,9308.78,9105.05,59.67M,-0.016854325436364448
2015-04-30,9077.12,9069.4,9107.3,9027.6,65.76M,-0.003072242968636729
2015-05-04,9095.82,9112.04,9144.87,9076.5,42.22M,0.002058005650175332
2015-05-05,9024.38,9098.66,9203.59,9024.38,86.72M,-0.007885163536043294
2015-05-06,8888.92,8993.83,8998.61,8859.34,74.59M,-0.015124246466644564
2015-05-07,8873.55,8839.37,8901.26,8729.0,75.81M,-0.0017306155997616202
2015-05-08,9093.33,8994.97,9110.69,8941.39,61.23M,0.024466236006393416
2015-05-11,9117.33,9114.29,9139.05,9056.2,49.24M,0.002635820326675642
2015-05-12,9044.98,9065.82,9070.56,8989.48,50.68M,-0.007967090386422626
2015-05-13,9050.66,9077.22,9092.18,9034.41,45.07M,0.000627775551077292
2015-05-15,9109.92,9138.0,9189.9,9099.18,60.26M,0.006526246445082151
2015-05-18,9196.55,9141.55,9202.92,9111.42,40.01M,0.009464484050329958
2015-05-19,9295.62,9220.44,9306.89,9220.44,43.05M,0.010714907752221947
2015-05-20,9319.9,9296.96,9335.65,9277.38,59.32M,0.0026085775490685137
2015-05-21,9365.35,9319.07,9372.3,9290.78,40.23M,0.0048648093695664585
2015-05-22,9353.3,9348.59,9383.93,9323.23,36.54M,-0.0012874861877882893
2015-05-26,9272.68,9354.79,9377.26,9248.54,41.49M,-0.008656779774291579
2015-05-27,9396.24,9298.0,9405.07,9292.54,49.66M,0.013237166820928792
2015-05-28,9394.25,9399.71,9426.45,9375.82,36.77M,-0.00021180927239683456
2015-05-29,9237.79,9402.53,9403.5,9237.79,57.37M,-0.016795120425303622
2015-06-01,9267.44,9303.22,9323.57,9266.72,40.18M,0.0032045022269464596
2015-06-02,9204.09,9263.1,9290.94,9187.29,48.41M,-0.006859231301316271
2015-06-03,9253.3,9222.77,9298.98,9206.2,55.50M,0.005332294175982355
2015-06-04,9233.65,9221.66,9283.28,9121.02,73.71M,-0.0021258246925608404
2015-06-05,9105.02,9169.38,9181.1,9079.75,56.18M,-0.01402851019353335
2015-06-08,9060.49,9089.31,9119.29,9058.92,42.07M,-0.004902707294819564
2015-06-09,8980.22,9012.95,9040.23,8948.94,50.68M,-0.008898821577187022
2015-06-10,9102.7,8970.31,9134.06,8964.37,49.65M,0.013546691911360043
2015-06-11,9146.3,9117.25,9187.77,9114.49,51.69M,0.004778353110705069
2015-06-12,9026.43,9122.3,9143.74,9010.27,45.42M,-0.013192485501765105
2015-06-15,8924.67,8973.0,9005.82,8921.06,37.94M,-0.011337588228526485
2015-06-16,8965.4,8899.26,9002.25,8893.42,43.59M,0.004553371828270869
2015-06-17,8906.69,8964.82,8987.21,8885.49,45.90M,-0.006570044263090935
2015-06-18,8880.29,8878.82,8880.29,8740.33,66.29M,-0.0029684656288964106
2015-06-19,8867.32,8907.34,8974.7,8867.03,106.52M,-0.0014616055129650363
2015-06-22,9021.37,8956.92,9035.43,8945.69,49.56M,0.017223598626362246
2015-06-23,9137.33,9074.26,9170.11,9062.57,50.25M,0.012772013009781702
2015-06-24,9081.81,9150.14,9169.21,9056.61,49.95M,-0.006094708296835449
2015-06-25,9045.32,9032.22,9117.99,9012.44,41.30M,-0.004026015071136868
2015-06-26,9007.5,9005.02,9047.86,8932.74,39.55M,-0.004189933243582189
2015-06-29,8868.39,8729.76,8945.27,8727.95,55.45M,-0.015564294503944254
2015-06-30,8780.91,8833.18,8896.26,8769.41,63.15M,-0.009913222212951212
2015-07-01,8908.99,8809.17,8955.19,8793.03,60.21M,0.014480832354228923
2015-07-02,8961.48,8941.2,9004.83,8938.77,38.67M,0.005874512640344776
2015-07-03,8912.84,8960.35,8961.03,8863.67,33.02M,-0.005442458237414627
2015-07-06,8862.78,8798.53,8893.61,8796.17,40.24M,-0.005632448527125078
2015-07-07,8764.11,8891.13,8892.33,8764.11,49.80M,-0.011195512152379905
2015-07-08,8852.43,8841.36,8872.41,8807.11,51.19M,0.010027024600990586
2015-07-09,8985.08,8847.97,9010.47,8841.35,40.92M,0.01487342632246147
2015-07-10,9134.18,9105.49,9142.22,9042.03,42.48M,0.016457997235074018
2015-07-13,9250.1,9188.82,9265.85,9186.32,46.95M,0.012610941117312535
2015-07-14,9311.07,9268.88,9322.13,9229.16,35.48M,0.006569652590899366
2015-07-15,9319.25,9299.3,9349.45,9277.28,62.95M,0.0008781384888347787
2015-07-16,9458.96,9331.69,9458.96,9324.19,52.94M,0.014880287088823607
2015-07-17,9446.17,9421.95,9453.4,9415.73,45.63M,-0.0013530720975030164
2015-07-20,9482.62,9470.47,9525.79,9451.8,35.54M,0.0038512810436692746
2015-07-21,9385.45,9477.01,9479.31,9363.87,35.51M,-0.010300031647913599
2015-07-22,9289.26,9350.2,9357.08,9269.24,46.92M,-0.01030172363403814
2015-07-23,9381.57,9362.84,9407.65,9334.99,60.43M,0.009888232301339173
2015-07-24,9322.97,9396.71,9422.28,9312.96,42.49M,-0.006265878949772485
2015-07-27,9194.48,9325.42,9331.58,9171.14,52.74M,-0.01387794347808402
2015-07-28,9275.72,9221.11,9275.72,9187.8,45.10M,0.008796929529980346
2015-07-29,9387.97,9309.26,9388.26,9299.7,48.39M,0.012028848901916689
2015-07-30,9397.69,9404.3,9442.84,9351.08,43.81M,0.001034831980074813
2015-07-31,9428.17,9405.81,9428.17,9367.47,43.60M,0.00323810191222762
2015-08-03,9468.97,9441.31,9501.02,9438.32,34.15M,0.0043181204560003295
2015-08-04,9480.2,9458.54,9496.2,9435.27,34.51M,0.0011852763276412048
2015-08-05,9526.79,9506.0,9537.9,9473.58,43.37M,0.004902416775172114
2015-08-06,9457.99,9502.07,9517.99,9454.74,34.88M,-0.007247942950835196
2015-08-07,9408.27,9441.55,9452.64,9400.76,31.09M,-0.005270797191085919
2015-08-10,9510.78,9431.76,9517.55,9372.67,31.80M,0.010836802397321321
2015-08-11,9424.41,9474.85,9501.99,9411.85,42.24M,-0.0091227602162256
2015-08-12,9183.88,9350.59,9352.17,9143.73,64.24M,-0.02585335861539484
2015-08-13,9325.21,9315.25,9385.66,9308.31,49.49M,0.015271712093788636
2015-08-14,9346.56,9330.49,9386.82,9319.97,37.09M,0.0022868757814258345
2015-08-17,9390.46,9397.73,9418.44,9326.62,31.01M,0.0046859191407246925
2015-08-18,9383.6,9392.03,9415.54,9364.44,28.58M,-0.000730795608973267
2015-08-19,9251.6,9339.82,9358.76,9247.3,38.13M,-0.014166975157515083
2015-08-20,9104.71,9227.63,9236.71,9090.55,53.05M,-0.016004647498398583
2015-08-21,8798.57,8952.96,9037.29,8798.57,69.41M,-0.03420265376120213
2015-08-24,8468.89,8499.27,8633.15,8155.1,128.68M,-0.038189758970959886
2015-08-25,8758.79,8569.0,8816.05,8532.81,84.19M,0.03365831824524257
2015-08-26,8548.75,8621.59,8729.94,8529.63,82.57M,-0.02427269412372013
2015-08-27,8812.58,8758.1,8830.09,8724.27,60.26M,0.030395172681197735
2015-08-28,8785.1,8848.53,8856.05,8681.12,52.93M,-0.0031231414978201144
2015-08-31,8824.56,8745.13,8830.71,8728.29,36.78M,0.004481638605904337
2015-09-01,8621.27,8747.31,8749.65,8565.87,59.94M,-0.023306337609566796
2015-09-02,8626.34,8668.89,8714.72,8591.0,46.30M,0.0005879075589056981
2015-09-03,8775.64,8726.34,8815.4,8700.26,48.12M,0.017159387996485975
2015-09-04,8652.35,8700.32,8721.65,8611.57,50.39M,-0.014148740818232142
2015-09-07,8705.53,8713.12,8745.29,8666.04,27.62M,0.006127495568829744
2015-09-08,8760.95,8746.68,8845.28,8746.49,43.02M,0.0063458906410076565
2015-09-09,8871.92,8902.32,8963.86,8853.68,50.19M,0.012586886317979662
2015-09-10,8778.76,8824.53,8902.56,8766.03,45.61M,-0.010556065270076687
2015-09-11,8772.44,8785.24,8799.6,8696.94,37.67M,-0.0007201787083683797
2015-09-14,8686.17,8781.55,8851.72,8683.22,38.91M,-0.009882883250694974
2015-09-15,8790.44,8706.26,8808.2,8682.6,47.70M,0.011932661681383294
2015-09-16,8871.17,8854.72,8881.73,8814.98,50.02M,0.009141925594406075
2015-09-17,8849.43,8889.98,8891.63,8809.53,46.64M,-0.0024536427555386098
2015-09-18,8739.22,8777.9,8811.75,8677.36,127.88M,-0.012532109332344277
2015-09-21,8782.27,8697.97,8854.25,8690.78,42.20M,0.004913975538368476
2015-09-22,8475.47,8693.48,8705.0,8471.91,61.92M,-0.03555880741603801
2015-09-23,8447.68,8492.9,8546.32,8447.68,48.65M,-0.0032842614973489503
2015-09-24,8278.07,8442.25,8449.29,8260.41,61.86M,-0.020281998018992553
2015-09-25,8505.94,8406.58,8550.64,8396.04,53.04M,0.02715489352260292
2015-09-28,8381.22,8516.06,8537.24,8381.22,48.82M,-0.0147712543391183
2015-09-29,8323.48,8289.23,8365.46,8244.6,56.62M,-0.006913052009403842
2015-09-30,8513.41,8449.32,8537.68,8428.07,55.78M,0.022562130763635224
2015-10-01,8510.56,8620.46,8646.18,8492.49,50.84M,-0.0003348220217276321
2015-10-02,8515.52,8569.18,8624.44,8420.18,47.18M,0.0005826355967197827
2015-10-05,8740.83,8643.83,8762.88,8631.99,50.73M,0.02611476988122341
2015-10-06,8761.68,8754.95,8805.33,8702.1,45.21M,0.0023825165490798383
2015-10-07,8639.03,8768.52,8772.39,8630.99,59.59M,-0.014097359387763575
2015-10-08,8674.17,8676.79,8718.09,8636.38,53.86M,0.004059336027271598
2015-10-09,8680.21,8729.32,8758.97,8666.07,46.68M,0.0006960779058520217
2015-10-12,8706.11,8691.37,8722.93,8641.87,38.63M,0.0029793560866906432
2015-10-13,8654.64,8686.39,8692.24,8593.33,46.50M,-0.005929484705651689
2015-10-14,8573.31,8600.72,8644.13,8559.26,42.52M,-0.009441704228839498
2015-10-15,8653.35,8610.95,8662.74,8581.17,41.13M,0.009292640125799778
2015-10-16,8715.73,8651.67,8743.06,8645.06,60.45M,0.0071829098839533145
2015-10-19,8705.66,8716.72,8788.69,8697.71,37.64M,-0.0011560502487455437
2015-10-20,8650.02,8702.14,8724.55,8638.76,41.79M,-0.006411755761350335
2015-10-21,8602.12,8666.01,8666.01,8579.61,49.04M,-0.005552948571473593
2015-10-22,8788.92,8628.56,8798.8,8622.08,54.27M,0.021483152745762624
2015-10-23,8910.52,8834.37,8942.42,8816.75,58.55M,0.01374076391732082
2015-10-26,8907.86,8913.89,8952.49,8889.06,35.88M,-0.0002985681099811899
2015-10-27,8849.92,8842.84,8894.38,8806.35,40.03M,-0.006525613630513405
2015-10-28,8932.64,8860.15,8942.3,8840.71,41.55M,0.009303564465481529
2015-10-29,8957.27,8966.85,8969.06,8903.85,45.35M,0.0027535091637318487
2015-10-30,8938.65,8984.54,8984.54,8911.54,40.46M,-0.0020809219888207053
2015-11-02,8936.08,8892.68,8955.8,8890.75,34.94M,-0.0002875567930491485
2015-11-03,8935.5,8920.24,8937.01,8886.92,51.67M,-6.490752358701002e-05
2015-11-04,8951.76,8977.1,9037.55,8940.98,46.37M,0.0018180542440493497
2015-11-05,8990.16,8983.78,9032.75,8946.76,43.51M,0.004280484879226165
2015-11-06,8970.27,8970.26,9014.25,8917.24,51.57M,-0.002214869925843743
2015-11-09,8876.67,8968.06,8970.04,8876.67,40.55M,-0.010489289278151404
2015-11-10,8849.77,8899.98,8900.09,8806.38,38.34M,-0.0030350166924346667
2015-11-11,8884.55,8856.73,8950.35,8851.6,36.42M,0.003922343184310506
2015-11-12,8816.94,8890.42,8928.98,8755.12,46.12M,-0.007638942119863046
2015-11-13,8749.84,8818.15,8821.37,8699.77,47.69M,-0.007639456557956947
2015-11-16,8727.09,8697.31,8768.73,8694.96,41.34M,-0.002603433537778699
2015-11-17,8952.58,8787.56,8956.33,8781.67,47.79M,0.02550977795163334
2015-11-18,8990.96,8920.97,8999.51,8904.03,40.71M,0.0042778691974945104
2015-11-19,9008.65,9016.24,9080.56,8987.23,42.54M,0.0019655987763691485
2015-11-20,9015.83,9043.3,9046.95,8973.7,48.14M,0.0007966943157065032
2015-11-23,8924.41,8957.77,8957.81,8901.11,49.45M,-0.010191702153477422
2015-11-24,8808.53,8891.88,8895.48,8761.52,63.77M,-0.013069648857525706
2015-11-25,8934.48,8830.88,8982.77,8804.75,63.61M,0.014197378639973834
2015-11-26,8968.25,8939.01,8982.85,8935.05,34.56M,0.0037726134564870506
2015-11-27,9002.96,8942.31,9030.02,8903.74,41.41M,0.0038628498760786556
2015-11-30,8993.1,8987.63,9047.97,8957.92,64.33M,-0.0010957955226444938
2015-12-01,8993.24,9010.95,9029.41,8936.7,58.96M,1.5567369459290603e-05
2015-12-02,9016.56,9023.38,9053.46,8999.07,45.43M,0.0025897026100309972
2015-12-03,8852.14,8982.38,9042.6,8828.74,67.55M,-0.018403648911236914
2015-12-04,8802.89,8799.52,8817.19,8743.57,60.54M,-0.0055791610380140355
2015-12-07,8825.28,8831.3,8933.1,8812.53,39.08M,0.0025402537007543913
2015-12-08,8701.2,8814.48,8821.02,8658.13,51.19M,-0.014159383177950957
2015-12-09,8624.95,8724.22,8737.66,8596.56,55.93M,-0.008801781384240925
2015-12-10,8632.63,8585.67,8669.32,8546.54,50.16M,0.0008900437381136328
2015-12-11,8502.06,8605.97,8641.45,8477.84,59.18M,-0.01524072246256658
2015-12-14,8375.31,8538.66,8562.76,8375.31,56.58M,-0.015020395123249486
2015-12-15,8581.56,8424.69,8591.15,8424.69,59.29M,0.024327623203298288
2015-12-16,8604.08,8591.77,8657.66,8565.67,55.55M,0.0026207942084219837
2015-12-17,8656.3,8757.14,8794.63,8632.08,57.61M,0.00605087018102779
2015-12-18,8608.91,8607.71,8662.96,8598.05,110.27M,-0.005489666098906554
2015-12-21,8544.35,8624.38,8681.81,8544.35,39.59M,-0.007527467647014063
2015-12-22,8515.82,8579.03,8610.34,8513.81,34.35M,-0.0033446356743347394
2015-12-23,8705.74,8628.89,8730.43,8607.14,37.11M,0.022056968098901564
2015-12-28,8739.36,8724.91,8779.16,8686.92,23.19M,0.0038543822187655508
2015-12-29,8883.01,8791.03,8886.38,8781.32,29.86M,0.01630350309110895
2015-12-30,8818.09,8906.22,8908.5,8818.09,28.50M,-0.0073351702530679574
2016-01-04,8656.31,8705.64,8714.27,8593.89,49.83M,-0.018516758508136277
2016-01-05,8701.46,8705.94,8730.05,8601.06,40.91M,0.005202292901413941
2016-01-06,8613.42,8720.43,8720.43,8560.37,45.33M,-0.010169375557770977
2016-01-07,8449.86,8443.51,8480.28,8326.79,64.52M,-0.01917157893068122
2016-01-08,8257.28,8446.92,8475.89,8257.28,67.01M,-0.02305463770286309
2016-01-11,8213.52,8221.02,8317.24,8202.7,59.37M,-0.005313658469955129
2016-01-12,8332.04,8199.19,8398.02,8192.57,56.71M,0.014326747143648788
2016-01-13,8414.83,8411.59,8487.61,8386.91,49.97M,0.009887301263178827
2016-01-14,8305.47,8339.76,8349.92,8175.04,70.26M,-0.013081291540327555
2016-01-15,8107.13,8270.73,8303.67,8056.54,78.21M,-0.024170412476317793
2016-01-18,8099.08,8128.5,8216.79,8076.14,47.83M,-0.000993446421103883
2016-01-19,8223.76,8214.69,8277.77,8187.76,50.16M,0.01527705042684957
2016-01-20,7966.34,8072.96,8077.71,7935.47,72.65M,-0.031802360163043275
2016-01-21,8035.06,8008.49,8135.92,7977.87,74.95M,0.008589301247464931
2016-01-22,8271.11,8179.01,8308.26,8163.23,58.53M,0.0289542536094185
2016-01-25,8253.34,8296.39,8300.99,8190.6,45.79M,-0.002150753199041233
2016-01-26,8314.47,8155.4,8328.07,8120.55,54.39M,0.007379403482490332
2016-01-27,8322.68,8241.87,8322.68,8215.97,64.71M,0.0009869479648170199
2016-01-28,8153.27,8258.51,8307.69,8107.63,69.05M,-0.020565244573100827
2016-01-29,8319.81,8219.97,8319.81,8214.78,73.36M,0.02022034425728947
2016-02-01,8310.99,8374.99,8381.13,8245.62,54.91M,-0.0010606826883758913
2016-02-02,8196.99,8268.1,8279.81,8142.42,94.59M,-0.013811721633894436
2016-02-03,8123.74,8219.91,8249.11,8051.28,86.41M,-0.008976374444573665
2016-02-04,8003.4,8160.18,8162.53,7935.8,117.51M,-0.014924187874138184
2016-02-05,7960.13,8003.54,8074.14,7959.7,77.06M,-0.005421120011693148
2016-02-08,7759.21,7989.23,7989.52,7736.51,81.49M,-0.0255648064921985
2016-02-09,7583.27,7771.25,7791.97,7540.99,111.80M,-0.022936019843401212
2016-02-10,7731.93,7624.4,7800.11,7581.64,99.25M,0.019414002974430744
2016-02-11,7496.62,7614.06,7623.96,7425.05,110.82M,-0.030906255725199117
2016-02-12,7656.6,7552.52,7656.6,7542.07,80.78M,0.02111576869099352
2016-02-15,7848.33,7803.18,7881.42,7782.48,60.92M,0.02473274932284575
2016-02-16,7813.79,7886.74,7904.43,7762.12,61.40M,-0.004410648876980616
2016-02-17,7946.19,7880.91,7968.25,7850.12,61.79M,0.01680244707678291
2016-02-18,7916.61,7897.99,7984.34,7863.4,78.65M,-0.003729484616311396
2016-02-19,7863.36,7871.8,7920.93,7817.81,95.98M,-0.006749087878976212
2016-02-22,7961.49,7926.36,7996.05,7923.6,51.68M,0.012402172255630006
2016-02-23,7807.01,7923.03,7926.08,7793.25,59.23M,-0.019594120229751155
2016-02-24,7689.56,7795.3,7808.08,7641.02,68.64M,-0.015158483323649108
2016-02-25,7794.05,7803.03,7815.96,7717.9,63.12M,0.013497057371674615
2016-02-26,7877.03,7858.77,7921.98,7841.46,59.91M,0.010590307183377945
2016-02-29,7843.63,7789.57,7862.2,7762.52,57.68M,-0.0042491918602429735
2016-03-01,7962.22,7823.73,7963.26,7810.46,58.18M,0.015006118034570193
2016-03-02,8039.89,7994.44,8039.89,7955.65,73.88M,0.009707546060422345
2016-03-03,7950.84,8000.24,8007.0,7944.53,65.20M,-0.01113781804330749
2016-03-04,7982.57,7970.34,8015.5,7921.41,66.32M,0.0039828312890044515
2016-03-07,8019.13,7964.59,8022.94,7934.98,52.61M,0.004569522440242224
2016-03-08,7971.15,7954.17,8013.14,7931.69,61.64M,-0.006001163706422119
2016-03-09,7975.81,7946.82,8031.18,7937.61,61.18M,0.0005844374266494867
2016-03-10,7893.66,7968.16,8095.43,7893.66,80.16M,-0.010353305284917624
2016-03-11,7998.43,7987.86,8005.44,7953.64,60.70M,0.013185366793795339
2016-03-14,8018.36,8019.44,8053.33,7997.84,49.75M,0.0024886397694015017
2016-03-15,7953.93,7978.07,8000.54,7941.52,66.69M,-0.00806776604638415
2016-03-16,7916.43,7962.09,7970.6,7892.07,72.92M,-0.004725799514460505
2016-03-17,7861.79,7940.16,7952.63,7785.26,69.42M,-0.006926030746532419
2016-03-18,7813.68,7870.65,7878.99,7786.02,183.95M,-0.006138272225182817
2016-03-21,7849.57,7800.36,7884.5,7788.8,53.12M,0.004582709566808063
2016-03-22,7853.07,7795.29,7853.07,7719.41,51.21M,0.0004457849199823727
2016-03-23,7894.36,7899.57,7928.29,7855.17,59.83M,0.005244042313291786
2016-03-24,7775.58,7833.53,7839.31,7765.34,47.38M,-0.015160527103470045
2016-03-29,7797.65,7812.2,7828.07,7738.04,51.57M,0.002834352895970227
2016-03-30,7845.08,7840.6,7867.4,7826.57,52.92M,0.006064177461366782
2016-03-31,7807.89,7816.74,7835.7,7786.56,57.51M,-0.004751822814277773
2016-04-01,7688.34,7688.58,7700.09,7607.74,63.66M,-0.015429865440824031
2016-04-04,7731.81,7679.43,7757.48,7646.73,54.78M,0.005638092385908067
2016-04-05,7673.67,7660.45,7681.02,7611.59,74.87M,-0.007547999287330853
2016-04-06,7768.23,7649.96,7769.05,7629.71,59.47M,0.012247350647019317
2016-04-07,7761.35,7792.95,7830.03,7745.52,55.56M,-0.0008860510651427234
2016-04-08,7817.55,7792.83,7817.55,7765.96,56.84M,0.0072149180995975115
2016-04-11,7751.58,7752.37,7810.16,7705.96,51.52M,-0.008474512681889479
2016-04-12,7788.78,7718.16,7795.94,7676.67,50.33M,0.004787543023937246
2016-04-13,7934.46,7842.79,7934.46,7833.69,72.20M,0.018531062154536926
2016-04-14,8021.0,7949.17,8031.04,7939.71,55.58M,0.010847803652177745
2016-04-15,8014.6,8000.13,8033.27,7956.93,58.33M,-0.0007982239940904634
2016-04-18,8044.6,7950.34,8048.51,7923.98,37.73M,0.003736180494369634
2016-04-19,8152.76,8074.07,8157.99,8065.45,50.35M,0.013355461345380348
2016-04-20,8186.97,8138.0,8187.97,8108.42,60.03M,0.004187345811235588
2016-04-21,8159.67,8208.55,8210.93,8080.9,67.69M,-0.003340139059904601
2016-04-22,8109.44,8135.53,8135.7,8096.18,61.09M,-0.006174911793426219
2016-04-25,8079.89,8122.51,8140.4,8046.27,48.12M,-0.0036505566094042763
2016-04-26,8077.18,8119.88,8132.61,8062.24,53.12M,-0.0003354568650646428
2016-04-27,8096.76,8087.91,8108.41,8056.82,44.39M,0.0024211799431697045
2016-04-28,8099.42,8052.96,8102.31,7981.04,45.96M,0.00032847251931222843
2016-04-29,7960.85,8025.84,8025.84,7938.87,64.21M,-0.01725667610147319
2016-05-02,7977.77,7985.26,7993.63,7958.12,28.31M,0.0021231457122290465
2016-05-03,7850.68,7938.5,7940.7,7817.44,66.42M,-0.01605877154064217
2016-05-04,7752.97,7853.05,7882.28,7752.38,49.92M,-0.012524156487026872
2016-05-06,7735.6,7743.01,7758.53,7689.51,52.91M,-0.002242945253446038
2016-05-09,7824.95,7784.33,7845.08,7756.57,48.15M,0.011484296123438043
2016-05-10,7934.93,7896.62,7959.69,7883.44,51.08M,0.013957185633898916
2016-05-11,7937.88,7938.51,7938.51,7889.34,47.22M,0.0003717048252909194
2016-05-12,7885.85,7891.72,7971.59,7846.72,59.84M,-0.006576222864062231
2016-05-13,7925.76,7844.6,7947.89,7829.01,52.70M,0.005048199994380553
2016-05-17,7906.76,7931.02,7977.69,7878.48,63.75M,-0.002400124442722529
2016-05-18,7973.93,7887.28,7973.93,7886.51,56.70M,0.008459380614178613
2016-05-19,7908.79,7943.51,7961.5,7904.11,62.78M,-0.00820267123497409
2016-05-20,7997.3,7947.46,8011.33,7944.59,63.94M,0.011129185558459653
2016-05-23,8038.46,8012.03,8074.06,7968.64,49.14M,0.005133537841857105
2016-05-24,8125.24,7982.22,8138.08,7979.51,52.94M,0.010737743685336198
2016-05-25,8167.61,8151.12,8187.71,8140.9,54.87M,0.005201066174775448
2016-05-26,8229.55,8180.31,8234.28,8159.67,51.76M,0.007555002770928354
2016-05-27,8292.45,8278.45,8307.57,8257.97,48.75M,0.007614127089331291
2016-05-30,8277.83,8305.96,8310.88,8270.47,25.91M,-0.0017646055218953904
2016-05-31,8216.42,8281.72,8290.52,8182.42,83.05M,-0.007446265668230367
2016-06-01,8185.53,8191.15,8239.37,8167.74,53.81M,-0.0037666297630440937
2016-06-02,8205.82,8187.5,8223.22,8173.35,52.05M,0.002475697287074752
2016-06-03,8148.4,8230.48,8231.54,8096.42,57.45M,-0.007022069648762397
2016-06-06,8165.98,8156.62,8184.74,8144.28,38.05M,0.0021551547535949567
2016-06-07,8215.78,8179.68,8220.86,8174.72,44.97M,0.0060799515324383435
2016-06-08,8143.76,8164.59,8178.38,8116.8,44.64M,-0.008804705421500358
2016-06-09,8076.35,8114.9,8129.73,8057.35,48.81M,-0.008311952028002167
2016-06-10,7922.71,8041.46,8047.51,7909.65,62.51M,-0.019206718781681786
2016-06-13,7782.35,7874.69,7875.64,7777.46,63.24M,-0.017874969880441682
2016-06-14,7638.77,7717.58,7727.88,7638.77,86.53M,-0.018621753682689146
2016-06-15,7679.49,7686.08,7759.94,7679.49,63.10M,0.005316543251604244
2016-06-16,7634.66,7612.22,7656.19,7577.61,75.27M,-0.0058547327871849575
2016-06-17,7713.61,7718.92,7768.12,7710.36,150.19M,0.010287895162511163
2016-06-20,7900.22,7850.84,7931.86,7837.72,63.35M,0.023904306106576456
2016-06-21,7935.75,7871.7,7952.13,7866.09,57.82M,0.004487260283752903
2016-06-22,7972.14,7954.55,7992.66,7901.1,51.02M,0.004575096191231864
2016-06-23,8023.05,7963.35,8079.48,7943.63,52.56M,0.006365685173387092
2016-06-24,7747.18,7506.13,7879.21,7475.54,159.87M,-0.03498974265445298
2016-06-27,7594.49,7696.27,7764.97,7573.21,124.79M,-0.019905921827719553
2016-06-28,7773.8,7738.88,7815.7,7724.28,113.26M,0.023336120964822626
2016-06-29,7978.96,7850.61,7978.96,7832.14,83.19M,0.026048971836521773
2016-06-30,8020.15,7944.89,8030.15,7923.7,83.90M,0.005149047791380923
2016-07-01,8085.21,8048.15,8098.29,8013.78,61.97M,0.0080793417723104
2016-07-04,8056.71,8093.69,8111.7,8036.2,37.14M,-0.0035311821164345503
2016-07-05,7941.67,8022.37,8028.18,7918.38,55.44M,-0.014381704002044415
2016-07-06,7898.21,7914.44,7960.65,7845.89,77.40M,-0.005487429078394612
2016-07-07,7964.23,7950.96,8000.35,7928.18,59.21M,0.00832411422389967
2016-07-08,8037.94,7953.24,8037.94,7929.91,63.93M,0.009212565710980058
2016-07-11,8117.11,8043.03,8121.67,8041.18,54.50M,0.009801348036337032
2016-07-12,8143.13,8101.22,8144.88,8085.91,79.05M,0.003200447497691883
2016-07-13,8142.33,8140.79,8161.17,8120.45,71.16M,-9.824714814854474e-05
2016-07-14,8174.02,8162.29,8188.61,8129.65,71.15M,0.0038844520799621307
2016-07-15,8156.26,8154.04,8159.56,8124.04,70.52M,-0.002175101345718744
2016-07-18,8161.6,8143.91,8181.56,8120.12,44.20M,0.0006544976106699352
2016-07-19,8111.48,8144.53,8155.74,8070.99,51.23M,-0.00615988595645689
2016-07-20,8197.43,8150.04,8197.43,8120.08,44.56M,0.010540348281361744
2016-07-21,8182.45,8216.67,8235.52,8171.44,52.36M,-0.0018290737387953726
2016-07-22,8194.73,8170.66,8199.55,8135.78,45.69M,0.001499647961544781
2016-07-25,8194.41,8204.82,8235.72,8163.62,45.23M,-3.905024913386512e-05
2016-07-26,8227.2,8206.17,8240.46,8158.77,45.67M,0.003993523604387761
2016-07-27,8221.33,8246.48,8262.7,8221.04,49.17M,-0.0007137416230129645
2016-07-28,8095.07,8212.81,8254.03,8095.07,73.40M,-0.015476762061053861
2016-07-29,8127.2,8085.45,8146.55,8084.16,57.62M,0.003961226389831651
2016-08-02,8011.24,8122.04,8122.04,8009.23,74.13M,-0.01437090520433415
2016-08-03,8010.1,8029.07,8032.35,7973.48,48.66M,-0.00014231019401833578
2016-08-04,8081.14,8034.59,8087.09,8013.6,44.29M,0.008829706292937445
2016-08-05,8194.34,8104.83,8203.42,8095.31,47.26M,0.01391072034998686
2016-08-08,8168.84,8214.27,8229.73,8159.23,40.01M,-0.0031167561125169385
2016-08-09,8229.42,8169.31,8236.46,8158.49,35.90M,0.007388622402261902
2016-08-10,8208.9,8201.81,8253.96,8198.83,41.43M,-0.002496606789319955
2016-08-11,8296.14,8243.94,8296.14,8214.98,42.23M,0.010571414847339256
2016-08-12,8295.04,8288.73,8305.11,8274.46,34.06M,-0.00013260057471597975
2016-08-15,8305.28,8288.25,8317.84,8283.11,26.99M,0.0012337113138567446
2016-08-16,8215.45,8266.1,8275.33,8215.45,42.68M,-0.010874929292290503
2016-08-17,8153.8,8228.16,8233.67,8141.02,35.35M,-0.0075324515772319245
2016-08-18,8189.73,8158.25,8194.03,8155.23,41.42M,0.004396854031433861
2016-08-19,8127.28,8193.81,8194.57,8099.57,44.63M,-0.007654626053302138
2016-08-22,8157.85,8166.29,8204.4,8121.71,40.12M,0.0037543496315173286
2016-08-23,8201.61,8172.32,8222.68,8171.37,36.61M,0.005349822594357789
2016-08-24,8199.83,8171.96,8222.85,8161.24,45.60M,-0.00021705411317363144
2016-08-25,8141.28,8148.74,8152.59,8098.9,41.96M,-0.007166006538483316
2016-08-26,8168.32,8118.07,8173.19,8105.81,36.86M,0.0033158415626317606
2016-08-29,8184.09,8154.41,8186.03,8125.41,27.22M,0.0019287682841735432
2016-08-30,8236.01,8194.78,8248.0,8188.52,42.42M,0.006323977690140481
2016-08-31,8202.13,8228.34,8253.11,8180.94,57.86M,-0.004122126709454221
2016-09-01,8142.64,8219.92,8241.06,8124.02,58.13M,-0.007279424879985896
2016-09-02,8294.3,8178.42,8294.3,8165.89,54.87M,0.01845408013886285
2016-09-05,8310.37,8283.37,8324.07,8283.37,33.88M,0.0019356006493662647
2016-09-06,8304.34,8323.24,8333.71,8293.46,42.64M,-0.0007258628365782727
2016-09-07,8320.99,8299.01,8326.95,8256.59,52.70M,0.0020029684302791395
2016-09-08,8315.2,8319.92,8351.34,8274.71,53.09M,-0.0006960728668978788
2016-09-09,8264.13,8306.04,8322.39,8250.05,59.64M,-0.00616070269750324
2016-09-12,8206.2,8168.92,8210.75,8138.47,51.18M,-0.007034496441113092
2016-09-13,8174.73,8244.45,8249.68,8174.73,50.21M,-0.0038422774184638797
2016-09-14,8162.65,8207.7,8211.32,8152.86,59.13M,-0.0014788175584428132
2016-09-15,8184.84,8144.32,8184.84,8135.22,49.52M,0.0027147915219440932
2016-09-16,8130.44,8174.85,8189.2,8114.76,136.68M,-0.006668620041999418
2016-09-19,8195.71,8185.06,8207.08,8172.1,40.89M,0.007995804000479723
2016-09-20,8237.54,8172.61,8274.71,8168.11,49.41M,0.00509090902207987
2016-09-21,8226.47,8277.35,8288.61,8217.83,46.24M,-0.0013447515724553938
2016-09-22,8307.63,8253.99,8326.44,8250.19,49.28M,0.009817365547991841
2016-09-23,8272.89,8290.67,8297.42,8236.97,43.72M,-0.004190465779865704
2016-09-26,8165.05,8224.79,8226.59,8158.73,53.58M,-0.01312105375229855
2016-09-27,8175.42,8203.36,8207.41,8120.44,63.75M,0.0012692415080035602
2016-09-28,8220.07,8220.18,8269.96,8205.7,44.92M,0.005446633236516618
2016-09-29,8164.2,8279.88,8281.83,8148.07,46.53M,-0.006819982404183023
2016-09-30,8139.01,8073.23,8142.32,8020.36,85.58M,-0.00309019144641276
2016-10-03,8166.32,8158.74,8185.88,8145.94,36.66M,0.0033498280056782903
2016-10-04,8230.73,8164.65,8230.73,8163.61,55.78M,0.00785633163187427
2016-10-05,8195.23,8193.47,8220.81,8160.88,50.49M,-0.004322432938080212
2016-10-06,8170.44,8207.92,8221.08,8148.53,43.01M,-0.003029514704882885
2016-10-07,8124.59,8157.44,8181.2,8108.88,49.15M,-0.005627497586793595
2016-10-10,8172.22,8120.82,8182.08,8058.63,45.16M,0.005845332383215052
2016-10-11,8135.15,8152.33,8187.33,8135.15,45.32M,-0.004546418441822908
2016-10-12,8068.56,8122.75,8127.78,8068.56,38.91M,-0.008219151647431033
2016-10-13,7999.93,8022.91,8027.09,7950.0,55.14M,-0.00854223605652038
2016-10-14,8089.91,8029.27,8130.22,8028.21,50.47M,0.011184814521476127
2016-10-17,8000.96,8065.61,8078.57,8000.96,42.39M,-0.011056071682618906
2016-10-18,8074.69,8037.94,8079.66,8026.33,46.21M,0.009172943798510858
2016-10-19,8093.78,8088.79,8109.13,8056.31,54.67M,0.0023613871777250495
2016-10-20,8069.27,8063.85,8103.77,8016.94,54.97M,-0.003032845754633584
2016-10-21,8034.86,8078.91,8082.22,8018.26,46.85M,-0.00427344443533606
2016-10-24,7991.88,8064.49,8079.96,7987.21,49.98M,-0.005363549048167826
2016-10-25,7929.87,7996.59,8010.31,7929.87,51.00M,-0.007789384148750855
2016-10-26,7892.77,7918.89,7925.59,7862.42,49.68M,-0.004689491512142041
2016-10-27,7924.39,7850.89,7929.56,7833.46,69.38M,0.003998194634428742
2016-10-28,7908.57,7870.99,7931.25,7844.85,63.13M,-0.0019983635737990113
2016-10-31,7827.74,7864.86,7874.67,7827.74,54.59M,-0.010273146739237404
2016-11-01,7761.34,7864.67,7870.06,7761.34,56.58M,-0.00851883517905705
2016-11-02,7700.41,7728.79,7763.75,7699.9,63.84M,-0.00788142550462645
2016-11-03,7640.94,7671.85,7699.09,7640.94,81.95M,-0.0077529419360704566
2016-11-04,7593.2,7618.17,7626.73,7585.56,81.53M,-0.006267522325005714
2016-11-07,7735.22,7688.16,7739.66,7682.44,64.14M,0.018530815832399128
2016-11-08,7744.03,7731.02,7764.71,7709.4,49.12M,0.0011382981670653436
2016-11-09,7897.84,7701.39,7907.75,7699.14,112.00M,0.019667080432302697
2016-11-10,7928.77,7958.7,8004.17,7864.59,163.59M,0.003908612062481609
2016-11-11,7880.29,7967.78,7976.39,7853.51,91.53M,-0.0061332112054319765
2016-11-14,7900.57,7949.5,7976.17,7849.36,105.10M,0.002570203545820604
2016-11-15,7909.2,7920.08,7930.97,7853.28,72.40M,0.001091730095650334
2016-11-16,7914.02,7933.38,7940.56,7887.15,61.76M,0.0006092312625476382
2016-11-17,7964.68,7916.42,7965.27,7897.4,56.28M,0.006380896658869872
2016-11-18,7904.55,7974.56,7981.01,7904.55,63.95M,-0.007578223741070644
2016-11-21,7849.86,7897.48,7898.35,7843.82,46.32M,-0.006942845804505993
2016-11-22,7741.82,7873.99,7881.24,7741.82,50.41M,-0.01385889516145511
2016-11-23,7752.24,7761.28,7784.92,7702.39,51.85M,0.0013450317826197988
2016-11-24,7798.5,7785.08,7809.27,7752.13,35.61M,0.005949573648200257
2016-11-25,7881.53,7834.62,7897.45,7824.69,48.84M,0.010590639949505487
2016-11-28,7823.23,7883.82,7883.82,7815.68,42.73M,-0.007424534702744623
2016-11-29,7845.01,7786.62,7853.24,7777.91,48.03M,0.00278014812493943
2016-11-30,7875.19,7832.8,7900.62,7824.76,81.12M,0.003839650523328686
2016-12-01,7779.11,7849.85,7851.79,7758.59,69.97M,-0.01227537564506953
2016-12-02,7784.01,7732.21,7792.22,7695.63,51.83M,0.0006296938097118954
2016-12-05,7845.68,7788.15,7895.97,7786.05,58.32M,0.007891432272776555
2016-12-06,7912.39,7836.43,7912.39,7834.55,63.57M,0.008466823477755625
2016-12-07,7930.25,7952.64,7973.97,7906.76,97.14M,0.0022546756810779556
2016-12-08,7953.68,7944.82,7956.12,7905.63,81.82M,0.002950153645024045
2016-12-09,8099.63,7984.21,8123.75,7967.91,66.99M,0.018183666976680612
2016-12-12,8040.09,8096.6,8104.79,8034.02,56.64M,-0.007378104464656587
2016-12-13,8162.53,8016.63,8170.79,8015.97,63.36M,0.015113892782286698
2016-12-14,8140.41,8152.6,8154.91,8108.48,66.58M,-0.002713622643994995
2016-12-15,8214.3,8131.29,8215.81,8127.5,83.04M,0.009035990580549935
2016-12-16,8227.72,8245.8,8245.8,8198.38,105.68M,0.0016324031937759997
2016-12-19,8234.49,8211.11,8242.63,8194.41,42.49M,0.0008224898578799156
2016-12-20,8243.0,8230.16,8279.99,8221.45,48.48M,0.0010329244025193418
2016-12-21,8233.45,8225.52,8262.48,8206.31,41.82M,-0.0011592304251770713
2016-12-22,8237.98,8231.19,8256.52,8208.96,36.19M,0.0005500433312981556
2016-12-23,8232.64,8235.5,8260.84,8209.7,29.57M,-0.0006484273436111465
2016-12-27,8259.45,8253.27,8279.77,8246.45,15.78M,0.003251258465926554
2016-12-28,8256.61,8260.03,8276.19,8239.74,25.41M,-0.0003439076908158256
2016-12-29,8251.13,8222.35,8272.31,8222.35,27.29M,-0.0006639310046434588
2016-12-30,8219.87,8240.26,8256.92,8199.73,29.98M,-0.003795766806195644
2017-01-03,8316.18,8302.86,8335.86,8283.6,62.46M,0.011648620925290842
2017-01-04,8354.81,8347.87,8358.3,8309.07,67.01M,0.004634406131888369
2017-01-05,8392.49,8330.97,8392.49,8328.91,52.55M,0.004499837416226171
2017-01-06,8417.46,8389.07,8417.46,8373.0,40.41M,0.002970861705772876
2017-01-09,8424.86,8430.74,8434.63,8390.03,37.76M,0.0008787388526254603
2017-01-10,8449.19,8437.0,8449.57,8388.58,50.52M,0.002883719896571435
2017-01-11,8427.15,8448.53,8473.86,8425.23,58.90M,-0.0026119422256467573
2017-01-12,8375.02,8407.78,8410.9,8353.66,63.59M,-0.0062051707926187305
2017-01-13,8452.19,8425.19,8452.78,8400.26,59.48M,0.00917211361957726
2017-01-16,8362.6,8415.73,8436.65,8362.3,45.96M,-0.010656195858222972
2017-01-17,8304.1,8345.27,8350.18,8295.28,54.03M,-0.007020014789102191
2017-01-18,8312.42,8327.23,8333.16,8277.5,67.05M,0.0010014131352775735
2017-01-19,8273.08,8321.77,8326.61,8256.74,54.62M,-0.004743911703339876
2017-01-20,8275.13,8268.23,8289.31,8246.9,78.56M,0.00024776093734324434
2017-01-23,8229.01,8229.91,8243.5,8192.58,48.53M,-0.005588915272191741
2017-01-24,8246.66,8250.18,8274.44,8232.51,48.31M,0.0021425540511454955
2017-01-25,8387.55,8263.25,8387.55,8261.4,71.80M,0.016940193643426582
2017-01-26,8405.48,8429.6,8475.15,8405.48,74.67M,0.00213541056180766
2017-01-27,8379.57,8412.32,8422.25,8345.9,73.97M,-0.0030872735654146055
2017-01-30,8320.83,8383.12,8383.32,8305.19,56.58M,-0.0070345910554454605
2017-01-31,8291.69,8310.69,8350.94,8279.22,69.67M,-0.003508201029902125
2017-02-01,8329.17,8345.54,8384.3,8319.47,67.54M,0.004510002915488087
2017-02-02,8276.7,8297.08,8316.31,8264.81,63.15M,-0.0063194731283466865
2017-02-03,8350.84,8298.89,8368.72,8297.79,53.92M,0.008917794375358667
2017-02-06,8330.93,8354.34,8382.16,8318.76,47.84M,-0.0023870380006272285
2017-02-07,8370.14,8333.4,8402.92,8330.8,59.19M,0.004695516160509783
2017-02-08,8378.73,8383.19,8401.54,8331.48,78.88M,0.001025740930959529
2017-02-09,8437.54,8400.15,8438.88,8395.33,54.82M,0.006994445231869761
2017-02-10,8456.22,8442.43,8456.22,8409.2,53.22M,0.002211468330676425
2017-02-13,8462.88,8448.75,8490.14,8442.82,41.31M,0.000787275959593714
2017-02-14,8426.15,8459.1,8461.51,8420.25,52.93M,-0.004349575778750392
2017-02-15,8486.27,8458.04,8488.97,8449.21,53.41M,0.007109597944843671
2017-02-16,8467.52,8460.76,8481.98,8437.74,58.37M,-0.002211895705269029
2017-02-17,8506.49,8461.6,8506.49,8433.37,88.20M,0.004591733888496208
2017-02-20,8514.52,8530.61,8536.15,8502.12,37.04M,0.0009435398481922874
2017-02-21,8567.18,8498.56,8585.26,8498.37,46.59M,0.006165682200855116
2017-02-22,8585.85,8567.36,8598.65,8545.49,56.96M,0.002176875732482486
2017-02-23,8569.36,8567.09,8587.32,8561.47,48.29M,-0.0019224486413929043
2017-02-24,8525.62,8557.25,8562.86,8470.17,62.34M,-0.00511730291007062
2017-02-27,8520.56,8542.38,8548.95,8498.55,43.87M,-0.0005936814170244276
2017-02-28,8545.81,8533.11,8545.81,8508.76,50.39M,0.0029590379704504954
2017-03-01,8634.7,8572.07,8636.31,8571.53,73.73M,0.010347864316141653
2017-03-02,8661.63,8661.5,8675.97,8631.75,65.90M,0.0031139579044907606
2017-03-03,8670.06,8637.78,8670.06,8620.39,62.87M,0.0009727846118625649
2017-03-06,8664.8,8634.44,8664.94,8626.73,53.61M,-0.0006068696443399801
2017-03-07,8623.97,8655.67,8665.79,8617.78,58.33M,-0.0047233060429920926
2017-03-08,8626.65,8617.29,8643.73,8595.7,58.53M,0.0003107134725084393
2017-03-09,8639.7,8608.01,8641.01,8585.4,61.69M,0.0015116110220052548
2017-03-10,8669.97,8648.03,8672.01,8638.02,54.23M,0.0034974705879395884
2017-03-13,8683.05,8676.08,8702.62,8656.37,45.74M,0.001507518861517454
2017-03-14,8663.54,8682.18,8687.67,8654.24,48.97M,-0.00224943441063985
2017-03-15,8688.86,8676.61,8689.59,8661.45,59.53M,0.0029183303716067144
2017-03-16,8667.48,8667.52,8671.98,8641.97,66.63M,-0.002463654297391926
2017-03-17,8698.53,8670.96,8698.82,8659.14,137.17M,0.0035759547630718203
2017-03-20,8695.04,8679.26,8698.86,8677.28,44.55M,-0.00040129772632369054
2017-03-21,8614.86,8697.6,8704.11,8613.02,59.91M,-0.009264129018321299
2017-03-22,8567.88,8559.57,8579.35,8522.79,80.18M,-0.005468291677242831
2017-03-23,8628.64,8573.73,8628.64,8556.21,66.75M,0.007066575428618549
2017-03-24,8613.64,8618.2,8636.42,8593.72,52.21M,-0.0017399095460817193
2017-03-27,8594.54,8546.34,8594.54,8519.26,53.43M,-0.002219875413144834
2017-03-28,8597.02,8610.19,8629.24,8568.18,52.00M,0.0002885136680088607
2017-03-29,8661.53,8635.8,8673.08,8601.54,50.19M,0.007475749751634453
2017-03-30,8704.39,8676.18,8710.26,8661.6,44.96M,0.0049361147609143785
2017-03-31,8658.89,8647.23,8673.84,8642.35,53.25M,-0.005240957255548295
2017-04-03,8633.86,8669.5,8698.05,8632.97,49.75M,-0.002894856801802348
2017-04-04,8646.99,8631.89,8657.79,8610.06,50.55M,0.0015196014694449644
2017-04-05,8640.51,8636.31,8670.16,8625.42,59.29M,-0.0007496746555002431
2017-04-06,8638.37,8601.89,8651.47,8579.0,49.72M,-0.00024770124116102465
2017-04-07,8640.91,8607.87,8646.47,8590.58,47.80M,0.00029399373333660606
2017-04-10,8616.68,8627.98,8631.06,8581.52,47.44M,-0.0028080416699349797
2017-04-11,8641.55,8580.82,8648.84,8578.8,48.68M,0.0028821052002765413
2017-04-12,8663.77,8654.96,8691.59,8640.31,47.62M,0.0025679978424015815
2017-04-13,8629.02,8639.59,8646.28,8615.62,49.89M,-0.004019021427431824
2017-04-18,8529.28,8635.47,8643.15,8524.19,61.39M,-0.011625991319988316
2017-04-19,8532.27,8522.27,8533.42,8491.61,50.77M,0.0003504957088438232
2017-04-20,8557.87,8518.58,8574.6,8515.88,51.44M,0.002995881736174155
2017-04-21,8553.99,8559.55,8573.49,8537.87,59.07M,-0.00045348665387656695
2017-04-24,8711.32,8659.09,8713.16,8652.59,80.75M,0.018225488564162617
2017-04-25,8775.24,8718.23,8787.37,8716.37,64.65M,0.007310790080790497
2017-04-26,8830.29,8773.14,8837.34,8769.04,66.14M,0.006253737253404168
2017-04-27,8844.78,8789.49,8853.96,8789.49,59.34M,0.0016395978342504947
2017-04-28,8812.67,8835.97,8837.17,8793.12,68.59M,-0.003636995760455619
2017-05-02,8868.56,8834.28,8868.56,8830.79,68.91M,0.006321979426562763
2017-05-03,8891.89,8863.15,8899.45,8853.79,53.56M,0.0026271871961416338
2017-05-04,8980.02,8912.9,8980.02,8911.72,55.20M,0.009862484127951987
2017-05-05,9016.66,8941.82,9016.96,8936.06,62.05M,0.004071867769454229
2017-05-08,9039.61,9002.26,9043.82,8988.61,63.04M,0.002542054627966195
2017-05-09,9113.83,9037.85,9121.1,9037.85,59.48M,0.008177008164848232
2017-05-10,9089.8,9062.38,9090.69,9041.35,44.94M,-0.0026401342982733667
2017-05-11,9064.88,9090.92,9117.82,9061.16,54.41M,-0.0027452993554444305
2017-05-12,9123.41,9061.19,9123.41,9058.1,75.69M,0.006436031318843405
2017-05-15,9108.25,9122.25,9134.36,9079.01,49.70M,-0.0016630414887082168
2017-05-16,9127.61,9085.46,9136.95,9081.59,74.91M,0.002123289745972201
2017-05-17,9001.6,9066.64,9108.64,8978.71,79.94M,-0.013901546654377483
2017-05-18,8938.37,8955.13,8968.38,8897.4,86.53M,-0.0070490933734213
2017-05-19,9022.51,8964.62,9025.81,8964.0,68.85M,0.009369319934473097
2017-05-22,9084.78,9043.6,9094.68,9019.36,60.79M,0.006877919940246002
2017-05-23,9061.76,9065.05,9082.6,9038.21,62.50M,-0.002537124140284064
2017-05-24,9035.09,9041.95,9069.18,9027.84,55.14M,-0.0029474764180754676
2017-05-26,9042.03,9017.73,9059.05,9011.93,66.85M,0.0007678214606041678
2017-05-29,9031.96,9017.76,9047.62,9001.79,34.73M,-0.0011143085773515082
2017-05-30,9007.54,8999.62,9026.4,8973.12,57.23M,-0.00270739376551532
2017-05-31,9016.64,9010.58,9076.47,9006.87,87.91M,0.0010097547597940348
2017-06-01,9024.92,9008.91,9074.63,9008.91,58.25M,0.0009178807798591038
2017-06-02,9043.96,9071.13,9088.91,9011.67,67.51M,0.0021074916704524327
2017-06-06,8908.27,8956.64,8985.77,8902.9,60.59M,-0.01511707281453667
2017-06-07,8876.73,8902.46,8943.3,8876.73,47.23M,-0.0035468128270021992
2017-06-08,8811.62,8884.67,8890.87,8811.31,49.47M,-0.007361940946442047
2017-06-09,8845.85,8826.82,8875.88,8806.91,45.47M,0.003877117489524906
2017-06-12,8807.85,8812.93,8833.36,8791.21,60.18M,-0.004305053183109919
2017-06-13,8867.07,8835.34,8879.25,8824.47,53.69M,0.006701045504151182
2017-06-14,8849.4,8877.06,8917.5,8849.4,61.79M,-0.0019947546953922313
2017-06-15,8853.01,8854.52,8856.82,8778.45,65.41M,0.0004078540774994366
2017-06-16,8963.29,8903.14,8963.29,8902.77,134.28M,0.012379832901132204
2017-06-19,9030.3,9014.34,9036.18,8972.27,58.30M,0.007448242378391257
2017-06-20,9023.55,9057.97,9066.62,9018.27,52.24M,-0.0007477629773724459
2017-06-21,8985.61,8993.41,8996.57,8932.41,53.35M,-0.004213417630660743
2017-06-22,9051.27,9025.91,9051.27,8982.88,64.73M,0.00728067049764114
2017-06-23,9032.89,9041.51,9047.64,8989.84,40.77M,-0.002032718835573988
2017-06-26,9121.22,9125.51,9148.61,9099.91,49.91M,0.009731206546966575
2017-06-27,9072.92,9100.47,9112.43,9044.15,53.32M,-0.005309414290998404
2017-06-28,9076.73,9069.62,9085.36,9040.33,73.73M,0.00041984281305218474
2017-06-29,8944.04,9101.27,9111.78,8943.36,71.51M,-0.014726606916795504
2017-06-30,8906.89,8930.3,8998.48,8902.57,56.70M,-0.004162254138391219
2017-07-03,9009.81,8944.9,9027.42,8943.58,50.91M,0.011488849181278127
2017-07-04,8971.4,8979.84,9010.57,8966.71,36.47M,-0.004272244017149873
2017-07-05,8954.1,8926.06,8959.36,8908.85,51.14M,-0.0019302117509969463
2017-07-06,8886.95,8945.39,8949.14,8835.12,58.62M,-0.007527619404452679
2017-07-07,8883.27,8873.21,8891.46,8850.44,50.17M,-0.00041417608252380944
2017-07-10,8943.84,8928.76,8958.0,8906.43,44.07M,0.006795294702655497
2017-07-11,8874.07,8943.98,8952.15,8874.07,41.74M,-0.007831486026713463
2017-07-12,9015.6,8885.58,9024.05,8884.7,43.52M,0.01582286904261565
2017-07-13,9003.57,9027.46,9050.48,8997.36,40.68M,-0.001335244829515858
2017-07-14,9034.57,9020.36,9046.59,8998.9,38.49M,0.003437164865086828
2017-07-17,9038.65,9041.43,9052.64,8998.49,33.69M,0.00045149675257682986
2017-07-18,8977.98,9044.49,9086.06,8966.95,48.08M,-0.006734914279498128
2017-07-19,9024.32,9019.04,9046.41,8990.43,41.84M,0.005148242430257355
2017-07-20,9027.37,9061.07,9077.44,8992.12,54.40M,0.00033791850281339464
2017-07-21,8938.68,9031.46,9049.88,8935.5,63.09M,-0.009873146345469763
2017-07-24,8898.23,8949.97,8950.58,8887.07,55.28M,-0.004535546722163275
2017-07-25,8937.9,8920.59,8987.15,8912.2,53.81M,0.00444828170832956
2017-07-26,8990.34,8965.79,9023.15,8961.57,46.77M,0.005850005304761652
2017-07-27,9017.79,8983.04,9061.83,8968.81,49.01M,0.003048625399781457
2017-07-28,9019.31,8990.84,9042.35,8955.28,77.73M,0.00016854150651646194
2017-07-31,9055.0,9026.81,9101.81,9023.12,55.32M,0.00394925686092229
2017-08-02,9122.68,9088.14,9142.62,9073.29,58.57M,0.00744652923169653
2017-08-03,9136.61,9118.76,9159.23,9092.19,40.06M,0.0015257989442627462
2017-08-04,9176.99,9122.78,9187.04,9110.86,47.86M,0.0044098446442237815
2017-08-07,9155.13,9187.94,9198.45,9140.91,37.33M,-0.0023848862391329106
2017-08-08,9162.33,9147.15,9189.52,9140.23,35.29M,0.0007861352360869489
2017-08-09,9027.15,9084.58,9089.6,9005.86,53.94M,-0.014863810158335156
2017-08-10,8949.86,9033.34,9045.06,8947.84,44.53M,-0.008598813287859386
2017-08-11,8884.04,8905.38,8920.53,8863.36,46.98M,-0.007381481207911378
2017-08-14,9031.27,8941.34,9039.82,8934.28,39.53M,0.016436591344717755
2017-08-15,9012.52,9051.5,9067.18,8991.54,36.05M,-0.0020782780944372803
2017-08-16,9037.92,9038.46,9070.3,9035.78,32.00M,0.0028143376854021795
2017-08-17,8945.4,8958.69,9003.19,8942.78,45.28M,-0.010289625753818754
2017-08-18,8874.35,8876.62,8885.27,8850.19,45.69M,-0.007974340437550964
2017-08-21,8883.78,8866.2,8934.73,8856.61,37.81M,0.0010620488628454439
2017-08-22,8963.83,8944.43,8972.91,8918.86,36.54M,0.00897044890540144
2017-08-23,8958.49,8954.88,8964.25,8916.89,38.23M,-0.0005959050120765141
2017-08-24,8943.04,8968.77,8980.77,8933.34,37.79M,-0.0017261098728500457
2017-08-25,8906.18,8935.22,8961.98,8904.88,35.53M,-0.004130158337126488
2017-08-28,8864.23,8875.49,8894.32,8856.66,26.37M,-0.004721340467192192
2017-08-29,8814.54,8802.84,8832.73,8752.21,55.88M,-0.005621446611161929
2017-08-30,8851.26,8872.95,8876.72,8827.43,43.62M,0.004157191056576082
2017-08-31,8925.45,8890.93,8940.56,8867.47,57.88M,0.00834692479558008
2017-09-01,8941.62,8944.65,8949.28,8917.24,,0.0018100342602007657
2017-09-04,8864.46,8874.86,8901.06,8856.76,32.50M,-0.008666756857644842
2017-09-05,8869.56,8861.15,8929.57,8858.43,45.10M,0.0005751657143271416
2017-09-06,8859.47,8809.65,8874.25,8797.08,52.21M,-0.0011382462649542902
2017-09-07,8906.66,8875.65,8921.27,8834.36,51.22M,0.005312368082416086
2017-09-08,8912.05,8886.65,8923.18,8877.7,39.71M,0.0006049820850542176
2017-09-11,8982.23,8925.53,8984.38,8925.49,52.44M,0.007843887524677129
2017-09-12,9053.62,9021.31,9053.95,9007.44,58.12M,0.007916496626368286
2017-09-13,9053.83,9044.21,9075.66,9023.55,50.90M,2.319487282953503e-05
2017-09-14,9071.43,9039.03,9071.43,9033.41,50.37M,0.0019420417176441163
2017-09-15,9028.05,9049.48,9057.6,9001.88,121.66M,-0.004793517058471863
2017-09-18,9048.11,9062.7,9071.34,9037.35,35.28M,0.002219498857602531
2017-09-19,9093.2,9043.16,9096.86,9031.98,43.54M,0.0049709853202895005
2017-09-20,9095.65,9072.47,9116.92,9072.47,39.62M,0.00026939581279883384
2017-09-21,9134.13,9111.55,9144.12,9110.27,54.97M,0.004221669943442308
2017-09-22,9136.72,9142.59,9156.41,9125.81,38.40M,0.00028351171591367574
2017-09-25,9140.47,9124.15,9167.35,9114.03,42.32M,0.0004103475482413188
2017-09-26,9113.65,9122.51,9156.02,9096.84,42.03M,-0.002938516816911374
2017-09-27,9098.58,9118.85,9144.78,9096.92,49.95M,-0.0016549322559047397
2017-09-28,9112.16,9089.32,9123.48,9075.89,44.38M,0.0014914278625948185
2017-09-29,9157.46,9107.17,9157.46,9097.34,42.58M,0.004959062403694148
2017-10-02,9242.15,9177.03,9242.15,9174.65,49.36M,0.009205694912633788
2017-10-03,9283.74,9256.31,9284.09,9244.52,40.09M,0.004489940280295812
2017-10-04,9283.97,9275.36,9284.79,9251.49,46.82M,2.477419132596026e-05
2017-10-05,9262.66,9270.8,9277.82,9248.7,42.64M,-0.002297992614051836
2017-10-06,9252.12,9273.34,9289.13,9239.37,50.52M,-0.001138549973434877
2017-10-09,9259.34,9251.81,9272.27,9241.32,34.24M,0.0007800573662049004
2017-10-10,9267.17,9259.19,9282.4,9247.81,35.95M,0.0008452752802572405
2017-10-11,9265.34,9275.21,9287.8,9258.32,32.61M,-0.00019749078845343604
2017-10-12,9297.34,9282.45,9301.9,9257.02,41.53M,0.003447781430180541
2017-10-13,9311.69,9304.29,9312.96,9280.03,41.44M,0.0015422623150556092
2017-10-16,9274.59,9299.73,9310.05,9271.14,34.24M,-0.003992197392253871
2017-10-17,9269.86,9291.06,9307.69,9249.82,46.50M,-0.0005101256820854161
2017-10-18,9309.61,9258.65,9318.04,9256.52,40.39M,0.004278922988561362
2017-10-19,9233.52,9285.31,9300.29,9222.54,45.47M,-0.008206859043831116
2017-10-20,9237.13,9272.41,9279.08,9213.76,56.05M,0.000390890417603984
2017-10-23,9248.49,9239.23,9277.0,9229.46,38.28M,0.0012290636105287689
2017-10-24,9194.84,9243.07,9244.71,9185.72,50.03M,-0.005817837811855853
2017-10-25,9084.04,9191.73,9202.58,9062.64,51.60M,-0.012123429563445143
2017-10-26,9200.08,9071.88,9200.08,9071.88,60.00M,0.012693152089202187
2017-10-27,9183.42,9200.11,9254.36,9168.24,64.48M,-0.0018124953965106272
2017-10-30,9175.5,9147.13,9203.94,9130.33,40.62M,-0.0008627959042595279
2017-10-31,9242.18,9178.07,9253.3,9165.12,54.51M,0.007240900193652422
2017-11-01,9267.82,9268.9,9299.24,9256.33,55.71M,0.002770396153334076
2017-11-02,9279.65,9265.4,9285.94,9226.23,58.35M,0.0012756458540401638
2017-11-03,9322.05,9276.87,9322.05,9267.97,41.57M,0.0045587310224135535
2017-11-06,9288.78,9305.48,9327.74,9288.78,35.97M,-0.0035753413943435675
2017-11-07,9220.16,9298.48,9302.4,9212.55,40.25M,-0.007414829200582673
2017-11-08,9265.83,9233.6,9265.83,9201.56,43.15M,0.004941049185404722
2017-11-09,9177.82,9261.26,9283.42,9155.65,50.29M,-0.009543736518118351
2017-11-10,9134.16,9176.51,9190.39,9123.6,45.88M,-0.004768472085441289
2017-11-13,9162.74,9174.7,9192.56,9105.93,46.53M,0.003124029015189933
2017-11-14,9130.48,9160.35,9194.45,9101.34,41.53M,-0.003526993437132475
2017-11-15,9089.55,9095.64,9107.35,9045.8,50.92M,-0.004492865143527425
2017-11-16,9146.82,9092.32,9165.32,9090.52,41.52M,0.006280875883978965
2017-11-17,9183.61,9137.77,9183.61,9119.82,52.39M,0.004014095621284852
2017-11-20,9299.61,9253.58,9317.28,9232.45,49.49M,0.012552090277276662
2017-11-21,9324.53,9280.83,9350.72,9261.05,54.38M,0.002676098318854514
2017-11-22,9291.84,9323.23,9361.36,9291.84,42.19M,-0.0035119664681797502
2017-11-23,9315.56,9264.37,9328.89,9249.87,28.98M,0.0025495246889395418
2017-11-24,9325.6,9324.02,9350.41,9299.57,34.10M,0.0010771862878495853
2017-11-27,9264.39,9305.33,9341.04,9264.39,43.90M,-0.0065852882333654605
2017-11-28,9320.44,9279.54,9327.75,9277.36,43.77M,0.006031819493436785
2017-11-29,9304.42,9347.54,9363.52,9302.38,56.38M,-0.0017202818115951146
2017-11-30,9318.77,9304.05,9370.01,9287.92,92.01M,0.0015410896672438668
2017-12-01,9274.55,9314.9,9365.55,9272.12,63.99M,-0.0047565559429347815
2017-12-04,9328.63,9330.15,9384.01,9313.98,54.94M,0.005814076124719847
2017-12-05,9288.92,9316.06,9350.28,9282.74,52.10M,-0.004265873889867322
2017-12-06,9309.99,9228.04,9320.77,9214.37,43.93M,0.0022657251434186065
2017-12-07,9270.57,9325.12,9342.67,9261.38,44.94M,-0.004243150813989516
2017-12-08,9319.16,9303.49,9330.57,9284.52,67.09M,0.005227629519742649
2017-12-11,9314.76,9336.8,9343.24,9306.61,48.16M,-0.0004722570539943405
2017-12-12,9361.41,9319.68,9361.41,9286.59,41.19M,0.004995681343620717
2017-12-13,9394.55,9331.33,9406.28,9323.58,50.75M,0.003533813730381752
2017-12-14,9383.02,9366.3,9416.16,9350.62,52.33M,-0.00122806108022111
2017-12-15,9394.71,9392.24,9416.37,9364.19,140.25M,0.0012450920862328019
2017-12-18,9452.32,9432.78,9460.15,9418.62,48.01M,0.006113449113994918
2017-12-19,9399.17,9452.72,9468.84,9399.17,42.23M,-0.005638826515179218
2017-12-20,9314.83,9392.42,9407.56,9314.83,44.46M,-0.009013633752307015
2017-12-21,9424.67,9304.25,9433.46,9288.07,48.53M,0.01172296570567255
2017-12-22,9394.49,9409.61,9439.11,9388.04,26.42M,-0.0032073722602277144
2017-12-27,9430.44,9386.2,9446.4,9386.2,27.27M,0.0038194079556035376
2017-12-28,9405.8,9431.69,9436.55,9401.38,20.62M,-0.0026162348806799685
2017-12-29,9381.87,9377.06,9398.27,9358.13,24.36M,-0.0025474167835390915
2018-01-03,9478.92,9436.96,9487.78,9394.47,57.99M,0.010291282236806865
2018-01-04,9509.28,9497.24,9523.96,9467.86,50.32M,0.003197778185528577
2018-01-05,9556.98,9543.13,9558.4,9527.05,53.40M,0.005003613662948325
2018-01-08,9541.73,9576.8,9584.52,9538.37,43.30M,-0.0015969668360860112
2018-01-09,9611.61,9557.37,9611.61,9554.48,46.77M,0.007296932030065761
2018-01-10,9524.96,9588.48,9595.78,9506.27,50.88M,-0.009056021240034795
2018-01-11,9503.85,9535.81,9554.92,9475.17,53.57M,-0.002218741861424789
2018-01-12,9546.61,9521.72,9561.59,9508.99,48.37M,0.004489137985071778
2018-01-15,9537.28,9534.66,9551.07,9511.71,30.98M,-0.0009777881494130725
2018-01-16,9464.05,9533.67,9567.24,9464.05,48.39M,-0.00770791966262685
2018-01-17,9440.01,9427.6,9470.53,9422.05,53.73M,-0.0025433703616073444
2018-01-18,9452.35,9486.82,9494.54,9432.49,49.96M,0.0013063483603854564
2018-01-19,9509.77,9452.82,9511.44,9447.51,67.48M,0.006056303357219406
2018-01-22,9529.13,9500.35,9529.13,9475.06,53.18M,0.0020337316413083784
2018-01-23,9551.58,9543.99,9594.36,9529.11,56.02M,0.002353162996502789
2018-01-24,9547.57,9569.73,9616.38,9547.57,49.54M,-0.00041991398139984426
2018-01-25,9482.96,9517.92,9567.69,9474.24,61.61M,-0.006790168034653377
2018-01-26,9515.56,9500.05,9553.89,9496.66,43.98M,0.003431849638371176
2018-01-29,9457.27,9517.23,9528.32,9451.91,41.15M,-0.006144595550576781
2018-01-30,9433.34,9443.81,9499.6,9390.16,47.51M,-0.0025335352114250753
2018-01-31,9335.4,9415.04,9450.28,9335.4,64.81M,-0.010436597127778668
2018-02-01,9290.92,9386.01,9424.55,9288.05,51.81M,-0.004776046427993563
2018-02-02,9220.69,9269.47,9272.5,9220.69,47.29M,-0.007587707060315196
2018-02-05,9100.39,9122.33,9147.88,9085.39,63.21M,-0.013132602331205945
2018-02-06,8836.71,8771.9,8982.4,8732.58,111.26M,-0.02940263431663581
2018-02-07,8975.01,8892.39,9006.88,8867.32,75.43M,0.01552941314916545
2018-02-08,8763.11,8961.84,8993.02,8763.11,76.03M,-0.023893183806192653
2018-02-09,8682.0,8794.44,8811.0,8664.03,86.21M,-0.009298947896255072
2018-02-12,8822.18,8796.53,8856.88,8780.74,59.10M,0.01601708813380931
2018-02-13,8752.64,8818.28,8845.33,8752.64,51.80M,-0.007913635862577095
2018-02-14,8899.1,8814.58,8901.12,8748.36,76.54M,0.01659477888061822
2018-02-15,8917.8,8898.96,8939.85,8887.41,64.09M,0.0020991313715139626
2018-02-16,8986.72,8961.37,8989.52,8940.85,57.52M,0.007698652675721007
2018-02-19,8908.65,8979.42,8982.61,8897.83,32.30M,-0.008725217224865744
2018-02-20,8981.39,8932.16,8981.39,8898.48,42.04M,0.008131943902704108
2018-02-21,8988.99,8955.49,8994.72,8901.39,49.21M,0.0008458363655190482
2018-02-22,8967.43,8931.55,8967.43,8899.23,40.69M,-0.00240137069199875
2018-02-23,8948.19,8948.74,8955.07,8897.56,33.40M,-0.0021478472301357243
2018-02-26,9026.11,8977.91,9026.11,8962.98,34.40M,0.008670211148126938
2018-02-27,8992.52,9055.88,9057.3,8967.72,45.74M,-0.003728367685051026
2018-02-28,8906.38,8959.98,8977.0,8906.38,44.85M,-0.009625246807162924
2018-03-01,8792.38,8879.13,8890.38,8774.96,52.17M,-0.012882436576209244
2018-03-02,8628.51,8721.87,8730.86,8612.98,70.16M,-0.018813600622598514
2018-03-05,8808.38,8625.89,8808.38,8624.04,56.93M,0.020631704432586773
2018-03-06,8765.88,8844.3,8860.18,8765.88,55.93M,-0.004836628438420476
2018-03-07,8784.84,8739.31,8800.21,8709.8,44.10M,0.0021605959613886228
2018-03-08,8896.42,8789.43,8898.2,8789.02,46.70M,0.012621440013608876
2018-03-09,8931.85,8885.94,8943.83,8880.4,42.86M,0.003974591661641824
2018-03-12,8970.74,8963.16,8982.9,8932.54,35.40M,0.004344629595307126
2018-03-13,8880.92,8961.69,8993.88,8865.96,49.74M,-0.010063014639728252
2018-03-14,8869.33,8877.18,8939.05,8856.07,46.60M,-0.0013058972856274664
2018-03-15,8878.98,8854.34,8897.01,8809.91,51.17M,0.001087427586167422
2018-03-16,8882.53,8869.61,8905.66,8860.6,121.67M,0.0003997407931279895
2018-03-19,8811.33,8863.85,8882.65,8797.97,44.99M,-0.008048032968108743
2018-03-20,8847.29,8840.05,8847.48,8772.7,37.48M,0.004072804070522906
2018-03-21,8783.7,8850.78,8862.58,8762.31,61.45M,-0.007213466258798817
2018-03-22,8637.87,8731.63,8747.96,8625.94,68.61M,-0.016741706533265344
2018-03-23,8569.08,8597.99,8639.34,8549.15,64.99M,-0.00799564902328953
2018-03-26,8509.29,8603.65,8668.01,8501.17,58.40M,-0.007001867774571124
2018-03-27,8638.42,8621.22,8660.71,8593.38,62.76M,0.015061187875410553
2018-03-28,8756.12,8566.34,8756.12,8522.33,73.17M,0.013533188732013812
2018-03-29,8740.97,8766.71,8780.02,8714.77,56.17M,-0.0017317169639117225
2018-04-03,8630.93,8682.87,8691.12,8612.6,56.93M,-0.012668904586320195
2018-04-04,8553.69,8627.3,8629.02,8521.42,71.23M,-0.008989494111919072
2018-04-05,8742.6,8678.5,8742.6,8641.92,69.07M,0.021844859473095113
2018-04-06,8671.04,8683.52,8726.58,8665.66,51.95M,-0.008218890803266987
2018-04-09,8687.08,8694.76,8746.27,8659.99,39.31M,0.0018481269360375308
2018-04-10,8755.57,8731.46,8756.85,8703.34,54.39M,0.007853204873949693
2018-04-11,8708.44,8744.48,8749.3,8695.99,40.97M,-0.00539739892676927
2018-04-12,8774.76,8724.43,8786.56,8687.21,41.37M,0.007586748204872151
2018-04-13,8776.17,8774.72,8797.83,8742.98,46.84M,0.00016067524661522725
2018-04-16,8726.54,8762.32,8771.04,8689.61,44.60M,-0.00567113698573074
2018-04-17,8820.04,8727.88,8832.06,8727.36,47.11M,0.010657448344375098
2018-04-18,8831.88,8833.68,8901.12,8807.54,57.58M,0.001341497330106023
2018-04-19,8833.18,8872.94,8872.94,8800.14,62.89M,0.00014718319692619275
2018-04-20,8807.8,8825.81,8842.12,8785.46,75.27M,-0.0028773931505980954
2018-04-23,8806.63,8781.97,8807.37,8735.93,75.76M,-0.00013284562733062444
2018-04-24,8796.91,8804.85,8837.32,8768.11,56.62M,-0.0011043234471959096
2018-04-25,8740.96,8782.88,8795.87,8690.66,82.86M,-0.006380500005290557
2018-04-26,8835.03,8733.98,8836.84,8725.17,48.85M,0.010704477899206921
2018-04-27,8843.02,8838.18,8849.51,8807.33,37.05M,0.000903945915309734
2018-04-30,8886.26,8839.61,8900.6,8836.85,44.13M,0.004877816328063389
2018-05-02,8896.28,8880.77,8900.54,8858.48,63.94M,0.001126948238042047
2018-05-03,8842.29,8873.02,8924.33,8840.28,45.93M,-0.006087318957339605
2018-05-04,8903.83,8862.71,8905.86,8844.14,41.53M,0.006935628372593428
2018-05-07,8978.65,8895.53,8979.56,8895.1,43.53M,0.008368015688782648
2018-05-08,8944.9,8939.4,8970.67,8913.73,48.29M,-0.0037659994687420095
2018-05-09,8984.1,8964.56,8984.1,8926.19,45.49M,0.004372810805229221
2018-05-11,8993.51,8982.45,9002.15,8964.91,52.18M,0.0010468578258588934
2018-05-14,9000.89,9010.53,9025.88,8979.9,38.15M,0.0008202552364942051
2018-05-15,8994.22,8986.82,9016.29,8963.91,43.56M,-0.0007413125349557959
2018-05-16,8973.88,8988.26,9002.8,8951.28,49.08M,-0.0022640133000333407
2018-05-17,8988.33,8960.82,8988.33,8937.52,33.93M,0.0016089337689724204
2018-05-18,8940.46,8941.27,8982.87,8917.76,53.76M,-0.00534002726950078
2018-05-22,8936.07,8977.46,8978.43,8924.32,47.58M,-0.0004911467816466342
2018-05-23,8794.94,8902.36,8903.22,8766.52,68.48M,-0.015919339110496367
2018-05-24,8770.94,8795.78,8841.02,8733.92,50.66M,-0.0027325718875346183
2018-05-25,8759.08,8789.45,8834.96,8759.08,47.32M,-0.001353107618763616
2018-05-28,8775.45,8783.05,8817.73,8761.93,29.33M,0.0018671734863655587
2018-05-29,8637.2,8723.52,8735.41,8613.24,77.71M,-0.01587959386979243
2018-05-30,8578.68,8629.79,8654.57,8578.68,57.34M,-0.006798400708047936
2018-05-31,8456.95,8630.63,8641.62,8454.28,106.60M,-0.014291466989915236
2018-06-01,8618.54,8558.34,8645.34,8529.8,66.73M,0.018927108259822134
2018-06-04,8634.42,8664.15,8667.83,8605.72,39.22M,0.0018408440620500954
2018-06-05,8538.31,8608.14,8631.87,8538.31,47.79M,-0.011193444896891336
2018-06-06,8544.99,8532.02,8567.58,8470.15,49.89M,0.000782050346298746
2018-06-07,8548.33,8575.55,8612.88,8514.03,43.58M,0.0003907959416302731
2018-06-08,8512.06,8486.17,8549.05,8456.51,48.62M,-0.004251960786859854
2018-06-11,8623.54,8567.82,8624.62,8567.52,48.86M,0.013011691779787782
2018-06-12,8640.8,8646.88,8659.19,8604.91,40.42M,0.001999497895713631
2018-06-13,8634.61,8654.26,8657.94,8618.36,45.61M,-0.0007166255695132406
2018-06-14,8690.83,8594.72,8694.63,8564.33,57.62M,0.006489901246551355
2018-06-15,8642.6,8684.85,8697.07,8632.17,123.76M,-0.005564983326399542
2018-06-18,8519.57,8609.68,8621.82,8488.36,44.40M,-0.014337593388736636
2018-06-19,8463.41,8456.89,8471.87,8424.04,65.39M,-0.006613704392060882
2018-06-20,8557.51,8503.76,8588.38,8500.8,62.99M,0.011057094295138015
2018-06-21,8459.93,8571.76,8598.86,8454.67,50.50M,-0.011468360634884434
2018-06-22,8616.56,8471.97,8616.56,8468.57,43.97M,0.01834503374723262
2018-06-25,8458.75,8550.33,8573.7,8453.4,52.21M,-0.0184845245351557
2018-06-26,8477.98,8487.57,8492.74,8438.89,45.97M,0.0022708053164191
2018-06-27,8504.5,8465.33,8551.14,8372.9,56.62M,0.0031232212912915003
2018-06-28,8461.71,8467.44,8513.66,8410.92,50.36M,-0.005044154319346461
2018-06-29,8609.3,8561.78,8616.15,8542.98,69.90M,0.01729173346887869
2018-07-02,8529.59,8529.51,8561.64,8507.6,47.23M,-0.009301719623788784
2018-07-03,8625.49,8561.54,8645.67,8542.51,46.63M,0.01118047820015633
2018-07-04,8663.53,8606.55,8667.11,8603.17,38.81M,0.004400487868576164
2018-07-05,8674.04,8664.69,8723.97,8653.44,38.69M,0.0012123961186478738
2018-07-06,8697.42,8696.94,8703.87,8650.0,37.64M,0.002691773071109793
2018-07-09,8759.92,8725.3,8766.58,8714.32,40.12M,0.00716034253026443
2018-07-10,8768.91,8768.5,8795.26,8749.02,35.91M,0.0010257388300569659
2018-07-11,8682.93,8699.11,8712.76,8648.72,43.55M,-0.00985348200036995
2018-07-12,8818.19,8712.88,8820.81,8687.35,50.52M,0.015457604223438892
2018-07-13,8861.05,8831.34,8867.15,8824.61,40.40M,0.00484863421359627
2018-07-16,8847.96,8848.22,8872.18,8816.55,41.57M,-0.0014783437791301424
2018-07-17,8824.67,8828.56,8839.99,8782.22,36.59M,-0.002635715621609691
2018-07-18,8938.12,8876.62,8943.24,8873.03,43.34M,0.012774067890976681
2018-07-19,8933.97,8918.15,8978.91,8914.67,51.96M,-0.00046441127753915623
2018-07-20,8991.34,8949.06,8991.69,8918.29,58.64M,0.006401026915087371
2018-07-23,8959.79,8947.32,8974.04,8920.73,42.72M,-0.003515102668838921
2018-07-24,9005.58,8950.35,9026.18,8947.36,57.44M,0.005097596003448501
2018-07-25,9019.46,8998.66,9023.12,8987.22,45.16M,0.0015400801045029056
2018-07-26,9139.47,9116.13,9155.19,9098.16,53.50M,0.01321793159373108
2018-07-27,9173.2,9157.42,9184.82,9142.19,42.41M,0.0036837924938222244
2018-07-30,9163.38,9150.47,9195.79,9143.79,32.48M,-0.0010710831506006713
2018-07-31,9174.33,9164.3,9199.92,9150.74,55.14M,0.0011942604939729762
2018-08-02,9155.57,9128.14,9165.25,9116.14,61.70M,-0.0020469295031873003
2018-08-03,9158.0,9163.89,9174.26,9127.16,39.49M,0.0002653769870377687
2018-08-06,9149.36,9166.25,9197.83,9125.74,40.76M,-0.0009438827489542945
2018-08-07,9201.22,9161.97,9213.21,9151.86,35.34M,0.005652152472942262
2018-08-08,9176.15,9176.41,9192.07,9139.71,30.31M,-0.002728357273278803
2018-08-09,9145.68,9155.62,9165.93,9128.03,29.50M,-0.0033260900347276134
2018-08-10,9031.33,9096.28,9115.63,9017.11,44.38M,-0.012581993245923684
2018-08-13,9005.35,8993.95,9027.91,8960.77,37.88M,-0.002880798236409632
2018-08-14,9010.19,9063.1,9070.41,8966.61,33.62M,0.0005373139097084589
2018-08-15,8926.23,9006.39,9036.1,8901.93,42.76M,-0.009362025782138517
2018-08-16,8997.72,8973.55,9002.14,8950.14,40.92M,0.007977078612455557
2018-08-17,9003.91,9021.2,9029.14,8961.17,38.90M,0.0006877155284232828
2018-08-20,9059.53,9031.28,9072.43,9010.93,30.33M,0.006158314892569905
2018-08-21,9082.86,9032.92,9101.41,9025.45,34.60M,0.002571878662051219
2018-08-22,9048.2,9054.44,9077.04,9029.74,35.62M,-0.003823278089649662
2018-08-23,9049.72,9049.76,9074.36,9034.31,34.89M,0.0001679751047163336
2018-08-24,9052.9,9051.25,9075.88,9019.37,28.48M,0.0003513303635287457
2018-08-27,9098.7,9101.66,9108.2,9045.08,27.32M,0.005046397804676417
2018-08-28,9084.26,9114.75,9115.25,9057.61,33.61M,-0.0015883005886436763
2018-08-29,9083.84,9087.41,9088.39,9043.4,28.52M,-4.623488422872413e-05
2018-08-30,9042.06,9054.38,9065.53,9005.76,34.60M,-0.004609986151557166
2018-08-31,8973.56,9012.08,9012.08,8964.71,48.99M,-0.007604548731357852
2018-09-03,9003.47,8971.2,9003.47,8962.41,28.72M,0.0033275827652250456
2018-09-04,8951.89,9034.5,9047.66,8905.86,42.62M,-0.005745375407128606
2018-09-05,8868.86,8919.58,8933.3,8868.86,56.35M,-0.009318418227129754
2018-09-06,8818.72,8837.57,8893.35,8816.16,38.44M,-0.0056695301795368636
2018-09-07,8843.11,8806.46,8849.34,8796.35,48.15M,0.0027618899631569604
2018-09-10,8930.24,8873.72,8950.97,8859.28,40.77M,0.009804645493458608
2018-09-11,8914.94,8942.25,8962.65,8888.87,42.45M,-0.0017147491646447577
2018-09-12,8960.13,8930.88,8983.52,8930.88,37.69M,0.0050562147476505
2018-09-13,8960.08,8955.69,8997.46,8948.69,38.76M,-5.580291748685795e-06
2018-09-14,8970.0,8982.81,8987.19,8942.56,33.02M,0.0011065205522964305
2018-09-17,8936.71,8937.52,8960.07,8899.84,34.09M,-0.0037181635657397294
2018-09-18,8915.87,8922.97,8956.64,8874.45,38.98M,-0.002334677617024994
2018-09-19,8939.85,8927.7,8961.03,8905.35,53.14M,0.0026859756332324736
2018-09-20,9000.81,8951.66,9006.74,8946.6,70.55M,0.006795762765289481
2018-09-21,8995.38,9049.6,9059.29,8994.3,126.82M,-0.000603461084239143
2018-09-24,8946.22,8986.91,8993.78,8933.2,37.86M,-0.005480015497521862
2018-09-25,9021.61,8959.22,9031.26,8954.96,42.54M,0.00839171368145486
2018-09-26,9080.14,9005.79,9083.08,8990.95,60.83M,0.0064668006103847375
2018-09-27,9112.22,9040.81,9123.38,8998.06,46.99M,0.003526758842831157
2018-09-28,9087.99,9083.39,9112.57,9030.32,59.15M,-0.0026626082132938933
2018-10-01,9127.05,9094.28,9155.65,9084.22,38.40M,0.004288770144999177
2018-10-02,9087.32,9076.57,9090.46,9050.5,50.97M,-0.0043624965353945555
2018-10-03,9175.21,9126.31,9194.99,9123.48,42.60M,0.009625246726397307
2018-10-04,9097.52,9150.98,9154.59,9076.99,49.18M,-0.008503433054162457
2018-10-05,9042.08,9086.18,9100.09,9035.24,47.51M,-0.006112612474554524
2018-10-08,8964.14,9012.67,9014.65,8938.48,47.90M,-0.008657062588977027
2018-10-09,8964.11,8956.8,8970.35,8888.97,41.51M,-3.3466735445131235e-06
2018-10-10,8892.88,8956.79,8992.07,8888.46,53.36M,-0.007977870603516735
2018-10-11,8639.19,8760.52,8796.87,8628.65,94.72M,-0.028942128146166368
2018-10-12,8660.38,8702.13,8738.78,8660.25,54.63M,0.002449773098112118
2018-10-15,8653.16,8635.01,8658.42,8586.82,42.78M,-0.0008340293687520983
2018-10-16,8794.97,8654.3,8803.81,8648.88,47.50M,0.016255395004192152
2018-10-17,8750.35,8853.71,8880.85,8729.89,46.57M,-0.005086267585166837
2018-10-18,8779.18,8777.26,8832.61,8768.42,59.32M,0.0032893096385340215
2018-10-19,8872.09,8777.25,8892.99,8770.31,73.67M,0.010527385062657046
2018-10-22,8865.56,8931.22,8940.26,8854.15,47.87M,-0.0007362869709357511
2018-10-23,8767.15,8760.15,8800.32,8729.08,70.46M,-0.011162325224114866
2018-10-24,8724.61,8794.9,8858.67,8724.61,63.25M,-0.004864014126630067
2018-10-25,8706.4,8619.02,8709.76,8595.86,78.37M,-0.0020893805493393813
2018-10-26,8665.8,8645.99,8720.58,8591.11,86.99M,-0.004674143046676349
2018-10-29,8759.62,8721.14,8828.11,8720.17,72.73M,0.010768280658933094
2018-10-30,8854.28,8797.5,8859.62,8760.36,72.94M,0.010748432922635942
2018-10-31,9022.16,8915.52,9022.16,8913.4,81.02M,0.018782815321300106
2018-11-01,9017.25,9005.31,9070.17,8980.83,72.76M,-0.0005443637149156189
2018-11-02,8992.3,9065.14,9075.72,8970.55,71.94M,-0.00277075395686488
2018-11-05,9008.58,8993.05,9043.29,8960.84,42.13M,0.0018088009518084647
2018-11-06,8992.07,9030.98,9045.4,8958.04,41.18M,-0.0018343787173922266
2018-11-07,9050.53,9014.56,9068.39,9007.65,44.22M,0.0064802417144260716
2018-11-08,9094.9,9073.83,9130.98,9061.34,50.44M,0.004890497324444354
2018-11-09,9074.03,9056.38,9080.75,9025.77,62.48M,-0.0022973294716681636
2018-11-12,8984.05,9097.2,9110.36,8982.26,53.34M,-0.009965704515401796
2018-11-13,9015.43,9015.2,9052.17,8961.81,52.50M,0.0034867709280543835
2018-11-14,8931.2,8965.39,9012.18,8928.59,54.73M,-0.009386789438531551
2018-11-15,8870.03,8930.15,8959.35,8807.46,52.72M,-0.006872585856950053
2018-11-16,8907.39,8951.17,8984.67,8850.8,61.62M,0.004203090774707263
2018-11-19,8812.61,8957.61,8977.0,8812.36,51.66M,-0.010697618947636656
2018-11-20,8769.45,8771.31,8821.19,8716.95,77.16M,-0.004909559709522782
2018-11-21,8841.48,8777.95,8841.48,8749.27,67.62M,0.00818019283026672
2018-11-22,8781.29,8817.86,8824.87,8762.32,45.53M,-0.006830961766944199
2018-11-23,8845.9,8769.03,8846.95,8750.84,33.55M,0.0073307531540240944
2018-11-26,8931.37,8897.49,8967.07,8896.32,53.97M,0.009615723737177007
2018-11-27,8898.01,8933.92,8941.03,8851.02,50.66M,-0.003742142343712729
2018-11-28,8894.58,8935.67,8947.85,8880.93,51.25M,-0.00038555376620230675
2018-11-29,9015.59,8965.07,9015.59,8924.87,47.64M,0.013513198526773351
2018-11-30,9037.76,9009.83,9064.34,8968.84,69.26M,0.0024560550971965966
2018-12-03,9106.56,9159.34,9175.39,9091.84,55.95M,0.007583676846092402
2018-12-04,9085.0,9105.99,9118.55,9076.28,50.47M,-0.0023703310870004657
2018-12-05,8939.96,8999.59,9014.97,8936.53,45.47M,-0.01609358694565266
2018-12-06,8660.03,8873.28,8879.6,8660.03,86.40M,-0.03181292813090586
2018-12-07,8741.03,8733.49,8828.05,8726.37,59.04M,0.009309844922475108
2018-12-10,8551.02,8697.01,8718.84,8550.9,67.41M,-0.02197745761523784
2018-12-11,8715.08,8634.45,8758.27,8621.73,69.54M,0.019004284426483053
2018-12-12,8861.14,8725.72,8878.54,8713.9,77.86M,0.0166205660062122
2018-12-13,8814.7,8876.1,8883.8,8814.7,51.44M,-0.005254642139275845
2018-12-14,8713.68,8755.45,8755.76,8672.03,48.06M,-0.011526577866762366
2018-12-17,8602.61,8697.23,8703.77,8591.65,61.00M,-0.01282855891719592
2018-12-18,8528.27,8578.67,8608.74,8528.27,60.53M,-0.008679118253208884
2018-12-19,8540.16,8535.8,8568.19,8506.11,62.95M,0.0013932156529055106
2018-12-20,8414.48,8403.95,8470.47,8383.26,82.64M,-0.014825711669290698
2018-12-21,8417.29,8406.04,8454.1,8336.09,153.00M,0.0003338923982578734
2018-12-27,8195.64,8470.2,8472.64,8138.56,68.93M,-0.026685618170265712
2018-12-28,8429.3,8282.01,8448.22,8280.35,50.98M,0.028111426245919446
2019-01-03,8466.01,8391.9,8503.07,8388.97,67.64M,0.004345591500811707
2019-01-04,8608.56,8493.84,8627.36,8441.34,58.58M,0.016697733772073065
2019-01-07,8535.95,8616.18,8617.01,8491.5,46.14M,-0.008470400627697217
2019-01-08,8629.48,8560.33,8670.67,8560.16,53.74M,0.01089759191747497
2019-01-09,8687.71,8661.43,8700.18,8625.4,53.00M,0.0067251349053716325
2019-01-10,8801.48,8640.24,8812.89,8617.93,52.63M,0.013010505900739489
2019-01-11,8828.22,8841.2,8862.0,8806.2,51.69M,0.003033519629450865
2019-01-14,8760.32,8772.52,8776.93,8726.81,40.82M,-0.007720974829343419
2019-01-15,8824.73,8831.0,8845.01,8777.69,45.71M,0.007325573489003645
2019-01-16,8873.77,8854.05,8883.95,8824.84,56.92M,0.005541726757011034
2019-01-17,8914.14,8835.78,8926.91,8835.4,48.98M,0.004539045825135091
2019-01-18,9023.96,8985.93,9024.39,8964.85,67.64M,0.01224448208914275
2019-01-21,9011.41,9004.89,9027.46,8984.09,37.04M,-0.001391709959444043
2019-01-22,8966.34,8979.6,9017.28,8941.22,70.01M,-0.005013986113036495
2019-01-23,8957.19,8936.09,9014.71,8913.8,48.83M,-0.0010210043216787312
2019-01-24,8937.39,8962.09,8975.14,8891.72,60.77M,-0.0022129614755286298
2019-01-25,8922.49,8978.07,8980.77,8904.79,49.49M,-0.001668544632645208
2019-01-28,8857.85,8876.38,8907.42,8854.56,55.31M,-0.007270984106916956
2019-01-29,8940.52,8863.56,8987.54,8853.41,52.88M,0.009289681529455862
2019-01-30,8965.71,8909.44,8965.95,8898.46,40.01M,0.00281354775596121
2019-01-31,8969.27,8983.37,9012.75,8923.67,77.56M,0.00039698957531619783
2019-02-01,8996.36,9011.87,9012.72,8927.19,49.45M,0.00301576070881282
2019-02-04,9011.48,8973.54,9015.64,8950.74,42.95M,0.0016792689798581506
2019-02-05,9150.56,9012.16,9155.08,9010.25,55.29M,0.015315759538525597
2019-02-06,9143.0,9129.78,9169.46,9118.81,45.46M,-0.0008265204181565622
2019-02-07,9035.9,9115.64,9153.99,9035.9,50.55M,-0.01178302748150628
2019-02-08,9003.41,9023.43,9044.4,8980.88,46.63M,-0.0036021372359442694
2019-02-11,9068.62,9050.92,9098.44,9047.29,39.00M,0.007216708141356776
2019-02-12,9127.4,9104.92,9143.75,9091.29,42.82M,0.0064607759789510055
2019-02-13,9164.06,9143.4,9179.46,9125.05,48.77M,0.0040084333439001085
2019-02-14,9142.71,9210.43,9237.31,9142.24,60.90M,-0.0023324715041930233
2019-02-15,9242.12,9139.55,9245.17,9123.67,84.54M,0.010814456141481799
2019-02-18,9267.46,9248.5,9295.03,9229.13,43.38M,0.002738043308481153
2019-02-19,9256.17,9247.49,9278.42,9222.92,45.09M,-0.0012189836871066007
2019-02-20,9315.63,9275.81,9331.45,9274.63,73.84M,0.0064032784290848355
2019-02-21,9333.57,9324.93,9371.78,9310.84,64.96M,0.0019239437116702618
2019-02-22,9348.93,9329.31,9380.81,9316.87,49.01M,0.001644319920872661
2019-02-25,9398.37,9370.36,9415.99,9337.84,51.07M,0.0052743717350463015
2019-02-26,9461.21,9377.64,9481.45,9372.37,46.93M,0.006664011876747367
2019-02-27,9412.19,9427.04,9438.5,9390.78,50.79M,-0.005194624204444054
2019-02-28,9388.94,9402.14,9407.46,9345.59,65.50M,-0.0024732568576126823
2019-03-01,9412.02,9431.83,9456.04,9401.56,55.55M,0.0024551950106612708
2019-03-04,9394.05,9431.7,9440.1,9393.45,62.91M,-0.0019110856727913017
2019-03-05,9399.15,9358.95,9417.62,9336.93,75.76M,0.0005427495184644471
2019-03-06,9403.16,9396.07,9421.04,9363.27,54.85M,0.0004265433407706354
2019-03-07,9324.58,9350.58,9403.48,9284.36,72.80M,-0.008391878695118038
2019-03-08,9268.36,9287.12,9306.06,9228.86,57.43M,-0.006047475153419413
2019-03-11,9341.35,9308.75,9350.46,9260.86,48.13M,0.007844332262827436
2019-03-12,9331.62,9366.19,9366.55,9302.89,49.39M,-0.001042148183243441
2019-03-13,9387.43,9321.09,9387.7,9310.28,39.47M,0.005962927110857663
2019-03-14,9481.9,9404.94,9498.48,9404.94,51.88M,0.010013157787980731
2019-03-15,9483.1,9494.72,9509.86,9452.44,153.11M,0.00012654890604935076
2019-03-18,9496.93,9475.58,9499.41,9460.94,50.91M,0.0014573214528805778
2019-03-19,9525.92,9516.25,9582.91,9511.11,50.84M,0.003047915789966993
2019-03-20,9463.32,9494.08,9500.69,9429.13,65.29M,-0.006593231405995326
2019-03-21,9454.05,9416.7,9458.65,9394.71,54.81M,-0.000980051745246513
2019-03-22,9319.42,9462.0,9482.58,9313.56,75.52M,-0.014342826122351937
2019-03-25,9305.5,9272.42,9333.13,9263.04,54.25M,-0.0014947717994857612
2019-03-26,9389.3,9322.84,9404.18,9308.73,51.34M,0.008965119848653558
2019-03-27,9390.59,9404.66,9441.04,9321.56,62.91M,0.00013738099659121872
2019-03-28,9405.93,9396.2,9454.65,9395.77,43.31M,0.0016322173897762582
2019-03-29,9477.84,9443.36,9482.55,9426.1,62.04M,0.007616100767439349
2019-04-01,9538.11,9513.12,9554.73,9495.64,53.85M,0.006338910421291644
2019-04-02,9536.57,9528.1,9550.69,9509.39,42.94M,-0.00016147059907112293
2019-04-03,9570.09,9556.66,9570.09,9495.65,62.72M,0.0035087277827940966
2019-04-04,9563.71,9545.07,9568.0,9536.84,46.86M,-0.0006668827139879596
2019-04-05,9541.15,9557.07,9571.69,9518.14,45.17M,-0.0023617038267715884
2019-04-08,9547.33,9532.23,9573.62,9513.1,39.83M,0.0006475109821124647
2019-04-09,9582.22,9530.01,9628.8,9524.95,84.12M,0.003647763662785408
2019-04-10,9556.31,9558.19,9581.69,9524.29,57.05M,-0.00270762862449736
2019-04-11,9549.26,9543.26,9597.38,9522.02,60.00M,-0.0007380047096194886
2019-04-12,9484.91,9535.38,9548.94,9442.61,83.93M,-0.006761549903734121
2019-04-15,9513.71,9462.05,9539.95,9461.19,60.09M,0.0030318014740409183
2019-04-16,9579.85,9533.75,9595.97,9530.45,62.80M,0.006928018090460952
2019-04-17,9596.6,9601.23,9628.41,9571.09,91.31M,0.001746934835152203
2019-04-18,9571.22,9616.98,9623.13,9543.14,71.90M,-0.0026481900218495724
2019-04-23,9635.07,9563.81,9653.88,9542.95,66.50M,0.006648887965525319
2019-04-24,9655.67,9672.36,9704.53,9646.76,67.92M,0.002135740550167853
2019-04-25,9694.06,9695.16,9695.45,9644.72,65.88M,0.003968019230390141
2019-04-26,9724.27,9710.2,9724.27,9675.92,49.81M,0.00311149562016233
2019-04-29,9740.48,9719.05,9752.92,9701.84,51.49M,0.001665575334634184
2019-04-30,9769.74,9744.26,9785.57,9741.66,60.74M,0.002999455868465617
2019-05-02,9746.06,9777.9,9784.27,9745.44,61.25M,-0.0024267528485850676
2019-05-03,9741.99,9737.89,9786.51,9731.48,59.12M,-0.00041769187365225946
2019-05-06,9657.24,9619.22,9657.24,9560.85,56.40M,-0.00873751578594728
2019-05-07,9577.38,9658.14,9685.59,9562.95,55.91M,-0.00830382496613602
2019-05-08,9621.96,9567.04,9628.66,9536.24,49.27M,0.004643917980260426
2019-05-09,9430.3,9592.38,9592.38,9422.37,72.93M,-0.020120076627790695
2019-05-10,9472.83,9515.38,9545.06,9451.18,54.58M,0.004499791490902183
2019-05-13,9363.18,9475.53,9475.57,9319.99,65.22M,-0.011642724612386246
2019-05-14,9404.08,9413.69,9429.41,9363.76,48.25M,0.004358661280470244
2019-05-15,9480.76,9428.81,9480.76,9361.39,58.89M,0.008120844170028008
2019-05-16,9660.59,9492.21,9660.59,9467.88,61.70M,0.018790241133924468
2019-05-17,9659.08,9631.11,9671.16,9600.96,57.24M,-0.0001563173701288889
2019-05-20,9582.08,9641.16,9666.39,9536.04,50.80M,-0.008003718179990571
2019-05-21,9624.16,9621.02,9636.21,9594.5,40.55M,0.004381916224327043
2019-05-22,9645.04,9610.05,9649.77,9563.54,42.94M,0.0021671899375466097
2019-05-23,9594.31,9609.52,9623.6,9563.72,59.96M,-0.00527357915620108
2019-05-24,9666.89,9620.9,9688.86,9619.6,40.66M,0.007536430080325118
2019-05-27,9712.96,9723.13,9754.53,9710.37,25.28M,0.004754431719840468
2019-05-28,9680.87,9714.91,9721.01,9643.47,60.62M,-0.003309302936665759
2019-05-29,9541.97,9602.22,9606.9,9530.33,55.80M,-0.014451810188932157
2019-05-31,9523.98,9510.96,9544.1,9463.63,58.23M,-0.0018871344295927628
2019-06-03,9602.73,9466.04,9602.73,9439.06,56.94M,0.008234604382474586
2019-06-04,9597.71,9558.76,9646.34,9553.66,63.10M,-0.0005229046953498795
2019-06-05,9658.62,9582.33,9672.82,9579.43,49.68M,0.006326252524981868
2019-06-06,9682.29,9666.96,9757.81,9665.91,47.58M,0.00244766268157548
2019-06-07,9749.13,9716.98,9781.39,9686.22,46.68M,0.006879606701131635
2019-06-11,9835.87,9764.12,9871.44,9763.96,57.57M,0.00885785725260213
2019-06-12,9859.73,9785.47,9882.4,9778.39,49.19M,0.002422877360647391
2019-06-13,9861.83,9845.69,9906.77,9841.3,41.44M,0.0002129648981057386
2019-06-14,9847.61,9825.22,9861.76,9808.53,47.06M,-0.0014429636222388353
2019-06-17,9851.57,9867.1,9874.63,9819.47,38.30M,0.0004020471972285833
2019-06-18,9988.55,9839.44,10011.39,9815.75,62.44M,0.013808603635173
2019-06-19,9961.65,9969.29,9979.62,9935.17,46.13M,-0.0026967164541744637
2019-06-20,9978.52,10015.69,10062.65,9978.34,58.97M,0.0016920622065921265
2019-06-21,9922.83,9970.5,9990.24,9915.62,109.66M,-0.005596619863558416
2019-06-24,9898.85,9951.44,9973.55,9884.67,51.79M,-0.0024195740925012643
2019-06-25,9898.9,9871.78,9939.43,9869.02,43.61M,5.051079037698969e-06
2019-06-26,9838.13,9861.78,9916.58,9835.61,48.16M,-0.006157987502394491
2019-06-27,9859.76,9846.87,9889.97,9822.74,51.52M,0.002196175193768468
2019-06-28,9898.24,9840.2,9901.57,9817.72,46.79M,0.0038951360109127364
2019-07-01,9970.0,9990.94,10022.89,9955.5,58.32M,0.007223620415322429
2019-07-02,10020.93,9982.52,10055.04,9978.94,55.49M,0.00509532174724292
2019-07-03,10066.53,10030.79,10091.48,10027.51,51.99M,0.0045401537406277725
2019-07-04,10066.48,10080.45,10087.84,10047.79,35.18M,-4.966967184216742e-06
2019-07-05,9980.22,10071.7,10071.7,9968.21,65.81M,-0.008605958325851759
2019-07-08,9994.1,9948.76,9996.88,9944.99,52.18M,0.001389784706974595
2019-07-09,9961.34,9974.05,9983.24,9908.97,60.66M,-0.003283318175883565
2019-07-10,9937.56,9927.49,10003.64,9905.51,89.05M,-0.002390083001600374
2019-07-11,9879.53,9942.83,9956.88,9866.55,59.86M,-0.00585657792002614
2019-07-12,9762.98,9870.51,9886.38,9762.11,94.55M,-0.011867258087260524
2019-07-15,9808.58,9769.23,9828.28,9733.49,51.70M,0.0046598311543153415
2019-07-16,9850.52,9805.83,9869.24,9804.09,62.13M,0.004266732823626995
2019-07-17,9942.01,9862.03,9995.36,9862.02,61.60M,0.009244967837084062
2019-07-18,10010.15,9912.11,10041.86,9898.0,66.18M,0.006830364724029536
2019-07-19,9937.03,10042.05,10048.39,9920.06,55.91M,-0.007331394965346405
2019-07-22,9922.37,9926.18,9952.16,9899.38,45.15M,-0.00147637921214816
2019-07-23,9965.15,9965.82,9998.82,9930.45,67.59M,0.004302202183517068
2019-07-24,9907.68,9973.87,9976.11,9875.36,85.62M,-0.005783792263942544
2019-07-25,9877.03,9944.81,10015.32,9847.32,89.75M,-0.0030983546910210435
2019-07-26,9968.08,9886.67,10001.66,9881.01,69.66M,0.009176128414175366
2019-07-29,9970.87,9936.03,10000.55,9916.36,50.42M,0.00027985425693977106
2019-07-30,9890.9,9963.11,9972.12,9842.59,74.81M,-0.00805269944661191
2019-07-31,9919.27,9885.75,9958.01,9863.96,81.02M,0.002864187373919691
2019-08-02,9803.69,9767.79,9873.4,9743.83,115.26M,-0.011720484460413516
2019-08-05,9599.43,9714.79,9739.47,9563.48,78.25M,-0.02105512370788354
2019-08-06,9553.88,9565.61,9650.66,9549.08,74.91M,-0.00475636700635107
2019-08-07,9533.98,9549.93,9651.69,9464.41,91.39M,-0.00208509567964299
2019-08-08,9751.55,9656.03,9757.42,9626.98,67.01M,0.022563987708613453
2019-08-09,9749.92,9745.03,9804.7,9728.79,63.21M,-0.00016716688575613148
2019-08-12,9760.02,9801.7,9862.97,9747.79,75.38M,0.0010353697553409091
2019-08-13,9786.24,9729.51,9827.73,9641.25,92.34M,0.002682867794364441
2019-08-14,9628.48,9801.97,9806.5,9599.62,99.18M,-0.016251944128690354
2019-08-15,9606.26,9654.23,9667.39,9515.4,84.93M,-0.0023104039757377848
2019-08-16,9728.39,9637.25,9744.46,9630.97,68.60M,0.012633445587569625
2019-08-19,9825.59,9783.33,9856.33,9771.64,58.72M,0.00994179196219136
2019-08-20,9770.39,9817.35,9861.87,9768.35,54.90M,-0.00563382346825847
2019-08-21,9848.11,9782.42,9883.08,9782.33,47.89M,0.00792317522576802
2019-08-22,9805.5,9827.61,9869.79,9774.33,49.06M,-0.004336105861678874
2019-08-23,9744.98,9842.48,9882.25,9735.29,51.07M,-0.006191172115869392
2019-08-26,9715.83,9724.0,9768.35,9658.0,43.44M,-0.0029957665483451024
2019-08-27,9786.08,9707.1,9798.18,9685.69,53.52M,0.007204453702771119
2019-08-28,9758.19,9761.21,9772.71,9670.27,46.50M,-0.002854035370114971
2019-08-29,9838.48,9736.22,9848.71,9728.79,51.93M,0.008194295180288691
2019-08-30,9895.65,9868.77,9941.33,9861.38,67.19M,0.0057940390518584906
2019-09-02,9924.54,9903.94,9957.15,9894.94,37.36M,0.002915211252771499
2019-09-03,9852.7,9886.22,9900.88,9829.28,49.67M,-0.007264948594734477
2019-09-04,9894.6,9934.87,9980.14,9893.98,52.32M,0.004243624483258657
2019-09-05,9983.07,9942.91,10016.27,9897.96,72.39M,0.008901504469326582
2019-09-06,10073.82,9993.98,10076.47,9983.46,59.43M,0.009049321135419675
2019-09-09,10059.37,10093.64,10109.29,10050.68,64.36M,-0.0014354409292494097
2019-09-10,10020.48,10024.85,10031.5,9956.11,125.28M,-0.0038735397551725725
2019-09-11,10098.59,10064.34,10098.93,10041.99,79.40M,0.007764811440312158
2019-09-12,10094.09,10105.17,10140.93,10057.12,81.37M,-0.00044570607512284255
2019-09-13,10047.34,10130.45,10131.13,10033.33,72.24M,-0.004642181211023555
2019-09-16,9969.19,9965.14,10012.66,9964.11,61.28M,-0.00780858591302902
2019-09-17,10013.82,9960.9,10025.02,9944.6,61.01M,0.00446680196886895
2019-09-18,10018.84,9982.47,10037.97,9982.24,51.72M,0.0005011815809865539
2019-09-19,10064.46,10022.33,10070.64,9993.93,65.29M,0.004543085893748966
2019-09-20,10056.83,10114.18,10114.18,10056.1,132.78M,-0.0007584007154317618
2019-09-23,9997.39,10046.4,10046.84,9957.82,59.76M,-0.005927946742657397
2019-09-24,9991.31,10019.02,10044.86,9977.78,59.51M,-0.0006083437329600372
2019-09-25,9914.82,9926.2,9934.98,9837.2,80.01M,-0.007685107699339611
2019-09-26,10010.71,9907.21,10032.69,9906.34,60.58M,0.00962491238739105
2019-09-27,10037.81,10055.55,10071.46,10020.44,51.01M,0.002703443097571423
2019-09-30,10078.32,10028.45,10087.85,10012.9,54.90M,0.004027619105842817
2019-10-01,9952.5,10101.53,10124.22,9928.66,70.98M,-0.012562806193788134
2019-10-02,9757.28,9930.3,9931.6,9753.09,90.68M,-0.019810102832789056
2019-10-03,9760.44,9762.49,9796.5,9682.36,74.67M,0.0003238083165051364
2019-10-04,9827.72,9793.38,9842.2,9749.48,57.99M,0.006869482848541608
2019-10-07,9914.06,9849.08,9931.13,9829.2,49.92M,0.008746987403084105
2019-10-08,9800.24,9904.13,9922.37,9779.45,65.56M,-0.011547076455103777
2019-10-09,9830.05,9792.7,9880.68,9777.92,52.56M,0.003037145443554934
2019-10-10,9903.02,9832.06,9914.56,9796.69,59.30M,0.007395740511020321
2019-10-11,10017.39,9913.37,10027.87,9906.83,67.32M,0.011482821557095235
2019-10-14,9964.24,9947.3,9976.56,9893.63,46.70M,-0.00531989886222739
2019-10-15,10048.75,10014.86,10076.35,9970.1,52.68M,0.008445564838016395
2019-10-16,10032.49,10071.49,10082.16,10000.93,55.18M,-0.0016194222621237486
2019-10-17,10008.94,10023.99,10096.48,10002.65,57.86M,-0.002350132783851322
2019-10-18,9965.49,9991.33,10015.51,9958.32,55.18M,-0.004350569055850073
2019-10-21,9991.42,9969.37,10026.01,9955.1,65.93M,0.0025986001431590466
2019-10-22,10017.35,9982.81,10027.19,9934.54,67.34M,0.00259186491882879
2019-10-23,10023.52,9989.96,10053.78,9988.28,73.89M,0.0006157417512255847
2019-10-24,10106.53,10051.28,10115.52,10050.04,69.04M,0.008247418215770352
2019-10-25,10197.09,10117.58,10197.09,10107.63,58.00M,0.008920635881278116
2019-10-28,10231.8,10190.17,10254.64,10185.07,62.73M,0.003398132096316786
2019-10-29,10257.69,10209.75,10260.69,10199.68,60.35M,0.0025271506297954716
2019-10-30,10254.95,10253.62,10269.95,10215.42,67.40M,-0.00026715235252972036
2019-10-31,10219.82,10263.46,10287.83,10206.27,71.39M,-0.003431543746058807
2019-11-01,10252.24,10235.56,10279.53,10223.8,53.75M,0.0031672461981475664
2019-11-04,10337.07,10272.94,10353.53,10259.86,70.20M,0.00824024505993215
2019-11-05,10272.98,10323.21,10327.63,10266.79,68.42M,-0.006219315972810335
2019-11-06,10318.1,10259.28,10327.76,10252.82,67.01M,0.0043824871949667
2019-11-07,10326.78,10347.04,10356.04,10290.85,61.93M,0.0008408865066265037
2019-11-08,10309.23,10308.0,10329.11,10276.72,56.25M,-0.0017009106151011366
2019-11-11,10305.27,10310.97,10335.78,10275.96,42.38M,-0.0003841955952079701
2019-11-12,10314.16,10306.1,10326.38,10282.44,52.83M,0.0008622935309894331
2019-11-13,10299.22,10278.44,10314.11,10231.78,52.78M,-0.0014495441908088935
2019-11-14,10233.23,10299.04,10311.92,10229.25,48.45M,-0.006427896058537996
2019-11-15,10310.12,10314.67,10335.96,10269.63,53.45M,0.0074856689922011554
2019-11-18,10347.18,10316.93,10381.03,10311.63,48.64M,0.0035880816718751873
2019-11-19,10366.02,10370.66,10428.57,10348.0,55.25M,0.0018191303319134988
2019-11-20,10385.74,10347.99,10385.95,10319.17,54.01M,0.0019005622593883942
2019-11-21,10338.35,10322.39,10360.21,10285.94,53.78M,-0.004573429530729811
2019-11-22,10369.44,10367.49,10419.76,10351.05,65.83M,0.003002736975799891
2019-11-25,10468.62,10424.95,10472.94,10416.7,53.87M,0.009519192183150338
2019-11-26,10506.93,10479.74,10537.76,10471.08,74.43M,0.0036528284214742968
2019-11-27,10529.26,10531.68,10544.04,10501.17,47.10M,0.002123008813580185
2019-11-28,10529.14,10512.1,10538.99,10503.73,27.27M,-1.139687725526528e-05
2019-11-29,10493.24,10491.64,10527.81,10481.59,40.06M,-0.003415411090264442
2019-12-02,10348.44,10498.6,10551.51,10336.32,60.82M,-0.013895456591725974
2019-12-03,10232.93,10371.94,10380.68,10221.51,75.71M,-0.011224832246076843
2019-12-04,10334.56,10245.47,10344.27,10237.62,54.67M,0.009882666981498645
2019-12-05,10363.5,10362.78,10438.69,10353.97,43.48M,0.0027963991658026544
2019-12-06,10463.88,10378.86,10472.06,10376.21,42.99M,0.00963930914435629
2019-12-09,10434.89,10449.84,10488.64,10433.63,38.60M,-0.0027743277326290894
2019-12-10,10390.53,10416.57,10418.6,10295.58,55.28M,-0.004260184629305996
2019-12-11,10405.31,10374.6,10416.41,10341.19,46.31M,0.0014214383731143698
2019-12-12,10451.36,10403.35,10492.35,10375.56,68.55M,0.004415860713196551
2019-12-13,10429.27,10465.01,10507.95,10424.58,84.75M,-0.00211583733258891
2019-12-16,10541.67,10478.43,10562.81,10458.57,58.96M,0.010719698434092706
2019-12-17,10538.89,10515.25,10544.45,10498.97,74.98M,-0.0002637501106335094
2019-12-18,10556.74,10541.26,10638.2,10539.0,62.18M,0.0016922940210832849
2019-12-19,10575.15,10556.8,10577.41,10522.4,53.84M,0.0017423907333995459
2019-12-20,10679.37,10628.83,10679.37,10610.82,106.98M,0.009806933799191953
2019-12-23,10724.34,10679.91,10734.09,10678.27,36.61M,0.004202081430873861
2019-12-27,10730.15,10738.65,10755.68,10708.4,29.99M,0.0005416115826601953
2019-12-30,10616.94,10734.47,10736.35,10613.12,32.98M,-0.010606697340096005
2020-01-03,10699.82,10585.29,10700.86,10580.92,55.98M,0.0077760801949171565
2020-01-06,10665.41,10652.78,10675.62,10548.48,51.78M,-0.0032211242052753164
2020-01-07,10686.8,10714.23,10747.19,10655.29,65.95M,0.0020035403506497573
2020-01-08,10652.16,10628.09,10681.4,10616.63,59.63M,-0.0032466465495541996
2020-01-09,10650.97,10721.87,10744.92,10645.82,53.94M,-0.00011172067214815229
2020-01-10,10639.49,10678.41,10688.7,10638.94,50.66M,-0.0010784173862461444
2020-01-13,10622.41,10645.3,10680.47,10592.4,48.64M,-0.001606630044726387
2020-01-14,10655.82,10616.62,10655.82,10536.28,64.28M,0.0031403013743176444
2020-01-15,10670.74,10656.31,10691.37,10620.35,59.86M,0.0013991944724445204
2020-01-16,10693.52,10687.21,10693.52,10639.63,48.68M,0.002132534301029665
2020-01-17,10841.82,10723.7,10849.29,10715.92,71.40M,0.01377292806045105
2020-01-20,10846.29,10844.11,10867.16,10835.31,44.76M,0.0004122074319337088
2020-01-21,10884.51,10825.92,10884.51,10767.54,87.42M,0.0035175915667551294
2020-01-22,10895.07,10907.16,10960.75,10893.28,67.12M,0.0009697157454375827
2020-01-23,10813.94,10889.06,10905.43,10798.62,62.67M,-0.007474350760334758
2020-01-24,10849.75,10865.96,10913.2,10845.69,56.10M,0.003305995665167316
2020-01-27,10675.96,10762.62,10780.92,10639.75,70.88M,-0.0161475534327149
2020-01-28,10781.98,10729.66,10789.17,10662.07,61.40M,0.00988173727069075
2020-01-29,10859.88,10795.46,10880.44,10772.63,54.35M,0.007199042636651498
2020-01-30,10748.92,10805.49,10812.64,10716.49,65.63M,-0.010269980310548377
2020-01-31,10627.88,10814.28,10815.62,10616.81,70.81M,-0.011324547506230687
2020-02-03,10664.95,10650.02,10694.76,10598.12,51.98M,0.003481926775583233
2020-02-04,10800.64,10707.44,10800.64,10693.32,59.23M,0.012642727953885213
2020-02-05,10994.15,10789.72,11006.72,10781.57,84.40M,0.017757921517432607
2020-02-06,11012.36,11040.17,11061.18,10979.82,62.98M,0.001654965204050285
2020-02-07,11001.53,10995.65,11015.61,10958.45,83.74M,-0.0009839243199376568
2020-02-10,11039.78,10968.14,11039.78,10963.52,51.33M,0.003470759078943786
2020-02-11,11101.17,11079.78,11114.39,11071.57,57.26M,0.005545395054772584
2020-02-12,11089.24,11094.01,11119.89,11074.56,59.03M,-0.0010752393623540968
2020-02-13,11092.35,11071.39,11092.35,11008.51,79.17M,0.00028041272247669724
2020-02-14,11128.81,11105.61,11152.57,11078.95,54.16M,0.0032815598032414073
2020-02-17,11168.45,11156.24,11180.98,11136.36,37.29M,0.003555597572225011
2020-02-18,11146.28,11094.87,11178.65,11094.09,51.96M,-0.0019870289530246055
2020-02-19,11263.01,11189.81,11264.33,11173.66,58.00M,0.01041809497658086
2020-02-20,11154.53,11255.66,11270.0,11154.53,93.01M,-0.009678211503617362
2020-02-21,11110.78,11108.27,11172.44,11057.53,106.25M,-0.003929885216619411
2020-02-24,10712.84,11086.0,11086.85,10650.07,126.83M,-0.03647278616450045
2020-02-25,10478.51,10749.59,10779.15,10467.21,102.52M,-0.022116528830869342
2020-02-26,10512.15,10405.3,10546.67,10216.55,114.16M,0.00320523783436677
2020-02-27,10205.46,10456.82,10461.17,10094.92,144.74M,-0.029608859857756187
2020-02-28,9831.03,10205.46,10205.46,9725.32,183.60M,-0.03737916123739282
2020-03-02,9950.83,9844.27,10136.62,9790.42,155.09M,0.012112254825225932
2020-03-03,10087.4,9999.52,10286.29,9990.61,139.05M,0.013631155511030002
2020-03-04,10251.39,10128.76,10296.03,10072.23,103.47M,0.01612618585839698
2020-03-05,10143.57,10303.76,10321.42,10045.1,106.75M,-0.010573298939842601
2020-03-06,9736.82,10139.78,10142.31,9652.51,142.81M,-0.04092543156746409
2020-03-09,9196.6,9736.82,9736.82,9059.11,223.19M,-0.05708072510748785
2020-03-10,9195.93,9247.64,9576.04,9150.54,194.12M,-7.285566480419448e-05
2020-03-11,9152.5,9256.45,9373.92,9130.19,146.25M,-0.004733928854490088
2020-03-12,8270.44,9152.5,9152.5,8168.86,265.74M,-0.10133935403887229
2020-03-13,8367.56,8282.51,9042.54,8266.48,231.69M,0.011674612704791087
2020-03-16,8227.08,8360.09,8391.21,7650.23,203.96M,-0.016931172459408117
2020-03-17,8493.04,8227.08,8627.48,7953.53,154.20M,0.031815852328994865
2020-03-18,8338.74,8493.04,8493.04,8094.9,211.12M,-0.018334878727397808
2020-03-19,8782.24,8361.09,8782.24,8327.86,187.66M,0.05181937457247976
2020-03-20,8623.86,8782.15,9174.58,8623.86,255.26M,-0.01819872012420376
2020-03-23,8160.79,8623.86,8642.42,8160.79,150.09M,-0.055191802253279576
2020-03-24,8733.32,8187.51,8733.32,8187.02,140.99M,0.06780461736486032
2020-03-25,8989.16,8772.02,9136.83,8664.44,148.18M,0.02887381158539526
2020-03-26,9203.98,8895.18,9203.98,8824.16,125.63M,0.02361659223686985
2020-03-27,8996.37,9174.95,9192.97,8868.05,110.30M,-0.022814836560364427
2020-03-30,9174.39,9047.71,9174.39,8866.35,94.71M,0.019594744074662884
2020-03-31,9311.92,9184.78,9370.85,9155.11,107.29M,0.014879393170103228
2020-04-01,9168.98,9311.92,9311.92,9036.73,88.88M,-0.015469252084452378
2020-04-02,9270.96,9212.09,9318.61,9075.15,83.44M,0.011060886283926763
2020-04-03,9242.44,9281.33,9309.87,9219.1,70.42M,-0.003081014028849083
2020-04-06,9462.34,9259.73,9522.11,9259.09,81.88M,0.023513789712373168
2020-04-07,9514.6,9470.48,9695.84,9450.75,98.12M,0.0055077512086008085
2020-04-08,9432.39,9427.41,9452.94,9350.22,70.19M,-0.008677949997736079
2020-04-09,9452.83,9465.86,9550.37,9321.93,96.88M,0.002164656591913783
2020-04-14,9538.61,9507.46,9613.77,9499.23,78.26M,0.009033604965839714
2020-04-15,9320.2,9529.68,9568.1,9309.94,82.83M,-0.023163684843780175
2020-04-16,9439.91,9416.2,9474.8,9381.2,89.57M,0.012762358518934036
2020-04-17,9612.83,9455.16,9663.03,9453.66,116.14M,0.018152218327923464
2020-04-20,9785.27,9669.32,9785.27,9583.67,67.18M,0.017779529180755205
2020-04-21,9547.85,9734.96,9762.74,9544.47,73.14M,-0.02456219546551175
2020-04-22,9630.56,9620.89,9650.58,9566.54,62.90M,0.00862537747202552
2020-04-23,9625.48,9625.75,9701.6,9529.99,75.28M,-0.0005276266686049524
2020-04-24,9625.65,9560.0,9679.69,9552.35,69.74M,1.7661300921290035e-05
2020-04-27,9758.82,9610.4,9784.59,9610.4,77.38M,0.013740081115299674
2020-04-28,9889.46,9787.39,9948.84,9780.95,117.98M,0.013298052060815024
2020-04-29,9865.32,9847.41,9895.01,9799.08,106.56M,-0.002443966676990428
2020-04-30,9629.4,9850.87,9877.3,9629.4,113.04M,-0.024204658287260372
2020-05-04,9390.27,9618.93,9619.38,9389.66,104.02M,-0.025146871772635748
2020-05-05,9512.17,9444.58,9512.17,9416.14,79.36M,0.012897984589862688
2020-05-06,9571.7,9506.28,9597.33,9480.1,68.77M,0.006238796752265685
2020-05-07,9617.98,9609.13,9635.96,9555.61,65.78M,0.004823435276392729
2020-05-08,9665.35,9666.66,9688.63,9628.76,43.19M,0.004913061725895673
2020-05-11,9689.71,9679.53,9726.24,9590.74,55.08M,0.0025171725494423924
2020-05-12,9733.53,9693.06,9760.54,9674.07,54.57M,0.004512128187197817
2020-05-13,9631.62,9679.88,9694.36,9621.49,78.83M,-0.01052518992047169
2020-05-14,9448.14,9581.6,9592.5,9393.47,94.22M,-0.019233539224813967
2020-05-15,9483.1,9526.44,9576.57,9474.14,71.68M,0.003693370295948739
2020-05-18,9740.77,9536.72,9740.77,9533.8,74.28M,0.02680890293909144
2020-05-19,9764.23,9741.21,9785.18,9703.61,80.45M,0.0024055382017778015
2020-05-20,9790.85,9731.9,9790.85,9716.75,60.84M,0.0027225678895828054
2020-05-22,9688.99,9713.75,9729.29,9604.37,72.60M,-0.010458086758486473
2020-05-25,9824.54,9743.13,9832.35,9711.75,42.22M,0.013893148016764556
2020-05-26,9830.83,9879.06,9884.33,9790.25,81.60M,0.0006400286755940954
2020-05-27,9716.52,9853.9,9856.91,9673.15,115.38M,-0.011695836321589326
2020-05-28,9926.03,9776.93,9966.05,9769.45,101.20M,0.021333069851337427
2020-05-29,9831.49,9918.5,9944.53,9823.73,135.19M,-0.009570100048017949
2020-06-02,9951.45,9874.84,9979.18,9872.96,93.01M,0.01212776971816254
2020-06-03,10183.77,9962.22,10183.85,9954.09,112.95M,0.023077007357551693
2020-06-04,10075.68,10152.59,10203.91,10024.02,97.60M,-0.010670677202213597
2020-06-05,10190.37,10082.56,10190.37,10061.83,100.09M,0.011318557331717827
2020-06-08,10152.77,10114.02,10188.3,10082.05,85.22M,-0.0036965820238279434
2020-06-09,10184.82,10153.39,10206.64,10112.43,98.87M,0.0031518018144396365
2020-06-10,10147.18,10190.07,10218.26,10122.38,83.18M,-0.0037025421011200876
2020-06-11,9828.58,10108.18,10116.71,9828.58,101.23M,-0.03190136639624974
2020-06-12,9796.37,9800.01,9913.9,9723.89,74.56M,-0.003282559081416281
2020-06-15,9842.56,9762.95,9874.61,9633.2,74.23M,0.0047039309341556645
2020-06-16,10034.29,9873.45,10098.5,9869.25,87.52M,0.01929238754915019
2020-06-17,10202.19,10084.1,10218.05,10074.95,66.13M,0.01659417574805211
2020-06-18,10186.5,10191.88,10218.59,10131.68,72.28M,-0.0015390888867514718
2020-06-19,10266.29,10226.53,10291.46,10200.46,157.01M,0.0078023980868806575
2020-06-22,10151.13,10196.02,10272.94,10144.86,56.47M,-0.011280682986372526
2020-06-23,10246.56,10205.72,10265.82,10180.81,67.99M,0.009357010158435486
2020-06-24,10021.99,10187.78,10216.52,10021.99,75.17M,-0.022160360766555698
2020-06-25,10089.83,9976.0,10089.83,9925.96,68.20M,0.006746307126658024
2020-06-26,10041.91,10163.91,10172.15,10018.2,68.58M,-0.004760650644609399
2020-06-29,10060.46,10021.89,10080.85,10004.26,54.86M,0.0018455540580752938
2020-06-30,10045.3,10070.96,10077.23,10000.82,53.42M,-0.0015080258466220187
2020-07-01,10089.67,10027.45,10142.22,9991.49,62.47M,0.004407264755810658
2020-07-02,10187.56,10157.83,10187.56,10113.03,66.55M,0.009655239938670235
2020-07-03,10125.84,10204.49,10210.15,10110.25,33.57M,-0.006076795605860497
2020-07-06,10253.38,10248.88,10268.19,10197.38,50.51M,0.012516834810057276
2020-07-07,10207.96,10213.54,10228.86,10157.52,46.37M,-0.004439599224927093
2020-07-08,10178.41,10150.62,10224.07,10145.39,50.65M,-0.0028989977809015244
2020-07-09,10143.38,10219.15,10265.83,10117.65,50.17M,-0.003447534365399463
2020-07-10,10229.97,10114.92,10242.38,10113.49,47.71M,0.008500371454758238
2020-07-13,10300.96,10298.82,10304.04,10220.33,50.91M,0.006915447367957128
2020-07-14,10259.5,10204.88,10259.5,10117.64,64.97M,-0.0040329891642088
2020-07-15,10460.01,10358.83,10501.34,10330.42,62.96M,0.019355309047600855
2020-07-16,10433.43,10402.24,10433.43,10356.7,50.42M,-0.002544340648469756
2020-07-17,10410.52,10428.9,10430.89,10370.72,45.17M,-0.0021982406622154116
2020-07-20,10470.92,10388.16,10491.09,10341.52,45.23M,0.005785057778576075
2020-07-21,10444.05,10495.2,10535.33,10421.83,68.41M,-0.002569452863969701
2020-07-22,10439.04,10406.21,10447.99,10375.98,60.04M,-0.0004798140597124245
2020-07-23,10383.38,10456.66,10477.48,10367.64,58.85M,-0.005346173266199017
2020-07-24,10214.21,10271.38,10273.28,10181.3,50.39M,-0.016426562907511766
2020-07-27,10272.34,10174.72,10297.23,10174.28,46.19M,0.0056749580585329085
2020-07-28,10277.2,10292.22,10320.2,10222.89,55.78M,0.000473003297457808
2020-07-29,10272.81,10276.94,10295.52,10242.4,54.82M,-0.00042725040686519833
2020-07-30,10095.34,10267.61,10274.04,10007.85,73.53M,-0.017426667741624158
2020-07-31,10005.9,10127.03,10199.62,9984.99,70.67M,-0.008899012224789615
2020-08-03,10229.67,10013.36,10279.8,9999.55,57.35M,0.02211740236624138
2020-08-04,10162.04,10244.98,10256.92,10107.29,52.03M,-0.00663311198189831
2020-08-05,10097.97,10199.31,10220.86,10097.87,37.79M,-0.006324795849831588
2020-08-06,10067.13,10084.96,10149.9,10015.46,47.56M,-0.003058752403392262
2020-08-07,10068.03,10061.7,10126.93,10039.06,37.23M,8.939586281897505e-05
2020-08-10,10090.91,10080.48,10144.11,10061.19,40.07M,0.002269961597637149
2020-08-11,10153.24,10133.29,10213.47,10109.1,51.40M,0.006157847769150848
2020-08-12,10278.66,10142.62,10290.87,10134.73,49.92M,0.012277034962940192
2020-08-13,10260.11,10280.63,10303.02,10243.27,41.96M,-0.0018063404034265318
2020-08-14,10163.6,10225.93,10235.45,10095.22,37.95M,-0.009450850834017643
2020-08-17,10228.06,10174.92,10228.08,10120.41,32.36M,0.006322213562548029
2020-08-18,10168.4,10189.64,10257.94,10142.46,43.96M,-0.005850051444786786
2020-08-19,10310.01,10153.3,10310.01,10139.31,41.39M,0.01383039574404421
2020-08-20,10229.92,10233.56,10276.59,10209.2,40.44M,-0.007798508164396978
2020-08-21,10218.2,10266.37,10286.22,10169.66,41.31M,-0.001146315777038609
2020-08-24,10308.39,10313.66,10356.75,10280.94,42.55M,0.008787682746838499
2020-08-25,10231.25,10330.1,10346.73,10231.25,43.45M,-0.007511364628598471
2020-08-26,10309.65,10205.18,10321.32,10202.13,33.63M,0.0076335876916608925
2020-08-27,10240.46,10312.93,10331.43,10240.46,39.23M,-0.006733809351564091
2020-08-28,10164.49,10233.48,10254.4,10147.15,41.04M,-0.007446266815129832
2020-08-31,10135.56,10196.21,10245.02,10132.81,50.99M,-0.0028502412147055622
2020-09-01,10188.85,10228.97,10283.11,10154.38,53.98M,0.005243952677453478
2020-09-02,10384.84,10262.26,10415.62,10254.6,61.80M,0.01905306524758288
2020-09-03,10220.64,10452.1,10511.13,10195.84,73.84M,-0.015937845248544136
2020-09-04,10153.09,10146.49,10309.55,10091.98,62.40M,-0.006631112469202449
2020-09-07,10297.8,10211.95,10341.87,10204.42,39.09M,0.014152187533651883
2020-09-08,10250.44,10320.84,10342.46,10150.44,57.64M,-0.004609648696154878
2020-09-09,10406.57,10290.05,10430.64,10274.35,54.82M,0.015116705966317312
2020-09-10,10387.44,10394.81,10425.8,10333.53,50.73M,-0.0018399534670727746
2020-09-11,10439.52,10358.61,10474.33,10356.28,48.06M,0.005001220394422745
2020-09-14,10457.43,10482.39,10494.86,10405.96,67.07M,0.0017141261653321749
2020-09-15,10520.0,10476.92,10562.02,10452.91,56.92M,0.005965476758209576
2020-09-16,10552.04,10519.74,10580.38,10519.03,60.28M,0.003040998848833354
2020-09-17,10519.33,10441.94,10544.35,10438.61,57.36M,-0.0031046890899428803
2020-09-18,10539.17,10532.26,10591.66,10508.31,143.37M,0.0018842753159198367
2020-09-21,10325.44,10470.3,10495.49,10276.5,80.01M,-0.02048803943316635
2020-09-22,10355.57,10364.15,10403.55,10318.32,57.84M,0.0029137862529307057
2020-09-23,10330.06,10368.65,10439.74,10327.54,52.70M,-0.002466447764193802
2020-09-24,10211.53,10237.46,10269.13,10156.05,61.95M,-0.011540617405012554
2020-09-25,10216.28,10226.81,10249.07,10118.08,64.00M,0.0004650523071845214
2020-09-28,10308.67,10336.5,10359.64,10261.43,56.84M,0.009002762395478925
2020-09-29,10229.3,10266.48,10284.93,10216.42,42.70M,-0.007729137312699308
2020-09-30,10187.0,10183.27,10266.97,10169.78,56.14M,-0.004143753816967077
2020-10-01,10238.12,10256.95,10312.37,10209.99,45.56M,0.005005611398036791
2020-10-02,10252.4,10143.64,10252.4,10130.79,41.46M,0.0013938155119372908
2020-10-05,10303.06,10329.66,10345.33,10273.36,44.90M,0.004929113974609933
2020-10-06,10233.16,10292.67,10295.06,10197.47,49.72M,-0.0068075108216731905
2020-10-07,10187.88,10227.26,10268.25,10158.19,44.27M,-0.0044346491860132176
2020-10-08,10270.24,10229.92,10307.89,10195.62,53.94M,0.008051614218615555
2020-10-09,10320.03,10288.53,10331.2,10276.91,42.46M,0.004836274322492784
2020-10-12,10364.1,10323.76,10390.4,10312.38,42.31M,0.004261244411631893
2020-10-13,10336.36,10371.21,10407.01,10316.62,49.89M,-0.0026801352824996627
2020-10-14,10292.66,10360.77,10386.03,10275.14,43.40M,-0.004236756313996892
2020-10-15,10067.96,10173.78,10173.78,10032.47,59.48M,-0.022072915559604667
2020-10-16,10207.13,10116.86,10251.58,10111.25,56.28M,0.013728391416190533
2020-10-19,10184.36,10263.17,10291.28,10183.42,54.08M,-0.002233285499382731
2020-10-20,10146.23,10169.88,10204.98,10122.52,75.47M,-0.003751002278583826
2020-10-21,9989.75,10147.42,10159.7,9989.75,68.04M,-0.01554264059738486
2020-10-22,9999.05,9943.73,9999.05,9890.11,56.53M,0.0009305211589545337
2020-10-23,10023.9,9978.5,10061.45,9971.37,63.85M,0.0024821530052836493
2020-10-26,9985.62,9956.35,10029.97,9946.93,55.50M,-0.0038261834067547795
2020-10-27,9887.49,9978.51,10000.56,9861.84,61.98M,-0.009875736364531207
2020-10-28,9618.65,9803.24,9803.41,9563.08,84.89M,-0.0275663995255222
2020-10-29,9556.14,9660.42,9670.65,9496.22,82.86M,-0.006520042352116562
2020-10-30,9587.15,9504.06,9587.15,9494.52,76.41M,0.003239780322385144
2020-11-02,9791.68,9595.66,9802.57,9556.93,63.10M,0.021109385337409137
2020-11-03,10003.82,9821.13,10003.82,9817.23,77.86M,0.021433974553207946
2020-11-04,10286.79,9996.55,10301.27,9982.26,80.50M,0.027893527774999427
2020-11-05,10306.35,10333.61,10381.02,10268.91,66.64M,0.0018996623032911941
2020-11-06,10322.57,10263.31,10350.38,10221.65,58.14M,0.0015725499291825429
2020-11-09,10417.99,10405.97,10644.22,10350.05,117.79M,0.009201359387308372
2020-11-10,10360.69,10389.84,10422.67,10310.42,119.44M,-0.005515282515299091
2020-11-11,10532.27,10369.43,10558.63,10367.22,67.52M,0.0164250405318338
2020-11-12,10496.2,10473.44,10561.35,10459.41,59.55M,-0.003430590563697322
2020-11-13,10492.61,10494.45,10513.9,10464.1,53.39M,-0.0003420870487662597
2020-11-16,10586.74,10482.56,10590.73,10460.69,85.38M,0.008931074789501281
2020-11-17,10565.12,10582.2,10628.41,10540.72,72.69M,-0.002044265377058707
2020-11-18,10563.89,10532.58,10619.26,10501.41,58.95M,-0.00011642760369667826
2020-11-19,10490.77,10475.43,10517.08,10468.41,64.91M,-0.0069457587027184076
2020-11-20,10495.65,10484.84,10528.33,10450.61,68.35M,0.00046506265365486854
2020-11-23,10464.4,10529.89,10553.32,10453.91,64.02M,-0.0029818653252249305
2020-11-24,10491.59,10509.76,10514.96,10435.02,77.39M,0.002594963564856556
2020-11-25,10488.27,10500.11,10543.26,10481.98,80.36M,-0.0003164940116580084
2020-11-26,10497.79,10511.52,10524.82,10494.69,41.71M,0.0009072689826492564
2020-11-27,10501.18,10496.3,10505.79,10452.14,49.14M,0.00032287298181366
2020-11-30,10476.43,10471.43,10551.16,10452.51,89.57M,-0.002359659797660285
2020-12-01,10449.21,10473.33,10495.18,10421.1,65.05M,-0.0026015945369159965
2020-12-02,10435.36,10423.41,10476.35,10403.54,67.86M,-0.001326338251674386
2020-12-03,10342.63,10429.88,10452.83,10325.53,63.80M,-0.008925850446104278
2020-12-04,10364.5,10369.09,10392.18,10338.91,54.50M,0.002112316688190674
2020-12-07,10375.38,10375.02,10422.96,10337.42,49.31M,0.0010491864946242657
2020-12-08,10394.1,10387.44,10407.62,10265.31,48.95M,0.001802645523071078
2020-12-09,10430.02,10412.84,10469.15,10378.52,43.14M,0.0034498490812602256
2020-12-10,10395.96,10462.51,10485.45,10375.95,66.20M,-0.0032709174182468104
2020-12-11,10391.76,10379.89,10423.67,10291.98,51.08M,-0.00040408472474773305
2020-12-14,10373.03,10425.1,10459.77,10351.76,49.93M,-0.0018040158440975063
2020-12-15,10341.18,10359.81,10391.24,10319.42,61.57M,-0.0030751860775612982
2020-12-16,10456.78,10381.52,10456.78,10355.14,78.71M,0.011116589364629448
2020-12-17,10540.36,10486.03,10569.7,10478.5,62.31M,0.007961126271290198
2020-12-18,10523.86,10543.55,10594.65,10518.7,105.81M,-0.0015666379647321094
2020-12-21,10305.52,10433.98,10449.32,10237.94,63.54M,-0.0209653861523158
2020-12-22,10403.37,10331.98,10413.96,10329.99,37.69M,0.009450118109139538
2020-12-23,10411.92,10402.89,10439.94,10376.78,37.57M,0.0008215115408773954
2020-12-28,10603.49,10495.13,10611.34,10495.13,30.11M,0.01823188855108704
2020-12-29,10682.04,10618.71,10683.84,10599.81,34.00M,0.007380634315973467
2020-12-30,10703.51,10701.23,10749.68,10685.94,35.20M,0.0020078985308593644
2021-01-04,10738.39,10805.93,10812.32,10693.86,52.42M,0.003253445894888074
2021-01-05,10694.09,10718.65,10793.6,10671.28,55.15M,-0.0041339185281330515
2021-01-06,10747.08,10674.87,10759.2,10620.74,79.43M,0.004942837343859807
2021-01-07,10778.67,10743.5,10826.87,10686.74,77.90M,0.0029350914767984904
2021-01-08,10797.99,10828.53,10838.86,10777.41,66.31M,0.0017908244522892858
2021-01-11,10870.42,10807.09,10883.23,10750.54,50.28M,0.0066853331428919915
2021-01-12,10875.25,10883.19,10896.36,10829.1,56.74M,0.00044422637513008567
2021-01-13,10846.88,10874.29,10907.09,10846.88,47.46M,-0.0026120841860972632
2021-01-14,10850.81,10847.23,10891.87,10809.08,45.42M,0.00036225054768301845
2021-01-15,10877.06,10830.15,10901.2,10825.23,78.56M,0.0024162527455509064
2021-01-18,10888.54,10864.99,10900.94,10850.57,33.62M,0.0010548756813069105
2021-01-19,10876.98,10927.18,10944.88,10869.43,48.24M,-0.001062230636984296
2021-01-20,10945.46,10888.79,10993.54,10872.8,43.80M,0.006276129047373402
2021-01-21,10913.11,10997.85,11004.44,10908.71,41.19M,-0.0029599396135111533
2021-01-22,10930.81,10898.94,10951.07,10868.71,47.22M,0.0016205886007458759
2021-01-25,10925.7,10980.34,11014.28,10918.56,55.64M,-0.00046759524673412045
2021-01-26,10964.05,10933.88,11013.81,10919.91,70.50M,0.003503926653968037
2021-01-27,10904.24,10921.6,11000.05,10832.09,77.86M,-0.005470034386096501
2021-01-28,10849.82,10821.74,10918.36,10712.78,63.70M,-0.00500321443636409
2021-01-29,10591.06,10721.16,10742.86,10591.06,70.16M,-0.024138240954195922
2021-02-01,10740.22,10666.16,10751.66,10650.64,46.90M,0.013985324009334832
2021-02-02,10803.57,10755.91,10857.05,10748.9,51.70M,0.0058810620220342
2021-02-03,10775.68,10866.51,10887.51,10762.83,46.20M,-0.0025848920170350453
2021-02-04,10860.95,10739.2,10866.63,10731.68,53.66M,0.007882044612401273
2021-02-05,10755.47,10855.6,10857.0,10745.03,43.44M,-0.00975932529042467
2021-02-08,10778.83,10803.97,10844.11,10778.83,44.23M,0.0021695628985352045
2021-02-09,10803.67,10757.14,10817.71,10735.16,40.86M,0.0023018659532567654
2021-02-10,10825.75,10818.14,10900.11,10774.94,42.87M,0.0020416643321770067
2021-02-11,10852.91,10821.78,10881.17,10813.0,33.70M,0.002505691238324559
2021-02-12,10880.37,10836.6,10890.82,10816.71,31.20M,0.002527001410987495
2021-02-15,10940.99,10890.7,10943.43,10883.52,32.78M,0.005556038298498933
2021-02-16,10907.6,10924.6,10953.42,10900.18,40.83M,-0.0030564925237310803
2021-02-17,10809.28,10867.78,10878.17,10783.99,40.76M,-0.009054769539737606
2021-02-18,10717.71,10809.83,10834.26,10714.56,51.07M,-0.008507511017734615
2021-02-19,10704.75,10744.37,10773.77,10704.75,60.38M,-0.0012099452239446862
2021-02-22,10697.38,10632.11,10716.27,10610.65,46.81M,-0.0006887165241327153
2021-02-23,10609.03,10702.06,10729.74,10529.03,51.07M,-0.008293326410854007
2021-02-24,10727.7,10630.59,10771.25,10626.77,59.23M,0.011123656121689862
2021-02-25,10658.87,10745.2,10746.09,10656.65,46.97M,-0.006436772015995018
2021-02-26,10522.22,10532.31,10686.02,10513.43,64.96M,-0.012903197704011049
2021-03-01,10706.59,10659.26,10713.41,10606.08,47.87M,0.017370228074693017
2021-03-02,10817.15,10713.12,10855.99,10704.38,55.41M,0.010273397875872448
2021-03-03,10771.88,10850.0,10864.6,10693.6,55.65M,-0.004193802718384987
2021-03-04,10750.09,10720.23,10769.38,10688.31,54.42M,-0.002024908263079439
2021-03-05,10607.79,10657.88,10691.53,10607.79,55.11M,-0.013325489764184795
2021-03-08,10830.38,10687.66,10838.29,10659.07,55.31M,0.020766511249172837
2021-03-09,10857.97,10775.07,10857.97,10746.71,53.95M,0.0025442244230369226
2021-03-10,10909.77,10801.23,10933.89,10788.34,46.79M,0.0047593455065495505
2021-03-11,10883.23,10894.84,10917.74,10859.5,51.94M,-0.0024356456770906476
2021-03-12,10839.93,10850.39,10872.21,10830.28,49.63M,-0.003986533943058035
2021-03-15,10867.33,10858.5,10905.19,10842.83,45.83M,0.0025245023602185057
2021-03-16,10944.48,10925.05,10968.54,10916.0,48.59M,0.0070741787812167445
2021-03-17,10922.49,10934.47,10947.39,10881.5,50.88M,-0.0020112532657901028
2021-03-18,10973.76,10912.75,10983.23,10896.41,68.76M,0.004683002221666399
2021-03-19,10967.37,10915.47,10975.9,10891.67,143.86M,-0.0005824677380488197
2021-03-22,11048.58,10931.56,11048.58,10928.34,51.63M,0.007377412133388717
2021-03-23,11098.66,11030.89,11118.33,11016.21,48.42M,0.0045224673915083
2021-03-24,11063.87,11048.59,11106.94,11033.37,43.81M,-0.0031395358360413184
2021-03-25,11098.81,11026.65,11102.78,11017.32,52.09M,0.003153050889784126
2021-03-26,11116.81,11113.9,11143.86,11091.63,46.26M,0.0016204817996481324
2021-03-29,11089.6,11127.74,11132.0,11058.69,117.37M,-0.0024506449820425047
2021-03-30,11121.42,11110.64,11138.11,11079.88,79.38M,0.0028652463299039255
2021-03-31,11047.37,11114.89,11123.26,11047.02,76.40M,-0.006680587926148007
2021-04-01,11118.03,11102.29,11141.2,11080.56,53.53M,0.006375724269334526
2021-04-06,11182.95,11170.6,11213.79,11142.67,80.58M,0.005822182109218588
2021-04-07,11128.18,11147.37,11163.34,11108.33,53.40M,-0.004909667060198686
2021-04-08,11206.88,11129.14,11206.88,11128.67,45.60M,0.007047245515401812
2021-04-09,11238.52,11206.85,11247.01,11190.7,59.49M,0.0028192877789869897
2021-04-12,11181.35,11220.77,11238.38,11166.32,43.54M,-0.00509995141930375
2021-04-13,11122.37,11174.08,11180.96,11094.84,49.99M,-0.005288816168803834
2021-04-14,11156.21,11135.69,11182.33,11121.87,54.60M,0.0030378979293370634
2021-04-15,11198.7,11160.9,11226.25,11156.56,51.93M,0.0038014065963558608
2021-04-16,11262.97,11198.58,11262.97,11169.01,60.21M,0.005722653337603134
2021-04-19,11209.84,11245.01,11266.78,11183.56,47.83M,-0.004728389461623905
2021-04-20,11078.98,11203.08,11216.35,11065.87,53.95M,-0.011742344691818118
2021-04-21,11209.09,11119.44,11229.15,11117.62,57.62M,0.011675436949095896
2021-04-22,11224.9,11214.23,11254.91,11197.54,99.10M,0.0014094686337422502
2021-04-23,11200.54,11211.91,11217.89,11130.31,60.88M,-0.0021725334781752537
2021-04-26,11162.09,11194.4,11201.8,11131.19,54.30M,-0.0034387760196228356
2021-04-27,11092.08,11147.58,11178.42,11068.23,61.40M,-0.006291875272008696
2021-04-28,11103.46,11106.82,11126.69,11070.72,50.80M,0.0010254313251376601
2021-04-29,11079.51,11137.18,11162.2,11064.28,49.38M,-0.0021593149434764314
2021-04-30,11022.34,11103.99,11123.35,11022.34,48.38M,-0.005173334133132812
2021-05-03,11119.0,11072.54,11148.06,11056.71,34.46M,0.00873123433972367
2021-05-04,10970.93,11123.44,11144.83,10959.78,49.99M,-0.013406309363682922
2021-05-05,11108.88,11028.48,11114.37,11014.9,48.07M,0.012495741131422378
2021-05-06,11111.1,11129.85,11139.63,11062.69,49.96M,0.00019982016251951507
2021-05-07,11173.57,11140.83,11173.57,11106.42,47.44M,0.005606559454326643
2021-05-10,11123.67,11157.76,11159.08,11086.98,40.93M,-0.0044758977619299145
2021-05-11,10989.32,11037.57,11044.37,10932.85,52.07M,-0.012151378273840052
2021-05-12,11033.9,11014.33,11069.24,10981.8,47.62M,0.004048459842740826
2021-05-14,11120.77,11101.48,11129.87,11066.6,41.03M,0.007842179116787307
2021-05-17,11135.37,11133.3,11163.99,11084.52,39.93M,0.0013119976864182092
2021-05-18,11141.75,11178.47,11205.69,11116.3,36.72M,0.0005727850076144847
2021-05-19,11045.2,11060.74,11099.54,10993.72,46.76M,-0.008703369274291717
2021-05-20,11152.08,11091.32,11152.08,11054.42,42.27M,0.009630083144388735
2021-05-21,11225.58,11205.81,11239.2,11138.9,43.99M,0.006569075078482811
2021-05-25,11305.74,11261.6,11332.09,11258.8,46.29M,0.007115458677651176
2021-05-26,11348.74,11325.42,11382.32,11310.42,40.70M,0.0037961631994090084
2021-05-27,11340.27,11341.19,11408.61,11321.11,77.08M,-0.0007466170091561253
2021-05-28,11426.15,11345.4,11443.97,11326.75,40.92M,0.007544480629917416
2021-05-31,11363.45,11400.52,11433.76,11363.45,22.14M,-0.005502523800441139
2021-06-01,11434.88,11415.2,11501.35,11389.88,38.21M,0.0062662689531620686
2021-06-02,11470.35,11455.79,11495.31,11455.54,32.65M,0.003097111738467717
2021-06-03,11510.6,11445.8,11510.6,11424.81,31.91M,0.003502904897905168
2021-06-04,11570.68,11514.95,11570.68,11505.21,29.86M,0.005205962207540438
2021-06-07,11630.66,11535.88,11641.31,11530.64,29.57M,0.005170402538878349
2021-06-08,11656.89,11664.23,11702.92,11647.05,42.71M,0.0022527067976181314
2021-06-09,11788.1,11639.6,11788.1,11630.51,36.22M,0.011193126539703613
2021-06-10,11810.8,11823.44,11834.69,11772.91,36.95M,0.0019238190764152563
2021-06-11,11841.3,11798.98,11873.63,11783.41,35.63M,0.002579053606735826
2021-06-14,11866.41,11871.13,11895.54,11837.89,30.02M,0.0021182990166010995
2021-06-15,11921.97,11902.54,11963.6,11892.47,34.32M,0.004671196695776203
2021-06-16,11982.03,11935.26,11995.82,11923.31,43.39M,0.00502511097598024
2021-06-17,12011.11,11943.71,12017.76,11914.52,53.74M,0.002424027387768035
2021-06-18,11941.25,12023.28,12072.11,11930.98,148.06M,-0.005833262199919531
2021-06-21,11995.63,11882.54,11995.63,11874.11,39.38M,0.004543624194468521
2021-06-22,11982.48,11983.26,11991.31,11913.44,34.16M,-0.0010968338470664918
2021-06-23,11898.62,11965.09,11988.0,11898.62,37.29M,-0.007023155943175041
2021-06-24,11993.64,11929.91,12010.59,11925.91,39.14M,0.00795408228204586
2021-06-25,11999.7,11974.53,12003.69,11970.44,32.56M,0.0005051401871405403
2021-06-28,12009.17,11997.64,12035.95,11986.88,30.88M,0.0007888751524856019
2021-06-29,12028.45,12015.58,12071.29,12012.41,32.49M,0.0016041525021552872
2021-06-30,11942.72,12022.57,12034.92,11931.48,37.61M,-0.007152789414314853
2021-07-01,11977.03,11993.98,12015.66,11901.86,29.58M,0.002868761047279733
2021-07-02,11964.84,12023.46,12061.58,11939.82,30.85M,-0.001018299828155378
2021-07-05,11967.57,11966.75,11969.84,11900.74,21.21M,0.0002281425073231702
2021-07-06,11965.22,11959.69,12025.44,11933.47,30.62M,-0.00019638328899773683
2021-07-07,12085.51,11990.47,12085.51,11990.47,34.85M,0.010003106187449262
2021-07-08,11924.66,12034.52,12035.51,11863.81,46.66M,-0.01339868950317502
2021-07-09,11989.81,11949.97,12005.45,11935.49,38.36M,0.005448597537537125
2021-07-12,12081.62,11979.86,12081.62,11959.93,30.66M,0.007628167100451222
2021-07-13,12071.05,12061.08,12078.92,12019.86,30.46M,-0.0008752656062291919
2021-07-14,12043.35,12038.81,12060.46,11985.79,28.71M,-0.002297383487320559
2021-07-15,11976.79,12025.48,12059.63,11960.63,32.43M,-0.005542030176407309
2021-07-16,12026.5,12022.55,12057.03,11969.63,34.85M,0.004141938131585476
2021-07-19,11862.08,11957.37,11979.32,11799.23,49.57M,-0.01376579071811257
2021-07-20,11945.68,11929.32,11985.89,11900.2,44.86M,0.007022949123173916
2021-07-21,12021.58,12020.29,12048.55,11983.23,43.45M,0.006333661313716377
2021-07-22,11977.0,12056.39,12060.16,11927.62,35.47M,-0.003715224090569791
2021-07-23,12130.83,12033.04,12142.6,12016.17,30.95M,0.012762002041268872
2021-07-26,12049.63,12099.18,12099.18,12027.47,32.07M,-0.00671619193558648
2021-07-27,12021.09,12002.83,12043.38,11940.8,29.19M,-0.002371346879032288
2021-07-28,12073.23,12055.97,12080.15,12032.97,26.44M,0.004327997751222057
2021-07-29,12086.74,12033.54,12115.56,12024.37,45.24M,0.0011183789887283524
2021-07-30,12116.82,12005.91,12146.68,11998.58,40.74M,0.0024855860449068956
2021-08-02,12171.02,12165.21,12194.37,12124.36,34.49M,0.004463146164541243
2021-08-03,12163.22,12170.14,12215.62,12139.81,31.88M,-0.0006410720258465119
2021-08-04,12178.74,12201.97,12214.19,12169.89,29.66M,0.0012751645391748667
2021-08-05,12199.82,12185.87,12211.63,12167.24,29.81M,0.0017293888772602628
2021-08-06,12176.3,12198.4,12215.58,12149.68,32.60M,-0.0019297580828254723
2021-08-09,12310.75,12211.71,12321.37,12211.52,24.01M,0.010981424967623
2021-08-10,12361.69,12305.46,12382.71,12305.3,26.96M,0.004129309657441738
2021-08-11,12387.9,12385.44,12426.15,12361.49,28.62M,0.002118015676069618
2021-08-12,12429.17,12412.41,12443.59,12405.81,27.42M,0.0033259396087945703
2021-08-13,12464.44,12452.0,12478.66,12442.07,21.43M,0.00283366081499814
2021-08-16,12419.14,12431.53,12442.78,12376.06,31.03M,-0.0036409592223929366
2021-08-17,12477.44,12412.01,12496.95,12392.66,28.52M,0.004683382742769027
2021-08-18,12545.35,12458.37,12573.43,12456.92,30.91M,0.005427865296294243
2021-08-19,12403.58,12453.11,12453.61,12296.95,41.87M,-0.011364938370986621
2021-08-20,12415.66,12409.92,12427.3,12327.29,34.59M,0.0009734384255022377
2021-08-23,12476.87,12483.91,12490.51,12423.73,24.80M,0.004917951158034839
2021-08-24,12436.66,12505.97,12524.1,12409.13,28.34M,-0.0032279676878328445
2021-08-25,12364.57,12436.54,12447.42,12325.81,32.92M,-0.005813437723023895
2021-08-26,12409.03,12344.49,12424.25,12329.77,25.31M,0.003589308597216956
2021-08-27,12439.0,12390.42,12453.12,12381.79,23.22M,0.0024122648381386114
2021-08-30,12436.58,12419.87,12444.59,12404.35,21.04M,-0.00019456832826669768
2021-08-31,12411.11,12457.44,12494.65,12398.34,55.90M,-0.002050090686145367
2021-09-01,12432.79,12472.04,12491.18,12415.8,36.18M,0.001745298081479163
2021-09-02,12432.46,12440.52,12469.27,12424.75,27.20M,-2.654306713267829e-05
2021-09-03,12351.84,12432.04,12436.21,12296.12,30.42M,-0.006505754397114316
2021-09-06,12430.23,12383.26,12448.45,12378.92,26.13M,0.00632636914105511
2021-09-07,12344.38,12420.33,12420.33,12322.68,32.89M,-0.006930510198017714
2021-09-08,12215.14,12251.04,12255.89,12155.63,38.25M,-0.010524732811610704
2021-09-09,12116.43,12157.67,12189.68,12108.19,38.79M,-0.008113783166036725
2021-09-10,12060.64,12128.27,12158.93,12049.94,31.42M,-0.00461512491168925
2021-09-13,12074.81,12088.63,12168.52,12074.81,30.95M,0.0011742065408437696
2021-09-14,12097.28,12077.4,12129.73,12053.2,33.22M,0.00185916951925158
2021-09-15,11984.83,12091.6,12091.6,11977.99,44.45M,-0.009338950555859427
2021-09-16,12028.44,12031.16,12099.26,12024.67,36.69M,0.003632162378893966
2021-09-17,11935.53,12116.64,12128.71,11929.61,94.00M,-0.007754179756958024
2021-09-20,11766.42,11787.18,11818.42,11643.42,74.30M,-0.014269954131915341
2021-09-21,11789.17,11793.81,11845.88,11765.44,45.10M,0.0019316015496553263
2021-09-22,11837.57,11855.57,11876.89,11797.99,43.33M,0.004097058477222859
2021-09-23,11938.62,11930.68,11978.42,11905.0,32.38M,0.008500151489885255
2021-09-24,11817.2,11907.82,11928.51,11805.51,29.21M,-0.010222426112312277
2021-09-27,11691.18,11880.51,11881.61,11691.18,37.63M,-0.010721385918085247
2021-09-28,11485.58,11652.24,11663.46,11465.59,42.85M,-0.017742375845999803
2021-09-29,11628.33,11592.99,11656.36,11571.0,35.37M,0.012352026547921113
2021-09-30,11642.45,11726.42,11734.61,11586.3,41.75M,0.00121353918801681
2021-10-01,11575.37,11491.08,11581.93,11450.66,39.39M,-0.00577833635073155
2021-10-04,11582.35,11537.42,11641.6,11536.49,33.46M,0.0006028227486449822
2021-10-05,11587.0,11553.53,11617.32,11550.02,31.28M,0.00040139236210201545
2021-10-06,11569.39,11530.35,11577.81,11381.74,36.40M,-0.0015209627575636375
2021-10-07,11763.64,11688.45,11771.71,11677.94,43.40M,0.01665060113003136
2021-10-08,11764.99,11751.17,11770.15,11690.55,34.06M,0.00011475381282188835
2021-10-11,11771.57,11743.82,11779.73,11699.17,25.86M,0.0005591301508296453
2021-10-12,11756.76,11665.04,11803.82,11645.43,27.96M,-0.0012589080445533085
2021-10-13,11814.59,11711.01,11827.94,11677.87,35.66M,0.004906814079818744
2021-10-14,11892.52,11849.72,11892.52,11786.25,35.80M,0.006574422668759183
2021-10-15,11961.34,11910.45,11970.63,11876.9,37.33M,0.005770151325169337
2021-10-18,11968.08,11949.82,11980.17,11916.43,26.58M,0.0005633233215203148
2021-10-19,11942.74,11972.5,11975.05,11862.99,29.01M,-0.0021195433269607378
2021-10-20,12013.15,12002.02,12062.2,11995.2,34.99M,0.005878320759471478
2021-10-21,12039.14,11959.45,12053.0,11959.45,34.88M,0.002161125623835858
2021-10-22,12056.21,12036.49,12073.47,12020.99,27.40M,0.0014168711270592382
2021-10-25,12063.17,12051.32,12063.17,11992.85,31.72M,0.0005771292788772087
2021-10-26,12146.52,12124.76,12146.52,12084.8,37.68M,0.006885699843458326
2021-10-27,12087.45,12135.1,12141.02,12075.87,34.54M,-0.004874984741295663
2021-10-28,12153.1,12075.67,12153.1,12064.21,37.48M,0.005416557009571221
2021-10-29,12108.17,12097.96,12109.39,12041.84,39.52M,-0.0037038499109360856
2021-11-01,12216.33,12174.92,12216.33,12133.76,48.05M,0.008893149939082079
2021-11-02,12321.0,12208.34,12321.0,12191.75,32.71M,0.0085315423386092
2021-11-03,12383.27,12312.19,12383.27,12277.32,42.03M,0.00504124443897247
2021-11-04,12403.05,12496.77,12512.12,12400.09,48.90M,0.00159604202631769
2021-11-05,12321.85,12386.21,12470.13,12321.27,39.79M,-0.006568300938020855
2021-11-08,12353.35,12349.76,12392.44,12327.62,31.40M,0.002553172181912089
2021-11-09,12367.52,12324.92,12410.55,12315.09,32.27M,0.0011463999084089238
2021-11-10,12401.4,12371.49,12427.64,12361.13,34.50M,0.002735688203587827
2021-11-11,12421.08,12354.39,12462.62,12348.18,31.41M,0.0015856597828634023
2021-11-12,12516.05,12418.66,12516.05,12418.66,32.99M,0.007616791438628923
2021-11-15,12517.12,12492.73,12544.37,12485.85,25.65M,8.548657646301194e-05
2021-11-16,12557.34,12505.24,12574.48,12482.35,35.36M,0.0032080479096183723
2021-11-17,12600.15,12555.84,12605.69,12533.94,37.96M,0.0034033634771937216
2021-11-18,12553.19,12622.84,12625.81,12537.6,35.81M,-0.003733902102844411
2021-11-19,12545.01,12577.07,12622.91,12543.11,52.95M,-0.0006518395972339164
2021-11-22,12510.81,12535.1,12571.75,12491.25,39.45M,-0.0027299063642143295
2021-11-23,12366.73,12458.69,12458.69,12336.86,40.78M,-0.011583268358217325
2021-11-24,12395.72,12396.65,12424.75,12336.8,32.06M,0.002341449512833549
2021-11-25,12449.68,12428.34,12468.16,12410.89,20.90M,0.00434366803034969
2021-11-26,12199.21,12161.0,12304.57,12157.5,60.31M,-0.020323724224937223
2021-11-29,12220.74,12223.26,12285.8,12193.76,42.21M,0.001763312830579622
2021-11-30,12159.69,12145.12,12234.83,12071.67,100.67M,-0.00500812558278696
2021-12-01,12266.46,12207.76,12292.86,12139.24,37.65M,0.008742325746757373
2021-12-02,12177.52,12207.56,12211.12,12093.37,41.80M,-0.007277079468321901
2021-12-03,12175.77,12234.54,12296.09,12146.1,38.49M,-0.0001437177484433505
2021-12-06,12375.35,12276.19,12407.99,12230.7,41.65M,0.01625867956108884
2021-12-07,12513.62,12457.96,12531.71,12436.16,42.63M,0.011111060241939086
2021-12-08,12597.43,12579.96,12687.85,12573.62,36.86M,0.006675173774086218
2021-12-09,12607.63,12620.22,12639.41,12572.05,30.06M,0.0008093613390958154
2021-12-10,12607.73,12572.06,12637.24,12520.79,27.55M,7.93167339274703e-06
2021-12-13,12551.28,12607.83,12637.21,12551.28,38.96M,-0.004487465502768018
2021-12-14,12411.58,12607.81,12619.96,12411.58,32.96M,-0.011192744616300487
2021-12-15,12530.95,12435.94,12533.72,12432.14,35.52M,0.009571676278115504
2021-12-16,12790.89,12704.91,12823.3,12692.25,49.87M,0.020531614712899326
2021-12-17,12715.48,12787.72,12787.72,12652.28,88.80M,-0.005913049933839787
2021-12-20,12589.89,12548.21,12622.93,12467.72,44.34M,-0.009926037924550712
2021-12-21,12682.53,12675.59,12706.86,12624.14,35.39M,0.007331344994977229
2021-12-22,12713.9,12681.4,12713.9,12601.51,23.74M,0.0024704272178635023
2021-12-23,12785.32,12717.33,12787.96,12695.59,25.19M,0.00560175462317325
2021-12-27,12866.9,12742.73,12893.39,12742.13,17.42M,0.00636048459210059
2021-12-28,12970.53,12888.53,12977.21,12885.51,16.14M,0.008021738671416756
2021-12-29,12926.56,12953.32,12966.3,12877.99,17.87M,-0.0033957515884583955
2021-12-30,12875.66,12925.69,12980.14,12875.66,20.46M,-0.003945402064365666
2022-01-03,12939.17,12934.42,12997.15,12905.53,30.07M,0.004920437448948434
2022-01-04,12900.97,12977.59,12979.76,12884.48,38.72M,-0.00295664248164762
2022-01-05,12906.37,12868.0,12906.37,12825.9,33.32M,0.0004184855997415582
2022-01-06,12792.28,12754.51,12816.12,12728.44,40.33M,-0.008879123966380575
2022-01-07,12797.94,12754.41,12821.44,12715.49,42.71M,0.00044235650121748904
2022-01-10,12597.35,12802.76,12811.17,12560.7,50.02M,-0.01579774609644602
2022-01-11,12709.71,12740.6,12772.63,12691.3,45.52M,0.008879793883982856
2022-01-12,12670.47,12737.89,12740.61,12629.38,38.97M,-0.0030921791150682054
2022-01-13,12620.44,12626.51,12662.45,12589.46,35.18M,-0.003956367347738521
2022-01-14,12525.63,12512.3,12596.43,12506.58,35.25M,-0.00754077669131803
2022-01-17,12633.21,12560.92,12657.57,12547.01,33.57M,0.008552115732481269
2022-01-18,12529.56,12556.14,12562.0,12484.44,38.85M,-0.008238408270496933
2022-01-19,12525.69,12465.28,12570.06,12448.44,41.89M,-0.0003089172952392971
2022-01-20,12560.7,12510.03,12575.39,12449.19,33.59M,0.002791156697233177
2022-01-21,12355.54,12433.29,12467.02,12304.02,56.61M,-0.01646834648446749
2022-01-24,11881.3,12292.63,12304.21,11878.27,78.44M,-0.03913880992950247
2022-01-25,11945.69,11914.33,11996.17,11867.78,59.88M,0.0054048083074196285
2022-01-26,12098.26,12053.18,12161.21,12042.45,46.06M,0.012691096744772423
2022-01-27,12176.9,11924.66,12205.25,11917.71,47.70M,0.0064790736784612335
2022-01-28,12104.44,12154.76,12166.87,11958.69,44.82M,-0.005968386843166584
2022-01-31,12226.7,12201.89,12291.9,12175.78,46.86M,0.010049757553140637
2022-02-01,12359.8,12338.54,12408.8,12304.83,57.51M,0.010827185671063333
2022-02-02,12360.37,12337.52,12414.42,12324.92,56.34M,4.611618772187853e-05
2022-02-03,12234.15,12269.92,12349.31,12205.05,49.18M,-0.010264165199155073
2022-02-04,12140.25,12289.89,12305.79,12121.62,41.37M,-0.007704843157377184
2022-02-07,12193.81,12193.38,12214.34,12110.4,38.83M,0.004402067430698153
2022-02-08,12155.66,12218.41,12256.56,12131.52,41.80M,-0.0031335409942379044
2022-02-09,12367.82,12260.35,12422.95,12259.84,46.25M,0.017303033115723565
2022-02-10,12313.16,12377.52,12391.41,12279.6,81.14M,-0.004429328929752785
2022-02-11,12231.97,12220.87,12291.65,12186.25,47.52M,-0.006615593082107907
2022-02-14,12026.37,12050.21,12088.22,11924.55,56.32M,-0.016951277224062977
2022-02-15,12181.86,12016.07,12210.6,12016.07,44.58M,0.012846221166165961
2022-02-16,12191.57,12212.68,12268.67,12166.1,34.61M,0.0007967693109840468
2022-02-17,12075.27,12184.84,12197.86,12032.73,41.36M,-0.009585169756356038
2022-02-18,12010.09,12100.17,12157.62,11981.06,45.66M,-0.005412429718079537
2022-02-21,11891.88,12055.72,12095.22,11852.99,46.65M,-0.009891315551435298
2022-02-22,11959.39,11695.18,11979.46,11687.56,53.59M,0.00566092960970721
2022-02-23,11941.89,11988.8,12125.16,11941.89,38.25M,-0.0014643569823178382
2022-02-24,11636.76,11641.66,11736.23,11480.76,87.80M,-0.02588333385383912
2022-02-25,11987.31,11672.02,11995.96,11665.29,72.14M,0.029679537199227113
2022-02-28,11986.78,11857.86,11989.95,11842.76,75.29M,-4.421439980362152e-05
2022-03-01,11862.28,11987.44,12021.72,11789.75,72.01M,-0.010440757914210508
2022-03-02,11871.59,11784.86,11906.75,11668.96,76.00M,0.0007845328618998337
2022-03-03,11675.7,11838.93,11878.13,11658.83,57.69M,-0.016638391857195955
2022-03-04,11300.13,11592.76,11609.53,11291.84,90.56M,-0.032695528854151945
2022-03-07,11204.67,11154.33,11299.93,10871.24,97.19M,-0.008483574395585336
2022-03-08,11057.06,11116.96,11370.88,10958.53,96.81M,-0.013261517709072024
2022-03-09,11493.36,11175.89,11493.36,11164.63,90.78M,0.038700339338065604
2022-03-10,11391.1,11517.18,11546.32,11388.73,63.39M,-0.008937128570559949
2022-03-11,11495.69,11444.04,11674.05,11381.68,66.68M,0.00913983377220795
2022-03-14,11678.94,11514.31,11697.42,11494.99,54.50M,0.015815037345129568
2022-03-15,11682.22,11599.48,11702.6,11510.49,52.96M,0.0002808079754217374
2022-03-16,11900.96,11832.57,11980.32,11821.97,65.91M,0.018551041300053583
2022-03-17,12061.87,11926.61,12061.87,11889.28,57.51M,0.01343016818934295
2022-03-18,12184.99,12075.84,12184.99,11997.6,116.92M,0.010155629073766548
2022-03-21,12171.28,12164.44,12202.29,12110.59,40.96M,-0.0011257882629820415
2022-03-22,12202.62,12161.11,12232.17,12101.35,39.18M,0.0025716046485246835
2022-03-23,12099.5,12212.6,12243.6,12096.45,34.59M,-0.008486553346354953
2022-03-24,12131.45,12108.85,12147.96,12069.1,40.18M,0.002637124711673877
2022-03-25,12121.67,12136.22,12169.14,12072.06,29.42M,-0.0008064942184855539
2022-03-28,12155.95,12159.07,12264.93,12151.24,44.34M,0.002824001922913766
2022-03-29,12325.58,12234.11,12388.79,12198.04,55.82M,0.013858015794093959
2022-03-30,12243.73,12268.66,12327.95,12225.21,44.52M,-0.00666280842214384
2022-03-31,12161.53,12293.06,12300.67,12161.53,51.01M,-0.006736278231436188
2022-04-01,12179.08,12157.17,12212.62,12136.05,34.75M,0.0014420347757280183
2022-04-04,12340.87,12263.14,12340.87,12211.81,37.40M,0.013196792655980616
2022-04-05,12376.97,12353.52,12380.57,12300.17,43.81M,0.0029209692810763244
2022-04-06,12320.1,12375.84,12395.89,12247.46,50.01M,-0.004605412748707849
2022-04-07,12372.46,12392.89,12472.08,12353.28,47.64M,0.004240959906770314
2022-04-08,12507.69,12488.92,12507.69,12422.51,45.45M,0.010870620287992239
2022-04-11,12528.61,12514.77,12569.97,12463.22,53.10M,0.0016711738450823077
2022-04-12,12378.87,12402.65,12433.97,12337.05,47.61M,-0.012023842156892783
2022-04-13,12378.68,12364.48,12394.89,12315.77,35.96M,-1.5348853178664967e-05
2022-04-14,12475.08,12384.47,12496.97,12375.71,42.24M,0.007757416457350175
2022-04-19,12281.42,12363.54,12383.67,12212.13,43.81M,-0.015645503229754
2022-04-20,12310.17,12287.57,12341.09,12284.69,46.41M,0.0023381987987303177
2022-04-21,12301.33,12366.91,12424.16,12301.33,45.64M,-0.0007183633976115544
2022-04-22,12258.33,12214.32,12316.74,12203.61,42.21M,-0.0035016807185446197
2022-04-25,12084.98,12046.01,12169.64,12029.55,49.12M,-0.014242346685561458
2022-04-26,11933.28,12159.7,12173.9,11933.28,55.36M,-0.012632223755115746
2022-04-27,12051.48,11924.96,12082.89,11814.84,54.13M,0.009856338516659235
2022-04-28,12068.41,12097.77,12171.59,12033.86,42.64M,0.0014038208947351194
2022-04-29,12128.76,12134.14,12219.51,12117.56,37.56M,0.004988196978095161
2022-05-02,11971.73,12081.23,12097.98,11863.63,37.04M,-0.01303145473095313
2022-05-03,12001.88,12003.59,12067.74,11937.15,43.38M,0.0025152670703754154
2022-05-04,11880.24,11971.41,11994.33,11880.24,35.60M,-0.01018678843308507
2022-05-05,11877.27,12009.0,12048.14,11857.63,45.77M,-0.00025002620354186433
2022-05-06,11730.42,11843.99,11866.63,11671.48,42.18M,-0.012441021896123061
2022-05-09,11444.18,11669.37,11701.87,11444.18,44.84M,-0.024704163820644
2022-05-10,11541.72,11526.71,11655.62,11478.76,44.94M,0.008486992937012161
2022-05-11,11553.66,11536.0,11568.6,11408.96,49.96M,0.001033973120488696
2022-05-12,11506.13,11380.43,11548.93,11288.02,52.08M,-0.004122333057578587
2022-05-13,11650.42,11544.51,11650.42,11529.8,40.33M,0.012462294033760202
2022-05-16,11672.23,11622.49,11721.57,11584.56,38.60M,0.001870285439910191
2022-05-17,11730.44,11740.06,11808.01,11687.37,34.92M,0.004974656314388426
2022-05-18,11579.14,11736.04,11783.13,11579.14,39.12M,-0.012981969207139343
2022-05-19,11309.49,11464.2,11465.84,11233.72,47.44M,-0.023563007138054815
2022-05-20,11308.98,11410.43,11419.62,11286.52,46.45M,-4.5095888456359035e-05
2022-05-23,11466.28,11438.99,11466.28,11348.75,40.40M,0.013813453827783206
2022-05-24,11483.56,11391.65,11532.03,11383.28,38.51M,0.0015058931361178196
2022-05-25,11491.8,11548.39,11576.56,11468.94,33.78M,0.0007172902059693342
2022-05-27,11647.17,11566.0,11657.24,11501.03,41.90M,0.01342949449277242
2022-05-30,11736.26,11707.77,11751.16,11673.19,30.80M,0.00761996260387221
2022-05-31,11611.38,11686.27,11718.91,11597.39,74.16M,-0.010697542955934836
2022-06-01,11494.12,11682.24,11692.66,11494.12,33.02M,-0.010150051434507645
2022-06-02,11550.2,11502.58,11571.42,11501.32,24.76M,0.004867152574462352
2022-06-03,11529.16,11605.72,11615.4,11524.05,24.16M,-0.0018232746340167694
2022-06-07,11534.18,11563.68,11575.77,11493.48,33.80M,0.00043532290460035483
2022-06-08,11467.39,11546.74,11549.67,11411.43,84.82M,-0.00580744598873828
2022-06-09,11322.43,11434.1,11478.38,11322.43,61.76M,-0.012721641068139888
2022-06-10,11084.62,11248.82,11248.82,11018.56,54.67M,-0.02122715212753512
2022-06-13,10896.25,10963.72,11020.23,10855.25,51.35M,-0.017139868577720208
2022-06-14,10699.07,10920.67,10940.32,10699.07,51.21M,-0.01826187154104275
2022-06-15,10783.59,10778.81,10850.17,10682.7,48.50M,0.007868712356760454
2022-06-16,10475.37,10722.75,10735.05,10441.62,65.60M,-0.028998746779274498
2022-06-17,10451.31,10482.7,10592.12,10424.81,116.51M,-0.002299457974361374
2022-06-20,10485.91,10450.5,10485.91,10392.1,27.53M,0.0033051218353765677
2022-06-21,10479.84,10519.4,10578.03,10479.84,32.84M,-0.0005790396403284603
2022-06-22,10528.34,10372.89,10543.01,10349.65,42.13M,0.004617257293542565
2022-06-23,10453.31,10468.75,10521.71,10404.77,39.93M,-0.007151994225571556
2022-06-24,10823.12,10507.83,10823.12,10503.3,50.57M,0.03476591208163882
2022-06-27,10906.82,10873.43,10921.03,10826.92,42.38M,0.007703694896932234
2022-06-28,10809.57,10921.06,10933.74,10802.8,34.67M,-0.008956428770718006
2022-06-29,10811.75,10708.07,10811.75,10662.59,35.77M,0.0002016528137414042
2022-06-30,10741.21,10708.9,10741.21,10606.51,53.67M,-0.006545760013345614
2022-07-01,10770.4,10647.02,10815.39,10631.55,30.96M,0.002713885005888983
2022-07-04,10881.97,10835.67,10918.88,10833.82,25.03M,0.010305660530878669
2022-07-05,10702.5,10907.28,10916.2,10702.5,43.85M,-0.016629932176801532
2022-07-06,10840.6,10823.86,10896.68,10780.12,38.34M,0.012820985996256695
2022-07-07,10940.98,10911.02,10988.42,10859.59,36.86M,0.009217027473287231
2022-07-08,11015.03,10935.29,11030.0,10882.86,35.62M,0.006745331302871804
2022-07-11,11027.16,10891.17,11027.5,10879.25,25.56M,0.0011006167013789536
2022-07-12,11069.83,10969.53,11069.83,10925.9,29.16M,0.0038620692716335725
2022-07-13,10904.85,10991.88,10991.88,10805.39,39.55M,-0.015015745381587564
2022-07-14,10799.52,10877.19,10883.22,10755.46,36.80M,-0.009705955702759894
2022-07-15,10982.09,10842.34,10982.09,10797.9,48.09M,0.016764075353609798
2022-07-18,11010.18,11001.93,11114.78,10993.31,32.81M,0.0025545353231350987
2022-07-19,11122.08,10959.95,11143.06,10939.51,36.10M,0.010112022315620806
2022-07-20,11059.49,11151.9,11188.31,11052.95,28.16M,-0.0056434387751505
2022-07-21,11134.74,11019.43,11134.74,11002.17,37.65M,0.006781067723524714
2022-07-22,11096.12,11095.26,11178.03,11075.97,28.08M,-0.0034744529767305465
2022-07-25,11129.35,11034.33,11156.32,11029.69,32.42M,0.002990265201232134
2022-07-26,11102.31,11142.0,11144.32,11074.15,49.82M,-0.0024325680883787726
2022-07-27,11056.74,11134.47,11138.03,11056.74,51.49M,-0.004112998006805313
2022-07-28,11129.33,11084.68,11129.33,11041.17,44.58M,0.006543769043426906
2022-07-29,11145.91,11174.45,11216.76,11145.91,45.62M,0.0014886486576024538
2022-08-02,11118.1,11118.11,11135.96,11019.63,41.98M,-0.0024982035548468673
2022-08-03,11178.99,11076.07,11200.36,11054.02,29.07M,0.005461712839109012
2022-08-04,11202.66,11153.89,11230.08,11151.08,34.66M,0.0021151263489951333
2022-08-05,11123.07,11176.01,11220.47,11112.17,27.58M,-0.007129920246095267
2022-08-08,11166.32,11178.94,11210.14,11144.77,28.17M,0.003880775048598295
2022-08-09,11132.48,11135.33,11177.37,11100.66,37.40M,-0.003035143234443538
2022-08-10,11155.1,11089.52,11170.46,11065.11,33.52M,0.0020298307637354185
2022-08-11,11154.58,11192.57,11205.01,11114.72,37.48M,-4.661653597004545e-05
2022-08-12,11128.24,11130.91,11178.04,11110.8,29.58M,-0.0023641542918131364
2022-08-15,11171.54,11157.22,11188.98,11104.0,20.94M,0.0038834512643592944
2022-08-16,11130.44,11182.59,11185.92,11085.13,22.81M,-0.003685775570456684
2022-08-17,11128.19,11137.84,11192.68,11114.6,58.81M,-0.00020216877747358808
2022-08-18,11167.59,11107.7,11186.5,11090.08,20.22M,0.0035343047889000445
2022-08-19,11156.72,11125.8,11241.18,11125.8,33.74M,-0.0009738263676730696
2022-08-22,11085.84,11105.65,11144.6,11052.39,31.92M,-0.006373388668311719
2022-08-23,10933.06,11021.23,11046.46,10921.85,28.73M,-0.013877391866262911
2022-08-24,11012.87,10925.64,11020.44,10895.27,28.57M,0.007273362472291822
2022-08-25,11063.88,11056.95,11122.18,10975.51,24.99M,0.004621159434879729
2022-08-26,10942.16,11095.69,11102.5,10930.37,26.91M,-0.011062530226636724
2022-08-29,10896.74,10882.9,10938.17,10840.61,24.44M,-0.004159556157837585
2022-08-30,10884.95,10914.18,11007.86,10865.82,24.86M,-0.0010825607334812304
2022-08-31,10855.03,10898.13,10949.6,10816.54,39.44M,-0.0027525341689003113
2022-09-01,10663.44,10768.61,10778.93,10652.28,36.87M,-0.01780749866053455
2022-09-02,10891.71,10720.46,10897.06,10713.25,37.12M,0.021180881041891197
2022-09-05,10819.54,10742.15,10837.23,10686.59,26.02M,-0.006648190759776185
2022-09-06,10834.18,10819.78,10930.48,10780.12,26.48M,0.0013521928085040713
2022-09-07,10805.16,10799.63,10841.62,10727.12,28.11M,-0.0026821536513921274
2022-09-08,10790.32,10849.33,10867.83,10667.43,32.64M,-0.001374361888311526
2022-09-09,10900.24,10814.39,10940.52,10793.24,31.98M,0.010135371421142736
2022-09-12,10990.75,10928.6,11013.98,10901.12,34.48M,0.008269202603754522
2022-09-13,10891.54,11034.08,11083.49,10891.54,41.21M,-0.009067668856829414
2022-09-14,10754.4,10840.36,10872.76,10727.43,39.10M,-0.012671367930341404
2022-09-15,10746.7,10762.95,10837.1,10714.59,32.70M,-0.0007162424554252311
2022-09-16,10610.65,10692.8,10750.95,10610.65,105.56M,-0.012740516993615003
2022-09-19,10617.01,10588.18,10645.39,10520.9,29.77M,0.0005992182077818597
2022-09-20,10476.54,10648.17,10690.84,10476.54,32.53M,-0.013318960207898911
2022-09-21,10429.4,10415.67,10450.62,10380.48,31.95M,-0.00450973071702343
2022-09-22,10297.65,10268.67,10458.1,10266.7,49.47M,-0.012713027127329468
2022-09-23,10137.78,10276.65,10322.19,10091.87,68.99M,-0.015646674582347586
2022-09-26,10072.62,10131.54,10160.89,10015.37,49.66M,-0.0064481876434392404
2022-09-27,10126.43,10120.56,10201.23,10108.85,47.26M,0.005327985949232783
2022-09-28,10220.76,10065.21,10220.76,10059.79,66.47M,0.00927210841502557
2022-09-29,10126.99,10159.4,10166.07,10041.52,49.27M,-0.009216809112473356
2022-09-30,10267.55,10174.22,10275.86,10155.65,45.45M,0.013784299680924761
2022-10-03,10290.71,10182.27,10290.71,10097.84,69.77M,0.0022531099224991635
2022-10-04,10590.92,10367.47,10590.92,10355.75,57.99M,0.028755483755954714
2022-10-05,10477.69,10532.17,10593.56,10449.53,46.79M,-0.01074879550022878
2022-10-06,10391.13,10506.11,10525.38,10358.78,49.48M,-0.008295677130616852
2022-10-07,10308.57,10343.45,10439.88,10297.19,47.89M,-0.00797696950081317
2022-10-10,10262.52,10238.88,10290.71,10200.24,46.92M,-0.004477164498590369
2022-10-11,10207.83,10199.77,10230.45,10122.51,39.79M,-0.005343350760776744
2022-10-12,10199.32,10198.89,10249.91,10139.66,39.31M,-0.0008340214575088822
2022-10-13,10227.9,10129.03,10227.9,10010.78,48.07M,0.002798228897388455
2022-10-14,10329.34,10322.4,10460.11,10305.74,51.18M,0.009869109213839877
2022-10-17,10498.71,10326.92,10538.32,10296.17,38.22M,0.01626400296059849
2022-10-18,10578.76,10513.99,10645.71,10513.97,41.71M,0.00759582481993526
2022-10-19,10484.14,10582.74,10591.9,10484.14,35.40M,-0.008984578239198626
2022-10-20,10473.45,10461.95,10502.14,10426.2,34.66M,-0.0010201555548228214
2022-10-21,10418.6,10387.13,10461.54,10319.86,44.98M,-0.005250813206226113
2022-10-24,10595.53,10489.8,10628.79,10472.38,40.97M,0.016839543772407595
2022-10-25,10773.34,10639.96,10773.76,10629.55,46.79M,0.016642349731315065
2022-10-26,10817.21,10760.36,10821.29,10689.81,40.67M,0.004063820548781294
2022-10-27,10706.62,10787.27,10789.95,10702.49,89.64M,-0.010276142599346727
2022-10-28,10772.37,10649.15,10783.54,10635.05,50.16M,0.006122280923987589
2022-10-31,10827.93,10794.96,10850.31,10746.19,52.60M,0.005144384340168173
2022-11-01,10783.65,10870.09,10926.54,10755.33,33.82M,-0.004097808856418084
2022-11-02,10806.23,10821.72,10864.62,10766.77,32.98M,0.002091721513306055
2022-11-03,10710.59,10724.78,10741.52,10633.38,32.62M,-0.008889848022475277
2022-11-04,10787.77,10727.83,10852.48,10707.62,40.55M,0.007180113420563572
2022-11-07,10750.39,10751.99,10806.62,10712.88,34.50M,-0.003471052079671466
2022-11-08,10827.04,10725.88,10845.27,10718.32,39.26M,0.007104675804102456
2022-11-09,10904.33,10813.68,10911.45,10803.04,35.71M,0.007113249270068067
2022-11-10,11120.49,10882.09,11147.68,10846.41,50.12M,0.019629394540274347
2022-11-11,11127.15,11091.16,11252.16,11087.91,68.83M,0.0005987152074506952
2022-11-14,10999.59,11116.31,11129.5,10993.1,42.00M,-0.0115300684308135
2022-11-15,11026.22,11008.89,11087.42,10991.74,40.18M,0.0024180734307304164
2022-11-16,10936.62,11022.35,11022.35,10922.45,36.69M,-0.008159281503155924
2022-11-17,10917.88,10962.28,10993.11,10838.8,32.55M,-0.0017149790288595312
2022-11-18,11045.49,10991.63,11063.88,10949.42,44.29M,0.01162038757845707
2022-11-21,11085.04,11022.75,11101.92,11019.98,34.49M,0.0035742516880681308
2022-11-22,11074.3,11074.93,11104.84,11046.82,29.67M,-0.0009693430256465518
2022-11-23,11094.46,11077.54,11104.13,11066.04,48.21M,0.0018187761117314238
2022-11-24,11157.56,11088.62,11175.27,11085.38,37.17M,0.005671410427785517
2022-11-25,11168.03,11166.33,11188.29,11140.38,67.76M,0.0009379372072650938
2022-11-28,11162.16,11147.67,11199.19,11115.37,78.93M,-0.0005257456506377878
2022-11-29,11077.81,11160.09,11176.97,11071.56,90.09M,-0.007585478258668843
2022-11-30,11127.77,11143.07,11204.88,11127.77,122.26M,0.004499777470270416
2022-12-01,11238.2,11215.5,11283.87,11207.56,95.24M,0.009874903468844565
2022-12-02,11198.13,11206.53,11234.25,11122.68,113.72M,-0.003571889217388602
2022-12-05,11194.67,11196.47,11239.76,11170.93,107.45M,-0.00030902790428477545
2022-12-06,11109.33,11185.68,11208.11,11085.28,106.88M,-0.007652476368509298
2022-12-07,11009.95,11062.09,11077.77,11000.64,45.71M,-0.00898588640424336
2022-12-08,11004.53,11022.16,11035.96,10940.27,44.41M,-0.0004924031918545069
2022-12-09,11068.3,11010.7,11101.33,10980.8,68.18M,0.005778160519037456
2022-12-12,11033.64,11037.36,11050.3,10989.77,46.64M,-0.003136378834813769
2022-12-13,11136.62,11070.62,11223.47,11014.16,53.41M,0.009289989439029256
2022-12-14,11160.69,11110.09,11175.45,11079.52,55.33M,0.002159005669277292
2022-12-15,10880.14,11093.14,11093.14,10880.14,63.34M,-0.025458674006817006
2022-12-16,10770.38,10895.4,10913.65,10746.37,118.07M,-0.010139335252150161
2022-12-19,10773.23,10790.24,10837.94,10760.27,43.02M,0.00026457961470960356
2022-12-20,10659.19,10696.58,10728.77,10659.19,50.58M,-0.010641922494553313
2022-12-21,10845.59,10699.07,10845.59,10690.97,37.10M,0.017336114889644705
2022-12-22,10774.64,10850.66,10890.43,10760.44,34.75M,-0.006563320990910171
2022-12-23,10804.68,10804.3,10843.73,10761.29,29.38M,0.0027841488429238836
2022-12-27,10839.22,10834.14,10876.38,10817.48,21.24M,0.0031916641012728064
2022-12-28,10812.67,10825.66,10854.9,10803.1,27.53M,-0.0024524430252537144
2022-12-29,10857.35,10744.02,10869.9,10737.9,25.22M,0.004123675318632891
2022-12-30,10729.4,10809.16,10830.36,10729.4,32.55M,-0.011854632904199747
2023-01-03,10978.64,10853.91,11004.46,10822.76,53.48M,0.022963929751236734
2023-01-04,11140.27,11020.74,11140.27,11015.91,51.91M,0.01461490434584789
2023-01-05,11057.39,11093.61,11112.5,11048.09,44.81M,-0.0074674884775021155
2023-01-06,11144.54,11068.62,11147.87,11048.14,34.82M,0.007850709160312164
2023-01-09,11212.57,11171.42,11234.13,11152.04,50.37M,0.0060857785256764885
2023-01-10,11162.15,11123.58,11180.51,11108.18,38.96M,-0.0045068796699201386
2023-01-11,11246.01,11174.08,11306.31,11124.92,60.81M,0.007484808346829297
2023-01-12,11287.82,11304.08,11328.8,11247.96,56.22M,0.0037108692112148844
2023-01-13,11290.79,11307.41,11342.6,11251.26,49.35M,0.00026308085547732674
2023-01-16,11435.99,11318.52,11435.99,11307.97,39.91M,0.012778050886705472
2023-01-17,11401.99,11417.53,11453.64,11376.31,44.16M,-0.002977498458173855
2023-01-18,11366.62,11381.2,11423.07,11352.88,53.38M,-0.00310691152880338
2023-01-19,11258.97,11314.21,11372.58,11258.97,65.19M,-0.009515845758681252
2023-01-20,11295.02,11294.72,11320.38,11274.43,45.43M,0.0031967763309914687
2023-01-23,11406.27,11319.58,11406.9,11290.9,43.97M,0.00980128359248944
2023-01-24,11406.29,11413.75,11436.79,11368.81,53.57M,1.7534200456026383e-06
2023-01-25,11404.77,11386.57,11404.77,11327.93,39.77M,-0.00013326868652718815
2023-01-26,11317.56,11425.41,11441.1,11317.56,55.35M,-0.0076761871012926974
2023-01-27,11332.3,11339.6,11359.46,11296.15,50.19M,0.0013015534825253638
2023-01-30,11379.64,11296.53,11397.53,11287.93,46.42M,0.004168738430770702
2023-01-31,11285.78,11358.75,11358.75,11238.81,58.61M,-0.008282267571841473
2023-02-01,11200.93,11299.53,11301.31,11180.26,54.01M,-0.007546715611505661
2023-02-02,11188.42,11224.08,11279.81,11146.45,76.60M,-0.001117495711296712
2023-02-03,11349.39,11192.71,11355.45,11181.96,54.12M,0.014284683132968823
2023-02-06,11283.25,11305.51,11307.48,11229.48,48.62M,-0.005844672851203825
2023-02-07,11233.87,11290.26,11304.7,11217.18,40.57M,-0.004386003108773906
2023-02-08,11276.28,11358.64,11361.73,11271.45,51.90M,0.003768082414346452
2023-02-09,11217.73,11313.61,11336.22,11215.72,152.37M,-0.005205842109006653
2023-02-10,11130.46,11146.51,11172.18,11034.48,76.23M,-0.007810068162248385
2023-02-13,11209.34,11144.95,11214.52,11141.39,49.71M,0.007061865174394555
2023-02-14,11231.91,11233.17,11308.91,11216.64,47.97M,0.0020114750835986683
2023-02-15,11272.67,11206.11,11285.37,11195.1,40.60M,0.0036223777177593064
2023-02-16,11194.91,11309.84,11320.54,11154.11,56.28M,-0.006922001433455449
2023-02-17,11256.29,11153.28,11277.38,11116.71,47.40M,0.005467872802014995
2023-02-20,11266.68,11286.28,11291.7,11247.4,36.17M,0.0009226137349571673
2023-02-21,11282.16,11251.55,11292.72,11164.1,76.33M,0.0013730198477528432
2023-02-22,11300.29,11266.65,11333.85,11197.77,43.33M,0.0016056720059332008
2023-02-23,11247.75,11317.12,11320.1,11246.68,43.82M,-0.004660280458038457
2023-02-24,11181.77,11297.5,11315.18,11141.68,37.14M,-0.005883335026089398
2023-02-27,11219.93,11215.62,11272.69,11215.62,44.26M,0.0034068875942345755
2023-02-28,11098.35,11183.25,11220.15,11098.35,63.10M,-0.0108952125955728
2023-03-01,11056.08,11091.9,11141.12,11040.23,47.47M,-0.0038159457311852663
2023-03-02,11165.58,11005.22,11168.83,10994.16,83.24M,0.009855329105665334
2023-03-03,11190.09,11192.67,11194.41,11134.81,59.69M,0.0021927331921176574
2023-03-06,11147.25,11173.4,11203.67,11137.94,43.90M,-0.003835734471955732
2023-03-07,11064.08,11122.05,11181.68,11064.08,39.64M,-0.007489005720671571
2023-03-08,11025.26,11016.85,11044.82,10995.92,44.63M,-0.003514821173025595
2023-03-09,10948.85,10963.87,10975.39,10908.34,58.80M,-0.0069545759051035105
2023-03-10,10765.26,10860.73,10880.77,10720.08,102.11M,-0.016910145045949676
2023-03-13,10632.05,10735.78,10739.62,10538.35,170.95M,-0.012451258686292377
2023-03-14,10716.72,10643.38,10728.66,10593.55,119.15M,0.007932114491051578
2023-03-15,10516.4,10716.78,10720.78,10460.34,360.88M,-0.018869195254218596
2023-03-16,10719.1,10609.7,10719.1,10524.37,279.17M,0.019091253473570546
2023-03-17,10613.55,10783.76,10794.33,10566.9,251.68M,-0.009895710221774934
2023-03-20,10643.64,10571.09,10689.76,10395.33,415.97M,0.0028310439994303493
2023-03-21,10792.58,10740.36,10814.48,10731.9,162.34M,0.01389633030304438
2023-03-22,10782.28,10788.61,10846.7,10763.41,106.04M,-0.0009548150748148743
2023-03-23,10718.54,10723.73,10729.21,10653.96,80.66M,-0.0059290935626670205
2023-03-24,10634.04,10655.18,10669.04,10561.63,100.79M,-0.007914775742829505
2023-03-27,10786.22,10785.28,10817.72,10722.97,63.07M,0.014209216922976609
2023-03-28,10839.11,10835.83,10857.61,10804.76,60.42M,0.0048914958021022414
2023-03-29,10963.31,10890.53,10984.92,10882.78,91.27M,0.011393353904310288
2023-03-30,11032.21,11013.49,11049.21,10985.23,67.58M,0.006264932618705643
2023-03-31,11106.24,11047.29,11116.03,11041.57,56.88M,0.006687936683675844
2023-04-03,11093.09,11112.31,11119.6,11049.57,53.56M,-0.0011847205783297454
2023-04-04,11073.48,11114.49,11124.14,11064.44,42.65M,-0.001769331485730774
2023-04-05,11115.4,11059.52,11134.16,11042.76,41.60M,0.0037784737106001387
2023-04-06,11230.07,11146.63,11239.59,11146.63,48.21M,0.010263467861539866
2023-04-11,11265.3,11288.52,11306.25,11223.98,47.17M,0.0031322026534841285
2023-04-12,11231.99,11238.55,11309.55,11216.73,61.57M,-0.002961247718392457
2023-04-13,11258.95,11234.87,11288.29,11222.05,46.02M,0.002397410949733114
2023-04-14,11342.86,11276.43,11368.38,11268.31,50.49M,0.007425103167513214
2023-04-17,11311.76,11337.18,11342.46,11296.96,47.06M,-0.0027455785651238074
2023-04-18,11358.98,11332.58,11392.73,11320.82,36.76M,0.00416572800757109
2023-04-19,11366.22,11332.35,11377.85,11330.77,43.42M,0.0006371781322016545
2023-04-20,11390.64,11330.8,11393.04,11325.5,40.80M,0.0021461668589832783
2023-04-21,11460.58,11402.55,11460.58,11371.42,53.58M,0.006121355305607423
2023-04-24,11467.2,11435.63,11483.16,11434.52,40.61M,0.0005774654313643879
2023-04-25,11513.12,11468.54,11549.03,11458.63,59.60M,0.00399646837977663
2023-04-26,11364.91,11433.47,11445.47,11337.44,52.02M,-0.01295671641385887
2023-04-27,11361.89,11366.11,11414.07,11336.08,33.48M,-0.0002657655294875383
2023-04-28,11437.14,11401.04,11444.0,11378.82,38.56M,0.0066011820024929335
2023-05-02,11423.33,11460.05,11514.17,11411.42,38.26M,-0.0012081992784853668
2023-05-03,11506.19,11463.43,11508.78,11435.54,37.31M,0.007227396010392795
2023-05-04,11456.37,11450.15,11487.91,11418.25,46.16M,-0.0043392442455783
2023-05-05,11554.24,11494.85,11554.24,11448.5,33.46M,0.008506561987571715
2023-05-08,11595.25,11546.25,11606.88,11537.21,21.83M,0.0035430623223966506
2023-05-09,11546.04,11566.53,11568.97,11486.14,34.92M,-0.004253010456741535
2023-05-10,11447.23,11522.75,11543.3,11421.38,32.89M,-0.008594741700830966
2023-05-11,11522.97,11494.23,11540.16,11452.05,43.07M,0.006594655204647637
2023-05-12,11564.73,11578.64,11606.1,11539.79,26.04M,0.0036175145675567677
2023-05-15,11578.25,11601.54,11616.37,11564.24,23.43M,0.001168388992088154
2023-05-16,11519.87,11548.08,11568.33,11497.76,32.04M,-0.005054967617608597
2023-05-17,11437.78,11478.23,11497.31,11432.25,31.21M,-0.00715145930554506
2023-05-19,11571.16,11496.81,11607.89,11482.54,57.31M,0.01159388429492303
2023-05-22,11553.23,11558.88,11591.0,11533.47,29.54M,-0.0015507439195747708
2023-05-23,11484.9,11494.97,11561.39,11484.9,31.29M,-0.005931922457641292
2023-05-24,11383.14,11432.86,11447.78,11349.13,32.55M,-0.008899815784133125
2023-05-25,11325.26,11365.62,11374.02,11307.58,30.22M,-0.0050976841469179135
2023-05-26,11434.24,11353.34,11464.34,11313.88,38.91M,0.009576733488266598
2023-05-30,11282.45,11404.41,11428.02,11282.45,50.20M,-0.013363941583952155
2023-05-31,11217.89,11241.8,11348.23,11194.94,298.29M,-0.0057385956986664155
2023-06-01,11296.28,11266.31,11324.54,11246.19,41.42M,0.006963642610481102
2023-06-02,11443.35,11325.81,11446.46,11321.05,37.05M,0.012935307273423291
2023-06-05,11415.0,11467.77,11487.82,11412.61,36.81M,-0.002480495270754446
2023-06-06,11468.27,11425.97,11490.78,11397.21,42.10M,0.0046558115361925445
2023-06-07,11348.11,11424.33,11440.84,11343.31,40.74M,-0.010532881280294504
2023-06-08,11308.9,11348.45,11368.52,11294.85,42.95M,-0.003461183902373932
2023-06-09,11254.42,11317.79,11321.23,11238.63,42.15M,-0.004829085956595591
2023-06-12,11301.25,11343.15,11343.18,11296.43,67.61M,0.0041523986907510135
2023-06-13,11327.27,11340.02,11348.15,11275.51,23.06M,0.002299753715048425
2023-06-14,11278.3,11317.93,11356.35,11259.23,28.80M,-0.004332567292207656
2023-06-15,11302.83,11273.08,11305.93,11249.85,22.63M,0.002172611348408182
2023-06-16,11386.26,11317.44,11448.69,11309.36,59.91M,0.007354228488086534
2023-06-19,11306.64,11360.21,11361.67,11291.13,16.16M,-0.0070172015665299625
2023-06-20,11215.91,11271.57,11315.73,11215.91,25.09M,-0.008056857753274471
2023-06-21,11173.65,11196.62,11243.96,11164.28,20.00M,-0.0037749781760219037
2023-06-22,11183.42,11102.11,11183.42,11070.61,19.07M,0.0008739965140271977
2023-06-23,11221.22,11177.09,11263.74,11175.05,17.11M,0.003374304239269321
2023-06-26,11141.9,11205.2,11205.2,11136.39,19.54M,-0.007093852077259655
2023-06-27,11142.65,11167.88,11184.96,11113.0,17.88M,6.731120891245723e-05
2023-06-28,11183.55,11233.66,11242.53,11167.64,20.77M,0.0036638609125638766
2023-06-29,11170.51,11194.48,11203.42,11156.85,16.67M,-0.0011666785791142331
2023-06-30,11280.29,11204.93,11309.04,11203.26,27.78M,0.009779684907947228
2023-07-03,11219.15,11288.15,11332.26,11217.03,18.72M,-0.005434815310252361
2023-07-04,11217.34,11236.06,11261.31,11208.28,13.47M,-0.00016134431044356745
2023-07-05,11193.92,11189.1,11214.91,11159.5,21.35M,-0.0020900215806936018
2023-07-06,10986.78,11112.21,11121.92,10967.57,22.74M,-0.018678041903967824
2023-07-07,10874.9,10959.89,10996.26,10851.84,20.55M,-0.010235350323766212
2023-07-10,10922.01,10865.25,10952.15,10859.43,19.55M,0.0043226377825984486
2023-07-11,10962.59,10928.41,10975.59,10904.11,18.53M,0.0037085481579897106
2023-07-12,11019.03,10972.12,11039.92,10953.0,19.09M,0.005135210601281415
2023-07-13,11021.66,11016.44,11076.17,11013.04,14.36M,0.00023864951709562376
2023-07-14,11110.19,11030.43,11114.37,11030.43,18.58M,0.00800027762634059
2023-07-17,10976.2,11119.42,11122.42,10975.51,18.46M,-0.01213341282361391
2023-07-18,11103.55,10998.09,11120.88,10993.01,18.59M,0.011535584614788874
2023-07-19,11120.15,11123.59,11161.84,11119.02,18.95M,0.0014939009334398179
2023-07-20,11201.55,11096.59,11216.81,11087.67,21.37M,0.007293383642691609
2023-07-21,11207.38,11232.09,11246.3,11167.33,19.20M,0.0005203282915822172
2023-07-24,11177.68,11203.23,11238.62,11164.3,17.21M,-0.0026535570981156553
2023-07-25,11231.41,11194.8,11245.86,11159.15,18.50M,0.004795384637507283
2023-07-26,11183.55,11223.96,11242.69,11116.54,19.73M,-0.004270368783295453
2023-07-27,11373.21,11222.6,11399.49,11220.8,25.75M,0.01681664118639148
2023-07-28,11317.74,11326.25,11364.99,11301.12,17.92M,-0.004889183616969106
2023-07-31,11309.25,11314.29,11349.37,11308.02,19.54M,-0.0007504312680062242
2023-08-02,11212.7,11154.53,11244.64,11130.71,25.31M,-0.008573910470815349
2023-08-03,11087.18,11158.24,11158.53,11060.74,20.58M,-0.01125757857218801
2023-08-04,11098.48,11077.87,11101.41,11009.02,17.58M,0.0010186761157591206
2023-08-07,11107.47,11084.53,11118.9,11058.52,15.50M,0.000809692941860618
2023-08-08,11057.32,11074.81,11130.87,11044.72,18.62M,-0.004525202862620148
2023-08-09,11081.54,11115.06,11146.22,11081.54,17.39M,0.002188008746839998
2023-08-10,11149.79,11122.63,11189.1,11106.9,19.52M,0.006140002817332402
2023-08-11,11081.63,11133.03,11162.45,11050.62,28.79M,-0.0061318812354471675
2023-08-14,11110.11,11084.22,11125.75,11064.87,17.57M,0.0025667221800240725
2023-08-15,10985.22,11086.88,11097.54,10956.38,20.33M,-0.0113047716466248
2023-08-16,10992.31,10971.14,11028.54,10971.14,20.67M,0.0006452044652842659
2023-08-17,10884.89,10943.37,10951.87,10876.46,22.96M,-0.009820348425812142
2023-08-18,10839.06,10863.53,10870.27,10749.38,23.61M,-0.004219312601167147
2023-08-21,10848.34,10842.63,10926.01,10842.63,17.81M,0.0008557965054709626
2023-08-22,10875.68,10883.55,10942.69,10872.98,20.19M,0.0025170308657660456
2023-08-23,10973.64,10929.41,11021.56,10925.13,19.66M,0.008966929531782242
2023-08-24,10976.83,11025.44,11054.89,10966.71,24.41M,0.00029065437072262057
2023-08-25,10956.9,10960.05,11008.85,10928.0,18.23M,-0.0018172928621815743
2023-08-28,11032.76,11029.17,11060.38,11022.98,16.44M,0.006899633822659013
2023-08-29,11106.24,11064.47,11107.44,11033.38,20.43M,0.00663808390797449
2023-08-30,11090.22,11112.0,11130.25,11068.0,21.24M,-0.0014434736693722527
2023-08-31,11125.95,11123.93,11172.69,11106.24,61.19M,0.003216578807808901
2023-09-01,11075.15,11100.55,11133.63,11069.45,22.82M,-0.0045763578073945155
2023-09-04,11053.59,11094.94,11141.31,11045.33,15.68M,-0.0019485977802631282
2023-09-05,10958.9,11005.48,11024.57,10953.57,18.98M,-0.008603350557809364
2023-09-06,10924.42,10906.71,10948.62,10859.02,22.22M,-0.0031512611919470856
2023-09-07,10993.43,10890.87,10993.43,10890.87,22.24M,0.006297171305169158
2023-09-08,10948.59,10977.94,10998.54,10911.43,19.71M,-0.004087140784664101
2023-09-11,10972.21,10987.13,11024.26,10931.11,17.85M,0.002155031672316454
2023-09-12,10987.13,11002.78,11055.38,10987.13,17.92M,0.0013588752936897208
2023-09-13,10976.38,10955.71,11000.52,10901.85,20.26M,-0.0009788964385410992
2023-09-14,11098.32,10975.6,11103.21,10975.07,20.71M,0.0110480541366762
2023-09-15,11197.72,11182.55,11244.12,11182.55,77.18M,0.008916440636836498
2023-09-18,11090.61,11183.18,11192.8,11070.56,22.88M,-0.009611381790852747
2023-09-19,11068.7,11041.94,11121.67,11036.45,20.05M,-0.00197749904125466
2023-09-20,11154.11,11115.39,11169.02,11091.09,21.35M,0.0076867345347775284
2023-09-21,11084.74,11106.29,11219.56,11074.47,23.07M,-0.00623865217800379
2023-09-22,11014.76,11027.09,11055.31,10987.23,19.24M,-0.0063331961270023385
2023-09-25,11014.26,10990.89,11068.53,10963.37,20.23M,-4.539466577213602e-05
2023-09-26,10953.7,10969.51,11004.73,10918.17,26.05M,-0.00551349815019897
2023-09-27,10882.31,10976.8,11022.49,10866.59,28.69M,-0.006538763662318203
2023-09-28,10917.79,10893.5,10917.79,10814.94,20.22M,0.003255033814212993
2023-09-29,10963.5,10951.55,11044.82,10948.2,25.77M,0.004178004723829787
2023-10-02,10863.65,10975.18,10987.61,10818.8,22.15M,-0.009149219803887831
2023-10-03,10763.37,10849.99,10883.8,10743.6,20.94M,-0.009273651078821388
2023-10-04,10756.19,10760.92,10832.19,10730.87,24.73M,-0.0006672999137933289
2023-10-05,10783.15,10788.1,10834.55,10744.84,20.28M,0.002503327778759612
2023-10-06,10837.59,10815.39,10854.05,10731.56,26.58M,0.005035915981771666
2023-10-09,10822.24,10803.88,10880.27,10764.46,20.53M,-0.0014173705490563293
2023-10-10,11001.69,10907.07,11009.7,10895.82,23.33M,0.016445621339757466
2023-10-11,11038.3,10973.5,11064.88,10962.24,23.32M,0.0033221461235672933
2023-10-12,10979.77,11064.12,11069.27,10979.77,19.12M,-0.0053165547994122875
2023-10-13,10900.3,10960.26,10987.6,10890.7,22.85M,-0.00726417689317671
2023-10-16,10889.03,10918.19,10925.68,10841.92,22.03M,-0.0010344513580715642
2023-10-17,10814.02,10870.86,10884.55,10766.87,22.50M,-0.006912420021542687
2023-10-18,10675.44,10774.34,10785.9,10660.97,29.74M,-0.012897664348660243
2023-10-19,10448.23,10598.71,10603.41,10426.05,28.23M,-0.021513189989535775
2023-10-20,10348.6,10385.22,10415.52,10341.75,30.09M,-0.009581341212653527
2023-10-23,10331.92,10357.51,10369.42,10251.33,21.86M,-0.0016131125926186485
2023-10-24,10376.81,10336.19,10385.66,10275.64,18.58M,0.004335376463043161
2023-10-25,10400.93,10354.62,10410.81,10289.7,20.70M,0.0023217164941566892
2023-10-26,10367.69,10325.75,10397.74,10291.97,20.71M,-0.0032009857546899667
2023-10-27,10323.71,10324.74,10411.07,10300.82,18.68M,-0.004251047897357196
2023-10-30,10382.19,10377.86,10411.19,10351.13,18.61M,0.005648646568792159
2023-10-31,10391.16,10369.75,10415.6,10352.12,25.99M,0.0008636065494975753
2023-11-01,10503.89,10453.52,10542.61,10424.47,23.49M,0.010790220052106392
2023-11-02,10591.98,10534.61,10611.61,10531.27,26.72M,0.008351446230753012
2023-11-03,10579.67,10601.53,10642.52,10573.24,20.70M,-0.0011628759579167536
2023-11-06,10576.75,10596.15,10596.15,10539.91,20.60M,-0.00027603914259088924
2023-11-07,10571.03,10574.26,10617.44,10567.45,21.87M,-0.0005409551394510714
2023-11-08,10595.06,10542.53,10645.22,10530.51,27.28M,0.0022706140174459932
2023-11-09,10644.99,10608.73,10691.05,10585.08,21.51M,0.004701504183993066
2023-11-10,10555.35,10639.41,10645.19,10519.27,22.30M,-0.008456518546331893
2023-11-13,10590.39,10574.03,10603.07,10540.33,23.44M,0.003314145740182184
2023-11-14,10715.73,10606.29,10717.24,10573.57,29.61M,0.011765769265615234
2023-11-15,10708.19,10732.49,10764.83,10697.14,27.16M,-0.0007038861526105222
2023-11-16,10643.07,10706.39,10722.06,10643.07,23.36M,-0.006099893113479027
2023-11-17,10737.37,10687.94,10763.96,10680.84,30.01M,0.008821204005597494
2023-11-20,10740.27,10722.85,10747.72,10699.62,25.10M,0.0002700482937250115
2023-11-21,10782.23,10748.73,10794.32,10737.65,19.52M,0.0038991802218077964
2023-11-22,10832.39,10810.69,10860.41,10794.0,19.13M,0.00464131130175538
2023-11-23,10851.62,10817.59,10853.52,10806.18,12.30M,0.0017736576436959695
2023-11-24,10879.52,10845.06,10879.52,10840.9,15.14M,0.0025677452107402132
2023-11-27,10821.06,10860.88,10874.89,10821.06,20.47M,-0.005387887459335161
2023-11-28,10760.38,10777.51,10791.24,10720.89,22.84M,-0.0056233652530170986
2023-11-29,10802.88,10763.72,10835.48,10761.64,24.82M,0.003941895152431485
2023-11-30,10854.32,10795.22,10871.03,10770.87,146.60M,0.004750392177552243
2023-12-01,10887.36,10888.57,10935.49,10851.92,30.76M,0.003039325887781885
2023-12-04,10952.44,10911.67,10956.38,10907.79,22.67M,0.005959779176647473
2023-12-05,10964.81,10931.21,10979.14,10915.76,23.71M,0.0011287913687585416
2023-12-06,11001.62,10983.57,11028.14,10940.14,24.72M,0.0033514808237349314
2023-12-07,10968.1,10996.92,10998.32,10960.43,18.61M,-0.003051475031099926
2023-12-08,11071.77,10974.79,11089.73,10961.52,22.91M,0.009407565887181946
2023-12-11,11130.36,11062.85,11138.16,11048.01,21.67M,0.0052778842396801195
2023-12-12,11151.22,11129.53,11168.18,11119.69,27.46M,0.0018723991830373876
2023-12-13,11188.91,11153.77,11255.5,11153.77,27.70M,0.0033742002180900954
2023-12-14,11209.95,11277.98,11333.91,11162.57,36.30M,0.0018786675918516238
2023-12-15,11191.89,11218.99,11229.56,11154.64,65.34M,-0.0016123679048334338
2023-12-18,11155.8,11142.54,11205.55,11137.18,21.65M,-0.003229866834052686
2023-12-19,11146.43,11165.96,11189.06,11136.95,28.81M,-0.0008402747663627252
2023-12-20,11144.88,11160.37,11191.3,11121.05,21.36M,-0.00013906764586835152
2023-12-21,11132.6,11125.61,11141.58,11064.29,17.43M,-0.0011024587380408235
2023-12-22,11153.09,11100.32,11160.23,11093.37,13.73M,0.0018388486758702527
2023-12-27,11113.98,11138.56,11162.51,11093.43,13.70M,-0.003512814233545214
2023-12-28,11057.55,11126.8,11129.24,11057.55,13.99M,-0.005090322756096555
2023-12-29,11137.79,11099.41,11143.59,11085.7,14.05M,0.007230378049420949
2024-01-03,11170.26,11204.85,11294.93,11136.29,36.28M,0.0029110588267400317
2024-01-04,11224.37,11200.9,11224.37,11139.16,21.97M,0.004832417887611129
2024-01-05,11185.9,11173.36,11216.35,11113.75,17.15M,-0.003433250718337888
2024-01-08,11230.4,11193.13,11238.38,11124.02,17.26M,0.003970330380694165
2024-01-09,11248.65,11228.45,11261.42,11192.12,19.82M,0.0016237344558334144
2024-01-10,11255.0,11218.54,11276.39,11202.95,25.58M,0.0005643529088423804
2024-01-11,11153.62,11291.7,11309.94,11151.08,20.41M,-0.009048365467284825
2024-01-12,11226.4,11193.42,11255.02,11172.67,19.46M,0.00650403856337789
2024-01-15,11207.51,11239.13,11264.72,11202.35,13.39M,-0.0016840581480810357
2024-01-16,11229.65,11148.28,11237.79,11139.24,20.11M,0.0019735124397026738
2024-01-17,11148.56,11130.83,11148.56,11088.87,22.78M,-0.007247260162664304
2024-01-18,11185.88,11092.79,11218.02,11088.62,22.63M,0.0033419270627739195
2024-01-19,11150.52,11237.26,11253.56,11129.57,31.00M,-0.0031661350565528323
2024-01-22,11275.35,11223.75,11289.44,11198.26,20.24M,0.011132793445581157
2024-01-23,11149.26,11283.05,11287.44,11149.26,21.01M,-0.01124579904485934
2024-01-24,11196.82,11165.56,11199.49,11144.16,21.13M,0.004256681423582265
2024-01-25,11209.02,11158.6,11209.02,11138.04,18.57M,0.0010890019035834086
2024-01-26,11390.13,11248.65,11421.24,11245.38,23.00M,0.016028379596734865
2024-01-29,11429.83,11367.05,11437.47,11360.28,25.50M,0.0034794136406652854
2024-01-30,11443.13,11438.24,11473.57,11420.15,20.18M,0.0011629453729611328
2024-01-31,11333.38,11396.67,11422.4,11332.22,33.66M,-0.009637196341582666
2024-02-01,11213.91,11264.59,11295.47,11194.31,30.79M,-0.010597381599541933
2024-02-02,11239.68,11287.11,11300.86,11231.49,22.75M,0.002295402322292972
2024-02-05,11274.47,11257.21,11295.09,11227.45,21.44M,0.003090503322624727
2024-02-06,11245.03,11315.53,11318.39,11192.32,35.23M,-0.002614624371910068
2024-02-07,11210.25,11265.84,11267.44,11206.02,32.40M,-0.0030977149082023203
2024-02-08,11138.85,11219.36,11257.04,11138.85,26.55M,-0.006389540779352387
2024-02-09,11091.58,11153.52,11161.06,11064.9,21.06M,-0.004252735663934359
2024-02-12,11179.3,11130.26,11184.14,11117.4,18.59M,0.00787759205134364
2024-02-13,11142.79,11206.91,11231.94,11100.88,25.16M,-0.0032712019848553098
2024-02-14,11213.64,11141.34,11217.77,11141.34,18.74M,0.006338242482346601
2024-02-15,11284.18,11242.18,11292.07,11231.66,21.44M,0.006270850345222456
2024-02-16,11310.61,11282.37,11358.0,11282.37,24.50M,0.0023394784421206793
2024-02-19,11398.44,11300.18,11407.31,11292.66,14.74M,0.007735280686663515
2024-02-20,11456.96,11394.32,11477.47,11375.53,19.42M,0.005120901658589361
2024-02-21,11428.74,11437.95,11454.22,11407.67,18.83M,-0.0024661700802521835
2024-02-22,11386.17,11435.15,11455.1,11368.28,32.55M,-0.0037317744758134097
2024-02-23,11496.76,11406.58,11505.72,11402.0,22.41M,0.00966579550886948
2024-02-26,11452.88,11495.58,11524.36,11452.88,22.86M,-0.0038240297862781603
2024-02-27,11440.45,11433.65,11466.95,11410.28,21.56M,-0.0010859059142056537
2024-02-28,11414.38,11460.81,11498.95,11414.38,26.14M,-0.0022813568341550905
2024-02-29,11438.86,11446.33,11486.43,11418.45,44.64M,0.0021423666283695297
2024-03-01,11493.92,11486.72,11529.24,11456.21,24.61M,0.0048018692716294
2024-03-04,11477.8,11489.88,11493.47,11424.79,22.15M,-0.0014034650122844994
2024-03-05,11463.74,11484.97,11504.02,11447.89,22.13M,-0.0012257243201894141
2024-03-06,11546.47,11470.91,11546.47,11463.01,23.51M,0.007190751972778742
2024-03-07,11575.37,11492.67,11583.74,11470.77,31.98M,0.002499802355668379
2024-03-08,11647.14,11581.67,11649.99,11580.24,34.75M,0.006181091406823214
2024-03-11,11685.19,11634.57,11685.19,11623.47,26.74M,0.0032615717102260078
2024-03-12,11762.05,11721.59,11775.97,11669.67,28.08M,0.00655601898522562
2024-03-13,11790.46,11757.38,11799.91,11735.91,28.30M,0.0024124828970695233
2024-03-14,11720.7,11747.52,11779.76,11688.35,27.14M,-0.0059342205757833
2024-03-15,11676.13,11733.92,11761.03,11676.13,109.53M,-0.003809922447869596
2024-03-18,11623.63,11663.62,11666.09,11593.41,21.95M,-0.0045064918136095145
2024-03-19,11577.8,11588.09,11613.72,11536.27,25.41M,-0.003950623699259026
2024-03-20,11618.63,11570.11,11635.44,11558.5,23.68M,0.0035203729338757483
2024-03-21,11703.66,11651.43,11779.24,11650.6,29.80M,0.007291769097518497
2024-03-22,11651.99,11690.1,11715.5,11651.99,21.50M,-0.004424632523340577
2024-03-25,11637.05,11630.09,11640.86,11583.39,20.44M,-0.001283007118317414
2024-03-26,11680.36,11648.7,11693.84,11639.14,22.83M,0.0037148250861669396
2024-03-27,11705.71,11703.43,11722.09,11672.7,21.43M,0.002167958098887368
2024-03-28,11730.43,11732.83,11740.68,11687.14,26.56M,0.002109563193217312
2024-04-02,11595.0,11730.43,11762.56,11582.0,24.19M,-0.01161234942751399
2024-04-03,11616.87,11613.24,11629.43,11582.33,25.81M,0.0018843812645421565
2024-04-04,11691.13,11633.88,11693.57,11616.46,24.41M,0.006372082655520472
2024-04-05,11495.79,11543.31,11548.31,11480.87,25.94M,-0.016849553241064186
2024-04-08,11547.14,11501.71,11561.38,11487.41,19.99M,0.004456905871032646
2024-04-09,11506.04,11525.03,11577.76,11486.67,19.86M,-0.0035656723753962893
2024-04-10,11495.21,11558.89,11559.63,11404.39,24.50M,-0.0009416880213297674
2024-04-11,11465.74,11492.07,11537.57,11427.48,24.89M,-0.002566968368668654
2024-04-12,11379.58,11508.31,11530.34,11357.56,23.28M,-0.007542937329152011
2024-04-15,11395.81,11425.1,11464.31,11375.12,20.22M,0.001425222817022842
2024-04-16,11196.67,11262.0,11282.97,11172.4,29.74M,-0.01762933131630362
2024-04-17,11231.83,11203.04,11286.79,11182.89,22.71M,0.0031352991775808192
2024-04-18,11230.43,11235.85,11281.46,11173.64,27.95M,-0.00012465353012558467
2024-04-19,11296.4,11144.15,11296.4,11127.42,31.28M,0.005857032577658572
2024-04-22,11327.77,11305.37,11338.97,11256.4,29.30M,0.0027731421841128423
2024-04-23,11469.15,11440.87,11515.09,11422.08,29.50M,0.012403588957912604
2024-04-24,11370.74,11450.4,11459.47,11370.74,31.52M,-0.008617432833025518
2024-04-25,11260.61,11342.83,11345.29,11194.82,33.52M,-0.009732593886134566
2024-04-26,11344.32,11344.52,11360.42,11294.67,23.77M,0.007406382824946434
2024-04-29,11332.36,11370.51,11392.82,11332.36,19.23M,-0.0010548282296145572
2024-04-30,11260.91,11329.35,11338.84,11260.91,26.35M,-0.006324913409477162
2024-05-02,11209.63,11286.71,11301.35,11188.72,27.50M,-0.004564206202607224
2024-05-03,11272.95,11239.82,11335.26,11221.41,,0.005632820381070047
2024-05-06,11327.66,11283.23,11381.81,11277.59,17.43M,0.004841471700641975
2024-05-07,11512.97,11352.58,11526.26,11351.17,33.98M,0.0162267035614736
2024-05-08,11602.21,11551.01,11602.21,11542.78,28.91M,0.007721371269482802
2024-05-10,11753.7,11661.72,11761.78,11660.9,28.91M,0.012972487431007096
2024-05-13,11768.08,11747.76,11772.82,11729.47,27.26M,0.0012226967339614703
2024-05-14,11784.07,11710.08,11791.7,11697.77,25.90M,0.001357838028100744
2024-05-15,11899.26,11808.65,11906.8,11801.75,24.03M,0.00972759390931266
2024-05-16,11946.66,11955.73,11983.75,11930.43,25.98M,0.003975528092775349
2024-05-17,12037.99,12004.88,12046.39,11992.42,29.60M,0.007615741019709077
2024-05-21,12001.5,12039.4,12050.29,11972.59,25.92M,-0.0030358404463086686
2024-05-22,11958.67,11981.86,11993.95,11929.56,21.43M,-0.0035751036506681544
2024-05-23,11966.75,11959.6,12016.03,11945.59,24.44M,0.0006754322646944644
2024-05-24,11931.7,11885.62,11942.49,11857.09,19.90M,-0.0029332467277729535
2024-05-27,11960.57,11919.48,11961.25,11915.38,14.59M,0.002416682387309521
2024-05-28,11854.5,11982.76,11986.53,11835.46,20.11M,-0.008907863918711456
2024-05-29,11793.73,11815.74,11841.61,11783.62,21.52M,-0.005139508011177796
2024-05-30,11885.93,11777.78,11885.92,11771.88,22.33M,0.007787313325794187
2024-05-31,12000.86,11895.19,12012.09,11889.89,79.84M,0.009622966241115805
2024-06-03,12007.04,12065.32,12086.27,11977.12,25.29M,0.0005148305463187342
2024-06-04,12008.94,12005.64,12064.99,11967.5,26.14M,0.00015822798020082018
2024-06-05,12150.02,12089.71,12155.49,12081.15,20.03M,0.011679443462483619
2024-06-06,12241.25,12183.71,12246.52,12175.85,23.02M,0.007480580177128715
2024-06-07,12254.76,12249.72,12295.18,12209.47,21.49M,0.0011030368921129963
2024-06-10,12137.74,12136.17,12202.93,12096.55,19.90M,-0.009594826093573872
2024-06-11,12072.92,12170.13,12181.69,12031.82,18.39M,-0.005354678879442076
2024-06-12,12167.59,12074.72,12185.77,12061.93,19.79M,0.007810931479799166
2024-06-13,12095.99,12136.8,12175.52,12072.74,22.22M,-0.005901866734504324
2024-06-14,12044.59,12103.46,12113.49,11981.82,23.28M,-0.004258396250104823
2024-06-17,12003.52,12043.38,12068.23,11955.08,17.72M,-0.0034156563596319245
2024-06-18,12046.61,12046.28,12048.75,11996.51,19.05M,0.0035833524482224988
2024-06-19,12060.24,12047.48,12068.12,12024.0,19.39M,0.0011307990427944503
2024-06-20,12128.16,12040.28,12129.63,12032.25,22.93M,0.005615929826593202
2024-06-21,12012.87,12095.06,12110.54,11987.23,74.96M,-0.009551446354370441
2024-06-24,12157.29,12004.36,12180.57,11999.85,21.62M,0.011950414787763819
2024-06-25,12086.31,12104.21,12124.62,12054.76,23.78M,-0.005855582736270293
2024-06-26,12015.72,12134.98,12163.23,11984.33,23.15M,-0.005857614635626618
2024-06-27,12004.31,12048.21,12050.52,11990.32,18.56M,-0.0009500405168694215
2024-06-28,11993.83,12033.82,12058.05,11980.2,20.29M,-0.0008734010774329448
2024-07-01,12049.61,12106.94,12107.3,12022.16,17.10M,0.004639943375346789
2024-07-02,12011.02,11951.02,12015.14,11920.09,21.11M,-0.0032077325564188186
2024-07-03,12018.3,12027.31,12067.18,11996.0,17.75M,0.0006059264450879454
2024-07-04,12068.8,11994.51,12101.45,11988.3,15.25M,0.004193121960886614
2024-07-05,12006.14,12095.78,12111.63,11991.62,13.96M,-0.005205424519315827
2024-07-08,12051.66,11996.32,12111.0,11980.36,16.14M,0.0037842241869050497
2024-07-09,12037.36,12021.49,12151.28,12011.45,19.19M,-0.001187263050116627
2024-07-10,12151.19,12048.76,12153.42,12042.99,14.32M,0.009411960642644601
2024-07-11,12255.78,12222.55,12292.48,12203.66,18.97M,0.008570555068134311
2024-07-12,12365.18,12286.14,12383.99,12273.81,15.96M,0.008886795639897471
2024-07-15,12279.86,12336.04,12434.03,12279.21,17.76M,-0.006923936082834814
2024-07-16,12260.93,12220.24,12271.34,12197.46,16.29M,-0.0015427379277124231
2024-07-17,12333.93,12217.7,12357.61,12208.58,21.81M,0.005936217109466568
2024-07-18,12247.61,12330.95,12346.63,12234.44,24.83M,-0.00702318526925616
2024-07-19,12173.44,12236.94,12243.73,12165.05,24.62M,-0.006074286572756549
2024-07-22,12296.74,12216.57,12334.06,12199.04,17.19M,0.010077657256200467
2024-07-23,12278.82,12321.37,12344.38,12244.62,17.49M,-0.0014583597017558958
2024-07-24,12203.17,12179.23,12235.24,12178.29,20.33M,-0.006180072843488205
2024-07-25,12105.54,12109.2,12138.78,12026.63,32.10M,-0.008032554992773555
2024-07-26,12241.49,12078.04,12250.56,12060.58,22.91M,0.011167802641114832
2024-07-29,12214.9,12291.15,12300.07,12197.09,17.52M,-0.002174483681139705
2024-07-30,12282.02,12242.9,12296.35,12205.57,16.03M,0.005479886284723179
2024-07-31,12317.44,12282.02,12352.11,12282.02,29.82M,0.002879740000624409
2024-08-02,11875.52,12068.3,12109.93,11845.08,43.01M,-0.03653700587013198
2024-08-05,11543.25,11630.46,11631.35,11419.9,44.64M,-0.02837828788962149
2024-08-06,11510.46,11556.78,11613.79,11417.16,30.19M,-0.002844663363223532
2024-08-07,11843.18,11588.94,11865.57,11587.56,23.68M,0.02849598729268621
2024-08-08,11827.43,11744.65,11831.42,11642.77,20.12M,-0.0013307643803308622
2024-08-09,11865.93,11837.34,11925.71,11826.77,13.39M,0.0032498585160620763
2024-08-12,11873.71,11896.16,11935.33,11867.32,13.66M,0.0006554438296895171
2024-08-13,11928.14,11911.22,11933.42,11800.85,16.74M,0.004573602041840985
2024-08-14,12071.83,11998.19,12085.62,11975.96,21.11M,0.011974324710006812
2024-08-15,12150.22,12107.48,12188.49,12063.83,19.70M,0.006472637425744665
2024-08-16,12188.73,12185.65,12222.01,12142.33,16.10M,0.00316447768998529
2024-08-19,12275.24,12168.98,12296.22,12167.45,15.36M,0.00707247111577658
2024-08-20,12266.56,12283.41,12324.13,12258.26,16.98M,-0.0007073646074804429
2024-08-21,12250.11,12219.48,12274.31,12215.53,17.17M,-0.0013419442745377097
2024-08-22,12305.45,12266.0,12347.41,12265.72,14.96M,0.004507337131876454
2024-08-23,12347.46,12240.94,12351.97,12234.52,19.60M,0.003408120231092937
2024-08-26,12354.35,12338.27,12371.92,12332.8,11.22M,0.0005578538721398019
2024-08-27,12296.72,12360.54,12373.27,12287.34,14.32M,-0.004675667627537905
2024-08-28,12348.7,12322.23,12394.45,12304.31,14.70M,0.004218234225708883
2024-08-29,12417.72,12322.37,12427.64,12321.39,19.44M,0.005573690398639641
2024-08-30,12436.59,12421.36,12483.57,12418.6,28.92M,0.001518449204640504
2024-09-02,12451.48,12421.8,12459.82,12367.29,17.31M,0.0011965573687753306
2024-09-03,12348.19,12409.27,12427.01,12293.9,23.55M,-0.008329997718835358
2024-09-04,12176.17,12181.67,12250.32,12133.05,27.19M,-0.014028730714645832
2024-09-05,12031.34,12103.93,12150.92,12031.34,22.70M,-0.01196585093455127
2024-09-06,11908.24,11978.33,12088.94,11908.24,26.84M,-0.010284314511157078
2024-09-09,11980.64,11962.72,12022.04,11918.82,20.97M,0.006061416162594924
2024-09-10,11964.71,11941.92,12040.4,11914.22,20.99M,-0.0013305299233543622
2024-09-11,11922.91,11928.27,12022.37,11877.88,22.76M,-0.003499724347934219
2024-09-12,11982.34,11978.07,12015.32,11923.49,24.59M,0.004972139796615593
2024-09-13,12037.28,12022.48,12077.91,12022.46,19.50M,0.00457460158076195
2024-09-16,12005.47,11980.99,12057.68,11976.92,15.59M,-0.0026461214762054652
2024-09-17,12042.78,12055.96,12120.01,12040.76,21.40M,0.0031029309771497537
2024-09-18,11982.3,12042.54,12057.88,11943.7,18.02M,-0.005034749333397315
2024-09-19,12058.3,12075.51,12122.87,12034.39,23.52M,0.0063226586009701435
2024-09-20,11934.07,12031.3,12056.0,11927.33,60.82M,-0.01035588482881522
2024-09-23,11965.35,11929.19,12000.46,11922.06,21.76M,0.0026176382406735144
2024-09-24,12048.85,12038.41,12076.42,11985.39,23.56M,0.0069542467802801156
2024-09-25,12148.38,12040.22,12152.5,12031.01,19.45M,0.008226607865802649
2024-09-26,12209.62,12261.19,12267.86,12149.27,28.19M,0.005028338043647551
2024-09-27,12234.05,12218.48,12255.95,12188.25,22.15M,0.001998882175566763
2024-09-30,12168.87,12175.97,12223.98,12168.87,23.20M,-0.005341996367892676
2024-10-01,12086.66,12198.41,12232.15,12060.0,23.72M,-0.006778686328402728
2024-10-02,12122.09,12112.07,12159.78,12055.56,23.91M,0.0029270429324750324
2024-10-03,12012.32,12124.78,12126.9,11973.06,16.80M,-0.00909661822605301
2024-10-04,11997.09,11990.52,12030.88,11958.56,17.70M,-0.0012686694127648224
2024-10-07,12008.7,12033.69,12049.01,11951.53,19.55M,0.0009672667223377118
2024-10-08,12010.99,11940.95,12043.61,11887.46,21.24M,0.00019067689940399646
2024-10-09,12122.93,11995.33,12122.93,11988.06,17.13M,0.00927663659760114
2024-10-10,12077.76,12137.61,12150.68,12070.14,18.58M,-0.0037329557507241873
2024-10-11,12154.19,12064.63,12176.39,12049.68,15.80M,0.0063082214557450556
2024-10-14,12259.23,12186.35,12266.58,12176.38,17.72M,0.008605156358452604
2024-10-15,12218.85,12288.88,12301.7,12208.81,22.77M,-0.0032992813675640775
2024-10-16,12193.07,12161.01,12223.11,12170.28,20.57M,-0.0021120837347901045
2024-10-17,12304.27,12159.22,12353.12,12130.49,27.69M,0.009078599045162505
2024-10-18,12326.76,12289.14,12348.16,12280.52,24.02M,0.0018261523168163762
2024-10-21,12261.87,12303.69,12355.26,12251.99,17.87M,-0.005278061497667963
2024-10-22,12163.33,12234.37,12238.56,12120.99,16.43M,-0.008068759692369198
2024-10-23,12147.1,12173.84,12218.38,12107.05,16.99M,-0.0013352295628905608
2024-10-24,12173.04,12174.2,12224.63,12169.08,19.38M,0.002133212213159652
2024-10-25,12184.0,12154.39,12197.76,12142.92,15.23M,0.0008999452100670879
2024-10-28,12237.97,12230.43,12254.8,12155.96,17.27M,0.004419798063539204
2024-10-29,12100.57,12252.26,12253.41,12098.69,26.00M,-0.011290854725208632
2024-10-30,11967.7,12070.02,12093.33,11952.43,32.60M,-0.011041204858168285
2024-10-31,11792.92,11905.42,11905.42,11745.3,28.92M,-0.014712002673435975
2024-11-01,11967.2,11843.05,11991.87,11842.98,20.26M,0.014670222678526912
2024-11-04,11896.94,11946.4,11983.26,11896.94,16.63M,-0.0058883498846658
2024-11-05,11866.01,11920.49,11924.7,11839.35,23.35M,-0.002603213613376454
2024-11-06,11847.29,11997.42,12122.2,11821.48,37.28M,-0.001578861136051657
2024-11-07,11917.0,11863.67,11990.69,11855.47,29.30M,0.005866802664648674
2024-11-08,11797.72,11918.78,11932.08,11775.75,24.89M,-0.010059659645486718
2024-11-11,11902.79,11882.75,11952.06,11878.32,21.36M,0.00886653395582293
2024-11-12,11712.09,11816.86,11836.31,11697.5,27.18M,-0.016151184803344876
2024-11-13,11703.81,11697.25,11722.73,11616.57,22.78M,-0.0007072117958397683
2024-11-14,11783.65,11672.78,11801.07,11652.4,24.06M,0.00679854760953269
2024-11-15,11627.04,11666.68,11716.59,11602.43,24.46M,-0.013379557480458715
2024-11-18,11639.6,11629.08,11646.76,11574.62,20.77M,0.0010796575027640642
2024-11-19,11541.43,11683.19,11709.23,11428.87,26.02M,-0.008469907237666163
2024-11-20,11539.64,11621.17,11641.97,11512.46,22.65M,-0.00015510546119301694
2024-11-21,11591.59,11552.47,11605.49,11495.82,21.44M,0.00449177041992499
2024-11-22,11716.5,11653.97,11759.62,11605.35,24.60M,0.010718269563600558
2024-11-25,11678.59,11721.95,11766.18,11666.31,44.49M,-0.003240853801472099
2024-11-26,11632.88,11609.92,11690.9,11590.67,24.83M,-0.003921679635247699
2024-11-27,11644.01,11630.17,11653.26,11583.01,20.45M,0.0009563133948091718
2024-11-28,11709.8,11669.61,11723.9,11644.61,14.28M,0.005634213350058204
2024-11-29,11764.2,11697.89,11764.2,11658.09,22.91M,0.004634923522822021
2024-12-02,11829.24,11725.02,11862.41,11723.61,21.18M,0.005513410910443994
2024-12-03,11834.32,11838.25,11875.31,11799.46,23.27M,0.00042935214126949006
2024-12-04,11783.61,11809.82,11828.36,11753.28,21.93M,-0.004294201729367231
2024-12-05,11790.79,11799.47,11816.25,11755.74,21.23M,0.0006091353520769616
2024-12-06,11780.65,11764.87,11808.87,11747.88,19.27M,-0.000860363272289888
2024-12-09,11761.72,11826.4,11829.09,11740.16,20.39M,-0.0016081646902765812
2024-12-10,11642.39,11735.56,11740.84,11642.39,26.00M,-0.010197442591969974
2024-12-11,11681.87,11618.85,11695.87,11618.72,25.14M,0.003385319637549955
2024-12-12,11715.85,11676.64,11783.78,11652.49,24.96M,0.0029045585543592267
2024-12-13,11694.43,11706.56,11736.28,11669.29,19.44M,-0.0018299658079747871
2024-12-16,11701.51,11677.1,11708.86,11644.53,24.32M,0.0006052332341521804
2024-12-17,11740.52,11652.76,11744.28,11622.55,23.32M,0.0033282131291088035
2024-12-18,11638.91,11706.6,11707.13,11636.79,26.82M,-0.008692311127511232
2024-12-19,11414.84,11474.42,11497.57,11387.72,31.63M,-0.019439532068105336
2024-12-20,11384.92,11293.27,11394.37,11248.4,76.19M,-0.002624590537379845
2024-12-23,11488.28,11382.91,11497.71,11362.68,15.04M,0.009037712566518863
2024-12-27,11589.34,11513.38,11597.29,11484.76,15.85M,0.00875832481950134
2024-12-30,11600.9,11578.61,11633.57,11538.67,15.54M,0.000996971222161136
2025-01-03,11624.02,11642.63,11663.64,11570.13,25.66M,0.001990965535055622
2025-01-06,11691.13,11652.8,11691.13,11584.67,24.98M,0.005756787782940975
2025-01-07,11830.77,11694.38,11830.77,11665.95,24.71M,0.011873330001952453
2025-01-08,11876.21,11848.0,11937.72,11783.22,24.43M,0.0038334748371209315
2025-01-09,11927.11,11880.8,11968.89,11868.98,25.38M,0.004276720859234473
2025-01-10,11791.91,11883.94,11911.01,11784.8,22.80M,-0.011400257201090724
2025-01-13,11701.72,11726.79,11735.81,11651.45,21.06M,-0.007677863578752664
2025-01-14,11702.57,11780.01,11789.96,11688.95,20.56M,7.263625603393109e-05
2025-01-15,11781.74,11676.35,11797.51,11669.35,23.92M,0.0067423994932624964
2025-01-16,11942.0,11792.25,11942.0,11787.84,26.35M,0.013510722829481736
2025-01-17,11990.27,11972.68,12003.09,11955.94,29.42M,0.004033889426716897
2025-01-20,12037.22,11988.62,12055.0,11983.25,17.34M,0.0039080286583725865
2025-01-21,12111.16,12017.43,12111.16,12017.43,20.64M,0.006123825372135627
2025-01-22,12207.89,12181.29,12247.8,12178.98,24.33M,0.007955122434553985
2025-01-23,12265.4,12203.4,12265.4,12182.88,21.98M,0.0046998262888600095
2025-01-24,12287.28,12315.12,12335.85,12264.76,24.53M,0.0017822906331961264
2025-01-27,12416.61,12247.86,12441.31,12228.98,31.82M,0.01047051145001987
2025-01-28,12455.44,12468.98,12536.34,12449.21,28.66M,0.0031223828793383035
2025-01-29,12530.32,12474.36,12554.33,12463.87,23.31M,0.0059938320209784735
2025-01-30,12604.54,12543.07,12615.51,12541.77,27.29M,0.0059057592300302275
2025-01-31,12597.09,12664.34,12708.45,12591.07,34.99M,-0.0005912316161307274
2025-02-03,12546.77,12411.56,12558.83,12409.82,29.81M,-0.004002572968483165
2025-02-04,12475.49,12557.62,12557.62,12442.41,36.22M,-0.0056973425110733444
2025-02-05,12579.44,12465.37,12579.44,12444.22,27.98M,0.008297815754813698
2025-02-06,12624.2,12616.01,12644.6,12587.52,23.14M,0.003551871638929782
2025-02-07,12593.34,12623.26,12672.96,12593.34,24.47M,-0.0024475040313198804
2025-02-10,12627.84,12589.74,12640.23,12587.06,20.65M,0.00273579757316611
2025-02-11,12694.16,12629.76,12707.55,12629.45,22.16M,0.0052381448259612995
2025-02-12,12713.9,12708.87,12732.4,12617.1,25.09M,0.0015538379531303548
2025-02-13,12949.06,12827.84,12951.92,12789.59,29.96M,0.018327315500409114
2025-02-14,12839.87,12942.71,12944.06,12815.63,27.17M,-0.008468025038435911
2025-02-17,12875.08,12845.04,12881.26,12831.39,18.47M,0.002738486522758876
2025-02-18,12893.98,12880.93,12909.97,12825.29,21.50M,0.0014668756554545581
2025-02-19,12798.52,12911.08,12914.18,12756.46,23.41M,-0.007430996537697965
2025-02-20,12808.08,12782.52,12820.88,12759.93,22.97M,0.0007466825306110536
2025-02-21,12948.6,12835.47,12948.6,12788.5,37.95M,0.010911452422240231
2025-02-24,12953.17,12951.5,13016.64,12899.81,26.46M,0.0003528716413914168
2025-02-25,13025.01,12919.35,13040.36,12914.11,34.04M,0.005530809558726091
2025-02-26,13042.51,12994.42,13100.22,12993.65,38.78M,0.0013426672448346721
2025-02-27,12958.34,12957.21,13026.97,12921.94,29.76M,-0.006474426337678807
2025-02-28,13004.48,12914.25,13020.65,12884.27,61.42M,0.0035543171792991046
2025-03-03,13166.68,13032.86,13199.05,12956.84,30.86M,0.012395482416772907
2025-03-04,13006.74,13099.49,13146.92,12991.81,38.55M,-0.012221711251429568
2025-03-05,13112.75,13081.21,13161.9,13066.22,38.27M,0.008117354672343424
2025-03-06,13029.39,13090.73,13105.02,12928.22,36.73M,-0.0063774643189109526
2025-03-07,13076.68,12953.21,13110.56,12889.55,35.60M,0.0036229161819836264
2025-03-10,13013.45,13111.05,13111.29,12984.08,34.26M,-0.004847053180139227
2025-03-11,12692.25,12959.37,12965.18,12668.21,33.45M,-0.024991867026361803
2025-03-12,12868.43,12792.93,12977.76,12790.87,29.66M,0.013785454070600167
2025-03-13,12836.19,12827.16,12927.71,12790.12,24.53M,-0.0025084997876678727
2025-03-14,12916.81,12827.37,12948.27,12784.24,28.13M,0.006261038586771406
2025-03-17,13058.12,12927.51,13064.98,12917.93,23.84M,0.010880598647069917
2025-03-18,13062.11,13095.25,13117.35,13022.32,26.78M,0.0003055103290456884
2025-03-19,13040.92,13022.28,13071.53,12996.18,27.52M,-0.0016235666629267342
2025-03-20,13097.05,13035.12,13103.76,13005.5,33.11M,0.004294907851086549
2025-03-21,13075.4,13043.22,13077.51,12994.05,73.62M,-0.0016544117908825484
2025-03-24,13000.24,13097.42,13110.93,12972.52,20.31M,-0.005764783387677497
2025-03-25,13013.15,13035.33,13100.42,13013.15,25.87M,0.0009925658332026188
2025-03-26,12953.8,13015.02,13015.99,12917.54,23.00M,-0.004571203267815349
2025-03-27,12867.23,12804.33,12867.23,12738.01,29.52M,-0.006705412167299585
2025-03-28,12840.43,12823.59,12910.27,12794.2,24.98M,-0.0020849824300324116
2025-03-31,12598.12,12724.77,12748.73,12585.99,35.22M,-0.01905119032178959
2025-04-01,12686.62,12724.96,12754.44,12622.31,29.02M,0.0070002983147539055
2025-04-02,12588.31,12637.97,12638.31,12518.72,24.69M,-0.007779289263140754
2025-04-03,12279.48,12405.68,12442.98,12252.7,44.64M,-0.024839028981928024
2025-04-04,11648.83,12127.3,12189.64,11531.79,58.65M,-0.0527238307617246
2025-04-07,11047.48,11476.79,11553.59,10775.83,80.19M,-0.05300339812702859
2025-04-08,11359.12,11229.7,11507.87,11130.84,49.71M,0.027818597846938076
2025-04-09,10887.73,11115.3,11179.25,10699.66,50.33M,-0.04238447840472048
2025-04-10,11244.59,10949.34,11807.79,10918.24,43.83M,0.03225065699839469
2025-04-11,11239.83,11305.47,11329.73,11058.84,28.88M,-0.0004234043013884303
2025-04-14,11499.46,11444.95,11552.98,11372.07,28.96M,0.022836357948964547
2025-04-15,11609.84,11473.66,11609.84,11444.9,29.59M,0.009552936646782584
2025-04-16,11598.62,11531.17,11598.62,11470.7,29.20M,-0.0009668888736360515
2025-04-17,11660.96,11590.99,11660.96,11521.89,34.19M,0.005360384776649241
2025-04-22,11646.32,11570.18,11646.32,11492.24,25.89M,-0.0012562600119263578
2025-04-23,11808.71,11797.48,11884.96,11747.53,33.37M,0.01384714449390323
2025-04-24,11917.59,11798.68,11940.37,11751.82,25.08M,0.009178065211029818
2025-04-25,11942.05,11982.97,12013.11,11922.05,22.56M,0.002050325031627054
2025-04-28,12028.25,11946.01,12046.96,11929.86,22.48M,0.007192264726263886
2025-04-29,12066.69,12065.79,12117.85,12040.06,22.48M,0.0031907141177374143
2025-04-30,12116.98,12117.18,12158.24,12018.0,35.73M,0.00415901081104586
2025-05-02,12253.79,12175.97,12282.55,12144.22,28.97M,0.011227502220867436
2025-05-05,12233.03,12260.06,12318.91,12233.03,20.12M,-0.0016956064506459256
2025-05-06,12230.58,12232.76,12271.14,12168.14,20.21M,-0.00020029750377759115
2025-05-07,12113.76,12187.68,12190.58,12100.07,22.04M,-0.009597376366407673
2025-05-08,12061.72,12152.54,12188.89,12061.72,25.65M,-0.004305195212571888
2025-05-09,12087.32,12101.0,12123.04,12054.42,21.35M,0.002120167889868796
2025-05-12,12219.63,12128.0,12219.63,12020.31,37.36M,0.010886705800865926
2025-05-13,12165.27,12231.55,12280.5,12144.64,23.72M,-0.0044585042422546906
2025-05-14,12132.19,12148.67,12188.53,12100.06,23.34M,-0.002722920045036048
2025-05-15,12227.28,12086.92,12227.28,12074.64,22.43M,0.007807270273527678
2025-05-16,12335.09,12251.22,12375.48,12249.68,33.36M,0.008778525227127076
2025-05-19,12356.77,12301.94,12356.77,12263.18,22.70M,0.0017560447508770949
2025-05-20,12408.03,12374.16,12461.34,12329.9,27.88M,0.004139752649397366
2025-05-21,12380.36,12336.87,12387.96,12292.19,24.03M,-0.0022324976726917356
2025-05-22,12269.95,12328.57,12336.24,12201.78,18.08M,-0.008958162258702274
2025-05-23,12198.69,12291.37,12325.04,12024.35,26.40M,-0.005824614810190809
2025-05-26,12317.07,12305.56,12340.34,12278.85,11.92M,0.009657536220574414
2025-05-27,12324.78,12296.2,12379.65,12294.58,16.48M,0.0006257647255853982
2025-05-28,12186.74,12292.98,12305.24,12179.61,17.47M,-0.011263394465656162
2025-05-30,12227.08,12192.33,12315.75,12167.7,48.36M,0.0033046886323102598
2025-06-02,12198.18,12218.4,12242.52,12132.19,18.55M,-0.002366403754665569
2025-06-03,12239.62,12269.08,12277.15,12182.16,21.08M,0.0033914705677666745
2025-06-04,12298.5,12245.28,12338.98,12221.04,20.06M,0.004799072871588095
2025-06-05,12317.62,12306.28,12365.19,12267.25,20.06M,0.001553453902976898
2025-06-06,12366.17,12309.31,12394.93,12288.91,24.03M,0.003933760788527252
2025-06-10,12351.89,12355.19,12389.11,12285.63,30.94M,-0.0011554306113570334
2025-06-11,12315.81,12359.46,12398.08,12315.81,19.50M,-0.0029252849458138996
2025-06-12,12323.4,12237.47,12353.27,12216.65,21.17M,0.0006160912009836039
2025-06-13,12146.02,12171.73,12236.18,12127.09,21.71M,-0.014498349950857303
2025-06-16,12090.87,12129.71,12155.41,12072.29,18.62M,-0.004550921771214078
2025-06-17,12007.06,11992.62,12095.11,11962.68,19.62M,-0.006955812214320289
2025-06-18,11959.47,11976.18,11999.7,11918.09,22.78M,-0.003971376961827033
2025-06-19,11871.52,11890.9,11931.12,11830.12,19.75M,-0.0073811788184912075
2025-06-20,11871.32,11922.06,11970.72,11871.32,80.57M,-1.684718424499465e-05
2025-06-23,11854.96,11818.85,11912.58,11813.08,23.85M,-0.0013790617486435508
2025-06-24,11988.92,12049.66,12075.14,11958.53,27.84M,0.011236544511945112
2025-06-25,11880.12,12007.42,12048.57,11875.39,23.78M,-0.009116475026283766
2025-06-26,11880.0,11938.96,11961.25,11842.78,23.76M,-1.0100959086045691e-05
2025-06-27,11980.38,11953.88,12024.89,11939.23,19.94M,0.008413997782305671
2025-06-30,11921.46,12001.25,12013.7,11899.77,24.41M,-0.0049301743585807856
2025-07-01,11963.31,11955.47,11965.9,11838.71,18.71M,0.0035043287272689128
2025-07-02,11992.24,11969.58,12013.59,11917.49,25.25M,0.002415307856768578
2025-07-03,11978.36,12014.29,12039.14,11945.97,24.39M,-0.0011580854506174632
2025-07-04,11972.41,11942.53,12046.3,11874.07,15.48M,-0.0004968525122492906
2025-07-07,11954.54,11969.52,11983.33,11933.89,14.69M,-0.0014937134338133262
2025-07-08,11970.65,11953.92,11970.65,11877.48,24.16M,0.0013466979727017048
2025-07-09,12006.86,11964.89,12040.51,11928.56,22.30M,0.003020332597243325
2025-07-10,12131.94,12060.84,12133.33,12058.62,22.58M,0.010363491100161326
2025-07-11,11937.42,12066.65,12072.48,11922.85,19.55M,-0.016163640001975565
2025-07-14,11939.89,11888.49,11939.89,11873.66,15.34M,0.00020689097798864964
2025-07-15,11901.32,11934.82,11979.69,11878.89,16.80M,-0.00323557685612208
2025-07-16,11910.81,11895.69,11977.61,11883.04,20.31M,0.0007970727946169376
2025-07-17,11961.87,11916.71,12000.7,11910.09,24.98M,0.004277699685246716
2025-07-18,11982.91,11994.47,12030.81,11958.26,23.66M,0.0017573772166592505
2025-07-21,11936.89,11937.62,11993.08,11905.44,18.76M,-0.003847863007315766
2025-07-22,11893.82,11905.0,11919.57,11843.78,22.64M,-0.003614667535746463
2025-07-23,12077.07,12004.42,12081.8,11990.29,24.82M,0.015289675928826796
2025-07-24,12045.78,12087.63,12136.68,11992.87,33.45M,-0.0025942222870369847
2025-07-25,11955.73,11999.51,12030.49,11918.01,21.99M,-0.007503729767746492
2025-07-28,11914.95,12043.78,12061.08,11907.4,25.06M,-0.0034167472122845766
2025-07-29,11958.91,11923.17,12012.56,11896.89,23.86M,0.003682693094702927
2025-07-30,11931.98,11950.46,12009.05,11929.02,26.63M,-0.002254416759337019
2025-07-31,11836.0,11947.89,11983.61,11823.21,26.90M,-0.008076455948200945
2025-08-04,11818.63,11619.2,11818.63,11612.0,32.91M,-0.0014686345228902553
2025-08-05,11858.33,11859.8,11908.64,11824.71,22.74M,0.0033534741964196257
2025-08-06,11755.32,11862.52,11879.92,11719.31,23.80M,-0.00872467013145517
2025-08-07,11849.58,11763.26,11900.64,11744.76,29.40M,0.007986519835009531
2025-08-08,11866.85,11880.64,11893.0,11799.59,20.48M,0.0014563745936904127
2025-08-11,11869.99,11932.24,11960.44,11849.13,18.91M,0.0002645676525023788
2025-08-12,11886.41,11892.57,11895.86,11828.25,16.97M,0.0013823645514285943
2025-08-13,11978.85,11913.7,11979.49,11887.87,18.06M,0.007746864044777979
2025-08-14,12001.61,11971.32,12026.48,11952.94,19.41M,0.0018982126976787583
2025-08-15,12074.33,12064.59,12095.09,12052.52,18.28M,0.006040904001633152
2025-08-18,12071.88,12066.42,12073.67,12020.49,17.35M,-0.00020293039846919214
2025-08-19,12212.19,12081.03,12216.92,12071.67,15.40M,0.011555852160393343
2025-08-20,12276.26,12189.34,12299.6,12154.82,25.44M,0.005232682851833204
2025-08-21,12241.67,12244.19,12261.22,12186.82,19.02M,-0.002821610384643236
2025-08-22,12264.85,12225.56,12323.96,12221.57,17.30M,0.0018917420272508423
2025-08-25,12206.36,12227.25,12268.44,12193.37,12.79M,-0.004780320334122123
2025-08-26,12160.89,12123.37,12237.39,12118.64,32.53M,-0.00373206272982074
2025-08-27,12207.12,12166.71,12226.36,12166.23,18.44M,0.0037943234153310357
2025-08-28,12219.2,12215.18,12253.69,12169.97,18.98M,0.0009890970874710803
2025-08-29,12187.58,12193.51,12238.86,12158.21,19.05M,-0.0025910847469958753
2025-09-01,12176.52,12200.03,12237.99,12147.27,14.36M,-0.0009078932330517375
2025-09-02,12088.36,12116.89,12169.43,12067.17,22.17M,-0.0072665010433698995
2025-09-03,12200.0,12146.61,12207.75,12103.62,20.18M,0.00919294561064632
2025-09-04,12383.47,12233.45,12415.74,12231.1,21.04M,0.0149265670347134
2025-09-05,12370.57,12407.43,12441.1,12354.11,23.38M,-0.0010422542072134888
2025-09-08,12312.65,12374.67,12375.49,12269.26,17.95M,-0.004693075401595692
2025-09-09,12281.09,12318.36,12331.38,12264.47,19.84M,-0.0025665081702666015
2025-09-10,12217.46,12310.36,12340.16,12205.9,16.67M,-0.005194604830260019
2025-09-11,12292.72,12276.35,12304.81,12239.15,19.00M,0.006141141070941103
2025-09-12,12193.86,12258.27,12275.84,12193.86,18.01M,-0.00807467087206959
2025-09-15,12144.32,12221.88,12221.88,12125.65,22.28M,-0.004070975596219384
2025-09-16,12018.66,12114.62,12142.29,12007.92,21.41M,-0.010401128739857768
2025-09-17,11998.96,11994.92,12031.49,11969.74,19.47M,-0.0016404626618218288
2025-09-18,12049.13,12030.72,12068.1,11996.09,16.78M,0.004172478794492562
2025-09-19,12109.67,12046.21,12153.94,12023.08,61.43M,0.005011848827212617
2025-09-22,12126.14,12107.56,12172.99,12086.22,16.51M,0.00135914603517584
2025-09-23,12102.61,12113.23,12158.23,12080.17,18.93M,-0.0019423212008415902
2025-09-24,11978.83,12041.13,12046.94,11960.52,22.22M,-0.010280206674901038
2025-09-25,11875.8,11934.43,11952.2,11875.8,23.23M,-0.008638209074092629
2025-09-26,11929.8,11869.07,11958.24,11867.89,17.55M,0.004536755437346329
2025-09-29,12006.71,11968.52,12027.69,11958.35,18.66M,0.006426188669287569
2025-09-30,12109.42,12005.98,12119.63,11985.61,23.49M,0.008518001936561603
2025-10-01,12360.13,12193.9,12360.13,12189.42,25.44M,0.020492307657784536
2025-10-02,12427.18,12446.94,12466.28,12395.52,21.69M,0.005410039535375333
2025-10-03,12507.17,12450.07,12549.06,12440.74,19.59M,0.0064160705536941975
2025-10-06,12551.36,12498.73,12564.6,12471.45,17.63M,0.003526946377773399
2025-10-07,12521.79,12545.14,12580.3,12509.79,15.96M,-0.0023586995418849455
2025-10-08,12648.11,12551.83,12666.08,12551.76,22.11M,0.010037470198005494
2025-10-09,12609.15,12636.31,12663.81,12609.15,21.24M,-0.0030850560116473247
2025-10-10,12481.41,12604.15,12646.48,12481.41,21.08M,-0.010182403556235897
2025-10-13,12484.8,12508.11,12546.55,12437.14,16.75M,0.0002715670516924007
2025-10-14,12434.81,12430.89,12498.65,12403.03,25.34M,-0.004012106694879947
2025-10-15,12529.58,12457.7,12529.58,12415.74,28.01M,0.007592451107631959
2025-10-16,12702.08,12491.08,12726.22,12466.57,31.36M,0.013673510788590804
2025-10-17,12644.49,12547.42,12646.54,12476.92,34.02M,-0.004544212420229954
2025-10-20,12635.02,12617.27,12680.09,12581.19,26.51M,-0.0007492234179373725
2025-10-21,12622.7,12619.55,12650.87,12567.62,21.80M,-0.0009755433964002691
2025-10-22,12614.43,12578.66,12626.91,12554.55,22.04M,-0.0006553835793550178
2025-10-23,12557.27,12583.09,12612.44,12546.97,16.05M,-0.004541616041013441
2025-10-24,12568.18,12579.71,12597.98,12532.82,17.52M,0.0008684422118356849
2025-10-27,12527.59,12536.68,12548.52,12446.05,20.16M,-0.0032348109178936824
2025-10-28,12360.15,12458.95,12480.55,12343.31,24.73M,-0.01345582414247204
2025-10-29,12314.1,12365.92,12374.43,12277.25,23.52M,-0.0037326405841202615
2025-10-30,12309.63,12289.55,12314.93,12258.96,20.30M,-0.00036306441380773435
2025-10-31,12234.5,12321.56,12332.95,12203.38,18.98M,-0.0061220531877062
2025-11-03,12235.54,12248.16,12310.75,12233.88,15.64M,8.500190442184419e-05
2025-11-04,12306.89,12182.56,12306.89,12100.51,21.23M,0.005814436550469537
2025-11-05,12363.53,12255.97,12387.56,12255.77,21.21M,0.004591741812006944
2025-11-06,12298.86,12333.92,12338.26,12286.84,18.73M,-0.005244434803286069
2025-11-07,12298.35,12315.34,12330.34,12217.38,18.26M,-4.1468117730758536e-05
2025-11-10,12455.2,12394.56,12476.79,12358.25,18.32M,0.012673099354843842
2025-11-11,12702.08,12507.93,12722.36,12507.49,20.55M,0.019627553188374947
2025-11-12,12793.74,12722.36,12823.52,12717.52,20.88M,0.007190229213799526
2025-11-13,12740.91,12823.22,12843.08,12740.91,18.99M,-0.004137912630953977
2025-11-14,12634.3,12638.11,12742.32,12547.68,25.99M,-0.008402738521168018
2025-11-17,12597.82,12632.9,12655.48,12559.37,18.12M,-0.002891554527936435
2025-11-18,12481.95,12559.94,12566.22,12440.31,27.04M,-0.00924018237992108
2025-11-19,12530.62,12523.69,12596.56,12494.04,18.43M,0.0038916481933100044
2025-11-20,12543.06,12620.19,12640.19,12531.37,21.31M,0.000992275646870766
2025-11-21,12632.67,12479.02,12634.42,12476.17,25.76M,0.007118790869743208
2025-11-24,12654.12,12692.0,12712.12,12623.72,44.36M,0.0016965384016600638
2025-11-25,12771.63,12673.38,12773.81,12618.25,22.16M,0.009243450964754985
2025-11-26,12822.24,12784.98,12834.82,12768.79,23.54M,0.003954858406759243
2025-11-27,12831.05,12806.89,12847.92,12781.6,12.48M,0.000686851499075658
2025-11-28,12833.96,12821.93,12854.28,12799.79,20.76M,0.0002267678845608856
2025-12-01,12850.73,12804.37,12878.38,12804.37,19.90M,0.001305836463904697
2025-12-02,12890.25,12832.63,12948.65,12819.39,19.03M,0.003070592576607467
2025-12-03,12858.33,12894.29,12949.98,12832.06,21.84M,-0.002479361296943594
2025-12-04,12893.61,12866.75,12933.63,12860.03,19.22M,0.002739989458826031
2025-12-05,12936.3,12876.87,12961.1,12866.86,31.93M,0.0033054732958639477
2025-12-08,12981.42,12941.99,13000.14,12913.75,23.99M,0.003481791267287093
2025-12-09,12931.16,12965.73,12988.6,12914.91,21.98M,-0.0038792017643078935
2025-12-10,12921.48,12880.1,12938.7,12821.03,23.34M,-0.0007488597259222018
2025-12-11,12905.17,12889.31,12945.41,12867.05,22.87M,-0.0012630366050743191
2025-12-12,12887.48,12913.5,12998.5,12875.16,29.08M,-0.0013717088219920015
2025-12-15,13036.8,12926.35,13042.39,12920.52,19.22M,0.011519830159789635
2025-12-16,13056.74,13082.81,13130.74,13020.1,25.71M,0.001528347926834428
2025-12-17,13028.62,13056.67,13061.65,13003.75,26.68M,-0.0021559994489308565
2025-12-18,13136.08,13007.26,13136.08,12998.22,22.03M,0.00821416673731079
2025-12-19,13171.85,13134.09,13181.28,13085.23,56.94M,0.002719333831480597
2025-12-22,13163.66,13133.63,13164.08,13097.51,15.54M,-0.000621973925246877
2025-12-23,13242.8,13163.74,13288.66,13162.82,15.67M,0.005994005780836531
2025-12-29,13240.59,13251.86,13283.13,13219.23,16.19M,-0.0001668970630372968
2025-12-30,13267.48,13206.52,13285.32,13206.52,13.73M,0.0020288168262343476
