time,log_return,horizon,true_volatility,predict_volatility
2020-03-11,-0.35201573884131526,1,1.6511211,1.3114669
2020-03-13,0.7714862970687714,3,2.322135,0.8056908
2020-03-17,2.226727567118638,5,2.4251795,0.91113704
2020-03-24,10.414287423694867,10,2.9635515,1.1510117
2020-04-08,-0.2301694481792424,21,3.1798747,1.2076411
2020-03-12,-13.054858701122829,1,2.319356,0.9429211
2020-03-16,-5.451679009465804,3,2.395492,0.7263146
2020-03-18,-5.724997918466842,5,2.5115743,0.94265294
2020-03-25,1.7746668650407522,10,2.978378,1.0792667
2020-04-09,2.2190085742753833,21,3.197943,0.98241425
2020-03-13,0.7714862970687714,1,2.322135,0.69749063
2020-03-17,2.226727567118638,3,2.4251795,0.5407689
2020-03-19,1.9789332733716112,5,2.5347998,0.8225148
2020-03-26,1.2749736945992256,10,2.9806802,0.98274314
2020-04-14,1.2400090889453679,21,3.2017467,0.8977004
2020-03-16,-5.451679009465804,1,2.395492,0.74322295
2020-03-18,-5.724997918466842,3,2.5115743,0.6220237
2020-03-20,3.6324605834880646,5,2.5891976,0.9214393
2020-03-27,-3.753625932354627,10,3.0089333,1.0485152
2020-04-15,-3.9745263628099217,21,3.233985,0.93110126
2020-03-17,2.226727567118638,1,2.4251795,1.0065954
2020-03-19,1.9789332733716112,3,2.5347998,0.7737025
2020-03-23,-2.1257024015143218,5,2.5950184,0.970029
2020-03-30,1.8865798155910312,10,3.0249078,0.9542335
2020-04-16,0.21165117630865166,21,3.2344816,1.0226904
2020-03-18,-5.724997918466842,1,2.5115743,0.81775004
2020-03-20,3.6324605834880646,3,2.5891976,0.7108233
2020-03-24,10.414287423694867,5,2.9635515,1.0737756
2020-03-31,1.2137782963158754,10,3.028653,1.0127989
2020-04-17,3.098974719966197,21,3.2668886,1.0337002
2020-03-19,1.9789332733716112,1,2.5347998,1.2397405
2020-03-23,-2.1257024015143218,3,2.5950184,0.8486566
2020-03-25,1.7746668650407522,5,2.978378,0.8980913
2020-04-01,-4.015714116470213,10,3.0586123,1.0262877
2020-04-20,0.4705751669703403,21,3.2679996,1.1160178
2020-03-20,3.6324605834880646,1,2.5891976,0.9537983
2020-03-24,10.414287423694867,3,2.9635515,0.7706711
2020-03-26,1.2749736945992256,5,2.9806802,1.0735655
2020-04-02,0.27276537647167415,10,3.0508702,1.0335547
2020-04-21,-4.072586806310184,21,3.2938566,1.0916399
2020-03-23,-2.1257024015143218,1,2.5950184,0.88107187
2020-03-25,1.7746668650407522,3,2.978378,0.7109977
2020-03-27,-3.753625932354627,5,3.0089333,0.9509437
2020-04-03,-0.4718210444215053,10,3.0502367,1.0056838
2020-04-22,1.59869482031042,21,3.29031,0.99700975
2020-03-24,10.414287423694867,1,2.9635515,0.8834827
2020-03-26,1.2749736945992256,3,2.9806802,0.68740517
2020-03-30,1.8865798155910312,5,3.0249078,0.908767
2020-04-06,5.60732649535235,10,3.1529315,1.0189253
2020-04-23,0.9437751120517646,21,3.2906299,0.93801945
2020-03-25,1.7746668650407522,1,2.978378,0.7428886
2020-03-27,-3.753625932354627,3,3.0089333,0.71916807
2020-03-31,1.2137782963158754,5,3.028653,0.97474694
2020-04-07,2.755969874370363,10,3.179937,0.8171965
2020-04-24,-1.704609322856081,21,3.2941053,1.1279467
2020-03-26,1.2749736945992256,1,2.9806802,1.0270627
2020-03-30,1.8865798155910312,3,3.0249078,0.774482
2020-04-01,-4.015714116470213,5,3.0586123,0.801131
2020-04-08,-0.2301694481792424,10,3.1798747,0.91284776
2020-04-27,3.085586332163053,21,3.322304,0.94017255
2020-03-27,-3.753625932354627,1,3.0089333,0.8579195
2020-03-31,1.2137782963158754,3,3.028653,0.6545863
2020-04-02,0.27276537647167415,5,3.0508702,0.8935704
2020-04-09,2.2190085742753833,10,3.197943,0.98660195
2020-04-28,1.2643909123426877,21,3.326171,1.0601249
2020-03-30,1.8865798155910312,1,3.0249078,1.0773612
2020-04-01,-4.015714116470213,3,3.0586123,0.7900096
2020-04-03,-0.4718210444215053,5,3.0502367,0.8637537
2020-04-14,1.2400090889453679,10,3.2017467,1.0335991
2020-04-29,2.8500771956132347,21,3.3496485,1.1037822
2020-03-31,1.2137782963158754,1,3.028653,0.83401513
2020-04-02,0.27276537647167415,3,3.0508702,0.6539259
2020-04-06,5.60732649535235,5,3.1529315,0.7998652
2020-04-15,-3.9745263628099217,10,3.233985,0.85423356
2020-04-30,-2.24049000884472,21,3.3480158,1.0028887
2020-04-01,-4.015714116470213,1,3.0586123,0.71965843
2020-04-03,-0.4718210444215053,3,3.0502367,0.6413462
2020-04-07,2.755969874370363,5,3.179937,0.8235496
2020-04-16,0.21165117630865166,10,3.2344816,0.99728584
2020-05-04,-3.702895927021447,21,3.3672955,1.0390065
2020-04-02,0.27276537647167415,1,3.0508702,0.97576404
2020-04-06,5.60732649535235,3,3.1529315,0.86338747
2020-04-08,-0.2301694481792424,5,3.1798747,1.0246516
2020-04-17,3.098974719966197,10,3.2668886,0.95324147
2020-05-05,2.478490118899732,21,3.3850422,0.8724908
2020-04-03,-0.4718210444215053,1,3.0502367,0.85534424
2020-04-07,2.755969874370363,3,3.179937,0.6940352
2020-04-09,2.2190085742753833,5,3.197943,0.83902645
2020-04-20,0.4705751669703403,10,3.2679996,0.9146278
2020-05-06,-1.1554471344575827,21,3.3864715,1.0222435
2020-04-06,5.60732649535235,1,3.1529315,0.98113805
2020-04-08,-0.2301694481792424,3,3.1798747,0.75741595
2020-04-14,1.2400090889453679,5,3.2017467,0.85250074
2020-04-21,-4.072586806310184,10,3.2938566,0.8820925
2020-05-07,1.4328910796193333,21,3.3946338,0.9402298
2020-04-07,2.755969874370363,1,3.179937,0.7511336
2020-04-09,2.2190085742753833,3,3.197943,0.60485196
2020-04-15,-3.9745263628099217,5,3.233985,0.79043037
2020-04-22,1.59869482031042,10,3.29031,0.9582539
2020-05-08,1.340609195630894,21,3.3973505,0.97099864
2020-04-08,-0.2301694481792424,1,3.1798747,0.7526056
2020-04-14,1.2400090889453679,3,3.2017467,0.65284336
2020-04-16,0.21165117630865166,5,3.2344816,0.82808816
2020-04-23,0.9437751120517646,10,3.2906299,0.8720932
2020-05-11,-0.7316385203306104,21,3.393587,0.91137016
2020-04-09,2.2190085742753833,1,3.197943,0.6894575
2020-04-15,-3.9745263628099217,3,3.233985,0.61469436
2020-04-17,3.098974719966197,5,3.2668886,0.7250419
2020-04-24,-1.704609322856081,10,3.2941053,0.8890779
2020-05-12,-0.05073101221880469,21,3.393553,0.8388873
2020-04-14,1.2400090889453679,1,3.2017467,0.66897196
2020-04-16,0.21165117630865166,3,3.2344816,0.6502581
2020-04-20,0.4705751669703403,5,3.2679996,0.82830423
2020-04-27,3.085586332163053,10,3.322304,0.8502365
2020-05-13,-2.592016361967259,21,3.4048874,0.81342024
2020-04-15,-3.9745263628099217,1,3.233985,0.8073692
2020-04-17,3.098974719966197,3,3.2668886,0.6904607
2020-04-21,-4.072586806310184,5,3.2938566,0.7444676
2020-04-28,1.2643909123426877,10,3.326171,0.8338355
2020-05-14,-1.9698316974947092,21,3.4091558,0.8184171
2020-04-16,0.21165117630865166,1,3.2344816,0.8233334
2020-04-20,0.4705751669703403,3,3.2679996,0.66956264
2020-04-22,1.59869482031042,5,3.29031,0.64019716
2020-04-29,2.8500771956132347,10,3.3496485,0.7795349
2020-05-15,1.2321011890641076,21,3.416091,0.8865677
2020-04-17,3.098974719966197,1,3.2668886,0.90674627
2020-04-21,-4.072586806310184,3,3.2938566,0.72629654
2020-04-23,0.9437751120517646,5,3.2906299,0.7823758
2020-04-30,-2.24049000884472,10,3.3480158,0.91828763
2020-05-18,5.51802385635398,21,3.498663,0.9291122
2020-04-20,0.4705751669703403,1,3.2679996,0.77954894
2020-04-22,1.59869482031042,3,3.29031,0.6734143
2020-04-24,-1.704609322856081,5,3.2941053,0.76876557
2020-05-04,-3.702895927021447,10,3.3672955,0.8231985
2020-05-19,0.14836727276902284,21,3.4985487,0.8391866
2020-04-21,-4.072586806310184,1,3.2938566,0.73587024
2020-04-23,0.9437751120517646,3,3.2906299,0.6926112
2020-04-27,3.085586332163053,5,3.322304,0.7774906
2020-05-05,2.478490118899732,10,3.3850422,0.9083581
2020-05-20,1.3311997277968786,21,3.5050573,0.8730426
2020-04-22,1.59869482031042,1,3.29031,0.71357477
2020-04-24,-1.704609322856081,3,3.2941053,0.68973184
2020-04-28,1.2643909123426877,5,3.326171,0.8861947
2020-05-06,-1.1554471344575827,10,3.3864715,0.7842359
2020-05-21,-1.4157510961111404,21,3.473145,0.7696094
2020-04-23,0.9437751120517646,1,3.2906299,0.638175
2020-04-27,3.085586332163053,3,3.322304,0.60320497
2020-04-29,2.8500771956132347,5,3.3496485,0.7261481
2020-05-07,1.4328910796193333,10,3.3946338,0.7916684
2020-05-22,0.07172991714475978,21,3.4668486,0.7699694
2020-04-24,-1.704609322856081,1,3.2941053,0.7005223
2020-04-28,1.2643909123426877,3,3.326171,0.68799853
2020-04-30,-2.24049000884472,5,3.3480158,0.7351811
2020-05-08,1.340609195630894,10,3.3973505,0.800277
2020-05-25,2.82598847239328,21,3.489369,0.7693022
2020-04-27,3.085586332163053,1,3.322304,0.69188493
2020-04-29,2.8500771956132347,3,3.3496485,0.6151305
2020-05-04,-3.702895927021447,5,3.3672955,0.7037141
2020-05-11,-0.7316385203306104,10,3.393587,0.80986655
2020-05-26,0.9903160993211523,21,3.4693816,0.78749907
2020-04-28,1.2643909123426877,1,3.326171,0.6339689
2020-04-30,-2.24049000884472,3,3.3480158,0.587749
2020-05-05,2.478490118899732,5,3.3850422,0.6965311
2020-05-12,-0.05073101221880469,10,3.393553,0.8873654
2020-05-27,1.3214749524101363,21,3.4376652,0.8144369
2020-04-29,2.8500771956132347,1,3.3496485,0.549264
2020-05-04,-3.702895927021447,3,3.3672955,0.5569283
2020-05-06,-1.1554471344575827,5,3.3864715,0.7658704
2020-05-13,-2.592016361967259,10,3.4048874,0.9075859
2020-05-28,1.0533004026464348,21,3.440358,0.77536434
2020-04-30,-2.24049000884472,1,3.3480158,0.557031
2020-05-05,2.478490118899732,3,3.3850422,0.5109323
2020-05-07,1.4328910796193333,5,3.3946338,0.67671835
2020-05-14,-1.9698316974947092,10,3.4091558,0.98381495
2020-05-29,-1.6628288297040525,21,3.4438965,0.8055244
2020-05-04,-3.702895927021447,1,3.3672955,0.6597962
2020-05-06,-1.1554471344575827,3,3.3864715,0.6412897
2020-05-08,1.340609195630894,5,3.3973505,0.73116523
2020-05-15,1.2321011890641076,10,3.416091,0.7586255
2020-06-02,3.680763469237892,21,3.4741113,0.7678908
2020-05-05,2.478490118899732,1,3.3850422,0.61299926
2020-05-07,1.4328910796193333,3,3.3946338,0.5611047
2020-05-11,-0.7316385203306104,5,3.393587,0.67612684
2020-05-18,5.51802385635398,10,3.498663,0.83799744
2020-06-03,3.8038525485778414,21,3.5028796,0.86592895
2020-05-06,-1.1554471344575827,1,3.3864715,0.6751297
2020-05-08,1.340609195630894,3,3.3973505,0.59773445
2020-05-12,-0.05073101221880469,5,3.393553,0.8309529
2020-05-19,0.14836727276902284,10,3.4985487,0.98338604
2020-06-04,-0.4559038620474759,21,3.473359,0.94500697
2020-05-07,1.4328910796193333,1,3.3946338,0.82860076
2020-05-11,-0.7316385203306104,3,3.393587,0.7246005
2020-05-13,-2.592016361967259,5,3.4048874,0.8230627
2020-05-20,1.3311997277968786,10,3.5050573,0.8197961
2020-06-05,3.3005303736916027,21,3.3168235,0.8007524
2020-05-08,1.340609195630894,1,3.3973505,0.60886145
2020-05-12,-0.05073101221880469,3,3.393553,0.607258
2020-05-14,-1.9698316974947092,5,3.4091558,0.8067782
2020-05-21,-1.4157510961111404,10,3.473145,0.84208375
2020-06-08,-0.21887684570409813,21,3.3098059,0.8458383
2020-05-11,-0.7316385203306104,1,3.393587,0.53153443
2020-05-13,-2.592016361967259,3,3.4048874,0.5736022
2020-05-15,1.2321011890641076,5,3.416091,0.7872616
2020-05-22,0.07172991714475978,10,3.4668486,0.87288296
2020-06-09,-1.5850865509134122,21,3.317972,0.81446075
2020-05-12,-0.05073101221880469,1,3.393553,0.6502004
2020-05-14,-1.9698316974947092,3,3.4091558,0.607303
2020-05-18,5.51802385635398,5,3.498663,0.72758144
2020-05-25,2.82598847239328,10,3.489369,0.8602934
2020-06-10,-0.6985041354435823,21,2.8201208,0.7389705
2020-05-13,-2.592016361967259,1,3.4048874,0.6982383
2020-05-15,1.2321011890641076,3,3.416091,0.64891505
2020-05-19,0.14836727276902284,5,3.4985487,0.7298116
2020-05-26,0.9903160993211523,10,3.4693816,0.8428645
2020-06-11,-4.571080087546507,21,2.8954458,0.8869294
2020-05-14,-1.9698316974947092,1,3.4091558,0.6834433
2020-05-18,5.51802385635398,3,3.498663,0.6306707
2020-05-20,1.3311997277968786,5,3.5050573,0.80773413
2020-05-27,1.3214749524101363,10,3.4376652,0.7911826
2020-06-12,-0.17567013749432744,21,2.7919705,0.7921504
2020-05-15,1.2321011890641076,1,3.416091,0.600665
2020-05-19,0.14836727276902284,3,3.4985487,0.50834805
2020-05-21,-1.4157510961111404,5,3.473145,0.6509286
2020-05-28,1.0533004026464348,10,3.440358,0.9967884
2020-06-15,-0.3179354124343934,21,2.7849367,0.892987
2020-05-18,5.51802385635398,1,3.498663,0.6590013
2020-05-20,1.3311997277968786,3,3.5050573,0.6049153
2020-05-22,0.07172991714475978,5,3.4668486,0.7708345
2020-05-29,-1.6628288297040525,10,3.4438965,0.9125129
2020-06-16,3.3379941727426035,21,2.6868231,0.88278836
2020-05-19,0.14836727276902284,1,3.4985487,0.61436945
2020-05-21,-1.4157510961111404,3,3.473145,0.5290246
2020-05-25,2.82598847239328,5,3.489369,0.5750989
2020-06-02,3.680763469237892,10,3.4741113,0.9219959
2020-06-17,0.5383447373406892,21,2.6809902,0.88095164
2020-05-20,1.3311997277968786,1,3.5050573,0.6203668
2020-05-22,0.07172991714475978,3,3.4668486,0.6164114
2020-05-26,0.9903160993211523,5,3.4693816,0.8375099
2020-06-03,3.8038525485778414,10,3.5028796,0.91225415
2020-06-18,-0.8158553320040781,21,2.6572654,0.8226286
2020-05-21,-1.4157510961111404,1,3.473145,0.5755273
2020-05-25,2.82598847239328,3,3.489369,0.54385465
2020-05-27,1.3214749524101363,5,3.4376652,0.70293736
2020-06-04,-0.4559038620474759,10,3.473359,0.9221194
2020-06-19,0.4000404494010749,21,2.6343672,0.776737
2020-05-22,0.07172991714475978,1,3.4668486,0.75554353
2020-05-26,0.9903160993211523,3,3.4693816,0.6313148
2020-05-28,1.0533004026464348,5,3.440358,0.723541
2020-06-05,3.3005303736916027,10,3.3168235,0.8440199
2020-06-22,-0.5512804454317803,21,2.2991226,0.9768344
2020-05-25,2.82598847239328,1,3.489369,0.69432306
2020-05-27,1.3214749524101363,3,3.4376652,0.65365463
2020-05-29,-1.6628288297040525,5,3.4438965,0.79660517
2020-06-08,-0.21887684570409813,10,3.3098059,0.80167913
2020-06-23,2.1043491263825285,21,2.3028772,0.80229145
2020-05-26,0.9903160993211523,1,3.4693816,0.64412993
2020-05-28,1.0533004026464348,3,3.440358,0.529073
2020-06-02,3.680763469237892,5,3.4741113,0.67299503
2020-06-09,-1.5850865509134122,10,3.317972,0.978142
2020-06-24,-3.492308512935427,21,2.353722,0.8751067
2020-05-27,1.3214749524101363,1,3.4376652,0.6819045
2020-05-29,-1.6628288297040525,3,3.4438965,0.67173654
2020-06-03,3.8038525485778414,5,3.5028796,0.8623364
2020-06-10,-0.6985041354435823,10,2.8201208,0.89085007
2020-06-25,0.6915843534592501,21,2.292597,0.8190621
2020-05-28,1.0533004026464348,1,3.440358,0.5852392
2020-06-02,3.680763469237892,3,3.4741113,0.59199065
2020-06-04,-0.4559038620474759,5,3.473359,0.70629823
2020-06-11,-4.571080087546507,10,2.8954458,0.83965087
2020-06-26,-0.7292200412575299,21,2.2885382,0.75913435
2020-05-29,-1.6628288297040525,1,3.4438965,0.5658658
2020-06-03,3.8038525485778414,3,3.5028796,0.53646874
2020-06-05,3.3005303736916027,5,3.3168235,0.7240588
2020-06-12,-0.17567013749432744,10,2.7919705,0.9298717
2020-06-29,1.1737109140366928,21,2.288287,0.82536936
2020-06-02,3.680763469237892,1,3.4741113,0.7329106
2020-06-04,-0.4559038620474759,3,3.473359,0.67505896
2020-06-08,-0.21887684570409813,5,3.3098059,0.69692475
2020-06-15,-0.3179354124343934,10,2.7849367,0.7678959
2020-06-30,0.6422171800968688,21,2.2156448,0.73027885
2020-06-03,3.8038525485778414,1,3.5028796,0.6509651
2020-06-05,3.3005303736916027,3,3.3168235,0.57521653
2020-06-09,-1.5850865509134122,5,3.317972,0.70324874
2020-06-16,3.3379941727426035,10,2.6868231,0.86763537
2020-07-01,-0.4099012718889822,21,2.2181869,0.85581076
2020-06-04,-0.4559038620474759,1,3.473359,0.6508766
2020-06-08,-0.21887684570409813,3,3.3098059,0.58360076
2020-06-10,-0.6985041354435823,5,2.8201208,0.7663792
2020-06-17,0.5383447373406892,10,2.6809902,0.9251754
2020-07-02,2.797956654884551,21,2.2361786,0.86349803
2020-06-05,3.3005303736916027,1,3.3168235,0.6346585
2020-06-09,-1.5850865509134122,3,3.317972,0.5763404
2020-06-11,-4.571080087546507,5,2.8954458,0.71923274
2020-06-18,-0.8158553320040781,10,2.6572654,0.92266095
2020-07-03,-0.638753210586945,21,2.1359797,0.782014
2020-06-08,-0.21887684570409813,1,3.3098059,0.5246797
2020-06-10,-0.6985041354435823,3,2.8201208,0.54211444
2020-06-12,-0.17567013749432744,5,2.7919705,0.7367779
2020-06-19,0.4000404494010749,10,2.6343672,0.8880306
2020-07-06,1.6251922527092388,21,2.119434,0.8115183
2020-06-09,-1.5850865509134122,1,3.317972,0.6018634
2020-06-11,-4.571080087546507,3,2.8954458,0.5928391
2020-06-15,-0.3179354124343934,5,2.7849367,0.73885167
2020-06-22,-0.5512804454317803,10,2.2991226,0.89197433
2020-07-07,-0.9203160833789175,21,2.1244717,0.75820565
2020-06-10,-0.6985041354435823,1,2.8201208,0.67061746
2020-06-12,-0.17567013749432744,3,2.7919705,0.6709111
2020-06-16,3.3379941727426035,5,2.6868231,0.7753743
2020-06-23,2.1043491263825285,10,2.3028772,0.7688299
2020-07-08,-0.9715920011269105,21,2.1163752,0.77953595
2020-06-11,-4.571080087546507,1,2.8954458,1.4901633
2020-06-15,-0.3179354124343934,3,2.7849367,1.3528305
2020-06-17,0.5383447373406892,5,2.6809902,1.1716149
2020-06-24,-3.492308512935427,10,2.353722,1.267559
2020-07-09,-0.042823821205287944,21,2.1129858,1.1074264
2020-06-12,-0.17567013749432744,1,2.7919705,1.7019804
2020-06-16,3.3379941727426035,3,2.6868231,1.3412098
2020-06-18,-0.8158553320040781,5,2.6572654,1.3925858
2020-06-25,0.6915843534592501,10,2.292597,1.3058077
2020-07-10,1.1483549699770275,21,2.041336,1.3068566
2020-06-15,-0.3179354124343934,1,2.7849367,1.6740457
2020-06-17,0.5383447373406892,3,2.6809902,1.3609682
2020-06-19,0.4000404494010749,5,2.6343672,1.4144294
2020-06-26,-0.7292200412575299,10,2.2885382,1.4687884
2020-07-13,1.3074170623162473,21,2.0450335,1.2967484
2020-06-16,3.3379941727426035,1,2.6868231,1.6731418
2020-06-18,-0.8158553320040781,3,2.6572654,1.4229009
2020-06-22,-0.5512804454317803,5,2.2991226,1.5306329
2020-06-29,1.1737109140366928,10,2.288287,1.2635167
2020-07-14,-0.804868028262842,21,2.0184045,1.2971023
2020-06-17,0.5383447373406892,1,2.6809902,1.3749542
2020-06-19,0.4000404494010749,3,2.6343672,1.2119918
2020-06-23,2.1043491263825285,5,2.3028772,1.2343848
2020-06-30,0.6422171800968688,10,2.2156448,1.267727
2020-07-15,1.8231893364038017,21,2.027909,1.2142494
2020-06-18,-0.8158553320040781,1,2.6572654,1.3125631
2020-06-22,-0.5512804454317803,3,2.2991226,1.377393
2020-06-24,-3.492308512935427,5,2.353722,1.3838456
2020-07-01,-0.4099012718889822,10,2.2181869,1.4633485
2020-07-16,-0.43409236797954454,21,1.9471407,1.0335637
2020-06-19,0.4000404494010749,1,2.6343672,1.4985356
2020-06-23,2.1043491263825285,3,2.3028772,1.32487
2020-06-25,0.6915843534592501,5,2.292597,1.2555751
2020-07-02,2.797956654884551,10,2.2361786,1.4153881
2020-07-17,0.3461244139799439,21,1.940557,1.3339847
2020-06-22,-0.5512804454317803,1,2.2991226,1.698884
2020-06-24,-3.492308512935427,3,2.353722,1.2184741
2020-06-26,-0.7292200412575299,5,2.2885382,1.2053878
2020-07-03,-0.638753210586945,10,2.1359797,1.1051706
2020-07-20,0.9805745247145013,21,1.9407507,1.3548793
2020-06-23,2.1043491263825285,1,2.3028772,1.2190536
2020-06-25,0.6915843534592501,3,2.292597,1.117681
2020-06-29,1.1737109140366928,5,2.288287,1.0155833
2020-07-06,1.6251922527092388,10,2.119434,1.5124527
2020-07-21,0.9528379598430697,21,1.923083,0.981709
2020-06-24,-3.492308512935427,1,2.353722,1.3577753
2020-06-26,-0.7292200412575299,3,2.2885382,1.020001
2020-06-30,0.6422171800968688,5,2.2156448,1.036749
2020-07-07,-0.9203160833789175,10,2.1244717,1.2799374
2020-07-22,-0.5143859124653152,21,1.8939406,1.3393342
2020-06-25,0.6915843534592501,1,2.292597,1.4496781
2020-06-29,1.1737109140366928,3,2.288287,1.2123218
2020-07-01,-0.4099012718889822,5,2.2181869,1.2437277
2020-07-08,-0.9715920011269105,10,2.1163752,1.2190657
2020-07-23,-0.0065656547048941975,21,1.8905773,1.1669258
2020-06-26,-0.7292200412575299,1,2.2885382,1.3193345
2020-06-30,0.6422171800968688,3,2.2156448,1.3086659
2020-07-02,2.797956654884551,5,2.2361786,1.3240556
2020-07-09,-0.042823821205287944,10,2.1129858,1.2915944
2020-07-24,-2.0456785491733163,21,1.885298,1.0859339
2020-06-29,1.1737109140366928,1,2.288287,1.7126522
2020-07-01,-0.4099012718889822,3,2.2181869,1.3641431
2020-07-03,-0.638753210586945,5,2.1359797,1.2861589
2020-07-10,1.1483549699770275,10,2.041336,1.2135566
2020-07-27,0.004678058132071073,21,1.8572775,1.3337877
2020-06-30,0.6422171800968688,1,2.2156448,1.3054112
2020-07-02,2.797956654884551,3,2.2361786,1.2642084
2020-07-06,1.6251922527092388,5,2.119434,1.2932993
2020-07-13,1.3074170623162473,10,2.0450335,1.2960211
2020-07-28,-0.026329287795002175,21,1.7828463,1.0892668
2020-07-01,-0.4099012718889822,1,2.2181869,1.2617127
2020-07-03,-0.638753210586945,3,2.1359797,1.0546857
2020-07-07,-0.9203160833789175,5,2.1244717,1.1616794
2020-07-14,-0.804868028262842,10,2.0184045,1.270182
2020-07-29,-0.10149460088843293,21,1.7613778,1.3414137
2020-07-02,2.797956654884551,1,2.2361786,1.6559215
2020-07-06,1.6251922527092388,3,2.119434,1.2325511
2020-07-08,-0.9715920011269105,5,2.1163752,1.1409117
2020-07-15,1.8231893364038017,10,2.027909,1.2127364
2020-07-30,-3.5128677723397423,21,1.8196547,1.1939265
2020-07-03,-0.638753210586945,1,2.1359797,0.9252733
2020-07-07,-0.9203160833789175,3,2.1244717,1.0186014
2020-07-09,-0.042823821205287944,5,2.1129858,1.0474089
2020-07-16,-0.43409236797954454,10,1.9471407,1.2958355
2020-07-31,-0.5369146679103084,21,1.815858,1.016979
2020-07-06,1.6251922527092388,1,2.119434,1.40024
2020-07-08,-0.9715920011269105,3,2.1163752,1.1001681
2020-07-10,1.1483549699770275,5,2.041336,1.1127032
2020-07-17,0.3461244139799439,10,1.940557,1.3835422
2020-08-03,2.6733608232058574,21,1.8377572,1.2713194
2020-07-07,-0.9203160833789175,1,2.1244717,1.3427043
2020-07-09,-0.042823821205287944,3,2.1129858,1.052816
2020-07-13,1.3074170623162473,5,2.0450335,0.9834548
2020-07-20,0.9805745247145013,10,1.9407507,1.082954
2020-08-04,-0.36526200653126395,21,1.8350568,1.133622
2020-07-08,-0.9715920011269105,1,2.1163752,1.1697421
2020-07-10,1.1483549699770275,3,2.041336,1.0709136
2020-07-14,-0.804868028262842,5,2.0184045,1.013965
2020-07-21,0.9528379598430697,10,1.923083,1.0776004
2020-08-05,0.4701295263687201,21,1.8348267,1.1665916
2020-07-09,-0.042823821205287944,1,2.1129858,1.5394073
2020-07-13,1.3074170623162473,3,2.0450335,1.1615217
2020-07-15,1.8231893364038017,5,2.027909,1.1371887
2020-07-22,-0.5143859124653152,10,1.8939406,1.2902898
2020-08-06,-0.5430910182895649,21,1.7995391,1.1987064
2020-07-10,1.1483549699770275,1,2.041336,1.5368929
2020-07-14,-0.804868028262842,3,2.0184045,1.0253197
2020-07-16,-0.43409236797954454,5,1.9471407,0.994002
2020-07-23,-0.0065656547048941975,10,1.8905773,1.1841913
2020-08-07,0.6585819157611792,21,1.7752746,1.4139132
2020-07-13,1.3074170623162473,1,2.0450335,1.2244387
2020-07-15,1.8231893364038017,3,2.027909,1.0709838
2020-07-17,0.3461244139799439,5,1.940557,1.1568193
2020-07-24,-2.0456785491733163,10,1.885298,1.0949432
2020-08-10,0.09975701517440567,21,1.7716433,1.1207967
2020-07-14,-0.804868028262842,1,2.0184045,1.0957661
2020-07-16,-0.43409236797954454,3,1.9471407,0.9364217
2020-07-20,0.9805745247145013,5,1.9407507,0.9894508
2020-07-27,0.004678058132071073,10,1.8572775,1.2340293
2020-08-11,2.023593482658872,21,1.6512468,1.1983666
2020-07-15,1.8231893364038017,1,2.027909,1.2386028
2020-07-17,0.3461244139799439,3,1.940557,1.2053678
2020-07-21,0.9528379598430697,5,1.923083,1.2589214
2020-07-28,-0.026329287795002175,10,1.7828463,1.1237237
2020-08-12,0.859363120298621,21,1.6529627,1.023983
2020-07-16,-0.43409236797954454,1,1.9471407,0.96441984
2020-07-20,0.9805745247145013,3,1.9407507,1.0868554
2020-07-22,-0.5143859124653152,5,1.8939406,1.1613238
2020-07-29,-0.10149460088843293,10,1.7613778,1.1175373
2020-08-13,-0.4983817702371271,21,1.6500129,1.1043235
2020-07-17,0.3461244139799439,1,1.940557,1.3442417
2020-07-21,0.9528379598430697,3,1.923083,1.0197334
2020-07-23,-0.0065656547048941975,5,1.8905773,1.0255286
2020-07-30,-3.5128677723397423,10,1.8196547,1.0809586
2020-08-14,-0.7134221379368412,21,1.6405021,1.2231705
2020-07-20,0.9805745247145013,1,1.9407507,1.1856865
2020-07-22,-0.5143859124653152,3,1.8939406,0.9680597
2020-07-24,-2.0456785491733163,5,1.885298,0.84133375
2020-07-31,-0.5369146679103084,10,1.815858,1.1942908
2020-08-17,0.14964229033616042,21,1.6403848,1.0301112
2020-07-21,0.9528379598430697,1,1.923083,0.94511116
2020-07-23,-0.0065656547048941975,3,1.8905773,0.82853246
2020-07-27,0.004678058132071073,5,1.8572775,0.9667202
2020-08-03,2.6733608232058574,10,1.8377572,1.1395199
2020-08-18,-0.3015253624699655,21,1.6067152,1.0928373
2020-07-22,-0.5143859124653152,1,1.8939406,1.1638371
2020-07-24,-2.0456785491733163,3,1.885298,0.8201859
2020-07-28,-0.026329287795002175,5,1.7828463,0.86077094
2020-08-04,-0.36526200653126395,10,1.8350568,1.0850787
2020-08-19,0.739165594870598,21,1.6049607,1.0603544
2020-07-23,-0.0065656547048941975,1,1.8905773,1.0394688
2020-07-27,0.004678058132071073,3,1.8572775,0.90670025
2020-07-29,-0.10149460088843293,5,1.7613778,1.0074973
2020-08-05,0.4701295263687201,10,1.8348267,1.0506889
2020-08-20,-1.1417816430561358,21,1.60731,0.9606961
2020-07-24,-2.0456785491733163,1,1.885298,1.207197
2020-07-28,-0.026329287795002175,3,1.7828463,0.9556037
2020-07-30,-3.5128677723397423,5,1.8196547,0.9442847
2020-08-06,-0.5430910182895649,10,1.7995391,1.1562471
2020-08-21,-0.5094811199461133,21,1.605245,1.137653
2020-07-27,0.004678058132071073,1,1.8572775,1.267313
2020-07-29,-0.10149460088843293,3,1.7613778,1.0254331
2020-07-31,-0.5369146679103084,5,1.815858,0.9776387
2020-08-07,0.6585819157611792,10,1.7752746,1.0005327
2020-08-24,2.336339976519241,21,1.6123979,0.9784111
2020-07-28,-0.026329287795002175,1,1.7828463,1.086877
2020-07-30,-3.5128677723397423,3,1.8196547,1.0216745
2020-08-03,2.6733608232058574,5,1.8377572,1.0506428
2020-08-10,0.09975701517440567,10,1.7716433,1.2665529
2020-08-25,-0.037659918675684856,21,1.5464689,1.0288934
2020-07-29,-0.10149460088843293,1,1.7613778,1.5788413
2020-07-31,-0.5369146679103084,3,1.815858,0.9376995
2020-08-04,-0.36526200653126395,5,1.8350568,0.9553827
2020-08-11,2.023593482658872,10,1.6512468,1.0176406
2020-08-26,0.9792200524647776,21,1.4743023,1.3431907
2020-07-30,-3.5128677723397423,1,1.8196547,1.1368413
2020-08-03,2.6733608232058574,3,1.8377572,0.8983593
2020-08-05,0.4701295263687201,5,1.8348267,0.9756538
2020-08-12,0.859363120298621,10,1.6529627,1.039485
2020-08-27,-0.7136012686153895,21,1.4762974,0.9946404
2020-07-31,-0.5369146679103084,1,1.815858,1.2236681
2020-08-04,-0.36526200653126395,3,1.8350568,1.1674788
2020-08-06,-0.5430910182895649,5,1.7995391,1.1214939
2020-08-13,-0.4983817702371271,10,1.6500129,1.3403995
2020-08-28,-0.4834392767392584,21,1.4162942,1.031608
2020-08-03,2.6733608232058574,1,1.8377572,1.5392103
2020-08-05,0.4701295263687201,3,1.8348267,1.3616643
2020-08-07,0.6585819157611792,5,1.7752746,1.3022392
2020-08-14,-0.7134221379368412,10,1.6405021,1.1050391
2020-08-31,-0.6761004394119232,21,1.4188503,1.0726156
2020-08-04,-0.36526200653126395,1,1.8350568,1.4325395
2020-08-06,-0.5430910182895649,3,1.7995391,1.1128249
2020-08-10,0.09975701517440567,5,1.7716433,1.1031386
2020-08-17,0.14964229033616042,10,1.6403848,1.0263051
2020-09-01,0.22276652295579621,21,1.4033787,1.0264604
2020-08-05,0.4701295263687201,1,1.8348267,1.2916509
2020-08-07,0.6585819157611792,3,1.7752746,0.99355274
2020-08-11,2.023593482658872,5,1.6512468,1.036838
2020-08-18,-0.3015253624699655,10,1.6067152,0.9412712
2020-09-02,2.053493289216558,21,1.4234486,1.1754625
2020-08-06,-0.5430910182895649,1,1.7995391,1.4316037
2020-08-10,0.09975701517440567,3,1.7716433,0.9540714
2020-08-12,0.859363120298621,5,1.6529627,0.8626569
2020-08-19,0.739165594870598,10,1.6049607,0.93477553
2020-09-03,-1.4118233817461725,21,1.301207,1.1728793
2020-08-07,0.6585819157611792,1,1.7752746,1.0665412
2020-08-11,2.023593482658872,3,1.6512468,0.83913106
2020-08-13,-0.4983817702371271,5,1.6500129,0.78713816
2020-08-20,-1.1417816430561358,10,1.60731,0.9670067
2020-09-04,-1.6610868906159297,21,1.3213845,0.92000204
2020-08-10,0.09975701517440567,1,1.7716433,1.0320618
2020-08-12,0.859363120298621,3,1.6529627,0.8016773
2020-08-14,-0.7134221379368412,5,1.6405021,0.8290732
2020-08-21,-0.5094811199461133,10,1.605245,0.98516166
2020-09-07,1.9861170815527014,21,1.341759,1.0567639
2020-08-11,2.023593482658872,1,1.6512468,1.0849698
2020-08-13,-0.4983817702371271,3,1.6500129,0.7464225
2020-08-17,0.14964229033616042,5,1.6403848,0.72793037
2020-08-24,2.336339976519241,10,1.6123979,0.9317069
2020-09-08,-1.0123387508459405,21,1.283306,1.0546435
2020-08-12,0.859363120298621,1,1.6529627,0.62881756
2020-08-14,-0.7134221379368412,3,1.6405021,0.6288111
2020-08-18,-0.3015253624699655,5,1.6067152,0.7702172
2020-08-25,-0.037659918675684856,10,1.5464689,0.7498074
2020-09-09,2.052156288805187,21,1.3070108,0.9699671
2020-08-13,-0.4983817702371271,1,1.6500129,0.9844279
2020-08-17,0.14964229033616042,3,1.6403848,0.69669634
2020-08-19,0.739165594870598,5,1.6049607,0.65294755
2020-08-26,0.9792200524647776,10,1.4743023,1.0051724
2020-09-10,-0.21417391406563854,21,1.3020755,0.9942539
2020-08-14,-0.7134221379368412,1,1.6405021,0.9451683
2020-08-18,-0.3015253624699655,3,1.6067152,0.8110671
2020-08-20,-1.1417816430561358,5,1.60731,0.86141753
2020-08-27,-0.7136012686153895,10,1.4762974,0.8305931
2020-09-11,-0.045811500493331846,21,1.30173,0.8811543
2020-08-17,0.14964229033616042,1,1.6403848,0.8658391
2020-08-19,0.739165594870598,3,1.6049607,0.7271807
2020-08-21,-0.5094811199461133,5,1.605245,0.7915664
2020-08-28,-0.4834392767392584,10,1.4162942,0.8677889
2020-09-14,-0.06955231087498327,21,1.2990407,1.049533
2020-08-18,-0.3015253624699655,1,1.6067152,0.92168695
2020-08-20,-1.1417816430561358,3,1.60731,0.7308094
2020-08-24,2.336339976519241,5,1.6123979,0.7932849
2020-08-31,-0.6761004394119232,10,1.4188503,0.9361569
2020-09-15,0.18181418480590814,21,1.272758,1.1158096
2020-08-19,0.739165594870598,1,1.6049607,1.0401635
2020-08-21,-0.5094811199461133,3,1.605245,0.82878083
2020-08-25,-0.037659918675684856,5,1.5464689,0.8571475
2020-09-01,0.22276652295579621,10,1.4033787,0.8904598
2020-09-16,0.2848197316433383,21,1.1828078,0.94382024
2020-08-20,-1.1417816430561358,1,1.60731,1.0225981
2020-08-24,2.336339976519241,3,1.6123979,0.8158983
2020-08-26,0.9792200524647776,5,1.4743023,0.8962625
2020-09-02,2.053493289216558,10,1.4234486,1.0190866
2020-09-17,-0.35709613351520575,21,1.1824598,0.9933212
2020-08-21,-0.5094811199461133,1,1.605245,1.0693488
2020-08-25,-0.037659918675684856,3,1.5464689,0.7570437
2020-08-27,-0.7136012686153895,5,1.4762974,0.8302239
2020-09-03,-1.4118233817461725,10,1.301207,0.9741924
2020-09-18,-0.6979881361740327,21,1.1820796,1.0712476
2020-08-24,2.336339976519241,1,1.6123979,0.9587357
2020-08-26,0.9792200524647776,3,1.4743023,0.75642323
2020-08-28,-0.4834392767392584,5,1.4162942,0.80619526
2020-09-04,-1.6610868906159297,10,1.3213845,0.93094116
2020-09-21,-4.473379160177045,21,1.3153464,1.0122795
2020-08-25,-0.037659918675684856,1,1.5464689,0.7837511
2020-08-27,-0.7136012686153895,3,1.4762974,0.6562155
2020-08-31,-0.6761004394119232,5,1.4188503,0.72556674
2020-09-07,1.9861170815527014,10,1.341759,0.85697305
2020-09-22,0.4133320911854921,21,1.3139064,1.1320605
2020-08-26,0.9792200524647776,1,1.4743023,1.0980862
2020-08-28,-0.4834392767392584,3,1.4162942,0.71389693
2020-09-01,0.22276652295579621,5,1.4033787,0.6794213
2020-09-08,-1.0123387508459405,10,1.283306,1.0465177
2020-09-23,0.38498590447010567,21,1.3133217,1.0199399
2020-08-27,-0.7136012686153895,1,1.4762974,0.8746344
2020-08-31,-0.6761004394119232,3,1.4188503,0.7236819
2020-09-02,2.053493289216558,5,1.4234486,0.90813047
2020-09-09,2.052156288805187,10,1.3070108,0.92874396
2020-09-24,-0.28831764238863355,21,1.263408,0.9505116
2020-08-28,-0.4834392767392584,1,1.4162942,0.9340319
2020-09-01,0.22276652295579621,3,1.4033787,0.7624994
2020-09-03,-1.4118233817461725,5,1.301207,0.80867594
2020-09-10,-0.21417391406563854,10,1.3020755,0.8415512
2020-09-25,-1.0956512092823767,21,1.2686876,0.9500843
2020-08-31,-0.6761004394119232,1,1.4188503,1.062881
2020-09-02,2.053493289216558,3,1.4234486,0.8320723
2020-09-04,-1.6610868906159297,5,1.3213845,0.82659507
2020-09-11,-0.045811500493331846,10,1.30173,0.8779552
2020-09-28,3.1705008167723383,21,1.317161,0.9935741
2020-09-01,0.22276652295579621,1,1.4033787,1.0304147
2020-09-03,-1.4118233817461725,3,1.301207,0.90302
2020-09-07,1.9861170815527014,5,1.341759,0.894827
2020-09-14,-0.06955231087498327,10,1.2990407,0.78796154
2020-09-29,-0.35062764961261556,21,1.3123276,0.95638454
2020-09-02,2.053493289216558,1,1.4234486,1.1454825
2020-09-04,-1.6610868906159297,3,1.3213845,0.8280407
2020-09-08,-1.0123387508459405,5,1.283306,0.8976059
2020-09-15,0.18181418480590814,10,1.272758,0.93777454
2020-09-30,-0.5087827954305013,21,1.3077084,0.90509546
2020-09-03,-1.4118233817461725,1,1.301207,0.8664413
2020-09-07,1.9861170815527014,3,1.341759,0.73917013
2020-09-09,2.052156288805187,5,1.3070108,0.8582238
2020-09-16,0.2848197316433383,10,1.1828078,0.9003843
2020-10-01,-0.23506620870519737,21,1.308138,1.0767608
2020-09-04,-1.6610868906159297,1,1.3213845,1.1024758
2020-09-08,-1.0123387508459405,3,1.283306,0.8394406
2020-09-10,-0.21417391406563854,5,1.3020755,0.8433285
2020-09-17,-0.35709613351520575,10,1.1824598,0.9753828
2020-10-02,-0.3283229133377087,21,1.3006465,0.9188373
2020-09-07,1.9861170815527014,1,1.341759,1.0211707
2020-09-09,2.052156288805187,3,1.3070108,0.837937
2020-09-11,-0.045811500493331846,5,1.30173,0.82156366
2020-09-18,-0.6979881361740327,10,1.1820796,1.0791403
2020-10-05,1.0915782105863165,21,1.2972839,1.1239831
2020-09-08,-1.0123387508459405,1,1.283306,1.0754727
2020-09-10,-0.21417391406563854,3,1.3020755,0.92332447
2020-09-14,-0.06955231087498327,5,1.2990407,0.9841322
2020-09-21,-4.473379160177045,10,1.3153464,0.9985936
2020-10-06,0.6039418928222707,21,1.295149,0.9864806
2020-09-09,2.052156288805187,1,1.3070108,1.3304496
2020-09-11,-0.045811500493331846,3,1.30173,0.8832406
2020-09-15,0.18181418480590814,5,1.272758,0.82740545
2020-09-22,0.4133320911854921,10,1.3139064,1.1809846
2020-10-07,0.17457824655882415,21,1.2737106,1.1926193
2020-09-10,-0.21417391406563854,1,1.3020755,1.1477898
2020-09-14,-0.06955231087498327,3,1.2990407,0.9497721
2020-09-16,0.2848197316433383,5,1.1828078,1.1579752
2020-09-23,0.38498590447010567,10,1.3133217,0.91540813
2020-10-08,0.8751402346571685,21,1.2773626,1.1344701
2020-09-11,-0.045811500493331846,1,1.30173,1.0946541
2020-09-15,0.18181418480590814,3,1.272758,0.8337399
2020-09-17,-0.35709613351520575,5,1.1824598,0.71649015
2020-09-24,-0.28831764238863355,10,1.263408,1.1637574
2020-10-09,0.06914004457287665,21,1.2766699,0.9230587
2020-09-14,-0.06955231087498327,1,1.2990407,1.1194441
2020-09-16,0.2848197316433383,3,1.1828078,0.89993674
2020-09-18,-0.6979881361740327,5,1.1820796,1.0946528
2020-09-25,-1.0956512092823767,10,1.2686876,1.0101221
2020-10-12,0.6657594944325288,21,1.2732846,1.1175252
2020-09-15,0.18181418480590814,1,1.272758,1.2401737
2020-09-17,-0.35709613351520575,3,1.1824598,0.9302503
2020-09-21,-4.473379160177045,5,1.3153464,0.9477411
2020-09-28,3.1705008167723383,10,1.317161,1.0256926
2020-10-13,-0.9130934251858432,21,1.272694,1.0280781
2020-09-16,0.2848197316433383,1,1.1828078,1.2585717
2020-09-18,-0.6979881361740327,3,1.1820796,0.93848616
2020-09-22,0.4133320911854921,5,1.3139064,0.99137455
2020-09-29,-0.35062764961261556,10,1.3123276,0.86770093
2020-10-14,0.06963810774746279,21,1.2710768,1.1448687
2020-09-17,-0.35709613351520575,1,1.1824598,1.1272638
2020-09-21,-4.473379160177045,3,1.3153464,0.8666203
2020-09-23,0.38498590447010567,5,1.3133217,0.92015374
2020-09-30,-0.5087827954305013,10,1.3077084,0.9823532
2020-10-15,-2.5208234416999353,21,1.3117644,1.0955653
2020-09-18,-0.6979881361740327,1,1.1820796,1.0157882
2020-09-22,0.4133320911854921,3,1.3139064,0.86914897
2020-09-24,-0.28831764238863355,5,1.263408,0.9348561
2020-10-01,-0.23506620870519737,10,1.308138,1.0809202
2020-10-16,1.6026760557042035,21,1.3022889,0.84236866
2020-09-21,-4.473379160177045,1,1.3153464,1.1784173
2020-09-23,0.38498590447010567,3,1.3133217,0.83416057
2020-09-25,-1.0956512092823767,5,1.2686876,0.8296192
2020-10-02,-0.3283229133377087,10,1.3006465,0.9210831
2020-10-19,-0.4217582356267058,21,1.3034769,1.1542598
2020-09-22,0.4133320911854921,1,1.3139064,1.2718217
2020-09-24,-0.28831764238863355,3,1.263408,0.9478433
2020-09-28,3.1705008167723383,5,1.317161,0.8630195
2020-10-05,1.0915782105863165,10,1.2972839,0.8632097
2020-10-20,-0.9199170307544984,21,1.3089006,1.1217089
2020-09-23,0.38498590447010567,1,1.3133217,0.9503174
2020-09-25,-1.0956512092823767,3,1.2686876,0.8572609
2020-09-29,-0.35062764961261556,5,1.3123276,0.88181925
2020-10-06,0.6039418928222707,10,1.295149,0.95996976
2020-10-21,-1.4178016063151822,21,1.321384,0.9752418
2020-09-24,-0.28831764238863355,1,1.263408,1.3217359
2020-09-28,3.1705008167723383,3,1.317161,0.8632179
2020-09-30,-0.5087827954305013,5,1.3077084,0.8754502
2020-10-07,0.17457824655882415,10,1.2737106,1.1529307
2020-10-22,-0.11617269812064059,21,1.240109,1.098074
2020-09-25,-1.0956512092823767,1,1.2686876,0.95016456
2020-09-29,-0.35062764961261556,3,1.3123276,0.82397777
2020-10-01,-0.23506620870519737,5,1.308138,0.9486592
2020-10-08,0.8751402346571685,10,1.2773626,0.80292857
2020-10-23,0.815370002535162,21,1.2420684,0.9676848
2020-09-28,3.1705008167723383,1,1.317161,1.1655332
2020-09-30,-0.5087827954305013,3,1.3077084,0.8020754
2020-10-02,-0.3283229133377087,5,1.3006465,0.79480934
2020-10-09,0.06914004457287665,10,1.2766699,0.99989045
2020-10-26,-3.775750762519943,21,1.2888713,1.1382235
2020-09-29,-0.35062764961261556,1,1.3123276,0.89324045
2020-10-01,-0.23506620870519737,3,1.308138,0.7846657
2020-10-05,1.0915782105863165,5,1.2972839,0.9382076
2020-10-12,0.6657594944325288,10,1.2732846,0.86218405
2020-10-27,-0.9373489420134891,21,1.2932532,1.011667
2020-09-30,-0.5087827954305013,1,1.3077084,1.0753121
2020-10-02,-0.3283229133377087,3,1.3006465,0.7605281
2020-10-06,0.6039418928222707,5,1.295149,0.7431507
2020-10-13,-0.9130934251858432,10,1.272694,1.0160103
2020-10-28,-4.2595233654352604,21,1.3993971,1.1741835
2020-10-01,-0.23506620870519737,1,1.308138,1.1084511
2020-10-05,1.0915782105863165,3,1.2972839,0.8533
2020-10-07,0.17457824655882415,5,1.2737106,0.9646617
2020-10-14,0.06963810774746279,10,1.2710768,0.9484401
2020-10-29,0.32437722591633217,21,1.3997635,0.9807553
2020-10-02,-0.3283229133377087,1,1.3006465,0.87460953
2020-10-06,0.6039418928222707,3,1.295149,0.66787416
2020-10-08,0.8751402346571685,5,1.2773626,0.66477644
2020-10-15,-2.5208234416999353,10,1.3117644,0.951832
2020-10-30,-0.3592372736556994,21,1.3961211,0.98104596
2020-10-05,1.0915782105863165,1,1.2972839,1.12601
2020-10-07,0.17457824655882415,3,1.2737106,0.8089593
2020-10-09,0.06914004457287665,5,1.2766699,0.8500077
2020-10-16,1.6026760557042035,10,1.3022889,1.010715
2020-11-02,1.985948159119787,21,1.4229096,1.0360873
2020-10-06,0.6039418928222707,1,1.295149,0.9188827
2020-10-08,0.8751402346571685,3,1.2773626,0.7413459
2020-10-12,0.6657594944325288,5,1.2732846,0.85856974
2020-10-19,-0.4217582356267058,10,1.3034769,0.87145394
2020-11-03,2.5188491838730362,21,1.4369376,1.0856524
2020-10-07,0.17457824655882415,1,1.2737106,1.0098099
2020-10-09,0.06914004457287665,3,1.2766699,0.76852536
2020-10-13,-0.9130934251858432,5,1.272694,0.8574142
2020-10-20,-0.9199170307544984,10,1.3089006,0.870756
2020-11-04,1.927207713814043,21,1.4556916,1.0927757
2020-10-08,0.8751402346571685,1,1.2773626,0.9067619
2020-10-12,0.6657594944325288,3,1.2732846,0.77885044
2020-10-14,0.06963810774746279,5,1.2710768,0.8533011
2020-10-21,-1.4178016063151822,10,1.321384,0.9630836
2020-11-05,1.9594639804271337,21,1.4785924,0.98236233
2020-10-09,0.06914004457287665,1,1.2766699,0.77290237
2020-10-13,-0.9130934251858432,3,1.272694,0.76891255
2020-10-15,-2.5208234416999353,5,1.3117644,0.93319833
2020-10-22,-0.11617269812064059,10,1.240109,1.0076236
2020-11-06,-0.703212159525858,21,1.478516,0.83873147
2020-10-12,0.6657594944325288,1,1.2732846,0.94963455
2020-10-14,0.06963810774746279,3,1.2710768,0.6809518
2020-10-16,1.6026760557042035,5,1.3022889,0.712604
2020-10-23,0.815370002535162,10,1.2420684,0.9429557
2020-11-09,4.817560046682203,21,1.6067364,1.0016581
2020-10-13,-0.9130934251858432,1,1.272694,0.7874118
2020-10-15,-2.5208234416999353,3,1.3117644,0.6450349
2020-10-19,-0.4217582356267058,5,1.3034769,0.70900923
2020-10-26,-3.775750762519943,10,1.2888713,0.8898806
2020-11-10,0.5113718463209275,21,1.6073854,0.9195217
2020-10-14,0.06963810774746279,1,1.2710768,0.9301969
2020-10-16,1.6026760557042035,3,1.3022889,0.68967366
2020-10-20,-0.9199170307544984,5,1.3089006,0.69259703
2020-10-27,-0.9373489420134891,10,1.2932532,0.85436845
2020-11-11,0.40235660212402025,21,1.6054751,1.0173606
2020-10-15,-2.5208234416999353,1,1.3117644,0.9414885
2020-10-19,-0.4217582356267058,3,1.3034769,0.73208034
2020-10-21,-1.4178016063151822,5,1.321384,0.8032813
2020-10-28,-4.2595233654352604,10,1.3993971,1.0126096
2020-11-12,-1.2427636069967651,21,1.6067771,0.87613165
2020-10-16,1.6026760557042035,1,1.3022889,0.86719453
2020-10-20,-0.9199170307544984,3,1.3089006,0.724968
2020-10-22,-0.11617269812064059,5,1.240109,0.8653296
2020-10-29,0.32437722591633217,10,1.3997635,0.89999974
2020-11-13,0.18193523207589013,21,1.6053306,0.9940676
2020-10-19,-0.4217582356267058,1,1.3034769,1.0108342
2020-10-21,-1.4178016063151822,3,1.321384,0.69504184
2020-10-23,0.815370002535162,5,1.2420684,0.8269456
2020-10-30,-0.3592372736556994,10,1.3961211,1.0528141
2020-11-16,0.4721721206739792,21,1.5779446,0.99598575
2020-10-20,-0.9199170307544984,1,1.3089006,0.8846843
2020-10-22,-0.11617269812064059,3,1.240109,0.71407515
2020-10-26,-3.775750762519943,5,1.2888713,0.82418513
2020-11-02,1.985948159119787,10,1.4229096,0.8145585
2020-11-17,-0.03913374997578484,21,1.5779454,0.9537886
2020-10-21,-1.4178016063151822,1,1.321384,1.1338886
2020-10-23,0.815370002535162,3,1.2420684,0.84372735
2020-10-27,-0.9373489420134891,5,1.2932532,0.85500413
2020-11-03,2.5188491838730362,10,1.4369376,1.0429035
2020-11-18,0.5196061678150496,21,1.5742676,1.044256
2020-10-22,-0.11617269812064059,1,1.240109,1.3086503
2020-10-26,-3.775750762519943,3,1.2888713,0.98490345
2020-10-28,-4.2595233654352604,5,1.3993971,1.0551095
2020-11-04,1.927207713814043,10,1.4556916,0.89575636
2020-11-19,-0.8804779411088007,21,1.5756991,1.1984305
2020-10-23,0.815370002535162,1,1.2420684,1.135924
2020-10-27,-0.9373489420134891,3,1.2932532,0.9123898
2020-10-29,0.32437722591633217,5,1.3997635,0.9674649
2020-11-05,1.9594639804271337,10,1.4785924,0.9852334
2020-11-20,0.3896511406117406,21,1.5752025,0.9691729
2020-10-26,-3.775750762519943,1,1.2888713,0.84144795
2020-10-28,-4.2595233654352604,3,1.3993971,0.7391149
2020-10-30,-0.3592372736556994,5,1.3961211,1.0053921
2020-11-06,-0.703212159525858,10,1.478516,0.89850116
2020-11-23,-0.07828349038755743,21,1.5726569,0.93355876
2020-10-27,-0.9373489420134891,1,1.2932532,1.2034492
2020-10-29,0.32437722591633217,3,1.3997635,0.89237833
2020-11-02,1.985948159119787,5,1.4229096,0.8509628
2020-11-09,4.817560046682203,10,1.6067364,0.9112445
2020-11-24,1.252661326587683,21,1.5804728,1.0723821
2020-10-28,-4.2595233654352604,1,1.3993971,1.1240866
2020-10-30,-0.3592372736556994,3,1.3961211,0.89768803
2020-11-03,2.5188491838730362,5,1.4369376,0.95312643
2020-11-10,0.5113718463209275,10,1.6073854,0.95369554
2020-11-25,-0.019867588174690816,21,1.5582211,1.0235012
2020-10-29,0.32437722591633217,1,1.3997635,1.5372301
2020-11-02,1.985948159119787,3,1.4229096,1.1733296
2020-11-04,1.927207713814043,5,1.4556916,1.0666938
2020-11-11,0.40235660212402025,10,1.6054751,1.2650967
2020-11-26,-0.024303486060400295,21,1.5470816,1.2197876
2020-10-30,-0.3592372736556994,1,1.3961211,1.601167
2020-11-03,2.5188491838730362,3,1.4369376,1.1767331
2020-11-05,1.9594639804271337,5,1.4785924,1.1768173
2020-11-12,-1.2427636069967651,10,1.6067771,1.085266
2020-11-27,0.3689352380329256,21,1.5316154,1.233529
2020-11-02,1.985948159119787,1,1.4229096,1.3309697
2020-11-04,1.927207713814043,3,1.4556916,0.9384389
2020-11-06,-0.703212159525858,5,1.478516,0.94779766
2020-11-13,0.18193523207589013,10,1.6053306,1.100529
2020-11-30,-0.33439621822439325,21,1.5113901,1.2383149
2020-11-03,2.5188491838730362,1,1.4369376,0.9925324
2020-11-05,1.9594639804271337,3,1.4785924,0.9287586
2020-11-09,4.817560046682203,5,1.6067364,1.0906186
2020-11-16,0.4721721206739792,10,1.5779446,1.0395335
2020-12-01,0.6833759344146041,21,1.5075301,1.051786
2020-11-04,1.927207713814043,1,1.4556916,1.1121309
2020-11-06,-0.703212159525858,3,1.478516,0.818826
2020-11-10,0.5113718463209275,5,1.6073854,0.8350518
2020-11-17,-0.03913374997578484,10,1.5779454,1.1003942
2020-12-02,-0.5173877304302655,21,1.4861029,1.146687
2020-11-05,1.9594639804271337,1,1.4785924,1.1897807
2020-11-09,4.817560046682203,3,1.6067364,0.99916774
2020-11-11,0.40235660212402025,5,1.6054751,1.0424683
2020-11-18,0.5196061678150496,10,1.5742676,0.99873734
2020-12-03,-0.45456416597954374,21,1.48704,1.1221067
2020-11-06,-0.703212159525858,1,1.478516,0.9714069
2020-11-10,0.5113718463209275,3,1.6073854,0.816916
2020-11-12,-1.2427636069967651,5,1.6067771,0.9386655
2020-11-19,-0.8804779411088007,10,1.5756991,0.9507636
2020-12-04,0.3472429020228253,21,1.4876757,1.20435
2020-11-09,4.817560046682203,1,1.6067364,1.1985464
2020-11-11,0.40235660212402025,3,1.6054751,0.9459975
2020-11-13,0.18193523207589013,5,1.6053306,0.8533653
2020-11-20,0.3896511406117406,10,1.5752025,1.2034523
2020-12-07,-0.21046302891877428,21,1.4879179,0.94939625
2020-11-10,0.5113718463209275,1,1.6073854,0.97135353
2020-11-12,-1.2427636069967651,3,1.6067771,0.87955564
2020-11-16,0.4721721206739792,5,1.5779446,0.96218467
2020-11-23,-0.07828349038755743,10,1.5726569,1.054169
2020-12-08,0.05642469597421528,21,1.4877602,1.1039535
2020-11-11,0.40235660212402025,1,1.6054751,1.3533764
2020-11-13,0.18193523207589013,3,1.6053306,0.92542994
2020-11-17,-0.03913374997578484,5,1.5779454,0.9237976
2020-11-24,1.252661326587683,10,1.5804728,1.1806531
2020-12-09,0.46410625685652135,21,1.4885062,1.2526225
2020-11-12,-1.2427636069967651,1,1.6067771,1.2419689
2020-11-16,0.4721721206739792,3,1.5779446,0.85821676
2020-11-18,0.5196061678150496,5,1.5742676,0.95120305
2020-11-25,-0.019867588174690816,10,1.5582211,0.97414815
2020-12-10,-0.3343546680040894,21,1.4884138,1.1748015
2020-11-13,0.18193523207589013,1,1.6053306,1.0254325
2020-11-17,-0.03913374997578484,3,1.5779454,0.90761673
2020-11-19,-0.8804779411088007,5,1.5756991,0.917805
2020-11-26,-0.024303486060400295,10,1.5470816,1.06774
2020-12-11,-1.3739743301315788,21,1.4964085,1.194411
2020-11-16,0.4721721206739792,1,1.5779446,1.1543044
2020-11-18,0.5196061678150496,3,1.5742676,0.9531992
2020-11-20,0.3896511406117406,5,1.5752025,0.97901297
2020-11-27,0.3689352380329256,10,1.5316154,1.1404011
2020-12-14,0.8266626444369393,21,1.3797677,0.956615
2020-11-17,-0.03913374997578484,1,1.5779454,1.0260383
2020-11-19,-0.8804779411088007,3,1.5756991,0.7400159
2020-11-23,-0.07828349038755743,5,1.5726569,0.830505
2020-11-30,-0.33439621822439325,10,1.5113901,0.98431677
2020-12-15,1.0510124720394853,21,1.3847623,1.2046857
2020-11-18,0.5196061678150496,1,1.5742676,1.1915349
2020-11-20,0.3896511406117406,3,1.5752025,0.8763025
2020-11-24,1.252661326587683,5,1.5804728,0.97444165
2020-12-01,0.6833759344146041,10,1.5075301,0.84542024
2020-12-16,1.5085248635399129,21,1.3962481,1.1806176
2020-11-19,-0.8804779411088007,1,1.5756991,0.9538473
2020-11-23,-0.07828349038755743,3,1.5726569,0.73324364
2020-11-25,-0.019867588174690816,5,1.5582211,0.719066
2020-12-02,-0.5173877304302655,10,1.4861029,0.9247271
2020-12-17,0.7437237249910831,21,1.3975211,1.0231448
2020-11-20,0.3896511406117406,1,1.5752025,0.98623765
2020-11-24,1.252661326587683,3,1.5804728,0.83819455
2020-11-26,-0.024303486060400295,5,1.5470816,0.93321663
2020-12-03,-0.45456416597954374,10,1.48704,0.89050615
2020-12-18,-0.26918147771110346,21,1.3892379,1.1485565
2020-11-23,-0.07828349038755743,1,1.5726569,1.0771711
2020-11-25,-0.019867588174690816,3,1.5582211,0.81152946
2020-11-27,0.3689352380329256,5,1.5316154,0.78101414
2020-12-04,0.3472429020228253,10,1.4876757,1.0450994
2020-12-21,-2.8592391866721214,21,1.385004,0.9893515
2020-11-24,1.252661326587683,1,1.5804728,0.9319667
2020-11-26,-0.024303486060400295,3,1.5470816,0.7870905
2020-11-30,-0.33439621822439325,5,1.5113901,0.91621995
2020-12-07,-0.21046302891877428,10,1.4879179,0.71731657
2020-12-22,1.2887059842447144,21,1.3931544,1.0334965
2020-11-25,-0.019867588174690816,1,1.5582211,1.0560515
2020-11-27,0.3689352380329256,3,1.5316154,0.77847487
2020-12-01,0.6833759344146041,5,1.5075301,0.7707056
2020-12-08,0.05642469597421528,10,1.4877602,0.9451183
2020-12-23,1.252510229329395,21,1.3991828,1.0959194
2020-11-26,-0.024303486060400295,1,1.5470816,1.1142588
2020-11-30,-0.33439621822439325,3,1.5113901,0.850822
2020-12-02,-0.5173877304302655,5,1.4861029,0.8578452
2020-12-09,0.46410625685652135,10,1.4885062,0.91331005
2020-12-28,1.4834308604341326,21,1.4096618,1.028961
2020-11-27,0.3689352380329256,1,1.5316154,1.0192051
2020-12-01,0.6833759344146041,3,1.5075301,0.7907962
2020-12-03,-0.45456416597954374,5,1.48704,0.8693147
2020-12-10,-0.3343546680040894,10,1.4884138,0.9488267
2020-12-29,-0.20986144899705628,21,1.4090872,1.0089805
2020-11-30,-0.33439621822439325,1,1.5113901,0.84242105
2020-12-02,-0.5173877304302655,3,1.4861029,0.66503847
2020-12-04,0.3472429020228253,5,1.4876757,0.7312962
2020-12-11,-1.3739743301315788,10,1.4964085,0.86991304
2020-12-30,-0.310039266558898,21,1.4045745,0.9744811
2020-12-01,0.6833759344146041,1,1.5075301,0.72794455
2020-12-03,-0.45456416597954374,3,1.48704,0.6456899
2020-12-07,-0.21046302891877428,5,1.4879179,0.7767948
2020-12-14,0.8266626444369393,10,1.3797677,0.79137945
2021-01-04,0.058005539799623015,21,1.4031003,0.97681963
2020-12-02,-0.5173877304302655,1,1.4861029,0.76779765
2020-12-04,0.3472429020228253,3,1.4876757,0.65236944
2020-12-08,0.05642469597421528,5,1.4877602,0.7345973
2020-12-15,1.0510124720394853,10,1.3847623,0.8848813
2021-01-05,-0.5516897494651185,21,1.4056007,0.8777455
2020-12-03,-0.45456416597954374,1,1.48704,0.8800207
2020-12-07,-0.21046302891877428,3,1.4879179,0.740166
2020-12-09,0.46410625685652135,5,1.4885062,0.69535536
2020-12-16,1.5085248635399129,10,1.3962481,0.9486308
2021-01-06,1.7482080783920988,21,1.418321,0.8521749
2020-12-04,0.3472429020228253,1,1.4876757,0.9280495
2020-12-08,0.05642469597421528,3,1.4877602,0.73621213
2020-12-10,-0.3343546680040894,5,1.4884138,0.7697789
2020-12-17,0.7437237249910831,10,1.3975211,0.91276395
2021-01-07,0.547524217926156,21,1.4194591,0.9287741
2020-12-07,-0.21046302891877428,1,1.4879179,0.7927138
2020-12-09,0.46410625685652135,3,1.4885062,0.6746786
2020-12-11,-1.3739743301315788,5,1.4964085,0.8028272
2020-12-18,-0.26918147771110346,10,1.3892379,0.92924047
2021-01-08,0.5802764865969338,21,1.4189378,0.9504783
2020-12-08,0.05642469597421528,1,1.4877602,0.96359575
2020-12-10,-0.3343546680040894,3,1.4884138,0.7273628
2020-12-14,0.8266626444369393,5,1.3797677,0.7654522
2020-12-21,-2.8592391866721214,10,1.385004,0.8799989
2021-01-11,-0.8066173168097944,21,1.4177004,0.95887434
2020-12-09,0.46410625685652135,1,1.4885062,0.9455824
2020-12-11,-1.3739743301315788,3,1.4964085,0.7134648
2020-12-15,1.0510124720394853,5,1.3847623,0.8056982
2020-12-22,1.2887059842447144,10,1.3931544,0.99653804
2021-01-12,-0.08327258131731312,21,1.4179181,0.96288496
2020-12-10,-0.3343546680040894,1,1.4884138,0.8950465
2020-12-14,0.8266626444369393,3,1.3797677,0.73005015
2020-12-16,1.5085248635399129,5,1.3962481,0.73260254
2020-12-23,1.252510229329395,10,1.3991828,0.97503316
2021-01-13,0.10515351263547339,21,1.3751903,0.82060987
2020-12-11,-1.3739743301315788,1,1.4964085,1.0019047
2020-12-15,1.0510124720394853,3,1.3847623,0.74814576
2020-12-17,0.7437237249910831,5,1.3975211,0.83914626
2020-12-28,1.4834308604341326,10,1.4096618,0.8994471
2021-01-14,0.35082759346884657,21,1.362286,1.0327712
2020-12-14,0.8266626444369393,1,1.3797677,1.018321
2020-12-16,1.5085248635399129,3,1.3962481,0.81450105
2020-12-18,-0.26918147771110346,5,1.3892379,0.8663479
2020-12-29,-0.20986144899705628,10,1.4090872,0.8439777
2021-01-15,-1.4470774590024327,21,1.3757385,1.0711792
2020-12-15,1.0510124720394853,1,1.3847623,0.86166346
2020-12-17,0.7437237249910831,3,1.3975211,0.6799467
2020-12-21,-2.8592391866721214,5,1.385004,0.7022552
2020-12-30,-0.310039266558898,10,1.4045745,0.91562736
2021-01-18,0.43869635399680396,21,1.369553,0.8759736
2020-12-16,1.5085248635399129,1,1.3962481,0.98972416
2020-12-18,-0.26918147771110346,3,1.3892379,0.7727722
2020-12-22,1.2887059842447144,5,1.3931544,0.8338096
2021-01-04,0.058005539799623015,10,1.4031003,0.9292229
2021-01-19,-0.24067933866047364,21,1.3552238,1.0233817
2020-12-17,0.7437237249910831,1,1.3975211,0.7817928
2020-12-21,-2.8592391866721214,3,1.385004,0.67726994
2020-12-23,1.252510229329395,5,1.3991828,0.80348706
2021-01-05,-0.5516897494651185,10,1.4056007,0.90179527
2021-01-20,0.7665807652996217,21,1.3569758,0.8493777
2020-12-18,-0.26918147771110346,1,1.3892379,0.66887426
2020-12-22,1.2887059842447144,3,1.3931544,0.6509708
2020-12-28,1.4834308604341326,5,1.4096618,0.7699915
2021-01-06,1.7482080783920988,10,1.418321,0.7736093
2021-01-21,-0.10565024816139174,21,1.3548024,0.8783988
2020-12-21,-2.8592391866721214,1,1.385004,0.81727225
2020-12-23,1.252510229329395,3,1.3991828,0.69063175
2020-12-29,-0.20986144899705628,5,1.4090872,0.81662774
2021-01-07,0.547524217926156,10,1.4194591,0.8038206
2021-01-22,-0.23541726057217666,21,1.253892,0.88510126
2020-12-22,1.2887059842447144,1,1.3931544,0.8667576
2020-12-28,1.4834308604341326,3,1.4096618,0.8020125
2020-12-30,-0.310039266558898,5,1.4045745,0.8203587
2021-01-08,0.5802764865969338,10,1.4189378,0.91585225
2021-01-25,-1.6718188683941728,21,1.2688524,0.9690302
2020-12-23,1.252510229329395,1,1.3991828,1.0694026
2020-12-29,-0.20986144899705628,3,1.4090872,0.81696606
2021-01-04,0.058005539799623015,5,1.4031003,0.9095144
2021-01-11,-0.8066173168097944,10,1.4177004,0.8845153
2021-01-26,1.6503411498957576,21,1.1391495,1.0460835
2020-12-28,1.4834308604341326,1,1.4096618,0.82404995
2020-12-30,-0.310039266558898,3,1.4045745,0.6220786
2021-01-05,-0.5516897494651185,5,1.4056007,0.6828314
2021-01-12,-0.08327258131731312,10,1.4179181,0.92905647
2021-01-27,-1.8226554604030463,21,1.171744,0.9267811
2020-12-29,-0.20986144899705628,1,1.4090872,0.6370373
2021-01-04,0.058005539799623015,3,1.4031003,0.58907133
2021-01-06,1.7482080783920988,5,1.418321,0.7791322
2021-01-13,0.10515351263547339,10,1.3751903,0.9269521
2021-01-28,0.3332780132216691,21,1.1688691,0.98913133
2020-12-30,-0.310039266558898,1,1.4045745,0.8217665
2021-01-05,-0.5516897494651185,3,1.4056007,0.5780949
2021-01-07,0.547524217926156,5,1.4194591,0.584918
2021-01-14,0.35082759346884657,10,1.362286,1.0329255
2021-01-29,-1.7201154178810452,21,1.1750667,0.9641608
2021-01-04,0.058005539799623015,1,1.4031003,0.82474095
2021-01-06,1.7482080783920988,3,1.418321,0.6690664
2021-01-08,0.5802764865969338,5,1.4189378,0.75387675
2021-01-15,-1.4470774590024327,10,1.3757385,0.8345077
2021-02-01,1.3982869521548669,21,1.1464286,1.0987375
2021-01-05,-0.5516897494651185,1,1.4056007,0.86243385
2021-01-07,0.547524217926156,3,1.4194591,0.6921946
2021-01-11,-0.8066173168097944,5,1.4177004,0.7315179
2021-01-18,0.43869635399680396,10,1.369553,0.9400868
2021-02-02,1.5525622717371443,21,1.1378443,0.9944532
2021-01-06,1.7482080783920988,1,1.418321,1.0049001
2021-01-08,0.5802764865969338,3,1.4189378,0.7396896
2021-01-12,-0.08327258131731312,5,1.4179181,0.7988261
2021-01-19,-0.24067933866047364,10,1.3552238,1.0119401
2021-02-03,0.7092144754145803,21,1.1161836,1.0292382
2021-01-07,0.547524217926156,1,1.4194591,0.8174303
2021-01-11,-0.8066173168097944,3,1.4177004,0.7324805
2021-01-13,0.10515351263547339,5,1.3751903,0.8770177
2021-01-20,0.7665807652996217,10,1.3569758,0.90091836
2021-02-04,0.9049180745515408,21,1.1141194,0.98792493
2021-01-08,0.5802764865969338,1,1.4189378,1.047549
2021-01-12,-0.08327258131731312,3,1.4179181,0.80111694
2021-01-14,0.35082759346884657,5,1.362286,0.8016826
2021-01-21,-0.10565024816139174,10,1.3548024,1.0704331
2021-02-05,-0.02539610398793954,21,0.9348253,1.0026444
2021-01-11,-0.8066173168097944,1,1.4177004,0.89864904
2021-01-13,0.10515351263547339,3,1.3751903,0.758612
2021-01-15,-1.4470774590024327,5,1.3757385,0.9482027
2021-01-22,-0.23541726057217666,10,1.253892,0.8344523
2021-02-08,0.022694254001912068,21,0.9334677,1.0298398
2021-01-12,-0.08327258131731312,1,1.4179181,0.99574196
2021-01-14,0.35082759346884657,3,1.362286,0.7883204
2021-01-18,0.43869635399680396,5,1.369553,0.7417921
2021-01-25,-1.6718188683941728,10,1.2688524,0.91176283
2021-02-09,-0.34276785228546097,21,0.93446624,0.9514605
2021-01-13,0.10515351263547339,1,1.3751903,0.8353539
2021-01-15,-1.4470774590024327,3,1.3757385,0.77922374
2021-01-19,-0.24067933866047364,5,1.3552238,0.88447833
2021-01-26,1.6503411498957576,10,1.1391495,0.84872156
2021-02-10,-0.5641863471989792,21,0.9219944,0.8602037
2021-01-14,0.35082759346884657,1,1.362286,1.0759461
2021-01-18,0.43869635399680396,3,1.369553,0.7307154
2021-01-20,0.7665807652996217,5,1.3569758,0.72255737
2021-01-27,-1.8226554604030463,10,1.171744,1.0365136
2021-02-11,0.7717268097921679,21,0.92592365,0.96012557
2021-01-15,-1.4470774590024327,1,1.3757385,0.94080555
2021-01-19,-0.24067933866047364,3,1.3552238,0.71730304
2021-01-21,-0.10565024816139174,5,1.3548024,0.79946196
2021-01-28,0.3332780132216691,10,1.1688691,0.87409616
2021-02-12,0.06393191048871501,21,0.9247804,0.88047737
2021-01-18,0.43869635399680396,1,1.369553,0.99078035
2021-01-20,0.7665807652996217,3,1.3569758,0.7213839
2021-01-22,-0.23541726057217666,5,1.253892,0.72837996
2021-01-29,-1.7201154178810452,10,1.1750667,0.9512987
2021-02-15,0.42324035672580484,21,0.925428,1.0432055
2021-01-19,-0.24067933866047364,1,1.3552238,0.9158038
2021-01-21,-0.10565024816139174,3,1.3548024,0.76601374
2021-01-25,-1.6718188683941728,5,1.2688524,0.8774728
2021-02-01,1.3982869521548669,10,1.1464286,0.92977923
2021-02-16,-0.3185970737202383,21,0.9256119,0.99457085
2021-01-20,0.7665807652996217,1,1.3569758,0.9310572
2021-01-22,-0.23541726057217666,3,1.253892,0.7420867
2021-01-26,1.6503411498957576,5,1.1391495,0.7797546
2021-02-02,1.5525622717371443,10,1.1378443,0.923662
2021-02-17,-1.110548374761064,21,0.93023074,0.90993214
2021-01-21,-0.10565024816139174,1,1.3548024,1.0120983
2021-01-25,-1.6718188683941728,3,1.2688524,0.8177972
2021-01-27,-1.8226554604030463,5,1.171744,0.89563966
2021-02-03,0.7092144754145803,10,1.1161836,0.8856784
2021-02-18,-0.1607403111787165,21,0.93005645,0.9453821
2021-01-22,-0.23541726057217666,1,1.253892,0.8633549
2021-01-26,1.6503411498957576,3,1.1391495,0.72186154
2021-01-28,0.3332780132216691,5,1.1688691,0.76462954
2021-02-04,0.9049180745515408,10,1.1141194,0.7271359
2021-02-19,0.7625587210826923,21,0.9337671,0.9766574
2021-01-25,-1.6718188683941728,1,1.2688524,0.7949703
2021-01-27,-1.8226554604030463,3,1.171744,0.66624635
2021-01-29,-1.7201154178810452,5,1.1750667,0.81617355
2021-02-05,-0.02539610398793954,10,0.9348253,0.92281294
2021-02-22,-0.3091296279710983,21,0.92298126,0.86954546
2021-01-26,1.6503411498957576,1,1.1391495,0.93126273
2021-01-28,0.3332780132216691,3,1.1688691,0.79589164
2021-02-01,1.3982869521548669,5,1.1464286,0.95479715
2021-02-08,0.022694254001912068,10,0.9334677,0.8498789
2021-02-23,-0.6128434034470844,21,0.9272388,1.080962
2021-01-27,-1.8226554604030463,1,1.171744,1.4797589
2021-01-29,-1.7201154178810452,3,1.1750667,1.1569223
2021-02-02,1.5525622717371443,5,1.1378443,1.0403037
2021-02-09,-0.34276785228546097,10,0.93446624,1.3164531
2021-02-24,0.7987628419278836,21,0.9318877,1.1617211
2021-01-28,0.3332780132216691,1,1.1688691,1.6190943
2021-02-01,1.3982869521548669,3,1.1464286,1.3609366
2021-02-03,0.7092144754145803,5,1.1161836,1.4025697
2021-02-10,-0.5641863471989792,10,0.9219944,1.239481
2021-02-25,-0.6940884182671804,21,0.93647856,1.4589045
2021-01-29,-1.7201154178810452,1,1.1750667,1.4508541
2021-02-02,1.5525622717371443,3,1.1378443,1.3916315
2021-02-04,0.9049180745515408,5,1.1141194,1.3409747
2021-02-11,0.7717268097921679,10,0.92592365,1.433081
2021-02-26,-0.6726065739988457,21,0.93994457,1.1209087
2021-02-01,1.3982869521548669,1,1.1464286,1.8832806
2021-02-03,0.7092144754145803,3,1.1161836,1.3982855
2021-02-05,-0.02539610398793954,5,0.9348253,1.3098171
2021-02-12,0.06393191048871501,10,0.9247804,1.3044639
2021-03-01,1.6298024282334658,21,0.95832825,1.5032963
2021-02-02,1.5525622717371443,1,1.1378443,1.6402262
2021-02-04,0.9049180745515408,3,1.1141194,1.3579588
2021-02-08,0.022694254001912068,5,0.9334677,1.4395529
2021-02-15,0.42324035672580484,10,0.925428,1.2831539
2021-03-02,0.19234923791840355,21,0.95524585,1.4192584
2021-02-03,0.7092144754145803,1,1.1161836,1.539393
2021-02-05,-0.02539610398793954,3,0.9348253,1.1533173
2021-02-09,-0.34276785228546097,5,0.93446624,1.2430503
2021-02-16,-0.3185970737202383,10,0.9256119,1.308686
2021-03-03,0.28613612590661336,21,0.9528911,1.3221482
2021-02-04,0.9049180745515408,1,1.1141194,1.3459606
2021-02-08,0.022694254001912068,3,0.9334677,1.1556612
2021-02-10,-0.5641863471989792,5,0.9219944,1.2452115
2021-02-17,-1.110548374761064,10,0.93023074,1.1950024
2021-03-04,-0.16839723949606347,21,0.95295703,1.3182424
2021-02-05,-0.02539610398793954,1,0.9348253,1.070385
2021-02-09,-0.34276785228546097,3,0.93446624,1.0560961
2021-02-11,0.7717268097921679,5,0.92592365,1.147994
2021-02-18,-0.1607403111787165,10,0.93005645,1.1301788
2021-03-05,-0.9697274924604686,21,0.96204364,1.0467925
2021-02-08,0.022694254001912068,1,0.9334677,1.1185068
2021-02-10,-0.5641863471989792,3,0.9219944,0.92229235
2021-02-12,0.06393191048871501,5,0.9247804,0.8169427
2021-02-19,0.7625587210826923,10,0.9337671,1.1813656
2021-03-08,3.2525389982220174,21,1.0455923,0.9922824
2021-02-09,-0.34276785228546097,1,0.93446624,1.1760119
2021-02-11,0.7717268097921679,3,0.92592365,0.83987594
2021-02-15,0.42324035672580484,5,0.925428,0.9044145
2021-02-22,-0.3091296279710983,10,0.92298126,0.84061396
2021-03-09,0.3957850276761392,21,1.0452626,1.1676413
2021-02-10,-0.5641863471989792,1,0.9219944,1.1393186
2021-02-12,0.06393191048871501,3,0.9247804,0.8206506
2021-02-16,-0.3185970737202383,5,0.9256119,0.72616136
2021-02-23,-0.6128434034470844,10,0.9272388,1.0565042
2021-03-10,0.7061172136193417,21,1.0460287,1.1109961
2021-02-11,0.7717268097921679,1,0.92592365,1.0645235
2021-02-15,0.42324035672580484,3,0.925428,0.80774707
2021-02-17,-1.110548374761064,5,0.93023074,0.8902726
2021-02-24,0.7987628419278836,10,0.9318877,0.9813261
2021-03-11,0.20020624454774966,21,1.0267428,1.0331289
2021-02-12,0.06393191048871501,1,0.9247804,1.060792
2021-02-16,-0.3185970737202383,3,0.9256119,0.75868
2021-02-18,-0.1607403111787165,5,0.93005645,0.85029536
2021-02-25,-0.6940884182671804,10,0.93647856,1.2455918
2021-03-12,-0.46092891622996823,21,1.0263553,1.1326869
2021-02-15,0.42324035672580484,1,0.925428,0.9386706
2021-02-17,-1.110548374761064,3,0.93023074,0.7564129
2021-02-19,0.7625587210826923,5,0.9337671,0.9914961
2021-02-26,-0.6726065739988457,10,0.93994457,0.9011462
2021-03-15,-0.28290307452718905,21,1.0210268,1.0087447
2021-02-16,-0.3185970737202383,1,0.9256119,0.9401016
2021-02-18,-0.1607403111787165,3,0.93005645,0.7251378
2021-02-22,-0.3091296279710983,5,0.92298126,0.7952792
2021-03-01,1.6298024282334658,10,0.95832825,0.99029946
2021-03-16,0.6627417086543896,21,1.0074438,1.0842953
2021-02-17,-1.110548374761064,1,0.93023074,0.91092896
2021-02-19,0.7625587210826923,3,0.9337671,0.87612
2021-02-23,-0.6128434034470844,5,0.9272388,0.9887377
2021-03-02,0.19234923791840355,10,0.95524585,0.76481164
2021-03-17,0.26775085282599975,21,1.0042988,0.98120034
2021-02-18,-0.1607403111787165,1,0.93005645,1.05335
2021-02-22,-0.3091296279710983,3,0.92298126,0.86485386
2021-02-24,0.7987628419278836,5,0.9318877,0.8519385
2021-03-03,0.28613612590661336,10,0.9528911,1.0462431
2021-03-18,1.2182391475523935,21,1.0131086,0.9571495
2021-02-19,0.7625587210826923,1,0.9337671,1.1251822
2021-02-23,-0.6128434034470844,3,0.9272388,0.98930544
2021-02-25,-0.6940884182671804,5,0.93647856,1.1202058
2021-03-04,-0.16839723949606347,10,0.95295703,0.9132856
2021-03-19,-1.0512874098222198,21,0.94730955,0.9183942
2021-02-22,-0.3091296279710983,1,0.92298126,1.0346441
2021-02-24,0.7987628419278836,3,0.9318877,0.69996023
2021-02-26,-0.6726065739988457,5,0.93994457,0.687598
2021-03-05,-0.9697274924604686,10,0.96204364,0.9361449
2021-03-22,0.24735104671781086,21,0.9358348,1.0342273
2021-02-23,-0.6128434034470844,1,0.9272388,0.9451697
2021-02-25,-0.6940884182671804,3,0.93647856,0.76698804
2021-03-01,1.6298024282334658,5,0.95832825,0.87844986
2021-03-08,3.2525389982220174,10,1.0455923,0.91466993
2021-03-23,0.03280829980148221,21,0.9245982,1.0032707
2021-02-24,0.7987628419278836,1,0.9318877,1.0583723
2021-02-26,-0.6726065739988457,3,0.93994457,0.85587084
2021-03-02,0.19234923791840355,5,0.95524585,0.82446957
2021-03-09,0.3957850276761392,10,1.0452626,1.0578207
2021-03-24,-0.3527549511490683,21,0.9091966,0.8285689
2021-02-25,-0.6940884182671804,1,0.93647856,1.0965025
2021-03-01,1.6298024282334658,3,0.95832825,0.8225539
2021-03-03,0.28613612590661336,5,0.9528911,0.81112814
2021-03-10,0.7061172136193417,10,1.0460287,0.87723106
2021-03-25,0.07506019064939343,21,0.90831417,1.0175909
2021-02-26,-0.6726065739988457,1,0.93994457,1.1203792
2021-03-02,0.19234923791840355,3,0.95524585,0.8542412
2021-03-04,-0.16839723949606347,5,0.95295703,0.9353342
2021-03-11,0.20020624454774966,10,1.0267428,0.9727322
2021-03-26,0.8687747634630852,21,0.9120134,1.0321672
2021-03-01,1.6298024282334658,1,0.95832825,1.0850394
2021-03-03,0.28613612590661336,3,0.9528911,0.87425745
2021-03-05,-0.9697274924604686,5,0.96204364,0.77513796
2021-03-12,-0.46092891622996823,10,1.0263553,1.0144386
2021-03-29,0.46524984950204107,21,0.91305393,0.9034631
2021-03-02,0.19234923791840355,1,0.95524585,0.97900826
2021-03-04,-0.16839723949606347,3,0.95295703,0.75808215
2021-03-08,3.2525389982220174,5,1.0455923,0.7413056
2021-03-15,-0.28290307452718905,10,1.0210268,0.8497081
2021-03-30,1.2800316426128568,21,0.92055273,0.99301434
2021-03-03,0.28613612590661336,1,0.9528911,1.0042508
2021-03-05,-0.9697274924604686,3,0.96204364,0.79018265
2021-03-09,0.3957850276761392,5,1.0452626,0.7331996
2021-03-16,0.6627417086543896,10,1.0074438,1.0528848
2021-03-31,-0.0018023670675907375,21,0.8967297,0.9261204
2021-03-04,-0.16839723949606347,1,0.95295703,0.8611831
2021-03-08,3.2525389982220174,3,1.0455923,0.7648479
2021-03-10,0.7061172136193417,5,1.0460287,0.96044415
2021-03-17,0.26775085282599975,10,1.0042988,0.89487267
2021-04-01,0.6563424207780649,21,0.8977004,0.9290335
2021-03-05,-0.9697274924604686,1,0.96204364,0.9281095
2021-03-09,0.3957850276761392,3,1.0452626,0.78406274
2021-03-11,0.20020624454774966,5,1.0267428,0.7433726
2021-03-18,1.2182391475523935,10,1.0131086,0.79316
2021-04-06,0.6959809687879199,21,0.8988063,0.9514219
2021-03-08,3.2525389982220174,1,1.0455923,0.7142701
2021-03-10,0.7061172136193417,3,1.0460287,0.76308715
2021-03-12,-0.46092891622996823,5,1.0263553,0.9202944
2021-03-19,-1.0512874098222198,10,0.94730955,0.8428961
2021-04-07,-0.23902928939746973,21,0.89171284,0.7617134
2021-03-09,0.3957850276761392,1,1.0452626,1.0092415
2021-03-11,0.20020624454774966,3,1.0267428,0.76984966
2021-03-15,-0.28290307452718905,5,1.0210268,0.79326856
2021-03-22,0.24735104671781086,10,0.9358348,1.1582217
2021-04-08,0.1732730362029624,21,0.8912292,1.0011295
2021-03-10,0.7061172136193417,1,1.0460287,1.166123
2021-03-12,-0.46092891622996823,3,1.0263553,0.7597176
2021-03-16,0.6627417086543896,5,1.0074438,0.81852734
2021-03-23,0.03280829980148221,10,0.9245982,0.8719281
2021-04-09,0.20685774303147694,21,0.8912463,1.0426741
2021-03-11,0.20020624454774966,1,1.0267428,0.78428227
2021-03-15,-0.28290307452718905,3,1.0210268,0.63827544
2021-03-17,0.26775085282599975,5,1.0042988,0.67417955
2021-03-24,-0.3527549511490683,10,0.9091966,0.90638644
2021-04-12,-0.12585016256962542,21,0.8915322,1.0714449
2021-03-12,-0.46092891622996823,1,1.0263553,0.92565525
2021-03-16,0.6627417086543896,3,1.0074438,0.7524216
2021-03-18,1.2182391475523935,5,1.0131086,0.8776553
2021-03-25,0.07506019064939343,10,0.90831417,0.93437093
2021-04-13,0.127164275031716,21,0.8668551,0.95668745
2021-03-15,-0.28290307452718905,1,1.0210268,0.97713184
2021-03-17,0.26775085282599975,3,1.0042988,0.7344602
2021-03-19,-1.0512874098222198,5,0.94730955,0.72271615
2021-03-26,0.8687747634630852,10,0.9120134,1.0584669
2021-04-14,-0.16561799927364942,21,0.867147,0.98211145
2021-03-16,0.6627417086543896,1,1.0074438,1.1140916
2021-03-18,1.2182391475523935,3,1.0131086,0.9037449
2021-03-22,0.24735104671781086,5,0.9358348,1.0281441
2021-03-29,0.46524984950204107,10,0.91305393,0.8218122
2021-04-15,0.3031709201025788,21,0.8657693,1.0306115
2021-03-17,0.26775085282599975,1,1.0042988,0.97753686
2021-03-19,-1.0512874098222198,3,0.94730955,0.7997097
2021-03-23,0.03280829980148221,5,0.9245982,0.73240465
2021-03-30,1.2800316426128568,10,0.92055273,0.9905716
2021-04-16,1.3310916957726933,21,0.87542796,0.97939354
2021-03-18,1.2182391475523935,1,1.0131086,1.1603453
2021-03-22,0.24735104671781086,3,0.9358348,0.83215964
2021-03-24,-0.3527549511490683,5,0.9091966,0.8850765
2021-03-31,-0.0018023670675907375,10,0.8967297,0.8607361
2021-04-19,-0.592709258910148,21,0.88031614,1.1404366
2021-03-19,-1.0512874098222198,1,0.94730955,0.9799887
2021-03-23,0.03280829980148221,3,0.9245982,0.85318625
2021-03-25,0.07506019064939343,5,0.90831417,0.8786871
2021-04-01,0.6563424207780649,10,0.8977004,0.9901478
2021-04-20,-1.5665653879690882,21,0.9069886,1.0225515
2021-03-22,0.24735104671781086,1,0.9358348,1.4394884
2021-03-24,-0.3527549511490683,3,0.9091966,1.1555898
2021-03-26,0.8687747634630852,5,0.9120134,1.1374769
2021-04-06,0.6959809687879199,10,0.8988063,1.1976954
2021-04-21,0.43831173291371167,21,0.8757432,1.1161525
2021-03-23,0.03280829980148221,1,0.9245982,1.2503387
2021-03-25,0.07506019064939343,3,0.90831417,1.1337947
2021-03-29,0.46524984950204107,5,0.91305393,1.1602484
2021-04-07,-0.23902928939746973,10,0.89171284,1.0726166
2021-04-22,0.8162832573323586,21,0.8584502,1.2173573
2021-03-24,-0.3527549511490683,1,0.9091966,1.2239133
2021-03-26,0.8687747634630852,3,0.9120134,1.1124855
2021-03-30,1.2800316426128568,5,0.92055273,1.1054835
2021-04-08,0.1732730362029624,10,0.8912292,1.0821513
2021-04-23,-0.2673153710220862,21,0.8200148,1.0360392
2021-03-25,0.07506019064939343,1,0.90831417,1.5455151
2021-03-29,0.46524984950204107,3,0.91305393,1.1045548
2021-03-31,-0.0018023670675907375,5,0.8967297,1.0008008
2021-04-09,0.20685774303147694,10,0.8912463,1.2009054
2021-04-26,0.10936518919022974,21,0.8198685,1.2427088
2021-03-26,0.8687747634630852,1,0.9120134,1.30863
2021-03-30,1.2800316426128568,3,0.92055273,1.0788863
2021-04-01,0.6563424207780649,5,0.8977004,1.0550746
2021-04-12,-0.12585016256962542,10,0.8915322,1.1004728
2021-04-27,-0.3081971564582623,21,0.78363985,1.1297249
2021-03-29,0.46524984950204107,1,0.91305393,1.0466499
2021-03-31,-0.0018023670675907375,3,0.8967297,0.8915224
2021-04-06,0.6959809687879199,5,0.8988063,0.8717296
2021-04-13,0.127164275031716,10,0.8668551,1.2789401
2021-04-28,0.2809963874154869,21,0.76807797,1.0913593
2021-03-30,1.2800316426128568,1,0.92055273,1.1691447
2021-04-01,0.6563424207780649,3,0.8977004,0.8803088
2021-04-07,-0.23902928939746973,5,0.89171284,1.0287836
2021-04-14,-0.16561799927364942,10,0.867147,0.9535431
2021-04-29,-0.9063832044202493,21,0.75984997,1.3171211
2021-03-31,-0.0018023670675907375,1,0.8967297,0.86479205
2021-04-06,0.6959809687879199,3,0.8988063,0.85876393
2021-04-08,0.1732730362029624,5,0.8912292,0.8533833
2021-04-15,0.3031709201025788,10,0.8657693,1.0639085
2021-04-30,-0.12076576198054095,21,0.7570796,0.9773221
2021-04-01,0.6563424207780649,1,0.8977004,1.0655255
2021-04-07,-0.23902928939746973,3,0.89171284,0.9832325
2021-04-09,0.20685774303147694,5,0.8912463,0.9766056
2021-04-16,1.3310916957726933,10,0.87542796,1.1371564
2021-05-03,0.6621801659735219,21,0.75355196,1.1196399
2021-04-06,0.6959809687879199,1,0.8988063,1.2155229
2021-04-08,0.1732730362029624,3,0.8912292,0.96858466
2021-04-12,-0.12585016256962542,5,0.8915322,1.0411589
2021-04-19,-0.592709258910148,10,0.88031614,1.1816348
2021-05-04,-2.5255712927880665,21,0.8279626,1.0836408
2021-04-07,-0.23902928939746973,1,0.89171284,1.091613
2021-04-09,0.20685774303147694,3,0.8912463,0.9228025
2021-04-13,0.127164275031716,5,0.8668551,0.95384073
2021-04-20,-1.5665653879690882,10,0.9069886,1.0968186
2021-05-05,2.093506207546954,21,0.867244,1.1175846
2021-04-08,0.1732730362029624,1,0.8912292,1.132839
2021-04-12,-0.12585016256962542,3,0.8915322,0.9456376
2021-04-14,-0.16561799927364942,5,0.867147,1.0145953
2021-04-21,0.43831173291371167,10,0.8757432,1.0136019
2021-05-06,0.17097192544605208,21,0.8650633,1.1550751
2021-04-09,0.20685774303147694,1,0.8912463,0.99638236
2021-04-13,0.127164275031716,3,0.8668551,0.8946884
2021-04-15,0.3031709201025788,5,0.8657693,0.8897573
2021-04-22,0.8162832573323586,10,0.8584502,1.2639976
2021-05-07,1.3263860666457719,21,0.873543,0.9517343
2021-04-12,-0.12585016256962542,1,0.8915322,1.1844593
2021-04-14,-0.16561799927364942,3,0.867147,0.9608535
2021-04-16,1.3310916957726933,5,0.87542796,0.94293994
2021-04-23,-0.2673153710220862,10,0.8200148,1.127104
2021-05-10,0.004933533322097458,21,0.87014556,1.0804154
2021-04-13,0.127164275031716,1,0.8668551,1.2400706
2021-04-15,0.3031709201025788,3,0.8657693,0.99611473
2021-04-19,-0.592709258910148,5,0.88031614,1.0730605
2021-04-26,0.10936518919022974,10,0.8198685,1.0800551
2021-05-11,-1.839230636448681,21,0.90737706,1.1242892
2021-04-14,-0.16561799927364942,1,0.867147,1.0795852
2021-04-16,1.3310916957726933,3,0.87542796,0.8081369
2021-04-20,-1.5665653879690882,5,0.9069886,0.8052707
2021-04-27,-0.3081971564582623,10,0.78363985,1.0011494
2021-05-12,0.20131990305122674,21,0.9065816,1.1175638
2021-04-15,0.3031709201025788,1,0.8657693,1.0423609
2021-04-19,-0.592709258910148,3,0.88031614,0.86209697
2021-04-21,0.43831173291371167,5,0.8757432,0.9125568
2021-04-28,0.2809963874154869,10,0.76807797,1.0582842
2021-05-13,0.3259319185728283,21,0.9051306,1.1538522
2021-04-16,1.3310916957726933,1,0.87542796,1.1899048
2021-04-20,-1.5665653879690882,3,0.9069886,0.8637217
2021-04-22,0.8162832573323586,5,0.8584502,0.9115466
2021-04-29,-0.9063832044202493,10,0.75984997,1.138221
2021-05-14,1.4173068315606716,21,0.90527064,1.1150237
2021-04-19,-0.592709258910148,1,0.88031614,1.0956802
2021-04-21,0.43831173291371167,3,0.8757432,0.8710744
2021-04-23,-0.2673153710220862,5,0.8200148,0.92382824
2021-04-30,-0.12076576198054095,10,0.7570796,0.9386998
2021-05-17,-0.12994103330277637,21,0.90508777,1.229201
2021-04-20,-1.5665653879690882,1,0.9069886,1.3904251
2021-04-22,0.8162832573323586,3,0.8584502,1.0859895
2021-04-26,0.10936518919022974,5,0.8198685,1.0772554
2021-05-03,0.6621801659735219,10,0.75355196,1.0914487
2021-05-18,-0.0652306410951744,21,0.9022378,1.1835749
2021-04-21,0.43831173291371167,1,0.8757432,1.3559946
2021-04-23,-0.2673153710220862,3,0.8200148,1.2776172
2021-04-27,-0.3081971564582623,5,0.78363985,1.2414191
2021-05-04,-2.5255712927880665,10,0.8279626,1.1902965
2021-05-19,-1.7903380348371305,21,0.93491405,1.1703504
2021-04-22,0.8162832573323586,1,0.8584502,1.6715958
2021-04-26,0.10936518919022974,3,0.8198685,1.3657095
2021-04-28,0.2809963874154869,5,0.76807797,1.2318801
2021-05-05,2.093506207546954,10,0.867244,1.2627678
2021-05-20,1.6842132566438226,21,0.95073086,1.2021972
2021-04-23,-0.2673153710220862,1,0.8200148,1.5677263
2021-04-27,-0.3081971564582623,3,0.78363985,1.1871184
2021-04-29,-0.9063832044202493,5,0.75984997,1.3099747
2021-05-06,0.17097192544605208,10,0.8650633,1.0928488
2021-05-21,0.436578874999644,21,0.947828,1.4046701
2021-04-26,0.10936518919022974,1,0.8198685,1.5369248
2021-04-28,0.2809963874154869,3,0.76807797,1.1934319
2021-04-30,-0.12076576198054095,5,0.7570796,1.2653358
2021-05-07,1.3263860666457719,10,0.873543,1.1058246
2021-05-25,0.1784968630238088,21,0.94108146,1.3350075
2021-04-27,-0.3081971564582623,1,0.78363985,1.3012329
2021-04-29,-0.9063832044202493,3,0.75984997,1.3332483
2021-05-03,0.6621801659735219,5,0.75355196,1.3312747
2021-05-10,0.004933533322097458,10,0.87014556,1.3716365
2021-05-26,-0.09296291070571604,21,0.9351338,1.2011389
2021-04-28,0.2809963874154869,1,0.76807797,1.5631167
2021-04-30,-0.12076576198054095,3,0.7570796,1.3561678
2021-05-04,-2.5255712927880665,5,0.8279626,1.2726517
2021-05-11,-1.839230636448681,10,0.90737706,1.4439641
2021-05-27,-0.2851129133022428,21,0.91767484,1.3770705
2021-04-29,-0.9063832044202493,1,0.75984997,1.5161275
2021-05-03,0.6621801659735219,3,0.75355196,1.343424
2021-05-05,2.093506207546954,5,0.867244,1.2985336
2021-05-12,0.20131990305122674,10,0.9065816,1.4467126
2021-05-28,0.7323798928203659,21,0.9206604,1.1630471
2021-04-30,-0.12076576198054095,1,0.7570796,1.5071217
2021-05-04,-2.5255712927880665,3,0.8279626,1.3495803
2021-05-06,0.17097192544605208,5,0.8650633,1.244308
2021-05-13,0.3259319185728283,10,0.9051306,1.4246749
2021-05-31,-0.6389616993714464,21,0.92636096,1.2662904
2021-05-03,0.6621801659735219,1,0.75355196,1.5078408
2021-05-05,2.093506207546954,3,0.867244,1.3509095
2021-05-07,1.3263860666457719,5,0.873543,1.3512459
2021-05-14,1.4173068315606716,10,0.90527064,1.4082117
2021-06-01,0.9437797909015969,21,0.9309644,1.3970402
2021-05-04,-2.5255712927880665,1,0.8279626,1.3823361
2021-05-06,0.17097192544605208,3,0.8650633,1.3401233
2021-05-10,0.004933533322097458,5,0.87014556,1.3842571
2021-05-17,-0.12994103330277637,10,0.90508777,1.5444746
2021-06-02,0.22681774006697283,21,0.9188697,1.1630814
2021-05-05,2.093506207546954,1,0.867244,1.3391954
2021-05-07,1.3263860666457719,3,0.873543,0.95577466
2021-05-11,-1.839230636448681,5,0.90737706,0.9600518
2021-05-18,-0.0652306410951744,10,0.9022378,1.2618672
2021-06-03,0.19183355693224202,21,0.82626784,1.1915169
2021-05-06,0.17097192544605208,1,0.8650633,1.3174902
2021-05-10,0.004933533322097458,3,0.87014556,1.0625945
2021-05-12,0.20131990305122674,5,0.9065816,1.1170884
2021-05-19,-1.7903380348371305,10,0.93491405,1.0283793
2021-06-04,0.3845455477475568,21,0.8262099,1.3253024
2021-05-07,1.3263860666457719,1,0.873543,1.0403188
2021-05-11,-1.839230636448681,3,0.90737706,1.0024672
2021-05-13,0.3259319185728283,5,0.9051306,1.04385
2021-05-20,1.6842132566438226,10,0.95073086,1.4200313
2021-06-07,-0.10041425455906275,21,0.8233814,1.0407057
2021-05-10,0.004933533322097458,1,0.87014556,1.3021426
2021-05-12,0.20131990305122674,3,0.9065816,1.0524606
2021-05-14,1.4173068315606716,5,0.90527064,1.2088342
2021-05-21,0.436578874999644,10,0.947828,1.2222067
2021-06-08,-0.23341905370219768,21,0.8246165,1.3060141
2021-05-11,-1.839230636448681,1,0.90737706,1.4701658
2021-05-13,0.3259319185728283,3,0.9051306,1.1264083
2021-05-17,-0.12994103330277637,5,0.90508777,1.0750484
2021-05-25,0.1784968630238088,10,0.94108146,1.2530092
2021-06-09,-0.3808886643482044,21,0.8237279,1.1840189
2021-05-12,0.20131990305122674,1,0.9065816,1.3315756
2021-05-14,1.4173068315606716,3,0.90527064,1.2125471
2021-05-18,-0.0652306410951744,5,0.9022378,1.1988494
2021-05-26,-0.09296291070571604,10,0.9351338,1.2471097
2021-06-10,-0.06368649058569346,21,0.82239753,1.1831392
2021-05-13,0.3259319185728283,1,0.9051306,1.4662112
2021-05-17,-0.12994103330277637,3,0.90508777,1.112052
2021-05-19,-1.7903380348371305,5,0.93491405,1.1535662
2021-05-27,-0.2851129133022428,10,0.91767484,1.3096753
2021-06-11,0.7807607134119747,21,0.8238497,1.3875808
2021-05-14,1.4173068315606716,1,0.90527064,1.5442986
2021-05-18,-0.0652306410951744,3,0.9022378,1.1916509
2021-05-20,1.6842132566438226,5,0.95073086,1.1188468
2021-05-28,0.7323798928203659,10,0.9206604,1.1286778
2021-06-14,-0.12516301980978747,21,0.82425886,1.10795
2021-05-17,-0.12994103330277637,1,0.90508777,1.2655933
2021-05-19,-1.7903380348371305,3,0.93491405,1.0131106
2021-05-21,0.436578874999644,5,0.947828,1.0846472
2021-05-31,-0.6389616993714464,10,0.92636096,1.0663898
2021-06-15,0.3558873900044258,21,0.8121905,1.3339901
2021-05-18,-0.0652306410951744,1,0.9022378,1.4909762
2021-05-20,1.6842132566438226,3,0.95073086,1.2067436
2021-05-25,0.1784968630238088,5,0.94108146,1.234363
2021-06-01,0.9437797909015969,10,0.9309644,1.3550688
2021-06-16,-0.12054177414032805,21,0.79851896,1.1566685
2021-05-19,-1.7903380348371305,1,0.93491405,1.302972
2021-05-21,0.436578874999644,3,0.947828,1.1144753
2021-05-26,-0.09296291070571604,5,0.9351338,1.0848528
2021-06-02,0.22681774006697283,10,0.9188697,1.2436609
2021-06-17,0.10878224056923391,21,0.7983442,1.1750146
2021-05-20,1.6842132566438226,1,0.95073086,1.6164134
2021-05-25,0.1784968630238088,3,0.94108146,1.42515
2021-05-27,-0.2851129133022428,5,0.91767484,1.5031539
2021-06-03,0.19183355693224202,10,0.82626784,1.310553
2021-06-18,-1.7939439545172595,21,0.83559185,1.3983412
2021-05-21,0.436578874999644,1,0.947828,1.5225934
2021-05-26,-0.09296291070571604,3,0.9351338,1.2925599
2021-05-28,0.7323798928203659,5,0.9206604,1.1969186
2021-06-04,0.3845455477475568,10,0.8262099,1.5245574
2021-06-21,0.9996463035589586,21,0.84174526,1.1934491
2021-05-25,0.1784968630238088,1,0.94108146,1.5144159
2021-05-27,-0.2851129133022428,3,0.91767484,1.1320815
2021-05-31,-0.6389616993714464,5,0.92636096,1.1752625
2021-06-07,-0.10041425455906275,10,0.8233814,1.3544213
2021-06-22,0.21184578273143131,21,0.84183544,1.4339266
2021-05-26,-0.09296291070571604,1,0.9351338,1.415571
2021-05-28,0.7323798928203659,3,0.9206604,1.1635811
2021-06-01,0.9437797909015969,5,0.9309644,1.2836534
2021-06-08,-0.23341905370219768,10,0.8246165,1.2865539
2021-06-23,-1.1574570520730247,21,0.8515423,1.2352797
2021-05-27,-0.2851129133022428,1,0.91767484,1.2307884
2021-05-31,-0.6389616993714464,3,0.92636096,1.0178657
2021-06-02,0.22681774006697283,5,0.9188697,1.0633626
2021-06-09,-0.3808886643482044,10,0.8237279,1.1204543
2021-06-24,0.8557833958115765,21,0.8560325,1.1322104
2021-05-28,0.7323798928203659,1,0.9206604,1.3963403
2021-06-01,0.9437797909015969,3,0.9309644,1.1781952
2021-06-03,0.19183355693224202,5,0.82626784,1.2156748
2021-06-10,-0.06368649058569346,10,0.82239753,1.2021043
2021-06-25,0.12013424248923979,21,0.841553,1.2331121
2021-05-31,-0.6389616993714464,1,0.92636096,1.1912333
2021-06-02,0.22681774006697283,3,0.9188697,1.0622028
2021-06-04,0.3845455477475568,5,0.8262099,1.1647161
2021-06-11,0.7807607134119747,10,0.8238497,1.1871501
2021-06-28,-0.34522710080758157,21,0.84318316,1.15644
2021-06-01,0.9437797909015969,1,0.9309644,1.5336373
2021-06-03,0.19183355693224202,3,0.82626784,1.0547292
2021-06-07,-0.10041425455906275,5,0.8233814,1.0863292
2021-06-14,-0.12516301980978747,10,0.82425886,1.1258471
2021-06-29,0.8731766948341996,21,0.84624356,1.3239226
2021-06-02,0.22681774006697283,1,0.9188697,1.2634009
2021-06-04,0.3845455477475568,3,0.8262099,1.0706265
2021-06-08,-0.23341905370219768,5,0.8246165,1.1490878
2021-06-15,0.3558873900044258,10,0.8121905,1.1274478
2021-06-30,-1.0220555055044207,21,0.853503,1.1402055
2021-06-03,0.19183355693224202,1,0.82626784,1.1606816
2021-06-07,-0.10041425455906275,3,0.8233814,0.93433535
2021-06-09,-0.3808886643482044,5,0.8237279,0.94837785
2021-06-16,-0.12054177414032805,10,0.79851896,1.1287388
2021-07-01,0.4674483074042625,21,0.8545378,1.0111923
2021-06-04,0.3845455477475568,1,0.8262099,1.1203113
2021-06-08,-0.23341905370219768,3,0.8246165,0.8657822
2021-06-10,-0.06368649058569346,5,0.82239753,0.93687433
2021-06-17,0.10878224056923391,10,0.7983442,1.0480063
2021-07-02,0.2961570116482704,21,0.8549944,0.997736
2021-06-07,-0.10041425455906275,1,0.8233814,0.9498888
2021-06-09,-0.3808886643482044,3,0.8237279,0.8457748
2021-06-11,0.7807607134119747,5,0.8238497,0.89619607
2021-06-18,-1.7939439545172595,10,0.83559185,0.8720052
2021-07-05,0.07588056196588011,21,0.85475,1.0801411
2021-06-08,-0.23341905370219768,1,0.8246165,1.2265064
2021-06-10,-0.06368649058569346,3,0.82239753,0.9113176
2021-06-14,-0.12516301980978747,5,0.82425886,0.8687119
2021-06-21,0.9996463035589586,10,0.84174526,0.93296266
2021-07-06,-0.9661522873624095,21,0.86444527,1.0173864
2021-06-09,-0.3808886643482044,1,0.8237279,1.0899482
2021-06-11,0.7807607134119747,3,0.8238497,0.9445566
2021-06-15,0.3558873900044258,5,0.8121905,0.9900712
2021-06-22,0.21184578273143131,10,0.84183544,1.2067915
2021-07-07,1.1622330289324754,21,0.8766159,0.9311266
2021-06-10,-0.06368649058569346,1,0.82239753,1.2766143
2021-06-14,-0.12516301980978747,3,0.82425886,0.8091806
2021-06-16,-0.12054177414032805,5,0.79851896,0.8013919
2021-06-23,-1.1574570520730247,10,0.8515423,1.1094092
2021-07-08,-1.7489421804465333,21,0.9065198,1.080929
2021-06-11,0.7807607134119747,1,0.8238497,1.1246693
2021-06-15,0.3558873900044258,3,0.8121905,0.78444034
2021-06-17,0.10878224056923391,5,0.7983442,0.79489374
2021-06-24,0.8557833958115765,10,0.8560325,1.0196092
2021-07-09,1.7184757939864164,21,0.93198913,1.0909933
2021-06-14,-0.12516301980978747,1,0.82425886,0.79955167
2021-06-16,-0.12054177414032805,3,0.79851896,0.7065245
2021-06-18,-1.7939439545172595,5,0.83559185,0.8012575
2021-06-25,0.12013424248923979,10,0.841553,0.82127583
2021-07-12,0.6517504871406623,21,0.9201715,0.9792272
2021-06-15,0.3558873900044258,1,0.8121905,1.1120386
2021-06-17,0.10878224056923391,3,0.7983442,0.85034084
2021-06-21,0.9996463035589586,5,0.84174526,0.8442098
2021-06-28,-0.34522710080758157,10,0.84318316,0.88283587
2021-07-13,-0.005510532431694824,21,0.9164945,0.9886571
2021-06-16,-0.12054177414032805,1,0.79851896,0.78176844
2021-06-18,-1.7939439545172595,3,0.83559185,0.75176364
2021-06-22,0.21184578273143131,5,0.84183544,0.96984315
2021-06-29,0.8731766948341996,10,0.84624356,0.8421911
2021-07-14,-0.004174847951872446,21,0.8917906,0.8562685
2021-06-17,0.10878224056923391,1,0.7983442,0.94152045
2021-06-21,0.9996463035589586,3,0.84174526,0.7163324
2021-06-23,-1.1574570520730247,5,0.8515423,0.7136147
2021-06-30,-1.0220555055044207,10,0.853503,0.81268775
2021-07-15,-1.0141856867933998,21,0.90131736,0.97741437
2021-06-18,-1.7939439545172595,1,0.83559185,0.8337777
2021-06-22,0.21184578273143131,3,0.84183544,0.68818843
2021-06-24,0.8557833958115765,5,0.8560325,0.79747313
2021-07-01,0.4674483074042625,10,0.8545378,0.83491683
2021-07-16,-0.5733135544161682,21,0.89906293,0.9019923
2021-06-21,0.9996463035589586,1,0.84174526,0.9377393
2021-06-23,-1.1574570520730247,3,0.8515423,0.807366
2021-06-25,0.12013424248923979,5,0.841553,0.7519875
2021-07-02,0.2961570116482704,10,0.8549944,0.9904735
2021-07-19,-2.6546246936695708,21,0.9627333,0.8780536
2021-06-22,0.21184578273143131,1,0.84183544,1.0833647
2021-06-24,0.8557833958115765,3,0.8560325,0.8340791
2021-06-28,-0.34522710080758157,5,0.84318316,0.90957177
2021-07-05,0.07588056196588011,10,0.85475,0.9786806
2021-07-20,0.5474200645338385,21,0.96535796,1.0935732
2021-06-23,-1.1574570520730247,1,0.8515423,1.152957
2021-06-25,0.12013424248923979,3,0.841553,0.82324445
2021-06-29,0.8731766948341996,5,0.84624356,0.9132959
2021-07-06,-0.9661522873624095,10,0.86444527,1.055542
2021-07-21,1.3462262782400134,21,0.9801739,1.0420338
2021-06-24,0.8557833958115765,1,0.8560325,1.0366185
2021-06-28,-0.34522710080758157,3,0.84318316,1.0091051
2021-06-30,-1.0220555055044207,5,0.853503,0.994315
2021-07-07,1.1622330289324754,10,0.8766159,1.0048332
2021-07-22,0.5950169149915788,21,0.9824332,0.96591485
2021-06-25,0.12013424248923979,1,0.841553,1.080009
2021-06-29,0.8731766948341996,3,0.84624356,0.90803266
2021-07-01,0.4674483074042625,5,0.8545378,0.86554855
2021-07-08,-1.7489421804465333,10,0.9065198,0.9174362
2021-07-23,0.9925097074168625,21,0.9825374,1.0429212
2021-06-28,-0.34522710080758157,1,0.84318316,1.1667608
2021-06-30,-1.0220555055044207,3,0.853503,0.82689095
2021-07-02,0.2961570116482704,5,0.8549944,0.80326164
2021-07-09,1.7184757939864164,10,0.93198913,1.0728092
2021-07-26,-0.3215876931121949,21,0.9834903,1.0441442
2021-06-29,0.8731766948341996,1,0.84624356,0.92981136
2021-07-01,0.4674483074042625,3,0.8545378,0.7362944
2021-07-05,0.07588056196588011,5,0.85475,1.0260327
2021-07-12,0.6517504871406623,10,0.9201715,0.9784638
2021-07-27,-0.6413422462977323,21,0.98418826,1.1124024
2021-06-30,-1.0220555055044207,1,0.853503,1.0797901
2021-07-02,0.2961570116482704,3,0.8549944,0.7944359
2021-07-06,-0.9661522873624095,5,0.86444527,0.7930064
2021-07-13,-0.005510532431694824,10,0.9164945,0.92468756
2021-07-28,0.32956806132106164,21,0.92579114,1.0052055
2021-07-01,0.4674483074042625,1,0.8545378,0.83846635
2021-07-05,0.07588056196588011,3,0.85475,0.7367057
2021-07-07,1.1622330289324754,5,0.8766159,0.8336129
2021-07-14,-0.004174847951872446,10,0.8917906,0.9607949
2021-07-29,0.44926387889899777,21,0.8887194,0.9576769
2021-07-02,0.2961570116482704,1,0.8549944,0.86433434
2021-07-06,-0.9661522873624095,3,0.86444527,0.8173417
2021-07-08,-1.7489421804465333,5,0.9065198,0.96931577
2021-07-15,-1.0141856867933998,10,0.90131736,1.1672572
2021-07-30,-0.6161989123227729,21,0.89271677,0.96719444
2021-07-05,0.07588056196588011,1,0.85475,1.141911
2021-07-07,1.1622330289324754,3,0.8766159,0.7562815
2021-07-09,1.7184757939864164,5,0.93198913,0.70543677
2021-07-16,-0.5733135544161682,10,0.89906293,0.8689721
2021-08-02,0.15646663006932626,21,0.87672573,0.95160675
2021-07-06,-0.9661522873624095,1,0.86444527,0.83491117
2021-07-08,-1.7489421804465333,3,0.9065198,0.72272044
2021-07-12,0.6517504871406623,5,0.9201715,0.7201822
2021-07-19,-2.6546246936695708,10,0.9627333,0.78340447
2021-08-03,-0.08771671116352622,21,0.87683105,1.1462598
2021-07-07,1.1622330289324754,1,0.8766159,1.10781
2021-07-09,1.7184757939864164,3,0.93198913,0.8994945
2021-07-13,-0.005510532431694824,5,0.9164945,0.8737846
2021-07-20,0.5474200645338385,10,0.96535796,1.1728513
2021-08-04,0.8772026921567992,21,0.849071,0.9435777
2021-07-08,-1.7489421804465333,1,0.9065198,1.0248901
2021-07-12,0.6517504871406623,3,0.9201715,0.7478739
2021-07-14,-0.004174847951872446,5,0.8917906,0.89584416
2021-07-21,1.3462262782400134,10,0.9801739,1.0879622
2021-08-05,0.33425850154926595,21,0.8496142,1.0410725
2021-07-09,1.7184757939864164,1,0.93198913,1.3740193
2021-07-13,-0.005510532431694824,3,0.9164945,1.0074704
2021-07-15,-1.0141856867933998,5,0.90131736,1.1030486
2021-07-22,0.5950169149915788,10,0.9824332,1.0066378
2021-08-06,0.10652073287193169,21,0.84894025,1.1905121
2021-07-12,0.6517504871406623,1,0.9201715,1.0983915
2021-07-14,-0.004174847951872446,3,0.8917906,1.1121407
2021-07-16,-0.5733135544161682,5,0.89906293,1.1328402
2021-07-23,0.9925097074168625,10,0.9825374,1.225903
2021-08-09,-0.10181935152707032,21,0.83023584,1.016814
2021-07-13,-0.005510532431694824,1,0.9164945,1.3111674
2021-07-15,-1.0141856867933998,3,0.90131736,0.9759964
2021-07-19,-2.6546246936695708,5,0.9627333,1.0205696
2021-07-26,-0.3215876931121949,10,0.9834903,0.9858301
2021-08-10,0.16055155284339764,21,0.83010364,1.2406716
2021-07-14,-0.004174847951872446,1,0.8917906,1.2959073
2021-07-16,-0.5733135544161682,3,0.89906293,1.0567851
2021-07-20,0.5474200645338385,5,0.96535796,1.0088959
2021-07-27,-0.6413422462977323,10,0.98418826,1.0743554
2021-08-11,0.3505414463711049,21,0.8309452,1.0994228
2021-07-15,-1.0141856867933998,1,0.90131736,0.9520246
2021-07-19,-2.6546246936695708,3,0.9627333,0.9441018
2021-07-21,1.3462262782400134,5,0.9801739,1.0187396
2021-07-28,0.32956806132106164,10,0.92579114,0.9541775
2021-08-12,0.7015601521228146,21,0.7992281,0.9791633
2021-07-16,-0.5733135544161682,1,0.89906293,1.4428804
2021-07-20,0.5474200645338385,3,0.96535796,0.9179079
2021-07-22,0.5950169149915788,5,0.9824332,0.83417255
2021-07-29,0.44926387889899777,10,0.8887194,1.2319272
2021-08-13,0.25023184842177826,21,0.7716664,1.2111682
2021-07-19,-2.6546246936695708,1,0.9627333,1.1169181
2021-07-21,1.3462262782400134,3,0.9801739,0.9752898
2021-07-23,0.9925097074168625,5,0.9825374,0.9881136
2021-07-30,-0.6161989123227729,10,0.89271677,1.0707991
2021-08-16,-0.3241684432248429,21,0.77170026,1.149369
2021-07-20,0.5474200645338385,1,0.96535796,1.7405909
2021-07-22,0.5950169149915788,3,0.9824332,1.2647069
2021-07-26,-0.3215876931121949,5,0.9834903,1.1059127
2021-08-02,0.15646663006932626,10,0.87672573,1.4800925
2021-08-17,-0.023739709620483686,21,0.77157956,1.2238176
2021-07-21,1.3462262782400134,1,0.9801739,1.5941997
2021-07-23,0.9925097074168625,3,0.9825374,1.2302201
2021-07-27,-0.6413422462977323,5,0.98418826,1.2703207
2021-08-03,-0.08771671116352622,10,0.87683105,1.2874659
2021-08-18,0.2760892483392984,21,0.7719035,1.3369181
2021-07-22,0.5950169149915788,1,0.9824332,1.2879982
2021-07-26,-0.3215876931121949,3,0.9834903,1.042522
2021-07-28,0.32956806132106164,5,0.92579114,1.1643625
2021-08-04,0.8772026921567992,10,0.849071,1.2257893
2021-08-19,-1.2615921041525502,21,0.7892871,1.2165514
2021-07-23,0.9925097074168625,1,0.9825374,1.2733084
2021-07-27,-0.6413422462977323,3,0.98418826,1.1686426
2021-07-29,0.44926387889899777,5,0.8887194,1.2956654
2021-08-05,0.33425850154926595,10,0.8496142,1.1229352
2021-08-20,0.26750297765486386,21,0.7846272,1.2180885
2021-07-26,-0.3215876931121949,1,0.9834903,1.080499
2021-07-28,0.32956806132106164,3,0.92579114,1.0001292
2021-07-30,-0.6161989123227729,5,0.89271677,1.1067197
2021-08-06,0.10652073287193169,10,0.84894025,0.9469709
2021-08-23,0.2826838695600058,21,0.7803056,1.2313565
2021-07-27,-0.6413422462977323,1,0.98418826,1.4671116
2021-07-29,0.44926387889899777,3,0.8887194,1.2107179
2021-08-02,0.15646663006932626,5,0.87672573,1.103956
2021-08-09,-0.10181935152707032,10,0.83023584,1.2982293
2021-08-24,0.33414289949451775,21,0.77234584,1.1606411
2021-07-28,0.32956806132106164,1,0.92579114,1.4059188
2021-07-30,-0.6161989123227729,3,0.89271677,1.2693214
2021-08-03,-0.08771671116352622,5,0.87683105,1.3213755
2021-08-10,0.16055155284339764,10,0.83010364,1.3006319
2021-08-25,-0.284510221242289,21,0.7730237,1.1996626
2021-07-29,0.44926387889899777,1,0.8887194,1.4362477
2021-08-02,0.15646663006932626,3,0.87672573,0.9518005
2021-08-04,0.8772026921567992,5,0.849071,0.88229346
2021-08-11,0.3505414463711049,10,0.8309452,1.1834192
2021-08-26,-0.4235770879516042,21,0.7748845,1.1269495
2021-07-30,-0.6161989123227729,1,0.89271677,1.0170139
2021-08-03,-0.08771671116352622,3,0.87683105,0.90319085
2021-08-05,0.33425850154926595,5,0.8496142,0.9999033
2021-08-12,0.7015601521228146,10,0.7992281,1.0006379
2021-08-27,0.3673835886838961,21,0.77474976,1.140171
2021-08-02,0.15646663006932626,1,0.87672573,1.2428747
2021-08-04,0.8772026921567992,3,0.849071,0.9663557
2021-08-06,0.10652073287193169,5,0.84894025,1.0372729
2021-08-13,0.25023184842177826,10,0.7716664,1.2013603
2021-08-30,0.2240745987590973,21,0.7750503,1.1429734
2021-08-03,-0.08771671116352622,1,0.87683105,1.3754514
2021-08-05,0.33425850154926595,3,0.8496142,1.0409708
2021-08-09,-0.10181935152707032,5,0.83023584,1.0386144
2021-08-16,-0.3241684432248429,10,0.77170026,1.0977137
2021-08-31,-0.32922965913955304,21,0.7756843,1.1352534
2021-08-04,0.8772026921567992,1,0.849071,1.1569512
2021-08-06,0.10652073287193169,3,0.84894025,1.0439149
2021-08-10,0.16055155284339764,5,0.83010364,1.0976665
2021-08-17,-0.023739709620483686,10,0.77157956,1.0807043
2021-09-01,-0.06822499459172293,21,0.77398974,1.2167615
2021-08-05,0.33425850154926595,1,0.8496142,1.1903739
2021-08-09,-0.10181935152707032,3,0.83023584,0.8928815
2021-08-11,0.3505414463711049,5,0.8309452,1.025765
2021-08-18,0.2760892483392984,10,0.7719035,1.1224772
2021-09-02,0.10295195299977013,21,0.77396214,1.1386493
2021-08-06,0.10652073287193169,1,0.84894025,1.0250864
2021-08-10,0.16055155284339764,3,0.83010364,0.73122925
2021-08-12,0.7015601521228146,5,0.7992281,0.7756968
2021-08-19,-1.2615921041525502,10,0.7892871,0.9896374
2021-09-03,-0.3756252773397749,21,0.76929814,1.0642117
2021-08-09,-0.10181935152707032,1,0.83023584,0.9754287
2021-08-11,0.3505414463711049,3,0.8309452,0.83248454
2021-08-13,0.25023184842177826,5,0.7716664,0.9583665
2021-08-20,0.26750297765486386,10,0.7846272,0.99969196
2021-09-06,0.9517834127444095,21,0.7786146,0.96741354
2021-08-10,0.16055155284339764,1,0.83010364,1.112441
2021-08-12,0.7015601521228146,3,0.7992281,0.89821184
2021-08-16,-0.3241684432248429,5,0.77170026,0.8854344
2021-08-23,0.2826838695600058,10,0.7803056,0.9755697
2021-09-07,-0.5603771400793126,21,0.78104156,1.0442274
2021-08-11,0.3505414463711049,1,0.8309452,1.0888062
2021-08-13,0.25023184842177826,3,0.7716664,0.88581836
2021-08-17,-0.023739709620483686,5,0.77157956,0.88342535
2021-08-24,0.33414289949451775,10,0.77234584,0.82615334
2021-09-08,-1.480374415400689,21,0.80433464,0.9827616
2021-08-12,0.7015601521228146,1,0.7992281,0.88726354
2021-08-16,-0.3241684432248429,3,0.77170026,0.7807386
2021-08-18,0.2760892483392984,5,0.7719035,0.8479826
2021-08-25,-0.284510221242289,10,0.7730237,0.88218015
2021-09-09,0.08241245128885782,21,0.80427545,1.0817071
2021-08-13,0.25023184842177826,1,0.7716664,0.83181596
2021-08-17,-0.023739709620483686,3,0.77157956,0.6627322
2021-08-19,-1.2615921041525502,5,0.7892871,0.6839889
2021-08-26,-0.4235770879516042,10,0.7748845,0.7937857
2021-09-10,-0.08542783739049761,21,0.7695813,0.8257624
2021-08-16,-0.3241684432248429,1,0.77170026,0.8046342
2021-08-18,0.2760892483392984,3,0.7719035,0.65155333
2021-08-20,0.26750297765486386,5,0.7846272,0.69975626
2021-08-27,0.3673835886838961,10,0.77474976,0.9401209
2021-09-13,0.5851613906803205,21,0.76244164,0.91225207
2021-08-17,-0.023739709620483686,1,0.77157956,0.78261185
2021-08-19,-1.2615921041525502,3,0.7892871,0.66729796
2021-08-23,0.2826838695600058,5,0.7803056,0.8520042
2021-08-30,0.2240745987590973,10,0.7750503,0.8292411
2021-09-14,0.1372838235022874,21,0.7621685,0.9186862
2021-08-18,0.2760892483392984,1,0.7719035,0.8529594
2021-08-20,0.26750297765486386,3,0.7846272,0.70948946
2021-08-24,0.33414289949451775,5,0.77234584,0.718786
2021-08-31,-0.32922965913955304,10,0.7756843,0.8549274
2021-09-15,-0.6827957712776306,21,0.75225264,0.8604107
2021-08-19,-1.2615921041525502,1,0.7892871,0.76406157
2021-08-23,0.2826838695600058,3,0.7803056,0.7187023
2021-08-25,-0.284510221242289,5,0.7730237,0.80079925
2021-09-01,-0.06822499459172293,10,0.77398974,0.7538027
2021-09-16,0.22867021501759172,21,0.74472153,0.9439275
2021-08-20,0.26750297765486386,1,0.7846272,1.0091801
2021-08-24,0.33414289949451775,3,0.77234584,0.7926575
2021-08-26,-0.4235770879516042,5,0.7748845,0.7056012
2021-09-02,0.10295195299977013,10,0.77396214,0.92639863
2021-09-17,-1.0377107673413282,21,0.7566375,0.95922166
2021-08-23,0.2826838695600058,1,0.7803056,1.0524977
2021-08-25,-0.284510221242289,3,0.7730237,0.8752994
2021-08-27,0.3673835886838961,5,0.77474976,0.8268243
2021-09-03,-0.3756252773397749,10,0.76929814,0.8427108
2021-09-20,-2.3389980673356354,21,0.8131613,0.8508531
2021-08-24,0.33414289949451775,1,0.77234584,0.860881
2021-08-26,-0.4235770879516042,3,0.7748845,0.66876304
2021-08-30,0.2240745987590973,5,0.7750503,0.66081846
2021-09-06,0.9517834127444095,10,0.7786146,0.8836632
2021-09-21,1.4204078316168716,21,0.8266018,1.0038568
2021-08-25,-0.284510221242289,1,0.7730237,0.76312864
2021-08-27,0.3673835886838961,3,0.77474976,0.6011558
2021-08-31,-0.32922965913955304,5,0.7756843,0.80225223
2021-09-07,-0.5603771400793126,10,0.78104156,1.0242195
2021-09-22,1.0255061444008493,21,0.8274997,0.90340406
2021-08-26,-0.4235770879516042,1,0.7748845,0.77403426
2021-08-30,0.2240745987590973,3,0.7750503,0.6752085
2021-09-01,-0.06822499459172293,5,0.77398974,0.7598536
2021-09-08,-1.480374415400689,10,0.80433464,0.88313067
2021-09-23,0.8810738510213828,21,0.83318543,0.86002266
2021-08-27,0.3673835886838961,1,0.77474976,0.76981044
2021-08-31,-0.32922965913955304,3,0.7756843,0.663071
2021-09-02,0.10295195299977013,5,0.77396214,0.80312765
2021-09-09,0.08241245128885782,10,0.80427545,0.8332027
2021-09-24,-0.7199205806866573,21,0.8374675,0.83614534
2021-08-30,0.2240745987590973,1,0.7750503,0.7746113
2021-09-01,-0.06822499459172293,3,0.77398974,0.6537071
2021-09-03,-0.3756252773397749,5,0.76929814,0.8060911
2021-09-10,-0.08542783739049761,10,0.7695813,0.9542377
2021-09-27,0.2708828513215661,21,0.83819497,0.8819272
2021-08-31,-0.32922965913955304,1,0.7756843,0.8493223
2021-09-02,0.10295195299977013,3,0.77396214,0.6867371
2021-09-06,0.9517834127444095,5,0.7786146,0.69838697
2021-09-13,0.5851613906803205,10,0.76244164,0.89636743
2021-09-28,-2.1110100264298453,21,0.8726661,0.83862
2021-09-01,-0.06822499459172293,1,0.77398974,0.8745395
2021-09-03,-0.3756252773397749,3,0.76929814,0.67343366
2021-09-07,-0.5603771400793126,5,0.78104156,0.67742455
2021-09-14,0.1372838235022874,10,0.7621685,0.8216209
2021-09-29,0.7624693139174854,21,0.8649126,0.9844397
2021-09-02,0.10295195299977013,1,0.77396214,0.6847398
2021-09-06,0.9517834127444095,3,0.7786146,0.6656536
2021-09-08,-1.480374415400689,5,0.80433464,0.7727179
2021-09-15,-0.6827957712776306,10,0.75225264,0.8235871
2021-09-30,-0.6829468083542419,21,0.8396929,0.7648017
2021-09-03,-0.3756252773397749,1,0.76929814,0.70705414
2021-09-07,-0.5603771400793126,3,0.78104156,0.5851062
2021-09-09,0.08241245128885782,5,0.80427545,0.74000955
2021-09-16,0.22867021501759172,10,0.74472153,1.0155715
2021-10-01,-0.6854716750402673,21,0.8123706,0.80445725
2021-09-06,0.9517834127444095,1,0.7786146,0.96581274
2021-09-08,-1.480374415400689,3,0.80433464,0.7511785
2021-09-10,-0.08542783739049761,5,0.7695813,0.8405446
2021-09-17,-1.0377107673413282,10,0.7566375,0.8605826
2021-10-04,-0.794166157069588,21,0.81242234,1.0844334
2021-09-07,-0.5603771400793126,1,0.78104156,0.7045636
2021-09-09,0.08241245128885782,3,0.80427545,0.6725086
2021-09-13,0.5851613906803205,5,0.76244164,0.7100058
2021-09-20,-2.3389980673356354,10,0.8131613,0.7797051
2021-10-05,1.0448986637103836,21,0.825304,0.71551734
2021-09-08,-1.480374415400689,1,0.80433464,0.89651287
2021-09-10,-0.08542783739049761,3,0.7695813,0.7003129
2021-09-14,0.1372838235022874,5,0.7621685,0.7157488
2021-09-21,1.4204078316168716,10,0.8266018,0.95235586
2021-10-06,-1.4662253756491812,21,0.8448588,0.95534
2021-09-09,0.08241245128885782,1,0.80427545,1.0984322
2021-09-13,0.5851613906803205,3,0.76244164,0.8992559
2021-09-15,-0.6827957712776306,5,0.75225264,0.99099636
2021-09-22,1.0255061444008493,10,0.8274997,0.85751474
2021-10-07,1.8365294156240934,21,0.87164605,0.9395719
2021-09-10,-0.08542783739049761,1,0.7695813,0.8681766
2021-09-14,0.1372838235022874,3,0.7621685,0.74325025
2021-09-16,0.22867021501759172,5,0.74472153,0.8130765
2021-09-23,0.8810738510213828,10,0.83318543,0.88106775
2021-10-08,-0.2937289637995145,21,0.86949617,0.9259707
2021-09-13,0.5851613906803205,1,0.76244164,0.9852736
2021-09-15,-0.6827957712776306,3,0.75225264,0.7287605
2021-09-17,-1.0377107673413282,5,0.7566375,0.8002649
2021-09-24,-0.7199205806866573,10,0.8374675,0.9071114
2021-10-11,-0.04598041461840785,21,0.79868627,0.97830117
2021-09-14,0.1372838235022874,1,0.7621685,0.7513476
2021-09-16,0.22867021501759172,3,0.74472153,0.63189334
2021-09-20,-2.3389980673356354,5,0.8131613,0.7217173
2021-09-27,0.2708828513215661,10,0.83819497,0.9465648
2021-10-12,-0.3444906486589777,21,0.79675996,0.8613246
2021-09-15,-0.6827957712776306,1,0.75225264,0.7022838
2021-09-17,-1.0377107673413282,3,0.7566375,0.658175
2021-09-21,1.4204078316168716,5,0.8266018,0.8690706
2021-09-28,-2.1110100264298453,10,0.8726661,0.8929422
2021-10-13,0.6744921117307366,21,0.7819968,0.822863
2021-09-16,0.22867021501759172,1,0.74472153,0.867551
2021-09-20,-2.3389980673356354,3,0.8131613,0.63621515
2021-09-22,1.0255061444008493,5,0.8274997,0.7182629
2021-09-29,0.7624693139174854,10,0.8649126,0.98971266
2021-10-14,1.3893109100115582,21,0.79910046,0.96902144
2021-09-17,-1.0377107673413282,1,0.7566375,0.72432095
2021-09-21,1.4204078316168716,3,0.8266018,0.6681609
2021-09-23,0.8810738510213828,5,0.83318543,0.88633066
2021-09-30,-0.6829468083542419,10,0.8396929,0.8369219
2021-10-15,0.8028404059793055,21,0.79545206,0.9650748
2021-09-20,-2.3389980673356354,1,0.8131613,0.96892416
2021-09-22,1.0255061444008493,3,0.8274997,0.68633115
2021-09-24,-0.7199205806866573,5,0.8374675,0.71293163
2021-10-01,-0.6854716750402673,10,0.8123706,0.98535126
2021-10-18,-0.7268800438864377,21,0.7998624,1.0126693
2021-09-21,1.4204078316168716,1,0.8266018,1.3104271
2021-09-23,0.8810738510213828,3,0.83318543,0.9892988
2021-09-27,0.2708828513215661,5,0.83819497,0.88347864
2021-10-04,-0.794166157069588,10,0.81242234,1.0175204
2021-10-19,0.26692465952541256,21,0.7964043,1.128663
2021-09-22,1.0255061444008493,1,0.8274997,1.0848293
2021-09-24,-0.7199205806866573,3,0.8374675,0.96498257
2021-09-28,-2.1110100264298453,5,0.8726661,0.9706737
2021-10-05,1.0448986637103836,10,0.825304,1.0097924
2021-10-20,0.045683823435584144,21,0.7952535,0.9805261
2021-09-23,0.8810738510213828,1,0.83318543,1.1440458
2021-09-27,0.2708828513215661,3,0.83819497,0.8190143
2021-09-29,0.7624693139174854,5,0.8649126,1.0082028
2021-10-06,-1.4662253756491812,10,0.8448588,1.0504084
2021-10-21,-0.3249531654447369,21,0.79403657,1.1747452
2021-09-24,-0.7199205806866573,1,0.8374675,0.96274936
2021-09-28,-2.1110100264298453,3,0.8726661,0.851901
2021-09-30,-0.6829468083542419,5,0.8396929,1.0354066
2021-10-07,1.8365294156240934,10,0.87164605,0.8092659
2021-10-22,0.4541015204645765,21,0.7923904,1.070746
2021-09-27,0.2708828513215661,1,0.83819497,1.1029717
2021-09-29,0.7624693139174854,3,0.8649126,0.9971369
2021-10-01,-0.6854716750402673,5,0.8123706,0.90793216
2021-10-08,-0.2937289637995145,10,0.86949617,1.0849382
2021-10-25,0.36124642071348084,21,0.79351664,0.9149653
2021-09-28,-2.1110100264298453,1,0.8726661,0.89649343
2021-09-30,-0.6829468083542419,3,0.8396929,0.8454855
2021-10-04,-0.794166157069588,5,0.81242234,1.1173654
2021-10-11,-0.04598041461840785,10,0.79868627,1.0417173
2021-10-26,1.0066907422078162,21,0.8039003,1.0176791
2021-09-29,0.7624693139174854,1,0.8649126,1.4105757
2021-10-01,-0.6854716750402673,3,0.8123706,1.014755
2021-10-05,1.0448986637103836,5,0.825304,0.8917726
2021-10-12,-0.3444906486589777,10,0.79675996,1.3057367
2021-10-27,-0.325781130123325,21,0.7971703,1.1289903
2021-09-30,-0.6829468083542419,1,0.8396929,1.2339602
2021-10-04,-0.794166157069588,3,0.81242234,0.9700949
2021-10-06,-1.4662253756491812,5,0.8448588,1.0738682
2021-10-13,0.6744921117307366,10,0.7819968,1.0943439
2021-10-28,-0.06037481892365499,21,0.796005,1.2623307
2021-10-01,-0.6854716750402673,1,0.8123706,1.4687566
2021-10-05,1.0448986637103836,3,0.825304,0.8745566
2021-10-07,1.8365294156240934,5,0.87164605,0.80311245
2021-10-14,1.3893109100115582,10,0.79910046,1.1349118
2021-10-29,-0.04817921316388104,21,0.79588777,1.3764033
2021-10-04,-0.794166157069588,1,0.81242234,1.2023487
2021-10-06,-1.4662253756491812,3,0.8448588,1.0815727
2021-10-08,-0.2937289637995145,5,0.86949617,1.1194098
2021-10-15,0.8028404059793055,10,0.79545206,1.2896738
2021-11-01,0.746282463631857,21,0.8016979,0.89736974
2021-10-05,1.0448986637103836,1,0.825304,1.3892242
2021-10-07,1.8365294156240934,3,0.87164605,1.0418806
2021-10-11,-0.04598041461840785,5,0.79868627,1.1091357
2021-10-18,-0.7268800438864377,10,0.7998624,1.1871957
2021-11-02,0.9329834876765773,21,0.8103698,1.29466
2021-10-06,-1.4662253756491812,1,0.8448588,1.5062443
2021-10-08,-0.2937289637995145,3,0.86949617,1.09743
2021-10-12,-0.3444906486589777,5,0.79675996,1.1610482
2021-10-19,0.26692465952541256,10,0.7964043,0.94142354
2021-11-03,0.03465688328308513,21,0.80920666,1.2511731
2021-10-07,1.8365294156240934,1,0.87164605,1.4078343
2021-10-11,-0.04598041461840785,3,0.79868627,1.1607308
2021-10-13,0.6744921117307366,5,0.7819968,1.2796994
2021-10-20,0.045683823435584144,10,0.7952535,1.1854911
2021-11-04,0.43557884324806817,21,0.806099,1.3114777
2021-10-08,-0.2937289637995145,1,0.86949617,1.7639946
2021-10-12,-0.3444906486589777,3,0.79675996,1.4313054
2021-10-14,1.3893109100115582,5,0.79910046,1.4951501
2021-10-21,-0.3249531654447369,10,0.79403657,1.3507062
2021-11-05,0.15403289832843192,21,0.8057079,1.2553235
2021-10-11,-0.04598041461840785,1,0.79868627,1.7359536
2021-10-13,0.6744921117307366,3,0.7819968,1.3059821
2021-10-15,0.8028404059793055,5,0.79545206,1.3292565
2021-10-22,0.4541015204645765,10,0.7923904,1.1848276
2021-11-08,-0.04885112493523099,21,0.8045672,1.3540801
2021-10-12,-0.3444906486589777,1,0.79675996,1.478322
2021-10-14,1.3893109100115582,3,0.79910046,1.4359411
2021-10-18,-0.7268800438864377,5,0.7998624,1.558684
2021-10-25,0.36124642071348084,10,0.79351664,1.3751655
2021-11-09,-0.03770877168050546,21,0.8045799,1.1930432
2021-10-13,0.6744921117307366,1,0.7819968,1.3786032
2021-10-15,0.8028404059793055,3,0.79545206,1.2051475
2021-10-19,0.26692465952541256,5,0.7964043,1.2150749
2021-10-26,1.0066907422078162,10,0.8039003,1.2095469
2021-11-10,0.17042545604243797,21,0.8041084,1.3428118
2021-10-14,1.3893109100115582,1,0.79910046,1.6413302
2021-10-18,-0.7268800438864377,3,0.7998624,1.2342994
2021-10-20,0.045683823435584144,5,0.7952535,1.0212735
2021-10-27,-0.325781130123325,10,0.7971703,1.1301472
2021-11-11,0.0950533600807981,21,0.7866127,1.1402613
2021-10-15,0.8028404059793055,1,0.79545206,1.3170843
2021-10-19,0.26692465952541256,3,0.7964043,1.1119804
2021-10-21,-0.3249531654447369,5,0.79403657,1.21193
2021-10-28,-0.06037481892365499,10,0.796005,1.1675278
2021-11-12,0.0681225709347964,21,0.7860271,1.1977364
2021-10-18,-0.7268800438864377,1,0.7998624,1.5162568
2021-10-20,0.045683823435584144,3,0.7952535,0.9741391
2021-10-22,0.4541015204645765,5,0.7923904,1.0113716
2021-10-29,-0.04817921316388104,10,0.79588777,1.2338191
2021-11-15,0.33849132474642346,21,0.78636426,1.2199472
2021-10-19,0.26692465952541256,1,0.7964043,1.2449352
2021-10-21,-0.3249531654447369,3,0.79403657,0.92927504
2021-10-25,0.36124642071348084,5,0.79351664,1.0303739
2021-11-01,0.746282463631857,10,0.8016979,0.9324984
2021-11-16,0.6125415607290587,21,0.7890013,1.2602403
2021-10-20,0.045683823435584144,1,0.7952535,1.0159928
2021-10-22,0.4541015204645765,3,0.7923904,1.0484177
2021-10-26,1.0066907422078162,5,0.8039003,1.0889474
2021-11-02,0.9329834876765773,10,0.8103698,1.2461379
2021-11-17,0.0201208175235708,21,0.7878868,1.0797124
2021-10-21,-0.3249531654447369,1,0.79403657,1.4347699
2021-10-25,0.36124642071348084,3,0.79351664,0.9785713
2021-10-27,-0.325781130123325,5,0.7971703,0.8889923
2021-11-03,0.03465688328308513,10,0.80920666,1.189327
2021-11-18,-0.1810707266115137,21,0.78608555,1.1708152
2021-10-22,0.4541015204645765,1,0.7923904,1.4269222
2021-10-26,1.0066907422078162,3,0.8039003,1.116499
2021-10-28,-0.06037481892365499,5,0.796005,1.0995641
2021-11-04,0.43557884324806817,10,0.806099,1.1055963
2021-11-19,-0.38145506075324315,21,0.7868178,1.1540828
2021-10-25,0.36124642071348084,1,0.79351664,0.9380931
2021-10-27,-0.325781130123325,3,0.7971703,0.9483223
2021-10-29,-0.04817921316388104,5,0.79588777,1.0531185
2021-11-05,0.15403289832843192,10,0.8057079,0.9812254
2021-11-22,-0.27438214704558966,21,0.78738767,1.0210662
2021-10-26,1.0066907422078162,1,0.8039003,1.2278723
2021-10-28,-0.06037481892365499,3,0.796005,0.8365992
2021-11-01,0.746282463631857,5,0.8016979,0.8394661
2021-11-08,-0.04885112493523099,10,0.8045672,1.0615882
2021-11-23,-1.1149908386961136,21,0.7997954,1.2689514
2021-10-27,-0.325781130123325,1,0.7971703,0.931526
2021-10-29,-0.04817921316388104,3,0.79588777,0.8816977
2021-11-02,0.9329834876765773,5,0.8103698,1.0370636
2021-11-09,-0.03770877168050546,10,0.8045799,0.87361896
2021-11-24,-0.36844067297226957,21,0.80123526,0.9340271
2021-10-28,-0.06037481892365499,1,0.796005,1.073475
2021-11-01,0.746282463631857,3,0.8016979,0.7831464
2021-11-03,0.03465688328308513,5,0.80920666,0.7687773
2021-11-10,0.17042545604243797,10,0.8041084,1.1756223
2021-11-25,0.2490274243674787,21,0.8017576,1.0728587
2021-10-29,-0.04817921316388104,1,0.79588777,1.126062
2021-11-02,0.9329834876765773,3,0.8103698,0.8604215
2021-11-04,0.43557884324806817,5,0.806099,0.9610894
2021-11-11,0.0950533600807981,10,0.7866127,0.8481703
2021-11-26,-4.240827895613227,21,0.9706142,1.0731074
2021-11-01,0.746282463631857,1,0.8016979,0.9947222
2021-11-03,0.03465688328308513,3,0.80920666,0.77597255
2021-11-05,0.15403289832843192,5,0.8057079,0.7539939
2021-11-12,0.0681225709347964,10,0.7860271,1.0304419
2021-11-29,0.15600494484798677,21,0.96200454,1.0615153
2021-11-02,0.9329834876765773,1,0.8103698,1.0947833
2021-11-04,0.43557884324806817,3,0.806099,0.8426234
2021-11-08,-0.04885112493523099,5,0.8045672,0.9174241
2021-11-15,0.33849132474642346,10,0.78636426,0.8219163
2021-11-30,-1.1897742589148936,21,0.97083825,1.1370683
2021-11-03,0.03465688328308513,1,0.80920666,1.0012996
2021-11-05,0.15403289832843192,3,0.8057079,0.7511292
2021-11-09,-0.03770877168050546,5,0.8045799,0.7032182
2021-11-16,0.6125415607290587,10,0.7890013,0.9477296
2021-12-01,2.4371891462565074,21,1.006158,0.9677091
2021-11-04,0.43557884324806817,1,0.806099,0.82674575
2021-11-08,-0.04885112493523099,3,0.8045672,0.7682569
2021-11-10,0.17042545604243797,5,0.8041084,0.8359864
2021-11-17,0.0201208175235708,10,0.7878868,0.88418525
2021-12-02,-1.3636407845613845,21,1.0210005,0.89896363
2021-11-05,0.15403289832843192,1,0.8057079,0.8733276
2021-11-09,-0.03770877168050546,3,0.8045799,0.67925584
2021-11-11,0.0950533600807981,5,0.7866127,0.7534171
2021-11-18,-0.1810707266115137,10,0.78608555,0.89618087
2021-12-03,-0.6120323043746625,21,1.0236676,1.0421853
2021-11-08,-0.04885112493523099,1,0.8045672,0.92967993
2021-11-10,0.17042545604243797,3,0.8041084,0.75958145
2021-11-12,0.0681225709347964,5,0.7860271,0.72593915
2021-11-19,-0.38145506075324315,10,0.7868178,0.83526343
2021-12-06,1.3800824839805201,21,1.0370528,0.8698429
2021-11-09,-0.03770877168050546,1,0.8045799,0.853789
2021-11-11,0.0950533600807981,3,0.7866127,0.7033239
2021-11-15,0.33849132474642346,5,0.78636426,0.79388195
2021-11-22,-0.27438214704558966,10,0.78738767,0.8211707
2021-12-07,2.7772525998830675,21,1.0986348,1.0544364
2021-11-10,0.17042545604243797,1,0.8041084,1.0761276
2021-11-12,0.0681225709347964,3,0.7860271,0.83732617
2021-11-16,0.6125415607290587,5,0.7890013,0.8605341
2021-11-23,-1.1149908386961136,10,0.7997954,0.9151087
2021-12-08,-0.8053785574609417,21,1.1000574,0.91816515
2021-11-11,0.0950533600807981,1,0.7866127,0.7397342
2021-11-15,0.33849132474642346,3,0.78636426,0.7031446
2021-11-17,0.0201208175235708,5,0.7878868,0.7553476
2021-11-24,-0.36844067297226957,10,0.80123526,0.712879
2021-12-09,-0.30536666984115907,21,1.1003985,0.8571878
2021-11-12,0.0681225709347964,1,0.7860271,0.71953475
2021-11-16,0.6125415607290587,3,0.7890013,0.6491543
2021-11-18,-0.1810707266115137,5,0.78608555,0.7188837
2021-11-25,0.2490274243674787,10,0.8017576,0.9129698
2021-12-10,-0.1020402163691476,21,1.0920608,0.8871762
2021-11-15,0.33849132474642346,1,0.78636426,0.7169878
2021-11-17,0.0201208175235708,3,0.7878868,0.5984962
2021-11-19,-0.38145506075324315,5,0.7868178,0.7088109
2021-11-26,-4.240827895613227,10,0.9706142,0.8694038
2021-12-13,-0.010176618727196045,21,1.0474794,0.80637
2021-11-16,0.6125415607290587,1,0.7890013,0.7690751
2021-11-18,-0.1810707266115137,3,0.78608555,0.6168565
2021-11-22,-0.27438214704558966,5,0.78738767,0.6239203
2021-11-29,0.15600494484798677,10,0.96200454,0.8742383
2021-12-14,-1.0822866374632172,21,1.0419233,0.9310778
2021-11-17,0.0201208175235708,1,0.7878868,0.68032295
2021-11-19,-0.38145506075324315,3,0.7868178,0.6152013
2021-11-23,-1.1149908386961136,5,0.7997954,0.7475165
2021-11-30,-1.1897742589148936,10,0.97083825,0.8027419
2021-12-15,0.14736572975020218,21,1.0335704,0.8424427
2021-11-18,-0.1810707266115137,1,0.78608555,0.7145638
2021-11-22,-0.27438214704558966,3,0.78738767,0.59586966
2021-11-24,-0.36844067297226957,5,0.80123526,0.6214257
2021-12-01,2.4371891462565074,10,1.006158,0.86146116
2021-12-16,1.0288527570173223,21,1.035887,0.8206229
2021-11-19,-0.38145506075324315,1,0.7868178,0.6873518
2021-11-23,-1.1149908386961136,3,0.7997954,0.62394625
2021-11-25,0.2490274243674787,5,0.8017576,0.7763301
2021-12-02,-1.3636407845613845,10,1.0210005,0.8282993
2021-12-17,-0.6719074034839673,21,1.0353404,0.8371473
2021-11-22,-0.27438214704558966,1,0.78738767,0.689304
2021-11-24,-0.36844067297226957,3,0.80123526,0.5746216
2021-11-26,-4.240827895613227,5,0.9706142,0.5617007
2021-12-03,-0.6120323043746625,10,1.0236676,0.92191243
2021-12-20,-1.8980589186378578,21,1.0632113,0.93941194
2021-11-23,-1.1149908386961136,1,0.7997954,0.9059801
2021-11-25,0.2490274243674787,3,0.8017576,0.77102154
2021-11-29,0.15600494484798677,5,0.96200454,0.81061083
2021-12-06,1.3800824839805201,10,1.0370528,0.8050595
2021-12-21,1.3541430283578526,21,1.0425073,0.81022745
2021-11-24,-0.36844067297226957,1,0.80123526,1.1363134
2021-11-26,-4.240827895613227,3,0.9706142,0.8257186
2021-11-30,-1.1897742589148936,5,0.97083825,0.68072355
2021-12-07,2.7772525998830675,10,1.0986348,0.9613066
2021-12-22,0.9408897705466976,21,1.0449082,1.068562
2021-11-25,0.2490274243674787,1,0.8017576,1.1483598
2021-11-29,0.15600494484798677,3,0.96200454,0.9325432
2021-12-01,2.4371891462565074,5,1.006158,1.0133696
2021-12-08,-0.8053785574609417,10,1.1000574,0.88485146
2021-12-23,1.0388673345340969,21,1.0487843,0.9556786
2021-11-26,-4.240827895613227,1,0.9706142,1.0963798
2021-11-30,-1.1897742589148936,3,0.97083825,0.82708323
2021-12-02,-1.3636407845613845,5,1.0210005,0.7813843
2021-12-09,-0.30536666984115907,10,1.1003985,1.035368
2021-12-27,0.4997574989071142,21,1.0457919,0.94186705
2021-11-29,0.15600494484798677,1,0.96200454,0.7910044
2021-12-01,2.4371891462565074,3,1.006158,0.73591506
2021-12-03,-0.6120323043746625,5,1.0236676,0.8957382
2021-12-10,-0.1020402163691476,10,1.0920608,0.76141685
2021-12-28,0.8078939284277026,21,1.0437254,0.8591978
2021-11-30,-1.1897742589148936,1,0.97083825,0.68810403
2021-12-02,-1.3636407845613845,3,1.0210005,0.6046446
2021-12-06,1.3800824839805201,5,1.0370528,0.82355297
2021-12-13,-0.010176618727196045,10,1.0474794,0.93905014
2021-12-29,-0.7005960877587732,21,1.0412571,0.9207602
2021-12-01,2.4371891462565074,1,1.006158,0.91169053
2021-12-03,-0.6120323043746625,3,1.0236676,0.70798475
2021-12-07,2.7772525998830675,5,1.0986348,0.8558911
2021-12-14,-1.0822866374632172,10,1.0419233,0.97442484
2021-12-30,0.20550303841652398,21,1.0216177,0.87394685
2021-12-02,-1.3636407845613845,1,1.0210005,0.7850331
2021-12-06,1.3800824839805201,3,1.0370528,0.6406855
2021-12-08,-0.8053785574609417,5,1.1000574,0.77402806
2021-12-15,0.14736572975020218,10,1.0335704,0.97675514
2022-01-03,0.8517061432296871,21,1.0009221,1.0310669
2021-12-03,-0.6120323043746625,1,1.0236676,1.1852443
2021-12-07,2.7772525998830675,3,1.0986348,0.84754115
2021-12-09,-0.30536666984115907,5,1.1003985,0.8157546
2021-12-16,1.0288527570173223,10,1.035887,0.95564306
2022-01-04,0.8198130382432627,21,1.0041542,1.0960733
2021-12-06,1.3800824839805201,1,1.0370528,0.8660218
2021-12-08,-0.8053785574609417,3,1.1000574,0.73230463
2021-12-10,-0.1020402163691476,5,1.0920608,0.88807344
2021-12-17,-0.6719074034839673,10,1.0353404,0.9967381
2022-01-05,0.7348807089666669,21,1.007277,0.8775111
2021-12-07,2.7772525998830675,1,1.0986348,0.720441
2021-12-09,-0.30536666984115907,3,1.1003985,0.6127993
2021-12-13,-0.010176618727196045,5,1.0474794,0.8208122
2021-12-20,-1.8980589186378578,10,1.0632113,1.0285767
2022-01-06,-1.3595137009672893,21,1.0234948,0.91121715
2021-12-08,-0.8053785574609417,1,1.1000574,0.76434135
2021-12-10,-0.1020402163691476,3,1.0920608,0.63279426
2021-12-14,-1.0822866374632172,5,1.0419233,0.8914074
2021-12-21,1.3541430283578526,10,1.0425073,0.9482167
2022-01-07,-0.651819726541127,21,1.0251266,0.9575958
2021-12-09,-0.30536666984115907,1,1.1003985,0.9031081
2021-12-13,-0.010176618727196045,3,1.0474794,0.69415206
2021-12-15,0.14736572975020218,5,1.0335704,0.81500787
2021-12-22,0.9408897705466976,10,1.0449082,0.9251964
2022-01-10,-1.1317477833885792,21,1.0219889,1.0652251
2021-12-10,-0.1020402163691476,1,1.0920608,0.9767628
2021-12-14,-1.0822866374632172,3,1.0419233,0.8448217
2021-12-16,1.0288527570173223,5,1.035887,0.9336786
2021-12-23,1.0388673345340969,10,1.0487843,0.9783706
2022-01-11,1.0945527513658675,21,1.0263995,0.9513136
2021-12-13,-0.010176618727196045,1,1.0474794,0.9642582
2021-12-15,0.14736572975020218,3,1.0335704,0.76016307
2021-12-17,-0.6719074034839673,5,1.0353404,0.8744629
2021-12-27,0.4997574989071142,10,1.0457919,0.97742975
2022-01-12,0.42883430576177684,21,1.0226496,1.0409445
2021-12-14,-1.0822866374632172,1,1.0419233,0.9766536
2021-12-16,1.0288527570173223,3,1.035887,0.79946077
2021-12-20,-1.8980589186378578,5,1.0632113,0.97769064
2021-12-28,0.8078939284277026,10,1.0437254,1.0233349
2022-01-13,0.13276071414166765,21,1.0223289,1.031201
2021-12-15,0.14736572975020218,1,1.0335704,0.9492053
2021-12-17,-0.6719074034839673,3,1.0353404,0.7044262
2021-12-21,1.3541430283578526,5,1.0425073,0.8082067
2021-12-29,-0.7005960877587732,10,1.0412571,0.88807905
2022-01-14,-0.9296660986286204,21,1.0301956,1.0457845
2021-12-16,1.0288527570173223,1,1.035887,0.85609525
2021-12-20,-1.8980589186378578,3,1.0632113,0.6839279
2021-12-22,0.9408897705466976,5,1.0449082,0.82581925
2021-12-30,0.20550303841652398,10,1.0216177,1.0240997
2022-01-17,0.3173121165862248,21,1.0296944,0.93208444
2021-12-17,-0.6719074034839673,1,1.0353404,0.8494408
2021-12-21,1.3541430283578526,3,1.0425073,0.6822033
2021-12-23,1.0388673345340969,5,1.0487843,0.8620343
2022-01-03,0.8517061432296871,10,1.0009221,1.0436771
2022-01-18,-1.0165907054072827,21,1.0373626,0.8684708
2021-12-20,-1.8980589186378578,1,1.0632113,0.97354895
2021-12-22,0.9408897705466976,3,1.0449082,0.73053986
2021-12-27,0.4997574989071142,5,1.0457919,0.99433136
2022-01-04,0.8198130382432627,10,1.0041542,1.0722909
2022-01-19,0.2353229356826263,21,1.0367968,1.019441
2021-12-21,1.3541430283578526,1,1.0425073,0.9839647
2021-12-23,1.0388673345340969,3,1.0487843,0.7822121
2021-12-28,0.8078939284277026,5,1.0437254,0.8910939
2022-01-05,0.7348807089666669,10,1.007277,0.77886724
2022-01-20,0.64693618521012,21,1.032037,1.0470424
2021-12-22,0.9408897705466976,1,1.0449082,0.73110825
2021-12-27,0.4997574989071142,3,1.0457919,0.6773213
2021-12-29,-0.7005960877587732,5,1.0412571,0.8876475
2022-01-06,-1.3595137009672893,10,1.0234948,0.95217264
2022-01-21,-1.9574691542314424,21,1.0622605,0.8956263
2021-12-23,1.0388673345340969,1,1.0487843,0.9267622
2021-12-28,0.8078939284277026,3,1.0437254,0.70034647
2021-12-30,0.20550303841652398,5,1.0216177,0.8839782
2022-01-07,-0.651819726541127,10,1.0251266,0.9984562
2022-01-24,-3.872767561927696,21,1.1734719,0.95562327
2021-12-27,0.4997574989071142,1,1.0457919,0.7683349
2021-12-29,-0.7005960877587732,3,1.0412571,0.68864
2022-01-03,0.8517061432296871,5,1.0009221,0.89571655
2022-01-10,-1.1317477833885792,10,1.0219889,0.94574845
2022-01-25,0.7482379981029826,21,1.178268,0.8651027
2021-12-28,0.8078939284277026,1,1.0437254,0.6655959
2021-12-30,0.20550303841652398,3,1.0216177,0.62362707
2022-01-04,0.8198130382432627,5,1.0041542,0.72241926
2022-01-11,1.0945527513658675,10,1.0263995,0.78207546
2022-01-26,2.194226484682375,21,1.2094988,0.8671174
2021-12-29,-0.7005960877587732,1,1.0412571,0.68669707
2022-01-03,0.8517061432296871,3,1.0009221,0.6102468
2022-01-05,0.7348807089666669,5,1.007277,0.8010411
2022-01-12,0.42883430576177684,10,1.0226496,0.9927501
2022-01-27,0.4188012607935824,21,1.2043202,0.8877761
2021-12-30,0.20550303841652398,1,1.0216177,0.7500081
2022-01-04,0.8198130382432627,3,1.0041542,0.7229541
2022-01-06,-1.3595137009672893,5,1.0234948,0.86675215
2022-01-13,0.13276071414166765,10,1.0223289,0.7833654
2022-01-28,-1.3313938731046813,21,1.2156374,0.780934
2022-01-03,0.8517061432296871,1,1.0009221,0.9761245
2022-01-05,0.7348807089666669,3,1.007277,0.75262374
2022-01-07,-0.651819726541127,5,1.0251266,0.8074746
2022-01-14,-0.9296660986286204,10,1.0301956,0.85733753
2022-01-31,0.9889606835872167,21,1.22161,0.91620517
2022-01-04,0.8198130382432627,1,1.0041542,0.6326103
2022-01-06,-1.3595137009672893,3,1.0234948,0.6306364
2022-01-10,-1.1317477833885792,5,1.0219889,0.8278978
2022-01-17,0.3173121165862248,10,1.0296944,0.7943706
2022-02-01,0.9532824953876107,21,1.2283126,0.84548163
2022-01-05,0.7348807089666669,1,1.007277,0.57718605
2022-01-07,-0.651819726541127,3,1.0251266,0.5481478
2022-01-11,1.0945527513658675,5,1.0263995,0.6618294
2022-01-18,-1.0165907054072827,10,1.0373626,0.92172956
2022-02-02,-0.03598814462426668,21,1.2283132,0.79862964
2022-01-06,-1.3595137009672893,1,1.0234948,0.5591603
2022-01-10,-1.1317477833885792,3,1.0219889,0.56450444
2022-01-12,0.42883430576177684,5,1.0226496,0.71981925
2022-01-19,0.2353229356826263,10,1.0367968,0.83804774
2022-02-03,-1.5835196961681384,21,1.2442536,0.8086287
2022-01-07,-0.651819726541127,1,1.0251266,0.6351076
2022-01-11,1.0945527513658675,3,1.0263995,0.6285097
2022-01-13,0.13276071414166765,5,1.0223289,0.67241246
2022-01-20,0.64693618521012,10,1.032037,0.7785536
2022-02-04,-1.7652414369642124,21,1.2628345,0.7659429
2022-01-10,-1.1317477833885792,1,1.0219889,0.658203
2022-01-12,0.42883430576177684,3,1.0226496,0.6121504
2022-01-14,-0.9296660986286204,5,1.0301956,0.78395575
2022-01-21,-1.9574691542314424,10,1.0622605,0.89877725
2022-02-07,0.7066575584222655,21,1.2669269,0.7789694
2022-01-11,1.0945527513658675,1,1.0263995,0.7980828
2022-01-13,0.13276071414166765,3,1.0223289,0.64287645
2022-01-17,0.3173121165862248,5,1.0296944,0.7535589
2022-01-24,-3.872767561927696,10,1.1734719,0.92432696
2022-02-08,0.23475469055383194,21,1.2674694,0.8537196
2022-01-12,0.42883430576177684,1,1.0226496,0.68869376
2022-01-14,-0.9296660986286204,3,1.0301956,0.6421144
2022-01-18,-1.0165907054072827,5,1.0373626,0.79069287
2022-01-25,0.7482379981029826,10,1.178268,0.8210525
2022-02-09,1.5598991198870114,21,1.2841766,0.793383
2022-01-13,0.13276071414166765,1,1.0223289,0.57611805
2022-01-17,0.3173121165862248,3,1.0296944,0.5752721
2022-01-19,0.2353229356826263,5,1.0367968,0.7825152
2022-01-26,2.194226484682375,10,1.2094988,0.94113934
2022-02-10,0.05443976319311632,21,1.2811648,0.7784009
2022-01-14,-0.9296660986286204,1,1.0301956,0.56423146
2022-01-18,-1.0165907054072827,3,1.0373626,0.55601525
2022-01-20,0.64693618521012,5,1.032037,0.8031212
2022-01-27,0.4188012607935824,10,1.2043202,0.98714054
2022-02-11,-0.4225730250104241,21,1.2818555,0.78455603
2022-01-17,0.3173121165862248,1,1.0296944,0.6953783
2022-01-19,0.2353229356826263,3,1.0367968,0.68722403
2022-01-21,-1.9574691542314424,5,1.0622605,0.79597336
2022-01-28,-1.3313938731046813,10,1.2156374,0.7815675
2022-02-14,-2.037789334677903,21,1.306344,0.83842367
2022-01-18,-1.0165907054072827,1,1.0373626,0.7118758
2022-01-20,0.64693618521012,3,1.032037,0.6909814
2022-01-24,-3.872767561927696,5,1.1734719,0.8084124
2022-01-31,0.9889606835872167,10,1.22161,0.788365
2022-02-15,1.9573027577137678,21,1.3329674,0.7587965
2022-01-19,0.2353229356826263,1,1.0367968,0.67865735
2022-01-21,-1.9574691542314424,3,1.0622605,0.5887727
2022-01-25,0.7482379981029826,5,1.178268,0.8047915
2022-02-01,0.9532824953876107,10,1.2283126,0.90841293
2022-02-16,-0.10801888233001691,21,1.332727,0.80942327
2022-01-20,0.64693618521012,1,1.032037,0.7739858
2022-01-24,-3.872767561927696,3,1.1734719,0.7238191
2022-01-26,2.194226484682375,5,1.2094988,0.8310189
2022-02-02,-0.03598814462426668,10,1.2283132,0.82521003
2022-02-17,-0.8377409121631707,21,1.3295407,0.7641211
2022-01-21,-1.9574691542314424,1,1.0622605,0.6204268
2022-01-25,0.7482379981029826,3,1.178268,0.6184122
2022-01-27,0.4188012607935824,5,1.2043202,0.7653553
2022-02-03,-1.5835196961681384,10,1.2442536,0.78691864
2022-02-18,-1.4854715907989877,21,1.3415357,0.7846863
2022-01-24,-3.872767561927696,1,1.1734719,0.6289772
2022-01-26,2.194226484682375,3,1.2094988,0.6115154
2022-01-28,-1.3313938731046813,5,1.2156374,0.7944654
2022-02-04,-1.7652414369642124,10,1.2628345,0.94280136
2022-02-21,-2.0917906473215173,21,1.3653313,0.8404509
2022-01-25,0.7482379981029826,1,1.178268,0.8238275
2022-01-27,0.4188012607935824,3,1.2043202,0.77951205
2022-01-31,0.9889606835872167,5,1.22161,0.92547846
2022-02-07,0.7066575584222655,10,1.2669269,0.88990366
2022-02-22,-0.259108094739484,21,1.2543508,0.8372369
2022-01-26,2.194226484682375,1,1.2094988,0.93029934
2022-01-28,-1.3313938731046813,3,1.2156374,0.7268203
2022-02-01,0.9532824953876107,5,1.2283126,0.8078785
2022-02-08,0.23475469055383194,10,1.2674694,0.95529985
2022-02-23,-0.42039954823396253,21,1.254854,1.066932
2022-01-27,0.4188012607935824,1,1.2043202,0.9764626
2022-01-31,0.9889606835872167,3,1.22161,0.75665134
2022-02-02,-0.03598814462426668,5,1.2283132,0.8507297
2022-02-09,1.5598991198870114,10,1.2841766,0.8754099
2022-02-24,-4.039537140683894,21,1.3483148,1.0136217
2022-01-28,-1.3313938731046813,1,1.2156374,0.7269362
2022-02-01,0.9532824953876107,3,1.2283126,0.60573566
2022-02-03,-1.5835196961681384,5,1.2442536,0.7221128
2022-02-10,0.05443976319311632,10,1.2811648,0.97711617
2022-02-25,3.6002694628299614,21,1.3933108,0.9332069
2022-01-31,0.9889606835872167,1,1.22161,1.000556
2022-02-02,-0.03598814462426668,3,1.2283132,0.76342416
2022-02-04,-1.7652414369642124,5,1.2628345,0.8802361
2022-02-11,-0.4225730250104241,10,1.2818555,0.88778895
2022-02-28,-0.7317796385738679,21,1.3859704,1.0814204
2022-02-01,0.9532824953876107,1,1.2283126,0.8286216
2022-02-03,-1.5835196961681384,3,1.2442536,0.67853886
2022-02-07,0.7066575584222655,5,1.2669269,0.7515899
2022-02-14,-2.037789334677903,10,1.306344,1.0016191
2022-03-01,-3.9219049198680507,21,1.4704001,1.0340168
2022-02-02,-0.03598814462426668,1,1.2283132,0.84299636
2022-02-04,-1.7652414369642124,3,1.2628345,0.7156882
2022-02-08,0.23475469055383194,5,1.2674694,0.9390643
2022-02-15,1.9573027577137678,10,1.3329674,0.875566
2022-03-02,0.6827539790147059,21,1.4608653,1.0181243
2022-02-03,-1.5835196961681384,1,1.2442536,0.98820806
2022-02-07,0.7066575584222655,3,1.2669269,0.6860426
2022-02-09,1.5598991198870114,5,1.2841766,0.7275161
2022-02-16,-0.10801888233001691,10,1.332727,0.9673964
2022-03-03,-2.1786145629930087,21,1.4319813,1.0559579
2022-02-04,-1.7652414369642124,1,1.2628345,1.0121218
2022-02-08,0.23475469055383194,3,1.2674694,0.8502725
2022-02-10,0.05443976319311632,5,1.2811648,0.8083578
2022-02-17,-0.8377409121631707,10,1.3295407,0.94933546
2022-03-04,-4.5083713794355305,21,1.533022,1.0306253
2022-02-07,0.7066575584222655,1,1.2669269,1.2559834
2022-02-09,1.5598991198870114,3,1.2841766,0.96881914
2022-02-11,-0.4225730250104241,5,1.2818555,0.9007082
2022-02-18,-1.4854715907989877,10,1.3415357,1.2917577
2022-03-07,-2.004677721371128,21,1.5487194,1.0867951
2022-02-08,0.23475469055383194,1,1.2674694,1.1363542
2022-02-10,0.05443976319311632,3,1.2811648,0.7987702
2022-02-14,-2.037789334677903,5,1.306344,1.0094095
2022-02-21,-2.0917906473215173,10,1.3653313,0.9986811
2022-03-08,-0.0244728856716811,21,1.5489447,1.2224958
2022-02-09,1.5598991198870114,1,1.2841766,0.94839406
2022-02-11,-0.4225730250104241,3,1.2818555,0.73088026
2022-02-15,1.9573027577137678,5,1.3329674,0.797839
2022-02-22,-0.259108094739484,10,1.2543508,0.9361795
2022-03-09,7.623189406906642,21,1.8581263,1.0923436
2022-02-10,0.05443976319311632,1,1.2811648,0.6972692
2022-02-14,-2.037789334677903,3,1.306344,0.6455417
2022-02-16,-0.10801888233001691,5,1.332727,0.90169287
2022-02-23,-0.42039954823396253,10,1.254854,0.99053705
2022-03-10,-2.9744196583587197,21,1.8891364,0.8897866
2022-02-11,-0.4225730250104241,1,1.2818555,0.8726081
2022-02-15,1.9573027577137678,3,1.3329674,0.72122025
2022-02-17,-0.8377409121631707,5,1.3295407,0.8012551
2022-02-24,-4.039537140683894,10,1.3483148,1.0050083
2022-03-11,1.3743053350843284,21,1.8999267,0.98306674
2022-02-14,-2.037789334677903,1,1.306344,1.1801244
2022-02-16,-0.10801888233001691,3,1.332727,0.93703514
2022-02-18,-1.4854715907989877,5,1.3415357,0.99981916
2022-02-25,3.6002694628299614,10,1.3933108,0.86999893
2022-03-14,2.184632292675992,21,1.9184887,0.96855354
2022-02-15,1.9573027577137678,1,1.3329674,1.153342
2022-02-17,-0.8377409121631707,3,1.3295407,0.9326565
2022-02-21,-2.0917906473215173,5,1.3653313,0.9595241
2022-02-28,-0.7317796385738679,10,1.3859704,1.0150096
2022-03-15,-0.08504388057609215,21,1.9175,1.2244854
2022-02-16,-0.10801888233001691,1,1.332727,1.1420015
2022-02-18,-1.4854715907989877,3,1.3415357,0.91373694
2022-02-22,-0.259108094739484,5,1.2543508,0.8628644
2022-03-01,-3.9219049198680507,10,1.4704001,1.0328333
2022-03-16,3.69229136178751,21,1.9679046,1.0317242
2022-02-17,-0.8377409121631707,1,1.3295407,1.0917618
2022-02-21,-2.0917906473215173,3,1.3653313,0.7848127
2022-02-23,-0.42039954823396253,5,1.254854,0.85110253
2022-03-02,0.6827539790147059,10,1.4608653,1.1420674
2022-03-17,-0.3654728816846391,21,1.9590216,1.1720226
2022-02-18,-1.4854715907989877,1,1.3415357,1.3182185
2022-02-22,-0.259108094739484,3,1.2543508,0.95028865
2022-02-24,-4.039537140683894,5,1.3483148,1.0716453
2022-03-03,-2.1786145629930087,10,1.4319813,1.0270119
2022-03-18,0.1738144501063217,21,1.9544892,1.0894356
2022-02-21,-2.0917906473215173,1,1.3653313,1.2442997
2022-02-23,-0.42039954823396253,3,1.254854,0.9148245
2022-02-25,3.6002694628299614,5,1.3933108,0.83069503
2022-03-04,-4.5083713794355305,10,1.533022,1.0657232
2022-03-21,-0.599305472831208,21,1.9493024,1.0558393
2022-02-22,-0.259108094739484,1,1.2543508,1.2872888
2022-02-24,-4.039537140683894,3,1.3483148,1.1704001
2022-02-28,-0.7317796385738679,5,1.3859704,1.214227
2022-03-07,-2.004677721371128,10,1.5487194,1.2042404
2022-03-22,1.015492101478409,21,1.953387,1.2542342
2022-02-23,-0.42039954823396253,1,1.254854,1.5765594
2022-02-25,3.6002694628299614,3,1.3933108,1.2118866
2022-03-01,-3.9219049198680507,5,1.4704001,1.2332348
2022-03-08,-0.0244728856716811,10,1.5489447,1.2630641
2022-03-23,-1.3183123050481473,21,1.9550023,1.2303646
2022-02-24,-4.039537140683894,1,1.3483148,1.6137464
2022-02-28,-0.7317796385738679,3,1.3859704,1.2506018
2022-03-02,0.6827539790147059,5,1.4608653,1.2535357
2022-03-09,7.623189406906642,10,1.8581263,1.1836702
2022-03-24,-0.06905627259295069,21,1.9538809,1.0984495
2022-02-25,3.6002694628299614,1,1.3933108,1.5385448
2022-03-01,-3.9219049198680507,3,1.4704001,1.401479
2022-03-03,-2.1786145629930087,5,1.4319813,1.4644078
2022-03-10,-2.9744196583587197,10,1.8891364,1.2442158
2022-03-25,0.22372458709628723,21,1.9539424,1.3050075
2022-02-28,-0.7317796385738679,1,1.3859704,1.4589347
2022-03-02,0.6827539790147059,3,1.4608653,1.3872107
2022-03-04,-4.5083713794355305,5,1.533022,1.4296087
2022-03-11,1.3743053350843284,10,1.8999267,1.4938716
2022-03-28,0.7771500790776112,21,1.9533024,1.2794218
2022-03-01,-3.9219049198680507,1,1.4704001,1.8042331
2022-03-03,-2.1786145629930087,3,1.4319813,1.3538878
2022-03-07,-2.004677721371128,5,1.5487194,1.3786234
2022-03-14,2.184632292675992,10,1.9184887,1.275857
2022-03-29,2.756615432282499,21,1.9857676,1.2965491
2022-03-02,0.6827539790147059,1,1.4608653,1.6461926
2022-03-04,-4.5083713794355305,3,1.533022,1.5797865
2022-03-08,-0.0244728856716811,5,1.5489447,1.4750749
2022-03-15,-0.08504388057609215,10,1.9175,1.4529067
2022-03-30,-1.4564079027232888,21,1.9894868,1.2251825
2022-03-03,-2.1786145629930087,1,1.4319813,1.7215908
2022-03-07,-2.004677721371128,3,1.5487194,1.5643828
2022-03-09,7.623189406906642,5,1.8581263,1.4434025
2022-03-16,3.69229136178751,10,1.9679046,1.4857782
2022-03-31,-1.3183825176215733,21,1.9890804,1.173625
2022-03-04,-4.5083713794355305,1,1.533022,2.1609373
2022-03-08,-0.0244728856716811,3,1.5489447,1.4551716
2022-03-10,-2.9744196583587197,5,1.8891364,1.3588479
2022-03-17,-0.3654728816846391,10,1.9590216,1.6245906
2022-04-01,0.21988308203777585,21,1.9887542,1.5948826
2022-03-07,-2.004677721371128,1,1.5487194,1.9664592
2022-03-09,7.623189406906642,3,1.8581263,1.6689955
2022-03-11,1.3743053350843284,5,1.8999267,1.7351222
2022-03-18,0.1738144501063217,10,1.9544892,1.5553129
2022-04-04,0.4949471651154712,21,1.9864352,1.4276857
2022-03-08,-0.0244728856716811,1,1.5489447,2.1865604
2022-03-10,-2.9744196583587197,3,1.8891364,1.6378272
2022-03-14,2.184632292675992,5,1.9184887,1.3518124
2022-03-21,-0.599305472831208,10,1.9493024,1.8185546
2022-04-05,-0.6481822001012562,21,1.9808456,1.4218587
2022-03-09,7.623189406906642,1,1.8581263,2.0031662
2022-03-11,1.3743053350843284,3,1.8999267,1.5018886
2022-03-15,-0.08504388057609215,5,1.9175,1.5768902
2022-03-22,1.015492101478409,10,1.953387,1.5552323
2022-04-06,-1.9084386415598766,21,1.9918865,1.5313547
2022-03-10,-2.9744196583587197,1,1.8891364,1.7627692
2022-03-14,2.184632292675992,3,1.9184887,1.6472296
2022-03-16,3.69229136178751,5,1.9679046,1.7686741
2022-03-23,-1.3183123050481473,10,1.9550023,1.7969356
2022-04-07,-0.5210104150806345,21,1.991792,1.4221416
2022-03-11,1.3743053350843284,1,1.8999267,2.279298
2022-03-15,-0.08504388057609215,3,1.9175,1.9042895
2022-03-17,-0.3654728816846391,5,1.9590216,1.9220804
2022-03-24,-0.06905627259295069,10,1.9538809,1.5302116
2022-04-08,1.4492943424814426,21,2.0010128,1.6035652
2022-03-14,2.184632292675992,1,1.9184887,1.9612747
2022-03-16,3.69229136178751,3,1.9679046,1.7574313
2022-03-18,0.1738144501063217,5,1.9544892,1.7170311
2022-03-25,0.22372458709628723,10,1.9539424,1.6425488
2022-04-11,-0.6383517359407458,21,2.0008156,1.5524737
2022-03-15,-0.08504388057609215,1,1.9175,1.7074676
2022-03-17,-0.3654728816846391,3,1.9590216,1.6299384
2022-03-21,-0.599305472831208,5,1.9493024,1.661749
2022-03-28,0.7771500790776112,10,1.9533024,1.6903429
2022-04-12,-0.4790652833342941,21,1.9982666,1.2191454
2022-03-16,3.69229136178751,1,1.9679046,1.9979752
2022-03-18,0.1738144501063217,3,1.9544892,1.5210376
2022-03-22,1.015492101478409,5,1.953387,1.5773014
2022-03-29,2.756615432282499,10,1.9857676,1.5937477
2022-04-13,-0.3440242654263527,21,1.9976063,1.5151323
2022-03-17,-0.3654728816846391,1,1.9590216,1.7030009
2022-03-21,-0.599305472831208,3,1.9493024,1.4814745
2022-03-23,-1.3183123050481473,5,1.9550023,1.5112216
2022-03-30,-1.4564079027232888,10,1.9894868,1.3142955
2022-04-14,0.6190408009368742,21,1.9974105,1.4959809
2022-03-18,0.1738144501063217,1,1.9544892,1.5537124
2022-03-22,1.015492101478409,3,1.953387,1.4880439
2022-03-24,-0.06905627259295069,5,1.9538809,1.4152124
2022-03-31,-1.3183825176215733,10,1.9890804,1.6843607
2022-04-19,-0.0733801979168139,21,1.9839818,1.2433883
2022-03-21,-0.599305472831208,1,1.9493024,1.8974504
2022-03-23,-1.3183123050481473,3,1.9550023,1.489979
2022-03-25,0.22372458709628723,5,1.9539424,1.4542451
2022-04-01,0.21988308203777585,10,1.9887542,1.6158884
2022-04-20,1.4628823163775513,21,1.9338082,1.3108053
2022-03-22,1.015492101478409,1,1.953387,1.5963895
2022-03-24,-0.06905627259295069,3,1.9538809,1.3657814
2022-03-28,0.7771500790776112,5,1.9533024,1.3500693
2022-04-04,0.4949471651154712,10,1.9864352,1.3783584
2022-04-21,0.9726915715889994,21,1.9356413,1.3919535
2022-03-23,-1.3183123050481473,1,1.9550023,1.5024297
2022-03-25,0.22372458709628723,3,1.9539424,1.1785022
2022-03-29,2.756615432282499,5,1.9857676,1.2772503
2022-04-05,-0.6481822001012562,10,1.9808456,1.3843216
2022-04-22,-2.5159407151034214,21,1.9377714,1.4401597
2022-03-24,-0.06905627259295069,1,1.9538809,1.5247294
2022-03-28,0.7771500790776112,3,1.9533024,1.2350284
2022-03-30,-1.4564079027232888,5,1.9894868,1.2487079
2022-04-06,-1.9084386415598766,10,1.9918865,1.5833157
2022-04-25,-1.5529272736061355,21,1.9446954,1.3628321
2022-03-25,0.22372458709628723,1,1.9539424,1.632891
2022-03-29,2.756615432282499,3,1.9857676,1.4385681
2022-03-31,-1.3183825176215733,5,1.9890804,1.396362
2022-04-07,-0.5210104150806345,10,1.991792,1.57283
2022-04-26,-1.212197463567726,21,1.9435611,1.2173173
2022-03-28,0.7771500790776112,1,1.9533024,1.4863881
2022-03-30,-1.4564079027232888,3,1.9894868,1.2224702
2022-04-01,0.21988308203777585,5,1.9887542,1.3359091
2022-04-08,1.4492943424814426,10,2.0010128,1.3652517
2022-04-27,0.27251976692821767,21,1.938456,1.3558315
2022-03-29,2.756615432282499,1,1.9857676,1.2968944
2022-03-31,-1.3183825176215733,3,1.9890804,1.1868451
2022-04-04,0.4949471651154712,5,1.9864352,1.3264208
2022-04-11,-0.6383517359407458,10,2.0008156,1.3471073
2022-04-28,1.338688420922041,21,1.9429463,1.1631191
2022-03-30,-1.4564079027232888,1,1.9894868,1.234518
2022-04-01,0.21988308203777585,3,1.9887542,1.2009548
2022-04-05,-0.6481822001012562,5,1.9808456,1.2364511
2022-04-12,-0.4790652833342941,10,1.9982666,1.2546933
2022-04-29,0.8408142515340438,21,1.947377,1.2026591
2022-03-31,-1.3183825176215733,1,1.9890804,1.6254213
2022-04-04,0.4949471651154712,3,1.9864352,1.4326441
2022-04-06,-1.9084386415598766,5,1.9918865,1.4794958
2022-04-13,-0.3440242654263527,10,1.9976063,1.3944001
2022-05-02,-1.132871212219411,21,1.942697,1.283609
2022-04-01,0.21988308203777585,1,1.9887542,1.6892192
2022-04-05,-0.6481822001012562,3,1.9808456,1.3214008
2022-04-07,-0.5210104150806345,5,1.991792,1.2695866
2022-04-14,0.6190408009368742,10,1.9974105,1.4390191
2022-05-03,0.7176918085860725,21,1.9344095,1.225122
2022-04-04,0.4949471651154712,1,1.9864352,1.5382274
2022-04-06,-1.9084386415598766,3,1.9918865,1.2016561
2022-04-08,1.4492943424814426,5,2.0010128,1.1651558
2022-04-19,-0.0733801979168139,10,1.9839818,1.5060072
2022-05-04,-0.4901737998442648,21,1.931896,1.248058
2022-04-05,-0.6481822001012562,1,1.9808456,1.2372448
2022-04-07,-0.5210104150806345,3,1.991792,1.030098
2022-04-11,-0.6383517359407458,5,2.0008156,1.0970137
2022-04-20,1.4628823163775513,10,1.9338082,1.2696501
2022-05-05,-0.4900806170790601,21,1.931771,1.1198642
2022-04-06,-1.9084386415598766,1,1.9918865,1.2612696
2022-04-08,1.4492943424814426,3,2.0010128,1.0382476
2022-04-12,-0.4790652833342941,5,1.9982666,1.1074438
2022-04-21,0.9726915715889994,10,1.9356413,1.3523334
2022-05-06,-1.655265469624645,21,1.9280307,1.2624588
2022-04-07,-0.5210104150806345,1,1.991792,1.5090069
2022-04-11,-0.6383517359407458,3,2.0008156,1.3380446
2022-04-13,-0.3440242654263527,5,1.9976063,1.4142095
2022-04-22,-2.5159407151034214,10,1.9377714,1.3248395
2022-05-09,-2.170630790941918,21,1.9442489,1.2211932
2022-04-08,1.4492943424814426,1,2.0010128,1.4618688
2022-04-12,-0.4790652833342941,3,1.9982666,1.2503679
2022-04-14,0.6190408009368742,5,1.9974105,1.2004753
2022-04-25,-1.5529272736061355,10,1.9446954,1.3821946
2022-05-10,1.1448608395192994,21,1.9523227,1.1933888
2022-04-11,-0.6383517359407458,1,2.0008156,1.3701464
2022-04-13,-0.3440242654263527,3,1.9976063,1.2185688
2022-04-19,-0.0733801979168139,5,1.9839818,1.277358
2022-04-26,-1.212197463567726,10,1.9435611,1.2762859
2022-05-11,2.148204772848076,21,1.9609607,1.1999463
2022-04-12,-0.4790652833342941,1,1.9982666,1.2030811
2022-04-14,0.6190408009368742,3,1.9974105,1.0413473
2022-04-20,1.4628823163775513,5,1.9338082,1.0727785
2022-04-27,0.27251976692821767,10,1.938456,1.3249514
2022-05-12,-0.6456718479696583,21,1.9422966,1.0965455
2022-04-13,-0.3440242654263527,1,1.9976063,1.2724332
2022-04-19,-0.0733801979168139,3,1.9839818,1.1046131
2022-04-21,0.9726915715889994,5,1.9356413,1.1895525
2022-04-28,1.338688420922041,10,1.9429463,1.1050762
2022-05-13,2.076525997840436,21,1.9642394,1.076983
2022-04-14,0.6190408009368742,1,1.9974105,1.3798045
2022-04-20,1.4628823163775513,3,1.9338082,1.1753478
2022-04-22,-2.5159407151034214,5,1.9377714,1.1687545
2022-04-29,0.8408142515340438,10,1.947377,1.1925423
2022-05-16,-0.45405266548959766,21,1.9626032,1.0580482
2022-04-19,-0.0733801979168139,1,1.9839818,1.2410116
2022-04-21,0.9726915715889994,3,1.9356413,1.0911032
2022-04-25,-1.5529272736061355,5,1.9446954,1.1486641
2022-05-02,-1.132871212219411,10,1.942697,1.1992844
2022-05-17,1.574157022492098,21,1.9670255,1.1260269
2022-04-20,1.4628823163775513,1,1.9338082,1.2040808
2022-04-22,-2.5159407151034214,3,1.9377714,1.0042735
2022-04-26,-1.212197463567726,5,1.9435611,0.9648508
2022-05-03,0.7176918085860725,10,1.9344095,1.1072912
2022-05-18,-1.2639918500398541,21,1.9556724,1.1040297
2022-04-21,0.9726915715889994,1,1.9356413,0.94981885
2022-04-25,-1.5529272736061355,3,1.9446954,0.880717
2022-04-27,0.27251976692821767,5,1.938456,0.8375474
2022-05-04,-0.4901737998442648,10,1.931896,0.9831954
2022-05-19,-0.8996811704535954,21,1.9583915,0.91306615
2022-04-22,-2.5159407151034214,1,1.9377714,1.0895991
2022-04-26,-1.212197463567726,3,1.9435611,0.7414142
2022-04-28,1.338688420922041,5,1.9429463,0.8025173
2022-05-05,-0.4900806170790601,10,1.931771,1.0673594
2022-05-20,0.7149729063229837,21,1.960674,1.2501997
2022-04-25,-1.5529272736061355,1,1.9446954,1.4370874
2022-04-27,0.27251976692821767,3,1.938456,1.0171375
2022-04-29,0.8408142515340438,5,1.947377,1.0033295
2022-05-06,-1.655265469624645,10,1.9280307,1.1903217
2022-05-23,1.3743733070246797,21,1.8987606,1.1798204
2022-04-26,-1.212197463567726,1,1.9435611,1.3357725
2022-04-28,1.338688420922041,3,1.9429463,1.0259275
2022-05-02,-1.132871212219411,5,1.942697,0.9677781
2022-05-09,-2.170630790941918,10,1.9442489,1.1685855
2022-05-24,-1.8199400492222437,21,1.8536755,1.3015021
2022-04-27,0.27251976692821767,1,1.938456,1.4029509
2022-04-29,0.8408142515340438,3,1.947377,1.1045526
2022-05-03,0.7176918085860725,5,1.9344095,1.0033643
2022-05-10,1.1448608395192994,10,1.9523227,1.1692603
2022-05-25,0.6314880542903636,21,1.8538533,1.1128236
2022-04-28,1.338688420922041,1,1.9429463,1.1922239
2022-05-02,-1.132871212219411,3,1.942697,1.1410109
2022-05-04,-0.4901737998442648,5,1.931896,1.154204
2022-05-11,2.148204772848076,10,1.9609607,1.118556
2022-05-26,1.5819488768865302,21,1.7943882,0.96484095
2022-04-29,0.8408142515340438,1,1.947377,1.3485101
2022-05-03,0.7176918085860725,3,1.9344095,1.0671452
2022-05-05,-0.4900806170790601,5,1.931771,1.1725184
2022-05-12,-0.6456718479696583,10,1.9422966,1.055068
2022-05-27,1.6094622969482972,21,1.8039887,1.3338194
2022-05-02,-1.132871212219411,1,1.942697,1.1997745
2022-05-04,-0.4901737998442648,3,1.931896,0.9360929
2022-05-06,-1.655265469624645,5,1.9280307,0.98279184
2022-05-13,2.076525997840436,10,1.9642394,0.8850607
2022-05-30,0.7837313301050407,21,1.7822529,1.2714396
2022-05-03,0.7176918085860725,1,1.9344095,1.1028345
2022-05-05,-0.4900806170790601,3,1.931771,1.0422347
2022-05-09,-2.170630790941918,5,1.9442489,0.94500804
2022-05-16,-0.45405266548959766,10,1.9626032,1.1592141
2022-05-31,-1.2956176341295331,21,1.687066,0.9918896
2022-05-04,-0.4901737998442648,1,1.931896,1.136848
2022-05-06,-1.655265469624645,3,1.9280307,1.0499077
2022-05-10,1.1448608395192994,5,1.9523227,0.9724191
2022-05-17,1.574157022492098,10,1.9670255,1.0092216
2022-06-01,-0.3333233195779761,21,1.664414,1.0832021
2022-05-05,-0.4900806170790601,1,1.931771,1.1295505
2022-05-09,-2.170630790941918,3,1.9442489,0.7935989
2022-05-11,2.148204772848076,5,1.9609607,0.7797539
2022-05-18,-1.2639918500398541,10,1.9556724,1.0867381
2022-06-02,1.0039771017798909,21,1.6675141,1.183265
2022-05-06,-1.655265469624645,1,1.9280307,1.09704
2022-05-10,1.1448608395192994,3,1.9523227,0.88087606
2022-05-12,-0.6456718479696583,5,1.9422966,0.87169987
2022-05-19,-0.8996811704535954,10,1.9583915,1.065489
2022-06-03,-0.17329320658704803,21,1.3536508,1.1178885
2022-05-09,-2.170630790941918,1,1.9442489,1.1665155
2022-05-11,2.148204772848076,3,1.9609607,0.8990382
2022-05-13,2.076525997840436,5,1.9642394,0.795284
2022-05-20,0.7149729063229837,10,1.960674,1.194433
2022-06-06,1.3307910615959297,21,1.302566,1.2252356
2022-05-10,1.1448608395192994,1,1.9523227,1.4723066
2022-05-12,-0.6456718479696583,3,1.9422966,1.1387751
2022-05-16,-0.45405266548959766,5,1.9626032,0.996954
2022-05-23,1.3743733070246797,10,1.8987606,1.2986816
2022-06-07,-0.6654459575460925,21,1.2965117,1.2562978
2022-05-11,2.148204772848076,1,1.9609607,1.081047
2022-05-13,2.076525997840436,3,1.9642394,1.0280453
2022-05-17,1.574157022492098,5,1.9670255,1.175698
2022-05-24,-1.8199400492222437,10,1.8536755,1.204131
2022-06-08,-0.7628997393037259,21,1.2721782,1.111141
2022-05-12,-0.6456718479696583,1,1.9422966,1.143881
2022-05-16,-0.45405266548959766,3,1.9626032,0.9473888
2022-05-18,-1.2639918500398541,5,1.9556724,1.0402417
2022-05-25,0.6314880542903636,10,1.8538533,1.2696414
2022-06-09,-1.7259443381020498,21,1.2928346,1.2579775
2022-05-13,2.076525997840436,1,1.9642394,1.1262414
2022-05-17,1.574157022492098,3,1.9670255,1.0540488
2022-05-19,-0.8996811704535954,5,1.9583915,1.1692303
2022-05-26,1.5819488768865302,10,1.7943882,1.2034968
2022-06-10,-3.1258616713241,21,1.265127,1.2425784
2022-05-16,-0.45405266548959766,1,1.9626032,1.0780103
2022-05-18,-1.2639918500398541,3,1.9556724,1.0808941
2022-05-20,0.7149729063229837,5,1.960674,1.2583482
2022-05-27,1.6094622969482972,10,1.8039887,1.2800684
2022-06-13,-2.4628963768441556,21,1.3015931,1.0549421
2022-05-17,1.574157022492098,1,1.9670255,1.3623074
2022-05-19,-0.8996811704535954,3,1.9583915,1.0825269
2022-05-23,1.3743733070246797,5,1.8987606,1.1117249
2022-05-30,0.7837313301050407,10,1.7822529,1.3024169
2022-06-14,-0.9175830228495307,21,1.3051069,1.1911943
2022-05-18,-1.2639918500398541,1,1.9556724,1.0601257
2022-05-20,0.7149729063229837,3,1.960674,1.0832932
2022-05-24,-1.8199400492222437,5,1.8536755,1.1864965
2022-05-31,-1.2956176341295331,10,1.687066,1.1412408
2022-06-15,1.3505435105176398,21,1.317526,1.0094804
2022-05-19,-0.8996811704535954,1,1.9583915,1.1154017
2022-05-23,1.3743733070246797,3,1.8987606,0.98955345
2022-05-25,0.6314880542903636,5,1.8538533,1.0377463
2022-06-01,-0.3333233195779761,10,1.664414,1.3291582
2022-06-16,-3.3693694410409445,21,1.3749124,1.2110623
2022-05-20,0.7149729063229837,1,1.960674,1.4875202
2022-05-24,-1.8199400492222437,3,1.8536755,1.1109356
2022-05-26,1.5819488768865302,5,1.7943882,1.0058733
2022-06-02,1.0039771017798909,10,1.6675141,1.2962915
2022-06-17,0.6709015791487906,21,1.3708284,1.1421678
2022-05-23,1.3743733070246797,1,1.8987606,1.3981436
2022-05-25,0.6314880542903636,3,1.8538533,1.1270057
2022-05-27,1.6094622969482972,5,1.8039887,1.050674
2022-06-03,-0.17329320658704803,10,1.3536508,1.2865897
2022-06-20,1.055940291880021,21,1.3794932,1.1070251
2022-05-24,-1.8199400492222437,1,1.8536755,1.4436665
2022-05-26,1.5819488768865302,3,1.7943882,0.97408044
2022-05-30,0.7837313301050407,5,1.7822529,1.095368
2022-06-06,1.3307910615959297,10,1.302566,1.2970203
2022-06-21,0.20182837824895228,21,1.3794031,1.3533686
2022-05-25,0.6314880542903636,1,1.8538533,1.2868259
2022-05-27,1.6094622969482972,3,1.8039887,0.9345794
2022-05-31,-1.2956176341295331,5,1.687066,1.0903299
2022-06-07,-0.6654459575460925,10,1.2965117,1.2373981
2022-06-22,-1.1205768909561344,21,1.3801829,1.3246247
2022-05-26,1.5819488768865302,1,1.7943882,1.1174278
2022-05-30,0.7837313301050407,3,1.7822529,1.1209614
2022-06-01,-0.3333233195779761,5,1.664414,1.2876759
2022-06-08,-0.7628997393037259,10,1.2721782,1.1511003
2022-06-23,-1.7783911495089268,21,1.341722,1.2037129
2022-05-27,1.6094622969482972,1,1.8039887,1.4171873
2022-05-31,-1.2956176341295331,3,1.687066,1.1691852
2022-06-02,1.0039771017798909,5,1.6675141,1.158677
2022-06-09,-1.7259443381020498,10,1.2928346,1.0333477
2022-06-24,1.579244162526282,21,1.3518757,1.2041239
2022-05-30,0.7837313301050407,1,1.7822529,1.4078829
2022-06-01,-0.3333233195779761,3,1.664414,1.1952838
2022-06-03,-0.17329320658704803,5,1.3536508,1.3000565
2022-06-10,-3.1258616713241,10,1.265127,1.108571
2022-06-27,0.5165759100514253,21,1.3464093,1.1168468
2022-05-31,-1.2956176341295331,1,1.687066,1.1198823
2022-06-02,1.0039771017798909,3,1.6675141,1.0549128
2022-06-06,1.3307910615959297,5,1.302566,1.1289274
2022-06-13,-2.4628963768441556,10,1.3015931,0.95268977
2022-06-28,0.3463565383417321,21,1.3470947,1.2021297
2022-06-01,-0.3333233195779761,1,1.664414,1.5856287
2022-06-03,-0.17329320658704803,3,1.3536508,1.4666101
2022-06-07,-0.6654459575460925,5,1.2965117,1.3852371
2022-06-14,-0.9175830228495307,10,1.3051069,1.3437644
2022-06-29,-1.741757188845406,21,1.3599335,1.2492465
2022-06-02,1.0039771017798909,1,1.6675141,1.4882973
2022-06-06,1.3307910615959297,3,1.302566,1.4731023
2022-06-08,-0.7628997393037259,5,1.2721782,1.4790509
2022-06-15,1.3505435105176398,10,1.317526,1.326902
2022-06-30,-1.7030625576495044,21,1.3727987,1.2030277
2022-06-03,-0.17329320658704803,1,1.3536508,1.9283283
2022-06-07,-0.6654459575460925,3,1.2965117,1.4270103
2022-06-09,-1.7259443381020498,5,1.2928346,1.3498697
2022-06-16,-3.3693694410409445,10,1.3749124,1.6007158
2022-07-01,0.2286282281884564,21,1.3553668,1.4079015
2022-06-06,1.3307910615959297,1,1.302566,1.5191377
2022-06-08,-0.7628997393037259,3,1.2721782,1.1257294
2022-06-10,-3.1258616713241,5,1.265127,1.2513547
2022-06-17,0.6709015791487906,10,1.3708284,1.135736
2022-07-04,-0.30993345391231564,21,1.3547025,1.403943
2022-06-07,-0.6654459575460925,1,1.2965117,1.0193037
2022-06-09,-1.7259443381020498,3,1.2928346,0.9772358
2022-06-13,-2.4628963768441556,5,1.3015931,1.0261848
2022-06-20,1.055940291880021,10,1.3794932,1.3480273
2022-07-05,-2.957005082649629,21,1.3849629,1.0556756
2022-06-08,-0.7628997393037259,1,1.2721782,1.3139786
2022-06-10,-3.1258616713241,3,1.265127,1.1858231
2022-06-14,-0.9175830228495307,5,1.3051069,1.1766814
2022-06-21,0.20182837824895228,10,1.3794031,1.4323782
2022-07-06,1.5468503626828853,21,1.4028076,1.1943467
2022-06-09,-1.7259443381020498,1,1.2928346,1.5021118
2022-06-13,-2.4628963768441556,3,1.3015931,1.2271422
2022-06-15,1.3505435105176398,5,1.317526,1.2694262
2022-06-22,-1.1205768909561344,10,1.3801829,1.3097954
2022-07-07,1.9554262849314803,21,1.4295264,1.3468742
2022-06-10,-3.1258616713241,1,1.265127,1.5402665
2022-06-14,-0.9175830228495307,3,1.3051069,1.3859472
2022-06-16,-3.3693694410409445,5,1.3749124,1.3594048
2022-06-23,-1.7783911495089268,10,1.341722,1.4928493
2022-07-08,1.3304221875052304,21,1.442133,1.3001728
2022-06-13,-2.4628963768441556,1,1.3015931,1.624167
2022-06-15,1.3505435105176398,3,1.317526,1.4477257
2022-06-17,0.6709015791487906,5,1.3708284,1.4256372
2022-06-24,1.579244162526282,10,1.3518757,1.4536756
2022-07-11,-1.414387292532312,21,1.4480973,1.3538443
2022-06-14,-0.9175830228495307,1,1.3051069,1.8462677
2022-06-16,-3.3693694410409445,3,1.3749124,1.7143815
2022-06-20,1.055940291880021,5,1.3794932,1.5779012
2022-06-27,0.5165759100514253,10,1.3464093,1.6931713
2022-07-12,0.5675690388770691,21,1.4511421,1.1671944
2022-06-15,1.3505435105176398,1,1.317526,2.035721
2022-06-17,0.6709015791487906,3,1.3708284,1.7749994
2022-06-21,0.20182837824895228,5,1.3794031,1.8436999
2022-06-28,0.3463565383417321,10,1.3470947,1.7320993
2022-07-13,-1.1625204121600223,21,1.4411137,1.3831526
2022-06-16,-3.3693694410409445,1,1.3749124,1.9897374
2022-06-20,1.055940291880021,3,1.3794932,1.5228626
2022-06-22,-1.1205768909561344,5,1.3801829,1.7244489
2022-06-29,-1.741757188845406,10,1.3599335,1.4547788
2022-07-14,-1.872663833068975,21,1.448746,1.7002925
2022-06-17,0.6709015791487906,1,1.3708284,1.9544551
2022-06-21,0.20182837824895228,3,1.3794031,1.7340722
2022-06-23,-1.7783911495089268,5,1.341722,1.7636313
2022-06-30,-1.7030625576495044,10,1.3727987,1.5098765
2022-07-15,2.7188438530702066,21,1.4671763,1.4823638
2022-06-20,1.055940291880021,1,1.3794932,1.6690627
2022-06-22,-1.1205768909561344,3,1.3801829,1.8536555
2022-06-24,1.579244162526282,5,1.3518757,1.785785
2022-07-01,0.2286282281884564,10,1.3553668,1.717156
2022-07-18,0.7364337402690347,21,1.4600302,1.257441
2022-06-21,0.20182837824895228,1,1.3794031,1.9272348
2022-06-23,-1.7783911495089268,3,1.341722,1.5687203
2022-06-27,0.5165759100514253,5,1.3464093,1.5192068
2022-07-04,-0.30993345391231564,10,1.3547025,1.5618925
2022-07-19,2.6543180791123,21,1.4958782,1.332889
2022-06-22,-1.1205768909561344,1,1.3801829,1.5523739
2022-06-24,1.579244162526282,3,1.3518757,1.3015006
2022-06-28,0.3463565383417321,5,1.3470947,1.2999697
2022-07-05,-2.957005082649629,10,1.3849629,1.5010194
2022-07-20,-0.19879133463264237,21,1.4953656,1.3203789
2022-06-23,-1.7783911495089268,1,1.341722,1.6196004
2022-06-27,0.5165759100514253,3,1.3464093,1.3366326
2022-06-29,-1.741757188845406,5,1.3599335,1.3232719
2022-07-06,1.5468503626828853,10,1.4028076,1.4699271
2022-07-21,-0.2664355783513005,21,1.4841797,1.4980668
2022-06-24,1.579244162526282,1,1.3518757,1.901161
2022-06-28,0.3463565383417321,3,1.3470947,1.4843327
2022-06-30,-1.7030625576495044,5,1.3727987,1.2523408
2022-07-07,1.9554262849314803,10,1.4295264,1.6386253
2022-07-22,0.053131731273667285,21,1.4792844,1.3562752
2022-06-27,0.5165759100514253,1,1.3464093,1.4157115
2022-06-29,-1.741757188845406,3,1.3599335,1.4218496
2022-07-01,0.2286282281884564,5,1.3553668,1.4266728
2022-07-08,1.3304221875052304,10,1.442133,1.4642153
2022-07-25,-0.32768601722135504,21,1.4734231,1.1432629
2022-06-28,0.3463565383417321,1,1.3470947,1.6037596
2022-06-30,-1.7030625576495044,3,1.3727987,1.2926083
2022-07-04,-0.30993345391231564,5,1.3547025,1.3110123
2022-07-11,-1.414387292532312,10,1.4480973,1.5491364
2022-07-26,-0.8620538232262432,21,1.4728692,1.241195
2022-06-29,-1.741757188845406,1,1.3599335,1.3440062
2022-07-01,0.2286282281884564,3,1.3553668,1.1389201
2022-07-05,-2.957005082649629,5,1.3849629,1.2920908
2022-07-12,0.5675690388770691,10,1.4511421,1.0306511
2022-07-27,0.5288774212547557,21,1.4743539,1.4121388
2022-06-30,-1.7030625576495044,1,1.3727987,1.3854067
2022-07-04,-0.30993345391231564,3,1.3547025,1.4231039
2022-07-06,1.5468503626828853,5,1.4028076,1.4170501
2022-07-13,-1.1625204121600223,10,1.4411137,1.5855238
2022-07-28,0.8751441488818756,21,1.4787419,1.1762623
2022-07-01,0.2286282281884564,1,1.3553668,1.9545295
2022-07-05,-2.957005082649629,3,1.3849629,1.76106
2022-07-07,1.9554262849314803,5,1.4295264,1.6567237
2022-07-14,-1.872663833068975,10,1.448746,1.6887822
2022-07-29,1.5089447540360743,21,1.4778914,1.3081994
2022-07-04,-0.30993345391231564,1,1.3547025,1.8088213
2022-07-06,1.5468503626828853,3,1.4028076,1.4780362
2022-07-08,1.3304221875052304,5,1.442133,1.5169338
2022-07-15,2.7188438530702066,10,1.4671763,1.5020932
2022-08-01,-0.03278426361544902,21,1.4507667,1.4168898
2022-07-05,-2.957005082649629,1,1.3849629,1.4448617
2022-07-07,1.9554262849314803,3,1.4295264,1.318801
2022-07-11,-1.414387292532312,5,1.4480973,1.43752
2022-07-18,0.7364337402690347,10,1.4600302,1.4356127
2022-08-02,-0.22600090953606772,21,1.4434037,1.2520255
2022-07-06,1.5468503626828853,1,1.4028076,1.5364978
2022-07-08,1.3304221875052304,3,1.442133,1.362054
2022-07-12,0.5675690388770691,5,1.4511421,1.2906346
2022-07-19,2.6543180791123,10,1.4958782,1.535399
2022-08-03,1.023499739014424,21,1.4220382,1.4084282
2022-07-07,1.9554262849314803,1,1.4295264,1.6808114
2022-07-11,-1.414387292532312,3,1.4480973,1.6029484
2022-07-13,-1.1625204121600223,5,1.4411137,1.499255
2022-07-20,-0.19879133463264237,10,1.4953656,1.6078916
2022-08-04,0.5513368654394415,21,1.421641,1.2062119
2022-07-08,1.3304221875052304,1,1.442133,1.6628916
2022-07-12,0.5675690388770691,3,1.4511421,1.3207282
2022-07-14,-1.872663833068975,5,1.448746,1.3813471
2022-07-21,-0.2664355783513005,10,1.4841797,1.6558647
2022-08-05,-0.6516986963183269,21,1.3972148,1.440044
2022-07-11,-1.414387292532312,1,1.4480973,1.7827841
2022-07-13,-1.1625204121600223,3,1.4411137,1.2154217
2022-07-15,2.7188438530702066,5,1.4671763,1.4537609
2022-07-22,0.053131731273667285,10,1.4792844,1.4050475
2022-08-08,0.8345901822611853,21,1.4008735,1.6670433
2022-07-12,0.5675690388770691,1,1.4511421,1.4374058
2022-07-14,-1.872663833068975,3,1.448746,1.3333122
2022-07-18,0.7364337402690347,5,1.4600302,1.2450151
2022-07-25,-0.32768601722135504,10,1.4734231,1.5041311
2022-08-09,-1.1220233765465912,21,1.3916477,1.194088
2022-07-13,-1.1625204121600223,1,1.4411137,1.3747772
2022-07-15,2.7188438530702066,3,1.4671763,1.3649375
2022-07-19,2.6543180791123,5,1.4958782,1.4193672
2022-07-26,-0.8620538232262432,10,1.4728692,1.3941817
2022-08-10,1.2187004547419902,21,1.3927042,1.1670367
2022-07-14,-1.872663833068975,1,1.448746,2.024556
2022-07-18,0.7364337402690347,3,1.4600302,1.5476234
2022-07-20,-0.19879133463264237,5,1.4953656,1.5185838
2022-07-27,0.5288774212547557,10,1.4743539,1.5355656
2022-08-11,-0.04686854542709002,21,1.388094,1.2905284
2022-07-15,2.7188438530702066,1,1.4671763,1.6174655
2022-07-19,2.6543180791123,3,1.4958782,1.5043294
2022-07-21,-0.2664355783513005,5,1.4841797,1.5575672
2022-07-28,0.8751441488818756,10,1.4787419,1.2874149
2022-08-12,0.7372788505226541,21,1.3882979,1.1900306
2022-07-18,0.7364337402690347,1,1.4600302,1.4575732
2022-07-20,-0.19879133463264237,3,1.4953656,1.339947
2022-07-22,0.053131731273667285,5,1.4792844,1.3635423
2022-07-29,1.5089447540360743,10,1.4778914,1.3159274
2022-08-15,0.150372303871914,21,1.3763682,1.4112974
2022-07-19,2.6543180791123,1,1.4958782,1.4059595
2022-07-21,-0.2664355783513005,3,1.4841797,1.4046514
2022-07-25,-0.32768601722135504,5,1.4734231,1.2739706
2022-08-01,-0.03278426361544902,10,1.4507667,1.5174639
2022-08-16,0.6745124187092483,21,1.3593444,0.9972681
2022-07-20,-0.19879133463264237,1,1.4953656,1.3300353
2022-07-22,0.053131731273667285,3,1.4792844,1.2466252
2022-07-26,-0.8620538232262432,5,1.4728692,1.3299878
2022-08-02,-0.22600090953606772,10,1.4434037,1.4690139
2022-08-17,-2.058480681508428,21,1.382291,1.1799465
2022-07-21,-0.2664355783513005,1,1.4841797,1.4714166
2022-07-25,-0.32768601722135504,3,1.4734231,1.2161762
2022-07-27,0.5288774212547557,5,1.4743539,1.3343792
2022-08-03,1.023499739014424,10,1.4220382,1.3758354
2022-08-18,0.5174940879234736,21,1.3677981,1.3541065
2022-07-22,0.053131731273667285,1,1.4792844,1.1262891
2022-07-26,-0.8620538232262432,3,1.4728692,1.0062006
2022-07-28,0.8751441488818756,5,1.4787419,1.0898346
2022-08-04,0.5513368654394415,10,1.421641,1.3107078
2022-08-19,-1.1224772403785384,21,1.3565811,1.1460302
2022-07-25,-0.32768601722135504,1,1.4734231,1.181703
2022-07-27,0.5288774212547557,3,1.4743539,1.1349148
2022-07-29,1.5089447540360743,5,1.4778914,1.153412
2022-08-05,-0.6516986963183269,10,1.3972148,1.5423986
2022-08-22,-2.3451918151710585,21,1.3815812,1.1076971
2022-07-26,-0.8620538232262432,1,1.4728692,1.3847845
2022-07-28,0.8751441488818756,3,1.4787419,1.1429061
2022-08-01,-0.03278426361544902,5,1.4507667,1.0965889
2022-08-08,0.8345901822611853,10,1.4008735,1.3202853
2022-08-23,-0.27504363767785334,21,1.3736401,0.98591024
2022-07-27,0.5288774212547557,1,1.4743539,1.3958218
2022-07-29,1.5089447540360743,3,1.4778914,1.0833445
2022-08-02,-0.22600090953606772,5,1.4434037,1.1009986
2022-08-09,-1.1220233765465912,10,1.3916477,1.3175349
2022-08-24,0.19556921466940863,21,1.3741041,1.1311276
2022-07-28,0.8751441488818756,1,1.4787419,1.1996362
2022-08-01,-0.03278426361544902,3,1.4507667,1.0877986
2022-08-03,1.023499739014424,5,1.4220382,1.2741281
2022-08-10,1.2187004547419902,10,1.3927042,1.1660874
2022-08-25,0.39181955881296293,21,1.3677576,1.1511829
2022-07-29,1.5089447540360743,1,1.4778914,1.2502888
2022-08-02,-0.22600090953606772,3,1.4434037,0.9136084
2022-08-04,0.5513368654394415,5,1.421641,0.8882196
2022-08-11,-0.04686854542709002,10,1.388094,1.1350719
2022-08-26,-2.2901226777076276,21,1.3954989,1.1201278
2022-08-01,-0.03278426361544902,1,1.4507667,1.1610973
2022-08-03,1.023499739014424,3,1.4220382,0.9779054
2022-08-05,-0.6516986963183269,5,1.3972148,1.1274062
2022-08-12,0.7372788505226541,10,1.3882979,0.92801684
2022-08-29,-0.6068538307308728,21,1.3822765,1.0541494
2022-08-02,-0.22600090953606772,1,1.4434037,1.1146038
2022-08-04,0.5513368654394415,3,1.421641,0.9384083
2022-08-08,0.8345901822611853,5,1.4008735,0.99990016
2022-08-15,0.150372303871914,10,1.3763682,1.1777894
2022-08-30,0.5271851902018426,21,1.3842391,1.0173526
2022-08-03,1.023499739014424,1,1.4220382,1.4416703
2022-08-05,-0.6516986963183269,3,1.3972148,1.0504559
2022-08-09,-1.1220233765465912,5,1.3916477,1.1301914
2022-08-16,0.6745124187092483,10,1.3593444,0.96438503
2022-08-31,-0.978292809780381,21,1.3860189,1.1405926
2022-08-04,0.5513368654394415,1,1.421641,0.9507464
2022-08-08,0.8345901822611853,3,1.4008735,1.0074339
2022-08-10,1.2187004547419902,5,1.3927042,0.9902499
2022-08-17,-2.058480681508428,10,1.382291,0.96568155
2022-09-01,-1.607951087683679,21,1.383895,0.9902215
2022-08-05,-0.6516986963183269,1,1.3972148,1.1841052
2022-08-09,-1.1220233765465912,3,1.3916477,0.906551
2022-08-11,-0.04686854542709002,5,1.388094,0.77983314
2022-08-18,0.5174940879234736,10,1.3677981,0.9470582
2022-09-02,3.2715603371463335,21,1.4006119,1.0434076
2022-08-08,0.8345901822611853,1,1.4008735,1.3051654
2022-08-10,1.2187004547419902,3,1.3927042,0.9911324
2022-08-12,0.7372788505226541,5,1.3882979,0.86408377
2022-08-19,-1.1224772403785384,10,1.3565811,0.9122018
2022-09-05,-2.243236128807078,21,1.3945744,1.035913
2022-08-09,-1.1220233765465912,1,1.3916477,1.0469207
2022-08-11,-0.04686854542709002,3,1.388094,0.89411485
2022-08-15,0.150372303871914,5,1.3763682,0.84114057
2022-08-22,-2.3451918151710585,10,1.3815812,0.84388435
2022-09-06,0.863451084095359,21,1.3955029,0.98806345
2022-08-10,1.2187004547419902,1,1.3927042,1.251242
2022-08-12,0.7372788505226541,3,1.3882979,0.81207395
2022-08-16,0.6745124187092483,5,1.3593444,0.7398676
2022-08-23,-0.27504363767785334,10,1.3736401,0.9246933
2022-09-07,0.3453572178375991,21,1.3843306,1.2851864
2022-08-11,-0.04686854542709002,1,1.388094,0.81139183
2022-08-15,0.150372303871914,3,1.3763682,0.71086156
2022-08-17,-2.058480681508428,5,1.382291,0.76084894
2022-08-24,0.19556921466940863,10,1.3741041,0.8949541
2022-09-08,-0.09023457780928021,21,1.3149316,0.8859378
2022-08-12,0.7372788505226541,1,1.3882979,0.81266636
2022-08-16,0.6745124187092483,3,1.3593444,0.5874052
2022-08-18,0.5174940879234736,5,1.3677981,0.6100468
2022-08-25,0.39181955881296293,10,1.3677576,0.9897145
2022-09-09,1.414965873517028,21,1.3250015,1.0572008
2022-08-15,0.150372303871914,1,1.3763682,0.9381967
2022-08-17,-2.058480681508428,3,1.382291,0.7655584
2022-08-19,-1.1224772403785384,5,1.3565811,0.8359608
2022-08-26,-2.2901226777076276,10,1.3954989,0.85492796
2022-09-12,2.3712238640070673,21,1.3534244,1.1176138
2022-08-16,0.6745124187092483,1,1.3593444,0.6959619
2022-08-18,0.5174940879234736,3,1.3677981,0.71043676
2022-08-22,-2.3451918151710585,5,1.3815812,0.8047572
2022-08-29,-0.6068538307308728,10,1.3822765,0.7969105
2022-09-13,-1.6044688012082253,21,1.3692422,0.93550634
2022-08-17,-2.058480681508428,1,1.382291,0.9260422
2022-08-19,-1.1224772403785384,3,1.3565811,0.83123225
2022-08-23,-0.27504363767785334,5,1.3736401,0.75389767
2022-08-30,0.5271851902018426,10,1.3842391,0.91031456
2022-09-14,-1.2278485193386637,21,1.370782,1.0781442
2022-08-18,0.5174940879234736,1,1.3677981,1.0320313
2022-08-22,-2.3451918151710585,3,1.3815812,0.9246159
2022-08-24,0.19556921466940863,5,1.3741041,0.8574391
2022-08-31,-0.978292809780381,10,1.3860189,0.94895136
2022-09-15,-0.5490933694293877,21,1.3530481,0.955468
2022-08-19,-1.1224772403785384,1,1.3565811,1.0490581
2022-08-23,-0.27504363767785334,3,1.3736401,0.966709
2022-08-25,0.39181955881296293,5,1.3677576,0.9437611
2022-09-01,-1.607951087683679,10,1.383895,1.0617329
2022-09-16,-1.6764425762128696,21,1.3541547,0.9844278
2022-08-22,-2.3451918151710585,1,1.3815812,1.2851603
2022-08-24,0.19556921466940863,3,1.3741041,0.8808968
2022-08-26,-2.2901226777076276,5,1.3954989,0.9564647
2022-09-02,3.2715603371463335,10,1.4006119,1.0219443
2022-09-19,0.48527542431921944,21,1.3539393,1.1722897
2022-08-23,-0.27504363767785334,1,1.3736401,1.3199191
2022-08-25,0.39181955881296293,3,1.3677576,1.1251427
2022-08-29,-0.6068538307308728,5,1.3822765,1.0891292
2022-09-05,-2.243236128807078,10,1.3945744,1.3886076
2022-09-20,-1.0395774771039563,21,1.3588915,1.1359361
2022-08-24,0.19556921466940863,1,1.3741041,1.112745
2022-08-26,-2.2901226777076276,3,1.3954989,1.0891068
2022-08-30,0.5271851902018426,5,1.3842391,1.1285634
2022-09-06,0.863451084095359,10,1.3955029,1.3119192
2022-09-21,0.7572988976071784,21,1.3450799,1.096591
2022-08-25,0.39181955881296293,1,1.3677576,1.4799119
2022-08-29,-0.6068538307308728,3,1.3822765,1.0412326
2022-08-31,-0.978292809780381,5,1.3860189,1.0146469
2022-09-07,0.3453572178375991,10,1.3843306,1.383824
2022-09-22,-1.8619657520526578,21,1.3485807,1.2574884
2022-08-26,-2.2901226777076276,1,1.3954989,1.1105824
2022-08-30,0.5271851902018426,3,1.3842391,1.0050871
2022-09-01,-1.607951087683679,5,1.383895,1.1279953
2022-09-08,-0.09023457780928021,10,1.3149316,0.9334716
2022-09-23,-1.994273417289695,21,1.3716031,1.1213765
2022-08-29,-0.6068538307308728,1,1.3822765,1.1596823
2022-08-31,-0.978292809780381,3,1.3860189,1.0328376
2022-09-02,3.2715603371463335,5,1.4006119,0.96251893
2022-09-09,1.414965873517028,10,1.3250015,1.3381445
2022-09-26,-0.45912494560383543,21,1.3721802,1.1115706
2022-08-30,0.5271851902018426,1,1.3842391,1.382507
2022-09-01,-1.607951087683679,3,1.383895,1.15029
2022-09-05,-2.243236128807078,5,1.3945744,1.1570313
2022-09-12,2.3712238640070673,10,1.3534244,1.2721636
2022-09-27,-0.7242454857740845,21,1.3219925,1.2210609
2022-08-31,-0.978292809780381,1,1.3860189,1.4586515
2022-09-02,3.2715603371463335,3,1.4006119,1.1086583
2022-09-06,0.863451084095359,5,1.3955029,1.0480144
2022-09-13,-1.6044688012082253,10,1.3692422,1.2366264
2022-09-28,0.35851419981988664,21,1.3066974,1.2424808
2022-09-01,-1.607951087683679,1,1.383895,1.5665529
2022-09-05,-2.243236128807078,3,1.3945744,1.2110891
2022-09-07,0.3453572178375991,5,1.3843306,1.2741817
2022-09-14,-1.2278485193386637,10,1.370782,1.0883129
2022-09-29,-1.7197487444994188,21,1.2969459,1.1774869
2022-09-02,3.2715603371463335,1,1.4006119,1.3021593
2022-09-06,0.863451084095359,3,1.3955029,1.1504669
2022-09-08,-0.09023457780928021,5,1.3149316,1.1211216
2022-09-15,-0.5490933694293877,10,1.3530481,1.223731
2022-09-30,1.1524499867734734,21,1.2937801,1.1878507
2022-09-05,-2.243236128807078,1,1.3945744,1.1955509
2022-09-07,0.3453572178375991,3,1.3843306,1.2987046
2022-09-09,1.414965873517028,5,1.3250015,1.3336344
2022-09-16,-1.6764425762128696,10,1.3541547,1.2348696
2022-10-03,0.7821182745900755,21,1.2875818,1.0895755
2022-09-06,0.863451084095359,1,1.3955029,1.8284472
2022-09-08,-0.09023457780928021,3,1.3149316,1.3793532
2022-09-12,2.3712238640070673,5,1.3534244,1.3761817
2022-09-19,0.48527542431921944,10,1.3539393,1.4203585
2022-10-04,3.706217781261862,21,1.3752319,1.5793995
2022-09-07,0.3453572178375991,1,1.3843306,1.7546511
2022-09-09,1.414965873517028,3,1.3250015,1.4960625
2022-09-13,-1.6044688012082253,5,1.3692422,1.4518576
2022-09-20,-1.0395774771039563,10,1.3588915,1.2437338
2022-10-05,-1.2172839658645744,21,1.3760138,1.2518225
2022-09-08,-0.09023457780928021,1,1.3149316,1.3049455
2022-09-12,2.3712238640070673,3,1.3534244,1.2238257
2022-09-14,-1.2278485193386637,5,1.370782,1.1887298
2022-09-21,0.7572988976071784,10,1.3450799,1.3794916
2022-10-06,-0.3713745937088292,21,1.3554636,1.2048936
2022-09-09,1.414965873517028,1,1.3250015,1.4393919
2022-09-13,-1.6044688012082253,3,1.3692422,1.292329
2022-09-15,-0.5490933694293877,5,1.3530481,1.416392
2022-09-22,-1.8619657520526578,10,1.3485807,1.4785074
2022-10-07,-1.5986602166939972,21,1.3225312,1.3580695
2022-09-12,2.3712238640070673,1,1.3534244,1.2875521
2022-09-14,-1.2278485193386637,3,1.370782,1.1934595
2022-09-16,-1.6764425762128696,5,1.3541547,1.324667
2022-09-23,-1.994273417289695,10,1.3716031,1.3466246
2022-10-10,-0.00048537812328272925,21,1.31825,1.2039074
2022-09-13,-1.6044688012082253,1,1.3692422,1.476441
2022-09-15,-0.5490933694293877,3,1.3530481,1.2659081
2022-09-19,0.48527542431921944,5,1.3539393,1.2079989
2022-09-26,-0.45912494560383543,10,1.3721802,1.2984047
2022-10-11,-0.43024620348174364,21,1.2685933,1.3087932
2022-09-14,-1.2278485193386637,1,1.370782,1.4404517
2022-09-16,-1.6764425762128696,3,1.3541547,1.3480508
2022-09-20,-1.0395774771039563,5,1.3588915,1.3234413
2022-09-27,-0.7242454857740845,10,1.3219925,1.4564595
2022-10-12,-0.393483874806835,21,1.2689896,1.2818474
2022-09-15,-0.5490933694293877,1,1.3530481,1.4640617
2022-09-19,0.48527542431921944,3,1.3539393,1.3830944
2022-09-21,0.7572988976071784,5,1.3450799,1.2415925
2022-09-28,0.35851419981988664,10,1.3066974,1.7988242
2022-10-13,1.494821616737313,21,1.286394,1.1113305
2022-09-16,-1.6764425762128696,1,1.3541547,1.7230011
2022-09-20,-1.0395774771039563,3,1.3588915,1.2380409
2022-09-22,-1.8619657520526578,5,1.3485807,1.2382749
2022-09-29,-1.7197487444994188,10,1.2969459,1.4144739
2022-10-14,0.6633203031709579,21,1.2901607,1.4781637
2022-09-19,0.48527542431921944,1,1.3539393,1.939388
2022-09-21,0.7572988976071784,3,1.3450799,1.4439092
2022-09-23,-1.994273417289695,5,1.3716031,1.3649143
2022-09-30,1.1524499867734734,10,1.2937801,1.5681994
2022-10-17,1.6839561758517503,21,1.3102806,1.3886269
2022-09-20,-1.0395774771039563,1,1.3588915,1.4777317
2022-09-22,-1.8619657520526578,3,1.3485807,1.380435
2022-09-26,-0.45912494560383543,5,1.3721802,1.5773096
2022-10-03,0.7821182745900755,10,1.2875818,1.5299861
2022-10-18,0.9174309999999847,21,1.3122408,1.2883015
2022-09-21,0.7572988976071784,1,1.3450799,2.0235848
2022-09-23,-1.994273417289695,3,1.3716031,1.499996
2022-09-27,-0.7242454857740845,5,1.3219925,1.5972477
2022-10-04,3.706217781261862,10,1.3752319,1.6091491
2022-10-19,-0.18975326864552514,21,1.3102134,1.5419331
2022-09-22,-1.8619657520526578,1,1.3485807,1.3521712
2022-09-26,-0.45912494560383543,3,1.3721802,1.5151572
2022-09-28,0.35851419981988664,5,1.3066974,1.7461702
2022-10-05,-1.2172839658645744,10,1.3760138,1.2332112
2022-10-20,0.2038511282382018,21,1.3049946,1.1864898
2022-09-23,-1.994273417289695,1,1.3716031,1.6587647
2022-09-27,-0.7242454857740845,3,1.3219925,1.6081939
2022-09-29,-1.7197487444994188,5,1.2969459,1.5477855
2022-10-06,-0.3713745937088292,10,1.3554636,1.8217628
2022-10-21,-0.28637027154118216,21,1.2887552,1.2791489
2022-09-26,-0.45912494560383543,1,1.3721802,2.1694953
2022-09-28,0.35851419981988664,3,1.3066974,1.8734087
2022-09-30,1.1524499867734734,5,1.2937801,1.80395
2022-10-07,-1.5986602166939972,10,1.3225312,1.6219633
2022-10-24,1.5630204015319171,21,1.3064232,1.4402997
2022-09-27,-0.7242454857740845,1,1.3219925,1.9627684
2022-09-29,-1.7197487444994188,3,1.2969459,1.7124127
2022-10-03,0.7821182745900755,5,1.2875818,1.6119136
2022-10-10,-0.00048537812328272925,10,1.31825,1.7320875
2022-10-25,0.9352581075021176,21,1.3126478,1.5171771
2022-09-28,0.35851419981988664,1,1.3066974,2.2137265
2022-09-30,1.1524499867734734,3,1.2937801,1.8168447
2022-10-04,3.706217781261862,5,1.3752319,1.8064384
2022-10-11,-0.43024620348174364,10,1.2685933,1.8078359
2022-10-26,1.088439741803436,21,1.3135742,1.3668175
2022-09-29,-1.7197487444994188,1,1.2969459,1.6494747
2022-10-03,0.7821182745900755,3,1.2875818,1.4522358
2022-10-05,-1.2172839658645744,5,1.3760138,1.5453413
2022-10-12,-0.393483874806835,10,1.2689896,1.6720816
2022-10-27,0.11679385624161549,21,1.3114057,1.3899407
2022-09-30,1.1524499867734734,1,1.2937801,1.9588085
2022-10-04,3.706217781261862,3,1.3752319,1.8263618
2022-10-06,-0.3713745937088292,5,1.3554636,1.865956
2022-10-13,1.494821616737313,10,1.286394,1.6301425
2022-10-28,0.24267743984353524,21,1.3096017,1.315039
2022-10-03,0.7821182745900755,1,1.2875818,1.7436079
2022-10-05,-1.2172839658645744,3,1.3760138,1.6688927
2022-10-07,-1.5986602166939972,5,1.3225312,1.7691813
2022-10-14,0.6633203031709579,10,1.2901607,1.6738745
2022-10-31,0.0785759079237375,21,1.3046612,1.3781674
2022-10-04,3.706217781261862,1,1.3752319,1.9299805
2022-10-06,-0.3713745937088292,3,1.3554636,1.5842795
2022-10-10,-0.00048537812328272925,5,1.31825,1.5961715
2022-10-17,1.6839561758517503,10,1.3102806,1.5472158
2022-11-01,0.6392806386088777,21,1.3000227,1.2544627
2022-10-05,-1.2172839658645744,1,1.3760138,1.6502225
2022-10-07,-1.5986602166939972,3,1.3225312,1.5026532
2022-10-11,-0.43024620348174364,5,1.2685933,1.4698261
2022-10-18,0.9174309999999847,10,1.3122408,1.6144744
2022-11-02,-0.6166480800149784,21,1.2918456,1.2637116
2022-10-06,-0.3713745937088292,1,1.3554636,1.6624207
2022-10-10,-0.00048537812328272925,3,1.31825,1.4956975
2022-10-12,-0.393483874806835,5,1.2689896,1.5726286
2022-10-19,-0.18975326864552514,10,1.3102134,1.5197108
2022-11-03,-0.9591928410773544,21,1.2971075,1.4045508
2022-10-07,-1.5986602166939972,1,1.3225312,1.7466127
2022-10-11,-0.43024620348174364,3,1.2685933,1.5021125
2022-10-13,1.494821616737313,5,1.286394,1.4687331
2022-10-20,0.2038511282382018,10,1.3049946,1.5964993
2022-11-04,2.479695938923305,21,1.3344579,1.3033606
2022-10-10,-0.00048537812328272925,1,1.31825,1.7038968
2022-10-12,-0.393483874806835,3,1.2689896,1.6587162
2022-10-14,0.6633203031709579,5,1.2901607,1.5447651
2022-10-21,-0.28637027154118216,10,1.2887552,1.6383396
2022-11-07,0.5458385309449212,21,1.3363949,1.2330214
2022-10-11,-0.43024620348174364,1,1.2685933,1.9202739
2022-10-13,1.494821616737313,3,1.286394,1.5689824
2022-10-17,1.6839561758517503,5,1.3102806,1.495914
2022-10-24,1.5630204015319171,10,1.3064232,1.6852934
2022-11-08,1.1404791296152677,21,1.3419274,1.3154173
2022-10-12,-0.393483874806835,1,1.2689896,1.6771555
2022-10-14,0.6633203031709579,3,1.2901607,1.482109
2022-10-18,0.9174309999999847,5,1.3122408,1.3810244
2022-10-25,0.9352581075021176,10,1.3126478,1.6306567
2022-11-09,-0.16398928805775537,21,1.315336,1.1707696
2022-10-13,1.494821616737313,1,1.286394,1.731037
2022-10-17,1.6839561758517503,3,1.3102806,1.4861825
2022-10-19,-0.18975326864552514,5,1.3102134,1.6529657
2022-10-26,1.088439741803436,10,1.3135742,1.3931407
2022-11-10,3.4503815043386363,21,1.3872422,1.3801285
2022-10-14,0.6633203031709579,1,1.2901607,1.7906735
2022-10-18,0.9174309999999847,3,1.3122408,1.3919892
2022-10-20,0.2038511282382018,5,1.3049946,1.4286268
2022-10-27,0.11679385624161549,10,1.3114057,1.3788288
2022-11-11,0.5552913080208909,21,1.3800223,1.4149661
2022-10-17,1.6839561758517503,1,1.3102806,1.389827
2022-10-19,-0.18975326864552514,3,1.3102134,1.2323259
2022-10-21,-0.28637027154118216,5,1.2887552,1.3134588
2022-10-28,0.24267743984353524,10,1.3096017,1.2877676
2022-11-14,0.6197998452511426,21,1.3442695,1.1455714
2022-10-18,0.9174309999999847,1,1.3122408,1.2246882
2022-10-20,0.2038511282382018,3,1.3049946,1.1875155
2022-10-24,1.5630204015319171,5,1.3064232,1.2178696
2022-10-31,0.0785759079237375,10,1.3046612,1.4002528
2022-11-15,0.45455531871306293,21,1.3438332,1.23644
2022-10-19,-0.18975326864552514,1,1.3102134,1.3106241
2022-10-21,-0.28637027154118216,3,1.2887552,1.0671154
2022-10-25,0.9352581075021176,5,1.3126478,1.0259014
2022-11-01,0.6392806386088777,10,1.3000227,1.1024114
2022-11-16,-1.0099118775888958,21,1.3520243,1.145884
2022-10-20,0.2038511282382018,1,1.3049946,1.2970387
2022-10-24,1.5630204015319171,3,1.3064232,1.1489424
2022-10-26,1.088439741803436,5,1.3135742,1.0627288
2022-11-02,-0.6166480800149784,10,1.2918456,1.263761
2022-11-17,0.22701163309763137,21,1.3516366,1.1511419
2022-10-21,-0.28637027154118216,1,1.2887552,1.4022328
2022-10-25,0.9352581075021176,3,1.3126478,1.1688341
2022-10-27,0.11679385624161549,5,1.3114057,1.1286964
2022-11-03,-0.9591928410773544,10,1.2971075,1.2367225
2022-11-18,1.1532574922613938,21,1.3202901,1.1852794
2022-10-24,1.5630204015319171,1,1.3064232,1.4781832
2022-10-26,1.088439741803436,3,1.3135742,1.0243089
2022-10-28,0.24267743984353524,5,1.3096017,0.9427039
2022-11-04,2.479695938923305,10,1.3344579,1.292446
2022-11-21,-0.3604824290862554,21,1.3181899,1.3144014
2022-10-25,0.9352581075021176,1,1.3126478,1.2299241
2022-10-27,0.11679385624161549,3,1.3114057,1.110707
2022-10-31,0.0785759079237375,5,1.3046612,1.2433292
2022-11-07,0.5458385309449212,10,1.3363949,1.0394963
2022-11-22,0.294559691677695,21,1.317499,1.1768874
2022-10-26,1.088439741803436,1,1.3135742,1.1257296
2022-10-28,0.24267743984353524,3,1.3096017,1.0254561
2022-11-01,0.6392806386088777,5,1.3000227,1.0780971
2022-11-08,1.1404791296152677,10,1.3419274,1.2624369
2022-11-23,0.036327524646244544,21,1.308889,1.0829865
2022-10-27,0.11679385624161549,1,1.3114057,1.3048722
2022-10-31,0.0785759079237375,3,1.3046612,1.1531816
2022-11-02,-0.6166480800149784,5,1.2918456,1.200833
2022-11-09,-0.16398928805775537,10,1.315336,1.1500031
2022-11-24,0.7730845905921981,21,1.2892485,1.1963283
2022-10-28,0.24267743984353524,1,1.3096017,0.9762431
2022-11-01,0.6392806386088777,3,1.3000227,0.96454406
2022-11-03,-0.9591928410773544,5,1.2971075,1.1318635
2022-11-10,3.4503815043386363,10,1.3872422,1.1804922
2022-11-25,0.012518938773022797,21,1.226245,1.1409202
2022-10-31,0.0785759079237375,1,1.3046612,1.309033
2022-11-02,-0.6166480800149784,3,1.2918456,1.0094838
2022-11-04,2.479695938923305,5,1.3344579,0.94540274
2022-11-11,0.5552913080208909,10,1.3800223,1.1083951
2022-11-28,-1.0926362834623982,21,1.1963339,1.2116094
2022-11-01,0.6392806386088777,1,1.3000227,0.98858154
2022-11-03,-0.9591928410773544,3,1.2971075,0.9932302
2022-11-07,0.5458385309449212,5,1.3363949,0.9671823
2022-11-14,0.6197998452511426,10,1.3442695,1.094883
2022-11-29,-0.1942332650065319,21,1.1941751,1.0058072
2022-11-02,-0.6166480800149784,1,1.2918456,1.0178089
2022-11-04,2.479695938923305,3,1.3344579,0.9487276
2022-11-08,1.1404791296152677,5,1.3419274,0.9366066
2022-11-15,0.45455531871306293,10,1.3438332,1.2991208
2022-11-30,0.28929579606595685,21,1.194067,1.0946841
2022-11-03,-0.9591928410773544,1,1.2971075,1.1935946
2022-11-07,0.5458385309449212,3,1.3363949,0.9148962
2022-11-09,-0.16398928805775537,5,1.315336,0.9899157
2022-11-16,-1.0099118775888958,10,1.3520243,1.2516932
2022-12-01,0.6456813962978359,21,1.1950136,1.2179751
2022-11-04,2.479695938923305,1,1.3344579,1.3428471
2022-11-08,1.1404791296152677,3,1.3419274,1.0780735
2022-11-10,3.4503815043386363,5,1.3872422,1.0415523
2022-11-17,0.22701163309763137,10,1.3516366,1.407254
2022-12-02,0.2694023825114404,21,1.1842656,1.2214152
2022-11-07,0.5458385309449212,1,1.3363949,1.1249233
2022-11-09,-0.16398928805775537,3,1.315336,1.0087361
2022-11-11,0.5552913080208909,5,1.3800223,1.1099025
2022-11-18,1.1532574922613938,10,1.3202901,1.1937922
2022-12-05,-0.5644443109854936,21,1.1521615,1.1297954
2022-11-08,1.1404791296152677,1,1.3419274,1.335898
2022-11-10,3.4503815043386363,3,1.3872422,1.0473024
2022-11-14,0.6197998452511426,5,1.3442695,1.1378263
2022-11-21,-0.3604824290862554,10,1.3181899,1.3218541
2022-12-06,-0.7253732226485714,21,1.135259,1.1586272
2022-11-09,-0.16398928805775537,1,1.315336,1.1644576
2022-11-11,0.5552913080208909,3,1.3800223,1.1093673
2022-11-15,0.45455531871306293,5,1.3438332,1.2986648
2022-11-22,0.294559691677695,10,1.317499,1.0678024
2022-12-07,-0.5733403217342297,21,1.1249927,1.1328976
2022-11-10,3.4503815043386363,1,1.3872422,1.2922148
2022-11-14,0.6197998452511426,3,1.3442695,1.0620521
2022-11-16,-1.0099118775888958,5,1.3520243,1.1278974
2022-11-23,0.036327524646244544,10,1.308889,1.0632068
2022-12-08,0.023621749757094593,21,1.1213781,1.3623616
2022-11-11,0.5552913080208909,1,1.3800223,1.2109076
2022-11-15,0.45455531871306293,3,1.3438332,1.2131741
2022-11-17,0.22701163309763137,5,1.3516366,1.220209
2022-11-24,0.7730845905921981,10,1.2892485,1.1475828
2022-12-09,0.7414674850307063,21,1.097444,1.025451
2022-11-14,0.6197998452511426,1,1.3442695,1.129865
2022-11-16,-1.0099118775888958,3,1.3520243,1.0313227
2022-11-18,1.1532574922613938,5,1.3202901,0.99840343
2022-11-25,0.012518938773022797,10,1.226245,1.2861435
2022-12-12,-0.44697262002438226,21,1.0999415,1.1640387
2022-11-15,0.45455531871306293,1,1.3438332,1.3762317
2022-11-17,0.22701163309763137,3,1.3516366,1.1369814
2022-11-21,-0.3604824290862554,5,1.3181899,1.1270008
2022-11-28,-1.0926362834623982,10,1.1963339,1.0936277
2022-12-13,1.328003935503363,21,1.09773,1.1831541
2022-11-16,-1.0099118775888958,1,1.3520243,0.98760146
2022-11-18,1.1532574922613938,3,1.3202901,0.8804734
2022-11-22,0.294559691677695,5,1.317499,0.90150464
2022-11-29,-0.1942332650065319,10,1.1941751,1.0612597
2022-12-14,-0.260303594675592,21,1.0972196,1.0975258
2022-11-17,0.22701163309763137,1,1.3516366,1.4414937
2022-11-21,-0.3604824290862554,3,1.3181899,1.1457783
2022-11-23,0.036327524646244544,5,1.308889,1.1072057
2022-11-30,0.28929579606595685,10,1.194067,1.2404345
2022-12-15,-3.332675372250476,21,1.1589284,1.3111702
2022-11-18,1.1532574922613938,1,1.3202901,1.3242153
2022-11-22,0.294559691677695,3,1.317499,1.0959262
2022-11-24,0.7730845905921981,5,1.2892485,1.034035
2022-12-01,0.6456813962978359,10,1.1950136,1.2079144
2022-12-16,-0.6683130522147943,21,1.128961,1.1463203
2022-11-21,-0.3604824290862554,1,1.3181899,1.0837669
2022-11-23,0.036327524646244544,3,1.308889,0.9502672
2022-11-25,0.012518938773022797,5,1.226245,1.048389
2022-12-02,0.2694023825114404,10,1.1842656,1.0903239
2022-12-19,0.35780977434280625,21,1.1257358,1.2138686
2022-11-22,0.294559691677695,1,1.317499,1.3172123
2022-11-24,0.7730845905921981,3,1.2892485,0.9494641
2022-11-28,-1.0926362834623982,5,1.1963339,1.0329827
2022-12-05,-0.5644443109854936,10,1.1521615,1.1854258
2022-12-20,-0.4183630043227707,21,1.1220796,1.2930654
2022-11-23,0.036327524646244544,1,1.308889,1.0134964
2022-11-25,0.012518938773022797,3,1.226245,1.0524735
2022-11-29,-0.1942332650065319,5,1.1941751,1.0246098
2022-12-06,-0.7253732226485714,10,1.135259,1.202554
2022-12-21,1.5235552812183297,21,1.1344616,1.1156236
2022-11-24,0.7730845905921981,1,1.2892485,1.0956892
2022-11-28,-1.0926362834623982,3,1.1963339,1.0504683
2022-11-30,0.28929579606595685,5,1.194067,1.1109178
2022-12-07,-0.5733403217342297,10,1.1249927,1.0799094
2022-12-22,-1.3119616816044728,21,1.1236724,1.1183721
2022-11-25,0.012518938773022797,1,1.226245,1.1927977
2022-11-29,-0.1942332650065319,3,1.1941751,0.9984998
2022-12-01,0.6456813962978359,5,1.1950136,0.9733334
2022-12-08,0.023621749757094593,10,1.1213781,1.1953874
2022-12-23,0.1928514329531038,21,1.1174225,1.2694411
2022-11-28,-1.0926362834623982,1,1.1963339,1.0348508
2022-11-30,0.28929579606595685,3,1.194067,1.0011684
2022-12-02,0.2694023825114404,5,1.1842656,1.1977353
2022-12-09,0.7414674850307063,10,1.097444,0.94927984
2022-12-27,0.3878145257677015,21,1.1153021,1.2095884
2022-11-29,-0.1942332650065319,1,1.1941751,1.2941126
2022-12-01,0.6456813962978359,3,1.1950136,1.1146798
2022-12-05,-0.5644443109854936,5,1.1521615,1.0371319
2022-12-12,-0.44697262002438226,10,1.0999415,1.4658133
2022-12-28,-0.4978395633902036,21,1.0211328,1.2185689
2022-11-30,0.28929579606595685,1,1.194067,1.3852888
2022-12-02,0.2694023825114404,3,1.1842656,1.3244656
2022-12-06,-0.7253732226485714,5,1.135259,1.3825481
2022-12-13,1.328003935503363,10,1.09773,1.3921102
2022-12-29,1.0438245330955114,21,1.0112141,1.2832857
2022-12-01,0.6456813962978359,1,1.1950136,1.5626308
2022-12-05,-0.5644443109854936,3,1.1521615,1.2262621
2022-12-07,-0.5733403217342297,5,1.1249927,1.1123149
2022-12-14,-0.260303594675592,10,1.0972196,1.6279578
2022-12-30,-1.058257740438027,21,1.0215712,1.2466376
2022-12-02,0.2694023825114404,1,1.1842656,1.3731997
2022-12-06,-0.7253732226485714,3,1.135259,1.1443928
2022-12-08,0.023621749757094593,5,1.1213781,1.3242811
2022-12-15,-3.332675372250476,10,1.1589284,1.0925097
2023-01-02,1.0407746180438886,21,1.0001248,1.3475716
2022-12-05,-0.5644443109854936,1,1.1521615,1.1523417
2022-12-07,-0.5733403217342297,3,1.1249927,1.1056701
2022-12-09,0.7414674850307063,5,1.097444,1.163735
2022-12-16,-0.6683130522147943,10,1.128961,1.2668537
2023-01-03,0.7958021257238117,21,1.002327,1.1133895
2022-12-06,-0.7253732226485714,1,1.135259,1.2394073
2022-12-08,0.023621749757094593,3,1.1213781,1.1860057
2022-12-12,-0.44697262002438226,5,1.0999415,1.2106621
2022-12-19,0.35780977434280625,10,1.1257358,1.2921919
2023-01-04,2.156232381153874,21,1.0282563,1.1920391
2022-12-07,-0.5733403217342297,1,1.1249927,1.3893888
2022-12-09,0.7414674850307063,3,1.097444,1.2225236
2022-12-13,1.328003935503363,5,1.09773,1.2556564
2022-12-20,-0.4183630043227707,10,1.1220796,1.3908601
2023-01-05,-0.3766073103131592,21,1.0280701,1.2652397
2022-12-08,0.023621749757094593,1,1.1213781,1.568914
2022-12-12,-0.44697262002438226,3,1.0999415,1.3196791
2022-12-14,-0.260303594675592,5,1.0972196,1.2030371
2022-12-21,1.5235552812183297,10,1.1344616,1.4522055
2023-01-06,1.1961031724754225,21,1.0228186,1.2404716
2022-12-09,0.7414674850307063,1,1.097444,1.3102121
2022-12-13,1.328003935503363,3,1.09773,1.1206347
2022-12-15,-3.332675372250476,5,1.1589284,1.2175416
2022-12-22,-1.3119616816044728,10,1.1236724,1.4384048
2023-01-09,1.24350466005668,21,1.0292327,1.3914917
2022-12-12,-0.44697262002438226,1,1.0999415,1.3230062
2022-12-14,-0.260303594675592,3,1.0972196,1.1756545
2022-12-16,-0.6683130522147943,5,1.128961,1.1789374
2022-12-23,0.1928514329531038,10,1.1174225,1.5094061
2023-01-10,-0.12331454747913721,21,1.01405,1.0710492
2022-12-13,1.328003935503363,1,1.09773,1.1902661
2022-12-15,-3.332675372250476,3,1.1589284,1.2041662
2022-12-19,0.35780977434280625,5,1.1257358,1.3235629
2022-12-27,0.3878145257677015,10,1.1153021,1.392951
2023-01-11,1.1662037457026155,21,1.0172917,1.2650554
2022-12-14,-0.260303594675592,1,1.0972196,1.6654136
2022-12-16,-0.6683130522147943,3,1.128961,1.4007208
2022-12-20,-0.4183630043227707,5,1.1220796,1.5191705
2022-12-28,-0.4978395633902036,10,1.0211328,1.3284731
2023-01-12,0.7357820037865542,21,1.0173268,1.4208162
2022-12-15,-3.332675372250476,1,1.1589284,1.3288461
2022-12-19,0.35780977434280625,3,1.1257358,1.3575007
2022-12-21,1.5235552812183297,5,1.1344616,1.421561
2022-12-29,1.0438245330955114,10,1.0112141,1.4103967
2023-01-13,0.18722775871715627,21,1.0173497,1.1397694
2022-12-16,-0.6683130522147943,1,1.128961,1.3132691
2022-12-20,-0.4183630043227707,3,1.1220796,1.1934135
2022-12-22,-1.3119616816044728,5,1.1236724,1.184714
2022-12-30,-1.058257740438027,10,1.0215712,1.2685226
2023-01-16,0.31449150945529913,21,1.0146521,1.1330838
2022-12-19,0.35780977434280625,1,1.1257358,1.507473
2022-12-21,1.5235552812183297,3,1.1344616,1.17446
2022-12-23,0.1928514329531038,5,1.1174225,1.1023033
2023-01-02,1.0407746180438886,10,1.0001248,1.3373688
2023-01-17,0.3497914614155125,21,1.0008106,1.1420399
2022-12-20,-0.4183630043227707,1,1.1220796,1.575371
2022-12-22,-1.3119616816044728,3,1.1236724,1.0914726
2022-12-27,0.3878145257677015,5,1.1153021,1.1634833
2023-01-03,0.7958021257238117,10,1.002327,1.2518107
2023-01-18,-0.034709937149967826,21,0.9976782,1.256721
2022-12-21,1.5235552812183297,1,1.1344616,1.5597676
2022-12-23,0.1928514329531038,3,1.1174225,1.1201291
2022-12-28,-0.4978395633902036,5,1.0211328,1.1663244
2023-01-04,2.156232381153874,10,1.0282563,1.1850338
2023-01-19,-1.7370582414515032,21,1.0238587,1.3803955
2022-12-22,-1.3119616816044728,1,1.1236724,1.2552998
2022-12-27,0.3878145257677015,3,1.1153021,1.1729864
2022-12-29,1.0438245330955114,5,1.0112141,1.1620239
2023-01-05,-0.3766073103131592,10,1.0280701,1.1659943
2023-01-20,0.755826001684081,21,1.0262495,1.1017497
2022-12-23,0.1928514329531038,1,1.1174225,1.3840616
2022-12-28,-0.4978395633902036,3,1.0211328,1.1105657
2022-12-30,-1.058257740438027,5,1.0215712,1.0811986
2023-01-06,1.1961031724754225,10,1.0228186,1.2764041
2023-01-23,0.4605095159965551,21,1.0267329,1.1919293
2022-12-27,0.3878145257677015,1,1.1153021,1.2865252
2022-12-29,1.0438245330955114,3,1.0112141,1.1914363
2023-01-02,1.0407746180438886,5,1.0001248,1.3035713
2023-01-09,1.24350466005668,10,1.0292327,1.2834966
2023-01-24,-0.0651730319789013,21,1.0272337,1.0506773
2022-12-28,-0.4978395633902036,1,1.0211328,1.5273894
2022-12-30,-1.058257740438027,3,1.0215712,0.95637333
2023-01-03,0.7958021257238117,5,1.002327,0.86355394
2023-01-10,-0.12331454747913721,10,1.01405,1.0441613
2023-01-25,-0.07602849188502118,21,1.0263956,1.2083635
2022-12-29,1.0438245330955114,1,1.0112141,1.342866
2023-01-02,1.0407746180438886,3,1.0001248,0.94410944
2023-01-04,2.156232381153874,5,1.0282563,0.9991421
2023-01-11,1.1662037457026155,10,1.0172917,0.97683793
2023-01-26,0.338976505849431,21,1.0208341,1.2260014
2022-12-30,-1.058257740438027,1,1.0215712,1.0258038
2023-01-03,0.7958021257238117,3,1.002327,0.92801875
2023-01-05,-0.3766073103131592,5,1.0280701,0.9248204
2023-01-12,0.7357820037865542,10,1.0173268,1.0113341
2023-01-27,0.11346784699686377,21,1.0091481,0.8409928
2023-01-02,1.0407746180438886,1,1.0001248,1.3441073
2023-01-04,2.156232381153874,3,1.0282563,0.94348204
2023-01-06,1.1961031724754225,5,1.0228186,1.0075374
2023-01-13,0.18722775871715627,10,1.0173497,1.0894529
2023-01-30,-0.15821187087907593,21,0.9664083,1.102609
2023-01-03,0.7958021257238117,1,1.002327,0.9952302
2023-01-05,-0.3766073103131592,3,1.0280701,0.9455662
2023-01-09,1.24350466005668,5,1.0292327,1.108386
2023-01-16,0.31449150945529913,10,1.0146521,0.8089199
2023-01-31,0.014473642019029485,21,0.96556854,1.0885655
2023-01-04,2.156232381153874,1,1.0282563,1.1428127
2023-01-06,1.1961031724754225,3,1.0228186,0.77478385
2023-01-10,-0.12331454747913721,5,1.01405,0.68714213
2023-01-17,0.3497914614155125,10,1.0008106,1.039629
2023-02-01,0.3462386659907409,21,0.95766866,1.0478508
2023-01-05,-0.3766073103131592,1,1.0280701,0.9854898
2023-01-09,1.24350466005668,3,1.0292327,0.75649405
2023-01-11,1.1662037457026155,5,1.0172917,0.88707864
2023-01-18,-0.034709937149967826,10,0.9976782,0.8904699
2023-02-02,2.1405244587293084,21,0.9896273,1.1767606
2023-01-06,1.1961031724754225,1,1.0228186,1.101253
2023-01-10,-0.12331454747913721,3,1.01405,0.76902276
2023-01-12,0.7357820037865542,5,1.0173268,0.74961835
2023-01-19,-1.7370582414515032,10,1.0238587,1.1511282
2023-02-03,-0.2114577941051755,21,0.89483,0.98711425
2023-01-09,1.24350466005668,1,1.0292327,0.8825676
2023-01-11,1.1662037457026155,3,1.0172917,0.74720895
2023-01-13,0.18722775871715627,5,1.0173497,0.99169505
2023-01-20,0.755826001684081,10,1.0262495,0.9158778
2023-02-06,-0.8469202017936116,21,0.9023395,0.9265012
2023-01-10,-0.12331454747913721,1,1.01405,0.8397544
2023-01-12,0.7357820037865542,3,1.0173268,0.70751196
2023-01-16,0.31449150945529913,5,1.0146521,0.80263996
2023-01-23,0.4605095159965551,10,1.0267329,0.85551727
2023-02-07,-0.16324029325455972,21,0.9007441,1.0610244
2023-01-11,1.1662037457026155,1,1.0172917,0.8974675
2023-01-13,0.18722775871715627,3,1.0173497,0.82516223
2023-01-17,0.3497914614155125,5,1.0008106,0.8794415
2023-01-24,-0.0651730319789013,10,1.0272337,0.8337357
2023-02-08,0.5933062044065663,21,0.9018123,0.8014003
2023-01-12,0.7357820037865542,1,1.0173268,0.86066735
2023-01-16,0.31449150945529913,3,1.0146521,0.69954234
2023-01-18,-0.034709937149967826,5,0.9976782,0.7443938
2023-01-25,-0.07602849188502118,10,1.0263956,0.8791972
2023-02-09,0.7200187960002645,21,0.89282465,0.93751585
2023-01-13,0.18722775871715627,1,1.0173497,0.96968937
2023-01-17,0.3497914614155125,3,1.0008106,0.77120745
2023-01-19,-1.7370582414515032,5,1.0238587,0.76990104
2023-01-26,0.338976505849431,10,1.0208341,0.81224406
2023-02-10,-1.3975554593732504,21,0.9146476,0.84523106
2023-01-16,0.31449150945529913,1,1.0146521,0.7740576
2023-01-18,-0.034709937149967826,3,0.9976782,0.62248456
2023-01-20,0.755826001684081,5,1.0262495,0.7079139
2023-01-27,0.11346784699686377,10,1.0091481,0.8461679
2023-02-13,0.58204654024423,21,0.90662104,0.94094193
2023-01-17,0.3497914614155125,1,1.0008106,0.8223893
2023-01-19,-1.7370582414515032,3,1.0238587,0.6363965
2023-01-23,0.4605095159965551,5,1.0267329,0.78040665
2023-01-30,-0.15821187087907593,10,0.9664083,0.9913348
2023-02-14,-0.10904106790648974,21,0.9049989,0.98308766
2023-01-18,-0.034709937149967826,1,0.9976782,0.78115255
2023-01-20,0.755826001684081,3,1.0262495,0.6113155
2023-01-24,-0.0651730319789013,5,1.0272337,0.61512196
2023-01-31,0.014473642019029485,10,0.96556854,0.866585
2023-02-15,0.8144616074990894,21,0.90925425,0.91228867
2023-01-19,-1.7370582414515032,1,1.0238587,0.85035086
2023-01-23,0.4605095159965551,3,1.0267329,0.7008428
2023-01-25,-0.07602849188502118,5,1.0263956,0.7726212
2023-02-01,0.3462386659907409,10,0.95766866,0.96937287
2023-02-16,0.1759009649695851,21,0.909213,0.86761284
2023-01-20,0.755826001684081,1,1.0262495,0.98861575
2023-01-24,-0.0651730319789013,3,1.0272337,0.79621685
2023-01-26,0.338976505849431,5,1.0208341,0.86007035
2023-02-02,2.1405244587293084,10,0.9896273,0.84367216
2023-02-17,-0.33299133430264505,21,0.9070216,1.0226966
2023-01-23,0.4605095159965551,1,1.0267329,0.8957101
2023-01-25,-0.07602849188502118,3,1.0263956,0.69554675
2023-01-27,0.11346784699686377,5,1.0091481,0.67405736
2023-02-03,-0.2114577941051755,10,0.89483,0.7885682
2023-02-20,-0.02874844996922882,21,0.9071083,0.9520472
2023-01-24,-0.0651730319789013,1,1.0272337,0.8925574
2023-01-26,0.338976505849431,3,1.0208341,0.7725798
2023-01-30,-0.15821187087907593,5,0.9664083,0.8469958
2023-02-06,-0.8469202017936116,10,0.9023395,0.8457717
2023-02-21,-0.5177614650416545,21,0.8972372,0.9310572
2023-01-25,-0.07602849188502118,1,1.0263956,0.98151356
2023-01-27,0.11346784699686377,3,1.0091481,0.7587885
2023-01-31,0.014473642019029485,5,0.96556854,0.81659544
2023-02-07,-0.16324029325455972,10,0.9007441,0.9012568
2023-02-22,0.014738407562037703,21,0.89642733,0.8884102
2023-01-26,0.338976505849431,1,1.0208341,0.79528326
2023-01-30,-0.15821187087907593,3,0.9664083,0.740814
2023-02-01,0.3462386659907409,5,0.95766866,0.85753876
2023-02-08,0.5933062044065663,10,0.9018123,0.7547838
2023-02-23,0.4910089679164108,21,0.8974619,0.8747889
2023-01-27,0.11346784699686377,1,1.0091481,0.75851727
2023-01-31,0.014473642019029485,3,0.96556854,0.67137146
2023-02-02,2.1405244587293084,5,0.9896273,0.8114361
2023-02-09,0.7200187960002645,10,0.89282465,0.84438825
2023-02-24,-1.7334405869660656,21,0.92596596,0.87375176
2023-01-30,-0.15821187087907593,1,0.9664083,0.6871925
2023-02-01,0.3462386659907409,3,0.95766866,0.6078797
2023-02-03,-0.2114577941051755,5,0.89483,0.79945064
2023-02-10,-1.3975554593732504,10,0.9146476,0.849481
2023-02-27,1.1224889814446148,21,0.93541294,0.85514534
2023-01-31,0.014473642019029485,1,0.96556854,0.9175566
2023-02-02,2.1405244587293084,3,0.9896273,0.71103543
2023-02-06,-0.8469202017936116,5,0.9023395,0.6488941
2023-02-13,0.58204654024423,10,0.90662104,0.87831867
2023-02-28,-0.10596330542604113,21,0.93180054,0.87753415
2023-02-01,0.3462386659907409,1,0.95766866,0.69530773
2023-02-03,-0.2114577941051755,3,0.89483,0.6774325
2023-02-07,-0.16324029325455972,5,0.9007441,0.81148344
2023-02-14,-0.10904106790648974,10,0.9049989,0.76079655
2023-03-01,-0.39204357459107647,21,0.9277652,0.79982996
2023-02-02,2.1405244587293084,1,0.9896273,0.6918905
2023-02-06,-0.8469202017936116,3,0.9023395,0.61045516
2023-02-08,0.5933062044065663,5,0.9018123,0.7353713
2023-02-15,0.8144616074990894,10,0.90925425,0.95716023
2023-03-02,0.1476863054314378,21,0.92344767,0.8545393
2023-02-03,-0.2114577941051755,1,0.89483,0.61870503
2023-02-07,-0.16324029325455972,3,0.9007441,0.57832724
2023-02-09,0.7200187960002645,5,0.89282465,0.76267487
2023-02-16,0.1759009649695851,10,0.909213,0.86114204
2023-03-03,1.6226963337134577,21,0.9434714,0.84544086
2023-02-06,-0.8469202017936116,1,0.9023395,0.53362703
2023-02-08,0.5933062044065663,3,0.9018123,0.51982695
2023-02-10,-1.3975554593732504,5,0.9146476,0.58846396
2023-02-17,-0.33299133430264505,10,0.9070216,0.8858007
2023-03-06,0.4814974887177785,21,0.9412887,0.81146824
2023-02-07,-0.16324029325455972,1,0.9007441,0.72598845
2023-02-09,0.7200187960002645,3,0.89282465,0.6817254
2023-02-13,0.58204654024423,5,0.90662104,0.8455955
2023-02-20,-0.02874844996922882,10,0.9071083,0.8212496
2023-03-07,-0.6026319598284786,21,0.9431536,0.7507983
2023-02-08,0.5933062044065663,1,0.9018123,0.60500103
2023-02-10,-1.3975554593732504,3,0.9146476,0.5509867
2023-02-14,-0.10904106790648974,5,0.9049989,0.73746365
2023-02-21,-0.5177614650416545,10,0.8972372,0.95079577
2023-03-08,0.4638456276087954,21,0.9312259,0.80615306
2023-02-09,0.7200187960002645,1,0.89282465,0.72822
2023-02-13,0.58204654024423,3,0.90662104,0.66381365
2023-02-15,0.8144616074990894,5,0.90925425,0.9412995
2023-02-22,0.014738407562037703,10,0.89642733,0.9058314
2023-03-09,0.00857086402768453,21,0.9299839,0.8652247
2023-02-10,-1.3975554593732504,1,0.9146476,0.5683228
2023-02-14,-0.10904106790648974,3,0.9049989,0.56859595
2023-02-16,0.1759009649695851,5,0.909213,0.7263185
2023-02-23,0.4910089679164108,10,0.8974619,0.84416854
2023-03-10,-1.3215417024382794,21,0.8343961,0.8041831
2023-02-13,0.58204654024423,1,0.90662104,0.74199694
2023-02-15,0.8144616074990894,3,0.90925425,0.67007834
2023-02-17,-0.33299133430264505,5,0.9070216,0.7660363
2023-02-24,-1.7334405869660656,10,0.92596596,0.91829515
2023-03-13,-3.0837552271425768,21,0.92820567,0.85265684
2023-02-14,-0.10904106790648974,1,0.9049989,0.70346427
2023-02-16,0.1759009649695851,3,0.909213,0.6324471
2023-02-20,-0.02874844996922882,5,0.9071083,0.8507488
2023-02-27,1.1224889814446148,10,0.93541294,0.9761532
2023-03-14,1.810844640668792,21,0.9530515,0.8657166
2023-02-15,0.8144616074990894,1,0.90925425,0.7307505
2023-02-17,-0.33299133430264505,3,0.9070216,0.6388401
2023-02-21,-0.5177614650416545,5,0.8972372,0.7307513
2023-02-28,-0.10596330542604113,10,0.93180054,0.91726464
2023-03-15,-3.320972704836144,21,1.0509049,0.8188902
2023-02-16,0.1759009649695851,1,0.909213,0.63540226
2023-02-20,-0.02874844996922882,3,0.9071083,0.5698844
2023-02-22,0.014738407562037703,5,0.89642733,0.7804476
2023-03-01,-0.39204357459107647,10,0.9277652,0.85333157
2023-03-16,1.5611187600414351,21,1.0517787,0.9503231
2023-02-17,-0.33299133430264505,1,0.9070216,0.6837377
2023-02-21,-0.5177614650416545,3,0.8972372,0.58380306
2023-02-23,0.4910089679164108,5,0.8974619,0.7493544
2023-03-02,0.1476863054314378,10,0.92344767,0.88385415
2023-03-17,-1.3378199102217025,21,1.0523721,0.8833737
2023-02-20,-0.02874844996922882,1,0.9071083,0.7987479
2023-02-22,0.014738407562037703,3,0.89642733,0.70500857
2023-02-24,-1.7334405869660656,5,0.92596596,0.80567104
2023-03-03,1.6226963337134577,10,0.9434714,0.95610404
2023-03-20,1.1122734211361043,21,1.0604206,0.81524336
2023-02-21,-0.5177614650416545,1,0.8972372,0.7098201
2023-02-23,0.4910089679164108,3,0.8974619,0.65782124
2023-02-27,1.1224889814446148,5,0.93541294,0.8645855
2023-03-06,0.4814974887177785,10,0.9412887,0.9207978
2023-03-21,1.7389823716577375,21,1.080478,0.9117021
2023-02-22,0.014738407562037703,1,0.89642733,0.7600495
2023-02-24,-1.7334405869660656,3,0.92596596,0.63651395
2023-02-28,-0.10596330542604113,5,0.93180054,0.7412853
2023-03-07,-0.6026319598284786,10,0.9431536,0.86087716
2023-03-22,0.1371229202679795,21,1.077258,0.88099337
2023-02-23,0.4910089679164108,1,0.8974619,0.640502
2023-02-27,1.1224889814446148,3,0.93541294,0.5769264
2023-03-01,-0.39204357459107647,5,0.9277652,0.70962614
2023-03-08,0.4638456276087954,10,0.9312259,0.9249758
2023-03-23,-0.038129696504742176,21,1.0710412,0.9406104
2023-02-24,-1.7334405869660656,1,0.92596596,0.73353267
2023-02-28,-0.10596330542604113,3,0.93180054,0.64130765
2023-03-02,0.1476863054314378,5,0.92344767,0.77930605
2023-03-09,0.00857086402768453,10,0.9299839,0.8749274
2023-03-24,-1.6783897541230275,21,1.0855924,0.7925427
2023-02-27,1.1224889814446148,1,0.93541294,0.8306706
2023-03-01,-0.39204357459107647,3,0.9277652,0.63616896
2023-03-03,1.6226963337134577,5,0.9434714,0.77308667
2023-03-10,-1.3215417024382794,10,0.8343961,1.0102471
2023-03-27,1.133133133217044,21,1.0869857,0.83875793
2023-02-28,-0.10596330542604113,1,0.93180054,0.6442762
2023-03-02,0.1476863054314378,3,0.92344767,0.6482888
2023-03-06,0.4814974887177785,5,0.9412887,1.0218793
2023-03-13,-3.0837552271425768,10,0.92820567,0.9308445
2023-03-28,0.09474719070787628,21,1.0833699,0.87806654
2023-03-01,-0.39204357459107647,1,0.9277652,0.79363793
2023-03-03,1.6226963337134577,3,0.9434714,0.60875225
2023-03-07,-0.6026319598284786,5,0.9431536,0.68947905
2023-03-14,1.810844640668792,10,0.9530515,0.8536499
2023-03-29,1.225849548428203,21,1.0599798,0.9418644
2023-03-02,0.1476863054314378,1,0.92344767,0.7513806
2023-03-06,0.4814974887177785,3,0.9412887,0.708459
2023-03-08,0.4638456276087954,5,0.9312259,0.9380511
2023-03-15,-3.320972704836144,10,1.0509049,0.8899676
2023-03-30,1.2552042103065504,21,1.0686074,0.9193999
2023-03-03,1.6226963337134577,1,0.9434714,0.84245384
2023-03-07,-0.6026319598284786,3,0.9431536,0.7295253
2023-03-09,0.00857086402768453,5,0.9299839,0.702249
2023-03-16,1.5611187600414351,10,1.0517787,0.913707
2023-03-31,0.6833748290709876,21,1.0618925,0.8011761
2023-03-06,0.4814974887177785,1,0.9412887,0.9051218
2023-03-08,0.4638456276087954,3,0.9312259,0.6421918
2023-03-10,-1.3215417024382794,5,0.8343961,0.87311757
2023-03-17,-1.3378199102217025,10,1.0523721,1.0370107
2023-04-03,-0.3070831681625113,21,1.0527258,0.95492923
2023-03-07,-0.6026319598284786,1,0.9431536,0.6806133
2023-03-09,0.00857086402768453,3,0.9299839,0.66613007
2023-03-13,-3.0837552271425768,5,0.92820567,0.8438616
2023-03-20,1.1122734211361043,10,1.0604206,0.8903532
2023-04-04,0.14462241443289034,21,1.0523889,0.8481084
2023-03-08,0.4638456276087954,1,0.9312259,0.9851495
2023-03-10,-1.3215417024382794,3,0.8343961,0.72559714
2023-03-14,1.810844640668792,5,0.9530515,0.7461412
2023-03-21,1.7389823716577375,10,1.080478,0.90488434
2023-04-05,-0.5352844624026384,21,1.0458282,0.90412587
2023-03-09,0.00857086402768453,1,0.9299839,0.77018094
2023-03-13,-3.0837552271425768,3,0.92820567,0.7091982
2023-03-15,-3.320972704836144,5,1.0509049,0.88375676
2023-03-22,0.1371229202679795,10,1.077258,0.8333091
2023-04-06,0.499516288859765,21,1.0436933,0.9223546
2023-03-10,-1.3215417024382794,1,0.8343961,0.87856025
2023-03-14,1.810844640668792,3,0.9530515,0.7236239
2023-03-16,1.5611187600414351,5,1.0517787,0.8207953
2023-03-23,-0.038129696504742176,10,1.0710412,1.0629631
2023-04-11,0.3665582721320525,21,1.0443243,0.75389487
2023-03-13,-3.0837552271425768,1,0.92820567,1.5583129
2023-03-15,-3.320972704836144,3,1.0509049,1.3577542
2023-03-17,-1.3378199102217025,5,1.0523721,1.3911276
2023-03-24,-1.6783897541230275,10,1.0855924,1.4365895
2023-04-12,0.3088751677893238,21,1.0443015,1.3033582
2023-03-14,1.810844640668792,1,0.9530515,1.5826938
2023-03-16,1.5611187600414351,3,1.0517787,1.1246517
2023-03-20,1.1122734211361043,5,1.0604206,0.9584633
2023-03-27,1.133133133217044,10,1.0869857,0.9823741
2023-04-13,0.1645424133099298,21,1.0437086,1.2401092
2023-03-15,-3.320972704836144,1,1.0509049,1.1001518
2023-03-17,-1.3378199102217025,3,1.0523721,1.0481013
2023-03-21,1.7389823716577375,5,1.080478,1.0676113
2023-03-28,0.09474719070787628,10,1.0833699,1.0718584
2023-04-14,0.49491262601629105,21,1.0451456,0.96185905
2023-03-16,1.5611187600414351,1,1.0517787,1.9512979
2023-03-20,1.1122734211361043,3,1.0604206,1.2265843
2023-03-22,0.1371229202679795,5,1.077258,1.1870184
2023-03-29,1.225849548428203,10,1.0599798,1.3478575
2023-04-17,-0.11374314829180616,21,1.0183116,1.3605369
2023-03-17,-1.3378199102217025,1,1.0523721,1.4216734
2023-03-21,1.7389823716577375,3,1.080478,1.3140699
2023-03-23,-0.038129696504742176,5,1.0710412,1.4187819
2023-03-30,1.2552042103065504,10,1.0686074,0.9794688
2023-04-18,0.5881493319267852,21,1.0166943,1.2154485
2023-03-20,1.1122734211361043,1,1.0604206,1.6087205
2023-03-22,0.1371229202679795,3,1.077258,1.1541651
2023-03-24,-1.6783897541230275,5,1.0855924,1.1201684
2023-03-31,0.6833748290709876,10,1.0618925,1.2428395
2023-04-19,0.07886163572757404,21,1.0155402,1.4087956
2023-03-21,1.7389823716577375,1,1.080478,1.5998623
2023-03-23,-0.038129696504742176,3,1.0710412,1.3397975
2023-03-27,1.133133133217044,5,1.0869857,1.3372018
2023-04-03,-0.3070831681625113,10,1.0527258,1.3584368
2023-04-20,-0.6262362247234691,21,1.0195237,1.1800215
2023-03-22,0.1371229202679795,1,1.077258,1.3920286
2023-03-24,-1.6783897541230275,3,1.0855924,1.1783159
2023-03-28,0.09474719070787628,5,1.0833699,1.1556765
2023-04-04,0.14462241443289034,10,1.0523889,1.1497688
2023-04-21,0.5410167302099126,21,1.0210766,1.1770597
2023-03-23,-0.038129696504742176,1,1.0710412,1.5840377
2023-03-27,1.133133133217044,3,1.0869857,1.0012379
2023-03-29,1.225849548428203,5,1.0599798,1.0122321
2023-04-05,-0.5352844624026384,10,1.0458282,1.0876982
2023-04-24,-0.11157424650908336,21,1.0208423,1.3967135
2023-03-24,-1.6783897541230275,1,1.0855924,1.0653434
2023-03-28,0.09474719070787628,3,1.0833699,0.91619563
2023-03-30,1.2552042103065504,5,1.0686074,1.0562289
2023-04-06,0.499516288859765,10,1.0436933,0.96983564
2023-04-25,0.05154819159133301,21,1.0208379,1.2223595
2023-03-27,1.133133133217044,1,1.0869857,1.4345106
2023-03-29,1.225849548428203,3,1.0599798,1.1430746
2023-03-31,0.6833748290709876,5,1.0618925,0.87929004
2023-04-11,0.3665582721320525,10,1.0443243,1.2218075
2023-04-26,-0.48250536308058767,21,1.0229639,1.0110637
2023-03-28,0.09474719070787628,1,1.0833699,1.4195323
2023-03-30,1.2552042103065504,3,1.0686074,1.0683948
2023-04-03,-0.3070831681625113,5,1.0527258,1.10634
2023-04-12,0.3088751677893238,10,1.0443015,1.0419298
2023-04-27,0.029875298206348457,21,1.022951,1.3630986
2023-03-29,1.225849548428203,1,1.0599798,1.4588003
2023-03-31,0.6833748290709876,3,1.0618925,1.022671
2023-04-04,0.14462241443289034,5,1.0523889,1.0049919
2023-04-13,0.1645424133099298,10,1.0437086,1.323984
2023-04-28,0.7687226368913168,21,1.026316,1.176117
2023-03-30,1.2552042103065504,1,1.0686074,1.1189175
2023-04-03,-0.3070831681625113,3,1.0527258,0.8625318
2023-04-05,-0.5352844624026384,5,1.0458282,1.0757957
2023-04-14,0.49491262601629105,10,1.0451456,0.87187195
2023-05-02,-1.235046664211514,21,1.0036918,1.2538382
2023-03-31,0.6833748290709876,1,1.0618925,0.98412216
2023-04-04,0.14462241443289034,3,1.0523889,1.0026226
2023-04-06,0.499516288859765,5,1.0436933,1.1387823
2023-04-17,-0.11374314829180616,10,1.0183116,0.97871125
2023-05-03,0.5587430719483529,21,1.0055628,1.1931263
2023-04-03,-0.3070831681625113,1,1.0527258,1.1229851
2023-04-05,-0.5352844624026384,3,1.0458282,1.015947
2023-04-11,0.3665582721320525,5,1.0443243,1.0930554
2023-04-18,0.5881493319267852,10,1.0166943,1.1464412
2023-05-04,-0.5123379169960087,21,1.0015026,0.9739591
2023-04-04,0.14462241443289034,1,1.0523889,1.1597458
2023-04-06,0.499516288859765,3,1.0436933,0.9393469
2023-04-12,0.3088751677893238,5,1.0443015,0.9760132
2023-04-19,0.07886163572757404,10,1.0155402,1.1416137
2023-05-05,1.4310226108008792,21,1.0170034,1.2327285
2023-04-05,-0.5352844624026384,1,1.0458282,1.1187394
2023-04-11,0.3665582721320525,3,1.0443243,0.96385103
2023-04-13,0.1645424133099298,5,1.0437086,0.9596226
2023-04-20,-0.6262362247234691,10,1.0195237,0.98478055
2023-05-08,-0.05132225290897682,21,1.0147648,0.9589869
2023-04-06,0.499516288859765,1,1.0436933,1.1893573
2023-04-12,0.3088751677893238,3,1.0443015,0.80659187
2023-04-14,0.49491262601629105,5,1.0451456,0.75072294
2023-04-21,0.5410167302099126,10,1.0210766,1.1380507
2023-05-09,0.016612541282627895,21,1.0110372,1.2682333
2023-04-11,0.3665582721320525,1,1.0443243,1.2731099
2023-04-13,0.1645424133099298,3,1.0437086,0.9539005
2023-04-17,-0.11374314829180616,5,1.0183116,1.1182704
2023-04-24,-0.11157424650908336,10,1.0208423,0.95013523
2023-05-10,-0.37203695874876747,21,0.9947613,1.0862076
2023-04-12,0.3088751677893238,1,1.0443015,1.0866771
2023-04-14,0.49491262601629105,3,1.0451456,0.714111
2023-04-18,0.5881493319267852,5,1.0166943,0.7039572
2023-04-25,0.05154819159133301,10,1.0208379,1.063896
2023-05-11,-0.3864997452142485,21,0.99405146,1.059499
2023-04-13,0.1645424133099298,1,1.0437086,0.8884075
2023-04-17,-0.11374314829180616,3,1.0183116,0.772848
2023-04-19,0.07886163572757404,5,1.0155402,0.9772756
2023-04-26,-0.48250536308058767,10,1.0229639,0.83964026
2023-05-12,0.49709275032310074,21,0.9955208,1.0987785
2023-04-14,0.49491262601629105,1,1.0451456,0.85890555
2023-04-18,0.5881493319267852,3,1.0166943,0.7086286
2023-04-20,-0.6262362247234691,5,1.0195237,0.68759006
2023-04-27,0.029875298206348457,10,1.022951,0.97071457
2023-05-15,0.021487954403036656,21,0.99054307,0.91805696
2023-04-17,-0.11374314829180616,1,1.0183116,0.84032655
2023-04-19,0.07886163572757404,3,1.0155402,0.717343
2023-04-21,0.5410167302099126,5,1.0210766,0.8414136
2023-04-28,0.7687226368913168,10,1.026316,0.7951654
2023-05-16,-0.12139208618881672,21,0.9906135,0.9967153
2023-04-18,0.5881493319267852,1,1.0166943,1.1238816
2023-04-20,-0.6262362247234691,3,1.0195237,0.80396914
2023-04-24,-0.11157424650908336,5,1.0208423,0.80619884
2023-05-02,-1.235046664211514,10,1.0036918,0.99358845
2023-05-17,0.33514259524086437,21,0.9901204,1.0541409
2023-04-19,0.07886163572757404,1,1.0155402,0.8409871
2023-04-21,0.5410167302099126,3,1.0210766,0.73932296
2023-04-25,0.05154819159133301,5,1.0208379,0.77632177
2023-05-03,0.5587430719483529,10,1.0055628,0.7978793
2023-05-18,1.3206655655658732,21,1.0035415,0.87520707
2023-04-20,-0.6262362247234691,1,1.0195237,0.8708862
2023-04-24,-0.11157424650908336,3,1.0208423,0.74559176
2023-04-26,-0.48250536308058767,5,1.0229639,0.74274856
2023-05-04,-0.5123379169960087,10,1.0015026,0.8227832
2023-05-19,0.6906555293001099,21,1.0036254,0.925657
2023-04-21,0.5410167302099126,1,1.0210766,0.8274615
2023-04-25,0.05154819159133301,3,1.0208379,0.7925915
2023-04-27,0.029875298206348457,5,1.022951,0.8292762
2023-05-05,1.4310226108008792,10,1.0170034,0.864121
2023-05-22,-0.3162503832106413,21,1.0049683,0.7876903
2023-04-24,-0.11157424650908336,1,1.0208423,0.7125217
2023-04-26,-0.48250536308058767,3,1.0229639,0.61299855
2023-04-28,0.7687226368913168,5,1.026316,0.72049004
2023-05-08,-0.05132225290897682,10,1.0147648,0.81611633
2023-05-23,-0.43938799458497935,21,1.0058047,0.9362479
2023-04-25,0.05154819159133301,1,1.0208379,1.1178539
2023-04-27,0.029875298206348457,3,1.022951,0.773419
2023-05-02,-1.235046664211514,5,1.0036918,0.7553896
2023-05-09,0.016612541282627895,10,1.0110372,0.93700325
2023-05-24,-1.942430589231978,21,1.0125004,1.00596
2023-04-26,-0.48250536308058767,1,1.0229639,0.78793997
2023-04-28,0.7687226368913168,3,1.026316,0.6587819
2023-05-03,0.5587430719483529,5,1.0055628,0.7469568
2023-05-10,-0.37203695874876747,10,0.9947613,0.78625154
2023-05-25,-0.30553940535913215,21,1.0040389,0.92104983
2023-04-27,0.029875298206348457,1,1.022951,0.85566115
2023-05-02,-1.235046664211514,3,1.0036918,0.6730259
2023-05-04,-0.5123379169960087,5,1.0015026,0.7777409
2023-05-11,-0.3864997452142485,10,0.99405146,0.9779247
2023-05-26,1.196888232836375,21,1.0147696,0.9320114
2023-04-28,0.7687226368913168,1,1.026316,0.6728254
2023-05-03,0.5587430719483529,3,1.0055628,0.58711326
2023-05-05,1.4310226108008792,5,1.0170034,0.7713572
2023-05-12,0.49709275032310074,10,0.9955208,0.8946613
2023-05-29,-0.1956324077609966,21,1.0135837,0.7986811
2023-05-02,-1.235046664211514,1,1.0036918,0.6824905
2023-05-04,-0.5123379169960087,3,1.0015026,0.59777236
2023-05-08,-0.05132225290897682,5,1.0147648,0.62471616
2023-05-15,0.021487954403036656,10,0.99054307,0.9180168
2023-05-30,-0.27506643895094374,21,1.014497,0.93161476
2023-05-03,0.5587430719483529,1,1.0055628,0.8938469
2023-05-05,1.4310226108008792,3,1.0170034,0.73718137
2023-05-09,0.016612541282627895,5,1.0110372,0.82892036
2023-05-16,-0.12139208618881672,10,0.9906135,0.78826725
2023-05-31,-1.5513006778311815,21,1.0144911,0.89534354
2023-05-04,-0.5123379169960087,1,1.0015026,0.6860877
2023-05-08,-0.05132225290897682,3,1.0147648,0.60796565
2023-05-10,-0.37203695874876747,5,0.9947613,0.6765631
2023-05-17,0.33514259524086437,10,0.9901204,0.93634737
2023-06-01,1.2034065673685879,21,1.0244205,0.7915544
2023-05-05,1.4310226108008792,1,1.0170034,0.89090884
2023-05-09,0.016612541282627895,3,1.0110372,0.73183614
2023-05-11,-0.3864997452142485,5,0.99405146,0.8851333
2023-05-18,1.3206655655658732,10,1.0035415,0.96687514
2023-06-02,1.2385113008230193,21,1.0329578,0.77235323
2023-05-08,-0.05132225290897682,1,1.0147648,0.87315047
2023-05-10,-0.37203695874876747,3,0.9947613,0.7095263
2023-05-12,0.49709275032310074,5,0.9955208,0.8463169
2023-05-19,0.6906555293001099,10,1.0036254,0.91308004
2023-06-05,-0.5456236720305127,21,1.0343537,1.0014081
2023-05-09,0.016612541282627895,1,1.0110372,0.7889812
2023-05-11,-0.3864997452142485,3,0.99405146,0.7142019
2023-05-15,0.021487954403036656,5,0.99054307,0.88381714
2023-05-22,-0.3162503832106413,10,1.0049683,0.84803015
2023-06-06,0.1786862807888011,21,1.0345131,0.91351193
2023-05-10,-0.37203695874876747,1,0.9947613,0.83585584
2023-05-12,0.49709275032310074,3,0.9955208,0.68735474
2023-05-16,-0.12139208618881672,5,0.9906135,0.78717625
2023-05-23,-0.43938799458497935,10,1.0058047,0.9926052
2023-06-07,-0.19954852410745913,21,1.0195564,0.8845209
2023-05-11,-0.3864997452142485,1,0.99405146,0.851725
2023-05-15,0.021487954403036656,3,0.99054307,0.69577986
2023-05-17,0.33514259524086437,5,0.9901204,0.86451006
2023-05-24,-1.942430589231978,10,1.0125004,0.9293709
2023-06-08,0.18403706327475775,21,0.9325279,0.89982134
2023-05-12,0.49709275032310074,1,0.9955208,0.8812717
2023-05-16,-0.12139208618881672,3,0.9906135,0.67414254
2023-05-18,1.3206655655658732,5,1.0035415,0.75483876
2023-05-25,-0.30553940535913215,10,1.0040389,0.9733163
2023-06-09,-0.2512234800077262,21,0.90645397,0.8876031
2023-05-15,0.021487954403036656,1,0.99054307,0.7562963
2023-05-17,0.33514259524086437,3,0.9901204,0.66083944
2023-05-19,0.6906555293001099,5,1.0036254,0.7534262
2023-05-26,1.196888232836375,10,1.0147696,0.7997462
2023-06-12,0.9238184345050415,21,0.7956591,0.9236971
2023-05-16,-0.12139208618881672,1,0.9906135,0.74917334
2023-05-18,1.3206655655658732,3,1.0035415,0.6562041
2023-05-22,-0.3162503832106413,5,1.0049683,0.6593801
2023-05-29,-0.1956324077609966,10,1.0135837,0.8089421
2023-06-13,0.8216286734134776,21,0.77894115,0.8248161
2023-05-17,0.33514259524086437,1,0.9901204,0.66703737
2023-05-19,0.6906555293001099,3,1.0036254,0.6151961
2023-05-23,-0.43938799458497935,5,1.0058047,0.8121476
2023-05-30,-0.27506643895094374,10,1.014497,0.88359606
2023-06-14,0.4923595281371546,21,0.75577545,0.8513206
2023-05-18,1.3206655655658732,1,1.0035415,0.6362781
2023-05-22,-0.3162503832106413,3,1.0049683,0.5574511
2023-05-24,-1.942430589231978,5,1.0125004,0.67140853
2023-05-31,-1.5513006778311815,10,1.0144911,0.97425264
2023-06-15,-0.12680581336934155,21,0.74633884,0.8356356
2023-05-19,0.6906555293001099,1,1.0036254,0.69008917
2023-05-23,-0.43938799458497935,3,1.0058047,0.64482254
2023-05-25,-0.30553940535913215,5,1.0040389,0.78978723
2023-06-01,1.2034065673685879,10,1.0244205,0.77498996
2023-06-16,0.41356517277134786,21,0.7174126,0.83710456
2023-05-22,-0.3162503832106413,1,1.0049683,0.5918929
2023-05-24,-1.942430589231978,3,1.0125004,0.5535561
2023-05-26,1.196888232836375,5,1.0147696,0.6465637
2023-06-02,1.2385113008230193,10,1.0329578,0.8349003
2023-06-19,-0.9609122366319118,21,0.73091996,0.8364177
2023-05-23,-0.43938799458497935,1,1.0058047,0.8261014
2023-05-25,-0.30553940535913215,3,1.0040389,0.68525624
2023-05-29,-0.1956324077609966,5,1.0135837,0.73416364
2023-06-05,-0.5456236720305127,10,1.0343537,0.91395617
2023-06-20,-0.5563175710652921,21,0.7356803,0.8454977
2023-05-24,-1.942430589231978,1,1.0125004,0.7792522
2023-05-26,1.196888232836375,3,1.0147696,0.6974186
2023-05-30,-0.27506643895094374,5,1.014497,0.8208355
2023-06-06,0.1786862807888011,10,1.0345131,0.8421873
2023-06-21,-0.5488853897582908,21,0.70324516,0.80062675
2023-05-25,-0.30553940535913215,1,1.0040389,1.063452
2023-05-29,-0.1956324077609966,3,1.0135837,0.7890161
2023-05-31,-1.5513006778311815,5,1.0144911,0.7391034
2023-06-07,-0.19954852410745913,10,1.0195564,0.9551014
2023-06-22,-0.21848379387735625,21,0.6916219,1.0479187
2023-05-26,1.196888232836375,1,1.0147696,0.93086237
2023-05-30,-0.27506643895094374,3,1.014497,0.7344247
2023-06-01,1.2034065673685879,5,1.0244205,0.91969895
2023-06-08,0.18403706327475775,10,0.9325279,0.9909011
2023-06-23,-0.994534731941198,21,0.70570713,0.9787327
2023-05-29,-0.1956324077609966,1,1.0135837,0.9866836
2023-05-31,-1.5513006778311815,3,1.0144911,0.65004945
2023-06-02,1.2385113008230193,5,1.0329578,0.6776134
2023-06-09,-0.2512234800077262,10,0.90645397,1.0635507
2023-06-26,-0.10669570506227566,21,0.68962973,1.0050666
2023-05-30,-0.27506643895094374,1,1.014497,0.8560617
2023-06-01,1.2034065673685879,3,1.0244205,0.7394387
2023-06-05,-0.5456236720305127,5,1.0343537,0.9511622
2023-06-12,0.9238184345050415,10,0.7956591,0.92105865
2023-06-27,0.21352419194751054,21,0.6717007,0.9581734
2023-05-31,-1.5513006778311815,1,1.0144911,0.89197534
2023-06-02,1.2385113008230193,3,1.0329578,0.68626606
2023-06-06,0.1786862807888011,5,1.0345131,0.77175677
2023-06-13,0.8216286734134776,10,0.77894115,1.0286375
2023-06-28,0.6424735713688167,21,0.67105144,0.9381767
2023-06-01,1.2034065673685879,1,1.0244205,1.0842768
2023-06-05,-0.5456236720305127,3,1.0343537,0.8553264
2023-06-07,-0.19954852410745913,5,1.0195564,0.8863165
2023-06-14,0.4923595281371546,10,0.75577545,0.89438057
2023-06-29,-0.014298303728105182,21,0.6695936,1.0746133
2023-06-02,1.2385113008230193,1,1.0329578,0.8964523
2023-06-06,0.1786862807888011,3,1.0345131,0.80791044
2023-06-08,0.18403706327475775,5,0.9325279,0.8968938
2023-06-15,-0.12680581336934155,10,0.74633884,0.9022614
2023-06-30,1.25368861412709,21,0.687633,0.9476912
2023-06-05,-0.5456236720305127,1,1.0343537,1.1805328
2023-06-07,-0.19954852410745913,3,1.0195564,0.80204856
2023-06-09,-0.2512234800077262,5,0.90645397,0.84444666
2023-06-16,0.41356517277134786,10,0.7174126,1.0521872
2023-07-03,-0.4149093739210347,21,0.6860489,1.0769517
2023-06-06,0.1786862807888011,1,1.0345131,1.1560704
2023-06-08,0.18403706327475775,3,0.9325279,0.85480493
2023-06-12,0.9238184345050415,5,0.7956591,0.88077843
2023-06-19,-0.9609122366319118,10,0.73091996,0.9073334
2023-07-04,-0.26070901126777485,21,0.68479747,0.98237544
2023-06-07,-0.19954852410745913,1,1.0195564,1.0298171
2023-06-09,-0.2512234800077262,3,0.90645397,0.8315908
2023-06-13,0.8216286734134776,5,0.77894115,0.8249997
2023-06-20,-0.5563175710652921,10,0.7356803,0.8993784
2023-07-05,-0.6354003176892583,21,0.6890637,0.9298428
2023-06-08,0.18403706327475775,1,0.9325279,0.9327483
2023-06-12,0.9238184345050415,3,0.7956591,0.7669779
2023-06-14,0.4923595281371546,5,0.75577545,0.97183615
2023-06-21,-0.5488853897582908,10,0.70324516,0.8917165
2023-07-06,-2.6000223749537517,21,0.7670189,1.0288347
2023-06-09,-0.2512234800077262,1,0.90645397,0.939069
2023-06-13,0.8216286734134776,3,0.77894115,0.7520022
2023-06-15,-0.12680581336934155,5,0.74633884,0.87413317
2023-06-22,-0.21848379387735625,10,0.6916219,0.929543
2023-07-07,0.4809240594387629,21,0.7693837,0.9315516
2023-06-12,0.9238184345050415,1,0.7956591,0.93414676
2023-06-14,0.4923595281371546,3,0.75577545,0.7387723
2023-06-16,0.41356517277134786,5,0.7174126,0.82946557
2023-06-23,-0.994534731941198,10,0.70570713,0.79696083
2023-07-10,0.4460840967480253,21,0.7688626,0.9691174
2023-06-13,0.8216286734134776,1,0.77894115,1.307241
2023-06-15,-0.12680581336934155,3,0.74633884,1.0561211
2023-06-19,-0.9609122366319118,5,0.73091996,1.12346
2023-06-26,-0.10669570506227566,10,0.68962973,1.1941364
2023-07-11,0.7448645527859914,21,0.77494514,1.2697066
2023-06-14,0.4923595281371546,1,0.75577545,1.2752241
2023-06-16,0.41356517277134786,3,0.7174126,1.1012819
2023-06-20,-0.5563175710652921,5,0.7356803,1.2386858
2023-06-27,0.21352419194751054,10,0.6717007,1.2235866
2023-07-12,1.4626839269726633,21,0.7941789,1.2010554
2023-06-15,-0.12680581336934155,1,0.74633884,1.2181032
2023-06-19,-0.9609122366319118,3,0.73091996,0.9952183
2023-06-21,-0.5488853897582908,5,0.70324516,1.1462449
2023-06-28,0.6424735713688167,10,0.67105144,0.9766995
2023-07-13,0.7339304325099197,21,0.7995609,1.1936116
2023-06-16,0.41356517277134786,1,0.7174126,1.1780578
2023-06-20,-0.5563175710652921,3,0.7356803,1.0267239
2023-06-22,-0.21848379387735625,5,0.6916219,1.0194553
2023-06-29,-0.014298303728105182,10,0.6695936,1.0951633
2023-07-14,-0.2230345697049001,21,0.79567474,1.0760412
2023-06-19,-0.9609122366319118,1,0.73091996,1.0573264
2023-06-21,-0.5488853897582908,3,0.70324516,0.9937364
2023-06-23,-0.994534731941198,5,0.70570713,1.0122261
2023-06-30,1.25368861412709,10,0.687633,1.0351489
2023-07-17,-0.22639555907691475,21,0.79352367,0.93539006
2023-06-20,-0.5563175710652921,1,0.7356803,1.4315377
2023-06-22,-0.21848379387735625,3,0.6916219,1.0321774
2023-06-26,-0.10669570506227566,5,0.68962973,0.96422565
2023-07-03,-0.4149093739210347,10,0.6860489,1.0409627
2023-07-18,0.3531071288459615,21,0.7944897,1.203897
2023-06-21,-0.5488853897582908,1,0.70324516,1.6765907
2023-06-23,-0.994534731941198,3,0.70570713,1.2150506
2023-06-27,0.21352419194751054,5,0.6717007,1.1706918
2023-07-04,-0.26070901126777485,10,0.68479747,1.2184176
2023-07-19,-0.1027507141257687,21,0.79465944,1.1833042
2023-06-22,-0.21848379387735625,1,0.6916219,1.5321187
2023-06-26,-0.10669570506227566,3,0.68962973,1.0611588
2023-06-28,0.6424735713688167,5,0.67105144,0.94256526
2023-07-05,-0.6354003176892583,10,0.6890637,1.2479323
2023-07-20,0.5897928058184373,21,0.7951173,1.2318324
2023-06-23,-0.994534731941198,1,0.70570713,1.5816231
2023-06-27,0.21352419194751054,3,0.6717007,1.0790162
2023-06-29,-0.014298303728105182,5,0.6695936,1.1113734
2023-07-06,-2.6000223749537517,10,0.7670189,1.2862556
2023-07-21,-0.16676223610290603,21,0.79557556,1.3048002
2023-06-26,-0.10669570506227566,1,0.68962973,1.5390416
2023-06-28,0.6424735713688167,3,0.67105144,1.2305337
2023-06-30,1.25368861412709,5,0.687633,1.2202514
2023-07-07,0.4809240594387629,10,0.7693837,1.2810577
2023-07-24,0.08483933201479062,21,0.7898259,1.3434225
2023-06-27,0.21352419194751054,1,0.6717007,1.6213434
2023-06-29,-0.014298303728105182,3,0.6695936,1.3599248
2023-07-03,-0.4149093739210347,5,0.6860489,1.3926684
2023-07-10,0.4460840967480253,10,0.7688626,1.0733123
2023-07-25,0.12739526718618613,21,0.772292,1.2430174
2023-06-28,0.6424735713688167,1,0.67105144,1.5774025
2023-06-30,1.25368861412709,3,0.687633,1.2434552
2023-07-04,-0.26070901126777485,5,0.68479747,1.201204
2023-07-11,0.7448645527859914,10,0.77494514,1.1055846
2023-07-26,-0.49550087108547175,21,0.7725275,1.3968248
2023-06-29,-0.014298303728105182,1,0.6695936,1.2360274
2023-07-03,-0.4149093739210347,3,0.6860489,1.1075101
2023-07-05,-0.6354003176892583,5,0.6890637,1.2100786
2023-07-12,1.4626839269726633,10,0.7941789,0.9835424
2023-07-27,1.687750713192438,21,0.7979974,1.0478089
2023-06-30,1.25368861412709,1,0.687633,1.293484
2023-07-04,-0.26070901126777485,3,0.68479747,0.95257854
2023-07-06,-2.6000223749537517,5,0.7670189,0.9109796
2023-07-13,0.7339304325099197,10,0.7995609,1.0582845
2023-07-28,0.38764576403446055,21,0.7789705,1.1502514
2023-07-03,-0.4149093739210347,1,0.6860489,0.90633094
2023-07-05,-0.6354003176892583,3,0.6890637,0.96885335
2023-07-07,0.4809240594387629,5,0.7693837,0.97543705
2023-07-14,-0.2230345697049001,10,0.79567474,0.8905069
2023-07-31,-0.13926067364686248,21,0.7792514,0.9566143
2023-07-04,-0.26070901126777485,1,0.68479747,1.0854827
2023-07-06,-2.6000223749537517,3,0.7670189,0.83149683
2023-07-10,0.4460840967480253,5,0.7688626,0.7925402
2023-07-17,-0.22639555907691475,10,0.79352367,1.0724555
2023-08-01,-1.2630769199588878,21,0.7975026,1.029786
2023-07-05,-0.6354003176892583,1,0.6890637,1.4051912
2023-07-07,0.4809240594387629,3,0.7693837,1.0545468
2023-07-11,0.7448645527859914,5,0.77494514,0.9662367
2023-07-18,0.3531071288459615,10,0.7944897,1.0558968
2023-08-02,-1.3662828206126842,21,0.8160998,1.106608
2023-07-06,-2.6000223749537517,1,0.7670189,1.1039319
2023-07-10,0.4460840967480253,3,0.7688626,0.86165184
2023-07-12,1.4626839269726633,5,0.7941789,0.7599982
2023-07-19,-0.1027507141257687,10,0.79465944,0.96345484
2023-08-03,-0.7936497865689316,21,0.8211544,0.96437156
2023-07-07,0.4809240594387629,1,0.7693837,1.1838238
2023-07-11,0.7448645527859914,3,0.77494514,0.8584591
2023-07-13,0.7339304325099197,5,0.7995609,0.83750564
2023-07-20,0.5897928058184373,10,0.7951173,1.2347379
2023-08-04,0.36727959380174413,21,0.8200091,1.1358172
2023-07-10,0.4460840967480253,1,0.7688626,1.0040193
2023-07-12,1.4626839269726633,3,0.7941789,0.8194641
2023-07-14,-0.2230345697049001,5,0.79567474,1.0238228
2023-07-21,-0.16676223610290603,10,0.79557556,1.0974174
2023-08-07,-0.006899658610449472,21,0.8200071,1.0369625
2023-07-11,0.7448645527859914,1,0.77494514,1.3071353
2023-07-13,0.7339304325099197,3,0.7995609,0.86202055
2023-07-17,-0.22639555907691475,5,0.79352367,0.8981483
2023-07-24,0.08483933201479062,10,0.7898259,1.0573666
2023-08-08,-1.1084511098277745,21,0.8323633,1.2282844
2023-07-12,1.4626839269726633,1,0.7941789,0.91909176
2023-07-14,-0.2230345697049001,3,0.79567474,0.89404744
2023-07-18,0.3531071288459615,5,0.7944897,1.1240824
2023-07-25,0.12739526718618613,10,0.772292,0.97689676
2023-08-09,0.4910316823599382,21,0.8337105,1.10383
2023-07-13,0.7339304325099197,1,0.7995609,0.81924736
2023-07-17,-0.22639555907691475,3,0.79352367,0.7981173
2023-07-19,-0.1027507141257687,5,0.79465944,0.8442606
2023-07-26,-0.49550087108547175,10,0.7725275,1.2560525
2023-08-10,0.9038901249810709,21,0.82411385,0.8694305
2023-07-14,-0.2230345697049001,1,0.79567474,1.0581994
2023-07-18,0.3531071288459615,3,0.7944897,0.9127427
2023-07-20,0.5897928058184373,5,0.7951173,0.98379385
2023-07-27,1.687750713192438,10,0.7979974,0.86037076
2023-08-11,-1.0327228225598208,21,0.8290393,1.0913169
2023-07-17,-0.22639555907691475,1,0.79352367,1.1402293
2023-07-19,-0.1027507141257687,3,0.79465944,0.86556494
2023-07-21,-0.16676223610290603,5,0.79557556,0.8506342
2023-07-28,0.38764576403446055,10,0.7789705,0.9691837
2023-08-14,0.4542428052187615,21,0.8307481,1.019472
2023-07-18,0.3531071288459615,1,0.7944897,1.1861557
2023-07-20,0.5897928058184373,3,0.7951173,0.8668757
2023-07-24,0.08483933201479062,5,0.7898259,0.81881136
2023-07-31,-0.13926067364686248,10,0.7792514,0.9879161
2023-08-15,-0.8649445057065229,21,0.83607453,1.0289947
2023-07-19,-0.1027507141257687,1,0.79465944,1.1297784
2023-07-21,-0.16676223610290603,3,0.79557556,0.74290353
2023-07-25,0.12739526718618613,5,0.772292,0.72770077
2023-08-01,-1.2630769199588878,10,0.7975026,1.0742313
2023-08-16,0.1405083808944577,21,0.7981372,1.087651
2023-07-20,0.5897928058184373,1,0.7951173,1.0762657
2023-07-24,0.08483933201479062,3,0.7898259,0.8065223
2023-07-26,-0.49550087108547175,5,0.7725275,0.79887354
2023-08-02,-1.3662828206126842,10,0.8160998,0.95931673
2023-08-17,-0.7153691646610253,21,0.8024898,0.96168196
2023-07-21,-0.16676223610290603,1,0.79557556,1.0065145
2023-07-25,0.12739526718618613,3,0.772292,0.7328484
2023-07-27,1.687750713192438,5,0.7979974,0.8281603
2023-08-03,-0.7936497865689316,10,0.8211544,0.84975016
2023-08-18,-0.6568779754443819,21,0.79074275,1.1130741
2023-07-24,0.08483933201479062,1,0.7898259,1.137451
2023-07-26,-0.49550087108547175,3,0.7725275,0.87026757
2023-07-28,0.38764576403446055,5,0.7789705,0.8423878
2023-08-04,0.36727959380174413,10,0.8200091,0.85507035
2023-08-21,0.186162963193506,21,0.7910321,1.0625685
2023-07-25,0.12739526718618613,1,0.772292,0.89792657
2023-07-27,1.687750713192438,3,0.7979974,0.8367175
2023-07-31,-0.13926067364686248,5,0.7792514,0.9252878
2023-08-07,-0.006899658610449472,10,0.8200071,0.86701787
2023-08-22,0.6537451456842291,21,0.7953689,1.0801996
2023-07-26,-0.49550087108547175,1,0.7725275,1.0367247
2023-07-28,0.38764576403446055,3,0.7789705,0.7697484
2023-08-01,-1.2630769199588878,5,0.7975026,0.79093295
2023-08-08,-1.1084511098277745,10,0.8323633,0.9202842
2023-08-23,0.14500236118237259,21,0.7698046,1.030633
2023-07-27,1.687750713192438,1,0.7979974,0.8887269
2023-07-31,-0.13926067364686248,3,0.7792514,0.7662652
2023-08-02,-1.3662828206126842,5,0.8160998,0.8282892
2023-08-09,0.4910316823599382,10,0.8337105,0.72352785
2023-08-24,-0.6821095767501448,21,0.75853294,0.95384896
2023-07-28,0.38764576403446055,1,0.7789705,0.78044385
2023-08-01,-1.2630769199588878,3,0.7975026,0.6938266
2023-08-03,-0.7936497865689316,5,0.8211544,0.7957737
2023-08-10,0.9038901249810709,10,0.82411385,0.8462484
2023-08-25,0.06610549935623476,21,0.7403258,1.0092087
2023-07-31,-0.13926067364686248,1,0.7792514,1.0307525
2023-08-02,-1.3662828206126842,3,0.8160998,0.8010696
2023-08-04,0.36727959380174413,5,0.8200091,0.7857805
2023-08-11,-1.0327228225598208,10,0.8290393,0.897056
2023-08-28,1.023353097525468,21,0.74995875,0.91576684
2023-08-01,-1.2630769199588878,1,0.7975026,0.92852294
2023-08-03,-0.7936497865689316,3,0.8211544,0.77147704
2023-08-07,-0.006899658610449472,5,0.8200071,0.77242863
2023-08-14,0.4542428052187615,10,0.8307481,0.89535654
2023-08-29,0.8717225363247004,21,0.7583293,0.8932415
2023-08-02,-1.3662828206126842,1,0.8160998,0.84493876
2023-08-04,0.36727959380174413,3,0.8200091,0.7427133
2023-08-08,-1.1084511098277745,5,0.8323633,0.7843219
2023-08-15,-0.8649445057065229,10,0.83607453,0.94826305
2023-08-30,-0.24479431759128362,21,0.75854707,0.88089347
2023-08-03,-0.7936497865689316,1,0.8211544,1.1790243
2023-08-07,-0.006899658610449472,3,0.8200071,0.8493011
2023-08-09,0.4910316823599382,5,0.8337105,0.808156
2023-08-16,0.1405083808944577,10,0.7981372,1.0614175
2023-08-31,0.34643317231712145,21,0.75953,1.0370907
2023-08-04,0.36727959380174413,1,0.8200091,1.3256824
2023-08-08,-1.1084511098277745,3,0.8323633,0.8761605
2023-08-10,0.9038901249810709,5,0.82411385,0.9066489
2023-08-17,-0.7153691646610253,10,0.8024898,1.1153107
2023-09-01,-0.6715904331487367,21,0.7637716,1.1708479
2023-08-07,-0.006899658610449472,1,0.8200071,1.3648592
2023-08-09,0.4910316823599382,3,0.8337105,0.90462255
2023-08-11,-1.0327228225598208,5,0.8290393,0.91001457
2023-08-18,-0.6568779754443819,10,0.79074275,1.2470042
2023-09-04,-0.09783763102735386,21,0.75389105,1.2380311
2023-08-08,-1.1084511098277745,1,0.8323633,1.199599
2023-08-10,0.9038901249810709,3,0.82411385,0.8803886
2023-08-14,0.4542428052187615,5,0.8307481,0.9920373
2023-08-21,0.186162963193506,10,0.7910321,0.99769473
2023-09-05,-0.3363638273423204,21,0.7465451,1.181998
2023-08-09,0.4910316823599382,1,0.8337105,1.187193
2023-08-11,-1.0327228225598208,3,0.8290393,1.1903999
2023-08-15,-0.8649445057065229,5,0.83607453,1.1841708
2023-08-22,0.6537451456842291,10,0.7953689,1.2092988
2023-09-06,-0.19255403184360806,21,0.7433752,1.0091379
2023-08-10,0.9038901249810709,1,0.82411385,1.0265633
2023-08-14,0.4542428052187615,3,0.8307481,1.1994905
2023-08-16,0.1405083808944577,5,0.7981372,1.3707968
2023-08-23,0.14500236118237259,10,0.7698046,0.95483214
2023-09-07,-0.1443734458280984,21,0.7434057,1.0435162
2023-08-11,-1.0327228225598208,1,0.8290393,1.3492578
2023-08-15,-0.8649445057065229,3,0.83607453,0.97217494
2023-08-17,-0.7153691646610253,5,0.8024898,0.92499685
2023-08-24,-0.6821095767501448,10,0.75853294,1.0675173
2023-09-08,0.13757385417320636,21,0.74127966,1.1590228
2023-08-14,0.4542428052187615,1,0.8307481,1.3343807
2023-08-16,0.1405083808944577,3,0.7981372,1.0959094
2023-08-18,-0.6568779754443819,5,0.79074275,1.0294658
2023-08-25,0.06610549935623476,10,0.7403258,1.0526497
2023-09-11,0.3848321011110979,21,0.73400885,1.051552
2023-08-15,-0.8649445057065229,1,0.83607453,1.267179
2023-08-17,-0.7153691646610253,3,0.8024898,1.0264672
2023-08-21,0.186162963193506,5,0.7910321,0.90028226
2023-08-28,1.023353097525468,10,0.74995875,1.1132333
2023-09-12,-0.5423198310995345,21,0.7338447,1.0284567
2023-08-16,0.1405083808944577,1,0.7981372,1.375848
2023-08-18,-0.6568779754443819,3,0.79074275,0.94396937
2023-08-22,0.6537451456842291,5,0.7953689,0.9298669
2023-08-29,0.8717225363247004,10,0.7583293,0.9664252
2023-09-13,-0.39210035283222117,21,0.73228467,1.1203699
2023-08-17,-0.7153691646610253,1,0.8024898,0.86990654
2023-08-21,0.186162963193506,3,0.7910321,0.7571282
2023-08-23,0.14500236118237259,5,0.7698046,0.98582196
2023-08-30,-0.24479431759128362,10,0.75854707,0.99247444
2023-09-14,0.9616287303144746,21,0.7431457,1.0315809
2023-08-18,-0.6568779754443819,1,0.79074275,1.2552404
2023-08-22,0.6537451456842291,3,0.7953689,0.83543086
2023-08-24,-0.6821095767501448,5,0.75853294,0.74863464
2023-08-31,0.34643317231712145,10,0.75953,0.9576571
2023-09-15,0.5567428783243866,21,0.7355836,1.0528154
2023-08-21,0.186162963193506,1,0.7910321,1.0636657
2023-08-23,0.14500236118237259,3,0.7698046,0.77984095
2023-08-25,0.06610549935623476,5,0.7403258,0.7689971
2023-09-01,-0.6715904331487367,10,0.7637716,0.86451244
2023-09-18,-1.0525507256928552,21,0.7480836,1.076728
2023-08-22,0.6537451456842291,1,0.7953689,1.0222975
2023-08-24,-0.6821095767501448,3,0.75853294,0.8059516
2023-08-28,1.023353097525468,5,0.74995875,0.9152727
2023-09-04,-0.09783763102735386,10,0.75389105,1.1150653
2023-09-19,-0.39908593640678935,21,0.7491737,1.0187052
2023-08-23,0.14500236118237259,1,0.7698046,1.0120386
2023-08-25,0.06610549935623476,3,0.7403258,0.7012014
2023-08-29,0.8717225363247004,5,0.7583293,1.0008181
2023-09-05,-0.3363638273423204,10,0.7465451,1.0335524
2023-09-20,0.744830214040099,21,0.7508209,1.1505879
2023-08-24,-0.6821095767501448,1,0.75853294,0.8090042
2023-08-28,1.023353097525468,3,0.74995875,0.7026492
2023-08-30,-0.24479431759128362,5,0.75854707,0.84732693
2023-09-06,-0.19255403184360806,10,0.7433752,0.79811406
2023-09-21,-1.3378599108415867,21,0.769923,1.1304606
2023-08-25,0.06610549935623476,1,0.7403258,0.7669733
2023-08-29,0.8717225363247004,3,0.7583293,0.7982899
2023-08-31,0.34643317231712145,5,0.75953,0.8938032
2023-09-07,-0.1443734458280984,10,0.7434057,1.0174598
2023-09-22,-0.09361202205127012,21,0.7509773,0.848297
2023-08-28,1.023353097525468,1,0.74995875,0.85966694
2023-08-30,-0.24479431759128362,3,0.75854707,0.7897905
2023-09-01,-0.6715904331487367,5,0.7637716,0.9884746
2023-09-08,0.13757385417320636,10,0.74127966,0.89939624
2023-09-25,-0.9805386957205736,21,0.7589887,0.9081444
2023-08-29,0.8717225363247004,1,0.7583293,0.9659976
2023-08-31,0.34643317231712145,3,0.75953,0.81854415
2023-09-04,-0.09783763102735386,5,0.75389105,0.8636335
2023-09-11,0.3848321011110979,10,0.73400885,0.8335396
2023-09-26,-0.9759599905361405,21,0.76757866,0.917173
2023-08-30,-0.24479431759128362,1,0.75854707,0.7662021
2023-09-01,-0.6715904331487367,3,0.7637716,0.6616926
2023-09-05,-0.3363638273423204,5,0.7465451,0.80195343
2023-09-12,-0.5423198310995345,10,0.7338447,0.80073124
2023-09-27,-0.25215461812357,21,0.76449615,0.96028316
2023-08-31,0.34643317231712145,1,0.75953,0.8856879
2023-09-04,-0.09783763102735386,3,0.75389105,0.64293885
2023-09-06,-0.19255403184360806,5,0.7433752,0.732895
2023-09-13,-0.39210035283222117,10,0.73228467,0.96902966
2023-09-28,0.6944789225067006,21,0.6954069,1.0327746
2023-09-01,-0.6715904331487367,1,0.7637716,0.7490477
2023-09-05,-0.3363638273423204,3,0.7465451,0.6224591
2023-09-07,-0.1443734458280984,5,0.7434057,0.6740701
2023-09-14,0.9616287303144746,10,0.7431457,0.9041238
2023-09-29,0.41081082614585995,21,0.6946057,0.8096046
2023-09-04,-0.09783763102735386,1,0.75389105,0.80447084
2023-09-06,-0.19255403184360806,3,0.7433752,0.62150353
2023-09-08,0.13757385417320636,5,0.74127966,0.7462062
2023-09-15,0.5567428783243866,10,0.7355836,0.99011
2023-10-02,-0.9099173076763926,21,0.7011034,0.9801558
2023-09-05,-0.3363638273423204,1,0.7465451,0.8658182
2023-09-07,-0.1443734458280984,3,0.7434057,0.64532137
2023-09-11,0.3848321011110979,5,0.73400885,0.7695153
2023-09-18,-1.0525507256928552,10,0.7480836,0.9185707
2023-10-03,-1.068174189590285,21,0.70549995,0.9631442
2023-09-06,-0.19255403184360806,1,0.7433752,0.7010333
2023-09-08,0.13757385417320636,3,0.74127966,0.6242347
2023-09-12,-0.5423198310995345,5,0.7338447,0.6543615
2023-09-19,-0.39908593640678935,10,0.7491737,0.7960682
2023-10-04,0.09746495813716273,21,0.6764461,0.9469855
2023-09-07,-0.1443734458280984,1,0.7434057,0.9501145
2023-09-11,0.3848321011110979,3,0.73400885,0.76212066
2023-09-13,-0.39210035283222117,5,0.73228467,0.798203
2023-09-20,0.744830214040099,10,0.7508209,0.87731016
2023-10-05,-0.19688476919658252,21,0.6676387,0.92663586
2023-09-08,0.13757385417320636,1,0.74127966,0.93863213
2023-09-12,-0.5423198310995345,3,0.7338447,0.77853143
2023-09-14,0.9616287303144746,5,0.7431457,0.79856384
2023-09-21,-1.3378599108415867,10,0.769923,0.9055139
2023-10-06,1.0531441313921008,21,0.68424124,0.79200274
2023-09-11,0.3848321011110979,1,0.73400885,0.7947102
2023-09-13,-0.39210035283222117,3,0.73228467,0.7180735
2023-09-15,0.5567428783243866,5,0.7355836,0.8534614
2023-09-22,-0.09361202205127012,10,0.7509773,0.83222914
2023-10-09,-0.6697408387907724,21,0.6880877,0.8390771
2023-09-12,-0.5423198310995345,1,0.7338447,0.75367683
2023-09-14,0.9616287303144746,3,0.7431457,0.6647582
2023-09-18,-1.0525507256928552,5,0.7480836,0.82863086
2023-09-25,-0.9805386957205736,10,0.7589887,0.8456136
2023-10-10,1.9338960806318535,21,0.7344531,0.95152867
2023-09-13,-0.39210035283222117,1,0.73228467,0.80262053
2023-09-15,0.5567428783243866,3,0.7355836,0.68672574
2023-09-19,-0.39908593640678935,5,0.7491737,0.696516
2023-09-26,-0.9759599905361405,10,0.76757866,0.8067559
2023-10-11,0.23630881694196065,21,0.7355331,0.6955565
2023-09-14,0.9616287303144746,1,0.7431457,0.9019682
2023-09-18,-1.0525507256928552,3,0.7480836,0.70134753
2023-09-20,0.744830214040099,5,0.7508209,0.7603494
2023-09-27,-0.25215461812357,10,0.76449615,0.94929177
2023-10-12,-0.22651424184347554,21,0.7306834,0.8060898
2023-09-15,0.5567428783243866,1,0.7355836,0.7141172
2023-09-19,-0.39908593640678935,3,0.7491737,0.6232756
2023-09-21,-1.3378599108415867,5,0.769923,0.82262576
2023-09-28,0.6944789225067006,10,0.6954069,0.89754903
2023-10-13,-1.5574111193234097,21,0.7550625,0.8204721
2023-09-18,-1.0525507256928552,1,0.7480836,0.64554733
2023-09-20,0.744830214040099,3,0.7508209,0.57537335
2023-09-22,-0.09361202205127012,5,0.7509773,0.63304853
2023-09-29,0.41081082614585995,10,0.6946057,0.8854091
2023-10-16,0.33742459596189905,21,0.7568427,0.8139384
2023-09-19,-0.39908593640678935,1,0.7491737,0.80197954
2023-09-21,-1.3378599108415867,3,0.769923,0.6671967
2023-09-25,-0.9805386957205736,5,0.7589887,0.719167
2023-10-02,-0.9099173076763926,10,0.7011034,0.9099245
2023-10-17,0.08986775811459814,21,0.7566661,0.95513445
2023-09-20,0.744830214040099,1,0.7508209,0.81369627
2023-09-22,-0.09361202205127012,3,0.7509773,0.6812128
2023-09-26,-0.9759599905361405,5,0.76757866,0.7073623
2023-10-03,-1.068174189590285,10,0.70549995,0.87856936
2023-10-18,-1.0332733505565326,21,0.7645534,0.75708544
2023-09-21,-1.3378599108415867,1,0.769923,0.8098507
2023-09-25,-0.9805386957205736,3,0.7589887,0.6482776
2023-09-27,-0.25215461812357,5,0.76449615,0.77730125
2023-10-04,0.09746495813716273,10,0.6764461,1.0680306
2023-10-19,-0.3296582660916618,21,0.72758836,0.8393868
2023-09-22,-0.09361202205127012,1,0.7509773,1.0549006
2023-09-26,-0.9759599905361405,3,0.76757866,0.8256792
2023-09-28,0.6944789225067006,5,0.6954069,1.0092385
2023-10-05,-0.19688476919658252,10,0.6676387,0.8671238
2023-10-20,-1.6537250021769485,21,0.74968463,1.0303872
2023-09-25,-0.9805386957205736,1,0.7589887,1.0990014
2023-09-27,-0.25215461812357,3,0.76449615,0.87965983
2023-09-29,0.41081082614585995,5,0.6946057,0.84879297
2023-10-06,1.0531441313921008,10,0.68424124,0.76351804
2023-10-23,0.015203119044169267,21,0.7500862,0.9768047
2023-09-26,-0.9759599905361405,1,0.76757866,1.1276488
2023-09-28,0.6944789225067006,3,0.6954069,1.0021195
2023-10-02,-0.9099173076763926,5,0.7011034,0.9530123
2023-10-09,-0.6697408387907724,10,0.6880877,0.81736493
2023-10-24,0.5338216254913195,21,0.7417634,0.90182805
2023-09-27,-0.25215461812357,1,0.76449615,1.2985929
2023-09-29,0.41081082614585995,3,0.6946057,1.1188222
2023-10-03,-1.068174189590285,5,0.70549995,1.2090539
2023-10-10,1.9338960806318535,10,0.7344531,1.2576454
2023-10-25,0.08221959641307257,21,0.72474486,1.0053002
2023-09-28,0.6944789225067006,1,0.6954069,1.4646373
2023-10-02,-0.9099173076763926,3,0.7011034,1.02999
2023-10-04,0.09746495813716273,5,0.6764461,1.0333004
2023-10-11,0.23630881694196065,10,0.7355331,0.8978664
2023-10-26,-1.0878724208663224,21,0.7303423,1.1906811
2023-09-29,0.41081082614585995,1,0.6946057,1.6234396
2023-10-03,-1.068174189590285,3,0.70549995,1.2697365
2023-10-05,-0.19688476919658252,5,0.6676387,1.1202226
2023-10-12,-0.22651424184347554,10,0.7306834,1.2938657
2023-10-27,-0.29668229067912644,21,0.7277582,1.3379738
2023-10-02,-0.9099173076763926,1,0.7011034,1.2916601
2023-10-04,0.09746495813716273,3,0.6764461,1.2084204
2023-10-06,1.0531441313921008,5,0.68424124,1.2232931
2023-10-13,-1.5574111193234097,10,0.7550625,1.2948182
2023-10-30,0.19813591132355357,21,0.7288631,1.2418209
2023-10-03,-1.068174189590285,1,0.70549995,1.6874511
2023-10-05,-0.19688476919658252,3,0.6676387,1.3494638
2023-10-09,-0.6697408387907724,5,0.6880877,1.2126245
2023-10-16,0.33742459596189905,10,0.7568427,1.6579065
2023-10-31,0.6353540949674668,21,0.724109,1.2059444
2023-10-04,0.09746495813716273,1,0.6764461,1.7802111
2023-10-06,1.0531441313921008,3,0.68424124,1.4497135
2023-10-10,1.9338960806318535,5,0.7344531,1.4388855
2023-10-17,0.08986775811459814,10,0.7566661,1.2779073
2023-11-01,0.759613332444547,21,0.72867286,1.5507457
2023-10-05,-0.19688476919658252,1,0.6676387,1.5711195
2023-10-09,-0.6697408387907724,3,0.6880877,1.398022
2023-10-11,0.23630881694196065,5,0.7355331,1.3590969
2023-10-18,-1.0332733505565326,10,0.7645534,1.4177364
2023-11-02,1.465626641081838,21,0.7452196,1.3876127
2023-10-06,1.0531441313921008,1,0.68424124,1.6070408
2023-10-10,1.9338960806318535,3,0.7344531,1.3884685
2023-10-12,-0.22651424184347554,5,0.7306834,1.2688632
2023-10-19,-0.3296582660916618,10,0.72758836,1.5411074
2023-11-03,0.3009966137605249,21,0.7365036,1.1752216
2023-10-09,-0.6697408387907724,1,0.6880877,1.5514612
2023-10-11,0.23630881694196065,3,0.7355331,1.4318169
2023-10-13,-1.5574111193234097,5,0.7550625,1.4926201
2023-10-20,-1.6537250021769485,10,0.74968463,1.3936404
2023-11-06,-0.35139285876212906,21,0.73414093,1.4415675
2023-10-10,1.9338960806318535,1,0.7344531,1.6305912
2023-10-12,-0.22651424184347554,3,0.7306834,1.520275
2023-10-16,0.33742459596189905,5,0.7568427,1.5226281
2023-10-23,0.015203119044169267,10,0.7500862,1.478029
2023-11-07,0.11007387861062855,21,0.7272874,1.229296
2023-10-11,0.23630881694196065,1,0.7355331,1.334571
2023-10-13,-1.5574111193234097,3,0.7550625,1.3446069
2023-10-17,0.08986775811459814,5,0.7566661,1.4431925
2023-10-24,0.5338216254913195,10,0.7417634,1.3828175
2023-11-08,0.5066125961720225,21,0.7305799,1.3131803
2023-10-12,-0.22651424184347554,1,0.7306834,1.4800193
2023-10-16,0.33742459596189905,3,0.7568427,1.4156854
2023-10-18,-1.0332733505565326,5,0.7645534,1.4267706
2023-10-25,0.08221959641307257,10,0.72474486,1.4638261
2023-11-09,0.8040058240867269,21,0.73380953,1.2771137
2023-10-13,-1.5574111193234097,1,0.7550625,1.3872874
2023-10-17,0.08986775811459814,3,0.7566661,1.3042907
2023-10-19,-0.3296582660916618,5,0.72758836,1.2723825
2023-10-26,-1.0878724208663224,10,0.7303423,1.5022624
2023-11-10,-0.7725586025069316,21,0.7356213,1.1328634
2023-10-16,0.33742459596189905,1,0.7568427,1.5873407
2023-10-18,-1.0332733505565326,3,0.7645534,1.3627656
2023-10-20,-1.6537250021769485,5,0.74968463,1.3715017
2023-10-27,-0.29668229067912644,10,0.7277582,1.799251
2023-11-13,0.7234338895524853,21,0.74162656,1.4166284
2023-10-17,0.08986775811459814,1,0.7566661,1.7341374
2023-10-19,-0.3296582660916618,3,0.72758836,1.434263
2023-10-23,0.015203119044169267,5,0.7500862,1.3479987
2023-10-30,0.19813591132355357,10,0.7288631,1.7683377
2023-11-14,1.740577862138782,21,0.77123713,1.274775
2023-10-18,-1.0332733505565326,1,0.7645534,1.571507
2023-10-20,-1.6537250021769485,3,0.74968463,1.326592
2023-10-24,0.5338216254913195,5,0.7417634,1.3973422
2023-10-31,0.6353540949674668,10,0.724109,1.5096625
2023-11-15,0.8528696390834213,21,0.7790188,1.5304774
2023-10-19,-0.3296582660916618,1,0.72758836,1.8084774
2023-10-23,0.015203119044169267,3,0.7500862,1.6085111
2023-10-25,0.08221959641307257,5,0.72474486,1.6246128
2023-11-01,0.759613332444547,10,0.72867286,1.7532357
2023-11-16,0.24379715599134005,21,0.77439255,1.3336463
2023-10-20,-1.6537250021769485,1,0.74968463,1.5086552
2023-10-24,0.5338216254913195,3,0.7417634,1.4876366
2023-10-26,-1.0878724208663224,5,0.7303423,1.4936014
2023-11-02,1.465626641081838,10,0.7452196,1.7277645
2023-11-17,0.8361290376463646,21,0.7815588,1.3096404
2023-10-23,0.015203119044169267,1,0.7500862,2.1315522
2023-10-25,0.08221959641307257,3,0.72474486,1.8049209
2023-10-27,-0.29668229067912644,5,0.7277582,1.8488425
2023-11-03,0.3009966137605249,10,0.7365036,1.6673254
2023-11-20,-0.11206665805415936,21,0.77077967,1.5442917
2023-10-24,0.5338216254913195,1,0.7417634,2.0276241
2023-10-26,-1.0878724208663224,3,0.7303423,1.7448777
2023-10-30,0.19813591132355357,5,0.7288631,1.8036977
2023-11-06,-0.35139285876212906,10,0.73414093,1.6983618
2023-11-21,-0.0050299239027282614,21,0.7624597,1.4572854
2023-10-25,0.08221959641307257,1,0.72474486,1.9220668
2023-10-27,-0.29668229067912644,3,0.7277582,1.5448005
2023-10-31,0.6353540949674668,5,0.724109,1.6712041
2023-11-07,0.11007387861062855,10,0.7272874,1.4290601
2023-11-22,0.35965515956458577,21,0.763206,1.5781857
2023-10-26,-1.0878724208663224,1,0.7303423,1.5547218
2023-10-30,0.19813591132355357,3,0.7288631,1.5535715
2023-11-01,0.759613332444547,5,0.72867286,1.6696085
2023-11-08,0.5066125961720225,10,0.7305799,1.5148871
2023-11-23,0.23103114940737945,21,0.7624809,1.2796248
2023-10-27,-0.29668229067912644,1,0.7277582,1.6013168
2023-10-31,0.6353540949674668,3,0.724109,1.6931117
2023-11-02,1.465626641081838,5,0.7452196,1.7493962
2023-11-09,0.8040058240867269,10,0.73380953,1.6865193
2023-11-24,0.21708431001558076,21,0.7577324,1.2375479
2023-10-30,0.19813591132355357,1,0.7288631,1.9081987
2023-11-01,0.759613332444547,3,0.72867286,1.7399298
2023-11-03,0.3009966137605249,5,0.7365036,1.6195577
2023-11-10,-0.7725586025069316,10,0.7356213,1.7247944
2023-11-27,-0.3945522850599633,21,0.7594792,1.2859207
2023-10-31,0.6353540949674668,1,0.724109,1.637443
2023-11-02,1.465626641081838,3,0.7452196,1.4971765
2023-11-06,-0.35139285876212906,5,0.73414093,1.4085317
2023-11-13,0.7234338895524853,10,0.74162656,1.4292225
2023-11-28,0.16458448434062542,21,0.75830555,1.3183696
2023-11-01,0.759613332444547,1,0.72867286,1.7122066
2023-11-03,0.3009966137605249,3,0.7365036,1.3095825
2023-11-07,0.11007387861062855,5,0.7272874,1.3424461
2023-11-14,1.740577862138782,10,0.77123713,1.5408845
2023-11-29,1.0807631821599466,21,0.7698945,1.3000107
2023-11-02,1.465626641081838,1,0.7452196,1.5271641
2023-11-06,-0.35139285876212906,3,0.73414093,1.2348382
2023-11-08,0.5066125961720225,5,0.7305799,1.2882779
2023-11-15,0.8528696390834213,10,0.7790188,1.565105
2023-11-30,0.302511958645477,21,0.77019876,1.2623103
2023-11-03,0.3009966137605249,1,0.7365036,1.2537177
2023-11-07,0.11007387861062855,3,0.7272874,1.219213
2023-11-09,0.8040058240867269,5,0.73380953,1.4408667
2023-11-16,0.24379715599134005,10,0.77439255,1.3772061
2023-12-01,1.1166836505028106,21,0.7823226,1.2140267
2023-11-06,-0.35139285876212906,1,0.73414093,1.332769
2023-11-08,0.5066125961720225,3,0.7305799,1.2306695
2023-11-10,-0.7725586025069316,5,0.7356213,1.3463107
2023-11-17,0.8361290376463646,10,0.7815588,1.3886633
2023-12-04,0.04414470364728123,21,0.7812209,1.2175504
2023-11-07,0.11007387861062855,1,0.7272874,1.3500262
2023-11-09,0.8040058240867269,3,0.73380953,1.3150405
2023-11-13,0.7234338895524853,5,0.74162656,1.3524916
2023-11-20,-0.11206665805415936,10,0.77077967,1.4134227
2023-12-05,0.7793476771123728,21,0.7825103,1.2065055
2023-11-08,0.5066125961720225,1,0.7305799,1.6167663
2023-11-10,-0.7725586025069316,3,0.7356213,1.3202825
2023-11-14,1.740577862138782,5,0.77123713,1.2304482
2023-11-21,-0.0050299239027282614,10,0.7624597,1.4319313
2023-12-06,0.7431896493775858,21,0.78451324,1.204788
2023-11-09,0.8040058240867269,1,0.73380953,1.3255398
2023-11-13,0.7234338895524853,3,0.74162656,1.2083524
2023-11-15,0.8528696390834213,5,0.7790188,1.1805558
2023-11-22,0.35965515956458577,10,0.763206,1.3758172
2023-12-07,-0.16493237569797992,21,0.7770719,1.0909604
2023-11-10,-0.7725586025069316,1,0.7356213,1.2872127
2023-11-14,1.740577862138782,3,0.77123713,1.0303786
2023-11-16,0.24379715599134005,5,0.77439255,1.2372601
2023-11-23,0.23103114940737945,10,0.7624809,1.235739
2023-12-08,0.7801024705102276,21,0.77990156,1.297118
2023-11-13,0.7234338895524853,1,0.74162656,1.5544184
2023-11-15,0.8528696390834213,3,0.7790188,1.2706122
2023-11-17,0.8361290376463646,5,0.7815588,1.3243737
2023-11-24,0.21708431001558076,10,0.7577324,1.189439
2023-12-11,0.20986686627537463,21,0.7654951,1.2738547
2023-11-14,1.740577862138782,1,0.77123713,1.2028447
2023-11-16,0.24379715599134005,3,0.77439255,1.2208816
2023-11-20,-0.11206665805415936,5,0.77077967,1.3094543
2023-11-27,-0.3945522850599633,10,0.7594792,1.2640084
2023-12-12,-0.016015241612872443,21,0.7627746,1.138462
2023-11-15,0.8528696390834213,1,0.7790188,1.4396923
2023-11-17,0.8361290376463646,3,0.7815588,1.1892047
2023-11-21,-0.0050299239027282614,5,0.7624597,1.1259035
2023-11-28,0.16458448434062542,10,0.75830555,1.4846969
2023-12-13,-0.15310577583214421,21,0.7590238,1.2391213
2023-11-16,0.24379715599134005,1,0.77439255,1.352312
2023-11-20,-0.11206665805415936,3,0.77077967,1.1390945
2023-11-22,0.35965515956458577,5,0.763206,1.210846
2023-11-29,1.0807631821599466,10,0.7698945,1.1385334
2023-12-14,-0.08246433150979794,21,0.73563474,1.0932419
2023-11-17,0.8361290376463646,1,0.7815588,1.2738445
2023-11-21,-0.0050299239027282614,3,0.7624597,1.0431716
2023-11-23,0.23103114940737945,5,0.7624809,1.0722054
2023-11-30,0.302511958645477,10,0.77019876,1.1152056
2023-12-15,-0.004721964053434074,21,0.7352831,1.3636345
2023-11-20,-0.11206665805415936,1,0.77077967,1.2366099
2023-11-22,0.35965515956458577,3,0.763206,0.9647665
2023-11-24,0.21708431001558076,5,0.7577324,1.0403048
2023-12-01,1.1166836505028106,10,0.7823226,0.93720686
2023-12-18,-0.6040896244381847,21,0.72726715,1.2944689
2023-11-21,-0.0050299239027282614,1,0.7624597,1.3286915
2023-11-23,0.23103114940737945,3,0.7624809,1.0394199
2023-11-27,-0.3945522850599633,5,0.7594792,0.90662044
2023-12-04,0.04414470364728123,10,0.7812209,1.379396
2023-12-19,0.5621184724288284,21,0.7146378,1.0939
2023-11-22,0.35965515956458577,1,0.763206,1.1858101
2023-11-24,0.21708431001558076,3,0.7577324,1.1548405
2023-11-28,0.16458448434062542,5,0.75830555,1.1311592
2023-12-05,0.7793476771123728,10,0.7825103,1.143011
2023-12-20,-0.06786282542250116,21,0.7132521,1.0730515
2023-11-23,0.23103114940737945,1,0.7624809,1.1514325
2023-11-27,-0.3945522850599633,3,0.7594792,0.8848659
2023-11-29,1.0807631821599466,5,0.7698945,0.8911028
2023-12-06,0.7431896493775858,10,0.78451324,1.072594
2023-12-21,-0.27307148445254537,21,0.7118591,1.2230728
2023-11-24,0.21708431001558076,1,0.7577324,1.1214061
2023-11-28,0.16458448434062542,3,0.75830555,0.9848778
2023-11-30,0.302511958645477,5,0.77019876,1.132061
2023-12-07,-0.16493237569797992,10,0.7770719,1.0104865
2023-12-22,0.11235546822104872,21,0.7109919,1.1655164
2023-11-27,-0.3945522850599633,1,0.7594792,1.1649005
2023-11-29,1.0807631821599466,3,0.7698945,0.90875006
2023-12-01,1.1166836505028106,5,0.7823226,0.8845145
2023-12-08,0.7801024705102276,10,0.77990156,1.1262221
2023-12-27,0.21460398540721493,21,0.69761896,1.1887399
2023-11-28,0.16458448434062542,1,0.75830555,1.2581372
2023-11-30,0.302511958645477,3,0.77019876,1.0107151
2023-12-04,0.04414470364728123,5,0.7812209,1.00612
2023-12-11,0.20986686627537463,10,0.7654951,1.0675521
2023-12-28,-0.24231557320244196,21,0.68100804,1.0807827
2023-11-29,1.0807631821599466,1,0.7698945,0.6860763
2023-12-01,1.1166836505028106,3,0.7823226,0.8112734
2023-12-05,0.7793476771123728,5,0.7825103,0.963766
2023-12-12,-0.016015241612872443,10,0.7627746,1.0663283
2023-12-29,0.2994624971626512,21,0.6811445,0.9647457
2023-11-30,0.302511958645477,1,0.77019876,0.9160171
2023-12-04,0.04414470364728123,3,0.7812209,0.814316
2023-12-06,0.7431896493775858,5,0.78451324,0.91833633
2023-12-13,-0.15310577583214421,10,0.7590238,1.0481114
2024-01-02,0.10571732138200188,21,0.67947745,1.1212331
2023-12-01,1.1166836505028106,1,0.7823226,1.0900917
2023-12-05,0.7793476771123728,3,0.7825103,0.882318
2023-12-07,-0.16493237569797992,5,0.7770719,0.90115595
2023-12-14,-0.08246433150979794,10,0.73563474,0.9766928
2024-01-03,-1.3868991583284898,21,0.6989551,1.1231415
2023-12-04,0.04414470364728123,1,0.7812209,0.8259399
2023-12-06,0.7431896493775858,3,0.78451324,0.8284192
2023-12-08,0.7801024705102276,5,0.77990156,0.8655652
2023-12-15,-0.004721964053434074,10,0.7352831,1.1720024
2024-01-04,0.4759280290394104,21,0.6921477,0.9450368
2023-12-05,0.7793476771123728,1,0.7825103,1.1498339
2023-12-07,-0.16493237569797992,3,0.7770719,0.83377606
2023-12-11,0.20986686627537463,5,0.7654951,0.8682474
2023-12-18,-0.6040896244381847,10,0.72726715,1.1837457
2024-01-05,-0.13897673224351398,21,0.65252465,1.1194577
2023-12-06,0.7431896493775858,1,0.78451324,0.9207075
2023-12-08,0.7801024705102276,3,0.77990156,0.85279435
2023-12-12,-0.016015241612872443,5,0.7627746,0.97571695
2023-12-19,0.5621184724288284,10,0.7146378,0.8306095
2024-01-08,0.7340607192363031,21,0.65715104,1.082973
2023-12-07,-0.16493237569797992,1,0.7770719,0.7757573
2023-12-11,0.20986686627537463,3,0.7654951,0.7270993
2023-12-13,-0.15310577583214421,5,0.7590238,0.9138942
2023-12-20,-0.06786282542250116,10,0.7132521,0.99468255
2024-01-09,-0.168307006473176,21,0.6566583,1.1242748
2023-12-08,0.7801024705102276,1,0.77990156,1.2758162
2023-12-12,-0.016015241612872443,3,0.7627746,0.9023837
2023-12-14,-0.08246433150979794,5,0.73563474,0.8252474
2023-12-21,-0.27307148445254537,10,0.7118591,1.3127602
2024-01-10,0.008695335180512994,21,0.6184114,1.1465075
2023-12-11,0.20986686627537463,1,0.7654951,1.0351632
2023-12-13,-0.15310577583214421,3,0.7590238,0.8660601
2023-12-15,-0.004721964053434074,5,0.7352831,0.9057334
2023-12-22,0.11235546822104872,10,0.7109919,0.9540372
2024-01-11,-0.859179928062285,21,0.6316571,1.0398803
2023-12-12,-0.016015241612872443,1,0.7627746,1.1334412
2023-12-14,-0.08246433150979794,3,0.73563474,0.9196478
2023-12-18,-0.6040896244381847,5,0.72726715,0.96129197
2023-12-27,0.21460398540721493,10,0.69761896,1.0221164
2024-01-12,0.9475181747553497,21,0.64021045,1.1325911
2023-12-13,-0.15310577583214421,1,0.7590238,1.1429394
2023-12-15,-0.004721964053434074,3,0.7352831,0.9091516
2023-12-19,0.5621184724288284,5,0.7146378,0.9458206
2023-12-28,-0.24231557320244196,10,0.68100804,0.8551253
2024-01-15,-0.4941371965947412,21,0.6269437,1.0548357
2023-12-14,-0.08246433150979794,1,0.73563474,0.906793
2023-12-18,-0.6040896244381847,3,0.72726715,0.9211874
2023-12-20,-0.06786282542250116,5,0.7132521,0.92895466
2023-12-29,0.2994624971626512,10,0.6811445,0.94030523
2024-01-16,-0.3045201322342683,21,0.62661886,1.1201226
2023-12-15,-0.004721964053434074,1,0.7352831,1.0989699
2023-12-19,0.5621184724288284,3,0.7146378,0.85391515
2023-12-21,-0.27307148445254537,5,0.7118591,0.79558545
2024-01-02,0.10571732138200188,10,0.67947745,0.90268886
2024-01-17,-0.8483441393796812,21,0.5949087,1.007932
2023-12-18,-0.6040896244381847,1,0.72726715,1.1884801
2023-12-20,-0.06786282542250116,3,0.7132521,0.8747199
2023-12-22,0.11235546822104872,5,0.7109919,0.82917964
2024-01-03,-1.3868991583284898,10,0.6989551,0.9792451
2024-01-18,0.8222113392252062,21,0.60034454,1.0615356
2023-12-19,0.5621184724288284,1,0.7146378,1.038704
2023-12-21,-0.27307148445254537,3,0.7118591,0.89631206
2023-12-27,0.21460398540721493,5,0.69761896,0.8617623
2024-01-04,0.4759280290394104,10,0.6921477,0.947631
2024-01-19,-0.07377919999552644,21,0.5995351,1.1098742
2023-12-20,-0.06786282542250116,1,0.7132521,0.82987916
2023-12-22,0.11235546822104872,3,0.7109919,0.67613304
2023-12-28,-0.24231557320244196,5,0.68100804,0.728651
2024-01-05,-0.13897673224351398,10,0.65252465,1.0255394
2024-01-22,0.7715702540190797,21,0.6042589,1.1147271
2023-12-21,-0.27307148445254537,1,0.7118591,1.1344839
2023-12-27,0.21460398540721493,3,0.69761896,0.8824347
2023-12-29,0.2994624971626512,5,0.6811445,0.92433965
2024-01-08,0.7340607192363031,10,0.65715104,0.95096874
2024-01-23,-0.3378494502023984,21,0.58483595,1.1441058
2023-12-22,0.11235546822104872,1,0.7109919,1.039791
2023-12-28,-0.24231557320244196,3,0.68100804,0.88481367
2024-01-02,0.10571732138200188,5,0.67947745,0.8645027
2024-01-09,-0.168307006473176,10,0.6566583,0.9253434
2024-01-24,1.568370612352123,21,0.6070355,1.0574889
2023-12-27,0.21460398540721493,1,0.69761896,1.0810078
2023-12-29,0.2994624971626512,3,0.6811445,0.8919887
2024-01-03,-1.3868991583284898,5,0.6989551,0.95621264
2024-01-10,0.008695335180512994,10,0.6184114,0.9159513
2024-01-25,0.10060113023788086,21,0.6072607,1.0959048
2023-12-28,-0.24231557320244196,1,0.68100804,0.850224
2024-01-02,0.10571732138200188,3,0.67947745,0.71843
2024-01-04,0.4759280290394104,5,0.6921477,0.80057955
2024-01-11,-0.859179928062285,10,0.6316571,0.9755488
2024-01-26,0.3216620446146262,21,0.605069,0.9748832
2023-12-29,0.2994624971626512,1,0.6811445,1.1093135
2024-01-03,-1.3868991583284898,3,0.6989551,0.9039818
2024-01-05,-0.13897673224351398,5,0.65252465,0.92750955
2024-01-12,0.9475181747553497,10,0.64021045,1.1304139
2024-01-29,-0.1160937424798049,21,0.60253626,1.2144378
2024-01-02,0.10571732138200188,1,0.67947745,1.089833
2024-01-04,0.4759280290394104,3,0.6921477,0.8821331
2024-01-08,0.7340607192363031,5,0.65715104,0.99201244
2024-01-15,-0.4941371965947412,10,0.6269437,0.88183826
2024-01-30,0.18062669526002623,21,0.5796019,1.0733511
2024-01-03,-1.3868991583284898,1,0.6989551,1.0311111
2024-01-05,-0.13897673224351398,3,0.65252465,0.8356757
2024-01-09,-0.168307006473176,5,0.6566583,0.85352117
2024-01-16,-0.3045201322342683,10,0.62661886,1.1055949
2024-01-31,-0.4048882404080683,21,0.5844546,1.0335374
2024-01-04,0.4759280290394104,1,0.6921477,1.0702243
2024-01-08,0.7340607192363031,3,0.65715104,1.0990143
2024-01-10,0.008695335180512994,5,0.6184114,1.2307549
2024-01-17,-0.8483441393796812,10,0.5949087,1.1863322
2024-02-01,-0.26491126820415606,21,0.5832317,1.0243541
2024-01-05,-0.13897673224351398,1,0.65252465,1.1009233
2024-01-09,-0.168307006473176,3,0.6566583,0.9867032
2024-01-11,-0.859179928062285,5,0.6316571,0.9230362
2024-01-18,0.8222113392252062,10,0.60034454,1.2156804
2024-02-02,0.3503656190535221,21,0.5835704,1.0546962
2024-01-08,0.7340607192363031,1,0.65715104,1.3482507
2024-01-10,0.008695335180512994,3,0.6184114,0.9185336
2024-01-12,0.9475181747553497,5,0.64021045,0.9429568
2024-01-19,-0.07377919999552644,10,0.5995351,1.0924058
2024-02-05,-0.08367499182988952,21,0.58300966,1.1852899
2024-01-09,-0.168307006473176,1,0.6566583,1.164284
2024-01-11,-0.859179928062285,3,0.6316571,0.95931435
2024-01-15,-0.4941371965947412,5,0.6269437,0.981457
2024-01-22,0.7715702540190797,10,0.6042589,1.1081887
2024-02-06,0.7612880719440723,21,0.5822527,1.1060874
2024-01-10,0.008695335180512994,1,0.6184114,1.3062038
2024-01-12,0.9475181747553497,3,0.64021045,1.0361882
2024-01-16,-0.3045201322342683,5,0.62661886,1.0632117
2024-01-23,-0.3378494502023984,10,0.58483595,1.1872509
2024-02-07,-0.6554500720230801,21,0.57921714,1.0778531
2024-01-11,-0.859179928062285,1,0.6316571,1.2206283
2024-01-15,-0.4941371965947412,3,0.6269437,0.99335873
2024-01-17,-0.8483441393796812,5,0.5949087,1.0236046
2024-01-24,1.568370612352123,10,0.6070355,1.1528587
2024-02-08,0.2471192831997178,21,0.5748218,1.1506035
2024-01-12,0.9475181747553497,1,0.64021045,1.2658437
2024-01-16,-0.3045201322342683,3,0.62661886,1.1999936
2024-01-18,0.8222113392252062,5,0.60034454,1.1477393
2024-01-25,0.10060113023788086,10,0.6072607,1.2364826
2024-02-09,-0.22029937823807139,21,0.53844047,1.0567155
2024-01-15,-0.4941371965947412,1,0.6269437,1.5614853
2024-01-17,-0.8483441393796812,3,0.5949087,1.1448882
2024-01-19,-0.07377919999552644,5,0.5995351,1.0442044
2024-01-26,0.3216620446146262,10,0.605069,1.2501823
2024-02-12,0.6527528784014754,21,0.5345206,1.2143564
2024-01-16,-0.3045201322342683,1,0.62661886,1.563484
2024-01-18,0.8222113392252062,3,0.60034454,1.156287
2024-01-22,0.7715702540190797,5,0.6042589,1.1596518
2024-01-29,-0.1160937424798049,10,0.60253626,1.2261386
2024-02-13,-0.9229306744622006,21,0.5513114,1.4089876
2024-01-17,-0.8483441393796812,1,0.5949087,1.7865813
2024-01-19,-0.07377919999552644,3,0.5995351,1.3077232
2024-01-23,-0.3378494502023984,5,0.58483595,1.3279492
2024-01-30,0.18062669526002623,10,0.5796019,1.3572367
2024-02-14,0.3822496057037969,21,0.5442717,1.3372151
2024-01-18,0.8222113392252062,1,0.60034454,1.9408032
2024-01-22,0.7715702540190797,3,0.6042589,1.5925657
2024-01-24,1.568370612352123,5,0.6070355,1.5159975
2024-01-31,-0.4048882404080683,10,0.5844546,1.5512102
2024-02-15,0.5954858644379811,21,0.5471655,1.4008769
2024-01-19,-0.07377919999552644,1,0.5995351,1.7146769
2024-01-23,-0.3378494502023984,3,0.58483595,1.6029298
2024-01-25,0.10060113023788086,5,0.6072607,1.6693773
2024-02-01,-0.26491126820415606,10,0.5832317,1.4854903
2024-02-16,0.41417769692361167,21,0.5482702,1.2347016
2024-01-22,0.7715702540190797,1,0.6042589,1.9587598
2024-01-24,1.568370612352123,3,0.6070355,1.6156534
2024-01-26,0.3216620446146262,5,0.605069,1.6711687
2024-02-02,0.3503656190535221,10,0.5835704,1.4946064
2024-02-19,-0.14720791250492055,21,0.5484655,1.4284629
2024-01-23,-0.3378494502023984,1,0.58483595,1.5954027
2024-01-25,0.10060113023788086,3,0.6072607,1.4265187
2024-01-29,-0.1160937424798049,5,0.60253626,1.6059164
2024-02-05,-0.08367499182988952,10,0.58300966,1.2632749
2024-02-20,-0.13951757047039232,21,0.54921633,1.2914217
2024-01-24,1.568370612352123,1,0.6070355,1.8329514
2024-01-26,0.3216620446146262,3,0.605069,1.540266
2024-01-30,0.18062669526002623,5,0.5796019,1.4110454
2024-02-06,0.7612880719440723,10,0.5822527,1.5612388
2024-02-21,0.29069613529125105,21,0.5495456,1.3511499
2024-01-25,0.10060113023788086,1,0.6072607,1.6391882
2024-01-29,-0.1160937424798049,3,0.60253626,1.5908859
2024-01-31,-0.4048882404080683,5,0.5844546,1.5525451
2024-02-07,-0.6554500720230801,10,0.57921714,1.4876804
2024-02-22,1.4632940280449829,21,0.5725225,1.1709898
2024-01-26,0.3216620446146262,1,0.605069,1.5320171
2024-01-30,0.18062669526002623,3,0.5796019,1.1690005
2024-02-01,-0.26491126820415606,5,0.5832317,1.192412
2024-02-08,0.2471192831997178,10,0.5748218,1.4648302
2024-02-23,0.2810071953807723,21,0.57280284,1.3272966
2024-01-29,-0.1160937424798049,1,0.60253626,1.4212916
2024-01-31,-0.4048882404080683,3,0.5844546,1.1180488
2024-02-02,0.3503656190535221,5,0.5835704,1.0522761
2024-02-09,-0.22029937823807139,10,0.53844047,1.2400928
2024-02-26,0.022388656746642664,21,0.5595598,1.2157964
2024-01-30,0.18062669526002623,1,0.5796019,1.189164
2024-02-01,-0.26491126820415606,3,0.5832317,1.0078228
2024-02-05,-0.08367499182988952,5,0.58300966,1.0351167
2024-02-12,0.6527528784014754,10,0.5345206,1.1577418
2024-02-27,0.7619295273403106,21,0.56514853,1.1676037
2024-01-31,-0.4048882404080683,1,0.5844546,1.4767678
2024-02-02,0.3503656190535221,3,0.5835704,1.0704781
2024-02-06,0.7612880719440723,5,0.5822527,0.98182404
2024-02-13,-0.9229306744622006,10,0.5513114,1.3420836
2024-02-28,0.2544562298983276,21,0.5504687,1.0968692
2024-02-01,-0.26491126820415606,1,0.5832317,1.3537308
2024-02-05,-0.08367499182988952,3,0.58300966,1.0224413
2024-02-07,-0.6554500720230801,5,0.57921714,1.1717371
2024-02-14,0.3822496057037969,10,0.5442717,1.134992
2024-02-29,0.4363387697094966,21,0.5519028,1.264624
2024-02-02,0.3503656190535221,1,0.5835704,1.5255713
2024-02-06,0.7612880719440723,3,0.5822527,1.2919512
2024-02-08,0.2471192831997178,5,0.5748218,1.2134792
2024-02-15,0.5954858644379811,10,0.5471655,1.3549354
2024-03-01,0.32124073675739345,21,0.5458267,1.1482557
2024-02-05,-0.08367499182988952,1,0.58300966,1.2682443
2024-02-07,-0.6554500720230801,3,0.57921714,1.1100744
2024-02-09,-0.22029937823807139,5,0.53844047,1.2418194
2024-02-16,0.41417769692361167,10,0.5482702,1.1258773
2024-03-04,-0.10662753850509853,21,0.54029936,1.1747177
2024-02-06,0.7612880719440723,1,0.5822527,1.6685884
2024-02-08,0.2471192831997178,3,0.5748218,1.3145218
2024-02-12,0.6527528784014754,5,0.5345206,1.3130229
2024-02-19,-0.14720791250492055,10,0.5484655,1.4735357
2024-03-05,-0.10035153658182695,21,0.539821,1.2268008
2024-02-07,-0.6554500720230801,1,0.57921714,1.3664066
2024-02-09,-0.22029937823807139,3,0.53844047,1.2686968
2024-02-13,-0.9229306744622006,5,0.5513114,1.4459226
2024-02-20,-0.13951757047039232,10,0.54921633,1.0654588
2024-03-06,0.10340528559642545,21,0.53247243,1.1878611
2024-02-08,0.2471192831997178,1,0.5748218,1.6434399
2024-02-12,0.6527528784014754,3,0.5345206,1.1907216
2024-02-14,0.3822496057037969,5,0.5442717,1.1200155
2024-02-21,0.29069613529125105,10,0.5495456,1.2670515
2024-03-07,0.7094530922551384,21,0.5382124,1.3381737
2024-02-09,-0.22029937823807139,1,0.53844047,1.2464539
2024-02-13,-0.9229306744622006,3,0.5513114,1.2307794
2024-02-15,0.5954858644379811,5,0.5471655,1.2931997
2024-02-22,1.4632940280449829,10,0.5725225,1.1955466
2024-03-08,-0.15895652518285722,21,0.5390545,0.9896292
2024-02-12,0.6527528784014754,1,0.5345206,1.5204664
2024-02-14,0.3822496057037969,3,0.5442717,1.1065805
2024-02-16,0.41417769692361167,5,0.5482702,0.8935307
2024-02-23,0.2810071953807723,10,0.57280284,1.3823956
2024-03-11,-0.38379540318592414,21,0.5416961,1.081416
2024-02-13,-0.9229306744622006,1,0.5513114,1.4700239
2024-02-15,0.5954858644379811,3,0.5471655,1.0631208
2024-02-19,-0.14720791250492055,5,0.5484655,1.0881066
2024-02-26,0.022388656746642664,10,0.5595598,0.86441714
2024-03-12,1.2256182194385463,21,0.5604435,1.1341065
2024-02-14,0.3822496057037969,1,0.5442717,1.4007246
2024-02-16,0.41417769692361167,3,0.5482702,0.97927606
2024-02-20,-0.13951757047039232,5,0.54921633,0.94063646
2024-02-27,0.7619295273403106,10,0.56514853,1.2873546
2024-03-13,-0.020756358965553792,21,0.5605061,1.3424987
2024-02-15,0.5954858644379811,1,0.5471655,1.5136676
2024-02-19,-0.14720791250492055,3,0.5484655,1.2096276
2024-02-21,0.29069613529125105,5,0.5495456,1.1556828
2024-02-28,0.2544562298983276,10,0.5504687,1.1139619
2024-03-14,-0.1077434895516357,21,0.55331135,1.0245163
2024-02-16,0.41417769692361167,1,0.5482702,1.163491
2024-02-20,-0.13951757047039232,3,0.54921633,0.8337009
2024-02-22,1.4632940280449829,5,0.5725225,0.82060456
2024-02-29,0.4363387697094966,10,0.5519028,0.8901324
2024-03-15,-0.030038287337996458,21,0.5506481,1.2446032
2024-02-19,-0.14720791250492055,1,0.5484655,1.0311847
2024-02-21,0.29069613529125105,3,0.5495456,0.92730737
2024-02-23,0.2810071953807723,5,0.57280284,1.0150774
2024-03-01,0.32124073675739345,10,0.5458267,1.0279342
2024-03-18,-0.022139823256086474,21,0.55042285,0.94149524
2024-02-20,-0.13951757047039232,1,0.54921633,1.1501243
2024-02-22,1.4632940280449829,3,0.5725225,0.853437
2024-02-26,0.022388656746642664,5,0.5595598,0.86819065
2024-03-04,-0.10662753850509853,10,0.54029936,0.92817426
2024-03-19,0.30518001186501864,21,0.54856503,1.199041
2024-02-21,0.29069613529125105,1,0.5495456,1.2710046
2024-02-23,0.2810071953807723,3,0.57280284,1.1640412
2024-02-27,0.7619295273403106,5,0.56514853,1.0496018
2024-03-05,-0.10035153658182695,10,0.539821,1.0472862
2024-03-20,0.1535478784097713,21,0.5485746,1.0356593
2024-02-22,1.4632940280449829,1,0.5725225,0.9542997
2024-02-26,0.022388656746642664,3,0.5595598,0.8321005
2024-02-28,0.2544562298983276,5,0.5504687,0.8981074
2024-03-06,0.10340528559642545,10,0.53247243,1.0058396
2024-03-21,0.9068825687253148,21,0.5576804,1.045517
2024-02-23,0.2810071953807723,1,0.57280284,1.2235273
2024-02-27,0.7619295273403106,3,0.56514853,0.93409705
2024-02-29,0.4363387697094966,5,0.5519028,0.89180255
2024-03-07,0.7094530922551384,10,0.5382124,1.067308
2024-03-22,0.14670506496177504,21,0.55544955,1.0902121
2024-02-26,0.022388656746642664,1,0.5595598,0.94538796
2024-02-28,0.2544562298983276,3,0.5504687,0.74997085
2024-03-01,0.32124073675739345,5,0.5458267,0.84137595
2024-03-08,-0.15895652518285722,10,0.5390545,0.7665938
2024-03-25,0.30367596296545873,21,0.5554698,1.0800198
2024-02-27,0.7619295273403106,1,0.56514853,0.79693884
2024-02-29,0.4363387697094966,3,0.5519028,0.7314432
2024-03-04,-0.10662753850509853,5,0.54029936,0.7994082
2024-03-11,-0.38379540318592414,10,0.5416961,0.96557164
2024-03-26,0.6715093919433112,21,0.55959934,1.0525439
2024-02-28,0.2544562298983276,1,0.5504687,0.9001436
2024-03-01,0.32124073675739345,3,0.5458267,0.7017004
2024-03-05,-0.10035153658182695,5,0.539821,0.83294713
2024-03-12,1.2256182194385463,10,0.5604435,0.8683095
2024-03-27,0.5031839853687976,21,0.5234632,0.90421116
2024-02-29,0.4363387697094966,1,0.5519028,0.9950248
2024-03-04,-0.10662753850509853,3,0.54029936,0.698296
2024-03-06,0.10340528559642545,5,0.53247243,0.6445272
2024-03-13,-0.020756358965553792,10,0.5605061,0.9511602
2024-03-28,0.0833138568696976,21,0.522214,1.1092068
2024-03-01,0.32124073675739345,1,0.5458267,0.77650267
2024-03-05,-0.10035153658182695,3,0.539821,0.67841816
2024-03-07,0.7094530922551384,5,0.5382124,0.8779462
2024-03-14,-0.1077434895516357,10,0.55331135,0.74333704
2024-04-02,-1.1385892638780297,21,0.54782194,1.0516834
2024-03-04,-0.10662753850509853,1,0.54029936,0.88137615
2024-03-06,0.10340528559642545,3,0.53247243,0.62512517
2024-03-08,-0.15895652518285722,5,0.5390545,0.55173635
2024-03-15,-0.030038287337996458,10,0.5506481,1.1123686
2024-04-03,0.46159906437435577,21,0.54411244,0.983886
2024-03-05,-0.10035153658182695,1,0.539821,0.9266933
2024-03-07,0.7094530922551384,3,0.5382124,0.859555
2024-03-11,-0.38379540318592414,5,0.5416961,0.97275007
2024-03-18,-0.022139823256086474,10,0.55042285,0.68263453
2024-04-04,0.19259911419677336,21,0.5424476,0.943727
2024-03-06,0.10340528559642545,1,0.53247243,1.1064651
2024-03-08,-0.15895652518285722,3,0.5390545,0.79206705
2024-03-12,1.2256182194385463,5,0.5604435,0.6854398
2024-03-19,0.30518001186501864,10,0.54856503,1.1656363
2024-04-05,-1.2471632880227135,21,0.5719313,1.0638245
2024-03-07,0.7094530922551384,1,0.5382124,0.9678925
2024-03-11,-0.38379540318592414,3,0.5416961,0.808294
2024-03-13,-0.020756358965553792,5,0.5605061,0.90204865
2024-03-20,0.1535478784097713,10,0.5485746,0.7226386
2024-04-08,0.7888000679608055,21,0.5625256,0.91483235
2024-03-08,-0.15895652518285722,1,0.5390545,1.0161941
2024-03-12,1.2256182194385463,3,0.5604435,0.7309472
2024-03-14,-0.1077434895516357,5,0.55331135,0.69541365
2024-03-21,0.9068825687253148,10,0.5576804,0.9583144
2024-04-09,-1.3313940610920383,21,0.585571,1.1744139
2024-03-11,-0.38379540318592414,1,0.5416961,1.1589675
2024-03-13,-0.020756358965553792,3,0.5605061,1.0111216
2024-03-15,-0.030038287337996458,5,0.5506481,1.0591246
2024-03-22,0.14670506496177504,10,0.55544955,0.78013116
2024-04-10,0.11395663139160289,21,0.5797917,0.9814675
2024-03-12,1.2256182194385463,1,0.5604435,1.1982049
2024-03-14,-0.1077434895516357,3,0.55331135,0.8655786
2024-03-18,-0.022139823256086474,5,0.55042285,0.83209044
2024-03-25,0.30367596296545873,10,0.5554698,1.1729399
2024-04-11,-0.7923106969112904,21,0.58949345,1.0866342
2024-03-13,-0.020756358965553792,1,0.5605061,1.1026369
2024-03-15,-0.030038287337996458,3,0.5506481,0.92981637
2024-03-19,0.30518001186501864,5,0.54856503,0.9455738
2024-03-26,0.6715093919433112,10,0.55959934,0.8505577
2024-04-12,-0.1346540004377691,21,0.57639945,1.0944958
2024-03-14,-0.1077434895516357,1,0.55331135,0.88990855
2024-03-18,-0.022139823256086474,3,0.55042285,0.66401625
2024-03-20,0.1535478784097713,5,0.5485746,0.6486993
2024-03-27,0.5031839853687976,10,0.5234632,0.95837235
2024-04-15,0.5354187626759636,21,0.57186365,1.1153136
2024-03-15,-0.030038287337996458,1,0.5506481,1.1052611
2024-03-19,0.30518001186501864,3,0.54856503,0.8440728
2024-03-21,0.9068825687253148,5,0.5576804,0.80229425
2024-03-28,0.0833138568696976,10,0.522214,0.86379415
2024-04-16,-1.4547848971801618,21,0.60733384,0.9614601
2024-03-18,-0.022139823256086474,1,0.55042285,0.82867163
2024-03-20,0.1535478784097713,3,0.5485746,0.6850417
2024-03-22,0.14670506496177504,5,0.55544955,0.61786556
2024-04-02,-1.1385892638780297,10,0.54782194,0.8889787
2024-04-17,0.021325055481990575,21,0.6013365,0.9478003
2024-03-19,0.30518001186501864,1,0.54856503,1.1533648
2024-03-21,0.9068825687253148,3,0.5576804,0.8859079
2024-03-25,0.30367596296545873,5,0.5554698,0.90175426
2024-04-03,0.46159906437435577,10,0.54411244,0.9782433
2024-04-18,0.3784657240037666,21,0.5994998,1.12454
2024-03-20,0.1535478784097713,1,0.5485746,0.9103181
2024-03-22,0.14670506496177504,3,0.55544955,0.7121967
2024-03-26,0.6715093919433112,5,0.55959934,0.846549
2024-04-04,0.19259911419677336,10,0.5424476,0.9347956
2024-04-19,-0.5624284183328198,21,0.5746706,1.1318452
2024-03-21,0.9068825687253148,1,0.5576804,1.0137628
2024-03-25,0.30367596296545873,3,0.5554698,0.79832554
2024-03-27,0.5031839853687976,5,0.5234632,0.7573357
2024-04-05,-1.2471632880227135,10,0.5719313,0.9245271
2024-04-22,0.693529668303137,21,0.5800756,0.9867389
2024-03-22,0.14670506496177504,1,0.55544955,0.7296612
2024-03-26,0.6715093919433112,3,0.55959934,0.75562406
2024-03-28,0.0833138568696976,5,0.522214,0.9254053
2024-04-08,0.7888000679608055,10,0.5625256,0.87661326
2024-04-23,1.5381498851941167,21,0.60880536,0.9096831
2024-03-25,0.30367596296545873,1,0.5554698,0.967638
2024-03-27,0.5031839853687976,3,0.5234632,0.831428
2024-04-02,-1.1385892638780297,5,0.54782194,0.89615214
2024-04-09,-1.3313940610920383,10,0.585571,1.1911027
2024-04-24,-0.2702519144003531,21,0.6101071,1.0454717
2024-03-26,0.6715093919433112,1,0.55959934,1.1883357
2024-03-28,0.0833138568696976,3,0.522214,0.92419475
2024-04-03,0.46159906437435577,5,0.54411244,1.0141577
2024-04-10,0.11395663139160289,10,0.5797917,0.82109815
2024-04-25,-0.9521819658271263,21,0.6251998,1.1535183
2024-03-27,0.5031839853687976,1,0.5234632,0.91459274
2024-04-02,-1.1385892638780297,3,0.54782194,0.81324744
2024-04-04,0.19259911419677336,5,0.5424476,0.76906556
2024-04-11,-0.7923106969112904,10,0.58949345,0.93196064
2024-04-26,1.3511404392249289,21,0.64248884,1.0841563
2024-03-28,0.0833138568696976,1,0.522214,0.9422364
2024-04-03,0.46159906437435577,3,0.54411244,0.9044169
2024-04-05,-1.2471632880227135,5,0.5719313,0.92403996
2024-04-12,-0.1346540004377691,10,0.57639945,1.1048144
2024-04-29,-0.23533771288288655,21,0.6422001,0.89753777
2024-04-02,-1.1385892638780297,1,0.54782194,1.118556
2024-04-04,0.19259911419677336,3,0.5424476,0.8578147
2024-04-08,0.7888000679608055,5,0.5625256,0.89272076
2024-04-15,0.5354187626759636,10,0.57186365,1.329181
2024-04-30,-1.032729618214251,21,0.65841156,1.199747
2024-04-03,0.46159906437435577,1,0.54411244,1.4468597
2024-04-05,-1.2471632880227135,3,0.5719313,1.1474017
2024-04-09,-1.3313940610920383,5,0.585571,1.1917088
2024-04-16,-1.4547848971801618,10,0.60733384,1.1258676
2024-05-02,-0.1991139148488078,21,0.6591168,1.2195822
2024-04-04,0.19259911419677336,1,0.5424476,1.3253218
2024-04-08,0.7888000679608055,3,0.5625256,1.07983
2024-04-10,0.11395663139160289,5,0.5797917,0.9957353
2024-04-17,0.021325055481990575,10,0.6013365,1.5366956
2024-05-03,0.5855458133382536,21,0.65649134,1.324355
2024-04-05,-1.2471632880227135,1,0.5719313,1.4994248
2024-04-09,-1.3313940610920383,3,0.585571,1.1989806
2024-04-11,-0.7923106969112904,5,0.58949345,1.2459205
2024-04-18,0.3784657240037666,10,0.5994998,1.2450088
2024-05-06,0.9598008131742796,21,0.6584301,1.1842523
2024-04-08,0.7888000679608055,1,0.5625256,1.5442529
2024-04-10,0.11395663139160289,3,0.5797917,1.3081474
2024-04-12,-0.1346540004377691,5,0.57639945,1.377488
2024-04-19,-0.5624284183328198,10,0.5746706,1.3619843
2024-05-07,1.392389776909481,21,0.6784997,1.3459712
2024-04-09,-1.3313940610920383,1,0.585571,1.4975235
2024-04-11,-0.7923106969112904,3,0.58949345,1.3692733
2024-04-15,0.5354187626759636,5,0.57186365,1.5135391
2024-04-22,0.693529668303137,10,0.5800756,1.1303551
2024-05-08,0.37006801031703895,21,0.67749316,1.3192668
2024-04-10,0.11395663139160289,1,0.5797917,1.7710539
2024-04-12,-0.1346540004377691,3,0.57639945,1.4053547
2024-04-16,-1.4547848971801618,5,0.60733384,1.3487276
2024-04-23,1.5381498851941167,10,0.60880536,1.4277118
2024-05-09,1.012346141279731,21,0.68359697,1.5741024
2024-04-11,-0.7923106969112904,1,0.58949345,1.8254411
2024-04-15,0.5354187626759636,3,0.57186365,1.6427417
2024-04-17,0.021325055481990575,5,0.6013365,1.6443971
2024-04-24,-0.2702519144003531,10,0.6101071,1.4212722
2024-05-10,0.4604987751622837,21,0.6698502,1.3274529
2024-04-12,-0.1346540004377691,1,0.57639945,2.1056337
2024-04-16,-1.4547848971801618,3,0.60733384,1.6320188
2024-04-18,0.3784657240037666,5,0.5994998,1.4895363
2024-04-25,-0.9521819658271263,10,0.6251998,1.5879394
2024-05-13,-0.1632885813641824,21,0.6707196,1.5035579
2024-04-15,0.5354187626759636,1,0.57186365,1.9599342
2024-04-17,0.021325055481990575,3,0.6013365,1.6313397
2024-04-19,-0.5624284183328198,5,0.5746706,1.6387191
2024-04-26,1.3511404392249289,10,0.64248884,1.4703912
2024-05-14,-0.13775612195016795,21,0.66947675,1.484224
2024-04-16,-1.4547848971801618,1,0.60733384,1.4724752
2024-04-18,0.3784657240037666,3,0.5994998,1.415686
2024-04-22,0.693529668303137,5,0.5800756,1.4923747
2024-04-29,-0.23533771288288655,10,0.6422001,1.5895749
2024-05-15,0.8138200143103556,21,0.67406386,1.2703602
2024-04-17,0.021325055481990575,1,0.6013365,2.0698793
2024-04-19,-0.5624284183328198,3,0.5746706,1.6265008
2024-04-23,1.5381498851941167,5,0.60880536,1.5487413
2024-04-30,-1.032729618214251,10,0.65841156,1.5618718
2024-05-16,-0.6942605969100953,21,0.6819761,1.5597638
2024-04-18,0.3784657240037666,1,0.5994998,1.8184047
2024-04-22,0.693529668303137,3,0.5800756,1.5870192
2024-04-24,-0.2702519144003531,5,0.6101071,1.6172763
2024-05-02,-0.1991139148488078,10,0.6591168,1.4757084
2024-05-17,-0.1836948053896265,21,0.6823213,1.5585973
2024-04-19,-0.5624284183328198,1,0.5746706,1.5717964
2024-04-23,1.5381498851941167,3,0.60880536,1.4221697
2024-04-25,-0.9521819658271263,5,0.6251998,1.3608848
2024-05-03,0.5855458133382536,10,0.65649134,1.7261158
2024-05-20,0.3444636056986854,21,0.6825411,1.1553674
2024-04-22,0.693529668303137,1,0.5800756,1.677534
2024-04-24,-0.2702519144003531,3,0.6101071,1.375295
2024-04-26,1.3511404392249289,5,0.64248884,1.5189706
2024-05-06,0.9598008131742796,10,0.6584301,1.5602759
2024-05-21,-0.2250986987468292,21,0.6621224,1.4761139
2024-04-23,1.5381498851941167,1,0.60880536,1.7877204
2024-04-25,-0.9521819658271263,3,0.6251998,1.5538601
2024-04-29,-0.23533771288288655,5,0.6422001,1.5013115
2024-05-07,1.392389776909481,10,0.6784997,1.5845829
2024-05-22,-0.248940690098104,21,0.66354334,1.3773224
2024-04-24,-0.2702519144003531,1,0.6101071,1.350175
2024-04-26,1.3511404392249289,3,0.64248884,1.3157479
2024-04-30,-1.032729618214251,5,0.65841156,1.4824623
2024-05-08,0.37006801031703895,10,0.67749316,1.3668023
2024-05-23,0.05951641366349509,21,0.6634714,1.2671711
2024-04-25,-0.9521819658271263,1,0.6251998,1.8664405
2024-04-29,-0.23533771288288655,3,0.6422001,1.419016
2024-05-02,-0.1991139148488078,5,0.6591168,1.4196131
2024-05-09,1.012346141279731,10,0.68359697,1.7444354
2024-05-24,0.010960787194030586,21,0.6581627,1.4281884
2024-04-26,1.3511404392249289,1,0.64248884,1.5858691
2024-04-30,-1.032729618214251,3,0.65841156,1.6897656
2024-05-03,0.5855458133382536,5,0.65649134,1.7085738
2024-05-10,0.4604987751622837,10,0.6698502,1.5774374
2024-05-27,0.4341931825481289,21,0.65926456,1.1221375
2024-04-29,-0.23533771288288655,1,0.6422001,1.6215463
2024-05-02,-0.1991139148488078,3,0.6591168,1.3649678
2024-05-06,0.9598008131742796,5,0.6584301,1.3739177
2024-05-13,-0.1632885813641824,10,0.6707196,1.7281554
2024-05-28,-0.5171446800186583,21,0.66268826,1.5172555
2024-04-30,-1.032729618214251,1,0.65841156,2.1502306
2024-05-03,0.5855458133382536,3,0.65649134,1.605979
2024-05-07,1.392389776909481,5,0.6784997,1.6332526
2024-05-14,-0.13775612195016795,10,0.66947675,1.7069447
2024-05-29,-1.1013500301549615,21,0.67956966,1.5324126
2024-05-02,-0.1991139148488078,1,0.6591168,2.0410492
2024-05-06,0.9598008131742796,3,0.6584301,1.7404885
2024-05-08,0.37006801031703895,5,0.67749316,1.7285054
2024-05-15,0.8138200143103556,10,0.67406386,1.7773337
2024-05-30,0.1271298539624551,21,0.6792217,1.4052088
2024-05-03,0.5855458133382536,1,0.65649134,2.3577461
2024-05-07,1.392389776909481,3,0.6784997,1.8164806
2024-05-09,1.012346141279731,5,0.68359697,1.8055649
2024-05-16,-0.6942605969100953,10,0.6819761,1.7414067
2024-05-31,0.0062192137719634865,21,0.678903,1.6748414
2024-05-06,0.9598008131742796,1,0.6584301,1.7506261
2024-05-08,0.37006801031703895,3,0.67749316,1.5815347
2024-05-10,0.4604987751622837,5,0.6698502,1.7225125
2024-05-17,-0.1836948053896265,10,0.6823213,1.6082499
2024-06-03,0.5940857619672008,21,0.68221486,1.3861555
2024-05-07,1.392389776909481,1,0.6784997,1.6780126
2024-05-09,1.012346141279731,3,0.68359697,1.465701
2024-05-13,-0.1632885813641824,5,0.6707196,1.5914071
2024-05-20,0.3444636056986854,10,0.6825411,1.4672439
2024-06-04,-1.0943029245612654,21,0.69373375,1.4446368
2024-05-08,0.37006801031703895,1,0.67749316,1.9229896
2024-05-10,0.4604987751622837,3,0.6698502,1.5901165
2024-05-14,-0.13775612195016795,5,0.66947675,1.6810247
2024-05-21,-0.2250986987468292,10,0.6621224,1.3708749
2024-06-05,0.9209992193333072,21,0.7021331,1.5536507
2024-05-09,1.012346141279731,1,0.68359697,1.6584771
2024-05-13,-0.1632885813641824,3,0.6707196,1.4191421
2024-05-15,0.8138200143103556,5,0.67406386,1.3333098
2024-05-22,-0.248940690098104,10,0.66354334,1.4013269
2024-06-06,0.4122129657173716,21,0.70093733,1.260282
2024-05-10,0.4604987751622837,1,0.6698502,1.5305133
2024-05-14,-0.13775612195016795,3,0.66947675,1.442422
2024-05-16,-0.6942605969100953,5,0.6819761,1.4664599
2024-05-23,0.05951641366349509,10,0.6634714,1.5458585
2024-06-07,-0.5127694431069029,21,0.6887295,1.3345907
2024-05-13,-0.1632885813641824,1,0.6707196,1.5666993
2024-05-15,0.8138200143103556,3,0.67406386,1.212884
2024-05-17,-0.1836948053896265,5,0.6823213,1.2279685
2024-05-24,0.010960787194030586,10,0.6581627,1.2080576
2024-06-10,-0.33670892558444715,21,0.6905167,1.2842904
2024-05-14,-0.13775612195016795,1,0.66947675,1.4109555
2024-05-16,-0.6942605969100953,3,0.6819761,1.1015701
2024-05-20,0.3444636056986854,5,0.6825411,1.0964925
2024-05-27,0.4341931825481289,10,0.65926456,1.1073014
2024-06-11,-0.6778908249741008,21,0.6966034,1.3614244
2024-05-15,0.8138200143103556,1,0.67406386,1.3174864
2024-05-17,-0.1836948053896265,3,0.6823213,1.2659892
2024-05-21,-0.2250986987468292,5,0.6621224,1.2588409
2024-05-28,-0.5171446800186583,10,0.66268826,1.4336605
2024-06-12,1.410370884898602,21,0.71864545,1.1063604
2024-05-16,-0.6942605969100953,1,0.6819761,1.4199212
2024-05-20,0.3444636056986854,3,0.6825411,1.0544052
2024-05-22,-0.248940690098104,5,0.66354334,1.0028228
2024-05-29,-1.1013500301549615,10,0.67956966,1.3003896
2024-06-13,-1.9795439985809713,21,0.76549125,1.107468
2024-05-17,-0.1836948053896265,1,0.6823213,1.6303961
2024-05-21,-0.2250986987468292,3,0.6621224,1.2364635
2024-05-23,0.05951641366349509,5,0.6634714,1.2745668
2024-05-30,0.1271298539624551,10,0.6792217,1.304691
2024-06-14,-1.4539924336691077,21,0.7881528,1.3766823
2024-05-20,0.3444636056986854,1,0.6825411,1.2225921
2024-05-22,-0.248940690098104,3,0.66354334,1.2579079
2024-05-24,0.010960787194030586,5,0.6581627,1.4060272
2024-05-31,0.0062192137719634865,10,0.678903,1.3681291
2024-06-17,0.36701445867926324,21,0.7893324,1.1330363
2024-05-21,-0.2250986987468292,1,0.6621224,1.3628752
2024-05-23,0.05951641366349509,3,0.6634714,1.022743
2024-05-27,0.4341931825481289,5,0.65926456,1.1011517
2024-06-03,0.5940857619672008,10,0.68221486,1.2755864
2024-06-18,0.3522624952010773,21,0.7818021,1.3305885
2024-05-22,-0.248940690098104,1,0.66354334,1.5213089
2024-05-24,0.010960787194030586,3,0.6581627,1.3472037
2024-05-28,-0.5171446800186583,5,0.66268826,1.482866
2024-06-04,-1.0943029245612654,10,0.69373375,1.4052979
2024-06-19,-0.3539272076323118,21,0.7828336,1.1377844
2024-05-23,0.05951641366349509,1,0.6634714,1.2707577
2024-05-27,0.4341931825481289,3,0.65926456,1.1921358
2024-05-29,-1.1013500301549615,5,0.67956966,1.223504
2024-06-05,0.9209992193333072,10,0.7021331,1.462727
2024-06-20,1.0256632533436993,21,0.79325837,1.0773543
2024-05-24,0.010960787194030586,1,0.6581627,1.4276733
2024-05-28,-0.5171446800186583,3,0.66268826,1.110812
2024-05-30,0.1271298539624551,5,0.6792217,1.1311448
2024-06-06,0.4122129657173716,10,0.70093733,1.3194944
2024-06-21,-0.49789165971844174,21,0.7908259,1.1760855
2024-05-27,0.4341931825481289,1,0.65926456,1.169614
2024-05-29,-1.1013500301549615,3,0.67956966,1.172017
2024-05-31,0.0062192137719634865,5,0.678903,1.1861734
2024-06-07,-0.5127694431069029,10,0.6887295,1.3520794
2024-06-24,0.8882741103415963,21,0.796686,0.99011064
2024-05-28,-0.5171446800186583,1,0.66268826,1.4794056
2024-05-30,0.1271298539624551,3,0.6792217,1.0998623
2024-06-03,0.5940857619672008,5,0.68221486,1.1977715
2024-06-10,-0.33670892558444715,10,0.6905167,1.2400997
2024-06-25,-0.8106782473733726,21,0.8031739,1.2338365
2024-05-29,-1.1013500301549615,1,0.67956966,1.6444473
2024-05-31,0.0062192137719634865,3,0.678903,1.2039561
2024-06-04,-1.0943029245612654,5,0.69373375,1.1415409
2024-06-11,-0.6778908249741008,10,0.6966034,1.3199047
2024-06-26,-0.12318826244356769,21,0.789979,1.0842478
2024-05-30,0.1271298539624551,1,0.6792217,1.3328974
2024-06-03,0.5940857619672008,3,0.68221486,1.2256258
2024-06-05,0.9209992193333072,5,0.7021331,1.2237147
2024-06-12,1.410370884898602,10,0.71864545,1.3290184
2024-06-27,0.3041902182248652,21,0.7886408,1.1311141
2024-05-31,0.0062192137719634865,1,0.678903,1.7621413
2024-06-04,-1.0943029245612654,3,0.69373375,1.2760211
2024-06-06,0.4122129657173716,5,0.70093733,1.2310357
2024-06-13,-1.9795439985809713,10,0.76549125,1.3286674
2024-06-28,0.1366319561731131,21,0.78842497,1.3004012
2024-06-03,0.5940857619672008,1,0.68221486,1.5719248
2024-06-05,0.9209992193333072,3,0.7021331,1.1571763
2024-06-07,-0.5127694431069029,5,0.6887295,1.1245059
2024-06-14,-1.4539924336691077,10,0.7881528,1.1017869
2024-07-01,0.30230966556780786,21,0.7726079,1.0477763
2024-06-04,-1.0943029245612654,1,0.69373375,1.157665
2024-06-06,0.4122129657173716,3,0.70093733,1.1087092
2024-06-10,-0.33670892558444715,5,0.6905167,1.199035
2024-06-17,0.36701445867926324,10,0.7893324,1.1146139
2024-07-02,-0.6945609011884646,21,0.77101463,1.2376808
2024-06-05,0.9209992193333072,1,0.7021331,1.6519902
2024-06-07,-0.5127694431069029,3,0.6887295,1.3219298
2024-06-11,-0.6778908249741008,5,0.6966034,1.1750482
2024-06-18,0.3522624952010773,10,0.7818021,1.2642143
2024-07-03,1.1520481699241631,21,0.765744,1.1502905
2024-06-06,0.4122129657173716,1,0.70093733,1.2041839
2024-06-10,-0.33670892558444715,3,0.6905167,1.2761428
2024-06-12,1.410370884898602,5,0.71864545,1.209265
2024-06-19,-0.3539272076323118,10,0.7828336,1.1216774
2024-07-04,0.41249835399308593,21,0.76728535,1.0631582
2024-06-07,-0.5127694431069029,1,0.6887295,1.4228601
2024-06-11,-0.6778908249741008,3,0.6966034,1.294466
2024-06-13,-1.9795439985809713,5,0.76549125,1.2028903
2024-06-20,1.0256632533436993,10,0.79325837,1.1522352
2024-07-05,0.13523696771758723,21,0.759698,1.1093175
2024-06-10,-0.33670892558444715,1,0.6905167,1.5158263
2024-06-12,1.410370884898602,3,0.71864545,1.1179652
2024-06-14,-1.4539924336691077,5,0.7881528,0.92859554
2024-06-21,-0.49789165971844174,10,0.7908259,1.3559501
2024-07-08,-0.01839603496628735,21,0.75937325,1.1758587
2024-06-11,-0.6778908249741008,1,0.6966034,1.2172393
2024-06-13,-1.9795439985809713,3,0.76549125,1.0137992
2024-06-17,0.36701445867926324,5,0.7893324,1.0620353
2024-06-24,0.8882741103415963,10,0.796686,1.1655252
2024-07-09,-1.2850769881641582,21,0.77582496,1.2498126
2024-06-12,1.410370884898602,1,0.71864545,1.4467249
2024-06-14,-1.4539924336691077,3,0.7881528,1.1334262
2024-06-18,0.3522624952010773,5,0.7818021,0.98047906
2024-06-25,-0.8106782473733726,10,0.8031739,1.4359463
2024-07-10,0.933496589228261,21,0.7600209,1.07209
2024-06-13,-1.9795439985809713,1,0.76549125,1.3274505
2024-06-17,0.36701445867926324,3,0.7893324,1.1114194
2024-06-19,-0.3539272076323118,5,0.7828336,1.1355336
2024-06-26,-0.12318826244356769,10,0.789979,1.1341646
2024-07-11,0.6894109801932471,21,0.76434016,1.2994788
2024-06-14,-1.4539924336691077,1,0.7881528,1.4936081
2024-06-18,0.3522624952010773,3,0.7818021,1.1742212
2024-06-20,1.0256632533436993,5,0.79325837,1.1270252
2024-06-27,0.3041902182248652,10,0.7886408,1.3386215
2024-07-12,1.1459537415983594,21,0.77592075,1.2798867
2024-06-17,0.36701445867926324,1,0.7893324,1.4888735
2024-06-19,-0.3539272076323118,3,0.7828336,1.400563
2024-06-21,-0.49789165971844174,5,0.7908259,1.3655294
2024-06-28,0.1366319561731131,10,0.78842497,1.5504014
2024-07-15,-0.8424954962485622,21,0.78069705,1.3446041
2024-06-18,0.3522624952010773,1,0.7818021,1.6753837
2024-06-20,1.0256632533436993,3,0.79325837,1.4420483
2024-06-24,0.8882741103415963,5,0.796686,1.4540696
2024-07-01,0.30230966556780786,10,0.7726079,1.5041174
2024-07-16,-0.392689530755699,21,0.77878124,1.4224184
2024-06-19,-0.3539272076323118,1,0.7828336,1.8043376
2024-06-21,-0.49789165971844174,3,0.7908259,1.399953
2024-06-25,-0.8106782473733726,5,0.8031739,1.4393488
2024-07-02,-0.6945609011884646,10,0.77101463,1.4408885
2024-07-17,-0.4368985143234455,21,0.7566807,1.3910716
2024-06-20,1.0256632533436993,1,0.79325837,1.5271902
2024-06-24,0.8882741103415963,3,0.796686,1.3582686
2024-06-26,-0.12318826244356769,5,0.789979,1.5407838
2024-07-03,1.1520481699241631,10,0.765744,1.364974
2024-07-18,-0.44869003190506673,21,0.7582191,1.4564502
2024-06-21,-0.49789165971844174,1,0.7908259,1.3572042
2024-06-25,-0.8106782473733726,3,0.8031739,1.4367703
2024-06-27,0.3041902182248652,5,0.7886408,1.4125056
2024-07-04,0.41249835399308593,10,0.76728535,1.4137802
2024-07-19,-1.001085002510522,21,0.7593121,1.049531
2024-06-24,0.8882741103415963,1,0.796686,1.4269575
2024-06-26,-0.12318826244356769,3,0.789979,1.3704708
2024-06-28,0.1366319561731131,5,0.78842497,1.3771093
2024-07-05,0.13523696771758723,10,0.759698,1.4281882
2024-07-22,1.2856768308834885,21,0.7574168,1.3233814
2024-06-25,-0.8106782473733726,1,0.8031739,1.57438
2024-06-27,0.3041902182248652,3,0.7886408,1.424917
2024-07-01,0.30230966556780786,5,0.7726079,1.4674997
2024-07-08,-0.01839603496628735,10,0.75937325,1.3769569
2024-07-23,0.8149908245219187,21,0.7634717,1.1914763
2024-06-26,-0.12318826244356769,1,0.789979,1.7289994
2024-06-28,0.1366319561731131,3,0.78842497,1.2973152
2024-07-02,-0.6945609011884646,5,0.77101463,1.0747302
2024-07-09,-1.2850769881641582,10,0.77582496,1.565743
2024-07-24,-0.9215793646682898,21,0.7609556,1.2310612
2024-06-27,0.3041902182248652,1,0.7886408,1.5789758
2024-07-01,0.30230966556780786,3,0.7726079,1.2765654
2024-07-03,1.1520481699241631,5,0.765744,1.3145897
2024-07-10,0.933496589228261,10,0.7600209,1.3964261
2024-07-25,-0.48378110494211773,21,0.76336664,1.4620937
2024-06-28,0.1366319561731131,1,0.78842497,1.338966
2024-07-02,-0.6945609011884646,3,0.77101463,1.114383
2024-07-04,0.41249835399308593,5,0.76728535,1.1063118
2024-07-11,0.6894109801932471,10,0.76434016,1.5964931
2024-07-26,0.6472906328498461,21,0.7641598,1.1012753
2024-07-01,0.30230966556780786,1,0.7726079,1.4112782
2024-07-03,1.1520481699241631,3,0.765744,1.1036218
2024-07-05,0.13523696771758723,5,0.759698,1.222132
2024-07-12,1.1459537415983594,10,0.77592075,1.2934232
2024-07-29,-0.5274130433874562,21,0.7578493,1.3052629
2024-07-02,-0.6945609011884646,1,0.77101463,1.268615
2024-07-04,0.41249835399308593,3,0.76728535,1.1568811
2024-07-08,-0.01839603496628735,5,0.75937325,1.282701
2024-07-15,-0.8424954962485622,10,0.78069705,1.1529216
2024-07-30,0.49281454524503726,21,0.7387613,1.3205833
2024-07-03,1.1520481699241631,1,0.765744,1.1032939
2024-07-05,0.13523696771758723,3,0.759698,1.2042047
2024-07-09,-1.2850769881641582,5,0.77582496,1.3109645
2024-07-16,-0.392689530755699,10,0.77878124,1.4977709
2024-07-31,0.52801396634034,21,0.74038815,1.1012349
2024-07-04,0.41249835399308593,1,0.76728535,1.5778117
2024-07-08,-0.01839603496628735,3,0.75937325,1.2440273
2024-07-10,0.933496589228261,5,0.7600209,1.329555
2024-07-17,-0.4368985143234455,10,0.7566807,1.4208074
2024-08-01,-2.326313285080173,21,0.78707343,1.3508887
2024-07-05,0.13523696771758723,1,0.759698,1.4019358
2024-07-09,-1.2850769881641582,3,0.77582496,1.3624723
2024-07-11,0.6894109801932471,5,0.76434016,1.3070991
2024-07-18,-0.44869003190506673,10,0.7582191,1.3071655
2024-08-02,-2.360376335616341,21,0.83835566,0.9676943
2024-07-08,-0.01839603496628735,1,0.75937325,1.139644
2024-07-10,0.933496589228261,3,0.7600209,1.0477308
2024-07-12,1.1459537415983594,5,0.77592075,1.2132821
2024-07-19,-1.001085002510522,10,0.7593121,1.1703503
2024-08-05,-1.841301571168847,21,0.86791146,1.165294
2024-07-09,-1.2850769881641582,1,0.77582496,1.3402228
2024-07-11,0.6894109801932471,3,0.76434016,1.0047631
2024-07-15,-0.8424954962485622,5,0.78069705,1.1470587
2024-07-22,1.2856768308834885,10,0.7574168,1.1712642
2024-08-06,0.0883185198640146,21,0.86836654,1.2242236
2024-07-10,0.933496589228261,1,0.7600209,1.3701271
2024-07-12,1.1459537415983594,3,0.77592075,1.2468948
2024-07-16,-0.392689530755699,5,0.77878124,1.2095325
2024-07-23,0.8149908245219187,10,0.7634717,1.1050433
2024-08-07,1.4917864641052032,21,0.88505274,1.1005778
2024-07-11,0.6894109801932471,1,0.76434016,1.4388782
2024-07-15,-0.8424954962485622,3,0.78069705,1.1818333
2024-07-17,-0.4368985143234455,5,0.7566807,1.0859556
2024-07-24,-0.9215793646682898,10,0.7609556,1.3155332
2024-08-08,0.3697354079403877,21,0.8839009,1.1186733
2024-07-12,1.1459537415983594,1,0.77592075,1.3905991
2024-07-16,-0.392689530755699,3,0.77878124,1.0101745
2024-07-18,-0.44869003190506673,5,0.7582191,1.0053003
2024-07-25,-0.48378110494211773,10,0.76336664,1.3245001
2024-08-09,0.23998051953059268,21,0.88488746,1.0282701
2024-07-15,-0.8424954962485622,1,0.78069705,1.2054815
2024-07-17,-0.4368985143234455,3,0.7566807,0.8836949
2024-07-19,-1.001085002510522,5,0.7593121,0.96273386
2024-07-26,0.6472906328498461,10,0.7641598,1.1013287
2024-08-12,0.02025336771501192,21,0.8831787,1.3632233
2024-07-16,-0.392689530755699,1,0.77878124,1.5152528
2024-07-18,-0.44869003190506673,3,0.7582191,1.2080513
2024-07-22,1.2856768308834885,5,0.7574168,1.2706298
2024-07-29,-0.5274130433874562,10,0.7578493,1.1611363
2024-08-13,0.4816196058523744,21,0.88612527,1.3048043
2024-07-17,-0.4368985143234455,1,0.7566807,1.4560149
2024-07-19,-1.001085002510522,3,0.7593121,1.2543257
2024-07-23,0.8149908245219187,5,0.7634717,1.0990112
2024-07-30,0.49281454524503726,10,0.7387613,1.5041318
2024-08-14,0.41206595611047125,21,0.8881398,1.0820489
2024-07-18,-0.44869003190506673,1,0.7582191,1.584591
2024-07-22,1.2856768308834885,3,0.7574168,1.2562232
2024-07-24,-0.9215793646682898,5,0.7609556,1.2719713
2024-07-31,0.52801396634034,10,0.74038815,1.2023628
2024-08-15,1.6504405608105874,21,0.9154742,1.2858344
2024-07-19,-1.001085002510522,1,0.7593121,1.3604515
2024-07-23,0.8149908245219187,3,0.7634717,1.2162309
2024-07-25,-0.48378110494211773,5,0.76336664,1.2392364
2024-08-01,-2.326313285080173,10,0.78707343,1.1730194
2024-08-16,0.7624072770183437,21,0.92138666,1.0767312
2024-07-22,1.2856768308834885,1,0.7574168,1.5481106
2024-07-24,-0.9215793646682898,3,0.7609556,1.1541035
2024-07-26,0.6472906328498461,5,0.7641598,1.1366249
2024-08-02,-2.360376335616341,10,0.83835566,1.0640934
2024-08-19,0.5404368679973559,21,0.9224021,1.3055712
2024-07-23,0.8149908245219187,1,0.7634717,1.4446212
2024-07-25,-0.48378110494211773,3,0.76336664,1.3458858
2024-07-29,-0.5274130433874562,5,0.7578493,1.300912
2024-08-05,-1.841301571168847,10,0.86791146,1.1967688
2024-08-20,-0.3489470750472152,21,0.9211563,1.0887864
2024-07-24,-0.9215793646682898,1,0.7609556,1.2888589
2024-07-26,0.6472906328498461,3,0.7641598,1.0540428
2024-07-30,0.49281454524503726,5,0.7387613,1.137612
2024-08-06,0.0883185198640146,10,0.86836654,1.0570061
2024-08-21,0.49681416698710046,21,0.9126851,1.0784736
2024-07-25,-0.48378110494211773,1,0.76336664,1.4842609
2024-07-29,-0.5274130433874562,3,0.7578493,1.0624125
2024-07-31,0.52801396634034,5,0.74038815,1.2061758
2024-08-07,1.4917864641052032,10,0.88505274,1.0523263
2024-08-22,0.24059887855742354,21,0.9130751,1.4855924
2024-07-26,0.6472906328498461,1,0.7641598,1.1434566
2024-07-30,0.49281454524503726,3,0.7387613,1.1439258
2024-08-01,-2.326313285080173,5,0.78707343,1.1217444
2024-08-08,0.3697354079403877,10,0.8839009,1.043715
2024-08-23,0.752614335218902,21,0.9182354,1.0240726
2024-07-29,-0.5274130433874562,1,0.7578493,1.1203926
2024-07-31,0.52801396634034,3,0.74038815,0.90038204
2024-08-02,-2.360376335616341,5,0.83835566,0.7779763
2024-08-09,0.23998051953059268,10,0.88488746,1.2348279
2024-08-26,-0.08633571915900316,21,0.9151228,1.0308776
2024-07-30,0.49281454524503726,1,0.7387613,1.596978
2024-08-01,-2.326313285080173,3,0.78707343,1.1637045
2024-08-05,-1.841301571168847,5,0.86791146,1.1512321
2024-08-12,0.02025336771501192,10,0.8831787,1.3576145
2024-08-27,0.34741615571937895,21,0.9047502,1.2233088
2024-07-31,0.52801396634034,1,0.74038815,1.1873872
2024-08-02,-2.360376335616341,3,0.83835566,0.93868214
2024-08-06,0.0883185198640146,5,0.86836654,1.0314684
2024-08-13,0.4816196058523744,10,0.88612527,1.0646188
2024-08-28,0.5364002209628965,21,0.89964134,1.1648718
2024-08-01,-2.326313285080173,1,0.78707343,1.228371
2024-08-05,-1.841301571168847,3,0.86791146,0.93885064
2024-08-07,1.4917864641052032,5,0.88505274,1.0316447
2024-08-14,0.41206595611047125,10,0.8881398,0.9564758
2024-08-29,0.691244222243574,21,0.9024284,1.2927045
2024-08-02,-2.360376335616341,1,0.83835566,1.1169778
2024-08-06,0.0883185198640146,3,0.86836654,1.2131201
2024-08-08,0.3697354079403877,5,0.8839009,1.1678785
2024-08-15,1.6504405608105874,10,0.9154742,1.2763133
2024-08-30,-0.029880839916274136,21,0.89971787,0.9376148
2024-08-05,-1.841301571168847,1,0.86791146,1.7509046
2024-08-07,1.4917864641052032,3,0.88505274,1.546921
2024-08-09,0.23998051953059268,5,0.88488746,1.396972
2024-08-16,0.7624072770183437,10,0.92138666,1.6032344
2024-09-02,0.1264857362725436,21,0.8984947,1.291845
2024-08-06,0.0883185198640146,1,0.86836654,2.38579
2024-08-08,0.3697354079403877,3,0.8839009,1.7111509
2024-08-12,0.02025336771501192,5,0.8831787,1.6259443
2024-08-19,0.5404368679973559,10,0.9224021,1.4188893
2024-09-03,-0.9753271985521456,21,0.90332365,1.6041929
2024-08-07,1.4917864641052032,1,0.88505274,1.8443635
2024-08-09,0.23998051953059268,3,0.88488746,1.4592036
2024-08-13,0.4816196058523744,5,0.88612527,1.4559671
2024-08-20,-0.3489470750472152,10,0.9211563,1.5383847
2024-09-04,-0.8316282224677957,21,0.8917151,1.4442322
2024-08-08,0.3697354079403877,1,0.8839009,1.7909236
2024-08-12,0.02025336771501192,3,0.8831787,1.5038522
2024-08-14,0.41206595611047125,5,0.8881398,1.5145415
2024-08-21,0.49681416698710046,10,0.9126851,1.468317
2024-09-05,-0.08259505955435899,21,0.85326594,1.3668834
2024-08-09,0.23998051953059268,1,0.88488746,1.5777129
2024-08-13,0.4816196058523744,3,0.88612527,1.3599815
2024-08-15,1.6504405608105874,5,0.9154742,1.4127884
2024-08-22,0.24059887855742354,10,0.9130751,1.3509516
2024-09-06,-1.4892440106686575,21,0.8543153,1.3586986
2024-08-12,0.02025336771501192,1,0.8831787,1.4061936
2024-08-14,0.41206595611047125,3,0.8881398,1.3604214
2024-08-16,0.7624072770183437,5,0.92138666,1.419686
2024-08-23,0.752614335218902,10,0.9182354,1.3217446
2024-09-09,0.7710386776698133,21,0.85861784,1.3382871
2024-08-13,0.4816196058523744,1,0.88612527,1.4231601
2024-08-15,1.6504405608105874,3,0.9154742,1.2430308
2024-08-19,0.5404368679973559,5,0.9224021,1.1293861
2024-08-26,-0.08633571915900316,10,0.9151228,1.3288971
2024-09-10,-0.9678263453723406,21,0.8672016,1.2286572
2024-08-14,0.41206595611047125,1,0.8881398,1.3090812
2024-08-16,0.7624072770183437,3,0.92138666,1.1022713
2024-08-20,-0.3489470750472152,5,0.9211563,1.0117469
2024-08-27,0.34741615571937895,10,0.9047502,1.2971222
2024-09-11,0.35167418606565387,21,0.8669358,1.2275124
2024-08-15,1.6504405608105874,1,0.9154742,1.3277192
2024-08-19,0.5404368679973559,3,0.9224021,1.0104439
2024-08-21,0.49681416698710046,5,0.9126851,0.9393929
2024-08-28,0.5364002209628965,10,0.89964134,1.3653193
2024-09-12,1.0210560022440303,21,0.8668458,1.2342982
2024-08-16,0.7624072770183437,1,0.92138666,1.2033768
2024-08-20,-0.3489470750472152,3,0.9211563,0.9190502
2024-08-22,0.24059887855742354,5,0.9130751,1.0837206
2024-08-29,0.691244222243574,10,0.9024284,1.2026519
2024-09-13,0.9727132529983926,21,0.8726121,1.291979
2024-08-19,0.5404368679973559,1,0.9224021,1.2139971
2024-08-21,0.49681416698710046,3,0.9126851,0.9515704
2024-08-23,0.752614335218902,5,0.9182354,1.0379293
2024-08-30,-0.029880839916274136,10,0.89971787,1.1003518
2024-09-16,-0.35513864840554416,21,0.8670767,1.2532848
2024-08-20,-0.3489470750472152,1,0.9211563,1.0605898
2024-08-22,0.24059887855742354,3,0.9130751,1.1280217
2024-08-26,-0.08633571915900316,5,0.9151228,1.2351966
2024-09-02,0.1264857362725436,10,0.8984947,1.0922505
2024-09-17,0.49771366246172677,21,0.8620719,1.1425251
2024-08-21,0.49681416698710046,1,0.9126851,1.1844263
2024-08-23,0.752614335218902,3,0.9182354,1.1212735
2024-08-27,0.34741615571937895,5,0.9047502,1.1359417
2024-09-03,-0.9753271985521456,10,0.90332365,1.3685005
2024-09-18,-0.07794226156679175,21,0.86193794,1.1446948
2024-08-22,0.24059887855742354,1,0.9130751,1.1704988
2024-08-26,-0.08633571915900316,3,0.9151228,1.0362227
2024-08-28,0.5364002209628965,5,0.89964134,1.0847164
2024-09-04,-0.8316282224677957,10,0.8917151,1.2287748
2024-09-19,1.5426493505265697,21,0.8826998,1.028149
2024-08-23,0.752614335218902,1,0.9182354,1.2168171
2024-08-27,0.34741615571937895,3,0.9047502,1.0285196
2024-08-29,0.691244222243574,5,0.9024284,1.1598521
2024-09-05,-0.08259505955435899,10,0.85326594,1.2487481
2024-09-20,-1.4971286986846029,21,0.9055423,1.2308164
2024-08-26,-0.08633571915900316,1,0.9151228,1.2713115
2024-08-28,0.5364002209628965,3,0.89964134,0.9662404
2024-08-30,-0.029880839916274136,5,0.89971787,1.1378647
2024-09-06,-1.4892440106686575,10,0.8543153,1.1929055
2024-09-23,0.6749565155008249,21,0.90861875,1.2366887
2024-08-27,0.34741615571937895,1,0.9047502,0.9419114
2024-08-29,0.691244222243574,3,0.9024284,0.9015547
2024-09-02,0.1264857362725436,5,0.8984947,0.99400294
2024-09-09,0.7710386776698133,10,0.85861784,1.2255892
2024-09-24,0.7919082379714939,21,0.9082406,1.0426664
2024-08-28,0.5364002209628965,1,0.89964134,1.0297524
2024-08-30,-0.029880839916274136,3,0.89971787,0.9089607
2024-09-03,-0.9753271985521456,5,0.90332365,0.9752328
2024-09-10,-0.9678263453723406,10,0.8672016,1.1361061
2024-09-25,-0.41213609551544966,21,0.8991964,1.1087904
2024-08-29,0.691244222243574,1,0.9024284,1.0772767
2024-09-02,0.1264857362725436,3,0.8984947,0.8785711
2024-09-04,-0.8316282224677957,5,0.8917151,0.91863614
2024-09-11,0.35167418606565387,10,0.8669358,0.97977173
2024-09-26,1.6765890735206166,21,0.9223765,1.1242013
2024-08-30,-0.029880839916274136,1,0.89971787,1.1421081
2024-09-03,-0.9753271985521456,3,0.90332365,0.82938343
2024-09-05,-0.08259505955435899,5,0.85326594,0.8966118
2024-09-12,1.0210560022440303,10,0.8668458,1.0280601
2024-09-27,1.2155116782273692,21,0.93414587,1.0662906
2024-09-02,0.1264857362725436,1,0.8984947,1.2116635
2024-09-04,-0.8316282224677957,3,0.8917151,0.87897897
2024-09-06,-1.4892440106686575,5,0.8543153,0.82797104
2024-09-13,0.9727132529983926,10,0.8726121,1.0797315
2024-09-30,-0.7665330769227457,21,0.94055706,1.164748
2024-09-03,-0.9753271985521456,1,0.90332365,1.2168444
2024-09-05,-0.08259505955435899,3,0.85326594,0.8828396
2024-09-09,0.7710386776698133,5,0.85861784,0.8986417
2024-09-16,-0.35513864840554416,10,0.8670767,1.0130386
2024-10-01,-0.5801503559355401,21,0.9275904,0.9868221
2024-09-04,-0.8316282224677957,1,0.8917151,1.2885562
2024-09-06,-1.4892440106686575,3,0.8543153,0.9620191
2024-09-10,-0.9678263453723406,5,0.8672016,1.0132897
2024-09-17,0.49771366246172677,10,0.8620719,1.117027
2024-10-02,-0.2521798350915954,21,0.9218627,1.2577369
2024-09-05,-0.08259505955435899,1,0.85326594,1.333626
2024-09-09,0.7710386776698133,3,0.85861784,1.1943746
2024-09-11,0.35167418606565387,5,0.8669358,1.2531259
2024-09-18,-0.07794226156679175,10,0.86193794,1.006941
2024-10-03,-0.7822942845277677,21,0.92460215,1.0751505
2024-09-06,-1.4892440106686575,1,0.8543153,1.235688
2024-09-10,-0.9678263453723406,3,0.8672016,1.0298862
2024-09-12,1.0210560022440303,5,0.8668458,0.9717609
2024-09-19,1.5426493505265697,10,0.8826998,0.95677435
2024-10-04,0.5533818974793203,21,0.91574013,1.0838833
2024-09-09,0.7710386776698133,1,0.85861784,1.3064816
2024-09-11,0.35167418606565387,3,0.8669358,1.1788579
2024-09-13,0.9727132529983926,5,0.8726121,1.1768854
2024-09-20,-1.4971286986846029,10,0.9055423,1.1129674
2024-10-07,-0.08805790092046474,21,0.90866995,1.092693
2024-09-10,-0.9678263453723406,1,0.8672016,1.3450398
2024-09-12,1.0210560022440303,3,0.8668458,1.1000043
2024-09-16,-0.35513864840554416,5,0.8670767,1.0261811
2024-09-23,0.6749565155008249,10,0.90861875,1.083764
2024-10-08,-0.19716193984763708,21,0.907422,1.0329833
2024-09-11,0.35167418606565387,1,0.8669358,1.3450185
2024-09-13,0.9727132529983926,3,0.8726121,1.0713985
2024-09-17,0.49771366246172677,5,0.8620719,1.0418037
2024-09-24,0.7919082379714939,10,0.9082406,0.92272377
2024-10-09,0.9835783754586441,21,0.91305214,1.1392859
2024-09-12,1.0210560022440303,1,0.8668458,1.0111853
2024-09-16,-0.35513864840554416,3,0.8670767,0.954895
2024-09-18,-0.07794226156679175,5,0.86193794,1.0698237
2024-09-25,-0.41213609551544966,10,0.8991964,1.0413041
2024-10-10,-0.22892689961173696,21,0.91136587,1.0066794
2024-09-13,0.9727132529983926,1,0.8726121,1.0382265
2024-09-17,0.49771366246172677,3,0.8620719,0.8469135
2024-09-19,1.5426493505265697,5,0.8826998,0.8607632
2024-09-26,1.6765890735206166,10,0.9223765,1.0298772
2024-10-11,0.8445343736598849,21,0.90552455,1.0778265
2024-09-16,-0.35513864840554416,1,0.8670767,1.2203763
2024-09-18,-0.07794226156679175,3,0.86193794,0.86910826
2024-09-20,-1.4971286986846029,5,0.9055423,0.80744386
2024-09-27,1.2155116782273692,10,0.93414587,0.9312433
2024-10-14,0.6916265025179444,21,0.89560914,1.0219293
2024-09-17,0.49771366246172677,1,0.8620719,0.9794148
2024-09-19,1.5426493505265697,3,0.8826998,0.8704169
2024-09-23,0.6749565155008249,5,0.90861875,0.8450437
2024-09-30,-0.7665330769227457,10,0.94055706,1.0159476
2024-10-15,-0.11334738959110566,21,0.8909993,0.95246935
2024-09-18,-0.07794226156679175,1,0.86193794,0.9768494
2024-09-20,-1.4971286986846029,3,0.9055423,0.7893489
2024-09-24,0.7919082379714939,5,0.9082406,0.80099195
2024-10-01,-0.5801503559355401,10,0.9275904,1.0519863
2024-10-16,-0.2743078687566939,21,0.88252836,0.91684115
2024-09-19,1.5426493505265697,1,0.8826998,1.0502157
2024-09-23,0.6749565155008249,3,0.90861875,0.7603992
2024-09-25,-0.41213609551544966,5,0.8991964,0.72674656
2024-10-02,-0.2521798350915954,10,0.9218627,1.0160873
2024-10-17,0.7718887090328689,21,0.883527,1.1869218
2024-09-20,-1.4971286986846029,1,0.9055423,0.929787
2024-09-24,0.7919082379714939,3,0.9082406,0.7576264
2024-09-26,1.6765890735206166,5,0.9223765,0.8488362
2024-10-03,-0.7822942845277677,10,0.92460215,1.0048927
2024-10-18,0.3770498008232001,21,0.8814439,1.1050521
2024-09-23,0.6749565155008249,1,0.90861875,1.2994232
2024-09-25,-0.41213609551544966,3,0.8991964,0.86207426
2024-09-27,1.2155116782273692,5,0.93414587,0.7585361
2024-10-04,0.5533818974793203,10,0.91574013,1.1822206
2024-10-21,-1.0030090025481522,21,0.8893631,1.1346706
2024-09-24,0.7919082379714939,1,0.9082406,1.0543008
2024-09-26,1.6765890735206166,3,0.9223765,1.0255134
2024-09-30,-0.7665330769227457,5,0.94055706,1.0764422
2024-10-07,-0.08805790092046474,10,0.90866995,1.0101656
2024-10-22,-0.20203795803778157,21,0.88869375,0.9793147
2024-09-25,-0.41213609551544966,1,0.8991964,0.9835905
2024-09-27,1.2155116782273692,3,0.93414587,0.833587
2024-10-01,-0.5801503559355401,5,0.9275904,0.9634315
2024-10-08,-0.19716193984763708,10,0.907422,0.8954992
2024-10-23,-0.22830707313322984,21,0.8877256,1.1276613
2024-09-26,1.6765890735206166,1,0.9223765,1.2680314
2024-09-30,-0.7665330769227457,3,0.94055706,0.9927108
2024-10-02,-0.2521798350915954,5,0.9218627,1.1142397
2024-10-09,0.9835783754586441,10,0.91305214,0.8867141
2024-10-24,0.3368360558854117,21,0.8302703,1.1558692
2024-09-27,1.2155116782273692,1,0.93414587,0.9370517
2024-10-01,-0.5801503559355401,3,0.9275904,0.96412396
2024-10-03,-0.7822942845277677,5,0.92460215,0.9803711
2024-10-10,-0.22892689961173696,10,0.91136587,0.8391787
2024-10-25,0.1058424588474972,21,0.76373225,1.0564481
2024-09-30,-0.7665330769227457,1,0.94055706,1.1290619
2024-10-02,-0.2521798350915954,3,0.9218627,0.94493306
2024-10-04,0.5533818974793203,5,0.91574013,0.8994078
2024-10-11,0.8445343736598849,10,0.90552455,1.04918
2024-10-28,0.34891140559086314,21,0.7172911,1.0901272
2024-10-01,-0.5801503559355401,1,0.9275904,1.2654557
2024-10-03,-0.7822942845277677,3,0.92460215,0.94357663
2024-10-07,-0.08805790092046474,5,0.90866995,0.95358497
2024-10-14,0.6916265025179444,10,0.89560914,1.1256924
2024-10-29,-0.27454133837073247,21,0.71976095,1.2047746
2024-10-02,-0.2521798350915954,1,0.9218627,1.2816575
2024-10-04,0.5533818974793203,3,0.91574013,0.9577545
2024-10-08,-0.19716193984763708,5,0.907422,0.78045654
2024-10-15,-0.11334738959110566,10,0.8909993,1.2526724
2024-10-30,-1.1396954728938589,21,0.7194162,1.1167458
2024-10-03,-0.7822942845277677,1,0.92460215,1.1403836
2024-10-07,-0.08805790092046474,3,0.90866995,0.82122207
2024-10-09,0.9835783754586441,5,0.91305214,0.7617259
2024-10-16,-0.2743078687566939,10,0.88252836,1.0072111
2024-10-31,-0.9380600896745415,21,0.7322976,1.2244589
2024-10-04,0.5533818974793203,1,0.91574013,1.3012195
2024-10-08,-0.19716193984763708,3,0.907422,0.91314745
2024-10-10,-0.22892689961173696,5,0.91136587,0.89983803
2024-10-17,0.7718887090328689,10,0.883527,1.3715975
2024-11-01,0.9257567996649415,21,0.73941195,1.1567404
2024-10-07,-0.08805790092046474,1,0.90866995,1.1164491
2024-10-09,0.9835783754586441,3,0.91305214,0.92145735
2024-10-11,0.8445343736598849,5,0.90552455,1.0745652
2024-10-18,0.3770498008232001,10,0.8814439,0.96838605
2024-11-04,-0.5578828362529464,21,0.7447227,1.0724473
2024-10-08,-0.19716193984763708,1,0.907422,1.3070248
2024-10-10,-0.22892689961173696,3,0.91136587,0.9764207
2024-10-14,0.6916265025179444,5,0.89560914,1.0079465
2024-10-21,-1.0030090025481522,10,0.8893631,0.98497814
2024-11-05,0.5646280260603334,21,0.7454665,1.3207263
2024-10-09,0.9835783754586441,1,0.91305214,0.86197066
2024-10-11,0.8445343736598849,3,0.90552455,0.9818765
2024-10-15,-0.11334738959110566,5,0.8909993,1.1757483
2024-10-22,-0.20203795803778157,10,0.88869375,1.0640788
2024-11-06,-1.1330879709182635,21,0.7620594,0.9295183
2024-10-10,-0.22892689961173696,1,0.91136587,1.1152465
2024-10-14,0.6916265025179444,3,0.89560914,0.96213585
2024-10-16,-0.2743078687566939,5,0.88252836,0.9767419
2024-10-23,-0.22830707313322984,10,0.8877256,1.196937
2024-11-07,1.6833396523556932,21,0.7632018,1.1611518
2024-10-11,0.8445343736598849,1,0.90552455,1.2455161
2024-10-15,-0.11334738959110566,3,0.8909993,1.1005284
2024-10-17,0.7718887090328689,5,0.883527,1.2124448
2024-10-24,0.3368360558854117,10,0.8302703,0.82955486
2024-11-08,-0.7622985874587187,21,0.7663097,1.0019659
2024-10-14,0.6916265025179444,1,0.89560914,0.8190297
2024-10-16,-0.2743078687566939,3,0.88252836,0.85549927
2024-10-18,0.3770498008232001,5,0.8814439,0.9051904
2024-10-25,0.1058424588474972,10,0.76373225,1.0279288
2024-11-11,1.2058839371179442,21,0.7778255,0.87763244
2024-10-15,-0.11334738959110566,1,0.8909993,0.9850219
2024-10-17,0.7718887090328689,3,0.883527,0.8555476
2024-10-21,-1.0030090025481522,5,0.8893631,0.9404149
2024-10-28,0.34891140559086314,10,0.7172911,1.0990005
2024-11-12,-2.1567095169652863,21,0.8284945,0.9413934
2024-10-16,-0.2743078687566939,1,0.88252836,1.0597733
2024-10-18,0.3770498008232001,3,0.8814439,0.77748597
2024-10-22,-0.20203795803778157,5,0.88869375,0.72083014
2024-10-29,-0.27454133837073247,10,0.71976095,0.9944376
2024-11-13,-0.16053556919037548,21,0.82696897,1.0162668
2024-10-17,0.7718887090328689,1,0.883527,1.0039501
2024-10-21,-1.0030090025481522,3,0.8893631,0.8405625
2024-10-23,-0.22830707313322984,5,0.8877256,0.8911611
2024-10-30,-1.1396954728938589,10,0.7194162,0.9910817
2024-11-14,1.3619838267079996,21,0.84386426,1.0379295
2024-10-18,0.3770498008232001,1,0.8814439,1.1778793
2024-10-22,-0.20203795803778157,3,0.88869375,0.72678053
2024-10-24,0.3368360558854117,5,0.8302703,0.7470662
2024-10-31,-0.9380600896745415,10,0.7322976,1.188928
2024-11-15,-0.27492854625434215,21,0.8401538,1.1389647
2024-10-21,-1.0030090025481522,1,0.8893631,1.1080463
2024-10-23,-0.22830707313322984,3,0.8877256,0.7646048
2024-10-25,0.1058424588474972,5,0.76373225,0.79644513
2024-11-01,0.9257567996649415,10,0.73941195,1.0098485
2024-11-18,-0.11260987518128397,21,0.8402334,1.0489299
2024-10-22,-0.20203795803778157,1,0.88869375,1.2750202
2024-10-24,0.3368360558854117,3,0.8302703,0.96765137
2024-10-28,0.34891140559086314,5,0.7172911,1.0394518
2024-11-04,-0.5578828362529464,10,0.7447227,1.1556153
2024-11-19,-0.6738879931804185,21,0.84444976,1.1366456
2024-10-23,-0.22830707313322984,1,0.8877256,1.2754906
2024-10-25,0.1058424588474972,3,0.76373225,1.0270295
2024-10-29,-0.27454133837073247,5,0.71976095,0.9989106
2024-11-05,0.5646280260603334,10,0.7454665,1.1325114
2024-11-20,-0.2917701737873559,21,0.84285605,1.0062308
2024-10-24,0.3368360558854117,1,0.8302703,1.3384466
2024-10-28,0.34891140559086314,3,0.7172911,1.0257894
2024-10-30,-1.1396954728938589,5,0.7194162,1.1025398
2024-11-06,-1.1330879709182635,10,0.7620594,0.85379475
2024-11-21,0.741220206767716,21,0.84355545,1.1313715
2024-10-25,0.1058424588474972,1,0.76373225,1.2676579
2024-10-29,-0.27454133837073247,3,0.71976095,1.1493849
2024-10-31,-0.9380600896745415,5,0.7322976,1.1659883
2024-11-07,1.6833396523556932,10,0.7632018,0.987883
2024-11-22,0.9172178140492234,21,0.8514221,1.0957019
2024-10-28,0.34891140559086314,1,0.7172911,1.5967206
2024-10-30,-1.1396954728938589,3,0.7194162,1.1712008
2024-11-01,0.9257567996649415,5,0.73941195,1.2810795
2024-11-08,-0.7622985874587187,10,0.7663097,0.9690696
2024-11-25,0.4266161445903865,21,0.8528417,1.3405343
2024-10-29,-0.27454133837073247,1,0.71976095,1.4766338
2024-10-31,-0.9380600896745415,3,0.7322976,1.3039669
2024-11-04,-0.5578828362529464,5,0.7447227,1.0932213
2024-11-11,1.2058839371179442,10,0.7778255,1.2502878
2024-11-26,-0.5644222777316544,21,0.84616375,1.004279
2024-10-30,-1.1396954728938589,1,0.7194162,1.3436859
2024-11-01,0.9257567996649415,3,0.73941195,1.3185453
2024-11-05,0.5646280260603334,5,0.7454665,1.2816741
2024-11-12,-2.1567095169652863,10,0.8284945,1.1015081
2024-11-27,-0.17755442204014055,21,0.8388195,1.0048487
2024-10-31,-0.9380600896745415,1,0.7322976,1.8707922
2024-11-04,-0.5578828362529464,3,0.7447227,1.2279203
2024-11-06,-1.1330879709182635,5,0.7620594,1.1235752
2024-11-13,-0.16053556919037548,10,0.82696897,1.2859336
2024-11-28,0.8477235983316259,21,0.8447353,1.4304314
2024-11-01,0.9257567996649415,1,0.73941195,1.6029418
2024-11-05,0.5646280260603334,3,0.7454665,1.246428
2024-11-07,1.6833396523556932,5,0.7632018,1.1818142
2024-11-14,1.3619838267079996,10,0.84386426,1.0738518
2024-11-29,1.0279606367893936,21,0.8281004,1.2282137
2024-11-04,-0.5578828362529464,1,0.7447227,1.375244
2024-11-06,-1.1330879709182635,3,0.7620594,1.1477652
2024-11-08,-0.7622985874587187,5,0.7663097,0.9737718
2024-11-15,-0.27492854625434215,10,0.8401538,1.4254241
2024-12-02,1.5529603860705075,21,0.8445653,1.2212119
2024-11-05,0.5646280260603334,1,0.7454665,1.861166
2024-11-07,1.6833396523556932,3,0.7632018,1.1836569
2024-11-11,1.2058839371179442,5,0.7778255,1.0782552
2024-11-18,-0.11260987518128397,10,0.8402334,1.184969
2024-12-03,0.4161712702421514,21,0.83290696,1.3019408
2024-11-06,-1.1330879709182635,1,0.7620594,1.0995698
2024-11-08,-0.7622985874587187,3,0.7663097,1.0704358
2024-11-12,-2.1567095169652863,5,0.8284945,1.0560795
2024-11-19,-0.6738879931804185,10,0.84444976,1.1916862
2024-12-04,1.0703036919732118,21,0.840947,1.0852181
2024-11-07,1.6833396523556932,1,0.7632018,1.3918037
2024-11-11,1.2058839371179442,3,0.7778255,1.290231
2024-11-13,-0.16053556919037548,5,0.82696897,1.3515658
2024-11-20,-0.2917701737873559,10,0.84285605,1.124256
2024-12-05,0.6240829256862112,21,0.8356388,1.3186157
2024-11-08,-0.7622985874587187,1,0.7663097,1.3559818
2024-11-12,-2.1567095169652863,3,0.8284945,1.2098408
2024-11-14,1.3619838267079996,5,0.84386426,1.1962426
2024-11-21,0.741220206767716,10,0.84355545,1.3803178
2024-12-06,0.12668844901748308,21,0.8287666,1.271672
2024-11-11,1.2058839371179442,1,0.7778255,1.6056838
2024-11-13,-0.16053556919037548,3,0.82696897,1.530026
2024-11-15,-0.27492854625434215,5,0.8401538,1.5251024
2024-11-22,0.9172178140492234,10,0.8514221,1.5339977
2024-12-09,-0.1897761254155277,21,0.82735294,1.1712537
2024-11-12,-2.1567095169652863,1,0.8284945,1.6396158
2024-11-14,1.3619838267079996,3,0.84386426,1.45253
2024-11-18,-0.11260987518128397,5,0.8402334,1.4284086
2024-11-25,0.4266161445903865,10,0.8528417,1.5400794
2024-12-10,-0.08260962354226607,21,0.82657015,1.2244363
2024-11-13,-0.16053556919037548,1,0.82696897,1.5628648
2024-11-15,-0.27492854625434215,3,0.8401538,1.3178307
2024-11-19,-0.6738879931804185,5,0.84444976,1.3369899
2024-11-26,-0.5644222777316544,10,0.84616375,1.3095913
2024-12-11,0.3437414967694116,21,0.8265052,1.3518578
2024-11-14,1.3619838267079996,1,0.84386426,1.3799802
2024-11-18,-0.11260987518128397,3,0.8402334,1.4299892
2024-11-20,-0.2917701737873559,5,0.84285605,1.4358456
2024-11-27,-0.17755442204014055,10,0.8388195,1.6939915
2024-12-12,0.13280633757944524,21,0.8058484,1.0538981
2024-11-15,-0.27492854625434215,1,0.8401538,1.5950931
2024-11-19,-0.6738879931804185,3,0.84444976,1.2426322
2024-11-21,0.741220206767716,5,0.84355545,1.2306123
2024-11-28,0.8477235983316259,10,0.8447353,1.4089391
2024-12-13,-0.09967435659131664,21,0.77801913,1.4157091
2024-11-18,-0.11260987518128397,1,0.8402334,1.6989008
2024-11-20,-0.2917701737873559,3,0.84285605,1.3879247
2024-11-22,0.9172178140492234,5,0.8514221,1.332272
2024-11-29,1.0279606367893936,10,0.8281004,1.5049016
2024-12-16,-0.45240737618692706,21,0.778585,1.2826173
2024-11-19,-0.6738879931804185,1,0.84444976,1.3989208
2024-11-21,0.741220206767716,3,0.84355545,1.2389357
2024-11-25,0.4266161445903865,5,0.8528417,1.2691209
2024-12-02,1.5529603860705075,10,0.8445653,1.5808588
2024-12-17,-0.33255014609031985,21,0.7757865,1.2509279
2024-11-20,-0.2917701737873559,1,0.84285605,1.7725713
2024-11-22,0.9172178140492234,3,0.8514221,1.3426491
2024-11-26,-0.5644222777316544,5,0.84616375,1.2519687
2024-12-03,0.4161712702421514,10,0.83290696,1.6423401
2024-12-18,-0.01876476977395356,21,0.7729891,1.3404207
2024-11-21,0.741220206767716,1,0.84355545,1.4832904
2024-11-25,0.4266161445903865,3,0.8528417,1.2626792
2024-11-27,-0.17755442204014055,5,0.8388195,1.2525914
2024-12-04,1.0703036919732118,10,0.840947,1.3626257
2024-12-19,-1.356372249059556,21,0.7681433,1.2328153
2024-11-22,0.9172178140492234,1,0.8514221,1.2858038
2024-11-26,-0.5644222777316544,3,0.84616375,1.0638108
2024-11-28,0.8477235983316259,5,0.8447353,1.2024295
2024-12-05,0.6240829256862112,10,0.8356388,1.2832502
2024-12-20,-0.42709993002604596,21,0.7555098,1.3089066
2024-11-25,0.4266161445903865,1,0.8528417,1.484498
2024-11-27,-0.17755442204014055,3,0.8388195,1.1492795
2024-11-29,1.0279606367893936,5,0.8281004,1.2265359
2024-12-06,0.12668844901748308,10,0.8287666,1.0705627
2024-12-23,-0.18110894282343468,21,0.74873513,1.2099934
2024-11-26,-0.5644222777316544,1,0.84616375,1.2309105
2024-11-28,0.8477235983316259,3,0.8447353,1.2723627
2024-12-02,1.5529603860705075,5,0.8445653,1.2133286
2024-12-09,-0.1897761254155277,10,0.82735294,1.1423167
2024-12-27,0.6805964840809604,21,0.74859643,1.0504596
2024-11-27,-0.17755442204014055,1,0.8388195,1.4463595
2024-11-29,1.0279606367893936,3,0.8281004,1.3420223
2024-12-03,0.4161712702421514,5,0.83290696,1.3836956
2024-12-10,-0.08260962354226607,10,0.82657015,1.2967426
2024-12-30,-0.3769027541394708,21,0.74966615,1.2095592
2024-11-28,0.8477235983316259,1,0.8447353,1.6008493
2024-12-02,1.5529603860705075,3,0.8445653,1.2168707
2024-12-04,1.0703036919732118,5,0.840947,1.0638914
2024-12-11,0.3437414967694116,10,0.8265052,1.2671894
2025-01-02,0.5785567675500403,21,0.7442091,1.1789498
2024-11-29,1.0279606367893936,1,0.8281004,1.3236523
2024-12-03,0.4161712702421514,3,0.83290696,1.0927545
2024-12-05,0.6240829256862112,5,0.8356388,1.1997869
2024-12-12,0.13280633757944524,10,0.8058484,1.0987461
2025-01-03,-0.5939305207377921,21,0.7467369,1.2146591
2024-12-02,1.5529603860705075,1,0.8445653,1.2911578
2024-12-04,1.0703036919732118,3,0.840947,0.9361105
2024-12-06,0.12668844901748308,5,0.8287666,0.9620994
2024-12-13,-0.09967435659131664,10,0.77801913,1.2268119
2025-01-06,1.5458524857375562,21,0.7704015,1.316538
2024-12-03,0.4161712702421514,1,0.83290696,1.0472556
2024-12-05,0.6240829256862112,3,0.8356388,0.91677195
2024-12-09,-0.1897761254155277,5,0.82735294,1.0293877
2024-12-16,-0.45240737618692706,10,0.778585,1.1553565
2025-01-07,0.6133687703335611,21,0.772308,1.0148454
2024-12-04,1.0703036919732118,1,0.840947,1.0335135
2024-12-06,0.12668844901748308,3,0.8287666,0.9480141
2024-12-10,-0.08260962354226607,5,0.82657015,0.9747883
2024-12-17,-0.33255014609031985,10,0.7757865,1.0794127
2025-01-08,-0.05227797575382806,21,0.7639315,1.1349111
2024-12-05,0.6240829256862112,1,0.8356388,0.95226395
2024-12-09,-0.1897761254155277,3,0.82735294,0.878023
2024-12-11,0.3437414967694116,5,0.8265052,0.9735669
2024-12-18,-0.01876476977395356,10,0.7729891,0.93747246
2025-01-09,-0.06317726689674982,21,0.76305586,1.1670529
2024-12-06,0.12668844901748308,1,0.8287666,1.0763415
2024-12-10,-0.08260962354226607,3,0.82657015,0.7654546
2024-12-12,0.13280633757944524,5,0.8058484,0.7891915
2024-12-19,-1.356372249059556,10,0.7681433,1.0617889
2025-01-10,-0.5048408427120625,21,0.7604202,1.1602426
2024-12-09,-0.1897761254155277,1,0.82735294,0.96448326
2024-12-11,0.3437414967694116,3,0.8265052,0.82230026
2024-12-13,-0.09967435659131664,5,0.77801913,0.8553505
2024-12-20,-0.42709993002604596,10,0.7555098,0.91926336
2025-01-13,-0.40616783767288556,21,0.7584342,1.0713432
2024-12-10,-0.08260962354226607,1,0.82657015,1.2300146
2024-12-12,0.13280633757944524,3,0.8058484,0.8703165
2024-12-16,-0.45240737618692706,5,0.778585,0.8394465
2024-12-23,-0.18110894282343468,10,0.74873513,1.0546305
2025-01-14,0.6854786413935826,21,0.76247376,1.0656457
2024-12-11,0.3437414967694116,1,0.8265052,1.0271603
2024-12-13,-0.09967435659131664,3,0.77801913,0.9449229
2024-12-17,-0.33255014609031985,5,0.7757865,1.007132
2024-12-27,0.6805964840809604,10,0.74859643,1.0035251
2025-01-15,1.4853602024662507,21,0.7827413,0.88172925
2024-12-12,0.13280633757944524,1,0.8058484,1.0396571
2024-12-16,-0.45240737618692706,3,0.778585,0.8030192
2024-12-18,-0.01876476977395356,5,0.7729891,0.8802701
2024-12-30,-0.3769027541394708,10,0.74966615,0.93753505
2025-01-16,0.39151541574344983,21,0.77869743,1.1701518
2024-12-13,-0.09967435659131664,1,0.77801913,1.0841442
2024-12-17,-0.33255014609031985,3,0.7757865,0.92511326
2024-12-19,-1.356372249059556,5,0.7681433,0.9524492
2025-01-02,0.5785567675500403,10,0.7442091,0.93451774
2025-01-17,1.1935044118363787,21,0.7908582,1.0854989
2024-12-16,-0.45240737618692706,1,0.778585,0.9470587
2024-12-18,-0.01876476977395356,3,0.7729891,0.81261945
2024-12-20,-0.42709993002604596,5,0.7555098,0.86371183
2025-01-03,-0.5939305207377921,10,0.7467369,0.9711503
2025-01-20,0.4149552040753221,21,0.7783523,0.90085626
2024-12-17,-0.33255014609031985,1,0.7757865,1.3741375
2024-12-19,-1.356372249059556,3,0.7681433,0.9814199
2024-12-23,-0.18110894282343468,5,0.74873513,0.92293894
2025-01-06,1.5458524857375562,10,0.7704015,1.2162797
2025-01-21,0.24595116713366003,21,0.7772996,1.2490072
2024-12-18,-0.01876476977395356,1,0.7729891,1.1889315
2024-12-20,-0.42709993002604596,3,0.7555098,0.88248765
2024-12-27,0.6805964840809604,5,0.74859643,0.92069477
2025-01-07,0.6133687703335611,10,0.772308,0.83181566
2025-01-22,1.0037353920434156,21,0.783825,1.0347577
2024-12-19,-1.356372249059556,1,0.7681433,0.9557332
2024-12-23,-0.18110894282343468,3,0.74873513,0.6584366
2024-12-30,-0.3769027541394708,5,0.74966615,0.64752436
2025-01-08,-0.05227797575382806,10,0.7639315,1.0904851
2025-01-23,0.7371734836838671,21,0.78710425,1.0003935
2024-12-20,-0.42709993002604596,1,0.7555098,1.0918963
2024-12-27,0.6805964840809604,3,0.74859643,0.9185773
2025-01-02,0.5785567675500403,5,0.7442091,0.9569389
2025-01-09,-0.06317726689674982,10,0.76305586,0.86946285
2025-01-24,-0.07755656786802763,21,0.78767693,0.978233
2024-12-23,-0.18110894282343468,1,0.74873513,1.1715786
2024-12-30,-0.3769027541394708,3,0.74966615,0.91790545
2025-01-03,-0.5939305207377921,5,0.7467369,0.85938525
2025-01-10,-0.5048408427120625,10,0.7604202,1.0390902
2025-01-27,-0.5283875312856884,21,0.79219663,0.96621525
2024-12-27,0.6805964840809604,1,0.74859643,1.4006976
2025-01-02,0.5785567675500403,3,0.7442091,1.0820477
2025-01-06,1.5458524857375562,5,0.7704015,1.1971369
2025-01-13,-0.40616783767288556,10,0.7584342,0.8768319
2025-01-28,0.6948789475241127,21,0.79342,1.0906644
2024-12-30,-0.3769027541394708,1,0.74966615,1.0575684
2025-01-03,-0.5939305207377921,3,0.7467369,0.85895705
2025-01-07,0.6133687703335611,5,0.772308,0.8588613
2025-01-14,0.6854786413935826,10,0.76247376,0.8830311
2025-01-29,0.9610396860473207,21,0.78138953,0.9847121
2025-01-02,0.5785567675500403,1,0.7442091,1.0604088
2025-01-06,1.5458524857375562,3,0.7704015,0.86208975
2025-01-08,-0.05227797575382806,5,0.7639315,0.9399749
2025-01-15,1.4853602024662507,10,0.7827413,0.82318306
2025-01-30,0.4135621402423133,21,0.76755375,0.9576454
2025-01-03,-0.5939305207377921,1,0.7467369,0.860486
2025-01-07,0.6133687703335611,3,0.772308,0.7300043
2025-01-09,-0.06317726689674982,5,0.76305586,0.81178004
2025-01-16,0.39151541574344983,10,0.77869743,0.9565511
2025-01-31,0.0223269500516189,21,0.7622525,0.9887544
2025-01-06,1.5458524857375562,1,0.7704015,1.1933099
2025-01-08,-0.05227797575382806,3,0.7639315,0.8820808
2025-01-10,-0.5048408427120625,5,0.7604202,0.91491413
2025-01-17,1.1935044118363787,10,0.7908582,0.9024202
2025-02-03,-1.4078476198150665,21,0.7841906,0.99135077
2025-01-07,0.6133687703335611,1,0.772308,1.0151305
2025-01-09,-0.06317726689674982,3,0.76305586,0.8879921
2025-01-13,-0.40616783767288556,5,0.7584342,0.8017753
2025-01-20,0.4149552040753221,10,0.7783523,1.0306184
2025-02-04,0.3608290755662543,21,0.78296995,1.0482981
2025-01-08,-0.05227797575382806,1,0.7639315,0.88657707
2025-01-10,-0.5048408427120625,3,0.7604202,0.76561797
2025-01-14,0.6854786413935826,5,0.76247376,0.76566094
2025-01-21,0.24595116713366003,10,0.7772996,0.9205866
2025-02-05,0.37237191302932376,21,0.76393336,1.031265
2025-01-09,-0.06317726689674982,1,0.76305586,1.0406492
2025-01-13,-0.40616783767288556,3,0.7584342,0.8046127
2025-01-15,1.4853602024662507,5,0.7827413,0.7217826
2025-01-22,1.0037353920434156,10,0.783825,0.97714436
2025-02-06,1.455543035538456,21,0.75701785,0.9731246
2025-01-10,-0.5048408427120625,1,0.7604202,0.843555
2025-01-14,0.6854786413935826,3,0.76247376,0.7615524
2025-01-16,0.39151541574344983,5,0.77869743,0.8449451
2025-01-23,0.7371734836838671,10,0.78710425,0.77308506
2025-02-07,-0.5283667789478338,21,0.75253844,0.9503536
2025-01-13,-0.40616783767288556,1,0.7584342,1.0525198
2025-01-15,1.4853602024662507,3,0.7827413,0.73023325
2025-01-17,1.1935044118363787,5,0.7908582,0.6429048
2025-01-24,-0.07755656786802763,10,0.78767693,1.0034881
2025-02-10,0.5709115298107819,21,0.74268675,1.1365402
2025-01-14,0.6854786413935826,1,0.76247376,1.0751897
2025-01-16,0.39151541574344983,3,0.77869743,0.76979995
2025-01-20,0.4149552040753221,5,0.7783523,0.88232696
2025-01-27,-0.5283875312856884,10,0.79219663,0.9727194
2025-02-11,0.5737948689934184,21,0.6766276,1.1324981
2025-01-15,1.4853602024662507,1,0.7827413,0.79995215
2025-01-17,1.1935044118363787,3,0.7908582,0.67496186
2025-01-21,0.24595116713366003,5,0.7772996,0.7765947
2025-01-28,0.6948789475241127,10,0.79342,1.0756794
2025-02-12,0.4987996105058737,21,0.67529476,0.91306114
2025-01-16,0.39151541574344983,1,0.77869743,0.9397407
2025-01-20,0.4149552040753221,3,0.7783523,0.71625924
2025-01-22,1.0037353920434156,5,0.783825,0.8278829
2025-01-29,0.9610396860473207,10,0.78138953,0.8590788
2025-02-13,2.0733080831344157,21,0.7008156,1.0312358
2025-01-17,1.1935044118363787,1,0.7908582,0.6997623
2025-01-21,0.24595116713366003,3,0.7772996,0.66948694
2025-01-23,0.7371734836838671,5,0.78710425,0.87089694
2025-01-30,0.4135621402423133,10,0.76755375,0.89783585
2025-02-14,-0.43700301862669283,21,0.7032484,0.9288492
2025-01-20,0.4149552040753221,1,0.7783523,0.8474293
2025-01-22,1.0037353920434156,3,0.783825,0.7111551
2025-01-24,-0.07755656786802763,5,0.78767693,0.7571249
2025-01-31,0.0223269500516189,10,0.7622525,0.8320659
2025-02-17,1.256518128548749,21,0.71295357,1.1088991
2025-01-21,0.24595116713366003,1,0.7772996,0.91387194
2025-01-23,0.7371734836838671,3,0.78710425,0.7299563
2025-01-27,-0.5283875312856884,5,0.79219663,0.72641534
2025-02-03,-1.4078476198150665,10,0.7841906,0.8148048
2025-02-18,0.20336344805863277,21,0.70181787,1.065448
2025-01-22,1.0037353920434156,1,0.783825,0.93604904
2025-01-24,-0.07755656786802763,3,0.78767693,0.7380031
2025-01-28,0.6948789475241127,5,0.79342,0.6837844
2025-02-04,0.3608290755662543,10,0.78296995,0.9245315
2025-02-19,-1.8149177577375732,21,0.74957573,0.87273026
2025-01-23,0.7371734836838671,1,0.78710425,0.8050964
2025-01-27,-0.5283875312856884,3,0.79219663,0.6036127
2025-01-29,0.9610396860473207,5,0.78138953,0.710447
2025-02-05,0.37237191302932376,10,0.76393336,1.0614517
2025-02-20,-0.5317779624667833,21,0.7541993,1.024514
2025-01-24,-0.07755656786802763,1,0.78767693,0.9382448
2025-01-28,0.6948789475241127,3,0.79342,0.66729784
2025-01-30,0.4135621402423133,5,0.76755375,0.7334804
2025-02-06,1.455543035538456,10,0.75701785,0.95794404
2025-02-21,-0.1214731131559584,21,0.75065947,1.0310162
2025-01-27,-0.5283875312856884,1,0.79219663,0.90129983
2025-01-29,0.9610396860473207,3,0.78138953,0.7524798
2025-01-31,0.0223269500516189,5,0.7622525,0.8139188
2025-02-07,-0.5283667789478338,10,0.75253844,0.889454
2025-02-24,0.6189164907236869,21,0.7518883,1.0681092
2025-01-28,0.6948789475241127,1,0.79342,1.0365908
2025-01-30,0.4135621402423133,3,0.76755375,0.8325382
2025-02-03,-1.4078476198150665,5,0.7841906,0.8100647
2025-02-10,0.5709115298107819,10,0.74268675,0.9935242
2025-02-25,-0.06985497058038011,21,0.74559206,0.9876735
2025-01-29,0.9610396860473207,1,0.78138953,0.94780195
2025-01-31,0.0223269500516189,3,0.7622525,0.79312253
2025-02-04,0.3608290755662543,5,0.78296995,0.8537328
2025-02-11,0.5737948689934184,10,0.6766276,0.80468255
2025-02-26,1.6982826817615648,21,0.7664244,0.98266965
2025-01-30,0.4135621402423133,1,0.76755375,0.61707616
2025-02-03,-1.4078476198150665,3,0.7841906,0.6028531
2025-02-05,0.37237191302932376,5,0.76393336,0.7944779
2025-02-12,0.4987996105058737,10,0.67529476,0.8067797
2025-02-27,-1.0727581099725654,21,0.7822782,0.913727
2025-01-31,0.0223269500516189,1,0.7622525,0.8171203
2025-02-04,0.3608290755662543,3,0.78296995,0.61810386
2025-02-06,1.455543035538456,5,0.75701785,0.6733857
2025-02-13,2.0733080831344157,10,0.7008156,0.89934677
2025-02-28,0.0023903980828001692,21,0.77614135,0.9888076
2025-02-03,-1.4078476198150665,1,0.7841906,0.7960848
2025-02-05,0.37237191302932376,3,0.76393336,0.67676836
2025-02-07,-0.5283667789478338,5,0.75253844,0.72751486
2025-02-14,-0.43700301862669283,10,0.7032484,0.763819
2025-03-03,2.606756157845153,21,0.81737834,0.90109396
2025-02-04,0.3608290755662543,1,0.78296995,1.0313947
2025-02-06,1.455543035538456,3,0.75701785,0.93031996
2025-02-10,0.5709115298107819,5,0.74268675,0.8746003
2025-02-17,1.256518128548749,10,0.71295357,1.0941228
2025-03-04,-3.6077803295197537,21,0.95665425,0.88501954
2025-02-05,0.37237191302932376,1,0.76393336,1.0646646
2025-02-07,-0.5283667789478338,3,0.75253844,0.9625358
2025-02-11,0.5737948689934184,5,0.6766276,1.1053143
2025-02-18,0.20336344805863277,10,0.70181787,1.0037751
2025-03-05,3.3222814565563175,21,1.0332086,1.0470874
2025-02-06,1.455543035538456,1,0.75701785,1.1362147
2025-02-10,0.5709115298107819,3,0.74268675,0.7815275
2025-02-12,0.4987996105058737,5,0.67529476,0.7775258
2025-02-19,-1.8149177577375732,10,0.74957573,0.9014806
2025-03-06,1.4557137129561144,21,1.0442463,1.011298
2025-02-07,-0.5283667789478338,1,0.75253844,0.9000939
2025-02-11,0.5737948689934184,3,0.6766276,0.80195147
2025-02-13,2.0733080831344157,5,0.7008156,0.8869746
2025-02-20,-0.5317779624667833,10,0.7541993,0.8076792
2025-03-07,-1.7685362402572173,21,1.0757195,1.0343592
2025-02-10,0.5709115298107819,1,0.74268675,1.405125
2025-02-12,0.4987996105058737,3,0.67529476,0.8946886
2025-02-14,-0.43700301862669283,5,0.7032484,0.86837196
2025-02-21,-0.1214731131559584,10,0.75065947,1.0875807
2025-03-10,-1.7006378789645302,21,1.1023947,1.085193
2025-02-11,0.5737948689934184,1,0.6766276,1.1865549
2025-02-13,2.0733080831344157,3,0.7008156,0.9032388
2025-02-17,1.256518128548749,5,0.71295357,0.91867846
2025-02-24,0.6189164907236869,10,0.7518883,1.0067477
2025-03-11,-1.3000473007488484,21,1.1183364,0.9907401
2025-02-12,0.4987996105058737,1,0.67529476,1.143115
2025-02-14,-0.43700301862669283,3,0.7032484,1.0010854
2025-02-18,0.20336344805863277,5,0.70181787,1.222416
2025-02-25,-0.06985497058038011,10,0.74559206,1.0864211
2025-03-12,1.5449223485616206,21,1.1324104,1.1734254
2025-02-13,2.0733080831344157,1,0.7008156,1.2833658
2025-02-17,1.256518128548749,3,0.71295357,0.9761865
2025-02-19,-1.8149177577375732,5,0.74957573,0.9719169
2025-02-26,1.6982826817615648,10,0.7664244,1.0626832
2025-03-13,-0.4830290364783129,21,1.1355984,1.0759118
2025-02-14,-0.43700301862669283,1,0.7032484,0.9914082
2025-02-18,0.20336344805863277,3,0.70181787,1.0045725
2025-02-20,-0.5317779624667833,5,0.7541993,1.1232307
2025-02-27,-1.0727581099725654,10,0.7822782,0.91600496
2025-03-14,1.8426128178967514,21,1.155404,1.0951397
2025-02-17,1.256518128548749,1,0.71295357,1.6792991
2025-02-19,-1.8149177577375732,3,0.74957573,1.4007366
2025-02-21,-0.1214731131559584,5,0.75065947,1.199658
2025-02-28,0.0023903980828001692,10,0.77614135,1.3529409
2025-03-17,0.727116095993639,21,1.1541754,1.1278963
2025-02-18,0.20336344805863277,1,0.70181787,1.4903245
2025-02-20,-0.5317779624667833,3,0.7541993,1.1315024
2025-02-24,0.6189164907236869,5,0.7518883,1.1227452
2025-03-03,2.606756157845153,10,0.81737834,0.9582492
2025-03-18,0.971867954776804,21,1.1559103,1.2199272
2025-02-19,-1.8149177577375732,1,0.74957573,1.1088353
2025-02-21,-0.1214731131559584,3,0.75065947,0.9181939
2025-02-25,-0.06985497058038011,5,0.74559206,0.8658314
2025-03-04,-3.6077803295197537,10,0.95665425,1.0479938
2025-03-19,-0.3970055943892293,21,1.1583736,1.2755544
2025-02-20,-0.5317779624667833,1,0.7541993,1.244147
2025-02-24,0.6189164907236869,3,0.7518883,1.0440246
2025-02-26,1.6982826817615648,5,0.7664244,1.0147929
2025-03-05,3.3222814565563175,10,1.0332086,0.99442756
2025-03-20,-1.2483530648457057,21,1.1559421,1.131223
2025-02-21,-0.1214731131559584,1,0.75065947,1.5469809
2025-02-25,-0.06985497058038011,3,0.74559206,1.2014986
2025-02-27,-1.0727581099725654,5,0.7822782,1.0790778
2025-03-06,1.4557137129561144,10,1.0442463,1.305712
2025-03-21,-0.46837635934287103,21,1.1563553,1.3158971
2025-02-24,0.6189164907236869,1,0.7518883,1.8705844
2025-02-26,1.6982826817615648,3,0.7664244,1.3837054
2025-02-28,0.0023903980828001692,5,0.77614135,1.299878
2025-03-07,-1.7685362402572173,10,1.0757195,1.3813465
2025-03-24,-0.17059833346267284,21,1.156292,1.2442535
2025-02-25,-0.06985497058038011,1,0.74559206,1.4143721
2025-02-27,-1.0727581099725654,3,0.7822782,1.0174221
2025-03-03,2.606756157845153,5,0.81737834,1.093768
2025-03-10,-1.7006378789645302,10,1.1023947,1.135318
2025-03-25,1.1188767921674332,21,1.160532,1.5039192
2025-02-26,1.6982826817615648,1,0.7664244,1.2693099
2025-02-28,0.0023903980828001692,3,0.77614135,1.1816932
2025-03-04,-3.6077803295197537,5,0.95665425,1.3174502
2025-03-11,-1.3000473007488484,10,1.1183364,1.0950749
2025-03-26,-1.1785412954611896,21,1.1723344,1.2753881
2025-02-27,-1.0727581099725654,1,0.7822782,1.0813468
2025-03-03,2.606756157845153,3,0.81737834,1.0110106
2025-03-05,3.3222814565563175,5,1.0332086,0.99023676
2025-03-12,1.5449223485616206,10,1.1324104,1.1839292
2025-03-27,-0.7042951652534196,21,1.1775346,1.3361355
2025-02-28,0.0023903980828001692,1,0.77614135,1.6093946
2025-03-04,-3.6077803295197537,3,0.95665425,1.3778484
2025-03-06,1.4557137129561144,5,1.0442463,1.410477
2025-03-13,-0.4830290364783129,10,1.1355984,1.2373469
2025-03-28,-0.9624330075722682,21,1.1827347,1.3549799
2025-03-03,2.606756157845153,1,0.81737834,1.5884402
2025-03-05,3.3222814565563175,3,1.0332086,1.3502848
2025-03-07,-1.7685362402572173,5,1.0757195,1.1865093
2025-03-14,1.8426128178967514,10,1.155404,1.5163742
2025-03-31,-1.3357250991340461,21,1.1857133,1.2181022
2025-03-04,-3.6077803295197537,1,0.95665425,1.4688666
2025-03-06,1.4557137129561144,3,1.0442463,1.1852229
2025-03-10,-1.7006378789645302,5,1.1023947,1.2717593
2025-03-17,0.727116095993639,10,1.1541754,1.2309402
2025-04-01,1.6844291067936223,21,1.2007248,1.5142553
2025-03-05,3.3222814565563175,1,1.0332086,0.98026997
2025-03-07,-1.7685362402572173,3,1.0757195,0.76223177
2025-03-11,-1.3000473007488484,5,1.1183364,0.8189028
2025-03-18,0.971867954776804,10,1.1559103,0.9785316
2025-04-02,-0.6638702418994303,21,1.205241,1.0016773
2025-03-06,1.4557137129561144,1,1.0442463,0.93375146
2025-03-10,-1.7006378789645302,3,1.1023947,0.84365636
2025-03-12,1.5449223485616206,5,1.1324104,1.0403826
2025-03-19,-0.3970055943892293,10,1.1583736,1.122107
2025-04-03,-3.0538588798999453,21,1.2745177,1.0431215
2025-03-07,-1.7685362402572173,1,1.0757195,1.2305549
2025-03-11,-1.3000473007488484,3,1.1183364,0.8884009
2025-03-13,-0.4830290364783129,5,1.1355984,0.95859575
2025-03-20,-1.2483530648457057,10,1.1559421,0.95522726
2025-04-04,-5.079904634021626,21,1.4383221,1.1944114
2025-03-10,-1.7006378789645302,1,1.1023947,1.1091012
2025-03-12,1.5449223485616206,3,1.1324104,1.0242664
2025-03-14,1.8426128178967514,5,1.155404,1.07686
2025-03-21,-0.46837635934287103,10,1.1563553,1.1374369
2025-04-07,-4.215679015036202,21,1.5386983,1.0981112
2025-03-11,-1.3000473007488484,1,1.1183364,1.3654757
2025-03-13,-0.4830290364783129,3,1.1355984,1.235832
2025-03-17,0.727116095993639,5,1.1541754,1.1319766
2025-03-24,-0.17059833346267284,10,1.156292,1.4479622
2025-04-08,2.4490473209217876,21,1.5691148,1.2261904
2025-03-12,1.5449223485616206,1,1.1324104,2.0516703
2025-03-14,1.8426128178967514,3,1.155404,1.3908434
2025-03-18,0.971867954776804,5,1.1559103,1.1933072
2025-03-25,1.1188767921674332,10,1.160532,1.4034722
2025-04-09,-3.050857432892815,21,1.6052366,1.4121033
2025-03-13,-0.4830290364783129,1,1.1355984,1.3863271
2025-03-17,0.727116095993639,3,1.1541754,1.15945
2025-03-19,-0.3970055943892293,5,1.1583736,1.3667083
2025-03-26,-1.1785412954611896,10,1.1723344,1.3548924
2025-04-10,4.434082340157803,21,1.7067715,1.272146
2025-03-14,1.8426128178967514,1,1.155404,1.6723057
2025-03-18,0.971867954776804,3,1.1559103,1.1882371
2025-03-20,-1.2483530648457057,5,1.1559421,1.2315842
2025-03-27,-0.7042951652534196,10,1.1775346,1.3538847
2025-04-11,-0.9215769469908788,21,1.7033848,1.3477789
2025-03-17,0.727116095993639,1,1.1541754,1.165555
2025-03-19,-0.3970055943892293,3,1.1583736,1.0541966
2025-03-21,-0.46837635934287103,5,1.1563553,1.2287357
2025-03-28,-0.9624330075722682,10,1.1827347,1.0407869
2025-04-14,2.8104705250541526,21,1.7419323,1.2906395
2025-03-18,0.971867954776804,1,1.1559103,1.0827017
2025-03-20,-1.2483530648457057,3,1.1559421,1.1133457
2025-03-24,-0.17059833346267284,5,1.156292,1.1699781
2025-03-31,-1.3357250991340461,10,1.1857133,1.2820927
2025-04-15,1.4161788652361234,21,1.751291,1.0414728
2025-03-19,-0.3970055943892293,1,1.1583736,1.4026617
2025-03-21,-0.46837635934287103,3,1.1563553,1.1647661
2025-03-25,1.1188767921674332,5,1.160532,1.2221768
2025-04-01,1.6844291067936223,10,1.2007248,1.2798985
2025-04-16,0.2693326719099483,21,1.7468363,1.129442
2025-03-20,-1.2483530648457057,1,1.1559421,1.5766395
2025-03-24,-0.17059833346267284,3,1.156292,1.0442729
2025-03-26,-1.1785412954611896,5,1.1723344,1.1122475
2025-04-02,-0.6638702418994303,10,1.205241,1.0984125
2025-04-17,-0.49467587178529254,21,1.7453169,1.4915981
2025-03-21,-0.46837635934287103,1,1.1563553,1.4423038
2025-03-25,1.1188767921674332,3,1.160532,1.1984555
2025-03-27,-0.7042951652534196,5,1.1775346,1.1730492
2025-04-03,-3.0538588798999453,10,1.2745177,1.2357572
2025-04-22,0.41257085793756176,21,1.746171,1.1289929
2025-03-24,-0.17059833346267284,1,1.156292,1.5164936
2025-03-26,-1.1785412954611896,3,1.1723344,1.1115348
2025-03-28,-0.9624330075722682,5,1.1827347,1.0922469
2025-04-04,-5.079904634021626,10,1.4383221,1.4427505
2025-04-23,3.0909115511265095,21,1.7898546,1.2738063
2025-03-25,1.1188767921674332,1,1.160532,1.6892014
2025-03-27,-0.7042951652534196,3,1.1775346,1.1874733
2025-03-31,-1.3357250991340461,5,1.1857133,1.185632
2025-04-07,-4.215679015036202,10,1.5386983,1.1937739
2025-04-24,0.4658071542978405,21,1.788705,1.1226393
2025-03-26,-1.1785412954611896,1,1.1723344,0.95820034
2025-03-28,-0.9624330075722682,3,1.1827347,0.9036878
2025-04-01,1.6844291067936223,5,1.2007248,1.1086333
2025-04-08,2.4490473209217876,10,1.5691148,0.9281381
2025-04-25,0.80321653239071,21,1.787456,1.1354418
2025-03-27,-0.7042951652534196,1,1.1775346,1.5664828
2025-03-31,-1.3357250991340461,3,1.1857133,1.0648775
2025-04-02,-0.6638702418994303,5,1.205241,1.1357849
2025-04-09,-3.050857432892815,10,1.6052366,1.16038
2025-04-28,0.13128736628415075,21,1.7868434,1.3921417
2025-03-28,-0.9624330075722682,1,1.1827347,1.2507156
2025-04-01,1.6844291067936223,3,1.2007248,1.2221513
2025-04-03,-3.0538588798999453,5,1.2745177,1.1717741
2025-04-10,4.434082340157803,10,1.7067715,1.0822637
2025-04-29,0.68979592826535,21,1.7888004,1.0127418
2025-03-31,-1.3357250991340461,1,1.1857133,1.4891282
2025-04-02,-0.6638702418994303,3,1.205241,1.1971372
2025-04-04,-5.079904634021626,5,1.4383221,1.1591169
2025-04-11,-0.9215769469908788,10,1.7033848,1.2874569
2025-04-30,0.3167675808945159,21,1.7787669,1.0687232
2025-04-01,1.6844291067936223,1,1.2007248,1.68318
2025-04-03,-3.0538588798999453,3,1.2745177,1.1497139
2025-04-07,-4.215679015036202,5,1.5386983,1.1324569
2025-04-14,2.8104705250541526,10,1.7419323,1.1165473
2025-05-02,2.5873446492770955,21,1.8076906,1.2920042
2025-04-02,-0.6638702418994303,1,1.205241,1.0862764
2025-04-04,-5.079904634021626,3,1.4383221,0.9262091
2025-04-08,2.4490473209217876,5,1.5691148,1.0285752
2025-04-15,1.4161788652361234,10,1.751291,1.009232
2025-05-05,1.1108538327539232,21,1.8119594,1.0804741
2025-04-03,-3.0538588798999453,1,1.2745177,1.423579
2025-04-07,-4.215679015036202,3,1.5386983,1.0961733
2025-04-09,-3.050857432892815,5,1.6052366,1.0212694
2025-04-16,0.2693326719099483,10,1.7468363,1.2266235
2025-05-06,-0.40729886780401225,21,1.8048165,1.1460547
2025-04-04,-5.079904634021626,1,1.4383221,1.7146218
2025-04-08,2.4490473209217876,3,1.5691148,1.4526887
2025-04-10,4.434082340157803,5,1.7067715,1.352874
2025-04-17,-0.49467587178529254,10,1.7453169,1.3467699
2025-05-07,-0.5766766350699066,21,1.8051121,1.2409027
2025-04-07,-4.215679015036202,1,1.5386983,1.5394428
2025-04-09,-3.050857432892815,3,1.6052366,1.2164719
2025-04-11,-0.9215769469908788,5,1.7033848,1.0956554
2025-04-22,0.41257085793756176,10,1.746171,1.2545141
2025-05-08,1.0188828880307628,21,1.8080225,1.1682285
2025-04-08,2.4490473209217876,1,1.5691148,1.8717741
2025-04-10,4.434082340157803,3,1.7067715,1.4288484
2025-04-14,2.8104705250541526,5,1.7419323,1.4048864
2025-04-23,3.0909115511265095,10,1.7898546,1.2983681
2025-05-09,0.6259340371946363,21,1.8082635,1.4923352
2025-04-09,-3.050857432892815,1,1.6052366,1.8111591
2025-04-11,-0.9215769469908788,3,1.7033848,1.2811577
2025-04-15,1.4161788652361234,5,1.751291,1.3122336
2025-04-24,0.4658071542978405,10,1.788705,1.3538878
2025-05-12,0.2856371756299482,21,1.8076901,1.4792119
2025-04-10,4.434082340157803,1,1.7067715,2.1167405
2025-04-14,2.8104705250541526,3,1.7419323,1.561266
2025-04-16,0.2693326719099483,5,1.7468363,1.4795537
2025-04-25,0.80321653239071,10,1.787456,1.5139205
2025-05-13,0.30514304960697675,21,1.7893524,1.5177627
2025-04-11,-0.9215769469908788,1,1.7033848,1.7519845
2025-04-15,1.4161788652361234,3,1.751291,1.6213797
2025-04-17,-0.49467587178529254,5,1.7453169,1.7543981
2025-04-28,0.13128736628415075,10,1.7868434,1.4427327
2025-05-14,-0.4730187232063654,21,1.7895328,1.4113513
2025-04-14,2.8104705250541526,1,1.7419323,1.9921777
2025-04-16,0.2693326719099483,3,1.7468363,1.6182132
2025-04-22,0.41257085793756176,5,1.746171,1.5614573
2025-04-29,0.68979592826535,10,1.7888004,1.4970536
2025-05-15,0.7139835403582895,21,1.7848178,1.4257654
2025-04-15,1.4161788652361234,1,1.751291,1.4522066
2025-04-17,-0.49467587178529254,3,1.7453169,1.5438211
2025-04-23,3.0909115511265095,5,1.7898546,1.609722
2025-04-30,0.3167675808945159,10,1.7787669,1.1811905
2025-05-16,0.30271946168040276,21,1.7849951,1.2337892
2025-04-16,0.2693326719099483,1,1.7468363,1.4918914
2025-04-22,0.41257085793756176,3,1.746171,1.3028027
2025-04-24,0.4658071542978405,5,1.788705,1.1916652
2025-05-02,2.5873446492770955,10,1.8076906,1.340666
2025-05-19,0.7024863931832367,21,1.7695534,1.1657679
2025-04-17,-0.49467587178529254,1,1.7453169,1.6577289
2025-04-23,3.0909115511265095,3,1.7898546,1.2946899
2025-04-25,0.80321653239071,5,1.787456,1.1092747
2025-05-05,1.1108538327539232,10,1.8119594,1.4131074
2025-05-20,0.4216250095272731,21,1.7679912,1.1654712
2025-04-22,0.41257085793756176,1,1.746171,1.5269489
2025-04-24,0.4658071542978405,3,1.788705,1.109249
2025-04-28,0.13128736628415075,5,1.7868434,1.1790411
2025-05-06,-0.40729886780401225,10,1.8048165,1.4265625
2025-05-21,0.3583628662661676,21,1.7679479,1.3550143
2025-04-23,3.0909115511265095,1,1.7898546,1.5017678
2025-04-25,0.80321653239071,3,1.787456,1.0767139
2025-04-29,0.68979592826535,5,1.7888004,1.037884
2025-05-07,-0.5766766350699066,10,1.8051121,1.434919
2025-05-22,-0.5121642428683503,21,1.7686965,1.2123551
2025-04-24,0.4658071542978405,1,1.788705,1.0853202
2025-04-28,0.13128736628415075,3,1.7868434,0.9134625
2025-04-30,0.3167675808945159,5,1.7787669,0.99036795
2025-05-08,1.0188828880307628,10,1.8080225,1.2095609
2025-05-23,-1.551992283026119,21,1.7815967,1.2570746
2025-04-25,0.80321653239071,1,1.787456,1.2705017
2025-04-29,0.68979592826535,3,1.7888004,1.0584495
2025-05-02,2.5873446492770955,5,1.8076906,1.1156267
2025-05-09,0.6259340371946363,10,1.8082635,1.4298092
2025-05-26,1.670594646885294,21,1.7811762,1.1457033
2025-04-28,0.13128736628415075,1,1.7868434,1.1460319
2025-04-30,0.3167675808945159,3,1.7787669,1.0077884
2025-05-05,1.1108538327539232,5,1.8119594,1.1424012
2025-05-12,0.2856371756299482,10,1.8076901,1.0620579
2025-05-27,0.8241405467777966,21,1.7770567,1.0739583
2025-04-29,0.68979592826535,1,1.7888004,1.4201391
2025-05-02,2.5873446492770955,3,1.8076906,1.0404075
2025-05-06,-0.40729886780401225,5,1.8048165,1.0906539
2025-05-13,0.30514304960697675,10,1.7893524,1.1755826
2025-05-28,-0.7802879366781892,21,1.7807993,1.2792267
2025-04-30,0.3167675808945159,1,1.7787669,1.1547658
2025-05-05,1.1108538327539232,3,1.8119594,1.061062
2025-05-07,-0.5766766350699066,5,1.8051121,1.1829561
2025-05-14,-0.4730187232063654,10,1.7895328,1.0454228
2025-05-29,-0.43759034871213576,21,1.7514801,1.170509
2025-05-02,2.5873446492770955,1,1.8076906,1.1857176
2025-05-06,-0.40729886780401225,3,1.8048165,0.88147604
2025-05-08,1.0188828880307628,5,1.8080225,0.9488356
2025-05-15,0.7139835403582895,10,1.7848178,1.1379379
2025-05-30,0.2680954954619805,21,1.6842599,1.1137714
2025-05-05,1.1108538327539232,1,1.8119594,1.1752874
2025-05-07,-0.5766766350699066,3,1.8051121,1.019613
2025-05-09,0.6259340371946363,5,1.8082635,1.1293415
2025-05-16,0.30271946168040276,10,1.7849951,0.93425465
2025-06-02,-0.27879477762055266,21,1.6315604,1.121924
2025-05-06,-0.40729886780401225,1,1.8048165,1.0839818
2025-05-08,1.0188828880307628,3,1.8080225,0.89290214
2025-05-12,0.2856371756299482,5,1.8076901,0.9055366
2025-05-19,0.7024863931832367,10,1.7695534,0.92721736
2025-06-03,0.6703129923146394,21,1.6233046,1.0784087
2025-05-07,-0.5766766350699066,1,1.8051121,1.2546854
2025-05-09,0.6259340371946363,3,1.8082635,0.9757867
2025-05-13,0.30514304960697675,5,1.7893524,0.973001
2025-05-20,0.4216250095272731,10,1.7679912,0.9902694
2025-06-04,0.764397318657241,21,1.6081504,1.0063089
2025-05-08,1.0188828880307628,1,1.8080225,1.107881
2025-05-12,0.2856371756299482,3,1.8076901,0.8968737
2025-05-14,-0.4730187232063654,5,1.7895328,0.78073233
2025-05-21,0.3583628662661676,10,1.7679479,1.0796015
2025-06-05,0.19382537219268017,21,1.5909151,1.0910765
2025-05-09,0.6259340371946363,1,1.8082635,1.2496768
2025-05-13,0.30514304960697675,3,1.7893524,0.8266797
2025-05-15,0.7139835403582895,5,1.7848178,0.7859065
2025-05-22,-0.5121642428683503,10,1.7686965,0.9680711
2025-06-06,-0.07863422507201467,21,1.5802026,1.1444969
2025-05-12,0.2856371756299482,1,1.8076901,1.1103355
2025-05-14,-0.4730187232063654,3,1.7895328,0.75939834
2025-05-16,0.30271946168040276,5,1.7849951,0.75255877
2025-05-23,-1.551992283026119,10,1.7815967,1.0533868
2025-06-09,-0.5368985534032307,21,1.5716933,1.1569983
2025-05-13,0.30514304960697675,1,1.7893524,1.0192214
2025-05-15,0.7139835403582895,3,1.7848178,0.79599726
2025-05-19,0.7024863931832367,5,1.7695534,0.8621775
2025-05-26,1.670594646885294,10,1.7811762,0.9786271
2025-06-10,-0.7755540207321172,21,1.5740054,0.9976063
2025-05-14,-0.4730187232063654,1,1.7895328,0.9999189
2025-05-16,0.30271946168040276,3,1.7849951,0.8045613
2025-05-20,0.4216250095272731,5,1.7679912,0.78599286
2025-05-27,0.8241405467777966,10,1.7770567,0.95018876
2025-06-11,-0.16129753375917483,21,1.5576149,1.1137007
2025-05-15,0.7139835403582895,1,1.7848178,0.7696628
2025-05-19,0.7024863931832367,3,1.7695534,0.80658984
2025-05-21,0.3583628662661676,5,1.7679479,0.88420075
2025-05-28,-0.7802879366781892,10,1.7807993,0.8549498
2025-06-12,-0.7437162185494022,21,1.5586449,0.8632703
2025-05-16,0.30271946168040276,1,1.7849951,0.9628604
2025-05-20,0.4216250095272731,3,1.7679912,0.74687755
2025-05-22,-0.5121642428683503,5,1.7686965,0.72434646
2025-05-29,-0.43759034871213576,10,1.7514801,0.90261495
2025-06-13,-1.0794406908492782,21,1.5604398,0.9696077
2025-05-19,0.7024863931832367,1,1.7695534,0.86670834
2025-05-21,0.3583628662661676,3,1.7679479,0.79624844
2025-05-23,-1.551992283026119,5,1.7815967,0.8226248
2025-05-30,0.2680954954619805,10,1.6842599,0.7036503
2025-06-16,0.7747039387988303,21,1.562595,0.9464827
2025-05-20,0.4216250095272731,1,1.7679912,0.7298579
2025-05-22,-0.5121642428683503,3,1.7686965,0.6373358
2025-05-26,1.670594646885294,5,1.7811762,0.6917965
2025-06-02,-0.27879477762055266,10,1.6315604,0.87678254
2025-06-17,-1.1222167382693211,21,1.5609311,0.85553217
2025-05-21,0.3583628662661676,1,1.7679479,0.8814784
2025-05-23,-1.551992283026119,3,1.7815967,0.6736715
2025-05-27,0.8241405467777966,5,1.7770567,0.70448506
2025-06-03,0.6703129923146394,10,1.6233046,0.95716345
2025-06-18,-0.4998243286120008,21,1.5611069,0.9805255
2025-05-22,-0.5121642428683503,1,1.7686965,0.79827356
2025-05-26,1.670594646885294,3,1.7811762,0.68466216
2025-05-28,-0.7802879366781892,5,1.7807993,0.7112539
2025-06-04,0.764397318657241,10,1.6081504,0.7708531
2025-06-19,-1.1231540714336596,21,1.5680175,0.7811987
2025-05-23,-1.551992283026119,1,1.7815967,0.76158154
2025-05-27,0.8241405467777966,3,1.7770567,0.62658906
2025-05-29,-0.43759034871213576,5,1.7514801,0.632891
2025-06-05,0.19382537219268017,10,1.5909151,0.8329779
2025-06-20,1.2634642893824024,21,1.569853,0.8456224
2025-05-26,1.670594646885294,1,1.7811762,0.7939241
2025-05-28,-0.7802879366781892,3,1.7807993,0.6406973
2025-05-30,0.2680954954619805,5,1.6842599,0.77048266
2025-06-06,-0.07863422507201467,10,1.5802026,0.89767563
2025-06-23,-0.34981496101744397,21,1.5627832,0.93764114
2025-05-27,0.8241405467777966,1,1.7770567,1.0773634
2025-05-29,-0.43759034871213576,3,1.7514801,0.7497096
2025-06-02,-0.27879477762055266,5,1.6315604,0.6680726
2025-06-09,-0.5368985534032307,10,1.5716933,0.97471166
2025-06-24,1.5884607191807292,21,1.5724978,0.9887729
2025-05-28,-0.7802879366781892,1,1.7807993,0.92232144
2025-05-30,0.2680954954619805,3,1.6842599,0.7607106
2025-06-03,0.6703129923146394,5,1.6233046,0.8413532
2025-06-10,-0.7755540207321172,10,1.5740054,0.7893875
2025-06-25,-0.6077671360566833,21,1.569217,0.9799624
2025-05-29,-0.43759034871213576,1,1.7514801,0.9642203
2025-06-02,-0.27879477762055266,3,1.6315604,0.71835345
2025-06-04,0.764397318657241,5,1.6081504,0.73780143
2025-06-11,-0.16129753375917483,10,1.5576149,1.0787206
2025-06-26,0.6404191106162287,21,1.5598115,0.94157606
2025-05-30,0.2680954954619805,1,1.6842599,0.8044518
2025-06-03,0.6703129923146394,3,1.6233046,0.7380964
2025-06-05,0.19382537219268017,5,1.5909151,0.8936904
2025-06-12,-0.7437162185494022,10,1.5586449,0.81028616
2025-06-27,1.610351996933783,21,1.5585716,0.9535482
2025-06-02,-0.27879477762055266,1,1.6315604,0.85604805
2025-06-04,0.764397318657241,3,1.6081504,0.75695103
2025-06-06,-0.07863422507201467,5,1.5802026,0.75015306
2025-06-13,-1.0794406908492782,10,1.5604398,0.78301656
2025-06-30,-0.5156625165165041,21,1.5574462,0.9168082
2025-06-03,0.6703129923146394,1,1.6233046,0.9460871
2025-06-05,0.19382537219268017,3,1.5909151,0.7941326
2025-06-09,-0.5368985534032307,5,1.5716933,0.9082497
2025-06-16,0.7747039387988303,10,1.562595,0.8641319
2025-07-01,-0.9933075256939017,21,1.5084608,0.87849265
2025-06-04,0.764397318657241,1,1.6081504,0.8175068
2025-06-06,-0.07863422507201467,3,1.5802026,0.6976796
2025-06-10,-0.7755540207321172,5,1.5740054,0.8570626
2025-06-17,-1.1222167382693211,10,1.5609311,0.84114647
2025-07-02,0.49225530509912163,21,1.3439726,0.921904
2025-06-05,0.19382537219268017,1,1.5909151,0.76034105
2025-06-09,-0.5368985534032307,3,1.5716933,0.6919031
2025-06-11,-0.16129753375917483,5,1.5576149,0.86250395
2025-06-18,-0.4998243286120008,10,1.5611069,0.8033445
2025-07-03,0.6035587821723482,21,1.2107872,0.8484649
2025-06-06,-0.07863422507201467,1,1.5802026,0.6123891
2025-06-10,-0.7755540207321172,3,1.5740054,0.57579225
2025-06-12,-0.7437162185494022,5,1.5586449,0.66765445
2025-06-19,-1.1231540714336596,10,1.5680175,0.84392095
2025-07-04,-0.6147411813176498,21,1.1836447,0.9118389
2025-06-09,-0.5368985534032307,1,1.5716933,0.7987891
2025-06-11,-0.16129753375917483,3,1.5576149,0.65104663
2025-06-13,-1.0794406908492782,5,1.5604398,0.6958797
2025-06-20,1.2634642893824024,10,1.569853,0.82355165
2025-07-07,1.1960611051048056,21,1.1064067,0.8939145
2025-06-10,-0.7755540207321172,1,1.5740054,0.6837325
2025-06-12,-0.7437162185494022,3,1.5586449,0.55795276
2025-06-16,0.7747039387988303,5,1.562595,0.6075367
2025-06-23,-0.34981496101744397,10,1.5627832,0.93097496
2025-07-08,0.5519427165647628,21,0.9675242,0.94156414
2025-06-11,-0.16129753375917483,1,1.5576149,0.72001994
2025-06-13,-1.0794406908492782,3,1.5604398,0.6266358
2025-06-17,-1.1222167382693211,5,1.5609311,0.74551815
2025-06-24,1.5884607191807292,10,1.5724978,0.8916152
2025-07-09,1.405581769985275,21,0.96551144,0.8812891
2025-06-12,-0.7437162185494022,1,1.5586449,0.7559533
2025-06-16,0.7747039387988303,3,1.562595,0.5726862
2025-06-18,-0.4998243286120008,5,1.5611069,0.64515406
2025-06-25,-0.6077671360566833,10,1.569217,0.9748002
2025-07-10,-0.3785226641882228,21,0.91185516,0.8629681
2025-06-13,-1.0794406908492782,1,1.5604398,0.8043839
2025-06-17,-1.1222167382693211,3,1.5609311,0.6725034
2025-06-19,-1.1231540714336596,5,1.5680175,0.77168363
2025-06-26,0.6404191106162287,10,1.5598115,0.83053255
2025-07-11,-0.8273142075439126,21,0.9095352,1.0054512
2025-06-16,0.7747039387988303,1,1.562595,0.83732873
2025-06-18,-0.4998243286120008,3,1.5611069,0.68954176
2025-06-20,1.2634642893824024,5,1.569853,0.7819381
2025-06-27,1.610351996933783,10,1.5585716,0.98438555
2025-07-14,-0.39106963815346163,21,0.9129199,0.95105386
2025-06-17,-1.1222167382693211,1,1.5609311,0.88466465
2025-06-19,-1.1231540714336596,3,1.5680175,0.72539324
2025-06-23,-0.34981496101744397,5,1.5627832,0.81822777
2025-06-30,-0.5156625165165041,10,1.5574462,0.987151
2025-07-15,-0.41621639408957545,21,0.9119503,0.989807
2025-06-18,-0.4998243286120008,1,1.5611069,0.843362
2025-06-20,1.2634642893824024,3,1.569853,0.7428331
2025-06-24,1.5884607191807292,5,1.5724978,0.8678975
2025-07-01,-0.9933075256939017,10,1.5084608,0.9427995
2025-07-16,-0.21181015904799122,21,0.9131667,0.8449357
2025-06-19,-1.1231540714336596,1,1.5680175,0.75739413
2025-06-23,-0.34981496101744397,3,1.5627832,0.6665838
2025-06-25,-0.6077671360566833,5,1.569217,0.86097217
2025-07-02,0.49225530509912163,10,1.3439726,1.0982317
2025-07-17,1.4946392641384503,21,0.8484782,0.8833616
2025-06-20,1.2634642893824024,1,1.569853,0.88901067
2025-06-24,1.5884607191807292,3,1.5724978,0.67819357
2025-06-26,0.6404191106162287,5,1.5598115,0.84839165
2025-07-03,0.6035587821723482,10,1.2107872,1.0459363
2025-07-18,-0.33464555097970905,21,0.85009503,0.94938374
2025-06-23,-0.34981496101744397,1,1.5627832,0.9714993
2025-06-25,-0.6077671360566833,3,1.569217,0.70834523
2025-06-27,1.610351996933783,5,1.5585716,0.76072836
2025-07-04,-0.6147411813176498,10,1.1836447,0.97278833
2025-07-21,0.07527583844816833,21,0.84594584,0.97363573
2025-06-24,1.5884607191807292,1,1.5724978,0.9754795
2025-06-26,0.6404191106162287,3,1.5598115,0.7689332
2025-06-30,-0.5156625165165041,5,1.5574462,0.8193583
2025-07-07,1.1960611051048056,10,1.1064067,0.9531872
2025-07-22,-1.099916090184699,21,0.8611538,1.0265256
2025-06-25,-0.6077671360566833,1,1.569217,0.867917
2025-06-27,1.610351996933783,3,1.5585716,0.6628868
2025-07-01,-0.9933075256939017,5,1.5084608,0.8012882
2025-07-08,0.5519427165647628,10,0.9675242,1.0766683
2025-07-23,0.8239844169913363,21,0.86281157,0.8550367
2025-06-26,0.6404191106162287,1,1.5598115,0.7795122
2025-06-30,-0.5156625165165041,3,1.5574462,0.63903415
2025-07-02,0.49225530509912163,5,1.3439726,0.8002133
2025-07-09,1.405581769985275,10,0.96551144,0.9513756
2025-07-24,0.22708318411005343,21,0.8625597,0.9816462
2025-06-27,1.610351996933783,1,1.5585716,1.0076001
2025-07-01,-0.9933075256939017,3,1.5084608,0.76079166
2025-07-03,0.6035587821723482,5,1.2107872,0.8008586
2025-07-10,-0.3785226641882228,10,0.91185516,0.8885025
2025-07-25,-0.3233321425960863,21,0.80160755,0.9238095
2025-06-30,-0.5156625165165041,1,1.5574462,0.9369711
2025-07-02,0.49225530509912163,3,1.3439726,0.76817125
2025-07-04,-0.6147411813176498,5,1.1836447,0.8705113
2025-07-11,-0.8273142075439126,10,0.9095352,0.810582
2025-07-28,-1.0257471285291986,21,0.80248094,1.0268368
2025-07-01,-0.9933075256939017,1,1.5084608,1.0847906
2025-07-03,0.6035587821723482,3,1.2107872,0.85634154
2025-07-07,1.1960611051048056,5,1.1064067,0.87799776
2025-07-14,-0.39106963815346163,10,0.9129199,0.8481414
2025-07-29,1.0252067765996018,21,0.8100972,0.92102987
2025-07-02,0.49225530509912163,1,1.3439726,0.8880156
2025-07-04,-0.6147411813176498,3,1.1836447,0.812006
2025-07-08,0.5519427165647628,5,0.9675242,0.97328883
2025-07-15,-0.41621639408957545,10,0.9119503,0.91048616
2025-07-30,0.18503281666010313,21,0.80578065,0.8689352
2025-07-03,0.6035587821723482,1,1.2107872,1.0028491
2025-07-07,1.1960611051048056,3,1.1064067,0.81381243
2025-07-09,1.405581769985275,5,0.96551144,0.92712903
2025-07-16,-0.21181015904799122,10,0.9131667,0.87402284
2025-07-31,-0.8142374745783153,21,0.80435514,1.0347266
2025-07-04,-0.6147411813176498,1,1.1836447,1.4462276
2025-07-08,0.5519427165647628,3,0.9675242,1.0086207
2025-07-10,-0.3785226641882228,5,0.91185516,1.0212997
2025-07-17,1.4946392641384503,10,0.8484782,1.0000807
2025-08-01,-2.693279618665826,21,0.87511003,1.1930159
2025-07-07,1.1960611051048056,1,1.1064067,1.3203052
2025-07-09,1.405581769985275,3,0.96551144,1.1599114
2025-07-11,-0.8273142075439126,5,0.9095352,1.1387068
2025-07-18,-0.33464555097970905,10,0.85009503,1.1737823
2025-08-04,1.4060978493706018,21,0.89318997,1.1049345
2025-07-08,0.5519427165647628,1,0.9675242,1.8659835
2025-07-10,-0.3785226641882228,3,0.91185516,1.5981131
2025-07-14,-0.39106963815346163,5,0.9129199,1.6037819
2025-07-21,0.07527583844816833,10,0.84594584,1.6391842
2025-08-05,0.37131924603535577,21,0.893597,1.4533874
2025-07-09,1.405581769985275,1,0.96551144,1.6909024
2025-07-11,-0.8273142075439126,3,0.9095352,1.4319987
2025-07-15,-0.41621639408957545,5,0.9119503,1.5573815
2025-07-22,-1.099916090184699,10,0.8611538,1.5542603
2025-08-06,0.3277723608663236,21,0.8921702,1.3435489
2025-07-10,-0.3785226641882228,1,0.91185516,1.5734191
2025-07-14,-0.39106963815346163,3,0.9129199,1.4047868
2025-07-16,-0.21181015904799122,5,0.9131667,1.5781864
2025-07-23,0.8239844169913363,10,0.86281157,1.5158873
2025-08-07,1.1145507176971277,21,0.8988647,1.2995375
2025-07-11,-0.8273142075439126,1,0.9095352,1.7638111
2025-07-15,-0.41621639408957545,3,0.9119503,1.3562462
2025-07-17,1.4946392641384503,5,0.8484782,1.2802172
2025-07-24,0.22708318411005343,10,0.8625597,1.5439528
2025-08-08,-0.12259500951076373,21,0.89839125,1.391089
2025-07-14,-0.39106963815346163,1,0.9129199,1.6909014
2025-07-16,-0.21181015904799122,3,0.9131667,1.5381514
2025-07-18,-0.33464555097970905,5,0.85009503,1.5458231
2025-07-25,-0.3233321425960863,10,0.80160755,1.6197032
2025-08-11,-0.3379457433411005,21,0.89517736,1.2376457
2025-07-15,-0.41621639408957545,1,0.9119503,1.9615526
2025-07-17,1.4946392641384503,3,0.8484782,1.7303927
2025-07-21,0.07527583844816833,5,0.84594584,1.6527714
2025-07-28,-1.0257471285291986,10,0.80248094,1.8037844
2025-08-12,-0.23514918246617772,21,0.8940756,1.3232951
2025-07-16,-0.21181015904799122,1,0.9131667,2.3071592
2025-07-18,-0.33464555097970905,3,0.85009503,1.7179729
2025-07-22,-1.099916090184699,5,0.8611538,1.6400297
2025-07-29,1.0252067765996018,10,0.8100972,1.3561115
2025-08-13,0.6671226383482204,21,0.8970613,1.426433
2025-07-17,1.4946392641384503,1,0.8484782,1.596653
2025-07-21,0.07527583844816833,3,0.84594584,1.461045
2025-07-23,0.8239844169913363,5,0.86281157,1.4588635
2025-07-30,0.18503281666010313,10,0.80578065,1.3856975
2025-08-14,0.7903580923874695,21,0.9001049,1.3363616
2025-07-18,-0.33464555097970905,1,0.85009503,1.391575
2025-07-22,-1.099916090184699,3,0.8611538,1.3534374
2025-07-24,0.22708318411005343,5,0.8625597,1.4849453
2025-07-31,-0.8142374745783153,10,0.80435514,1.3493333
2025-08-15,-0.07468368585616385,21,0.8760915,1.0969133
2025-07-21,0.07527583844816833,1,0.84594584,1.8243147
2025-07-23,0.8239844169913363,3,0.86281157,1.2959285
2025-07-25,-0.3233321425960863,5,0.80160755,1.2691519
2025-08-01,-2.693279618665826,10,0.87511003,1.3148638
2025-08-18,-0.18297735175455593,21,0.85030293,1.4242544
2025-07-22,-1.099916090184699,1,0.8611538,1.4131402
2025-07-24,0.22708318411005343,3,0.8625597,1.4157859
2025-07-28,-1.0257471285291986,5,0.80248094,1.485348
2025-08-04,1.4060978493706018,10,0.89318997,1.2302957
2025-08-19,0.4444224850851861,21,0.845615,1.0791943
2025-07-23,0.8239844169913363,1,0.86281157,1.5838059
2025-07-25,-0.3233321425960863,3,0.80160755,1.3488668
2025-07-29,1.0252067765996018,5,0.8100972,1.1233175
2025-08-05,0.37131924603535577,10,0.893597,1.5683805
2025-08-20,-0.5999996904570855,21,0.8430632,1.219318
2025-07-24,0.22708318411005343,1,0.8625597,1.4658387
2025-07-28,-1.0257471285291986,3,0.80248094,1.378834
2025-07-30,0.18503281666010313,5,0.80578065,1.3254454
2025-08-06,0.3277723608663236,10,0.8921702,1.2600856
2025-08-21,0.06740389781510583,21,0.84097147,1.2008404
2025-07-25,-0.3233321425960863,1,0.80160755,1.3296012
2025-07-29,1.0252067765996018,3,0.8100972,1.1598808
2025-07-31,-0.8142374745783153,5,0.80435514,1.1199499
2025-08-07,1.1145507176971277,10,0.8988647,1.3524374
2025-08-22,0.2867043399047512,21,0.84106606,1.1400661
2025-07-28,-1.0257471285291986,1,0.80248094,1.5454152
2025-07-30,0.18503281666010313,3,0.80578065,1.1648389
2025-08-01,-2.693279618665826,5,0.87511003,1.1125968
2025-08-08,-0.12259500951076373,10,0.89839125,1.2788475
2025-08-25,-0.36997458326308835,21,0.8417068,1.1607028
2025-07-29,1.0252067765996018,1,0.8100972,1.4365015
2025-07-31,-0.8142374745783153,3,0.80435514,1.2191226
2025-08-04,1.4060978493706018,5,0.89318997,1.1846147
2025-08-11,-0.3379457433411005,10,0.89517736,1.4465003
2025-08-26,-0.49663518052271893,21,0.8399924,1.3085068
2025-07-30,0.18503281666010313,1,0.80578065,1.3591139
2025-08-01,-2.693279618665826,3,0.87511003,1.293211
2025-08-05,0.37131924603535577,5,0.893597,1.3227539
2025-08-12,-0.23514918246617772,10,0.8940756,1.5246351
2025-08-27,-0.4425743273387093,21,0.8359218,1.251996
2025-07-31,-0.8142374745783153,1,0.80435514,1.7902802
2025-08-04,1.4060978493706018,3,0.89318997,1.2371349
2025-08-06,0.3277723608663236,5,0.8921702,1.3980037
2025-08-13,0.6671226383482204,10,0.8970613,1.3209236
2025-08-28,-0.026165613861882108,21,0.83546877,1.4083626
2025-08-01,-2.693279618665826,1,0.87511003,1.5487171
2025-08-05,0.37131924603535577,3,0.893597,1.4551066
2025-08-07,1.1145507176971277,5,0.8988647,1.3792127
2025-08-14,0.7903580923874695,10,0.9001049,1.507742
2025-08-29,-0.5744816120578837,21,0.8385099,1.0613148
2025-08-04,1.4060978493706018,1,0.89318997,1.0117948
2025-08-06,0.3277723608663236,3,0.8921702,1.0704162
2025-08-08,-0.12259500951076373,5,0.89839125,1.2033985
2025-08-15,-0.07468368585616385,10,0.8760915,0.9976425
2025-09-01,0.5637079353084632,21,0.8392226,1.1570001
2025-08-05,0.37131924603535577,1,0.893597,1.4966303
2025-08-07,1.1145507176971277,3,0.8988647,1.1554365
2025-08-11,-0.3379457433411005,5,0.89517736,1.0983686
2025-08-18,-0.18297735175455593,10,0.85030293,1.301463
2025-09-02,-2.314691170999559,21,0.8852947,1.2334689
2025-08-06,0.3277723608663236,1,0.8921702,1.415265
2025-08-08,-0.12259500951076373,3,0.89839125,1.1335832
2025-08-12,-0.23514918246617772,5,0.8940756,1.1444111
2025-08-19,0.4444224850851861,10,0.845615,0.92287266
2025-09-03,0.45652517342666027,21,0.88739276,1.1762495
2025-08-07,1.1145507176971277,1,0.8988647,1.3830134
2025-08-11,-0.3379457433411005,3,0.89517736,1.110209
2025-08-13,0.6671226383482204,5,0.8970613,0.9601693
2025-08-20,-0.5999996904570855,10,0.8430632,1.1824441
2025-09-04,0.7411785726828213,21,0.8877099,1.177321
2025-08-08,-0.12259500951076373,1,0.89839125,1.0148032
2025-08-12,-0.23514918246617772,3,0.8940756,0.9468778
2025-08-14,0.7903580923874695,5,0.9001049,0.98184407
2025-08-21,0.06740389781510583,10,0.84097147,1.0367854
2025-09-05,-0.731941000191114,21,0.8816615,0.9565183
2025-08-11,-0.3379457433411005,1,0.89517736,1.2562182
2025-08-13,0.6671226383482204,3,0.8970613,0.8727989
2025-08-15,-0.07468368585616385,5,0.8760915,0.85591507
2025-08-22,0.2867043399047512,10,0.84106606,1.1089821
2025-09-08,0.8866394135323415,21,0.88343287,1.3444982
2025-08-12,-0.23514918246617772,1,0.8940756,1.4173585
2025-08-14,0.7903580923874695,3,0.9001049,1.0262576
2025-08-18,-0.18297735175455593,5,0.85030293,1.0559491
2025-08-25,-0.36997458326308835,10,0.8417068,0.8381722
2025-09-09,-0.37319583855862204,21,0.8724208,1.1372299
2025-08-13,0.6671226383482204,1,0.8970613,1.0280921
2025-08-15,-0.07468368585616385,3,0.8760915,0.7339948
2025-08-19,0.4444224850851861,5,0.845615,0.6027428
2025-08-26,-0.49663518052271893,10,0.8399924,1.0344268
2025-09-10,-0.36113017035186207,21,0.8712028,1.1130885
2025-08-14,0.7903580923874695,1,0.9001049,1.0735301
2025-08-18,-0.18297735175455593,3,0.85030293,0.85006356
2025-08-20,-0.5999996904570855,5,0.8430632,0.8967771
2025-08-27,-0.4425743273387093,10,0.8359218,0.9447114
2025-09-11,0.29871695487934613,21,0.85876447,1.1609372
2025-08-15,-0.07468368585616385,1,0.8760915,0.93703324
2025-08-19,0.4444224850851861,3,0.845615,0.74935424
2025-08-21,0.06740389781510583,5,0.84097147,0.7625586
2025-08-28,-0.026165613861882108,10,0.83546877,0.9734074
2025-09-12,-0.023205869540965717,21,0.84378356,1.1087391
2025-08-18,-0.18297735175455593,1,0.85030293,0.96959794
2025-08-20,-0.5999996904570855,3,0.8430632,0.830512
2025-08-22,0.2867043399047512,5,0.84106606,0.8984938
2025-08-29,-0.5744816120578837,10,0.8385099,0.7114582
2025-09-15,0.2137500505618626,21,0.8426807,1.0550454
2025-08-19,0.4444224850851861,1,0.845615,0.9250719
2025-08-21,0.06740389781510583,3,0.84097147,0.7815059
2025-08-25,-0.36997458326308835,5,0.8417068,0.7301653
2025-09-01,0.5637079353084632,10,0.8392226,0.97658443
2025-09-16,-1.7826983544726012,21,0.84963906,1.0805233
2025-08-20,-0.5999996904570855,1,0.8430632,0.8167205
2025-08-22,0.2867043399047512,3,0.84106606,0.82349956
2025-08-26,-0.49663518052271893,5,0.8399924,1.0120838
2025-09-02,-2.314691170999559,10,0.8852947,0.8581262
2025-09-17,0.1282521759312154,21,0.8463478,0.9509792
2025-08-21,0.06740389781510583,1,0.84097147,1.0878828
2025-08-25,-0.36997458326308835,3,0.8417068,0.7753888
2025-08-27,-0.4425743273387093,5,0.8359218,0.82834643
2025-09-03,0.45652517342666027,10,0.88739276,1.0556042
2025-09-18,1.3409715784568172,21,0.86019045,1.1155937
2025-08-22,0.2867043399047512,1,0.84106606,1.0043465
2025-08-26,-0.49663518052271893,3,0.8399924,0.92561185
2025-08-28,-0.026165613861882108,5,0.83546877,0.94885457
2025-09-04,0.7411785726828213,10,0.8877099,0.93048865
2025-09-19,-0.14845158733563144,21,0.8340145,0.96333164
2025-08-25,-0.36997458326308835,1,0.8417068,0.8496802
2025-08-27,-0.4425743273387093,3,0.8359218,0.6916564
2025-08-29,-0.5744816120578837,5,0.8385099,0.7680813
2025-09-05,-0.731941000191114,10,0.8816615,1.0704645
2025-09-22,-0.476438491704228,21,0.8336407,0.97065645
2025-08-26,-0.49663518052271893,1,0.8399924,1.1512027
2025-08-28,-0.026165613861882108,3,0.83546877,0.851313
2025-09-01,0.5637079353084632,5,0.8392226,0.872841
2025-09-08,0.8866394135323415,10,0.88343287,1.1495798
2025-09-23,0.3575828661992708,21,0.8252978,1.0377367
2025-08-27,-0.4425743273387093,1,0.8359218,1.0112001
2025-08-29,-0.5744816120578837,3,0.8385099,0.85134166
2025-09-02,-2.314691170999559,5,0.8852947,0.86976683
2025-09-09,-0.37319583855862204,10,0.8724208,0.8640579
2025-09-24,0.23469829178398577,21,0.82333845,1.0480008
2025-08-28,-0.026165613861882108,1,0.83546877,1.0418891
2025-09-01,0.5637079353084632,3,0.8392226,0.7299066
2025-09-03,0.45652517342666027,5,0.88739276,0.69145435
2025-09-10,-0.36113017035186207,10,0.8712028,0.959427
2025-09-25,-0.5592212938052807,21,0.82236797,0.9560588
2025-08-29,-0.5744816120578837,1,0.8385099,0.79027414
2025-09-02,-2.314691170999559,3,0.8852947,0.6434781
2025-09-04,0.7411785726828213,5,0.8877099,0.76162696
2025-09-11,0.29871695487934613,10,0.85876447,0.9917629
2025-09-26,0.8657638499056634,21,0.82666564,0.8874318
2025-09-01,0.5637079353084632,1,0.8392226,1.2612265
2025-09-03,0.45652517342666027,3,0.88739276,0.8047317
2025-09-05,-0.731941000191114,5,0.8816615,0.7784354
2025-09-12,-0.023205869540965717,10,0.84378356,1.0524516
2025-09-29,0.023543851560374262,21,0.8115519,1.0631447
2025-09-02,-2.314691170999559,1,0.8852947,0.8980898
2025-09-04,0.7411785726828213,3,0.8877099,0.7780043
2025-09-08,0.8866394135323415,5,0.88343287,0.9232792
2025-09-15,0.2137500505618626,10,0.8426807,0.81015146
2025-09-30,0.5696936390096524,21,0.8117683,0.98911595
2025-09-03,0.45652517342666027,1,0.88739276,1.0985006
2025-09-05,-0.731941000191114,3,0.8816615,0.9187043
2025-09-09,-0.37319583855862204,5,0.8724208,0.87911403
2025-09-16,-1.7826983544726012,10,0.84963906,1.2387693
2025-10-01,0.9705322184976148,21,0.8006622,0.98784125
2025-09-04,0.7411785726828213,1,0.8877099,1.1340432
2025-09-08,0.8866394135323415,3,0.88343287,1.1778233
2025-09-10,-0.36113017035186207,5,0.8712028,1.2784926
2025-09-17,0.1282521759312154,10,0.8463478,1.0466743
2025-10-02,1.2730527233266697,21,0.8167017,1.0138649
2025-09-05,-0.731941000191114,1,0.8816615,1.2113916
2025-09-09,-0.37319583855862204,3,0.8724208,0.9722543
2025-09-11,0.29871695487934613,5,0.85876447,0.9892696
2025-09-18,1.3409715784568172,10,0.86019045,0.9279626
2025-10-03,-0.17933834697440795,21,0.8098634,1.1227207
2025-09-08,0.8866394135323415,1,0.88343287,1.3377393
2025-09-10,-0.36113017035186207,3,0.8712028,1.0294445
2025-09-12,-0.023205869540965717,5,0.84378356,1.0072675
2025-09-19,-0.14845158733563144,10,0.8340145,0.92090744
2025-10-06,-0.002099053703408504,21,0.808166,1.0436981
2025-09-09,-0.37319583855862204,1,0.8724208,1.0771858
2025-09-11,0.29871695487934613,3,0.85876447,0.8653856
2025-09-15,0.2137500505618626,5,0.8426807,0.81280553
2025-09-22,-0.476438491704228,10,0.8336407,1.1050384
2025-10-07,0.030720301590542193,21,0.8061819,1.004242
2025-09-10,-0.36113017035186207,1,0.8712028,1.1609485
2025-09-12,-0.023205869540965717,3,0.84378356,0.8193399
2025-09-16,-1.7826983544726012,5,0.84963906,0.8017084
2025-09-23,0.3575828661992708,10,0.8252978,0.9552487
2025-10-08,0.8629657709361379,21,0.81280303,0.92851084
2025-09-11,0.29871695487934613,1,0.85876447,0.95259404
2025-09-15,0.2137500505618626,3,0.8426807,0.7881735
2025-09-17,0.1282521759312154,5,0.8463478,0.9329392
2025-09-24,0.23469829178398577,10,0.82333845,0.91867274
2025-10-09,0.05738510703210306,21,0.79007685,1.1513275
2025-09-12,-0.023205869540965717,1,0.84378356,1.1052709
2025-09-16,-1.7826983544726012,3,0.84963906,0.7866804
2025-09-18,1.3409715784568172,5,0.86019045,0.87122387
2025-09-25,-0.5592212938052807,10,0.82236797,0.9537921
2025-10-10,-1.5139226390091873,21,0.8132841,1.011228
2025-09-15,0.2137500505618626,1,0.8426807,0.89798594
2025-09-17,0.1282521759312154,3,0.8463478,0.6990866
2025-09-19,-0.14845158733563144,5,0.8340145,0.6938231
2025-09-26,0.8657638499056634,10,0.82666564,0.8788481
2025-10-13,0.6023895879857175,21,0.81698585,1.0127283
2025-09-16,-1.7826983544726012,1,0.84963906,0.89843595
2025-09-18,1.3409715784568172,3,0.86019045,0.7368318
2025-09-22,-0.476438491704228,5,0.8336407,0.8256567
2025-09-29,0.023543851560374262,10,0.8115519,0.98170245
2025-10-14,-0.6210431918657053,21,0.8082969,0.9211299
2025-09-17,0.1282521759312154,1,0.8463478,0.9635727
2025-09-19,-0.14845158733563144,3,0.8340145,0.7330577
2025-09-23,0.3575828661992708,5,0.8252978,0.8095031
2025-09-30,0.5696936390096524,10,0.8117683,0.9751137
2025-10-15,-0.22954266067481474,21,0.8018084,1.0942247
2025-09-18,1.3409715784568172,1,0.86019045,1.104217
2025-09-22,-0.476438491704228,3,0.8336407,0.84001905
2025-09-24,0.23469829178398577,5,0.82333845,0.90905267
2025-10-01,0.9705322184976148,10,0.8006622,0.86487406
2025-10-16,0.37487615562445087,21,0.8027571,1.1505041
2025-09-19,-0.14845158733563144,1,0.8340145,0.9629633
2025-09-23,0.3575828661992708,3,0.8252978,0.8271555
2025-09-25,-0.5592212938052807,5,0.82236797,0.88527626
2025-10-02,1.2730527233266697,10,0.8167017,0.98599756
2025-10-17,-1.8344383639989095,21,0.8360354,0.95671815
2025-09-22,-0.476438491704228,1,0.8336407,1.017381
2025-09-24,0.23469829178398577,3,0.82333845,0.7935372
2025-09-26,0.8657638499056634,5,0.82666564,0.93804526
2025-10-03,-0.17933834697440795,10,0.8098634,1.0719459
2025-10-20,1.7792626004300716,21,0.8573834,0.98761487
2025-09-23,0.3575828661992708,1,0.8252978,1.0586023
2025-09-25,-0.5592212938052807,3,0.82236797,0.89566123
2025-09-29,0.023543851560374262,5,0.8115519,0.9704548
2025-10-06,-0.002099053703408504,10,0.808166,0.8388411
2025-10-21,0.2931890582000801,21,0.847993,0.9791031
2025-09-24,0.23469829178398577,1,0.82333845,0.86174417
2025-09-26,0.8657638499056634,3,0.82666564,0.7756672
2025-09-30,0.5696936390096524,5,0.8117683,0.87039936
2025-10-07,0.030720301590542193,10,0.8061819,0.7928037
2025-10-22,-0.7380155463410325,21,0.8530796,0.9661732
2025-09-25,-0.5592212938052807,1,0.82236797,1.0026284
2025-09-29,0.023543851560374262,3,0.8115519,0.72616386
2025-10-01,0.9705322184976148,5,0.8006622,0.7876817
2025-10-08,0.8629657709361379,10,0.81280303,0.9143857
2025-10-23,0.2343237985515984,21,0.8469945,1.1110517
2025-09-26,0.8657638499056634,1,0.82666564,1.0940057
2025-09-30,0.5696936390096524,3,0.8117683,0.8077981
2025-10-02,1.2730527233266697,5,0.8167017,0.7796311
2025-10-09,0.05738510703210306,10,0.79007685,0.9423863
2025-10-24,0.13252055580388689,21,0.76912636,1.0131814
2025-09-29,0.023543851560374262,1,0.8115519,0.70689535
2025-10-01,0.9705322184976148,3,0.8006622,0.60619193
2025-10-03,-0.17933834697440795,5,0.8098634,0.7678031
2025-10-10,-1.5139226390091873,10,0.8132841,0.87796205
2025-10-27,0.2837924014007188,21,0.7491461,0.97582114
2025-09-30,0.5696936390096524,1,0.8117683,0.8699708
2025-10-02,1.2730527233266697,3,0.8167017,0.6708263
2025-10-06,-0.002099053703408504,5,0.808166,0.7401184
2025-10-13,0.6023895879857175,10,0.81698585,1.018569
2025-10-28,-0.12409980804611272,21,0.74814206,0.8795203
2025-10-01,0.9705322184976148,1,0.8006622,0.68865836
2025-10-03,-0.17933834697440795,3,0.8098634,0.6224606
2025-10-07,0.030720301590542193,5,0.8061819,0.72754735
2025-10-14,-0.6210431918657053,10,0.8082969,0.811205
2025-10-29,-0.6380635518243274,21,0.7520063,0.84162307
2025-10-02,1.2730527233266697,1,0.8167017,0.73998004
2025-10-06,-0.002099053703408504,3,0.808166,0.6169921
2025-10-08,0.8629657709361379,5,0.81280303,0.6594579
2025-10-15,-0.22954266067481474,10,0.8018084,0.8749358
2025-10-30,-0.02205626234323096,21,0.7379948,1.0362735
2025-10-03,-0.17933834697440795,1,0.8098634,0.71821773
2025-10-07,0.030720301590542193,3,0.8061819,0.68103236
2025-10-09,0.05738510703210306,5,0.79007685,0.7723007
2025-10-16,0.37487615562445087,10,0.8027571,0.7752684
2025-10-31,-0.668052506000773,21,0.74281085,0.8079756
2025-10-06,-0.002099053703408504,1,0.808166,0.819748
2025-10-08,0.8629657709361379,3,0.81280303,0.6901927
2025-10-10,-1.5139226390091873,5,0.8132841,0.6649605
2025-10-17,-1.8344383639989095,10,0.8360354,0.8655832
2025-11-03,0.7240905044998491,21,0.747603,0.8367352
2025-10-07,0.030720301590542193,1,0.8061819,0.88033605
2025-10-09,0.05738510703210306,3,0.79007685,0.73838705
2025-10-13,0.6023895879857175,5,0.81698585,0.90816355
2025-10-20,1.7792626004300716,10,0.8573834,0.89009124
2025-11-04,-0.7624620479950994,21,0.75353235,0.89578235
2025-10-08,0.8629657709361379,1,0.81280303,0.7210421
2025-10-10,-1.5139226390091873,3,0.8132841,0.56505305
2025-10-14,-0.6210431918657053,5,0.8082969,0.59786993
2025-10-21,0.2931890582000801,10,0.847993,0.86670744
2025-11-05,0.4193059110072529,21,0.7504573,0.9520135
2025-10-09,0.05738510703210306,1,0.79007685,0.81528306
2025-10-13,0.6023895879857175,3,0.81698585,0.6705512
2025-10-15,-0.22954266067481474,5,0.8018084,0.75408214
2025-10-22,-0.7380155463410325,10,0.8530796,0.9891256
2025-11-06,-1.3214753262529835,21,0.76175123,0.92778945
2025-10-10,-1.5139226390091873,1,0.8132841,0.854316
2025-10-14,-0.6210431918657053,3,0.8082969,0.6799853
2025-10-16,0.37487615562445087,5,0.8027571,0.7513134
2025-10-23,0.2343237985515984,10,0.8469945,0.84661615
2025-11-07,-0.6936382516165417,21,0.766343,0.8805692
2025-10-13,0.6023895879857175,1,0.81698585,0.8796054
2025-10-15,-0.22954266067481474,3,0.8018084,0.74651796
2025-10-17,-1.8344383639989095,5,0.8360354,0.81394
2025-10-24,0.13252055580388689,10,0.76912636,0.8669256
2025-11-10,1.6412306017568754,21,0.79675835,0.9221458
2025-10-14,-0.6210431918657053,1,0.8082969,0.7729771
2025-10-16,0.37487615562445087,3,0.8027571,0.6891855
2025-10-20,1.7792626004300716,5,0.8573834,0.9545959
2025-10-27,0.2837924014007188,10,0.7491461,1.0020398
2025-11-11,0.533093907948526,21,0.79772455,0.96787816
2025-10-15,-0.22954266067481474,1,0.8018084,1.0587465
2025-10-17,-1.8344383639989095,3,0.8360354,0.7062431
2025-10-21,0.2931890582000801,5,0.847993,0.69149476
2025-10-28,-0.12409980804611272,10,0.74814206,0.9196584
2025-11-12,1.2106741116883601,21,0.8096866,0.98758334
2025-10-16,0.37487615562445087,1,0.8027571,1.0454395
2025-10-20,1.7792626004300716,3,0.8573834,0.78720295
2025-10-22,-0.7380155463410325,5,0.8530796,0.7557302
2025-10-29,-0.6380635518243274,10,0.7520063,0.8690355
2025-11-13,-1.4036586524749568,21,0.8298526,0.9887812
2025-10-17,-1.8344383639989095,1,0.8360354,0.85255665
2025-10-21,0.2931890582000801,3,0.847993,0.7093703
2025-10-23,0.2343237985515984,5,0.8469945,0.8261145
2025-10-30,-0.02205626234323096,10,0.7379948,0.9467014
2025-11-14,-0.6889620892599025,21,0.83334523,0.8979995
2025-10-20,1.7792626004300716,1,0.8573834,1.3117595
2025-10-22,-0.7380155463410325,3,0.8530796,0.9105043
2025-10-24,0.13252055580388689,5,0.76912636,1.0963297
2025-10-31,-0.668052506000773,10,0.74281085,0.9517706
2025-11-17,-1.205192190081831,21,0.8459395,1.1787047
2025-10-21,0.2931890582000801,1,0.847993,1.0522783
2025-10-23,0.2343237985515984,3,0.8469945,1.0332487
2025-10-27,0.2837924014007188,5,0.7491461,1.1296482
2025-11-03,0.7240905044998491,10,0.747603,0.90607476
2025-11-18,-1.7532244688982477,21,0.87238777,1.016554
2025-10-22,-0.7380155463410325,1,0.8530796,1.1263916
2025-10-24,0.13252055580388689,3,0.76912636,0.8517548
2025-10-28,-0.12409980804611272,5,0.74814206,0.8427294
2025-11-04,-0.7624620479950994,10,0.75353235,0.84255147
2025-11-19,-0.07599510241185665,21,0.871006,1.0408245
2025-10-23,0.2343237985515984,1,0.8469945,1.3106927
2025-10-27,0.2837924014007188,3,0.7491461,0.90392655
2025-10-29,-0.6380635518243274,5,0.7520063,0.9322107
2025-11-05,0.4193059110072529,10,0.7504573,1.0116608
2025-11-20,0.4992485405477528,21,0.87401223,1.1796207
2025-10-24,0.13252055580388689,1,0.76912636,0.99845695
2025-10-28,-0.12409980804611272,3,0.74814206,0.9537305
2025-10-30,-0.02205626234323096,5,0.7379948,0.98020643
2025-11-06,-1.3214753262529835,10,0.76175123,0.90221435
2025-11-21,-0.806463592533267,21,0.8768639,0.94063663
2025-10-27,0.2837924014007188,1,0.7491461,1.2117479
2025-10-29,-0.6380635518243274,3,0.7520063,0.7292723
2025-10-31,-0.668052506000773,5,0.74281085,0.6992293
2025-11-07,-0.6936382516165417,10,0.766343,0.9710359
2025-11-24,0.6359063608913116,21,0.87777984,1.3349456
2025-10-28,-0.12409980804611272,1,0.74814206,0.8414773
2025-10-30,-0.02205626234323096,3,0.7379948,0.7490256
2025-11-03,0.7240905044998491,5,0.747603,0.9664844
2025-11-10,1.6412306017568754,10,0.79675835,0.8893343
2025-11-25,0.9654583659999063,21,0.8358854,0.99245334
2025-10-29,-0.6380635518243274,1,0.7520063,0.6973985
2025-10-31,-0.668052506000773,3,0.74281085,0.69112825
2025-11-04,-0.7624620479950994,5,0.75353235,0.7312477
2025-11-11,0.533093907948526,10,0.79772455,0.965307
2025-11-26,1.1086577777904192,21,0.84612054,0.78825355
2025-10-30,-0.02205626234323096,1,0.7379948,1.0762578
2025-11-03,0.7240905044998491,3,0.747603,0.78152573
2025-11-05,0.4193059110072529,5,0.7504573,0.88014597
2025-11-12,1.2106741116883601,10,0.8096866,0.85354817
2025-11-27,0.1757699308821973,21,0.8409636,1.1713649
2025-10-31,-0.668052506000773,1,0.74281085,0.88794434
2025-11-04,-0.7624620479950994,3,0.75353235,0.8207865
2025-11-06,-1.3214753262529835,5,0.76175123,0.79739815
2025-11-13,-1.4036586524749568,10,0.8298526,0.9179606
2025-11-28,0.2891651482665416,21,0.8362224,0.8535063
2025-11-03,0.7240905044998491,1,0.747603,1.0540783
2025-11-05,0.4193059110072529,3,0.7504573,0.7571747
2025-11-07,-0.6936382516165417,5,0.766343,0.80760956
2025-11-14,-0.6889620892599025,10,0.83334523,1.081484
2025-12-01,-1.0431015068007223,21,0.8393068,1.135619
2025-11-04,-0.7624620479950994,1,0.75353235,0.98544186
2025-11-06,-1.3214753262529835,3,0.76175123,0.7224244
2025-11-10,1.6412306017568754,5,0.79675835,0.86721396
2025-11-17,-1.205192190081831,10,0.8459395,0.9212628
2025-12-02,0.5134013593271904,21,0.8407026,1.2247435
2025-11-05,0.4193059110072529,1,0.7504573,0.9286101
2025-11-07,-0.6936382516165417,3,0.766343,0.8519675
2025-11-11,0.533093907948526,5,0.79772455,0.8367543
2025-11-18,-1.7532244688982477,10,0.87238777,1.0122807
2025-12-03,-0.07234930360078518,21,0.83942884,0.7753628
2025-11-06,-1.3214753262529835,1,0.76175123,0.8896188
2025-11-10,1.6412306017568754,3,0.79675835,0.81912875
2025-11-12,1.2106741116883601,5,0.8096866,1.0772557
2025-11-19,-0.07599510241185665,10,0.871006,1.1426505
2025-12-04,0.7916612205380837,21,0.8447548,1.1017768
2025-11-07,-0.6936382516165417,1,0.766343,1.5181298
2025-11-11,0.533093907948526,3,0.79772455,1.0305576
2025-11-13,-1.4036586524749568,5,0.8298526,0.9887594
2025-11-20,0.4992485405477528,10,0.87401223,1.1119466
2025-12-05,0.609940567280694,21,0.84824866,1.2892193
2025-11-10,1.6412306017568754,1,0.79675835,1.2313948
2025-11-12,1.2106741116883601,3,0.8096866,1.1581262
2025-11-14,-0.6889620892599025,5,0.83334523,1.0684862
2025-11-21,-0.806463592533267,10,0.8768639,1.1399462
2025-12-08,0.07433991574575148,21,0.84790826,1.0326707
2025-11-11,0.533093907948526,1,0.79772455,1.5395042
2025-11-13,-1.4036586524749568,3,0.8298526,1.05877
2025-11-17,-1.205192190081831,5,0.8459395,1.0402045
2025-11-24,0.6359063608913116,10,0.87777984,1.2950197
2025-12-09,0.48389999732759814,21,0.81609374,1.314584
2025-11-12,1.2106741116883601,1,0.8096866,1.2763567
2025-11-14,-0.6889620892599025,3,0.83334523,0.938589
2025-11-18,-1.7532244688982477,5,0.87238777,1.0118102
2025-11-25,0.9654583659999063,10,0.8358854,1.0476937
2025-12-10,-0.13463612208837625,21,0.8164186,1.1228049
2025-11-13,-1.4036586524749568,1,0.8298526,0.90846366
2025-11-17,-1.205192190081831,3,0.8459395,0.7946443
2025-11-19,-0.07599510241185665,5,0.871006,1.0054207
2025-11-26,1.1086577777904192,10,0.84612054,0.9667016
2025-12-11,0.6792781889744524,21,0.80310154,1.128372
2025-11-14,-0.6889620892599025,1,0.83334523,1.2661086
2025-11-18,-1.7532244688982477,3,0.87238777,1.0784879
2025-11-20,0.4992485405477528,5,0.87401223,1.035795
2025-11-27,0.1757699308821973,10,0.8409636,1.1748122
2025-12-12,-0.4460266814879258,21,0.80522054,1.167572
2025-11-17,-1.205192190081831,1,0.8459395,1.3737868
2025-11-19,-0.07599510241185665,3,0.871006,1.1957688
2025-11-21,-0.806463592533267,5,0.8768639,1.0447767
2025-11-28,0.2891651482665416,10,0.8362224,1.1944813
2025-12-15,0.17936043640131966,21,0.8025639,1.1243258
2025-11-18,-1.7532244688982477,1,0.87238777,1.6956773
2025-11-20,0.4992485405477528,3,0.87401223,1.3612677
2025-11-24,0.6359063608913116,5,0.87777984,1.1937213
2025-12-01,-1.0431015068007223,10,0.8393068,1.5937907
2025-12-16,-0.6336233956172952,21,0.8062985,1.1697152
2025-11-19,-0.07599510241185665,1,0.871006,2.033546
2025-11-21,-0.806463592533267,3,0.8768639,1.4957879
2025-11-25,0.9654583659999063,5,0.8358854,1.4702501
2025-12-02,0.5134013593271904,10,0.8407026,1.4140369
2025-12-17,-0.4841202113467079,21,0.8085809,1.5277654
2025-11-20,0.4992485405477528,1,0.87401223,1.7349094
2025-11-24,0.6359063608913116,3,0.87777984,1.37992
2025-11-26,1.1086577777904192,5,0.84612054,1.3244976
2025-12-03,-0.07234930360078518,10,0.83942884,1.415659
2025-12-18,0.9921580995265987,21,0.8145095,1.2920111
2025-11-21,-0.806463592533267,1,0.8768639,1.4215441
2025-11-25,0.9654583659999063,3,0.8358854,1.417054
2025-11-27,0.1757699308821973,5,0.8409636,1.6846349
2025-12-04,0.7916612205380837,10,0.8447548,1.337879
2025-12-19,0.36669144064234016,21,0.80852675,1.3173529
2025-11-24,0.6359063608913116,1,0.87777984,1.7899985
2025-11-26,1.1086577777904192,3,0.84612054,1.4404447
2025-11-28,0.2891651482665416,5,0.8362224,1.4780085
2025-12-05,0.609940567280694,10,0.84824866,1.4411848
2025-12-22,-0.01823953582060772,21,0.8085575,1.4130222
2025-11-25,0.9654583659999063,1,0.8358854,1.4474896
2025-11-27,0.1757699308821973,3,0.8409636,1.4533092
2025-12-01,-1.0431015068007223,5,0.8393068,1.4885248
2025-12-08,0.07433991574575148,10,0.84790826,1.4085335
2025-12-23,0.2307084262118745,21,0.80595523,1.1033281
2025-11-26,1.1086577777904192,1,0.84612054,1.2213986
2025-11-28,0.2891651482665416,3,0.8362224,1.3061031
2025-12-02,0.5134013593271904,5,0.8407026,1.3678181
2025-12-09,0.48389999732759814,10,0.81609374,1.5751987
2025-12-29,0.04542339705513008,21,0.7964847,1.2377547
2025-11-27,0.1757699308821973,1,0.8409636,1.852042
2025-12-01,-1.0431015068007223,3,0.8393068,1.2964562
2025-12-03,-0.07234930360078518,5,0.83942884,1.3834368
2025-12-10,-0.13463612208837625,10,0.8164186,1.395083
2025-12-30,0.5703809658082111,21,0.7827406,1.4590864
