time,log_return,horizon,true_volatility,predict_volatility
2022-05-25,0.9651290477216394,1,1.68365,1.0019081
2022-05-27,1.409632841538161,3,1.6508548,1.0164855
2022-05-31,-0.7049992506485453,5,1.5020903,1.0849645
2022-06-07,-0.5488831517799396,10,1.2933128,0.926895
2022-06-22,-1.155340193915231,21,1.3663042,1.0044262
2022-05-26,1.5051730500519718,1,1.6473972,0.95327884
2022-05-30,0.7090237356156469,3,1.6277187,1.0354245
2022-06-01,-1.0843986753361448,5,1.5053912,1.1376529
2022-06-08,-0.2796100176674471,10,1.2918346,0.9133834
2022-06-23,-0.6280903875286503,21,1.3294605,1.0027655
2022-05-27,1.409632841538161,1,1.6508548,0.9564362
2022-05-31,-0.7049992506485453,3,1.5020903,1.0502988
2022-06-02,0.6892273101782521,5,1.5048915,1.1064391
2022-06-09,-1.3501752667431384,10,1.3040656,0.981496
2022-06-24,2.9800089727855408,21,1.392514,1.001123
2022-05-30,0.7090237356156469,1,1.6277187,0.9773683
2022-06-01,-1.0843986753361448,3,1.5053912,1.0016953
2022-06-03,-0.1884572545591566,5,1.323285,1.0376298
2022-06-10,-2.6521037922214394,10,1.2501041,0.9536778
2022-06-27,0.5856632994057743,21,1.3874916,0.9531926
2022-05-31,-0.7049992506485453,1,1.5020903,0.9405651
2022-06-02,0.6892273101782521,3,1.5048915,0.9897517
2022-06-06,1.1590693109763395,5,1.2942034,1.0045898
2022-06-13,-2.915280736695357,10,1.2993237,0.9851045
2022-06-28,0.7093836572419077,21,1.3901125,0.963704
2022-06-01,-1.0843986753361448,1,1.5053912,0.93870467
2022-06-03,-0.1884572545591566,3,1.323285,1.0065203
2022-06-07,-0.5488831517799396,5,1.2933128,1.0323144
2022-06-14,-0.8545204967964579,10,1.2950114,0.95357937
2022-06-29,-0.6372744601951091,21,1.3829743,0.9660429
2022-06-02,0.6892273101782521,1,1.5048915,1.0230788
2022-06-06,1.1590693109763395,3,1.2942034,1.0357158
2022-06-08,-0.2796100176674471,5,1.2918346,1.1276822
2022-06-15,1.4330676418973403,10,1.3112712,1.0012815
2022-06-30,-1.673556127884692,21,1.39344,1.0440252
2022-06-03,-0.1884572545591566,1,1.323285,1.0281947
2022-06-07,-0.5488831517799396,3,1.2933128,0.9847504
2022-06-09,-1.3501752667431384,5,1.3040656,1.0177476
2022-06-16,-3.105782748493119,10,1.356096,1.0289371
2022-07-01,0.04623793424987224,21,1.3667573,1.0056506
2022-06-06,1.1590693109763395,1,1.2942034,1.0445127
2022-06-08,-0.2796100176674471,3,1.2918346,0.94645214
2022-06-10,-2.6521037922214394,5,1.2501041,1.069542
2022-06-17,0.03280796287548526,10,1.3514988,0.9222387
2022-07-04,0.6572279349328932,21,1.3688926,1.0012417
2022-06-07,-0.5488831517799396,1,1.2933128,0.94990563
2022-06-09,-1.3501752667431384,3,1.3040656,1.0246494
2022-06-13,-2.915280736695357,5,1.2993237,1.1000385
2022-06-20,0.8149615773877534,10,1.3576834,0.9183212
2022-07-05,-2.6365486798204265,21,1.3914365,0.99455154
2022-06-08,-0.2796100176674471,1,1.2918346,0.8801481
2022-06-10,-2.6521037922214394,3,1.2501041,1.0337127
2022-06-14,-0.8545204967964579,5,1.2950114,1.0697227
2022-06-21,0.5891911306102585,10,1.3606216,0.90567005
2022-07-06,1.678828725524229,21,1.4110653,0.92054975
2022-06-09,-1.3501752667431384,1,1.3040656,1.0046976
2022-06-13,-2.915280736695357,3,1.2993237,0.9894525
2022-06-15,1.4330676418973403,5,1.3112712,1.0508364
2022-06-22,-1.155340193915231,10,1.3663042,0.9998699
2022-07-07,2.1994691697694515,21,1.4430696,0.9675386
2022-06-10,-2.6521037922214394,1,1.2501041,1.0043086
2022-06-14,-0.8545204967964579,3,1.2950114,1.0213625
2022-06-16,-3.105782748493119,5,1.356096,1.0708952
2022-06-23,-0.6280903875286503,10,1.3294605,0.94383645
2022-07-08,0.516426460261445,21,1.4444621,0.97028637
2022-06-13,-2.915280736695357,1,1.2993237,0.95545226
2022-06-15,1.4330676418973403,3,1.3112712,1.0822619
2022-06-17,0.03280796287548526,5,1.3514988,1.0836549
2022-06-24,2.9800089727855408,10,1.392514,1.039818
2022-07-11,-0.5806324695811665,21,1.442923,1.0046506
2022-06-14,-0.8545204967964579,1,1.2950114,1.0442615
2022-06-16,-3.105782748493119,3,1.356096,1.1009088
2022-06-20,0.8149615773877534,5,1.3576834,1.0700803
2022-06-27,0.5856632994057743,10,1.3874916,1.0949678
2022-07-12,0.4067964451655381,21,1.4436301,1.0087835
2022-06-15,1.4330676418973403,1,1.3112712,1.0473232
2022-06-17,0.03280796287548526,3,1.3514988,1.0697237
2022-06-21,0.5891911306102585,5,1.3606216,1.0616822
2022-06-28,0.7093836572419077,10,1.3901125,1.08937
2022-07-13,-0.660599335509508,21,1.4321393,1.0041668
2022-06-16,-3.105782748493119,1,1.356096,1.0670046
2022-06-20,0.8149615773877534,3,1.3576834,1.0362141
2022-06-22,-1.155340193915231,5,1.3663042,1.0877229
2022-06-29,-0.6372744601951091,10,1.3829743,1.0746118
2022-07-14,-1.3692449801208644,21,1.435819,1.0621331
2022-06-17,0.03280796287548526,1,1.3514988,1.0956662
2022-06-21,0.5891911306102585,3,1.3606216,1.0519792
2022-06-23,-0.6280903875286503,5,1.3294605,1.1196816
2022-06-30,-1.673556127884692,10,1.39344,1.0650916
2022-07-15,1.7274686442786937,21,1.4387524,1.0986145
2022-06-20,0.8149615773877534,1,1.3576834,1.0413418
2022-06-22,-1.155340193915231,3,1.3663042,1.053854
2022-06-24,2.9800089727855408,5,1.392514,1.1011623
2022-07-01,0.04623793424987224,10,1.3667573,1.0234745
2022-07-18,1.3341348961720554,21,1.4231883,1.054606
2022-06-21,0.5891911306102585,1,1.3606216,0.97831
2022-06-23,-0.6280903875286503,3,1.3294605,1.0391059
2022-06-27,0.5856632994057743,5,1.3874916,1.051074
2022-07-04,0.6572279349328932,10,1.3688926,1.0181825
2022-07-19,1.562858969638146,21,1.4363278,0.95317835
2022-06-22,-1.155340193915231,1,1.3663042,1.002779
2022-06-24,2.9800089727855408,3,1.392514,1.0136244
2022-06-28,0.7093836572419077,5,1.3901125,1.0544624
2022-07-05,-2.6365486798204265,10,1.3914365,0.9982627
2022-07-20,0.1718762748184909,21,1.4353843,0.9591338
2022-06-23,-0.6280903875286503,1,1.3294605,0.9736488
2022-06-27,0.5856632994057743,3,1.3874916,1.0257593
2022-06-29,-0.6372744601951091,5,1.3829743,1.0475733
2022-07-06,1.678828725524229,10,1.4110653,1.0075734
2022-07-21,0.2940776578525328,21,1.4316527,0.95967686
2022-06-24,2.9800089727855408,1,1.392514,1.0310901
2022-06-28,0.7093836572419077,3,1.3901125,1.0316442
2022-06-30,-1.673556127884692,5,1.39344,1.0800667
2022-07-07,2.1994691697694515,10,1.4430696,1.0202127
2022-07-22,0.20575373834933486,21,1.4291618,1.0079556
2022-06-27,0.5856632994057743,1,1.3874916,1.0438764
2022-06-29,-0.6372744601951091,3,1.3829743,1.0623635
2022-07-01,0.04623793424987224,5,1.3667573,1.131438
2022-07-08,0.516426460261445,10,1.4444621,1.035775
2022-07-25,0.34692070870785263,21,1.4102831,1.0479506
2022-06-28,0.7093836572419077,1,1.3901125,0.96096605
2022-06-30,-1.673556127884692,3,1.39344,0.9938967
2022-07-04,0.6572279349328932,5,1.3688926,1.0082632
2022-07-11,-0.5806324695811665,10,1.442923,1.0207354
2022-07-26,-0.17784222840382075,21,1.4017738,0.95143104
2022-06-29,-0.6372744601951091,1,1.3829743,1.029704
2022-07-01,0.04623793424987224,3,1.3667573,0.9829842
2022-07-05,-2.6365486798204265,5,1.3914365,1.0440036
2022-07-12,0.4067964451655381,10,1.4436301,1.0108252
2022-07-27,0.9203651248978232,21,1.4020885,1.0171211
2022-06-30,-1.673556127884692,1,1.39344,0.95138437
2022-07-04,0.6572279349328932,3,1.3688926,1.0239624
2022-07-06,1.678828725524229,5,1.4110653,1.0608115
2022-07-13,-0.660599335509508,10,1.4321393,0.94098186
2022-07-28,1.2076696519342722,21,1.4090368,0.97486293
2022-07-01,0.04623793424987224,1,1.3667573,0.99869835
2022-07-05,-2.6365486798204265,3,1.3914365,1.0465758
2022-07-07,2.1994691697694515,5,1.4430696,1.1154158
2022-07-14,-1.3692449801208644,10,1.435819,0.9961257
2022-07-29,1.2482474789475835,21,1.4000137,1.0135045
2022-07-04,0.6572279349328932,1,1.3688926,1.0576463
2022-07-06,1.678828725524229,3,1.4110653,0.9891404
2022-07-08,0.516426460261445,5,1.4444621,1.0590489
2022-07-15,1.7274686442786937,10,1.4387524,0.9991053
2022-08-01,-0.24569056958216423,21,1.3382765,1.0313377
2022-07-05,-2.6365486798204265,1,1.3914365,0.99831676
2022-07-07,2.1994691697694515,3,1.4430696,1.0129696
2022-07-11,-0.5806324695811665,5,1.442923,1.0763342
2022-07-18,1.3341348961720554,10,1.4231883,0.9532019
2022-08-02,-0.3776880724993084,21,1.3389549,0.9951753
2022-07-06,1.678828725524229,1,1.4110653,0.94214064
2022-07-08,0.516426460261445,3,1.4444621,1.0836351
2022-07-12,0.4067964451655381,5,1.4436301,1.1325676
2022-07-19,1.562858969638146,10,1.4363278,0.97334933
2022-08-03,1.1081991752573221,21,1.3155438,1.0497127
2022-07-07,2.1994691697694515,1,1.4430696,0.9749052
2022-07-11,-0.5806324695811665,3,1.442923,1.069784
2022-07-13,-0.660599335509508,5,1.4321393,1.1130878
2022-07-20,0.1718762748184909,10,1.4353843,0.9776293
2022-08-04,0.06103191683025856,21,1.3063769,0.9953573
2022-07-08,0.516426460261445,1,1.4444621,1.0058451
2022-07-12,0.4067964451655381,3,1.4436301,0.97751224
2022-07-14,-1.3692449801208644,5,1.435819,1.0059407
2022-07-21,0.2940776578525328,10,1.4316527,0.99992025
2022-08-05,-0.6462892789063435,21,1.2741908,0.94668984
2022-07-11,-0.5806324695811665,1,1.442923,0.98101604
2022-07-13,-0.660599335509508,3,1.4321393,0.98593193
2022-07-15,1.7274686442786937,5,1.4387524,1.0412178
2022-07-22,0.20575373834933486,10,1.4291618,0.9384233
2022-08-08,0.7674500613965688,21,1.2772757,0.9627927
2022-07-12,0.4067964451655381,1,1.4436301,0.9594372
2022-07-14,-1.3692449801208644,3,1.435819,1.0575972
2022-07-18,1.3341348961720554,5,1.4231883,1.0973132
2022-07-25,0.34692070870785263,10,1.4102831,1.0106274
2022-08-09,-0.7012779557056583,21,1.2703773,0.9941195
2022-07-13,-0.660599335509508,1,1.4321393,0.9807434
2022-07-15,1.7274686442786937,3,1.4387524,1.018147
2022-07-19,1.562858969638146,5,1.4363278,1.0600617
2022-07-26,-0.17784222840382075,10,1.4017738,1.0045907
2022-08-10,0.5912098845231633,21,1.2648991,0.9910399
2022-07-14,-1.3692449801208644,1,1.435819,0.9754199
2022-07-18,1.3341348961720554,3,1.4231883,0.9873527
2022-07-20,0.1718762748184909,5,1.4353843,1.021104
2022-07-27,0.9203651248978232,10,1.4020885,0.9972557
2022-08-11,0.48844199064510296,21,1.248524,0.93224275
2022-07-15,1.7274686442786937,1,1.4387524,0.9968269
2022-07-19,1.562858969638146,3,1.4363278,1.0316378
2022-07-21,0.2940776578525328,5,1.4316527,1.0883944
2022-07-28,1.2076696519342722,10,1.4090368,1.0418825
2022-08-12,0.059902896046891016,21,1.2479606,1.0153508
2022-07-18,1.3341348961720554,1,1.4231883,0.97731423
2022-07-20,0.1718762748184909,3,1.4353843,0.9812468
2022-07-22,0.20575373834933486,5,1.4291618,1.0219325
2022-07-29,1.2482474789475835,10,1.4000137,0.9889922
2022-08-15,0.23768122568878702,21,1.2392248,0.9503858
2022-07-19,1.562858969638146,1,1.4363278,0.9446162
2022-07-21,0.2940776578525328,3,1.4316527,1.0124769
2022-07-25,0.34692070870785263,5,1.4102831,1.0581654
2022-08-01,-0.24569056958216423,10,1.3382765,0.9597086
2022-08-16,0.3491993551155924,21,1.2180485,0.9545548
2022-07-20,0.1718762748184909,1,1.4353843,0.93015116
2022-07-22,0.20575373834933486,3,1.4291618,0.9526465
2022-07-26,-0.17784222840382075,5,1.4017738,0.9726399
2022-08-02,-0.3776880724993084,10,1.3389549,0.9234554
2022-08-17,-0.8369763707797965,21,1.2188214,0.8679721
2022-07-21,0.2940776578525328,1,1.4316527,0.93723553
2022-07-25,0.34692070870785263,3,1.4102831,0.95882034
2022-07-27,0.9203651248978232,5,1.4020885,1.010534
2022-08-03,1.1081991752573221,10,1.3155438,0.89854836
2022-08-18,0.4272298086184518,21,1.2053261,0.91482043
2022-07-22,0.20575373834933486,1,1.4291618,0.9311566
2022-07-26,-0.17784222840382075,3,1.4017738,0.98573345
2022-07-28,1.2076696519342722,5,1.4090368,1.0068781
2022-08-04,0.06103191683025856,10,1.3063769,0.941068
2022-08-19,-0.8134620753133521,21,1.197338,0.9339192
2022-07-25,0.34692070870785263,1,1.4102831,0.9221275
2022-07-27,0.9203651248978232,3,1.4020885,0.9946789
2022-07-29,1.2482474789475835,5,1.4000137,1.0568337
2022-08-05,-0.6462892789063435,10,1.2741908,0.94796634
2022-08-22,-1.4119272097881774,21,1.2080579,0.9625058
2022-07-26,-0.17784222840382075,1,1.4017738,0.9959544
2022-07-28,1.2076696519342722,3,1.4090368,0.97802895
2022-08-01,-0.24569056958216423,5,1.3382765,1.028737
2022-08-08,0.7674500613965688,10,1.2772757,1.0162101
2022-08-23,0.15189082855751607,21,1.2047687,0.96836215
2022-07-27,0.9203651248978232,1,1.4020885,0.9875251
2022-07-29,1.2482474789475835,3,1.4000137,0.9499741
2022-08-02,-0.3776880724993084,5,1.3389549,1.0304503
2022-08-09,-0.7012779557056583,10,1.2703773,0.92566097
2022-08-24,0.46308619390948896,21,1.1976207,0.97372127
2022-07-28,1.2076696519342722,1,1.4090368,0.9162133
2022-08-01,-0.24569056958216423,3,1.3382765,0.9182939
2022-08-03,1.1081991752573221,5,1.3155438,1.0086263
2022-08-10,0.5912098845231633,10,1.2648991,0.8645338
2022-08-25,0.2458926018208599,21,1.1948465,0.92756045
2022-07-29,1.2482474789475835,1,1.4000137,0.92974913
2022-08-02,-0.3776880724993084,3,1.3389549,0.9519191
2022-08-04,0.06103191683025856,5,1.3063769,1.0120454
2022-08-11,0.48844199064510296,10,1.248524,0.89058226
2022-08-26,-1.537125853110911,21,1.2114472,0.92295945
2022-08-01,-0.24569056958216423,1,1.3382765,0.9248648
2022-08-03,1.1081991752573221,3,1.3155438,0.9191121
2022-08-05,-0.6462892789063435,5,1.2741908,1.030002
2022-08-12,0.059902896046891016,10,1.2479606,0.80569553
2022-08-29,-0.9617023383092375,21,1.2079818,0.9014321
2022-08-02,-0.3776880724993084,1,1.3389549,0.9179143
2022-08-04,0.06103191683025856,3,1.3063769,0.9219766
2022-08-08,0.7674500613965688,5,1.2772757,1.0058007
2022-08-15,0.23768122568878702,10,1.2392248,0.8041522
2022-08-30,-0.8613063078471819,21,1.2109015,0.9203931
2022-08-03,1.1081991752573221,1,1.3155438,0.93019116
2022-08-05,-0.6462892789063435,3,1.2741908,0.9658643
2022-08-09,-0.7012779557056583,5,1.2703773,1.0169181
2022-08-16,0.3491993551155924,10,1.2180485,0.9185878
2022-08-31,-1.3616044579126436,21,1.2225189,0.9623721
2022-08-04,0.06103191683025856,1,1.3063769,0.9256347
2022-08-08,0.7674500613965688,3,1.2772757,0.99365556
2022-08-10,0.5912098845231633,5,1.2648991,1.0745732
2022-08-17,-0.8369763707797965,10,1.2188214,0.90932506
2022-09-01,-1.6613315912624878,21,1.2287338,1.0037854
2022-08-05,-0.6462892789063435,1,1.2741908,0.91510355
2022-08-09,-0.7012779557056583,3,1.2703773,0.98988473
2022-08-11,0.48844199064510296,5,1.248524,1.0370287
2022-08-18,0.4272298086184518,10,1.2053261,0.9215629
2022-09-02,1.88177256229396,21,1.2060789,0.9362546
2022-08-08,0.7674500613965688,1,1.2772757,0.9803823
2022-08-10,0.5912098845231633,3,1.2648991,0.97283995
2022-08-12,0.059902896046891016,5,1.2479606,1.0489135
2022-08-19,-0.8134620753133521,10,1.197338,0.97513866
2022-09-05,-0.615777856874269,21,1.1465656,0.99927145
2022-08-09,-0.7012779557056583,1,1.2703773,0.98796475
2022-08-11,0.48844199064510296,3,1.248524,0.94218117
2022-08-15,0.23768122568878702,5,1.2392248,1.0326295
2022-08-22,-1.4119272097881774,10,1.2080579,0.9360373
2022-09-06,-0.26723378677343324,21,1.1412085,0.9787098
2022-08-10,0.5912098845231633,1,1.2648991,0.9989648
2022-08-12,0.059902896046891016,3,1.2479606,0.95800424
2022-08-16,0.3491993551155924,5,1.2180485,1.0780969
2022-08-23,0.15189082855751607,10,1.2047687,0.88486576
2022-09-07,-0.43684026998603787,21,1.128528,1.0044892
2022-08-11,0.48844199064510296,1,1.248524,0.96996665
2022-08-15,0.23768122568878702,3,1.2392248,1.0020646
2022-08-17,-0.8369763707797965,5,1.2188214,1.0713838
2022-08-24,0.46308619390948896,10,1.1976207,0.9007516
2022-09-08,0.4040170982155225,21,1.0516584,0.94831026
2022-08-12,0.059902896046891016,1,1.2479606,0.9796562
2022-08-16,0.3491993551155924,3,1.2180485,0.9581909
2022-08-18,0.4272298086184518,5,1.2053261,1.0187157
2022-08-25,0.2458926018208599,10,1.1948465,0.962689
2022-09-09,1.453206652989498,21,1.0663035,0.9508531
2022-08-15,0.23768122568878702,1,1.2392248,0.9833705
2022-08-17,-0.8369763707797965,3,1.2188214,0.9857285
2022-08-19,-0.8134620753133521,5,1.197338,1.059139
2022-08-26,-1.537125853110911,10,1.2114472,0.9461135
2022-09-12,1.6790664172041496,21,1.0817016,0.9944032
2022-08-16,0.3491993551155924,1,1.2180485,0.92683184
2022-08-18,0.4272298086184518,3,1.2053261,1.0201681
2022-08-22,-1.4119272097881774,5,1.2080579,1.0415694
2022-08-29,-0.9617023383092375,10,1.2079818,0.9494202
2022-09-13,-1.4958896169996085,21,1.099878,0.9284828
2022-08-17,-0.8369763707797965,1,1.2188214,1.0121894
2022-08-19,-0.8134620753133521,3,1.197338,1.0093391
2022-08-23,0.15189082855751607,5,1.2047687,1.0476047
2022-08-30,-0.8613063078471819,10,1.2109015,1.0602874
2022-09-14,-0.38996431882100646,21,1.0895765,0.9889097
2022-08-18,0.4272298086184518,1,1.2053261,1.0334778
2022-08-22,-1.4119272097881774,3,1.2080579,0.98201835
2022-08-24,0.46308619390948896,5,1.1976207,1.021854
2022-08-31,-1.3616044579126436,10,1.2225189,1.0289747
2022-09-15,-0.9740607982095457,21,1.0944161,0.94274557
2022-08-19,-0.8134620753133521,1,1.197338,0.9593644
2022-08-23,0.15189082855751607,3,1.2047687,0.9715357
2022-08-25,0.2458926018208599,5,1.1948465,0.9909431
2022-09-01,-1.6613315912624878,10,1.2287338,0.9726878
2022-09-16,-1.3828883580861222,21,1.0433857,0.91071266
2022-08-22,-1.4119272097881774,1,1.2080579,1.00916
2022-08-24,0.46308619390948896,3,1.1976207,0.9776355
2022-08-26,-1.537125853110911,5,1.2114472,1.008176
2022-09-02,1.88177256229396,10,1.2060789,1.005287
2022-09-19,-0.05959881659911142,21,1.0408267,0.9703239
2022-08-23,0.15189082855751607,1,1.2047687,1.0486571
2022-08-25,0.2458926018208599,3,1.1948465,1.0069683
2022-08-29,-0.9617023383092375,5,1.2079818,1.0680046
2022-09-05,-0.615777856874269,10,1.1465656,0.9943938
2022-09-20,-1.119368336056744,21,1.0468713,0.98561543
2022-08-24,0.46308619390948896,1,1.1976207,1.0078086
2022-08-26,-1.537125853110911,3,1.2114472,1.0498079
2022-08-30,-0.8613063078471819,5,1.2109015,1.1018109
2022-09-06,-0.26723378677343324,10,1.1412085,1.0436411
2022-09-21,0.9079319396894912,21,1.0503459,1.0302614
2022-08-25,0.2458926018208599,1,1.1948465,1.0090516
2022-08-29,-0.9617023383092375,3,1.2079818,0.99834025
2022-08-31,-1.3616044579126436,5,1.2225189,1.0358921
2022-09-07,-0.43684026998603787,10,1.128528,1.0032398
2022-09-22,-1.7346974073266315,21,1.0520344,1.0106211
2022-08-26,-1.537125853110911,1,1.2114472,1.0005761
2022-08-30,-0.8613063078471819,3,1.2109015,1.0136318
2022-09-01,-1.6613315912624878,5,1.2287338,1.1088587
2022-09-08,0.4040170982155225,10,1.0516584,0.97675693
2022-09-23,-2.795007904179601,21,1.1124947,1.0089283
2022-08-29,-0.9617023383092375,1,1.2079818,0.96138597
2022-08-31,-1.3616044579126436,3,1.2225189,1.0747496
2022-09-02,1.88177256229396,5,1.2060789,1.0905309
2022-09-09,1.453206652989498,10,1.0663035,1.0163741
2022-09-26,-0.06253070908115137,21,1.1087312,0.97638226
2022-08-30,-0.8613063078471819,1,1.2109015,1.0637352
2022-09-01,-1.6613315912624878,3,1.2287338,1.0560442
2022-09-05,-0.615777856874269,5,1.1465656,1.1004689
2022-09-12,1.6790664172041496,10,1.0817016,1.0450141
2022-09-27,0.06253070908114888,21,1.0555402,1.0378338
2022-08-31,-1.3616044579126436,1,1.2225189,1.075188
2022-09-02,1.88177256229396,3,1.2060789,1.0274979
2022-09-06,-0.26723378677343324,5,1.1412085,1.092679
2022-09-13,-1.4958896169996085,10,1.099878,1.0276293
2022-09-28,-0.04466080195710241,21,1.0320956,1.0362858
2022-09-01,-1.6613315912624878,1,1.2287338,1.0634155
2022-09-05,-0.615777856874269,3,1.1465656,1.0730981
2022-09-07,-0.43684026998603787,5,1.128528,1.1388904
2022-09-14,-0.38996431882100646,10,1.0895765,1.0053397
2022-09-29,-1.627575299022551,21,1.0096753,1.0488802
2022-09-02,1.88177256229396,1,1.2060789,1.0738817
2022-09-06,-0.26723378677343324,3,1.1412085,1.1387569
2022-09-08,0.4040170982155225,5,1.0516584,1.1597369
2022-09-15,-0.9740607982095457,10,1.0944161,1.1231512
2022-09-30,1.1511451099705685,21,1.0195078,1.104914
2022-09-05,-0.615777856874269,1,1.1465656,1.0842118
2022-09-07,-0.43684026998603787,3,1.128528,1.1104722
2022-09-09,1.453206652989498,5,1.0663035,1.1164068
2022-09-16,-1.3828883580861222,10,1.0433857,1.14971
2022-10-03,0.9221431751011819,21,1.0256467,1.0754532
2022-09-06,-0.26723378677343324,1,1.1412085,1.0639288
2022-09-08,0.4040170982155225,3,1.0516584,1.0669757
2022-09-12,1.6790664172041496,5,1.0817016,1.1199199
2022-09-19,-0.05959881659911142,10,1.0408267,1.097738
2022-10-04,3.773835144240557,21,1.1377795,1.0698818
2022-09-07,-0.43684026998603787,1,1.128528,1.0805737
2022-09-09,1.453206652989498,3,1.0663035,1.1042621
2022-09-13,-1.4958896169996085,5,1.099878,1.1379731
2022-09-20,-1.119368336056744,10,1.0468713,1.0679787
2022-10-05,-0.9189532918759942,21,1.1407796,1.074354
2022-09-08,0.4040170982155225,1,1.0516584,1.0501902
2022-09-12,1.6790664172041496,3,1.0817016,1.0874202
2022-09-14,-0.38996431882100646,5,1.0895765,1.0772905
2022-09-21,0.9079319396894912,10,1.0503459,1.0974268
2022-10-06,-0.6008367339908169,21,1.1295351,1.0078557
2022-09-09,1.453206652989498,1,1.0663035,1.0606884
2022-09-13,-1.4958896169996085,3,1.099878,1.0601861
2022-09-15,-0.9740607982095457,5,1.0944161,1.0711627
2022-09-22,-1.7346974073266315,10,1.0520344,1.1037076
2022-10-07,-1.4646757454429844,21,1.1220108,1.0112782
2022-09-12,1.6790664172041496,1,1.0817016,1.0394826
2022-09-14,-0.38996431882100646,3,1.0895765,1.050984
2022-09-16,-1.3828883580861222,5,1.0433857,1.0709796
2022-09-23,-2.795007904179601,10,1.1124947,1.0403886
2022-10-10,-0.6382783785385758,21,1.1095427,0.9964961
2022-09-13,-1.4958896169996085,1,1.099878,0.99795794
2022-09-15,-0.9740607982095457,3,1.0944161,1.0264516
2022-09-19,-0.05959881659911142,5,1.0408267,1.0516839
2022-09-26,-0.06253070908115137,10,1.1087312,1.0058199
2022-10-11,-0.5592875665704734,21,1.089783,1.0030365
2022-09-14,-0.38996431882100646,1,1.0895765,1.0389521
2022-09-16,-1.3828883580861222,3,1.0433857,1.070414
2022-09-20,-1.119368336056744,5,1.0468713,1.0988736
2022-09-27,0.06253070908114888,10,1.0555402,1.0712426
2022-10-12,-0.5040725863893571,21,1.0902082,1.0372627
2022-09-15,-0.9740607982095457,1,1.0944161,1.0129731
2022-09-19,-0.05959881659911142,3,1.0408267,1.0776083
2022-09-21,0.9079319396894912,5,1.0503459,1.1005763
2022-09-28,-0.04466080195710241,10,1.0320956,1.0863912
2022-10-13,0.9078218480779372,21,1.0971241,1.0496764
2022-09-16,-1.3828883580861222,1,1.0433857,1.0520368
2022-09-20,-1.119368336056744,3,1.0468713,1.0849613
2022-09-22,-1.7346974073266315,5,1.0520344,1.1038939
2022-09-29,-1.627575299022551,10,1.0096753,1.102642
2022-10-14,0.31615525033130687,21,1.0977739,1.0648623
2022-09-19,-0.05959881659911142,1,1.0408267,1.0574856
2022-09-21,0.9079319396894912,3,1.0503459,1.0656642
2022-09-23,-2.795007904179601,5,1.1124947,1.0996857
2022-09-30,1.1511451099705685,10,1.0195078,1.025831
2022-10-17,1.707264197691942,21,1.1213583,0.9943041
2022-09-20,-1.119368336056744,1,1.0468713,1.0498106
2022-09-22,-1.7346974073266315,3,1.0520344,1.1097637
2022-09-26,-0.06253070908115137,5,1.1087312,1.1370938
2022-10-03,0.9221431751011819,10,1.0256467,1.0321577
2022-10-18,0.32373471607346715,21,1.1226108,1.0292307
2022-09-21,0.9079319396894912,1,1.0503459,1.0194906
2022-09-23,-2.795007904179601,3,1.1124947,1.0841608
2022-09-27,0.06253070908114888,5,1.0555402,1.1250491
2022-10-04,3.773835144240557,10,1.1377795,1.0124148
2022-10-19,-0.2339935218948222,21,1.1148987,1.0510709
2022-09-22,-1.7346974073266315,1,1.0520344,1.0485029
2022-09-26,-0.06253070908115137,3,1.1087312,1.0698946
2022-09-28,-0.04466080195710241,5,1.0320956,1.1350465
2022-10-05,-0.9189532918759942,10,1.1407796,1.0084231
2022-10-20,0.91372338223595,21,1.1096555,1.0596519
2022-09-23,-2.795007904179601,1,1.1124947,0.99234414
2022-09-27,0.06253070908114888,3,1.0555402,1.1056957
2022-09-29,-1.627575299022551,5,1.0096753,1.1101054
2022-10-06,-0.6008367339908169,10,1.1295351,1.0405561
2022-10-21,-0.4055502745955685,21,1.0957396,1.0484926
2022-09-26,-0.06253070908115137,1,1.1087312,1.0635681
2022-09-28,-0.04466080195710241,3,1.0320956,1.1301835
2022-09-30,1.1511451099705685,5,1.0195078,1.1200409
2022-10-07,-1.4646757454429844,10,1.1220108,1.1097397
2022-10-24,0.8361029073329964,21,1.102846,1.0913541
2022-09-27,0.06253070908114888,1,1.0555402,1.0282507
2022-09-29,-1.627575299022551,3,1.0096753,1.0941136
2022-10-03,0.9221431751011819,5,1.0256467,1.082156
2022-10-10,-0.6382783785385758,10,1.1095427,1.0830073
2022-10-25,1.7714651620295112,21,1.1289871,1.0344512
2022-09-28,-0.04466080195710241,1,1.0320956,1.0351646
2022-09-30,1.1511451099705685,3,1.0195078,1.062454
2022-10-04,3.773835144240557,5,1.1377795,1.0657723
2022-10-11,-0.5592875665704734,10,1.089783,1.0560936
2022-10-26,0.39765503637525856,21,1.1199384,0.9935837
2022-09-29,-1.627575299022551,1,1.0096753,1.0874649
2022-10-03,0.9221431751011819,3,1.0256467,1.0642428
2022-10-05,-0.9189532918759942,5,1.1407796,1.1063229
2022-10-12,-0.5040725863893571,10,1.0902082,1.0852928
2022-10-27,0.16298552701071906,21,1.1202608,1.0613163
2022-09-30,1.1511451099705685,1,1.0195078,1.0456855
2022-10-04,3.773835144240557,3,1.1377795,1.1235398
2022-10-06,-0.6008367339908169,5,1.1295351,1.1626885
2022-10-13,0.9078218480779372,10,1.0971241,1.0903714
2022-10-28,0.060421948431963204,21,1.1180918,1.0795578
2022-10-03,0.9221431751011819,1,1.0256467,1.05402
2022-10-05,-0.9189532918759942,3,1.1407796,1.0586954
2022-10-07,-1.4646757454429844,5,1.1220108,1.1236358
2022-10-14,0.31615525033130687,10,1.0977739,1.0591323
2022-10-31,0.1810471049238968,21,1.1130712,1.0814271
2022-10-04,3.773835144240557,1,1.1377795,0.99183893
2022-10-06,-0.6008367339908169,3,1.1295351,1.0296957
2022-10-10,-0.6382783785385758,5,1.1095427,1.0770494
2022-10-17,1.707264197691942,10,1.1213583,0.9674857
2022-11-01,0.9293940859976239,21,1.1178937,0.9840602
2022-10-05,-0.9189532918759942,1,1.1407796,0.96626365
2022-10-07,-1.4646757454429844,3,1.1220108,1.0178007
2022-10-11,-0.5592875665704734,5,1.089783,1.0160264
2022-10-18,0.32373471607346715,10,1.1226108,0.99845743
2022-11-02,-0.9218575652707178,21,1.1198586,0.92496806
2022-10-06,-0.6008367339908169,1,1.1295351,0.9335277
2022-10-10,-0.6382783785385758,3,1.1095427,1.0115122
2022-10-12,-0.5040725863893571,5,1.0902082,1.0262778
2022-10-19,-0.2339935218948222,10,1.1148987,0.9668199
2022-11-03,-0.6637118157444188,21,1.1196115,0.9260099
2022-10-07,-1.4646757454429844,1,1.1220108,0.99108243
2022-10-11,-0.5592875665704734,3,1.089783,1.0421292
2022-10-13,0.9078218480779372,5,1.0971241,1.048248
2022-10-20,0.91372338223595,10,1.1096555,1.0157466
2022-11-04,2.4866735625901373,21,1.1686642,0.97312856
2022-10-10,-0.6382783785385758,1,1.1095427,1.0302061
2022-10-12,-0.5040725863893571,3,1.0902082,1.0771848
2022-10-14,0.31615525033130687,5,1.0977739,1.1239446
2022-10-21,-0.4055502745955685,10,1.0957396,1.0377816
2022-11-07,0.24472579123471666,21,1.1686962,1.0758269
2022-10-11,-0.5592875665704734,1,1.089783,1.0494517
2022-10-13,0.9078218480779372,3,1.0971241,1.039227
2022-10-17,1.707264197691942,5,1.1213583,1.0618784
2022-10-24,0.8361029073329964,10,1.102846,1.0570185
2022-11-08,0.38639797899362827,21,1.1689326,1.0184404
2022-10-12,-0.5040725863893571,1,1.0902082,1.0348148
2022-10-14,0.31615525033130687,3,1.0977739,1.0725538
2022-10-18,0.32373471607346715,5,1.1226108,1.1153694
2022-10-25,1.7714651620295112,10,1.1289871,1.0545796
2022-11-09,-0.5719404976387505,21,1.1664842,1.074759
2022-10-13,0.9078218480779372,1,1.0971241,0.9818852
2022-10-17,1.707264197691942,3,1.1213583,1.0339086
2022-10-19,-0.2339935218948222,5,1.1148987,1.089614
2022-10-26,0.39765503637525856,10,1.1199384,0.95695966
2022-11-10,2.3414681749608546,21,1.2057155,1.0256054
2022-10-14,0.31615525033130687,1,1.0977739,1.0195615
2022-10-18,0.32373471607346715,3,1.1226108,1.0038575
2022-10-20,0.91372338223595,5,1.1096555,1.1007719
2022-10-27,0.16298552701071906,10,1.1202608,0.9390178
2022-11-11,0.7318129954748609,21,1.2052854,1.0013936
2022-10-17,1.707264197691942,1,1.1213583,1.005009
2022-10-19,-0.2339935218948222,3,1.1148987,1.0046704
2022-10-21,-0.4055502745955685,5,1.0957396,1.0542898
2022-10-28,0.060421948431963204,10,1.1180918,0.9408729
2022-11-14,0.19743028687568231,21,1.1913428,0.97962165
2022-10-18,0.32373471607346715,1,1.1226108,0.95357376
2022-10-20,0.91372338223595,3,1.1096555,0.98585105
2022-10-24,0.8361029073329964,5,1.102846,1.0463243
2022-10-31,0.1810471049238968,10,1.1130712,0.9005991
2022-11-15,0.74322685573264,21,1.1949042,0.9667191
2022-10-19,-0.2339935218948222,1,1.1148987,0.93300486
2022-10-21,-0.4055502745955685,3,1.0957396,1.0123858
2022-10-25,1.7714651620295112,5,1.1289871,1.0559385
2022-11-01,0.9293940859976239,10,1.1178937,0.928886
2022-11-16,-0.7750440977643677,21,1.1979594,0.9854721
2022-10-20,0.91372338223595,1,1.1096555,0.9196481
2022-10-24,0.8361029073329964,3,1.102846,0.9940586
2022-10-26,0.39765503637525856,5,1.1199384,1.0289578
2022-11-02,-0.9218575652707178,10,1.1198586,0.92266065
2022-11-17,-0.42733063514657055,21,1.198845,0.9316368
2022-10-21,-0.4055502745955685,1,1.0957396,0.9633415
2022-10-25,1.7714651620295112,3,1.1289871,0.9776399
2022-10-27,0.16298552701071906,5,1.1202608,1.0086988
2022-11-03,-0.6637118157444188,10,1.1196115,1.0086081
2022-11-18,0.6752370662411191,21,1.1848111,0.94718903
2022-10-24,0.8361029073329964,1,1.102846,0.9842921
2022-10-26,0.39765503637525856,3,1.1199384,0.95540994
2022-10-28,0.060421948431963204,5,1.1180918,1.0201957
2022-11-04,2.4866735625901373,10,1.1686642,0.9970846
2022-11-21,-0.25029313239501416,21,1.1782238,0.9779765
2022-10-25,1.7714651620295112,1,1.1289871,0.971398
2022-10-27,0.16298552701071906,3,1.1202608,1.0006262
2022-10-31,0.1810471049238968,5,1.1130712,1.0947284
2022-11-07,0.24472579123471666,10,1.1686962,0.9354892
2022-11-22,0.7189969815950038,21,1.175271,1.0118077
2022-10-26,0.39765503637525856,1,1.1199384,0.92550385
2022-10-28,0.060421948431963204,3,1.1180918,0.9573282
2022-11-01,0.9293940859976239,5,1.1178937,1.015001
2022-11-08,0.38639797899362827,10,1.1689326,0.9131889
2022-11-23,0.5655295040290382,21,1.16169,0.92245704
2022-10-27,0.16298552701071906,1,1.1202608,0.96510375
2022-10-31,0.1810471049238968,3,1.1130712,0.9621366
2022-11-02,-0.9218575652707178,5,1.1198586,1.04579
2022-11-09,-0.5719404976387505,10,1.1664842,0.9129829
2022-11-24,0.42010282182148784,21,1.1389394,0.93511045
2022-10-28,0.060421948431963204,1,1.1180918,0.9092971
2022-11-01,0.9293940859976239,3,1.1178937,0.94775534
2022-11-03,-0.6637118157444188,5,1.1196115,1.0254322
2022-11-10,2.3414681749608546,10,1.2057155,0.86896867
2022-11-25,0.06958534453833035,21,1.1157197,0.9197758
2022-10-31,0.1810471049238968,1,1.1130712,0.9258354
2022-11-02,-0.9218575652707178,3,1.1198586,0.97732997
2022-11-04,2.4866735625901373,5,1.1686642,1.0494704
2022-11-11,0.7318129954748609,10,1.2052854,0.8933291
2022-11-28,-0.5690473257033456,21,1.1152219,0.9653018
2022-11-01,0.9293940859976239,1,1.1178937,0.9240556
2022-11-03,-0.6637118157444188,3,1.1196115,0.98424935
2022-11-07,0.24472579123471666,5,1.1686962,1.0435693
2022-11-14,0.19743028687568231,10,1.1913428,0.9306985
2022-11-29,0.08956913135351245,21,1.1141317,0.94424176
2022-11-02,-0.9218575652707178,1,1.1198586,0.92986894
2022-11-04,2.4866735625901373,3,1.1686642,0.96035385
2022-11-08,0.38639797899362827,5,1.1689326,0.9854976
2022-11-15,0.74322685573264,10,1.1949042,0.94006413
2022-11-30,1.0624020934506453,21,1.118348,0.8953108
2022-11-03,-0.6637118157444188,1,1.1196115,0.9439629
2022-11-07,0.24472579123471666,3,1.1686962,0.9983315
2022-11-09,-0.5719404976387505,5,1.1664842,1.0221264
2022-11-16,-0.7750440977643677,10,1.1979594,0.9542738
2022-12-01,0.4527665989491743,21,1.1185608,0.968253
2022-11-04,2.4866735625901373,1,1.1686642,0.93966883
2022-11-08,0.38639797899362827,3,1.1689326,0.98780924
2022-11-10,2.3414681749608546,5,1.2057155,1.0373042
2022-11-17,-0.42733063514657055,10,1.198845,0.91057646
2022-12-02,-0.23543089286880356,21,1.1061567,0.9352474
2022-11-07,0.24472579123471666,1,1.1686962,0.9765591
2022-11-09,-0.5719404976387505,3,1.1664842,0.96522
2022-11-11,0.7318129954748609,5,1.2052854,1.0399806
2022-11-18,0.6752370662411191,10,1.1848111,0.94680107
2022-12-05,-0.6042737377551457,21,1.0905229,0.9456221
2022-11-08,0.38639797899362827,1,1.1689326,1.0195334
2022-11-10,2.3414681749608546,3,1.2057155,0.9479978
2022-11-14,0.19743028687568231,5,1.1913428,1.0359368
2022-11-21,-0.25029313239501416,10,1.1782238,0.9389365
2022-12-06,-0.37121453085110734,21,1.0725877,0.97340524
2022-11-09,-0.5719404976387505,1,1.1664842,0.9324702
2022-11-11,0.7318129954748609,3,1.2052854,0.92457604
2022-11-15,0.74322685573264,5,1.1949042,1.0035622
2022-11-22,0.7189969815950038,10,1.175271,0.8904314
2022-12-07,-0.6764081237488654,21,1.0754095,0.92144835
2022-11-10,2.3414681749608546,1,1.2057155,0.920751
2022-11-14,0.19743028687568231,3,1.1913428,0.9774375
2022-11-16,-0.7750440977643677,5,1.1979594,1.023181
2022-11-23,0.5655295040290382,10,1.16169,0.9023774
2022-12-08,0.07170690308871948,21,1.0663302,0.98076504
2022-11-11,0.7318129954748609,1,1.2052854,0.8942641
2022-11-15,0.74322685573264,3,1.1949042,0.978125
2022-11-17,-0.42733063514657055,5,1.198845,1.0102146
2022-11-24,0.42010282182148784,10,1.1389394,0.9258169
2022-12-09,0.4095547401371959,21,1.0488743,0.88431394
2022-11-14,0.19743028687568231,1,1.1913428,0.92382556
2022-11-16,-0.7750440977643677,3,1.1979594,0.9570712
2022-11-18,0.6752370662411191,5,1.1848111,0.998587
2022-11-25,0.06958534453833035,10,1.1157197,0.9385189
2022-12-12,-0.4379161593436331,21,1.0512042,0.9001583
2022-11-15,0.74322685573264,1,1.1949042,0.93799967
2022-11-17,-0.42733063514657055,3,1.198845,0.91608125
2022-11-21,-0.25029313239501416,5,1.1782238,0.97955024
2022-11-28,-0.5690473257033456,10,1.1152219,0.90219486
2022-12-13,1.5752050378172135,21,1.0544932,0.901599
2022-11-16,-0.7750440977643677,1,1.1979594,0.9733552
2022-11-18,0.6752370662411191,3,1.1848111,0.9429271
2022-11-22,0.7189969815950038,5,1.175271,1.050211
2022-11-29,0.08956913135351245,10,1.1141317,0.90102625
2022-12-14,-0.257836183969571,21,1.051487,0.9864044
2022-11-17,-0.42733063514657055,1,1.198845,0.94929945
2022-11-21,-0.25029313239501416,3,1.1782238,0.99260265
2022-11-23,0.5655295040290382,5,1.16169,1.0763108
2022-11-30,1.0624020934506453,10,1.118348,0.91260886
2022-12-15,-2.9458105900993616,21,1.0989347,0.9879838
2022-11-18,0.6752370662411191,1,1.1848111,0.98674875
2022-11-22,0.7189969815950038,3,1.175271,0.99262434
2022-11-24,0.42010282182148784,5,1.1389394,1.0644526
2022-12-01,0.4527665989491743,10,1.1185608,0.98764306
2022-12-16,-1.1324036538515918,21,1.043359,0.9876274
2022-11-21,-0.25029313239501416,1,1.1782238,0.99998057
2022-11-23,0.5655295040290382,3,1.16169,0.97264373
2022-11-25,0.06958534453833035,5,1.1157197,1.0555723
2022-12-02,-0.23543089286880356,10,1.1061567,0.9627908
2022-12-19,0.2830938364429104,21,1.0430489,0.9801614
2022-11-22,0.7189969815950038,1,1.175271,0.97423875
2022-11-24,0.42010282182148784,3,1.1389394,0.98094934
2022-11-28,-0.5690473257033456,5,1.1152219,1.066736
2022-12-05,-0.6042737377551457,10,1.0905229,0.92974085
2022-12-20,-0.40304360160490443,21,1.0455785,0.98030484
2022-11-23,0.5655295040290382,1,1.16169,0.95920813
2022-11-25,0.06958534453833035,3,1.1157197,1.0276293
2022-11-29,0.08956913135351245,5,1.1141317,1.1091105
2022-12-06,-0.37121453085110734,10,1.0725877,0.9418919
2022-12-21,1.8281163361343358,21,1.067078,0.99654454
2022-11-24,0.42010282182148784,1,1.1389394,0.9920852
2022-11-28,-0.5690473257033456,3,1.1152219,0.9684503
2022-11-30,1.0624020934506453,5,1.118348,1.0324879
2022-12-07,-0.6764081237488654,10,1.0754095,0.9495444
2022-12-22,-0.9641347332046704,21,1.0512246,0.92627484
2022-11-25,0.06958534453833035,1,1.1157197,0.9724368
2022-11-29,0.08956913135351245,3,1.1141317,0.96663606
2022-12-01,0.4527665989491743,5,1.1185608,1.0219488
2022-12-08,0.07170690308871948,10,1.0663302,0.9239631
2022-12-23,-0.1633415367252324,21,1.0448058,0.9498143
2022-11-28,-0.5690473257033456,1,1.1152219,0.91731447
2022-11-30,1.0624020934506453,3,1.118348,0.9856955
2022-12-02,-0.23543089286880356,5,1.1061567,1.0206671
2022-12-09,0.4095547401371959,10,1.0488743,0.93049407
2022-12-27,0.4772051634763498,21,1.0410285,0.926762
2022-11-29,0.08956913135351245,1,1.1141317,0.97211397
2022-12-01,0.4527665989491743,3,1.1185608,0.974788
2022-12-05,-0.6042737377551457,5,1.0905229,0.9883591
2022-12-12,-0.4379161593436331,10,1.0512042,0.99145126
2022-12-28,-0.7392693296506447,21,0.9340345,0.93025875
2022-11-30,1.0624020934506453,1,1.118348,1.0147116
2022-12-02,-0.23543089286880356,3,1.1061567,1.0067986
2022-12-06,-0.37121453085110734,5,1.0725877,1.0441017
2022-12-13,1.5752050378172135,10,1.0544932,1.0168116
2022-12-29,0.9458330014686119,21,0.9306283,0.98078525
2022-12-01,0.4527665989491743,1,1.1185608,0.9868867
2022-12-05,-0.6042737377551457,3,1.0905229,0.97818154
2022-12-07,-0.6764081237488654,5,1.0754095,1.0219694
2022-12-14,-0.257836183969571,10,1.051487,1.0073265
2022-12-30,-1.5069385450608752,21,0.94983363,0.9527089
2022-12-02,-0.23543089286880356,1,1.1061567,1.019022
2022-12-06,-0.37121453085110734,3,1.0725877,0.96552813
2022-12-08,0.07170690308871948,5,1.0663302,1.0653806
2022-12-15,-2.9458105900993616,10,1.0989347,0.9985566
2023-01-02,1.6444109923003054,21,0.9470335,1.0435666
2022-12-05,-0.6042737377551457,1,1.0905229,0.9479213
2022-12-07,-0.6764081237488654,3,1.0754095,0.9843042
2022-12-09,0.4095547401371959,5,1.0488743,1.0298326
2022-12-16,-1.1324036538515918,10,1.043359,0.9424971
2023-01-03,0.4256037794725418,21,0.94166076,0.93479306
2022-12-06,-0.37121453085110734,1,1.0725877,0.9944503
2022-12-08,0.07170690308871948,3,1.0663302,1.0283176
2022-12-12,-0.4379161593436331,5,1.0512042,1.1334705
2022-12-19,0.2830938364429104,10,1.0430489,0.9779541
2023-01-04,1.7142420837273555,21,0.95686835,1.0257788
2022-12-07,-0.6764081237488654,1,1.0754095,0.99612534
2022-12-09,0.4095547401371959,3,1.0488743,1.0191387
2022-12-13,1.5752050378172135,5,1.0544932,1.0834589
2022-12-20,-0.40304360160490443,10,1.0455785,0.9709586
2023-01-05,-0.2638141836866951,21,0.95427847,0.97338104
2022-12-08,0.07170690308871948,1,1.0663302,1.0210253
2022-12-12,-0.4379161593436331,3,1.0512042,1.0145628
2022-12-14,-0.257836183969571,5,1.051487,1.0819676
2022-12-21,1.8281163361343358,10,1.067078,0.96980786
2023-01-06,1.4459170834102857,21,0.9632827,0.9764526
2022-12-09,0.4095547401371959,1,1.0488743,1.0135299
2022-12-13,1.5752050378172135,3,1.0544932,1.0644661
2022-12-15,-2.9458105900993616,5,1.0989347,1.1197672
2022-12-22,-0.9641347332046704,10,1.0512246,1.0038449
2023-01-09,1.0414479046908225,21,0.96885604,1.0382649
2022-12-12,-0.4379161593436331,1,1.0512042,0.9964994
2022-12-14,-0.257836183969571,3,1.051487,1.0777965
2022-12-16,-1.1324036538515918,5,1.043359,1.096256
2022-12-23,-0.1633415367252324,10,1.0448058,1.0476441
2023-01-10,-0.5935645767648672,21,0.955515,0.9854971
2022-12-13,1.5752050378172135,1,1.0544932,1.0478132
2022-12-15,-2.9458105900993616,3,1.0989347,1.0715479
2022-12-19,0.2830938364429104,5,1.0430489,1.1105311
2022-12-27,0.4772051634763498,10,1.0410285,1.1098537
2023-01-11,0.7837709200836,21,0.95829695,1.0633001
2022-12-14,-0.257836183969571,1,1.051487,1.0429395
2022-12-16,-1.1324036538515918,3,1.043359,1.0159597
2022-12-20,-0.40304360160490443,5,1.0455785,1.0681779
2022-12-28,-0.7392693296506447,10,0.9340345,1.0326799
2023-01-12,0.6223202580369174,21,0.9578554,1.0195997
2022-12-15,-2.9458105900993616,1,1.0989347,1.0457597
2022-12-19,0.2830938364429104,3,1.0430489,1.0343372
2022-12-21,1.8281163361343358,5,1.067078,1.0658897
2022-12-29,0.9458330014686119,10,0.9306283,1.0663564
2023-01-13,0.6327914879342736,21,0.95514154,1.0101249
2022-12-16,-1.1324036538515918,1,1.043359,1.036286
2022-12-20,-0.40304360160490443,3,1.0455785,1.0691582
2022-12-22,-0.9641347332046704,5,1.0512246,1.0817618
2022-12-30,-1.5069385450608752,10,0.94983363,1.03675
2023-01-16,0.1445935817417927,21,0.9516125,1.0059388
2022-12-19,0.2830938364429104,1,1.0430489,1.0576456
2022-12-21,1.8281163361343358,3,1.067078,1.0836532
2022-12-23,-0.1633415367252324,5,1.0448058,1.0881536
2023-01-02,1.6444109923003054,10,0.9470335,1.0915751
2023-01-17,0.46998847727372306,21,0.9488622,1.0159779
2022-12-20,-0.40304360160490443,1,1.0455785,1.071706
2022-12-22,-0.9641347332046704,3,1.0512246,1.0289326
2022-12-27,0.4772051634763498,5,1.0410285,1.0637696
2023-01-03,0.4256037794725418,10,0.94166076,1.0802333
2023-01-18,-0.010486812842465608,21,0.9274045,1.02771
2022-12-21,1.8281163361343358,1,1.067078,1.0490872
2022-12-23,-0.1633415367252324,3,1.0448058,1.0754129
2022-12-28,-0.7392693296506447,5,0.9340345,1.1160872
2023-01-04,1.7142420837273555,10,0.95686835,1.029391
2023-01-19,-1.8401299398725008,21,0.9635774,1.0347098
2022-12-22,-0.9641347332046704,1,1.0512246,1.0015093
2022-12-27,0.4772051634763498,3,1.0410285,1.0801361
2022-12-29,0.9458330014686119,5,0.9306283,1.1196156
2023-01-05,-0.2638141836866951,10,0.95427847,1.0567863
2023-01-20,0.5637975681687339,21,0.9649738,1.0308447
2022-12-23,-0.1633415367252324,1,1.0448058,1.0082417
2022-12-28,-0.7392693296506447,3,0.9340345,1.0572064
2022-12-30,-1.5069385450608752,5,0.94983363,1.0481297
2023-01-06,1.4459170834102857,10,0.9632827,1.0633577
2023-01-23,0.7874770519671922,21,0.9681531,0.9864792
2022-12-27,0.4772051634763498,1,1.0410285,1.0063078
2022-12-29,0.9458330014686119,3,0.9306283,1.0759418
2023-01-02,1.6444109923003054,5,0.9470335,1.1030526
2023-01-09,1.0414479046908225,10,0.96885604,1.0401082
2023-01-24,-0.027856306810319243,21,0.9685272,1.0256177
2022-12-28,-0.7392693296506447,1,0.9340345,1.0556709
2022-12-30,-1.5069385450608752,3,0.94983363,1.0629926
2023-01-03,0.4256037794725418,5,0.94166076,1.0923871
2023-01-10,-0.5935645767648672,10,0.955515,1.0887697
2023-01-25,-0.3590613959648882,21,0.96584594,1.0198822
2022-12-29,0.9458330014686119,1,0.9306283,1.0909405
2023-01-02,1.6444109923003054,3,0.9470335,1.0591917
2023-01-04,1.7142420837273555,5,0.95686835,1.1196424
2023-01-11,0.7837709200836,10,0.95829695,1.014792
2023-01-26,0.6755637482616322,21,0.9576216,1.0683564
2022-12-30,-1.5069385450608752,1,0.94983363,1.0330429
2023-01-03,0.4256037794725418,3,0.94166076,1.0912671
2023-01-05,-0.2638141836866951,5,0.95427847,1.1162623
2023-01-12,0.6223202580369174,10,0.9578554,1.058104
2023-01-27,0.1679928998120101,21,0.95116556,1.0514588
2023-01-02,1.6444109923003054,1,0.9470335,1.0419544
2023-01-04,1.7142420837273555,3,0.95686835,1.0809135
2023-01-06,1.4459170834102857,5,0.9632827,1.1513883
2023-01-13,0.6327914879342736,10,0.95514154,1.0583258
2023-01-30,-0.5500258071324579,21,0.9069872,1.114538
2023-01-03,0.4256037794725418,1,0.94166076,1.0598097
2023-01-05,-0.2638141836866951,3,0.95427847,1.0817764
2023-01-09,1.0414479046908225,5,0.96885604,1.1386911
2023-01-16,0.1445935817417927,10,0.9516125,1.0580242
2023-01-31,0.013561569546424979,21,0.9070498,1.0806683
2023-01-04,1.7142420837273555,1,0.95686835,0.96913886
2023-01-06,1.4459170834102857,3,0.9632827,1.0593941
2023-01-10,-0.5935645767648672,5,0.955515,1.0662223
2023-01-17,0.46998847727372306,10,0.9488622,1.0429101
2023-02-01,0.037661379454215944,21,0.9065724,0.97067463
2023-01-05,-0.2638141836866951,1,0.95427847,1.0322552
2023-01-09,1.0414479046908225,3,0.96885604,0.9961444
2023-01-11,0.7837709200836,5,0.95829695,1.0712154
2023-01-18,-0.010486812842465608,10,0.9274045,0.98314476
2023-02-02,1.1969915312282227,21,0.91191083,0.9940027
2023-01-06,1.4459170834102857,1,0.9632827,0.9600942
2023-01-10,-0.5935645767648672,3,0.955515,1.0382187
2023-01-12,0.6223202580369174,5,0.9578554,1.0560474
2023-01-19,-1.8401299398725008,10,0.9635774,0.9585502
2023-02-03,0.9022617599637551,21,0.8717447,0.93717396
2023-01-09,1.0414479046908225,1,0.96885604,0.9569057
2023-01-11,0.7837709200836,3,0.95829695,1.0445704
2023-01-13,0.6327914879342736,5,0.95514154,1.0659394
2023-01-20,0.5637975681687339,10,0.9649738,0.98952556
2023-02-06,-1.3609490799062935,21,0.88940847,0.96336186
2023-01-10,-0.5935645767648672,1,0.955515,0.9934075
2023-01-12,0.6223202580369174,3,0.9578554,1.0207713
2023-01-16,0.1445935817417927,5,0.9516125,1.0632224
2023-01-23,0.7874770519671922,10,0.9681531,1.0211103
2023-02-07,-0.04635860708119223,21,0.88954294,0.99652374
2023-01-11,0.7837709200836,1,0.95829695,0.9760084
2023-01-13,0.6327914879342736,3,0.95514154,1.0432242
2023-01-17,0.46998847727372306,5,0.9488622,1.0842004
2023-01-24,-0.027856306810319243,10,0.9685272,1.0049188
2023-02-08,-0.04712835081898711,21,0.88573694,0.9910253
2023-01-12,0.6223202580369174,1,0.9578554,0.98532784
2023-01-16,0.1445935817417927,3,0.9516125,1.0051807
2023-01-18,-0.010486812842465608,5,0.9274045,1.0538061
2023-01-25,-0.3590613959648882,10,0.96584594,1.0022174
2023-02-09,0.9806153580961322,21,0.88569945,1.0408027
2023-01-13,0.6327914879342736,1,0.95514154,0.9637574
2023-01-17,0.46998847727372306,3,0.9488622,0.97330445
2023-01-19,-1.8401299398725008,5,0.9635774,1.008565
2023-01-26,0.6755637482616322,10,0.9576216,0.96202207
2023-02-10,-0.6869864417476468,21,0.8890399,0.9549089
2023-01-16,0.1445935817417927,1,0.9516125,0.95785713
2023-01-18,-0.010486812842465608,3,0.9274045,0.986807
2023-01-20,0.5637975681687339,5,0.9649738,1.0083863
2023-01-27,0.1679928998120101,10,0.95116556,0.96329916
2023-02-13,1.0774415067883072,21,0.89483917,0.91195107
2023-01-17,0.46998847727372306,1,0.9488622,0.9210534
2023-01-19,-1.8401299398725008,3,0.9635774,0.9899446
2023-01-23,0.7874770519671922,5,0.9681531,1.0760316
2023-01-30,-0.5500258071324579,10,0.9069872,0.85755056
2023-02-14,-0.02509706672754552,21,0.8937274,0.96457785
2023-01-18,-0.010486812842465608,1,0.9274045,0.9722194
2023-01-20,0.5637975681687339,3,0.9649738,0.9824655
2023-01-24,-0.027856306810319243,5,0.9685272,1.0704604
2023-01-31,0.013561569546424979,10,0.9070498,0.9208837
2023-02-15,0.9821897795141149,21,0.8973326,0.9681375
2023-01-19,-1.8401299398725008,1,0.9635774,0.94121903
2023-01-23,0.7874770519671922,3,0.9681531,1.0072632
2023-01-25,-0.3590613959648882,5,0.96584594,1.0613058
2023-02-01,0.037661379454215944,10,0.9065724,0.90044713
2023-02-16,0.5220497157388528,21,0.8969916,0.97448015
2023-01-20,0.5637975681687339,1,0.9649738,0.95588183
2023-01-24,-0.027856306810319243,3,0.9685272,1.0543185
2023-01-26,0.6755637482616322,5,0.9576216,1.1041733
2023-02-02,1.1969915312282227,10,0.91191083,0.9960034
2023-02-17,-0.5973737772924554,21,0.90099084,1.001955
2023-01-23,0.7874770519671922,1,0.9681531,1.0163624
2023-01-25,-0.3590613959648882,3,0.96584594,1.0496458
2023-01-27,0.1679928998120101,5,0.95116556,1.0972369
2023-02-03,0.9022617599637551,10,0.8717447,1.0408105
2023-02-20,-0.11785332652685615,21,0.90146303,1.0330436
2023-01-24,-0.027856306810319243,1,0.9685272,0.9289854
2023-01-26,0.6755637482616322,3,0.9576216,0.96375024
2023-01-30,-0.5500258071324579,5,0.9069872,0.9919565
2023-02-06,-1.3609490799062935,10,0.88940847,0.93667376
2023-02-21,-0.5221253724027356,21,0.90088564,0.89956087
2023-01-25,-0.3590613959648882,1,0.96584594,0.9750956
2023-01-27,0.1679928998120101,3,0.95116556,0.99440026
2023-01-31,0.013561569546424979,5,0.9070498,1.0353525
2023-02-07,-0.04635860708119223,10,0.88954294,0.97538215
2023-02-22,-0.22112650807651538,21,0.90189177,0.95696706
2023-01-26,0.6755637482616322,1,0.9576216,0.98493373
2023-01-30,-0.5500258071324579,3,0.9069872,0.971391
2023-02-01,0.037661379454215944,5,0.9065724,1.0202292
2023-02-08,-0.04712835081898711,10,0.88573694,0.9200325
2023-02-23,0.21081814061825088,21,0.8932101,0.9344485
2023-01-27,0.1679928998120101,1,0.95116556,0.96090066
2023-01-31,0.013561569546424979,3,0.9070498,0.9950324
2023-02-02,1.1969915312282227,5,0.91191083,1.0458453
2023-02-09,0.9806153580961322,10,0.88569945,0.9519059
2023-02-24,-1.5890844983285364,21,0.9177021,0.9640999
2023-01-30,-0.5500258071324579,1,0.9069872,1.0071948
2023-02-01,0.037661379454215944,3,0.9065724,0.99856985
2023-02-03,0.9022617599637551,5,0.8717447,1.0634142
2023-02-10,-0.6869864417476468,10,0.8890399,1.0010595
2023-02-27,1.3989255330399613,21,0.93304396,1.0142558
2023-01-31,0.013561569546424979,1,0.9070498,1.0010065
2023-02-02,1.1969915312282227,3,0.91191083,0.96368825
2023-02-06,-1.3609490799062935,5,0.88940847,1.0372627
2023-02-13,1.0774415067883072,10,0.89483917,0.94063264
2023-02-28,-0.43251863115645517,21,0.93116164,0.97870624
2023-02-01,0.037661379454215944,1,0.9065724,0.95032895
2023-02-03,0.9022617599637551,3,0.8717447,1.0219038
2023-02-07,-0.04635860708119223,5,0.88954294,1.0541751
2023-02-14,-0.02509706672754552,10,0.8937274,0.9674088
2023-03-01,-0.41579484028901653,21,0.93155015,0.97505
2023-02-02,1.1969915312282227,1,0.91191083,0.98146904
2023-02-06,-1.3609490799062935,3,0.88940847,0.9835688
2023-02-08,-0.04712835081898711,5,0.88573694,1.030338
2023-02-15,0.9821897795141149,10,0.8973326,0.99378943
2023-03-02,0.7774642371222018,21,0.9303175,0.9647342
2023-02-03,0.9022617599637551,1,0.8717447,1.0060376
2023-02-07,-0.04635860708119223,3,0.88954294,1.0000864
2023-02-09,0.9806153580961322,5,0.88569945,1.0820993
2023-02-16,0.5220497157388528,10,0.8969916,0.97087085
2023-03-03,0.7897796736285536,21,0.93443656,0.97519124
2023-02-06,-1.3609490799062935,1,0.88940847,0.9619638
2023-02-08,-0.04712835081898711,3,0.88573694,0.96705806
2023-02-10,-0.6869864417476468,5,0.8890399,1.0071735
2023-02-17,-0.5973737772924554,10,0.90099084,0.91624653
2023-03-06,0.14784889903568257,21,0.93367815,0.9222361
2023-02-07,-0.04635860708119223,1,0.88954294,0.99064106
2023-02-09,0.9806153580961322,3,0.88569945,0.9905201
2023-02-13,1.0774415067883072,5,0.89483917,1.0859401
2023-02-20,-0.11785332652685615,10,0.90146303,0.9003561
2023-03-07,-0.7746028987474691,21,0.93807006,0.9902324
2023-02-08,-0.04712835081898711,1,0.88573694,0.9951626
2023-02-10,-0.6869864417476468,3,0.8890399,1.020594
2023-02-14,-0.02509706672754552,5,0.8937274,1.0630059
2023-02-21,-0.5221253724027356,10,0.90088564,1.0150783
2023-03-08,-0.026538104450504685,21,0.9182838,1.0177891
2023-02-09,0.9806153580961322,1,0.88569945,0.9845151
2023-02-13,1.0774415067883072,3,0.89483917,1.0218029
2023-02-15,0.9821897795141149,5,0.8973326,1.0624797
2023-02-22,-0.22112650807651538,10,0.90189177,1.0054758
2023-03-09,-0.2406384721041546,21,0.9181778,0.9852644
2023-02-10,-0.6869864417476468,1,0.8890399,1.036871
2023-02-14,-0.02509706672754552,3,0.8937274,1.008803
2023-02-16,0.5220497157388528,5,0.8969916,1.0874892
2023-02-23,0.21081814061825088,10,0.8932101,1.0069268
2023-03-10,-1.1618486657532976,21,0.84428775,1.041434
2023-02-13,1.0774415067883072,1,0.89483917,0.9629837
2023-02-15,0.9821897795141149,3,0.8973326,1.0257534
2023-02-17,-0.5973737772924554,5,0.90099084,1.0581374
2023-02-24,-1.5890844983285364,10,0.9177021,0.9857912
2023-03-13,-2.5933971331365266,21,0.9000841,0.9634918
2023-02-14,-0.02509706672754552,1,0.8937274,1.0239224
2023-02-16,0.5220497157388528,3,0.8969916,1.0063133
2023-02-20,-0.11785332652685615,5,0.90146303,1.0691419
2023-02-27,1.3989255330399613,10,0.93304396,1.0299964
2023-03-14,1.6023117219971392,21,0.92075187,1.0155134
2023-02-15,0.9821897795141149,1,0.8973326,0.9969137
2023-02-17,-0.5973737772924554,3,0.90099084,1.0093052
2023-02-21,-0.5221253724027356,5,0.90088564,1.0761032
2023-02-28,-0.43251863115645517,10,0.93116164,0.9396681
2023-03-15,-3.306397161348753,21,1.0193043,1.0040216
2023-02-16,0.5220497157388528,1,0.8969916,0.9742564
2023-02-20,-0.11785332652685615,3,0.90146303,0.980273
2023-02-22,-0.22112650807651538,5,0.90189177,1.0306683
2023-03-01,-0.41579484028901653,10,0.93155015,0.95480865
2023-03-16,1.681063061498759,21,1.0151584,0.93562984
2023-02-17,-0.5973737772924554,1,0.90099084,1.0224956
2023-02-21,-0.5221253724027356,3,0.90088564,0.986609
2023-02-23,0.21081814061825088,5,0.8932101,1.0672035
2023-03-02,0.7774642371222018,10,0.9303175,0.9751879
2023-03-17,-1.044633620094098,21,1.0165889,1.0118167
2023-02-20,-0.11785332652685615,1,0.90146303,0.96847355
2023-02-22,-0.22112650807651538,3,0.90189177,1.0229878
2023-02-24,-1.5890844983285364,5,0.9177021,1.0746797
2023-03-03,0.7897796736285536,10,0.93443656,0.9609999
2023-03-20,1.0929744932429089,21,1.0248159,0.9778658
2023-02-21,-0.5221253724027356,1,0.90088564,0.9684821
2023-02-23,0.21081814061825088,3,0.8932101,1.062803
2023-02-27,1.3989255330399613,5,0.93304396,1.078688
2023-03-06,0.14784889903568257,10,0.93367815,1.0201156
2023-03-21,1.1971990087819426,21,1.0337116,1.0120254
2023-02-22,-0.22112650807651538,1,0.90189177,1.0184184
2023-02-24,-1.5890844983285364,3,0.9177021,1.0542681
2023-02-28,-0.43251863115645517,5,0.93116164,1.0799578
2023-03-07,-0.7746028987474691,10,0.93807006,1.0773631
2023-03-22,0.459805695531088,21,1.02893,0.9957547
2023-02-23,0.21081814061825088,1,0.8932101,1.0898839
2023-02-27,1.3989255330399613,3,0.93304396,1.0672758
2023-03-01,-0.41579484028901653,5,0.93155015,1.1423177
2023-03-08,-0.026538104450504685,10,0.9182838,1.0891306
2023-03-23,0.3156466025714207,21,1.0234854,1.0753633
2023-02-24,-1.5890844983285364,1,0.9177021,0.9791435
2023-02-28,-0.43251863115645517,3,0.93116164,1.021093
2023-03-02,0.7774642371222018,5,0.9303175,1.0466886
2023-03-09,-0.2406384721041546,10,0.9181778,1.0000868
2023-03-24,-1.6555627390047678,21,1.0276179,0.9644817
2023-02-27,1.3989255330399613,1,0.93304396,1.0474341
2023-03-01,-0.41579484028901653,3,0.93155015,1.0341473
2023-03-03,0.7897796736285536,5,0.93443656,1.070272
2023-03-10,-1.1618486657532976,10,0.84428775,1.0408595
2023-03-27,0.6516915535728642,21,1.0101728,1.002552
2023-02-28,-0.43251863115645517,1,0.93116164,1.0463712
2023-03-02,0.7774642371222018,3,0.9303175,1.0553435
2023-03-06,0.14784889903568257,5,0.93367815,1.114079
2023-03-13,-2.5933971331365266,10,0.9000841,1.0111326
2023-03-28,0.10934190934250806,21,1.0091816,1.0339527
2023-03-01,-0.41579484028901653,1,0.93155015,0.94931906
2023-03-03,0.7897796736285536,3,0.93443656,1.0410671
2023-03-07,-0.7746028987474691,5,0.93807006,1.0254025
2023-03-14,1.6023117219971392,10,0.92075187,1.0276849
2023-03-29,1.4974331307645359,21,1.0035967,0.9214637
2023-03-02,0.7774642371222018,1,0.9303175,1.0534732
2023-03-06,0.14784889903568257,3,0.93367815,1.09623
2023-03-08,-0.026538104450504685,5,0.9182838,1.1312921
2023-03-15,-3.306397161348753,10,1.0193043,1.0874654
2023-03-30,0.9642573131504221,21,1.0090879,1.0809107
2023-03-03,0.7897796736285536,1,0.93443656,0.9921247
2023-03-07,-0.7746028987474691,3,0.93807006,1.0129687
2023-03-09,-0.2406384721041546,5,0.9181778,1.02098
2023-03-16,1.681063061498759,10,1.0151584,1.0185295
2023-03-31,0.7178749948033418,21,0.99687105,0.94069666
2023-03-06,0.14784889903568257,1,0.93367815,1.0443788
2023-03-08,-0.026538104450504685,3,0.9182838,1.0472924
2023-03-10,-1.1618486657532976,5,0.84428775,1.0967162
2023-03-17,-1.044633620094098,10,1.0165889,1.085096
2023-04-03,0.38155102567517163,21,0.9897302,1.0427735
2023-03-07,-0.7746028987474691,1,0.93807006,1.0018487
2023-03-09,-0.2406384721041546,3,0.9181778,1.0200771
2023-03-13,-2.5933971331365266,5,0.9000841,1.0183808
2023-03-20,1.0929744932429089,10,1.0248159,1.0384045
2023-04-04,-0.13631069217968858,21,0.98627424,0.95798016
2023-03-08,-0.026538104450504685,1,0.9182838,1.0114816
2023-03-10,-1.1618486657532976,3,0.84428775,1.003963
2023-03-14,1.6023117219971392,5,0.92075187,1.0622392
2023-03-21,1.1971990087819426,10,1.0337116,1.0096465
2023-04-05,-0.451295481980493,21,0.9842116,0.99153715
2023-03-09,-0.2406384721041546,1,0.9181778,1.019882
2023-03-13,-2.5933971331365266,3,0.9000841,1.0292473
2023-03-15,-3.306397161348753,5,1.0193043,1.1052059
2023-03-22,0.459805695531088,10,1.02893,0.97459006
2023-04-06,0.11926937884514638,21,0.9814693,1.031474
2023-03-10,-1.1618486657532976,1,0.84428775,0.9883692
2023-03-14,1.6023117219971392,3,0.92075187,1.0281452
2023-03-16,1.681063061498759,5,1.0151584,1.0490179
2023-03-23,0.3156466025714207,10,1.0234854,0.9701443
2023-04-11,0.6505268574542262,21,0.98165023,0.93223816
2023-03-13,-2.5933971331365266,1,0.9000841,1.0366012
2023-03-15,-3.306397161348753,3,1.0193043,1.0838364
2023-03-17,-1.044633620094098,5,1.0165889,1.1185704
2023-03-24,-1.6555627390047678,10,1.0276179,1.0956106
2023-04-12,-0.3053012734792739,21,0.98263925,1.0731372
2023-03-14,1.6023117219971392,1,0.92075187,1.0459771
2023-03-16,1.681063061498759,3,1.0151584,1.0808829
2023-03-20,1.0929744932429089,5,1.0248159,1.116844
2023-03-27,0.6516915535728642,10,1.0101728,1.0147619
2023-04-13,0.9145748744681171,21,0.9875753,1.0547644
2023-03-15,-3.306397161348753,1,1.0193043,1.0151521
2023-03-17,-1.044633620094098,3,1.0165889,1.11159
2023-03-21,1.1971990087819426,5,1.0337116,1.1780616
2023-03-28,0.10934190934250806,10,1.0091816,1.0226759
2023-04-14,0.3778337459589537,21,0.9884396,1.0824324
2023-03-16,1.681063061498759,1,1.0151584,1.0386888
2023-03-20,1.0929744932429089,3,1.0248159,1.103163
2023-03-22,0.459805695531088,5,1.02893,1.0843711
2023-03-29,1.4974331307645359,10,1.0035967,1.0944825
2023-04-17,-0.2275445744279871,21,0.95741314,1.054889
2023-03-17,-1.044633620094098,1,1.0165889,1.0692849
2023-03-21,1.1971990087819426,3,1.0337116,1.0595782
2023-03-23,0.3156466025714207,5,1.0234854,1.1063132
2023-03-30,0.9642573131504221,10,1.0090879,1.0551455
2023-04-18,0.36497976644422536,21,0.9560677,1.0404811
2023-03-20,1.0929744932429089,1,1.0248159,1.0387008
2023-03-22,0.459805695531088,3,1.02893,1.1159933
2023-03-24,-1.6555627390047678,5,1.0276179,1.1345947
2023-03-31,0.7178749948033418,10,0.99687105,1.0487168
2023-04-19,-0.015180924113699088,21,0.9516161,1.0806489
2023-03-21,1.1971990087819426,1,1.0337116,1.0284535
2023-03-23,0.3156466025714207,3,1.0234854,1.0764195
2023-03-27,0.6516915535728642,5,1.0101728,1.1090965
2023-04-03,0.38155102567517163,10,0.9897302,1.0002003
2023-04-20,-0.04700318623508787,21,0.9516518,1.0369895
2023-03-22,0.459805695531088,1,1.02893,1.0713329
2023-03-24,-1.6555627390047678,3,1.0276179,1.0508027
2023-03-28,0.10934190934250806,5,1.0091816,1.103691
2023-04-04,-0.13631069217968858,10,0.98627424,1.0947126
2023-04-21,0.3718053426391665,21,0.95078254,1.0582056
2023-03-23,0.3156466025714207,1,1.0234854,1.0335324
2023-03-27,0.6516915535728642,3,1.0101728,0.9934096
2023-03-29,1.4974331307645359,5,1.0035967,1.0302637
2023-04-05,-0.451295481980493,10,0.9842116,0.9866494
2023-04-24,-0.09444471180842892,21,0.94778866,1.0020759
2023-03-24,-1.6555627390047678,1,1.0276179,0.98806214
2023-03-28,0.10934190934250806,3,1.0091816,1.0673628
2023-03-30,0.9642573131504221,5,1.0090879,1.1333554
2023-04-06,0.11926937884514638,10,0.9814693,1.0256603
2023-04-25,-0.6897652263093814,21,0.9526863,1.0665562
2023-03-27,0.6516915535728642,1,1.0101728,0.9977573
2023-03-29,1.4974331307645359,3,1.0035967,1.0769777
2023-03-31,0.7178749948033418,5,0.99687105,1.0751023
2023-04-11,0.6505268574542262,10,0.98165023,1.0682235
2023-04-26,-0.8094435001181998,21,0.95604795,0.9923855
2023-03-28,0.10934190934250806,1,1.0091816,1.079548
2023-03-30,0.9642573131504221,3,1.0090879,1.0248597
2023-04-03,0.38155102567517163,5,0.9897302,1.0870855
2023-04-12,-0.3053012734792739,10,0.98263925,1.0387754
2023-04-27,0.21430120801000613,21,0.95627743,1.0113002
2023-03-29,1.4974331307645359,1,1.0035967,0.9764914
2023-03-31,0.7178749948033418,3,0.99687105,1.0330842
2023-04-04,-0.13631069217968858,5,0.98627424,1.0365169
2023-04-13,0.9145748744681171,10,0.9875753,0.9746351
2023-04-28,0.3063906686338596,21,0.95684254,0.9382788
2023-03-30,0.9642573131504221,1,1.0090879,0.99118173
2023-04-03,0.38155102567517163,3,0.9897302,1.0052468
2023-04-05,-0.451295481980493,5,0.9842116,1.056701
2023-04-14,0.3778337459589537,10,0.9884396,0.9858194
2023-05-02,-1.4438353324966493,21,0.9641587,0.975704
2023-03-31,0.7178749948033418,1,0.99687105,0.96325976
2023-04-04,-0.13631069217968858,3,0.98627424,1.0146092
2023-04-06,0.11926937884514638,5,0.9814693,1.062893
2023-04-17,-0.2275445744279871,10,0.95741314,0.97476923
2023-05-03,0.16022982003788752,21,0.9572746,0.9919547
2023-04-03,0.38155102567517163,1,0.9897302,0.9739388
2023-04-05,-0.451295481980493,3,0.9842116,1.0103757
2023-04-11,0.6505268574542262,5,0.98165023,1.0277436
2023-04-18,0.36497976644422536,10,0.9560677,0.9820572
2023-05-04,-0.37920692974765646,21,0.94189876,0.9553216
2023-04-04,-0.13631069217968858,1,0.98627424,0.97417486
2023-04-06,0.11926937884514638,3,0.9814693,0.9997562
2023-04-12,-0.3053012734792739,5,0.98263925,1.0513859
2023-04-19,-0.015180924113699088,10,0.9516161,0.9768884
2023-05-05,1.3651888328142467,21,0.9578195,1.0221665
2023-04-05,-0.451295481980493,1,0.9842116,0.93787915
2023-04-11,0.6505268574542262,3,0.98165023,0.9867777
2023-04-13,0.9145748744681171,5,0.9875753,1.0115131
2023-04-20,-0.04700318623508787,10,0.9516518,0.96520746
2023-05-08,0.2954384300070307,21,0.95831776,0.91736794
2023-04-06,0.11926937884514638,1,0.9814693,0.99099916
2023-04-12,-0.3053012734792739,3,0.98263925,1.0051557
2023-04-14,0.3778337459589537,5,0.9884396,1.049784
2023-04-21,0.3718053426391665,10,0.95078254,0.9905106
2023-05-09,-0.7141921532910812,21,0.95523924,1.0003264
2023-04-11,0.6505268574542262,1,0.98165023,0.9619473
2023-04-13,0.9145748744681171,3,0.9875753,1.0194702
2023-04-17,-0.2275445744279871,5,0.95741314,1.0885955
2023-04-24,-0.09444471180842892,10,0.94778866,0.9268399
2023-05-10,-0.20856596480041295,21,0.9512555,0.96823806
2023-04-12,-0.3053012734792739,1,0.98263925,1.022366
2023-04-14,0.3778337459589537,3,0.9884396,0.9598453
2023-04-18,0.36497976644422536,5,0.9560677,1.0352092
2023-04-25,-0.6897652263093814,10,0.9526863,0.9684875
2023-05-11,0.04262981946885785,21,0.9411694,0.94197345
2023-04-13,0.9145748744681171,1,0.9875753,1.0048693
2023-04-17,-0.2275445744279871,3,0.95741314,1.0015624
2023-04-19,-0.015180924113699088,5,0.9516161,1.121341
2023-04-26,-0.8094435001181998,10,0.95604795,0.90914893
2023-05-12,0.4406666245455184,21,0.94281715,1.0626357
2023-04-14,0.3778337459589537,1,0.9884396,0.9020148
2023-04-18,0.36497976644422536,3,0.9560677,0.99816084
2023-04-20,-0.04700318623508787,5,0.9516518,1.0183619
2023-04-27,0.21430120801000613,10,0.95627743,0.89529556
2023-05-15,0.19660946477093252,21,0.93457735,0.9069336
2023-04-17,-0.2275445744279871,1,0.95741314,0.9314276
2023-04-19,-0.015180924113699088,3,0.9516161,1.0203413
2023-04-21,0.3718053426391665,5,0.95078254,1.0854992
2023-04-28,0.3063906686338596,10,0.95684254,0.96984416
2023-05-16,-0.22807360871187204,21,0.9325169,0.9804196
2023-04-18,0.36497976644422536,1,0.9560677,0.94524777
2023-04-20,-0.04700318623508787,3,0.9516518,0.9848838
2023-04-24,-0.09444471180842892,5,0.94778866,1.0090973
2023-05-02,-1.4438353324966493,10,0.9641587,0.93243533
2023-05-17,0.028537664422437097,21,0.92933655,0.8907712
2023-04-19,-0.015180924113699088,1,0.9516161,0.94943726
2023-04-21,0.3718053426391665,3,0.95078254,0.9871474
2023-04-25,-0.6897652263093814,5,0.9526863,1.0291743
2023-05-03,0.16022982003788752,10,0.9572746,0.9721185
2023-05-18,0.5588644674766806,21,0.93198615,0.9524318
2023-04-20,-0.04700318623508787,1,0.9516518,0.98141325
2023-04-24,-0.09444471180842892,3,0.94778866,0.96254194
2023-04-26,-0.8094435001181998,5,0.95604795,0.9949983
2023-05-04,-0.37920692974765646,10,0.94189876,0.98389804
2023-05-19,0.44644713710932743,21,0.9309804,0.9623522
2023-04-21,0.3718053426391665,1,0.95078254,0.97355765
2023-04-25,-0.6897652263093814,3,0.9526863,1.0101964
2023-04-27,0.21430120801000613,5,0.95627743,1.0711395
2023-05-05,1.3651888328142467,10,0.9578195,0.9491886
2023-05-22,-0.11813264842203547,21,0.93060946,0.9719329
2023-04-24,-0.09444471180842892,1,0.94778866,0.9755896
2023-04-26,-0.8094435001181998,3,0.95604795,0.98498195
2023-04-28,0.3063906686338596,5,0.95684254,1.0318847
2023-05-08,0.2954384300070307,10,0.95831776,1.0148766
2023-05-23,-0.9120574905075778,21,0.9381514,0.9958991
2023-04-25,-0.6897652263093814,1,0.9526863,0.9764875
2023-04-27,0.21430120801000613,3,0.95627743,0.9267941
2023-05-02,-1.4438353324966493,5,0.9641587,1.0062565
2023-05-09,-0.7141921532910812,10,0.95523924,0.90056986
2023-05-24,-1.6208575521396305,21,0.93907803,0.9450717
2023-04-26,-0.8094435001181998,1,0.95604795,1.0025351
2023-04-28,0.3063906686338596,3,0.95684254,0.98578346
2023-05-03,0.16022982003788752,5,0.9572746,1.0759892
2023-05-10,-0.20856596480041295,10,0.9512555,0.9547019
2023-05-25,-0.2643878730121778,21,0.9217659,1.0100869
2023-04-27,0.21430120801000613,1,0.95627743,0.96736395
2023-05-02,-1.4438353324966493,3,0.9641587,1.0180959
2023-05-04,-0.37920692974765646,5,0.94189876,1.0910031
2023-05-11,0.04262981946885785,10,0.9411694,0.9103303
2023-05-26,1.24653300799236,21,0.93436784,0.9685601
2023-04-28,0.3063906686338596,1,0.95684254,1.0101717
2023-05-03,0.16022982003788752,3,0.9572746,1.0325177
2023-05-05,1.3651888328142467,5,0.9578195,1.0851686
2023-05-12,0.4406666245455184,10,0.94281715,1.006391
2023-05-29,-0.3231092086474538,21,0.9337283,0.97931707
2023-05-02,-1.4438353324966493,1,0.9641587,0.9961699
2023-05-04,-0.37920692974765646,3,0.94189876,0.98552656
2023-05-08,0.2954384300070307,5,0.95831776,1.0412112
2023-05-15,0.19660946477093252,10,0.93457735,0.96383643
2023-05-30,-1.1331965976041252,21,0.93972725,0.96409714
2023-05-03,0.16022982003788752,1,0.9572746,1.017258
2023-05-05,1.3651888328142467,3,0.9578195,1.0536809
2023-05-09,-0.7141921532910812,5,0.95523924,1.1154722
2023-05-16,-0.22807360871187204,10,0.9325169,0.9756556
2023-05-31,-1.49223912937307,21,0.9524802,1.0301096
2023-05-04,-0.37920692974765646,1,0.94189876,1.0006677
2023-05-08,0.2954384300070307,3,0.95831776,1.0553243
2023-05-10,-0.20856596480041295,5,0.9512555,1.0889344
2023-05-17,0.028537664422437097,10,0.92933655,1.0215297
2023-06-01,0.7541730435983012,21,0.95790535,1.0233847
2023-05-05,1.3651888328142467,1,0.9578195,1.0250117
2023-05-09,-0.7141921532910812,3,0.95523924,1.0034255
2023-05-11,0.04262981946885785,5,0.9411694,1.0322113
2023-05-18,0.5588644674766806,10,0.93198615,1.0323157
2023-06-02,1.7159762596989925,21,0.979611,0.97103333
2023-05-08,0.2954384300070307,1,0.95831776,1.0394757
2023-05-10,-0.20856596480041295,3,0.9512555,0.9693264
2023-05-12,0.4406666245455184,5,0.94281715,1.0263968
2023-05-19,0.44644713710932743,10,0.9309804,1.0133357
2023-06-05,-0.6593185705794146,21,0.98322785,1.0037525
2023-05-09,-0.7141921532910812,1,0.95523924,0.9860399
2023-05-11,0.04262981946885785,3,0.9411694,1.0011812
2023-05-15,0.19660946477093252,5,0.93457735,1.0344677
2023-05-22,-0.11813264842203547,10,0.93060946,0.98186266
2023-06-06,0.0640433729554073,21,0.9828412,0.9661478
2023-05-10,-0.20856596480041295,1,0.9512555,1.0092235
2023-05-12,0.4406666245455184,3,0.94281715,1.0102766
2023-05-16,-0.22807360871187204,5,0.9325169,1.0626299
2023-05-23,-0.9120574905075778,10,0.9381514,0.98714256
2023-06-07,0.05879441845677411,21,0.9712043,1.0210748
2023-05-11,0.04262981946885785,1,0.9411694,1.0234073
2023-05-15,0.19660946477093252,3,0.93457735,1.0447555
2023-05-17,0.028537664422437097,5,0.92933655,1.0971252
2023-05-24,-1.6208575521396305,10,0.93907803,1.0305203
2023-06-08,0.21775895340577117,21,0.9094138,1.0150915
2023-05-12,0.4406666245455184,1,0.94281715,1.0423143
2023-05-16,-0.22807360871187204,3,0.9325169,1.0072683
2023-05-18,0.5588644674766806,5,0.93198615,1.089105
2023-05-25,-0.2643878730121778,10,0.9217659,1.0257976
2023-06-09,-0.08764112266262136,21,0.88656354,1.0418167
2023-05-15,0.19660946477093252,1,0.93457735,1.0192946
2023-05-17,0.028537664422437097,3,0.92933655,1.0130967
2023-05-19,0.44644713710932743,5,0.9309804,1.1018302
2023-05-26,1.24653300799236,10,0.93436784,0.9753909
2023-06-12,0.3464022541926761,21,0.7717763,1.0372789
2023-05-16,-0.22807360871187204,1,0.9325169,0.9547891
2023-05-18,0.5588644674766806,3,0.93198615,1.0229846
2023-05-22,-0.11813264842203547,5,0.93060946,1.0619063
2023-05-29,-0.3231092086474538,10,0.9337283,1.0058901
2023-06-13,0.8134293133957493,21,0.7492156,0.94648445
2023-05-17,0.028537664422437097,1,0.92933655,1.0158648
2023-05-19,0.44644713710932743,3,0.9309804,1.0485817
2023-05-23,-0.9120574905075778,5,0.9381514,1.1163144
2023-05-30,-1.1331965976041252,10,0.93972725,0.9934536
2023-06-14,0.4989332029480215,21,0.73657244,1.0099559
2023-05-18,0.5588644674766806,1,0.93198615,0.9752531
2023-05-22,-0.11813264842203547,3,0.93060946,1.024713
2023-05-24,-1.6208575521396305,5,0.93907803,1.049758
2023-05-31,-1.49223912937307,10,0.9524802,0.98824656
2023-06-15,-0.17042694968483904,21,0.7256541,0.95402646
2023-05-19,0.44644713710932743,1,0.9309804,1.0252595
2023-05-23,-0.9120574905075778,3,0.9381514,1.0342296
2023-05-25,-0.2643878730121778,5,0.9217659,1.0788713
2023-06-01,0.7541730435983012,10,0.95790535,1.0344846
2023-06-16,0.7439370896556852,21,0.71610147,1.0027678
2023-05-22,-0.11813264842203547,1,0.93060946,1.0090187
2023-05-24,-1.6208575521396305,3,0.93907803,1.0082775
2023-05-26,1.24653300799236,5,0.93436784,1.047219
2023-06-02,1.7159762596989925,10,0.979611,1.0096798
2023-06-19,-0.8911914816969528,21,0.72483677,0.98542523
2023-05-23,-0.9120574905075778,1,0.9381514,1.0033814
2023-05-25,-0.2643878730121778,3,0.9217659,1.05889
2023-05-29,-0.3231092086474538,5,0.9337283,1.1155609
2023-06-05,-0.6593185705794146,10,0.98322785,1.0191128
2023-06-20,-0.600783485051261,21,0.7287441,1.0505364
2023-05-24,-1.6208575521396305,1,0.93907803,1.0099988
2023-05-26,1.24653300799236,3,0.93436784,1.0178337
2023-05-30,-1.1331965976041252,5,0.93972725,1.0473996
2023-06-06,0.0640433729554073,10,0.9828412,1.0336617
2023-06-21,-0.3820507519859103,21,0.69657713,0.9992276
2023-05-25,-0.2643878730121778,1,0.9217659,1.0500938
2023-05-29,-0.3231092086474538,3,0.9337283,1.0312037
2023-05-31,-1.49223912937307,5,0.9524802,1.0703163
2023-06-07,0.05879441845677411,10,0.9712043,1.0561497
2023-06-22,-0.4630737317987615,21,0.6952264,1.0268934
2023-05-26,1.24653300799236,1,0.93436784,1.0413184
2023-05-30,-1.1331965976041252,3,0.93972725,1.0938182
2023-06-01,0.7541730435983012,5,0.95790535,1.1063279
2023-06-08,0.21775895340577117,10,0.9094138,1.0744567
2023-06-23,-0.7308702527753718,21,0.7021367,1.0362234
2023-05-29,-0.3231092086474538,1,0.9337283,0.9898819
2023-05-31,-1.49223912937307,3,0.9524802,1.0195673
2023-06-02,1.7159762596989925,5,0.979611,1.0579618
2023-06-09,-0.08764112266262136,10,0.88656354,0.970398
2023-06-26,0.27236759502936364,21,0.67580116,0.9612972
2023-05-30,-1.1331965976041252,1,0.93972725,1.0143012
2023-06-01,0.7541730435983012,3,0.95790535,1.0580602
2023-06-05,-0.6593185705794146,5,0.98322785,1.098449
2023-06-12,0.3464022541926761,10,0.7717763,1.003398
2023-06-27,0.45255187075265113,21,0.6666033,0.9945196
2023-05-31,-1.49223912937307,1,0.9524802,1.0076058
2023-06-02,1.7159762596989925,3,0.979611,1.0487962
2023-06-06,0.0640433729554073,5,0.9828412,1.086364
2023-06-13,0.8134293133957493,10,0.7492156,0.9978062
2023-06-28,0.9115374395250255,21,0.6706327,1.0121393
2023-06-01,0.7541730435983012,1,0.95790535,1.0470661
2023-06-05,-0.6593185705794146,3,0.98322785,1.1209449
2023-06-07,0.05879441845677411,5,0.9712043,1.1724828
2023-06-14,0.4989332029480215,10,0.73657244,1.1013131
2023-06-29,0.33115537151145136,21,0.67017245,1.1154044
2023-06-02,1.7159762596989925,1,0.979611,1.0137144
2023-06-06,0.0640433729554073,3,0.9828412,1.0806215
2023-06-08,0.21775895340577117,5,0.9094138,1.070711
2023-06-15,-0.17042694968483904,10,0.7256541,1.1047473
2023-06-30,0.9228989626449238,21,0.68053335,0.99334276
2023-06-05,-0.6593185705794146,1,0.98322785,1.0510774
2023-06-07,0.05879441845677411,3,0.9712043,1.0314052
2023-06-09,-0.08764112266262136,5,0.88656354,1.0530105
2023-06-16,0.7439370896556852,10,0.71610147,1.0642202
2023-07-03,0.1781851050548408,21,0.67811215,1.0090532
2023-06-06,0.0640433729554073,1,0.9828412,1.0171546
2023-06-08,0.21775895340577117,3,0.9094138,1.0406423
2023-06-12,0.3464022541926761,5,0.7717763,1.0791923
2023-06-19,-0.8911914816969528,10,0.72483677,1.0163119
2023-07-04,-0.01380708596377711,21,0.6780091,1.0100592
2023-06-07,0.05879441845677411,1,0.9712043,1.0197322
2023-06-09,-0.08764112266262136,3,0.88656354,1.0281537
2023-06-13,0.8134293133957493,5,0.7492156,1.0536149
2023-06-20,-0.600783485051261,10,0.7287441,1.0064287
2023-07-05,-0.8561189979726227,21,0.68217224,0.9828669
2023-06-08,0.21775895340577117,1,0.9094138,1.038362
2023-06-12,0.3464022541926761,3,0.7717763,1.0307903
2023-06-14,0.4989332029480215,5,0.73657244,1.1121552
2023-06-21,-0.3820507519859103,10,0.69657713,1.0134702
2023-07-06,-2.8120616239161653,21,0.7717851,1.0727098
2023-06-09,-0.08764112266262136,1,0.88656354,1.0490987
2023-06-13,0.8134293133957493,3,0.7492156,0.9979187
2023-06-15,-0.17042694968483904,5,0.7256541,1.047531
2023-06-22,-0.4630737317987615,10,0.6952264,1.0018286
2023-07-07,0.48508189201187935,21,0.7646815,0.99080825
2023-06-12,0.3464022541926761,1,0.7717763,0.9785614
2023-06-14,0.4989332029480215,3,0.73657244,1.0051973
2023-06-16,0.7439370896556852,5,0.71610147,1.0675149
2023-06-23,-0.7308702527753718,10,0.7021367,0.97147906
2023-07-10,0.37666238187429857,21,0.7646703,0.9888325
2023-06-13,0.8134293133957493,1,0.7492156,0.9663397
2023-06-15,-0.17042694968483904,3,0.7256541,1.0323747
2023-06-19,-0.8911914816969528,5,0.72483677,1.0431342
2023-06-26,0.27236759502936364,10,0.67580116,0.9887255
2023-07-11,0.8225107872250472,21,0.77259314,0.96667075
2023-06-14,0.4989332029480215,1,0.73657244,0.9788523
2023-06-16,0.7439370896556852,3,0.71610147,1.0092
2023-06-20,-0.600783485051261,5,0.7287441,1.059225
2023-06-27,0.45255187075265113,10,0.6666033,0.97660065
2023-07-12,1.6096823467202301,21,0.7997734,0.9644574
2023-06-15,-0.17042694968483904,1,0.7256541,0.9676174
2023-06-19,-0.8911914816969528,3,0.72483677,0.99426717
2023-06-21,-0.3820507519859103,5,0.69657713,1.0383492
2023-06-28,0.9115374395250255,10,0.6706327,0.94011635
2023-07-13,0.6724877124321946,21,0.8046857,0.94075423
2023-06-16,0.7439370896556852,1,0.71610147,0.9895934
2023-06-20,-0.600783485051261,3,0.7287441,0.99226624
2023-06-22,-0.4630737317987615,5,0.6952264,1.0479196
2023-06-29,0.33115537151145136,10,0.67017245,0.9453994
2023-07-14,0.09270257623823072,21,0.8047605,0.98559237
2023-06-19,-0.8911914816969528,1,0.72483677,0.9715267
2023-06-21,-0.3820507519859103,3,0.69657713,0.9553093
2023-06-23,-0.7308702527753718,5,0.7021367,1.0365548
2023-06-30,0.9228989626449238,10,0.68053335,0.94034433
2023-07-17,-0.8126166783317101,21,0.80996066,0.9961735
2023-06-20,-0.600783485051261,1,0.7287441,0.9662154
2023-06-22,-0.4630737317987615,3,0.6952264,1.0111959
2023-06-26,0.27236759502936364,5,0.67580116,1.0536718
2023-07-03,0.1781851050548408,10,0.67811215,0.94412196
2023-07-18,0.3286037310889452,21,0.81115216,0.99468064
2023-06-21,-0.3820507519859103,1,0.69657713,1.0030386
2023-06-23,-0.7308702527753718,3,0.7021367,1.024749
2023-06-27,0.45255187075265113,5,0.6666033,1.0842509
2023-07-04,-0.01380708596377711,10,0.6780091,0.9582383
2023-07-19,0.21363182082143778,21,0.80677027,1.0239663
2023-06-22,-0.4630737317987615,1,0.6952264,1.0062449
2023-06-26,0.27236759502936364,3,0.67580116,1.0199527
2023-06-28,0.9115374395250255,5,0.6706327,1.0611389
2023-07-05,-0.8561189979726227,10,0.68217224,0.9792669
2023-07-20,0.2877532962490158,21,0.8005002,0.99018097
2023-06-23,-0.7308702527753718,1,0.7021367,0.98745775
2023-06-27,0.45255187075265113,3,0.6666033,1.0584378
2023-06-29,0.33115537151145136,5,0.67017245,1.1366339
2023-07-06,-2.8120616239161653,10,0.7717851,0.9786886
2023-07-21,0.49456263512054083,21,0.8024729,1.0457329
2023-06-26,0.27236759502936364,1,0.67580116,1.0274029
2023-06-28,0.9115374395250255,3,0.6706327,1.0907278
2023-06-30,0.9228989626449238,5,0.68053335,1.1664776
2023-07-07,0.48508189201187935,10,0.7646815,1.0096695
2023-07-24,-0.08934554983443217,21,0.80173784,1.0847659
2023-06-27,0.45255187075265113,1,0.6666033,1.0311961
2023-06-29,0.33115537151145136,3,0.67017245,1.061593
2023-07-03,0.1781851050548408,5,0.67811215,1.1251081
2023-07-10,0.37666238187429857,10,0.7646703,1.0102075
2023-07-25,0.2347216099826265,21,0.7788467,1.0353245
2023-06-28,0.9115374395250255,1,0.6706327,1.0153689
2023-06-30,0.9228989626449238,3,0.68053335,1.0390801
2023-07-04,-0.01380708596377711,5,0.6780091,1.0717745
2023-07-11,0.8225107872250472,10,0.77259314,1.0260011
2023-07-26,-1.1056868003799911,21,0.792704,0.9773371
2023-06-29,0.33115537151145136,1,0.67017245,0.9667667
2023-07-03,0.1781851050548408,3,0.67811215,1.0213728
2023-07-05,-0.8561189979726227,5,0.68217224,1.0548003
2023-07-12,1.6096823467202301,10,0.7997734,0.96959555
2023-07-27,1.8915102776437602,21,0.82659745,0.9673236
2023-06-30,0.9228989626449238,1,0.68053335,0.94027257
2023-07-04,-0.01380708596377711,3,0.6780091,0.9968343
2023-07-06,-2.8120616239161653,5,0.7717851,0.99861425
2023-07-13,0.6724877124321946,10,0.8046857,1.0036898
2023-07-28,-0.062096508531557376,21,0.8088057,0.9303554
2023-07-03,0.1781851050548408,1,0.67811215,1.0042455
2023-07-05,-0.8561189979726227,3,0.68217224,1.0133227
2023-07-07,0.48508189201187935,5,0.7646815,1.0263829
2023-07-14,0.09270257623823072,10,0.8047605,1.0323191
2023-07-31,0.0521065698186448,21,0.8081041,0.96211946
2023-07-04,-0.01380708596377711,1,0.6780091,1.0094848
2023-07-06,-2.8120616239161653,3,0.7717851,0.9964935
2023-07-10,0.37666238187429857,5,0.7646703,1.0333471
2023-07-17,-0.8126166783317101,10,0.80996066,1.0511864
2023-08-01,-0.9774015171864542,21,0.81293565,0.97802305
2023-07-05,-0.8561189979726227,1,0.68217224,0.9913898
2023-07-07,0.48508189201187935,3,0.7646815,0.98951626
2023-07-11,0.8225107872250472,5,0.77259314,1.0316871
2023-07-18,0.3286037310889452,10,0.81115216,1.0196531
2023-08-02,-1.4465918983151185,21,0.8345142,0.9931082
2023-07-06,-2.8120616239161653,1,0.7717851,0.98315454
2023-07-10,0.37666238187429857,3,0.7646703,0.9721294
2023-07-12,1.6096823467202301,5,0.7997734,1.0027267
2023-07-19,0.21363182082143778,10,0.80677027,0.97385645
2023-08-03,-0.482967039557097,21,0.8369124,0.9210023
2023-07-07,0.48508189201187935,1,0.7646815,1.0089488
2023-07-11,0.8225107872250472,3,0.77259314,1.0617027
2023-07-13,0.6724877124321946,5,0.8046857,1.1016963
2023-07-20,0.2877532962490158,10,0.8005002,1.0458852
2023-08-04,0.622511970456208,21,0.83886063,1.0185208
2023-07-10,0.37666238187429857,1,0.7646703,1.0318209
2023-07-12,1.6096823467202301,3,0.7997734,1.0404727
2023-07-14,0.09270257623823072,5,0.8047605,1.0809519
2023-07-21,0.49456263512054083,10,0.8024729,1.0551796
2023-08-07,-0.07376651407949165,21,0.8385316,0.9999591
2023-07-11,0.8225107872250472,1,0.77259314,1.0196564
2023-07-13,0.6724877124321946,3,0.8046857,0.97979987
2023-07-17,-0.8126166783317101,5,0.80996066,1.0493355
2023-07-24,-0.08934554983443217,10,0.80173784,0.9244004
2023-08-08,-0.8334604373235854,21,0.8449275,0.95695674
2023-07-12,1.6096823467202301,1,0.7997734,0.9502865
2023-07-14,0.09270257623823072,3,0.8047605,1.0441316
2023-07-18,0.3286037310889452,5,0.81115216,1.10852
2023-07-25,0.2347216099826265,10,0.7788467,0.89779305
2023-08-09,0.7508650367731479,21,0.8506291,0.9883979
2023-07-13,0.6724877124321946,1,0.8046857,0.90501237
2023-07-17,-0.8126166783317101,3,0.80996066,1.0198729
2023-07-19,0.21363182082143778,5,0.80677027,1.0312551
2023-07-26,-1.1056868003799911,10,0.792704,0.9449973
2023-08-10,1.1147463305306764,21,0.8597871,0.93644285
2023-07-14,0.09270257623823072,1,0.8047605,0.9555483
2023-07-18,0.3286037310889452,3,0.81115216,0.99340415
2023-07-20,0.2877532962490158,5,0.8005002,1.026268
2023-07-27,1.8915102776437602,10,0.82659745,1.0020955
2023-08-11,-1.309444171308672,21,0.8744436,0.97150445
2023-07-17,-0.8126166783317101,1,0.80996066,0.96685934
2023-07-19,0.21363182082143778,3,0.80677027,0.9832984
2023-07-21,0.49456263512054083,5,0.8024729,1.0247825
2023-07-28,-0.062096508531557376,10,0.8088057,0.9474987
2023-08-14,0.02783719653454637,21,0.87436646,0.98456836
2023-07-18,0.3286037310889452,1,0.81115216,1.0110627
2023-07-20,0.2877532962490158,3,0.8005002,0.98052585
2023-07-24,-0.08934554983443217,5,0.80173784,1.0680375
2023-07-31,0.0521065698186448,10,0.8081041,0.9759336
2023-08-15,-0.8037960478004745,21,0.8725973,1.0195559
2023-07-19,0.21363182082143778,1,0.80677027,1.0303952
2023-07-21,0.49456263512054083,3,0.8024729,0.9951956
2023-07-25,0.2347216099826265,5,0.7788467,1.0648649
2023-08-01,-0.9774015171864542,10,0.81293565,0.99664974
2023-08-16,-0.32096583461070416,21,0.8478332,1.0223567
2023-07-20,0.2877532962490158,1,0.8005002,0.94369316
2023-07-24,-0.08934554983443217,3,0.80173784,0.98657924
2023-07-26,-1.1056868003799911,5,0.792704,1.0390215
2023-08-02,-1.4465918983151185,10,0.8345142,0.9430786
2023-08-17,-1.1630333860869102,21,0.86054736,0.93490195
2023-07-21,0.49456263512054083,1,0.8024729,0.9721053
2023-07-25,0.2347216099826265,3,0.7788467,0.97991335
2023-07-27,1.8915102776437602,5,0.82659745,1.0883279
2023-08-03,-0.482967039557097,10,0.8369124,0.9413861
2023-08-18,-0.43560290886466635,21,0.84626013,1.0014036
2023-07-24,-0.08934554983443217,1,0.80173784,0.96800864
2023-07-26,-1.1056868003799911,3,0.792704,0.9915341
2023-07-28,-0.062096508531557376,5,0.8088057,1.1110196
2023-08-04,0.622511970456208,10,0.83886063,0.8823887
2023-08-21,0.3651339123056969,21,0.8469695,0.9809787
2023-07-25,0.2347216099826265,1,0.7788467,0.96377563
2023-07-27,1.8915102776437602,3,0.82659745,0.9908173
2023-07-31,0.0521065698186448,5,0.8081041,1.0811975
2023-08-07,-0.07376651407949165,10,0.8385316,0.9350528
2023-08-22,0.7277813221918181,21,0.8397333,0.9712727
2023-07-26,-1.1056868003799911,1,0.792704,0.94259477
2023-07-28,-0.062096508531557376,3,0.8088057,0.98811483
2023-08-01,-0.9774015171864542,5,0.81293565,1.0241442
2023-08-08,-0.8334604373235854,10,0.8449275,0.94562256
2023-08-23,0.09078732577742789,21,0.81639755,0.9420308
2023-07-27,1.8915102776437602,1,0.82659745,0.934239
2023-07-31,0.0521065698186448,3,0.8081041,1.0450237
2023-08-02,-1.4465918983151185,5,0.8345142,1.0365438
2023-08-09,0.7508650367731479,10,0.8506291,0.9958981
2023-08-24,-0.6177879333758489,21,0.81505877,0.9243262
2023-07-28,-0.062096508531557376,1,0.8088057,0.9775494
2023-08-01,-0.9774015171864542,3,0.81293565,1.0375245
2023-08-03,-0.482967039557097,5,0.8369124,1.0648186
2023-08-10,1.1147463305306764,10,0.8597871,1.031486
2023-08-25,0.137616416019349,21,0.783935,0.9763584
2023-07-31,0.0521065698186448,1,0.8081041,1.0097992
2023-08-02,-1.4465918983151185,3,0.8345142,1.0275352
2023-08-04,0.622511970456208,5,0.83886063,1.0524303
2023-08-11,-1.309444171308672,10,0.8744436,1.0468227
2023-08-28,1.2611013351818186,21,0.79635096,0.9867942
2023-08-01,-0.9774015171864542,1,0.81293565,1.0690768
2023-08-03,-0.482967039557097,3,0.8369124,0.98295677
2023-08-07,-0.07376651407949165,5,0.8385316,1.0612028
2023-08-14,0.02783719653454637,10,0.87436646,1.0301591
2023-08-29,0.6898912361646411,21,0.8010823,1.0355446
2023-08-02,-1.4465918983151185,1,0.8345142,1.0476017
2023-08-04,0.622511970456208,3,0.83886063,1.0277929
2023-08-08,-0.8334604373235854,5,0.8449275,1.1009655
2023-08-15,-0.8037960478004745,10,0.8725973,1.0068629
2023-08-30,-0.1848768381497911,21,0.80153036,1.0772684
2023-08-03,-0.482967039557097,1,0.8369124,1.0172274
2023-08-07,-0.07376651407949165,3,0.8385316,1.0593535
2023-08-09,0.7508650367731479,5,0.8506291,1.0876516
2023-08-16,-0.32096583461070416,10,0.8478332,1.0312085
2023-08-31,-0.44672665412923207,21,0.80336636,1.0119371
2023-08-04,0.622511970456208,1,0.83886063,1.0367014
2023-08-08,-0.8334604373235854,3,0.8449275,1.079777
2023-08-10,1.1147463305306764,5,0.8597871,1.0865846
2023-08-17,-1.1630333860869102,10,0.86054736,1.0869877
2023-09-01,-0.04205230040095806,21,0.8032932,1.0076425
2023-08-07,-0.07376651407949165,1,0.8385316,1.0078266
2023-08-09,0.7508650367731479,3,0.8506291,1.0147517
2023-08-11,-1.309444171308672,5,0.8744436,1.0653442
2023-08-18,-0.43560290886466635,10,0.84626013,0.9564041
2023-09-04,-0.09892950234690952,21,0.8022035,0.93424886
2023-08-08,-0.8334604373235854,1,0.8449275,1.0257341
2023-08-10,1.1147463305306764,3,0.8597871,1.045372
2023-08-14,0.02783719653454637,5,0.87436646,1.1174078
2023-08-21,0.3651339123056969,10,0.8469695,0.96612
2023-09-05,-0.2329443355288109,21,0.7956586,0.99966764
2023-08-09,0.7508650367731479,1,0.8506291,0.96872294
2023-08-11,-1.309444171308672,3,0.8744436,1.0649817
2023-08-15,-0.8037960478004745,5,0.8725973,1.0596256
2023-08-22,0.7277813221918181,10,0.8397333,1.0272161
2023-09-06,-0.7013610134531216,21,0.79764795,0.97685534
2023-08-10,1.1147463305306764,1,0.8597871,1.0233439
2023-08-14,0.02783719653454637,3,0.87436646,1.0674949
2023-08-16,-0.32096583461070416,5,0.8478332,1.0774196
2023-08-23,0.09078732577742789,10,0.81639755,1.1203914
2023-09-07,-0.42663423909878734,21,0.79907894,1.0230066
2023-08-11,-1.309444171308672,1,0.8744436,0.98622966
2023-08-15,-0.8037960478004745,3,0.8725973,0.99782664
2023-08-17,-1.1630333860869102,5,0.86054736,1.0056189
2023-08-24,-0.6177879333758489,10,0.81505877,1.0333924
2023-09-08,0.36249390381761515,21,0.79425865,0.96417046
2023-08-14,0.02783719653454637,1,0.87436646,0.99862224
2023-08-16,-0.32096583461070416,3,0.8478332,1.0027096
2023-08-18,-0.43560290886466635,5,0.84626013,1.0228969
2023-08-25,0.137616416019349,10,0.783935,0.99857986
2023-09-11,0.39685989639397606,21,0.78835577,0.9604926
2023-08-15,-0.8037960478004745,1,0.8725973,1.0430076
2023-08-17,-1.1630333860869102,3,0.86054736,1.0094041
2023-08-21,0.3651339123056969,5,0.8469695,1.0309061
2023-08-28,1.2611013351818186,10,0.79635096,1.0778193
2023-09-12,-0.32526405186079554,21,0.7857282,1.0284824
2023-08-16,-0.32096583461070416,1,0.8478332,1.0655279
2023-08-18,-0.43560290886466635,3,0.84626013,1.0334086
2023-08-22,0.7277813221918181,5,0.8397333,1.1032373
2023-08-29,0.6898912361646411,10,0.8010823,1.0242116
2023-09-13,-0.40564067200521703,21,0.7859194,1.0320685
2023-08-17,-1.1630333860869102,1,0.86054736,1.0581732
2023-08-21,0.3651339123056969,3,0.8469695,1.0894204
2023-08-23,0.09078732577742789,5,0.81639755,1.1862409
2023-08-30,-0.1848768381497911,10,0.80153036,1.0258394
2023-09-14,1.3694159523059464,21,0.80374515,1.1072038
2023-08-18,-0.43560290886466635,1,0.84626013,1.0776587
2023-08-22,0.7277813221918181,3,0.8397333,1.0908661
2023-08-24,-0.6177879333758489,5,0.81505877,1.1679466
2023-08-31,-0.44672665412923207,10,0.80336636,1.0507604
2023-09-15,0.35452796884259496,21,0.798936,1.1075326
2023-08-21,0.3651339123056969,1,0.8469695,1.087777
2023-08-23,0.09078732577742789,3,0.81639755,1.0687481
2023-08-25,0.137616416019349,5,0.783935,1.1444718
2023-09-01,-0.04205230040095806,10,0.8032932,1.0360228
2023-09-18,-1.131351805777676,21,0.812172,1.0842423
2023-08-22,0.7277813221918181,1,0.8397333,0.98220986
2023-08-24,-0.6177879333758489,3,0.81505877,1.0894496
2023-08-28,1.2611013351818186,5,0.79635096,1.1174792
2023-09-04,-0.09892950234690952,10,0.8022035,0.9835297
2023-09-19,0.11453051184260588,21,0.8101987,0.9998759
2023-08-23,0.09078732577742789,1,0.81639755,1.007038
2023-08-25,0.137616416019349,3,0.783935,1.0651007
2023-08-29,0.6898912361646411,5,0.8010823,1.0824666
2023-09-05,-0.2329443355288109,10,0.7956586,1.0181626
2023-09-20,0.5536936224875542,21,0.80468315,0.9662474
2023-08-24,-0.6177879333758489,1,0.81505877,1.0544288
2023-08-28,1.2611013351818186,3,0.79635096,1.0371572
2023-08-30,-0.1848768381497911,5,0.80153036,1.073807
2023-09-06,-0.7013610134531216,10,0.79764795,1.0220262
2023-09-21,-1.3274597059458602,21,0.8212706,0.9925917
2023-08-25,0.137616416019349,1,0.783935,0.99647665
2023-08-29,0.6898912361646411,3,0.8010823,1.0992748
2023-08-31,-0.44672665412923207,5,0.80336636,1.0723195
2023-09-07,-0.42663423909878734,10,0.79907894,1.079849
2023-09-22,-0.23998451619157501,21,0.8120164,1.0043191
2023-08-28,1.2611013351818186,1,0.79635096,1.053336
2023-08-30,-0.1848768381497911,3,0.80153036,1.084043
2023-09-01,-0.04205230040095806,5,0.8032932,1.1131636
2023-09-08,0.36249390381761515,10,0.79425865,1.1203527
2023-09-25,-0.8543548014168962,21,0.817982,1.103764
2023-08-29,0.6898912361646411,1,0.8010823,1.0631583
2023-08-31,-0.44672665412923207,3,0.80336636,1.0111895
2023-09-04,-0.09892950234690952,5,0.8022035,1.0215195
2023-09-11,0.39685989639397606,10,0.78835577,1.0954645
2023-09-26,-0.7555983407242052,21,0.82272774,1.0105036
2023-08-30,-0.1848768381497911,1,0.80153036,1.0132351
2023-09-01,-0.04205230040095806,3,0.8032932,0.9992697
2023-09-05,-0.2329443355288109,5,0.7956586,1.036147
2023-09-12,-0.32526405186079554,10,0.7857282,1.042653
2023-09-27,0.12048745490441275,21,0.8167767,0.99093115
2023-08-31,-0.44672665412923207,1,0.80336636,0.99005365
2023-09-04,-0.09892950234690952,3,0.8022035,0.9815693
2023-09-06,-0.7013610134531216,5,0.79764795,1.0169263
2023-09-13,-0.40564067200521703,10,0.7859194,1.0014608
2023-09-28,0.4402965231681084,21,0.7352243,0.98687744
2023-09-01,-0.04205230040095806,1,0.8032932,0.9737849
2023-09-05,-0.2329443355288109,3,0.7956586,1.0001143
2023-09-07,-0.42663423909878734,5,0.79907894,1.0804046
2023-09-14,1.3694159523059464,10,0.80374515,0.93892217
2023-09-29,0.4383664080104628,21,0.7347149,0.9659387
2023-09-04,-0.09892950234690952,1,0.8022035,0.97828394
2023-09-06,-0.7013610134531216,3,0.79764795,1.0375259
2023-09-08,0.36249390381761515,5,0.79425865,1.0856422
2023-09-15,0.35452796884259496,10,0.798936,0.9416325
2023-10-02,-1.0350196240173324,21,0.7446097,0.967631
2023-09-05,-0.2329443355288109,1,0.7956586,0.9505516
2023-09-07,-0.42663423909878734,3,0.79907894,1.0263314
2023-09-11,0.39685989639397606,5,0.78835577,1.0732608
2023-09-18,-1.131351805777676,10,0.812172,0.9555107
2023-10-03,-1.0998525963054018,21,0.74843276,0.94121546
2023-09-06,-0.7013610134531216,1,0.79764795,0.9886203
2023-09-08,0.36249390381761515,3,0.79425865,1.0655413
2023-09-12,-0.32526405186079554,5,0.7857282,1.0968581
2023-09-19,0.11453051184260588,10,0.8101987,1.0148922
2023-10-04,-0.11119434672326074,21,0.71532774,1.0031624
2023-09-07,-0.42663423909878734,1,0.79907894,0.9446723
2023-09-11,0.39685989639397606,3,0.78835577,1.063071
2023-09-13,-0.40564067200521703,5,0.7859194,1.107681
2023-09-20,0.5536936224875542,10,0.80468315,0.9598098
2023-10-05,0.12045496364128955,21,0.7087992,1.0095625
2023-09-08,0.36249390381761515,1,0.79425865,1.0250671
2023-09-12,-0.32526405186079554,3,0.7857282,1.0915444
2023-09-14,1.3694159523059464,5,0.80374515,1.1250288
2023-09-21,-1.3274597059458602,10,0.8212706,1.0898746
2023-10-06,0.7694858761733387,21,0.7173321,1.0474042
2023-09-11,0.39685989639397606,1,0.78835577,1.0429604
2023-09-13,-0.40564067200521703,3,0.7859194,1.0375725
2023-09-15,0.35452796884259496,5,0.798936,1.0414014
2023-09-22,-0.23998451619157501,10,0.8120164,1.0916172
2023-10-09,-0.1417673643799241,21,0.7111381,1.0112958
2023-09-12,-0.32526405186079554,1,0.7857282,1.025554
2023-09-14,1.3694159523059464,3,0.80374515,1.0008793
2023-09-18,-1.131351805777676,5,0.812172,1.0635223
2023-09-25,-0.8543548014168962,10,0.817982,1.0032399
2023-10-10,1.98397663751935,21,0.7579303,1.0096143
2023-09-13,-0.40564067200521703,1,0.7859194,0.9742546
2023-09-15,0.35452796884259496,3,0.798936,1.0175564
2023-09-19,0.11453051184260588,5,0.8101987,1.076551
2023-09-26,-0.7555983407242052,10,0.82272774,0.9182646
2023-10-11,-0.49439386846670635,21,0.7591888,1.0002356
2023-09-14,1.3694159523059464,1,0.80374515,0.96849024
2023-09-18,-1.131351805777676,3,0.812172,1.0084447
2023-09-20,0.5536936224875542,5,0.80468315,1.0418572
2023-09-27,0.12048745490441275,10,0.8167767,0.936086
2023-10-12,0.05966790081824806,21,0.75795376,0.9414615
2023-09-15,0.35452796884259496,1,0.798936,1.0341879
2023-09-19,0.11453051184260588,3,0.8101987,0.99369574
2023-09-21,-1.3274597059458602,5,0.8212706,1.0679519
2023-09-28,0.4402965231681084,10,0.7352243,1.0191071
2023-10-13,-1.1573904419758112,21,0.76702803,1.0210016
2023-09-18,-1.131351805777676,1,0.812172,0.9956112
2023-09-20,0.5536936224875542,3,0.80468315,0.96273214
2023-09-22,-0.23998451619157501,5,0.8120164,1.0275064
2023-09-29,0.4383664080104628,10,0.7347149,0.9416947
2023-10-16,0.34923478428246624,21,0.76919925,0.9793695
2023-09-19,0.11453051184260588,1,0.8101987,0.9202329
2023-09-21,-1.3274597059458602,3,0.8212706,1.0436183
2023-09-25,-0.8543548014168962,5,0.817982,1.0806046
2023-10-02,-1.0350196240173324,10,0.7446097,0.9557235
2023-10-17,0.049465206041870644,21,0.7682418,0.9850621
2023-09-20,0.5536936224875542,1,0.80468315,0.9451971
2023-09-22,-0.23998451619157501,3,0.8120164,1.038558
2023-09-26,-0.7555983407242052,5,0.82272774,1.0523615
2023-10-03,-1.0998525963054018,10,0.74843276,0.9891743
2023-10-18,-0.907189939788893,21,0.76422757,0.9391115
2023-09-21,-1.3274597059458602,1,0.8212706,0.97259444
2023-09-25,-0.8543548014168962,3,0.817982,0.984336
2023-09-27,0.12048745490441275,5,0.8167767,1.0248148
2023-10-04,-0.11119434672326074,10,0.71532774,0.98208237
2023-10-19,-0.7173405289957887,21,0.722631,0.91878074
2023-09-22,-0.23998451619157501,1,0.8120164,1.0062772
2023-09-26,-0.7555983407242052,3,0.82272774,1.0305749
2023-09-28,0.4402965231681084,5,0.7352243,1.0673232
2023-10-05,0.12045496364128955,10,0.7087992,1.0047255
2023-10-20,-1.4565822035107878,21,0.7424323,1.008874
2023-09-25,-0.8543548014168962,1,0.817982,1.00759
2023-09-27,0.12048745490441275,3,0.8167767,0.9929993
2023-09-29,0.4383664080104628,5,0.7347149,1.0603691
2023-10-06,0.7694858761733387,10,0.7173321,0.9612601
2023-10-23,0.3469846006903331,21,0.74481386,1.0076498
2023-09-26,-0.7555983407242052,1,0.82272774,1.0665424
2023-09-28,0.4402965231681084,3,0.7352243,1.0542631
2023-10-02,-1.0350196240173324,5,0.7446097,1.1602054
2023-10-09,-0.1417673643799241,10,0.7111381,0.9946971
2023-10-24,0.5598367863883228,21,0.7423874,1.114533
2023-09-27,0.12048745490441275,1,0.8167767,0.99566686
2023-09-29,0.4383664080104628,3,0.7347149,1.0489702
2023-10-03,-1.0998525963054018,5,0.74843276,1.061965
2023-10-10,1.98397663751935,10,0.7579303,0.98957205
2023-10-25,0.020991335320385256,21,0.72206235,1.0130633
2023-09-28,0.4402965231681084,1,0.7352243,1.0238824
2023-10-02,-1.0350196240173324,3,0.7446097,1.043397
2023-10-04,-0.11119434672326074,5,0.71532774,1.1127217
2023-10-11,-0.49439386846670635,10,0.7591888,1.0513139
2023-10-26,-0.38242155763830293,21,0.72128004,1.0706687
2023-09-29,0.4383664080104628,1,0.7347149,1.0161309
2023-10-03,-1.0998525963054018,3,0.74843276,1.0028567
2023-10-05,0.12045496364128955,5,0.7087992,1.0606635
2023-10-12,0.05966790081824806,10,0.75795376,0.9512162
2023-10-27,-0.8849233770747028,21,0.7219195,0.9856843
2023-10-02,-1.0350196240173324,1,0.7446097,0.9656864
2023-10-04,-0.11119434672326074,3,0.71532774,1.0363585
2023-10-06,0.7694858761733387,5,0.7173321,1.1127815
2023-10-13,-1.1573904419758112,10,0.76702803,0.9214514
2023-10-30,0.30186329029837367,21,0.72400326,0.97623277
2023-10-03,-1.0998525963054018,1,0.74843276,1.016564
2023-10-05,0.12045496364128955,3,0.7087992,1.0459241
2023-10-09,-0.1417673643799241,5,0.7111381,1.0822244
2023-10-16,0.34923478428246624,10,0.76919925,1.024452
2023-10-31,0.9359370201550359,21,0.7304342,1.0330029
2023-10-04,-0.11119434672326074,1,0.71532774,1.0858494
2023-10-06,0.7694858761733387,3,0.7173321,1.00974
2023-10-10,1.98397663751935,5,0.7579303,1.0720869
2023-10-17,0.049465206041870644,10,0.7682418,1.0189838
2023-11-01,0.6719210607520331,21,0.72896355,1.0260925
2023-10-05,0.12045496364128955,1,0.7087992,0.99067485
2023-10-09,-0.1417673643799241,3,0.7111381,1.0945613
2023-10-11,-0.49439386846670635,5,0.7591888,1.1053638
2023-10-18,-0.907189939788893,10,0.76422757,1.0527719
2023-11-02,1.7062620545370961,21,0.74926746,1.0205281
2023-10-06,0.7694858761733387,1,0.7173321,1.0108585
2023-10-10,1.98397663751935,3,0.7579303,1.0644104
2023-10-12,0.05966790081824806,5,0.75795376,1.0610666
2023-10-19,-0.7173405289957887,10,0.722631,1.0712974
2023-11-03,0.1350695282140574,21,0.7321519,1.0011706
2023-10-09,-0.1417673643799241,1,0.7111381,1.0360081
2023-10-11,-0.49439386846670635,3,0.7591888,0.98607445
2023-10-13,-1.1573904419758112,5,0.76702803,1.0338557
2023-10-20,-1.4565822035107878,10,0.7424323,1.0325508
2023-11-06,-0.26575969718518655,21,0.732554,0.97427833
2023-10-10,1.98397663751935,1,0.7579303,0.9872564
2023-10-12,0.05966790081824806,3,0.75795376,1.0050467
2023-10-16,0.34923478428246624,5,0.76919925,1.0304906
2023-10-23,0.3469846006903331,10,0.74481386,0.97905076
2023-11-07,-0.546643173603537,21,0.72888494,0.96280634
2023-10-11,-0.49439386846670635,1,0.7591888,0.9906782
2023-10-13,-1.1573904419758112,3,0.76702803,1.0070318
2023-10-17,0.049465206041870644,5,0.7682418,1.0825652
2023-10-24,0.5598367863883228,10,0.7423874,1.0091634
2023-11-08,0.19017728875040762,21,0.7287458,1.0394394
2023-10-12,0.05966790081824806,1,0.75795376,0.9997916
2023-10-16,0.34923478428246624,3,0.76919925,1.0109117
2023-10-18,-0.907189939788893,5,0.76422757,1.0522461
2023-10-25,0.020991335320385256,10,0.72206235,1.0026989
2023-11-09,1.0044384136121887,21,0.7263256,0.98601234
2023-10-13,-1.1573904419758112,1,0.76702803,0.9613225
2023-10-17,0.049465206041870644,3,0.7682418,0.9789605
2023-10-19,-0.7173405289957887,5,0.722631,0.9912956
2023-10-26,-0.38242155763830293,10,0.72128004,0.9422458
2023-11-10,-0.5005784890066826,21,0.727014,0.90223724
2023-10-16,0.34923478428246624,1,0.76919925,0.9717046
2023-10-18,-0.907189939788893,3,0.76422757,1.0358994
2023-10-20,-1.4565822035107878,5,0.7424323,1.0995173
2023-10-27,-0.8849233770747028,10,0.7219195,0.9577235
2023-11-13,0.8986429762756354,21,0.73495364,1.0093727
2023-10-17,0.049465206041870644,1,0.7682418,0.99440265
2023-10-19,-0.7173405289957887,3,0.722631,1.0289075
2023-10-23,0.3469846006903331,5,0.74481386,1.0573545
2023-10-30,0.30186329029837367,10,0.72400326,1.0159713
2023-11-14,1.027016632311536,21,0.7410042,0.97374713
2023-10-18,-0.907189939788893,1,0.76422757,1.0232297
2023-10-20,-1.4565822035107878,3,0.7424323,1.0538459
2023-10-24,0.5598367863883228,5,0.7423874,1.1365314
2023-10-31,0.9359370201550359,10,0.7304342,1.0289804
2023-11-15,0.373896123889392,21,0.7424953,1.0767654
2023-10-19,-0.7173405289957887,1,0.722631,1.0225209
2023-10-23,0.3469846006903331,3,0.74481386,1.0657449
2023-10-25,0.020991335320385256,5,0.72206235,1.1199456
2023-11-01,0.6719210607520331,10,0.72896355,1.0029137
2023-11-16,-0.8733614885919916,21,0.7468444,1.0141821
2023-10-20,-1.4565822035107878,1,0.7424323,1.0148667
2023-10-24,0.5598367863883228,3,0.7423874,1.0657015
2023-10-26,-0.38242155763830293,5,0.72128004,1.1044966
2023-11-02,1.7062620545370961,10,0.74926746,1.0444552
2023-11-17,0.8844900344364099,21,0.75535357,1.0356517
2023-10-23,0.3469846006903331,1,0.74481386,1.0049208
2023-10-25,0.020991335320385256,3,0.72206235,1.0727171
2023-10-27,-0.8849233770747028,5,0.7219195,1.0801089
2023-11-03,0.1350695282140574,10,0.7321519,1.0293331
2023-11-20,0.18159115860661232,21,0.73775804,1.0064752
2023-10-24,0.5598367863883228,1,0.7423874,1.044907
2023-10-26,-0.38242155763830293,3,0.72128004,1.042232
2023-10-30,0.30186329029837367,5,0.72400326,1.0646919
2023-11-06,-0.26575969718518655,10,0.732554,1.030138
2023-11-21,-0.3835814248179261,21,0.7336107,0.9753934
2023-10-25,0.020991335320385256,1,0.72206235,0.9831504
2023-10-27,-0.8849233770747028,3,0.7219195,1.047642
2023-10-31,0.9359370201550359,5,0.7304342,1.0726645
2023-11-07,-0.546643173603537,10,0.72888494,0.99903905
2023-11-22,0.16711668259719104,21,0.73370564,0.9615853
2023-10-26,-0.38242155763830293,1,0.72128004,1.0111398
2023-10-30,0.30186329029837367,3,0.72400326,1.0143813
2023-11-01,0.6719210607520331,5,0.72896355,1.0674636
2023-11-08,0.19017728875040762,10,0.7287458,1.0125985
2023-11-23,0.3925523876017012,21,0.7333864,0.9902091
2023-10-27,-0.8849233770747028,1,0.7219195,1.0010073
2023-10-31,0.9359370201550359,3,0.7304342,1.0111198
2023-11-02,1.7062620545370961,5,0.74926746,1.0447233
2023-11-09,1.0044384136121887,10,0.7263256,1.0291848
2023-11-24,0.40132550121227534,21,0.7352241,1.0376064
2023-10-30,0.30186329029837367,1,0.72400326,0.96107996
2023-11-01,0.6719210607520331,3,0.72896355,1.0573671
2023-11-03,0.1350695282140574,5,0.7321519,1.0317479
2023-11-10,-0.5005784890066826,10,0.727014,1.058403
2023-11-27,-0.39319448841623383,21,0.73690027,0.9909322
2023-10-31,0.9359370201550359,1,0.7304342,1.0271635
2023-11-02,1.7062620545370961,3,0.74926746,1.03653
2023-11-06,-0.26575969718518655,5,0.732554,1.0699837
2023-11-13,0.8986429762756354,10,0.73495364,1.0679584
2023-11-28,-0.15238154546018126,21,0.7365441,0.9947847
2023-11-01,0.6719210607520331,1,0.72896355,1.0186918
2023-11-03,0.1350695282140574,3,0.7321519,0.9604466
2023-11-07,-0.546643173603537,5,0.72888494,1.0343448
2023-11-14,1.027016632311536,10,0.7410042,0.94333375
2023-11-29,0.1412936368131669,21,0.73095274,0.9379377
2023-11-02,1.7062620545370961,1,0.74926746,0.9751668
2023-11-06,-0.26575969718518655,3,0.732554,0.9739534
2023-11-08,0.19017728875040762,5,0.7287458,1.0266446
2023-11-15,0.373896123889392,10,0.7424953,0.93551344
2023-11-30,0.3461015413418343,21,0.7298599,0.94592404
2023-11-03,0.1350695282140574,1,0.7321519,0.9631865
2023-11-07,-0.546643173603537,3,0.72888494,0.98247266
2023-11-09,1.0044384136121887,5,0.7263256,1.0775414
2023-11-16,-0.8733614885919916,10,0.7468444,0.9294309
2023-12-01,0.7624969518352223,21,0.73478544,0.9878074
2023-11-06,-0.26575969718518655,1,0.732554,0.98662573
2023-11-08,0.19017728875040762,3,0.7287458,1.0610231
2023-11-10,-0.5005784890066826,5,0.727014,1.1033803
2023-11-17,0.8844900344364099,10,0.75535357,0.9393989
2023-12-04,-0.31852874100300554,21,0.7345983,1.0182937
2023-11-07,-0.546643173603537,1,0.72888494,0.92872995
2023-11-09,1.0044384136121887,3,0.7263256,1.0258783
2023-11-13,0.8986429762756354,5,0.73495364,1.0739822
2023-11-20,0.18159115860661232,10,0.73775804,0.9623186
2023-12-05,0.4748586727605944,21,0.7354519,0.9837251
2023-11-08,0.19017728875040762,1,0.7287458,0.964477
2023-11-10,-0.5005784890066826,3,0.727014,0.9839531
2023-11-14,1.027016632311536,5,0.7410042,1.0132056
2023-11-21,-0.3835814248179261,10,0.7336107,0.97681355
2023-12-06,0.46752877948957866,21,0.7352198,0.95523167
2023-11-09,1.0044384136121887,1,0.7263256,0.96812356
2023-11-13,0.8986429762756354,3,0.73495364,0.969073
2023-11-15,0.373896123889392,5,0.7424953,1.0196929
2023-11-22,0.16711668259719104,10,0.73370564,0.942839
2023-12-07,-0.06540983124906594,21,0.7146147,0.9373456
2023-11-10,-0.5005784890066826,1,0.727014,0.9253222
2023-11-14,1.027016632311536,3,0.7410042,0.99605775
2023-11-16,-0.8733614885919916,5,0.7468444,1.0240371
2023-11-23,0.3925523876017012,10,0.7333864,0.93622994
2023-12-08,0.9169097943858873,21,0.722642,0.9010423
2023-11-13,0.8986429762756354,1,0.73495364,0.9924906
2023-11-15,0.373896123889392,3,0.7424953,1.004672
2023-11-17,0.8844900344364099,5,0.75535357,1.0579165
2023-11-24,0.40132550121227534,10,0.7352241,0.9718976
2023-12-11,0.269059103490009,21,0.7067664,0.9965507
2023-11-14,1.027016632311536,1,0.7410042,0.9861634
2023-11-16,-0.8733614885919916,3,0.7468444,0.96282136
2023-11-20,0.18159115860661232,5,0.73775804,1.0604092
2023-11-27,-0.39319448841623383,10,0.73690027,0.91219276
2023-12-12,-0.11573617759495128,21,0.7070824,1.0099212
2023-11-15,0.373896123889392,1,0.7424953,0.9400401
2023-11-17,0.8844900344364099,3,0.75535357,0.99479467
2023-11-21,-0.3835814248179261,5,0.7336107,1.0535561
2023-11-28,-0.15238154546018126,10,0.7365441,0.8668168
2023-12-13,-0.14323814166487636,21,0.70446604,0.98129976
2023-11-16,-0.8733614885919916,1,0.7468444,0.92925364
2023-11-20,0.18159115860661232,3,0.73775804,0.9695382
2023-11-22,0.16711668259719104,5,0.73370564,1.0144669
2023-11-29,0.1412936368131669,10,0.73095274,0.9349324
2023-12-14,0.8356544639108864,21,0.6883018,0.9638226
2023-11-17,0.8844900344364099,1,0.75535357,0.9143546
2023-11-21,-0.3835814248179261,3,0.7336107,0.96747017
2023-11-23,0.3925523876017012,5,0.7333864,1.018982
2023-11-30,0.3461015413418343,10,0.7298599,0.9344882
2023-12-15,0.13206033863590036,21,0.6870528,0.91447407
2023-11-20,0.18159115860661232,1,0.73775804,0.9732599
2023-11-22,0.16711668259719104,3,0.73370564,0.97926974
2023-11-24,0.40132550121227534,5,0.7352241,1.0482339
2023-12-01,0.7624969518352223,10,0.73478544,0.9503796
2023-12-18,-0.3601856275237032,21,0.6785058,0.9647734
2023-11-21,-0.3835814248179261,1,0.7336107,0.927855
2023-11-23,0.3925523876017012,3,0.7333864,0.9872203
2023-11-27,-0.39319448841623383,5,0.73690027,1.0670612
2023-12-04,-0.31852874100300554,10,0.7345983,0.9111767
2023-12-19,0.24455309763362879,21,0.66951585,0.95485204
2023-11-22,0.16711668259719104,1,0.73370564,0.97418314
2023-11-24,0.40132550121227534,3,0.7352241,1.0216798
2023-11-28,-0.15238154546018126,5,0.7365441,1.0642955
2023-12-05,0.4748586727605944,10,0.7354519,0.97974503
2023-12-20,-0.030000643095941703,21,0.66975874,0.968259
2023-11-23,0.3925523876017012,1,0.7333864,0.97496843
2023-11-27,-0.39319448841623383,3,0.73690027,1.0003705
2023-11-29,0.1412936368131669,5,0.73095274,1.0448825
2023-12-06,0.46752877948957866,10,0.7352198,0.96753883
2023-12-21,-0.2962032372631944,21,0.67030954,0.97737825
2023-11-24,0.40132550121227534,1,0.7352241,0.9459765
2023-11-28,-0.15238154546018126,3,0.7365441,1.0108697
2023-11-30,0.3461015413418343,5,0.7298599,1.105563
2023-12-07,-0.06540983124906594,10,0.7146147,0.92665863
2023-12-22,0.042266184458458984,21,0.66882414,0.98762906
2023-11-27,-0.39319448841623383,1,0.73690027,0.9704083
2023-11-29,0.1412936368131669,3,0.73095274,0.9475533
2023-12-01,0.7624969518352223,5,0.73478544,1.0136173
2023-12-08,0.9169097943858873,10,0.722642,0.9464979
2023-12-27,0.28108087953664374,21,0.6527278,0.94093525
2023-11-28,-0.15238154546018126,1,0.7365441,0.984239
2023-11-30,0.3461015413418343,3,0.7298599,0.9539019
2023-12-04,-0.31852874100300554,5,0.7345983,1.0070021
2023-12-11,0.269059103490009,10,0.7067664,0.9636785
2023-12-28,-0.37566725038771454,21,0.63645446,0.93196386
2023-11-29,0.1412936368131669,1,0.73095274,0.9847839
2023-12-01,0.7624969518352223,3,0.73478544,1.003938
2023-12-05,0.4748586727605944,5,0.7354519,1.034388
2023-12-12,-0.11573617759495128,10,0.7070824,0.96512747
2023-12-29,0.045154655459550073,21,0.6357996,0.97635424
2023-11-30,0.3461015413418343,1,0.7298599,0.9187349
2023-12-04,-0.31852874100300554,3,0.7345983,1.0179768
2023-12-06,0.46752877948957866,5,0.7352198,1.0407073
2023-12-13,-0.14323814166487636,10,0.70446604,0.964693
2024-01-02,-0.029384046107877128,21,0.6361139,0.93338764
2023-12-01,0.7624969518352223,1,0.73478544,0.9847027
2023-12-05,0.4748586727605944,3,0.7354519,0.9860283
2023-12-07,-0.06540983124906594,5,0.7146147,1.0307577
2023-12-14,0.8356544639108864,10,0.6883018,0.9879637
2024-01-03,-1.0179873148132044,21,0.6470849,0.9425686
2023-12-04,-0.31852874100300554,1,0.7345983,0.99542403
2023-12-06,0.46752877948957866,3,0.7352198,0.93004763
2023-12-08,0.9169097943858873,5,0.722642,0.995825
2023-12-15,0.13206033863590036,10,0.6870528,0.91022325
2024-01-04,0.6352069171698371,21,0.65007067,0.9378505
2023-12-05,0.4748586727605944,1,0.7354519,0.94700325
2023-12-07,-0.06540983124906594,3,0.7146147,0.946806
2023-12-11,0.269059103490009,5,0.7067664,1.0119705
2023-12-18,-0.3601856275237032,10,0.6785058,0.91389203
2024-01-05,-0.15337923314517088,21,0.6022258,0.943853
2023-12-06,0.46752877948957866,1,0.7352198,0.9688282
2023-12-08,0.9169097943858873,3,0.722642,0.9699744
2023-12-12,-0.11573617759495128,5,0.7070824,1.038492
2023-12-19,0.24455309763362879,10,0.66951585,0.9600835
2024-01-08,0.09075979532169941,21,0.597643,0.97417915
2023-12-07,-0.06540983124906594,1,0.7146147,0.9496675
2023-12-11,0.269059103490009,3,0.7067664,0.9311627
2023-12-13,-0.14323814166487636,5,0.70446604,0.9838427
2023-12-20,-0.030000643095941703,10,0.66975874,0.928281
2024-01-09,-0.19170071740775257,21,0.59867007,0.8929324
2023-12-08,0.9169097943858873,1,0.722642,0.97092503
2023-12-12,-0.11573617759495128,3,0.7070824,1.0095193
2023-12-14,0.8356544639108864,5,0.6883018,1.0417274
2023-12-21,-0.2962032372631944,10,0.67030954,0.9141887
2024-01-10,-0.2679872594416614,21,0.57827455,0.9666011
2023-12-11,0.269059103490009,1,0.7067664,0.9082624
2023-12-13,-0.14323814166487636,3,0.70446604,0.9626249
2023-12-15,0.13206033863590036,5,0.6870528,1.011976
2023-12-22,0.042266184458458984,10,0.66882414,0.92142403
2024-01-11,-0.3775544637196933,21,0.58037984,0.89974016
2023-12-12,-0.11573617759495128,1,0.7070824,0.9677857
2023-12-14,0.8356544639108864,3,0.6883018,0.9658414
2023-12-18,-0.3601856275237032,5,0.6785058,1.0772083
2023-12-27,0.28108087953664374,10,0.6527278,0.9340375
2024-01-12,0.9480593306156085,21,0.5911051,1.0012643
2023-12-13,-0.14323814166487636,1,0.70446604,0.9703344
2023-12-15,0.13206033863590036,3,0.6870528,0.955966
2023-12-19,0.24455309763362879,5,0.66951585,1.0331296
2023-12-28,-0.37566725038771454,10,0.63645446,0.91597575
2024-01-15,-0.44039439922611623,21,0.58068764,0.9848968
2023-12-14,0.8356544639108864,1,0.6883018,0.972386
2023-12-18,-0.3601856275237032,3,0.6785058,0.96751904
2023-12-20,-0.030000643095941703,5,0.66975874,1.073619
2023-12-29,0.045154655459550073,10,0.6357996,0.93611544
2024-01-16,-0.18147841158555725,21,0.57193434,0.9904996
2023-12-15,0.13206033863590036,1,0.6870528,0.97367525
2023-12-19,0.24455309763362879,3,0.66951585,0.9771203
2023-12-21,-0.2962032372631944,5,0.67030954,1.038018
2024-01-02,-0.029384046107877128,10,0.6361139,0.9563334
2024-01-17,-1.0088128642078904,21,0.5537731,0.9762107
2023-12-18,-0.3601856275237032,1,0.6785058,0.91812974
2023-12-20,-0.030000643095941703,3,0.66975874,0.9705217
2023-12-22,0.042266184458458984,5,0.66882414,1.0254039
2024-01-03,-1.0179873148132044,10,0.6470849,0.88307697
2024-01-18,0.97117452477242,21,0.5639189,0.9202896
2023-12-19,0.24455309763362879,1,0.66951585,0.9546907
2023-12-21,-0.2962032372631944,3,0.67030954,1.0360267
2023-12-27,0.28108087953664374,5,0.6527278,1.0945306
2024-01-04,0.6352069171698371,10,0.65007067,0.94275916
2024-01-19,-0.10212914791389902,21,0.5618055,0.96981215
2023-12-20,-0.030000643095941703,1,0.66975874,1.0524858
2023-12-22,0.042266184458458984,3,0.66882414,1.0125377
2023-12-28,-0.37566725038771454,5,0.63645446,1.1033595
2024-01-05,-0.15337923314517088,10,0.6022258,1.0035084
2024-01-22,0.5881647337801649,21,0.56492025,1.0395341
2023-12-21,-0.2962032372631944,1,0.67030954,1.0286598
2023-12-27,0.28108087953664374,3,0.6527278,1.0154966
2023-12-29,0.045154655459550073,5,0.6357996,1.1324216
2024-01-08,0.09075979532169941,10,0.597643,1.0048006
2024-01-23,-0.1550147574401451,21,0.56220245,1.0643721
2023-12-22,0.042266184458458984,1,0.66882414,1.0020518
2023-12-28,-0.37566725038771454,3,0.63645446,1.014811
2024-01-02,-0.029384046107877128,5,0.6361139,1.0529718
2024-01-09,-0.19170071740775257,10,0.59867007,1.0236481
2024-01-24,1.507460076096131,21,0.5736811,1.0106463
2023-12-27,0.28108087953664374,1,0.6527278,0.9848547
2023-12-29,0.045154655459550073,3,0.6357996,1.0136935
2024-01-03,-1.0179873148132044,5,0.6470849,1.050792
2024-01-10,-0.2679872594416614,10,0.57827455,0.98620844
2024-01-25,0.4389969001512768,21,0.5744862,0.94649446
2023-12-28,-0.37566725038771454,1,0.63645446,0.98681605
2024-01-02,-0.029384046107877128,3,0.6361139,1.0241468
2024-01-04,0.6352069171698371,5,0.65007067,1.0403739
2024-01-11,-0.3775544637196933,10,0.58037984,1.0224221
2024-01-26,0.5617080487197288,21,0.56805503,0.9292658
2023-12-29,0.045154655459550073,1,0.6357996,0.9760338
2024-01-03,-1.0179873148132044,3,0.6470849,1.0043871
2024-01-05,-0.15337923314517088,5,0.6022258,1.0095248
2024-01-12,0.9480593306156085,10,0.5911051,0.9878489
2024-01-29,0.07104696080702272,21,0.5642773,0.9145401
2024-01-02,-0.029384046107877128,1,0.6361139,1.055302
2024-01-04,0.6352069171698371,3,0.65007067,0.9999243
2024-01-08,0.09075979532169941,5,0.597643,1.0639461
2024-01-15,-0.44039439922611623,10,0.58068764,1.0296142
2024-01-30,0.3012124489507929,21,0.5267795,1.016313
2024-01-03,-1.0179873148132044,1,0.6470849,1.0536773
2024-01-05,-0.15337923314517088,3,0.6022258,1.0222868
2024-01-09,-0.19170071740775257,5,0.59867007,1.0737386
2024-01-16,-0.18147841158555725,10,0.57193434,1.00458
2024-01-31,-0.14171661859111773,21,0.52797204,1.0229218
2024-01-04,0.6352069171698371,1,0.65007067,0.99823374
2024-01-08,0.09075979532169941,3,0.597643,1.0806216
2024-01-10,-0.2679872594416614,5,0.57827455,1.1112981
2024-01-17,-1.0088128642078904,10,0.5537731,1.0874007
2024-02-01,-0.37913070542312355,21,0.52960706,1.0344706
2024-01-05,-0.15337923314517088,1,0.6022258,1.0064409
2024-01-09,-0.19170071740775257,3,0.59867007,1.0372239
2024-01-11,-0.3775544637196933,5,0.58037984,1.0067201
2024-01-18,0.97117452477242,10,0.5639189,1.13173
2024-02-02,-0.17775023724699227,21,0.5237686,0.9771922
2024-01-08,0.09075979532169941,1,0.597643,1.0233674
2024-01-10,-0.2679872594416614,3,0.57827455,0.9857737
2024-01-12,0.9480593306156085,5,0.5911051,1.0479708
2024-01-19,-0.10212914791389902,10,0.5618055,0.98141277
2024-02-05,0.0621074195981962,21,0.5237913,0.96827877
2024-01-09,-0.19170071740775257,1,0.59867007,1.0067124
2024-01-11,-0.3775544637196933,3,0.58037984,1.0502026
2024-01-15,-0.44039439922611623,5,0.58068764,1.1211301
2024-01-22,0.5881647337801649,10,0.56492025,0.9510195
2024-02-06,0.801106150788888,21,0.5186744,0.9896274
2024-01-10,-0.2679872594416614,1,0.57827455,1.0109985
2024-01-12,0.9480593306156085,3,0.5911051,1.0493683
2024-01-16,-0.18147841158555725,5,0.57193434,1.080596
2024-01-23,-0.1550147574401451,10,0.56220245,1.031634
2024-02-07,-0.25930534751876005,21,0.5146446,0.99847615
2024-01-11,-0.3775544637196933,1,0.58037984,1.0952048
2024-01-15,-0.44039439922611623,3,0.58068764,1.0098268
2024-01-17,-1.0088128642078904,5,0.5537731,1.0863477
2024-01-24,1.507460076096131,10,0.5736811,1.03456
2024-02-08,0.46207567828824553,21,0.5066342,1.0738757
2024-01-12,0.9480593306156085,1,0.5911051,1.0051318
2024-01-16,-0.18147841158555725,3,0.57193434,1.0906472
2024-01-18,0.97117452477242,5,0.5639189,1.1357732
2024-01-25,0.4389969001512768,10,0.5744862,0.97502613
2024-02-09,0.3312381211515146,21,0.4934028,1.0464323
2024-01-15,-0.44039439922611623,1,0.58068764,0.96464616
2024-01-17,-1.0088128642078904,3,0.5537731,1.0810163
2024-01-19,-0.10212914791389902,5,0.5618055,1.0908581
2024-01-26,0.5617080487197288,10,0.56805503,1.0397515
2024-02-12,0.3974297397232525,21,0.49362358,1.0004427
2024-01-16,-0.18147841158555725,1,0.57193434,1.079971
2024-01-18,0.97117452477242,3,0.5639189,1.0610608
2024-01-22,0.5881647337801649,5,0.56492025,1.0813131
2024-01-29,0.07104696080702272,10,0.5642773,1.0873662
2024-02-13,-1.026672292647544,21,0.4991799,1.0545299
2024-01-17,-1.0088128642078904,1,0.5537731,1.0276098
2024-01-19,-0.10212914791389902,3,0.5618055,1.0363855
2024-01-23,-0.1550147574401451,5,0.56220245,1.0736467
2024-01-30,0.3012124489507929,10,0.5267795,1.014642
2024-02-14,0.33082852634946097,21,0.4896496,0.9977087
2024-01-18,0.97117452477242,1,0.5639189,1.0641582
2024-01-22,0.5881647337801649,3,0.56492025,1.1344659
2024-01-24,1.507460076096131,5,0.5736811,1.2112019
2024-01-31,-0.14171661859111773,10,0.52797204,1.0763108
2024-02-15,0.5778914053710363,21,0.49341455,1.1422992
2024-01-19,-0.10212914791389902,1,0.5618055,1.0804989
2024-01-23,-0.1550147574401451,3,0.56220245,1.0777726
2024-01-25,0.4389969001512768,5,0.5744862,1.079837
2024-02-01,-0.37913070542312355,10,0.52960706,1.0748034
2024-02-16,0.4654489379878816,21,0.49126115,1.0390247
2024-01-22,0.5881647337801649,1,0.56492025,1.0334358
2024-01-24,1.507460076096131,3,0.5736811,1.0373534
2024-01-26,0.5617080487197288,5,0.56805503,1.0818238
2024-02-02,-0.17775023724699227,10,0.5237686,1.0148087
2024-02-19,-0.13899215652798774,21,0.49236956,1.015209
2024-01-23,-0.1550147574401451,1,0.56220245,0.97489053
2024-01-25,0.4389969001512768,3,0.5744862,1.0340369
2024-01-29,0.07104696080702272,5,0.5642773,1.0550977
2024-02-05,0.0621074195981962,10,0.5237913,0.9764488
2024-02-20,-0.23555178479337738,21,0.49307927,0.998667
2024-01-24,1.507460076096131,1,0.5736811,1.006663
2024-01-26,0.5617080487197288,3,0.56805503,1.052413
2024-01-30,0.3012124489507929,5,0.5267795,1.1063282
2024-02-06,0.801106150788888,10,0.5186744,1.0091788
2024-02-21,0.23139979425932217,21,0.49184135,1.0310555
2024-01-25,0.4389969001512768,1,0.5744862,1.0181997
2024-01-29,0.07104696080702272,3,0.5642773,1.0481992
2024-01-31,-0.14171661859111773,5,0.52797204,1.0881418
2024-02-07,-0.25930534751876005,10,0.5146446,1.0581383
2024-02-22,1.2283595189207972,21,0.5083716,1.0339463
2024-01-26,0.5617080487197288,1,0.56805503,1.0017812
2024-01-30,0.3012124489507929,3,0.5267795,1.0138246
2024-02-01,-0.37913070542312355,5,0.52960706,1.0429636
2024-02-08,0.46207567828824553,10,0.5066342,1.0099136
2024-02-23,0.28668570235243335,21,0.5073926,0.9659676
2024-01-29,0.07104696080702272,1,0.5642773,0.9838098
2024-01-31,-0.14171661859111773,3,0.52797204,1.0188525
2024-02-02,-0.17775023724699227,5,0.5237686,1.080169
2024-02-09,0.3312381211515146,10,0.4934028,0.97304714
2024-02-26,-0.4673097251870635,21,0.51336616,1.0171859
2024-01-30,0.3012124489507929,1,0.5267795,0.9456539
2024-02-01,-0.37913070542312355,3,0.52960706,1.0070885
2024-02-05,0.0621074195981962,5,0.5237913,1.0383016
2024-02-12,0.3974297397232525,10,0.49362358,0.9566314
2024-02-27,0.316560898024833,21,0.5131671,0.9427458
2024-01-31,-0.14171661859111773,1,0.52797204,0.97104126
2024-02-02,-0.17775023724699227,3,0.5237686,1.0032268
2024-02-06,0.801106150788888,5,0.5186744,1.051302
2024-02-13,-1.026672292647544,10,0.4991799,0.9870894
2024-02-28,-0.15302744499721854,21,0.5075307,0.9540726
2024-02-01,-0.37913070542312355,1,0.52960706,1.018203
2024-02-05,0.0621074195981962,3,0.5237913,1.0071815
2024-02-07,-0.25930534751876005,5,0.5146446,1.0549011
2024-02-14,0.33082852634946097,10,0.4896496,0.99084806
2024-02-29,-0.23751923469181446,21,0.5064733,1.0080115
2024-02-02,-0.17775023724699227,1,0.5237686,0.97030294
2024-02-06,0.801106150788888,3,0.5186744,1.0217825
2024-02-08,0.46207567828824553,5,0.5066342,1.0956995
2024-02-15,0.5778914053710363,10,0.49341455,0.93954116
2024-03-01,0.5842275624228361,21,0.50799197,0.999537
2024-02-05,0.0621074195981962,1,0.5237913,0.99034
2024-02-07,-0.25930534751876005,3,0.5146446,1.0454456
2024-02-09,0.3312381211515146,5,0.4934028,1.1028042
2024-02-16,0.4654489379878816,10,0.49126115,0.99720585
2024-03-04,0.23137919064021162,21,0.506125,1.0114461
2024-02-06,0.801106150788888,1,0.5186744,0.9508256
2024-02-08,0.46207567828824553,3,0.5066342,1.0365689
2024-02-12,0.3974297397232525,5,0.49362358,1.0208992
2024-02-19,-0.13899215652798774,10,0.49236956,0.98419726
2024-03-05,-0.0972501411285059,21,0.5063297,0.9374283
2024-02-07,-0.25930534751876005,1,0.5146446,0.97088504
2024-02-09,0.3312381211515146,3,0.4934028,1.0175185
2024-02-13,-1.026672292647544,5,0.4991799,1.0718602
2024-02-20,-0.23555178479337738,10,0.49307927,0.9964604
2024-03-06,0.5665276246276596,21,0.49883577,0.9734912
2024-02-08,0.46207567828824553,1,0.5066342,1.0051433
2024-02-12,0.3974297397232525,3,0.49362358,1.0000001
2024-02-14,0.33082852634946097,5,0.4896496,1.0490113
2024-02-21,0.23139979425932217,10,0.49184135,0.9451819
2024-03-07,0.8676317976177496,21,0.50808036,0.96075964
2024-02-09,0.3312381211515146,1,0.4934028,0.9749637
2024-02-13,-1.026672292647544,3,0.4991799,1.0058315
2024-02-15,0.5778914053710363,5,0.49341455,1.0638676
2024-02-22,1.2283595189207972,10,0.5083716,0.9559478
2024-03-08,-0.23368105126865849,21,0.50921345,0.9993992
2024-02-12,0.3974297397232525,1,0.49362358,0.97298145
2024-02-14,0.33082852634946097,3,0.4896496,1.0063645
2024-02-16,0.4654489379878816,5,0.49126115,1.0122751
2024-02-23,0.28668570235243335,10,0.5073926,0.99349326
2024-03-11,-0.565641729946588,21,0.5156893,0.98524886
2024-02-13,-1.026672292647544,1,0.4991799,0.9545646
2024-02-15,0.5778914053710363,3,0.49341455,0.96028745
2024-02-19,-0.13899215652798774,5,0.49236956,1.0228673
2024-02-26,-0.4673097251870635,10,0.51336616,0.9315424
2024-03-12,0.8388870384430197,21,0.51576704,0.9242682
2024-02-14,0.33082852634946097,1,0.4896496,0.94537175
2024-02-16,0.4654489379878816,3,0.49126115,1.0580051
2024-02-20,-0.23555178479337738,5,0.49307927,1.0833023
2024-02-27,0.316560898024833,10,0.5131671,0.9930011
2024-03-13,0.2758437742645889,21,0.51622576,0.99466443
2024-02-15,0.5778914053710363,1,0.49341455,0.9863508
2024-02-19,-0.13899215652798774,3,0.49236956,0.98700315
2024-02-21,0.23139979425932217,5,0.49184135,1.0314857
2024-02-28,-0.15302744499721854,10,0.5075307,0.98342526
2024-03-14,-0.09164033484685372,21,0.5132532,0.9696795
2024-02-16,0.4654489379878816,1,0.49126115,1.0290239
2024-02-20,-0.23555178479337738,3,0.49307927,0.9813812
2024-02-22,1.2283595189207972,5,0.5083716,1.0754479
2024-02-29,-0.23751923469181446,10,0.5064733,0.9901688
2024-03-15,-0.11785110610639886,21,0.51380485,0.9990597
2024-02-19,-0.13899215652798774,1,0.49236956,0.9276434
2024-02-21,0.23139979425932217,3,0.49184135,1.0063306
2024-02-23,0.28668570235243335,5,0.5073926,1.0638847
2024-03-01,0.5842275624228361,10,0.50799197,0.8920372
2024-03-18,0.13123449332783652,21,0.51350063,0.9388261
2024-02-20,-0.23555178479337738,1,0.49307927,0.970925
2024-02-22,1.2283595189207972,3,0.5083716,0.98826873
2024-02-26,-0.4673097251870635,5,0.51336616,1.060745
2024-03-04,0.23137919064021162,10,0.506125,0.9698256
2024-03-19,0.5957501333806239,21,0.51447713,1.0024776
2024-02-21,0.23139979425932217,1,0.49184135,0.93106043
2024-02-23,0.28668570235243335,3,0.5073926,1.0046295
2024-02-27,0.316560898024833,5,0.5131671,1.0515363
2024-03-05,-0.0972501411285059,10,0.5063297,0.9307572
2024-03-20,-0.11380540506143914,21,0.51529133,0.9385167
2024-02-22,1.2283595189207972,1,0.5083716,0.9572108
2024-02-26,-0.4673097251870635,3,0.51336616,1.0105927
2024-02-28,-0.15302744499721854,5,0.5075307,1.0435445
2024-03-06,0.5665276246276596,10,0.49883577,0.95738685
2024-03-21,0.9701672484448541,21,0.52646846,0.9399361
2024-02-23,0.28668570235243335,1,0.5073926,0.97202444
2024-02-27,0.316560898024833,3,0.5131671,0.97364485
2024-02-29,-0.23751923469181446,5,0.5064733,1.0484979
2024-03-07,0.8676317976177496,10,0.50808036,0.9364997
2024-03-22,-0.08246879023864653,21,0.52301747,0.99310476
2024-02-26,-0.4673097251870635,1,0.51336616,0.99833465
2024-02-28,-0.15302744499721854,3,0.5075307,0.95846784
2024-03-01,0.5842275624228361,5,0.50799197,0.99835265
2024-03-08,-0.23368105126865849,10,0.50921345,0.96408284
2024-03-25,0.23930159120805353,21,0.5230353,0.93604887
2024-02-27,0.316560898024833,1,0.5131671,0.9462227
2024-02-29,-0.23751923469181446,3,0.5064733,1.0198288
2024-03-04,0.23137919064021162,5,0.506125,1.0838124
2024-03-11,-0.565641729946588,10,0.5156893,0.9298794
2024-03-26,0.29980101481674587,21,0.5229441,1.0355586
2024-02-28,-0.15302744499721854,1,0.5075307,0.98896587
2024-03-01,0.5842275624228361,3,0.50799197,1.0164821
2024-03-05,-0.0972501411285059,5,0.5063297,1.0760169
2024-03-12,0.8388870384430197,10,0.51576704,0.9755094
2024-03-27,0.10432489947798211,21,0.5001613,1.0186417
2024-02-29,-0.23751923469181446,1,0.5064733,1.0021179
2024-03-04,0.23137919064021162,3,0.506125,0.95372015
2024-03-06,0.5665276246276596,5,0.49883577,1.0281091
2024-03-13,0.2758437742645889,10,0.51622576,0.939763
2024-03-28,0.09569943245171723,21,0.49640396,0.94945455
2024-03-01,0.5842275624228361,1,0.50799197,1.019108
2024-03-05,-0.0972501411285059,3,0.5063297,1.009652
2024-03-07,0.8676317976177496,5,0.50808036,1.0703634
2024-03-14,-0.09164033484685372,10,0.5132532,0.99685395
2024-04-02,-0.35046994860418945,21,0.49913195,0.98786175
2024-03-04,0.23137919064021162,1,0.506125,0.9680594
2024-03-06,0.5665276246276596,3,0.49883577,0.9991121
2024-03-08,-0.23368105126865849,5,0.50921345,1.0744255
2024-03-15,-0.11785110610639886,10,0.51380485,0.94984543
2024-04-03,0.6853515487665319,21,0.5037579,0.9964955
2024-03-05,-0.0972501411285059,1,0.5063297,0.99283195
2024-03-07,0.8676317976177496,3,0.50808036,0.99972457
2024-03-11,-0.565641729946588,5,0.5156893,1.0929446
2024-03-18,0.13123449332783652,10,0.51350063,0.95092726
2024-04-04,-0.10191549736247546,21,0.50281936,0.98541784
2024-03-06,0.5665276246276596,1,0.49883577,0.9632428
2024-03-08,-0.23368105126865849,3,0.50921345,1.0059786
2024-03-12,0.8388870384430197,5,0.51576704,1.0289003
2024-03-19,0.5957501333806239,10,0.51447713,0.9416058
2024-04-05,-0.6426251623359618,21,0.5105456,0.92579156
2024-03-07,0.8676317976177496,1,0.50808036,0.9733926
2024-03-11,-0.565641729946588,3,0.5156893,1.0294361
2024-03-13,0.2758437742645889,5,0.51622576,1.0903975
2024-03-20,-0.11380540506143914,10,0.51529133,1.0246489
2024-04-08,0.7125399279800567,21,0.5105571,1.0147789
2024-03-08,-0.23368105126865849,1,0.50921345,0.9650172
2024-03-12,0.8388870384430197,3,0.51576704,0.95912814
2024-03-14,-0.09164033484685372,5,0.5132532,0.9755199
2024-03-21,0.9701672484448541,10,0.52646846,0.9735671
2024-04-09,-0.7158292393630166,21,0.51310694,0.92413056
2024-03-11,-0.565641729946588,1,0.5156893,0.9633577
2024-03-13,0.2758437742645889,3,0.51622576,1.0148144
2024-03-15,-0.11785110610639886,5,0.51380485,1.0790884
2024-03-22,-0.08246879023864653,10,0.52301747,0.9625846
2024-04-10,0.28904602157409975,21,0.507528,0.9727137
2024-03-12,0.8388870384430197,1,0.51576704,1.0231165
2024-03-14,-0.09164033484685372,3,0.5132532,1.0130544
2024-03-18,0.13123449332783652,5,0.51350063,1.0378934
2024-03-25,0.23930159120805353,10,0.5230353,1.0347555
2024-04-11,-0.41807235162564316,21,0.5111378,0.9904282
2024-03-13,0.2758437742645889,1,0.51622576,1.0433385
2024-03-15,-0.11785110610639886,3,0.51380485,1.0050635
2024-03-19,0.5957501333806239,5,0.51447713,1.0638819
2024-03-26,0.29980101481674587,10,0.5229441,1.0417088
2024-04-12,0.2197716313324415,21,0.48772645,1.0084128
2024-03-14,-0.09164033484685372,1,0.5132532,0.968094
2024-03-18,0.13123449332783652,3,0.51350063,1.0245366
2024-03-20,-0.11380540506143914,5,0.51529133,1.0565858
2024-03-27,0.10432489947798211,10,0.5001613,1.023246
2024-04-15,0.0026290709521905598,21,0.47691143,0.98834705
2024-03-15,-0.11785110610639886,1,0.51380485,0.98592246
2024-03-19,0.5957501333806239,3,0.51447713,1.0569162
2024-03-21,0.9701672484448541,5,0.52646846,1.1463672
2024-03-28,0.09569943245171723,10,0.49640396,0.97002536
2024-04-16,-1.296597444515214,21,0.51174307,1.0341344
2024-03-18,0.13123449332783652,1,0.51350063,1.0099182
2024-03-20,-0.11380540506143914,3,0.51529133,1.0216638
2024-03-22,-0.08246879023864653,5,0.52301747,1.0611362
2024-04-02,-0.35046994860418945,10,0.49913195,1.0221962
2024-04-17,-0.4778790238187193,21,0.51445955,0.9675731
2024-03-19,0.5957501333806239,1,0.51447713,0.99909884
2024-03-21,0.9701672484448541,3,0.52646846,1.0413805
2024-03-25,0.23930159120805353,5,0.5230353,1.1039323
2024-04-03,0.6853515487665319,10,0.5037579,0.9856939
2024-04-18,0.4066091176824463,21,0.5144173,0.9801429
2024-03-20,-0.11380540506143914,1,0.51529133,0.97781956
2024-03-22,-0.08246879023864653,3,0.52301747,0.9902096
2024-03-26,0.29980101481674587,5,0.5229441,1.0265664
2024-04-04,-0.10191549736247546,10,0.50281936,1.000095
2024-04-19,-0.32836368385880593,21,0.48502222,0.9518012
2024-03-21,0.9701672484448541,1,0.52646846,0.9714694
2024-03-25,0.23930159120805353,3,0.5230353,1.0206022
2024-03-27,0.10432489947798211,5,0.5001613,1.0498774
2024-04-05,-0.6426251623359618,10,0.5105456,0.96964586
2024-04-22,0.4555482284394171,21,0.4852217,0.9483816
2024-03-22,-0.08246879023864653,1,0.52301747,0.96694225
2024-03-26,0.29980101481674587,3,0.5229441,1.0200773
2024-03-28,0.09569943245171723,5,0.49640396,1.0157497
2024-04-08,0.7125399279800567,10,0.5105571,1.0160682
2024-04-23,1.0531883019665969,21,0.49710923,0.91872525
2024-03-25,0.23930159120805353,1,0.5230353,0.9738414
2024-03-27,0.10432489947798211,3,0.5001613,1.0016112
2024-04-02,-0.35046994860418945,5,0.49913195,1.0488433
2024-04-09,-0.7158292393630166,10,0.51310694,1.0034385
2024-04-24,-0.1878467064583957,21,0.49858004,0.991274
2024-03-26,0.29980101481674587,1,0.5229441,1.0062413
2024-03-28,0.09569943245171723,3,0.49640396,0.9885043
2024-04-03,0.6853515487665319,5,0.5037579,1.0179821
2024-04-10,0.28904602157409975,10,0.507528,1.0264328
2024-04-25,-0.7177175179478527,21,0.50907165,0.99098015
2024-03-27,0.10432489947798211,1,0.5001613,0.97944117
2024-04-02,-0.35046994860418945,3,0.49913195,0.97431475
2024-04-04,-0.10191549736247546,5,0.50281936,1.056152
2024-04-11,-0.41807235162564316,10,0.5111378,0.9342828
2024-04-26,0.9588879036869089,21,0.52031016,0.9942637
2024-03-28,0.09569943245171723,1,0.49640396,0.9640577
2024-04-03,0.6853515487665319,3,0.5037579,1.0104017
2024-04-05,-0.6426251623359618,5,0.5105456,1.0599476
2024-04-12,0.2197716313324415,10,0.48772645,0.9877094
2024-04-29,-0.05529917652985286,21,0.5168429,0.95698607
2024-04-02,-0.35046994860418945,1,0.49913195,0.97782516
2024-04-04,-0.10191549736247546,3,0.50281936,0.9619386
2024-04-08,0.7125399279800567,5,0.5105571,1.0280042
2024-04-15,0.0026290709521905598,10,0.47691143,0.96234405
2024-04-30,-0.991338937205877,21,0.53495735,0.96546584
2024-04-03,0.6853515487665319,1,0.5037579,0.9882638
2024-04-05,-0.6426251623359618,3,0.5105456,0.99678826
2024-04-09,-0.7158292393630166,5,0.51310694,1.081427
2024-04-16,-1.296597444515214,10,0.51174307,0.9378698
2024-05-02,-0.44124580022850074,21,0.5394816,0.983721
2024-04-04,-0.10191549736247546,1,0.50281936,0.99522656
2024-04-08,0.7125399279800567,3,0.5105571,1.0200105
2024-04-10,0.28904602157409975,5,0.507528,1.1118444
2024-04-17,-0.4778790238187193,10,0.51445955,0.9072532
2024-05-03,0.5243445229633839,21,0.53446805,1.0175902
2024-04-05,-0.6426251623359618,1,0.5105456,0.93844914
2024-04-09,-0.7158292393630166,3,0.51310694,1.077873
2024-04-11,-0.41807235162564316,5,0.5111378,1.1152431
2024-04-18,0.4066091176824463,10,0.5144173,0.96525955
2024-05-06,0.7329241393547479,21,0.5389186,0.97343826
2024-04-08,0.7125399279800567,1,0.5105571,1.0173786
2024-04-10,0.28904602157409975,3,0.507528,1.0427015
2024-04-12,0.2197716313324415,5,0.48772645,1.0911132
2024-04-19,-0.32836368385880593,10,0.48502222,1.029171
2024-05-07,0.823812305911939,21,0.5449923,1.0390776
2024-04-09,-0.7158292393630166,1,0.51310694,1.0130165
2024-04-11,-0.41807235162564316,3,0.5111378,1.0155475
2024-04-15,0.0026290709521905598,5,0.47691143,1.0706222
2024-04-22,0.4555482284394171,10,0.4852217,0.99412787
2024-05-08,0.38591555804828964,21,0.54541564,1.0052769
2024-04-10,0.28904602157409975,1,0.507528,1.0100175
2024-04-12,0.2197716313324415,3,0.48772645,1.06811
2024-04-16,-1.296597444515214,5,0.51174307,1.0860995
2024-04-23,1.0531883019665969,10,0.49710923,1.0503218
2024-05-09,0.4525777300884712,21,0.54595447,1.010279
2024-04-11,-0.41807235162564316,1,0.5111378,1.0729121
2024-04-15,0.0026290709521905598,3,0.47691143,1.0869795
2024-04-17,-0.4778790238187193,5,0.51445955,1.1207767
2024-04-24,-0.1878467064583957,10,0.49858004,1.0674748
2024-05-10,0.7298099277535871,21,0.53080434,1.0712492
2024-04-12,0.2197716313324415,1,0.48772645,1.0209596
2024-04-16,-1.296597444515214,3,0.51174307,1.0313562
2024-04-18,0.4066091176824463,5,0.5144173,1.0546758
2024-04-25,-0.7177175179478527,10,0.50907165,1.0326685
2024-05-13,-0.08892096929841989,21,0.5310151,0.98947746
2024-04-15,0.0026290709521905598,1,0.47691143,1.0458848
2024-04-17,-0.4778790238187193,3,0.51445955,1.0599554
2024-04-19,-0.32836368385880593,5,0.48502222,1.1035243
2024-04-26,0.9588879036869089,10,0.52031016,1.0349822
2024-05-14,0.01998188745242724,21,0.527972,1.0410106
2024-04-16,-1.296597444515214,1,0.51174307,1.0142273
2024-04-18,0.4066091176824463,3,0.5144173,1.0459754
2024-04-22,0.4555482284394171,5,0.4852217,1.086372
2024-04-29,-0.05529917652985286,10,0.5168429,1.0564253
2024-05-15,0.39109788690646186,21,0.5272435,1.0213407
2024-04-17,-0.4778790238187193,1,0.51445955,1.084756
2024-04-19,-0.32836368385880593,3,0.48502222,1.0784146
2024-04-23,1.0531883019665969,5,0.49710923,1.1141849
2024-04-30,-0.991338937205877,10,0.53495735,1.0944242
2024-05-16,-0.19986061399103078,21,0.52781373,1.0568366
2024-04-18,0.4066091176824463,1,0.5144173,1.0378642
2024-04-22,0.4555482284394171,3,0.4852217,1.0855438
2024-04-24,-0.1878467064583957,5,0.49858004,1.0849572
2024-05-02,-0.44124580022850074,10,0.5394816,1.0688102
2024-05-17,-0.1094176516146569,21,0.5266168,1.0327799
2024-04-19,-0.32836368385880593,1,0.48502222,1.0133977
2024-04-23,1.0531883019665969,3,0.49710923,1.0707283
2024-04-25,-0.7177175179478527,5,0.50907165,1.0783541
2024-05-03,0.5243445229633839,10,0.53446805,1.0548902
2024-05-20,0.08303964171470624,21,0.526451,0.986264
2024-04-22,0.4555482284394171,1,0.4852217,1.08562
2024-04-24,-0.1878467064583957,3,0.49858004,1.0887141
2024-04-26,0.9588879036869089,5,0.52031016,1.1140792
2024-05-06,0.7329241393547479,10,0.5389186,1.1147845
2024-05-21,-0.41007446532644193,21,0.5102975,1.0472608
2024-04-23,1.0531883019665969,1,0.49710923,1.0098532
2024-04-25,-0.7177175179478527,3,0.50907165,1.0807011
2024-04-29,-0.05529917652985286,5,0.5168429,1.0721601
2024-05-07,0.823812305911939,10,0.5449923,1.0541251
2024-05-22,-0.29181420962263505,21,0.5120564,0.9832835
2024-04-24,-0.1878467064583957,1,0.49858004,1.049844
2024-04-26,0.9588879036869089,3,0.52031016,1.0627797
2024-04-30,-0.991338937205877,5,0.53495735,1.1160095
2024-05-08,0.38591555804828964,10,0.54541564,1.0815129
2024-05-23,0.3060272895563816,21,0.50765,1.0731326
2024-04-25,-0.7177175179478527,1,0.50907165,1.0464168
2024-04-29,-0.05529917652985286,3,0.5168429,1.0201154
2024-05-02,-0.44124580022850074,5,0.5394816,1.0926292
2024-05-09,0.4525777300884712,10,0.54595447,0.98907316
2024-05-24,-0.03359780870516311,21,0.50709796,1.0476419
2024-04-26,0.9588879036869089,1,0.52031016,1.0238061
2024-04-30,-0.991338937205877,3,0.53495735,1.0956192
2024-05-03,0.5243445229633839,5,0.53446805,1.1138198
2024-05-10,0.7298099277535871,10,0.53080434,1.0662265
2024-05-27,0.41401517862316844,21,0.5077495,1.0368364
2024-04-29,-0.05529917652985286,1,0.5168429,1.020437
2024-05-02,-0.44124580022850074,3,0.5394816,1.0492182
2024-05-06,0.7329241393547479,5,0.5389186,1.0417998
2024-05-13,-0.08892096929841989,10,0.5310151,1.0989332
2024-05-28,-0.5407546296578098,21,0.51265967,1.0396599
2024-04-30,-0.991338937205877,1,0.53495735,1.0414758
2024-05-03,0.5243445229633839,3,0.53446805,1.0412481
2024-05-07,0.823812305911939,5,0.5449923,1.10152
2024-05-14,0.01998188745242724,10,0.527972,1.0105963
2024-05-29,-1.170852390300532,21,0.5339454,0.9900019
2024-05-02,-0.44124580022850074,1,0.5394816,1.0202855
2024-05-06,0.7329241393547479,3,0.5389186,1.0907862
2024-05-08,0.38591555804828964,5,0.54541564,1.1485187
2024-05-15,0.39109788690646186,10,0.5272435,0.98944294
2024-05-30,0.183790517523239,21,0.53373164,1.0380154
2024-05-03,0.5243445229633839,1,0.53446805,1.0619661
2024-05-07,0.823812305911939,3,0.5449923,1.0950806
2024-05-09,0.4525777300884712,5,0.54595447,1.125033
2024-05-16,-0.19986061399103078,10,0.52781373,1.0386703
2024-05-31,0.022215107671300374,21,0.53333604,1.0884078
2024-05-06,0.7329241393547479,1,0.5389186,1.0618405
2024-05-08,0.38591555804828964,3,0.54541564,1.06536
2024-05-10,0.7298099277535871,5,0.53080434,1.0996714
2024-05-17,-0.1094176516146569,10,0.5266168,1.0729356
2024-06-03,0.2863938859590722,21,0.53011173,1.051728
2024-05-07,0.823812305911939,1,0.5449923,0.9818089
2024-05-09,0.4525777300884712,3,0.54595447,1.0755596
2024-05-13,-0.08892096929841989,5,0.5310151,1.0999465
2024-05-20,0.08303964171470624,10,0.526451,1.0213145
2024-06-04,-1.04909805445362,21,0.5384906,1.001396
2024-05-08,0.38591555804828964,1,0.54541564,0.9850775
2024-05-10,0.7298099277535871,3,0.53080434,1.0505298
2024-05-14,0.01998188745242724,5,0.527972,1.0908871
2024-05-21,-0.41007446532644193,10,0.5102975,0.99825776
2024-06-05,1.262543918309237,21,0.56022686,1.0113444
2024-05-09,0.4525777300884712,1,0.54595447,0.9899519
2024-05-13,-0.08892096929841989,3,0.5310151,0.98695874
2024-05-15,0.39109788690646186,5,0.5272435,0.9865049
2024-05-22,-0.29181420962263505,10,0.5120564,0.98585
2024-06-06,0.5316299159810285,21,0.5574919,0.92871153
2024-05-10,0.7298099277535871,1,0.53080434,0.94815654
2024-05-14,0.01998188745242724,3,0.527972,1.0188413
2024-05-16,-0.19986061399103078,5,0.52781373,1.0524124
2024-05-23,0.3060272895563816,10,0.50765,0.98539543
2024-06-07,-0.38352697037278216,21,0.5513804,0.96928555
2024-05-13,-0.08892096929841989,1,0.5310151,0.9770899
2024-05-15,0.39109788690646186,3,0.5272435,1.01456
2024-05-17,-0.1094176516146569,5,0.5266168,1.0728738
2024-05-24,-0.03359780870516311,10,0.50709796,0.9972764
2024-06-10,-0.5741455688554225,21,0.5564784,1.0038716
2024-05-14,0.01998188745242724,1,0.527972,0.98809505
2024-05-16,-0.19986061399103078,3,0.52781373,0.97705126
2024-05-20,0.08303964171470624,5,0.526451,1.0149472
2024-05-27,0.41401517862316844,10,0.5077495,0.9961486
2024-06-11,-1.1490303957266645,21,0.57707316,0.9702865
2024-05-15,0.39109788690646186,1,0.5272435,0.9515869
2024-05-17,-0.1094176516146569,3,0.5266168,0.9997726
2024-05-21,-0.41007446532644193,5,0.5102975,1.0556239
2024-05-28,-0.5407546296578098,10,0.51265967,0.96922034
2024-06-12,1.2136397885249046,21,0.59686,0.967998
2024-05-16,-0.19986061399103078,1,0.52781373,0.97873414
2024-05-20,0.08303964171470624,3,0.526451,0.9826528
2024-05-22,-0.29181420962263505,5,0.5120564,1.0372965
2024-05-29,-1.170852390300532,10,0.5339454,0.960485
2024-06-13,-1.8635756586001762,21,0.6455136,0.95900637
2024-05-17,-0.1094176516146569,1,0.5266168,0.9447484
2024-05-21,-0.41007446532644193,3,0.5102975,1.0015179
2024-05-23,0.3060272895563816,5,0.50765,1.0721393
2024-05-30,0.183790517523239,10,0.53373164,0.9164408
2024-06-14,-1.9341976207038865,21,0.6879137,0.9628521
2024-05-20,0.08303964171470624,1,0.526451,0.93859154
2024-05-22,-0.29181420962263505,3,0.5120564,1.0389583
2024-05-24,-0.03359780870516311,5,0.50709796,1.0677472
2024-05-31,0.022215107671300374,10,0.53333604,0.94661117
2024-06-17,0.6888381866272681,21,0.6940542,0.94024134
2024-05-21,-0.41007446532644193,1,0.5102975,0.9901993
2024-05-23,0.3060272895563816,3,0.50765,0.9984222
2024-05-27,0.41401517862316844,5,0.5077495,1.101463
2024-06-03,0.2863938859590722,10,0.53011173,0.9517076
2024-06-18,0.9817985493962162,21,0.69433635,0.9902444
2024-05-22,-0.29181420962263505,1,0.5120564,0.99244004
2024-05-24,-0.03359780870516311,3,0.50709796,1.0666721
2024-05-28,-0.5407546296578098,5,0.51265967,1.11127
2024-06-04,-1.04909805445362,10,0.5384906,0.96875346
2024-06-19,-0.541275119184223,21,0.69758296,1.0214145
2024-05-23,0.3060272895563816,1,0.50765,0.9313849
2024-05-27,0.41401517862316844,3,0.5077495,1.0131606
2024-05-29,-1.170852390300532,5,0.5339454,1.006603
2024-06-05,1.262543918309237,10,0.56022686,0.9729867
2024-06-20,1.2829266773534511,21,0.7170283,0.91735816
2024-05-24,-0.03359780870516311,1,0.50709796,1.0327098
2024-05-28,-0.5407546296578098,3,0.51265967,1.0212034
2024-05-30,0.183790517523239,5,0.53373164,1.0670696
2024-06-06,0.5316299159810285,10,0.5574919,1.0570107
2024-06-21,-0.9077318684752219,21,0.72515035,1.0267508
2024-05-27,0.41401517862316844,1,0.5077495,0.9685823
2024-05-29,-1.170852390300532,3,0.5339454,1.0135283
2024-05-31,0.022215107671300374,5,0.53333604,1.0243071
2024-06-07,-0.38352697037278216,10,0.5513804,0.9638238
2024-06-24,0.7289641261752828,21,0.7315361,0.94164634
2024-05-28,-0.5407546296578098,1,0.51265967,0.9750191
2024-05-30,0.183790517523239,3,0.53373164,0.9828582
2024-06-03,0.2863938859590722,5,0.53011173,1.0501149
2024-06-10,-0.5741455688554225,10,0.5564784,0.98995996
2024-06-25,-0.44965388709548426,21,0.73349166,1.0022866
2024-05-29,-1.170852390300532,1,0.5339454,1.015315
2024-05-31,0.022215107671300374,3,0.53333604,0.96890366
2024-06-04,-1.04909805445362,5,0.5384906,1.024846
2024-06-11,-1.1490303957266645,10,0.57707316,0.9559008
2024-06-26,-0.5908702958785137,21,0.73594356,0.9742136
2024-05-30,0.183790517523239,1,0.53373164,1.0339162
2024-06-03,0.2863938859590722,3,0.53011173,1.0479159
2024-06-05,1.262543918309237,5,0.56022686,1.0987556
2024-06-12,1.2136397885249046,10,0.59686,1.0050395
2024-06-27,-0.34142202770059227,21,0.73093516,1.017117
2024-05-31,0.022215107671300374,1,0.53333604,0.9853344
2024-06-04,-1.04909805445362,3,0.5384906,1.0777692
2024-06-06,0.5316299159810285,5,0.5574919,1.1263958
2024-06-13,-1.8635756586001762,10,0.6455136,1.0287707
2024-06-28,-0.26845473083956345,21,0.7314607,1.0382226
2024-06-03,0.2863938859590722,1,0.53011173,1.0192503
2024-06-05,1.262543918309237,3,0.56022686,0.99419665
2024-06-07,-0.38352697037278216,5,0.5513804,1.0364437
2024-06-14,-1.9341976207038865,10,0.6879137,0.9875304
2024-07-01,0.8433037246729981,21,0.7362105,0.9493323
2024-06-04,-1.04909805445362,1,0.5384906,1.0085912
2024-06-06,0.5316299159810285,3,0.5574919,0.99333227
2024-06-10,-0.5741455688554225,5,0.5564784,1.0583544
2024-06-17,0.6888381866272681,10,0.6940542,0.98257625
2024-07-02,-0.0441020233939338,21,0.7298036,0.9861108
2024-06-05,1.262543918309237,1,0.56022686,0.9810463
2024-06-07,-0.38352697037278216,3,0.5513804,1.0846226
2024-06-11,-1.1490303957266645,5,0.57707316,1.1202669
2024-06-18,0.9817985493962162,10,0.69433635,0.9942558
2024-07-03,1.1238574945897704,21,0.73943746,1.0206076
2024-06-06,0.5316299159810285,1,0.5574919,1.0103725
2024-06-10,-0.5741455688554225,3,0.5564784,1.0408095
2024-06-12,1.2136397885249046,5,0.59686,1.080951
2024-06-19,-0.541275119184223,10,0.69758296,1.0603874
2024-07-04,0.6442710032552299,21,0.7432653,1.0273781
2024-06-07,-0.38352697037278216,1,0.5513804,0.9741216
2024-06-11,-1.1490303957266645,3,0.57707316,1.0161374
2024-06-13,-1.8635756586001762,5,0.6455136,1.0138395
2024-06-20,1.2829266773534511,10,0.7170283,1.0039291
2024-07-05,-0.23206518755608832,21,0.74188584,0.94529456
2024-06-10,-0.5741455688554225,1,0.5564784,1.0245361
2024-06-12,1.2136397885249046,3,0.59686,0.99936306
2024-06-14,-1.9341976207038865,5,0.6879137,1.055936
2024-06-21,-0.9077318684752219,10,0.72515035,0.96835256
2024-07-08,-0.22139063388767993,21,0.74187094,0.99582314
2024-06-11,-1.1490303957266645,1,0.57707316,1.0449498
2024-06-13,-1.8635756586001762,3,0.6455136,1.0815511
2024-06-17,0.6888381866272681,5,0.6940542,1.1485015
2024-06-24,0.7289641261752828,10,0.7315361,1.0482967
2024-07-09,-1.0076987950356793,21,0.7530545,1.1002253
2024-06-12,1.2136397885249046,1,0.59686,1.0357219
2024-06-14,-1.9341976207038865,3,0.6879137,1.0646322
2024-06-18,0.9817985493962162,5,0.69433635,1.0621946
2024-06-25,-0.44965388709548426,10,0.73349166,1.076473
2024-07-10,0.8855926135026754,21,0.74312234,1.0304334
2024-06-13,-1.8635756586001762,1,0.6455136,1.1263416
2024-06-17,0.6888381866272681,3,0.6940542,1.067119
2024-06-19,-0.541275119184223,5,0.69758296,1.1854317
2024-06-26,-0.5908702958785137,10,0.73594356,1.0860002
2024-07-11,0.19859407248197775,21,0.74066734,1.1665632
2024-06-14,-1.9341976207038865,1,0.6879137,1.0412058
2024-06-18,0.9817985493962162,3,0.69433635,1.0828768
2024-06-20,1.2829266773534511,5,0.7170283,1.1235228
2024-06-27,-0.34142202770059227,10,0.73093516,1.0101285
2024-07-12,0.9453186939874039,21,0.7485963,1.0124867
2024-06-17,0.6888381866272681,1,0.6940542,1.042594
2024-06-19,-0.541275119184223,3,0.69758296,1.1398033
2024-06-21,-0.9077318684752219,5,0.72515035,1.1641527
2024-06-28,-0.26845473083956345,10,0.7314607,1.0656433
2024-07-15,-0.892602490441792,21,0.7567232,1.0941232
2024-06-18,0.9817985493962162,1,0.69433635,1.0417173
2024-06-20,1.2829266773534511,3,0.7170283,1.0964214
2024-06-24,0.7289641261752828,5,0.7315361,1.0987732
2024-07-01,0.8433037246729981,10,0.7362105,1.0995166
2024-07-16,-0.4569172690169304,21,0.7570808,1.037734
2024-06-19,-0.541275119184223,1,0.69758296,1.0732186
2024-06-21,-0.9077318684752219,3,0.72515035,1.0574831
2024-06-25,-0.44965388709548426,5,0.73349166,1.1046247
2024-07-02,-0.0441020233939338,10,0.7298036,1.0266813
2024-07-17,-1.1776237064166895,21,0.7597152,0.9935122
2024-06-20,1.2829266773534511,1,0.7170283,1.0234183
2024-06-24,0.7289641261752828,3,0.7315361,1.1180022
2024-06-26,-0.5908702958785137,5,0.73594356,1.1282814
2024-07-03,1.1238574945897704,10,0.73943746,1.0658021
2024-07-18,-0.03147781677102468,21,0.75942564,1.049478
2024-06-21,-0.9077318684752219,1,0.72515035,1.0018947
2024-06-25,-0.44965388709548426,3,0.73349166,1.056301
2024-06-27,-0.34142202770059227,5,0.73093516,1.0464448
2024-07-04,0.6442710032552299,10,0.7432653,1.094484
2024-07-19,-0.7591304816122292,21,0.7600841,0.9929937
2024-06-24,0.7289641261752828,1,0.7315361,1.0687655
2024-06-26,-0.5908702958785137,3,0.73594356,1.0632323
2024-06-28,-0.26845473083956345,5,0.7314607,1.0760568
2024-07-05,-0.23206518755608832,10,0.74188584,1.1484374
2024-07-22,0.9578771718539522,21,0.7600619,1.0716523
2024-06-25,-0.44965388709548426,1,0.73349166,0.99599326
2024-06-27,-0.34142202770059227,3,0.73093516,1.0938616
2024-07-01,0.8433037246729981,5,0.7362105,1.0961403
2024-07-08,-0.22139063388767993,10,0.74187094,1.0699236
2024-07-23,-0.09029044036410543,21,0.7600981,1.0140495
2024-06-26,-0.5908702958785137,1,0.73594356,1.078507
2024-06-28,-0.26845473083956345,3,0.7314607,1.0445082
2024-07-02,-0.0441020233939338,5,0.7298036,1.0740876
2024-07-09,-1.0076987950356793,10,0.7530545,1.1174576
2024-07-24,-0.8149544410401857,21,0.7566371,1.0232207
2024-06-27,-0.34142202770059227,1,0.73093516,1.0983665
2024-07-01,0.8433037246729981,3,0.7362105,1.0251272
2024-07-03,1.1238574945897704,5,0.73943746,1.0785635
2024-07-10,0.8855926135026754,10,0.74312234,1.0450737
2024-07-25,-1.5349568572981265,21,0.77968997,1.0502138
2024-06-28,-0.26845473083956345,1,0.7314607,0.98851836
2024-07-02,-0.0441020233939338,3,0.7298036,1.0888922
2024-07-04,0.6442710032552299,5,0.7432653,1.1118413
2024-07-11,0.19859407248197775,10,0.74066734,1.0141985
2024-07-26,1.0351840619348527,21,0.78871536,0.98812985
2024-07-01,0.8433037246729981,1,0.7362105,1.0278106
2024-07-03,1.1238574945897704,3,0.73943746,1.0761611
2024-07-05,-0.23206518755608832,5,0.74188584,1.1464477
2024-07-12,0.9453186939874039,10,0.7485963,1.0250332
2024-07-29,-0.6366069244992295,21,0.7859736,1.072037
2024-07-02,-0.0441020233939338,1,0.7298036,1.0336298
2024-07-04,0.6442710032552299,3,0.7432653,1.0479698
2024-07-08,-0.22139063388767993,5,0.74187094,1.0635041
2024-07-15,-0.892602490441792,10,0.7567232,1.0271243
2024-07-30,0.5301081133927488,21,0.78130037,0.9442544
2024-07-03,1.1238574945897704,1,0.73943746,0.95901716
2024-07-05,-0.23206518755608832,3,0.74188584,1.0838565
2024-07-09,-1.0076987950356793,5,0.7530545,1.0908991
2024-07-16,-0.4569172690169304,10,0.7570808,1.0379118
2024-07-31,1.0699910026683093,21,0.7928408,0.985031
2024-07-04,0.6442710032552299,1,0.7432653,1.0024772
2024-07-08,-0.22139063388767993,3,0.74187094,1.0304463
2024-07-10,0.8855926135026754,5,0.74312234,1.0755363
2024-07-17,-1.1776237064166895,10,0.7597152,1.0089737
2024-08-01,-1.7428026549496864,21,0.81947666,1.0240926
2024-07-05,-0.23206518755608832,1,0.74188584,0.9503021
2024-07-09,-1.0076987950356793,3,0.7530545,1.0212516
2024-07-11,0.19859407248197775,5,0.74066734,1.0162333
2024-07-18,-0.03147781677102468,10,0.75942564,0.9910569
2024-08-02,-2.7325334556901857,21,0.88065326,0.91303587
2024-07-08,-0.22139063388767993,1,0.74187094,0.9880078
2024-07-10,0.8855926135026754,3,0.74312234,1.0125364
2024-07-12,0.9453186939874039,5,0.7485963,1.0062821
2024-07-19,-0.7591304816122292,10,0.7600841,1.0552268
2024-08-05,-1.7997056478071773,21,0.9061641,0.95410395
2024-07-09,-1.0076987950356793,1,0.7530545,1.0102229
2024-07-11,0.19859407248197775,3,0.74066734,0.9986588
2024-07-15,-0.892602490441792,5,0.7567232,1.0669364
2024-07-22,0.9578771718539522,10,0.7600619,0.9928231
2024-08-06,0.2599073223185637,21,0.9075564,1.029921
2024-07-10,0.8855926135026754,1,0.74312234,0.9992194
2024-07-12,0.9453186939874039,3,0.7485963,1.0139565
2024-07-16,-0.4569172690169304,5,0.7570808,1.0473268
2024-07-23,-0.09029044036410543,10,0.7600981,0.98468226
2024-08-07,2.1439747788972654,21,0.95295465,0.9834855
2024-07-11,0.19859407248197775,1,0.74066734,0.99324274
2024-07-15,-0.892602490441792,3,0.7567232,1.0008043
2024-07-17,-1.1776237064166895,5,0.7597152,1.0700692
2024-07-24,-0.8149544410401857,10,0.7566371,0.9520554
2024-08-08,-0.14877992748932817,21,0.9529225,1.0101936
2024-07-12,0.9453186939874039,1,0.7485963,0.99577147
2024-07-16,-0.4569172690169304,3,0.7570808,1.0027059
2024-07-18,-0.03147781677102468,5,0.75942564,1.0720129
2024-07-25,-1.5349568572981265,10,0.77968997,0.96308017
2024-08-09,0.22204077075387074,21,0.954054,0.97870374
2024-07-15,-0.892602490441792,1,0.7567232,0.9458073
2024-07-17,-1.1776237064166895,3,0.7597152,1.0047141
2024-07-19,-0.7591304816122292,5,0.7600841,1.0612671
2024-07-26,1.0351840619348527,10,0.78871536,0.92463624
2024-08-12,0.13939615851115733,21,0.95429796,0.9784769
2024-07-16,-0.4569172690169304,1,0.7570808,0.898642
2024-07-18,-0.03147781677102468,3,0.75942564,1.0339564
2024-07-22,0.9578771718539522,5,0.7600619,1.1260152
2024-07-29,-0.6366069244992295,10,0.7859736,0.87496054
2024-08-13,0.2976565241007635,21,0.9551764,0.9929854
2024-07-17,-1.1776237064166895,1,0.7597152,0.9853145
2024-07-19,-0.7591304816122292,3,0.7600841,1.0403466
2024-07-23,-0.09029044036410543,5,0.7600981,1.0917633
2024-07-30,0.5301081133927488,10,0.78130037,0.97060704
2024-08-14,0.5422619947731877,21,0.9586998,0.9815826
2024-07-18,-0.03147781677102468,1,0.75942564,0.9925542
2024-07-22,0.9578771718539522,3,0.7600619,1.078314
2024-07-24,-0.8149544410401857,5,0.7566371,1.0919539
2024-07-31,1.0699910026683093,10,0.7928408,1.0319504
2024-08-15,1.2000610857300638,21,0.972072,0.99666953
2024-07-19,-0.7591304816122292,1,0.7600841,1.0074172
2024-07-23,-0.09029044036410543,3,0.7600981,1.0566196
2024-07-25,-1.5349568572981265,5,0.77968997,1.0640314
2024-08-01,-1.7428026549496864,10,0.81947666,1.055177
2024-08-16,0.4731682104301716,21,0.9747808,1.0055816
2024-07-22,0.9578771718539522,1,0.7600619,1.0583413
2024-07-24,-0.8149544410401857,3,0.7566371,1.0400025
2024-07-26,1.0351840619348527,5,0.78871536,1.1104518
2024-08-02,-2.7325334556901857,10,0.88065326,1.0382481
2024-08-19,0.4553902398446231,21,0.9751529,1.0793086
2024-07-23,-0.09029044036410543,1,0.7600981,1.0252516
2024-07-25,-1.5349568572981265,3,0.77968997,1.0440183
2024-07-29,-0.6366069244992295,5,0.7859736,1.091789
2024-08-05,-1.7997056478071773,10,0.9061641,1.0044167
2024-08-20,-0.5172174043210355,21,0.97497004,1.0363463
2024-07-24,-0.8149544410401857,1,0.7566371,1.0284169
2024-07-26,1.0351840619348527,3,0.78871536,1.0234299
2024-07-30,0.5301081133927488,5,0.78130037,1.069998
2024-08-06,0.2599073223185637,10,0.9075564,1.0423815
2024-08-21,0.5307389576976825,21,0.9674769,1.0131545
2024-07-25,-1.5349568572981265,1,0.77968997,1.0402001
2024-07-29,-0.6366069244992295,3,0.7859736,1.0047746
2024-07-31,1.0699910026683093,5,0.7928408,1.0673699
2024-08-07,2.1439747788972654,10,0.95295465,1.0046706
2024-08-22,-0.12852863560517055,21,0.9670184,1.0457941
2024-07-26,1.0351840619348527,1,0.78871536,0.9904268
2024-07-30,0.5301081133927488,3,0.78130037,1.0718809
2024-08-01,-1.7428026549496864,5,0.81947666,1.0911536
2024-08-08,-0.14877992748932817,10,0.9529225,1.001054
2024-08-23,0.4262152047318619,21,0.9689962,0.9790129
2024-07-29,-0.6366069244992295,1,0.7859736,1.046653
2024-07-31,1.0699910026683093,3,0.7928408,1.0479425
2024-08-02,-2.7325334556901857,5,0.88065326,1.0875471
2024-08-09,0.22204077075387074,10,0.954054,1.0479531
2024-08-26,-0.062029304091813654,21,0.9679773,1.0094424
2024-07-30,0.5301081133927488,1,0.78130037,1.0481502
2024-08-01,-1.7428026549496864,3,0.81947666,1.029249
2024-08-05,-1.7997056478071773,5,0.9061641,1.0557239
2024-08-12,0.13939615851115733,10,0.95429796,1.0039333
2024-08-27,0.08426957322335323,21,0.9593251,0.96196043
2024-07-31,1.0699910026683093,1,0.7928408,0.9895683
2024-08-02,-2.7325334556901857,3,0.88065326,1.0321484
2024-08-06,0.2599073223185637,5,0.9075564,1.0272746
2024-08-13,0.2976565241007635,10,0.9551764,1.0437008
2024-08-28,0.23154390830420557,21,0.94474083,0.97654665
2024-08-01,-1.7428026549496864,1,0.81947666,1.0011067
2024-08-05,-1.7997056478071773,3,0.9061641,1.0192211
2024-08-07,2.1439747788972654,5,0.95295465,1.0831062
2024-08-14,0.5422619947731877,10,0.9586998,1.0169293
2024-08-29,0.9568170417035076,21,0.9507994,1.0369891
2024-08-02,-2.7325334556901857,1,0.88065326,1.0006745
2024-08-06,0.2599073223185637,3,0.9075564,1.0786406
2024-08-08,-0.14877992748932817,5,0.9529225,1.0971401
2024-08-15,1.2000610857300638,10,0.972072,1.024408
2024-08-30,-0.2219949112899578,21,0.9500646,1.0093849
2024-08-05,-1.7997056478071773,1,0.9061641,1.019911
2024-08-07,2.1439747788972654,3,0.95295465,1.1000009
2024-08-09,0.22204077075387074,5,0.954054,1.0808144
2024-08-16,0.4731682104301716,10,0.9747808,1.1058514
2024-09-02,0.15338244577720797,21,0.94785416,1.0254548
2024-08-06,0.2599073223185637,1,0.9075564,1.108721
2024-08-08,-0.14877992748932817,3,0.9529225,1.0665562
2024-08-12,0.13939615851115733,5,0.95429796,1.0986078
2024-08-19,0.4553902398446231,10,0.9751529,1.091075
2024-09-03,-1.4504924191846489,21,0.9546384,1.0857486
2024-08-07,2.1439747788972654,1,0.95295465,1.0894704
2024-08-09,0.22204077075387074,3,0.954054,1.0727229
2024-08-13,0.2976565241007635,5,0.9551764,1.1284641
2024-08-20,-0.5172174043210355,10,0.97497004,1.0350692
2024-09-04,-0.9046516464056454,21,0.9466552,1.0728585
2024-08-08,-0.14877992748932817,1,0.9529225,0.9996617
2024-08-12,0.13939615851115733,3,0.95429796,1.121065
2024-08-14,0.5422619947731877,5,0.9586998,1.1430045
2024-08-21,0.5307389576976825,10,0.9674769,1.0631548
2024-09-05,-0.3882703626824576,21,0.91812915,1.0416181
2024-08-09,0.22204077075387074,1,0.954054,1.064455
2024-08-13,0.2976565241007635,3,0.9551764,1.041764
2024-08-15,1.2000610857300638,5,0.972072,1.1150563
2024-08-22,-0.12852863560517055,10,0.9670184,1.0378034
2024-09-06,-1.37927513796986,21,0.9014705,1.0766716
2024-08-12,0.13939615851115733,1,0.95429796,1.0111579
2024-08-14,0.5422619947731877,3,0.9586998,1.0520465
2024-08-16,0.4731682104301716,5,0.9747808,1.1139643
2024-08-23,0.4262152047318619,10,0.9689962,0.9826256
2024-09-09,0.8835482138967617,21,0.90448666,1.0540985
2024-08-13,0.2976565241007635,1,0.9551764,0.92384034
2024-08-15,1.2000610857300638,3,0.972072,1.0557952
2024-08-19,0.4553902398446231,5,0.9751529,1.0618677
2024-08-26,-0.062029304091813654,10,0.9679773,0.9865039
2024-09-10,-0.4663814284734379,21,0.89611036,0.9668439
2024-08-14,0.5422619947731877,1,0.9586998,1.0219779
2024-08-16,0.4731682104301716,3,0.9747808,1.037067
2024-08-20,-0.5172174043210355,5,0.97497004,1.0645319
2024-08-27,0.08426957322335323,10,0.9593251,1.0432185
2024-09-11,0.29001939979100677,21,0.8949939,0.99441284
2024-08-15,1.2000610857300638,1,0.972072,0.9863084
2024-08-19,0.4553902398446231,3,0.9751529,0.98670113
2024-08-21,0.5307389576976825,5,0.9674769,1.0030559
2024-08-28,0.23154390830420557,10,0.94474083,0.9789319
2024-09-12,0.8677797144230284,21,0.8860928,0.8957948
2024-08-16,0.4731682104301716,1,0.9747808,0.9899527
2024-08-20,-0.5172174043210355,3,0.97497004,1.0093359
2024-08-22,-0.12852863560517055,5,0.9670184,1.0580893
2024-08-29,0.9568170417035076,10,0.9507994,0.99509025
2024-09-13,0.5793482537673491,21,0.8826177,0.9881445
2024-08-19,0.4553902398446231,1,0.9751529,0.9778309
2024-08-21,0.5307389576976825,3,0.9674769,0.99627274
2024-08-23,0.4262152047318619,5,0.9689962,1.0658816
2024-08-30,-0.2219949112899578,10,0.9500646,0.9970727
2024-09-16,-0.31583989225964476,21,0.87768555,1.005825
2024-08-20,-0.5172174043210355,1,0.97497004,0.9955857
2024-08-22,-0.12852863560517055,3,0.9670184,1.0062274
2024-08-26,-0.062029304091813654,5,0.9679773,1.0562719
2024-09-02,0.15338244577720797,10,0.94785416,0.97228265
2024-09-17,0.4150145768819279,21,0.8780655,1.007351
2024-08-21,0.5307389576976825,1,0.9674769,0.93225145
2024-08-23,0.4262152047318619,3,0.9689962,1.0033315
2024-08-27,0.08426957322335323,5,0.9593251,1.0494539
2024-09-03,-1.4504924191846489,10,0.9546384,0.97186244
2024-09-18,-0.5712608773509739,21,0.8778579,0.9667331
2024-08-22,-0.12852863560517055,1,0.9670184,0.9633392
2024-08-26,-0.062029304091813654,3,0.9679773,0.9605316
2024-08-28,0.23154390830420557,5,0.94474083,1.0193938
2024-09-04,-0.9046516464056454,10,0.9466552,0.9429055
2024-09-19,1.8650656456895947,21,0.9103159,0.93922496
2024-08-23,0.4262152047318619,1,0.9689962,0.91528594
2024-08-27,0.08426957322335323,3,0.9593251,0.92883766
2024-08-29,0.9568170417035076,5,0.9507994,0.9671484
2024-09-05,-0.3882703626824576,10,0.91812915,0.88497007
2024-09-20,-1.2238981891832577,21,0.923429,0.8649669
2024-08-26,-0.062029304091813654,1,0.9679773,0.9415672
2024-08-28,0.23154390830420557,3,0.94474083,0.9847646
2024-08-30,-0.2219949112899578,5,0.9500646,1.0348942
2024-09-06,-1.37927513796986,10,0.9014705,0.8896977
2024-09-23,0.18166417468508667,21,0.91697377,0.9169491
2024-08-27,0.08426957322335323,1,0.9593251,0.9379706
2024-08-29,0.9568170417035076,3,0.9507994,1.0164343
2024-09-02,0.15338244577720797,5,0.94785416,1.07852
2024-09-09,0.8835482138967617,10,0.90448666,0.8964142
2024-09-24,0.7300977100295556,21,0.92210066,0.95977366
2024-08-28,0.23154390830420557,1,0.94474083,0.94276583
2024-08-30,-0.2219949112899578,3,0.9500646,0.9974656
2024-09-03,-1.4504924191846489,5,0.9546384,1.0744624
2024-09-10,-0.4663814284734379,10,0.89611036,0.95165867
2024-09-25,-0.3994764296406911,21,0.9112651,1.0034523
2024-08-29,0.9568170417035076,1,0.9507994,0.9638853
2024-09-02,0.15338244577720797,3,0.94785416,0.9764477
2024-09-04,-0.9046516464056454,5,0.9466552,1.0389841
2024-09-11,0.29001939979100677,10,0.8949939,0.954074
2024-09-26,1.0201052145958158,21,0.9172867,0.9773786
2024-08-30,-0.2219949112899578,1,0.9500646,0.9412763
2024-09-03,-1.4504924191846489,3,0.9546384,0.9424593
2024-09-05,-0.3882703626824576,5,0.91812915,0.9953953
2024-09-12,0.8677797144230284,10,0.8860928,0.9237907
2024-09-27,0.5776146052396623,21,0.92019904,0.92229295
2024-09-02,0.15338244577720797,1,0.94785416,0.93054587
2024-09-04,-0.9046516464056454,3,0.9466552,0.9623428
2024-09-06,-1.37927513796986,5,0.9014705,1.0053668
2024-09-13,0.5793482537673491,10,0.8826177,0.937261
2024-09-30,-1.3806054663648923,21,0.936619,0.9140243
2024-09-03,-1.4504924191846489,1,0.9546384,0.94442797
2024-09-05,-0.3882703626824576,3,0.91812915,0.9315746
2024-09-09,0.8835482138967617,5,0.90448666,0.9989957
2024-09-16,-0.31583989225964476,10,0.87768555,0.9080931
2024-10-01,-0.1638035128996772,21,0.9280583,0.8962148
2024-09-04,-0.9046516464056454,1,0.9466552,0.957916
2024-09-06,-1.37927513796986,3,0.9014705,0.9592639
2024-09-10,-0.4663814284734379,5,0.89611036,1.0302846
2024-09-17,0.4150145768819279,10,0.8780655,0.8969219
2024-10-02,0.3199420771878486,21,0.921546,0.94341046
2024-09-05,-0.3882703626824576,1,0.91812915,0.9744432
2024-09-09,0.8835482138967617,3,0.90448666,1.0562278
2024-09-11,0.29001939979100677,5,0.8949939,1.1033688
2024-09-18,-0.5712608773509739,10,0.8778579,0.9608251
2024-10-03,-0.9568028450811472,21,0.92872906,1.0087736
2024-09-06,-1.37927513796986,1,0.9014705,0.9963776
2024-09-10,-0.4663814284734379,3,0.89611036,1.0120337
2024-09-12,0.8677797144230284,5,0.8860928,1.0731422
2024-09-19,1.8650656456895947,10,0.9103159,0.99529517
2024-10-04,0.7171108286786341,21,0.9250463,0.97307414
2024-09-09,0.8835482138967617,1,0.90448666,1.001275
2024-09-11,0.29001939979100677,3,0.8949939,1.0541304
2024-09-13,0.5793482537673491,5,0.8826177,1.1090411
2024-09-20,-1.2238981891832577,10,0.923429,1.0332437
2024-10-07,0.10173729077278783,21,0.918638,1.0499187
2024-09-10,-0.4663814284734379,1,0.89611036,0.9730429
2024-09-12,0.8677797144230284,3,0.8860928,0.97802186
2024-09-16,-0.31583989225964476,5,0.87768555,0.99024284
2024-09-23,0.18166417468508667,10,0.91697377,0.9870268
2024-10-08,-0.4359746131106919,21,0.91847956,0.9268077
2024-09-11,0.29001939979100677,1,0.8949939,1.0143447
2024-09-13,0.5793482537673491,3,0.8826177,1.0125391
2024-09-17,0.4150145768819279,5,0.8780655,1.0851468
2024-09-24,0.7300977100295556,10,0.92210066,1.0096714
2024-10-09,0.6122536909732543,21,0.9098071,1.0097443
2024-09-12,0.8677797144230284,1,0.8860928,0.994117
2024-09-16,-0.31583989225964476,3,0.87768555,1.0176055
2024-09-18,-0.5712608773509739,5,0.8778579,1.0212041
2024-09-25,-0.3994764296406911,10,0.9112651,0.9877151
2024-10-10,-0.20321927751768037,21,0.91015726,0.93977916
2024-09-13,0.5793482537673491,1,0.8826177,0.98294175
2024-09-17,0.4150145768819279,3,0.8780655,1.018582
2024-09-19,1.8650656456895947,5,0.9103159,1.0834734
2024-09-26,1.0201052145958158,10,0.9172867,0.9820361
2024-10-11,0.6298450914598268,21,0.90842485,1.0116262
2024-09-16,-0.31583989225964476,1,0.87768555,1.0379282
2024-09-18,-0.5712608773509739,3,0.8778579,0.977391
2024-09-20,-1.2238981891832577,5,0.923429,1.0551229
2024-09-27,0.5776146052396623,10,0.92019904,0.9733567
2024-10-14,0.8511483831171655,21,0.90664774,1.0202338
2024-09-17,0.4150145768819279,1,0.8780655,1.0020489
2024-09-19,1.8650656456895947,3,0.9103159,1.0033476
2024-09-23,0.18166417468508667,5,0.91697377,1.0905815
2024-09-30,-1.3806054663648923,10,0.936619,0.9373198
2024-10-15,-1.9908558360643043,21,0.94276565,1.0005803
2024-09-18,-0.5712608773509739,1,0.8778579,0.9883218
2024-09-20,-1.2238981891832577,3,0.923429,0.9844904
2024-09-24,0.7300977100295556,5,0.92210066,1.0412959
2024-10-01,-0.1638035128996772,10,0.9280583,1.0272435
2024-10-16,-0.3255078758062657,21,0.93787193,1.0092347
2024-09-19,1.8650656456895947,1,0.9103159,1.0390166
2024-09-23,0.18166417468508667,3,0.91697377,0.9710591
2024-09-25,-0.3994764296406911,5,0.9112651,1.0498159
2024-10-02,0.3199420771878486,10,0.921546,0.9942824
2024-10-17,0.9336668856176344,21,0.9239491,1.0151603
2024-09-20,-1.2238981891832577,1,0.923429,0.94958574
2024-09-24,0.7300977100295556,3,0.92210066,0.9811535
2024-09-26,1.0201052145958158,5,0.9172867,1.0309206
2024-10-03,-0.9568028450811472,10,0.92872906,0.9320196
2024-10-18,0.46124025603208424,21,0.91630214,0.9090512
2024-09-23,0.18166417468508667,1,0.91697377,0.97534776
2024-09-25,-0.3994764296406911,3,0.9112651,1.0522383
2024-09-27,0.5776146052396623,5,0.92019904,1.0918899
2024-10-04,0.7171108286786341,10,0.9250463,0.9705225
2024-10-21,-0.5986130899397294,21,0.9158536,0.97635645
2024-09-24,0.7300977100295556,1,0.92210066,0.9874377
2024-09-26,1.0201052145958158,3,0.9172867,1.0032094
2024-09-30,-1.3806054663648923,5,0.936619,1.0469599
2024-10-07,0.10173729077278783,10,0.918638,0.9513128
2024-10-22,-0.03841734084675809,21,0.91343236,0.9568023
2024-09-25,-0.3994764296406911,1,0.9112651,0.99206597
2024-09-27,0.5776146052396623,3,0.92019904,1.009526
2024-10-01,-0.1638035128996772,5,0.9280583,1.0587918
2024-10-08,-0.4359746131106919,10,0.91847956,0.9724603
2024-10-23,-0.4201828773271484,21,0.9043722,0.9924283
2024-09-26,1.0201052145958158,1,0.9172867,0.9926833
2024-09-30,-1.3806054663648923,3,0.936619,1.0260549
2024-10-02,0.3199420771878486,5,0.921546,1.0988197
2024-10-09,0.6122536909732543,10,0.9098071,0.97482157
2024-10-24,0.03587225454974129,21,0.8754162,1.0493059
2024-09-27,0.5776146052396623,1,0.92019904,0.9911735
2024-10-01,-0.1638035128996772,3,0.9280583,1.0066884
2024-10-03,-0.9568028450811472,5,0.92872906,1.0608573
2024-10-10,-0.20321927751768037,10,0.91015726,1.0196373
2024-10-25,0.18457237533921025,21,0.79773486,1.0127141
2024-09-30,-1.3806054663648923,1,0.936619,0.95999813
2024-10-02,0.3199420771878486,3,0.921546,1.0014923
2024-10-04,0.7171108286786341,5,0.9250463,0.99789715
2024-10-11,0.6298450914598268,10,0.90842485,1.0134008
2024-10-28,0.11948602186420694,21,0.7592596,0.9590448
2024-10-01,-0.1638035128996772,1,0.9280583,0.98967904
2024-10-03,-0.9568028450811472,3,0.92872906,1.0242763
2024-10-07,0.10173729077278783,5,0.918638,1.0893466
2024-10-14,0.8511483831171655,10,0.90664774,0.9700523
2024-10-29,-0.41171378850792084,21,0.76175934,1.0149125
2024-10-02,0.3199420771878486,1,0.921546,0.9940531
2024-10-04,0.7171108286786341,3,0.9250463,1.0513124
2024-10-08,-0.4359746131106919,5,0.91847956,1.0966492
2024-10-15,-1.9908558360643043,10,0.94276565,1.0013804
2024-10-30,-1.1946645195020629,21,0.7301279,0.99282944
2024-10-03,-0.9568028450811472,1,0.92872906,1.0600793
2024-10-07,0.10173729077278783,3,0.918638,1.0109457
2024-10-09,0.6122536909732543,5,0.9098071,1.0915575
2024-10-16,-0.3255078758062657,10,0.93787193,1.0245776
2024-10-31,-0.9035563004814654,21,0.73969734,1.0212185
2024-10-04,0.7171108286786341,1,0.9250463,1.0639577
2024-10-08,-0.4359746131106919,3,0.91847956,1.0587957
2024-10-10,-0.20321927751768037,5,0.91015726,1.1518275
2024-10-17,0.9336668856176344,10,0.9239491,1.0103308
2024-11-01,0.9755167459036043,21,0.7495626,1.0654064
2024-10-07,0.10173729077278783,1,0.918638,0.97487676
2024-10-09,0.6122536909732543,3,0.9098071,1.0453224
2024-10-11,0.6298450914598268,5,0.90842485,1.0998447
2024-10-18,0.46124025603208424,10,0.91630214,1.0067298
2024-11-04,-0.4098380459860358,21,0.75155306,1.0000247
2024-10-08,-0.4359746131106919,1,0.91847956,0.9779881
2024-10-10,-0.20321927751768037,3,0.91015726,1.0485923
2024-10-14,0.8511483831171655,5,0.90664774,1.0522908
2024-10-21,-0.5986130899397294,10,0.9158536,1.0422516
2024-11-05,0.35364479455018727,21,0.75193745,0.96132815
2024-10-09,0.6122536909732543,1,0.9098071,0.9742472
2024-10-11,0.6298450914598268,3,0.90842485,1.0621105
2024-10-15,-1.9908558360643043,5,0.94276565,1.0720073
2024-10-22,-0.03841734084675809,10,0.91343236,1.0353382
2024-11-06,-0.9393879082217684,21,0.7588468,0.9326572
2024-10-10,-0.20321927751768037,1,0.91015726,0.9648597
2024-10-14,0.8511483831171655,3,0.90664774,1.0251554
2024-10-16,-0.3255078758062657,5,0.93787193,1.01209
2024-10-23,-0.4201828773271484,10,0.9043722,1.0392832
2024-11-07,0.5238125289942097,21,0.7455803,0.93279344
2024-10-11,0.6298450914598268,1,0.90842485,1.0346913
2024-10-15,-1.9908558360643043,3,0.94276565,0.9883963
2024-10-17,0.9336668856176344,5,0.9239491,1.0223949
2024-10-24,0.03587225454974129,10,0.8754162,1.0277973
2024-11-08,-0.6144985297610944,21,0.7467478,0.96870303
2024-10-14,0.8511483831171655,1,0.90664774,1.0213003
2024-10-16,-0.3255078758062657,3,0.93787193,0.97367024
2024-10-18,0.46124025603208424,5,0.91630214,0.9878439
2024-10-25,0.18457237533921025,10,0.79773486,1.0112685
2024-11-11,1.0903776222354642,21,0.75819105,0.9437862
2024-10-15,-1.9908558360643043,1,0.94276565,0.9341376
2024-10-17,0.9336668856176344,3,0.9239491,0.9989979
2024-10-21,-0.5986130899397294,5,0.9158536,1.0334566
2024-10-28,0.11948602186420694,10,0.7592596,0.993907
2024-11-12,-1.9067824849979844,21,0.7939565,0.9842378
2024-10-16,-0.3255078758062657,1,0.93787193,1.0146343
2024-10-18,0.46124025603208424,3,0.91630214,0.9982382
2024-10-22,-0.03841734084675809,5,0.91343236,1.0136863
2024-10-29,-0.41171378850792084,10,0.76175934,1.0240201
2024-11-13,-0.15862869893056739,21,0.79046327,0.9864452
2024-10-17,0.9336668856176344,1,0.9239491,0.99057055
2024-10-21,-0.5986130899397294,3,0.9158536,1.020204
2024-10-23,-0.4201828773271484,5,0.9043722,1.1020669
2024-10-30,-1.1946645195020629,10,0.7301279,0.9530302
2024-11-14,1.5984799905966796,21,0.81873506,1.011015
2024-10-18,0.46124025603208424,1,0.91630214,0.98656005
2024-10-22,-0.03841734084675809,3,0.91343236,1.0066023
2024-10-24,0.03587225454974129,5,0.8754162,1.057399
2024-10-31,-0.9035563004814654,10,0.73969734,0.99610806
2024-11-15,-0.8939155453363143,21,0.8240495,0.97839254
2024-10-21,-0.5986130899397294,1,0.9158536,1.0540934
2024-10-23,-0.4201828773271484,3,0.9043722,0.9944688
2024-10-25,0.18457237533921025,5,0.79773486,1.1001743
2024-11-01,0.9755167459036043,10,0.7495626,0.945917
2024-11-18,-0.12646970582486128,21,0.8241077,0.9990537
2024-10-22,-0.03841734084675809,1,0.91343236,0.9492742
2024-10-24,0.03587225454974129,3,0.8754162,1.0158535
2024-10-28,0.11948602186420694,5,0.7592596,1.0878863
2024-11-04,-0.4098380459860358,10,0.75155306,0.89446914
2024-11-19,-0.5473276599675839,21,0.8263834,0.9646051
2024-10-23,-0.4201828773271484,1,0.9043722,0.9350359
2024-10-25,0.18457237533921025,3,0.79773486,1.0425671
2024-10-29,-0.41171378850792084,5,0.76175934,1.1069902
2024-11-05,0.35364479455018727,10,0.75193745,0.9449849
2024-11-20,-0.2604204599626959,21,0.8258684,1.003857
2024-10-24,0.03587225454974129,1,0.8754162,1.025156
2024-10-28,0.11948602186420694,3,0.7592596,1.011144
2024-10-30,-1.1946645195020629,5,0.7301279,1.0689007
2024-11-06,-0.9393879082217684,10,0.7588468,0.9912946
2024-11-21,0.5640866746948205,21,0.8191247,0.9965154
2024-10-25,0.18457237533921025,1,0.79773486,0.9867787
2024-10-29,-0.41171378850792084,3,0.76175934,1.0502249
2024-10-31,-0.9035563004814654,5,0.73969734,1.0728993
2024-11-07,0.5238125289942097,10,0.7455803,0.98782676
2024-11-22,0.621206328038286,21,0.8237992,1.0048084
2024-10-28,0.11948602186420694,1,0.7592596,0.9974547
2024-10-30,-1.1946645195020629,3,0.7301279,1.0071127
2024-11-01,0.9755167459036043,5,0.7495626,1.0491652
2024-11-08,-0.6144985297610944,10,0.7467478,1.0190551
2024-11-25,-0.07553367671056893,21,0.8233145,1.0071869
2024-10-29,-0.41171378850792084,1,0.76175934,1.0445818
2024-10-31,-0.9035563004814654,3,0.73969734,0.9993118
2024-11-04,-0.4098380459860358,5,0.75155306,1.0695269
2024-11-11,1.0903776222354642,10,0.75819105,0.97738045
2024-11-26,-1.0032690121814434,21,0.8125202,1.0326718
2024-10-30,-1.1946645195020629,1,0.7301279,0.9874275
2024-11-01,0.9755167459036043,3,0.7495626,1.050311
2024-11-05,0.35364479455018727,5,0.75193745,1.0886791
2024-11-12,-1.9067824849979844,10,0.7939565,1.0107485
2024-11-27,-0.4843236319803114,21,0.8068929,1.0310029
2024-10-31,-0.9035563004814654,1,0.73969734,1.0304203
2024-11-04,-0.4098380459860358,3,0.75155306,1.0108997
2024-11-06,-0.9393879082217684,5,0.7588468,1.0861613
2024-11-13,-0.15862869893056739,10,0.79046327,1.0050448
2024-11-28,0.5844051752908602,21,0.8097761,1.050449
2024-11-01,0.9755167459036043,1,0.7495626,1.0891203
2024-11-05,0.35364479455018727,3,0.75193745,1.0654085
2024-11-07,0.5238125289942097,5,0.7455803,1.1328673
2024-11-14,1.5984799905966796,10,0.81873506,1.0540755
2024-11-29,0.6824965754431611,21,0.7953913,1.0740341
2024-11-04,-0.4098380459860358,1,0.75155306,0.9909612
2024-11-06,-0.9393879082217684,3,0.7588468,1.0555502
2024-11-08,-0.6144985297610944,5,0.7467478,1.0983822
2024-11-15,-0.8939155453363143,10,0.8240495,0.99780035
2024-12-02,-0.010421986231553331,21,0.78687143,1.0107136
2024-11-05,0.35364479455018727,1,0.75193745,1.0527494
2024-11-07,0.5238125289942097,3,0.7455803,1.0619591
2024-11-11,1.0903776222354642,5,0.75819105,1.1350118
2024-11-18,-0.12646970582486128,10,0.8241077,1.0173007
2024-12-03,0.5943986242712209,21,0.7884898,1.025072
2024-11-06,-0.9393879082217684,1,0.7588468,0.994228
2024-11-08,-0.6144985297610944,3,0.7467478,1.0380759
2024-11-12,-1.9067824849979844,5,0.7939565,1.0530038
2024-11-19,-0.5473276599675839,10,0.8263834,0.992198
2024-12-04,0.49058548228122234,21,0.7901552,0.959517
2024-11-07,0.5238125289942097,1,0.7455803,0.9895848
2024-11-11,1.0903776222354642,3,0.75819105,1.089257
2024-11-13,-0.15862869893056739,5,0.79046327,1.1102864
2024-11-20,-0.2604204599626959,10,0.8258684,1.0678402
2024-12-05,0.441668356214772,21,0.784164,1.0042249
2024-11-08,-0.6144985297610944,1,0.7467478,1.0732512
2024-11-12,-1.9067824849979844,3,0.7939565,1.0402362
2024-11-14,1.5984799905966796,5,0.81873506,1.0906605
2024-11-21,0.5640866746948205,10,0.8191247,1.092743
2024-12-06,0.2801734807081483,21,0.7813521,1.0533271
2024-11-11,1.0903776222354642,1,0.75819105,1.026944
2024-11-13,-0.15862869893056739,3,0.79046327,1.0926278
2024-11-15,-0.8939155453363143,5,0.8240495,1.0672696
2024-11-22,0.621206328038286,10,0.8237992,1.085506
2024-12-09,0.2895975258357861,21,0.7812028,0.99944663
2024-11-12,-1.9067824849979844,1,0.7939565,1.0144918
2024-11-14,1.5984799905966796,3,0.81873506,1.003067
2024-11-18,-0.12646970582486128,5,0.8241077,0.99424076
2024-11-25,-0.07553367671056893,10,0.8233145,1.056632
2024-12-10,-0.49726063985740143,21,0.7819311,0.95401585
2024-11-13,-0.15862869893056739,1,0.79046327,1.0839059
2024-11-15,-0.8939155453363143,3,0.8240495,1.0648258
2024-11-19,-0.5473276599675839,5,0.8263834,1.10817
2024-11-26,-1.0032690121814434,10,0.8125202,1.0624633
2024-12-11,0.3454116969439907,21,0.77976924,1.0595726
2024-11-14,1.5984799905966796,1,0.81873506,0.9908968
2024-11-18,-0.12646970582486128,3,0.8241077,1.0585196
2024-11-20,-0.2604204599626959,5,0.8258684,1.0611951
2024-11-27,-0.4843236319803114,10,0.8068929,1.0495539
2024-12-12,-0.010903862022432481,21,0.7404761,1.005723
2024-11-15,-0.8939155453363143,1,0.8240495,1.0380011
2024-11-19,-0.5473276599675839,3,0.8263834,1.0060332
2024-11-21,0.5640866746948205,5,0.8191247,1.0640556
2024-11-28,0.5844051752908602,10,0.8097761,1.0392784
2024-12-13,-0.014994751864954905,21,0.72363704,1.0289968
2024-11-18,-0.12646970582486128,1,0.8241077,1.0308635
2024-11-20,-0.2604204599626959,3,0.8258684,1.0352255
2024-11-22,0.621206328038286,5,0.8237992,1.0922093
2024-11-29,0.6824965754431611,10,0.7953913,0.9951918
2024-12-16,-0.5125342657931036,21,0.72610265,0.9985716
2024-11-19,-0.5473276599675839,1,0.8263834,0.95356816
2024-11-21,0.5640866746948205,3,0.8191247,1.068866
2024-11-25,-0.07553367671056893,5,0.8233145,1.0935248
2024-12-02,-0.010421986231553331,10,0.78687143,0.98956203
2024-12-17,-0.28061286659530943,21,0.72012115,0.9811486
2024-11-20,-0.2604204599626959,1,0.8258684,0.9686347
2024-11-22,0.621206328038286,3,0.8237992,1.038424
2024-11-26,-1.0032690121814434,5,0.8125202,1.0444033
2024-12-03,0.5943986242712209,10,0.7884898,1.0225732
2024-12-18,0.35457989984899096,21,0.7202531,0.98289424
2024-11-21,0.5640866746948205,1,0.8191247,1.0441746
2024-11-25,-0.07553367671056893,3,0.8233145,1.0546333
2024-11-27,-0.4843236319803114,5,0.8068929,1.1100246
2024-12-04,0.49058548228122234,10,0.7901552,1.0149839
2024-12-19,-1.3530345953552716,21,0.72709453,0.99591213
2024-11-22,0.621206328038286,1,0.8237992,0.9625864
2024-11-26,-1.0032690121814434,3,0.8125202,1.0570204
2024-11-28,0.5844051752908602,5,0.8097761,1.0862834
2024-12-05,0.441668356214772,10,0.784164,1.0097399
2024-12-20,-0.28770998685202387,21,0.72273827,0.9852581
2024-11-25,-0.07553367671056893,1,0.8233145,1.0513268
2024-11-27,-0.4843236319803114,3,0.8068929,1.0068114
2024-11-29,0.6824965754431611,5,0.7953913,1.0915799
2024-12-06,0.2801734807081483,10,0.7813521,1.0289638
2024-12-23,-0.07031590229675506,21,0.70220274,1.0670211
2024-11-26,-1.0032690121814434,1,0.8125202,1.0273774
2024-11-28,0.5844051752908602,3,0.8097761,1.0261272
2024-12-02,-0.010421986231553331,5,0.78687143,1.0776967
2024-12-09,0.2895975258357861,10,0.7812028,1.0060494
2024-12-24,0.20732461369617977,21,0.70286894,1.0421541
2024-11-27,-0.4843236319803114,1,0.8068929,0.9238203
2024-11-29,0.6824965754431611,3,0.7953913,1.0356199
2024-12-03,0.5943986242712209,5,0.7884898,1.060799
2024-12-10,-0.49726063985740143,10,0.7819311,0.9498633
2024-12-27,0.7905562577618725,21,0.7096552,0.9528133
2024-11-28,0.5844051752908602,1,0.8097761,1.0741569
2024-12-02,-0.010421986231553331,3,0.78687143,1.073499
2024-12-04,0.49058548228122234,5,0.7901552,1.117655
2024-12-11,0.3454116969439907,10,0.77976924,1.0651331
2024-12-30,-0.48799466459027824,21,0.70194805,1.08693
2024-11-29,0.6824965754431611,1,0.7953913,1.002284
2024-12-03,0.5943986242712209,3,0.7884898,0.97007966
2024-12-05,0.441668356214772,5,0.784164,1.0232075
2024-12-12,-0.010903862022432481,10,0.7404761,0.94175076
2024-12-31,0.722159389316345,21,0.7020399,0.9347307
2024-12-02,-0.010421986231553331,1,0.78687143,1.011179
2024-12-04,0.49058548228122234,3,0.7901552,1.0156679
2024-12-06,0.2801734807081483,5,0.7813521,1.062105
2024-12-13,-0.014994751864954905,10,0.72363704,0.9913546
2025-01-02,0.7531740380650657,21,0.7091728,1.014936
2024-12-03,0.5943986242712209,1,0.7884898,0.97545135
2024-12-05,0.441668356214772,3,0.784164,1.040795
2024-12-09,0.2895975258357861,5,0.7812028,1.1162595
2024-12-16,-0.5125342657931036,10,0.72610265,0.9373252
2025-01-03,-0.6397325908996809,21,0.7116676,1.0264933
2024-12-04,0.49058548228122234,1,0.7901552,0.9569733
2024-12-06,0.2801734807081483,3,0.7813521,1.0163193
2024-12-10,-0.49726063985740143,5,0.7819311,1.0491546
2024-12-17,-0.28061286659530943,10,0.72012115,0.94933057
2025-01-06,1.766051818770753,21,0.74406666,0.92967945
2024-12-05,0.441668356214772,1,0.784164,0.91203916
2024-12-09,0.2895975258357861,3,0.7812028,1.0072938
2024-12-11,0.3454116969439907,5,0.77976924,1.0210662
2024-12-18,0.35457989984899096,10,0.7202531,0.99755216
2025-01-07,0.32285379323867613,21,0.7448158,0.95046735
2024-12-06,0.2801734807081483,1,0.7813521,0.9845377
2024-12-10,-0.49726063985740143,3,0.7819311,0.96680796
2024-12-12,-0.010903862022432481,5,0.7404761,1.0066034
2024-12-19,-1.3530345953552716,10,0.72709453,0.96241975
2025-01-08,-0.40727760576673105,21,0.7420192,0.933426
2024-12-09,0.2895975258357861,1,0.7812028,0.9463592
2024-12-11,0.3454116969439907,3,0.77976924,0.95581144
2024-12-13,-0.014994751864954905,5,0.72363704,1.0178344
2024-12-20,-0.28770998685202387,10,0.72273827,0.90544605
2025-01-09,0.5108550728055464,21,0.73656213,0.9452112
2024-12-10,-0.49726063985740143,1,0.7819311,0.94641256
2024-12-12,-0.010903862022432481,3,0.7404761,0.96119237
2024-12-16,-0.5125342657931036,5,0.72610265,0.9747672
2024-12-23,-0.07031590229675506,10,0.70220274,0.94379973
2025-01-10,-0.6914234047441142,21,0.69563645,0.9034425
2024-12-11,0.3454116969439907,1,0.77976924,0.98042154
2024-12-13,-0.014994751864954905,3,0.72363704,0.98869264
2024-12-17,-0.28061286659530943,5,0.72012115,1.0730731
2024-12-24,0.20732461369617977,10,0.70286894,0.95855165
2025-01-13,-0.4586323721533913,21,0.69690454,1.0140584
2024-12-12,-0.010903862022432481,1,0.7404761,0.94224524
2024-12-16,-0.5125342657931036,3,0.72610265,0.9706442
2024-12-18,0.35457989984899096,5,0.7202531,1.0138376
2024-12-27,0.7905562577618725,10,0.7096552,0.9190154
2025-01-14,0.2899428596615592,21,0.68714464,0.96108276
2024-12-13,-0.014994751864954905,1,0.72363704,0.91613704
2024-12-17,-0.28061286659530943,3,0.72012115,0.9902884
2024-12-19,-1.3530345953552716,5,0.72709453,1.069301
2024-12-30,-0.48799466459027824,10,0.70194805,0.9005926
2025-01-15,1.0038673503486422,21,0.6969871,0.94917846
2024-12-16,-0.5125342657931036,1,0.72610265,0.99013364
2024-12-18,0.35457989984899096,3,0.7202531,0.9702743
2024-12-20,-0.28770998685202387,5,0.72273827,1.0549779
2024-12-31,0.722159389316345,10,0.7020399,0.9406023
2025-01-16,1.0775980733925163,21,0.706263,0.99189615
2024-12-17,-0.28061286659530943,1,0.72012115,0.9295902
2024-12-19,-1.3530345953552716,3,0.72709453,0.9539199
2024-12-23,-0.07031590229675506,5,0.70220274,1.0181301
2025-01-02,0.7531740380650657,10,0.7091728,0.88515884
2025-01-17,0.8069040314887008,21,0.71338445,0.9127344
2024-12-18,0.35457989984899096,1,0.7202531,0.983256
2024-12-20,-0.28770998685202387,3,0.72273827,1.0120995
2024-12-24,0.20732461369617977,5,0.70286894,1.0933456
2025-01-03,-0.6397325908996809,10,0.7116676,0.91126585
2025-01-20,0.27168835065872365,21,0.7114341,0.9936745
2024-12-19,-1.3530345953552716,1,0.72709453,0.92334056
2024-12-23,-0.07031590229675506,3,0.70220274,0.9759048
2024-12-27,0.7905562577618725,5,0.7096552,1.0219389
2025-01-06,1.766051818770753,10,0.74406666,0.8921859
2025-01-21,-0.21505313916654617,21,0.7122556,0.9127324
2024-12-20,-0.28770998685202387,1,0.72273827,0.96917593
2024-12-24,0.20732461369617977,3,0.70286894,1.0582635
2024-12-30,-0.48799466459027824,5,0.70194805,1.0796548
2025-01-07,0.32285379323867613,10,0.7448158,1.0359212
2025-01-22,0.2702215684626183,21,0.71262413,1.0068673
2024-12-23,-0.07031590229675506,1,0.70220274,1.0260527
2024-12-27,0.7905562577618725,3,0.7096552,1.004062
2024-12-31,0.722159389316345,5,0.7020399,1.0561355
2025-01-08,-0.40727760576673105,10,0.7420192,0.99476707
2025-01-23,0.08925583544692721,21,0.7125829,1.0108794
2024-12-24,0.20732461369617977,1,0.70286894,1.0127867
2024-12-30,-0.48799466459027824,3,0.70194805,1.0050094
2025-01-02,0.7531740380650657,5,0.7091728,1.1087732
2025-01-09,0.5108550728055464,10,0.73656213,0.95701325
2025-01-24,-0.15690705985412232,21,0.71056074,1.0404295
2024-12-27,0.7905562577618725,1,0.7096552,1.0098746
2024-12-31,0.722159389316345,3,0.7020399,0.98941123
2025-01-03,-0.6397325908996809,5,0.7116676,1.0061551
2025-01-10,-0.6914234047441142,10,0.69563645,1.0224068
2025-01-27,-0.8962514042858432,21,0.70269483,0.97846127
2024-12-30,-0.48799466459027824,1,0.70194805,0.9908062
2025-01-02,0.7531740380650657,3,0.7091728,0.9585837
2025-01-06,1.766051818770753,5,0.74406666,1.0400043
2025-01-13,-0.4586323721533913,10,0.69690454,0.9559114
2025-01-28,0.12985293993700828,21,0.69135094,0.95706785
2024-12-31,0.722159389316345,1,0.7020399,0.9603859
2025-01-03,-0.6397325908996809,3,0.7116676,0.9848796
2025-01-07,0.32285379323867613,5,0.7448158,1.0265825
2025-01-14,0.2899428596615592,10,0.68714464,0.9423774
2025-01-29,0.730255271197167,21,0.6866344,0.94439805
2025-01-02,0.7531740380650657,1,0.7091728,0.96081257
2025-01-06,1.766051818770753,3,0.74406666,0.99526703
2025-01-08,-0.40727760576673105,5,0.7420192,1.0528142
2025-01-15,1.0038673503486422,10,0.6969871,0.95186377
2025-01-30,1.0331278343464705,21,0.6947967,0.9527726
2025-01-03,-0.6397325908996809,1,0.7116676,1.0042461
2025-01-07,0.32285379323867613,3,0.7448158,0.97464186
2025-01-09,0.5108550728055464,5,0.73656213,1.0547001
2025-01-16,1.0775980733925163,10,0.706263,0.9924985
2025-01-31,0.36556939284953227,21,0.69487417,0.9701148
2025-01-06,1.766051818770753,1,0.74406666,1.0083954
2025-01-08,-0.40727760576673105,3,0.7420192,0.9920821
2025-01-10,-0.6914234047441142,5,0.69563645,1.0385249
2025-01-17,0.8069040314887008,10,0.71338445,0.94461167
2025-02-03,-0.9815462316895608,21,0.69595665,0.97904253
2025-01-07,0.32285379323867613,1,0.7448158,0.9137908
2025-01-09,0.5108550728055464,3,0.73656213,0.98903954
2025-01-13,-0.4586323721533913,5,0.69690454,1.006865
2025-01-20,0.27168835065872365,10,0.7114341,0.9758973
2025-02-04,0.9199541057542522,21,0.7019694,0.92134476
2025-01-08,-0.40727760576673105,1,0.7420192,0.972777
2025-01-10,-0.6914234047441142,3,0.69563645,0.9886504
2025-01-14,0.2899428596615592,5,0.68714464,1.0524809
2025-01-21,-0.21505313916654617,10,0.7122556,0.9940853
2025-02-05,-0.1544712588269648,21,0.6965327,0.9759234
2025-01-09,0.5108550728055464,1,0.73656213,0.9922029
2025-01-13,-0.4586323721533913,3,0.69690454,0.96620214
2025-01-15,1.0038673503486422,5,0.6969871,1.0049171
2025-01-22,0.2702215684626183,10,0.71262413,0.9619354
2025-02-06,0.9914637646883816,21,0.694279,0.9430111
2025-01-10,-0.6914234047441142,1,0.69563645,0.98943806
2025-01-14,0.2899428596615592,3,0.68714464,1.01608
2025-01-16,1.0775980733925163,5,0.706263,1.0735637
2025-01-23,0.08925583544692721,10,0.7125829,0.95034194
2025-02-07,-0.23695320317026117,21,0.64389807,1.0016289
2025-01-13,-0.4586323721533913,1,0.69690454,1.0017844
2025-01-15,1.0038673503486422,3,0.6969871,1.0022928
2025-01-17,0.8069040314887008,5,0.71338445,1.0540031
2025-01-24,-0.15690705985412232,10,0.71056074,0.96958303
2025-02-10,0.6329806146544027,21,0.6459261,0.9943621
2025-01-14,0.2899428596615592,1,0.68714464,0.9965309
2025-01-16,1.0775980733925163,3,0.706263,1.0384389
2025-01-20,0.27168835065872365,5,0.7114341,1.1310594
2025-01-27,-0.8962514042858432,10,0.70269483,0.96518695
2025-02-11,0.5882501402546932,21,0.62008035,1.0473981
2025-01-15,1.0038673503486422,1,0.6969871,0.9622742
2025-01-17,0.8069040314887008,3,0.71338445,1.0422928
2025-01-21,-0.21505313916654617,5,0.7122556,1.0577426
2025-01-28,0.12985293993700828,10,0.69135094,1.0122246
2025-02-12,0.12982964866749586,21,0.6053536,0.977102
2025-01-16,1.0775980733925163,1,0.706263,1.0382842
2025-01-20,0.27168835065872365,3,0.7114341,0.9765126
2025-01-22,0.2702215684626183,5,0.71262413,1.0850466
2025-01-29,0.730255271197167,10,0.6866344,0.98619807
2025-02-13,1.214994212046312,21,0.61970276,1.0400472
2025-01-17,0.8069040314887008,1,0.71338445,0.9527422
2025-01-21,-0.21505313916654617,3,0.7122556,1.0116765
2025-01-23,0.08925583544692721,5,0.7125829,1.0717199
2025-01-30,1.0331278343464705,10,0.6947967,0.92333496
2025-02-14,0.1563309637027762,21,0.61253595,0.9548176
2025-01-20,0.27168835065872365,1,0.7114341,0.917119
2025-01-22,0.2702215684626183,3,0.71262413,0.9953529
2025-01-24,-0.15690705985412232,5,0.71056074,1.0370781
2025-01-31,0.36556939284953227,10,0.69487417,0.9345954
2025-02-17,0.5018689782713455,21,0.6111374,0.9470209
2025-01-21,-0.21505313916654617,1,0.7122556,0.9634916
2025-01-23,0.08925583544692721,3,0.7125829,0.9732409
2025-01-27,-0.8962514042858432,5,0.70269483,1.027885
2025-02-03,-0.9815462316895608,10,0.69595665,0.9394651
2025-02-18,0.11104665724112651,21,0.60927457,0.94173867
2025-01-22,0.2702215684626183,1,0.71262413,0.94398034
2025-01-24,-0.15690705985412232,3,0.71056074,0.99608105
2025-01-28,0.12985293993700828,5,0.69135094,1.0156702
2025-02-04,0.9199541057542522,10,0.7019694,0.9662813
2025-02-19,-0.6392675847680761,21,0.61570245,0.92011404
2025-01-23,0.08925583544692721,1,0.7125829,0.99883926
2025-01-27,-0.8962514042858432,3,0.70269483,1.0067648
2025-01-29,0.730255271197167,5,0.6866344,1.0962384
2025-02-05,-0.1544712588269648,10,0.6965327,1.006679
2025-02-20,-0.22867491652093724,21,0.61703134,1.027996
2025-01-24,-0.15690705985412232,1,0.71056074,1.0058824
2025-01-28,0.12985293993700828,3,0.69135094,0.95818067
2025-01-30,1.0331278343464705,5,0.6947967,1.026749
2025-02-06,0.9914637646883816,10,0.694279,0.9672022
2025-02-21,0.21675151494861497,21,0.59777546,0.96746445
2025-01-27,-0.8962514042858432,1,0.70269483,0.96022344
2025-01-29,0.730255271197167,3,0.6866344,0.9962214
2025-01-31,0.36556939284953227,5,0.69487417,1.0313817
2025-02-07,-0.23695320317026117,10,0.64389807,0.9758626
2025-02-24,-0.3993125819510288,21,0.5962669,0.9510505
2025-01-28,0.12985293993700828,1,0.69135094,0.9530184
2025-01-30,1.0331278343464705,3,0.6947967,1.0517838
2025-02-03,-0.9815462316895608,5,0.69595665,1.1022595
2025-02-10,0.6329806146544027,10,0.6459261,1.0211636
2025-02-25,-0.2858415810485742,21,0.5969447,0.99692047
2025-01-29,0.730255271197167,1,0.6866344,1.0214163
2025-01-31,0.36556939284953227,3,0.69487417,1.010346
2025-02-04,0.9199541057542522,5,0.7019694,1.0413513
2025-02-11,0.5882501402546932,10,0.62008035,1.0109106
2025-02-26,1.08725413983269,21,0.60507256,0.9430419
2025-01-30,1.0331278343464705,1,0.6947967,0.96952355
2025-02-03,-0.9815462316895608,3,0.69595665,0.9910377
2025-02-05,-0.1544712588269648,5,0.6965327,1.055965
2025-02-12,0.12982964866749586,10,0.6053536,0.9439118
2025-02-27,-0.768023050969142,21,0.6168235,0.96558195
2025-01-31,0.36556939284953227,1,0.69487417,0.9766674
2025-02-04,0.9199541057542522,3,0.7019694,0.96901417
2025-02-06,0.9914637646883816,5,0.694279,1.0063226
2025-02-13,1.214994212046312,10,0.61970276,0.92250717
2025-02-28,-0.2465890309728702,21,0.61642236,0.9054173
2025-02-03,-0.9815462316895608,1,0.69595665,0.9589
2025-02-05,-0.1544712588269648,3,0.6965327,0.9742567
2025-02-07,-0.23695320317026117,5,0.64389807,1.0250185
2025-02-14,0.1563309637027762,10,0.61253595,0.93893105
2025-03-03,1.2855236084327781,21,0.6322173,0.9466742
2025-02-04,0.9199541057542522,1,0.7019694,0.922211
2025-02-06,0.9914637646883816,3,0.694279,1.0548184
2025-02-10,0.6329806146544027,5,0.6459261,1.0339062
2025-02-17,0.5018689782713455,10,0.6111374,1.0029516
2025-03-04,-2.2435737373696716,21,0.7031995,0.9653168
2025-02-05,-0.1544712588269648,1,0.6965327,1.004395
2025-02-07,-0.23695320317026117,3,0.64389807,1.0057801
2025-02-11,0.5882501402546932,5,0.62008035,1.0613747
2025-02-18,0.11104665724112651,10,0.60927457,1.048181
2025-03-05,1.333053325773857,21,0.7202445,1.0007248
2025-02-06,0.9914637646883816,1,0.694279,1.0392046
2025-02-10,0.6329806146544027,3,0.6459261,0.9896274
2025-02-12,0.12982964866749586,5,0.6053536,1.0415356
2025-02-19,-0.6392675847680761,10,0.61570245,1.0229131
2025-03-06,0.5188982413451984,21,0.7216824,1.0028596
2025-02-07,-0.23695320317026117,1,0.64389807,0.98867375
2025-02-11,0.5882501402546932,3,0.62008035,0.98059833
2025-02-13,1.214994212046312,5,0.61970276,1.0346165
2025-02-20,-0.22867491652093724,10,0.61703134,0.93808144
2025-03-07,-0.4905937731387166,21,0.72158325,0.948807
2025-02-10,0.6329806146544027,1,0.6459261,0.9590895
2025-02-12,0.12982964866749586,3,0.6053536,0.9588014
2025-02-14,0.1563309637027762,5,0.61253595,1.0346439
2025-02-21,0.21675151494861497,10,0.59777546,0.9491265
2025-03-10,-1.2001953513439965,21,0.7414244,0.9526411
2025-02-11,0.5882501402546932,1,0.62008035,0.97687507
2025-02-13,1.214994212046312,3,0.61970276,0.9871482
2025-02-17,0.5018689782713455,5,0.6111374,1.0693583
2025-02-24,-0.3993125819510288,10,0.5962669,0.92772377
2025-03-11,-1.1999580508751817,21,0.7604598,0.9753163
2025-02-12,0.12982964866749586,1,0.6053536,0.92926687
2025-02-14,0.1563309637027762,3,0.61253595,0.99784654
2025-02-18,0.11104665724112651,5,0.60927457,1.0698643
2025-02-25,-0.2858415810485742,10,0.5969447,0.90093786
2025-03-12,1.0668425232620788,21,0.77059084,0.9551419
2025-02-13,1.214994212046312,1,0.61970276,0.96411276
2025-02-17,0.5018689782713455,3,0.6111374,0.9613508
2025-02-19,-0.6392675847680761,5,0.61570245,1.049087
2025-02-26,1.08725413983269,10,0.60507256,0.91086465
2025-03-13,-0.42217196727716993,21,0.7694371,0.9693588
2025-02-14,0.1563309637027762,1,0.61253595,0.93069977
2025-02-18,0.11104665724112651,3,0.60927457,0.9914564
2025-02-20,-0.22867491652093724,5,0.61703134,1.0208356
2025-02-27,-0.768023050969142,10,0.6168235,0.9339865
2025-03-14,1.1752153048934446,21,0.7796851,0.9441422
2025-02-17,0.5018689782713455,1,0.6111374,0.9070894
2025-02-19,-0.6392675847680761,3,0.61570245,1.0105712
2025-02-21,0.21675151494861497,5,0.59777546,1.0632756
2025-02-28,-0.2465890309728702,10,0.61642236,0.9437665
2025-03-17,0.8910890818944197,21,0.7852705,0.9675593
2025-02-18,0.11104665724112651,1,0.60927457,1.0036288
2025-02-20,-0.22867491652093724,3,0.61703134,0.9741108
2025-02-24,-0.3993125819510288,5,0.5962669,1.0598422
2025-03-03,1.2855236084327781,10,0.6322173,0.9700027
2025-03-18,0.6816710088943458,21,0.76302683,0.9985529
2025-02-19,-0.6392675847680761,1,0.61570245,0.9692323
2025-02-21,0.21675151494861497,3,0.59777546,0.96683395
2025-02-25,-0.2858415810485742,5,0.5969447,1.022469
2025-03-04,-2.2435737373696716,10,0.7031995,0.95475644
2025-03-19,0.6900430731662001,21,0.76329654,0.9606934
2025-02-20,-0.22867491652093724,1,0.61703134,1.0504739
2025-02-24,-0.3993125819510288,3,0.5962669,0.986091
2025-02-26,1.08725413983269,5,0.60507256,1.0900195
2025-03-05,1.333053325773857,10,0.7202445,0.9804876
2025-03-20,-0.9394290896700901,21,0.7765844,1.0588635
2025-02-21,0.21675151494861497,1,0.59777546,1.0039501
2025-02-25,-0.2858415810485742,3,0.5969447,1.0332086
2025-02-27,-0.768023050969142,5,0.6168235,1.1266941
2025-03-06,0.5188982413451984,10,0.7216824,0.94315267
2025-03-21,-0.5326469310254026,21,0.7820385,1.0398834
2025-02-24,-0.3993125819510288,1,0.5962669,0.9765951
2025-02-26,1.08725413983269,3,0.60507256,1.0474253
2025-02-28,-0.2465890309728702,5,0.61642236,1.0793685
2025-03-07,-0.4905937731387166,10,0.72158325,0.98843783
2025-03-24,-0.01757369974835368,21,0.7781203,0.95017207
2025-02-25,-0.2858415810485742,1,0.5969447,1.0600842
2025-02-27,-0.768023050969142,3,0.6168235,1.0379313
2025-03-03,1.2855236084327781,5,0.6322173,1.1020164
2025-03-10,-1.2001953513439965,10,0.7414244,1.0256355
2025-03-25,0.9134937246926366,21,0.7794765,1.044667
2025-02-26,1.08725413983269,1,0.60507256,0.990416
2025-02-28,-0.2465890309728702,3,0.61642236,1.045092
2025-03-04,-2.2435737373696716,5,0.7031995,1.1106528
2025-03-11,-1.1999580508751817,10,0.7604598,0.9637176
2025-03-26,-0.7328829857010779,21,0.78493726,0.9734144
2025-02-27,-0.768023050969142,1,0.6168235,0.9827521
2025-03-03,1.2855236084327781,3,0.6322173,1.0536444
2025-03-05,1.333053325773857,5,0.7202445,1.0615025
2025-03-12,1.0668425232620788,10,0.77059084,1.0400519
2025-03-27,-0.37852796112968085,21,0.7839337,0.9793872
2025-02-28,-0.2465890309728702,1,0.61642236,1.0234749
2025-03-04,-2.2435737373696716,3,0.7031995,1.0503861
2025-03-06,0.5188982413451984,5,0.7216824,1.0417832
2025-03-13,-0.42217196727716993,10,0.7694371,1.0587411
2025-03-28,-1.019646176982812,21,0.7918073,0.98805654
2025-03-03,1.2855236084327781,1,0.6322173,1.0221976
2025-03-05,1.333053325773857,3,0.7202445,1.0753416
2025-03-07,-0.4905937731387166,5,0.72158325,1.0655284
2025-03-14,1.1752153048934446,10,0.7796851,1.1069541
2025-03-31,-1.3877160044930223,21,0.7860529,0.9853189
2025-03-04,-2.2435737373696716,1,0.7031995,1.0019356
2025-03-06,0.5188982413451984,3,0.7216824,1.0227149
2025-03-10,-1.2001953513439965,5,0.7414244,1.001971
2025-03-17,0.8910890818944197,10,0.7852705,1.068162
2025-04-01,1.0714342439391056,21,0.79588515,0.9536284
2025-03-05,1.333053325773857,1,0.7202445,1.0614972
2025-03-07,-0.4905937731387166,3,0.72158325,1.0520937
2025-03-11,-1.1999580508751817,5,0.7604598,1.0825636
2025-03-18,0.6816710088943458,10,0.76302683,1.0620667
2025-04-02,-0.38380653732508635,21,0.7956421,1.0442021
2025-03-06,0.5188982413451984,1,0.7216824,1.0416081
2025-03-10,-1.2001953513439965,3,0.7414244,1.0529237
2025-03-12,1.0668425232620788,5,0.77059084,1.0973026
2025-03-19,0.6900430731662001,10,0.76329654,1.098695
2025-04-03,-3.2964514481460525,21,0.9057757,1.0499129
2025-03-07,-0.4905937731387166,1,0.72158325,1.0362719
2025-03-11,-1.1999580508751817,3,0.7604598,1.0147934
2025-03-13,-0.42217196727716993,5,0.7694371,1.0582569
2025-03-20,-0.9394290896700901,10,0.7765844,1.0492411
2025-04-04,-5.166194104599604,21,1.1239161,1.0096576
2025-03-10,-1.2001953513439965,1,0.7414244,1.0372577
2025-03-12,1.0668425232620788,3,0.77059084,1.0962688
2025-03-14,1.1752153048934446,5,0.7796851,1.166614
2025-03-21,-0.5326469310254026,10,0.7820385,1.0401562
2025-04-07,-4.683673691237175,21,1.2726462,1.07939
2025-03-11,-1.1999580508751817,1,0.7604598,0.97855043
2025-03-13,-0.42217196727716993,3,0.7694371,1.0858085
2025-03-17,0.8910890818944197,5,0.7852705,1.104732
2025-03-24,-0.01757369974835368,10,0.7781203,1.0231956
2025-04-08,2.5433464333286686,21,1.3173426,0.98901576
2025-03-12,1.0668425232620788,1,0.77059084,1.0764834
2025-03-14,1.1752153048934446,3,0.7796851,1.0981748
2025-03-18,0.6816710088943458,5,0.76302683,1.1287942
2025-03-25,0.9134937246926366,10,0.7794765,1.0882087
2025-04-09,-3.627015946074759,21,1.386598,1.0475729
2025-03-13,-0.42217196727716993,1,0.7694371,1.0789185
2025-03-17,0.8910890818944197,3,0.7852705,1.1112311
2025-03-19,0.6900430731662001,5,0.76329654,1.1212914
2025-03-26,-0.7328829857010779,10,0.78493726,1.0685562
2025-04-10,3.4931814252722946,21,1.456372,1.0457318
2025-03-14,1.1752153048934446,1,0.7796851,0.9981545
2025-03-18,0.6816710088943458,3,0.76302683,1.0784158
2025-03-20,-0.9394290896700901,5,0.7765844,1.1088986
2025-03-27,-0.37852796112968085,10,0.7839337,1.0364459
2025-04-11,-0.2789223002091242,21,1.4514349,1.0081884
2025-03-17,0.8910890818944197,1,0.7852705,1.088212
2025-03-19,0.6900430731662001,3,0.76329654,1.0893059
2025-03-21,-0.5326469310254026,5,0.7820385,1.1353744
2025-03-28,-1.019646176982812,10,0.7918073,1.0991907
2025-04-14,2.64078506595708,21,1.4942807,1.1051937
2025-03-18,0.6816710088943458,1,0.76302683,0.9997761
2025-03-20,-0.9394290896700901,3,0.7765844,1.0587642
2025-03-24,-0.01757369974835368,5,0.7781203,1.0614651
2025-03-31,-1.3877160044930223,10,0.7860529,1.0095551
2025-04-15,1.9484312232120833,21,1.5172757,0.99397236
2025-03-19,0.6900430731662001,1,0.76329654,0.9929497
2025-03-21,-0.5326469310254026,3,0.7820385,1.0284433
2025-03-25,0.9134937246926366,5,0.7794765,1.0496938
2025-04-01,1.0714342439391056,10,0.79588515,1.0677916
2025-04-16,-0.1215249480489989,21,1.5166754,1.0224283
2025-03-20,-0.9394290896700901,1,0.7765844,1.0085732
2025-03-24,-0.01757369974835368,3,0.7781203,1.0012286
2025-03-26,-0.7328829857010779,5,0.78493726,1.0203489
2025-04-02,-0.38380653732508635,10,0.7956421,1.0215449
2025-04-17,-0.47453979002527624,21,1.517443,0.9758519
2025-03-21,-0.5326469310254026,1,0.7820385,1.0240813
2025-03-25,0.9134937246926366,3,0.7794765,1.0099566
2025-03-27,-0.37852796112968085,5,0.7839337,1.0845
2025-04-03,-3.2964514481460525,10,0.9057757,0.9693738
2025-04-22,0.3371344054957535,21,1.5183338,1.0129459
2025-03-24,-0.01757369974835368,1,0.7781203,1.0208917
2025-03-26,-0.7328829857010779,3,0.78493726,1.0517843
2025-03-28,-1.019646176982812,5,0.7918073,1.1074847
2025-04-04,-5.166194104599604,10,1.1239161,1.015488
2025-04-23,1.725326614963166,21,1.5317343,1.0556436
2025-03-25,0.9134937246926366,1,0.7794765,1.0241119
2025-03-27,-0.37852796112968085,3,0.7839337,1.043056
2025-03-31,-1.3877160044930223,5,0.7860529,1.083608
2025-04-07,-4.683673691237175,10,1.2726462,1.0297159
2025-04-24,0.2853528727525942,21,1.5321298,0.9840864
2025-03-26,-0.7328829857010779,1,0.78493726,1.0253737
2025-03-28,-1.019646176982812,3,0.7918073,1.034123
2025-04-01,1.0714342439391056,5,0.79588515,1.0897064
2025-04-08,2.5433464333286686,10,1.3173426,1.005214
2025-04-25,0.646909730901676,21,1.5314747,1.0322027
2025-03-27,-0.37852796112968085,1,0.7839337,0.9218379
2025-03-31,-1.3877160044930223,3,0.7860529,1.0730616
2025-04-02,-0.38380653732508635,5,0.7956421,1.1143516
2025-04-09,-3.627015946074759,10,1.386598,0.9389998
2025-04-28,0.25281267415463937,21,1.525662,0.9697286
2025-03-28,-1.019646176982812,1,0.7918073,1.0335907
2025-04-01,1.0714342439391056,3,0.79588515,1.0952573
2025-04-03,-3.2964514481460525,5,0.9057757,1.151808
2025-04-10,3.4931814252722946,10,1.456372,1.0589677
2025-04-29,0.3641227447648044,21,1.5256555,1.0493889
2025-03-31,-1.3877160044930223,1,0.7860529,1.0613697
2025-04-02,-0.38380653732508635,3,0.7956421,1.090275
2025-04-04,-5.166194104599604,5,1.1239161,1.1031092
2025-04-11,-0.2789223002091242,10,1.4514349,1.0625613
2025-04-30,0.248618181963592,21,1.5209835,1.062123
2025-04-01,1.0714342439391056,1,0.79588515,1.0471121
2025-04-03,-3.2964514481460525,3,0.9057757,1.0951306
2025-04-07,-4.683673691237175,5,1.2726462,1.0981516
2025-04-14,2.64078506595708,10,1.4942807,1.0748606
2025-05-02,2.2366599620045324,21,1.5440242,1.017223
2025-04-02,-0.38380653732508635,1,0.7956421,1.055178
2025-04-04,-5.166194104599604,3,1.1239161,1.1248834
2025-04-08,2.5433464333286686,5,1.3173426,1.1210824
2025-04-15,1.9484312232120833,10,1.5172757,1.1233964
2025-05-05,-0.2308133474014196,21,1.5441911,1.0600792
2025-04-03,-3.2964514481460525,1,0.9057757,1.0300081
2025-04-07,-4.683673691237175,3,1.2726462,1.092706
2025-04-09,-3.627015946074759,5,1.386598,1.086927
2025-04-16,-0.1215249480489989,10,1.5166754,1.0813863
2025-05-06,-0.2131830844150217,21,1.538981,1.0209
2025-04-04,-5.166194104599604,1,1.1239161,1.1015024
2025-04-08,2.5433464333286686,3,1.3173426,1.1253662
2025-04-10,3.4931814252722946,5,1.456372,1.1859596
2025-04-17,-0.47453979002527624,10,1.517443,1.1141336
2025-05-07,-0.5757218097024934,21,1.5404326,1.1449442
2025-04-07,-4.683673691237175,1,1.2726462,1.0916936
2025-04-09,-3.627015946074759,3,1.386598,1.1126918
2025-04-11,-0.2789223002091242,5,1.4514349,1.1124716
2025-04-22,0.3371344054957535,10,1.5183338,1.1176684
2025-05-08,1.0087392017863757,21,1.5438918,1.0764475
2025-04-08,2.5433464333286686,1,1.3173426,1.1480414
2025-04-10,3.4931814252722946,3,1.456372,1.1741393
2025-04-14,2.64078506595708,5,1.4942807,1.1858253
2025-04-23,1.725326614963166,10,1.5317343,1.1937591
2025-05-09,0.5468383711160433,21,1.5436274,1.1526046
2025-04-09,-3.627015946074759,1,1.386598,1.0870883
2025-04-11,-0.2789223002091242,3,1.4514349,1.1307137
2025-04-15,1.9484312232120833,5,1.5172757,1.1150726
2025-04-24,0.2853528727525942,10,1.5321298,1.1246444
2025-05-12,1.6537620735008707,21,1.5585057,1.0447515
2025-04-10,3.4931814252722946,1,1.456372,1.0685679
2025-04-14,2.64078506595708,3,1.4942807,1.1603589
2025-04-16,-0.1215249480489989,5,1.5166754,1.1430107
2025-04-25,0.646909730901676,10,1.5314747,1.1260164
2025-05-13,0.44631955625719555,21,1.5515852,1.0398207
2025-04-11,-0.2789223002091242,1,1.4514349,1.1019607
2025-04-15,1.9484312232120833,3,1.5172757,1.1334091
2025-04-17,-0.47453979002527624,5,1.517443,1.1327996
2025-04-28,0.25281267415463937,10,1.525662,1.156036
2025-05-14,-0.0012579882252465146,21,1.5514464,1.085834
2025-04-14,2.64078506595708,1,1.4942807,1.0660726
2025-04-16,-0.1215249480489989,3,1.5166754,1.1101334
2025-04-22,0.3371344054957535,5,1.5183338,1.1269125
2025-04-29,0.3641227447648044,10,1.5256555,1.1209381
2025-05-15,0.032702551719345,21,1.5500333,1.0621238
2025-04-15,1.9484312232120833,1,1.5172757,1.0689039
2025-04-17,-0.47453979002527624,3,1.517443,1.1158679
2025-04-23,1.725326614963166,5,1.5317343,1.1263844
2025-04-30,0.248618181963592,10,1.5209835,1.1493672
2025-05-16,0.413518028832744,21,1.5509325,1.0905195
2025-04-16,-0.1215249480489989,1,1.5166754,1.0127802
2025-04-22,0.3371344054957535,3,1.5183338,1.0466385
2025-04-24,0.2853528727525942,5,1.5321298,1.0352154
2025-05-02,2.2366599620045324,10,1.5440242,1.0679159
2025-05-19,-0.23384491009786806,21,1.549014,0.9910206
2025-04-17,-0.47453979002527624,1,1.517443,1.0440872
2025-04-23,1.725326614963166,3,1.5317343,1.0381399
2025-04-25,0.646909730901676,5,1.5314747,1.0750535
2025-05-05,-0.2308133474014196,10,1.5441911,1.0636353
2025-05-20,0.6450363807696528,21,1.5509372,1.0305052
2025-04-22,0.3371344054957535,1,1.5183338,1.0230246
2025-04-24,0.2853528727525942,3,1.5321298,1.0346413
2025-04-28,0.25281267415463937,5,1.525662,1.0513045
2025-05-06,-0.2131830844150217,10,1.538981,1.0253533
2025-05-21,-0.07049480782655448,21,1.5507445,0.9870868
2025-04-23,1.725326614963166,1,1.5317343,1.0270764
2025-04-25,0.646909730901676,3,1.5314747,1.036166
2025-04-29,0.3641227447648044,5,1.5256555,1.0874095
2025-05-07,-0.5757218097024934,10,1.5404326,1.0249916
2025-05-22,-0.6423522331165388,21,1.5521469,1.0214317
2025-04-24,0.2853528727525942,1,1.5321298,1.065095
2025-04-28,0.25281267415463937,3,1.525662,1.0275756
2025-04-30,0.248618181963592,5,1.5209835,1.1209879
2025-05-08,1.0087392017863757,10,1.5438918,0.9945725
2025-05-23,-1.437936166855594,21,1.562899,1.0719508
2025-04-25,0.646909730901676,1,1.5314747,0.95369923
2025-04-29,0.3641227447648044,3,1.5256555,1.0236702
2025-05-02,2.2366599620045324,5,1.5440242,1.099031
2025-05-09,0.5468383711160433,10,1.5436274,0.9233099
2025-05-26,1.1422975613094437,21,1.5635723,0.97433114
2025-04-28,0.25281267415463937,1,1.525662,0.97051036
2025-04-30,0.248618181963592,3,1.5209835,1.0476301
2025-05-05,-0.2308133474014196,5,1.5441911,1.1031079
2025-05-12,1.6537620735008707,10,1.5585057,1.0060923
2025-05-27,0.2460072274451028,21,1.5607504,1.0283351
2025-04-29,0.3641227447648044,1,1.5256555,0.96749043
2025-05-02,2.2366599620045324,3,1.5440242,0.9944774
2025-05-06,-0.2131830844150217,5,1.538981,1.0451987
2025-05-13,0.44631955625719555,10,1.5515852,0.9223926
2025-05-28,-0.3575704156045125,21,1.561118,0.9639687
2025-04-30,0.248618181963592,1,1.5209835,0.95130986
2025-05-05,-0.2308133474014196,3,1.5441911,1.0060225
2025-05-07,-0.5757218097024934,5,1.5404326,1.069754
2025-05-14,-0.0012579882252465146,10,1.5514464,0.93044716
2025-05-29,-0.03090673444495526,21,1.5519985,0.93579936
2025-05-02,2.2366599620045324,1,1.5440242,0.96084034
2025-05-06,-0.2131830844150217,3,1.538981,1.0267835
2025-05-08,1.0087392017863757,5,1.5438918,1.0498898
2025-05-15,0.032702551719345,10,1.5500333,0.9710783
2025-05-30,-0.37606028410781883,21,1.5251402,0.9700855
2025-05-05,-0.2308133474014196,1,1.5441911,0.97150487
2025-05-07,-0.5757218097024934,3,1.5404326,0.9713751
2025-05-09,0.5468383711160433,5,1.5436274,1.0414631
2025-05-16,0.413518028832744,10,1.5509325,0.94697154
2025-06-02,-0.05637282219248817,21,1.5152467,0.9706466
2025-05-06,-0.2131830844150217,1,1.538981,1.0033811
2025-05-08,1.0087392017863757,3,1.5438918,1.0235157
2025-05-12,1.6537620735008707,5,1.5585057,1.048948
2025-05-19,-0.23384491009786806,10,1.549014,0.95099986
2025-06-03,0.23162221776845449,21,1.5139945,1.0276628
2025-05-07,-0.5757218097024934,1,1.5404326,0.9469985
2025-05-09,0.5468383711160433,3,1.5436274,1.0035654
2025-05-13,0.44631955625719555,5,1.5515852,1.0583706
2025-05-20,0.6450363807696528,10,1.5509372,0.94204307
2025-06-04,0.30295594337830634,21,1.5132502,0.9774187
2025-05-08,1.0087392017863757,1,1.5438918,1.0206887
2025-05-12,1.6537620735008707,3,1.5585057,1.0077795
2025-05-14,-0.0012579882252465146,5,1.5514464,1.0848589
2025-05-21,-0.07049480782655448,10,1.5507445,1.0219526
2025-06-05,0.1763013698141025,21,1.5052123,1.0328393
2025-05-09,0.5468383711160433,1,1.5436274,0.95551383
2025-05-13,0.44631955625719555,3,1.5515852,0.9710577
2025-05-15,0.032702551719345,5,1.5500333,1.023956
2025-05-22,-0.6423522331165388,10,1.5521469,0.93436915
2025-06-06,0.31844260245833617,21,1.497105,0.93171585
2025-05-12,1.6537620735008707,1,1.5585057,0.9451939
2025-05-14,-0.0012579882252465146,3,1.5514464,1.0039705
2025-05-16,0.413518028832744,5,1.5509325,1.0781245
2025-05-23,-1.437936166855594,10,1.562899,0.9362533
2025-06-09,0.026961360771512212,21,1.4910797,0.9509869
2025-05-13,0.44631955625719555,1,1.5515852,0.94802463
2025-05-15,0.032702551719345,3,1.5500333,1.0021268
2025-05-19,-0.23384491009786806,5,1.549014,1.053867
2025-05-26,1.1422975613094437,10,1.5635723,0.9338204
2025-06-10,0.16161569059823605,21,1.4900002,0.92655987
2025-05-14,-0.0012579882252465146,1,1.5514464,0.94565856
2025-05-16,0.413518028832744,3,1.5509325,0.9912842
2025-05-20,0.6450363807696528,5,1.5509372,1.0368147
2025-05-27,0.2460072274451028,10,1.5607504,0.9495013
2025-06-11,-0.2230731113210379,21,1.4828168,0.9204594
2025-05-15,0.032702551719345,1,1.5500333,0.93469393
2025-05-19,-0.23384491009786806,3,1.549014,1.0202885
2025-05-21,-0.07049480782655448,5,1.5507445,1.0572541
2025-05-28,-0.3575704156045125,10,1.561118,0.95862156
2025-06-12,-0.24746580141763716,21,1.4786803,0.9665582
2025-05-16,0.413518028832744,1,1.5509325,0.96094084
2025-05-20,0.6450363807696528,3,1.5509372,0.9575262
2025-05-22,-0.6423522331165388,5,1.5521469,0.97874606
2025-05-29,-0.03090673444495526,10,1.5519985,0.9819056
2025-06-13,-0.8722537009496854,21,1.4800557,0.9203974
2025-05-19,-0.23384491009786806,1,1.549014,0.95530635
2025-05-21,-0.07049480782655448,3,1.5507445,0.9862401
2025-05-23,-1.437936166855594,5,1.562899,1.0225611
2025-05-30,-0.37606028410781883,10,1.5251402,1.0033922
2025-06-16,0.6248044103782402,21,1.4795408,0.9485837
2025-05-20,0.6450363807696528,1,1.5509372,0.97930706
2025-05-22,-0.6423522331165388,3,1.5521469,0.9513892
2025-05-26,1.1422975613094437,5,1.5635723,0.96858215
2025-06-02,-0.05637282219248817,10,1.5152467,0.99431753
2025-06-17,-0.7606524338601721,21,1.4778616,0.9145073
2025-05-21,-0.07049480782655448,1,1.5507445,0.96861196
2025-05-23,-1.437936166855594,3,1.562899,0.9474992
2025-05-27,0.2460072274451028,5,1.5607504,1.0299448
2025-06-03,0.23162221776845449,10,1.5139945,0.9154555
2025-06-18,-0.19393467620469595,21,1.4765519,0.96483564
2025-05-22,-0.6423522331165388,1,1.5521469,0.9749403
2025-05-26,1.1422975613094437,3,1.5635723,0.9640337
2025-05-28,-0.3575704156045125,5,1.561118,1.0307233
2025-06-04,0.30295594337830634,10,1.5132502,0.9198917
2025-06-19,-1.091753023832748,21,1.4829776,0.9401721
2025-05-23,-1.437936166855594,1,1.562899,0.96974784
2025-05-27,0.2460072274451028,3,1.5607504,0.95010924
2025-05-29,-0.03090673444495526,5,1.5519985,1.0521358
2025-06-05,0.1763013698141025,10,1.5052123,0.8851717
2025-06-20,0.3154384218625482,21,1.478454,0.9568537
2025-05-26,1.1422975613094437,1,1.5635723,1.0135933
2025-05-28,-0.3575704156045125,3,1.561118,1.0090972
2025-05-30,-0.37606028410781883,5,1.5251402,1.1069319
2025-06-06,0.31844260245833617,10,1.497105,0.97065604
2025-06-23,-0.2073963521224837,21,1.4759023,1.0557922
2025-05-27,0.2460072274451028,1,1.5607504,0.9696059
2025-05-29,-0.03090673444495526,3,1.5519985,0.9570048
2025-06-02,-0.05637282219248817,5,1.5152467,1.0356755
2025-06-09,0.026961360771512212,10,1.4910797,0.9011161
2025-06-24,0.8200046587932502,21,1.4793847,0.9451378
2025-05-28,-0.3575704156045125,1,1.561118,0.975407
2025-05-30,-0.37606028410781883,3,1.5251402,0.9827064
2025-06-03,0.23162221776845449,5,1.5139945,1.0874673
2025-06-10,0.16161569059823605,10,1.4900002,0.9114312
2025-06-25,-0.7063007584481776,21,1.4763553,0.9896894
2025-05-29,-0.03090673444495526,1,1.5519985,0.9314661
2025-06-02,-0.05637282219248817,3,1.5152467,1.0046729
2025-06-04,0.30295594337830634,5,1.5132502,1.0186884
2025-06-11,-0.2230731113210379,10,1.4828168,0.9246203
2025-06-26,-0.0937803168620086,21,1.4654087,0.9209982
2025-05-30,-0.37606028410781883,1,1.5251402,0.99891734
2025-06-03,0.23162221776845449,3,1.5139945,0.99946195
2025-06-05,0.1763013698141025,5,1.5052123,1.0786709
2025-06-12,-0.24746580141763716,10,1.4786803,0.98374456
2025-06-27,1.242172662512934,21,1.4676802,1.0116314
2025-06-02,-0.05637282219248817,1,1.5152467,1.0310297
2025-06-04,0.30295594337830634,3,1.5132502,1.0223038
2025-06-06,0.31844260245833617,5,1.497105,1.0923635
2025-06-13,-0.8722537009496854,10,1.4800557,0.9912548
2025-06-30,-0.4255176706845978,21,1.4678783,1.0443628
2025-06-03,0.23162221776845449,1,1.5139945,1.033273
2025-06-05,0.1763013698141025,3,1.5052123,1.0152242
2025-06-09,0.026961360771512212,5,1.4910797,1.1084142
2025-06-16,0.6248044103782402,10,1.4795408,0.9915928
2025-07-01,-0.23611857735553998,21,1.4028997,1.037388
2025-06-04,0.30295594337830634,1,1.5132502,1.052025
2025-06-06,0.31844260245833617,3,1.497105,0.9824565
2025-06-10,0.16161569059823605,5,1.4900002,1.0657713
2025-06-17,-0.7606524338601721,10,1.4778616,1.0141845
2025-07-02,0.7764508287820211,21,1.22656,1.0599104
2025-06-05,0.1763013698141025,1,1.5052123,1.003581
2025-06-09,0.026961360771512212,3,1.4910797,0.9842839
2025-06-11,-0.2230731113210379,5,1.4828168,1.0471611
2025-06-18,-0.19393467620469595,10,1.4765519,0.9593107
2025-07-03,0.24504617164847214,21,1.0491252,0.96938074
2025-06-06,0.31844260245833617,1,1.497105,0.95955527
2025-06-10,0.16161569059823605,3,1.4900002,1.0274507
2025-06-12,-0.24746580141763716,5,1.4786803,1.0855978
2025-06-19,-1.091753023832748,10,1.4829776,1.0073817
2025-07-04,-0.7242062086449176,21,1.0115939,0.9989036
2025-06-09,0.026961360771512212,1,1.4910797,1.0213417
2025-06-11,-0.2230731113210379,3,1.4828168,1.0210844
2025-06-13,-0.8722537009496854,5,1.4800557,1.080413
2025-06-20,0.3154384218625482,10,1.478454,1.0130492
2025-07-07,0.42272072202861377,21,0.8794749,0.9850099
2025-06-10,0.16161569059823605,1,1.4900002,1.0527357
2025-06-12,-0.24746580141763716,3,1.4786803,1.0003321
2025-06-16,0.6248044103782402,5,1.4795408,1.070327
2025-06-23,-0.2073963521224837,10,1.4759023,1.0088859
2025-07-08,0.4986058254020632,21,0.77063376,0.9953736
2025-06-11,-0.2230731113210379,1,1.4828168,0.9876486
2025-06-13,-0.8722537009496854,3,1.4800557,1.0468637
2025-06-17,-0.7606524338601721,5,1.4778616,1.0920902
2025-06-24,0.8200046587932502,10,1.4793847,0.99028206
2025-07-09,1.012935567451606,21,0.7750129,0.9963945
2025-06-12,-0.24746580141763716,1,1.4786803,0.97662246
2025-06-16,0.6248044103782402,3,1.4795408,1.0258137
2025-06-18,-0.19393467620469595,5,1.4765519,1.0278352
2025-06-25,-0.7063007584481776,10,1.4763553,1.04252
2025-07-10,0.3075591418407909,21,0.7072237,0.9486993
2025-06-13,-0.8722537009496854,1,1.4800557,1.0373571
2025-06-17,-0.7606524338601721,3,1.4778616,1.0456654
2025-06-19,-1.091753023832748,5,1.4829776,1.0989369
2025-06-26,-0.0937803168620086,10,1.4654087,1.0639818
2025-07-11,-0.8111744527846422,21,0.6797526,1.0267237
2025-06-16,0.6248044103782402,1,1.4795408,1.0371599
2025-06-18,-0.19393467620469595,3,1.4765519,1.0471389
2025-06-20,0.3154384218625482,5,1.478454,1.0464494
2025-06-27,1.242172662512934,10,1.4676802,1.0691787
2025-07-14,-0.16340489074030332,21,0.6800454,0.9743917
2025-06-17,-0.7606524338601721,1,1.4778616,1.0612209
2025-06-19,-1.091753023832748,3,1.4829776,1.0482072
2025-06-23,-0.2073963521224837,5,1.4759023,1.1114858
2025-06-30,-0.4255176706845978,10,1.4678783,1.0783377
2025-07-15,-0.256959456163065,21,0.6773003,1.0730016
2025-06-18,-0.19393467620469595,1,1.4765519,1.0378586
2025-06-20,0.3154384218625482,3,1.478454,1.0303714
2025-06-24,0.8200046587932502,5,1.4793847,1.0546939
2025-07-01,-0.23611857735553998,10,1.4028997,1.0270894
2025-07-16,-1.2494491234373448,21,0.7001106,0.9892174
2025-06-19,-1.091753023832748,1,1.4829776,1.0098276
2025-06-23,-0.2073963521224837,3,1.4759023,1.0262916
2025-06-25,-0.7063007584481776,5,1.4763553,1.0819075
2025-07-02,0.7764508287820211,10,1.22656,0.98751116
2025-07-17,1.2759313395230474,21,0.684826,1.0085962
2025-06-20,0.3154384218625482,1,1.478454,1.0056182
2025-06-24,0.8200046587932502,3,1.4793847,1.0721693
2025-06-26,-0.0937803168620086,5,1.4654087,1.0900222
2025-07-03,0.24504617164847214,10,1.0491252,1.0613838
2025-07-18,0.09263256728398259,21,0.6844287,1.0171121
2025-06-23,-0.2073963521224837,1,1.4759023,1.0274591
2025-06-25,-0.7063007584481776,3,1.4763553,0.99467385
2025-06-27,1.242172662512934,5,1.4676802,1.0536057
2025-07-04,-0.7242062086449176,10,1.0115939,0.9926878
2025-07-21,-0.3280656549534127,21,0.6828953,0.97921336
2025-06-24,0.8200046587932502,1,1.4793847,1.0325198
2025-06-26,-0.0937803168620086,3,1.4654087,1.0360086
2025-06-30,-0.4255176706845978,5,1.4678783,1.1039488
2025-07-07,0.42272072202861377,10,0.8794749,1.0136614
2025-07-22,-0.5741751730511985,21,0.6878374,1.0282165
2025-06-25,-0.7063007584481776,1,1.4763553,0.9912093
2025-06-27,1.242172662512934,3,1.4676802,1.0396295
2025-07-01,-0.23611857735553998,5,1.4028997,1.0679286
2025-07-08,0.4986058254020632,10,0.77063376,0.98769116
2025-07-23,1.123078275130945,21,0.70013046,0.9869934
2025-06-26,-0.0937803168620086,1,1.4654087,1.0106022
2025-06-30,-0.4255176706845978,3,1.4678783,1.0583506
2025-07-02,0.7764508287820211,5,1.22656,1.0956917
2025-07-09,1.012935567451606,10,0.7750129,1.0592715
2025-07-24,0.025764045474665674,21,0.6998481,1.0163736
2025-06-27,1.242172662512934,1,1.4676802,1.009635
2025-07-01,-0.23611857735553998,3,1.4028997,1.0351858
2025-07-03,0.24504617164847214,5,1.0491252,1.0735152
2025-07-10,0.3075591418407909,10,0.7072237,1.0305055
2025-07-25,-0.019479519860012017,21,0.64024526,0.9973645
2025-06-30,-0.4255176706845978,1,1.4678783,1.0603635
2025-07-02,0.7764508287820211,3,1.22656,1.0064117
2025-07-04,-0.7242062086449176,5,1.0115939,1.0894659
2025-07-11,-0.8111744527846422,10,0.6797526,1.0029335
2025-07-28,-0.18241178531542204,21,0.6399217,1.0292726
2025-07-01,-0.23611857735553998,1,1.4028997,1.0323052
2025-07-03,0.24504617164847214,3,1.0491252,1.00071
2025-07-07,0.42272072202861377,5,0.8794749,1.0625128
2025-07-14,-0.16340489074030332,10,0.6800454,1.0057395
2025-07-29,0.6476251361733806,21,0.6436462,1.026188
2025-07-02,0.7764508287820211,1,1.22656,1.0421431
2025-07-04,-0.7242062086449176,3,1.0115939,1.0322593
2025-07-08,0.4986058254020632,5,0.77063376,1.0808655
2025-07-15,-0.256959456163065,10,0.6773003,1.0140474
2025-07-30,0.19684369160665777,21,0.6384078,1.0059674
2025-07-03,0.24504617164847214,1,1.0491252,0.9780998
2025-07-07,0.42272072202861377,3,0.8794749,1.0256952
2025-07-09,1.012935567451606,5,0.7750129,1.0651624
2025-07-16,-1.2494491234373448,10,0.7001106,0.9926358
2025-07-31,-1.2349403177078888,21,0.6483287,1.0011945
2025-07-04,-0.7242062086449176,1,1.0115939,0.991336
2025-07-08,0.4986058254020632,3,0.77063376,1.0478286
2025-07-10,0.3075591418407909,5,0.7072237,1.077317
2025-07-17,1.2759313395230474,10,0.684826,0.9808735
2025-08-01,-2.6112715752891655,21,0.72929764,0.98095584
2025-07-07,0.42272072202861377,1,0.8794749,1.0097134
2025-07-09,1.012935567451606,3,0.7750129,1.0290996
2025-07-11,-0.8111744527846422,5,0.6797526,1.0891824
2025-07-18,0.09263256728398259,10,0.6844287,0.9928848
2025-08-04,1.0936545406212081,21,0.71090734,1.013174
2025-07-08,0.4986058254020632,1,0.77063376,1.0383922
2025-07-10,0.3075591418407909,3,0.7072237,1.0409899
2025-07-14,-0.16340489074030332,5,0.6800454,1.0920256
2025-07-21,-0.3280656549534127,10,0.6828953,1.0126225
2025-08-05,0.06799797551065798,21,0.7083208,1.0263002
2025-07-09,1.012935567451606,1,0.7750129,1.0032724
2025-07-11,-0.8111744527846422,3,0.6797526,1.0213728
2025-07-15,-0.256959456163065,5,0.6773003,1.0581645
2025-07-22,-0.5741751730511985,10,0.6878374,0.99033356
2025-08-06,0.20563682570930594,21,0.70897746,1.0158286
2025-07-10,0.3075591418407909,1,0.7072237,0.96206623
2025-07-14,-0.16340489074030332,3,0.6800454,1.0213155
2025-07-16,-1.2494491234373448,5,0.7001106,1.0739453
2025-07-23,1.123078275130945,10,0.70013046,0.9733759
2025-08-07,0.7815229038013887,21,0.7166277,0.9779041
2025-07-11,-0.8111744527846422,1,0.6797526,0.9725971
2025-07-15,-0.256959456163065,3,0.6773003,0.9981586
2025-07-17,1.2759313395230474,5,0.684826,1.0212082
2025-07-24,0.025764045474665674,10,0.6998481,0.96989334
2025-08-08,0.3087547347398051,21,0.7156897,0.94970286
2025-07-14,-0.16340489074030332,1,0.6800454,0.9692807
2025-07-16,-1.2494491234373448,3,0.7001106,1.0294931
2025-07-18,0.09263256728398259,5,0.6844287,1.0688703
2025-07-25,-0.019479519860012017,10,0.64024526,0.9398416
2025-08-11,-0.09119581131335402,21,0.7151975,1.0003995
2025-07-15,-0.256959456163065,1,0.6773003,0.98500705
2025-07-17,1.2759313395230474,3,0.684826,1.0252309
2025-07-21,-0.3280656549534127,5,0.6828953,1.0973604
2025-07-28,-0.18241178531542204,10,0.6399217,0.97760296
2025-08-12,0.5604237737429583,21,0.713955,1.0416929
2025-07-16,-1.2494491234373448,1,0.7001106,1.0200233
2025-07-18,0.09263256728398259,3,0.6844287,1.0183101
2025-07-22,-0.5741751730511985,5,0.6878374,1.1002123
2025-07-29,0.6476251361733806,10,0.6436462,0.972438
2025-08-13,0.6355887069309696,21,0.71886194,1.0309273
2025-07-17,1.2759313395230474,1,0.684826,1.0321474
2025-07-21,-0.3280656549534127,3,0.6828953,1.056352
2025-07-23,1.123078275130945,5,0.70013046,1.0969794
2025-07-30,0.19684369160665777,10,0.6384078,0.9987117
2025-08-14,0.6452601547861416,21,0.7187416,1.029174
2025-07-18,0.09263256728398259,1,0.6844287,0.93013257
2025-07-22,-0.5741751730511985,3,0.6878374,1.065238
2025-07-24,0.025764045474665674,5,0.6998481,1.0969688
2025-07-31,-1.2349403177078888,10,0.6483287,0.98508316
2025-08-15,0.32107541175773935,21,0.6938695,1.0059295
2025-07-21,-0.3280656549534127,1,0.6828953,0.9769391
2025-07-23,1.123078275130945,3,0.70013046,1.0025216
2025-07-25,-0.019479519860012017,5,0.64024526,1.0346549
2025-08-01,-2.6112715752891655,10,0.72929764,0.9881933
2025-08-18,-0.1979885267270329,21,0.67938304,0.9439188
2025-07-22,-0.5741751730511985,1,0.6878374,0.99660534
2025-07-24,0.025764045474665674,3,0.6998481,1.0714018
2025-07-28,-0.18241178531542204,5,0.6399217,1.1357543
2025-08-04,1.0936545406212081,10,0.71090734,0.9547533
2025-08-19,0.7754351534397882,21,0.6857353,1.0286467
2025-07-23,1.123078275130945,1,0.70013046,0.9978284
2025-07-25,-0.019479519860012017,3,0.64024526,1.0649085
2025-07-29,0.6476251361733806,5,0.6436462,1.0855628
2025-08-05,0.06799797551065798,10,0.7083208,1.0379026
2025-08-20,0.038213812909162606,21,0.6838258,1.0103087
2025-07-24,0.025764045474665674,1,0.6998481,1.056615
2025-07-28,-0.18241178531542204,3,0.6399217,1.022227
2025-07-30,0.19684369160665777,5,0.6384078,1.0973608
2025-08-06,0.20563682570930594,10,0.70897746,1.0690382
2025-08-21,-0.02403601716280826,21,0.6838145,1.0621994
2025-07-25,-0.019479519860012017,1,0.64024526,1.0093263
2025-07-29,0.6476251361733806,3,0.6436462,1.0352571
2025-07-31,-1.2349403177078888,5,0.6483287,1.046492
2025-08-07,0.7815229038013887,10,0.7166277,1.0103743
2025-08-22,0.5642440106328221,21,0.68492293,0.9791051
2025-07-28,-0.18241178531542204,1,0.6399217,0.95036995
2025-07-30,0.19684369160665777,3,0.6384078,1.0159793
2025-08-01,-2.6112715752891655,5,0.72929764,1.0457847
2025-08-08,0.3087547347398051,10,0.7156897,0.9769001
2025-08-25,-0.7857704113318804,21,0.6933424,0.96152484
2025-07-29,0.6476251361733806,1,0.6436462,1.052529
2025-07-31,-1.2349403177078888,3,0.6483287,1.0123153
2025-08-04,1.0936545406212081,5,0.71090734,1.0489469
2025-08-11,-0.09119581131335402,10,0.7151975,1.0708481
2025-08-26,-1.2932447491307129,21,0.7139221,0.99442244
2025-07-30,0.19684369160665777,1,0.6384078,1.0019941
2025-08-01,-2.6112715752891655,3,0.72929764,0.99316764
2025-08-05,0.06799797551065798,5,0.7083208,1.0401073
2025-08-12,0.5604237737429583,10,0.713955,0.9816736
2025-08-27,0.11632926241962308,21,0.7130601,0.9545796
2025-07-31,-1.2349403177078888,1,0.6483287,1.0074874
2025-08-04,1.0936545406212081,3,0.71090734,0.99491835
2025-08-06,0.20563682570930594,5,0.70897746,1.0772812
2025-08-13,0.6355887069309696,10,0.71886194,0.9664359
2025-08-28,0.054990378069820954,21,0.71276295,1.0177057
2025-08-01,-2.6112715752891655,1,0.72929764,0.9789157
2025-08-05,0.06799797551065798,3,0.7083208,0.9917501
2025-08-07,0.7815229038013887,5,0.7166277,1.0175942
2025-08-14,0.6452601547861416,10,0.7187416,0.9277356
2025-08-29,-0.6857886147123616,21,0.7172131,0.9168888
2025-08-04,1.0936545406212081,1,0.71090734,1.0137758
2025-08-06,0.20563682570930594,3,0.70897746,1.0947424
2025-08-08,0.3087547347398051,5,0.7156897,1.1011888
2025-08-15,0.32107541175773935,10,0.6938695,1.0777524
2025-09-01,0.15461879498512965,21,0.71749914,1.0175107
2025-08-05,0.06799797551065798,1,0.7083208,0.9815267
2025-08-07,0.7815229038013887,3,0.7166277,1.0369276
2025-08-11,-0.09119581131335402,5,0.7151975,1.0517184
2025-08-18,-0.1979885267270329,10,0.67938304,1.0431163
2025-09-02,-1.077862686802079,21,0.730407,1.0085429
2025-08-06,0.20563682570930594,1,0.70897746,1.0426035
2025-08-08,0.3087547347398051,3,0.7156897,1.0233997
2025-08-12,0.5604237737429583,5,0.713955,1.0709963
2025-08-19,0.7754351534397882,10,0.6857353,1.0188634
2025-09-03,0.5129125617611556,21,0.73317575,0.97815716
2025-08-07,0.7815229038013887,1,0.7166277,0.9870391
2025-08-11,-0.09119581131335402,3,0.7151975,1.0449126
2025-08-13,0.6355887069309696,5,0.71886194,1.0679545
2025-08-20,0.038213812909162606,10,0.6838258,0.9740732
2025-09-04,0.2529530925659072,21,0.7332908,1.0026889
2025-08-08,0.3087547347398051,1,0.7156897,0.97390705
2025-08-12,0.5604237737429583,3,0.713955,1.0213617
2025-08-14,0.6452601547861416,5,0.7187416,1.0926571
2025-08-21,-0.02403601716280826,10,0.6838145,0.9850844
2025-09-05,-0.3047580543653577,21,0.7255078,1.015195
2025-08-11,-0.09119581131335402,1,0.7151975,0.99787563
2025-08-13,0.6355887069309696,3,0.71886194,0.9854584
2025-08-15,0.32107541175773935,5,0.6938695,1.0409243
2025-08-22,0.5642440106328221,10,0.68492293,0.9990063
2025-09-08,0.7347580882685728,21,0.72723305,1.0124828
2025-08-12,0.5604237737429583,1,0.713955,0.96330714
2025-08-14,0.6452601547861416,3,0.7187416,0.9930373
2025-08-18,-0.1979885267270329,5,0.67938304,1.0511506
2025-08-25,-0.7857704113318804,10,0.6933424,0.93159735
2025-09-09,0.4069194343890017,21,0.7219112,0.9650377
2025-08-13,0.6355887069309696,1,0.71886194,1.0087359
2025-08-15,0.32107541175773935,3,0.6938695,0.97543645
2025-08-19,0.7754351534397882,5,0.6857353,1.0697737
2025-08-26,-1.2932447491307129,10,0.7139221,0.9630266
2025-09-10,0.14608659163532373,21,0.7214762,1.0057876
2025-08-14,0.6452601547861416,1,0.7187416,0.9991598
2025-08-18,-0.1979885267270329,3,0.67938304,0.99203384
2025-08-20,0.038213812909162606,5,0.6838258,1.0666473
2025-08-27,0.11632926241962308,10,0.7130601,0.95286405
2025-09-11,0.6374062753919882,21,0.7102186,0.9797263
2025-08-15,0.32107541175773935,1,0.6938695,0.91062874
2025-08-19,0.7754351534397882,3,0.6857353,1.016292
2025-08-21,-0.02403601716280826,5,0.6838145,1.0524098
2025-08-28,0.054990378069820954,10,0.71276295,0.9636421
2025-09-12,0.18517319599371665,21,0.7096302,0.9492001
2025-08-18,-0.1979885267270329,1,0.67938304,0.9850261
2025-08-20,0.038213812909162606,3,0.6838258,1.0058082
2025-08-22,0.5642440106328221,5,0.68492293,1.1273935
2025-08-29,-0.6857886147123616,10,0.7172131,0.9447305
2025-09-15,1.100224003044148,21,0.7212619,1.0289936
2025-08-19,0.7754351534397882,1,0.6857353,0.9670502
2025-08-21,-0.02403601716280826,3,0.6838145,0.99402934
2025-08-25,-0.7857704113318804,5,0.6933424,1.0463499
2025-09-01,0.15461879498512965,10,0.71749914,0.9493522
2025-09-16,-0.8789617294485105,21,0.72513014,0.92644256
2025-08-20,0.038213812909162606,1,0.6838258,0.93385404
2025-08-22,0.5642440106328221,3,0.68492293,0.9998494
2025-08-26,-1.2932447491307129,5,0.7139221,1.0465308
2025-09-02,-1.077862686802079,10,0.730407,0.97453
2025-09-17,-0.33083843534132706,21,0.72006434,0.9543822
2025-08-21,-0.02403601716280826,1,0.6838145,0.9750586
2025-08-25,-0.7857704113318804,3,0.6933424,0.9442111
2025-08-27,0.11632926241962308,5,0.7130601,0.9890276
2025-09-03,0.5129125617611556,10,0.73317575,0.97106516
2025-09-18,1.1571573086174105,21,0.73352724,0.9330225
2025-08-22,0.5642440106328221,1,0.68492293,0.9665811
2025-08-26,-1.2932447491307129,3,0.7139221,1.0003636
2025-08-28,0.054990378069820954,5,0.71276295,1.0475096
2025-09-04,0.2529530925659072,10,0.7332908,0.9038019
2025-09-19,-0.01959511598004962,21,0.7175756,0.94021356
2025-08-25,-0.7857704113318804,1,0.6933424,0.927268
2025-08-27,0.11632926241962308,3,0.7130601,1.0318512
2025-08-29,-0.6857886147123616,5,0.7172131,1.0228478
2025-09-05,-0.3047580543653577,10,0.7255078,0.99188566
2025-09-22,0.10894914132602554,21,0.7147634,0.93217075
2025-08-26,-1.2932447491307129,1,0.7139221,1.0132835
2025-08-28,0.054990378069820954,3,0.71276295,0.99403155
2025-09-01,0.15461879498512965,5,0.71749914,1.0709488
2025-09-08,0.7347580882685728,10,0.72723305,1.007034
2025-09-23,0.495503656087924,21,0.7157187,1.0331477
2025-08-27,0.11632926241962308,1,0.7130601,1.0138218
2025-08-29,-0.6857886147123616,3,0.7172131,1.0217888
2025-09-02,-1.077862686802079,5,0.730407,1.0687268
2025-09-09,0.4069194343890017,10,0.7219112,0.99853665
2025-09-24,-0.16022080997487842,21,0.71048176,1.0138721
2025-08-28,0.054990378069820954,1,0.71276295,0.98061186
2025-09-01,0.15461879498512965,3,0.71749914,1.0244066
2025-09-03,0.5129125617611556,5,0.73317575,1.082002
2025-09-10,0.14608659163532373,10,0.7214762,0.9792635
2025-09-25,-0.27290477181746814,21,0.7114041,1.0003681
2025-08-29,-0.6857886147123616,1,0.7172131,1.0651065
2025-09-02,-1.077862686802079,3,0.730407,1.0329022
2025-09-04,0.2529530925659072,5,0.7332908,1.0825663
2025-09-11,0.6374062753919882,10,0.7102186,1.0489515
2025-09-26,0.9068010894103813,21,0.71222967,1.0131036
2025-09-01,0.15461879498512965,1,0.71749914,0.95204604
2025-09-03,0.5129125617611556,3,0.73317575,1.0082352
2025-09-05,-0.3047580543653577,5,0.7255078,1.0242443
2025-09-12,0.18517319599371665,10,0.7096302,0.9607341
2025-09-29,0.3127299251777458,21,0.7114833,0.9119175
2025-09-02,-1.077862686802079,1,0.730407,0.9819354
2025-09-04,0.2529530925659072,3,0.7332908,1.0454389
2025-09-08,0.7347580882685728,5,0.72723305,1.0979083
2025-09-15,1.100224003044148,10,0.7212619,0.9737414
2025-09-30,0.17016864073292678,21,0.7094827,0.9895903
2025-09-03,0.5129125617611556,1,0.73317575,1.0248425
2025-09-05,-0.3047580543653577,3,0.7255078,1.0556402
2025-09-09,0.4069194343890017,5,0.7219112,1.1266735
2025-09-16,-0.8789617294485105,10,0.72513014,0.9911587
2025-10-01,1.0006502480965271,21,0.7092096,1.027514
2025-09-04,0.2529530925659072,1,0.7332908,1.0026336
2025-09-08,0.7347580882685728,3,0.72723305,1.0721078
2025-09-10,0.14608659163532373,5,0.7214762,1.0797944
2025-09-17,-0.33083843534132706,10,0.72006434,1.0924537
2025-10-02,0.948172854361805,21,0.71752626,0.9867337
2025-09-05,-0.3047580543653577,1,0.7255078,1.0101026
2025-09-09,0.4069194343890017,3,0.7219112,1.0124903
2025-09-11,0.6374062753919882,5,0.7102186,1.0289688
2025-09-18,1.1571573086174105,10,0.73352724,1.090217
2025-10-03,0.35650030379141584,21,0.70853704,1.0025663
2025-09-08,0.7347580882685728,1,0.72723305,1.0540123
2025-09-10,0.14608659163532373,3,0.7214762,0.9903685
2025-09-12,0.18517319599371665,5,0.7096302,1.0529257
2025-09-19,-0.01959511598004962,10,0.7175756,0.9899438
2025-10-06,-0.5476681724285748,21,0.71274,0.9954551
2025-09-09,0.4069194343890017,1,0.7219112,0.9303447
2025-09-11,0.6374062753919882,3,0.7102186,1.0173781
2025-09-15,1.100224003044148,5,0.7212619,1.0290776
2025-09-22,0.10894914132602554,10,0.7147634,1.0025225
2025-10-07,-0.15474051448516682,21,0.7119944,0.9341368
2025-09-10,0.14608659163532373,1,0.7214762,1.0183839
2025-09-12,0.18517319599371665,3,0.7096302,0.9820999
2025-09-16,-0.8789617294485105,5,0.72513014,0.9911767
2025-09-23,0.495503656087924,10,0.7157187,1.0533669
2025-10-08,0.6546735980657231,21,0.69293684,0.96324646
2025-09-11,0.6374062753919882,1,0.7102186,1.0456226
2025-09-15,1.100224003044148,3,0.7212619,0.9523652
2025-09-17,-0.33083843534132706,5,0.72006434,1.0596206
2025-09-24,-0.16022080997487842,10,0.71048176,0.92896754
2025-10-09,-0.5135596043657983,21,0.68133646,1.0180423
2025-09-12,0.18517319599371665,1,0.7096302,0.92957765
2025-09-16,-0.8789617294485105,3,0.72513014,1.0361716
2025-09-18,1.1571573086174105,5,0.73352724,1.0882516
2025-09-25,-0.27290477181746814,10,0.7114041,0.8984144
2025-10-10,-1.7597059075738026,21,0.72255486,0.9723848
2025-09-15,1.100224003044148,1,0.7212619,1.0276245
2025-09-17,-0.33083843534132706,3,0.72006434,0.9990405
2025-09-19,-0.01959511598004962,5,0.7175756,1.0945694
2025-09-26,0.9068010894103813,10,0.71222967,0.979304
2025-10-13,0.44283801107096266,21,0.7221636,1.0452386
2025-09-16,-0.8789617294485105,1,0.72513014,0.99400306
2025-09-18,1.1571573086174105,3,0.73352724,0.9741777
2025-09-22,0.10894914132602554,5,0.7147634,1.0335504
2025-09-29,0.3127299251777458,10,0.7114833,0.94988847
2025-10-14,-0.254873693038124,21,0.71838707,0.96747804
2025-09-17,-0.33083843534132706,1,0.72006434,0.9172388
2025-09-19,-0.01959511598004962,3,0.7175756,1.0215218
2025-09-23,0.495503656087924,5,0.7157187,1.0342501
2025-09-30,0.17016864073292678,10,0.7094827,0.94053066
2025-10-15,1.3404000620134522,21,0.72420436,0.9384713
2025-09-18,1.1571573086174105,1,0.73352724,1.0308332
2025-09-22,0.10894914132602554,3,0.7147634,1.0521683
2025-09-24,-0.16022080997487842,5,0.71048176,1.1830949
2025-10-01,1.0006502480965271,10,0.7092096,0.97710776
2025-10-16,0.9404115232401626,21,0.73231643,1.0929596
2025-09-19,-0.01959511598004962,1,0.7175756,0.9933238
2025-09-23,0.495503656087924,3,0.7157187,1.0149705
2025-09-25,-0.27290477181746814,5,0.7114041,1.0409966
2025-10-02,0.948172854361805,10,0.71752626,0.97729015
2025-10-17,-0.5722965830324636,21,0.7374281,0.9389222
2025-09-22,0.10894914132602554,1,0.7147634,0.9912535
2025-09-24,-0.16022080997487842,3,0.71048176,1.0199293
2025-09-26,0.9068010894103813,5,0.71222967,1.0532205
2025-10-03,0.35650030379141584,10,0.70853704,0.985811
2025-10-20,0.8566346902393261,21,0.74285406,1.0055536
2025-09-23,0.495503656087924,1,0.7157187,0.9970117
2025-09-25,-0.27290477181746814,3,0.7114041,0.9883095
2025-09-29,0.3127299251777458,5,0.7114833,1.061442
2025-10-06,-0.5476681724285748,10,0.71274,0.9297774
2025-10-21,0.3045889821010574,21,0.74002135,0.999062
2025-09-24,-0.16022080997487842,1,0.71048176,0.953711
2025-09-26,0.9068010894103813,3,0.71222967,1.026647
2025-09-30,0.17016864073292678,5,0.7094827,1.0812557
2025-10-07,-0.15474051448516682,10,0.7119944,0.96284676
2025-10-22,-0.3110422414392391,21,0.74193686,0.9921472
2025-09-25,-0.27290477181746814,1,0.7114041,0.9642886
2025-09-29,0.3127299251777458,3,0.7114833,1.0169457
2025-10-01,1.0006502480965271,5,0.7092096,1.050889
2025-10-08,0.6546735980657231,10,0.69293684,1.0194012
2025-10-23,0.5674653688918151,21,0.72307324,1.0037336
2025-09-26,0.9068010894103813,1,0.71222967,1.0361981
2025-09-30,0.17016864073292678,3,0.7094827,0.9841733
2025-10-02,0.948172854361805,5,0.71752626,1.0575907
2025-10-09,-0.5135596043657983,10,0.68133646,0.99549854
2025-10-24,0.01983224262498792,21,0.6272154,1.0038495
2025-09-29,0.3127299251777458,1,0.7114833,0.987464
2025-10-01,1.0006502480965271,3,0.7092096,1.0005271
2025-10-03,0.35650030379141584,5,0.70853704,1.0376465
2025-10-10,-1.7597059075738026,10,0.72255486,0.9840718
2025-10-27,0.3539847314432032,21,0.61607224,0.97458494
2025-09-30,0.17016864073292678,1,0.7094827,0.9462582
2025-10-02,0.948172854361805,3,0.71752626,1.0213091
2025-10-06,-0.5476681724285748,5,0.71274,1.0576142
2025-10-13,0.44283801107096266,10,0.7221636,0.9731283
2025-10-28,-0.2123569207474741,21,0.61788183,0.9333788
2025-10-01,1.0006502480965271,1,0.7092096,0.9786513
2025-10-03,0.35650030379141584,3,0.70853704,1.0111272
2025-10-07,-0.15474051448516682,5,0.7119944,1.0585058
2025-10-14,-0.254873693038124,10,0.71838707,1.0172565
2025-10-29,0.1454985910523303,21,0.617856,0.9543127
2025-10-02,0.948172854361805,1,0.71752626,0.9979272
2025-10-06,-0.5476681724285748,3,0.71274,0.971723
2025-10-08,0.6546735980657231,5,0.69293684,1.0251375
2025-10-15,1.3404000620134522,10,0.72420436,0.97507197
2025-10-30,-0.176954107968545,21,0.6138774,0.9758922
2025-10-03,0.35650030379141584,1,0.70853704,0.97832274
2025-10-07,-0.15474051448516682,3,0.7119944,0.9685798
2025-10-09,-0.5135596043657983,5,0.68133646,1.0453851
2025-10-16,0.9404115232401626,10,0.73231643,0.94997567
2025-10-31,-0.4601467973098851,21,0.61837757,0.9445573
2025-10-06,-0.5476681724285748,1,0.71274,0.94316405
2025-10-08,0.6546735980657231,3,0.69293684,0.9973676
2025-10-10,-1.7597059075738026,5,0.72255486,1.0324265
2025-10-17,-0.5722965830324636,10,0.7374281,0.9811294
2025-11-03,0.0824916019433658,21,0.61772764,0.94767845
2025-10-07,-0.15474051448516682,1,0.7119944,0.9144423
2025-10-09,-0.5135596043657983,3,0.68133646,1.0164479
2025-10-13,0.44283801107096266,5,0.7221636,0.9963945
2025-10-20,0.8566346902393261,10,0.74285406,0.9834118
2025-11-04,-0.23654099263474412,21,0.616961,0.89014703
2025-10-08,0.6546735980657231,1,0.69293684,1.019791
2025-10-10,-1.7597059075738026,3,0.72255486,1.00952
2025-10-14,-0.254873693038124,5,0.71838707,1.0655851
2025-10-21,0.3045889821010574,10,0.74002135,1.0082589
2025-11-05,0.09491780362719396,21,0.61324394,0.9843475
2025-10-09,-0.5135596043657983,1,0.68133646,0.97398615
2025-10-13,0.44283801107096266,3,0.7221636,0.9921707
2025-10-15,1.3404000620134522,5,0.72420436,1.0383971
2025-10-22,-0.3110422414392391,10,0.74193686,0.9641571
2025-11-06,-0.9171974368300325,21,0.62327564,0.9461694
2025-10-10,-1.7597059075738026,1,0.72255486,1.0216715
2025-10-14,-0.254873693038124,3,0.71838707,0.9872374
2025-10-16,0.9404115232401626,5,0.73231643,1.027973
2025-10-23,0.5674653688918151,10,0.72307324,1.0230103
2025-11-07,-0.49116856208230925,21,0.62687635,0.99432635
2025-10-13,0.44283801107096266,1,0.7221636,1.0343988
2025-10-15,1.3404000620134522,3,0.72420436,1.0377197
2025-10-17,-0.5722965830324636,5,0.7374281,1.1034191
2025-10-24,0.01983224262498792,10,0.6272154,0.9721901
2025-11-10,1.530688741317837,21,0.65343505,1.060832
2025-10-14,-0.254873693038124,1,0.71838707,0.9500121
2025-10-16,0.9404115232401626,3,0.73231643,1.0502474
2025-10-20,0.8566346902393261,5,0.74285406,1.101512
2025-10-27,0.3539847314432032,10,0.61607224,0.9474621
2025-11-11,1.150327014684053,21,0.661738,1.0005102
2025-10-15,1.3404000620134522,1,0.72420436,0.9892534
2025-10-17,-0.5722965830324636,3,0.7374281,1.0359516
2025-10-21,0.3045889821010574,5,0.74002135,1.0487571
2025-10-28,-0.2123569207474741,10,0.61788183,1.016932
2025-11-12,0.7758562783364772,21,0.6672724,0.9668191
2025-10-16,0.9404115232401626,1,0.73231643,1.029547
2025-10-20,0.8566346902393261,3,0.74285406,1.0054514
2025-10-22,-0.3110422414392391,5,0.74193686,1.0708678
2025-10-29,0.1454985910523303,10,0.617856,0.97628975
2025-11-13,-0.32700332866788284,21,0.6695159,0.98989475
2025-10-17,-0.5722965830324636,1,0.7374281,0.9750394
2025-10-21,0.3045889821010574,3,0.74002135,1.0148673
2025-10-23,0.5674653688918151,5,0.72307324,1.0767207
2025-10-30,-0.176954107968545,10,0.6138774,0.9079381
2025-11-14,-0.9334241605361799,21,0.6802762,1.0019907
2025-10-20,0.8566346902393261,1,0.74285406,1.0078113
2025-10-22,-0.3110422414392391,3,0.74193686,1.0292265
2025-10-24,0.01983224262498792,5,0.6272154,1.1046348
2025-10-31,-0.4601467973098851,10,0.61837757,0.9964839
2025-11-17,-0.5558515497484401,21,0.67589855,1.0471145
2025-10-21,0.3045889821010574,1,0.74002135,1.0111675
2025-10-23,0.5674653688918151,3,0.72307324,1.0338451
2025-10-27,0.3539847314432032,5,0.61607224,1.0894285
2025-11-03,0.0824916019433658,10,0.61772764,1.0269616
2025-11-18,-1.8546405361880958,21,0.6989059,1.0280931
2025-10-22,-0.3110422414392391,1,0.74193686,0.9977366
2025-10-24,0.01983224262498792,3,0.6272154,0.9736842
2025-10-28,-0.2123569207474741,5,0.61788183,1.0181162
2025-11-04,-0.23654099263474412,10,0.616961,0.9998583
2025-11-19,-0.08038609574855757,21,0.6992106,0.98760414
2025-10-23,0.5674653688918151,1,0.72307324,1.0009539
2025-10-27,0.3539847314432032,3,0.61607224,1.0103189
2025-10-29,0.1454985910523303,5,0.617856,1.0745816
2025-11-05,0.09491780362719396,10,0.61324394,0.9608573
2025-11-20,0.441622533746159,21,0.70075405,0.99618995
2025-10-24,0.01983224262498792,1,0.6272154,0.98646164
2025-10-28,-0.2123569207474741,3,0.61788183,1.040253
2025-10-30,-0.176954107968545,5,0.6138774,1.0996118
2025-11-06,-0.9171974368300325,10,0.62327564,1.0032578
2025-11-21,-0.7052656113418267,21,0.70112234,1.0004202
2025-10-27,0.3539847314432032,1,0.61607224,1.0476923
2025-10-29,0.1454985910523303,3,0.617856,0.9665364
2025-10-31,-0.4601467973098851,5,0.61837757,1.0384051
2025-11-07,-0.49116856208230925,10,0.62687635,0.9926021
2025-11-24,-0.2565553045672792,21,0.70245177,0.9870703
2025-10-28,-0.2123569207474741,1,0.61788183,1.0278101
2025-10-30,-0.176954107968545,3,0.6138774,1.0364914
2025-11-03,0.0824916019433658,5,0.61772764,1.11901
2025-11-10,1.530688741317837,10,0.65343505,0.9470314
2025-11-25,0.6618726622188094,21,0.6896593,1.030347
2025-10-29,0.1454985910523303,1,0.617856,0.94368017
2025-10-31,-0.4601467973098851,3,0.61837757,1.064754
2025-11-04,-0.23654099263474412,5,0.616961,1.092458
2025-11-11,1.150327014684053,10,0.661738,0.99832165
2025-11-26,1.0956355607107204,21,0.69948435,0.9961344
2025-10-30,-0.176954107968545,1,0.6138774,1.0534966
2025-11-03,0.0824916019433658,3,0.61772764,1.0131171
2025-11-05,0.09491780362719396,5,0.61324394,1.0909741
2025-11-12,0.7758562783364772,10,0.6672724,1.0322142
2025-11-27,-0.0005883685422891522,21,0.6994223,1.0417457
2025-10-31,-0.4601467973098851,1,0.61837757,0.9927695
2025-11-04,-0.23654099263474412,3,0.616961,1.0568421
2025-11-06,-0.9171974368300325,5,0.62327564,1.0402308
2025-11-13,-0.32700332866788284,10,0.6695159,1.0089085
2025-11-28,0.28671327769353455,21,0.6975865,0.9466674
2025-11-03,0.0824916019433658,1,0.61772764,1.0052701
2025-11-05,0.09491780362719396,3,0.61324394,1.0405004
2025-11-07,-0.49116856208230925,5,0.62687635,1.0650795
2025-11-14,-0.9334241605361799,10,0.6802762,1.0356394
2025-12-01,-0.03579423633659618,21,0.69322777,1.0008355
2025-11-04,-0.23654099263474412,1,0.616961,1.0851086
2025-11-06,-0.9171974368300325,3,0.62327564,1.010248
2025-11-10,1.530688741317837,5,0.65343505,1.0798963
2025-11-17,-0.5558515497484401,10,0.67589855,1.0454569
2025-12-02,-0.09159768123256792,21,0.6926079,1.0305269
2025-11-05,0.09491780362719396,1,0.61324394,1.0271984
2025-11-07,-0.49116856208230925,3,0.62687635,1.067021
2025-11-11,1.150327014684053,5,0.661738,1.0842414
2025-11-18,-1.8546405361880958,10,0.6989059,1.0309072
2025-12-03,0.2880147464703023,21,0.6930009,0.9942671
2025-11-06,-0.9171974368300325,1,0.62327564,0.99732816
2025-11-10,1.530688741317837,3,0.65343505,1.0345109
2025-11-12,0.7758562783364772,5,0.6672724,1.048376
2025-11-19,-0.08038609574855757,10,0.6992106,1.052243
2025-12-04,0.11064441247614247,21,0.6894699,1.0108683
2025-11-07,-0.49116856208230925,1,0.62687635,1.0531874
2025-11-11,1.150327014684053,3,0.661738,1.034971
2025-11-13,-0.32700332866788284,5,0.6695159,1.0825788
2025-11-20,0.441622533746159,10,0.70075405,1.0300479
2025-12-05,-0.22141138242793315,21,0.6905783,0.99748826
2025-11-10,1.530688741317837,1,0.65343505,1.0527422
2025-11-12,0.7758562783364772,3,0.6672724,1.1016598
2025-11-14,-0.9334241605361799,5,0.6802762,1.1373508
2025-11-21,-0.7052656113418267,10,0.70112234,1.0716448
2025-12-08,0.046314346256680614,21,0.6777173,1.0551122
2025-11-11,1.150327014684053,1,0.661738,0.9898908
2025-11-13,-0.32700332866788284,3,0.6695159,1.0417914
2025-11-17,-0.5558515497484401,5,0.67589855,1.0584089
2025-11-24,-0.2565553045672792,10,0.70245177,1.0571702
2025-12-09,-0.45115773615347543,21,0.6697474,0.9959229
2025-11-12,0.7758562783364772,1,0.6672724,1.038619
2025-11-14,-0.9334241605361799,3,0.6802762,1.0211275
2025-11-18,-1.8546405361880958,5,0.6989059,1.0586097
2025-11-25,0.6618726622188094,10,0.6896593,1.057311
2025-12-10,-0.4076713836981571,21,0.6706173,0.9686669
2025-11-13,-0.32700332866788284,1,0.6695159,0.9737835
2025-11-17,-0.5558515497484401,3,0.67589855,1.0152234
2025-11-19,-0.08038609574855757,5,0.6992106,1.0607631
2025-11-26,1.0956355607107204,10,0.69948435,0.9653598
2025-12-11,0.6188175028612808,21,0.6594392,0.97147703
2025-11-14,-0.9334241605361799,1,0.6802762,0.92952275
2025-11-18,-1.8546405361880958,3,0.6989059,1.0417
2025-11-20,0.441622533746159,5,0.70075405,1.0474813
2025-11-27,-0.0005883685422891522,10,0.6994223,1.0117944
2025-12-12,-0.44221153918407047,21,0.66264844,0.9523275
2025-11-17,-0.5558515497484401,1,0.67589855,1.0617995
2025-11-19,-0.08038609574855757,3,0.6992106,1.0840833
2025-11-21,-0.7052656113418267,5,0.70112234,1.1240377
2025-11-28,0.28671327769353455,10,0.6975865,1.1212041
2025-12-15,0.6916006653976187,21,0.66760266,1.0913684
2025-11-18,-1.8546405361880958,1,0.6989059,1.0471379
2025-11-20,0.441622533746159,3,0.70075405,1.0667822
2025-11-24,-0.2565553045672792,5,0.70245177,1.1052563
2025-12-01,-0.03579423633659618,10,0.69322777,1.0415537
2025-12-16,-0.5223754346348417,21,0.6695744,1.0258216
2025-11-19,-0.08038609574855757,1,0.6992106,1.0898075
2025-11-21,-0.7052656113418267,3,0.70112234,1.1073518
2025-11-25,0.6618726622188094,5,0.6896593,1.158298
2025-12-02,-0.09159768123256792,10,0.6926079,1.0985346
2025-12-17,-0.2831860299570982,21,0.6704303,1.103034
2025-11-20,0.441622533746159,1,0.70075405,1.0955362
2025-11-24,-0.2565553045672792,3,0.70245177,1.122719
2025-11-26,1.0956355607107204,5,0.69948435,1.1340688
2025-12-03,0.2880147464703023,10,0.6930009,1.1063071
2025-12-18,0.822555959002688,21,0.6763105,1.0960916
2025-11-21,-0.7052656113418267,1,0.70112234,1.0281423
2025-11-25,0.6618726622188094,3,0.6896593,1.0777235
2025-11-27,-0.0005883685422891522,5,0.6994223,1.1244811
2025-12-04,0.11064441247614247,10,0.6894699,1.0397822
2025-12-19,0.42859422016015175,21,0.6690693,1.0284019
2025-11-24,-0.2565553045672792,1,0.70245177,1.0875607
2025-11-26,1.0956355607107204,3,0.69948435,1.1298118
2025-11-28,0.28671327769353455,5,0.6975865,1.1971381
2025-12-05,-0.22141138242793315,10,0.6905783,1.0509226
2025-12-22,-0.36181625440648807,21,0.6704631,1.1143272
2025-11-25,0.6618726622188094,1,0.6896593,1.0399901
2025-11-27,-0.0005883685422891522,3,0.6994223,1.1057394
2025-12-01,-0.03579423633659618,5,0.69322777,1.119536
2025-12-08,0.046314346256680614,10,0.6777173,1.0313172
2025-12-23,-0.011126564684643646,21,0.67032766,1.0257258
2025-11-26,1.0956355607107204,1,0.69948435,1.0354044
2025-11-28,0.28671327769353455,3,0.6975865,1.0326765
2025-12-02,-0.09159768123256792,5,0.6926079,1.035847
2025-12-09,-0.45115773615347543,10,0.6697474,1.0891745
2025-12-24,-0.04510454665855472,21,0.6586438,1.0088093
2025-11-27,-0.0005883685422891522,1,0.6994223,1.0244812
2025-12-01,-0.03579423633659618,3,0.69322777,1.0311091
2025-12-03,0.2880147464703023,5,0.6930009,1.0481827
2025-12-10,-0.4076713836981571,10,0.6706173,1.0221843
2025-12-29,0.09955435611216232,21,0.6476351,0.9985774
2025-11-28,0.28671327769353455,1,0.6975865,0.95857656
2025-12-02,-0.09159768123256792,3,0.6926079,1.0539786
2025-12-04,0.11064441247614247,5,0.6894699,1.0499834
2025-12-11,0.6188175028612808,10,0.6594392,0.99819905
2025-12-30,0.7621050358271356,21,0.6533319,0.9434844
2025-12-01,-0.03579423633659618,1,0.69322777,1.0091354
2025-12-03,0.2880147464703023,3,0.6930009,1.0175606
2025-12-05,-0.22141138242793315,5,0.6905783,1.0329051
2025-12-12,-0.44221153918407047,10,0.66264844,1.0934565
2025-12-31,-0.04880571356123807,21,0.64909846,1.007083
