time,log_return,horizon,true_volatility,predict_volatility
2020-06-12,0.2017748630793839,1,2.4149117,1.4603478
2020-06-16,3.1992751982633467,3,2.3886201,1.4703766
2020-06-18,-1.1904181897172998,5,2.3490617,1.3670062
2020-06-25,1.0341725540493552,10,2.0903323,1.0367367
2020-07-10,1.1567651999188462,21,1.9984676,1.3872058
2020-06-15,-0.45904423654243515,1,2.367476,1.3709528
2020-06-17,-0.22171773474414044,3,2.3886015,1.524941
2020-06-19,0.3242282162706142,5,2.1480777,1.40587
2020-06-26,-1.2721039166873844,10,2.0858123,1.4478128
2020-07-13,1.4347954302442494,21,1.9959115,1.5720767
2020-06-16,3.1992751982633467,1,2.3886201,1.2764559
2020-06-18,-1.1904181897172998,3,2.3490617,1.4389443
2020-06-22,-0.9281972344096208,5,2.1126323,1.141166
2020-06-29,1.3793322132335988,10,2.0498643,1.2994276
2020-07-14,-1.0136159156430615,21,1.9988889,1.6768167
2020-06-17,-0.22171773474414044,1,2.3886015,1.2414857
2020-06-19,0.3242282162706142,3,2.1480777,1.4314291
2020-06-23,1.2540663942216759,5,2.1122017,1.581017
2020-06-30,-0.6437184087694268,10,2.0523105,1.172368
2020-07-15,1.8275933891651206,21,1.9701735,1.2112223
2020-06-18,-1.1904181897172998,1,2.3490617,1.3266357
2020-06-22,-0.9281972344096208,3,2.1126323,1.3819199
2020-06-24,-3.3199941326091893,5,2.1012537,1.4987514
2020-07-01,-0.05532962765990984,10,2.0524898,1.2359285
2020-07-16,-0.17243342529328082,21,1.965696,1.3598616
2020-06-19,0.3242282162706142,1,2.1480777,1.2224112
2020-06-23,1.2540663942216759,3,2.1122017,1.57246
2020-06-25,1.0341725540493552,5,2.0903323,1.0774267
2020-07-02,3.6836977681454197,10,2.0455515,1.3083612
2020-07-17,-0.45993738514455085,21,1.9671872,1.096952
2020-06-22,-0.9281972344096208,1,2.1126323,1.1629452
2020-06-24,-3.3199941326091893,3,2.1012537,1.5804492
2020-06-26,-1.2721039166873844,5,2.0858123,1.0991313
2020-07-03,-1.2763475084570992,10,2.0343812,1.3309004
2020-07-20,0.5040765714263354,21,1.9472618,1.2156305
2020-06-23,1.2540663942216759,1,2.1122017,1.5560405
2020-06-25,1.0341725540493552,3,2.0903323,1.301098
2020-06-29,1.3793322132335988,5,2.0498643,1.4239092
2020-07-06,2.041555695356139,10,2.0468814,1.6359565
2020-07-21,0.22040416335913837,21,1.9364375,1.2987201
2020-06-24,-3.3199941326091893,1,2.1012537,1.2554525
2020-06-26,-1.2721039166873844,3,2.0858123,1.6196346
2020-06-30,-0.6437184087694268,5,2.0523105,1.1506225
2020-07-07,-1.4503440129650622,10,2.0466387,0.8908176
2020-07-22,-1.4028151520227583,21,1.9386222,1.4461391
2020-06-25,1.0341725540493552,1,2.0903323,1.7105563
2020-06-29,1.3793322132335988,3,2.0498643,1.7772923
2020-07-01,-0.05532962765990984,5,2.0524898,1.2473296
2020-07-08,-1.6380715269853412,10,2.0577612,1.4773175
2020-07-23,-0.070389173803062,21,1.8975312,1.4101194
2020-06-26,-1.2721039166873844,1,2.0858123,1.4712046
2020-06-30,-0.6437184087694268,3,2.0523105,1.2751216
2020-07-02,3.6836977681454197,5,2.0455515,1.4316804
2020-07-09,-1.2291325012508296,10,2.000284,1.0678363
2020-07-24,-1.2289317858697195,21,1.8874818,1.1643556
2020-06-29,1.3793322132335988,1,2.0498643,1.5325309
2020-07-01,-0.05532962765990984,3,2.0524898,1.7841712
2020-07-03,-1.2763475084570992,5,2.0343812,1.4397824
2020-07-10,1.1567651999188462,10,1.9984676,1.1288128
2020-07-27,-1.7158723952804773,21,1.8379859,1.4884795
2020-06-30,-0.6437184087694268,1,2.0523105,1.3921676
2020-07-02,3.6836977681454197,3,2.0455515,1.4424683
2020-07-06,2.041555695356139,5,2.0468814,1.4578762
2020-07-13,1.4347954302442494,10,1.9959115,0.9214201
2020-07-28,1.051546070105908,21,1.8374791,1.0496684
2020-07-01,-0.05532962765990984,1,2.0524898,1.2115825
2020-07-03,-1.2763475084570992,3,2.0343812,1.2844841
2020-07-07,-1.4503440129650622,5,2.0466387,1.1169682
2020-07-14,-1.0136159156430615,10,1.9988889,1.2624259
2020-07-29,-0.5563027230160296,21,1.8323245,0.9776118
2020-07-02,3.6836977681454197,1,2.0455515,1.2464403
2020-07-06,2.041555695356139,3,2.0468814,1.4274224
2020-07-08,-1.6380715269853412,5,2.0577612,1.209086
2020-07-15,1.8275933891651206,10,1.9701735,0.9905797
2020-07-30,-2.9517449817446857,21,1.8720053,1.4604279
2020-07-03,-1.2763475084570992,1,2.0343812,1.2295641
2020-07-07,-1.4503440129650622,3,2.0466387,1.2855456
2020-07-09,-1.2291325012508296,5,2.000284,1.2051637
2020-07-16,-0.17243342529328082,10,1.965696,1.2119017
2020-07-31,-1.7183643228533891,21,1.8836218,1.5148717
2020-07-06,2.041555695356139,1,2.0468814,1.1839164
2020-07-08,-1.6380715269853412,3,2.0577612,1.7516252
2020-07-10,1.1567651999188462,5,1.9984676,0.963235
2020-07-17,-0.45993738514455085,10,1.9671872,1.2852342
2020-08-03,1.4091654163757952,21,1.8789902,1.381087
2020-07-07,-1.4503440129650622,1,2.0466387,0.9120607
2020-07-09,-1.2291325012508296,3,2.000284,1.2325755
2020-07-13,1.4347954302442494,5,1.9959115,1.0637469
2020-07-20,0.5040765714263354,10,1.9472618,0.90749824
2020-08-04,0.6658784588341595,21,1.8732144,1.3555218
2020-07-08,-1.6380715269853412,1,2.0577612,1.2901872
2020-07-10,1.1567651999188462,3,1.9984676,1.3588346
2020-07-14,-1.0136159156430615,5,1.9988889,1.4797093
2020-07-21,0.22040416335913837,10,1.9364375,1.4739642
2020-08-05,0.25744433298297625,21,1.8544012,1.4394948
2020-07-09,-1.2291325012508296,1,2.000284,1.3891169
2020-07-13,1.4347954302442494,3,1.9959115,1.6586775
2020-07-15,1.8275933891651206,5,1.9701735,1.3374772
2020-07-22,-1.4028151520227583,10,1.9386222,1.2659119
2020-08-06,-1.1687850945089269,21,1.8527701,1.4183294
2020-07-10,1.1567651999188462,1,1.9984676,1.3118789
2020-07-14,-1.0136159156430615,3,1.9988889,1.6584096
2020-07-16,-0.17243342529328082,5,1.965696,1.3162762
2020-07-23,-0.070389173803062,10,1.8975312,1.422406
2020-08-07,-0.10641052455011175,21,1.8464311,1.6364776
2020-07-13,1.4347954302442494,1,1.9959115,1.3622802
2020-07-15,1.8275933891651206,3,1.9701735,1.6040082
2020-07-17,-0.45993738514455085,5,1.9671872,1.3379365
2020-07-24,-1.2289317858697195,10,1.8874818,1.0768193
2020-08-10,1.4767055924522632,21,1.7601951,1.382866
2020-07-14,-1.0136159156430615,1,1.9988889,1.2640811
2020-07-16,-0.17243342529328082,3,1.965696,1.3557084
2020-07-20,0.5040765714263354,5,1.9472618,1.1625278
2020-07-27,-1.7158723952804773,10,1.8379859,1.1685816
2020-08-11,2.9281150971268164,21,1.7644554,1.4273123
2020-07-15,1.8275933891651206,1,1.9701735,1.0638981
2020-07-17,-0.45993738514455085,3,1.9671872,1.5560113
2020-07-21,0.22040416335913837,5,1.9364375,1.4095026
2020-07-28,1.051546070105908,10,1.8374791,0.74560326
2020-08-12,0.44644464412290535,21,1.7603562,1.3930489
2020-07-16,-0.17243342529328082,1,1.965696,1.0737437
2020-07-20,0.5040765714263354,3,1.9472618,1.1066664
2020-07-22,-1.4028151520227583,5,1.9386222,1.2268925
2020-07-29,-0.5563027230160296,10,1.8323245,1.2813255
2020-08-13,-0.6255820766217384,21,1.7631288,1.1907173
2020-07-17,-0.45993738514455085,1,1.9671872,1.0953349
2020-07-21,0.22040416335913837,3,1.9364375,1.2678988
2020-07-23,-0.070389173803062,5,1.8975312,1.1499835
2020-07-30,-2.9517449817446857,10,1.8720053,1.2186053
2020-08-14,-1.3356857466164818,21,1.7733089,1.0281258
2020-07-20,0.5040765714263354,1,1.9472618,0.8939258
2020-07-22,-1.4028151520227583,3,1.9386222,1.1834021
2020-07-24,-1.2289317858697195,5,1.8874818,1.0483359
2020-07-31,-1.7183643228533891,10,1.8836218,1.045369
2020-08-17,-0.9014129722722073,21,1.7532476,1.0627184
2020-07-21,0.22040416335913837,1,1.9364375,1.0014666
2020-07-23,-0.070389173803062,3,1.8975312,0.95537996
2020-07-27,-1.7158723952804773,5,1.8379859,0.9128804
2020-08-03,1.4091654163757952,10,1.8789902,0.76846504
2020-08-18,-0.6594239098701398,21,1.7343457,0.9670555
2020-07-22,-1.4028151520227583,1,1.9386222,1.0389358
2020-07-24,-1.2289317858697195,3,1.8874818,0.9715636
2020-07-28,1.051546070105908,5,1.8374791,0.8305763
2020-08-04,0.6658784588341595,10,1.8732144,1.104585
2020-08-19,0.7186438997568455,21,1.7082964,0.8603106
2020-07-23,-0.070389173803062,1,1.8975312,0.8948875
2020-07-27,-1.7158723952804773,3,1.8379859,1.1336529
2020-07-29,-0.5563027230160296,5,1.8323245,0.91449916
2020-08-05,0.25744433298297625,10,1.8544012,0.89965576
2020-08-20,-1.4339096871343635,21,1.7153598,1.0696248
2020-07-24,-1.2289317858697195,1,1.8874818,1.1571296
2020-07-28,1.051546070105908,3,1.8374791,1.0196843
2020-07-30,-2.9517449817446857,5,1.8720053,1.4688756
2020-08-06,-1.1687850945089269,10,1.8527701,0.97012365
2020-08-21,-0.160281672048792,21,1.700382,0.69466364
2020-07-27,-1.7158723952804773,1,1.8379859,1.1679106
2020-07-29,-0.5563027230160296,3,1.8323245,1.1879722
2020-07-31,-1.7183643228533891,5,1.8836218,1.1706285
2020-08-07,-0.10641052455011175,10,1.8464311,1.0703218
2020-08-24,1.802592240049427,21,1.7014203,1.116677
2020-07-28,1.051546070105908,1,1.8374791,1.2896699
2020-07-30,-2.9517449817446857,3,1.8720053,1.1348083
2020-08-03,1.4091654163757952,5,1.8789902,1.0458602
2020-08-10,1.4767055924522632,10,1.7601951,0.76216006
2020-08-25,-0.009847019526167206,21,1.6674169,0.7751988
2020-07-29,-0.5563027230160296,1,1.8323245,1.1293137
2020-07-31,-1.7183643228533891,3,1.8836218,1.2634383
2020-08-04,0.6658784588341595,5,1.8732144,1.0959547
2020-08-11,2.9281150971268164,10,1.7644554,0.8031554
2020-08-26,0.2051801667022682,21,1.6216298,1.1457541
2020-07-30,-2.9517449817446857,1,1.8720053,1.0957289
2020-08-03,1.4091654163757952,3,1.8789902,1.0601588
2020-08-05,0.25744433298297625,5,1.8544012,0.98887527
2020-08-12,0.44644464412290535,10,1.7603562,0.9196538
2020-08-27,-0.4544918719238164,21,1.6198747,0.9481472
2020-07-31,-1.7183643228533891,1,1.8836218,1.2003433
2020-08-04,0.6658784588341595,3,1.8732144,1.5596893
2020-08-06,-1.1687850945089269,5,1.8527701,0.9058719
2020-08-13,-0.6255820766217384,10,1.7631288,0.92266166
2020-08-28,0.5947837018922487,21,1.5324465,1.1230807
2020-08-03,1.4091654163757952,1,1.8789902,1.1246867
2020-08-05,0.25744433298297625,3,1.8544012,1.1597912
2020-08-07,-0.10641052455011175,5,1.8464311,1.3094069
2020-08-14,-1.3356857466164818,10,1.7733089,0.7734836
2020-08-31,-2.318841710809707,21,1.5561175,0.8336689
2020-08-04,0.6658784588341595,1,1.8732144,1.3644193
2020-08-06,-1.1687850945089269,3,1.8527701,1.2964165
2020-08-10,1.4767055924522632,5,1.7601951,0.9477129
2020-08-17,-0.9014129722722073,10,1.7532476,0.77251005
2020-09-01,-0.18095133613936207,21,1.5413346,1.0191469
2020-08-05,0.25744433298297625,1,1.8544012,1.0155909
2020-08-07,-0.10641052455011175,3,1.8464311,1.335363
2020-08-11,2.9281150971268164,5,1.7644554,0.95691025
2020-08-18,-0.6594239098701398,10,1.7343457,0.9087434
2020-09-02,0.5733220995860036,21,1.5390502,1.093362
2020-08-06,-1.1687850945089269,1,1.8527701,1.2427144
2020-08-10,1.4767055924522632,3,1.7601951,0.9736724
2020-08-12,0.44644464412290535,5,1.7603562,0.8983237
2020-08-19,0.7186438997568455,10,1.7082964,0.87091184
2020-09-03,0.12997309530244117,21,1.3913543,0.91422963
2020-08-07,-0.10641052455011175,1,1.8464311,1.0480022
2020-08-11,2.9281150971268164,3,1.7644554,0.96942085
2020-08-13,-0.6255820766217384,5,1.7631288,0.96523845
2020-08-20,-1.4339096871343635,10,1.7153598,0.8920589
2020-09-04,-0.23292879055350407,21,1.3910813,1.1744256
2020-08-10,1.4767055924522632,1,1.7601951,0.9319488
2020-08-12,0.44644464412290535,3,1.7603562,0.99954903
2020-08-14,-1.3356857466164818,5,1.7733089,0.82914144
2020-08-21,-0.160281672048792,10,1.700382,0.4470877
2020-09-07,1.293513600504369,21,1.4011527,1.0844489
2020-08-11,2.9281150971268164,1,1.7644554,0.9029603
2020-08-13,-0.6255820766217384,3,1.7631288,1.4659191
2020-08-17,-0.9014129722722073,5,1.7532476,0.7411662
2020-08-24,1.802592240049427,10,1.7014203,0.590047
2020-09-08,-1.7911947499397378,21,1.3528004,0.9617959
2020-08-12,0.44644464412290535,1,1.7603562,1.0019256
2020-08-14,-1.3356857466164818,3,1.7733089,0.9112278
2020-08-18,-0.6594239098701398,5,1.7343457,0.9149767
2020-08-25,-0.009847019526167206,10,1.6674169,0.5248824
2020-09-09,0.9430589572943457,21,1.359724,0.9383474
2020-08-13,-0.6255820766217384,1,1.7631288,1.0059237
2020-08-17,-0.9014129722722073,3,1.7532476,1.0246047
2020-08-19,0.7186438997568455,5,1.7082964,0.9191396
2020-08-26,0.2051801667022682,10,1.6216298,0.815807
2020-09-10,-0.3095558138432003,21,1.3525456,0.8910191
2020-08-14,-1.3356857466164818,1,1.7733089,0.82648575
2020-08-18,-0.6594239098701398,3,1.7343457,0.85560846
2020-08-20,-1.4339096871343635,5,1.7153598,0.8978819
2020-08-27,-0.4544918719238164,10,1.6198747,0.7986397
2020-09-11,-0.8033093462019726,21,1.3545159,0.78665334
2020-08-17,-0.9014129722722073,1,1.7532476,0.8146649
2020-08-19,0.7186438997568455,3,1.7082964,0.9933931
2020-08-21,-0.160281672048792,5,1.700382,0.7862086
2020-08-28,0.5947837018922487,10,1.5324465,0.6049488
2020-09-14,0.1137157086187755,21,1.3505136,0.7142232
2020-08-18,-0.6594239098701398,1,1.7343457,0.9344667
2020-08-20,-1.4339096871343635,3,1.7153598,1.1938025
2020-08-24,1.802592240049427,5,1.7014203,0.79329383
2020-08-31,-2.318841710809707,10,1.5561175,0.42484537
2020-09-15,1.213990644122613,21,1.3498462,0.9508486
2020-08-19,0.7186438997568455,1,1.7082964,1.0601501
2020-08-21,-0.160281672048792,3,1.700382,0.74378127
2020-08-25,-0.009847019526167206,5,1.6674169,0.8955037
2020-09-01,-0.18095133613936207,10,1.5413346,0.7580993
2020-09-16,1.0574928191081694,21,1.2894033,0.8928125
2020-08-20,-1.4339096871343635,1,1.7153598,0.97846663
2020-08-24,1.802592240049427,3,1.7014203,0.8626211
2020-08-26,0.2051801667022682,5,1.6216298,0.86768997
2020-09-02,0.5733220995860036,10,1.5390502,0.7872162
2020-09-17,-0.3465524353061408,21,1.2825782,0.8890034
2020-08-21,-0.160281672048792,1,1.700382,0.8560719
2020-08-25,-0.009847019526167206,3,1.6674169,0.9070575
2020-08-27,-0.4544918719238164,5,1.6198747,0.896532
2020-09-03,0.12997309530244117,10,1.3913543,0.8576379
2020-09-18,-2.2318277956838726,21,1.3039757,0.95408857
2020-08-24,1.802592240049427,1,1.7014203,0.90006495
2020-08-26,0.2051801667022682,3,1.6216298,1.2230986
2020-08-28,0.5947837018922487,5,1.5324465,0.8751915
2020-09-04,-0.23292879055350407,10,1.3910813,0.769181
2020-09-21,-3.4873340989394195,21,1.3630303,0.7730418
2020-08-25,-0.009847019526167206,1,1.6674169,0.82229936
2020-08-27,-0.4544918719238164,3,1.6198747,1.0443305
2020-08-31,-2.318841710809707,5,1.5561175,0.7968539
2020-09-07,1.293513600504369,10,1.4011527,0.8632303
2020-09-22,-0.6551305578901304,21,1.3631027,0.84190315
2020-08-26,0.2051801667022682,1,1.6216298,1.0828118
2020-08-28,0.5947837018922487,3,1.5324465,1.008352
2020-09-01,-0.18095133613936207,5,1.5413346,1.0360804
2020-09-08,-1.7911947499397378,10,1.3528004,0.8548673
2020-09-23,0.08419280648874844,21,1.3633686,0.86924654
2020-08-27,-0.4544918719238164,1,1.6198747,1.1166618
2020-08-31,-2.318841710809707,3,1.5561175,1.0093143
2020-09-02,0.5733220995860036,5,1.5390502,1.0622563
2020-09-09,0.9430589572943457,10,1.359724,0.9850326
2020-09-24,-0.16243536239129103,21,1.2677119,1.1756918
2020-08-28,0.5947837018922487,1,1.5324465,0.94244367
2020-09-01,-0.18095133613936207,3,1.5413346,1.0761094
2020-09-03,0.12997309530244117,5,1.3913543,0.85365576
2020-09-10,-0.3095558138432003,10,1.3525456,1.0113001
2020-09-25,-0.22755195665416947,21,1.2598509,1.1387973
2020-08-31,-2.318841710809707,1,1.5561175,0.9024607
2020-09-02,0.5733220995860036,3,1.5390502,1.0006329
2020-09-04,-0.23292879055350407,5,1.3910813,0.92081803
2020-09-11,-0.8033093462019726,10,1.3545159,0.8017977
2020-09-28,2.432346921777769,21,1.2725,1.1983953
2020-09-01,-0.18095133613936207,1,1.5413346,1.0995913
2020-09-03,0.12997309530244117,3,1.3913543,1.4121948
2020-09-07,1.293513600504369,5,1.4011527,1.1276225
2020-09-14,0.1137157086187755,10,1.3505136,0.87866104
2020-09-29,-1.153651050062207,21,1.26804,1.330161
2020-09-02,0.5733220995860036,1,1.5390502,1.1215115
2020-09-04,-0.23292879055350407,3,1.3910813,1.2154435
2020-09-08,-1.7911947499397378,5,1.3528004,1.075356
2020-09-15,1.213990644122613,10,1.3498462,0.9301752
2020-09-30,0.044675433722474775,21,1.2536113,0.68252003
2020-09-03,0.12997309530244117,1,1.3913543,1.0588833
2020-09-07,1.293513600504369,3,1.4011527,1.1113112
2020-09-09,0.9430589572943457,5,1.359724,0.88172936
2020-09-16,1.0574928191081694,10,1.2894033,0.8551763
2020-10-01,0.2097076017836989,21,1.2462585,1.4237734
2020-09-04,-0.23292879055350407,1,1.3910813,1.3790777
2020-09-08,-1.7911947499397378,3,1.3528004,1.2385973
2020-09-10,-0.3095558138432003,5,1.3525456,1.4270186
2020-09-17,-0.3465524353061408,10,1.2825782,0.8807925
2020-10-02,0.35297992927509914,21,1.2365745,0.9608978
2020-09-07,1.293513600504369,1,1.4011527,1.0926003
2020-09-09,0.9430589572943457,3,1.359724,1.4358883
2020-09-11,-0.8033093462019726,5,1.3545159,0.92261887
2020-09-18,-2.2318277956838726,10,1.3039757,1.2106704
2020-10-05,1.2271717523465548,21,1.2323928,1.4681747
2020-09-08,-1.7911947499397378,1,1.3528004,1.0539366
2020-09-10,-0.3095558138432003,3,1.3525456,1.2756022
2020-09-14,0.1137157086187755,5,1.3505136,0.95909405
2020-09-21,-3.4873340989394195,10,1.3630303,0.71818477
2020-10-06,1.42734071748907,21,1.2432299,0.80260926
2020-09-09,0.9430589572943457,1,1.359724,1.3314809
2020-09-11,-0.8033093462019726,3,1.3545159,1.4782662
2020-09-15,1.213990644122613,5,1.3498462,1.1627967
2020-09-22,-0.6551305578901304,10,1.3631027,0.93663
2020-10-07,-0.3769964671063076,21,1.2177001,1.313533
2020-09-10,-0.3095558138432003,1,1.3525456,1.4463643
2020-09-14,0.1137157086187755,3,1.3505136,0.8622521
2020-09-16,1.0574928191081694,5,1.2894033,1.3904297
2020-09-23,0.08419280648874844,10,1.3633686,1.0047201
2020-10-08,1.18969388292488,21,1.2296063,0.88650155
2020-09-11,-0.8033093462019726,1,1.3545159,0.9516714
2020-09-15,1.213990644122613,3,1.3498462,1.5057832
2020-09-17,-0.3465524353061408,5,1.2825782,0.9326048
2020-09-24,-0.16243536239129103,10,1.2677119,0.962795
2020-10-09,-0.6009900688498181,21,1.2304192,1.0892974
2020-09-14,0.1137157086187755,1,1.3505136,0.81682295
2020-09-16,1.0574928191081694,3,1.2894033,1.1442671
2020-09-18,-2.2318277956838726,5,1.3039757,1.0919112
2020-09-25,-0.22755195665416947,10,1.2598509,1.0404629
2020-10-12,0.001438652270583904,21,1.2278521,1.0655701
2020-09-15,1.213990644122613,1,1.3498462,1.1709218
2020-09-17,-0.3465524353061408,3,1.2825782,0.94252217
2020-09-21,-3.4873340989394195,5,1.3630303,1.0010464
2020-09-28,2.432346921777769,10,1.2725,1.0787433
2020-10-13,-1.0964800079755215,21,1.2333887,0.8697529
2020-09-16,1.0574928191081694,1,1.2894033,0.9085238
2020-09-18,-2.2318277956838726,3,1.3039757,0.97408366
2020-09-22,-0.6551305578901304,5,1.3631027,1.0077662
2020-09-29,-1.153651050062207,10,1.26804,0.93634504
2020-10-14,0.600358536933609,21,1.2258182,1.3279176
2020-09-17,-0.3465524353061408,1,1.2825782,1.1000234
2020-09-21,-3.4873340989394195,3,1.3630303,1.0862015
2020-09-23,0.08419280648874844,5,1.3633686,0.9467443
2020-09-30,0.044675433722474775,10,1.2536113,0.7092707
2020-10-15,-1.4534165876320468,21,1.2379966,0.94647074
2020-09-18,-2.2318277956838726,1,1.3039757,0.90132934
2020-09-22,-0.6551305578901304,3,1.3631027,1.2173377
2020-09-24,-0.16243536239129103,5,1.2677119,1.1219664
2020-10-01,0.2097076017836989,10,1.2462585,1.154357
2020-10-16,0.481470216303049,21,1.232021,1.3086207
2020-09-21,-3.4873340989394195,1,1.3630303,1.1256273
2020-09-23,0.08419280648874844,3,1.3633686,1.0837122
2020-09-25,-0.22755195665416947,5,1.2598509,1.2121909
2020-10-02,0.35297992927509914,10,1.2365745,1.0486838
2020-10-19,0.15317401371197395,21,1.2140968,1.3221977
2020-09-22,-0.6551305578901304,1,1.3631027,1.3630866
2020-09-24,-0.16243536239129103,3,1.2677119,2.219167
2020-09-28,2.432346921777769,5,1.2725,1.4660423
2020-10-05,1.2271717523465548,10,1.2323928,1.267263
2020-10-20,0.9733531062594558,21,1.2129098,1.6869448
2020-09-23,0.08419280648874844,1,1.3633686,1.5046024
2020-09-25,-0.22755195665416947,3,1.2598509,1.62644
2020-09-29,-1.153651050062207,5,1.26804,1.539985
2020-10-06,1.42734071748907,10,1.2432299,1.137937
2020-10-21,-1.6857766670375613,21,1.2291613,1.3159192
2020-09-24,-0.16243536239129103,1,1.2677119,1.9815279
2020-09-28,2.432346921777769,3,1.2725,2.457126
2020-09-30,0.044675433722474775,5,1.2536113,0.9980698
2020-10-07,-0.3769964671063076,10,1.2177001,1.2132355
2020-10-22,-0.21898730835996416,21,1.1707104,1.408317
2020-09-25,-0.22755195665416947,1,1.2598509,1.3741661
2020-09-29,-1.153651050062207,3,1.26804,1.180604
2020-10-01,0.2097076017836989,5,1.2462585,1.6610208
2020-10-08,1.18969388292488,10,1.2296063,1.1974566
2020-10-23,1.4141944964858215,21,1.1648065,1.2999716
2020-09-28,2.432346921777769,1,1.2725,1.457689
2020-09-30,0.044675433722474775,3,1.2536113,1.1539043
2020-10-02,0.35297992927509914,5,1.2365745,1.3485117
2020-10-09,-0.6009900688498181,10,1.2304192,1.3654007
2020-10-26,-1.4097806222069769,21,1.1640141,1.0888927
2020-09-29,-1.153651050062207,1,1.26804,1.046278
2020-10-01,0.2097076017836989,3,1.2462585,1.5750915
2020-10-05,1.2271717523465548,5,1.2323928,1.2708035
2020-10-12,0.001438652270583904,10,1.2278521,1.1889026
2020-10-27,-2.165430159903023,21,1.1918422,1.5722531
2020-09-30,0.044675433722474775,1,1.2536113,1.208114
2020-10-02,0.35297992927509914,3,1.2365745,1.574632
2020-10-06,1.42734071748907,5,1.2432299,1.1272845
2020-10-13,-1.0964800079755215,10,1.2333887,1.2270364
2020-10-28,-2.6956385084782,21,1.2373449,1.4334011
2020-10-01,0.2097076017836989,1,1.2462585,1.604752
2020-10-05,1.2271717523465548,3,1.2323928,1.5997667
2020-10-07,-0.3769964671063076,5,1.2177001,1.2099651
2020-10-14,0.600358536933609,10,1.2258182,1.3513834
2020-10-29,-0.9715896454421545,21,1.234824,1.5094037
2020-10-02,0.35297992927509914,1,1.2365745,1.1874796
2020-10-06,1.42734071748907,3,1.2432299,0.93522626
2020-10-08,1.18969388292488,5,1.2296063,1.1998672
2020-10-15,-1.4534165876320468,10,1.2379966,1.0425544
2020-10-30,0.6281115177708243,21,1.2387593,1.1372674
2020-10-05,1.2271717523465548,1,1.2323928,1.0293014
2020-10-07,-0.3769964671063076,3,1.2177001,1.2559634
2020-10-09,-0.6009900688498181,5,1.2304192,1.1533898
2020-10-16,0.481470216303049,10,1.232021,1.1820829
2020-11-02,2.0464289294897133,21,1.2533348,1.1176887
2020-10-06,1.42734071748907,1,1.2432299,0.9313134
2020-10-08,1.18969388292488,3,1.2296063,1.0585251
2020-10-12,0.001438652270583904,5,1.2278521,1.1692855
2020-10-19,0.15317401371197395,10,1.2140968,1.1035272
2020-11-03,2.4894066615097015,21,1.2364496,1.2045234
2020-10-07,-0.3769964671063076,1,1.2177001,1.0886091
2020-10-09,-0.6009900688498181,3,1.2304192,1.448934
2020-10-13,-1.0964800079755215,5,1.2333887,1.0942247
2020-10-20,0.9733531062594558,10,1.2129098,1.1190698
2020-11-04,0.447778484909877,21,1.23646,1.0442843
2020-10-08,1.18969388292488,1,1.2296063,1.3708146
2020-10-12,0.001438652270583904,3,1.2278521,1.3300016
2020-10-14,0.600358536933609,5,1.2258182,1.1086816
2020-10-21,-1.6857766670375613,10,1.2291613,1.254875
2020-11-05,2.076522325261424,21,1.2666398,1.5314097
2020-10-09,-0.6009900688498181,1,1.2304192,1.3540074
2020-10-13,-1.0964800079755215,3,1.2333887,0.96232283
2020-10-15,-1.4534165876320468,5,1.2379966,1.4790854
2020-10-22,-0.21898730835996416,10,1.1707104,1.1725774
2020-11-06,-0.7800193232023869,21,1.259289,1.2187858
2020-10-12,0.001438652270583904,1,1.2278521,1.0270131
2020-10-14,0.600358536933609,3,1.2258182,1.4374915
2020-10-16,0.481470216303049,5,1.232021,1.1632893
2020-10-23,1.4141944964858215,10,1.1648065,0.9403758
2020-11-09,8.225265332433922,21,1.6480534,1.5871085
2020-10-13,-1.0964800079755215,1,1.2333887,1.1361872
2020-10-15,-1.4534165876320468,3,1.2379966,1.3901231
2020-10-19,0.15317401371197395,5,1.2140968,1.2438719
2020-10-26,-1.4097806222069769,10,1.1640141,0.9642196
2020-11-10,3.322477142506339,21,1.697029,1.1418965
2020-10-14,0.600358536933609,1,1.2258182,1.1778418
2020-10-16,0.481470216303049,3,1.232021,1.5914135
2020-10-20,0.9733531062594558,5,1.2129098,1.2000813
2020-10-27,-2.165430159903023,10,1.1918422,1.2550094
2020-11-11,1.061596157695078,21,1.6995491,1.5928428
2020-10-15,-1.4534165876320468,1,1.2379966,1.1222959
2020-10-19,0.15317401371197395,3,1.2140968,1.1736151
2020-10-21,-1.6857766670375613,5,1.2291613,1.002452
2020-10-28,-2.6956385084782,10,1.2373449,1.2883421
2020-11-12,-0.8724450784588512,21,1.6921724,1.0235571
2020-10-16,0.481470216303049,1,1.232021,1.1830437
2020-10-20,0.9733531062594558,3,1.2129098,1.1963092
2020-10-22,-0.21898730835996416,5,1.1707104,1.3451499
2020-10-29,-0.9715896454421545,10,1.234824,1.1793799
2020-11-13,0.7440539300811847,21,1.6932435,1.2245257
2020-10-19,0.15317401371197395,1,1.2140968,0.89568627
2020-10-21,-1.6857766670375613,3,1.2291613,1.2415938
2020-10-23,1.4141944964858215,5,1.1648065,1.0383736
2020-10-30,0.6281115177708243,10,1.2387593,0.9762664
2020-11-16,2.5683248609233478,21,1.7084888,1.3725245
2020-10-20,0.9733531062594558,1,1.2129098,1.3347496
2020-10-22,-0.21898730835996416,3,1.1707104,1.3374442
2020-10-26,-1.4097806222069769,5,1.1640141,0.8513892
2020-11-02,2.0464289294897133,10,1.2533348,0.8869942
2020-11-17,-0.6519918828274457,21,1.7117949,1.2390746
2020-10-21,-1.6857766670375613,1,1.2291613,1.0754282
2020-10-23,1.4141944964858215,3,1.1648065,0.92618185
2020-10-27,-2.165430159903023,5,1.1918422,1.4388379
2020-11-03,2.4894066615097015,10,1.2364496,1.2880642
2020-11-18,0.5931230396536163,21,1.7126118,1.017779
2020-10-22,-0.21898730835996416,1,1.1707104,1.2224774
2020-10-26,-1.4097806222069769,3,1.1640141,1.5459354
2020-10-28,-2.6956385084782,5,1.2373449,1.2569762
2020-11-04,0.447778484909877,10,1.23646,0.9272228
2020-11-19,-0.6448107712717672,21,1.7140007,1.234328
2020-10-23,1.4141944964858215,1,1.1648065,1.0057032
2020-10-27,-2.165430159903023,3,1.1918422,1.4429128
2020-10-29,-0.9715896454421545,5,1.234824,1.1647947
2020-11-05,2.076522325261424,10,1.2666398,1.116231
2020-11-20,0.5996962925186816,21,1.7140207,1.1720195
2020-10-26,-1.4097806222069769,1,1.1640141,1.056402
2020-10-28,-2.6956385084782,3,1.2373449,1.0439909
2020-10-30,0.6281115177708243,5,1.2387593,1.0343117
2020-11-06,-0.7800193232023869,10,1.259289,1.0416538
2020-11-23,0.04135571613728252,21,1.6823374,1.1508749
2020-10-27,-2.165430159903023,1,1.1918422,1.2054422
2020-10-29,-0.9715896454421545,3,1.234824,1.6150324
2020-11-02,2.0464289294897133,5,1.2533348,1.0347233
2020-11-09,8.225265332433922,10,1.6480534,1.0833406
2020-11-24,2.009444705975433,21,1.6970602,1.1345202
2020-10-28,-2.6956385084782,1,1.2373449,1.3123683
2020-10-30,0.6281115177708243,3,1.2387593,1.4421116
2020-11-03,2.4894066615097015,5,1.2364496,1.4633218
2020-11-10,3.322477142506339,10,1.697029,1.5047923
2020-11-25,0.26367603991402855,21,1.6965694,1.2145013
2020-10-29,-0.9715896454421545,1,1.234824,1.666468
2020-11-02,2.0464289294897133,3,1.2533348,1.70839
2020-11-04,0.447778484909877,5,1.23646,1.0477563
2020-11-11,1.061596157695078,10,1.6995491,1.6435952
2020-11-26,-0.7388181837052861,21,1.7013749,1.4477506
2020-10-30,0.6281115177708243,1,1.2387593,1.6786716
2020-11-03,2.4894066615097015,3,1.2364496,1.8091327
2020-11-05,2.076522325261424,5,1.2666398,1.355312
2020-11-12,-0.8724450784588512,10,1.6921724,1.0856556
2020-11-27,1.0567562580007932,21,1.7034087,1.2653604
2020-11-02,2.0464289294897133,1,1.2533348,1.5051847
2020-11-04,0.447778484909877,3,1.23646,1.5171782
2020-11-06,-0.7800193232023869,5,1.259289,1.5707959
2020-11-13,0.7440539300811847,10,1.6932435,1.1291999
2020-11-30,-1.3991228749040658,21,1.7112844,1.3140926
2020-11-03,2.4894066615097015,1,1.2364496,1.6561244
2020-11-05,2.076522325261424,3,1.2666398,1.8314939
2020-11-09,8.225265332433922,5,1.6480534,1.3600712
2020-11-16,2.5683248609233478,10,1.7084888,1.2766956
2020-12-01,0.7880319734508836,21,1.6922114,1.156601
2020-11-04,0.447778484909877,1,1.23646,1.4087956
2020-11-06,-0.7800193232023869,3,1.259289,1.780345
2020-11-10,3.322477142506339,5,1.697029,1.2840207
2020-11-17,-0.6519918828274457,10,1.7117949,1.5024081
2020-12-02,0.9779072649870688,21,1.6924549,1.3362305
2020-11-05,2.076522325261424,1,1.2666398,1.6405993
2020-11-09,8.225265332433922,3,1.6480534,1.587357
2020-11-11,1.061596157695078,5,1.6995491,1.5349567
2020-11-18,0.5931230396536163,10,1.7126118,1.4530108
2020-12-03,-0.24480114530184013,21,1.6921042,1.1196492
2020-11-06,-0.7800193232023869,1,1.259289,1.3338099
2020-11-10,3.322477142506339,3,1.697029,1.5581832
2020-11-12,-0.8724450784588512,5,1.6921724,1.2339658
2020-11-19,-0.6448107712717672,10,1.7140007,1.3816928
2020-12-04,1.4791235312895457,21,1.6933577,1.5833232
2020-11-09,8.225265332433922,1,1.6480534,1.4925069
2020-11-11,1.061596157695078,3,1.6995491,1.6750796
2020-11-13,0.7440539300811847,5,1.6932435,1.0787556
2020-11-20,0.5996962925186816,10,1.7140207,1.3344793
2020-12-07,-0.5699325605853315,21,1.6969429,1.1671317
2020-11-10,3.322477142506339,1,1.697029,1.6326548
2020-11-12,-0.8724450784588512,3,1.6921724,1.5387431
2020-11-16,2.5683248609233478,5,1.7084888,1.5038389
2020-11-23,0.04135571613728252,10,1.6823374,1.3143176
2020-12-08,-0.5817070065579995,21,1.6962178,1.8576933
2020-11-11,1.061596157695078,1,1.6995491,1.7788078
2020-11-13,0.7440539300811847,3,1.6932435,1.4397243
2020-11-17,-0.6519918828274457,5,1.7117949,1.9705184
2020-11-24,2.009444705975433,10,1.6970602,1.5995454
2020-12-09,0.0935436716676212,21,1.6931057,1.7435305
2020-11-12,-0.8724450784588512,1,1.6921724,1.3972527
2020-11-16,2.5683248609233478,3,1.7084888,2.1931763
2020-11-18,0.5931230396536163,5,1.7126118,1.5061786
2020-11-25,0.26367603991402855,10,1.6965694,1.1550153
2020-12-10,-0.6456508151646455,21,1.6953149,1.9376917
2020-11-13,0.7440539300811847,1,1.6932435,1.4883703
2020-11-17,-0.6519918828274457,3,1.7117949,2.0953252
2020-11-19,-0.6448107712717672,5,1.7140007,1.5900267
2020-11-26,-0.7388181837052861,10,1.7013749,1.7727487
2020-12-11,-1.4675186729285827,21,1.6792244,1.4617505
2020-11-16,2.5683248609233478,1,1.7084888,1.7381977
2020-11-18,0.5931230396536163,3,1.7126118,1.8409331
2020-11-20,0.5996962925186816,5,1.7140207,1.7701222
2020-11-27,1.0567562580007932,10,1.7034087,1.1206279
2020-12-14,0.9590357325941573,21,1.6079868,1.400767
2020-11-17,-0.6519918828274457,1,1.7117949,1.9063759
2020-11-19,-0.6448107712717672,3,1.7140007,1.9224877
2020-11-23,0.04135571613728252,5,1.6823374,1.6578528
2020-11-30,-1.3991228749040658,10,1.7112844,1.7725757
2020-12-15,0.14239071465306893,21,1.603023,1.5695621
2020-11-18,0.5931230396536163,1,1.7126118,1.7985866
2020-11-20,0.5996962925186816,3,1.7140207,2.0767045
2020-11-24,2.009444705975433,5,1.6970602,1.7879418
2020-12-01,0.7880319734508836,10,1.6922114,1.417006
2020-12-16,-0.15836093636597953,21,1.6039842,1.8134149
2020-11-19,-0.6448107712717672,1,1.7140007,1.6924862
2020-11-23,0.04135571613728252,3,1.6823374,2.127948
2020-11-25,0.26367603991402855,5,1.6965694,1.6037897
2020-12-02,0.9779072649870688,10,1.6924549,1.9839509
2020-12-17,0.17062651059421735,21,1.6028067,1.8680553
2020-11-20,0.5996962925186816,1,1.7140207,1.8954532
2020-11-24,2.009444705975433,3,1.6970602,2.088491
2020-11-26,-0.7388181837052861,5,1.7013749,1.6283861
2020-12-03,-0.24480114530184013,10,1.6921042,1.4011879
2020-12-18,-1.4329370365657021,21,1.6175447,1.9607189
2020-11-23,0.04135571613728252,1,1.6823374,1.6374705
2020-11-25,0.26367603991402855,3,1.6965694,1.8596036
2020-11-27,1.0567562580007932,5,1.7034087,1.5954044
2020-12-04,1.4791235312895457,10,1.6933577,1.5815227
2020-12-21,-3.129046219458688,21,1.6534661,1.6310923
2020-11-24,2.009444705975433,1,1.6970602,1.5703534
2020-11-26,-0.7388181837052861,3,1.7013749,1.8674265
2020-11-30,-1.3991228749040658,5,1.7112844,1.5273485
2020-12-07,-0.5699325605853315,10,1.6969429,1.222848
2020-12-22,1.8367344128014396,21,1.656163,1.2308179
2020-11-25,0.26367603991402855,1,1.6965694,1.2703707
2020-11-27,1.0567562580007932,3,1.7034087,1.2299867
2020-12-01,0.7880319734508836,5,1.6922114,1.3662494
2020-12-08,-0.5817070065579995,10,1.6962178,1.5119288
2020-12-23,1.7416949724461468,21,1.6665616,1.1769544
2020-11-26,-0.7388181837052861,1,1.7013749,1.460819
2020-11-30,-1.3991228749040658,3,1.7112844,1.4615669
2020-12-02,0.9779072649870688,5,1.6924549,1.3455259
2020-12-09,0.0935436716676212,10,1.6931057,1.6268972
2020-12-24,0.46833284037149203,21,1.666641,1.3085212
2020-11-27,1.0567562580007932,1,1.7034087,1.325345
2020-12-01,0.7880319734508836,3,1.6922114,1.4258701
2020-12-03,-0.24480114530184013,5,1.6921042,1.3141706
2020-12-10,-0.6456508151646455,10,1.6953149,1.7803351
2020-12-28,0.5421999992365583,21,1.6669008,1.2449065
2020-11-30,-1.3991228749040658,1,1.7112844,1.410078
2020-12-02,0.9779072649870688,3,1.6924549,1.4979175
2020-12-04,1.4791235312895457,5,1.6933577,1.2895908
2020-12-11,-1.4675186729285827,10,1.6792244,1.2381692
2020-12-29,0.23514437915616473,21,1.6626055,1.5545797
2020-12-01,0.7880319734508836,1,1.6922114,1.5226198
2020-12-03,-0.24480114530184013,3,1.6921042,1.833822
2020-12-07,-0.5699325605853315,5,1.6969429,1.554298
2020-12-14,0.9590357325941573,10,1.6079868,1.1771053
2020-12-30,-0.24985927801779773,21,1.6573809,1.8987852
2020-12-02,0.9779072649870688,1,1.6924549,1.6621805
2020-12-04,1.4791235312895457,3,1.6933577,1.891916
2020-12-08,-0.5817070065579995,5,1.6962178,1.4686997
2020-12-15,0.14239071465306893,10,1.603023,1.3056074
2020-12-31,-0.9945793435815737,21,1.663372,1.4131093
2020-12-03,-0.24480114530184013,1,1.6921042,1.5354838
2020-12-07,-0.5699325605853315,3,1.6969429,1.5429076
2020-12-09,0.0935436716676212,5,1.6931057,1.7833498
2020-12-16,-0.15836093636597953,10,1.6039842,1.4726653
2021-01-04,0.31534259324176017,21,1.6589075,1.3838071
2020-12-04,1.4791235312895457,1,1.6933577,1.4656181
2020-12-08,-0.5817070065579995,3,1.6962178,1.6330853
2020-12-10,-0.6456508151646455,5,1.6953149,1.6390307
2020-12-17,0.17062651059421735,10,1.6028067,1.5760292
2021-01-05,-0.09511633938648144,21,1.6558187,1.126917
2020-12-07,-0.5699325605853315,1,1.6969429,1.3660035
2020-12-09,0.0935436716676212,3,1.6931057,1.3624579
2020-12-11,-1.4675186729285827,5,1.6792244,1.2704996
2020-12-18,-1.4329370365657021,10,1.6175447,1.4232345
2021-01-06,3.1483338386273205,21,1.6970339,1.1129439
2020-12-08,-0.5817070065579995,1,1.6962178,1.6243733
2020-12-10,-0.6456508151646455,3,1.6953149,1.7275904
2020-12-14,0.9590357325941573,5,1.6079868,1.182613
2020-12-21,-3.129046219458688,10,1.6534661,1.2682061
2021-01-07,0.42423328304988117,21,1.6870642,1.2479509
2020-12-09,0.0935436716676212,1,1.6931057,1.5513569
2020-12-11,-1.4675186729285827,3,1.6792244,1.8349048
2020-12-15,0.14239071465306893,5,1.603023,1.2959933
2020-12-22,1.8367344128014396,10,1.656163,1.2539957
2021-01-08,0.26081534420456265,21,1.6867149,1.6490992
2020-12-10,-0.6456508151646455,1,1.6953149,1.7116268
2020-12-14,0.9590357325941573,3,1.6079868,1.4298924
2020-12-16,-0.15836093636597953,5,1.6039842,1.4638327
2020-12-23,1.7416949724461468,10,1.6665616,1.5511336
2021-01-11,-0.5988613321504372,21,1.6750076,1.3119221
2020-12-11,-1.4675186729285827,1,1.6792244,1.3330572
2020-12-15,0.14239071465306893,3,1.603023,1.6625097
2020-12-17,0.17062651059421735,5,1.6028067,1.476935
2020-12-24,0.46833284037149203,10,1.666641,1.2576443
2021-01-12,-0.1388939002220678,21,1.6760315,1.5013802
2020-12-14,0.9590357325941573,1,1.6079868,1.3741902
2020-12-16,-0.15836093636597953,3,1.6039842,1.657258
2020-12-18,-1.4329370365657021,5,1.6175447,1.649243
2020-12-28,0.5421999992365583,10,1.6669008,1.1203042
2021-01-13,0.18195970783323004,21,1.6759844,1.2619278
2020-12-15,0.14239071465306893,1,1.603023,1.474507
2020-12-17,0.17062651059421735,3,1.6028067,2.0533829
2020-12-21,-3.129046219458688,5,1.6534661,1.4054749
2020-12-29,0.23514437915616473,10,1.6626055,1.4110475
2021-01-14,0.1350584362825797,21,1.6740211,1.4298991
2020-12-16,-0.15836093636597953,1,1.6039842,1.5115126
2020-12-18,-1.4329370365657021,3,1.6175447,1.9995607
2020-12-22,1.8367344128014396,5,1.656163,1.1709417
2020-12-30,-0.24985927801779773,10,1.6573809,1.6142603
2021-01-15,-1.7069516001012333,21,1.6744524,1.2467113
2020-12-17,0.17062651059421735,1,1.6028067,1.7349938
2020-12-21,-3.129046219458688,3,1.6534661,1.6036544
2020-12-23,1.7416949724461468,5,1.6665616,1.5279697
2020-12-31,-0.9945793435815737,10,1.663372,1.4097601
2021-01-18,0.28874404357443106,21,1.6729882,1.4870594
2020-12-18,-1.4329370365657021,1,1.6175447,1.5440707
2020-12-22,1.8367344128014396,3,1.656163,1.1473626
2020-12-24,0.46833284037149203,5,1.666641,1.6225942
2021-01-04,0.31534259324176017,10,1.6589075,1.2463607
2021-01-19,-0.6746310571745503,21,1.6716483,1.5965927
2020-12-21,-3.129046219458688,1,1.6534661,1.4216502
2020-12-23,1.7416949724461468,3,1.6665616,2.0786576
2020-12-28,0.5421999992365583,5,1.6669008,1.0530543
2021-01-05,-0.09511633938648144,10,1.6558187,0.95124996
2021-01-20,0.062183369781782696,21,1.6570307,1.5694777
2020-12-22,1.8367344128014396,1,1.656163,1.5875814
2020-12-24,0.46833284037149203,3,1.666641,2.3767424
2020-12-29,0.23514437915616473,5,1.6626055,1.9450623
2021-01-06,3.1483338386273205,10,1.6970339,1.3958682
2021-01-21,-1.0045287885182481,21,1.634214,1.5425148
2020-12-23,1.7416949724461468,1,1.6665616,2.1080568
2020-12-28,0.5421999992365583,3,1.6669008,1.889022
2020-12-30,-0.24985927801779773,5,1.6573809,1.8871446
2021-01-07,0.42423328304988117,10,1.6870642,1.3778045
2021-01-22,-1.0607519704808366,21,1.5960447,1.9134486
2020-12-24,0.46833284037149203,1,1.666641,1.8863444
2020-12-29,0.23514437915616473,3,1.6626055,2.054602
2020-12-31,-0.9945793435815737,5,1.663372,1.6493721
2021-01-08,0.26081534420456265,10,1.6867149,1.5729473
2021-01-25,-1.7460292818203167,21,1.6100675,1.4115121
2020-12-28,0.5421999992365583,1,1.6669008,1.3146626
2020-12-30,-0.24985927801779773,3,1.6573809,1.6322204
2021-01-04,0.31534259324176017,5,1.6589075,1.696954
2021-01-11,-0.5988613321504372,10,1.6750076,1.5129298
2021-01-26,0.8523459451724267,21,1.6109903,1.7892761
2020-12-29,0.23514437915616473,1,1.6626055,1.4824387
2020-12-31,-0.9945793435815737,3,1.663372,1.81363
2021-01-05,-0.09511633938648144,5,1.6558187,1.4380288
2021-01-12,-0.1388939002220678,10,1.6760315,1.5960536
2021-01-27,-1.418696665339882,21,1.6112927,1.4882923
2020-12-30,-0.24985927801779773,1,1.6573809,1.4755107
2021-01-04,0.31534259324176017,3,1.6589075,2.046954
2021-01-06,3.1483338386273205,5,1.6970339,1.2473414
2021-01-13,0.18195970783323004,10,1.6759844,1.4893141
2021-01-28,1.0110822773223525,21,1.5882804,1.8765696
2020-12-31,-0.9945793435815737,1,1.663372,1.660433
2021-01-05,-0.09511633938648144,3,1.6558187,1.527348
2021-01-07,0.42423328304988117,5,1.6870642,1.4436384
2021-01-14,0.1350584362825797,10,1.6740211,1.5410836
2021-01-29,-2.2308127134815328,21,1.6204785,1.3150749
2021-01-04,0.31534259324176017,1,1.6589075,1.7533698
2021-01-06,3.1483338386273205,3,1.6970339,1.8883893
2021-01-08,0.26081534420456265,5,1.6867149,1.8197335
2021-01-15,-1.7069516001012333,10,1.6744524,1.2264063
2021-02-01,0.5232820493062357,21,1.6026917,1.7570702
2021-01-05,-0.09511633938648144,1,1.6558187,1.2642471
2021-01-07,0.42423328304988117,3,1.6870642,1.5853713
2021-01-11,-0.5988613321504372,5,1.6750076,1.6497217
2021-01-18,0.28874404357443106,10,1.6729882,1.4188647
2021-02-02,1.9392191972458859,21,1.6129774,1.3810124
2021-01-06,3.1483338386273205,1,1.6970339,1.5264517
2021-01-08,0.26081534420456265,3,1.6867149,1.8978056
2021-01-12,-0.1388939002220678,5,1.6760315,1.3552787
2021-01-19,-0.6746310571745503,10,1.6716483,1.6713284
2021-02-03,0.7755133237613523,21,1.2292248,1.29971
2021-01-07,0.42423328304988117,1,1.6870642,1.5159901
2021-01-11,-0.5988613321504372,3,1.6750076,1.4551018
2021-01-13,0.18195970783323004,5,1.6759844,1.9187795
2021-01-20,0.062183369781782696,10,1.6570307,1.3571392
2021-02-04,1.3610036922255146,21,1.1671048,1.5283285
2021-01-08,0.26081534420456265,1,1.6867149,1.7029287
2021-01-12,-0.1388939002220678,3,1.6760315,1.509205
2021-01-14,0.1350584362825797,5,1.6740211,1.5757172
2021-01-21,-1.0045287885182481,10,1.634214,1.254922
2021-02-05,1.1274932293021191,21,1.1680685,1.4549007
2021-01-11,-0.5988613321504372,1,1.6750076,1.4458591
2021-01-13,0.18195970783323004,3,1.6759844,1.7442217
2021-01-15,-1.7069516001012333,5,1.6744524,1.3881496
2021-01-22,-1.0607519704808366,10,1.5960447,1.6537402
2021-02-08,0.052331490755363065,21,1.1612662,1.6019534
2021-01-12,-0.1388939002220678,1,1.6760315,1.3730515
2021-01-14,0.1350584362825797,3,1.6740211,1.3908669
2021-01-18,0.28874404357443106,5,1.6729882,1.5018836
2021-01-25,-1.7460292818203167,10,1.6100675,1.1520292
2021-02-09,-1.4461036318008795,21,1.1751167,1.4272274
2021-01-13,0.18195970783323004,1,1.6759844,1.4396514
2021-01-15,-1.7069516001012333,3,1.6744524,1.60037
2021-01-19,-0.6746310571745503,5,1.6716483,1.718513
2021-01-26,0.8523459451724267,10,1.6109903,1.2117499
2021-02-10,-0.44042034768952004,21,1.1298761,1.6328924
2021-01-14,0.1350584362825797,1,1.6740211,1.3264438
2021-01-18,0.28874404357443106,3,1.6729882,1.2351074
2021-01-20,0.062183369781782696,5,1.6570307,1.3297546
2021-01-27,-1.418696665339882,10,1.6112927,1.286632
2021-02-11,-0.3452776205491486,21,1.127492,1.3743238
2021-01-15,-1.7069516001012333,1,1.6744524,1.1680831
2021-01-19,-0.6746310571745503,3,1.6716483,2.1544552
2021-01-21,-1.0045287885182481,5,1.634214,0.98570836
2021-01-28,1.0110822773223525,10,1.5882804,1.2970389
2021-02-12,0.21624854629702714,21,1.1253015,1.2482175
2021-01-18,0.28874404357443106,1,1.6729882,1.309562
2021-01-20,0.062183369781782696,3,1.6570307,1.562818
2021-01-22,-1.0607519704808366,5,1.5960447,1.4858872
2021-01-29,-2.2308127134815328,10,1.6204785,1.4956715
2021-02-15,1.8267875843862258,21,1.1457803,1.4687587
2021-01-19,-0.6746310571745503,1,1.6716483,1.5378287
2021-01-21,-1.0045287885182481,3,1.634214,1.2271795
2021-01-25,-1.7460292818203167,5,1.6100675,1.2835834
2021-02-01,0.5232820493062357,10,1.6026917,1.4313014
2021-02-16,-0.608908051121786,21,1.1466918,1.18033
2021-01-20,0.062183369781782696,1,1.6570307,1.1568756
2021-01-22,-1.0607519704808366,3,1.5960447,1.63267
2021-01-26,0.8523459451724267,5,1.6109903,1.2528539
2021-02-02,1.9392191972458859,10,1.6129774,1.078496
2021-02-17,-0.38092007426930274,21,1.1479557,1.5969301
2021-01-21,-1.0045287885182481,1,1.634214,1.5094627
2021-01-25,-1.7460292818203167,3,1.6100675,1.4488564
2021-01-27,-1.418696665339882,5,1.6112927,1.520273
2021-02-03,0.7755133237613523,10,1.2292248,0.987241
2021-02-18,-0.798481449943538,21,1.1228226,1.3330611
2021-01-22,-1.0607519704808366,1,1.5960447,1.7355851
2021-01-26,0.8523459451724267,3,1.6109903,1.5710281
2021-01-28,1.0110822773223525,5,1.5882804,1.4744368
2021-02-04,1.3610036922255146,10,1.1671048,1.1307763
2021-02-19,1.153643028366578,21,1.1324372,1.7161905
2021-01-25,-1.7460292818203167,1,1.6100675,1.3573037
2021-01-27,-1.418696665339882,3,1.6112927,1.7230623
2021-01-29,-2.2308127134815328,5,1.6204785,1.4797764
2021-02-05,1.1274932293021191,10,1.1680685,1.0262535
2021-02-22,-0.4845125625870455,21,1.130109,1.1464757
2021-01-26,0.8523459451724267,1,1.6109903,1.3162937
2021-01-28,1.0110822773223525,3,1.5882804,1.7531583
2021-02-01,0.5232820493062357,5,1.6026917,1.5471629
2021-02-08,0.052331490755363065,10,1.1612662,1.1072918
2021-02-23,1.7098612032688352,21,1.1435106,1.1619421
2021-01-27,-1.418696665339882,1,1.6112927,1.3756076
2021-01-29,-2.2308127134815328,3,1.6204785,1.2514212
2021-02-02,1.9392191972458859,5,1.6129774,1.4129661
2021-02-09,-1.4461036318008795,10,1.1751167,1.0373263
2021-02-24,0.2118426862200597,21,1.128621,1.0096234
2021-01-28,1.0110822773223525,1,1.5882804,1.6875415
2021-02-01,0.5232820493062357,3,1.6026917,2.0911493
2021-02-03,0.7755133237613523,5,1.2292248,1.1379383
2021-02-10,-0.44042034768952004,10,1.1298761,1.2324958
2021-02-25,0.5811656518110166,21,1.1266092,1.2320647
2021-01-29,-2.2308127134815328,1,1.6204785,1.3974228
2021-02-02,1.9392191972458859,3,1.6129774,1.1815726
2021-02-04,1.3610036922255146,5,1.1671048,1.3785081
2021-02-11,-0.3452776205491486,10,1.127492,1.2958616
2021-02-26,-1.1219500138812692,21,1.1294605,1.1372945
2021-02-01,0.5232820493062357,1,1.6026917,1.6067711
2021-02-03,0.7755133237613523,3,1.2292248,1.3837721
2021-02-05,1.1274932293021191,5,1.1680685,1.2459289
2021-02-12,0.21624854629702714,10,1.1253015,1.362248
2021-03-01,1.8442861825091077,21,1.1536996,1.1972512
2021-02-02,1.9392191972458859,1,1.6129774,1.3199906
2021-02-04,1.3610036922255146,3,1.1671048,1.5236065
2021-02-08,0.052331490755363065,5,1.1612662,1.2356842
2021-02-15,1.8267875843862258,10,1.1457803,0.93968296
2021-03-02,-0.2665249965731532,21,1.1385936,1.395545
2021-02-03,0.7755133237613523,1,1.2292248,1.3186958
2021-02-05,1.1274932293021191,3,1.1680685,1.385126
2021-02-09,-1.4461036318008795,5,1.1751167,1.3468777
2021-02-16,-0.608908051121786,10,1.1466918,0.9957807
2021-03-03,-0.31764894765111534,21,1.136893,1.1102172
2021-02-04,1.3610036922255146,1,1.1671048,1.298205
2021-02-08,0.052331490755363065,3,1.1612662,1.3461285
2021-02-10,-0.44042034768952004,5,1.1298761,1.3878706
2021-02-17,-0.38092007426930274,10,1.1479557,1.0039797
2021-03-04,0.2961047040699724,21,1.1347854,1.1659969
2021-02-05,1.1274932293021191,1,1.1680685,1.1888487
2021-02-09,-1.4461036318008795,3,1.1751167,1.1865585
2021-02-11,-0.3452776205491486,5,1.127492,1.132857
2021-02-18,-0.798481449943538,10,1.1228226,0.9402737
2021-03-05,-0.8076578685386976,21,1.1398214,1.0453176
2021-02-08,0.052331490755363065,1,1.1612662,1.1134293
2021-02-10,-0.44042034768952004,3,1.1298761,1.5079343
2021-02-12,0.21624854629702714,5,1.1253015,1.1446118
2021-02-19,1.153643028366578,10,1.1324372,1.2919674
2021-03-08,1.8815927773110876,21,1.1616538,1.1515161
2021-02-09,-1.4461036318008795,1,1.1751167,1.0561208
2021-02-11,-0.3452776205491486,3,1.127492,1.0463955
2021-02-15,1.8267875843862258,5,1.1457803,0.890622
2021-02-22,-0.4845125625870455,10,1.130109,0.87342155
2021-03-09,0.616272920788521,21,1.1464899,1.0351998
2021-02-10,-0.44042034768952004,1,1.1298761,1.3599633
2021-02-12,0.21624854629702714,3,1.1253015,1.4213108
2021-02-16,-0.608908051121786,5,1.1466918,1.143867
2021-02-23,1.7098612032688352,10,1.1435106,0.83369255
2021-03-10,0.3383938934353745,21,1.1412789,1.3137307
2021-02-11,-0.3452776205491486,1,1.127492,1.0469832
2021-02-15,1.8267875843862258,3,1.1457803,1.099669
2021-02-17,-0.38092007426930274,5,1.1479557,1.1892662
2021-02-24,0.2118426862200597,10,1.128621,0.9937632
2021-03-11,0.7921435026139259,21,1.1449875,1.3841184
2021-02-12,0.21624854629702714,1,1.1253015,1.2260852
2021-02-16,-0.608908051121786,3,1.1466918,1.3322258
2021-02-18,-0.798481449943538,5,1.1228226,0.92408127
2021-02-25,0.5811656518110166,10,1.1266092,1.0207314
2021-03-12,0.5975362231607725,21,1.1463916,1.1101333
2021-02-15,1.8267875843862258,1,1.1457803,1.0386455
2021-02-17,-0.38092007426930274,3,1.1479557,1.2444632
2021-02-19,1.153643028366578,5,1.1324372,1.4915816
2021-02-26,-1.1219500138812692,10,1.1294605,0.7358195
2021-03-15,-0.10532469332856949,21,1.1466583,1.1941936
2021-02-16,-0.608908051121786,1,1.1466918,1.161338
2021-02-18,-0.798481449943538,3,1.1228226,1.0566647
2021-02-22,-0.4845125625870455,5,1.130109,1.1623952
2021-03-01,1.8442861825091077,10,1.1536996,1.0283008
2021-03-16,0.2579064755404606,21,1.1290954,0.92664725
2021-02-17,-0.38092007426930274,1,1.1479557,1.2529104
2021-02-19,1.153643028366578,3,1.1324372,1.4987046
2021-02-23,1.7098612032688352,5,1.1435106,0.96984863
2021-03-02,-0.2665249965731532,10,1.1385936,0.9299744
2021-03-17,-0.6745036350402508,21,1.0510035,0.8770524
2021-02-18,-0.798481449943538,1,1.1228226,0.9761235
2021-02-22,-0.4845125625870455,3,1.130109,1.0709934
2021-02-24,0.2118426862200597,5,1.128621,1.0361072
2021-03-03,-0.31764894765111534,10,1.136893,0.7253414
2021-03-18,0.2914522995981615,21,1.028021,1.2760135
2021-02-19,1.153643028366578,1,1.1324372,1.6590103
2021-02-23,1.7098612032688352,3,1.1435106,1.3667464
2021-02-25,0.5811656518110166,5,1.1266092,1.3459995
2021-03-04,0.2961047040699724,10,1.1347854,1.0684477
2021-03-19,-1.537629023251953,21,1.0285453,1.2616601
2021-02-22,-0.4845125625870455,1,1.130109,1.1857076
2021-02-24,0.2118426862200597,3,1.128621,1.316252
2021-02-26,-1.1219500138812692,5,1.1294605,1.1240505
2021-03-05,-0.8076578685386976,10,1.1398214,0.9996662
2021-03-22,-1.775950219305179,21,1.0548193,1.505829
2021-02-23,1.7098612032688352,1,1.1435106,1.3004783
2021-02-25,0.5811656518110166,3,1.1266092,1.486434
2021-03-01,1.8442861825091077,5,1.1536996,1.1404548
2021-03-08,1.8815927773110876,10,1.1616538,0.99945676
2021-03-23,0.5593484088430128,21,1.0549581,0.91835105
2021-02-24,0.2118426862200597,1,1.128621,1.159857
2021-02-26,-1.1219500138812692,3,1.1294605,1.2677635
2021-03-02,-0.2665249965731532,5,1.1385936,1.469293
2021-03-09,0.616272920788521,10,1.1464899,1.0340898
2021-03-24,0.6344324475988751,21,1.0574198,1.1751539
2021-02-25,0.5811656518110166,1,1.1266092,0.97450274
2021-03-01,1.8442861825091077,3,1.1536996,1.0072763
2021-03-03,-0.31764894765111534,5,1.136893,0.9184091
2021-03-10,0.3383938934353745,10,1.1412789,1.3412442
2021-03-25,-0.4058581983888822,21,1.0583708,1.091853
2021-02-26,-1.1219500138812692,1,1.1294605,1.0552647
2021-03-02,-0.2665249965731532,3,1.1385936,1.2218355
2021-03-04,0.2961047040699724,5,1.1347854,0.9208292
2021-03-11,0.7921435026139259,10,1.1449875,0.8953254
2021-03-26,1.0492357179726735,21,1.0570265,0.9916616
2021-03-01,1.8442861825091077,1,1.1536996,1.2086501
2021-03-03,-0.31764894765111534,3,1.136893,1.3881811
2021-03-05,-0.8076578685386976,5,1.1398214,1.1614903
2021-03-12,0.5975362231607725,10,1.1463916,1.5581855
2021-03-29,-0.07180568044237202,21,1.0567807,1.2881119
2021-03-02,-0.2665249965731532,1,1.1385936,1.5495903
2021-03-04,0.2961047040699724,3,1.1347854,1.3374311
2021-03-08,1.8815927773110876,5,1.1616538,1.0149056
2021-03-15,-0.10532469332856949,10,1.1466583,0.80961055
2021-03-30,1.2067588346073164,21,1.0664669,1.2789365
2021-03-03,-0.31764894765111534,1,1.136893,1.4936872
2021-03-05,-0.8076578685386976,3,1.1398214,1.4561545
2021-03-09,0.616272920788521,5,1.1464899,1.0852405
2021-03-16,0.2579064755404606,10,1.1290954,1.3289627
2021-03-31,-0.176999440685585,21,0.9889916,1.443391
2021-03-04,0.2961047040699724,1,1.1347854,1.3592602
2021-03-08,1.8815927773110876,3,1.1616538,1.4488184
2021-03-10,0.3383938934353745,5,1.1412789,1.5504833
2021-03-17,-0.6745036350402508,10,1.0510035,0.5619552
2021-04-01,-0.027975940873462966,21,0.9877767,1.144779
2021-03-05,-0.8076578685386976,1,1.1398214,1.3312725
2021-03-09,0.616272920788521,3,1.1464899,1.6253589
2021-03-11,0.7921435026139259,5,1.1449875,1.1398808
2021-03-18,0.2914522995981615,10,1.028021,1.1810973
2021-04-06,0.6623233330909685,21,0.99066967,0.96749246
2021-03-08,1.8815927773110876,1,1.1616538,1.3031062
2021-03-10,0.3383938934353745,3,1.1412789,1.5399143
2021-03-12,0.5975362231607725,5,1.1463916,1.3649064
2021-03-19,-1.537629023251953,10,1.0285453,1.1182162
2021-04-07,-0.43175554535708605,21,0.9890643,0.9941858
2021-03-09,0.616272920788521,1,1.1464899,1.1357607
2021-03-11,0.7921435026139259,3,1.1449875,1.3745934
2021-03-15,-0.10532469332856949,5,1.1466583,1.024739
2021-03-22,-1.775950219305179,10,1.0548193,1.3529962
2021-04-08,0.46880887942311783,21,0.9902375,0.80207366
2021-03-10,0.3383938934353745,1,1.1412789,1.4011625
2021-03-12,0.5975362231607725,3,1.1463916,1.1455144
2021-03-16,0.2579064755404606,5,1.1290954,1.2250962
2021-03-23,0.5593484088430128,10,1.0549581,0.90772885
2021-04-09,-0.8370389962575051,21,0.99677986,1.1268595
2021-03-11,0.7921435026139259,1,1.1449875,1.2533973
2021-03-15,-0.10532469332856949,3,1.1466583,1.0275166
2021-03-17,-0.6745036350402508,5,1.0510035,0.8637439
2021-03-24,0.6344324475988751,10,1.0574198,0.9002916
2021-04-12,-0.3883409175562638,21,0.9982258,1.3731445
2021-03-12,0.5975362231607725,1,1.1463916,1.1086878
2021-03-16,0.2579064755404606,3,1.1290954,1.4000365
2021-03-18,0.2914522995981615,5,1.028021,0.7678763
2021-03-25,-0.4058581983888822,10,1.0583708,1.0883228
2021-04-13,-0.08793683185077997,21,0.9719708,1.3888624
2021-03-15,-0.10532469332856949,1,1.1466583,0.8637332
2021-03-17,-0.6745036350402508,3,1.0510035,0.8062539
2021-03-19,-1.537629023251953,5,1.0285453,1.1192483
2021-03-26,1.0492357179726735,10,1.0570265,0.87157464
2021-04-14,0.7397702244354188,21,0.9755187,0.9755558
2021-03-16,0.2579064755404606,1,1.1290954,1.0139253
2021-03-18,0.2914522995981615,3,1.028021,1.3504053
2021-03-22,-1.775950219305179,5,1.0548193,1.1157645
2021-03-29,-0.07180568044237202,10,1.0567807,0.79902196
2021-04-15,-0.19580425836248946,21,0.97130585,1.052424
2021-03-17,-0.6745036350402508,1,1.0510035,0.78935474
2021-03-19,-1.537629023251953,3,1.0285453,1.1263256
2021-03-23,0.5593484088430128,5,1.0549581,0.97422135
2021-03-30,1.2067588346073164,10,1.0664669,0.8003369
2021-04-16,0.4876326937496746,21,0.97276944,0.97405577
2021-03-18,0.2914522995981615,1,1.028021,1.135568
2021-03-22,-1.775950219305179,3,1.0548193,1.4177849
2021-03-24,0.6344324475988751,5,1.0574198,0.96901816
2021-03-31,-0.176999440685585,10,0.9889916,0.99272573
2021-04-19,1.1301772831273154,21,0.9714249,0.946617
2021-03-19,-1.537629023251953,1,1.0285453,1.151335
2021-03-23,0.5593484088430128,3,1.0549581,1.270142
2021-03-25,-0.4058581983888822,5,1.0583708,1.1001266
2021-04-01,-0.027975940873462966,10,0.9877767,0.796396
2021-04-20,-2.9354263618326657,21,1.0378184,1.3150768
2021-03-22,-1.775950219305179,1,1.0548193,1.6469331
2021-03-24,0.6344324475988751,3,1.0574198,1.363005
2021-03-26,1.0492357179726735,5,1.0570265,1.1833689
2021-04-06,0.6623233330909685,10,0.99066967,1.3934203
2021-04-21,0.7114617270064362,21,1.0124954,1.4797363
2021-03-23,0.5593484088430128,1,1.0549581,1.4373046
2021-03-25,-0.4058581983888822,3,1.0583708,2.1544478
2021-03-29,-0.07180568044237202,5,1.0567807,1.2770162
2021-04-07,-0.43175554535708605,10,0.9890643,1.1935738
2021-04-22,1.5952272888004155,21,1.0259749,1.7496237
2021-03-24,0.6344324475988751,1,1.0574198,1.6597826
2021-03-26,1.0492357179726735,3,1.0570265,1.761775
2021-03-30,1.2067588346073164,5,1.0664669,1.242343
2021-04-08,0.46880887942311783,10,0.9902375,0.8355348
2021-04-23,-0.4422480783157827,21,1.0084449,1.6631105
2021-03-25,-0.4058581983888822,1,1.0583708,1.6522753
2021-03-29,-0.07180568044237202,3,1.0567807,1.924464
2021-03-31,-0.176999440685585,5,0.9889916,1.6332461
2021-04-09,-0.8370389962575051,10,0.99677986,1.3656847
2021-04-26,0.9618734129191391,21,1.0077567,1.6174389
2021-03-26,1.0492357179726735,1,1.0570265,1.4580654
2021-03-30,1.2067588346073164,3,1.0664669,1.4760798
2021-04-01,-0.027975940873462966,5,0.9877767,1.4867768
2021-04-12,-0.3883409175562638,10,0.9982258,1.3868185
2021-04-27,0.627772902428337,21,0.9595032,1.2262738
2021-03-29,-0.07180568044237202,1,1.0567807,1.1715019
2021-03-31,-0.176999440685585,3,0.9889916,1.2803464
2021-04-06,0.6623233330909685,5,0.99066967,1.4630781
2021-04-13,-0.08793683185077997,10,0.9719708,1.1085867
2021-04-28,0.48871442599985787,21,0.95931727,1.1351008
2021-03-30,1.2067588346073164,1,1.0664669,1.210489
2021-04-01,-0.027975940873462966,3,0.9877767,1.4683007
2021-04-07,-0.43175554535708605,5,0.9890643,1.222117
2021-04-14,0.7397702244354188,10,0.9755187,1.1999624
2021-04-29,0.26783501041830865,21,0.93187237,1.3612777
2021-03-31,-0.176999440685585,1,0.9889916,1.4092251
2021-04-06,0.6623233330909685,3,0.99066967,1.6383276
2021-04-08,0.46880887942311783,5,0.9902375,0.82195425
2021-04-15,-0.19580425836248946,10,0.97130585,1.4063718
2021-04-30,-0.09298001599666388,21,0.9291038,1.3324679
2021-04-01,-0.027975940873462966,1,0.9877767,1.3412404
2021-04-07,-0.43175554535708605,3,0.9890643,1.2654107
2021-04-09,-0.8370389962575051,5,0.99677986,1.3738192
2021-04-16,0.4876326937496746,10,0.97276944,1.4529481
2021-05-03,0.8888345064879474,21,0.92071223,1.4437207
2021-04-06,0.6623233330909685,1,0.99066967,1.4435118
2021-04-08,0.46880887942311783,3,0.9902375,1.1859287
2021-04-12,-0.3883409175562638,5,0.9982258,1.3620391
2021-04-19,1.1301772831273154,10,0.9714249,1.2117289
2021-05-04,-0.7142847211613218,21,0.91830873,1.630336
2021-04-07,-0.43175554535708605,1,0.9890643,1.1318508
2021-04-09,-0.8370389962575051,3,0.99677986,1.4523486
2021-04-13,-0.08793683185077997,5,0.9719708,1.0992123
2021-04-20,-2.9354263618326657,10,1.0378184,1.392463
2021-05-05,1.5440070301573217,21,0.93644595,1.0788774
2021-04-08,0.46880887942311783,1,0.9902375,0.91115296
2021-04-12,-0.3883409175562638,3,0.9982258,1.4226589
2021-04-14,0.7397702244354188,5,0.9755187,1.1211125
2021-04-21,0.7114617270064362,10,1.0124954,1.2227165
2021-05-06,0.16044571687065712,21,0.9128417,1.3104997
2021-04-09,-0.8370389962575051,1,0.99677986,1.2183518
2021-04-13,-0.08793683185077997,3,0.9719708,1.2128332
2021-04-15,-0.19580425836248946,5,0.97130585,1.286935
2021-04-22,1.5952272888004155,10,1.0259749,0.9572734
2021-05-07,0.8535974762063865,21,0.91341114,0.7334244
2021-04-12,-0.3883409175562638,1,0.9982258,1.2858803
2021-04-14,0.7397702244354188,3,0.9755187,1.2006421
2021-04-16,0.4876326937496746,5,0.97276944,1.1368202
2021-04-23,-0.4422480783157827,10,1.0084449,1.5872031
2021-05-10,0.9349918417832424,21,0.9155592,1.2909391
2021-04-13,-0.08793683185077997,1,0.9719708,1.1445699
2021-04-15,-0.19580425836248946,3,0.97130585,1.1968622
2021-04-19,1.1301772831273154,5,0.9714249,1.0913014
2021-04-26,0.9618734129191391,10,1.0077567,1.0471687
2021-05-11,-1.7329391557244538,21,0.9494674,1.4057685
2021-04-14,0.7397702244354188,1,0.9755187,1.1451714
2021-04-16,0.4876326937496746,3,0.97276944,1.5867993
2021-04-20,-2.9354263618326657,5,1.0378184,0.98905313
2021-04-27,0.627772902428337,10,0.9595032,0.7766488
2021-05-12,0.22784243167040455,21,0.9246495,1.9600843
2021-04-15,-0.19580425836248946,1,0.97130585,1.1422216
2021-04-19,1.1301772831273154,3,0.9714249,1.2868346
2021-04-21,0.7114617270064362,5,1.0124954,1.2203436
2021-04-28,0.48871442599985787,10,0.95931727,1.0693091
2021-05-13,-0.46178151370847037,21,0.92278016,1.0667061
2021-04-16,0.4876326937496746,1,0.97276944,1.1670251
2021-04-20,-2.9354263618326657,3,1.0378184,1.29018
2021-04-22,1.5952272888004155,5,1.0259749,0.8256233
2021-04-29,0.26783501041830865,10,0.93187237,0.9464146
2021-05-14,1.9810937337705976,21,0.9493854,1.1105247
2021-04-19,1.1301772831273154,1,0.9714249,0.9185984
2021-04-21,0.7114617270064362,3,1.0124954,0.8419013
2021-04-23,-0.4422480783157827,5,1.0084449,1.364044
2021-04-30,-0.09298001599666388,10,0.9291038,0.98898375
2021-05-17,0.10928246229997599,21,0.9404323,0.8450446
2021-04-20,-2.9354263618326657,1,1.0378184,1.0359926
2021-04-22,1.5952272888004155,3,1.0259749,1.0929608
2021-04-26,0.9618734129191391,5,1.0077567,0.9249836
2021-05-03,0.8888345064879474,10,0.92071223,1.0216811
2021-05-18,0.30862370798318756,21,0.93239695,0.96985394
2021-04-21,0.7114617270064362,1,1.0124954,0.9286133
2021-04-23,-0.4422480783157827,3,1.0084449,1.5098183
2021-04-27,0.627772902428337,5,0.9595032,1.1199689
2021-05-04,-0.7142847211613218,10,0.91830873,1.3321255
2021-05-19,-1.2402512358904607,21,0.9467769,1.3014464
2021-04-22,1.5952272888004155,1,1.0259749,1.0875871
2021-04-26,0.9618734129191391,3,1.0077567,1.1588055
2021-04-28,0.48871442599985787,5,0.95931727,0.8937862
2021-05-05,1.5440070301573217,10,0.93644595,0.6277337
2021-05-20,0.5891745539963145,21,0.9270563,1.3856487
2021-04-23,-0.4422480783157827,1,1.0084449,1.2631993
2021-04-27,0.627772902428337,3,0.9595032,0.99532664
2021-04-29,0.26783501041830865,5,0.93187237,1.1419324
2021-05-06,0.16044571687065712,10,0.9128417,1.2270492
2021-05-21,0.869698797587253,21,0.93146986,1.5994084
2021-04-26,0.9618734129191391,1,1.0077567,1.1495948
2021-04-28,0.48871442599985787,3,0.95931727,1.2865058
2021-04-30,-0.09298001599666388,5,0.9291038,1.0603657
2021-05-07,0.8535974762063865,10,0.91341114,0.70661175
2021-05-24,0.016295934200497884,21,0.930184,1.2661146
2021-04-27,0.627772902428337,1,0.9595032,0.7802275
2021-04-29,0.26783501041830865,3,0.93187237,1.406204
2021-05-03,0.8888345064879474,5,0.92071223,1.2077211
2021-05-10,0.9349918417832424,10,0.9155592,0.79695195
2021-05-25,0.0347557866452333,21,0.9148349,1.1128356
2021-04-28,0.48871442599985787,1,0.95931727,0.99383545
2021-04-30,-0.09298001599666388,3,0.9291038,1.0752816
2021-05-04,-0.7142847211613218,5,0.91830873,1.3063816
2021-05-11,-1.7329391557244538,10,0.9494674,1.0081784
2021-05-26,-0.12822186309258765,21,0.889405,1.0417205
2021-04-29,0.26783501041830865,1,0.93187237,1.0407584
2021-05-03,0.8888345064879474,3,0.92071223,1.2357186
2021-05-05,1.5440070301573217,5,0.93644595,0.88663936
2021-05-12,0.22784243167040455,10,0.9246495,1.1232042
2021-05-27,-0.11749987752335324,21,0.8884143,0.90824246
2021-04-30,-0.09298001599666388,1,0.9291038,1.1251953
2021-05-04,-0.7142847211613218,3,0.91830873,1.1012691
2021-05-06,0.16044571687065712,5,0.9128417,0.98073065
2021-05-13,-0.46178151370847037,10,0.92278016,0.8833538
2021-05-28,0.41823565774785737,21,0.88681614,1.1083356
2021-05-03,0.8888345064879474,1,0.92071223,1.0474524
2021-05-05,1.5440070301573217,3,0.93644595,1.1160688
2021-05-07,0.8535974762063865,5,0.91341114,1.145418
2021-05-14,1.9810937337705976,10,0.9493854,1.0750415
2021-05-31,-0.8240175071533464,21,0.8958638,1.0872942
2021-05-04,-0.7142847211613218,1,0.91830873,1.1760796
2021-05-06,0.16044571687065712,3,0.9128417,1.0644667
2021-05-10,0.9349918417832424,5,0.9155592,0.73894
2021-05-17,0.10928246229997599,10,0.9404323,0.72932315
2021-06-01,0.4449638174945871,21,0.8876913,1.0390761
2021-05-05,1.5440070301573217,1,0.93644595,1.0956014
2021-05-07,0.8535974762063865,3,0.91341114,1.1036731
2021-05-11,-1.7329391557244538,5,0.9494674,1.3057585
2021-05-18,0.30862370798318756,10,0.93239695,1.1562524
2021-06-02,-0.09798372076884945,21,0.85942507,0.94195944
2021-05-06,0.16044571687065712,1,0.9128417,1.0066392
2021-05-10,0.9349918417832424,3,0.9155592,1.0443823
2021-05-12,0.22784243167040455,5,0.9246495,1.4840419
2021-05-19,-1.2402512358904607,10,0.9467769,0.72173524
2021-06-03,-0.41805213943027864,21,0.8600703,1.2773395
2021-05-07,0.8535974762063865,1,0.91341114,1.1223512
2021-05-11,-1.7329391557244538,3,0.9494674,1.4981903
2021-05-13,-0.46178151370847037,5,0.92278016,0.8563411
2021-05-20,0.5891745539963145,10,0.9270563,1.4170189
2021-06-04,-0.5935061056977768,21,0.8645017,0.9968375
2021-05-10,0.9349918417832424,1,0.9155592,0.9431224
2021-05-12,0.22784243167040455,3,0.9246495,1.0772619
2021-05-14,1.9810937337705976,5,0.9493854,1.0003684
2021-05-21,0.869698797587253,10,0.93146986,0.92009187
2021-06-07,0.8251242579716852,21,0.86495537,1.021405
2021-05-11,-1.7329391557244538,1,0.9494674,1.0611488
2021-05-13,-0.46178151370847037,3,0.92278016,1.059366
2021-05-17,0.10928246229997599,5,0.9404323,0.8944831
2021-05-24,0.016295934200497884,10,0.930184,0.91658646
2021-06-08,-0.10918700449286847,21,0.862974,0.83061975
2021-05-12,0.22784243167040455,1,0.9246495,1.127878
2021-05-14,1.9810937337705976,3,0.9493854,1.2756099
2021-05-18,0.30862370798318756,5,0.93239695,1.3698736
2021-05-25,0.0347557866452333,10,0.9148349,1.0005023
2021-06-09,0.027307929846311085,21,0.86262095,1.4026805
2021-05-13,-0.46178151370847037,1,0.92278016,1.0438107
2021-05-17,0.10928246229997599,3,0.9404323,1.1272379
2021-05-19,-1.2402512358904607,5,0.9467769,0.9140143
2021-05-26,-0.12822186309258765,10,0.889405,1.2268006
2021-06-10,-0.24385055194642274,21,0.8634721,1.3240789
2021-05-14,1.9810937337705976,1,0.9493854,1.1655488
2021-05-18,0.30862370798318756,3,0.93239695,1.5365175
2021-05-20,0.5891745539963145,5,0.9270563,1.1938164
2021-05-27,-0.11749987752335324,10,0.8884143,0.82023716
2021-06-11,0.7764996373914881,21,0.86203784,1.324121
2021-05-17,0.10928246229997599,1,0.9404323,1.150046
2021-05-19,-1.2402512358904607,3,0.9467769,0.99411225
2021-05-21,0.869698797587253,5,0.93146986,1.6374362
2021-05-28,0.41823565774785737,10,0.88681614,1.0522515
2021-06-14,0.8233259571169944,21,0.8666223,1.480664
2021-05-18,0.30862370798318756,1,0.93239695,1.451488
2021-05-20,0.5891745539963145,3,0.9270563,1.792036
2021-05-24,0.016295934200497884,5,0.930184,0.99743927
2021-05-31,-0.8240175071533464,10,0.8958638,0.91420555
2021-06-15,-0.5445188963826963,21,0.8435591,1.0402262
2021-05-19,-1.2402512358904607,1,0.9467769,1.0278928
2021-05-21,0.869698797587253,3,0.93146986,1.2567365
2021-05-25,0.0347557866452333,5,0.9148349,1.108304
2021-06-01,0.4449638174945871,10,0.8876913,0.9439833
2021-06-16,-0.3092299389732041,21,0.807617,1.1075479
2021-05-20,0.5891745539963145,1,0.9270563,1.7202697
2021-05-24,0.016295934200497884,3,0.930184,1.2540016
2021-05-26,-0.12822186309258765,5,0.889405,1.5129513
2021-06-02,-0.09798372076884945,10,0.85942507,1.2018142
2021-06-17,-0.0684853354013619,21,0.8064647,1.195431
2021-05-21,0.869698797587253,1,0.93146986,1.3904413
2021-05-25,0.0347557866452333,3,0.9148349,1.6395625
2021-05-27,-0.11749987752335324,5,0.8884143,1.0186384
2021-06-03,-0.41805213943027864,10,0.8600703,0.87373585
2021-06-18,-1.813892214440362,21,0.8428035,1.4046127
2021-05-24,0.016295934200497884,1,0.930184,1.2497207
2021-05-26,-0.12822186309258765,3,0.889405,1.4149685
2021-05-28,0.41823565774785737,5,0.88681614,1.0424871
2021-06-04,-0.5935061056977768,10,0.8645017,1.1277331
2021-06-21,0.23337749707473188,21,0.84018254,1.0053355
2021-05-25,0.0347557866452333,1,0.9148349,1.351931
2021-05-27,-0.11749987752335324,3,0.8884143,1.3420186
2021-05-31,-0.8240175071533464,5,0.8958638,1.2653177
2021-06-07,0.8251242579716852,10,0.86495537,1.2694387
2021-06-22,0.01767467555001063,21,0.83140904,1.3608338
2021-05-26,-0.12822186309258765,1,0.889405,1.1196595
2021-05-28,0.41823565774785737,3,0.88681614,0.844008
2021-06-01,0.4449638174945871,5,0.8876913,1.0373392
2021-06-08,-0.10918700449286847,10,0.862974,0.9956859
2021-06-23,-1.1017804181085888,21,0.84564227,1.0735
2021-05-27,-0.11749987752335324,1,0.8884143,1.0380241
2021-05-31,-0.8240175071533464,3,0.8958638,1.4352502
2021-06-02,-0.09798372076884945,5,0.85942507,0.7943938
2021-06-09,0.027307929846311085,10,0.86262095,0.9853528
2021-06-24,1.331267372977705,21,0.8485811,1.0578413
2021-05-28,0.41823565774785737,1,0.88681614,0.82697093
2021-06-01,0.4449638174945871,3,0.8876913,1.0527858
2021-06-03,-0.41805213943027864,5,0.8600703,0.80820894
2021-06-10,-0.24385055194642274,10,0.8634721,1.0300413
2021-06-25,0.23006102909121973,21,0.8480343,0.78740984
2021-05-31,-0.8240175071533464,1,0.8958638,1.1484063
2021-06-02,-0.09798372076884945,3,0.85942507,0.949895
2021-06-04,-0.5935061056977768,5,0.8645017,0.9864013
2021-06-11,0.7764996373914881,10,0.86203784,0.67204577
2021-06-28,-2.0135392936898437,21,0.89066935,0.8372735
2021-06-01,0.4449638174945871,1,0.8876913,1.2208581
2021-06-03,-0.41805213943027864,3,0.8600703,1.044539
2021-06-07,0.8251242579716852,5,0.86495537,1.0421897
2021-06-14,0.8233259571169944,10,0.8666223,1.0717392
2021-06-29,0.015704926892179352,21,0.88721305,1.1237297
2021-06-02,-0.09798372076884945,1,0.85942507,0.9704442
2021-06-04,-0.5935061056977768,3,0.8645017,1.0100763
2021-06-08,-0.10918700449286847,5,0.862974,1.0199668
2021-06-15,-0.5445188963826963,10,0.8435591,0.7668402
2021-06-30,-1.0588553116203712,21,0.8966671,0.9099751
2021-06-03,-0.41805213943027864,1,0.8600703,0.93444175
2021-06-07,0.8251242579716852,3,0.86495537,1.3804221
2021-06-09,0.027307929846311085,5,0.86262095,0.8755221
2021-06-16,-0.3092299389732041,10,0.807617,0.8913226
2021-07-01,1.2516005330524567,21,0.9085858,1.1367002
2021-06-04,-0.5935061056977768,1,0.8645017,1.0769656
2021-06-08,-0.10918700449286847,3,0.862974,1.1764137
2021-06-10,-0.24385055194642274,5,0.8634721,1.0671699
2021-06-17,-0.0684853354013619,10,0.8064647,0.7206504
2021-07-02,-0.27690755870653244,21,0.9021103,0.99763405
2021-06-07,0.8251242579716852,1,0.86495537,1.0149748
2021-06-09,0.027307929846311085,3,0.86262095,1.2379552
2021-06-11,0.7764996373914881,5,0.86203784,0.8497928
2021-06-18,-1.813892214440362,10,0.8428035,1.0495663
2021-07-05,0.43463718024768844,21,0.90135354,0.83834016
2021-06-08,-0.10918700449286847,1,0.862974,0.88557494
2021-06-10,-0.24385055194642274,3,0.8634721,0.92312896
2021-06-14,0.8233259571169944,5,0.8666223,0.9262857
2021-06-21,0.23337749707473188,10,0.84018254,0.7421765
2021-07-06,-0.9614162737335938,21,0.91109556,0.95763254
2021-06-09,0.027307929846311085,1,0.86262095,1.1409411
2021-06-11,0.7764996373914881,3,0.86203784,0.98323584
2021-06-15,-0.5445188963826963,5,0.8435591,0.8962618
2021-06-22,0.01767467555001063,10,0.83140904,0.8449288
2021-07-07,-0.07112496277888956,21,0.90691173,1.1007769
2021-06-10,-0.24385055194642274,1,0.8634721,0.96868837
2021-06-14,0.8233259571169944,3,0.8666223,1.134154
2021-06-16,-0.3092299389732041,5,0.807617,0.8136569
2021-06-23,-1.1017804181085888,10,0.84564227,1.0314142
2021-07-08,-2.3354922796111435,21,0.95743614,1.2140962
2021-06-11,0.7764996373914881,1,0.86203784,0.85003173
2021-06-15,-0.5445188963826963,3,0.8435591,0.9294693
2021-06-17,-0.0684853354013619,5,0.8064647,0.78193724
2021-06-24,1.331267372977705,10,0.8485811,0.64907783
2021-07-09,1.4518207342439238,21,0.9734576,1.088831
2021-06-14,0.8233259571169944,1,0.8666223,1.025541
2021-06-16,-0.3092299389732041,3,0.807617,1.0885389
2021-06-18,-1.813892214440362,5,0.8428035,0.9108577
2021-06-25,0.23006102909121973,10,0.8480343,0.6748406
2021-07-12,0.455856143434402,21,0.96440595,1.0864258
2021-06-15,-0.5445188963826963,1,0.8435591,1.0744833
2021-06-17,-0.0684853354013619,3,0.8064647,0.7019109
2021-06-21,0.23337749707473188,5,0.84018254,0.9460347
2021-06-28,-2.0135392936898437,10,0.89066935,0.72938895
2021-07-13,-1.3922504530815254,21,0.90286535,0.85895216
2021-06-16,-0.3092299389732041,1,0.807617,0.9486909
2021-06-18,-1.813892214440362,3,0.8428035,1.4458988
2021-06-22,0.01767467555001063,5,0.83140904,0.9620587
2021-06-29,0.015704926892179352,10,0.88721305,0.67801654
2021-07-14,-0.4206747362432999,21,0.90054405,0.9303674
2021-06-17,-0.0684853354013619,1,0.8064647,0.9000237
2021-06-21,0.23337749707473188,3,0.84018254,1.0231583
2021-06-23,-1.1017804181085888,5,0.84564227,0.94292104
2021-06-30,-1.0588553116203712,10,0.8966671,0.71710235
2021-07-15,-1.5280798694227669,21,0.8986182,0.95315397
2021-06-18,-1.813892214440362,1,0.8428035,1.3071764
2021-06-22,0.01767467555001063,3,0.83140904,0.89492035
2021-06-24,1.331267372977705,5,0.8485811,0.90591556
2021-07-01,1.2516005330524567,10,0.9085858,1.0998445
2021-07-16,-0.24422903904085996,21,0.8974234,0.84296834
2021-06-21,0.23337749707473188,1,0.84018254,1.1519932
2021-06-23,-1.1017804181085888,3,0.84564227,1.361391
2021-06-25,0.23006102909121973,5,0.8480343,1.2037199
2021-07-02,-0.27690755870653244,10,0.9021103,0.9877324
2021-07-19,-2.433499626244756,21,0.94036376,1.237905
2021-06-22,0.01767467555001063,1,0.83140904,1.0198777
2021-06-24,1.331267372977705,3,0.8485811,1.0720215
2021-06-28,-2.0135392936898437,5,0.89066935,0.93457496
2021-07-05,0.43463718024768844,10,0.90135354,0.67117155
2021-07-20,0.6758850918667316,21,0.9409965,0.9507286
2021-06-23,-1.1017804181085888,1,0.84564227,1.0932877
2021-06-25,0.23006102909121973,3,0.8480343,0.9969374
2021-06-29,0.015704926892179352,5,0.88721305,0.95655537
2021-07-06,-0.9614162737335938,10,0.91109556,1.2143261
2021-07-21,2.4698448956183268,21,0.99444735,1.0099003
2021-06-24,1.331267372977705,1,0.8485811,0.9799335
2021-06-28,-2.0135392936898437,3,0.89066935,1.1027392
2021-06-30,-1.0588553116203712,5,0.8966671,0.96854424
2021-07-07,-0.07112496277888956,10,0.90691173,0.99560523
2021-07-22,0.6376266599857511,21,0.9975578,1.0735787
2021-06-25,0.23006102909121973,1,0.8480343,0.94282126
2021-06-29,0.015704926892179352,3,0.88721305,1.1042717
2021-07-01,1.2516005330524567,5,0.9085858,1.0554398
2021-07-08,-2.3354922796111435,10,0.95743614,0.8082804
2021-07-23,1.1004205857754632,21,1.0082926,0.75154734
2021-06-28,-2.0135392936898437,1,0.89066935,0.9179048
2021-06-30,-1.0588553116203712,3,0.8966671,1.0687416
2021-07-02,-0.27690755870653244,5,0.9021103,1.0380203
2021-07-09,1.4518207342439238,10,0.9734576,1.0744822
2021-07-26,0.6631475675468268,21,1.0052664,1.0090884
2021-06-29,0.015704926892179352,1,0.88721305,1.5283871
2021-07-01,1.2516005330524567,3,0.9085858,1.6320163
2021-07-05,0.43463718024768844,5,0.90135354,0.9289476
2021-07-12,0.455856143434402,10,0.96440595,0.9838662
2021-07-27,-0.8698493705468177,21,1.0072799,0.7775267
2021-06-30,-1.0588553116203712,1,0.8966671,1.3330948
2021-07-02,-0.27690755870653244,3,0.9021103,1.3112191
2021-07-06,-0.9614162737335938,5,0.91109556,1.202007
2021-07-13,-1.3922504530815254,10,0.90286535,0.9841584
2021-07-28,0.3958038540912607,21,0.98768336,1.5032929
2021-07-01,1.2516005330524567,1,0.9085858,1.3771428
2021-07-05,0.43463718024768844,3,0.90135354,1.1828036
2021-07-07,-0.07112496277888956,5,0.90691173,1.3675698
2021-07-14,-0.4206747362432999,10,0.90054405,1.1124406
2021-07-29,0.6004584251270236,21,0.9908562,1.0664062
2021-07-02,-0.27690755870653244,1,0.9021103,1.18409
2021-07-06,-0.9614162737335938,3,0.91109556,1.6961522
2021-07-08,-2.3354922796111435,5,0.95743614,0.8922026
2021-07-15,-1.5280798694227669,10,0.8986182,0.8837917
2021-07-30,-1.2667675981523212,21,0.9963599,1.2078837
2021-07-05,0.43463718024768844,1,0.90135354,1.178595
2021-07-07,-0.07112496277888956,3,0.90691173,1.1307298
2021-07-09,1.4518207342439238,5,0.9734576,1.3455902
2021-07-16,-0.24422903904085996,10,0.8974234,0.91481376
2021-08-02,0.9521477888996831,21,0.9966562,1.0464995
2021-07-06,-0.9614162737335938,1,0.91109556,1.4461527
2021-07-08,-2.3354922796111435,3,0.95743614,1.1162038
2021-07-12,0.455856143434402,5,0.96440595,1.2110038
2021-07-19,-2.433499626244756,10,0.94036376,0.710556
2021-08-03,0.1608533558471375,21,0.97286123,0.9607836
2021-07-07,-0.07112496277888956,1,0.90691173,1.1048023
2021-07-09,1.4518207342439238,3,0.9734576,1.3701142
2021-07-13,-1.3922504530815254,5,0.90286535,0.890111
2021-07-20,0.6758850918667316,10,0.9409965,1.0762548
2021-08-04,0.22885519817328775,21,0.972866,1.0084546
2021-07-08,-2.3354922796111435,1,0.95743614,1.1094472
2021-07-12,0.455856143434402,3,0.96440595,0.826301
2021-07-14,-0.4206747362432999,5,0.90054405,1.0884922
2021-07-21,2.4698448956183268,10,0.99444735,0.69243175
2021-08-05,0.49462929983349996,21,0.97367674,0.8519437
2021-07-09,1.4518207342439238,1,0.9734576,1.3694549
2021-07-13,-1.3922504530815254,3,0.90286535,1.5380051
2021-07-15,-1.5280798694227669,5,0.8986182,1.0807966
2021-07-22,0.6376266599857511,10,0.9975578,1.1120888
2021-08-06,0.4798067402475111,21,0.93997604,1.3325434
2021-07-12,0.455856143434402,1,0.96440595,1.31065
2021-07-14,-0.4206747362432999,3,0.90054405,1.3790447
2021-07-16,-0.24422903904085996,5,0.8974234,1.0173813
2021-07-23,1.1004205857754632,10,1.0082926,0.58211267
2021-08-09,-0.14764808344740318,21,0.93982655,1.09218
2021-07-13,-1.3922504530815254,1,0.90286535,1.1669712
2021-07-15,-1.5280798694227669,3,0.8986182,1.4541516
2021-07-19,-2.433499626244756,5,0.94036376,0.9670892
2021-07-26,0.6631475675468268,10,1.0052664,1.0315485
2021-08-10,0.372645365900944,21,0.940281,1.2151932
2021-07-14,-0.4206747362432999,1,0.90054405,1.6205508
2021-07-16,-0.24422903904085996,3,0.8974234,1.5606003
2021-07-20,0.6758850918667316,5,0.9409965,1.8280108
2021-07-27,-0.8698493705468177,10,1.0072799,1.1559097
2021-08-11,0.8593156017447022,21,0.9343796,1.3897004
2021-07-15,-1.5280798694227669,1,0.8986182,1.3997041
2021-07-19,-2.433499626244756,3,0.94036376,1.4003471
2021-07-21,2.4698448956183268,5,0.99444735,1.3666574
2021-07-28,0.3958038540912607,10,0.98768336,1.3996695
2021-08-12,0.040099804493846126,21,0.9310196,1.1213491
2021-07-16,-0.24422903904085996,1,0.8974234,1.6774731
2021-07-20,0.6758850918667316,3,0.9409965,2.264015
2021-07-22,0.6376266599857511,5,0.9975578,1.5998048
2021-07-29,0.6004584251270236,10,0.9908562,1.4825273
2021-08-13,0.2269289929969084,21,0.92420363,1.4317279
2021-07-19,-2.433499626244756,1,0.94036376,1.6388657
2021-07-21,2.4698448956183268,3,0.99444735,1.9110473
2021-07-23,1.1004205857754632,5,1.0082926,1.2900708
2021-07-30,-1.2667675981523212,10,0.9963599,1.1537801
2021-08-16,-0.8166771559946063,21,0.92962384,1.3158473
2021-07-20,0.6758850918667316,1,0.9409965,2.3806405
2021-07-22,0.6376266599857511,3,0.9975578,2.3537216
2021-07-26,0.6631475675468268,5,1.0052664,1.6857686
2021-08-02,0.9521477888996831,10,0.9966562,1.9515802
2021-08-17,-0.6845684687371822,21,0.9331272,1.6689118
2021-07-21,2.4698448956183268,1,0.99444735,1.9013966
2021-07-23,1.1004205857754632,3,1.0082926,1.8524752
2021-07-27,-0.8698493705468177,5,1.0072799,1.6324472
2021-08-03,0.1608533558471375,10,0.97286123,1.5883964
2021-08-18,1.171807374641431,21,0.9465896,1.7979871
2021-07-22,0.6376266599857511,1,0.9975578,1.6661652
2021-07-26,0.6631475675468268,3,1.0052664,2.1312506
2021-07-28,0.3958038540912607,5,0.98768336,1.6787364
2021-08-04,0.22885519817328775,10,0.972866,1.3582734
2021-08-19,-0.7609535163510311,21,0.95109826,1.4914066
2021-07-23,1.1004205857754632,1,1.0082926,1.4333205
2021-07-27,-0.8698493705468177,3,1.0072799,1.714047
2021-07-29,0.6004584251270236,5,0.9908562,1.9368368
2021-08-05,0.49462929983349996,10,0.97367674,1.5845268
2021-08-20,0.14704646959979767,21,0.9494672,1.5573528
2021-07-26,0.6631475675468268,1,1.0052664,1.586296
2021-07-28,0.3958038540912607,3,0.98768336,1.6276346
2021-07-30,-1.2667675981523212,5,0.9963599,1.2984872
2021-08-06,0.4798067402475111,10,0.93997604,1.2351981
2021-08-23,0.5904934567277069,21,0.9476547,1.3702393
2021-07-27,-0.8698493705468177,1,1.0072799,1.5451024
2021-07-29,0.6004584251270236,3,0.9908562,1.8368804
2021-08-02,0.9521477888996831,5,0.9966562,1.6798382
2021-08-09,-0.14764808344740318,10,0.93982655,1.5156766
2021-08-24,-0.21767409957834152,21,0.94584644,1.6194818
2021-07-28,0.3958038540912607,1,0.98768336,1.7575132
2021-07-30,-1.2667675981523212,3,0.9963599,1.44202
2021-08-03,0.1608533558471375,5,0.97286123,1.5223299
2021-08-10,0.372645365900944,10,0.940281,1.4193527
2021-08-25,0.32132126273970996,21,0.9469915,1.3891151
2021-07-29,0.6004584251270236,1,0.9908562,1.4876462
2021-08-02,0.9521477888996831,3,0.9966562,1.93434
2021-08-04,0.22885519817328775,5,0.972866,1.2858472
2021-08-11,0.8593156017447022,10,0.9343796,1.1693126
2021-08-26,-0.9479592646910281,21,0.953054,1.4489731
2021-07-30,-1.2667675981523212,1,0.9963599,1.2320939
2021-08-03,0.1608533558471375,3,0.97286123,1.4484683
2021-08-05,0.49462929983349996,5,0.97367674,1.3811326
2021-08-12,0.040099804493846126,10,0.9310196,1.1355985
2021-08-27,0.3311837502725689,21,0.95152813,1.1665144
2021-08-02,0.9521477888996831,1,0.9966562,1.9223437
2021-08-04,0.22885519817328775,3,0.972866,1.8670449
2021-08-06,0.4798067402475111,5,0.93997604,1.6228418
2021-08-13,0.2269289929969084,10,0.92420363,1.5183266
2021-08-30,-0.6104537762659807,21,0.94768363,1.4003462
2021-08-03,0.1608533558471375,1,0.97286123,1.4700526
2021-08-05,0.49462929983349996,3,0.97367674,1.6551089
2021-08-09,-0.14764808344740318,5,0.93982655,1.7036362
2021-08-16,-0.8166771559946063,10,0.92962384,1.146773
2021-08-31,-0.24048107781791728,21,0.94796324,1.4719548
2021-08-04,0.22885519817328775,1,0.972866,1.4018755
2021-08-06,0.4798067402475111,3,0.93997604,1.5302414
2021-08-10,0.372645365900944,5,0.940281,1.3493071
2021-08-17,-0.6845684687371822,10,0.9331272,1.5731481
2021-09-01,1.6246482210583284,21,0.9724795,1.5287635
2021-08-05,0.49462929983349996,1,0.97367674,1.3924176
2021-08-09,-0.14764808344740318,3,0.93982655,1.4968312
2021-08-11,0.8593156017447022,5,0.9343796,1.3112134
2021-08-18,1.171807374641431,10,0.9465896,1.0797964
2021-09-02,-0.1123914456006583,21,0.9721381,0.9893441
2021-08-06,0.4798067402475111,1,0.93997604,1.2597692
2021-08-10,0.372645365900944,3,0.940281,1.3716024
2021-08-12,0.040099804493846126,5,0.9310196,1.1169728
2021-08-19,-0.7609535163510311,10,0.95109826,0.98452955
2021-09-03,-1.3157642162180019,21,0.9802808,1.2783039
2021-08-09,-0.14764808344740318,1,0.93982655,1.6907454
2021-08-11,0.8593156017447022,3,0.9343796,1.415786
2021-08-13,0.2269289929969084,5,0.92420363,1.4507833
2021-08-20,0.14704646959979767,10,0.9494672,0.9004151
2021-09-06,0.20624024711169497,21,0.97404236,1.2129524
2021-08-10,0.372645365900944,1,0.940281,1.2280602
2021-08-12,0.040099804493846126,3,0.9310196,1.3894322
2021-08-16,-0.8166771559946063,5,0.92962384,1.185439
2021-08-23,0.5904934567277069,10,0.9476547,1.2428331
2021-09-07,0.13725757071423264,21,0.97242624,1.13303
2021-08-11,0.8593156017447022,1,0.9343796,1.171478
2021-08-13,0.2269289929969084,3,0.92420363,1.5665042
2021-08-17,-0.6845684687371822,5,0.9331272,1.4177656
2021-08-24,-0.21767409957834152,10,0.94584644,0.8595533
2021-09-08,-0.62933011713737,21,0.974682,1.1243424
2021-08-12,0.040099804493846126,1,0.9310196,1.1406789
2021-08-16,-0.8166771559946063,3,0.92962384,1.1683481
2021-08-18,1.171807374641431,5,0.9465896,1.1385415
2021-08-25,0.32132126273970996,10,0.9469915,1.0435365
2021-09-09,-0.4319906033745551,21,0.97581935,1.1564133
2021-08-13,0.2269289929969084,1,0.92420363,1.3462505
2021-08-17,-0.6845684687371822,3,0.9331272,1.4279269
2021-08-19,-0.7609535163510311,5,0.95109826,0.9705464
2021-08-26,-0.9479592646910281,10,0.953054,0.99653196
2021-09-10,-1.203725117932833,21,0.9604297,0.86147076
2021-08-16,-0.8166771559946063,1,0.92962384,1.1505017
2021-08-18,1.171807374641431,3,0.9465896,1.1280327
2021-08-20,0.14704646959979767,5,0.9494672,1.0494716
2021-08-27,0.3311837502725689,10,0.95152813,1.0159158
2021-09-13,1.37969455601916,21,0.9776733,1.1152159
2021-08-17,-0.6845684687371822,1,0.9331272,1.3548956
2021-08-19,-0.7609535163510311,3,0.95109826,1.5187715
2021-08-23,0.5904934567277069,5,0.9476547,1.1728357
2021-08-30,-0.6104537762659807,10,0.94768363,0.97279835
2021-09-14,-0.4103187711906142,21,0.9787767,1.374624
2021-08-18,1.171807374641431,1,0.9465896,1.3771269
2021-08-20,0.14704646959979767,3,0.9494672,1.1776652
2021-08-24,-0.21767409957834152,5,0.94584644,1.0950129
2021-08-31,-0.24048107781791728,10,0.94796324,1.0033648
2021-09-15,-1.6606374017617318,21,0.991521,1.1628983
2021-08-19,-0.7609535163510311,1,0.95109826,1.3082153
2021-08-23,0.5904934567277069,3,0.9476547,1.6317983
2021-08-25,0.32132126273970996,5,0.9469915,1.1269032
2021-09-01,1.6246482210583284,10,0.9724795,0.9043554
2021-09-16,1.1319072321023755,21,0.9871025,1.177774
2021-08-20,0.14704646959979767,1,0.9494672,1.074315
2021-08-24,-0.21767409957834152,3,0.94584644,1.4309499
2021-08-26,-0.9479592646910281,5,0.953054,1.3216344
2021-09-02,-0.1123914456006583,10,0.9721381,0.61959755
2021-09-17,0.3109533446531432,21,0.9875657,1.2214543
2021-08-23,0.5904934567277069,1,0.9476547,1.5288467
2021-08-25,0.32132126273970996,3,0.9469915,1.6565936
2021-08-27,0.3311837502725689,5,0.95152813,1.141748
2021-09-03,-1.3157642162180019,10,0.9802808,1.0515631
2021-09-20,-1.2115235776639008,21,0.9658987,0.87935215
2021-08-24,-0.21767409957834152,1,0.94584644,1.1725483
2021-08-26,-0.9479592646910281,3,0.953054,1.2198822
2021-08-30,-0.6104537762659807,5,0.94768363,0.89611024
2021-09-06,0.20624024711169497,10,0.97404236,1.0371141
2021-09-21,1.155577604029223,21,0.9783231,1.1451684
2021-08-25,0.32132126273970996,1,0.9469915,1.228663
2021-08-27,0.3311837502725689,3,0.95152813,1.1065476
2021-08-31,-0.24048107781791728,5,0.94796324,1.1592829
2021-09-07,0.13725757071423264,10,0.97242624,0.86613405
2021-09-22,0.5966631989283552,21,0.9721405,0.75852054
2021-08-26,-0.9479592646910281,1,0.953054,1.0670223
2021-08-30,-0.6104537762659807,3,0.94768363,1.2139118
2021-09-01,1.6246482210583284,5,0.9724795,0.8769101
2021-09-08,-0.62933011713737,10,0.974682,0.88743925
2021-09-23,0.7746585305803848,21,0.96362543,1.2068723
2021-08-27,0.3311837502725689,1,0.95152813,1.0126048
2021-08-31,-0.24048107781791728,3,0.94796324,1.1223515
2021-09-02,-0.1123914456006583,5,0.9721381,0.8221158
2021-09-09,-0.4319906033745551,10,0.97581935,0.9232764
2021-09-24,-0.04281690206256978,21,0.96300167,0.8706993
2021-08-30,-0.6104537762659807,1,0.94768363,0.92944765
2021-09-01,1.6246482210583284,3,0.9724795,1.2051675
2021-09-03,-1.3157642162180019,5,0.9802808,0.6917648
2021-09-10,-1.203725117932833,10,0.9604297,0.6822078
2021-09-27,1.452251972093243,21,0.97971797,1.1111178
2021-08-31,-0.24048107781791728,1,0.94796324,1.1790653
2021-09-02,-0.1123914456006583,3,0.9721381,0.84287745
2021-09-06,0.20624024711169497,5,0.97404236,1.2215854
2021-09-13,1.37969455601916,10,0.9776733,0.94008183
2021-09-28,-2.6278358663646495,21,1.030064,0.89096063
2021-09-01,1.6246482210583284,1,0.9724795,0.9470227
2021-09-03,-1.3157642162180019,3,0.9802808,1.5239314
2021-09-07,0.13725757071423264,5,0.97242624,0.8099886
2021-09-14,-0.4103187711906142,10,0.9787767,0.8961713
2021-09-29,1.2465598161356204,21,1.0428638,0.99270403
2021-09-02,-0.1123914456006583,1,0.9721381,0.84533596
2021-09-06,0.20624024711169497,3,0.97404236,1.0407913
2021-09-08,-0.62933011713737,5,0.974682,0.96999675
2021-09-15,-1.6606374017617318,10,0.991521,0.9483229
2021-09-30,-0.9402808630810431,21,1.0046539,0.8139306
2021-09-03,-1.3157642162180019,1,0.9802808,1.214828
2021-09-07,0.13725757071423264,3,0.97242624,0.8978552
2021-09-09,-0.4319906033745551,5,0.97581935,1.0528204
2021-09-16,1.1319072321023755,10,0.9871025,0.8262688
2021-10-01,0.036372316521878056,21,0.9871175,1.0928488
2021-09-06,0.20624024711169497,1,0.97404236,1.2130191
2021-09-08,-0.62933011713737,3,0.974682,1.5458661
2021-09-10,-1.203725117932833,5,0.9604297,0.9665077
2021-09-17,0.3109533446531432,10,0.9875657,1.1370801
2021-10-04,-0.08868070980008473,21,0.9853977,1.5356731
2021-09-07,0.13725757071423264,1,0.97242624,1.2044499
2021-09-09,-0.4319906033745551,3,0.97581935,1.4959254
2021-09-13,1.37969455601916,5,0.9776733,1.1080189
2021-09-20,-1.2115235776639008,10,0.9658987,0.9603431
2021-10-05,1.5317104489441957,21,0.98791397,1.4687481
2021-09-08,-0.62933011713737,1,0.974682,1.0922685
2021-09-10,-1.203725117932833,3,0.9604297,1.4416137
2021-09-14,-0.4103187711906142,5,0.9787767,1.2648578
2021-09-21,1.155577604029223,10,0.9783231,1.1447914
2021-10-06,-1.721842972764005,21,1.0122682,1.2585902
2021-09-09,-0.4319906033745551,1,0.97581935,1.3462378
2021-09-13,1.37969455601916,3,0.9776733,1.2079461
2021-09-15,-1.6606374017617318,5,0.991521,1.2517188
2021-09-22,0.5966631989283552,10,0.9721405,0.6872946
2021-10-07,2.1175908816954716,21,1.0269378,1.1727455
2021-09-10,-1.203725117932833,1,0.9604297,0.96066105
2021-09-14,-0.4103187711906142,3,0.9787767,1.4045465
2021-09-16,1.1319072321023755,5,0.9871025,1.1110686
2021-09-23,0.7746585305803848,10,0.96362543,1.0366869
2021-10-08,-0.08706426562090608,21,1.0262891,1.0028119
2021-09-13,1.37969455601916,1,0.9776733,1.1328495
2021-09-15,-1.6606374017617318,3,0.991521,1.1622676
2021-09-17,0.3109533446531432,5,0.9875657,1.0704684
2021-09-24,-0.04281690206256978,10,0.96300167,1.2029798
2021-10-11,-0.6273124637949974,21,0.97642165,1.3406913
2021-09-14,-0.4103187711906142,1,0.9787767,1.116163
2021-09-16,1.1319072321023755,3,0.9871025,1.2445428
2021-09-20,-1.2115235776639008,5,0.9658987,0.92974305
2021-09-27,1.452251972093243,10,0.97971797,1.0251272
2021-10-12,0.41379601402116856,21,0.9744578,1.1804361
2021-09-15,-1.6606374017617318,1,0.991521,1.1319914
2021-09-17,0.3109533446531432,3,0.9875657,1.2265468
2021-09-21,1.155577604029223,5,0.9783231,1.0590184
2021-09-28,-2.6278358663646495,10,1.030064,1.2542677
2021-10-13,-0.6117668779862937,21,0.92815775,1.7167909
2021-09-16,1.1319072321023755,1,0.9871025,1.3498278
2021-09-20,-1.2115235776639008,3,0.9658987,1.6302725
2021-09-22,0.5966631989283552,5,0.9721405,1.1598582
2021-09-29,1.2465598161356204,10,1.0428638,1.1411957
2021-10-14,0.4897125430628922,21,0.92679316,1.2662597
2021-09-17,0.3109533446531432,1,0.9875657,1.2041467
2021-09-21,1.155577604029223,3,0.9783231,1.4835862
2021-09-23,0.7746585305803848,5,0.96362543,1.3150336
2021-09-30,-0.9402808630810431,10,1.0046539,0.9806008
2021-10-15,0.8034860769278882,21,0.9219103,1.5193031
2021-09-20,-1.2115235776639008,1,0.9658987,1.2080288
2021-09-22,0.5966631989283552,3,0.9721405,1.4880278
2021-09-24,-0.04281690206256978,5,0.96300167,1.5954084
2021-10-01,0.036372316521878056,10,0.9871175,1.5829242
2021-10-18,-0.6803126668082189,21,0.9231454,1.4441342
2021-09-21,1.155577604029223,1,0.9783231,1.4954848
2021-09-23,0.7746585305803848,3,0.96362543,1.5594678
2021-09-27,1.452251972093243,5,0.97971797,1.5552824
2021-10-04,-0.08868070980008473,10,0.9853977,1.5890609
2021-10-19,0.6725319928867728,21,0.9191218,1.2753422
2021-09-22,0.5966631989283552,1,0.9721405,0.9597701
2021-09-24,-0.04281690206256978,3,0.96300167,1.3224214
2021-09-28,-2.6278358663646495,5,1.030064,1.3220824
2021-10-05,1.5317104489441957,10,0.98791397,1.3782285
2021-10-20,0.23981093083977378,21,0.9183645,1.3143482
2021-09-23,0.7746585305803848,1,0.96362543,1.3485119
2021-09-27,1.452251972093243,3,0.97971797,1.2910961
2021-09-29,1.2465598161356204,5,1.0428638,0.99790174
2021-10-06,-1.721842972764005,10,1.0122682,1.4172437
2021-10-21,-0.819503311458749,21,0.9223148,1.4255807
2021-09-24,-0.04281690206256978,1,0.96300167,1.2423375
2021-09-28,-2.6278358663646495,3,1.030064,1.1822224
2021-09-30,-0.9402808630810431,5,1.0046539,1.1324043
2021-10-07,2.1175908816954716,10,1.0269378,1.2776829
2021-10-22,-0.4246338457217148,21,0.9085561,1.5890535
2021-09-27,1.452251972093243,1,0.97971797,1.2459083
2021-09-29,1.2465598161356204,3,1.0428638,1.0905038
2021-10-01,0.036372316521878056,5,0.9871175,1.2472165
2021-10-08,-0.08706426562090608,10,1.0262891,1.1320891
2021-10-25,0.1626718930798138,21,0.90086144,1.3101315
2021-09-28,-2.6278358663646495,1,1.030064,0.9860942
2021-09-30,-0.9402808630810431,3,1.0046539,1.3230222
2021-10-04,-0.08868070980008473,5,0.9853977,1.2839618
2021-10-11,-0.6273124637949974,10,0.97642165,1.1940248
2021-10-26,0.9005500950242112,21,0.9077097,1.4908246
2021-09-29,1.2465598161356204,1,1.0428638,1.2318745
2021-10-01,0.036372316521878056,3,0.9871175,1.4427569
2021-10-05,1.5317104489441957,5,0.98791397,1.5912501
2021-10-12,0.41379601402116856,10,0.9744578,1.4086983
2021-10-27,-0.32602858537773144,21,0.9086094,1.0666243
2021-09-30,-0.9402808630810431,1,1.0046539,1.2412832
2021-10-04,-0.08868070980008473,3,0.9853977,2.047081
2021-10-06,-1.721842972764005,5,1.0122682,1.4533544
2021-10-13,-0.6117668779862937,10,0.92815775,1.2727497
2021-10-28,0.5945089490072548,21,0.90955925,1.5470798
2021-10-01,0.036372316521878056,1,0.9871175,1.4975587
2021-10-05,1.5317104489441957,3,0.98791397,1.8236288
2021-10-07,2.1175908816954716,5,1.0269378,1.4704442
2021-10-14,0.4897125430628922,10,0.92679316,1.6316197
2021-10-29,0.352808174183411,21,0.9086547,1.5744362
2021-10-04,-0.08868070980008473,1,0.9853977,1.8162179
2021-10-06,-1.721842972764005,3,1.0122682,2.1547368
2021-10-08,-0.08706426562090608,5,1.0262891,1.3562937
2021-10-15,0.8034860769278882,10,0.9219103,1.6985598
2021-11-01,1.3695164241281441,21,0.924508,1.4500833
2021-10-05,1.5317104489441957,1,0.98791397,1.5474584
2021-10-07,2.1175908816954716,3,1.0269378,1.4978172
2021-10-11,-0.6273124637949974,5,0.97642165,1.393872
2021-10-18,-0.6803126668082189,10,0.9231454,1.5656034
2021-11-02,-0.8409797873713719,21,0.9307734,1.6619903
2021-10-06,-1.721842972764005,1,1.0122682,1.4467355
2021-10-08,-0.08706426562090608,3,1.0262891,1.472258
2021-10-12,0.41379601402116856,5,0.9744578,1.5380445
2021-10-19,0.6725319928867728,10,0.9191218,1.1783005
2021-11-03,-0.8259633977417145,21,0.93100506,1.2811695
2021-10-07,2.1175908816954716,1,1.0269378,1.2827275
2021-10-11,-0.6273124637949974,3,0.97642165,1.5197786
2021-10-13,-0.6117668779862937,5,0.92815775,1.525903
2021-10-20,0.23981093083977378,10,0.9183645,1.27884
2021-11-04,0.0951843438291145,21,0.9310622,1.6549841
2021-10-08,-0.08706426562090608,1,1.0262891,1.5417581
2021-10-12,0.41379601402116856,3,0.9744578,1.7373109
2021-10-14,0.4897125430628922,5,0.92679316,1.5486466
2021-10-21,-0.819503311458749,10,0.9223148,1.233357
2021-11-05,1.0038609342725677,21,0.93947935,1.2449279
2021-10-11,-0.6273124637949974,1,0.97642165,1.3256971
2021-10-13,-0.6117668779862937,3,0.92815775,1.8799448
2021-10-15,0.8034860769278882,5,0.9219103,1.5798771
2021-10-22,-0.4246338457217148,10,0.9085561,1.3097856
2021-11-08,-0.6570946758703258,21,0.9372822,1.7859428
2021-10-12,0.41379601402116856,1,0.9744578,1.9373646
2021-10-14,0.4897125430628922,3,0.92679316,1.8173077
2021-10-18,-0.6803126668082189,5,0.9231454,1.7528117
2021-10-25,0.1626718930798138,10,0.90086144,1.3877871
2021-11-09,0.04518977024609469,21,0.93261915,1.1184547
2021-10-13,-0.6117668779862937,1,0.92815775,1.654963
2021-10-15,0.8034860769278882,3,0.9219103,1.9583354
2021-10-19,0.6725319928867728,5,0.9191218,1.4149194
2021-10-26,0.9005500950242112,10,0.9077097,1.3124287
2021-11-10,0.7344941812817724,21,0.92529505,1.2515062
2021-10-14,0.4897125430628922,1,0.92679316,1.7837232
2021-10-18,-0.6803126668082189,3,0.9231454,1.7798022
2021-10-20,0.23981093083977378,5,0.9183645,1.4543054
2021-10-27,-0.32602858537773144,10,0.9086094,1.1058555
2021-11-11,-0.5440399510597562,21,0.9225658,1.0340645
2021-10-15,0.8034860769278882,1,0.9219103,1.8925482
2021-10-19,0.6725319928867728,3,0.9191218,1.6263345
2021-10-21,-0.819503311458749,5,0.9223148,1.3004253
2021-10-28,0.5945089490072548,10,0.90955925,1.4487349
2021-11-12,-0.12546086496826914,21,0.9226766,1.2019644
2021-10-18,-0.6803126668082189,1,0.9231454,1.3064076
2021-10-20,0.23981093083977378,3,0.9183645,1.3465935
2021-10-22,-0.4246338457217148,5,0.9085561,1.1861086
2021-10-29,0.352808174183411,10,0.9086547,1.2925407
2021-11-15,0.16394799149968026,21,0.91992915,1.3745546
2021-10-19,0.6725319928867728,1,0.9191218,1.393315
2021-10-21,-0.819503311458749,3,0.9223148,1.771732
2021-10-25,0.1626718930798138,5,0.90086144,1.3821961
2021-11-01,1.3695164241281441,10,0.924508,0.9771149
2021-11-16,-0.612047632082858,21,0.9230854,1.371291
2021-10-20,0.23981093083977378,1,0.9183645,1.2360024
2021-10-22,-0.4246338457217148,3,0.9085561,1.1378809
2021-10-26,0.9005500950242112,5,0.9077097,1.2683998
2021-11-02,-0.8409797873713719,10,0.9307734,1.2915113
2021-11-17,-0.5190323070692847,21,0.924763,1.3696398
2021-10-21,-0.819503311458749,1,0.9223148,1.450396
2021-10-25,0.1626718930798138,3,0.90086144,1.4012072
2021-10-27,-0.32602858537773144,5,0.9086094,0.90785
2021-11-03,-0.8259633977417145,10,0.93100506,0.7107747
2021-11-18,-1.0080212305389646,21,0.92584175,1.0714359
2021-10-22,-0.4246338457217148,1,0.9085561,1.301521
2021-10-26,0.9005500950242112,3,0.9077097,1.8363644
2021-10-28,0.5945089490072548,5,0.90955925,1.4319755
2021-11-04,0.0951843438291145,10,0.9310622,1.0733143
2021-11-19,-1.6991414879010478,21,0.95038325,1.1675091
2021-10-25,0.1626718930798138,1,0.90086144,1.565118
2021-10-27,-0.32602858537773144,3,0.9086094,0.96380866
2021-10-29,0.352808174183411,5,0.9086547,1.5759401
2021-11-05,1.0038609342725677,10,0.93947935,1.3016181
2021-11-22,0.7749903649704901,21,0.95291483,0.86908275
2021-10-26,0.9005500950242112,1,0.9077097,1.2624111
2021-10-28,0.5945089490072548,3,0.90955925,1.6053692
2021-11-01,1.3695164241281441,5,0.924508,0.89272916
2021-11-08,-0.6570946758703258,10,0.9372822,0.84635055
2021-11-23,-0.07030913627958603,21,0.95246667,1.2737641
2021-10-27,-0.32602858537773144,1,0.9086094,1.3465507
2021-10-29,0.352808174183411,3,0.9086547,1.4038465
2021-11-02,-0.8409797873713719,5,0.9307734,1.2704204
2021-11-09,0.04518977024609469,10,0.93261915,0.7748014
2021-11-24,-0.2623942983656825,21,0.92856693,1.212252
2021-10-28,0.5945089490072548,1,0.90955925,1.4554799
2021-11-01,1.3695164241281441,3,0.924508,1.2475041
2021-11-03,-0.8259633977417145,5,0.93100506,1.2037499
2021-11-10,0.7344941812817724,10,0.92529505,0.92759365
2021-11-25,0.5546464320701142,21,0.93164176,1.2582785
2021-10-29,0.352808174183411,1,0.9086547,1.2713913
2021-11-02,-0.8409797873713719,3,0.9307734,1.3662589
2021-11-04,0.0951843438291145,5,0.9310622,1.0902288
2021-11-11,-0.5440399510597562,10,0.9225658,0.8372592
2021-11-26,-5.083559864842123,21,1.1266129,1.124591
2021-11-01,1.3695164241281441,1,0.924508,1.0828463
2021-11-03,-0.8259633977417145,3,0.93100506,1.0601871
2021-11-05,1.0038609342725677,5,0.93947935,1.2038224
2021-11-12,-0.12546086496826914,10,0.9226766,0.91136646
2021-11-29,0.6228553939400451,21,1.1297433,1.0229867
2021-11-02,-0.8409797873713719,1,0.9307734,1.1228465
2021-11-04,0.0951843438291145,3,0.9310622,1.1447161
2021-11-08,-0.6570946758703258,5,0.9372822,1.1906624
2021-11-15,0.16394799149968026,10,0.91992915,1.1415406
2021-11-30,-1.7911852781040647,21,1.1506346,0.9310738
2021-11-03,-0.8259633977417145,1,0.93100506,1.003609
2021-11-05,1.0038609342725677,3,0.93947935,1.7470424
2021-11-09,0.04518977024609469,5,0.93261915,1.024872
2021-11-16,-0.612047632082858,10,0.9230854,0.8878839
2021-12-01,1.7604302417244633,21,1.1736346,1.3260611
2021-11-04,0.0951843438291145,1,0.9310622,1.1673875
2021-11-08,-0.6570946758703258,3,0.9372822,1.5344144
2021-11-10,0.7344941812817724,5,0.92529505,1.0380309
2021-11-17,-0.5190323070692847,10,0.924763,1.3786834
2021-12-02,-1.8122190649271817,21,1.1941096,1.1223865
2021-11-05,1.0038609342725677,1,0.93947935,1.1760097
2021-11-09,0.04518977024609469,3,0.93261915,0.8991631
2021-11-11,-0.5440399510597562,5,0.9225658,0.91882133
2021-11-18,-1.0080212305389646,10,0.92584175,1.0075308
2021-12-03,-0.7145262378062387,21,1.1880828,1.5247153
2021-11-08,-0.6570946758703258,1,0.9372822,1.3758534
2021-11-10,0.7344941812817724,3,0.92529505,1.2966915
2021-11-12,-0.12546086496826914,5,0.9226766,1.117528
2021-11-19,-1.6991414879010478,10,0.95038325,0.6727213
2021-12-06,2.37401296305593,21,1.2155377,1.0295599
2021-11-09,0.04518977024609469,1,0.93261915,0.8977797
2021-11-11,-0.5440399510597562,3,0.9225658,1.3031566
2021-11-15,0.16394799149968026,5,0.91992915,1.1301695
2021-11-22,0.7749903649704901,10,0.95291483,0.7569788
2021-12-07,1.4095014280266172,21,1.2295941,1.362456
2021-11-10,0.7344941812817724,1,0.92529505,1.0742489
2021-11-12,-0.12546086496826914,3,0.9226766,1.0324118
2021-11-16,-0.612047632082858,5,0.9230854,1.0234599
2021-11-23,-0.07030913627958603,10,0.95246667,0.9112355
2021-12-08,-0.952002447633545,21,1.2171271,0.8402959
2021-11-11,-0.5440399510597562,1,0.9225658,1.1309047
2021-11-15,0.16394799149968026,3,0.91992915,1.4265372
2021-11-17,-0.5190323070692847,5,0.924763,1.1305003
2021-11-24,-0.2623942983656825,10,0.92856693,0.79911155
2021-12-09,-0.9337667088534489,21,1.212895,1.3364776
2021-11-12,-0.12546086496826914,1,0.9226766,1.0770972
2021-11-16,-0.612047632082858,3,0.9230854,1.0873662
2021-11-18,-1.0080212305389646,5,0.92584175,1.1277285
2021-11-25,0.5546464320701142,10,0.93164176,1.229907
2021-12-10,-0.4701735412400746,21,1.2129834,0.9447152
2021-11-15,0.16394799149968026,1,0.91992915,0.97415864
2021-11-17,-0.5190323070692847,3,0.924763,1.3290423
2021-11-19,-1.6991414879010478,5,0.95038325,0.8826057
2021-11-26,-5.083559864842123,10,1.1266129,0.9189852
2021-12-13,-0.44956288365151537,21,1.2048767,0.9014937
2021-11-16,-0.612047632082858,1,0.9230854,0.86825734
2021-11-18,-1.0080212305389646,3,0.92584175,1.1065252
2021-11-22,0.7749903649704901,5,0.95291483,0.7868957
2021-11-29,0.6228553939400451,10,1.1297433,0.8993887
2021-12-14,0.6682179439731664,21,1.1981302,0.9653046
2021-11-17,-0.5190323070692847,1,0.924763,1.2986976
2021-11-19,-1.6991414879010478,3,0.95038325,0.7970182
2021-11-23,-0.07030913627958603,5,0.95246667,0.95678794
2021-11-30,-1.7911852781040647,10,1.1506346,1.020805
2021-12-15,-1.2429979595515126,21,1.2042147,0.87924933
2021-11-18,-1.0080212305389646,1,0.92584175,1.0743971
2021-11-22,0.7749903649704901,3,0.95291483,0.9561143
2021-11-24,-0.2623942983656825,5,0.92856693,1.1778765
2021-12-01,1.7604302417244633,10,1.1736346,1.1371276
2021-12-16,1.2608993230865035,21,1.2118407,1.0629045
2021-11-19,-1.6991414879010478,1,0.95038325,0.94853365
2021-11-23,-0.07030913627958603,3,0.95246667,1.3578663
2021-11-25,0.5546464320701142,5,0.93164176,0.90430045
2021-12-02,-1.8122190649271817,10,1.1941096,0.84306705
2021-12-17,-0.8195785050403616,21,1.2154067,1.0996855
2021-11-22,0.7749903649704901,1,0.95291483,1.2637889
2021-11-24,-0.2623942983656825,3,0.92856693,1.6924354
2021-11-26,-5.083559864842123,5,1.1266129,1.0975881
2021-12-03,-0.7145262378062387,10,1.1880828,1.4604715
2021-12-20,-0.8360565794866887,21,1.201409,1.2496681
2021-11-23,-0.07030913627958603,1,0.95246667,1.4240739
2021-11-25,0.5546464320701142,3,0.93164176,1.017412
2021-11-29,0.6228553939400451,5,1.1297433,1.2539047
2021-12-06,2.37401296305593,10,1.2155377,0.894256
2021-12-21,1.745093864907897,21,1.1808299,1.0000622
2021-11-24,-0.2623942983656825,1,0.92856693,1.2585741
2021-11-26,-5.083559864842123,3,1.1266129,1.6433171
2021-11-30,-1.7911852781040647,5,1.1506346,1.099632
2021-12-07,1.4095014280266172,10,1.2295941,0.9551494
2021-12-22,0.8500282682537882,21,1.1744047,1.3778167
2021-11-25,0.5546464320701142,1,0.93164176,1.1810153
2021-11-29,0.6228553939400451,3,1.1297433,1.201068
2021-12-01,1.7604302417244633,5,1.1736346,1.4656811
2021-12-08,-0.952002447633545,10,1.2171271,1.3364863
2021-12-23,1.2289554773875992,21,1.1808699,1.0302316
2021-11-26,-5.083559864842123,1,1.1266129,1.2512767
2021-11-30,-1.7911852781040647,3,1.1506346,1.5678067
2021-12-02,-1.8122190649271817,5,1.1941096,0.854754
2021-12-09,-0.9337667088534489,10,1.212895,1.0030853
2021-12-27,0.679633474053784,21,1.1845325,1.3194733
2021-11-29,0.6228553939400451,1,1.1297433,1.1722775
2021-12-01,1.7604302417244633,3,1.1736346,1.4499776
2021-12-03,-0.7145262378062387,5,1.1880828,1.1538323
2021-12-10,-0.4701735412400746,10,1.2129834,0.89363813
2021-12-28,0.7717674491854905,21,1.1890585,1.1437715
2021-11-30,-1.7911852781040647,1,1.1506346,1.1263633
2021-12-02,-1.8122190649271817,3,1.1941096,1.1742618
2021-12-06,2.37401296305593,5,1.2155377,1.0176827
2021-12-13,-0.44956288365151537,10,1.2048767,0.8386046
2021-12-29,-0.17508902909833332,21,1.1716048,1.1237684
2021-12-01,1.7604302417244633,1,1.1736346,1.2433457
2021-12-03,-0.7145262378062387,3,1.1880828,1.327607
2021-12-07,1.4095014280266172,5,1.2295941,0.9078202
2021-12-14,0.6682179439731664,10,1.1981302,1.1526648
2021-12-30,0.46125171640525664,21,1.1524857,1.25755
2021-12-02,-1.8122190649271817,1,1.1941096,1.173453
2021-12-06,2.37401296305593,3,1.2155377,1.3375751
2021-12-08,-0.952002447633545,5,1.2171271,1.0788509
2021-12-15,-1.2429979595515126,10,1.2042147,0.7279603
2022-01-03,0.5424906008227269,21,1.1206625,1.2898843
2021-12-03,-0.7145262378062387,1,1.1880828,1.371507
2021-12-07,1.4095014280266172,3,1.2295941,1.4509587
2021-12-09,-0.9337667088534489,5,1.212895,1.2860637
2021-12-16,1.2608993230865035,10,1.2118407,1.6045091
2022-01-04,0.39414529581042346,21,1.1220258,1.1823306
2021-12-06,2.37401296305593,1,1.2155377,1.2493097
2021-12-08,-0.952002447633545,3,1.2171271,1.4166534
2021-12-10,-0.4701735412400746,5,1.2129834,1.3756322
2021-12-17,-0.8195785050403616,10,1.2154067,0.99880075
2022-01-05,-0.05686147560890133,21,1.1192914,1.1863036
2021-12-07,1.4095014280266172,1,1.2295941,1.4194167
2021-12-09,-0.9337667088534489,3,1.212895,1.6072726
2021-12-13,-0.44956288365151537,5,1.2048767,1.172011
2021-12-20,-0.8360565794866887,10,1.201409,1.4134573
2022-01-06,-0.010238500182428051,21,1.1178412,1.0264951
2021-12-08,-0.952002447633545,1,1.2171271,1.2968543
2021-12-10,-0.4701735412400746,3,1.2129834,1.3906878
2021-12-14,0.6682179439731664,5,1.1981302,1.3368306
2021-12-21,1.745093864907897,10,1.1808299,1.0043553
2022-01-07,-0.4343941569139469,21,1.1165035,1.3440831
2021-12-09,-0.9337667088534489,1,1.212895,1.3179353
2021-12-13,-0.44956288365151537,3,1.2048767,1.143268
2021-12-15,-1.2429979595515126,5,1.2042147,1.0986027
2021-12-22,0.8500282682537882,10,1.1744047,1.331667
2022-01-10,-0.5143578730488944,21,1.1161903,1.228069
2021-12-10,-0.4701735412400746,1,1.2129834,1.0952356
2021-12-14,0.6682179439731664,3,1.1981302,1.5317326
2021-12-16,1.2608993230865035,5,1.2118407,1.0008862
2021-12-23,1.2289554773875992,10,1.1808699,0.94424176
2022-01-11,0.5611944086869297,21,1.1135175,1.372654
2021-12-13,-0.44956288365151537,1,1.2048767,0.96168447
2021-12-15,-1.2429979595515126,3,1.2042147,1.0116359
2021-12-17,-0.8195785050403616,5,1.2154067,1.1401584
2021-12-27,0.679633474053784,10,1.1845325,1.2621453
2022-01-12,0.16432544693479187,21,1.1106886,0.976893
2021-12-14,0.6682179439731664,1,1.1981302,1.3134649
2021-12-16,1.2608993230865035,3,1.2118407,1.0141151
2021-12-20,-0.8360565794866887,5,1.201409,1.1229827
2021-12-28,0.7717674491854905,10,1.1890585,0.70291704
2022-01-13,0.5299320989678282,21,1.109309,0.99325037
2021-12-15,-1.2429979595515126,1,1.2042147,0.9479922
2021-12-17,-0.8195785050403616,3,1.2154067,0.9735611
2021-12-21,1.745093864907897,5,1.1808299,0.9745485
2021-12-29,-0.17508902909833332,10,1.1716048,0.8975902
2022-01-14,-0.11688939396545979,21,1.1087747,0.6787587
2021-12-16,1.2608993230865035,1,1.2118407,1.0648981
2021-12-20,-0.8360565794866887,3,1.201409,1.0768771
2021-12-22,0.8500282682537882,5,1.1744047,0.9712004
2021-12-30,0.46125171640525664,10,1.1524857,1.0397687
2022-01-17,0.36383666371068357,21,1.1051841,0.99768627
2021-12-17,-0.8195785050403616,1,1.2154067,1.0174758
2021-12-21,1.745093864907897,3,1.1808299,0.8248878
2021-12-23,1.2289554773875992,5,1.1808699,0.96980417
2022-01-03,0.5424906008227269,10,1.1206625,0.8721075
2022-01-18,-0.6481183620843994,21,1.1069468,0.82911724
2021-12-20,-0.8360565794866887,1,1.201409,0.95613945
2021-12-22,0.8500282682537882,3,1.1744047,1.250929
2021-12-27,0.679633474053784,5,1.1845325,0.9522455
2022-01-04,0.39414529581042346,10,1.1220258,0.8667266
2022-01-19,-0.07632501153712958,21,1.1066954,1.090053
2021-12-21,1.745093864907897,1,1.1808299,1.1339302
2021-12-23,1.2289554773875992,3,1.1808699,1.1440339
2021-12-28,0.7717674491854905,5,1.1890585,1.0893365
2022-01-05,-0.05686147560890133,10,1.1192914,0.9826275
2022-01-20,0.45140643467009534,21,1.1018199,1.0805122
2021-12-22,0.8500282682537882,1,1.1744047,1.2592924
2021-12-27,0.679633474053784,3,1.1845325,1.1501911
2021-12-29,-0.17508902909833332,5,1.1716048,1.0414629
2022-01-06,-0.010238500182428051,10,1.1178412,0.8089416
2022-01-21,-1.3695792998974936,21,1.1146536,1.2554104
2021-12-23,1.2289554773875992,1,1.1808699,1.1796739
2021-12-28,0.7717674491854905,3,1.1890585,1.2357861
2021-12-30,0.46125171640525664,5,1.1524857,1.3204982
2022-01-07,-0.4343941569139469,10,1.1165035,0.8886355
2022-01-24,-3.2365133169682903,21,1.1845068,1.1125829
2021-12-27,0.679633474053784,1,1.1845325,1.0967937
2021-12-29,-0.17508902909833332,3,1.1716048,1.117185
2022-01-03,0.5424906008227269,5,1.1206625,1.1452641
2022-01-10,-0.5143578730488944,10,1.1161903,1.0337051
2022-01-25,0.7302974347676606,21,1.1880375,0.9149499
2021-12-28,0.7717674491854905,1,1.1890585,0.8754567
2021-12-30,0.46125171640525664,3,1.1524857,1.2892519
2022-01-04,0.39414529581042346,5,1.1220258,0.96462303
2022-01-11,0.5611944086869297,10,1.1135175,0.86443734
2022-01-26,1.6456800461273264,21,1.1943845,1.1025556
2021-12-29,-0.17508902909833332,1,1.1716048,1.2001715
2022-01-03,0.5424906008227269,3,1.1206625,1.2410215
2022-01-05,-0.05686147560890133,5,1.1192914,1.0511642
2022-01-12,0.16432544693479187,10,1.1106886,0.9022552
2022-01-27,0.9904156867514409,21,1.1986595,0.91052914
2021-12-30,0.46125171640525664,1,1.1524857,1.1059263
2022-01-04,0.39414529581042346,3,1.1220258,0.9906281
2022-01-06,-0.010238500182428051,5,1.1178412,1.210758
2022-01-13,0.5299320989678282,10,1.109309,0.96247256
2022-01-28,-1.1111353763975862,21,1.2022485,0.95432615
2022-01-03,0.5424906008227269,1,1.1206625,1.1109774
2022-01-05,-0.05686147560890133,3,1.1192914,0.84496725
2022-01-07,-0.4343941569139469,5,1.1165035,0.83088034
2022-01-14,-0.11688939396545979,10,1.1087747,0.64138114
2022-01-31,0.03483794584258325,21,1.2021251,1.0238491
2022-01-04,0.39414529581042346,1,1.1220258,1.1324831
2022-01-06,-0.010238500182428051,3,1.1178412,0.9769557
2022-01-10,-0.5143578730488944,5,1.1161903,1.0105382
2022-01-17,0.36383666371068357,10,1.1051841,0.79211915
2022-02-01,1.3137822691495504,21,1.2075174,0.9520301
2022-01-05,-0.05686147560890133,1,1.1192914,0.8837434
2022-01-07,-0.4343941569139469,3,1.1165035,0.88727903
2022-01-11,0.5611944086869297,5,1.1135175,0.97685736
2022-01-18,-0.6481183620843994,10,1.1069468,0.7899886
2022-02-02,-0.15481743239868967,21,1.2051551,0.88509774
2022-01-06,-0.010238500182428051,1,1.1178412,0.85041595
2022-01-10,-0.5143578730488944,3,1.1161903,1.0779103
2022-01-12,0.16432544693479187,5,1.1106886,0.76164144
2022-01-19,-0.07632501153712958,10,1.1066954,0.74951625
2022-02-03,-0.27352251776426056,21,1.2053545,0.8918419
2022-01-07,-0.4343941569139469,1,1.1165035,0.93040735
2022-01-11,0.5611944086869297,3,1.1135175,0.76307386
2022-01-13,0.5299320989678282,5,1.109309,0.85610735
2022-01-20,0.45140643467009534,10,1.1018199,0.716816
2022-02-04,-1.1586649443529793,21,1.20865,0.76156545
2022-01-10,-0.5143578730488944,1,1.1161903,1.0038491
2022-01-12,0.16432544693479187,3,1.1106886,0.97661376
2022-01-14,-0.11688939396545979,5,1.1087747,0.77580893
2022-01-21,-1.3695792998974936,10,1.1146536,0.79391927
2022-02-07,-0.3603985776043341,21,1.2077487,0.73597366
2022-01-11,0.5611944086869297,1,1.1135175,0.91335964
2022-01-13,0.5299320989678282,3,1.109309,0.9438991
2022-01-17,0.36383666371068357,5,1.1051841,0.8814406
2022-01-24,-3.2365133169682903,10,1.1845068,0.59895116
2022-02-08,1.3485958464911851,21,1.2221459,0.8170227
2022-01-12,0.16432544693479187,1,1.1106886,0.95599794
2022-01-14,-0.11688939396545979,3,1.1087747,1.0282328
2022-01-18,-0.6481183620843994,5,1.1069468,0.9216206
2022-01-25,0.7302974347676606,10,1.1880375,0.80259097
2022-02-09,1.961138134177104,21,1.2498426,0.7042946
2022-01-13,0.5299320989678282,1,1.109309,0.93620896
2022-01-17,0.36383666371068357,3,1.1051841,0.9281602
2022-01-19,-0.07632501153712958,5,1.1066954,0.7921277
2022-01-26,1.6456800461273264,10,1.1943845,0.63195825
2022-02-10,0.4488914973776858,21,1.2492081,0.8208372
2022-01-14,-0.11688939396545979,1,1.1087747,0.9156719
2022-01-18,-0.6481183620843994,3,1.1069468,0.85531384
2022-01-20,0.45140643467009534,5,1.1018199,0.935936
2022-01-27,0.9904156867514409,10,1.1986595,0.5813172
2022-02-11,-0.9963722493779883,21,1.2538953,0.79011315
2022-01-17,0.36383666371068357,1,1.1051841,0.8536276
2022-01-19,-0.07632501153712958,3,1.1066954,0.98029304
2022-01-21,-1.3695792998974936,5,1.1146536,0.9213593
2022-01-28,-1.1111353763975862,10,1.2022485,0.56960136
2022-02-14,-2.5824747513239084,21,1.2905096,0.83220977
2022-01-18,-0.6481183620843994,1,1.1069468,0.8964053
2022-01-20,0.45140643467009534,3,1.1018199,0.8134568
2022-01-24,-3.2365133169682903,5,1.1845068,0.7415434
2022-01-31,0.03483794584258325,10,1.2021251,0.63532543
2022-02-15,1.6678812247911505,21,1.2913558,0.73088825
2022-01-19,-0.07632501153712958,1,1.1066954,0.847875
2022-01-21,-1.3695792998974936,3,1.1146536,0.8985871
2022-01-25,0.7302974347676606,5,1.1880375,0.78493994
2022-02-01,1.3137822691495504,10,1.2075174,0.6069336
2022-02-16,0.2199918390327843,21,1.287644,0.7566225
2022-01-20,0.45140643467009534,1,1.1018199,0.88275313
2022-01-24,-3.2365133169682903,3,1.1845068,0.87152445
2022-01-26,1.6456800461273264,5,1.1943845,0.84721327
2022-02-02,-0.15481743239868967,10,1.2051551,0.5777034
2022-02-17,-0.7594115182815392,21,1.2912052,0.7912593
2022-01-21,-1.3695792998974936,1,1.1146536,0.8728652
2022-01-25,0.7302974347676606,3,1.1880375,0.9654601
2022-01-27,0.9904156867514409,5,1.1986595,0.91758215
2022-02-03,-0.27352251776426056,10,1.2053545,0.6175279
2022-02-18,-0.9396921027549304,21,1.2962447,0.8585582
2022-01-24,-3.2365133169682903,1,1.1845068,0.974149
2022-01-26,1.6456800461273264,3,1.1943845,1.1433655
2022-01-28,-1.1111353763975862,5,1.2022485,0.766719
2022-02-04,-1.1586649443529793,10,1.20865,0.54047894
2022-02-21,-1.1839308260241626,21,1.302174,0.83466643
2022-01-25,0.7302974347676606,1,1.1880375,1.1733339
2022-01-27,0.9904156867514409,3,1.1986595,1.1912268
2022-01-31,0.03483794584258325,5,1.2021251,1.0588306
2022-02-07,-0.3603985776043341,10,1.2077487,0.6712757
2022-02-22,0.05064155895793169,21,1.1234008,0.8572874
2022-01-26,1.6456800461273264,1,1.1943845,1.0095624
2022-01-28,-1.1111353763975862,3,1.2022485,1.0028417
2022-02-01,1.3137822691495504,5,1.2075174,1.0657002
2022-02-08,1.3485958464911851,10,1.2221459,0.79891986
2022-02-23,-0.627168644659473,21,1.1235818,0.9750483
2022-01-27,0.9904156867514409,1,1.1986595,0.9776599
2022-01-31,0.03483794584258325,3,1.2021251,1.2465665
2022-02-02,-0.15481743239868967,5,1.2051551,0.7551976
2022-02-09,1.961138134177104,10,1.2498426,0.67125267
2022-02-24,-2.90429461711209,21,1.1621358,1.0582428
2022-01-28,-1.1111353763975862,1,1.2022485,1.0556601
2022-02-01,1.3137822691495504,3,1.2075174,1.3662016
2022-02-03,-0.27352251776426056,5,1.2053545,0.87191784
2022-02-10,0.4488914973776858,10,1.2492081,0.82993615
2022-02-25,3.4537238262966135,21,1.2250025,1.0806918
2022-01-31,0.03483794584258325,1,1.2021251,1.2061002
2022-02-02,-0.15481743239868967,3,1.2051551,0.9591147
2022-02-04,-1.1586649443529793,5,1.20865,1.0385704
2022-02-11,-0.9963722493779883,10,1.2538953,1.0393114
2022-02-28,-0.08723432398440066,21,1.2016094,0.93821466
2022-02-01,1.3137822691495504,1,1.2075174,0.99871826
2022-02-03,-0.27352251776426056,3,1.2053545,1.2000045
2022-02-07,-0.3603985776043341,5,1.2077487,0.769992
2022-02-14,-2.5824747513239084,10,1.2905096,0.7305509
2022-03-01,-3.4922012240922133,21,1.2818238,1.1371446
2022-02-02,-0.15481743239868967,1,1.2051551,0.9688605
2022-02-04,-1.1586649443529793,3,1.20865,0.83506453
2022-02-08,1.3485958464911851,5,1.2221459,0.89925635
2022-02-15,1.6678812247911505,10,1.2913558,0.8169727
2022-03-02,1.608834642830678,21,1.261337,0.9909559
2022-02-03,-0.27352251776426056,1,1.2053545,0.917342
2022-02-07,-0.3603985776043341,3,1.2077487,1.0380374
2022-02-09,1.961138134177104,5,1.2498426,0.7378997
2022-02-16,0.2199918390327843,10,1.287644,0.78936803
2022-03-03,-3.7916912587439713,21,1.3375989,0.93606114
2022-02-04,-1.1586649443529793,1,1.20865,0.83782786
2022-02-08,1.3485958464911851,3,1.2221459,0.9678949
2022-02-10,0.4488914973776858,5,1.2492081,0.7241813
2022-02-17,-0.7594115182815392,10,1.2912052,0.83644104
2022-03-04,-3.693458977824382,21,1.411613,0.9549136
2022-02-07,-0.3603985776043341,1,1.2077487,0.9914046
2022-02-09,1.961138134177104,3,1.2498426,0.92394793
2022-02-11,-0.9963722493779883,5,1.2538953,0.87700963
2022-02-18,-0.9396921027549304,10,1.2962447,1.0121722
2022-03-07,-0.9931421319356074,21,1.4121882,0.98867893
2022-02-08,1.3485958464911851,1,1.2221459,0.9127615
2022-02-10,0.4488914973776858,3,1.2492081,0.89715964
2022-02-14,-2.5824747513239084,5,1.2905096,0.76352024
2022-02-21,-1.1839308260241626,10,1.302174,1.1156942
2022-03-08,1.7993744487353809,21,1.4338853,0.8710998
2022-02-09,1.961138134177104,1,1.2498426,0.8276216
2022-02-11,-0.9963722493779883,3,1.2538953,0.89947385
2022-02-15,1.6678812247911505,5,1.2913558,0.7656096
2022-02-22,0.05064155895793169,10,1.1234008,0.7464645
2022-03-09,4.763073807171441,21,1.5654082,1.2212068
2022-02-10,0.4488914973776858,1,1.2492081,0.9831407
2022-02-14,-2.5824747513239084,3,1.2905096,1.2633142
2022-02-16,0.2199918390327843,5,1.287644,0.972841
2022-02-23,-0.627168644659473,10,1.1235818,0.92363065
2022-03-10,-1.1557261288792469,21,1.5692797,1.0640559
2022-02-11,-0.9963722493779883,1,1.2538953,0.944981
2022-02-15,1.6678812247911505,3,1.2913558,0.97378147
2022-02-17,-0.7594115182815392,5,1.2912052,0.7467456
2022-02-24,-2.90429461711209,10,1.1621358,1.0150572
2022-03-11,0.8981394496431058,21,1.5663261,1.3945837
2022-02-14,-2.5824747513239084,1,1.2905096,1.0138009
2022-02-16,0.2199918390327843,3,1.287644,0.97459245
2022-02-18,-0.9396921027549304,5,1.2962447,1.210078
2022-02-25,3.4537238262966135,10,1.2250025,0.97736937
2022-03-14,1.127236923025266,21,1.5645574,1.1471751
2022-02-15,1.6678812247911505,1,1.2913558,0.9559838
2022-02-17,-0.7594115182815392,3,1.2912052,1.5380654
2022-02-21,-1.1839308260241626,5,1.302174,1.2174839
2022-02-28,-0.08723432398440066,10,1.2016094,1.1181698
2022-03-15,0.02064296780348863,21,1.5611197,1.4865794
2022-02-16,0.2199918390327843,1,1.287644,1.1277622
2022-02-18,-0.9396921027549304,3,1.2962447,1.5160588
2022-02-22,0.05064155895793169,5,1.1234008,0.9056053
2022-03-01,-3.4922012240922133,10,1.2818238,0.89347064
2022-03-16,1.736871514347262,21,1.5734786,0.69128656
2022-02-17,-0.7594115182815392,1,1.2912052,1.1782986
2022-02-21,-1.1839308260241626,3,1.302174,1.3181045
2022-02-23,-0.627168644659473,5,1.1235818,1.0498419
2022-03-02,1.608834642830678,10,1.261337,0.97529644
2022-03-17,0.3763611788733218,21,1.5580033,1.217138
2022-02-18,-0.9396921027549304,1,1.2962447,1.3781918
2022-02-22,0.05064155895793169,3,1.1234008,0.87809414
2022-02-24,-2.90429461711209,5,1.1621358,1.2087896
2022-03-03,-3.7916912587439713,10,1.3375989,1.2969602
2022-03-18,0.06654941539524596,21,1.554078,1.0096601
2022-02-21,-1.1839308260241626,1,1.302174,1.2612133
2022-02-23,-0.627168644659473,3,1.1235818,1.0583931
2022-02-25,3.4537238262966135,5,1.2250025,1.1482689
2022-03-04,-3.693458977824382,10,1.411613,1.2678413
2022-03-21,-0.3379587670602928,21,1.5460811,1.2507763
2022-02-22,0.05064155895793169,1,1.1234008,0.87078506
2022-02-24,-2.90429461711209,3,1.1621358,1.3236985
2022-02-28,-0.08723432398440066,5,1.2016094,1.0178155
2022-03-07,-0.9931421319356074,10,1.4121882,1.1390556
2022-03-22,1.1613981839122074,21,1.5510945,1.352516
2022-02-23,-0.627168644659473,1,1.1235818,1.7346332
2022-02-25,3.4537238262966135,3,1.2250025,1.7703053
2022-03-01,-3.4922012240922133,5,1.2818238,1.2394552
2022-03-08,1.7993744487353809,10,1.4338853,1.1323259
2022-03-23,-1.8887785264022798,21,1.5658528,1.0677236
2022-02-24,-2.90429461711209,1,1.1621358,1.541717
2022-02-28,-0.08723432398440066,3,1.2016094,1.2666945
2022-03-02,1.608834642830678,5,1.261337,1.765593
2022-03-09,4.763073807171441,10,1.5654082,1.5473167
2022-03-24,-0.2801576966942134,21,1.5660303,1.2761464
2022-02-25,3.4537238262966135,1,1.2250025,1.6791191
2022-03-01,-3.4922012240922133,3,1.2818238,1.3340389
2022-03-03,-3.7916912587439713,5,1.3375989,1.8472129
2022-03-10,-1.1557261288792469,10,1.5692797,1.35327
2022-03-25,0.3065698464365713,21,1.5652641,1.4713938
2022-02-28,-0.08723432398440066,1,1.2016094,1.2968502
2022-03-02,1.608834642830678,3,1.261337,2.1541364
2022-03-04,-3.693458977824382,5,1.411613,1.5826149
2022-03-11,0.8981394496431058,10,1.5663261,2.1570914
2022-03-28,0.41925769059164053,21,1.5645208,1.7130654
2022-03-01,-3.4922012240922133,1,1.2818238,1.5420791
2022-03-03,-3.7916912587439713,3,1.3375989,1.9354982
2022-03-07,-0.9931421319356074,5,1.4121882,1.1967185
2022-03-14,1.127236923025266,10,1.5645574,1.8225236
2022-03-29,2.9330378955490017,21,1.61112,1.4357674
2022-03-02,1.608834642830678,1,1.261337,2.1470249
2022-03-04,-3.693458977824382,3,1.411613,2.9140897
2022-03-08,1.7993744487353809,5,1.4338853,1.5104783
2022-03-15,0.02064296780348863,10,1.5611197,1.6536558
2022-03-30,-0.745698233264761,21,1.6137328,1.6302973
2022-03-03,-3.7916912587439713,1,1.3375989,2.0819712
2022-03-07,-0.9931421319356074,3,1.4121882,1.7563155
2022-03-09,4.763073807171441,5,1.5654082,1.85079
2022-03-16,1.736871514347262,10,1.5734786,1.2551571
2022-03-31,-1.241506440920048,21,1.6210802,1.2453024
2022-03-04,-3.693458977824382,1,1.411613,2.3992624
2022-03-08,1.7993744487353809,3,1.4338853,2.6285603
2022-03-10,-1.1557261288792469,5,1.5692797,1.6885746
2022-03-17,0.3763611788733218,10,1.5580033,2.0212274
2022-04-01,0.6914971385033893,21,1.6232666,1.9320565
2022-03-07,-0.9931421319356074,1,1.4121882,2.2992532
2022-03-09,4.763073807171441,3,1.5654082,2.9582396
2022-03-11,0.8981394496431058,5,1.5663261,2.2938447
2022-03-18,0.06654941539524596,10,1.554078,1.7290355
2022-04-04,0.20088702459010935,21,1.6224092,1.8468136
2022-03-08,1.7993744487353809,1,1.4338853,2.1823666
2022-03-10,-1.1557261288792469,3,1.5692797,2.870101
2022-03-14,1.127236923025266,5,1.5645574,1.9430265
2022-03-21,-0.3379587670602928,10,1.5460811,2.0499377
2022-04-05,1.1957608894285872,21,1.6284255,1.8057429
2022-03-09,4.763073807171441,1,1.5654082,2.3721218
2022-03-11,0.8981394496431058,3,1.5663261,2.9647682
2022-03-15,0.02064296780348863,5,1.5611197,1.7862432
2022-03-22,1.1613981839122074,10,1.5510945,1.9967102
2022-04-06,-1.6509781385956064,21,1.64165,1.9166422
2022-03-10,-1.1557261288792469,1,1.5692797,2.4326978
2022-03-14,1.127236923025266,3,1.5645574,2.4600763
2022-03-16,1.736871514347262,5,1.5734786,1.9546694
2022-03-23,-1.8887785264022798,10,1.5658528,1.6703316
2022-04-07,-0.17345648763298657,21,1.6399077,1.5280104
2022-03-11,0.8981394496431058,1,1.5663261,2.3945827
2022-03-15,0.02064296780348863,3,1.5611197,2.3272321
2022-03-17,0.3763611788733218,5,1.5580033,2.3817666
2022-03-24,-0.2801576966942134,10,1.5660303,1.6599541
2022-04-08,1.6282616758022426,21,1.6544272,1.7601118
2022-03-14,1.127236923025266,1,1.5645574,1.9555724
2022-03-16,1.736871514347262,3,1.5734786,1.9686719
2022-03-18,0.06654941539524596,5,1.554078,1.8163141
2022-03-25,0.3065698464365713,10,1.5652641,1.7307985
2022-04-11,-0.24896181874021844,21,1.6537938,1.9311051
2022-03-15,0.02064296780348863,1,1.5611197,1.8739147
2022-03-17,0.3763611788733218,3,1.5580033,2.0884264
2022-03-21,-0.3379587670602928,5,1.5460811,1.6930966
2022-03-28,0.41925769059164053,10,1.5645208,1.7908094
2022-04-12,-0.08157082547501708,21,1.6519288,1.5412363
2022-03-16,1.736871514347262,1,1.5734786,1.9261293
2022-03-18,0.06654941539524596,3,1.554078,1.7420725
2022-03-22,1.1613981839122074,5,1.5510945,1.9804904
2022-03-29,2.9330378955490017,10,1.61112,1.2625057
2022-04-13,0.4629045589006228,21,1.6531892,1.357557
2022-03-17,0.3763611788733218,1,1.5580033,1.9379272
2022-03-21,-0.3379587670602928,3,1.5460811,1.7197616
2022-03-23,-1.8887785264022798,5,1.5658528,1.7589097
2022-03-30,-0.745698233264761,10,1.6137328,1.0106149
2022-04-14,0.9378244841708769,21,1.6567792,1.5540959
2022-03-18,0.06654941539524596,1,1.554078,1.623226
2022-03-22,1.1613981839122074,3,1.5510945,1.8816658
2022-03-24,-0.2801576966942134,5,1.5660303,1.5004948
2022-03-31,-1.241506440920048,10,1.6210802,1.416137
2022-04-19,-0.0574943958803424,21,1.647323,1.4216998
2022-03-21,-0.3379587670602928,1,1.5460811,1.9100595
2022-03-23,-1.8887785264022798,3,1.5658528,1.8464026
2022-03-25,0.3065698464365713,5,1.5652641,1.6153446
2022-04-01,0.6914971385033893,10,1.6232666,1.5360812
2022-04-20,0.8646659649455092,21,1.5950141,1.4098582
2022-03-22,1.1613981839122074,1,1.5510945,1.4384403
2022-03-24,-0.2801576966942134,3,1.5660303,1.621562
2022-03-28,0.41925769059164053,5,1.5645208,1.8313613
2022-04-04,0.20088702459010935,10,1.6224092,0.9452098
2022-04-21,0.5129645406243961,21,1.5937313,1.4616311
2022-03-23,-1.8887785264022798,1,1.5658528,1.4912477
2022-03-25,0.3065698464365713,3,1.5652641,1.8075019
2022-03-29,2.9330378955490017,5,1.61112,1.2737519
2022-04-05,1.1957608894285872,10,1.6284255,1.126167
2022-04-22,-1.8584256068818263,21,1.5990057,1.2859322
2022-03-24,-0.2801576966942134,1,1.5660303,1.9827344
2022-03-28,0.41925769059164053,3,1.5645208,2.1186454
2022-03-30,-0.745698233264761,5,1.6137328,1.3808565
2022-04-06,-1.6509781385956064,10,1.64165,1.4752531
2022-04-25,-0.9020836819814037,21,1.5979272,1.3595548
2022-03-25,0.3065698464365713,1,1.5652641,1.7946178
2022-03-29,2.9330378955490017,3,1.61112,1.7259871
2022-03-31,-1.241506440920048,5,1.6210802,1.8971038
2022-04-07,-0.17345648763298657,10,1.6399077,1.1294453
2022-04-26,-1.590497795400533,21,1.6046324,1.4585745
2022-03-28,0.41925769059164053,1,1.5645208,1.8691499
2022-03-30,-0.745698233264761,3,1.6137328,1.906243
2022-04-01,0.6914971385033893,5,1.6232666,1.6763939
2022-04-08,1.6282616758022426,10,1.6544272,1.3831458
2022-04-27,0.45398198205193285,21,1.605846,1.6271423
2022-03-29,2.9330378955490017,1,1.61112,1.4630841
2022-03-31,-1.241506440920048,3,1.6210802,1.6381731
2022-04-04,0.20088702459010935,5,1.6224092,1.2872424
2022-04-11,-0.24896181874021844,10,1.6537938,1.3246796
2022-04-28,0.4061241963676684,21,1.5972599,1.0448096
2022-03-30,-0.745698233264761,1,1.6137328,1.3650686
2022-04-01,0.6914971385033893,3,1.6232666,1.7399664
2022-04-05,1.1957608894285872,5,1.6284255,1.3183713
2022-04-12,-0.08157082547501708,10,1.6519288,0.9957267
2022-04-29,0.8422875654348463,21,1.6012428,1.368583
2022-03-31,-1.241506440920048,1,1.6210802,1.7277529
2022-04-04,0.20088702459010935,3,1.6224092,1.2992097
2022-04-06,-1.6509781385956064,5,1.64165,1.9292034
2022-04-13,0.4629045589006228,10,1.6531892,1.2229247
2022-05-02,-1.7415041601678238,21,1.6162513,1.4953902
2022-04-01,0.6914971385033893,1,1.6232666,1.5666262
2022-04-05,1.1957608894285872,3,1.6284255,1.816898
2022-04-07,-0.17345648763298657,5,1.6399077,1.3028611
2022-04-14,0.9378244841708769,10,1.6567792,1.5103515
2022-05-03,1.8113755995671648,21,1.6271448,1.4764923
2022-04-04,0.20088702459010935,1,1.6224092,1.4382284
2022-04-06,-1.6509781385956064,3,1.64165,1.6289909
2022-04-08,1.6282616758022426,5,1.6544272,1.1101332
2022-04-19,-0.0574943958803424,10,1.647323,1.3731443
2022-05-04,-1.049703331655332,21,1.6321594,1.161414
2022-04-05,1.1957608894285872,1,1.6284255,1.5774894
2022-04-07,-0.17345648763298657,3,1.6399077,1.363648
2022-04-11,-0.24896181874021844,5,1.6537938,1.7387459
2022-04-20,0.8646659649455092,10,1.5950141,1.1284918
2022-05-05,-0.7770836023860784,21,1.625196,1.4017483
2022-04-06,-1.6509781385956064,1,1.64165,1.4427817
2022-04-08,1.6282616758022426,3,1.6544272,1.464031
2022-04-12,-0.08157082547501708,5,1.6519288,1.2387879
2022-04-21,0.5129645406243961,10,1.5937313,0.97757554
2022-05-06,-1.345153871103633,21,1.6119604,1.2315037
2022-04-07,-0.17345648763298657,1,1.6399077,1.3386914
2022-04-11,-0.24896181874021844,3,1.6537938,1.8427296
2022-04-13,0.4629045589006228,5,1.6531892,1.0607274
2022-04-22,-1.8584256068818263,10,1.5990057,1.2720792
2022-05-09,-2.2210715474386005,21,1.6332122,1.0879066
2022-04-08,1.6282616758022426,1,1.6544272,1.3222735
2022-04-12,-0.08157082547501708,3,1.6519288,1.5210145
2022-04-14,0.9378244841708769,5,1.6567792,1.5291573
2022-04-25,-0.9020836819814037,10,1.5979272,1.282075
2022-05-10,0.0,21,1.629484,1.2005303
2022-04-11,-0.24896181874021844,1,1.6537938,1.5514742
2022-04-13,0.4629045589006228,3,1.6531892,1.317018
2022-04-19,-0.0574943958803424,5,1.647323,1.1980627
2022-04-26,-1.590497795400533,10,1.6046324,1.2152871
2022-05-11,2.1080540898436184,21,1.6223179,0.9796137
2022-04-12,-0.08157082547501708,1,1.6519288,1.2307963
2022-04-14,0.9378244841708769,3,1.6567792,1.4618821
2022-04-20,0.8646659649455092,5,1.5950141,0.9711802
2022-04-27,0.45398198205193285,10,1.605846,1.0874679
2022-05-12,-1.3589502416516803,21,1.6149884,0.9846427
2022-04-13,0.4629045589006228,1,1.6531892,1.1704832
2022-04-19,-0.0574943958803424,3,1.647323,1.252259
2022-04-21,0.5129645406243961,5,1.5937313,1.0100478
2022-04-28,0.4061241963676684,10,1.5972599,0.7086552
2022-05-13,1.665243910216442,21,1.6305753,0.946817
2022-04-14,0.9378244841708769,1,1.6567792,1.2827979
2022-04-20,0.8646659649455092,3,1.5950141,1.2395275
2022-04-22,-1.8584256068818263,5,1.5990057,0.9856146
2022-04-29,0.8422875654348463,10,1.6012428,0.90810424
2022-05-16,0.18691818188562745,21,1.628447,1.1346456
2022-04-19,-0.0574943958803424,1,1.647323,1.0277945
2022-04-21,0.5129645406243961,3,1.5937313,1.0351379
2022-04-25,-0.9020836819814037,5,1.5979272,0.9931473
2022-05-02,-1.7415041601678238,10,1.6162513,1.0477154
2022-05-17,1.4498691236565604,21,1.6358252,0.9057349
2022-04-20,0.8646659649455092,1,1.5950141,0.9193875
2022-04-22,-1.8584256068818263,3,1.5990057,1.1620674
2022-04-26,-1.590497795400533,5,1.6046324,0.8490624
2022-05-03,1.8113755995671648,10,1.6271448,0.67979294
2022-05-18,0.008258563840424622,21,1.6287014,0.86376643
2022-04-21,0.5129645406243961,1,1.5937313,0.8897885
2022-04-25,-0.9020836819814037,3,1.5979272,0.9255204
2022-04-27,0.45398198205193285,5,1.605846,0.9321999
2022-05-04,-1.049703331655332,10,1.6321594,0.68600994
2022-05-19,-0.8340094781348797,21,1.6322131,0.824424
2022-04-22,-1.8584256068818263,1,1.5990057,0.96434164
2022-04-26,-1.590497795400533,3,1.6046324,1.1595825
2022-04-28,0.4061241963676684,5,1.5972599,0.705013
2022-05-05,-0.7770836023860784,10,1.625196,0.6863751
2022-05-20,0.9295232847818857,21,1.6347233,0.912792
2022-04-25,-0.9020836819814037,1,1.5979272,0.97280794
2022-04-27,0.45398198205193285,3,1.605846,1.1908073
2022-04-29,0.8422875654348463,5,1.6012428,0.9686928
2022-05-06,-1.345153871103633,10,1.6119604,0.8145056
2022-05-23,1.651674280851677,21,1.6026163,0.90695465
2022-04-26,-1.590497795400533,1,1.6046324,1.2484586
2022-04-28,0.4061241963676684,3,1.5972599,1.2128503
2022-05-02,-1.7415041601678238,5,1.6162513,1.1061296
2022-05-09,-2.2210715474386005,10,1.6332122,0.7803113
2022-05-24,0.06258330157329234,21,1.540376,1.2388943
2022-04-27,0.45398198205193285,1,1.605846,1.1934979
2022-04-29,0.8422875654348463,3,1.6012428,1.4221622
2022-05-03,1.8113755995671648,5,1.6271448,0.95188
2022-05-10,0.0,10,1.629484,0.9937619
2022-05-25,1.4835190482910534,21,1.5516877,1.2214814
2022-04-28,0.4061241963676684,1,1.5972599,1.0794923
2022-05-02,-1.7415041601678238,3,1.6162513,1.2554514
2022-05-04,-1.049703331655332,5,1.6321594,0.9454251
2022-05-11,2.1080540898436184,10,1.6223179,0.55934453
2022-05-26,1.4573321549757867,21,1.4902992,0.96494687
2022-04-29,0.8422875654348463,1,1.6012428,1.2267158
2022-05-03,1.8113755995671648,3,1.6271448,1.6443288
2022-05-05,-0.7770836023860784,5,1.625196,1.1157306
2022-05-12,-1.3589502416516803,10,1.6149884,0.6822712
2022-05-27,0.5027391861783546,21,1.478577,1.1700261
2022-05-02,-1.7415041601678238,1,1.6162513,1.2562131
2022-05-04,-1.049703331655332,3,1.6321594,1.1977612
2022-05-06,-1.345153871103633,5,1.6119604,1.2809935
2022-05-13,1.665243910216442,10,1.6305753,0.7665874
2022-05-30,-0.03134726073005333,21,1.3868828,1.2102003
2022-05-03,1.8113755995671648,1,1.6271448,1.2030046
2022-05-05,-0.7770836023860784,3,1.625196,1.3634334
2022-05-09,-2.2210715474386005,5,1.6332122,1.0094621
2022-05-16,0.18691818188562745,10,1.628447,1.4034736
2022-05-31,-0.8919040358948767,21,1.2985761,1.1671984
2022-05-04,-1.049703331655332,1,1.6321594,0.8360356
2022-05-06,-1.345153871103633,3,1.6119604,1.0600562
2022-05-10,0.0,5,1.629484,0.89018095
2022-05-17,1.4498691236565604,10,1.6358252,0.66400975
2022-06-01,-1.1853287024598251,21,1.3018715,1.2228311
2022-05-05,-0.7770836023860784,1,1.625196,0.9673915
2022-05-09,-2.2210715474386005,3,1.6332122,1.2594138
2022-05-11,2.1080540898436184,5,1.6223179,0.72514004
2022-05-18,0.008258563840424622,10,1.6287014,0.74758285
2022-06-02,-0.03544619362148894,21,1.2857019,1.3709888
2022-05-06,-1.345153871103633,1,1.6119604,1.3196557
2022-05-10,0.0,3,1.629484,1.4543259
2022-05-12,-1.3589502416516803,5,1.6149884,0.88269794
2022-05-19,-0.8340094781348797,10,1.6322131,0.9203608
2022-06-03,-0.22096420327229155,21,1.1380198,1.3851238
2022-05-09,-2.2210715474386005,1,1.6332122,0.97168577
2022-05-11,2.1080540898436184,3,1.6223179,1.1565758
2022-05-13,1.665243910216442,5,1.6305753,1.0116363
2022-05-20,0.9295232847818857,10,1.6347233,1.3818789
2022-06-06,1.2698691806340352,21,1.1353414,1.2329121
2022-05-10,0.0,1,1.629484,1.2762482
2022-05-12,-1.3589502416516803,3,1.6149884,1.2397556
2022-05-16,0.18691818188562745,5,1.628447,1.5978296
2022-05-23,1.651674280851677,10,1.6026163,1.2184839
2022-06-07,0.05996187509601753,21,1.1311456,1.3331962
2022-05-11,2.1080540898436184,1,1.6223179,0.9983202
2022-05-13,1.665243910216442,3,1.6305753,1.1658118
2022-05-17,1.4498691236565604,5,1.6358252,0.9491173
2022-05-24,0.06258330157329234,10,1.540376,1.4318144
2022-06-08,0.012440413263952168,21,1.1237421,1.0919244
2022-05-12,-1.3589502416516803,1,1.6149884,1.0805222
2022-05-16,0.18691818188562745,3,1.628447,1.3749626
2022-05-18,0.008258563840424622,5,1.6287014,0.89364
2022-05-25,1.4835190482910534,10,1.5516877,1.1414222
2022-06-09,-1.4982705829885734,21,1.1429354,0.8516845
2022-05-13,1.665243910216442,1,1.6305753,1.3442904
2022-05-17,1.4498691236565604,3,1.6358252,1.3793243
2022-05-19,-0.8340094781348797,5,1.6322131,1.3153921
2022-05-26,1.4573321549757867,10,1.4902992,1.2840588
2022-06-10,-3.7497522420788805,21,1.2257109,1.584493
2022-05-16,0.18691818188562745,1,1.628447,1.4248958
2022-05-18,0.008258563840424622,3,1.6287014,1.2011814
2022-05-20,0.9295232847818857,5,1.6347233,1.2826861
2022-05-27,0.5027391861783546,10,1.478577,1.5153271
2022-06-13,-2.501653938455711,21,1.2664504,1.3321117
2022-05-17,1.4498691236565604,1,1.6358252,1.031037
2022-05-19,-0.8340094781348797,3,1.6322131,1.4094675
2022-05-23,1.651674280851677,5,1.6026163,0.90539074
2022-05-30,-0.03134726073005333,10,1.3868828,1.5311716
2022-06-14,-1.4388206147499787,21,1.279033,1.5412188
2022-05-18,0.008258563840424622,1,1.6287014,1.0552295
2022-05-20,0.9295232847818857,3,1.6347233,1.2349563
2022-05-24,0.06258330157329234,5,1.540376,1.5022345
2022-05-31,-0.8919040358948767,10,1.2985761,0.795154
2022-06-15,1.3336732765381754,21,1.2912678,1.1996182
2022-05-19,-0.8340094781348797,1,1.6322131,1.0474077
2022-05-23,1.651674280851677,3,1.6026163,1.2672381
2022-05-25,1.4835190482910534,5,1.5516877,1.227666
2022-06-01,-1.1853287024598251,10,1.3018715,1.0673859
2022-06-16,-1.1887322495844561,21,1.2897526,1.0757313
2022-05-20,0.9295232847818857,1,1.6347233,1.0922866
2022-05-24,0.06258330157329234,3,1.540376,1.2327988
2022-05-26,1.4573321549757867,5,1.4902992,0.98349583
2022-06-02,-0.03544619362148894,10,1.2857019,1.1346656
2022-06-17,0.8358036820801708,21,1.2729272,0.9751502
2022-05-23,1.651674280851677,1,1.6026163,1.0150913
2022-05-25,1.4835190482910534,3,1.5516877,1.1650121
2022-05-27,0.5027391861783546,5,1.478577,1.0907927
2022-06-03,-0.22096420327229155,10,1.1380198,1.0599182
2022-06-20,1.7052610468002618,21,1.2921579,1.0792252
2022-05-24,0.06258330157329234,1,1.540376,1.0614917
2022-05-26,1.4573321549757867,3,1.4902992,0.97304654
2022-05-30,-0.03134726073005333,5,1.3868828,1.2814791
2022-06-06,1.2698691806340352,10,1.1353414,1.2392735
2022-06-21,-0.6101122934757747,21,1.2938436,1.2266141
2022-05-25,1.4835190482910534,1,1.5516877,0.9741916
2022-05-27,0.5027391861783546,3,1.478577,1.1898907
2022-05-31,-0.8919040358948767,5,1.2985761,0.7380531
2022-06-07,0.05996187509601753,10,1.1311456,0.7874171
2022-06-22,-1.1012869988930694,21,1.2999885,1.4594653
2022-05-26,1.4573321549757867,1,1.4902992,0.9008696
2022-05-30,-0.03134726073005333,3,1.3868828,1.5020947
2022-06-01,-1.1853287024598251,5,1.3018715,0.9573431
2022-06-08,0.012440413263952168,10,1.1237421,0.72226506
2022-06-23,-0.4799477579550882,21,1.240819,1.1900967
2022-05-27,0.5027391861783546,1,1.478577,1.1214494
2022-05-31,-0.8919040358948767,3,1.2985761,0.9293404
2022-06-02,-0.03544619362148894,5,1.2857019,1.2854451
2022-06-09,-1.4982705829885734,10,1.1429354,0.8525662
2022-06-24,1.684391983663782,21,1.2589577,1.072918
2022-05-30,-0.03134726073005333,1,1.3868828,1.2206104
2022-06-01,-1.1853287024598251,3,1.3018715,1.3043826
2022-06-03,-0.22096420327229155,5,1.1380198,1.3712803
2022-06-10,-3.7497522420788805,10,1.2257109,0.98384094
2022-06-27,-0.018196485702281422,21,1.2493823,1.1543015
2022-05-31,-0.8919040358948767,1,1.2985761,0.72775257
2022-06-02,-0.03544619362148894,3,1.2857019,1.4026091
2022-06-06,1.2698691806340352,5,1.1353414,1.0638299
2022-06-13,-2.501653938455711,10,1.2664504,1.0288267
2022-06-28,0.9045900778909056,21,1.2517986,1.0936196
2022-06-01,-1.1853287024598251,1,1.3018715,1.0769317
2022-06-03,-0.22096420327229155,3,1.1380198,1.5619568
2022-06-07,0.05996187509601753,5,1.1311456,0.9735683
2022-06-14,-1.4388206147499787,10,1.279033,0.8466514
2022-06-29,-1.5692061111451636,21,1.2668672,1.0430459
2022-06-02,-0.03544619362148894,1,1.2857019,1.4251302
2022-06-06,1.2698691806340352,3,1.1353414,1.4550788
2022-06-08,0.012440413263952168,5,1.1237421,1.2691903
2022-06-15,1.3336732765381754,10,1.2912678,1.0790282
2022-06-30,-1.0966112828323014,21,1.2627176,1.3052093
2022-06-03,-0.22096420327229155,1,1.1380198,1.6553911
2022-06-07,0.05996187509601753,3,1.1311456,1.2919737
2022-06-09,-1.4982705829885734,5,1.1429354,1.2906059
2022-06-16,-1.1887322495844561,10,1.2897526,1.0962791
2022-07-01,0.9511709335596648,21,1.2533579,1.2642734
2022-06-06,1.2698691806340352,1,1.1353414,1.4528918
2022-06-08,0.012440413263952168,3,1.1237421,1.3656068
2022-06-10,-3.7497522420788805,5,1.2257109,1.368346
2022-06-17,0.8358036820801708,10,1.2729272,1.2068763
2022-07-04,-0.1750531421014445,21,1.2533603,1.3682911
2022-06-07,0.05996187509601753,1,1.1311456,1.1083691
2022-06-09,-1.4982705829885734,3,1.1429354,1.2317768
2022-06-13,-2.501653938455711,5,1.2664504,1.3695074
2022-06-20,1.7052610468002618,10,1.2921579,0.8578491
2022-07-05,-2.511111275441297,21,1.2725624,1.264682
2022-06-08,0.012440413263952168,1,1.1237421,1.1841197
2022-06-10,-3.7497522420788805,3,1.2257109,1.4536556
2022-06-14,-1.4388206147499787,5,1.279033,1.0810037
2022-06-21,-0.6101122934757747,10,1.2938436,1.2705486
2022-07-06,-0.13578076011160092,21,1.2724673,0.99985707
2022-06-09,-1.4982705829885734,1,1.1429354,1.1381977
2022-06-13,-2.501653938455711,3,1.2664504,1.4589716
2022-06-15,1.3336732765381754,5,1.2912678,1.2443141
2022-06-22,-1.1012869988930694,10,1.2999885,1.1981373
2022-07-07,2.164217603134489,21,1.3064437,1.0088584
2022-06-10,-3.7497522420788805,1,1.2257109,1.397855
2022-06-14,-1.4388206147499787,3,1.279033,1.5258415
2022-06-16,-1.1887322495844561,5,1.2897526,1.2882284
2022-06-23,-0.4799477579550882,10,1.240819,1.3442233
2022-07-08,-0.2736890531542324,21,1.3046106,1.2756207
2022-06-13,-2.501653938455711,1,1.2664504,2.0217457
2022-06-15,1.3336732765381754,3,1.2912678,2.1804385
2022-06-17,0.8358036820801708,5,1.2729272,1.4566281
2022-06-24,1.684391983663782,10,1.2589577,1.4135656
2022-07-11,-0.43425882477925937,21,1.2980622,1.4709661
2022-06-14,-1.4388206147499787,1,1.279033,1.5322975
2022-06-16,-1.1887322495844561,3,1.2897526,2.2006762
2022-06-20,1.7052610468002618,5,1.2921579,1.4135542
2022-06-27,-0.018196485702281422,10,1.2493823,1.6681818
2022-07-12,-0.6268677244329804,21,1.2996325,1.5600325
2022-06-15,1.3336732765381754,1,1.2912678,1.8778231
2022-06-17,0.8358036820801708,3,1.2729272,2.3386939
2022-06-21,-0.6101122934757747,5,1.2938436,1.4679356
2022-06-28,0.9045900778909056,10,1.2517986,1.2856985
2022-07-13,-0.875961916039566,21,1.2963499,1.3836209
2022-06-16,-1.1887322495844561,1,1.2897526,1.9288285
2022-06-20,1.7052610468002618,3,1.2921579,1.6162736
2022-06-22,-1.1012869988930694,5,1.2999885,1.683731
2022-06-29,-1.5692061111451636,10,1.2668672,1.8273801
2022-07-14,-1.7855349530355775,21,1.3098792,1.581716
2022-06-17,0.8358036820801708,1,1.2729272,2.1051805
2022-06-21,-0.6101122934757747,3,1.2938436,2.077532
2022-06-23,-0.4799477579550882,5,1.240819,1.808594
2022-06-30,-1.0966112828323014,10,1.2627176,1.3395414
2022-07-15,1.7981208518112284,21,1.3165932,1.3897638
2022-06-20,1.7052610468002618,1,1.2921579,1.5501624
2022-06-22,-1.1012869988930694,3,1.2999885,1.9454244
2022-06-24,1.684391983663782,5,1.2589577,1.5944036
2022-07-01,0.9511709335596648,10,1.2533579,1.3708996
2022-07-18,0.21622989127667397,21,1.313562,1.4189062
2022-06-21,-0.6101122934757747,1,1.2938436,1.5200275
2022-06-23,-0.4799477579550882,3,1.240819,1.5196157
2022-06-27,-0.018196485702281422,5,1.2493823,1.4947687
2022-07-04,-0.1750531421014445,10,1.2533603,1.384917
2022-07-19,2.0139664554788843,21,1.3276719,0.97894514
2022-06-22,-1.1012869988930694,1,1.2999885,1.6143992
2022-06-24,1.684391983663782,3,1.2589577,1.9426073
2022-06-28,0.9045900778909056,5,1.2517986,1.1036584
2022-07-05,-2.511111275441297,10,1.2725624,1.5304492
2022-07-20,-1.191050355854987,21,1.3337814,1.3585839
2022-06-23,-0.4799477579550882,1,1.240819,1.773743
2022-06-27,-0.018196485702281422,3,1.2493823,1.5567538
2022-06-29,-1.5692061111451636,5,1.2668672,1.6802175
2022-07-06,-0.13578076011160092,10,1.2724673,1.0235438
2022-07-21,-0.20197493401122105,21,1.3322521,1.5938091
2022-06-24,1.684391983663782,1,1.2589577,1.5376756
2022-06-28,0.9045900778909056,3,1.2517986,1.8700147
2022-06-30,-1.0966112828323014,5,1.2627176,1.425876
2022-07-07,2.164217603134489,10,1.3064437,1.3944476
2022-07-22,0.4843046511031827,21,1.3287541,1.6064866
2022-06-27,-0.018196485702281422,1,1.2493823,1.4355606
2022-06-29,-1.5692061111451636,3,1.2668672,1.977224
2022-07-01,0.9511709335596648,5,1.2533579,1.0409724
2022-07-08,-0.2736890531542324,10,1.3046106,1.1418196
2022-07-25,0.421387233357612,21,1.312897,1.3513244
2022-06-28,0.9045900778909056,1,1.2517986,1.44203
2022-06-30,-1.0966112828323014,3,1.2627176,1.211002
2022-07-04,-0.1750531421014445,5,1.2533603,1.4359945
2022-07-11,-0.43425882477925937,10,1.2980622,1.1509991
2022-07-26,-0.19807870198271438,21,1.289494,1.0236691
2022-06-29,-1.5692061111451636,1,1.2668672,1.1703862
2022-07-01,0.9511709335596648,3,1.2533579,0.96861446
2022-07-05,-2.511111275441297,5,1.2725624,1.439897
2022-07-12,-0.6268677244329804,10,1.2996325,0.8384415
2022-07-27,0.6767964576704856,21,1.287299,1.1106846
2022-06-30,-1.0966112828323014,1,1.2627176,1.1154227
2022-07-04,-0.1750531421014445,3,1.2533603,1.5526241
2022-07-06,-0.13578076011160092,5,1.2724673,0.95084965
2022-07-13,-0.875961916039566,10,1.2963499,1.1091945
2022-07-28,-0.48737549664121477,21,1.2851641,1.44311
2022-07-01,0.9511709335596648,1,1.2533579,1.1951622
2022-07-05,-2.511111275441297,3,1.2725624,1.63132
2022-07-07,2.164217603134489,5,1.3064437,1.4106086
2022-07-14,-1.7855349530355775,10,1.3098792,1.1281941
2022-07-29,0.878024986719614,21,1.2798315,1.3876977
2022-07-04,-0.1750531421014445,1,1.2533603,1.3928165
2022-07-06,-0.13578076011160092,3,1.2724673,1.1509799
2022-07-08,-0.2736890531542324,5,1.3046106,1.1331818
2022-07-15,1.7981208518112284,10,1.3165932,0.8750378
2022-08-01,-0.8755512699600336,21,1.2523447,1.5867752
2022-07-05,-2.511111275441297,1,1.2725624,1.467679
2022-07-07,2.164217603134489,3,1.3064437,1.3553517
2022-07-11,-0.43425882477925937,5,1.2980622,1.5521934
2022-07-18,0.21622989127667397,10,1.313562,0.63945836
2022-08-02,0.1458410838154963,21,1.2525083,1.288614
2022-07-06,-0.13578076011160092,1,1.2724673,1.21486
2022-07-08,-0.2736890531542324,3,1.3046106,1.6804867
2022-07-12,-0.6268677244329804,5,1.2996325,1.2945944
2022-07-19,2.0139664554788843,10,1.3276719,0.96742
2022-08-03,0.5566859625428002,21,1.2237535,1.8543594
2022-07-07,2.164217603134489,1,1.3064437,1.3343475
2022-07-11,-0.43425882477925937,3,1.2980622,1.9170074
2022-07-13,-0.875961916039566,5,1.2963499,1.336878
2022-07-20,-1.191050355854987,10,1.3337814,1.164835
2022-08-04,0.23308318123922347,21,1.2117511,1.2334902
2022-07-08,-0.2736890531542324,1,1.3046106,1.3252572
2022-07-12,-0.6268677244329804,3,1.2996325,1.3861605
2022-07-14,-1.7855349530355775,5,1.3098792,1.4986129
2022-07-21,-0.20197493401122105,10,1.3322521,1.6056066
2022-08-05,0.08451170500123785,21,1.1917744,1.5819079
2022-07-11,-0.43425882477925937,1,1.2980622,1.5225103
2022-07-13,-0.875961916039566,3,1.2963499,1.4264604
2022-07-15,1.7981208518112284,5,1.3165932,1.298761
2022-07-22,0.4843046511031827,10,1.3287541,1.3402574
2022-08-08,1.2712679951265813,21,1.2033522,1.1595931
2022-07-12,-0.6268677244329804,1,1.2996325,1.4172453
2022-07-14,-1.7855349530355775,3,1.3098792,1.5971842
2022-07-18,0.21622989127667397,5,1.313562,1.1994727
2022-07-25,0.421387233357612,10,1.312897,1.0007967
2022-08-09,0.4751462112080267,21,1.1897259,1.5160792
2022-07-13,-0.875961916039566,1,1.2963499,1.3120275
2022-07-15,1.7981208518112284,3,1.3165932,1.4389768
2022-07-19,2.0139664554788843,5,1.3276719,1.1849277
2022-07-26,-0.19807870198271438,10,1.289494,1.6777245
2022-08-10,0.49085890680528615,21,1.1916361,1.2297767
2022-07-14,-1.7855349530355775,1,1.3098792,1.4020295
2022-07-18,0.21622989127667397,3,1.313562,1.2769796
2022-07-20,-1.191050355854987,5,1.3337814,1.1306314
2022-07-27,0.6767964576704856,10,1.287299,1.1386166
2022-08-11,0.3251102500228124,21,1.1876788,1.2142141
2022-07-15,1.7981208518112284,1,1.3165932,1.2405452
2022-07-19,2.0139664554788843,3,1.3276719,1.3213948
2022-07-21,-0.20197493401122105,5,1.3322521,1.9660736
2022-07-28,-0.48737549664121477,10,1.2851641,1.4724025
2022-08-12,0.2431409269144299,21,1.1818146,1.4731587
2022-07-18,0.21622989127667397,1,1.313562,1.3578644
2022-07-20,-1.191050355854987,3,1.3337814,1.6051651
2022-07-22,0.4843046511031827,5,1.3287541,1.1655478
2022-07-29,0.878024986719614,10,1.2798315,0.9078507
2022-08-15,0.3161513027080123,21,1.1622764,1.2892199
2022-07-19,2.0139664554788843,1,1.3276719,1.1430018
2022-07-21,-0.20197493401122105,3,1.3322521,1.6311795
2022-07-25,0.421387233357612,5,1.312897,0.96463567
2022-08-01,-0.8755512699600336,10,1.2523447,1.6000531
2022-08-16,1.0024347619761775,21,1.1699746,1.2007744
2022-07-20,-1.191050355854987,1,1.3337814,1.3508642
2022-07-22,0.4843046511031827,3,1.3287541,1.1651686
2022-07-26,-0.19807870198271438,5,1.289494,1.3593048
2022-08-02,0.1458410838154963,10,1.2525083,1.108325
2022-08-17,-0.9099179422255219,21,1.1584779,0.93365103
2022-07-21,-0.20197493401122105,1,1.3322521,1.5474539
2022-07-25,0.421387233357612,3,1.312897,1.4216853
2022-07-27,0.6767964576704856,5,1.287299,1.1231372
2022-08-03,0.5566859625428002,10,1.2237535,1.4017122
2022-08-18,-0.053364641855571084,21,1.1411604,1.2710152
2022-07-22,0.4843046511031827,1,1.3287541,1.4284083
2022-07-26,-0.19807870198271438,3,1.289494,1.2472347
2022-07-28,-0.48737549664121477,5,1.2851641,1.2688291
2022-08-04,0.23308318123922347,10,1.2117511,0.84394497
2022-08-19,-1.0996985898719733,21,1.1458361,0.8470405
2022-07-25,0.421387233357612,1,1.312897,1.1609279
2022-07-27,0.6767964576704856,3,1.287299,1.6914966
2022-07-29,0.878024986719614,5,1.2798315,0.88896114
2022-08-05,0.08451170500123785,10,1.1917744,1.1203735
2022-08-22,-0.6412862095366116,21,1.1477855,1.06248
2022-07-26,-0.19807870198271438,1,1.289494,1.3043665
2022-07-28,-0.48737549664121477,3,1.2851641,1.2464595
2022-08-01,-0.8755512699600336,5,1.2523447,1.2428318
2022-08-08,1.2712679951265813,10,1.2033522,0.6745996
2022-08-23,-0.7086171701729576,21,1.1459527,0.94864726
2022-07-27,0.6767964576704856,1,1.287299,1.2815622
2022-07-29,0.878024986719614,3,1.2798315,1.132107
2022-08-02,0.1458410838154963,5,1.2525083,0.97947216
2022-08-09,0.4751462112080267,10,1.1897259,1.3128834
2022-08-24,-0.32753580119602665,21,1.1377848,0.9589038
2022-07-28,-0.48737549664121477,1,1.2851641,1.0194892
2022-08-01,-0.8755512699600336,3,1.2523447,0.9884315
2022-08-03,0.5566859625428002,5,1.2237535,0.96861994
2022-08-10,0.49085890680528615,10,1.1916361,0.7880206
2022-08-25,-0.14523799000211818,21,1.1377548,1.0689397
2022-07-29,0.878024986719614,1,1.2798315,0.8316207
2022-08-02,0.1458410838154963,3,1.2525083,0.9500421
2022-08-04,0.23308318123922347,5,1.2117511,0.8747316
2022-08-11,0.3251102500228124,10,1.1876788,0.79473615
2022-08-26,-1.5211290502898858,21,1.152201,1.0458779
2022-08-01,-0.8755512699600336,1,1.2523447,0.9719223
2022-08-03,0.5566859625428002,3,1.2237535,1.3565782
2022-08-05,0.08451170500123785,5,1.1917744,0.8728067
2022-08-12,0.2431409269144299,10,1.1818146,0.48700207
2022-08-29,-0.9256614511683584,21,1.1417643,1.130432
2022-08-02,0.1458410838154963,1,1.2525083,1.0186454
2022-08-04,0.23308318123922347,3,1.2117511,0.79755425
2022-08-08,1.2712679951265813,5,1.2033522,0.81044555
2022-08-15,0.3161513027080123,10,1.1622764,0.67020637
2022-08-30,-0.1227347455785659,21,1.14139,0.99370265
2022-08-03,0.5566859625428002,1,1.2237535,1.0992074
2022-08-05,0.08451170500123785,3,1.1917744,1.0618379
2022-08-09,0.4751462112080267,5,1.1897259,1.0912695
2022-08-16,1.0024347619761775,10,1.1699746,0.5887136
2022-08-31,-1.1811632415991442,21,1.1485194,0.9242934
2022-08-04,0.23308318123922347,1,1.2117511,0.9057507
2022-08-08,1.2712679951265813,3,1.2033522,0.87399673
2022-08-10,0.49085890680528615,5,1.1916361,1.0269821
2022-08-17,-0.9099179422255219,10,1.1584779,0.65324545
2022-09-01,-1.0209047316587552,21,1.1409372,0.94119
2022-08-05,0.08451170500123785,1,1.1917744,0.89613026
2022-08-09,0.4751462112080267,3,1.1897259,1.4711349
2022-08-11,0.3251102500228124,5,1.1876788,0.7868562
2022-08-18,-0.053364641855571084,10,1.1411604,0.5580069
2022-09-02,1.6037755902985382,21,1.0640043,0.80616987
2022-08-08,1.2712679951265813,1,1.2033522,0.852898
2022-08-10,0.49085890680528615,3,1.1916361,0.79688966
2022-08-12,0.2431409269144299,5,1.1818146,0.86394256
2022-08-19,-1.0996985898719733,10,1.1458361,0.63242865
2022-09-05,-0.880036575646209,21,1.0215497,0.6737594
2022-08-09,0.4751462112080267,1,1.1897259,1.1045985
2022-08-11,0.3251102500228124,3,1.1876788,0.83432394
2022-08-15,0.3161513027080123,5,1.1622764,0.85943496
2022-08-22,-0.6412862095366116,10,1.1477855,0.6003067
2022-09-06,-0.26106516619842407,21,1.0059315,1.0964978
2022-08-10,0.49085890680528615,1,1.1916361,0.9651398
2022-08-12,0.2431409269144299,3,1.1818146,1.1687422
2022-08-16,1.0024347619761775,5,1.1699746,0.7121944
2022-08-23,-0.7086171701729576,10,1.1459527,0.55745864
2022-09-07,0.17454346039501176,21,0.98997056,1.2753459
2022-08-11,0.3251102500228124,1,1.1876788,0.8862048
2022-08-15,0.3161513027080123,3,1.1622764,1.0347505
2022-08-17,-0.9099179422255219,5,1.1584779,0.75097084
2022-08-24,-0.32753580119602665,10,1.1377848,0.58503723
2022-09-08,0.7722241929064524,21,0.98464173,0.89832807
2022-08-12,0.2431409269144299,1,1.1818146,0.73698163
2022-08-16,1.0024347619761775,3,1.1699746,0.919389
2022-08-18,-0.053364641855571084,5,1.1411604,0.7322776
2022-08-25,-0.14523799000211818,10,1.1377548,0.56889415
2022-09-09,1.4583421987536171,21,0.9971589,0.93006295
2022-08-15,0.3161513027080123,1,1.1622764,0.8904582
2022-08-17,-0.9099179422255219,3,1.1584779,0.9113641
2022-08-19,-1.0996985898719733,5,1.1458361,0.62116647
2022-08-26,-1.5211290502898858,10,1.152201,0.52930355
2022-09-12,1.986828484619292,21,1.0060543,0.92336124
2022-08-16,1.0024347619761775,1,1.1699746,0.8474363
2022-08-18,-0.053364641855571084,3,1.1411604,0.844005
2022-08-22,-0.6412862095366116,5,1.1477855,0.642934
2022-08-29,-0.9256614511683584,10,1.1417643,0.8170836
2022-09-13,-1.6029079280693377,21,1.0239537,0.64732
2022-08-17,-0.9099179422255219,1,1.1584779,0.785094
2022-08-19,-1.0996985898719733,3,1.1458361,0.961699
2022-08-23,-0.7086171701729576,5,1.1459527,0.74840146
2022-08-30,-0.1227347455785659,10,1.14139,0.8038146
2022-09-14,-0.10422095784436428,21,1.0144033,0.73096246
2022-08-18,-0.053364641855571084,1,1.1411604,0.90813696
2022-08-22,-0.6412862095366116,3,1.1477855,0.8744856
2022-08-24,-0.32753580119602665,5,1.1377848,0.853598
2022-08-31,-1.1811632415991442,10,1.1485194,0.8582741
2022-09-15,0.37048322852923193,21,1.0137873,0.7396305
2022-08-19,-1.0996985898719733,1,1.1458361,0.91301423
2022-08-23,-0.7086171701729576,3,1.1459527,0.9063494
2022-08-25,-0.14523799000211818,5,1.1377548,0.8682585
2022-09-01,-1.0209047316587552,10,1.1409372,0.9640219
2022-09-16,-1.2545123519256156,21,1.00174,1.0870177
2022-08-22,-0.6412862095366116,1,1.1477855,0.9352707
2022-08-24,-0.32753580119602665,3,1.1377848,0.9392035
2022-08-26,-1.5211290502898858,5,1.152201,0.7571292
2022-09-02,1.6037755902985382,10,1.0640043,0.70316374
2022-09-19,0.10639697083917829,21,1.001943,1.0974613
2022-08-23,-0.7086171701729576,1,1.1459527,1.0105838
2022-08-25,-0.14523799000211818,3,1.1377548,1.5954771
2022-08-29,-0.9256614511683584,5,1.1417643,0.92572534
2022-09-05,-0.880036575646209,10,1.0215497,0.58053106
2022-09-20,-1.5139294464820579,21,1.0114431,1.2652384
2022-08-24,-0.32753580119602665,1,1.1377848,1.0803865
2022-08-26,-1.5211290502898858,3,1.152201,0.8963314
2022-08-30,-0.1227347455785659,5,1.14139,1.0074713
2022-09-06,-0.26106516619842407,10,1.0059315,1.1220038
2022-09-21,-0.011431982889882009,21,0.9926887,0.9321774
2022-08-25,-0.14523799000211818,1,1.1377548,0.9193068
2022-08-29,-0.9256614511683584,3,1.1417643,0.9914748
2022-08-31,-1.1811632415991442,5,1.1485194,0.7932635
2022-09-07,0.17454346039501176,10,0.98997056,0.9165808
2022-09-22,-1.246269381941134,21,0.99550736,0.6417372
2022-08-26,-1.5211290502898858,1,1.152201,0.78726655
2022-08-30,-0.1227347455785659,3,1.14139,0.8952988
2022-09-01,-1.0209047316587552,5,1.1409372,0.95615697
2022-09-08,0.7722241929064524,10,0.98464173,0.83624625
2022-09-23,-2.4900037602551697,21,1.0341685,0.86244863
2022-08-29,-0.9256614511683584,1,1.1417643,1.1571611
2022-08-31,-1.1811632415991442,3,1.1485194,1.2300023
2022-09-02,1.6037755902985382,5,1.0640043,1.0740218
2022-09-09,1.4583421987536171,10,0.9971589,1.0345721
2022-09-26,-0.9939122371116219,21,1.0402203,0.7860993
2022-08-30,-0.1227347455785659,1,1.14139,1.1746509
2022-09-01,-1.0209047316587552,3,1.1409372,1.6866549
2022-09-05,-0.880036575646209,5,1.0215497,0.69834465
2022-09-12,1.986828484619292,10,1.0060543,1.2428157
2022-09-27,-0.8399027587978836,21,0.99710935,1.2663244
2022-08-31,-1.1811632415991442,1,1.1485194,1.2670368
2022-09-02,1.6037755902985382,3,1.0640043,0.8116165
2022-09-06,-0.26106516619842407,5,1.0059315,1.0018088
2022-09-13,-1.6029079280693377,10,1.0239537,0.7255053
2022-09-28,-0.04701804907983698,21,0.9971381,1.1108567
2022-09-01,-1.0209047316587552,1,1.1409372,1.1884636
2022-09-05,-0.880036575646209,3,1.0215497,1.024154
2022-09-07,0.17454346039501176,5,0.98997056,1.1564502
2022-09-14,-0.10422095784436428,10,1.0144033,1.1177464
2022-09-29,-1.9278457368764077,21,0.9787446,1.2493201
2022-09-02,1.6037755902985382,1,1.0640043,0.90233266
2022-09-06,-0.26106516619842407,3,1.0059315,1.2819138
2022-09-08,0.7722241929064524,5,0.98464173,0.87722033
2022-09-15,0.37048322852923193,10,1.0137873,0.7453184
2022-09-30,0.909537254865681,21,0.98865235,1.1866761
2022-09-05,-0.880036575646209,1,1.0215497,0.9569539
2022-09-07,0.17454346039501176,3,0.98997056,1.5800112
2022-09-09,1.4583421987536171,5,0.9971589,1.154392
2022-09-16,-1.2545123519256156,10,1.00174,0.9525593
2022-10-03,1.2840055559652117,21,1.0052667,1.0220581
2022-09-06,-0.26106516619842407,1,1.0059315,1.3094673
2022-09-08,0.7722241929064524,3,0.98464173,1.5925932
2022-09-12,1.986828484619292,5,1.0060543,1.5754827
2022-09-19,0.10639697083917829,10,1.001943,1.4219407
2022-10-04,3.095519810347812,21,1.0857004,1.4475133
2022-09-07,0.17454346039501176,1,0.98997056,1.358584
2022-09-09,1.4583421987536171,3,0.9971589,1.3496381
2022-09-13,-1.6029079280693377,5,1.0239537,0.95178926
2022-09-20,-1.5139294464820579,10,1.0114431,1.0478228
2022-10-05,-1.52786659473244,21,1.0971297,1.0443543
2022-09-08,0.7722241929064524,1,0.98464173,0.94308317
2022-09-12,1.986828484619292,3,1.0060543,1.4763987
2022-09-14,-0.10422095784436428,5,1.0144033,1.0097387
2022-09-21,-0.011431982889882009,10,0.9926887,0.9459275
2022-10-06,-0.9118080533455679,21,1.0797476,1.5615399
2022-09-09,1.4583421987536171,1,0.9971589,1.3117267
2022-09-13,-1.6029079280693377,3,1.0239537,0.96673656
2022-09-15,0.37048322852923193,5,1.0137873,1.0129532
2022-09-22,-1.246269381941134,10,0.99550736,0.66958445
2022-10-07,-0.9927831073006111,21,1.0580744,1.0920252
2022-09-12,1.986828484619292,1,1.0060543,1.2587336
2022-09-14,-0.10422095784436428,3,1.0144033,1.4268183
2022-09-16,-1.2545123519256156,5,1.00174,0.9503493
2022-09-23,-2.4900037602551697,10,1.0341685,0.81211233
2022-10-10,-0.3151432872714314,21,1.0575182,1.4747292
2022-09-13,-1.6029079280693377,1,1.0239537,1.030433
2022-09-15,0.37048322852923193,3,1.0137873,1.2981786
2022-09-19,0.10639697083917829,5,1.001943,1.3849874
2022-09-26,-0.9939122371116219,10,1.0402203,1.01082
2022-10-11,-0.7799950171025644,21,1.0229447,1.5019476
2022-09-14,-0.10422095784436428,1,1.0144033,1.2601061
2022-09-16,-1.2545123519256156,3,1.00174,1.9505147
2022-09-20,-1.5139294464820579,5,1.0114431,1.5209905
2022-09-27,-0.8399027587978836,10,0.99710935,1.3964596
2022-10-12,-1.2971379793959474,21,1.0248369,1.5619596
2022-09-15,0.37048322852923193,1,1.0137873,1.0566306
2022-09-19,0.10639697083917829,3,1.001943,1.2464943
2022-09-21,-0.011431982889882009,5,0.9926887,1.4726405
2022-09-28,-0.04701804907983698,10,0.9971381,1.34136
2022-10-13,1.2005702078433405,21,1.0399224,1.2745192
2022-09-16,-1.2545123519256156,1,1.00174,1.265915
2022-09-20,-1.5139294464820579,3,1.0114431,1.3348018
2022-09-22,-1.246269381941134,5,0.99550736,1.0500548
2022-09-29,-1.9278457368764077,10,0.9787446,1.336901
2022-10-14,0.45753000465486,21,1.0396538,1.5511307
2022-09-19,0.10639697083917829,1,1.001943,1.1811196
2022-09-21,-0.011431982889882009,3,0.9926887,1.4442273
2022-09-23,-2.4900037602551697,5,1.0341685,1.2983048
2022-09-30,0.909537254865681,10,0.98865235,1.6512967
2022-10-17,2.33751840794145,21,1.0857419,1.4480172
2022-09-20,-1.5139294464820579,1,1.0114431,1.2812783
2022-09-22,-1.246269381941134,3,0.99550736,0.9881173
2022-09-26,-0.9939122371116219,5,1.0402203,1.3213993
2022-10-03,1.2840055559652117,10,1.0052667,1.5871603
2022-10-18,0.7146466426903747,21,1.0909065,1.3909092
2022-09-21,-0.011431982889882009,1,0.9926887,1.3878678
2022-09-23,-2.4900037602551697,3,1.0341685,1.7280854
2022-09-27,-0.8399027587978836,5,0.99710935,1.4760326
2022-10-04,3.095519810347812,10,1.0857004,1.6990921
2022-10-19,-0.364596419651264,21,1.0866554,2.0117075
2022-09-22,-1.246269381941134,1,0.99550736,1.1687702
2022-09-26,-0.9939122371116219,3,1.0402203,1.4385552
2022-09-28,-0.04701804907983698,5,0.9971381,1.524732
2022-10-05,-1.52786659473244,10,1.0971297,1.4050863
2022-10-20,0.798533268694286,21,1.0918512,1.5757488
2022-09-23,-2.4900037602551697,1,1.0341685,1.484833
2022-09-27,-0.8399027587978836,3,0.99710935,1.6889721
2022-09-29,-1.9278457368764077,5,0.9787446,1.5640398
2022-10-06,-0.9118080533455679,10,1.0797476,1.6829059
2022-10-21,-1.3008741711829033,21,1.0952247,1.741905
2022-09-26,-0.9939122371116219,1,1.0402203,1.668687
2022-09-28,-0.04701804907983698,3,0.9971381,2.3460143
2022-09-30,0.909537254865681,5,0.98865235,2.148621
2022-10-07,-0.9927831073006111,10,1.0580744,1.5690943
2022-10-24,1.7720037286203076,21,1.1177672,1.5317309
2022-09-27,-0.8399027587978836,1,0.99710935,1.9919045
2022-09-29,-1.9278457368764077,3,0.9787446,2.611476
2022-10-03,1.2840055559652117,5,1.0052667,1.7096925
2022-10-10,-0.3151432872714314,10,1.0575182,1.8641243
2022-10-25,1.4785024484018292,21,1.1355426,1.5841826
2022-09-28,-0.04701804907983698,1,0.9971381,2.5336595
2022-09-30,0.909537254865681,3,0.98865235,2.2544327
2022-10-04,3.095519810347812,5,1.0857004,2.0761516
2022-10-11,-0.7799950171025644,10,1.0229447,2.180417
2022-10-26,0.9664624714024437,21,1.1405562,1.475095
2022-09-29,-1.9278457368764077,1,0.9787446,1.9070611
2022-10-03,1.2840055559652117,3,1.0052667,2.3131046
2022-10-05,-1.52786659473244,5,1.0971297,1.6341735
2022-10-12,-1.2971379793959474,10,1.0248369,1.5279427
2022-10-27,0.6395786665948803,21,1.1435091,1.7638438
2022-09-30,0.909537254865681,1,0.98865235,2.321412
2022-10-04,3.095519810347812,3,1.0857004,2.8293896
2022-10-06,-0.9118080533455679,5,1.0797476,2.0724397
2022-10-13,1.2005702078433405,10,1.0399224,2.0167308
2022-10-28,-0.058089611170285285,21,1.1433735,1.6979011
2022-10-03,1.2840055559652117,1,1.0052667,2.027761
2022-10-05,-1.52786659473244,3,1.0971297,2.1096122
2022-10-07,-0.9927831073006111,5,1.0580744,1.6285956
2022-10-14,0.45753000465486,10,1.0396538,1.8452852
2022-10-31,0.504001570874968,21,1.1325611,2.1448665
2022-10-04,3.095519810347812,1,1.0857004,2.055832
2022-10-06,-0.9118080533455679,3,1.0797476,2.1177082
2022-10-10,-0.3151432872714314,5,1.0575182,1.6494758
2022-10-17,2.33751840794145,10,1.0857419,1.6622999
2022-11-01,0.5327329198583244,21,1.1330508,1.4189197
2022-10-05,-1.52786659473244,1,1.0971297,1.6864417
2022-10-07,-0.9927831073006111,3,1.0580744,1.7184795
2022-10-11,-0.7799950171025644,5,1.0229447,2.270618
2022-10-18,0.7146466426903747,10,1.0909065,1.5095206
2022-11-02,-0.3807715214561835,21,1.1314033,1.7014768
2022-10-06,-0.9118080533455679,1,1.0797476,1.8833979
2022-10-10,-0.3151432872714314,3,1.0575182,1.9230185
2022-10-12,-1.2971379793959474,5,1.0248369,1.9468914
2022-10-19,-0.364596419651264,10,1.0866554,1.5946349
2022-11-03,-1.259053727508189,21,1.1402749,1.7172996
2022-10-07,-0.9927831073006111,1,1.0580744,1.9339436
2022-10-11,-0.7799950171025644,3,1.0229447,3.014764
2022-10-13,1.2005702078433405,5,1.0399224,1.4432656
2022-10-20,0.798533268694286,10,1.0918512,1.6492131
2022-11-04,0.9334986455811071,21,1.1473074,1.4640692
2022-10-10,-0.3151432872714314,1,1.0575182,2.3183706
2022-10-12,-1.2971379793959474,3,1.0248369,2.3067265
2022-10-14,0.45753000465486,5,1.0396538,2.0588498
2022-10-21,-1.3008741711829033,10,1.0952247,1.8828471
2022-11-07,0.24646350105703546,21,1.146921,1.5113322
2022-10-11,-0.7799950171025644,1,1.0229447,2.74364
2022-10-13,1.2005702078433405,3,1.0399224,2.4595098
2022-10-17,2.33751840794145,5,1.0857419,2.1651912
2022-10-24,1.7720037286203076,10,1.1177672,1.2649146
2022-11-08,0.4586129382421687,21,1.1402345,1.8346922
2022-10-12,-1.2971379793959474,1,1.0248369,2.077526
2022-10-14,0.45753000465486,3,1.0396538,2.2384703
2022-10-18,0.7146466426903747,5,1.0909065,1.8578813
2022-10-25,1.4785024484018292,10,1.1355426,1.6249645
2022-11-09,0.5174800971259775,21,1.1380148,1.4626464
2022-10-13,1.2005702078433405,1,1.0399224,2.1903474
2022-10-17,2.33751840794145,3,1.0857419,2.0256388
2022-10-19,-0.364596419651264,5,1.0866554,1.5630158
2022-10-26,0.9664624714024437,10,1.1405562,1.3810813
2022-11-10,1.1475616856945565,21,1.1489958,1.3252763
2022-10-14,0.45753000465486,1,1.0396538,1.6629658
2022-10-18,0.7146466426903747,3,1.0909065,1.727157
2022-10-20,0.798533268694286,5,1.0918512,1.5427961
2022-10-27,0.6395786665948803,10,1.1435091,1.3477004
2022-11-11,-0.4324983792244057,21,1.1419681,1.2883558
2022-10-17,2.33751840794145,1,1.0857419,1.5768008
2022-10-19,-0.364596419651264,3,1.0866554,1.7168605
2022-10-21,-1.3008741711829033,5,1.0952247,1.6599177
2022-10-28,-0.058089611170285285,10,1.1433735,1.0413043
2022-11-14,0.8410954249251406,21,1.1449615,1.5761101
2022-10-18,0.7146466426903747,1,1.0909065,1.7866905
2022-10-20,0.798533268694286,3,1.0918512,2.21268
2022-10-24,1.7720037286203076,5,1.1177672,1.5630926
2022-10-31,0.504001570874968,10,1.1325611,1.6216887
2022-11-15,0.2678098073272234,21,1.1420007,1.5165085
2022-10-19,-0.364596419651264,1,1.0866554,1.5338533
2022-10-21,-1.3008741711829033,3,1.0952247,2.0867622
2022-10-25,1.4785024484018292,5,1.1355426,1.4002513
2022-11-01,0.5327329198583244,10,1.1330508,1.0764261
2022-11-16,-1.0681632334789828,21,1.1494945,1.5922924
2022-10-20,0.798533268694286,1,1.0918512,1.751766
2022-10-24,1.7720037286203076,3,1.1177672,1.7848123
2022-10-26,0.9664624714024437,5,1.1405562,1.6211027
2022-11-02,-0.3807715214561835,10,1.1314033,1.4354726
2022-11-17,-0.7520742171956408,21,1.1532781,1.5507518
2022-10-21,-1.3008741711829033,1,1.0952247,1.4084294
2022-10-25,1.4785024484018292,3,1.1355426,1.5029964
2022-10-27,0.6395786665948803,5,1.1435091,1.4686078
2022-11-03,-1.259053727508189,10,1.1402749,1.2299663
2022-11-18,1.077414015659074,21,1.1451012,1.3208356
2022-10-24,1.7720037286203076,1,1.1177672,1.3164047
2022-10-26,0.9664624714024437,3,1.1405562,1.9703739
2022-10-28,-0.058089611170285285,5,1.1433735,1.304182
2022-11-04,0.9334986455811071,10,1.1473074,0.82783043
2022-11-21,0.742823435015549,21,1.1421715,1.4202646
2022-10-25,1.4785024484018292,1,1.1355426,1.6331768
2022-10-27,0.6395786665948803,3,1.1435091,1.617783
2022-10-31,0.504001570874968,5,1.1325611,1.5034847
2022-11-07,0.24646350105703546,10,1.146921,1.0381217
2022-11-22,1.6544517282178348,21,1.160747,1.5295271
2022-10-26,0.9664624714024437,1,1.1405562,1.5453892
2022-10-28,-0.058089611170285285,3,1.1433735,1.4600756
2022-11-01,0.5327329198583244,5,1.1330508,1.3916965
2022-11-08,0.4586129382421687,10,1.1402345,1.444131
2022-11-23,0.07444675599901501,21,1.1490568,1.7346542
2022-10-27,0.6395786665948803,1,1.1435091,1.2860221
2022-10-31,0.504001570874968,3,1.1325611,1.6389693
2022-11-02,-0.3807715214561835,5,1.1314033,1.3783323
2022-11-09,0.5174800971259775,10,1.1380148,1.1303548
2022-11-24,0.6806531335149569,21,1.1421132,1.6427562
2022-10-28,-0.058089611170285285,1,1.1433735,1.2105068
2022-11-01,0.5327329198583244,3,1.1330508,1.5339984
2022-11-03,-1.259053727508189,5,1.1402749,1.595219
2022-11-10,1.1475616856945565,10,1.1489958,0.86447316
2022-11-25,0.33919114681630597,21,1.1258173,1.578828
2022-10-31,0.504001570874968,1,1.1325611,1.2629375
2022-11-02,-0.3807715214561835,3,1.1314033,1.6285577
2022-11-04,0.9334986455811071,5,1.1473074,1.0522366
2022-11-11,-0.4324983792244057,10,1.1419681,0.901717
2022-11-28,-1.1159149957614907,21,1.1296984,1.2672117
2022-11-01,0.5327329198583244,1,1.1330508,1.2947717
2022-11-03,-1.259053727508189,3,1.1402749,1.7509227
2022-11-07,0.24646350105703546,5,1.146921,1.2096
2022-11-14,0.8410954249251406,10,1.1449615,1.137412
2022-11-29,-0.013216944141611005,21,1.1288277,1.0111393
2022-11-02,-0.3807715214561835,1,1.1314033,1.3781253
2022-11-04,0.9334986455811071,3,1.1473074,1.0471495
2022-11-08,0.4586129382421687,5,1.1402345,1.5845114
2022-11-15,0.2678098073272234,10,1.1420007,1.1909477
2022-11-30,0.4926502145741138,21,1.129935,0.9805544
2022-11-03,-1.259053727508189,1,1.1402749,1.3655577
2022-11-07,0.24646350105703546,3,1.146921,1.0958409
2022-11-09,0.5174800971259775,5,1.1380148,1.3419827
2022-11-16,-1.0681632334789828,10,1.1494945,1.2861847
2022-12-01,0.533061109257802,21,1.1279589,0.98084605
2022-11-04,0.9334986455811071,1,1.1473074,1.3161615
2022-11-08,0.4586129382421687,3,1.1402345,1.6137538
2022-11-10,1.1475616856945565,5,1.1489958,1.0080035
2022-11-17,-0.7520742171956408,10,1.1532781,1.3160118
2022-12-02,-0.3013611166739341,21,1.1148509,1.3656088
2022-11-07,0.24646350105703546,1,1.146921,1.2863444
2022-11-09,0.5174800971259775,3,1.1380148,1.3727688
2022-11-11,-0.4324983792244057,5,1.1419681,1.1359597
2022-11-18,1.077414015659074,10,1.1451012,1.2037679
2022-12-05,-0.1492297041042899,21,1.0863765,1.1641892
2022-11-08,0.4586129382421687,1,1.1402345,1.5009583
2022-11-10,1.1475616856945565,3,1.1489958,1.414589
2022-11-14,0.8410954249251406,5,1.1449615,1.2442374
2022-11-21,0.742823435015549,10,1.1421715,1.4567035
2022-12-06,-0.4574310454921621,21,1.0669904,1.2216722
2022-11-09,0.5174800971259775,1,1.1380148,1.4131129
2022-11-11,-0.4324983792244057,3,1.1419681,1.1983198
2022-11-15,0.2678098073272234,5,1.1420007,1.5291524
2022-11-22,1.6544517282178348,10,1.160747,1.2410104
2022-12-07,-0.49812404471043775,21,1.0691929,1.0368257
2022-11-10,1.1475616856945565,1,1.1489958,1.0619342
2022-11-14,0.8410954249251406,3,1.1449615,1.4055003
2022-11-16,-1.0681632334789828,5,1.1494945,1.215669
2022-11-23,0.07444675599901501,10,1.1490568,1.241187
2022-12-08,-0.790766849406388,21,1.0737553,1.0736623
2022-11-11,-0.4324983792244057,1,1.1419681,1.1601164
2022-11-15,0.2678098073272234,3,1.1420007,1.4247746
2022-11-17,-0.7520742171956408,5,1.1532781,1.2838852
2022-11-24,0.6806531335149569,10,1.1421132,1.3377135
2022-12-09,0.7750850215969264,21,1.0645797,1.1652493
2022-11-14,0.8410954249251406,1,1.1449615,1.2137964
2022-11-16,-1.0681632334789828,3,1.1494945,1.5619811
2022-11-18,1.077414015659074,5,1.1451012,1.1074184
2022-11-25,0.33919114681630597,10,1.1258173,1.4305705
2022-12-12,-0.36620559293083166,21,1.0659959,1.4261768
2022-11-15,0.2678098073272234,1,1.1420007,1.2291493
2022-11-17,-0.7520742171956408,3,1.1532781,1.3232411
2022-11-21,0.742823435015549,5,1.1421715,1.1076977
2022-11-28,-1.1159149957614907,10,1.1296984,0.91615
2022-12-13,0.8295900857179735,21,1.0503733,1.494321
2022-11-16,-1.0681632334789828,1,1.1494945,1.3354491
2022-11-18,1.077414015659074,3,1.1451012,1.052002
2022-11-22,1.6544517282178348,5,1.160747,1.1122108
2022-11-29,-0.013216944141611005,10,1.1288277,0.8871252
2022-12-14,0.39428872471042814,21,1.0509917,1.4479619
2022-11-17,-0.7520742171956408,1,1.1532781,1.1647457
2022-11-21,0.742823435015549,3,1.1421715,1.5542524
2022-11-23,0.07444675599901501,5,1.1490568,1.0797518
2022-11-30,0.4926502145741138,10,1.129935,0.90799326
2022-12-15,-1.7105981846448575,21,1.0627192,1.4372813
2022-11-18,1.077414015659074,1,1.1451012,1.2544606
2022-11-22,1.6544517282178348,3,1.160747,1.6423296
2022-11-24,0.6806531335149569,5,1.1421132,1.1570451
2022-12-01,0.533061109257802,10,1.1279589,1.0355952
2022-12-16,-1.3018130979514293,21,1.0241492,1.1717652
2022-11-21,0.742823435015549,1,1.1421715,1.1850606
2022-11-23,0.07444675599901501,3,1.1490568,1.2033836
2022-11-25,0.33919114681630597,5,1.1258173,1.3286297
2022-12-02,-0.3013611166739341,10,1.1148509,1.1084093
2022-12-19,0.29909002990409755,21,1.0140296,1.0522254
2022-11-22,1.6544517282178348,1,1.160747,1.1375375
2022-11-24,0.6806531335149569,3,1.1421132,1.2405272
2022-11-28,-1.1159149957614907,5,1.1296984,0.8819191
2022-12-05,-0.1492297041042899,10,1.0863765,0.8314739
2022-12-20,0.5930663137287412,21,1.007559,1.1604695
2022-11-23,0.07444675599901501,1,1.1490568,0.9721533
2022-11-25,0.33919114681630597,3,1.1258173,1.8021457
2022-11-29,-0.013216944141611005,5,1.1288277,0.88372487
2022-12-06,-0.4574310454921621,10,1.0669904,0.83911777
2022-12-21,1.4204939382299642,21,1.0202345,1.3265858
2022-11-24,0.6806531335149569,1,1.1421132,1.0549973
2022-11-28,-1.1159149957614907,3,1.1296984,1.2609605
2022-11-30,0.4926502145741138,5,1.129935,1.0830679
2022-12-07,-0.49812404471043775,10,1.0691929,0.994027
2022-12-22,-0.3644178180979334,21,0.9847769,1.2434204
2022-11-25,0.33919114681630597,1,1.1258173,1.111553
2022-11-29,-0.013216944141611005,3,1.1288277,1.0674353
2022-12-01,0.533061109257802,5,1.1279589,0.78333783
2022-12-08,-0.790766849406388,10,1.0737553,0.8874842
2022-12-23,-0.036273064020667635,21,0.9809247,1.1628672
2022-11-28,-1.1159149957614907,1,1.1296984,0.89662236
2022-11-30,0.4926502145741138,3,1.129935,0.99478084
2022-12-02,-0.3013611166739341,5,1.1148509,1.0347598
2022-12-09,0.7750850215969264,10,1.0645797,0.69991916
2022-12-27,0.012092483327118122,21,0.97062767,1.4706194
2022-11-29,-0.013216944141611005,1,1.1288277,0.9843323
2022-12-01,0.533061109257802,3,1.1279589,1.6133074
2022-12-05,-0.1492297041042899,5,1.0863765,0.8649796
2022-12-12,-0.36620559293083166,10,1.0659959,0.8354712
2022-12-28,-0.14036278819136816,21,0.89212173,1.2203988
2022-11-30,0.4926502145741138,1,1.129935,0.90733445
2022-12-02,-0.3013611166739341,3,1.1148509,1.249789
2022-12-06,-0.4574310454921621,5,1.0669904,0.84599656
2022-12-13,0.8295900857179735,10,1.0503733,1.0415964
2022-12-29,0.7214934053442594,21,0.86876595,1.1105411
2022-12-01,0.533061109257802,1,1.1279589,0.98158073
2022-12-05,-0.1492297041042899,3,1.0863765,0.8845702
2022-12-07,-0.49812404471043775,5,1.0691929,1.0346324
2022-12-14,0.39428872471042814,10,1.0509917,1.2546031
2022-12-30,-1.0781254337857724,21,0.8724847,0.80318
2022-12-02,-0.3013611166739341,1,1.1148509,1.1331693
2022-12-06,-0.4574310454921621,3,1.0669904,0.86666685
2022-12-08,-0.790766849406388,5,1.0737553,1.0662416
2022-12-15,-1.7105981846448575,10,1.0627192,1.0488801
2023-01-02,1.694138887053407,21,0.8816301,1.1177306
2022-12-05,-0.1492297041042899,1,1.0863765,0.94236463
2022-12-07,-0.49812404471043775,3,1.0691929,1.1617715
2022-12-09,0.7750850215969264,5,1.0645797,0.95209503
2022-12-16,-1.3018130979514293,10,1.0241492,1.1117375
2023-01-03,0.33040925622360096,21,0.87921065,1.3606675
2022-12-06,-0.4574310454921621,1,1.0669904,0.9649321
2022-12-08,-0.790766849406388,3,1.0737553,1.8391769
2022-12-12,-0.36620559293083166,5,1.0659959,0.9273968
2022-12-19,0.29909002990409755,10,1.0140296,1.0609655
2023-01-04,1.9154691267352597,21,0.8965803,1.5786906
2022-12-07,-0.49812404471043775,1,1.0691929,1.2068393
2022-12-09,0.7750850215969264,3,1.0645797,1.099647
2022-12-13,0.8295900857179735,5,1.0503733,1.1122813
2022-12-20,0.5930663137287412,10,1.007559,1.4258163
2023-01-05,0.5568708543536488,21,0.8739258,1.5476727
2022-12-08,-0.790766849406388,1,1.0737553,1.2798305
2022-12-12,-0.36620559293083166,3,1.0659959,0.93735456
2022-12-14,0.39428872471042814,5,1.0509917,1.4579148
2022-12-21,1.4204939382299642,10,1.0202345,1.2813716
2023-01-06,1.080392051143907,21,0.8719238,1.4471885
2022-12-09,0.7750850215969264,1,1.0645797,0.8644756
2022-12-13,0.8295900857179735,3,1.0503733,1.8022655
2022-12-15,-1.7105981846448575,5,1.0627192,1.0045563
2022-12-22,-0.3644178180979334,10,0.9847769,1.0833241
2023-01-09,-0.07128075721448904,21,0.87278676,1.7752644
2022-12-12,-0.36620559293083166,1,1.0659959,1.1401508
2022-12-14,0.39428872471042814,3,1.0509917,1.678373
2022-12-16,-1.3018130979514293,5,1.0241492,1.2264218
2022-12-23,-0.036273064020667635,10,0.9809247,1.302449
2023-01-10,0.20450844692951256,21,0.82963157,1.0909847
2022-12-13,0.8295900857179735,1,1.0503733,1.2382668
2022-12-15,-1.7105981846448575,3,1.0627192,1.5028237
2022-12-19,0.29909002990409755,5,1.0140296,1.2472711
2022-12-27,0.012092483327118122,10,0.97062767,1.7080467
2023-01-11,0.15597227773494995,21,0.82731354,1.4701529
2022-12-14,0.39428872471042814,1,1.0509917,1.2945459
2022-12-16,-1.3018130979514293,3,1.0241492,0.9856175
2022-12-20,0.5930663137287412,5,1.007559,1.3645527
2022-12-28,-0.14036278819136816,10,0.89212173,1.2050725
2023-01-12,1.159836180016174,21,0.8322046,0.9649981
2022-12-15,-1.7105981846448575,1,1.0627192,1.0001645
2022-12-19,0.29909002990409755,3,1.0140296,1.4018223
2022-12-21,1.4204939382299642,5,1.0202345,1.1784039
2022-12-29,0.7214934053442594,10,0.86876595,1.195208
2023-01-13,0.6053164198593584,21,0.83043075,1.4291373
2022-12-16,-1.3018130979514293,1,1.0241492,1.1840183
2022-12-20,0.5930663137287412,3,1.007559,1.4960821
2022-12-22,-0.3644178180979334,5,0.9847769,1.2318988
2022-12-30,-1.0781254337857724,10,0.8724847,1.4743997
2023-01-16,-0.11941779617510834,21,0.8067009,1.3103895
2022-12-19,0.29909002990409755,1,1.0140296,1.5043781
2022-12-21,1.4204939382299642,3,1.0202345,2.0288346
2022-12-23,-0.036273064020667635,5,0.9809247,1.3622593
2023-01-02,1.694138887053407,10,0.8816301,1.4364523
2023-01-17,0.2173240728104805,21,0.7822266,2.0749545
2022-12-20,0.5930663137287412,1,1.007559,1.3605151
2022-12-22,-0.3644178180979334,3,0.9847769,1.3509011
2022-12-27,0.012092483327118122,5,0.97062767,1.6239872
2023-01-03,0.33040925622360096,10,0.87921065,1.422762
2023-01-18,0.4813824609156621,21,0.76597387,1.7008084
2022-12-21,1.4204939382299642,1,1.0202345,1.3827293
2022-12-23,-0.036273064020667635,3,0.9809247,1.6158344
2022-12-28,-0.14036278819136816,5,0.89212173,1.4155447
2023-01-04,1.9154691267352597,10,0.8965803,1.2334661
2023-01-19,-1.5818544483443682,21,0.79441,1.5300478
2022-12-22,-0.3644178180979334,1,0.9847769,1.1067212
2022-12-27,0.012092483327118122,3,0.97062767,1.5158082
2022-12-29,0.7214934053442594,5,0.86876595,1.654449
2023-01-05,0.5568708543536488,10,0.8739258,1.3484967
2023-01-20,1.412680949183993,21,0.808065,1.3066483
2022-12-23,-0.036273064020667635,1,0.9809247,1.289579
2022-12-28,-0.14036278819136816,3,0.89212173,1.6456891
2022-12-30,-1.0781254337857724,5,0.8724847,1.4537879
2023-01-06,1.080392051143907,10,0.8719238,1.5457617
2023-01-23,0.2899964523173044,21,0.80744743,1.1199147
2022-12-27,0.012092483327118122,1,0.97062767,1.2698896
2022-12-29,0.7214934053442594,3,0.86876595,1.3044001
2023-01-02,1.694138887053407,5,0.8816301,1.1863883
2023-01-09,-0.07128075721448904,10,0.87278676,1.680165
2023-01-24,0.2568226879486436,21,0.8065178,1.1187437
2022-12-28,-0.14036278819136816,1,0.89212173,1.2687353
2022-12-30,-1.0781254337857724,3,0.8724847,1.1069727
2023-01-03,0.33040925622360096,5,0.87921065,1.2112617
2023-01-10,0.20450844692951256,10,0.82963157,1.274846
2023-01-25,-0.10711537125398908,21,0.8062643,1.630986
2022-12-29,0.7214934053442594,1,0.86876595,1.4529055
2023-01-02,1.694138887053407,3,0.8816301,1.7103828
2023-01-04,1.9154691267352597,5,0.8965803,1.220717
2023-01-11,0.15597227773494995,10,0.82731354,1.2434273
2023-01-26,0.8681160054011153,21,0.8074354,1.855227
2022-12-30,-1.0781254337857724,1,0.8724847,1.3844942
2023-01-03,0.33040925622360096,3,0.87921065,1.3842714
2023-01-05,0.5568708543536488,5,0.8739258,1.1848949
2023-01-12,1.159836180016174,10,0.8322046,1.2449723
2023-01-27,0.2718864615442086,21,0.7840954,1.5899259
2023-01-02,1.694138887053407,1,0.8816301,1.2601202
2023-01-04,1.9154691267352597,3,0.8965803,1.4970249
2023-01-06,1.080392051143907,5,0.8719238,1.4655495
2023-01-13,0.6053164198593584,10,0.83043075,1.4552603
2023-01-30,-0.12037882124048473,21,0.7799752,1.3400302
2023-01-03,0.33040925622360096,1,0.87921065,1.210641
2023-01-05,0.5568708543536488,3,0.8739258,1.1911285
2023-01-09,-0.07128075721448904,5,0.87278676,1.7214551
2023-01-16,-0.11941779617510834,10,0.8067009,1.0461571
2023-01-31,-0.16921694216079283,21,0.7815571,1.295994
2023-01-04,1.9154691267352597,1,0.8965803,1.0566458
2023-01-06,1.080392051143907,3,0.8719238,1.560769
2023-01-10,0.20450844692951256,5,0.82963157,1.4016064
2023-01-17,0.2173240728104805,10,0.7822266,1.0795888
2023-02-01,0.7070363281681968,21,0.7835494,1.1909977
2023-01-05,0.5568708543536488,1,0.8739258,1.105826
2023-01-09,-0.07128075721448904,3,0.87278676,1.8973498
2023-01-11,0.15597227773494995,5,0.82731354,1.2861583
2023-01-18,0.4813824609156621,10,0.76597387,0.98311675
2023-02-02,1.4360944763883163,21,0.7984018,1.2910391
2023-01-06,1.080392051143907,1,0.8719238,1.4774476
2023-01-10,0.20450844692951256,3,0.82963157,1.2833781
2023-01-12,1.159836180016174,5,0.8322046,1.0993372
2023-01-19,-1.5818544483443682,10,0.79441,1.4266604
2023-02-03,-0.044431681603132954,21,0.7899666,1.3320659
2023-01-09,-0.07128075721448904,1,0.87278676,1.4087667
2023-01-11,0.15597227773494995,3,0.82731354,1.0526607
2023-01-13,0.6053164198593584,5,0.83043075,1.3980476
2023-01-20,1.412680949183993,10,0.808065,1.0935457
2023-02-06,-0.7223389834480392,21,0.79483354,1.3864666
2023-01-10,0.20450844692951256,1,0.82963157,1.0079552
2023-01-12,1.159836180016174,3,0.8322046,1.2944009
2023-01-16,-0.11941779617510834,5,0.8067009,0.95928293
2023-01-23,0.2899964523173044,10,0.80744743,0.8999022
2023-02-07,0.1440136407230227,21,0.790464,1.6232913
2023-01-11,0.15597227773494995,1,0.82731354,1.1186111
2023-01-13,0.6053164198593584,3,0.83043075,1.779738
2023-01-17,0.2173240728104805,5,0.7822266,1.0920191
2023-01-24,0.2568226879486436,10,0.8065178,0.6802845
2023-02-08,0.5967506309432143,21,0.79212636,0.9671626
2023-01-12,1.159836180016174,1,0.8322046,1.248418
2023-01-16,-0.11941779617510834,3,0.8067009,1.3749778
2023-01-18,0.4813824609156621,5,0.76597387,1.2042072
2023-01-25,-0.10711537125398908,10,0.8062643,1.1152451
2023-02-09,0.1754120466235049,21,0.7744792,1.2385602
2023-01-13,0.6053164198593584,1,0.83043075,1.3364449
2023-01-17,0.2173240728104805,3,0.7822266,0.8299335
2023-01-19,-1.5818544483443682,5,0.79441,1.5481175
2023-01-26,0.8681160054011153,10,0.8074354,1.1374482
2023-02-10,-1.3735926088650467,21,0.7916642,0.76754546
2023-01-16,-0.11941779617510834,1,0.8067009,1.0247579
2023-01-18,0.4813824609156621,3,0.76597387,1.2071602
2023-01-20,1.412680949183993,5,0.808065,1.0915506
2023-01-27,0.2718864615442086,10,0.7840954,0.9202373
2023-02-13,1.013774730490675,21,0.7905234,1.1937565
2023-01-17,0.2173240728104805,1,0.7822266,1.1573167
2023-01-19,-1.5818544483443682,3,0.79441,1.5819565
2023-01-23,0.2899964523173044,5,0.80744743,1.004286
2023-01-30,-0.12037882124048473,10,0.7799752,0.8435793
2023-02-14,0.5727138289306629,21,0.7888775,1.1522024
2023-01-18,0.4813824609156621,1,0.76597387,1.4274558
2023-01-20,1.412680949183993,3,0.808065,1.3871874
2023-01-24,0.2568226879486436,5,0.8065178,0.985103
2023-01-31,-0.16921694216079283,10,0.7815571,0.9300542
2023-02-15,0.3405542681394279,21,0.7658769,1.4604702
2023-01-19,-1.5818544483443682,1,0.79441,1.2609061
2023-01-23,0.2899964523173044,3,0.80744743,1.0395153
2023-01-25,-0.10711537125398908,5,0.8062643,1.311803
2023-02-01,0.7070363281681968,10,0.7835494,1.0944175
2023-02-16,0.3490479913311281,21,0.7660337,0.9215436
2023-01-20,1.412680949183993,1,0.808065,1.5849835
2023-01-24,0.2568226879486436,3,0.8065178,1.4638917
2023-01-26,0.8681160054011153,5,0.8074354,1.7387133
2023-02-02,1.4360944763883163,10,0.7984018,0.70289105
2023-02-17,0.06109226729777249,21,0.76345485,1.3026066
2023-01-23,0.2899964523173044,1,0.80744743,1.09056
2023-01-25,-0.10711537125398908,3,0.8062643,1.7465975
2023-01-27,0.2718864615442086,5,0.7840954,1.2094377
2023-02-03,-0.044431681603132954,10,0.7899666,1.3412597
2023-02-20,-0.5554883389760347,21,0.7689686,1.0192149
2023-01-24,0.2568226879486436,1,0.8065178,1.4517398
2023-01-26,0.8681160054011153,3,0.8074354,1.714984
2023-01-30,-0.12037882124048473,5,0.7799752,0.98484457
2023-02-06,-0.7223389834480392,10,0.79483354,1.2950342
2023-02-21,-0.3151070409224109,21,0.7531823,1.1577038
2023-01-25,-0.10711537125398908,1,0.8062643,1.2848496
2023-01-27,0.2718864615442086,3,0.7840954,1.1395009
2023-01-31,-0.16921694216079283,5,0.7815571,1.2989597
2023-02-07,0.1440136407230227,10,0.790464,1.4029667
2023-02-22,-0.8618871468684987,21,0.7646835,1.0413384
2023-01-26,0.8681160054011153,1,0.8074354,1.315335
2023-01-30,-0.12037882124048473,3,0.7799752,1.0639029
2023-02-01,0.7070363281681968,5,0.7835494,1.0131977
2023-02-08,0.5967506309432143,10,0.79212636,0.7522841
2023-02-23,0.6400699954812052,21,0.765999,1.084677
2023-01-27,0.2718864615442086,1,0.7840954,1.1271869
2023-01-31,-0.16921694216079283,3,0.7815571,1.3377458
2023-02-02,1.4360944763883163,5,0.7984018,0.93015194
2023-02-09,0.1754120466235049,10,0.7744792,1.067469
2023-02-24,-0.326586702764011,21,0.76703024,1.3297693
2023-01-30,-0.12037882124048473,1,0.7799752,1.1655238
2023-02-01,0.7070363281681968,3,0.7835494,1.1587019
2023-02-03,-0.044431681603132954,5,0.7899666,1.0901138
2023-02-10,-1.3735926088650467,10,0.7916642,0.6343451
2023-02-27,1.2184339375336748,21,0.7768922,1.0880649
2023-01-31,-0.16921694216079283,1,0.7815571,1.217232
2023-02-02,1.4360944763883163,3,0.7984018,1.4701122
2023-02-06,-0.7223389834480392,5,0.79483354,1.2561034
2023-02-13,1.013774730490675,10,0.7905234,0.99055487
2023-02-28,0.8584202502391036,21,0.7806323,1.1613021
2023-02-01,0.7070363281681968,1,0.7835494,1.1541597
2023-02-03,-0.044431681603132954,3,0.7899666,1.1625135
2023-02-07,0.1440136407230227,5,0.790464,1.2381072
2023-02-14,0.5727138289306629,10,0.7888775,0.9388416
2023-03-01,-0.766131702491625,21,0.78598714,0.97820354
2023-02-02,1.4360944763883163,1,0.7984018,0.93758106
2023-02-06,-0.7223389834480392,3,0.79483354,1.2331426
2023-02-08,0.5967506309432143,5,0.79212636,0.76101124
2023-02-15,0.3405542681394279,10,0.7658769,1.0625737
2023-03-02,0.047184481470790116,21,0.7810644,0.8658084
2023-02-03,-0.044431681603132954,1,0.7899666,1.1149682
2023-02-07,0.1440136407230227,3,0.790464,1.2084415
2023-02-09,0.1754120466235049,5,0.7744792,1.0780764
2023-02-16,0.3490479913311281,10,0.7660337,0.7730589
2023-03-03,1.4570675255601497,21,0.78680044,0.9208453
2023-02-06,-0.7223389834480392,1,0.79483354,1.236092
2023-02-08,0.5967506309432143,3,0.79212636,1.4620701
2023-02-10,-1.3735926088650467,5,0.7916642,0.868728
2023-02-17,0.06109226729777249,10,0.76345485,1.0967598
2023-03-06,0.4932764334015043,21,0.7843521,1.6061523
2023-02-07,0.1440136407230227,1,0.790464,1.3114647
2023-02-09,0.1754120466235049,3,0.7744792,1.1826183
2023-02-13,1.013774730490675,5,0.7905234,1.0008646
2023-02-20,-0.5554883389760347,10,0.7689686,1.1386918
2023-03-07,-1.0559179816700317,21,0.7981581,1.1678578
2023-02-08,0.5967506309432143,1,0.79212636,1.1743176
2023-02-10,-1.3735926088650467,3,0.7916642,0.96137625
2023-02-14,0.5727138289306629,5,0.7888775,1.1266491
2023-02-21,-0.3151070409224109,10,0.7531823,0.86322045
2023-03-08,0.5827151868942279,21,0.7955823,1.3008974
2023-02-09,0.1754120466235049,1,0.7744792,1.1545129
2023-02-13,1.013774730490675,3,0.7905234,1.4534578
2023-02-15,0.3405542681394279,5,0.7658769,1.3452742
2023-02-22,-0.8618871468684987,10,0.7646835,0.61922616
2023-03-09,-0.4542261890052659,21,0.79984504,1.2523624
2023-02-10,-1.3735926088650467,1,0.7916642,0.9787948
2023-02-14,0.5727138289306629,3,0.7888775,1.7286762
2023-02-16,0.3490479913311281,5,0.7660337,0.853514
2023-02-23,0.6400699954812052,10,0.765999,0.73819125
2023-03-10,-1.4774538857768689,21,0.7909254,1.0962471
2023-02-13,1.013774730490675,1,0.7905234,1.2534223
2023-02-15,0.3405542681394279,3,0.7658769,1.2126042
2023-02-17,0.06109226729777249,5,0.76345485,1.2663589
2023-02-24,-0.326586702764011,10,0.76703024,1.3723575
2023-03-13,-3.5752743211563134,21,0.90978014,0.8208889
2023-02-14,0.5727138289306629,1,0.7888775,1.2288368
2023-02-16,0.3490479913311281,3,0.7660337,0.97769
2023-02-20,-0.5554883389760347,5,0.7689686,1.3549898
2023-02-27,1.2184339375336748,10,0.7768922,1.1022358
2023-03-14,2.208955082774443,21,0.947179,1.1597469
2023-02-15,0.3405542681394279,1,0.7658769,1.319828
2023-02-17,0.06109226729777249,3,0.76345485,1.4211736
2023-02-21,-0.3151070409224109,5,0.7531823,1.1181219
2023-02-28,0.8584202502391036,10,0.7806323,1.4542348
2023-03-15,-4.464384247666492,21,1.1205283,1.5187662
2023-02-16,0.3490479913311281,1,0.7660337,1.2288129
2023-02-20,-0.5554883389760347,3,0.7689686,1.7714708
2023-02-22,-0.8618871468684987,5,0.7646835,1.0117579
2023-03-01,-0.766131702491625,10,0.78598714,1.0652448
2023-03-16,1.4856386516421285,21,1.1218475,1.6221939
2023-02-17,0.06109226729777249,1,0.76345485,1.2096794
2023-02-21,-0.3151070409224109,3,0.7531823,1.429938
2023-02-23,0.6400699954812052,5,0.765999,1.0637422
2023-03-02,0.047184481470790116,10,0.7810644,1.188331
2023-03-17,-1.9410586991305157,21,1.1513221,1.3255286
2023-02-20,-0.5554883389760347,1,0.7689686,1.4144295
2023-02-22,-0.8618871468684987,3,0.7646835,0.9829731
2023-02-24,-0.326586702764011,5,0.76703024,1.553759
2023-03-03,1.4570675255601497,10,0.78680044,1.0392146
2023-03-20,1.29670694115407,21,1.1617024,1.5994116
2023-02-21,-0.3151070409224109,1,0.7531823,1.0709004
2023-02-23,0.6400699954812052,3,0.765999,1.435867
2023-02-27,1.2184339375336748,5,0.7768922,1.1909099
2023-03-06,0.4932764334015043,10,0.7843521,1.6323732
2023-03-21,2.419242829061859,21,1.1992242,1.1743158
2023-02-22,-0.8618871468684987,1,0.7646835,0.87904453
2023-02-24,-0.326586702764011,3,0.76703024,1.6472783
2023-02-28,0.8584202502391036,5,0.7806323,0.9896295
2023-03-07,-1.0559179816700317,10,0.7981581,1.1822191
2023-03-22,-0.4441080023291923,21,1.2011108,1.2151898
2023-02-23,0.6400699954812052,1,0.765999,1.2493438
2023-02-27,1.2184339375336748,3,0.7768922,1.6768625
2023-03-01,-0.766131702491625,5,0.78598714,1.3142842
2023-03-08,0.5827151868942279,10,0.7955823,1.6011833
2023-03-23,-0.43717010774642995,21,1.2009997,1.5646373
2023-02-24,-0.326586702764011,1,0.76703024,1.7670349
2023-02-28,0.8584202502391036,3,0.7806323,1.7107307
2023-03-02,0.047184481470790116,5,0.7810644,1.1146717
2023-03-09,-0.4542261890052659,10,0.79984504,1.1788032
2023-03-24,-1.9986590704704248,21,1.2223291,1.44383
2023-02-27,1.2184339375336748,1,0.7768922,1.5623838
2023-03-01,-0.766131702491625,3,0.78598714,1.567827
2023-03-03,1.4570675255601497,5,0.78680044,1.1697541
2023-03-10,-1.4774538857768689,10,0.7909254,1.6888151
2023-03-27,1.2837349855830504,21,1.2144392,1.4413038
2023-02-28,0.8584202502391036,1,0.7806323,1.3035002
2023-03-02,0.047184481470790116,3,0.7810644,1.3905469
2023-03-06,0.4932764334015043,5,0.7843521,1.5891345
2023-03-13,-3.5752743211563134,10,0.90978014,0.7764652
2023-03-28,0.42800226677466685,21,1.2148135,1.4314183
2023-03-01,-0.766131702491625,1,0.78598714,1.2322695
2023-03-03,1.4570675255601497,3,0.78680044,1.6202431
2023-03-07,-1.0559179816700317,5,0.7981581,1.098377
2023-03-14,2.208955082774443,10,0.947179,1.1449383
2023-03-29,1.4032980767706074,21,1.2036252,1.1908057
2023-03-02,0.047184481470790116,1,0.7810644,1.2148379
2023-03-06,0.4932764334015043,3,0.7843521,1.6237165
2023-03-08,0.5827151868942279,5,0.7955823,1.4291955
2023-03-15,-4.464384247666492,10,1.1205283,1.2395281
2023-03-30,1.4925486890625457,21,1.2156905,1.2108183
2023-03-03,1.4570675255601497,1,0.78680044,1.1743628
2023-03-07,-1.0559179816700317,3,0.7981581,1.4942063
2023-03-09,-0.4542261890052659,5,0.79984504,1.262853
2023-03-16,1.4856386516421285,10,1.1218475,1.1059676
2023-03-31,0.27549421966719523,21,1.2092496,1.247757
2023-03-06,0.4932764334015043,1,0.7843521,1.4428731
2023-03-08,0.5827151868942279,3,0.7955823,1.4744573
2023-03-10,-1.4774538857768689,5,0.7909254,1.348966
2023-03-17,-1.9410586991305157,10,1.1513221,1.2345489
2023-04-03,-0.8167572144292649,21,1.2148435,1.32024
2023-03-07,-1.0559179816700317,1,0.7981581,1.0777416
2023-03-09,-0.4542261890052659,3,0.79984504,1.2734344
2023-03-13,-3.5752743211563134,5,0.90978014,0.8304341
2023-03-20,1.29670694115407,10,1.1617024,1.4528562
2023-04-04,0.2813432168861359,21,1.2150106,1.2685428
2023-03-08,0.5827151868942279,1,0.7955823,1.079381
2023-03-10,-1.4774538857768689,3,0.7909254,1.3681837
2023-03-14,2.208955082774443,5,0.947179,1.0521001
2023-03-21,2.419242829061859,10,1.1992242,1.2118399
2023-04-05,0.7744997441159504,21,1.2182199,1.1438125
2023-03-09,-0.4542261890052659,1,0.79984504,1.056618
2023-03-13,-3.5752743211563134,3,0.90978014,0.906827
2023-03-15,-4.464384247666492,5,1.1205283,1.2624631
2023-03-22,-0.4441080023291923,10,1.2011108,0.96894467
2023-04-06,0.6215381754677659,21,1.2122345,1.2139122
2023-03-10,-1.4774538857768689,1,0.7909254,1.3549978
2023-03-14,2.208955082774443,3,0.947179,1.3307898
2023-03-16,1.4856386516421285,5,1.1218475,1.2573968
2023-03-23,-0.43717010774642995,10,1.2009997,1.5520808
2023-04-11,-0.8043170045476802,21,1.215713,1.5344813
2023-03-13,-3.5752743211563134,1,0.90978014,1.3464693
2023-03-15,-4.464384247666492,3,1.1205283,2.1196008
2023-03-17,-1.9410586991305157,5,1.1513221,1.6869519
2023-03-24,-1.9986590704704248,10,1.2223291,1.3387864
2023-04-12,0.44285138587132145,21,1.2164304,1.5770378
2023-03-14,2.208955082774443,1,0.947179,1.5858175
2023-03-16,1.4856386516421285,3,1.1218475,1.8314598
2023-03-20,1.29670694115407,5,1.1617024,1.5580639
2023-03-27,1.2837349855830504,10,1.2144392,1.0317923
2023-04-13,0.33676405107521407,21,1.2167652,1.2500476
2023-03-15,-4.464384247666492,1,1.1205283,1.6782275
2023-03-17,-1.9410586991305157,3,1.1513221,2.0504408
2023-03-21,2.419242829061859,5,1.1992242,1.3385704
2023-03-28,0.42800226677466685,10,1.2148135,1.2724495
2023-04-14,0.5665980273242414,21,1.2172949,1.1780895
2023-03-16,1.4856386516421285,1,1.1218475,1.7939095
2023-03-20,1.29670694115407,3,1.1617024,2.2064571
2023-03-22,-0.4441080023291923,5,1.2011108,1.5360894
2023-03-29,1.4032980767706074,10,1.2036252,1.5708544
2023-04-17,0.16647639560406433,21,1.1976488,1.263498
2023-03-17,-1.9410586991305157,1,1.1513221,2.0207384
2023-03-21,2.419242829061859,3,1.1992242,2.0544803
2023-03-23,-0.43717010774642995,5,1.2009997,1.8730052
2023-03-30,1.4925486890625457,10,1.2156905,1.2354386
2023-04-18,0.4616931245402799,21,1.1863213,1.536876
2023-03-20,1.29670694115407,1,1.1617024,1.9226232
2023-03-22,-0.4441080023291923,3,1.2011108,2.1488943
2023-03-24,-1.9986590704704248,5,1.2223291,1.439734
2023-03-31,0.27549421966719523,10,1.2092496,1.8543731
2023-04-19,0.7707513560998056,21,1.1893039,1.714511
2023-03-21,2.419242829061859,1,1.1992242,1.8352191
2023-03-23,-0.43717010774642995,3,1.2009997,2.167167
2023-03-27,1.2837349855830504,5,1.2144392,1.1985532
2023-04-03,-0.8167572144292649,10,1.2148435,1.4473453
2023-04-20,-0.46343052586298034,21,1.1913232,1.2478805
2023-03-22,-0.4441080023291923,1,1.2011108,1.8081135
2023-03-24,-1.9986590704704248,3,1.2223291,1.5981929
2023-03-28,0.42800226677466685,5,1.2148135,1.6665635
2023-04-04,0.2813432168861359,10,1.2150106,1.3744041
2023-04-21,-0.3742086893995006,21,1.1925614,1.3070996
2023-03-23,-0.43717010774642995,1,1.2009997,1.7701569
2023-03-27,1.2837349855830504,3,1.2144392,1.578322
2023-03-29,1.4032980767706074,5,1.2036252,1.8433328
2023-04-05,0.7744997441159504,10,1.2182199,1.17752
2023-04-24,-0.09775795061815867,21,1.1882969,1.3055247
2023-03-24,-1.9986590704704248,1,1.2223291,1.4402834
2023-03-28,0.42800226677466685,3,1.2148135,1.5838839
2023-03-30,1.4925486890625457,5,1.2156905,1.1443244
2023-04-06,0.6215381754677659,10,1.2122345,1.3679218
2023-04-25,-1.2419463573563208,21,1.1998882,1.3200364
2023-03-27,1.2837349855830504,1,1.2144392,1.5059967
2023-03-29,1.4032980767706074,3,1.2036252,2.0534003
2023-03-31,0.27549421966719523,5,1.2092496,1.5204282
2023-04-11,-0.8043170045476802,10,1.215713,1.7098614
2023-04-26,0.036590615991575814,21,1.1996998,1.3579473
2023-03-28,0.42800226677466685,1,1.2148135,1.6434163
2023-03-30,1.4925486890625457,3,1.2156905,1.8918464
2023-04-03,-0.8167572144292649,5,1.2148435,1.423589
2023-04-12,0.44285138587132145,10,1.2164304,1.4234492
2023-04-27,0.2246310387116746,21,1.1995885,1.2934072
2023-03-29,1.4032980767706074,1,1.2036252,1.8591504
2023-03-31,0.27549421966719523,3,1.2092496,1.5805426
2023-04-04,0.2813432168861359,5,1.2150106,1.3202405
2023-04-13,0.33676405107521407,10,1.2167652,1.4953985
2023-04-28,-0.7932956733419344,21,1.2013172,1.2882321
2023-03-30,1.4925486890625457,1,1.2156905,1.6472079
2023-04-03,-0.8167572144292649,3,1.2148435,1.6931459
2023-04-05,0.7744997441159504,5,1.2182199,1.4641212
2023-04-14,0.5665980273242414,10,1.2172949,1.018944
2023-05-02,-1.7355672230143953,21,1.2079787,1.1007859
2023-03-31,0.27549421966719523,1,1.2092496,1.5419661
2023-04-04,0.2813432168861359,3,1.2150106,1.4054152
2023-04-06,0.6215381754677659,5,1.2122345,1.3946383
2023-04-17,0.16647639560406433,10,1.1976488,1.1137217
2023-05-03,-0.05837422448191693,21,1.2079835,1.5102371
2023-04-03,-0.8167572144292649,1,1.2148435,1.2962556
2023-04-05,0.7744997441159504,3,1.2182199,1.5123603
2023-04-11,-0.8043170045476802,5,1.215713,1.5677515
2023-04-18,0.4616931245402799,10,1.1863213,1.3256493
2023-05-04,-0.3653365210915979,21,1.2053776,1.0767183
2023-04-04,0.2813432168861359,1,1.2150106,1.2688423
2023-04-06,0.6215381754677659,3,1.2122345,1.6354802
2023-04-12,0.44285138587132145,5,1.2164304,1.0220171
2023-04-19,0.7707513560998056,10,1.1893039,1.1637914
2023-05-05,1.140142855494247,21,1.2145166,1.2895619
2023-04-05,0.7744997441159504,1,1.2182199,1.6800654
2023-04-11,-0.8043170045476802,3,1.215713,1.3589275
2023-04-13,0.33676405107521407,5,1.2167652,1.6187963
2023-04-20,-0.46343052586298034,10,1.1913232,0.6167584
2023-05-08,0.6972237454304534,21,1.2154287,0.8116715
2023-04-06,0.6215381754677659,1,1.2122345,1.2376208
2023-04-12,0.44285138587132145,3,1.2164304,0.9877586
2023-04-14,0.5665980273242414,5,1.2172949,1.178776
2023-04-21,-0.3742086893995006,10,1.1925614,0.8956884
2023-05-09,-0.30552634601210965,21,1.2158186,1.4505987
2023-04-11,-0.8043170045476802,1,1.215713,1.4594141
2023-04-13,0.33676405107521407,3,1.2167652,1.5168155
2023-04-17,0.16647639560406433,5,1.1976488,0.93819773
2023-04-24,-0.09775795061815867,10,1.1882969,1.0330158
2023-05-10,-0.16892908452483543,21,1.2028114,0.8003009
2023-04-12,0.44285138587132145,1,1.2164304,1.0859878
2023-04-14,0.5665980273242414,3,1.2172949,1.3608458
2023-04-18,0.4616931245402799,5,1.1863213,1.249195
2023-04-25,-1.2419463573563208,10,1.1998882,1.2973899
2023-05-11,0.1645732095377414,21,1.1957656,1.1648146
2023-04-13,0.33676405107521407,1,1.2167652,1.3669196
2023-04-17,0.16647639560406433,3,1.1976488,1.0000991
2023-04-19,0.7707513560998056,5,1.1893039,1.3333528
2023-04-26,0.036590615991575814,10,1.1996998,0.9071871
2023-05-12,0.5570984549872436,21,1.1956394,1.2318459
2023-04-14,0.5665980273242414,1,1.2172949,1.2844168
2023-04-18,0.4616931245402799,3,1.1863213,1.4560914
2023-04-20,-0.46343052586298034,5,1.1913232,1.0019851
2023-04-27,0.2246310387116746,10,1.1995885,0.78317815
2023-05-15,-0.3536639326039244,21,1.1955954,1.3184452
2023-04-17,0.16647639560406433,1,1.1976488,1.016214
2023-04-19,0.7707513560998056,3,1.1893039,1.3597412
2023-04-21,-0.3742086893995006,5,1.1925614,1.2482063
2023-04-28,-0.7932956733419344,10,1.2013172,0.9417285
2023-05-16,-0.10982499785437681,21,1.1946827,1.0706717
2023-04-18,0.4616931245402799,1,1.1863213,1.4326732
2023-04-20,-0.46343052586298034,3,1.1913232,1.1042424
2023-04-24,-0.09775795061815867,5,1.1882969,1.1064261
2023-05-02,-1.7355672230143953,10,1.2079787,0.7807414
2023-05-17,0.2195295127155614,21,1.19505,1.1039596
2023-04-19,0.7707513560998056,1,1.1893039,1.1383687
2023-04-21,-0.3742086893995006,3,1.1925614,1.0000147
2023-04-25,-1.2419463573563208,5,1.1998882,1.427537
2023-05-03,-0.05837422448191693,10,1.2079835,0.9971355
2023-05-18,0.01628249038858881,21,1.1930003,1.0802903
2023-04-20,-0.46343052586298034,1,1.1913232,0.96575034
2023-04-24,-0.09775795061815867,3,1.1882969,1.3446686
2023-04-26,0.036590615991575814,5,1.1996998,0.8376962
2023-05-04,-0.3653365210915979,10,1.2053776,0.78961194
2023-05-19,0.4159316244023826,21,1.1935881,0.9265058
2023-04-21,-0.3742086893995006,1,1.1925614,0.91645575
2023-04-25,-1.2419463573563208,3,1.1998882,1.4047942
2023-04-27,0.2246310387116746,5,1.1995885,0.90763676
2023-05-05,1.140142855494247,10,1.2145166,0.9141333
2023-05-22,0.5766189554580248,21,1.1904277,0.8971904
2023-04-24,-0.09775795061815867,1,1.1882969,1.1898335
2023-04-26,0.036590615991575814,3,1.1996998,0.8728575
2023-04-28,-0.7932956733419344,5,1.2013172,0.96495867
2023-05-08,0.6972237454304534,10,1.2154287,0.71799487
2023-05-23,-0.4092187489659739,21,1.1889282,0.9983835
2023-04-25,-1.2419463573563208,1,1.1998882,1.3585138
2023-04-27,0.2246310387116746,3,1.1995885,1.0118685
2023-05-02,-1.7355672230143953,5,1.2079787,0.86150044
2023-05-09,-0.30552634601210965,10,1.2158186,1.104852
2023-05-24,-1.1231500828760068,21,1.1971284,0.85603553
2023-04-26,0.036590615991575814,1,1.1996998,0.9798941
2023-04-28,-0.7932956733419344,3,1.2013172,0.980743
2023-05-03,-0.05837422448191693,5,1.2079835,0.9755893
2023-05-10,-0.16892908452483543,10,1.2028114,0.5919072
2023-05-25,-0.518612072896045,21,1.1879622,1.0022156
2023-04-27,0.2246310387116746,1,1.1995885,1.0448592
2023-05-02,-1.7355672230143953,3,1.2079787,1.2267962
2023-05-04,-0.3653365210915979,5,1.2053776,0.9200782
2023-05-11,0.1645732095377414,10,1.1957656,0.76751006
2023-05-26,0.819354347884961,21,1.1874744,0.65701014
2023-04-28,-0.7932956733419344,1,1.2013172,0.96448517
2023-05-03,-0.05837422448191693,3,1.2079835,1.1079903
2023-05-05,1.140142855494247,5,1.2145166,0.93166095
2023-05-12,0.5570984549872436,10,1.1956394,0.6864226
2023-05-29,-0.11975267064279324,21,1.1836687,0.65654826
2023-05-02,-1.7355672230143953,1,1.2079787,1.1262658
2023-05-04,-0.3653365210915979,3,1.2053776,1.0598586
2023-05-08,0.6972237454304534,5,1.2154287,0.9888108
2023-05-15,-0.3536639326039244,10,1.1955954,0.8526746
2023-05-30,-0.1373476855911448,21,1.1837158,0.67217284
2023-05-03,-0.05837422448191693,1,1.2079835,1.30181
2023-05-05,1.140142855494247,3,1.2145166,1.2032627
2023-05-09,-0.30552634601210965,5,1.2158186,1.2181524
2023-05-16,-0.10982499785437681,10,1.1946827,0.7126122
2023-05-31,-1.2877764048184552,21,1.1783459,1.0920844
2023-05-04,-0.3653365210915979,1,1.2053776,0.9850484
2023-05-08,0.6972237454304534,3,1.2154287,1.3006172
2023-05-10,-0.16892908452483543,5,1.2028114,0.96194994
2023-05-17,0.2195295127155614,10,1.19505,0.9608909
2023-06-01,1.2877764048184663,21,1.1892487,0.8862217
2023-05-05,1.140142855494247,1,1.2145166,1.0612063
2023-05-09,-0.30552634601210965,3,1.2158186,1.3300601
2023-05-11,0.1645732095377414,5,1.1957656,0.7916385
2023-05-18,0.01628249038858881,10,1.1930003,0.6383015
2023-06-02,1.620826619231345,21,1.2014493,0.83786964
2023-05-08,0.6972237454304534,1,1.2154287,1.0523195
2023-05-10,-0.16892908452483543,3,1.2028114,0.80316067
2023-05-12,0.5570984549872436,5,1.1956394,0.95869267
2023-05-19,0.4159316244023826,10,1.1935881,0.5415675
2023-06-05,-0.3031217386754138,21,1.1993996,0.8295021
2023-05-09,-0.30552634601210965,1,1.2158186,1.0844866
2023-05-11,0.1645732095377414,3,1.1957656,0.9482024
2023-05-15,-0.3536639326039244,5,1.1955954,0.90893304
2023-05-22,0.5766189554580248,10,1.1904277,0.6812595
2023-06-06,0.23333469368635135,21,1.1985762,0.90729225
2023-05-10,-0.16892908452483543,1,1.2028114,0.84430146
2023-05-12,0.5570984549872436,3,1.1956394,1.2503833
2023-05-16,-0.10982499785437681,5,1.1946827,0.7456264
2023-05-23,-0.4092187489659739,10,1.1889282,0.7097837
2023-06-07,0.524890603407761,21,1.1851083,0.8237189
2023-05-11,0.1645732095377414,1,1.1957656,0.8828421
2023-05-15,-0.3536639326039244,3,1.1955954,0.8921725
2023-05-17,0.2195295127155614,5,1.19505,0.92513686
2023-05-24,-1.1231500828760068,10,1.1971284,0.6018504
2023-06-08,-0.2299699913407565,21,1.0881389,0.8374994
2023-05-12,0.5570984549872436,1,1.1956394,0.97341746
2023-05-16,-0.10982499785437681,3,1.1946827,1.0766481
2023-05-18,0.01628249038858881,5,1.1930003,0.78247476
2023-05-25,-0.518612072896045,10,1.1879622,0.6381165
2023-06-09,-0.30673554723284907,21,1.0521622,0.9054955
2023-05-15,-0.3536639326039244,1,1.1955954,0.95823014
2023-05-17,0.2195295127155614,3,1.19505,1.0817245
2023-05-19,0.4159316244023826,5,1.1935881,0.74973845
2023-05-26,0.819354347884961,10,1.1874744,0.47734156
2023-06-12,0.3720366034695363,21,0.87207526,0.9307445
2023-05-16,-0.10982499785437681,1,1.1946827,0.93141156
2023-05-18,0.01628249038858881,3,1.1930003,1.185218
2023-05-22,0.5766189554580248,5,1.1904277,0.81384665
2023-05-29,-0.11975267064279324,10,1.1836687,0.5526528
2023-06-13,-0.11457269390871053,21,0.8534948,0.8660274
2023-05-17,0.2195295127155614,1,1.19505,0.943688
2023-05-19,0.4159316244023826,3,1.1935881,0.9821762
2023-05-23,-0.4092187489659739,5,1.1889282,0.82490766
2023-05-30,-0.1373476855911448,10,1.1837158,0.5952222
2023-06-14,1.0561470830609785,21,0.8201943,0.95078534
2023-05-18,0.01628249038858881,1,1.1930003,0.9029049
2023-05-22,0.5766189554580248,3,1.1904277,1.0449855
2023-05-24,-1.1231500828760068,5,1.1971284,0.726819
2023-05-31,-1.2877764048184552,10,1.1783459,0.582185
2023-06-15,-0.021204860233403816,21,0.80597335,1.0740521
2023-05-19,0.4159316244023826,1,1.1935881,0.80004364
2023-05-23,-0.4092187489659739,3,1.1889282,1.0173745
2023-05-25,-0.518612072896045,5,1.1879622,0.69467133
2023-06-01,1.2877764048184663,10,1.1892487,0.6820585
2023-06-16,0.678441558625681,21,0.7508521,0.8598474
2023-05-22,0.5766189554580248,1,1.1904277,0.73922133
2023-05-24,-1.1231500828760068,3,1.1971284,0.91345996
2023-05-26,0.819354347884961,5,1.1874744,0.6651455
2023-06-02,1.620826619231345,10,1.2014493,0.63670546
2023-06-19,-0.6667783290641852,21,0.75403064,0.92835
2023-05-23,-0.4092187489659739,1,1.1889282,0.7967528
2023-05-25,-0.518612072896045,3,1.1879622,0.9516181
2023-05-29,-0.11975267064279324,5,1.1836687,0.65557235
2023-06-05,-0.3031217386754138,10,1.1993996,0.59341747
2023-06-20,0.08372325186881217,21,0.75101,0.9268887
2023-05-24,-1.1231500828760068,1,1.1971284,0.8506569
2023-05-26,0.819354347884961,3,1.1874744,0.8048482
2023-05-30,-0.1373476855911448,5,1.1837158,0.6042501
2023-06-06,0.23333469368635135,10,1.1985762,0.52092636
2023-06-21,-0.03602420017555893,21,0.69970256,0.87018585
2023-05-25,-0.518612072896045,1,1.1879622,0.7992372
2023-05-29,-0.11975267064279324,3,1.1836687,0.8038002
2023-05-31,-1.2877764048184552,5,1.1783459,0.67920357
2023-06-07,0.524890603407761,10,1.1851083,0.6790436
2023-06-22,-0.7627250277374082,21,0.6917373,0.7723095
2023-05-26,0.819354347884961,1,1.1874744,0.7230999
2023-05-30,-0.1373476855911448,3,1.1837158,0.9514886
2023-06-01,1.2877764048184663,5,1.1892487,0.61372656
2023-06-08,-0.2299699913407565,10,1.0881389,0.51877177
2023-06-23,-1.0617098738292656,21,0.70576215,1.1147317
2023-05-29,-0.11975267064279324,1,1.1836687,0.8230939
2023-05-31,-1.2877764048184552,3,1.1783459,1.1316084
2023-06-02,1.620826619231345,5,1.2014493,0.66642565
2023-06-09,-0.30673554723284907,10,1.0521622,0.65723497
2023-06-26,0.08845834943959253,21,0.6833672,0.837958
2023-05-30,-0.1373476855911448,1,1.1837158,0.7948448
2023-06-01,1.2877764048184663,3,1.1892487,0.7612037
2023-06-05,-0.3031217386754138,5,1.1993996,0.8066008
2023-06-12,0.3720366034695363,10,0.87207526,0.73093855
2023-06-27,1.274994504310929,21,0.6760509,0.9848437
2023-05-31,-1.2877764048184552,1,1.1783459,0.9415621
2023-06-02,1.620826619231345,3,1.2014493,0.7831032
2023-06-06,0.23333469368635135,5,1.1985762,0.8681469
2023-06-13,-0.11457269390871053,10,0.8534948,0.78429115
2023-06-28,0.9356706654670786,21,0.68536735,0.7587664
2023-06-01,1.2877764048184663,1,1.1892487,0.9678069
2023-06-05,-0.3031217386754138,3,1.1993996,0.96887887
2023-06-07,0.524890603407761,5,1.1851083,0.80105424
2023-06-14,1.0561470830609785,10,0.8201943,0.84603703
2023-06-29,0.30855283827156477,21,0.67674744,1.0202127
2023-06-02,1.620826619231345,1,1.2014493,0.79420424
2023-06-06,0.23333469368635135,3,1.1985762,0.98295355
2023-06-08,-0.2299699913407565,5,1.0881389,0.76655424
2023-06-15,-0.021204860233403816,10,0.80597335,0.88017774
2023-06-30,0.8626699786045599,21,0.6840472,0.7383231
2023-06-05,-0.3031217386754138,1,1.1993996,0.95860785
2023-06-07,0.524890603407761,3,1.1851083,1.00049
2023-06-09,-0.30673554723284907,5,1.0521622,0.77877206
2023-06-16,0.678441558625681,10,0.7508521,0.7908176
2023-07-03,0.5385244174173982,21,0.680614,1.0225562
2023-06-06,0.23333469368635135,1,1.1985762,1.0977652
2023-06-08,-0.2299699913407565,3,1.0881389,0.75804836
2023-06-12,0.3720366034695363,5,0.87207526,0.98063993
2023-06-19,-0.6667783290641852,10,0.75403064,0.89552194
2023-07-04,-0.5864875492866581,21,0.6818534,1.1233494
2023-06-07,0.524890603407761,1,1.1851083,0.95555127
2023-06-09,-0.30673554723284907,3,1.0521622,0.9666402
2023-06-13,-0.11457269390871053,5,0.8534948,0.74916244
2023-06-20,0.08372325186881217,10,0.75101,0.90242296
2023-07-05,-1.0705382008358206,21,0.6883337,1.1392456
2023-06-08,-0.2299699913407565,1,1.0881389,0.71475834
2023-06-12,0.3720366034695363,3,0.87207526,0.8128854
2023-06-14,1.0561470830609785,5,0.8201943,0.82980794
2023-06-21,-0.03602420017555893,10,0.69970256,0.76581436
2023-07-06,-2.1448457704090664,21,0.741918,0.82469463
2023-06-09,-0.30673554723284907,1,1.0521622,1.0020199
2023-06-13,-0.11457269390871053,3,0.8534948,0.7199416
2023-06-15,-0.021204860233403816,5,0.80597335,0.7866569
2023-06-22,-0.7627250277374082,10,0.6917373,0.52831715
2023-07-07,-0.3906381425694332,21,0.74228364,0.639079
2023-06-12,0.3720366034695363,1,0.87207526,0.889009
2023-06-14,1.0561470830609785,3,0.8201943,0.97109365
2023-06-16,0.678441558625681,5,0.7508521,0.8145488
2023-06-23,-1.0617098738292656,10,0.70576215,0.71230716
2023-07-10,0.04432025237804347,21,0.73844796,0.71326023
2023-06-13,-0.11457269390871053,1,0.8534948,0.98847437
2023-06-15,-0.021204860233403816,3,0.80597335,0.996281
2023-06-19,-0.6667783290641852,5,0.75403064,1.0017431
2023-06-26,0.08845834943959253,10,0.6833672,0.78860223
2023-07-11,0.8415891256659169,21,0.746433,0.7122249
2023-06-14,1.0561470830609785,1,0.8201943,1.2783175
2023-06-16,0.678441558625681,3,0.7508521,1.3629299
2023-06-20,0.08372325186881217,5,0.75101,0.9881989
2023-06-27,1.274994504310929,10,0.6760509,0.9340539
2023-07-12,1.305329210818311,21,0.7631967,1.2110362
2023-06-15,-0.021204860233403816,1,0.80597335,1.1232352
2023-06-19,-0.6667783290641852,3,0.75403064,0.93658537
2023-06-21,-0.03602420017555893,5,0.69970256,1.1331013
2023-06-28,0.9356706654670786,10,0.68536735,0.98193955
2023-07-13,0.26409767943573237,21,0.75736815,1.0411724
2023-06-16,0.678441558625681,1,0.7508521,0.87656486
2023-06-20,0.08372325186881217,3,0.75101,1.2199101
2023-06-22,-0.7627250277374082,5,0.6917373,0.80412555
2023-06-29,0.30855283827156477,10,0.67674744,0.7686692
2023-07-14,-0.42712968675130103,21,0.7570084,1.1816733
2023-06-19,-0.6667783290641852,1,0.75403064,0.9478071
2023-06-21,-0.03602420017555893,3,0.69970256,1.211032
2023-06-23,-1.0617098738292656,5,0.70576215,1.0860666
2023-06-30,0.8626699786045599,10,0.6840472,0.5377891
2023-07-17,-0.0031785890245920245,21,0.755432,0.7244497
2023-06-20,0.08372325186881217,1,0.75101,1.2144463
2023-06-22,-0.7627250277374082,3,0.6917373,1.0631284
2023-06-26,0.08845834943959253,5,0.6833672,1.1912054
2023-07-03,0.5385244174173982,10,0.680614,0.9660098
2023-07-18,0.187364096794511,21,0.75567806,1.0119587
2023-06-21,-0.03602420017555893,1,0.69970256,1.0641913
2023-06-23,-1.0617098738292656,3,0.70576215,1.1895007
2023-06-27,1.274994504310929,5,0.6760509,1.0199678
2023-07-04,-0.5864875492866581,10,0.6818534,0.861257
2023-07-19,-0.04125347142997301,21,0.7376811,0.8840543
2023-06-22,-0.7627250277374082,1,0.6917373,1.000379
2023-06-26,0.08845834943959253,3,0.6833672,1.1848403
2023-06-28,0.9356706654670786,5,0.68536735,0.9546242
2023-07-05,-1.0705382008358206,10,0.6883337,0.7490344
2023-07-20,0.7147631555979271,21,0.7429802,1.2083652
2023-06-23,-1.0617098738292656,1,0.70576215,1.2439394
2023-06-27,1.274994504310929,3,0.6760509,1.2445081
2023-06-29,0.30855283827156477,5,0.67674744,1.143264
2023-07-06,-2.1448457704090664,10,0.741918,0.5643468
2023-07-21,0.543710188055362,21,0.7454617,1.1150246
2023-06-26,0.08845834943959253,1,0.6833672,1.3975124
2023-06-28,0.9356706654670786,3,0.68536735,1.9618843
2023-06-30,0.8626699786045599,5,0.6840472,0.79705477
2023-07-07,-0.3906381425694332,10,0.74228364,0.7090345
2023-07-24,-0.29296385065642594,21,0.7386891,1.4512818
2023-06-27,1.274994504310929,1,0.6760509,1.3802844
2023-06-29,0.30855283827156477,3,0.67674744,1.3127041
2023-07-03,0.5385244174173982,5,0.680614,1.3219064
2023-07-10,0.04432025237804347,10,0.73844796,0.87426347
2023-07-25,-0.25494828290031984,21,0.701709,0.9615106
2023-06-28,0.9356706654670786,1,0.68536735,1.5128921
2023-06-30,0.8626699786045599,3,0.6840472,1.4359497
2023-07-04,-0.5864875492866581,5,0.6818534,1.454519
2023-07-11,0.8415891256659169,10,0.746433,1.2091511
2023-07-26,0.8504368792027505,21,0.7084834,1.4114033
2023-06-29,0.30855283827156477,1,0.67674744,1.1425115
2023-07-03,0.5385244174173982,3,0.680614,1.5235137
2023-07-05,-1.0705382008358206,5,0.6883337,1.3926846
2023-07-12,1.305329210818311,10,0.7631967,1.1143918
2023-07-27,0.9764163979555891,21,0.71490145,1.3648522
2023-06-30,0.8626699786045599,1,0.6840472,1.1883665
2023-07-04,-0.5864875492866581,3,0.6818534,1.5496664
2023-07-06,-2.1448457704090664,5,0.741918,0.89878577
2023-07-13,0.26409767943573237,10,0.75736815,0.90240914
2023-07-28,-0.09907223795111222,21,0.7026033,1.350095
2023-07-03,0.5385244174173982,1,0.680614,1.3743441
2023-07-05,-1.0705382008358206,3,0.6883337,1.5341988
2023-07-07,-0.3906381425694332,5,0.74228364,1.0028136
2023-07-14,-0.42712968675130103,10,0.7570084,1.0908365
2023-07-31,-0.4511923873356188,21,0.7015673,1.3976747
2023-07-04,-0.5864875492866581,1,0.6818534,1.3524377
2023-07-06,-2.1448457704090664,3,0.741918,0.98471504
2023-07-10,0.04432025237804347,5,0.73844796,1.2652618
2023-07-17,-0.0031785890245920245,10,0.755432,0.85064435
2023-08-01,-1.4479682996450693,21,0.7271367,1.3006696
2023-07-05,-1.0705382008358206,1,0.6883337,1.2969812
2023-07-07,-0.3906381425694332,3,0.74228364,1.4250815
2023-07-11,0.8415891256659169,5,0.746433,1.3303529
2023-07-18,0.187364096794511,10,0.75567806,1.1576238
2023-08-02,-1.8501345506864793,21,0.76727635,1.3429661
2023-07-06,-2.1448457704090664,1,0.741918,0.94696844
2023-07-10,0.04432025237804347,3,0.73844796,1.3128855
2023-07-12,1.305329210818311,5,0.7631967,1.2371666
2023-07-19,-0.04125347142997301,10,0.7376811,1.1368382
2023-08-03,-0.23181199275183836,21,0.76779574,1.1695887
2023-07-07,-0.3906381425694332,1,0.74228364,1.3732463
2023-07-11,0.8415891256659169,3,0.746433,2.0014894
2023-07-13,0.26409767943573237,5,0.75736815,1.4240177
2023-07-20,0.7147631555979271,10,0.7429802,1.8909558
2023-08-04,0.6564774185419799,21,0.76907486,1.240406
2023-07-10,0.04432025237804347,1,0.73844796,1.7158626
2023-07-12,1.305329210818311,3,0.7631967,1.9989898
2023-07-14,-0.42712968675130103,5,0.7570084,1.3431443
2023-07-21,0.543710188055362,10,0.7454617,1.7030483
2023-08-07,-0.104661727928469,21,0.76767254,1.4375486
2023-07-11,0.8415891256659169,1,0.746433,1.7035676
2023-07-13,0.26409767943573237,3,0.75736815,1.8273609
2023-07-17,-0.0031785890245920245,5,0.755432,1.2370093
2023-07-24,-0.29296385065642594,10,0.7386891,1.9533392
2023-08-08,-0.6087776834589459,21,0.77188414,1.2252687
2023-07-12,1.305329210818311,1,0.7631967,1.5450795
2023-07-14,-0.42712968675130103,3,0.7570084,1.4698449
2023-07-18,0.187364096794511,5,0.75567806,1.4438618
2023-07-25,-0.25494828290031984,10,0.701709,1.4165199
2023-08-09,0.5638891025737249,21,0.7746689,1.3861507
2023-07-13,0.26409767943573237,1,0.75736815,1.4901999
2023-07-17,-0.0031785890245920245,3,0.755432,1.4101098
2023-07-19,-0.04125347142997301,5,0.7376811,1.5427516
2023-07-26,0.8504368792027505,10,0.7084834,1.5580434
2023-08-10,1.5676529899626719,21,0.7998327,1.4078588
2023-07-14,-0.42712968675130103,1,0.7570084,1.3299855
2023-07-18,0.187364096794511,3,0.75567806,1.9421972
2023-07-20,0.7147631555979271,5,0.7429802,1.7305806
2023-07-27,0.9764163979555891,10,0.71490145,1.4625499
2023-08-11,-0.7171366514333103,21,0.8044452,1.4142511
2023-07-17,-0.0031785890245920245,1,0.755432,1.4149879
2023-07-19,-0.04125347142997301,3,0.7376811,1.7922641
2023-07-21,0.543710188055362,5,0.7454617,1.4284835
2023-07-28,-0.09907223795111222,10,0.7026033,1.4212754
2023-08-14,-0.0498306299042418,21,0.8013241,1.6234492
2023-07-18,0.187364096794511,1,0.75567806,1.7442732
2023-07-20,0.7147631555979271,3,0.7429802,2.0348432
2023-07-24,-0.29296385065642594,5,0.7386891,1.4486719
2023-07-31,-0.4511923873356188,10,0.7015673,1.3293815
2023-08-15,-0.8744750061090908,21,0.80779433,1.3368372
2023-07-19,-0.04125347142997301,1,0.7376811,1.4904847
2023-07-21,0.543710188055362,3,0.7454617,1.9612299
2023-07-25,-0.25494828290031984,5,0.701709,1.2801528
2023-08-01,-1.4479682996450693,10,0.7271367,1.3165915
2023-08-16,0.03208899375058178,21,0.7938683,1.542458
2023-07-20,0.7147631555979271,1,0.7429802,1.484844
2023-07-24,-0.29296385065642594,3,0.7386891,1.5017502
2023-07-26,0.8504368792027505,5,0.7084834,1.2385216
2023-08-02,-1.8501345506864793,10,0.76727635,1.2981062
2023-08-17,-0.7783811477085637,21,0.7976307,1.011136
2023-07-21,0.543710188055362,1,0.7454617,1.0646942
2023-07-25,-0.25494828290031984,3,0.701709,1.057297
2023-07-27,0.9764163979555891,5,0.71490145,1.0843018
2023-08-03,-0.23181199275183836,10,0.76779574,1.0435818
2023-08-18,-0.11107697265693417,21,0.7910285,1.119325
2023-07-24,-0.29296385065642594,1,0.7386891,1.1841165
2023-07-26,0.8504368792027505,3,0.7084834,1.326376
2023-07-28,-0.09907223795111222,5,0.7026033,1.0171869
2023-08-04,0.6564774185419799,10,0.76907486,1.0724316
2023-08-21,-0.0528857841311229,21,0.7908842,1.4457101
2023-07-25,-0.25494828290031984,1,0.701709,1.1917781
2023-07-27,0.9764163979555891,3,0.71490145,1.560872
2023-07-31,-0.4511923873356188,5,0.7015673,1.3676426
2023-08-07,-0.104661727928469,10,0.76767254,1.0093842
2023-08-22,0.5512265798514193,21,0.79362786,1.5821201
2023-07-26,0.8504368792027505,1,0.7084834,1.132937
2023-07-28,-0.09907223795111222,3,0.7026033,1.454473
2023-08-01,-1.4479682996450693,5,0.7271367,0.9617185
2023-08-08,-0.6087776834589459,10,0.77188414,0.9686445
2023-08-23,0.017176965731257314,21,0.7746563,1.2363532
2023-07-27,0.9764163979555891,1,0.71490145,1.1617095
2023-07-31,-0.4511923873356188,3,0.7015673,1.3238009
2023-08-02,-1.8501345506864793,5,0.76727635,1.1498983
2023-08-09,0.5638891025737249,10,0.7746689,0.3817666
2023-08-24,0.09763792130954523,21,0.75742286,1.1776699
2023-07-28,-0.09907223795111222,1,0.7026033,1.1683501
2023-08-01,-1.4479682996450693,3,0.7271367,1.0952957
2023-08-03,-0.23181199275183836,5,0.76779574,1.1836666
2023-08-10,1.5676529899626719,10,0.7998327,0.8844423
2023-08-25,0.15216788550992963,21,0.7282558,1.229508
2023-07-31,-0.4511923873356188,1,0.7015673,1.2741581
2023-08-02,-1.8501345506864793,3,0.76727635,1.5974202
2023-08-04,0.6564774185419799,5,0.76907486,1.1296116
2023-08-11,-0.7171366514333103,10,0.8044452,0.76564044
2023-08-28,1.6060677688423366,21,0.75580376,1.0592405
2023-08-01,-1.4479682996450693,1,0.7271367,1.0368989
2023-08-03,-0.23181199275183836,3,0.76779574,1.4308428
2023-08-07,-0.104661727928469,5,0.76767254,1.1345298
2023-08-14,-0.0498306299042418,10,0.8013241,1.3907555
2023-08-29,0.9553695124488192,21,0.76469994,1.1234417
2023-08-02,-1.8501345506864793,1,0.76727635,1.5510265
2023-08-04,0.6564774185419799,3,0.76907486,1.4969897
2023-08-08,-0.6087776834589459,5,0.77188414,1.3933313
2023-08-15,-0.8744750061090908,10,0.80779433,1.3995305
2023-08-30,-0.3146513992972826,21,0.7635006,1.2110412
2023-08-03,-0.23181199275183836,1,0.76779574,1.816431
2023-08-07,-0.104661727928469,3,0.76767254,1.9206465
2023-08-09,0.5638891025737249,5,0.7746689,1.2312149
2023-08-16,0.03208899375058178,10,0.7938683,1.4587858
2023-08-31,-0.47436726409321633,21,0.7655803,1.43021
2023-08-04,0.6564774185419799,1,0.76907486,1.5951904
2023-08-08,-0.6087776834589459,3,0.77188414,1.82929
2023-08-10,1.5676529899626719,5,0.7998327,1.272987
2023-08-17,-0.7783811477085637,10,0.7976307,1.1437035
2023-09-01,-0.5940245897232744,21,0.7686122,1.5510365
2023-08-07,-0.104661727928469,1,0.76767254,1.5369879
2023-08-09,0.5638891025737249,3,0.7746689,1.5226864
2023-08-11,-0.7171366514333103,5,0.8044452,1.1895483
2023-08-18,-0.11107697265693417,10,0.7910285,1.6377897
2023-09-04,-0.35301824543293037,21,0.768761,1.4571604
2023-08-08,-0.6087776834589459,1,0.77188414,1.3953536
2023-08-10,1.5676529899626719,3,0.7998327,1.2231666
2023-08-14,-0.0498306299042418,5,0.8013241,1.4913073
2023-08-21,-0.0528857841311229,10,0.7908842,1.7518282
2023-09-05,-0.2583967027396503,21,0.7693888,1.4020644
2023-08-09,0.5638891025737249,1,0.7746689,1.1532943
2023-08-11,-0.7171366514333103,3,0.8044452,1.3798163
2023-08-15,-0.8744750061090908,5,0.80779433,1.6047428
2023-08-22,0.5512265798514193,10,0.79362786,1.2737092
2023-09-06,-0.8296673345071512,21,0.76444685,1.1662804
2023-08-10,1.5676529899626719,1,0.7998327,1.0860554
2023-08-14,-0.0498306299042418,3,0.8013241,1.8639871
2023-08-16,0.03208899375058178,5,0.7938683,1.0936317
2023-08-23,0.017176965731257314,10,0.7746563,1.034429
2023-09-07,-0.04724984516934704,21,0.7644543,1.1273699
2023-08-11,-0.7171366514333103,1,0.8044452,1.4704363
2023-08-15,-0.8744750061090908,3,0.80779433,1.7517416
2023-08-17,-0.7783811477085637,5,0.7976307,1.1190549
2023-08-24,0.09763792130954523,10,0.75742286,1.4380748
2023-09-08,0.584753146850823,21,0.7630949,1.0937868
2023-08-14,-0.0498306299042418,1,0.8013241,1.8645654
2023-08-16,0.03208899375058178,3,0.7938683,1.5518093
2023-08-18,-0.11107697265693417,5,0.7910285,1.4590594
2023-08-25,0.15216788550992963,10,0.7282558,1.3860428
2023-09-11,0.7510753506618739,21,0.7647741,1.3885901
2023-08-15,-0.8744750061090908,1,0.80779433,1.4704564
2023-08-17,-0.7783811477085637,3,0.7976307,1.2829287
2023-08-21,-0.0528857841311229,5,0.7908842,1.5673805
2023-08-28,1.6060677688423366,10,0.75580376,1.1952586
2023-09-12,0.21386306098408453,21,0.76519835,1.2729815
2023-08-16,0.03208899375058178,1,0.7938683,1.2183237
2023-08-18,-0.11107697265693417,3,0.7910285,1.673393
2023-08-22,0.5512265798514193,5,0.79362786,1.1051291
2023-08-29,0.9553695124488192,10,0.76469994,1.4348273
2023-09-13,-0.3315768815578062,21,0.76640254,1.4349041
2023-08-17,-0.7783811477085637,1,0.7976307,1.3140721
2023-08-21,-0.0528857841311229,3,0.7908842,1.7289323
2023-08-23,0.017176965731257314,5,0.7746563,0.91799617
2023-08-30,-0.3146513992972826,10,0.7635006,0.8710847
2023-09-14,1.3166198909700053,21,0.778348,1.0081375
2023-08-18,-0.11107697265693417,1,0.7910285,1.5549386
2023-08-22,0.5512265798514193,3,0.79362786,1.6752766
2023-08-24,0.09763792130954523,5,0.75742286,1.2948161
2023-08-31,-0.47436726409321633,10,0.7655803,1.4023925
2023-09-15,0.00733034185902628,21,0.7649974,1.0493435
2023-08-21,-0.0528857841311229,1,0.7908842,1.3547467
2023-08-23,0.017176965731257314,3,0.7746563,1.1427468
2023-08-25,0.15216788550992963,5,0.7282558,1.3118953
2023-09-01,-0.5940245897232744,10,0.7686122,1.0266333
2023-09-18,-0.7103929664091492,21,0.7712482,1.0332781
2023-08-22,0.5512265798514193,1,0.79362786,1.1383889
2023-08-24,0.09763792130954523,3,0.75742286,1.164906
2023-08-28,1.6060677688423366,5,0.75580376,0.9589633
2023-09-04,-0.35301824543293037,10,0.768761,1.0121274
2023-09-19,0.4745054749085058,21,0.7562472,1.0303863
2023-08-23,0.017176965731257314,1,0.7746563,0.9707788
2023-08-25,0.15216788550992963,3,0.7282558,1.2669802
2023-08-29,0.9553695124488192,5,0.76469994,1.177801
2023-09-05,-0.2583967027396503,10,0.7693888,0.63357395
2023-09-20,1.2371721977180796,21,0.76337814,1.0914617
2023-08-24,0.09763792130954523,1,0.75742286,1.143602
2023-08-28,1.6060677688423366,3,0.75580376,1.2815855
2023-08-30,-0.3146513992972826,5,0.7635006,0.9095788
2023-09-06,-0.8296673345071512,10,0.76444685,0.79954696
2023-09-21,-1.0096622836363889,21,0.77408075,0.9796618
2023-08-25,0.15216788550992963,1,0.7282558,1.1413186
2023-08-29,0.9553695124488192,3,0.76469994,1.3323107
2023-08-31,-0.47436726409321633,5,0.7655803,1.033667
2023-09-07,-0.04724984516934704,10,0.7644543,0.61329633
2023-09-22,-0.4923661847736469,21,0.7684304,1.0564297
2023-08-28,1.6060677688423366,1,0.75580376,1.1903074
2023-08-30,-0.3146513992972826,3,0.7635006,1.0742375
2023-09-01,-0.5940245897232744,5,0.7686122,1.1239928
2023-09-08,0.584753146850823,10,0.7630949,0.7552316
2023-09-25,-1.22830853925037,21,0.7805822,0.8459462
2023-08-29,0.9553695124488192,1,0.76469994,1.137897
2023-08-31,-0.47436726409321633,3,0.7655803,1.1694043
2023-09-04,-0.35301824543293037,5,0.768761,1.2331866
2023-09-11,0.7510753506618739,10,0.7647741,0.83413815
2023-09-26,-0.2037018978881749,21,0.7776431,1.0541399
2023-08-30,-0.3146513992972826,1,0.7635006,0.8967899
2023-09-01,-0.5940245897232744,3,0.7686122,1.1132138
2023-09-05,-0.2583967027396503,5,0.7693888,0.953598
2023-09-12,0.21386306098408453,10,0.76519835,0.95893854
2023-09-27,-0.3743560108120678,21,0.7671126,1.0481335
2023-08-31,-0.47436726409321633,1,0.7655803,1.1462016
2023-09-04,-0.35301824543293037,3,0.768761,1.322136
2023-09-06,-0.8296673345071512,5,0.76444685,0.79822016
2023-09-13,-0.3315768815578062,10,0.76640254,0.97669566
2023-09-28,1.0118058246579413,21,0.72660375,1.3986487
2023-09-01,-0.5940245897232744,1,0.7686122,1.1678343
2023-09-05,-0.2583967027396503,3,0.7693888,0.86405766
2023-09-07,-0.04724984516934704,5,0.7644543,1.2201133
2023-09-14,1.3166198909700053,10,0.778348,1.0239946
2023-09-29,0.012728854208167198,21,0.72455364,1.3138206
2023-09-04,-0.35301824543293037,1,0.768761,1.2142106
2023-09-06,-0.8296673345071512,3,0.76444685,1.2939852
2023-09-08,0.584753146850823,5,0.7630949,1.0070126
2023-09-15,0.00733034185902628,10,0.7649974,0.7135061
2023-10-02,-1.1628658270366279,21,0.74078435,1.5328802
2023-09-05,-0.2583967027396503,1,0.7693888,0.97060657
2023-09-07,-0.04724984516934704,3,0.7644543,1.422432
2023-09-11,0.7510753506618739,5,0.7647741,1.0832018
2023-09-18,-0.7103929664091492,10,0.7712482,0.849163
2023-10-03,-1.6608891626236097,21,0.7633802,1.2306838
2023-09-06,-0.8296673345071512,1,0.76444685,1.2018281
2023-09-08,0.584753146850823,3,0.7630949,1.4142735
2023-09-12,0.21386306098408453,5,0.76519835,1.1515199
2023-09-19,0.4745054749085058,10,0.7562472,0.96388745
2023-10-04,-0.6853391103902613,21,0.74746066,1.1588333
2023-09-07,-0.04724984516934704,1,0.7644543,1.3460107
2023-09-11,0.7510753506618739,3,0.7647741,1.2121648
2023-09-13,-0.3315768815578062,5,0.76640254,1.6824809
2023-09-20,1.2371721977180796,10,0.76337814,1.1690171
2023-10-05,0.600201138080295,21,0.75120384,1.1022824
2023-09-08,0.584753146850823,1,0.7630949,1.1825548
2023-09-12,0.21386306098408453,3,0.76519835,1.4360495
2023-09-14,1.3166198909700053,5,0.778348,1.1068803
2023-09-21,-1.0096622836363889,10,0.77408075,0.9793687
2023-10-06,0.8492181407764002,21,0.75859237,0.88868994
2023-09-11,0.7510753506618739,1,0.7647741,1.092055
2023-09-13,-0.3315768815578062,3,0.76640254,1.2725292
2023-09-15,0.00733034185902628,5,0.7649974,0.9205154
2023-09-22,-0.4923661847736469,10,0.7684304,1.192358
2023-10-09,-0.9191291163695027,21,0.7670864,0.9008475
2023-09-12,0.21386306098408453,1,0.76519835,1.3709574
2023-09-14,1.3166198909700053,3,0.778348,0.99793667
2023-09-18,-0.7103929664091492,5,0.7712482,1.0467782
2023-09-25,-1.22830853925037,10,0.7805822,1.0418191
2023-10-10,2.1704971314261536,21,0.81854767,0.93884015
2023-09-13,-0.3315768815578062,1,0.76640254,1.0620174
2023-09-15,0.00733034185902628,3,0.7649974,0.84441537
2023-09-19,0.4745054749085058,5,0.7562472,1.051234
2023-09-26,-0.2037018978881749,10,0.7776431,0.93528545
2023-10-11,0.08871076066066672,21,0.818658,1.0933684
2023-09-14,1.3166198909700053,1,0.778348,0.8657133
2023-09-18,-0.7103929664091492,3,0.7712482,1.0008895
2023-09-20,1.2371721977180796,5,0.76337814,0.9009754
2023-09-27,-0.3743560108120678,10,0.7671126,0.87417054
2023-10-12,-0.2610129634864857,21,0.81356734,1.0112413
2023-09-15,0.00733034185902628,1,0.7649974,0.7844598
2023-09-19,0.4745054749085058,3,0.7562472,1.1500411
2023-09-21,-1.0096622836363889,5,0.77408075,0.86662155
2023-09-28,1.0118058246579413,10,0.72660375,0.8606461
2023-10-13,-1.1104702968326947,21,0.8216989,1.1039091
2023-09-18,-0.7103929664091492,1,0.7712482,0.9982287
2023-09-20,1.2371721977180796,3,0.76337814,0.9571103
2023-09-22,-0.4923661847736469,5,0.7684304,0.97723246
2023-09-29,0.012728854208167198,10,0.72455364,0.7722666
2023-10-16,0.5853148459823072,21,0.8252941,0.7744253
2023-09-19,0.4745054749085058,1,0.7562472,0.8969135
2023-09-21,-1.0096622836363889,3,0.77408075,1.1954321
2023-09-25,-1.22830853925037,5,0.7805822,1.0043375
2023-10-02,-1.1628658270366279,10,0.74078435,0.89267373
2023-10-17,0.12267563521956085,21,0.82510877,0.8646235
2023-09-20,1.2371721977180796,1,0.76337814,1.000266
2023-09-22,-0.4923661847736469,3,0.7684304,1.0568731
2023-09-26,-0.2037018978881749,5,0.7776431,1.0269263
2023-10-03,-1.6608891626236097,10,0.7633802,0.80940765
2023-10-18,-0.9270129914492389,21,0.82453823,0.78621525
2023-09-21,-1.0096622836363889,1,0.77408075,1.3350236
2023-09-25,-1.22830853925037,3,0.7805822,1.2847972
2023-09-27,-0.3743560108120678,5,0.7671126,1.0489643
2023-10-04,-0.6853391103902613,10,0.74746066,1.0332597
2023-10-19,-0.7178875570651656,21,0.8171177,0.95254016
2023-09-22,-0.4923661847736469,1,0.7684304,1.3565595
2023-09-26,-0.2037018978881749,3,0.7776431,1.3651396
2023-09-28,1.0118058246579413,5,0.72660375,1.3383831
2023-10-05,0.600201138080295,10,0.75120384,1.014031
2023-10-20,-1.2951396655157628,21,0.8316309,1.3171501
2023-09-25,-1.22830853925037,1,0.7805822,1.2631234
2023-09-27,-0.3743560108120678,3,0.7671126,1.645248
2023-09-29,0.012728854208167198,5,0.72455364,1.0436344
2023-10-06,0.8492181407764002,10,0.75859237,0.9016237
2023-10-23,-0.3728242393107994,21,0.83115834,1.3424925
2023-09-26,-0.2037018978881749,1,0.7776431,1.5439883
2023-09-28,1.0118058246579413,3,0.72660375,1.8987215
2023-10-02,-1.1628658270366279,5,0.74078435,1.4086188
2023-10-09,-0.9191291163695027,10,0.7670864,1.1063814
2023-10-24,-0.21923854023647654,21,0.812706,1.530801
2023-09-27,-0.3743560108120678,1,0.7671126,1.7128158
2023-09-29,0.012728854208167198,3,0.72455364,1.3283106
2023-10-03,-1.6608891626236097,5,0.7633802,1.5811118
2023-10-10,2.1704971314261536,10,0.81854767,0.97609407
2023-10-25,0.10021937745168323,21,0.7796523,0.9968476
2023-09-28,1.0118058246579413,1,0.72660375,1.3494211
2023-10-02,-1.1628658270366279,3,0.74078435,1.443007
2023-10-04,-0.6853391103902613,5,0.74746066,1.4851252
2023-10-11,0.08871076066066672,10,0.818658,0.9782859
2023-10-26,-0.24515824978050732,21,0.7797033,1.2341446
2023-09-29,0.012728854208167198,1,0.72455364,1.1662793
2023-10-03,-1.6608891626236097,3,0.7633802,1.4733655
2023-10-05,0.600201138080295,5,0.75120384,1.1300173
2023-10-12,-0.2610129634864857,10,0.81356734,1.0337623
2023-10-27,-0.49773326998475403,21,0.77588487,1.298982
2023-10-02,-1.1628658270366279,1,0.74078435,1.4186397
2023-10-04,-0.6853391103902613,3,0.74746066,1.3389989
2023-10-06,0.8492181407764002,5,0.75859237,0.8528223
2023-10-13,-1.1104702968326947,10,0.8216989,1.4123149
2023-10-30,1.066248488387774,21,0.7899056,1.077565
2023-10-03,-1.6608891626236097,1,0.7633802,1.1936381
2023-10-05,0.600201138080295,3,0.75120384,1.3825397
2023-10-09,-0.9191291163695027,5,0.7670864,1.2808889
2023-10-16,0.5853148459823072,10,0.8252941,1.2793998
2023-10-31,0.037712410048086904,21,0.78673124,1.196142
2023-10-04,-0.6853391103902613,1,0.74746066,1.3981029
2023-10-06,0.8492181407764002,3,0.75859237,1.7427887
2023-10-10,2.1704971314261536,5,0.81854767,1.3462126
2023-10-17,0.12267563521956085,10,0.82510877,1.1751488
2023-11-01,0.6378425697519073,21,0.7877694,1.7139267
2023-10-05,0.600201138080295,1,0.75120384,1.7652422
2023-10-09,-0.9191291163695027,3,0.7670864,2.035225
2023-10-11,0.08871076066066672,5,0.818658,1.0446901
2023-10-18,-0.9270129914492389,10,0.82453823,1.240885
2023-11-02,2.0223864118506083,21,0.8055873,1.4260893
2023-10-06,0.8492181407764002,1,0.75859237,1.6006246
2023-10-10,2.1704971314261536,3,0.81854767,1.5206965
2023-10-12,-0.2610129634864857,5,0.81356734,1.3707682
2023-10-19,-0.7178875570651656,10,0.8171177,1.3481854
2023-11-03,0.3611026705611922,21,0.80231297,1.4987515
2023-10-09,-0.9191291163695027,1,0.7670864,1.6653813
2023-10-11,0.08871076066066672,3,0.818658,1.5272292
2023-10-13,-1.1104702968326947,5,0.8216989,2.0295653
2023-10-20,-1.2951396655157628,10,0.8316309,1.2552898
2023-11-06,-0.5654060834434519,21,0.8053388,1.3648075
2023-10-10,2.1704971314261536,1,0.81854767,1.2795783
2023-10-12,-0.2610129634864857,3,0.81356734,1.6150104
2023-10-16,0.5853148459823072,5,0.8252941,1.3541428
2023-10-23,-0.3728242393107994,10,0.83115834,1.5177296
2023-11-07,-0.06061459048848536,21,0.79775375,1.041512
2023-10-11,0.08871076066066672,1,0.818658,1.4267675
2023-10-13,-1.1104702968326947,3,0.8216989,1.7593777
2023-10-17,0.12267563521956085,5,0.82510877,1.0184054
2023-10-24,-0.21923854023647654,10,0.812706,1.2821323
2023-11-08,0.5172881505831564,21,0.8007445,1.2959899
2023-10-12,-0.2610129634864857,1,0.81356734,1.4505779
2023-10-16,0.5853148459823072,3,0.8252941,1.6158621
2023-10-18,-0.9270129914492389,5,0.82453823,1.5792167
2023-10-25,0.10021937745168323,10,0.7796523,1.1315184
2023-11-09,1.2991782069769304,21,0.8118815,1.804203
2023-10-13,-1.1104702968326947,1,0.8216989,1.7936106
2023-10-17,0.12267563521956085,3,0.82510877,1.6776984
2023-10-19,-0.7178875570651656,5,0.8171177,1.657103
2023-10-26,-0.24515824978050732,10,0.7797033,1.2159084
2023-11-10,-0.3568217921381294,21,0.8131865,1.8066005
2023-10-16,0.5853148459823072,1,0.8252941,1.5144174
2023-10-18,-0.9270129914492389,3,0.82453823,1.6614141
2023-10-20,-1.2951396655157628,5,0.8316309,1.4401395
2023-10-27,-0.49773326998475403,10,0.77588487,1.813947
2023-11-13,0.9557561045934865,21,0.82206094,1.6224046
2023-10-17,0.12267563521956085,1,0.82510877,1.329637
2023-10-19,-0.7178875570651656,3,0.8171177,1.7168835
2023-10-23,-0.3728242393107994,5,0.83115834,1.3396116
2023-10-30,1.066248488387774,10,0.7899056,1.2286234
2023-11-14,1.6935170261611339,21,0.84705645,1.3354036
2023-10-18,-0.9270129914492389,1,0.82453823,1.597828
2023-10-20,-1.2951396655157628,3,0.8316309,1.5346167
2023-10-24,-0.21923854023647654,5,0.812706,1.6033778
2023-10-31,0.037712410048086904,10,0.78673124,1.4739046
2023-11-15,0.180647889658246,21,0.8471974,1.2353568
2023-10-19,-0.7178875570651656,1,0.8171177,1.4480354
2023-10-23,-0.3728242393107994,3,0.83115834,1.9050082
2023-10-25,0.10021937745168323,5,0.7796523,1.5781523
2023-11-01,0.6378425697519073,10,0.7877694,1.3938469
2023-11-16,0.2765680415887119,21,0.8476571,1.321456
2023-10-20,-1.2951396655157628,1,0.8316309,1.4728761
2023-10-24,-0.21923854023647654,3,0.812706,2.1730225
2023-10-26,-0.24515824978050732,5,0.7797033,1.3116494
2023-11-02,2.0223864118506083,10,0.8055873,1.7495451
2023-11-17,0.9676432251093893,21,0.8556573,1.4334474
2023-10-23,-0.3728242393107994,1,0.83115834,2.020338
2023-10-25,0.10021937745168323,3,0.7796523,1.8026549
2023-10-27,-0.49773326998475403,5,0.77588487,1.9213265
2023-11-03,0.3611026705611922,10,0.80231297,1.9664285
2023-11-20,0.7918247122585848,21,0.83720064,1.8646444
2023-10-24,-0.21923854023647654,1,0.812706,2.1307104
2023-10-26,-0.24515824978050732,3,0.7797033,1.6991463
2023-10-30,1.066248488387774,5,0.7899056,1.8815775
2023-11-06,-0.5654060834434519,10,0.8053388,1.6141307
2023-11-21,-0.11695015697500476,21,0.82917386,1.9194453
2023-10-25,0.10021937745168323,1,0.7796523,1.7254738
2023-10-27,-0.49773326998475403,3,0.77588487,2.5364037
2023-10-31,0.037712410048086904,5,0.78673124,1.5481001
2023-11-07,-0.06061459048848536,10,0.79775375,1.140011
2023-11-22,0.6076640948723877,21,0.8309915,1.7147477
2023-10-26,-0.24515824978050732,1,0.7797033,1.7502725
2023-10-30,1.066248488387774,3,0.7899056,2.1587634
2023-11-01,0.6378425697519073,5,0.7877694,2.0092616
2023-11-08,0.5172881505831564,10,0.8007445,1.6696243
2023-11-23,0.182893916964192,21,0.82818645,1.3936174
2023-10-27,-0.49773326998475403,1,0.77588487,1.9716512
2023-10-31,0.037712410048086904,3,0.78673124,1.6716878
2023-11-02,2.0223864118506083,5,0.8055873,1.9440873
2023-11-09,1.2991782069769304,10,0.8118815,1.4052037
2023-11-24,0.3376253553624237,21,0.8242764,1.3650866
2023-10-30,1.066248488387774,1,0.7899056,1.6552868
2023-11-01,0.6378425697519073,3,0.7877694,1.8940773
2023-11-03,0.3611026705611922,5,0.80231297,1.9909892
2023-11-10,-0.3568217921381294,10,0.8131865,1.6050688
2023-11-27,-0.029182243315306996,21,0.8224234,1.2597392
2023-10-31,0.037712410048086904,1,0.78673124,1.2882142
2023-11-02,2.0223864118506083,3,0.8055873,1.8109577
2023-11-06,-0.5654060834434519,5,0.8053388,1.4815819
2023-11-13,0.9557561045934865,10,0.82206094,1.2463921
2023-11-28,0.6750445654428261,21,0.8245558,1.8251362
2023-11-01,0.6378425697519073,1,0.7877694,1.7133222
2023-11-03,0.3611026705611922,3,0.80231297,1.8115729
2023-11-07,-0.06061459048848536,5,0.79775375,1.0304004
2023-11-14,1.6935170261611339,10,0.84705645,1.7449387
2023-11-29,0.5900545376356523,21,0.81761754,1.3959817
2023-11-02,2.0223864118506083,1,0.8055873,1.6849154
2023-11-06,-0.5654060834434519,3,0.8053388,1.5430614
2023-11-08,0.5172881505831564,5,0.8007445,1.2089322
2023-11-15,0.180647889658246,10,0.8471974,1.1643155
2023-11-30,-0.04373583625041064,21,0.81760484,1.6661909
2023-11-03,0.3611026705611922,1,0.80231297,1.6419835
2023-11-07,-0.06061459048848536,3,0.79775375,1.3646209
2023-11-09,1.2991782069769304,5,0.8118815,1.707377
2023-11-16,0.2765680415887119,10,0.8476571,1.2806661
2023-12-01,0.8178668293468567,21,0.8203573,1.9090095
2023-11-06,-0.5654060834434519,1,0.8053388,1.3032598
2023-11-08,0.5172881505831564,3,0.8007445,2.0875201
2023-11-10,-0.3568217921381294,5,0.8131865,1.5113541
2023-11-17,0.9676432251093893,10,0.8556573,1.0526363
2023-12-04,0.36911125567535036,21,0.81695247,1.5375199
2023-11-07,-0.06061459048848536,1,0.79775375,1.2054641
2023-11-09,1.2991782069769304,3,0.8118815,1.8159125
2023-11-13,0.9557561045934865,5,0.82206094,1.4802386
2023-11-20,0.7918247122585848,10,0.83720064,1.5292139
2023-12-05,0.5887354331840664,21,0.81906384,1.405859
2023-11-08,0.5172881505831564,1,0.8007445,1.5167688
2023-11-10,-0.3568217921381294,3,0.8131865,1.8216107
2023-11-14,1.6935170261611339,5,0.84705645,1.6256983
2023-11-21,-0.11695015697500476,10,0.82917386,1.1147572
2023-12-06,0.1922280005485993,21,0.8168209,1.2079424
2023-11-09,1.2991782069769304,1,0.8118815,1.5250341
2023-11-13,0.9557561045934865,3,0.82206094,1.3356055
2023-11-15,0.180647889658246,5,0.8471974,1.4398544
2023-11-22,0.6076640948723877,10,0.8309915,1.2728604
2023-12-07,-1.0988098264046482,21,0.81743693,1.2630141
2023-11-10,-0.3568217921381294,1,0.8131865,1.4938929
2023-11-14,1.6935170261611339,3,0.84705645,1.441925
2023-11-16,0.2765680415887119,5,0.8476571,1.1401992
2023-11-23,0.182893916964192,10,0.82818645,1.1197314
2023-12-08,0.7599671322613192,21,0.8217375,0.88942444
2023-11-13,0.9557561045934865,1,0.82206094,1.1577264
2023-11-15,0.180647889658246,3,0.8471974,1.1746362
2023-11-17,0.9676432251093893,5,0.8556573,1.2578549
2023-11-24,0.3376253553624237,10,0.8242764,0.95832515
2023-12-11,-0.248758783414739,21,0.81603295,1.2178122
2023-11-14,1.6935170261611339,1,0.84705645,1.3675324
2023-11-16,0.2765680415887119,3,0.8476571,1.269069
2023-11-20,0.7918247122585848,5,0.83720064,1.2370018
2023-11-27,-0.029182243315306996,10,0.8224234,0.8383878
2023-12-12,-0.7806425523167689,21,0.82288444,1.3928663
2023-11-15,0.180647889658246,1,0.8471974,1.1390821
2023-11-17,0.9676432251093893,3,0.8556573,1.4220386
2023-11-21,-0.11695015697500476,5,0.82917386,1.2673674
2023-11-28,0.6750445654428261,10,0.8245558,1.4339982
2023-12-13,-0.22359864471554694,21,0.8101927,1.3298174
2023-11-16,0.2765680415887119,1,0.8476571,1.1503404
2023-11-20,0.7918247122585848,3,0.83720064,1.5403663
2023-11-22,0.6076640948723877,5,0.8309915,1.3032446
2023-11-29,0.5900545376356523,10,0.81761754,0.92502844
2023-12-14,0.7460143737185597,21,0.801979,1.1551726
2023-11-17,0.9676432251093893,1,0.8556573,1.1560531
2023-11-21,-0.11695015697500476,3,0.82917386,1.3001539
2023-11-23,0.182893916964192,5,0.82818645,1.3852078
2023-11-30,-0.04373583625041064,10,0.81760484,0.9073142
2023-12-15,-0.7509669037195293,21,0.8059306,1.0487852
2023-11-20,0.7918247122585848,1,0.83720064,1.1787121
2023-11-22,0.6076640948723877,3,0.8309915,1.2231793
2023-11-24,0.3376253553624237,5,0.8242764,0.98012835
2023-12-01,0.8178668293468567,10,0.8203573,1.2471814
2023-12-18,-0.4039607488316053,21,0.78974926,1.072715
2023-11-21,-0.11695015697500476,1,0.82917386,1.3225893
2023-11-23,0.182893916964192,3,0.82818645,1.4856684
2023-11-27,-0.029182243315306996,5,0.8224234,0.8762165
2023-12-04,0.36911125567535036,10,0.81695247,1.3365995
2023-12-19,0.5138492379341457,21,0.7902782,0.91179115
2023-11-22,0.6076640948723877,1,0.8309915,1.059645
2023-11-24,0.3376253553624237,3,0.8242764,1.2590362
2023-11-28,0.6750445654428261,5,0.8245558,1.4597274
2023-12-05,0.5887354331840664,10,0.81906384,1.4033924
2023-12-20,-0.0564141406609557,21,0.78792405,1.5311676
2023-11-23,0.182893916964192,1,0.82818645,1.233892
2023-11-27,-0.029182243315306996,3,0.8224234,1.0722795
2023-11-29,0.5900545376356523,5,0.81761754,1.0119171
2023-12-06,0.1922280005485993,10,0.8168209,0.98102105
2023-12-21,0.03266469717689018,21,0.77948755,1.8091434
2023-11-24,0.3376253553624237,1,0.8242764,1.1314342
2023-11-28,0.6750445654428261,3,0.8245558,1.7272445
2023-11-30,-0.04373583625041064,5,0.81760484,0.81403434
2023-12-07,-1.0988098264046482,10,0.81743693,1.0147232
2023-12-22,0.07518722962804286,21,0.77938944,1.571109
2023-11-27,-0.029182243315306996,1,0.8224234,0.95862776
2023-11-29,0.5900545376356523,3,0.81761754,1.2439054
2023-12-01,0.8178668293468567,5,0.8203573,1.246581
2023-12-08,0.7599671322613192,10,0.8217375,0.64773524
2023-12-25,0.0,21,0.76127887,1.1804436
2023-11-28,0.6750445654428261,1,0.8245558,1.2943909
2023-11-30,-0.04373583625041064,3,0.81760484,1.4020218
2023-12-04,0.36911125567535036,5,0.81695247,1.2671317
2023-12-11,-0.248758783414739,10,0.81603295,0.974807
2023-12-26,0.0,21,0.72411925,0.95124245
2023-11-29,0.5900545376356523,1,0.81761754,0.9803071
2023-12-01,0.8178668293468567,3,0.8203573,1.0614209
2023-12-05,0.5887354331840664,5,0.81906384,1.033177
2023-12-12,-0.7806425523167689,10,0.82288444,0.86179674
2023-12-27,0.0978565540658519,21,0.71556187,0.84471256
2023-11-30,-0.04373583625041064,1,0.81760484,1.077216
2023-12-04,0.36911125567535036,3,0.81695247,1.1754901
2023-12-06,0.1922280005485993,5,0.8168209,0.8807198
2023-12-13,-0.22359864471554694,10,0.8101927,0.76156485
2023-12-28,-0.3523360731235293,21,0.71657556,0.8567108
2023-12-01,0.8178668293468567,1,0.8203573,1.0577748
2023-12-05,0.5887354331840664,3,0.81906384,1.3895065
2023-12-07,-1.0988098264046482,5,0.81743693,0.975255
2023-12-14,0.7460143737185597,10,0.801979,0.76300764
2023-12-29,0.1575170102241272,21,0.71085626,1.4389442
2023-12-04,0.36911125567535036,1,0.81695247,1.0809076
2023-12-06,0.1922280005485993,3,0.8168209,1.0528214
2023-12-08,0.7599671322613192,5,0.8217375,0.9513532
2023-12-15,-0.7509669037195293,10,0.8059306,1.1156594
2024-01-02,0.7887953658347244,21,0.701476,1.0757418
2023-12-05,0.5887354331840664,1,0.81906384,1.0817686
2023-12-07,-1.0988098264046482,3,0.81743693,1.1453648
2023-12-11,-0.248758783414739,5,0.81603295,0.805629
2023-12-18,-0.4039607488316053,10,0.78974926,0.7579568
2024-01-03,-1.2720390935714625,21,0.6760598,1.2183098
2023-12-06,0.1922280005485993,1,0.8168209,1.0275289
2023-12-08,0.7599671322613192,3,0.8217375,0.8711513
2023-12-12,-0.7806425523167689,5,0.82288444,1.1523092
2023-12-19,0.5138492379341457,10,0.7902782,0.7150805
2024-01-04,1.2749853971882539,21,0.6922658,0.9257623
2023-12-07,-1.0988098264046482,1,0.81743693,1.0821004
2023-12-11,-0.248758783414739,3,0.81603295,1.1919168
2023-12-13,-0.22359864471554694,5,0.8101927,0.87806165
2023-12-20,-0.0564141406609557,10,0.78792405,0.9661839
2024-01-05,-0.17594822422942194,21,0.69151676,0.9660299
2023-12-08,0.7599671322613192,1,0.8217375,0.88539696
2023-12-12,-0.7806425523167689,3,0.82288444,1.5561726
2023-12-14,0.7460143737185597,5,0.801979,1.0469177
2023-12-21,0.03266469717689018,10,0.77948755,1.3972162
2024-01-08,0.4368426707896648,21,0.67262185,1.0856571
2023-12-11,-0.248758783414739,1,0.81603295,1.1294742
2023-12-13,-0.22359864471554694,3,0.8101927,1.4267083
2023-12-15,-0.7509669037195293,5,0.8059306,1.0438403
2023-12-22,0.07518722962804286,10,0.77938944,1.2829064
2024-01-09,-1.4672698886366056,21,0.7025432,1.2236298
2023-12-12,-0.7806425523167689,1,0.82288444,1.3426108
2023-12-14,0.7460143737185597,3,0.801979,0.9873501
2023-12-18,-0.4039607488316053,5,0.78974926,1.18563
2023-12-25,0.0,10,0.76127887,1.4416928
2024-01-10,0.0675695843350084,21,0.7025933,1.6005472
2023-12-13,-0.22359864471554694,1,0.8101927,1.1708782
2023-12-15,-0.7509669037195293,3,0.8059306,1.5322319
2023-12-19,0.5138492379341457,5,0.7902782,0.84708166
2023-12-26,0.0,10,0.72411925,0.8630304
2024-01-11,-0.6197708160614723,21,0.69582844,1.6185081
2023-12-14,0.7460143737185597,1,0.801979,1.1255298
2023-12-18,-0.4039607488316053,3,0.78974926,1.9800032
2023-12-20,-0.0564141406609557,5,0.78792405,1.1594034
2023-12-27,0.0978565540658519,10,0.71556187,1.0682741
2024-01-12,0.8945466797283151,21,0.69336563,1.5534507
2023-12-15,-0.7509669037195293,1,0.8059306,1.4724383
2023-12-19,0.5138492379341457,3,0.7902782,1.0342934
2023-12-21,0.03266469717689018,5,0.77948755,1.6351454
2023-12-28,-0.3523360731235293,10,0.71657556,1.30624
2024-01-15,-0.17747641198741726,21,0.6680415,1.4233733
2023-12-18,-0.4039607488316053,1,0.78974926,1.3618352
2023-12-20,-0.0564141406609557,3,0.78792405,1.6268609
2023-12-22,0.07518722962804286,5,0.77938944,1.3878616
2023-12-29,0.1575170102241272,10,0.71085626,1.5084494
2024-01-16,-0.8250756785100968,21,0.6769116,1.4916894
2023-12-19,0.5138492379341457,1,0.7902782,0.9515935
2023-12-21,0.03266469717689018,3,0.77948755,1.6101645
2023-12-25,0.0,5,0.76127887,1.2209077
2024-01-02,0.7887953658347244,10,0.701476,1.3011912
2024-01-17,-1.2717987945249452,21,0.7005402,1.6065915
2023-12-20,-0.0564141406609557,1,0.78792405,1.1618469
2023-12-22,0.07518722962804286,3,0.77938944,1.5652189
2023-12-26,0.0,5,0.72411925,1.1114869
2024-01-03,-1.2720390935714625,10,0.6760598,1.3732767
2024-01-18,0.12659447409514882,21,0.70051163,1.5887011
2023-12-21,0.03266469717689018,1,0.77948755,1.2873639
2023-12-25,0.0,3,0.76127887,1.6603355
2023-12-27,0.0978565540658519,5,0.71556187,0.85797995
2024-01-04,1.2749853971882539,10,0.6922658,1.5103127
2024-01-19,-0.22291357147839164,21,0.70030034,1.4706059
2023-12-22,0.07518722962804286,1,0.77938944,1.0674179
2023-12-26,0.0,3,0.72411925,0.87717795
2023-12-28,-0.3523360731235293,5,0.71657556,1.2733468
2024-01-05,-0.17594822422942194,10,0.69151676,1.2169361
2024-01-22,1.1076254141031052,21,0.70544314,1.1646763
2023-12-25,0.0,1,0.76127887,1.099629
2023-12-27,0.0978565540658519,3,0.71556187,1.2398752
2023-12-29,0.1575170102241272,5,0.71085626,1.2331396
2024-01-08,0.4368426707896648,10,0.67262185,1.0889432
2024-01-23,-1.0984964677293045,21,0.7149264,1.574995
2023-12-26,0.0,1,0.72411925,0.9581748
2023-12-28,-0.3523360731235293,3,0.71657556,1.4838481
2024-01-02,0.7887953658347244,5,0.701476,0.9737737
2024-01-09,-1.4672698886366056,10,0.7025432,1.0872623
2024-01-24,1.1576677703718956,21,0.726488,1.2083247
2023-12-27,0.0978565540658519,1,0.71556187,1.0657963
2023-12-29,0.1575170102241272,3,0.71085626,1.3055515
2024-01-03,-1.2720390935714625,5,0.6760598,1.111567
2024-01-10,0.0675695843350084,10,0.7025933,1.3599567
2024-01-25,-0.577158651207466,21,0.73009586,1.312896
2023-12-28,-0.3523360731235293,1,0.71657556,1.0982672
2024-01-02,0.7887953658347244,3,0.701476,1.1530007
2024-01-04,1.2749853971882539,5,0.6922658,1.3416839
2024-01-11,-0.6197708160614723,10,0.69582844,1.1105912
2024-01-26,0.20147892295072004,21,0.6874535,1.3202033
2023-12-29,0.1575170102241272,1,0.71085626,1.229823
2024-01-03,-1.2720390935714625,3,0.6760598,1.4820048
2024-01-05,-0.17594822422942194,5,0.69151676,1.2718227
2024-01-12,0.8945466797283151,10,0.69336563,1.0421987
2024-01-29,-0.46704309964249213,21,0.6907844,1.3091685
2024-01-02,0.7887953658347244,1,0.701476,1.2140802
2024-01-04,1.2749853971882539,3,0.6922658,1.4721711
2024-01-08,0.4368426707896648,5,0.67262185,1.3737596
2024-01-15,-0.17747641198741726,10,0.6680415,1.462844
2024-01-30,1.495291187247699,21,0.7079693,1.2739866
2024-01-03,-1.2720390935714625,1,0.6760598,1.1096101
2024-01-05,-0.17594822422942194,3,0.69151676,1.3467752
2024-01-09,-1.4672698886366056,5,0.7025432,1.3423713
2024-01-16,-0.8250756785100968,10,0.6769116,1.1039569
2024-01-31,0.38176712868474877,21,0.7081693,1.3801147
2024-01-04,1.2749853971882539,1,0.6922658,1.4437861
2024-01-08,0.4368426707896648,3,0.67262185,1.7089311
2024-01-10,0.0675695843350084,5,0.7025933,1.7975402
2024-01-17,-1.2717987945249452,10,0.7005402,1.9371685
2024-02-01,-0.6340948096509668,21,0.71350044,1.5823759
2024-01-05,-0.17594822422942194,1,0.69151676,1.42267
2024-01-09,-1.4672698886366056,3,0.7025432,1.656465
2024-01-11,-0.6197708160614723,5,0.69582844,1.3844857
2024-01-18,0.12659447409514882,10,0.70051163,1.6497589
2024-02-02,0.4831528836928688,21,0.6983796,1.7707925
2024-01-08,0.4368426707896648,1,0.67262185,1.4588349
2024-01-10,0.0675695843350084,3,0.7025933,2.1402154
2024-01-12,0.8945466797283151,5,0.69336563,1.3434674
2024-01-19,-0.22291357147839164,10,0.70030034,1.6016952
2024-02-05,-1.2117845919524073,21,0.7166039,1.9614673
2024-01-09,-1.4672698886366056,1,0.7025432,1.499126
2024-01-11,-0.6197708160614723,3,0.69582844,1.6527439
2024-01-15,-0.17747641198741726,5,0.6680415,1.6893327
2024-01-22,1.1076254141031052,10,0.70544314,1.4608974
2024-02-06,0.618725117788592,21,0.7110685,1.8866656
2024-01-10,0.0675695843350084,1,0.7025933,1.8133706
2024-01-12,0.8945466797283151,3,0.69336563,1.9243232
2024-01-16,-0.8250756785100968,5,0.6769116,1.6908045
2024-01-23,-1.0984964677293045,10,0.7149264,1.9157685
2024-02-07,-1.1542920955045464,21,0.6973171,1.6692076
2024-01-11,-0.6197708160614723,1,0.69582844,1.4493226
2024-01-15,-0.17747641198741726,3,0.6680415,2.310346
2024-01-17,-1.2717987945249452,5,0.7005402,1.685712
2024-01-24,1.1576677703718956,10,0.726488,1.4656005
2024-02-08,0.17379359317424753,21,0.6972951,1.4652814
2024-01-12,0.8945466797283151,1,0.69336563,1.7416506
2024-01-16,-0.8250756785100968,3,0.6769116,1.861609
2024-01-18,0.12659447409514882,5,0.70051163,1.9754004
2024-01-25,-0.577158651207466,10,0.73009586,2.021786
2024-02-09,-0.08887991697107404,21,0.69683534,1.6102438
2024-01-15,-0.17747641198741726,1,0.6680415,1.8482043
2024-01-17,-1.2717987945249452,3,0.7005402,1.9952525
2024-01-19,-0.22291357147839164,5,0.70030034,1.7102768
2024-01-26,0.20147892295072004,10,0.6874535,1.5142416
2024-02-12,0.8862657538785103,21,0.6950743,1.8364024
2024-01-16,-0.8250756785100968,1,0.6769116,1.633712
2024-01-18,0.12659447409514882,3,0.70051163,2.152976
2024-01-22,1.1076254141031052,5,0.70544314,1.3343115
2024-01-29,-0.46704309964249213,10,0.6907844,1.9644566
2024-02-13,-0.5956793320673083,21,0.6926361,1.6660833
2024-01-17,-1.2717987945249452,1,0.7005402,1.955933
2024-01-19,-0.22291357147839164,3,0.70030034,1.9859079
2024-01-23,-1.0984964677293045,5,0.7149264,1.9882714
2024-01-30,1.495291187247699,10,0.7079693,1.752963
2024-02-14,-0.08870074162859498,21,0.6925548,1.80033
2024-01-18,0.12659447409514882,1,0.70051163,1.766913
2024-01-22,1.1076254141031052,3,0.70544314,1.870053
2024-01-24,1.1576677703718956,5,0.726488,1.6273463
2024-01-31,0.38176712868474877,10,0.7081693,1.7217813
2024-02-15,0.1078417149551469,21,0.6882986,1.9181517
2024-01-19,-0.22291357147839164,1,0.70030034,1.8129131
2024-01-23,-1.0984964677293045,3,0.7149264,2.236011
2024-01-25,-0.577158651207466,5,0.73009586,1.4822813
2024-02-01,-0.6340948096509668,10,0.71350044,1.3513201
2024-02-16,-0.41284624368295414,21,0.69000876,1.340296
2024-01-22,1.1076254141031052,1,0.70544314,1.6315902
2024-01-24,1.1576677703718956,3,0.726488,1.6961461
2024-01-26,0.20147892295072004,5,0.6874535,1.8507513
2024-02-02,0.4831528836928688,10,0.6983796,1.6019601
2024-02-19,0.5889726170790496,21,0.6928702,1.2477545
2024-01-23,-1.0984964677293045,1,0.7149264,1.7029943
2024-01-25,-0.577158651207466,3,0.73009586,1.6059601
2024-01-29,-0.46704309964249213,5,0.6907844,1.7793185
2024-02-05,-1.2117845919524073,10,0.7166039,1.257274
2024-02-20,0.9348013826594167,21,0.70325774,1.3854783
2024-01-24,1.1576677703718956,1,0.726488,1.7678045
2024-01-26,0.20147892295072004,3,0.6874535,2.3284369
2024-01-30,1.495291187247699,5,0.7079693,1.4446768
2024-02-06,0.618725117788592,10,0.7110685,1.6900427
2024-02-21,0.6850225840336227,21,0.7034171,1.2102542
2024-01-25,-0.577158651207466,1,0.73009586,1.6338587
2024-01-29,-0.46704309964249213,3,0.6907844,1.914303
2024-01-31,0.38176712868474877,5,0.7081693,1.2874948
2024-02-07,-1.1542920955045464,10,0.6973171,1.3267232
2024-02-22,0.3131469853892991,21,0.7004973,1.2888539
2024-01-26,0.20147892295072004,1,0.6874535,1.8936111
2024-01-30,1.495291187247699,3,0.7079693,2.0569174
2024-02-01,-0.6340948096509668,5,0.71350044,1.5611751
2024-02-08,0.17379359317424753,10,0.6972951,1.4323068
2024-02-23,-0.08189644997560148,21,0.70056665,1.5325888
2024-01-29,-0.46704309964249213,1,0.6907844,2.0656006
2024-01-31,0.38176712868474877,3,0.7081693,2.0679336
2024-02-02,0.4831528836928688,5,0.6983796,1.804189
2024-02-09,-0.08887991697107404,10,0.69683534,1.2167115
2024-02-26,0.0769648269281299,21,0.6926051,1.5290332
2024-01-30,1.495291187247699,1,0.7079693,1.7343214
2024-02-01,-0.6340948096509668,3,0.71350044,1.5330814
2024-02-05,-1.2117845919524073,5,0.7166039,1.522512
2024-02-12,0.8862657538785103,10,0.6950743,1.1946781
2024-02-27,-0.2429366893348626,21,0.6915771,1.3152263
2024-01-31,0.38176712868474877,1,0.7081693,1.6224103
2024-02-02,0.4831528836928688,3,0.6983796,2.0924647
2024-02-06,0.618725117788592,5,0.7110685,1.6196969
2024-02-13,-0.5956793320673083,10,0.6926361,1.2619743
2024-02-28,-0.4479157639334681,21,0.6892958,1.1846892
2024-02-01,-0.6340948096509668,1,0.71350044,1.4273444
2024-02-05,-1.2117845919524073,3,0.7166039,1.5291411
2024-02-07,-1.1542920955045464,5,0.6973171,1.5275341
2024-02-14,-0.08870074162859498,10,0.6925548,1.3350558
2024-02-29,-0.6706585708256206,21,0.6936139,1.4264662
2024-02-02,0.4831528836928688,1,0.6983796,1.792298
2024-02-06,0.618725117788592,3,0.7110685,1.9326546
2024-02-08,0.17379359317424753,5,0.6972951,1.4316123
2024-02-15,0.1078417149551469,10,0.6882986,1.0652391
2024-03-01,0.6319167843447245,21,0.6848628,1.1322993
2024-02-05,-1.2117845919524073,1,0.7166039,1.47317
2024-02-07,-1.1542920955045464,3,0.6973171,1.8019698
2024-02-09,-0.08887991697107404,5,0.69683534,1.3525612
2024-02-16,-0.41284624368295414,10,0.69000876,0.920745
2024-03-04,0.05065931718263986,21,0.67736775,1.5164639
2024-02-06,0.618725117788592,1,0.7110685,1.9768443
2024-02-08,0.17379359317424753,3,0.6972951,1.7249322
2024-02-12,0.8862657538785103,5,0.6950743,1.6100335
2024-02-19,0.5889726170790496,10,0.6928702,1.2917403
2024-03-05,0.46862159679210547,21,0.6796827,1.495674
2024-02-07,-1.1542920955045464,1,0.6973171,1.6782067
2024-02-09,-0.08887991697107404,3,0.69683534,1.8960018
2024-02-13,-0.5956793320673083,5,0.6926361,1.7060788
2024-02-20,0.9348013826594167,10,0.70325774,1.4048666
2024-03-06,0.7886111273618351,21,0.6798463,1.6015543
2024-02-08,0.17379359317424753,1,0.6972951,1.7802572
2024-02-12,0.8862657538785103,3,0.6950743,1.9777732
2024-02-14,-0.08870074162859498,5,0.6925548,1.600171
2024-02-21,0.6850225840336227,10,0.7034171,1.2588189
2024-03-07,1.1931826810727066,21,0.6959082,1.6400973
2024-02-09,-0.08887991697107404,1,0.69683534,1.7141871
2024-02-13,-0.5956793320673083,3,0.6926361,2.3446794
2024-02-15,0.1078417149551469,5,0.6882986,1.4505687
2024-02-22,0.3131469853892991,10,0.7004973,1.2389754
2024-03-08,-0.13478593867117727,21,0.689952,1.2943451
2024-02-12,0.8862657538785103,1,0.6950743,1.6079004
2024-02-14,-0.08870074162859498,3,0.6925548,1.4963396
2024-02-16,-0.41284624368295414,5,0.69000876,1.2940964
2024-02-23,-0.08189644997560148,10,0.70056665,1.246365
2024-03-11,0.19387929335734802,21,0.68276024,1.3747226
2024-02-13,-0.5956793320673083,1,0.6926361,1.5202329
2024-02-15,0.1078417149551469,3,0.6882986,1.5602654
2024-02-19,0.5889726170790496,5,0.6928702,1.4838185
2024-02-26,0.0769648269281299,10,0.6926051,1.1252468
2024-03-12,0.6101995317386842,21,0.6841965,1.125361
2024-02-14,-0.08870074162859498,1,0.6925548,1.3404626
2024-02-16,-0.41284624368295414,3,0.69000876,1.5296904
2024-02-20,0.9348013826594167,5,0.70325774,1.296245
2024-02-27,-0.2429366893348626,10,0.6915771,1.2895378
2024-03-13,1.638269716549314,21,0.71183336,1.5475944
2024-02-15,0.1078417149551469,1,0.6882986,1.6642714
2024-02-19,0.5889726170790496,3,0.6928702,1.4093019
2024-02-21,0.6850225840336227,5,0.7034171,1.2490942
2024-02-28,-0.4479157639334681,10,0.6892958,1.103838
2024-03-14,-0.6650539927441343,21,0.71802163,1.0047315
2024-02-16,-0.41284624368295414,1,0.69000876,1.268451
2024-02-20,0.9348013826594167,3,0.70325774,1.4435369
2024-02-22,0.3131469853892991,5,0.7004973,1.185979
2024-02-29,-0.6706585708256206,10,0.6936139,0.93874705
2024-03-15,1.0185782568842023,21,0.72851884,1.4248492
2024-02-19,0.5889726170790496,1,0.6928702,1.4336106
2024-02-21,0.6850225840336227,3,0.7034171,1.1996434
2024-02-23,-0.08189644997560148,5,0.70056665,1.4238647
2024-03-01,0.6319167843447245,10,0.6848628,1.0914911
2024-03-18,-0.011323639052220181,21,0.7286131,1.0044605
2024-02-20,0.9348013826594167,1,0.70325774,1.1214426
2024-02-22,0.3131469853892991,3,0.7004973,1.2899382
2024-02-26,0.0769648269281299,5,0.6926051,1.1301135
2024-03-04,0.05065931718263986,10,0.67736775,0.82506835
2024-03-19,0.9831942137464501,21,0.7378258,1.1044397
2024-02-21,0.6850225840336227,1,0.7034171,0.9934402
2024-02-23,-0.08189644997560148,3,0.70056665,1.0901942
2024-02-27,-0.2429366893348626,5,0.6915771,1.1741201
2024-03-05,0.46862159679210547,10,0.6796827,1.0428089
2024-03-20,0.4763711645351487,21,0.73935384,1.2528801
2024-02-22,0.3131469853892991,1,0.7004973,1.258438
2024-02-26,0.0769648269281299,3,0.6926051,1.3334184
2024-02-28,-0.4479157639334681,5,0.6892958,1.3462716
2024-03-06,0.7886111273618351,10,0.6798463,0.9933786
2024-03-21,1.0638398205055797,21,0.74969876,0.9994831
2024-02-23,-0.08189644997560148,1,0.70056665,1.0104446
2024-02-27,-0.2429366893348626,3,0.6915771,1.1205972
2024-02-29,-0.6706585708256206,5,0.6936139,1.210339
2024-03-07,1.1931826810727066,10,0.6959082,1.2860072
2024-03-22,0.6941574912287521,21,0.7507323,1.1344436
2024-02-26,0.0769648269281299,1,0.6926051,1.3064966
2024-02-28,-0.4479157639334681,3,0.6892958,1.2398229
2024-03-01,0.6319167843447245,5,0.6848628,1.055851
2024-03-08,-0.13478593867117727,10,0.689952,0.57368314
2024-03-25,0.08220905310589932,21,0.7507585,0.9867891
2024-02-27,-0.2429366893348626,1,0.6915771,1.153866
2024-02-29,-0.6706585708256206,3,0.6936139,1.403556
2024-03-04,0.05065931718263986,5,0.67736775,1.0635183
2024-03-11,0.19387929335734802,10,0.68276024,1.204225
2024-03-26,0.35818974938782056,21,0.7464452,1.2284846
2024-02-28,-0.4479157639334681,1,0.6892958,1.3823183
2024-03-01,0.6319167843447245,3,0.6848628,1.3665587
2024-03-05,0.46862159679210547,5,0.6796827,1.2461591
2024-03-12,0.6101995317386842,10,0.6841965,0.78314537
2024-03-27,1.0840361689338989,21,0.73343223,1.1212566
2024-02-29,-0.6706585708256206,1,0.6936139,1.2968085
2024-03-04,0.05065931718263986,3,0.67736775,1.6802322
2024-03-06,0.7886111273618351,5,0.6798463,1.2117966
2024-03-13,1.638269716549314,10,0.71183336,1.2413139
2024-03-28,-0.33084106099123495,21,0.72150844,1.0601983
2024-03-01,0.6319167843447245,1,0.6848628,1.3114617
2024-03-05,0.46862159679210547,3,0.6796827,1.3266203
2024-03-07,1.1931826810727066,5,0.6959082,1.4638357
2024-03-14,-0.6650539927441343,10,0.71802163,1.0057932
2024-03-29,0.0,21,0.72055954,0.936133
2024-03-04,0.05065931718263986,1,0.67736775,1.4364221
2024-03-06,0.7886111273618351,3,0.6798463,1.2839352
2024-03-08,-0.13478593867117727,5,0.689952,0.9429228
2024-03-15,1.0185782568842023,10,0.72851884,1.2707042
2024-04-02,-0.8979570726687471,21,0.7318481,1.1045312
2024-03-05,0.46862159679210547,1,0.6796827,1.3965253
2024-03-07,1.1931826810727066,3,0.6959082,1.6923631
2024-03-11,0.19387929335734802,5,0.68276024,1.3104357
2024-03-18,-0.011323639052220181,10,0.7286131,0.938424
2024-04-03,0.5152706569051247,21,0.7031302,1.252675
2024-03-06,0.7886111273618351,1,0.6798463,1.313922
2024-03-08,-0.13478593867117727,3,0.689952,1.4700755
2024-03-12,0.6101995317386842,5,0.6841965,1.0708454
2024-03-19,0.9831942137464501,10,0.7378258,1.181312
2024-04-04,0.529761852259394,21,0.7047004,1.0377766
2024-03-07,1.1931826810727066,1,0.6959082,1.2138983
2024-03-11,0.19387929335734802,3,0.68276024,1.0196768
2024-03-13,1.638269716549314,5,0.71183336,1.2029755
2024-03-20,0.4763711645351487,10,0.73935384,1.1313254
2024-04-05,-1.589534941632684,21,0.7334556,1.3499446
2024-03-08,-0.13478593867117727,1,0.689952,1.1509769
2024-03-12,0.6101995317386842,3,0.6841965,0.88148665
2024-03-14,-0.6650539927441343,5,0.71802163,0.9461094
2024-03-21,1.0638398205055797,10,0.74969876,0.84590816
2024-04-08,-0.03848303587016366,21,0.72716403,1.4757229
2024-03-11,0.19387929335734802,1,0.68276024,0.9677055
2024-03-13,1.638269716549314,3,0.71183336,1.695471
2024-03-15,1.0185782568842023,5,0.72851884,1.0474635
2024-03-22,0.6941574912287521,10,0.7507323,1.1554768
2024-04-09,-0.8818253186782152,21,0.7378146,1.3737415
2024-03-12,0.6101995317386842,1,0.6841965,0.9023977
2024-03-14,-0.6650539927441343,3,0.71802163,1.4437921
2024-03-18,-0.011323639052220181,5,0.7286131,1.0483426
2024-03-25,0.08220905310589932,10,0.7507585,0.71936214
2024-04-10,-0.37978833107968424,21,0.73037,1.3724067
2024-03-13,1.638269716549314,1,0.71183336,1.2960663
2024-03-15,1.0185782568842023,3,0.72851884,1.2297944
2024-03-19,0.9831942137464501,5,0.7378258,0.99356323
2024-03-26,0.35818974938782056,10,0.7464452,1.0946258
2024-04-11,-1.168752335343451,21,0.7271429,0.82720935
2024-03-14,-0.6650539927441343,1,0.71802163,1.1095575
2024-03-18,-0.011323639052220181,3,0.7286131,0.8821912
2024-03-20,0.4763711645351487,5,0.73935384,1.190949
2024-03-27,1.0840361689338989,10,0.73343223,1.0950972
2024-04-12,0.33933608992025266,21,0.72765887,1.2875952
2024-03-15,1.0185782568842023,1,0.72851884,1.2943472
2024-03-19,0.9831942137464501,3,0.7378258,1.3843172
2024-03-21,1.0638398205055797,5,0.74969876,1.2141116
2024-03-28,-0.33084106099123495,10,0.72150844,1.087471
2024-04-15,0.011229015788565604,21,0.7263572,1.097482
2024-03-18,-0.011323639052220181,1,0.7286131,1.0805465
2024-03-20,0.4763711645351487,3,0.73935384,1.964131
2024-03-22,0.6941574912287521,5,0.7507323,0.9525204
2024-03-29,0.0,10,0.72055954,0.68887717
2024-04-16,-1.511287785193719,21,0.74533254,1.8096256
2024-03-19,0.9831942137464501,1,0.7378258,1.3554605
2024-03-21,1.0638398205055797,3,0.74969876,1.081512
2024-03-25,0.08220905310589932,5,0.7507585,1.1332577
2024-04-02,-0.8979570726687471,10,0.7318481,1.530638
2024-04-17,1.0113125397267795,21,0.73800004,1.0827546
2024-03-20,0.4763711645351487,1,0.73935384,1.409807
2024-03-22,0.6941574912287521,3,0.7507323,1.4396582
2024-03-26,0.35818974938782056,5,0.7464452,1.2995584
2024-04-03,0.5152706569051247,10,0.7031302,0.5501796
2024-04-18,1.2253119577530436,21,0.73965245,1.7459514
2024-03-21,1.0638398205055797,1,0.74969876,1.0485861
2024-03-25,0.08220905310589932,3,0.7507585,1.2570297
2024-03-27,1.0840361689338989,5,0.73343223,1.337786
2024-04-04,0.529761852259394,10,0.7047004,1.0532255
2024-04-19,-0.33031735819152436,21,0.73634744,1.0172837
2024-03-22,0.6941574912287521,1,0.7507323,1.000903
2024-03-26,0.35818974938782056,3,0.7464452,1.5525076
2024-03-28,-0.33084106099123495,5,0.72150844,1.0282918
2024-04-05,-1.589534941632684,10,0.7334556,1.0251763
2024-04-22,1.48663450147257,21,0.75682986,1.0832715
2024-03-25,0.08220905310589932,1,0.7507585,0.79296637
2024-03-27,1.0840361689338989,3,0.73343223,0.933231
2024-03-29,0.0,5,0.72055954,0.9319099
2024-04-08,-0.03848303587016366,10,0.72716403,1.3855841
2024-04-23,1.6863130411335348,21,0.7777103,0.86476827
2024-03-26,0.35818974938782056,1,0.7464452,1.1752908
2024-03-28,-0.33084106099123495,3,0.72150844,1.1154695
2024-04-02,-0.8979570726687471,5,0.7318481,1.0072193
2024-04-09,-0.8818253186782152,10,0.7378146,0.85285425
2024-04-24,-0.4307075318072078,21,0.76246166,1.143019
2024-03-27,1.0840361689338989,1,0.73343223,0.91241187
2024-03-29,0.0,3,0.72055954,1.1634216
2024-04-03,0.5152706569051247,5,0.7031302,0.8406305
2024-04-10,-0.37978833107968424,10,0.73037,1.6156756
2024-04-25,-0.40070017042012457,21,0.76523036,1.3652246
2024-03-28,-0.33084106099123495,1,0.72150844,1.0515873
2024-04-02,-0.8979570726687471,3,0.7318481,1.066198
2024-04-04,0.529761852259394,5,0.7047004,0.719097
2024-04-11,-1.168752335343451,10,0.7271429,0.6809559
2024-04-26,1.5439613243890495,21,0.7792515,1.5313764
2024-03-29,0.0,1,0.72055954,1.0371894
2024-04-03,0.5152706569051247,3,0.7031302,1.3792566
2024-04-05,-1.589534941632684,5,0.7334556,1.2217234
2024-04-12,0.33933608992025266,10,0.72765887,1.4459622
2024-04-29,-0.48347910887960416,21,0.78285706,1.2753515
2024-04-02,-0.8979570726687471,1,0.7318481,1.2621472
2024-04-04,0.529761852259394,3,0.7047004,1.1062037
2024-04-08,-0.03848303587016366,5,0.72716403,1.2547663
2024-04-15,0.011229015788565604,10,0.7263572,0.994535
2024-04-30,-2.2446650057956004,21,0.82389593,1.0446013
2024-04-03,0.5152706569051247,1,0.7031302,0.98791826
2024-04-05,-1.589534941632684,3,0.7334556,1.8994865
2024-04-09,-0.8818253186782152,5,0.7378146,1.0967824
2024-04-16,-1.511287785193719,10,0.74533254,1.7212415
2024-05-02,0.16201491135051949,21,0.82156515,1.4032431
2024-04-04,0.529761852259394,1,0.7047004,1.3402513
2024-04-08,-0.03848303587016366,3,0.72716403,1.627055
2024-04-10,-0.37978833107968424,5,0.73037,1.4227738
2024-04-17,1.0113125397267795,10,0.73800004,1.0097523
2024-05-03,-0.1592510934122228,21,0.80489343,1.4853543
2024-04-05,-1.589534941632684,1,0.7334556,1.4414074
2024-04-09,-0.8818253186782152,3,0.7378146,1.5199907
2024-04-11,-1.168752335343451,5,0.7271429,1.1659425
2024-04-18,1.2253119577530436,10,0.73965245,1.8785386
2024-05-06,0.5768840462858698,21,0.80672944,1.5426106
2024-04-08,-0.03848303587016366,1,0.72716403,1.4574769
2024-04-10,-0.37978833107968424,3,0.73037,1.8343502
2024-04-12,0.33933608992025266,5,0.72765887,1.4646112
2024-04-19,-0.33031735819152436,10,0.73634744,1.313222
2024-05-07,1.4855899079612223,21,0.8238511,1.9719865
2024-04-09,-0.8818253186782152,1,0.7378146,1.5129063
2024-04-11,-1.168752335343451,3,0.7271429,1.601386
2024-04-15,0.011229015788565604,5,0.7263572,1.3555237
2024-04-22,1.48663450147257,10,0.75682986,1.4954951
2024-05-08,0.6485614555208746,21,0.82100487,1.4699453
2024-04-10,-0.37978833107968424,1,0.73037,1.6803879
2024-04-12,0.33933608992025266,3,0.72765887,1.9420669
2024-04-16,-1.511287785193719,5,0.74533254,1.6144147
2024-04-23,1.6863130411335348,10,0.7777103,1.5415821
2024-05-09,-0.9269042315831338,21,0.8274276,1.7530308
2024-04-11,-1.168752335343451,1,0.7271429,1.299913
2024-04-15,0.011229015788565604,3,0.7263572,1.4696387
2024-04-17,1.0113125397267795,5,0.73800004,1.4455237
2024-04-24,-0.4307075318072078,10,0.76246166,1.3654504
2024-05-10,0.5001003399857923,21,0.8276916,1.6128495
2024-04-12,0.33933608992025266,1,0.72765887,1.8825362
2024-04-16,-1.511287785193719,3,0.74533254,2.607115
2024-04-18,1.2253119577530436,5,0.73965245,1.5563793
2024-04-25,-0.40070017042012457,10,0.76523036,1.7473059
2024-05-13,0.4178372921741629,21,0.8281456,1.487752
2024-04-15,0.011229015788565604,1,0.7263572,1.3092614
2024-04-17,1.0113125397267795,3,0.73800004,1.3718684
2024-04-19,-0.33031735819152436,5,0.73634744,1.5876697
2024-04-26,1.5439613243890495,10,0.7792515,1.9562457
2024-05-14,0.779771092797675,21,0.8276485,1.5008838
2024-04-16,-1.511287785193719,1,0.74533254,1.9876372
2024-04-18,1.2253119577530436,3,0.73965245,1.9797035
2024-04-22,1.48663450147257,5,0.75682986,1.1674159
2024-04-29,-0.48347910887960416,10,0.78285706,1.6382033
2024-05-15,1.092829684917295,21,0.83405143,1.333314
2024-04-17,1.0113125397267795,1,0.73800004,1.539114
2024-04-19,-0.33031735819152436,3,0.73634744,1.9405738
2024-04-23,1.6863130411335348,5,0.7777103,1.9996946
2024-04-30,-2.2446650057956004,10,0.82389593,1.9443948
2024-05-16,-0.5604084898466292,21,0.8347349,1.9546981
2024-04-18,1.2253119577530436,1,0.73965245,1.8470342
2024-04-22,1.48663450147257,3,0.75682986,1.9390292
2024-04-24,-0.4307075318072078,5,0.76246166,1.4238638
2024-05-02,0.16201491135051949,10,0.82156515,1.4010844
2024-05-17,0.2510276652982965,21,0.8323133,1.6195635
2024-04-19,-0.33031735819152436,1,0.73634744,1.6692169
2024-04-23,1.6863130411335348,3,0.7777103,2.2971394
2024-04-25,-0.40070017042012457,5,0.76523036,1.7302446
2024-05-03,-0.1592510934122228,10,0.80489343,2.0399907
2024-05-20,0.10411520669451474,21,0.8322266,2.219172
2024-04-22,1.48663450147257,1,0.75682986,1.6982623
2024-04-24,-0.4307075318072078,3,0.76246166,1.9091389
2024-04-26,1.5439613243890495,5,0.7792515,2.155087
2024-05-06,0.5768840462858698,10,0.80672944,1.6396844
2024-05-21,-0.040574392822806254,21,0.8320178,1.4823893
2024-04-23,1.6863130411335348,1,0.7777103,1.9914694
2024-04-25,-0.40070017042012457,3,0.76523036,2.1004841
2024-04-29,-0.48347910887960416,5,0.78285706,1.961819
2024-05-07,1.4855899079612223,10,0.8238511,1.7201248
2024-05-22,-0.05206517971999165,21,0.8324742,1.8164923
2024-04-24,-0.4307075318072078,1,0.76246166,1.4518067
2024-04-26,1.5439613243890495,3,0.7792515,1.8913293
2024-04-30,-2.2446650057956004,5,0.82389593,1.6913564
2024-05-08,0.6485614555208746,10,0.82100487,1.8570334
2024-05-23,-0.15812654299021436,21,0.83180684,1.6728024
2024-04-25,-0.40070017042012457,1,0.76523036,1.9420631
2024-04-29,-0.48347910887960416,3,0.78285706,2.6074781
2024-05-02,0.16201491135051949,5,0.82156515,1.4373543
2024-05-09,-0.9269042315831338,10,0.8274276,1.9889477
2024-05-24,-0.5772034591439459,21,0.83364356,1.8256046
2024-04-26,1.5439613243890495,1,0.7792515,1.9137388
2024-04-30,-2.2446650057956004,3,0.82389593,2.02842
2024-05-03,-0.1592510934122228,5,0.80489343,2.0357652
2024-05-10,0.5001003399857923,10,0.8276916,1.6421022
2024-05-27,0.7044310634875548,21,0.8286271,1.8222928
2024-04-29,-0.48347910887960416,1,0.78285706,1.605972
2024-05-02,0.16201491135051949,3,0.82156515,1.8168865
2024-05-06,0.5768840462858698,5,0.80672944,1.5034968
2024-05-13,0.4178372921741629,10,0.8281456,1.5241995
2024-05-28,-0.4380247253019441,21,0.83084273,2.1778286
2024-04-30,-2.2446650057956004,1,0.82389593,1.876282
2024-05-03,-0.1592510934122228,3,0.80489343,2.32378
2024-05-07,1.4855899079612223,5,0.8238511,1.6356082
2024-05-14,0.779771092797675,10,0.8276485,1.846578
2024-05-29,-1.1676633820819862,21,0.84898067,1.7787297
2024-05-02,0.16201491135051949,1,0.82156515,1.8246884
2024-05-06,0.5768840462858698,3,0.80672944,2.1349103
2024-05-08,0.6485614555208746,5,0.82100487,2.2769215
2024-05-15,1.092829684917295,10,0.83405143,1.8330274
2024-05-30,1.7177616110864748,21,0.87146825,1.664705
2024-05-03,-0.1592510934122228,1,0.80489343,1.867867
2024-05-07,1.4855899079612223,3,0.8238511,2.2473319
2024-05-09,-0.9269042315831338,5,0.8274276,1.9580457
2024-05-16,-0.5604084898466292,10,0.8347349,1.4192595
2024-05-31,-0.14298199274428977,21,0.868916,2.1151927
2024-05-06,0.5768840462858698,1,0.80672944,2.0233376
2024-05-08,0.6485614555208746,3,0.82100487,2.4817984
2024-05-10,0.5001003399857923,5,0.8276916,1.6235499
2024-05-17,0.2510276652982965,10,0.8323133,1.9441673
2024-06-03,0.6619975582827007,21,0.86103016,1.4546118
2024-05-07,1.4855899079612223,1,0.8238511,1.7764757
2024-05-09,-0.9269042315831338,3,0.8274276,1.7968016
2024-05-13,0.4178372921741629,5,0.8281456,1.9493728
2024-05-20,0.10411520669451474,10,0.8322266,1.7632561
2024-06-04,-0.9769250137699352,21,0.87279224,1.3972473
2024-05-08,0.6485614555208746,1,0.82100487,2.0118573
2024-05-10,0.5001003399857923,3,0.8276916,1.7516316
2024-05-14,0.779771092797675,5,0.8276485,1.8726125
2024-05-21,-0.040574392822806254,10,0.8320178,1.3681185
2024-06-05,0.5892373328525344,21,0.8746081,1.5057158
2024-05-09,-0.9269042315831338,1,0.8274276,1.5833724
2024-05-13,0.4178372921741629,3,0.8281456,1.8449942
2024-05-15,1.092829684917295,5,0.83405143,1.8351
2024-05-22,-0.05206517971999165,10,0.8324742,1.8057421
2024-06-06,0.7974740799742617,21,0.87658083,1.5756267
2024-05-10,0.5001003399857923,1,0.8276916,1.8328309
2024-05-14,0.779771092797675,3,0.8276485,1.9274949
2024-05-16,-0.5604084898466292,5,0.8347349,1.3874727
2024-05-23,-0.15812654299021436,10,0.83180684,1.754551
2024-06-07,-0.3422487574126017,21,0.85709053,1.5921113
2024-05-13,0.4178372921741629,1,0.8281456,1.8707209
2024-05-15,1.092829684917295,3,0.83405143,1.9753398
2024-05-17,0.2510276652982965,5,0.8323133,2.0129259
2024-05-24,-0.5772034591439459,10,0.83364356,1.1786582
2024-06-10,-0.4191183574881639,21,0.85381436,1.5194024
2024-05-14,0.779771092797675,1,0.8276485,1.5976343
2024-05-16,-0.5604084898466292,3,0.8347349,1.5934614
2024-05-20,0.10411520669451474,5,0.8322266,1.6458329
2024-05-27,0.7044310634875548,10,0.8286271,1.4251668
2024-06-11,-1.6128021810843214,21,0.87484086,1.8164266
2024-05-15,1.092829684917295,1,0.83405143,1.7974505
2024-05-17,0.2510276652982965,3,0.8323133,1.9070264
2024-05-21,-0.040574392822806254,5,0.8320178,1.1460966
2024-05-28,-0.4380247253019441,10,0.83084273,1.7065651
2024-06-12,0.6235273915671201,21,0.877449,1.0056164
2024-05-16,-0.5604084898466292,1,0.8347349,1.3106089
2024-05-20,0.10411520669451474,3,0.8322266,1.3510466
2024-05-22,-0.05206517971999165,5,0.8324742,1.6664473
2024-05-29,-1.1676633820819862,10,0.84898067,1.0589865
2024-06-13,-1.6072775019639556,21,0.89672637,1.1231947
2024-05-17,0.2510276652982965,1,0.8323133,1.5447725
2024-05-21,-0.040574392822806254,3,0.8320178,1.3712096
2024-05-23,-0.15812654299021436,5,0.83180684,1.6099986
2024-05-30,1.7177616110864748,10,0.87146825,1.3839389
2024-06-14,-0.6691353440067452,21,0.8998105,1.2197345
2024-05-20,0.10411520669451474,1,0.8322266,1.544229
2024-05-22,-0.05206517971999165,3,0.8324742,2.0442486
2024-05-24,-0.5772034591439459,5,0.83364356,0.9086754
2024-05-31,-0.14298199274428977,10,0.868916,1.0519886
2024-06-17,-0.2988367642707595,21,0.8905974,1.2915539
2024-05-21,-0.040574392822806254,1,0.8320178,1.4983796
2024-05-23,-0.15812654299021436,3,0.83180684,1.5920477
2024-05-27,0.7044310634875548,5,0.8286271,1.1910269
2024-06-03,0.6619975582827007,10,0.86103016,1.3769044
2024-06-18,0.9824296348006261,21,0.8950948,1.1080035
2024-05-22,-0.05206517971999165,1,0.8324742,1.8264668
2024-05-24,-0.5772034591439459,3,0.83364356,1.2858806
2024-05-28,-0.4380247253019441,5,0.83084273,1.6599877
2024-06-04,-0.9769250137699352,10,0.87279224,0.72810066
2024-06-19,-0.10215105683499312,21,0.89519006,1.360473
2024-05-23,-0.15812654299021436,1,0.83180684,1.3588368
2024-05-27,0.7044310634875548,3,0.8286271,1.0534089
2024-05-29,-1.1676633820819862,5,0.84898067,1.3397037
2024-06-05,0.5892373328525344,10,0.8746081,1.1349013
2024-06-20,0.9371312996003969,21,0.9020373,1.147718
2024-05-24,-0.5772034591439459,1,0.83364356,1.2606173
2024-05-28,-0.4380247253019441,3,0.83084273,1.6131694
2024-05-30,1.7177616110864748,5,0.87146825,0.97810316
2024-06-06,0.7974740799742617,10,0.87658083,0.6918892
2024-06-21,-1.1553425077104822,21,0.9038206,0.738287
2024-05-27,0.7044310634875548,1,0.8286271,1.1433414
2024-05-29,-1.1676633820819862,3,0.84898067,1.2893751
2024-05-31,-0.14298199274428977,5,0.868916,1.1217357
2024-06-07,-0.3422487574126017,10,0.85709053,0.86645913
2024-06-24,1.2592265251846357,21,0.91751766,0.91364944
2024-05-28,-0.4380247253019441,1,0.83084273,1.3685246
2024-05-30,1.7177616110864748,3,0.87146825,1.0224123
2024-06-03,0.6619975582827007,5,0.86103016,1.2668397
2024-06-10,-0.4191183574881639,10,0.85381436,0.7456954
2024-06-25,-0.4773235925535803,21,0.9197132,0.97916853
2024-05-29,-1.1676633820819862,1,0.84898067,1.1070971
2024-05-31,-0.14298199274428977,3,0.868916,1.452264
2024-06-04,-0.9769250137699352,5,0.87279224,0.83606863
2024-06-11,-1.6128021810843214,10,0.87484086,1.0992407
2024-06-26,-0.7982199912455011,21,0.9181393,0.9353028
2024-05-30,1.7177616110864748,1,0.87146825,1.2588718
2024-06-03,0.6619975582827007,3,0.86103016,1.390152
2024-06-05,0.5892373328525344,5,0.8746081,1.2087163
2024-06-12,0.6235273915671201,10,0.877449,0.62953854
2024-06-27,-0.7187729971567646,21,0.9204096,1.0085601
2024-05-31,-0.14298199274428977,1,0.868916,1.3345634
2024-06-04,-0.9769250137699352,3,0.87279224,1.048378
2024-06-06,0.7974740799742617,5,0.87658083,1.208503
2024-06-13,-1.6072775019639556,10,0.89672637,0.9643693
2024-06-28,-0.07124849583435336,21,0.9176772,1.3062129
2024-06-03,0.6619975582827007,1,0.86103016,1.4956189
2024-06-05,0.5892373328525344,3,0.8746081,1.7446355
2024-06-07,-0.3422487574126017,5,0.85709053,0.9303764
2024-06-14,-0.6691353440067452,10,0.8998105,0.7826077
2024-07-01,1.0299763336495187,21,0.9040614,1.3166695
2024-06-04,-0.9769250137699352,1,0.87279224,0.9967935
2024-06-06,0.7974740799742617,3,0.87658083,1.253762
2024-06-10,-0.4191183574881639,5,0.85381436,1.1650732
2024-06-17,-0.2988367642707595,10,0.8905974,0.9414317
2024-07-02,-1.3127299363491303,21,0.9203124,0.92505825
2024-06-05,0.5892373328525344,1,0.8746081,1.251967
2024-06-07,-0.3422487574126017,3,0.85709053,1.4972919
2024-06-11,-1.6128021810843214,5,0.87484086,1.2702824
2024-06-18,0.9824296348006261,10,0.8950948,0.7240251
2024-07-03,1.3109211110906438,21,0.9281987,1.2591157
2024-06-06,0.7974740799742617,1,0.87658083,1.2169284
2024-06-10,-0.4191183574881639,3,0.85381436,1.1776986
2024-06-12,0.6235273915671201,5,0.877449,0.98360765
2024-06-19,-0.10215105683499312,10,0.89519006,0.85348356
2024-07-04,0.08588308676385249,21,0.92660266,0.99662274
2024-06-07,-0.3422487574126017,1,0.85709053,1.0731685
2024-06-11,-1.6128021810843214,3,0.87484086,1.1938145
2024-06-13,-1.6072775019639556,5,0.89672637,0.92357755
2024-06-20,0.9371312996003969,10,0.9020373,0.9044139
2024-07-05,-0.38750965204196547,21,0.91467786,0.9363569
2024-06-10,-0.4191183574881639,1,0.85381436,1.1824332
2024-06-12,0.6235273915671201,3,0.877449,1.0621338
2024-06-14,-0.6691353440067452,5,0.8998105,1.0135863
2024-06-21,-1.1553425077104822,10,0.9038206,0.49186134
2024-07-08,-0.012700947144846892,21,0.913968,1.068373
2024-06-11,-1.6128021810843214,1,0.87484086,1.0806623
2024-06-13,-1.6072775019639556,3,0.89672637,1.2098686
2024-06-17,-0.2988367642707595,5,0.8905974,0.85975206
2024-06-24,1.2592265251846357,10,0.91751766,0.69037616
2024-07-09,-1.1249656752012247,21,0.9265034,1.072966
2024-06-12,0.6235273915671201,1,0.877449,1.0009849
2024-06-14,-0.6691353440067452,3,0.8998105,1.3068873
2024-06-18,0.9824296348006261,5,0.8950948,0.9627499
2024-06-25,-0.4773235925535803,10,0.9197132,1.0660436
2024-07-10,1.5730579623644019,21,0.9249508,1.0376657
2024-06-13,-1.6072775019639556,1,0.89672637,1.0421104
2024-06-17,-0.2988367642707595,3,0.8905974,1.3147922
2024-06-19,-0.10215105683499312,5,0.89519006,1.0159994
2024-06-26,-0.7982199912455011,10,0.9181393,0.6558994
2024-07-11,0.8848342026027491,21,0.9229438,1.0729746
2024-06-14,-0.6691353440067452,1,0.8998105,1.4711065
2024-06-18,0.9824296348006261,3,0.8950948,1.4652162
2024-06-20,0.9371312996003969,5,0.9020373,1.6843655
2024-06-27,-0.7187729971567646,10,0.9204096,1.3162613
2024-07-12,0.7189847480481565,21,0.9145896,1.2011136
2024-06-17,-0.2988367642707595,1,0.8905974,1.4612395
2024-06-19,-0.10215105683499312,3,0.89519006,1.5167764
2024-06-21,-1.1553425077104822,5,0.9038206,1.0668707
2024-06-28,-0.07124849583435336,10,0.9176772,1.3862107
2024-07-15,-0.9609962496674016,21,0.92289615,1.0190654
2024-06-18,0.9824296348006261,1,0.8950948,1.2427175
2024-06-20,0.9371312996003969,3,0.9020373,1.558889
2024-06-24,1.2592265251846357,5,0.91751766,1.0776346
2024-07-01,1.0299763336495187,10,0.9040614,1.0283085
2024-07-16,-0.4722612056209854,21,0.90617853,1.2285013
2024-06-19,-0.10215105683499312,1,0.89519006,1.4043928
2024-06-21,-1.1553425077104822,3,0.9038206,1.2908038
2024-06-25,-0.4773235925535803,5,0.9197132,1.5059313
2024-07-02,-1.3127299363491303,10,0.9203124,1.2064732
2024-07-17,0.13245810809553757,21,0.8798735,1.0154203
2024-06-20,0.9371312996003969,1,0.9020373,1.5012307
2024-06-24,1.2592265251846357,3,0.91751766,1.2510064
2024-06-26,-0.7982199912455011,5,0.9181393,1.0218518
2024-07-03,1.3109211110906438,10,0.9281987,1.343054
2024-07-18,0.3801790429832249,21,0.87930316,1.3549671
2024-06-21,-1.1553425077104822,1,0.9038206,0.97834253
2024-06-25,-0.4773235925535803,3,0.9197132,1.2629045
2024-06-27,-0.7187729971567646,5,0.9204096,1.2675284
2024-07-04,0.08588308676385249,10,0.92660266,1.0643306
2024-07-19,-0.5396909883796805,21,0.880607,1.1569877
2024-06-24,1.2592265251846357,1,0.91751766,1.3528405
2024-06-26,-0.7982199912455011,3,0.9181393,1.5393425
2024-06-28,-0.07124849583435336,5,0.9176772,1.3896577
2024-07-05,-0.38750965204196547,10,0.91467786,1.2111707
2024-07-22,0.506494180351618,21,0.8600351,1.6898475
2024-06-25,-0.4773235925535803,1,0.9197132,1.453365
2024-06-27,-0.7187729971567646,3,0.9204096,1.4968995
2024-07-01,1.0299763336495187,5,0.9040614,1.2657422
2024-07-08,-0.012700947144846892,10,0.913968,1.4032394
2024-07-23,0.6163775021847578,21,0.86131084,1.2399983
2024-06-26,-0.7982199912455011,1,0.9181393,1.1231422
2024-06-28,-0.07124849583435336,3,0.9176772,1.6815292
2024-07-02,-1.3127299363491303,5,0.9203124,1.1966467
2024-07-09,-1.1249656752012247,10,0.9265034,1.2071226
2024-07-24,-0.023190681018008176,21,0.8085876,1.5789421
2024-06-27,-0.7187729971567646,1,0.9204096,1.3350273
2024-07-01,1.0299763336495187,3,0.9040614,1.4951801
2024-07-03,1.3109211110906438,5,0.9281987,1.4210638
2024-07-10,1.5730579623644019,10,0.9249508,1.1847214
2024-07-25,-0.5770356461336367,21,0.8125298,1.4632275
2024-06-28,-0.07124849583435336,1,0.9176772,1.5863588
2024-07-02,-1.3127299363491303,3,0.9203124,1.2216995
2024-07-04,0.08588308676385249,5,0.92660266,1.3743372
2024-07-11,0.8848342026027491,10,0.9229438,1.4598335
2024-07-26,0.1819689899967843,21,0.8122955,1.3484043
2024-07-01,1.0299763336495187,1,0.9040614,1.2968174
2024-07-03,1.3109211110906438,3,0.9281987,1.9406123
2024-07-05,-0.38750965204196547,5,0.91467786,1.2014909
2024-07-12,0.7189847480481565,10,0.9145896,1.2971902
2024-07-29,-0.43170635669513896,21,0.81158215,1.7927322
2024-07-02,-1.3127299363491303,1,0.9203124,1.5565909
2024-07-04,0.08588308676385249,3,0.92660266,1.5151594
2024-07-08,-0.012700947144846892,5,0.913968,1.543767
2024-07-15,-0.9609962496674016,10,0.92289615,1.058187
2024-07-30,0.7598466694646638,21,0.79475886,1.348456
2024-07-03,1.3109211110906438,1,0.9281987,1.3554116
2024-07-05,-0.38750965204196547,3,0.91467786,1.5831921
2024-07-09,-1.1249656752012247,5,0.9265034,1.6144097
2024-07-16,-0.4722612056209854,10,0.90617853,1.6084574
2024-07-31,-1.235892071419506,21,0.80657345,1.5722213
2024-07-04,0.08588308676385249,1,0.92660266,1.4191698
2024-07-08,-0.012700947144846892,3,0.913968,1.6610913
2024-07-10,1.5730579623644019,5,0.9249508,0.9666115
2024-07-17,0.13245810809553757,10,0.8798735,0.73244697
2024-08-01,-1.9225658663887757,21,0.83541703,1.4449868
2024-07-05,-0.38750965204196547,1,0.91467786,1.0920947
2024-07-09,-1.1249656752012247,3,0.9265034,1.6048094
2024-07-11,0.8848342026027491,5,0.9229438,1.4000068
2024-07-18,0.3801790429832249,10,0.87930316,1.6001339
2024-08-02,-1.685349638808769,21,0.8592255,1.3009712
2024-07-08,-0.012700947144846892,1,0.913968,1.2877563
2024-07-10,1.5730579623644019,3,0.9249508,0.9966131
2024-07-12,0.7189847480481565,5,0.9145896,1.4372599
2024-07-19,-0.5396909883796805,10,0.880607,1.270849
2024-08-05,-2.3654539763231406,21,0.90648216,0.8476449
2024-07-09,-1.1249656752012247,1,0.9265034,1.1960105
2024-07-11,0.8848342026027491,3,0.9229438,1.2672504
2024-07-15,-0.9609962496674016,5,0.92289615,0.8784108
2024-07-22,0.506494180351618,10,0.8600351,0.9013907
2024-08-06,-0.3161351539173892,21,0.8992082,1.1058804
2024-07-10,1.5730579623644019,1,0.9249508,1.1674186
2024-07-12,0.7189847480481565,3,0.9145896,1.1934402
2024-07-16,-0.4722612056209854,5,0.90617853,1.4015415
2024-07-23,0.6163775021847578,10,0.86131084,1.0120449
2024-08-07,1.9867729896485393,21,0.9268098,1.1306347
2024-07-11,0.8848342026027491,1,0.9229438,1.2820078
2024-07-15,-0.9609962496674016,3,0.92289615,1.0793155
2024-07-17,0.13245810809553757,5,0.8798735,0.91292685
2024-07-24,-0.023190681018008176,10,0.8085876,1.1868312
2024-08-08,-0.38757906436933726,21,0.925673,1.0726066
2024-07-12,0.7189847480481565,1,0.9145896,1.1296215
2024-07-16,-0.4722612056209854,3,0.90617853,1.3152548
2024-07-18,0.3801790429832249,5,0.87930316,1.237444
2024-07-25,-0.5770356461336367,10,0.8125298,0.9389189
2024-08-09,0.7595630130211054,21,0.931374,1.0820535
2024-07-15,-0.9609962496674016,1,0.92289615,1.0035162
2024-07-17,0.13245810809553757,3,0.8798735,1.0334618
2024-07-19,-0.5396909883796805,5,0.880607,1.1874884
2024-07-26,0.1819689899967843,10,0.8122955,1.1988506
2024-08-12,0.07235244411154734,21,0.9312624,1.2924315
2024-07-16,-0.4722612056209854,1,0.90617853,1.405526
2024-07-18,0.3801790429832249,3,0.87930316,1.5538162
2024-07-22,0.506494180351618,5,0.8600351,1.1233172
2024-07-29,-0.43170635669513896,10,0.81158215,1.2982602
2024-08-13,0.7262549469499817,21,0.9374053,1.2541775
2024-07-17,0.13245810809553757,1,0.8798735,1.1880176
2024-07-19,-0.5396909883796805,3,0.880607,1.5124215
2024-07-23,0.6163775021847578,5,0.86131084,1.5013411
2024-07-30,0.7598466694646638,10,0.79475886,1.0910821
2024-08-14,0.2719214966138394,21,0.9385738,1.6300293
2024-07-18,0.3801790429832249,1,0.87930316,1.5664972
2024-07-22,0.506494180351618,3,0.8600351,1.9109389
2024-07-24,-0.023190681018008176,5,0.8085876,1.2565356
2024-07-31,-1.235892071419506,10,0.80657345,1.3859719
2024-08-15,1.2256029486122502,21,0.9536743,1.1434672
2024-07-19,-0.5396909883796805,1,0.880607,1.2651364
2024-07-23,0.6163775021847578,3,0.86131084,1.1949894
2024-07-25,-0.5770356461336367,5,0.8125298,1.1983202
2024-08-01,-1.9225658663887757,10,0.83541703,1.162063
2024-08-16,0.5871243732412397,21,0.9548978,1.3388216
2024-07-22,0.506494180351618,1,0.8600351,1.2558708
2024-07-24,-0.023190681018008176,3,0.8085876,1.1523039
2024-07-26,0.1819689899967843,5,0.8122955,1.3039753
2024-08-02,-1.685349638808769,10,0.8592255,0.8144819
2024-08-19,1.3858249557196052,21,0.96791893,1.0130799
2024-07-23,0.6163775021847578,1,0.86131084,1.2752315
2024-07-25,-0.5770356461336367,3,0.8125298,1.6220199
2024-07-29,-0.43170635669513896,5,0.81158215,1.0557258
2024-08-05,-2.3654539763231406,10,0.90648216,0.6598102
2024-08-20,-0.13249034172884736,21,0.9665555,1.3800938
2024-07-24,-0.023190681018008176,1,0.8085876,1.1628098
2024-07-26,0.1819689899967843,3,0.8122955,0.9693084
2024-07-30,0.7598466694646638,5,0.79475886,1.3936845
2024-08-06,-0.3161351539173892,10,0.8992082,1.1935474
2024-08-21,0.24411457577539789,21,0.9554632,0.99439526
2024-07-25,-0.5770356461336367,1,0.8125298,1.5557361
2024-07-29,-0.43170635669513896,3,0.81158215,1.5543568
2024-07-31,-1.235892071419506,5,0.80657345,1.1565055
2024-08-07,1.9867729896485393,10,0.9268098,0.70805097
2024-08-22,0.37178102380004713,21,0.92979705,1.1732687
2024-07-26,0.1819689899967843,1,0.8122955,1.2379829
2024-07-30,0.7598466694646638,3,0.79475886,1.1173836
2024-08-01,-1.9225658663887757,5,0.83541703,1.3803977
2024-08-08,-0.38757906436933726,10,0.925673,0.6298672
2024-08-23,1.085843140345217,21,0.94066805,1.03348
2024-07-29,-0.43170635669513896,1,0.81158215,1.2277849
2024-07-31,-1.235892071419506,3,0.80657345,1.4152589
2024-08-02,-1.685349638808769,5,0.8592255,1.1555047
2024-08-09,0.7595630130211054,10,0.931374,0.7644315
2024-08-26,-0.1117834002735247,21,0.93664366,0.96323246
2024-07-30,0.7598466694646638,1,0.79475886,1.1516623
2024-08-01,-1.9225658663887757,3,0.83541703,1.4352212
2024-08-05,-2.3654539763231406,5,0.90648216,0.82627654
2024-08-12,0.07235244411154734,10,0.9312624,1.1804701
2024-08-27,0.5435469553337448,21,0.9308481,0.98984003
2024-07-31,-1.235892071419506,1,0.80657345,1.1489611
2024-08-02,-1.685349638808769,3,0.8592255,0.81321764
2024-08-06,-0.3161351539173892,5,0.8992082,1.4187139
2024-08-13,0.7262549469499817,10,0.9374053,0.7281911
2024-08-28,0.045015425162936495,21,0.9277146,0.8648857
2024-08-01,-1.9225658663887757,1,0.83541703,1.2781277
2024-08-05,-2.3654539763231406,3,0.90648216,1.303042
2024-08-07,1.9867729896485393,5,0.9268098,1.2282262
2024-08-14,0.2719214966138394,10,0.9385738,1.1910605
2024-08-29,0.2344584293512193,21,0.92231137,1.6572475
2024-08-02,-1.685349638808769,1,0.8592255,1.4386269
2024-08-06,-0.3161351539173892,3,0.8992082,2.1078334
2024-08-08,-0.38757906436933726,5,0.925673,0.9823744
2024-08-15,1.2256029486122502,10,0.9536743,0.8981856
2024-08-30,0.38048419179883686,21,0.922651,1.1134846
2024-08-05,-2.3654539763231406,1,0.90648216,1.5028287
2024-08-07,1.9867729896485393,3,0.9268098,2.1063318
2024-08-09,0.7595630130211054,5,0.931374,1.5358862
2024-08-16,0.5871243732412397,10,0.9548978,1.8431937
2024-09-02,-0.05790184921301945,21,0.9210499,1.5424999
2024-08-06,-0.3161351539173892,1,0.8992082,2.3549361
2024-08-08,-0.38757906436933726,3,0.925673,2.158824
2024-08-12,0.07235244411154734,5,0.9312624,2.0134993
2024-08-19,1.3858249557196052,10,0.96791893,1.4696455
2024-09-03,-1.0240668118626097,21,0.9065382,1.7265558
2024-08-07,1.9867729896485393,1,0.9268098,2.1460428
2024-08-09,0.7595630130211054,3,0.931374,2.575798
2024-08-13,0.7262549469499817,5,0.9374053,1.722816
2024-08-20,-0.13249034172884736,10,0.9665555,1.5568262
2024-09-04,-0.5806241331941854,21,0.9061758,1.9391989
2024-08-08,-0.38757906436933726,1,0.925673,2.067451
2024-08-12,0.07235244411154734,3,0.9312624,2.6115754
2024-08-14,0.2719214966138394,5,0.9385738,1.8462751
2024-08-21,0.24411457577539789,10,0.9554632,1.601311
2024-09-05,0.5300758607357147,21,0.8838438,1.5278203
2024-08-09,0.7595630130211054,1,0.931374,1.9903591
2024-08-13,0.7262549469499817,3,0.9374053,2.5597188
2024-08-15,1.2256029486122502,5,0.9536743,1.6894602
2024-08-22,0.37178102380004713,10,0.92979705,1.7073085
2024-09-06,-0.8954685279228906,21,0.88735837,1.5754455
2024-08-12,0.07235244411154734,1,0.9312624,1.9539473
2024-08-14,0.2719214966138394,3,0.9385738,2.025679
2024-08-16,0.5871243732412397,5,0.9548978,1.8212227
2024-08-23,1.085843140345217,10,0.94066805,1.8199905
2024-09-09,0.8892590833556958,21,0.8931971,1.4891949
2024-08-13,0.7262549469499817,1,0.9374053,1.737598
2024-08-15,1.2256029486122502,3,0.9536743,1.6809188
2024-08-19,1.3858249557196052,5,0.96791893,1.4517239
2024-08-26,-0.1117834002735247,10,0.93664366,1.7748525
2024-09-10,-0.6166514915663903,21,0.8886571,1.674397
2024-08-14,0.2719214966138394,1,0.9385738,1.727477
2024-08-16,0.5871243732412397,3,0.9548978,1.8812606
2024-08-20,-0.13249034172884736,5,0.9665555,1.5090607
2024-08-27,0.5435469553337448,10,0.9308481,1.1036038
2024-09-11,0.6707494101159435,21,0.89244545,1.5624347
2024-08-15,1.2256029486122502,1,0.9536743,1.39144
2024-08-19,1.3858249557196052,3,0.96791893,1.7611142
2024-08-21,0.24411457577539789,5,0.9554632,1.262903
2024-08-28,0.045015425162936495,10,0.9277146,1.6041338
2024-09-12,1.0697175521953972,21,0.8948824,1.5460358
2024-08-16,0.5871243732412397,1,0.9548978,1.4445163
2024-08-20,-0.13249034172884736,3,0.9665555,1.3585633
2024-08-22,0.37178102380004713,5,0.92979705,1.2682623
2024-08-29,0.2344584293512193,10,0.92231137,1.4146795
2024-09-13,1.2205692846096299,21,0.8938647,1.3340144
2024-08-19,1.3858249557196052,1,0.96791893,1.2715032
2024-08-21,0.24411457577539789,3,0.9554632,1.0977678
2024-08-23,1.085843140345217,5,0.94066805,1.3331835
2024-08-30,0.38048419179883686,10,0.922651,1.2959384
2024-09-16,0.35292322499371803,21,0.8810802,1.3384287
2024-08-20,-0.13249034172884736,1,0.9665555,1.0519991
2024-08-22,0.37178102380004713,3,0.92979705,1.4724663
2024-08-26,-0.1117834002735247,5,0.93664366,1.4838284
2024-09-02,-0.05790184921301945,10,0.9210499,1.0029647
2024-09-17,1.0513573676563102,21,0.8873617,1.2630289
2024-08-21,0.24411457577539789,1,0.9554632,0.9476679
2024-08-23,1.085843140345217,3,0.94066805,1.5793784
2024-08-27,0.5435469553337448,5,0.9308481,1.0650758
2024-09-03,-1.0240668118626097,10,0.9065382,1.1844568
2024-09-18,-0.15991041585136173,21,0.88038754,1.5044085
2024-08-22,0.37178102380004713,1,0.92979705,1.2302009
2024-08-26,-0.1117834002735247,3,0.93664366,1.3198414
2024-08-28,0.045015425162936495,5,0.9277146,1.304987
2024-09-04,-0.5806241331941854,10,0.9061758,1.0406648
2024-09-19,0.7961581171886919,21,0.87834483,1.0795449
2024-08-23,1.085843140345217,1,0.94066805,1.4956417
2024-08-27,0.5435469553337448,3,0.9308481,0.8596446
2024-08-29,0.2344584293512193,5,0.92231137,1.3204292
2024-09-05,0.5300758607357147,10,0.8838438,1.108461
2024-09-20,-0.2107822669456803,21,0.87904763,1.6327239
2024-08-26,-0.1117834002735247,1,0.93664366,1.2871764
2024-08-28,0.045015425162936495,3,0.9277146,1.5373042
2024-08-30,0.38048419179883686,5,0.922651,1.2642981
2024-09-06,-0.8954685279228906,10,0.88735837,0.8254409
2024-09-23,0.3787497309357963,21,0.8715972,1.4049093
2024-08-27,0.5435469553337448,1,0.9308481,0.8927121
2024-08-29,0.2344584293512193,3,0.92231137,1.6255523
2024-09-02,-0.05790184921301945,5,0.9210499,1.043246
2024-09-09,0.8892590833556958,10,0.8931971,0.89968306
2024-09-24,0.3308669439678164,21,0.85178846,1.3871828
2024-08-28,0.045015425162936495,1,0.9277146,1.0764126
2024-08-30,0.38048419179883686,3,0.922651,1.2804255
2024-09-03,-1.0240668118626097,5,0.9065382,1.0851477
2024-09-10,-0.6166514915663903,10,0.8886571,1.1249503
2024-09-25,-0.3758002865351411,21,0.84009117,1.0771197
2024-08-29,0.2344584293512193,1,0.92231137,1.1274015
2024-09-02,-0.05790184921301945,3,0.9210499,0.98429215
2024-09-04,-0.5806241331941854,5,0.9061758,1.3295157
2024-09-11,0.6707494101159435,10,0.89244545,1.1061014
2024-09-26,1.352680885057821,21,0.85532236,1.4043919
2024-08-30,0.38048419179883686,1,0.922651,1.233224
2024-09-03,-1.0240668118626097,3,0.9065382,1.4661471
2024-09-05,0.5300758607357147,5,0.8838438,1.23485
2024-09-12,1.0697175521953972,10,0.8948824,1.256177
2024-09-27,0.12290406252564319,21,0.85263735,1.0105641
2024-09-02,-0.05790184921301945,1,0.9210499,0.9651166
2024-09-04,-0.5806241331941854,3,0.9061758,1.4625233
2024-09-06,-0.8954685279228906,5,0.88735837,1.045788
2024-09-13,1.2205692846096299,10,0.8938647,1.1411287
2024-09-30,-0.7599050205373702,21,0.8602834,1.2094039
2024-09-03,-1.0240668118626097,1,0.9065382,1.1671872
2024-09-05,0.5300758607357147,3,0.8838438,1.3010482
2024-09-09,0.8892590833556958,5,0.8931971,1.0819216
2024-09-16,0.35292322499371803,10,0.8810802,1.1351794
2024-10-01,-1.730769973351081,21,0.87855774,1.0792099
2024-09-04,-0.5806241331941854,1,0.9061758,1.4315641
2024-09-06,-0.8954685279228906,3,0.88735837,0.8616411
2024-09-10,-0.6166514915663903,5,0.8886571,1.1794474
2024-09-17,1.0513573676563102,10,0.8873617,1.4300386
2024-10-02,-0.5471746610787938,21,0.86136705,1.4957672
2024-09-05,0.5300758607357147,1,0.8838438,0.9351616
2024-09-09,0.8892590833556958,3,0.8931971,1.2421072
2024-09-11,0.6707494101159435,5,0.89244545,1.1310221
2024-09-18,-0.15991041585136173,10,0.88038754,0.86978346
2024-10-03,0.07060505377734021,21,0.85484725,1.7193732
2024-09-06,-0.8954685279228906,1,0.88735837,0.89961374
2024-09-10,-0.6166514915663903,3,0.8886571,1.723713
2024-09-12,1.0697175521953972,5,0.8948824,0.9031088
2024-09-19,0.7961581171886919,10,0.87834483,0.8674029
2024-10-04,0.3539948363539978,21,0.8514102,1.420767
2024-09-09,0.8892590833556958,1,0.8931971,1.2937886
2024-09-11,0.6707494101159435,3,0.89244545,1.2502183
2024-09-13,1.2205692846096299,5,0.8938647,1.2685487
2024-09-20,-0.2107822669456803,10,0.87904763,1.246728
2024-10-07,0.4987882880843317,21,0.842567,1.0570478
2024-09-10,-0.6166514915663903,1,0.8886571,1.1724501
2024-09-12,1.0697175521953972,3,0.8948824,0.9107926
2024-09-16,0.35292322499371803,5,0.8810802,1.1659776
2024-09-23,0.3787497309357963,10,0.8715972,0.99177563
2024-10-08,0.14668136109941105,21,0.83942693,0.6145205
2024-09-11,0.6707494101159435,1,0.89244545,1.2182323
2024-09-13,1.2205692846096299,3,0.8938647,1.0799342
2024-09-17,1.0513573676563102,5,0.8873617,1.1903446
2024-09-24,0.3308669439678164,10,0.85178846,1.1215622
2024-10-09,0.05793101260145685,21,0.8394244,0.8731192
2024-09-12,1.0697175521953972,1,0.8948824,1.1297648
2024-09-16,0.35292322499371803,3,0.8810802,1.2220745
2024-09-18,-0.15991041585136173,5,0.88038754,1.0257888
2024-09-25,-0.3758002865351411,10,0.84009117,0.8726788
2024-10-10,-0.7248452554708976,21,0.84511656,0.8064578
2024-09-13,1.2205692846096299,1,0.8938647,1.1927263
2024-09-17,1.0513573676563102,3,0.8873617,1.6416897
2024-09-19,0.7961581171886919,5,0.87834483,0.82495135
2024-09-26,1.352680885057821,10,0.85532236,1.0206845
2024-10-11,0.541566215184265,21,0.8433253,1.245868
2024-09-16,0.35292322499371803,1,0.8810802,1.2986692
2024-09-18,-0.15991041585136173,3,0.88038754,0.9792801
2024-09-20,-0.2107822669456803,5,0.87904763,1.1562546
2024-09-27,0.12290406252564319,10,0.85263735,0.82219064
2024-10-14,1.110702991535513,21,0.85191673,1.1211773
2024-09-17,1.0513573676563102,1,0.8873617,1.1312102
2024-09-19,0.7961581171886919,3,0.87834483,1.0099585
2024-09-23,0.3787497309357963,5,0.8715972,1.0419874
2024-09-30,-0.7599050205373702,10,0.8602834,0.93462175
2024-10-15,0.6669186364427404,21,0.85245824,1.1080503
2024-09-18,-0.15991041585136173,1,0.88038754,0.83748335
2024-09-20,-0.2107822669456803,3,0.87904763,1.2944477
2024-09-24,0.3308669439678164,5,0.85178846,0.81603205
2024-10-01,-1.730769973351081,10,0.87855774,0.93929595
2024-10-16,0.5558611539917652,21,0.8542769,1.0036962
2024-09-19,0.7961581171886919,1,0.87834483,0.9197667
2024-09-23,0.3787497309357963,3,0.8715972,1.3851361
2024-09-25,-0.3758002865351411,5,0.84009117,0.9752878
2024-10-02,-0.5471746610787938,10,0.86136705,0.80323064
2024-10-17,-0.7715132071746758,21,0.8573031,0.90829986
2024-09-20,-0.2107822669456803,1,0.87904763,0.99197793
2024-09-24,0.3308669439678164,3,0.85178846,1.059009
2024-09-26,1.352680885057821,5,0.85532236,0.8944211
2024-10-03,0.07060505377734021,10,0.85484725,1.0194671
2024-10-18,0.17373282254148453,21,0.857292,0.8238914
2024-09-23,0.3787497309357963,1,0.8715972,1.0413164
2024-09-25,-0.3758002865351411,3,0.84009117,0.9730675
2024-09-27,0.12290406252564319,5,0.85263735,0.8603107
2024-10-04,0.3539948363539978,10,0.8514102,0.93271506
2024-10-21,-0.7077277576409534,21,0.86097884,0.90151507
2024-09-24,0.3308669439678164,1,0.85178846,1.0108813
2024-09-26,1.352680885057821,3,0.85532236,1.1025352
2024-09-30,-0.7599050205373702,5,0.8602834,1.0751224
2024-10-07,0.4987882880843317,10,0.842567,0.7646051
2024-10-22,-0.07096452916319035,21,0.8569408,1.3712245
2024-09-25,-0.3758002865351411,1,0.84009117,1.0046954
2024-09-27,0.12290406252564319,3,0.85263735,1.2177025
2024-10-01,-1.730769973351081,5,0.87855774,0.8442633
2024-10-08,0.14668136109941105,10,0.83942693,0.69177586
2024-10-23,0.27428607915099973,21,0.83929795,1.2139982
2024-09-26,1.352680885057821,1,0.85532236,1.0275239
2024-09-30,-0.7599050205373702,3,0.8602834,1.4842802
2024-10-02,-0.5471746610787938,5,0.86136705,0.7857037
2024-10-09,0.05793101260145685,10,0.8394244,0.57365304
2024-10-24,-0.21430086244052005,21,0.79686123,1.261203
2024-09-27,0.12290406252564319,1,0.85263735,1.0119826
2024-10-01,-1.730769973351081,3,0.87855774,1.0329977
2024-10-03,0.07060505377734021,5,0.85484725,1.2918462
2024-10-10,-0.7248452554708976,10,0.84511656,0.7109933
2024-10-25,-0.23084446014369525,21,0.76158357,0.96395874
2024-09-30,-0.7599050205373702,1,0.8602834,1.104373
2024-10-02,-0.5471746610787938,3,0.86136705,1.093703
2024-10-04,0.3539948363539978,5,0.8514102,1.156619
2024-10-11,0.541566215184265,10,0.8433253,0.8253039
2024-10-28,0.7716185270874998,21,0.6888421,1.0607215
2024-10-01,-1.730769973351081,1,0.87855774,0.9240041
2024-10-03,0.07060505377734021,3,0.85484725,1.4969196
2024-10-07,0.4987882880843317,5,0.842567,1.0205952
2024-10-14,1.110702991535513,10,0.85191673,0.803258
2024-10-29,-0.9173331048402615,21,0.70105743,1.1805555
2024-10-02,-0.5471746610787938,1,0.86136705,1.1514996
2024-10-04,0.3539948363539978,3,0.8514102,1.8018223
2024-10-08,0.14668136109941105,5,0.83942693,0.97279453
2024-10-15,0.6669186364427404,10,0.85245824,1.2312363
2024-10-30,-0.6831075082574435,21,0.6705238,1.5473037
2024-10-03,0.07060505377734021,1,0.85484725,1.495045
2024-10-07,0.4987882880843317,3,0.842567,1.505037
2024-10-09,0.05793101260145685,5,0.8394244,1.0391152
2024-10-16,0.5558611539917652,10,0.8542769,1.3124256
2024-10-31,-0.36258569885027814,21,0.6701812,1.3463454
2024-10-04,0.3539948363539978,1,0.8514102,1.4228427
2024-10-08,0.14668136109941105,3,0.83942693,1.2676463
2024-10-10,-0.7248452554708976,5,0.84511656,1.0242321
2024-10-17,-0.7715132071746758,10,0.8573031,1.2667555
2024-11-01,1.449276076810179,21,0.6862355,1.6506203
2024-10-07,0.4987882880843317,1,0.842567,1.0202465
2024-10-09,0.05793101260145685,3,0.8394244,1.4072572
2024-10-11,0.541566215184265,5,0.8433253,1.1331439
2024-10-18,0.17373282254148453,10,0.857292,1.1675972
2024-11-04,-0.3205334250890402,21,0.68913645,1.2681643
2024-10-08,0.14668136109941105,1,0.83942693,1.1026883
2024-10-10,-0.7248452554708976,3,0.84511656,1.260886
2024-10-14,1.110702991535513,5,0.85191673,0.8580214
2024-10-21,-0.7077277576409534,10,0.86097884,1.1717068
2024-11-05,0.28844181170334493,21,0.68547875,1.264885
2024-10-09,0.05793101260145685,1,0.8394244,0.95146585
2024-10-11,0.541566215184265,3,0.8433253,0.9851599
2024-10-15,0.6669186364427404,5,0.85245824,1.2422419
2024-10-22,-0.07096452916319035,10,0.8569408,1.3067744
2024-11-06,-2.9477803427300975,21,0.79434067,1.1262367
2024-10-10,-0.7248452554708976,1,0.84511656,1.0683377
2024-10-14,1.110702991535513,3,0.85191673,1.1416738
2024-10-16,0.5558611539917652,5,0.8542769,0.8676876
2024-10-23,0.27428607915099973,10,0.83929795,1.0357517
2024-11-07,0.6485928032384983,21,0.7840471,1.0776112
2024-10-11,0.541566215184265,1,0.8433253,1.1915408
2024-10-15,0.6669186364427404,3,0.85245824,1.2464699
2024-10-17,-0.7715132071746758,5,0.8573031,1.3674326
2024-10-24,-0.21430086244052005,10,0.79686123,1.1168699
2024-11-08,-0.16002286983910693,21,0.7821367,1.2089527
2024-10-14,1.110702991535513,1,0.85191673,1.1660571
2024-10-16,0.5558611539917652,3,0.8542769,1.2301807
2024-10-18,0.17373282254148453,5,0.857292,0.9475392
2024-10-25,-0.23084446014369525,10,0.76158357,0.6294651
2024-11-11,0.3948356886943135,21,0.7645571,1.325149
2024-10-15,0.6669186364427404,1,0.85245824,1.3676819
2024-10-17,-0.7715132071746758,3,0.8573031,1.420122
2024-10-21,-0.7077277576409534,5,0.86097884,1.1429567
2024-10-28,0.7716185270874998,10,0.6888421,1.3472872
2024-11-12,-1.8686438794719737,21,0.80427545,0.9930029
2024-10-16,0.5558611539917652,1,0.8542769,1.2029443
2024-10-18,0.17373282254148453,3,0.857292,1.2054956
2024-10-22,-0.07096452916319035,5,0.8569408,1.4140869
2024-10-29,-0.9173331048402615,10,0.70105743,1.1777134
2024-11-13,-0.04833104221111181,21,0.8039266,1.035881
2024-10-17,-0.7715132071746758,1,0.8573031,0.9738902
2024-10-21,-0.7077277576409534,3,0.86097884,1.2522424
2024-10-23,0.27428607915099973,5,0.83929795,0.926606
2024-10-30,-0.6831075082574435,10,0.6705238,1.3834144
2024-11-14,1.285528632869231,21,0.8188563,1.0757024
2024-10-18,0.17373282254148453,1,0.857292,1.0970066
2024-10-22,-0.07096452916319035,3,0.8569408,1.323834
2024-10-24,-0.21430086244052005,5,0.79686123,0.9996651
2024-10-31,-0.36258569885027814,10,0.6701812,1.065921
2024-11-15,0.9637297066464388,21,0.81639653,1.2790015
2024-10-21,-0.7077277576409534,1,0.86097884,0.97742915
2024-10-23,0.27428607915099973,3,0.83929795,1.2410135
2024-10-25,-0.23084446014369525,5,0.76158357,0.9211181
2024-11-01,1.449276076810179,10,0.6862355,1.1676455
2024-11-18,0.3337526209781791,21,0.8169071,1.0893968
2024-10-22,-0.07096452916319035,1,0.8569408,1.3046103
2024-10-24,-0.21430086244052005,3,0.79686123,1.2460502
2024-10-28,0.7716185270874998,5,0.6888421,1.0206026
2024-11-04,-0.3205334250890402,10,0.68913645,0.8037329
2024-11-19,-0.7428075008509749,21,0.82085794,1.3613492
2024-10-23,0.27428607915099973,1,0.83929795,1.0144993
2024-10-25,-0.23084446014369525,3,0.76158357,1.0584862
2024-10-29,-0.9173331048402615,5,0.70105743,1.2300769
2024-11-05,0.28844181170334493,10,0.68547875,1.344424
2024-11-20,0.009491800385942013,21,0.8208657,1.1084776
2024-10-24,-0.21430086244052005,1,0.79686123,1.0568682
2024-10-28,0.7716185270874998,3,0.6888421,1.1989461
2024-10-30,-0.6831075082574435,5,0.6705238,1.1492531
2024-11-06,-2.9477803427300975,10,0.79434067,0.76028174
2024-11-21,0.19136947033017185,21,0.8207092,0.9694396
2024-10-25,-0.23084446014369525,1,0.76158357,0.8423512
2024-10-29,-0.9173331048402615,3,0.70105743,1.3445146
2024-10-31,-0.36258569885027814,5,0.6701812,1.0859511
2024-11-07,0.6485928032384983,10,0.7840471,0.91163975
2024-11-22,0.3859332717048354,21,0.8207482,1.0384797
2024-10-28,0.7716185270874998,1,0.6888421,1.1633036
2024-10-30,-0.6831075082574435,3,0.6705238,1.2883576
2024-11-01,1.449276076810179,5,0.6862355,1.1522533
2024-11-08,-0.16002286983910693,10,0.7821367,0.7129252
2024-11-25,0.4724337367473409,21,0.8225645,0.91278076
2024-10-29,-0.9173331048402615,1,0.70105743,1.2363609
2024-10-31,-0.36258569885027814,3,0.6701812,1.4578142
2024-11-04,-0.3205334250890402,5,0.68913645,0.9817436
2024-11-11,0.3948356886943135,10,0.7645571,1.415728
2024-11-26,-0.8049868370568996,21,0.81821024,1.1403136
2024-10-30,-0.6831075082574435,1,0.6705238,1.5234021
2024-11-01,1.449276076810179,3,0.6862355,1.3008441
2024-11-05,0.28844181170334493,5,0.68547875,1.425528
2024-11-12,-1.8686438794719737,10,0.80427545,0.7809186
2024-11-27,-0.3310718880110981,21,0.8155839,1.5431936
2024-10-31,-0.36258569885027814,1,0.6701812,1.4009365
2024-11-04,-0.3205334250890402,3,0.68913645,1.5926135
2024-11-06,-2.9477803427300975,5,0.79434067,1.4957802
2024-11-13,-0.04833104221111181,10,0.8039266,1.1553601
2024-11-28,0.269940613156223,21,0.81369656,1.4314505
2024-11-01,1.449276076810179,1,0.6862355,1.3508723
2024-11-05,0.28844181170334493,3,0.68547875,1.9479036
2024-11-07,0.6485928032384983,5,0.7840471,1.0562482
2024-11-14,1.285528632869231,10,0.8188563,0.6756928
2024-11-29,0.26234204646117953,21,0.80459344,1.4091604
2024-11-04,-0.3205334250890402,1,0.68913645,1.4764439
2024-11-06,-2.9477803427300975,3,0.79434067,1.7909102
2024-11-08,-0.16002286983910693,5,0.7821367,1.3178629
2024-11-15,0.9637297066464388,10,0.81639653,1.1562623
2024-12-02,0.8042273610797066,21,0.80319685,1.1867957
2024-11-05,0.28844181170334493,1,0.68547875,1.5138056
2024-11-07,0.6485928032384983,3,0.7840471,1.4470813
2024-11-11,0.3948356886943135,5,0.7645571,1.6517766
2024-11-18,0.3337526209781791,10,0.8169071,1.1714003
2024-12-03,1.1716054707022978,21,0.8105429,1.2413234
2024-11-06,-2.9477803427300975,1,0.79434067,1.1291423
2024-11-08,-0.16002286983910693,3,0.7821367,1.2310826
2024-11-12,-1.8686438794719737,5,0.80427545,0.9802324
2024-11-19,-0.7428075008509749,10,0.82085794,1.0261893
2024-12-04,0.48728945581591854,21,0.808685,0.9937132
2024-11-07,0.6485928032384983,1,0.7840471,1.2049505
2024-11-11,0.3948356886943135,3,0.7645571,1.6037447
2024-11-13,-0.04833104221111181,5,0.8039266,1.1324294
2024-11-20,0.009491800385942013,10,0.8208657,1.1262938
2024-12-05,1.5559371370361623,21,0.82097346,1.0383782
2024-11-08,-0.16002286983910693,1,0.7821367,1.3474696
2024-11-12,-1.8686438794719737,3,0.80427545,1.1788894
2024-11-14,1.285528632869231,5,0.8188563,1.1200559
2024-11-21,0.19136947033017185,10,0.8207092,0.8077198
2024-12-06,-0.3860992696705065,21,0.8099951,0.98617864
2024-11-11,0.3948356886943135,1,0.7645571,1.6954311
2024-11-13,-0.04833104221111181,3,0.8039266,1.1697857
2024-11-15,0.9637297066464388,5,0.81639653,1.2658569
2024-11-22,0.3859332717048354,10,0.8207482,1.0646327
2024-12-09,-0.5024197252435019,21,0.81254524,1.2873329
2024-11-12,-1.8686438794719737,1,0.80427545,1.2144654
2024-11-14,1.285528632869231,3,0.8188563,1.3530096
2024-11-18,0.3337526209781791,5,0.8169071,1.1169827
2024-11-25,0.4724337367473409,10,0.8225645,0.76204073
2024-12-10,-0.38370151759558996,21,0.80397004,1.1324213
2024-11-13,-0.04833104221111181,1,0.8039266,1.4318489
2024-11-15,0.9637297066464388,3,0.81639653,1.4564974
2024-11-19,-0.7428075008509749,5,0.82085794,1.4081779
2024-11-26,-0.8049868370568996,10,0.81821024,1.2708913
2024-12-11,-1.4835168599933775,21,0.8272834,1.0103455
2024-11-14,1.285528632869231,1,0.8188563,1.3079207
2024-11-18,0.3337526209781791,3,0.8169071,1.5024251
2024-11-20,0.009491800385942013,5,0.8208657,1.4891951
2024-11-27,-0.3310718880110981,10,0.8155839,1.1805662
2024-12-12,-0.2080317977402351,21,0.82134557,1.0695662
2024-11-15,0.9637297066464388,1,0.81639653,1.3495367
2024-11-19,-0.7428075008509749,3,0.82085794,1.6109288
2024-11-21,0.19136947033017185,5,0.8207092,1.0609335
2024-11-28,0.269940613156223,10,0.81369656,1.256302
2024-12-13,-0.10800744345223724,21,0.82100964,1.1107107
2024-11-18,0.3337526209781791,1,0.8169071,1.465652
2024-11-20,0.009491800385942013,3,0.8208657,1.481139
2024-11-22,0.3859332717048354,5,0.8207482,1.214829
2024-11-29,0.26234204646117953,10,0.80459344,1.3794676
2024-12-16,0.22523776346072702,21,0.82004744,1.1842014
2024-11-19,-0.7428075008509749,1,0.82085794,1.2941312
2024-11-21,0.19136947033017185,3,0.8207092,1.0898652
2024-11-25,0.4724337367473409,5,0.8225645,1.1862779
2024-12-02,0.8042273610797066,10,0.80319685,1.2032485
2024-12-17,-1.6305616173191526,21,0.8452321,1.2588838
2024-11-20,0.009491800385942013,1,0.8208657,1.3171378
2024-11-22,0.3859332717048354,3,0.8207482,1.5449299
2024-11-26,-0.8049868370568996,5,0.81821024,1.1225848
2024-12-03,1.1716054707022978,10,0.8105429,1.2158266
2024-12-18,0.25683027131352665,21,0.84485984,1.4758134
2024-11-21,0.19136947033017185,1,0.8207092,1.2157104
2024-11-25,0.4724337367473409,3,0.8225645,1.2637318
2024-11-27,-0.3310718880110981,5,0.8155839,1.2288746
2024-12-04,0.48728945581591854,10,0.808685,1.1383569
2024-12-19,-1.543976754514385,21,0.8475655,1.1337073
2024-11-22,0.3859332717048354,1,0.8207482,1.2813642
2024-11-26,-0.8049868370568996,3,0.81821024,1.2811248
2024-11-28,0.269940613156223,5,0.81369656,1.0801666
2024-12-05,1.5559371370361623,10,0.82097346,0.7142477
2024-12-20,0.23922620894154448,21,0.84815437,1.1525483
2024-11-25,0.4724337367473409,1,0.8225645,1.0654316
2024-11-27,-0.3310718880110981,3,0.8155839,1.4226973
2024-11-29,0.26234204646117953,5,0.80459344,1.3357884
2024-12-06,-0.3860992696705065,10,0.8099951,0.7716703
2024-12-23,-0.27594655767286264,21,0.84378386,0.88562894
2024-11-26,-0.8049868370568996,1,0.81821024,1.2316253
2024-11-28,0.269940613156223,3,0.81369656,1.1840861
2024-12-02,0.8042273610797066,5,0.80319685,1.0712444
2024-12-09,-0.5024197252435019,10,0.81254524,0.95306754
2024-12-24,0.33348496178500214,21,0.81627136,1.0090774
2024-11-27,-0.3310718880110981,1,0.8155839,1.0913501
2024-11-29,0.26234204646117953,3,0.80459344,1.0459013
2024-12-03,1.1716054707022978,5,0.8105429,1.0580065
2024-12-10,-0.38370151759558996,10,0.80397004,0.9411541
2024-12-25,0.0,21,0.8134328,0.7997923
2024-11-28,0.269940613156223,1,0.81369656,0.9551679
2024-12-02,0.8042273610797066,3,0.80319685,1.1063509
2024-12-04,0.48728945581591854,5,0.808685,0.89577484
2024-12-11,-1.4835168599933775,10,0.8272834,0.6052242
2024-12-27,0.5016202298459622,21,0.81614184,1.1931584
2024-11-29,0.26234204646117953,1,0.80459344,1.0476685
2024-12-03,1.1716054707022978,3,0.8105429,1.0850271
2024-12-05,1.5559371370361623,5,0.82097346,0.9107648
2024-12-12,-0.2080317977402351,10,0.82134557,0.62459934
2024-12-30,0.04508331820215571,21,0.81476426,1.0576348
2024-12-02,0.8042273610797066,1,0.80319685,0.8989299
2024-12-04,0.48728945581591854,3,0.808685,1.3071642
2024-12-06,-0.3860992696705065,5,0.8099951,0.66000396
2024-12-13,-0.10800744345223724,10,0.82100964,0.46991047
2024-12-31,0.5032044441771444,21,0.8148119,1.0714638
2024-12-03,1.1716054707022978,1,0.8105429,1.0055918
2024-12-05,1.5559371370361623,3,0.82097346,0.6550576
2024-12-09,-0.5024197252435019,5,0.81254524,1.0731902
2024-12-16,0.22523776346072702,10,0.82004744,0.65467334
2025-01-02,0.7038560505960074,21,0.8198742,0.8819779
2024-12-04,0.48728945581591854,1,0.808685,0.9142957
2024-12-06,-0.3860992696705065,3,0.8099951,1.0142369
2024-12-10,-0.38370151759558996,5,0.80397004,1.0056258
2024-12-17,-1.6305616173191526,10,0.8452321,0.77384174
2025-01-03,-0.21690215760960643,21,0.82026595,0.8294823
2024-12-05,1.5559371370361623,1,0.82097346,0.70972466
2024-12-09,-0.5024197252435019,3,0.81254524,1.162405
2024-12-11,-1.4835168599933775,5,0.8272834,0.771221
2024-12-18,0.25683027131352665,10,0.84485984,0.8268535
2025-01-06,1.3350695746693964,21,0.83296895,0.80067545
2024-12-06,-0.3860992696705065,1,0.8099951,0.9803968
2024-12-10,-0.38370151759558996,3,0.80397004,1.0688987
2024-12-12,-0.2080317977402351,5,0.82134557,0.92978096
2024-12-19,-1.543976754514385,10,0.8475655,0.6198689
2025-01-07,0.031329249497350956,21,0.8301696,0.7226295
2024-12-09,-0.5024197252435019,1,0.81254524,1.1856781
2024-12-11,-1.4835168599933775,3,0.8272834,1.1027464
2024-12-13,-0.10800744345223724,5,0.82100964,1.1652769
2024-12-20,0.23922620894154448,10,0.84815437,0.9099021
2025-01-08,-0.1168996321180441,21,0.8176917,1.1883972
2024-12-10,-0.38370151759558996,1,0.80397004,1.4600194
2024-12-12,-0.2080317977402351,3,0.82134557,1.000416
2024-12-16,0.22523776346072702,5,0.82004744,0.9877856
2024-12-23,-0.27594655767286264,10,0.84378386,0.82117033
2025-01-09,0.8541073300054367,21,0.82065994,1.0250056
2024-12-11,-1.4835168599933775,1,0.8272834,1.1358775
2024-12-13,-0.10800744345223724,3,0.82100964,1.2067475
2024-12-17,-1.6305616173191526,5,0.8452321,1.1789906
2024-12-24,0.33348496178500214,10,0.81627136,1.111809
2025-01-10,-1.5106001848499973,21,0.8398888,1.1652609
2024-12-12,-0.2080317977402351,1,0.82134557,1.3781433
2024-12-16,0.22523776346072702,3,0.82004744,1.4450126
2024-12-18,0.25683027131352665,5,0.84485984,1.342369
2024-12-25,0.0,10,0.8134328,0.825794
2025-01-13,-0.27937871399833875,21,0.8350004,0.99978137
2024-12-13,-0.10800744345223724,1,0.82100964,1.1727414
2024-12-17,-1.6305616173191526,3,0.8452321,1.6932447
2024-12-19,-1.543976754514385,5,0.8475655,0.9699773
2024-12-27,0.5016202298459622,10,0.81614184,1.2958094
2025-01-14,0.5452162155881618,21,0.83791304,0.8257201
2024-12-16,0.22523776346072702,1,0.82004744,1.1025392
2024-12-18,0.25683027131352665,3,0.84485984,0.88420475
2024-12-20,0.23922620894154448,5,0.84815437,1.091843
2024-12-30,0.04508331820215571,10,0.81476426,0.91941464
2025-01-15,1.2380393726995313,21,0.848602,0.7138674
2024-12-17,-1.6305616173191526,1,0.8452321,1.5457635
2024-12-19,-1.543976754514385,3,0.8475655,1.3946863
2024-12-23,-0.27594655767286264,5,0.84378386,0.94300175
2024-12-31,0.5032044441771444,10,0.8148119,1.2250848
2025-01-16,-0.4878037904727084,21,0.85096294,0.95676017
2024-12-18,0.25683027131352665,1,0.84485984,1.241024
2024-12-20,0.23922620894154448,3,0.84815437,1.3949045
2024-12-24,0.33348496178500214,5,0.81627136,1.1914511
2025-01-02,0.7038560505960074,10,0.8198742,1.2679832
2025-01-17,0.6372906920188504,21,0.85422224,1.4742844
2024-12-19,-1.543976754514385,1,0.8475655,1.2482305
2024-12-23,-0.27594655767286264,3,0.84378386,1.4747032
2024-12-25,0.0,5,0.8134328,0.8598861
2025-01-03,-0.21690215760960643,10,0.82026595,1.154546
2025-01-20,0.22883592901260474,21,0.85419065,1.0718207
2024-12-20,0.23922620894154448,1,0.84815437,1.4831444
2024-12-24,0.33348496178500214,3,0.81627136,1.7166567
2024-12-27,0.5016202298459622,5,0.81614184,1.1989435
2025-01-06,1.3350695746693964,10,0.83296895,0.9995562
2025-01-21,-0.13572956714876125,21,0.85381573,1.1875277
2024-12-23,-0.27594655767286264,1,0.84378386,1.2925115
2024-12-25,0.0,3,0.8134328,0.98834425
2024-12-30,0.04508331820215571,5,0.81476426,1.370986
2025-01-07,0.031329249497350956,10,0.8301696,0.83140796
2025-01-22,-0.37547135471557774,21,0.8494439,1.0890746
2024-12-24,0.33348496178500214,1,0.81627136,1.4067365
2024-12-27,0.5016202298459622,3,0.81614184,1.7066169
2024-12-31,0.5032044441771444,5,0.8148119,1.0613562
2025-01-08,-0.1168996321180441,10,0.8176917,0.9386021
2025-01-23,0.9114504628845203,21,0.84888923,1.0746349
2024-12-25,0.0,1,0.8134328,0.9473002
2024-12-30,0.04508331820215571,3,0.81476426,1.0798036
2025-01-02,0.7038560505960074,5,0.8198742,1.117126
2025-01-09,0.8541073300054367,10,0.82065994,1.0636604
2025-01-24,-0.07424679473974019,21,0.843875,0.8984177
2024-12-27,0.5016202298459622,1,0.81614184,1.2175753
2024-12-31,0.5032044441771444,3,0.8148119,1.0138819
2025-01-03,-0.21690215760960643,5,0.82026595,0.9709585
2025-01-10,-1.5106001848499973,10,0.8398888,0.9233617
2025-01-27,0.12093563945535783,21,0.84229547,0.8244019
2024-12-30,0.04508331820215571,1,0.81476426,1.0168802
2025-01-02,0.7038560505960074,3,0.8198742,1.0140135
2025-01-06,1.3350695746693964,5,0.83296895,1.0816381
2025-01-13,-0.27937871399833875,10,0.8350004,0.64760953
2025-01-28,1.3009835150439395,21,0.8383153,1.0828223
2024-12-31,0.5032044441771444,1,0.8148119,1.1179048
2025-01-03,-0.21690215760960643,3,0.82026595,1.0888573
2025-01-07,0.031329249497350956,5,0.8301696,0.8735486
2025-01-14,0.5452162155881618,10,0.83791304,0.4350225
2025-01-29,1.0826309575950763,21,0.8475168,0.91861963
2025-01-02,0.7038560505960074,1,0.8198742,1.0574372
2025-01-06,1.3350695746693964,3,0.83296895,1.4866521
2025-01-08,-0.1168996321180441,5,0.8176917,0.76851594
2025-01-15,1.2380393726995313,10,0.848602,0.6847505
2025-01-30,1.07747712259125,21,0.8570847,1.2951983
2025-01-03,-0.21690215760960643,1,0.82026595,1.148801
2025-01-07,0.031329249497350956,3,0.8301696,0.88385475
2025-01-09,0.8541073300054367,5,0.82065994,1.1429958
2025-01-16,-0.4878037904727084,10,0.85096294,0.79265517
2025-01-31,-0.40906122352997254,21,0.7625398,1.0513166
2025-01-06,1.3350695746693964,1,0.83296895,0.98628056
2025-01-08,-0.1168996321180441,3,0.8176917,1.1784424
2025-01-10,-1.5106001848499973,5,0.8398888,0.97192407
2025-01-17,0.6372906920188504,10,0.85422224,0.90245247
2025-02-03,-1.3274009028418117,21,0.78184104,0.9636394
2025-01-07,0.031329249497350956,1,0.8301696,0.86709726
2025-01-09,0.8541073300054367,3,0.82065994,1.0597562
2025-01-13,-0.27937871399833875,5,0.8350004,0.9479466
2025-01-20,0.22883592901260474,10,0.85419065,0.6779545
2025-02-04,1.358926626880993,21,0.79805964,0.8645944
2025-01-08,-0.1168996321180441,1,0.8176917,0.9419768
2025-01-10,-1.5106001848499973,3,0.8398888,1.1859124
2025-01-14,0.5452162155881618,5,0.83791304,0.74676013
2025-01-21,-0.13572956714876125,10,0.85381573,0.66099465
2025-02-05,1.3159827805289308,21,0.8122782,1.0408477
2025-01-09,0.8541073300054367,1,0.82065994,1.2940636
2025-01-13,-0.27937871399833875,3,0.8350004,1.1585125
2025-01-15,1.2380393726995313,5,0.848602,0.77817065
2025-01-22,-0.37547135471557774,10,0.8494439,1.0862546
2025-02-06,1.5379621401585137,21,0.7889447,1.047369
2025-01-10,-1.5106001848499973,1,0.8398888,1.0897664
2025-01-14,0.5452162155881618,3,0.83791304,0.8216728
2025-01-16,-0.4878037904727084,5,0.85096294,0.9868354
2025-01-23,0.9114504628845203,10,0.84888923,0.96156454
2025-02-07,-0.33123685374587397,21,0.79121464,1.1682179
2025-01-13,-0.27937871399833875,1,0.8350004,1.1255648
2025-01-15,1.2380393726995313,3,0.848602,1.3446201
2025-01-17,0.6372906920188504,5,0.85422224,1.3548695
2025-01-24,-0.07424679473974019,10,0.843875,0.9720175
2025-02-10,0.15670713546807966,21,0.7778345,1.4029931
2025-01-14,0.5452162155881618,1,0.83791304,1.0132864
2025-01-16,-0.4878037904727084,3,0.85096294,1.2748122
2025-01-20,0.22883592901260474,5,0.85419065,0.8745926
2025-01-27,0.12093563945535783,10,0.84229547,0.8463376
2025-02-11,0.5179813493188418,21,0.77216566,1.2852589
2025-01-15,1.2380393726995313,1,0.848602,1.0622799
2025-01-17,0.6372906920188504,3,0.85422224,1.402092
2025-01-21,-0.13572956714876125,5,0.85381573,0.89094996
2025-01-28,1.3009835150439395,10,0.8383153,1.1997979
2025-02-12,1.0643906719987672,21,0.7807359,0.8511176
2025-01-16,-0.4878037904727084,1,0.85096294,1.1360102
2025-01-20,0.22883592901260474,3,0.85419065,1.148977
2025-01-22,-0.37547135471557774,5,0.8494439,1.2666497
2025-01-29,1.0826309575950763,10,0.8475168,0.9569377
2025-02-13,0.19189259906094022,21,0.77152896,1.0854087
2025-01-17,0.6372906920188504,1,0.85422224,1.3607341
2025-01-21,-0.13572956714876125,3,0.85381573,0.9618093
2025-01-23,0.9114504628845203,5,0.84888923,1.2154541
2025-01-30,1.07747712259125,10,0.8570847,1.1011885
2025-02-14,0.15216882085667177,21,0.7712037,0.8412119
2025-01-20,0.22883592901260474,1,0.85419065,0.815518
2025-01-22,-0.37547135471557774,3,0.8494439,1.0530378
2025-01-24,-0.07424679473974019,5,0.843875,0.81569064
2025-01-31,-0.40906122352997254,10,0.7625398,1.116219
2025-02-17,0.46895118840739414,21,0.77207,1.3381659
2025-01-21,-0.13572956714876125,1,0.85381573,1.0520537
2025-01-23,0.9114504628845203,3,0.84888923,1.3612534
2025-01-27,0.12093563945535783,5,0.84229547,1.037116
2025-02-03,-1.3274009028418117,10,0.78184104,0.9025917
2025-02-18,0.9709259478784926,21,0.77825016,1.05617
2025-01-22,-0.37547135471557774,1,0.8494439,1.1657315
2025-01-24,-0.07424679473974019,3,0.843875,1.026711
2025-01-28,1.3009835150439395,5,0.8383153,1.0868428
2025-02-04,1.358926626880993,10,0.79805964,1.0490315
2025-02-19,-1.6453984677158127,21,0.81294453,1.3705392
2025-01-23,0.9114504628845203,1,0.84888923,1.0670938
2025-01-27,0.12093563945535783,3,0.84229547,0.96132624
2025-01-29,1.0826309575950763,5,0.8475168,0.9795724
2025-02-05,1.3159827805289308,10,0.8122782,1.0449374
2025-02-20,0.29115924262406556,21,0.8030367,1.0010778
2025-01-24,-0.07424679473974019,1,0.843875,0.98759484
2025-01-28,1.3009835150439395,3,0.8383153,1.0051832
2025-01-30,1.07747712259125,5,0.8570847,0.8819864
2025-02-06,1.5379621401585137,10,0.7889447,0.6587747
2025-02-21,-0.11651640456900253,21,0.80118376,1.0696715
2025-01-27,0.12093563945535783,1,0.84229547,0.91204005
2025-01-29,1.0826309575950763,3,0.8475168,0.90167326
2025-01-31,-0.40906122352997254,5,0.7625398,1.0908947
2025-02-07,-0.33123685374587397,10,0.79121464,0.9982674
2025-02-24,0.4690956766690232,21,0.8019467,0.6570668
2025-01-28,1.3009835150439395,1,0.8383153,0.9409494
2025-01-30,1.07747712259125,3,0.8570847,1.2951868
2025-02-03,-1.3274009028418117,5,0.78184104,0.78922373
2025-02-10,0.15670713546807966,10,0.7778345,0.6088844
2025-02-25,0.7952678185857172,21,0.8057039,0.9343016
2025-01-29,1.0826309575950763,1,0.8475168,1.0103614
2025-01-31,-0.40906122352997254,3,0.7625398,1.2665896
2025-02-04,1.358926626880993,5,0.79805964,1.0530916
2025-02-11,0.5179813493188418,10,0.77216566,1.024787
2025-02-26,1.627330911761204,21,0.8230069,0.7617857
2025-01-30,1.07747712259125,1,0.8570847,1.2979884
2025-02-03,-1.3274009028418117,3,0.78184104,0.965278
2025-02-05,1.3159827805289308,5,0.8122782,1.0250618
2025-02-12,1.0643906719987672,10,0.7807359,0.7491344
2025-02-27,-0.461609835337576,21,0.8177431,0.9092918
2025-01-31,-0.40906122352997254,1,0.7625398,1.0849373
2025-02-04,1.358926626880993,3,0.79805964,1.1057464
2025-02-06,1.5379621401585137,5,0.7889447,1.043821
2025-02-13,0.19189259906094022,10,0.77152896,0.74796635
2025-02-28,0.5763055108408689,21,0.8183806,1.1467847
2025-02-03,-1.3274009028418117,1,0.78184104,1.0824175
2025-02-05,1.3159827805289308,3,0.8122782,1.5509353
2025-02-07,-0.33123685374587397,5,0.79121464,1.1604269
2025-02-14,0.15216882085667177,10,0.7712037,0.6987874
2025-03-03,0.19311094158578665,21,0.79840744,1.366665
2025-02-04,1.358926626880993,1,0.79805964,1.205941
2025-02-06,1.5379621401585137,3,0.7889447,1.575593
2025-02-10,0.15670713546807966,5,0.7778345,1.1790981
2025-02-17,0.46895118840739414,10,0.77207,1.2695287
2025-03-04,-2.5860375839437144,21,0.87129307,1.0576628
2025-02-05,1.3159827805289308,1,0.8122782,1.3368711
2025-02-07,-0.33123685374587397,3,0.79121464,1.401968
2025-02-11,0.5179813493188418,5,0.77216566,1.3133942
2025-02-18,0.9709259478784926,10,0.77825016,0.80715156
2025-03-05,1.3892022830746908,21,0.88226813,0.90504193
2025-02-06,1.5379621401585137,1,0.7889447,1.1929934
2025-02-10,0.15670713546807966,3,0.7778345,1.5796996
2025-02-12,1.0643906719987672,5,0.7807359,1.439888
2025-02-19,-1.6453984677158127,10,0.81294453,1.1896874
2025-03-06,0.15275144567663596,21,0.8793885,1.361648
2025-02-07,-0.33123685374587397,1,0.79121464,1.4628637
2025-02-11,0.5179813493188418,3,0.77216566,1.3148713
2025-02-13,0.19189259906094022,5,0.77152896,1.1383909
2025-02-20,0.29115924262406556,10,0.8030367,1.2756627
2025-03-07,0.1728869908535253,21,0.8522457,1.1879169
2025-02-10,0.15670713546807966,1,0.7778345,1.0390916
2025-02-12,1.0643906719987672,3,0.7807359,1.4625553
2025-02-14,0.15216882085667177,5,0.7712037,0.98193735
2025-02-21,-0.11651640456900253,10,0.80118376,1.2527338
2025-03-10,-1.3242511227687614,21,0.8731322,1.5235057
2025-02-11,0.5179813493188418,1,0.77216566,1.3894256
2025-02-13,0.19189259906094022,3,0.77152896,1.4415164
2025-02-17,0.46895118840739414,5,0.77207,1.1635046
2025-02-24,0.4690956766690232,10,0.8019467,0.92717195
2025-03-11,-1.5824675373172632,21,0.9015748,1.8143804
2025-02-12,1.0643906719987672,1,0.7807359,1.3325459
2025-02-14,0.15216882085667177,3,0.7712037,1.4258101
2025-02-18,0.9709259478784926,5,0.77825016,1.317565
2025-02-25,0.7952678185857172,10,0.8057039,1.4009283
2025-03-12,-0.5708449264518706,21,0.9063298,1.5494338
2025-02-13,0.19189259906094022,1,0.77152896,1.4017292
2025-02-17,0.46895118840739414,3,0.77207,1.7179259
2025-02-19,-1.6453984677158127,5,0.81294453,1.2442458
2025-02-26,1.627330911761204,10,0.8230069,0.7991992
2025-03-13,0.13502283000256998,21,0.876055,1.30124
2025-02-14,0.15216882085667177,1,0.7712037,1.2646163
2025-02-18,0.9709259478784926,3,0.77825016,1.6473968
2025-02-20,0.29115924262406556,5,0.8030367,1.3956776
2025-02-27,-0.461609835337576,10,0.8177431,1.1412334
2025-03-14,1.4241427075221298,21,0.89088494,1.3463682
2025-02-17,0.46895118840739414,1,0.77207,1.3084587
2025-02-19,-1.6453984677158127,3,0.81294453,1.2092819
2025-02-21,-0.11651640456900253,5,0.80118376,1.4692682
2025-02-28,0.5763055108408689,10,0.8183806,1.2560403
2025-03-17,1.0859530711922765,21,0.8686456,1.2207474
2025-02-18,0.9709259478784926,1,0.77825016,1.0461104
2025-02-20,0.29115924262406556,3,0.8030367,1.3788812
2025-02-24,0.4690956766690232,5,0.8019467,0.75576836
2025-03-03,0.19311094158578665,10,0.79840744,1.4923308
2025-03-18,1.565957461801205,21,0.88555884,1.2674489
2025-02-19,-1.6453984677158127,1,0.81294453,1.0445023
2025-02-21,-0.11651640456900253,3,0.80118376,1.1434166
2025-02-25,0.7952678185857172,5,0.8057039,1.1041062
2025-03-04,-2.5860375839437144,10,0.87129307,0.8347008
2025-03-19,0.3990619133006469,21,0.8829969,1.1445979
2025-02-20,0.29115924262406556,1,0.8030367,1.4051745
2025-02-24,0.4690956766690232,3,0.8019467,1.4274513
2025-02-26,1.627330911761204,5,0.8230069,1.3972136
2025-03-05,1.3892022830746908,10,0.88226813,1.3455414
2025-03-20,-0.762139466052093,21,0.8928348,1.706346
2025-02-21,-0.11651640456900253,1,0.80118376,1.4592704
2025-02-25,0.7952678185857172,3,0.8057039,1.4820707
2025-02-27,-0.461609835337576,5,0.8177431,0.9987562
2025-03-06,0.15275144567663596,10,0.8793885,0.98080367
2025-03-21,0.3293758722164739,21,0.89230317,1.3236192
2025-02-24,0.4690956766690232,1,0.8019467,0.9783815
2025-02-26,1.627330911761204,3,0.8230069,1.0818281
2025-02-28,0.5763055108408689,5,0.8183806,1.1712123
2025-03-07,0.1728869908535253,10,0.8522457,1.4476402
2025-03-24,-0.2016983831863275,21,0.89359283,1.4251885
2025-02-25,0.7952678185857172,1,0.8057039,1.0601808
2025-02-27,-0.461609835337576,3,0.8177431,1.2079382
2025-03-03,0.19311094158578665,5,0.79840744,1.4328617
2025-03-10,-1.3242511227687614,10,0.8731322,1.1008413
2025-03-25,1.2011663539655166,21,0.9017302,1.1955787
2025-02-26,1.627330911761204,1,0.8230069,0.95878285
2025-02-28,0.5763055108408689,3,0.8183806,1.2195339
2025-03-04,-2.5860375839437144,5,0.87129307,1.0073869
2025-03-11,-1.5824675373172632,10,0.9015748,1.2354467
2025-03-26,-0.38712362354867,21,0.90497947,1.2529527
2025-02-27,-0.461609835337576,1,0.8177431,1.2540892
2025-03-03,0.19311094158578665,3,0.79840744,1.568155
2025-03-05,1.3892022830746908,5,0.88226813,1.1440051
2025-03-12,-0.5708449264518706,10,0.9063298,1.2832286
2025-03-27,-0.07149560159769897,21,0.9038533,0.85889864
2025-02-28,0.5763055108408689,1,0.8183806,1.3872283
2025-03-04,-2.5860375839437144,3,0.87129307,1.5057614
2025-03-06,0.15275144567663596,5,0.8793885,1.2230704
2025-03-13,0.13502283000256998,10,0.876055,1.5254898
2025-03-28,-0.8476814475829304,21,0.9127898,1.528584
2025-03-03,0.19311094158578665,1,0.79840744,1.7006146
2025-03-05,1.3892022830746908,3,0.88226813,1.5511044
2025-03-07,0.1728869908535253,5,0.8522457,1.6304444
2025-03-14,1.4241427075221298,10,0.89088494,1.5914469
2025-03-31,-1.3152163325927704,21,0.9220774,1.5208807
2025-03-04,-2.5860375839437144,1,0.87129307,1.3869556
2025-03-06,0.15275144567663596,3,0.8793885,1.7602664
2025-03-10,-1.3242511227687614,5,0.8731322,1.2345929
2025-03-17,1.0859530711922765,10,0.8686456,1.804723
2025-04-01,1.2227570212548975,21,0.9316547,2.0120542
2025-03-05,1.3892022830746908,1,0.88226813,1.8209385
2025-03-07,0.1728869908535253,3,0.8522457,2.3448133
2025-03-11,-1.5824675373172632,5,0.9015748,1.7265303
2025-03-18,1.565957461801205,10,0.88555884,1.4775903
2025-04-02,0.3992920132879862,21,0.9310865,1.4247139
2025-03-06,0.15275144567663596,1,0.8793885,1.5620632
2025-03-10,-1.3242511227687614,3,0.8731322,1.8576192
2025-03-12,-0.5708449264518706,5,0.9063298,1.7272451
2025-03-19,0.3990619133006469,10,0.8829969,1.5372796
2025-04-03,-1.198142540282713,21,0.944473,1.7796419
2025-03-07,0.1728869908535253,1,0.8522457,1.7360661
2025-03-11,-1.5824675373172632,3,0.9015748,2.0337276
2025-03-13,0.13502283000256998,5,0.876055,1.381005
2025-03-20,-0.762139466052093,10,0.8928348,1.7701516
2025-04-04,-6.008084646751024,21,1.2188698,1.550173
2025-03-10,-1.3242511227687614,1,0.8731322,1.4632852
2025-03-12,-0.5708449264518706,3,0.9063298,1.9596581
2025-03-14,1.4241427075221298,5,0.89088494,1.516626
2025-03-21,0.3293758722164739,10,0.89230317,1.9595517
2025-04-07,-5.25736771509627,21,1.4007614,1.5161397
2025-03-11,-1.5824675373172632,1,0.9015748,1.425542
2025-03-13,0.13502283000256998,3,0.876055,1.8238554
2025-03-17,1.0859530711922765,5,0.8686456,1.651614
2025-03-24,-0.2016983831863275,10,0.89359283,1.7043705
2025-04-08,2.346301148009713,21,1.4313067,1.774662
2025-03-12,-0.5708449264518706,1,0.9063298,1.8567287
2025-03-14,1.4241427075221298,3,0.89088494,2.7268577
2025-03-18,1.565957461801205,5,0.88555884,1.4391108
2025-03-25,1.2011663539655166,10,0.9017302,1.9153864
2025-04-09,-2.246230751165149,21,1.4525602,1.7251849
2025-03-13,0.13502283000256998,1,0.876055,1.9890801
2025-03-17,1.0859530711922765,3,0.8686456,2.2236154
2025-03-19,0.3990619133006469,5,0.8829969,1.5034236
2025-03-26,-0.38712362354867,10,0.90497947,1.9331017
2025-04-10,4.232083678957107,21,1.5509495,1.6625662
2025-03-14,1.4241427075221298,1,0.89088494,2.3316886
2025-03-18,1.565957461801205,3,0.88555884,2.0340595
2025-03-20,-0.762139466052093,5,0.8928348,1.8776115
2025-03-27,-0.07149560159769897,10,0.9038533,1.3830099
2025-04-11,-0.1756555002429398,21,1.5494107,1.7303973
2025-03-17,1.0859530711922765,1,0.8686456,1.7544677
2025-03-19,0.3990619133006469,3,0.8829969,1.7852136
2025-03-21,0.3293758722164739,5,0.89230317,2.0605984
2025-03-28,-0.8476814475829304,10,0.9127898,1.2072912
2025-04-14,2.6013886681083,21,1.5839189,1.696338
2025-03-18,1.565957461801205,1,0.88555884,1.4619896
2025-03-20,-0.762139466052093,3,0.8928348,1.676856
2025-03-24,-0.2016983831863275,5,0.89359283,1.3949459
2025-03-31,-1.3152163325927704,10,0.9220774,1.8824999
2025-04-15,2.114708195040536,21,1.6049771,1.1205082
2025-03-19,0.3990619133006469,1,0.8829969,1.2408873
2025-03-21,0.3293758722164739,3,0.89230317,1.7614665
2025-03-25,1.2011663539655166,5,0.9017302,1.3127363
2025-04-01,1.2227570212548975,10,0.9316547,1.463817
2025-04-16,0.4864192013021928,21,1.6042517,1.1723013
2025-03-20,-0.762139466052093,1,0.8928348,1.4888111
2025-03-24,-0.2016983831863275,3,0.89359283,1.4096861
2025-03-26,-0.38712362354867,5,0.90497947,1.600518
2025-04-02,0.3992920132879862,10,0.9310865,1.1475387
2025-04-17,-0.18638757759649932,21,1.6015893,1.4652469
2025-03-21,0.3293758722164739,1,0.89230317,1.7756393
2025-03-25,1.2011663539655166,3,0.9017302,1.5555626
2025-03-27,-0.07149560159769897,5,0.9038533,1.2781862
2025-04-03,-1.198142540282713,10,0.944473,1.2816011
2025-04-18,0.0,21,1.6014622,1.4842061
2025-03-24,-0.2016983831863275,1,0.89359283,1.2928333
2025-03-26,-0.38712362354867,3,0.90497947,1.6534344
2025-03-28,-0.8476814475829304,5,0.9127898,0.95253396
2025-04-04,-6.008084646751024,10,1.2188698,1.2636249
2025-04-22,0.7142722221197861,21,1.6032659,1.5359991
2025-03-25,1.2011663539655166,1,0.9017302,1.3761083
2025-03-27,-0.07149560159769897,3,0.9038533,1.3957391
2025-03-31,-1.3152163325927704,5,0.9220774,1.7239456
2025-04-07,-5.25736771509627,10,1.4007614,1.0564961
2025-04-23,1.5081010035365758,21,1.606039,1.3620409
2025-03-26,-0.38712362354867,1,0.90497947,1.2497693
2025-03-28,-0.8476814475829304,3,0.9127898,1.1165932
2025-04-01,1.2227570212548975,5,0.9316547,1.5056244
2025-04-08,2.346301148009713,10,1.4313067,1.187687
2025-04-24,-0.2167652811778931,21,1.6018492,1.2602558
2025-03-27,-0.07149560159769897,1,0.9038533,1.1834757
2025-03-31,-1.3152163325927704,3,0.9220774,1.9255779
2025-04-02,0.3992920132879862,5,0.9310865,1.0143856
2025-04-09,-2.246230751165149,10,1.4525602,0.8338356
2025-04-25,1.3235542751375557,21,1.6046627,1.0142397
2025-03-28,-0.8476814475829304,1,0.9127898,1.1521628
2025-04-01,1.2227570212548975,3,0.9316547,1.7085176
2025-04-03,-1.198142540282713,5,0.944473,1.4412425
2025-04-10,4.232083678957107,10,1.5509495,1.1531422
2025-04-28,0.7519225025549717,21,1.6051615,1.132233
2025-03-31,-1.3152163325927704,1,0.9220774,1.902683
2025-04-02,0.3992920132879862,3,0.9310865,1.3825356
2025-04-04,-6.008084646751024,5,1.2188698,1.5399078
2025-04-11,-0.1756555002429398,10,1.5494107,1.7054113
2025-04-29,-0.665103298083531,21,1.597154,1.2459623
2025-04-01,1.2227570212548975,1,0.9316547,1.7389503
2025-04-03,-1.198142540282713,3,0.944473,1.7069514
2025-04-07,-5.25736771509627,5,1.4007614,1.434553
2025-04-14,2.6013886681083,10,1.5839189,1.4246414
2025-04-30,-0.5935180827423463,21,1.5920172,1.5721233
2025-04-02,0.3992920132879862,1,0.9310865,1.4855268
2025-04-04,-6.008084646751024,3,1.2188698,1.8131095
2025-04-08,2.346301148009713,5,1.4313067,1.3074105
2025-04-15,2.114708195040536,10,1.6049771,0.80894905
2025-05-02,1.188740176025405,21,1.5904795,1.3798957
2025-04-03,-1.198142540282713,1,0.944473,1.6468498
2025-04-07,-5.25736771509627,3,1.4007614,1.4709659
2025-04-09,-2.246230751165149,5,1.4525602,1.2709346
2025-04-16,0.4864192013021928,10,1.6042517,1.2318239
2025-05-05,0.5288407894176297,21,1.5805007,1.6810114
2025-04-04,-6.008084646751024,1,1.2188698,1.5695993
2025-04-08,2.346301148009713,3,1.4313067,2.0908365
2025-04-10,4.232083678957107,5,1.5509495,1.5255743
2025-04-17,-0.18638757759649932,10,1.6015893,1.3585045
2025-05-06,0.09020933612836497,21,1.579488,1.3081878
2025-04-07,-5.25736771509627,1,1.4007614,1.0705271
2025-04-09,-2.246230751165149,3,1.4525602,1.2443435
2025-04-11,-0.1756555002429398,5,1.5494107,1.132105
2025-04-18,0.0,10,1.6014622,1.0221474
2025-05-07,-0.368744540503288,21,1.5806639,0.99994683
2025-04-08,2.346301148009713,1,1.4313067,1.379913
2025-04-10,4.232083678957107,3,1.5509495,1.7272271
2025-04-14,2.6013886681083,5,1.5839189,1.3407449
2025-04-22,0.7142722221197861,10,1.6032659,1.2045268
2025-05-08,0.0630346377655132,21,1.5797071,1.032346
2025-04-09,-2.246230751165149,1,1.4525602,1.5645149
2025-04-11,-0.1756555002429398,3,1.5494107,1.8691076
2025-04-15,2.114708195040536,5,1.6049771,1.0274746
2025-04-23,1.5081010035365758,10,1.606039,1.1037169
2025-05-09,0.48219595704605284,21,1.5754069,1.310959
2025-04-10,4.232083678957107,1,1.5509495,1.921373
2025-04-14,2.6013886681083,3,1.5839189,2.36697
2025-04-16,0.4864192013021928,5,1.6042517,1.4488175
2025-04-24,-0.2167652811778931,10,1.6018492,1.8857532
2025-05-12,0.7438640076171458,21,1.5776757,1.4154636
2025-04-11,-0.1756555002429398,1,1.5494107,2.007635
2025-04-15,2.114708195040536,3,1.6049771,2.036681
2025-04-17,-0.18638757759649932,5,1.6015893,1.632163
2025-04-25,1.3235542751375557,10,1.6046627,1.6785959
2025-05-13,0.8299226468715244,21,1.5805509,1.5781655
2025-04-14,2.6013886681083,1,1.5839189,1.9451956
2025-04-16,0.4864192013021928,3,1.6042517,1.9082475
2025-04-18,0.0,5,1.6014622,1.5958539
2025-04-28,0.7519225025549717,10,1.6051615,1.5435163
2025-05-14,0.5150449824747101,21,1.5807438,1.5346986
2025-04-15,2.114708195040536,1,1.6049771,1.6945293
2025-04-17,-0.18638757759649932,3,1.6015893,2.1201398
2025-04-22,0.7142722221197861,5,1.6032659,1.7737173
2025-04-29,-0.665103298083531,10,1.597154,1.1571078
2025-05-15,0.6481744238278238,21,1.5782847,1.3062788
2025-04-16,0.4864192013021928,1,1.6042517,1.6503254
2025-04-18,0.0,3,1.6014622,1.8522683
2025-04-23,1.5081010035365758,5,1.606039,1.5102001
2025-04-30,-0.5935180827423463,10,1.5920172,1.3000859
2025-05-16,0.9594746883798558,21,1.5653216,1.1517899
2025-04-17,-0.18638757759649932,1,1.6015893,1.7499295
2025-04-22,0.7142722221197861,3,1.6032659,1.7655463
2025-04-24,-0.2167652811778931,5,1.6018492,1.5506504
2025-05-02,1.188740176025405,10,1.5904795,1.2070444
2025-05-19,0.24499808089842798,21,1.5652574,1.1969088
2025-04-18,0.0,1,1.6014622,1.6190231
2025-04-23,1.5081010035365758,3,1.606039,1.3592539
2025-04-25,1.3235542751375557,5,1.6046627,1.3238709
2025-05-05,0.5288407894176297,10,1.5805007,1.663113
2025-05-20,1.579069063479182,21,1.575828,1.2171005
2025-04-22,0.7142722221197861,1,1.6032659,1.5863141
2025-04-24,-0.2167652811778931,3,1.6018492,1.4857922
2025-04-28,0.7519225025549717,5,1.6051615,1.1596928
2025-05-06,0.09020933612836497,10,1.579488,1.1144137
2025-05-21,-0.1103698900066222,21,1.5757254,1.0748515
2025-04-23,1.5081010035365758,1,1.606039,1.1998556
2025-04-25,1.3235542751375557,3,1.6046627,1.3905044
2025-04-29,-0.665103298083531,5,1.597154,1.0592192
2025-05-07,-0.368744540503288,10,1.5806639,0.95256484
2025-05-22,-0.24562557616723468,21,1.5743206,1.1231499
2025-04-24,-0.2167652811778931,1,1.6018492,1.4235822
2025-04-28,0.7519225025549717,3,1.6051615,1.3274789
2025-04-30,-0.5935180827423463,5,1.5920172,1.051112
2025-05-08,0.0630346377655132,10,1.5797071,0.8590703
2025-05-23,-1.186907359866237,21,1.5711989,0.9952456
2025-04-25,1.3235542751375557,1,1.6046627,1.1756413
2025-04-29,-0.665103298083531,3,1.597154,1.1004783
2025-05-02,1.188740176025405,5,1.5904795,1.0746076
2025-05-09,0.48219595704605284,10,1.5754069,1.1156816
2025-05-26,0.8296400368723733,21,1.5723048,0.89764106
2025-04-28,0.7519225025549717,1,1.6051615,1.056182
2025-04-30,-0.5935180827423463,3,1.5920172,1.157906
2025-05-05,0.5288407894176297,5,1.5805007,1.186177
2025-05-12,0.7438640076171458,10,1.5776757,0.8253906
2025-05-27,0.12859478609233088,21,1.5711422,1.0027308
2025-04-29,-0.665103298083531,1,1.597154,0.8912973
2025-05-02,1.188740176025405,3,1.5904795,1.326751
2025-05-06,0.09020933612836497,5,1.579488,1.0872911
2025-05-13,0.8299226468715244,10,1.5805509,0.9008648
2025-05-28,-0.9830533817011312,21,1.5773858,0.9251443
2025-04-30,-0.5935180827423463,1,1.5920172,1.1069345
2025-05-05,0.5288407894176297,3,1.5805007,1.4020936
2025-05-07,-0.368744540503288,5,1.5806639,0.9511344
2025-05-14,0.5150449824747101,10,1.5807438,0.67071956
2025-05-29,0.11340601983747799,21,1.5378158,0.8280464
2025-05-02,1.188740176025405,1,1.5904795,1.4787552
2025-05-06,0.09020933612836497,3,1.579488,1.1278292
2025-05-08,0.0630346377655132,5,1.5797071,1.1781273
2025-05-15,0.6481744238278238,10,1.5782847,0.7242466
2025-05-30,0.2518679167122434,21,1.5290571,1.0332747
2025-05-05,0.5288407894176297,1,1.5805007,1.3139085
2025-05-07,-0.368744540503288,3,1.5806639,0.99133205
2025-05-09,0.48219595704605284,5,1.5754069,1.3191714
2025-05-16,0.9594746883798558,10,1.5653216,0.68596137
2025-06-02,0.35690392320268294,21,1.5293713,1.2869067
2025-05-06,0.09020933612836497,1,1.579488,1.1150787
2025-05-08,0.0630346377655132,3,1.5797071,1.2838292
2025-05-12,0.7438640076171458,5,1.5776757,1.0406961
2025-05-19,0.24499808089842798,10,1.5652574,1.0464387
2025-06-03,-0.525217223618222,21,1.5315983,1.0889349
2025-05-07,-0.368744540503288,1,1.5806639,0.91707134
2025-05-09,0.48219595704605284,3,1.5754069,1.2740715
2025-05-13,0.8299226468715244,5,1.5805509,0.97856754
2025-05-20,1.579069063479182,10,1.575828,0.72084135
2025-06-04,-0.19199643159375368,21,1.5206122,1.0731264
2025-05-08,0.0630346377655132,1,1.5797071,1.0415759
2025-05-12,0.7438640076171458,3,1.5776757,0.92979515
2025-05-14,0.5150449824747101,5,1.5807438,1.1070614
2025-05-21,-0.1103698900066222,10,1.5757254,0.8279836
2025-06-05,0.7235502331100051,21,1.5057956,0.89734983
2025-05-09,0.48219595704605284,1,1.5754069,1.2363999
2025-05-13,0.8299226468715244,3,1.5805509,1.1790887
2025-05-15,0.6481744238278238,5,1.5782847,0.8681124
2025-05-22,-0.24562557616723468,10,1.5743206,0.8978524
2025-06-06,0.30859774308549554,21,1.5028046,0.94167036
2025-05-12,0.7438640076171458,1,1.5776757,0.8554383
2025-05-14,0.5150449824747101,3,1.5807438,0.95703256
2025-05-16,0.9594746883798558,5,1.5653216,0.8759328
2025-05-23,-1.186907359866237,10,1.5711989,0.7482513
2025-06-09,0.0259659146197711,21,1.5029236,0.9521058
2025-05-13,0.8299226468715244,1,1.5805509,1.1636276
2025-05-15,0.6481744238278238,3,1.5782847,1.3083047
2025-05-19,0.24499808089842798,5,1.5652574,0.8289048
2025-05-26,0.8296400368723733,10,1.5723048,0.70228904
2025-06-10,-0.21213534036716525,21,1.494719,1.1888951
2025-05-14,0.5150449824747101,1,1.5807438,1.0220674
2025-05-16,0.9594746883798558,3,1.5653216,0.8812977
2025-05-20,1.579069063479182,5,1.575828,0.93898714
2025-05-27,0.12859478609233088,10,1.5711422,0.9274176
2025-06-11,-0.6136459838536723,21,1.4927644,1.0762
2025-05-15,0.6481744238278238,1,1.5782847,0.95117867
2025-05-19,0.24499808089842798,3,1.5652574,1.1502097
2025-05-21,-0.1103698900066222,5,1.5757254,0.8609619
2025-05-28,-0.9830533817011312,10,1.5773858,0.679564
2025-06-12,-0.3203064071470885,21,1.4816308,0.8609993
2025-05-16,0.9594746883798558,1,1.5653216,0.90730125
2025-05-20,1.579069063479182,3,1.575828,0.88628614
2025-05-22,-0.24562557616723468,5,1.5743206,0.9631531
2025-05-29,0.11340601983747799,10,1.5378158,0.71327895
2025-06-13,-1.2736113869381929,21,1.4914056,0.83450055
2025-05-19,0.24499808089842798,1,1.5652574,1.041125
2025-05-21,-0.1103698900066222,3,1.5757254,0.9398461
2025-05-23,-1.186907359866237,5,1.5711989,0.91628516
2025-05-30,0.2518679167122434,10,1.5290571,0.74808264
2025-06-16,1.4289322194487026,21,1.4977125,0.64886916
2025-05-20,1.579069063479182,1,1.575828,1.007905
2025-05-22,-0.24562557616723468,3,1.5743206,1.1784956
2025-05-26,0.8296400368723733,5,1.5723048,0.72563547
2025-06-02,0.35690392320268294,10,1.5293713,0.89817476
2025-06-17,-1.4210248933069003,21,1.5101223,0.76942873
2025-05-21,-0.1103698900066222,1,1.5757254,0.94597125
2025-05-23,-1.186907359866237,3,1.5711989,0.8129863
2025-05-27,0.12859478609233088,5,1.5711422,0.94428056
2025-06-03,-0.525217223618222,10,1.5315983,0.7307883
2025-06-18,0.08263008420597344,21,1.5097055,0.7032755
2025-05-22,-0.24562557616723468,1,1.5743206,0.9952837
2025-05-26,0.8296400368723733,3,1.5723048,1.0888786
2025-05-28,-0.9830533817011312,5,1.5773858,0.94041276
2025-06-04,-0.19199643159375368,10,1.5206122,0.8962005
2025-06-19,-1.2888667326343515,21,1.512401,0.9110017
2025-05-23,-1.186907359866237,1,1.5711989,0.8882175
2025-05-27,0.12859478609233088,3,1.5711422,1.0641192
2025-05-29,0.11340601983747799,5,1.5378158,0.82890457
2025-06-05,0.7235502331100051,10,1.5057956,0.6638134
2025-06-20,0.7639046830698026,21,1.5142946,0.9944625
2025-05-26,0.8296400368723733,1,1.5723048,0.8516122
2025-05-28,-0.9830533817011312,3,1.5773858,1.1887786
2025-05-30,0.2518679167122434,5,1.5290571,0.7892808
2025-06-06,0.30859774308549554,10,1.5028046,0.7247861
2025-06-23,-0.0787296399962183,21,1.5143048,0.82102406
2025-05-27,0.12859478609233088,1,1.5711422,0.9114085
2025-05-29,0.11340601983747799,3,1.5378158,0.91479784
2025-06-02,0.35690392320268294,5,1.5293713,0.83452713
2025-06-09,0.0259659146197711,10,1.5029236,0.6309416
2025-06-24,1.404173818437804,21,1.5195512,0.785821
2025-05-28,-0.9830533817011312,1,1.5773858,1.039323
2025-05-30,0.2518679167122434,3,1.5290571,0.8284333
2025-06-03,-0.525217223618222,5,1.5315983,0.8269924
2025-06-10,-0.21213534036716525,10,1.494719,0.7320139
2025-06-25,-1.6038035572264926,21,1.5245183,0.6868818
2025-05-29,0.11340601983747799,1,1.5378158,0.9186553
2025-06-02,0.35690392320268294,3,1.5293713,1.1388681
2025-06-04,-0.19199643159375368,5,1.5206122,0.95444727
2025-06-11,-0.6136459838536723,10,1.4927644,0.77417487
2025-06-26,0.02678510040519085,21,1.5171735,0.8814146
2025-05-30,0.2518679167122434,1,1.5290571,0.9484335
2025-06-03,-0.525217223618222,3,1.5315983,1.0463597
2025-06-05,0.7235502331100051,5,1.5057956,0.9046825
2025-06-12,-0.3203064071470885,10,1.4816308,0.66385776
2025-06-27,1.104943848063234,21,1.5225441,0.96681154
2025-06-02,0.35690392320268294,1,1.5293713,0.9747062
2025-06-04,-0.19199643159375368,3,1.5206122,1.329748
2025-06-06,0.30859774308549554,5,1.5028046,0.79161435
2025-06-13,-1.2736113869381929,10,1.4914056,0.65692466
2025-06-30,0.16380020042383697,21,1.5133585,1.0774002
2025-06-03,-0.525217223618222,1,1.5315983,1.0828011
2025-06-05,0.7235502331100051,3,1.5057956,0.8821633
2025-06-09,0.0259659146197711,5,1.5029236,0.82568693
2025-06-16,1.4289322194487026,10,1.4977125,0.58260536
2025-07-01,-0.032166637755781824,21,1.2839286,0.89866996
2025-06-04,-0.19199643159375368,1,1.5206122,1.0192454
2025-06-06,0.30859774308549554,3,1.5028046,0.92802715
2025-06-10,-0.21213534036716525,5,1.494719,0.913186
2025-06-17,-1.4210248933069003,10,1.5101223,0.52589566
2025-07-02,0.4081055892472484,21,1.065723,0.9007545
2025-06-05,0.7235502331100051,1,1.5057956,0.88283896
2025-06-09,0.0259659146197711,3,1.5029236,1.0680428
2025-06-11,-0.6136459838536723,5,1.4927644,0.8409084
2025-06-18,0.08263008420597344,10,1.5097055,0.5428031
2025-07-03,0.9799033328553909,21,1.0352496,1.021974
2025-06-06,0.30859774308549554,1,1.5028046,0.85652876
2025-06-10,-0.21213534036716525,3,1.494719,1.0580722
2025-06-12,-0.3203064071470885,5,1.4816308,0.7289783
2025-06-19,-1.2888667326343515,10,1.512401,0.51009226
2025-07-04,-1.4910117494809991,21,1.0083869,0.85054356
2025-06-09,0.0259659146197711,1,1.5029236,0.88095313
2025-06-11,-0.6136459838536723,3,1.4927644,1.0908995
2025-06-13,-1.2736113869381929,5,1.4914056,0.74475086
2025-06-20,0.7639046830698026,10,1.5142946,0.67240256
2025-07-07,0.7259068235011669,21,0.8673276,0.81466645
2025-06-10,-0.21213534036716525,1,1.494719,0.8548256
2025-06-12,-0.3203064071470885,3,1.4816308,0.89250124
2025-06-16,1.4289322194487026,5,1.4977125,0.70567167
2025-06-23,-0.0787296399962183,10,1.5143048,0.5445193
2025-07-08,0.033387440239390616,21,0.8661155,0.8683793
2025-06-11,-0.6136459838536723,1,1.4927644,0.7920666
2025-06-13,-1.2736113869381929,3,1.4914056,0.9643078
2025-06-17,-1.4210248933069003,5,1.5101223,0.6500971
2025-06-24,1.404173818437804,10,1.5195512,0.56683695
2025-07-09,1.2345792248525687,21,0.8193201,0.94248474
2025-06-12,-0.3203064071470885,1,1.4816308,0.74437374
2025-06-16,1.4289322194487026,3,1.4977125,0.8547845
2025-06-18,0.08263008420597344,5,1.5097055,0.6719336
2025-06-25,-1.6038035572264926,10,1.5245183,0.71273977
2025-07-10,-0.7944822744705898,21,0.7899023,0.9280223
2025-06-13,-1.2736113869381929,1,1.4914056,0.8167503
2025-06-17,-1.4210248933069003,3,1.5101223,0.93408126
2025-06-19,-1.2888667326343515,5,1.512401,0.67214876
2025-06-26,0.02678510040519085,10,1.5171735,0.64979
2025-07-11,-0.9406551590955934,21,0.801184,0.83108956
2025-06-16,1.4289322194487026,1,1.4977125,0.8226805
2025-06-18,0.08263008420597344,3,1.5097055,0.893563
2025-06-20,0.7639046830698026,5,1.5142946,0.7495487
2025-06-27,1.104943848063234,10,1.5225441,0.87011755
2025-07-14,0.19112010723884007,21,0.8001225,0.8630131
2025-06-17,-1.4210248933069003,1,1.5101223,0.92741674
2025-06-19,-1.2888667326343515,3,1.512401,0.6477308
2025-06-23,-0.0787296399962183,5,1.5143048,0.727052
2025-06-30,0.16380020042383697,10,1.5133585,0.71094674
2025-07-15,-1.1558419943842713,21,0.8172408,0.72600895
2025-06-18,0.08263008420597344,1,1.5097055,0.85203356
2025-06-20,0.7639046830698026,3,1.5142946,1.0607412
2025-06-24,1.404173818437804,5,1.5195512,0.7847647
2025-07-01,-0.032166637755781824,10,1.2839286,0.878335
2025-07-16,0.0792495826840598,21,0.8135054,0.979035
2025-06-19,-1.2888667326343515,1,1.512401,0.92338884
2025-06-23,-0.0787296399962183,3,1.5143048,1.0083419
2025-06-25,-1.6038035572264926,5,1.5245183,0.8600944
2025-07-02,0.4081055892472484,10,1.065723,0.6718254
2025-07-17,0.7804861679850853,21,0.79755473,1.0426302
2025-06-20,0.7639046830698026,1,1.5142946,1.0320861
2025-06-24,1.404173818437804,3,1.5195512,1.1731542
2025-06-26,0.02678510040519085,5,1.5171735,0.77130085
2025-07-03,0.9799033328553909,10,1.0352496,1.0864351
2025-07-18,-0.03930887895239078,21,0.79670244,1.0233065
2025-06-23,-0.0787296399962183,1,1.5143048,0.8100382
2025-06-25,-1.6038035572264926,3,1.5245183,0.7943695
2025-06-27,1.104943848063234,5,1.5225441,0.8388665
2025-07-04,-1.4910117494809991,10,1.0083869,0.7719421
2025-07-21,0.30334956614443304,21,0.780861,1.0231072
2025-06-24,1.404173818437804,1,1.5195512,1.0461059
2025-06-26,0.02678510040519085,3,1.5171735,0.8309919
2025-06-30,0.16380020042383697,5,1.5133585,0.8894879
2025-07-07,0.7259068235011669,10,0.8673276,0.83491087
2025-07-22,0.07124283420341454,21,0.77589667,0.8255402
2025-06-25,-1.6038035572264926,1,1.5245183,0.8634956
2025-06-27,1.104943848063234,3,1.5225441,1.1331155
2025-07-01,-0.032166637755781824,5,1.2839286,0.8971565
2025-07-08,0.033387440239390616,10,0.8661155,0.8749591
2025-07-23,0.187837575773579,21,0.769973,0.9571051
2025-06-26,0.02678510040519085,1,1.5171735,0.9473257
2025-06-30,0.16380020042383697,3,1.5133585,0.92761767
2025-07-02,0.4081055892472484,5,1.065723,0.7386122
2025-07-09,1.2345792248525687,10,0.8193201,0.809497
2025-07-24,1.3317336809643736,21,0.78124297,0.84434664
2025-06-27,1.104943848063234,1,1.5225441,1.0407325
2025-07-01,-0.032166637755781824,3,1.2839286,0.88877296
2025-07-03,0.9799033328553909,5,1.0352496,0.8728088
2025-07-10,-0.7944822744705898,10,0.7899023,0.7746384
2025-07-25,-0.13476618005256508,21,0.76906717,1.0926453
2025-06-30,0.16380020042383697,1,1.5133585,0.9498168
2025-07-02,0.4081055892472484,3,1.065723,0.764193
2025-07-04,-1.4910117494809991,5,1.0083869,0.8876828
2025-07-11,-0.9406551590955934,10,0.801184,0.8728801
2025-07-28,-0.12017922908289182,21,0.7674274,1.1384497
2025-07-01,-0.032166637755781824,1,1.2839286,0.96517694
2025-07-03,0.9799033328553909,3,1.0352496,1.1326694
2025-07-07,0.7259068235011669,5,0.8673276,0.8690473
2025-07-14,0.19112010723884007,10,0.8001225,0.64255875
2025-07-29,0.8926161640177742,21,0.7744893,1.0331138
2025-07-02,0.4081055892472484,1,1.065723,0.8736878
2025-07-04,-1.4910117494809991,3,1.0083869,0.69731903
2025-07-08,0.033387440239390616,5,0.8661155,0.91610193
2025-07-15,-1.1558419943842713,10,0.8172408,0.64995956
2025-07-30,0.2290425426002545,21,0.7722279,0.82544935
2025-07-03,0.9799033328553909,1,1.0352496,1.3419954
2025-07-07,0.7259068235011669,3,0.8673276,0.9281691
2025-07-09,1.2345792248525687,5,0.8193201,1.3096472
2025-07-16,0.0792495826840598,10,0.8135054,1.0596981
2025-07-31,0.11397755042409098,21,0.7722059,1.0794638
2025-07-04,-1.4910117494809991,1,1.0083869,0.99635434
2025-07-08,0.033387440239390616,3,0.8661155,1.3426102
2025-07-10,-0.7944822744705898,5,0.7899023,1.1850927
2025-07-17,0.7804861679850853,10,0.79755473,1.0147531
2025-08-01,-1.895322777137209,21,0.81265086,1.0675757
2025-07-07,0.7259068235011669,1,0.8673276,1.1461898
2025-07-09,1.2345792248525687,3,0.8193201,1.6388586
2025-07-11,-0.9406551590955934,5,0.801184,1.5974699
2025-07-18,-0.03930887895239078,10,0.79670244,1.3130748
2025-08-04,1.8195838850716965,21,0.8392246,1.38693
2025-07-08,0.033387440239390616,1,0.8661155,1.496488
2025-07-10,-0.7944822744705898,3,0.7899023,1.9816124
2025-07-14,0.19112010723884007,5,0.8001225,1.1493119
2025-07-21,0.30334956614443304,10,0.780861,1.1617532
2025-08-05,0.1486441705121247,21,0.833591,1.1504745
2025-07-09,1.2345792248525687,1,0.8193201,1.5539
2025-07-11,-0.9406551590955934,3,0.801184,1.455888
2025-07-15,-1.1558419943842713,5,0.8172408,1.0338795
2025-07-22,0.07124283420341454,10,0.77589667,1.3683314
2025-08-06,0.8920702743260323,21,0.8383676,1.6842943
2025-07-10,-0.7944822744705898,1,0.7899023,1.7531546
2025-07-14,0.19112010723884007,3,0.8001225,1.3728569
2025-07-16,0.0792495826840598,5,0.8135054,1.8823354
2025-07-23,0.187837575773579,10,0.769973,1.0191917
2025-08-07,1.0558647404607202,21,0.8446641,0.9339196
2025-07-11,-0.9406551590955934,1,0.801184,1.4332349
2025-07-15,-1.1558419943842713,3,0.8172408,1.4906999
2025-07-17,0.7804861679850853,5,0.79755473,1.8780696
2025-07-24,1.3317336809643736,10,0.78124297,1.2153933
2025-08-08,0.9079945021924104,21,0.8437902,1.603794
2025-07-14,0.19112010723884007,1,0.8001225,1.5072079
2025-07-16,0.0792495826840598,3,0.8135054,2.2582655
2025-07-18,-0.03930887895239078,5,0.79670244,1.5233793
2025-07-25,-0.13476618005256508,10,0.76906717,1.2578217
2025-08-11,0.20888932422515613,21,0.84368896,1.008122
2025-07-15,-1.1558419943842713,1,0.8172408,1.7048415
2025-07-17,0.7804861679850853,3,0.79755473,1.9076424
2025-07-21,0.30334956614443304,5,0.780861,1.2024102
2025-07-28,-0.12017922908289182,10,0.7674274,1.4043133
2025-08-12,0.020864953348293306,21,0.82065475,1.5129596
2025-07-16,0.0792495826840598,1,0.8135054,2.323191
2025-07-18,-0.03930887895239078,3,0.79670244,2.1203296
2025-07-22,0.07124283420341454,5,0.77589667,2.2054348
2025-07-29,0.8926161640177742,10,0.7744893,1.2353241
2025-08-13,1.0770246250001356,21,0.83070296,1.5195369
2025-07-17,0.7804861679850853,1,0.79755473,1.639606
2025-07-21,0.30334956614443304,3,0.780861,1.9236404
2025-07-23,0.187837575773579,5,0.769973,1.4566996
2025-07-30,0.2290425426002545,10,0.7722279,1.3128178
2025-08-14,1.2340403341813084,21,0.8427193,1.7711605
2025-07-18,-0.03930887895239078,1,0.79670244,1.706253
2025-07-22,0.07124283420341454,3,0.77589667,2.022291
2025-07-24,1.3317336809643736,5,0.78124297,1.2272202
2025-07-31,0.11397755042409098,10,0.7722059,1.4125601
2025-08-15,0.46451290074384155,21,0.8266027,1.1340222
2025-07-21,0.30334956614443304,1,0.780861,1.6457998
2025-07-23,0.187837575773579,3,0.769973,1.5211195
2025-07-25,-0.13476618005256508,5,0.76906717,1.4845383
2025-08-01,-1.895322777137209,10,0.81265086,1.010288
2025-08-18,-0.1670548623128089,21,0.8223729,1.3076098
2025-07-22,0.07124283420341454,1,0.77589667,1.7121207
2025-07-24,1.3317336809643736,3,0.78124297,1.3847437
2025-07-28,-0.12017922908289182,5,0.7674274,1.8253477
2025-08-04,1.8195838850716965,10,0.8392246,1.2869289
2025-08-19,0.34101913233944076,21,0.8228828,1.3651952
2025-07-23,0.187837575773579,1,0.769973,1.3376464
2025-07-25,-0.13476618005256508,3,0.76906717,1.802274
2025-07-29,0.8926161640177742,5,0.7744893,1.2141254
2025-08-05,0.1486441705121247,10,0.833591,0.93396616
2025-08-20,-0.07648083939551838,21,0.810514,1.3511822
2025-07-24,1.3317336809643736,1,0.78124297,1.298105
2025-07-28,-0.12017922908289182,3,0.7674274,1.6342393
2025-07-30,0.2290425426002545,5,0.7722279,1.0934012
2025-08-06,0.8920702743260323,10,0.8383676,1.3039749
2025-08-21,0.0764808393955228,21,0.81054485,1.1984384
2025-07-25,-0.13476618005256508,1,0.76906717,1.5298955
2025-07-29,0.8926161640177742,3,0.7744893,0.9429712
2025-07-31,0.11397755042409098,5,0.7722059,1.232878
2025-08-07,1.0558647404607202,10,0.8446641,0.63926923
2025-08-22,0.6058532046269968,21,0.8126984,1.1312726
2025-07-28,-0.12017922908289182,1,0.7674274,1.2513412
2025-07-30,0.2290425426002545,3,0.7722279,1.4451671
2025-08-01,-1.895322777137209,5,0.81265086,1.1146538
2025-08-08,0.9079945021924104,10,0.8437902,0.9919665
2025-08-25,-0.8564315302040422,21,0.82226133,1.2112799
2025-07-29,0.8926161640177742,1,0.7744893,1.1888944
2025-07-31,0.11397755042409098,3,0.7722059,1.4473872
2025-08-04,1.8195838850716965,5,0.8392246,0.93071026
2025-08-11,0.20888932422515613,10,0.84368896,0.5580278
2025-08-26,-0.962330693457494,21,0.8299774,0.9736467
2025-07-30,0.2290425426002545,1,0.7722279,1.1820298
2025-08-01,-1.895322777137209,3,0.81265086,1.1671845
2025-08-05,0.1486441705121247,5,0.833591,1.0739052
2025-08-12,0.020864953348293306,10,0.82065475,1.19482
2025-08-27,-0.6529508736008615,21,0.83496654,0.8996595
2025-07-31,0.11397755042409098,1,0.7722059,1.1794984
2025-08-04,1.8195838850716965,3,0.8392246,1.0447464
2025-08-06,0.8920702743260323,5,0.8383676,1.1463468
2025-08-13,1.0770246250001356,10,0.83070296,0.6189713
2025-08-28,0.33563434770384226,21,0.8315932,1.2319883
2025-08-01,-1.895322777137209,1,0.81265086,0.9828652
2025-08-05,0.1486441705121247,3,0.833591,1.1660839
2025-08-07,1.0558647404607202,5,0.8446641,0.91582173
2025-08-14,1.2340403341813084,10,0.8427193,0.80279624
2025-08-29,-0.9037892440633617,21,0.84108514,0.75152326
2025-08-04,1.8195838850716965,1,0.8392246,0.98136514
2025-08-06,0.8920702743260323,3,0.8383676,1.3114324
2025-08-08,0.9079945021924104,5,0.8437902,1.2109673
2025-08-15,0.46451290074384155,10,0.8266027,0.7938733
2025-09-01,0.024100257186067887,21,0.8410871,1.0733294
2025-08-05,0.1486441705121247,1,0.833591,1.3291397
2025-08-07,1.0558647404607202,3,0.8446641,1.2437439
2025-08-11,0.20888932422515613,5,0.84368896,1.1569686
2025-08-18,-0.1670548623128089,10,0.8223729,0.941692
2025-09-02,-1.5868850993789405,21,0.86745304,1.2329232
2025-08-06,0.8920702743260323,1,0.8383676,1.5150778
2025-08-08,0.9079945021924104,3,0.8437902,1.4659939
2025-08-12,0.020864953348293306,5,0.82065475,1.4364574
2025-08-19,0.34101913233944076,10,0.8228828,1.0398728
2025-09-03,0.5777540686637104,21,0.8655059,1.267703
2025-08-07,1.0558647404607202,1,0.8446641,0.93383
2025-08-11,0.20888932422515613,3,0.84368896,1.2107478
2025-08-13,1.0770246250001356,5,0.83070296,1.3259184
2025-08-20,-0.07648083939551838,10,0.810514,1.2703073
2025-09-04,0.8677939316588624,21,0.86987615,1.3080084
2025-08-08,0.9079945021924104,1,0.8437902,1.2923872
2025-08-12,0.020864953348293306,3,0.82065475,1.6194975
2025-08-14,1.2340403341813084,5,0.8427193,1.2402885
2025-08-21,0.0764808393955228,10,0.81054485,0.85017884
2025-09-05,-0.4528177792235432,21,0.85429734,1.2533532
2025-08-11,0.20888932422515613,1,0.84368896,1.2174289
2025-08-13,1.0770246250001356,3,0.83070296,1.2891257
2025-08-15,0.46451290074384155,5,0.8266027,1.3124639
2025-08-22,0.6058532046269968,10,0.8126984,1.3391368
2025-09-08,1.01363875415312,21,0.84505445,1.5595387
2025-08-12,0.020864953348293306,1,0.82065475,1.5232143
2025-08-14,1.2340403341813084,3,0.8427193,1.502572
2025-08-18,-0.1670548623128089,5,0.8223729,0.9960934
2025-08-25,-0.8564315302040422,10,0.82226133,1.3085997
2025-09-09,0.14454094123435546,21,0.8210572,1.0234549
2025-08-13,1.0770246250001356,1,0.83070296,1.0405788
2025-08-15,0.46451290074384155,3,0.8266027,1.7879964
2025-08-19,0.34101913233944076,5,0.8228828,1.2171412
2025-08-26,-0.962330693457494,10,0.8299774,1.0696591
2025-09-10,1.2803814959226196,21,0.83438325,1.5741638
2025-08-14,1.2340403341813084,1,0.8427193,1.2593498
2025-08-18,-0.1670548623128089,3,0.8223729,1.1051333
2025-08-20,-0.07648083939551838,5,0.810514,1.3957413
2025-08-27,-0.6529508736008615,10,0.83496654,1.1667526
2025-09-11,0.6797935723269306,21,0.81540847,1.3519379
2025-08-15,0.46451290074384155,1,0.8266027,1.1652749
2025-08-19,0.34101913233944076,3,0.8228828,1.7433782
2025-08-21,0.0764808393955228,5,0.81054485,0.96664804
2025-08-28,0.33563434770384226,10,0.8315932,1.3376192
2025-09-12,-0.08553845670841406,21,0.81248456,1.4645449
2025-08-18,-0.1670548623128089,1,0.8223729,0.92945975
2025-08-20,-0.07648083939551838,3,0.810514,1.1409755
2025-08-22,0.6058532046269968,5,0.8126984,1.2527012
2025-08-29,-0.9037892440633617,10,0.84108514,1.0666382
2025-09-15,0.5660644428699309,21,0.8134456,1.2299768
2025-08-19,0.34101913233944076,1,0.8228828,1.2054112
2025-08-21,0.0764808393955228,3,0.81054485,1.5273851
2025-08-25,-0.8564315302040422,5,0.82226133,1.1629312
2025-09-01,0.024100257186067887,10,0.8410871,1.2316228
2025-09-16,-1.517124234477753,21,0.82611006,1.6636901
2025-08-20,-0.07648083939551838,1,0.810514,1.1088508
2025-08-22,0.6058532046269968,3,0.8126984,1.3141452
2025-08-26,-0.962330693457494,5,0.8299774,0.9545935
2025-09-02,-1.5868850993789405,10,0.86745304,1.2260251
2025-09-17,-0.23835867411762468,21,0.7958224,1.2229624
2025-08-21,0.0764808393955228,1,0.81054485,0.999552
2025-08-25,-0.8564315302040422,3,0.82226133,1.100415
2025-08-27,-0.6529508736008615,5,0.83496654,0.89389825
2025-09-03,0.5777540686637104,10,0.8655059,0.7743489
2025-09-18,0.31812478566207103,21,0.7959366,0.9551513
2025-08-22,0.6058532046269968,1,0.8126984,1.3020426
2025-08-26,-0.962330693457494,3,0.8299774,1.071325
2025-08-28,0.33563434770384226,5,0.8315932,1.3739467
2025-09-04,0.8677939316588624,10,0.86987615,0.88837
2025-09-19,0.5605200622382547,21,0.7880044,1.070405
2025-08-25,-0.8564315302040422,1,0.82226133,1.1073632
2025-08-27,-0.6529508736008615,3,0.83496654,0.90973634
2025-08-29,-0.9037892440633617,5,0.84108514,1.0277095
2025-09-05,-0.4528177792235432,10,0.85429734,1.083101
2025-09-22,-1.1745765031096498,21,0.8062637,1.3287059
2025-08-26,-0.962330693457494,1,0.8299774,1.190283
2025-08-28,0.33563434770384226,3,0.8315932,1.6421924
2025-09-01,0.024100257186067887,5,0.8410871,1.0635208
2025-09-08,1.01363875415312,10,0.84505445,1.5205402
2025-09-23,0.5006508322830027,21,0.80743563,1.1754142
2025-08-27,-0.6529508736008615,1,0.83496654,1.077013
2025-08-29,-0.9037892440633617,3,0.84108514,1.4906583
2025-09-02,-1.5868850993789405,5,0.86745304,1.4426942
2025-09-09,0.14454094123435546,10,0.8210572,0.9347601
2025-09-24,0.23984619178204813,21,0.8067593,1.4173703
2025-08-28,0.33563434770384226,1,0.8315932,1.4788117
2025-09-01,0.024100257186067887,3,0.8410871,1.8208865
2025-09-03,0.5777540686637104,5,0.8655059,1.0064946
2025-09-10,1.2803814959226196,10,0.83438325,1.5260187
2025-09-25,-0.2695375013539257,21,0.8005822,1.057977
2025-08-29,-0.9037892440633617,1,0.84108514,1.5418856
2025-09-02,-1.5868850993789405,3,0.86745304,1.6226583
2025-09-04,0.8677939316588624,5,0.86987615,1.030886
2025-09-11,0.6797935723269306,10,0.81540847,1.3949131
2025-09-26,1.289680576571686,21,0.7866749,1.4016283
2025-09-01,0.024100257186067887,1,0.8410871,1.5667456
2025-09-03,0.5777540686637104,3,0.8655059,1.5324849
2025-09-05,-0.4528177792235432,5,0.85429734,1.6023781
2025-09-12,-0.08553845670841406,10,0.81248456,1.430699
2025-09-29,-0.22239115427655465,21,0.78456825,1.1499143
2025-09-02,-1.5868850993789405,1,0.86745304,1.5171403
2025-09-04,0.8677939316588624,3,0.86987615,1.5578209
2025-09-08,1.01363875415312,5,0.84505445,1.447191
2025-09-15,0.5660644428699309,10,0.8134456,1.3296422
2025-09-30,1.03081977878177,21,0.79277605,1.6950026
2025-09-03,0.5777540686637104,1,0.8655059,1.5529574
2025-09-05,-0.4528177792235432,3,0.85429734,1.7797956
2025-09-09,0.14454094123435546,5,0.8210572,1.1586756
2025-09-16,-1.517124234477753,10,0.82611006,1.9626294
2025-10-01,0.411430330999779,21,0.780854,1.6061668
2025-09-04,0.8677939316588624,1,0.86987615,1.3394271
2025-09-08,1.01363875415312,3,0.84505445,2.081925
2025-09-10,1.2803814959226196,5,0.83438325,1.36641
2025-09-17,-0.23835867411762468,10,0.7958224,1.0276706
2025-10-02,-0.27452893027209907,21,0.7731114,1.5918146
2025-09-05,-0.4528177792235432,1,0.85429734,1.4229007
2025-09-09,0.14454094123435546,3,0.8210572,1.434845
2025-09-11,0.6797935723269306,5,0.81540847,1.5706639
2025-09-18,0.31812478566207103,10,0.7959366,0.97716063
2025-10-03,0.5720497046829383,21,0.7614371,1.4562513
2025-09-08,1.01363875415312,1,0.84505445,1.4811094
2025-09-10,1.2803814959226196,3,0.83438325,1.6287456
2025-09-12,-0.08553845670841406,5,0.81248456,1.3054636
2025-09-19,0.5605200622382547,10,0.7880044,1.1882261
2025-10-06,-0.18239156293543288,21,0.76285076,1.5692227
2025-09-09,0.14454094123435546,1,0.8210572,1.035777
2025-09-11,0.6797935723269306,3,0.81540847,1.3231397
2025-09-15,0.5660644428699309,5,0.8134456,1.0199922
2025-09-22,-1.1745765031096498,10,0.8062637,1.3706987
2025-10-07,-0.19109699963788462,21,0.74434334,1.1435909
2025-09-10,1.2803814959226196,1,0.83438325,1.2038947
2025-09-12,-0.08553845670841406,3,0.81248456,1.0775131
2025-09-16,-1.517124234477753,5,0.82611006,1.3086954
2025-09-23,0.5006508322830027,10,0.80743563,1.1723852
2025-10-08,0.9697146678186027,21,0.7509955,1.1893699
2025-09-11,0.6797935723269306,1,0.81540847,1.0946472
2025-09-15,0.5660644428699309,3,0.8134456,1.149289
2025-09-17,-0.23835867411762468,5,0.7958224,0.990049
2025-09-24,0.23984619178204813,10,0.8067593,0.84924465
2025-10-09,-0.5981510392361508,21,0.75409144,1.4323019
2025-09-12,-0.08553845670841406,1,0.81248456,1.0495728
2025-09-16,-1.517124234477753,3,0.82611006,1.4116802
2025-09-18,0.31812478566207103,5,0.7959366,0.59715915
2025-09-25,-0.2695375013539257,10,0.8005822,0.8968859
2025-10-10,-0.6973335878540078,21,0.7620687,1.0810493
2025-09-15,0.5660644428699309,1,0.8134456,0.9131538
2025-09-17,-0.23835867411762468,3,0.7958224,1.0083966
2025-09-19,0.5605200622382547,5,0.7880044,1.2076107
2025-09-26,1.289680576571686,10,0.7866749,0.90232056
2025-10-13,0.4197555336116742,21,0.76256603,1.2288854
2025-09-16,-1.517124234477753,1,0.82611006,1.1135049
2025-09-18,0.31812478566207103,3,0.7959366,1.0673172
2025-09-22,-1.1745765031096498,5,0.8062637,1.1166186
2025-09-29,-0.22239115427655465,10,0.78456825,1.1290116
2025-10-14,0.2878439407106441,21,0.76260155,1.110018
2025-09-17,-0.23835867411762468,1,0.7958224,1.0522718
2025-09-19,0.5605200622382547,3,0.7880044,1.6009825
2025-09-23,0.5006508322830027,5,0.80743563,1.3032997
2025-09-30,1.03081977878177,10,0.79277605,1.2091073
2025-10-15,-0.10334856665195558,21,0.7634379,1.2620412
2025-09-18,0.31812478566207103,1,0.7959366,0.9272073
2025-09-22,-1.1745765031096498,3,0.8062637,1.3768306
2025-09-24,0.23984619178204813,5,0.8067593,0.9834912
2025-10-01,0.411430330999779,10,0.780854,1.1175274
2025-10-16,0.4837256878277082,21,0.7492677,1.1568547
2025-09-19,0.5605200622382547,1,0.7880044,1.3396033
2025-09-23,0.5006508322830027,3,0.80743563,1.3511792
2025-09-25,-0.2695375013539257,5,0.8005822,1.1333803
2025-10-02,-0.27452893027209907,10,0.7731114,0.8824593
2025-10-17,-0.28610857712056587,21,0.7505134,1.0809696
2025-09-22,-1.1745765031096498,1,0.8062637,1.2110839
2025-09-24,0.23984619178204813,3,0.8067593,1.0732039
2025-09-26,1.289680576571686,5,0.7866749,1.2405784
2025-10-03,0.5720497046829383,10,0.7614371,1.5477974
2025-10-20,1.445805250630853,21,0.7678992,1.4130679
2025-09-23,0.5006508322830027,1,0.80743563,1.231659
2025-09-25,-0.2695375013539257,3,0.8005822,1.55092
2025-09-29,-0.22239115427655465,5,0.78456825,1.3022432
2025-10-06,-0.18239156293543288,10,0.76285076,1.2843646
2025-10-21,-0.3873986500542115,21,0.76550204,1.3778818
2025-09-24,0.23984619178204813,1,0.8067593,0.9147873
2025-09-26,1.289680576571686,3,0.7866749,1.2577043
2025-09-30,1.03081977878177,5,0.79277605,1.3479725
2025-10-07,-0.19109699963788462,10,0.74434334,1.1421194
2025-10-22,0.0919213851663488,21,0.7654887,1.1930718
2025-09-25,-0.2695375013539257,1,0.8005822,1.2829992
2025-09-29,-0.22239115427655465,3,0.78456825,1.4188355
2025-10-01,0.411430330999779,5,0.780854,1.310839
2025-10-08,0.9697146678186027,10,0.7509955,1.1779215
2025-10-23,0.06714428037321603,21,0.7655551,1.3325648
2025-09-26,1.289680576571686,1,0.7866749,1.5012048
2025-09-30,1.03081977878177,3,0.79277605,1.8024817
2025-10-02,-0.27452893027209907,5,0.7731114,1.2918379
2025-10-09,-0.5981510392361508,10,0.75409144,1.1335453
2025-10-24,0.43786420368668355,21,0.71743155,1.2355282
2025-09-29,-0.22239115427655465,1,0.78456825,1.3552272
2025-10-01,0.411430330999779,3,0.780854,1.2231674
2025-10-03,0.5720497046829383,5,0.7614371,1.4979134
2025-10-10,-0.6973335878540078,10,0.7620687,1.3781453
2025-10-27,0.8706432873535921,21,0.69093746,1.2849934
2025-09-30,1.03081977878177,1,0.79277605,1.3545421
2025-10-02,-0.27452893027209907,3,0.7731114,1.2524891
2025-10-06,-0.18239156293543288,5,0.76285076,1.3955736
2025-10-13,0.4197555336116742,10,0.76256603,1.6181934
2025-10-28,0.541027024651381,21,0.69251746,1.446721
2025-10-01,0.411430330999779,1,0.780854,1.1878864
2025-10-03,0.5720497046829383,3,0.7614371,1.906772
2025-10-07,-0.19109699963788462,5,0.74434334,1.0730883
2025-10-14,0.2878439407106441,10,0.76260155,1.35582
2025-10-29,0.39147491917890254,21,0.6868316,1.4025209
2025-10-02,-0.27452893027209907,1,0.7731114,1.3554149
2025-10-06,-0.18239156293543288,3,0.76285076,1.48277
2025-10-08,0.9697146678186027,5,0.7509955,1.3480465
2025-10-15,-0.10334856665195558,10,0.7634379,1.3498218
2025-10-30,-0.6821936094599684,21,0.6857202,1.3989089
2025-10-03,0.5720497046829383,1,0.7614371,1.6507537
2025-10-07,-0.19109699963788462,3,0.74434334,1.7084894
2025-10-09,-0.5981510392361508,5,0.75409144,1.2932754
2025-10-16,0.4837256878277082,10,0.7492677,1.062569
2025-10-31,-0.04801561535087037,21,0.6787972,1.2240138
2025-10-06,-0.18239156293543288,1,0.76285076,1.1525521
2025-10-08,0.9697146678186027,3,0.7509955,0.9400495
2025-10-10,-0.6973335878540078,5,0.7620687,1.2959485
2025-10-17,-0.28610857712056587,10,0.7505134,1.0385865
2025-11-03,0.02744031748203415,21,0.67884636,1.02653
2025-10-07,-0.19109699963788462,1,0.74434334,1.1528476
2025-10-09,-0.5981510392361508,3,0.75409144,1.2677885
2025-10-13,0.4197555336116742,5,0.76256603,1.1213082
2025-10-20,1.445805250630853,10,0.7678992,1.1087549
2025-11-04,-0.003741418122621606,21,0.6789193,0.93491083
2025-10-08,0.9697146678186027,1,0.7509955,1.0651695
2025-10-10,-0.6973335878540078,3,0.7620687,1.3034656
2025-10-14,0.2878439407106441,5,0.76260155,1.0473868
2025-10-21,-0.3873986500542115,10,0.76550204,0.8985946
2025-11-05,0.3858749824575962,21,0.66830915,1.0295768
2025-10-09,-0.5981510392361508,1,0.75409144,1.2910179
2025-10-13,0.4197555336116742,3,0.76256603,1.2004462
2025-10-15,-0.10334856665195558,5,0.7634379,1.0461221
2025-10-22,0.0919213851663488,10,0.7654887,0.6577799
2025-11-06,0.12167717322981356,21,0.6519857,0.75679886
2025-10-10,-0.6973335878540078,1,0.7620687,1.2525975
2025-10-14,0.2878439407106441,3,0.76260155,1.3238367
2025-10-16,0.4837256878277082,5,0.7492677,1.0218952
2025-10-23,0.06714428037321603,10,0.7655551,0.96470153
2025-11-07,-1.3529504237869732,21,0.6763862,0.9741925
2025-10-13,0.4197555336116742,1,0.76256603,1.2710617
2025-10-15,-0.10334856665195558,3,0.7634379,1.1672056
2025-10-17,-0.28610857712056587,5,0.7505134,1.1658442
2025-10-24,0.43786420368668355,10,0.71743155,0.7234908
2025-11-10,1.7523255773078301,21,0.709709,0.9630228
2025-10-14,0.2878439407106441,1,0.76260155,1.1812071
2025-10-16,0.4837256878277082,3,0.7492677,1.4152929
2025-10-20,1.445805250630853,5,0.7678992,1.0370224
2025-10-27,0.8706432873535921,10,0.69093746,0.8859959
2025-11-11,1.2667763262604894,21,0.7249648,0.8125436
2025-10-15,-0.10334856665195558,1,0.7634379,0.9996932
2025-10-17,-0.28610857712056587,3,0.7505134,1.1467069
2025-10-21,-0.3873986500542115,5,0.76550204,1.0986507
2025-10-28,0.541027024651381,10,0.69251746,0.86820155
2025-11-12,1.3755875210000423,21,0.7425172,0.88258976
2025-10-16,0.4837256878277082,1,0.7492677,1.1705626
2025-10-20,1.445805250630853,3,0.7678992,0.99626654
2025-10-22,0.0919213851663488,5,0.7654887,1.0849812
2025-10-29,0.39147491917890254,10,0.6868316,0.7665975
2025-11-13,-0.2313727940100708,21,0.74401414,0.8240191
2025-10-17,-0.28610857712056587,1,0.7505134,0.95691955
2025-10-21,-0.3873986500542115,3,0.76550204,1.1311536
2025-10-23,0.06714428037321603,5,0.7655551,1.0165039
2025-10-30,-0.6821936094599684,10,0.6857202,0.7377101
2025-11-14,-1.4063220599445287,21,0.7673335,1.2586396
2025-10-20,1.445805250630853,1,0.7678992,1.1500117
2025-10-22,0.0919213851663488,3,0.7654887,1.1314585
2025-10-24,0.43786420368668355,5,0.71743155,0.8723122
2025-10-31,-0.04801561535087037,10,0.6787972,0.8298473
2025-11-17,-1.0658649117791033,21,0.7722174,1.0137851
2025-10-21,-0.3873986500542115,1,0.76550204,0.9288814
2025-10-23,0.06714428037321603,3,0.7655551,1.1848164
2025-10-27,0.8706432873535921,5,0.69093746,0.9172996
2025-11-03,0.02744031748203415,10,0.67884636,0.72231334
2025-11-18,-2.160110990165033,21,0.81437737,1.0707774
2025-10-22,0.0919213851663488,1,0.7654887,1.0225269
2025-10-24,0.43786420368668355,3,0.71743155,0.75521743
2025-10-28,0.541027024651381,5,0.69251746,1.0531639
2025-11-04,-0.003741418122621606,10,0.6789193,0.6760297
2025-11-19,0.39285843636865364,21,0.8096841,1.2163182
2025-10-23,0.06714428037321603,1,0.7655551,1.0371958
2025-10-27,0.8706432873535921,3,0.69093746,1.4251822
2025-10-29,0.39147491917890254,5,0.6868316,0.835951
2025-11-05,0.3858749824575962,10,0.66830915,0.53829926
2025-11-20,0.624880476906132,21,0.8120069,0.9024674
2025-10-24,0.43786420368668355,1,0.71743155,0.9842873
2025-10-28,0.541027024651381,3,0.69251746,1.1041763
2025-10-30,-0.6821936094599684,5,0.6857202,0.9913856
2025-11-06,0.12167717322981356,10,0.6519857,0.616753
2025-11-21,-1.0499675218150162,21,0.81527776,1.0457332
2025-10-27,0.8706432873535921,1,0.69093746,1.2044756
2025-10-29,0.39147491917890254,3,0.6868316,1.2083797
2025-10-31,-0.04801561535087037,5,0.6787972,1.0373523
2025-11-07,-1.3529504237869732,10,0.6763862,0.70241195
2025-11-24,0.917913817482493,21,0.8220782,0.9621107
2025-10-28,0.541027024651381,1,0.69251746,0.86222064
2025-10-30,-0.6821936094599684,3,0.6857202,1.0449805
2025-11-03,0.02744031748203415,5,0.67884636,0.7231774
2025-11-10,1.7523255773078301,10,0.709709,0.6062634
2025-11-25,1.0782228928371143,21,0.80050325,1.0219191
2025-10-29,0.39147491917890254,1,0.6868316,0.822778
2025-10-31,-0.04801561535087037,3,0.6787972,0.9632189
2025-11-04,-0.003741418122621606,5,0.6789193,0.7171998
2025-11-11,1.2667763262604894,10,0.7249648,0.5533647
2025-11-26,1.3550142709158401,21,0.81363577,0.80360657
2025-10-30,-0.6821936094599684,1,0.6857202,0.8663532
2025-11-03,0.02744031748203415,3,0.67884636,0.9902657
2025-11-05,0.3858749824575962,5,0.66830915,0.7532638
2025-11-12,1.3755875210000423,10,0.7425172,0.6034748
2025-11-27,0.004278349413438117,21,0.8086756,1.0887868
2025-10-31,-0.04801561535087037,1,0.6787972,1.0204811
2025-11-04,-0.003741418122621606,3,0.6789193,1.1335262
2025-11-06,0.12167717322981356,5,0.6519857,0.9966062
2025-11-13,-0.2313727940100708,10,0.74401414,0.8130063
2025-11-28,0.05987768024588887,21,0.8048553,1.073546
2025-11-03,0.02744031748203415,1,0.67884636,1.0796876
2025-11-05,0.3858749824575962,3,0.66830915,1.2626555
2025-11-07,-1.3529504237869732,5,0.6763862,0.9535041
2025-11-14,-1.4063220599445287,10,0.7673335,1.0457232
2025-12-01,0.10622517069986029,21,0.7970784,1.0319756
2025-11-04,-0.003741418122621606,1,0.6789193,0.76028615
2025-11-06,0.12167717322981356,3,0.6519857,1.0350536
2025-11-10,1.7523255773078301,5,0.709709,0.8507935
2025-11-17,-1.0658649117791033,10,0.7722174,0.96885955
2025-12-02,0.5118369404400175,21,0.7984656,0.84537154
2025-11-05,0.3858749824575962,1,0.66830915,1.3172058
2025-11-07,-1.3529504237869732,3,0.6763862,1.0223149
2025-11-11,1.2667763262604894,5,0.7249648,1.0957272
2025-11-18,-2.160110990165033,10,0.81437737,0.81764615
2025-12-03,0.6812130835628365,21,0.7878086,0.84257
2025-11-06,0.12167717322981356,1,0.6519857,1.0183835
2025-11-10,1.7523255773078301,3,0.709709,0.93890023
2025-11-12,1.3755875210000423,5,0.7425172,1.0164038
2025-11-19,0.39285843636865364,10,0.8096841,1.2941751
2025-12-04,0.9654374270471013,21,0.79195654,1.1377459
2025-11-07,-1.3529504237869732,1,0.6763862,1.0261242
2025-11-11,1.2667763262604894,3,0.7249648,1.0277942
2025-11-13,-0.2313727940100708,5,0.74401414,0.85148245
2025-11-20,0.624880476906132,10,0.8120069,0.8734779
2025-12-05,-0.3475393133525383,21,0.79398715,0.829814
2025-11-10,1.7523255773078301,1,0.709709,1.0791152
2025-11-12,1.3755875210000423,3,0.7425172,1.6462493
2025-11-14,-1.4063220599445287,5,0.7673335,1.2606555
2025-11-21,-1.0499675218150162,10,0.81527776,1.3228958
2025-12-08,0.14191321725307754,21,0.7920505,1.7912831
2025-11-11,1.2667763262604894,1,0.7249648,1.6800623
2025-11-13,-0.2313727940100708,3,0.74401414,1.2982332
2025-11-17,-1.0658649117791033,5,0.7722174,1.4186989
2025-11-24,0.917913817482493,10,0.8220782,1.2957351
2025-12-09,0.13334650835123849,21,0.7617151,1.1208855
2025-11-12,1.3755875210000423,1,0.7425172,1.159669
2025-11-14,-1.4063220599445287,3,0.7673335,1.9770628
2025-11-18,-2.160110990165033,5,0.81437737,0.9830612
2025-11-25,1.0782228928371143,10,0.80050325,1.3378191
2025-12-10,0.1671791893089315,21,0.75987846,1.7694094
2025-11-13,-0.2313727940100708,1,0.74401414,1.2626492
2025-11-17,-1.0658649117791033,3,0.7722174,1.3941447
2025-11-19,0.39285843636865364,5,0.8096841,1.7342877
2025-11-26,1.3550142709158401,10,0.81363577,1.1153152
2025-12-11,0.7162949887259716,21,0.7629169,1.3857951
2025-11-14,-1.4063220599445287,1,0.7673335,1.4697312
2025-11-18,-2.160110990165033,3,0.81437737,1.935828
2025-11-20,0.624880476906132,5,0.8120069,1.3263834
2025-11-27,0.004278349413438117,10,0.8086756,1.8787854
2025-12-12,-0.16954481881233122,21,0.76252997,1.8199655
2025-11-17,-1.0658649117791033,1,0.7722174,1.5165703
2025-11-19,0.39285843636865364,3,0.8096841,2.2806804
2025-11-21,-1.0499675218150162,5,0.81527776,1.535644
2025-11-28,0.05987768024588887,10,0.8048553,1.7586305
2025-12-15,1.1033927343732588,21,0.75130147,1.7011006
2025-11-18,-2.160110990165033,1,0.81437737,1.8860567
2025-11-20,0.624880476906132,3,0.8120069,2.5332315
2025-11-24,0.917913817482493,5,0.8220782,1.7175642
2025-12-01,0.10622517069986029,10,0.7970784,1.6502668
2025-12-16,-0.7037036632783622,21,0.7592745,1.6659678
2025-11-19,0.39285843636865364,1,0.8096841,2.2711947
2025-11-21,-1.0499675218150162,3,0.81527776,2.5558972
2025-11-25,1.0782228928371143,5,0.80050325,1.8416934
2025-12-02,0.5118369404400175,10,0.7984656,1.8783784
2025-12-17,0.0962785181326361,21,0.75931996,1.6960713
2025-11-20,0.624880476906132,1,0.8120069,1.9935184
2025-11-24,0.917913817482493,3,0.8220782,1.8559134
2025-11-26,1.3550142709158401,5,0.81363577,1.3077476
2025-12-03,0.6812130835628365,10,0.7878086,1.4453743
2025-12-18,1.1411655121368254,21,0.7669338,1.7941525
2025-11-21,-1.0499675218150162,1,0.81527776,1.8029268
2025-11-25,1.0782228928371143,3,0.80050325,1.884893
2025-11-27,0.004278349413438117,5,0.8086756,1.7747394
2025-12-04,0.9654374270471013,10,0.79195654,1.8682668
2025-12-19,0.2168945297320584,21,0.7535965,1.7145858
2025-11-24,0.917913817482493,1,0.8220782,1.5257496
2025-11-26,1.3550142709158401,3,0.81363577,1.7112117
2025-11-28,0.05987768024588887,5,0.8048553,1.8517641
2025-12-05,-0.3475393133525383,10,0.79398715,1.7612938
2025-12-22,-0.06874894671236206,21,0.7524431,1.5066088
2025-11-25,1.0782228928371143,1,0.80050325,1.6350111
2025-11-27,0.004278349413438117,3,0.8086756,2.1038313
2025-12-01,0.10622517069986029,5,0.7970784,1.422273
2025-12-08,0.14191321725307754,10,0.7920505,1.3017071
2025-12-23,0.14443463350502284,21,0.74429727,1.3039343
2025-11-26,1.3550142709158401,1,0.81363577,1.4567509
2025-11-28,0.05987768024588887,3,0.8048553,1.6646637
2025-12-02,0.5118369404400175,5,0.7984656,1.3413391
2025-12-09,0.13334650835123849,10,0.7617151,1.5988919
2025-12-24,-0.05763235954453579,21,0.7442296,1.4280488
2025-11-27,0.004278349413438117,1,0.8086756,1.7521943
2025-12-01,0.10622517069986029,3,0.7970784,1.5842205
2025-12-03,0.6812130835628365,5,0.7878086,1.5768459
2025-12-10,0.1671791893089315,10,0.75987846,1.1512511
2025-12-25,0.0,21,0.74231267,1.0704387
2025-11-28,0.05987768024588887,1,0.8048553,1.531987
2025-12-02,0.5118369404400175,3,0.7984656,1.5884839
2025-12-04,0.9654374270471013,5,0.79195654,1.7094651
2025-12-11,0.7162949887259716,10,0.7629169,1.625057
2025-12-29,0.1332608064250441,21,0.74045604,1.7812712
2025-12-01,0.10622517069986029,1,0.7970784,1.2959343
2025-12-03,0.6812130835628365,3,0.7878086,1.4647467
2025-12-05,-0.3475393133525383,5,0.79398715,1.246189
2025-12-12,-0.16954481881233122,10,0.76252997,1.6121978
2025-12-30,0.9209719314286376,21,0.74539435,1.1580013
2025-12-02,0.5118369404400175,1,0.7984656,1.4174066
2025-12-04,0.9654374270471013,3,0.79195654,1.6733403
2025-12-08,0.14191321725307754,5,0.7920505,1.0826061
2025-12-15,1.1033927343732588,10,0.75130147,1.2892051
2025-12-31,-0.2717620323167541,21,0.74615157,1.4549901
