time,log_return,horizon,true_volatility,predict_volatility
2022-05-16,-0.29456576260600126,1,1.074742,0.8533443
2022-05-18,0.21119320238042366,3,1.0473452,1.0012934
2022-05-20,1.7948979762880963,5,1.0866939,0.9283418
2022-05-27,0.9751566716268105,10,1.0316519,0.69945014
2022-06-15,-1.845674230724035,21,1.0412078,0.89512676
2022-05-17,0.9146995621897308,1,1.0495858,0.766569
2022-05-19,-1.2893175636569898,3,1.0589515,0.8400401
2022-05-23,0.30604710276970354,5,1.0742909,0.8205317
2022-05-30,1.1911064180108095,10,1.0435268,0.66260284
2022-06-16,0.1645316649504973,21,1.0388876,0.799831
2022-05-18,0.21119320238042366,1,1.0473452,0.79583514
2022-05-20,1.7948979762880963,3,1.0866939,0.78037244
2022-05-24,-1.5803789873777883,5,1.0903846,0.83125436
2022-05-31,0.606474040959963,10,1.0251318,0.7544644
2022-06-17,-0.42842471427814655,21,1.0363739,0.79608846
2022-05-19,-1.2893175636569898,1,1.0589515,0.7122628
2022-05-23,0.30604710276970354,3,1.0742909,0.6037383
2022-05-25,0.4346036997002269,5,1.0388356,0.6401533
2022-06-02,-1.0069483198433455,10,1.021081,0.78836334
2022-06-20,-2.0654838520615066,21,1.0557435,0.6786723
2022-05-20,1.7948979762880963,1,1.0866939,0.7583761
2022-05-24,-1.5803789873777883,3,1.0903846,0.69605124
2022-05-26,-0.1824214883653634,5,1.0294617,0.7379855
2022-06-03,0.4375504141681287,10,0.9777283,0.84567875
2022-06-21,0.7458389431031975,21,1.0528209,0.7155773
2022-05-23,0.30604710276970354,1,1.0742909,0.7514052
2022-05-25,0.4346036997002269,3,1.0388356,0.7066369
2022-05-27,0.9751566716268105,5,1.0316519,0.7017741
2022-06-07,-1.6730576459998654,10,0.99154615,0.8279346
2022-06-22,-2.783154850157405,21,1.1039119,0.73032635
2022-05-24,-1.5803789873777883,1,1.0903846,0.7751507
2022-05-26,-0.1824214883653634,3,1.0294617,0.75891733
2022-05-30,1.1911064180108095,5,1.0435268,0.7412491
2022-06-08,-0.007241729058473402,10,0.94926375,0.77313805
2022-06-23,-1.2235151205536015,21,1.1103582,0.74904543
2022-05-25,0.4346036997002269,1,1.0388356,0.82414854
2022-05-27,0.9751566716268105,3,1.0316519,0.7926458
2022-05-31,0.606474040959963,5,1.0251318,0.714437
2022-06-09,-0.027037943287597635,10,0.9450705,0.7904402
2022-06-24,2.233842980702205,21,1.1563,0.75764173
2022-05-26,-0.1824214883653634,1,1.0294617,0.9990132
2022-05-30,1.1911064180108095,3,1.0435268,0.9636916
2022-06-02,-1.0069483198433455,5,1.021081,0.8900856
2022-06-10,-1.1326713036847453,10,0.95316434,0.92733794
2022-06-27,1.4814017765714083,21,1.1745026,0.84320945
2022-05-27,0.9751566716268105,1,1.0316519,0.7849041
2022-05-31,0.606474040959963,3,1.0251318,0.76597244
2022-06-03,0.4375504141681287,5,0.9777283,0.7440165
2022-06-13,-3.5828655170452093,10,1.0521449,0.7434396
2022-06-28,0.8362455101626917,21,1.1811738,0.7618907
2022-05-30,1.1911064180108095,1,1.0435268,0.8097089
2022-06-02,-1.0069483198433455,3,1.021081,0.77542293
2022-06-07,-1.6730576459998654,5,0.99154615,0.7798029
2022-06-14,-0.46183514968406586,10,1.0344974,0.7281592
2022-06-29,-1.8375251161417958,21,1.1968509,0.7521928
2022-05-31,0.606474040959963,1,1.0251318,0.7485106
2022-06-03,0.4375504141681287,3,0.9777283,0.77154595
2022-06-08,-0.007241729058473402,5,0.94926375,0.7766671
2022-06-15,-1.845674230724035,10,1.0412078,0.6393962
2022-06-30,-1.9254961615866903,21,1.2153306,0.6450099
2022-06-02,-1.0069483198433455,1,1.021081,0.7639302
2022-06-07,-1.6730576459998654,3,0.99154615,0.7889705
2022-06-09,-0.027037943287597635,5,0.9450705,0.7763218
2022-06-16,0.1645316649504973,10,1.0388876,0.64420915
2022-07-01,-1.1737788779017888,21,1.214696,0.67000365
2022-06-03,0.4375504141681287,1,0.9777283,0.7725803
2022-06-08,-0.007241729058473402,3,0.94926375,0.859954
2022-06-10,-1.1326713036847453,5,0.95316434,0.8426731
2022-06-17,-0.42842471427814655,10,1.0363739,0.58363235
2022-07-04,-0.2205862239197818,21,1.2138958,0.6509089
2022-06-07,-1.6730576459998654,1,0.99154615,0.79612595
2022-06-09,-0.027037943287597635,3,0.9450705,0.83693564
2022-06-13,-3.5828655170452093,5,1.0521449,0.82280535
2022-06-20,-2.0654838520615066,10,1.0557435,0.61848867
2022-07-05,1.7854360163026755,21,1.2409005,0.6647528
2022-06-08,-0.007241729058473402,1,0.94926375,0.9592169
2022-06-10,-1.1326713036847453,3,0.95316434,1.0276804
2022-06-14,-0.46183514968406586,5,1.0344974,0.87033534
2022-06-21,0.7458389431031975,10,1.0528209,0.73646903
2022-07-06,-2.148217036210855,21,1.255569,0.8206181
2022-06-09,-0.027037943287597635,1,0.9450705,1.0310187
2022-06-13,-3.5828655170452093,3,1.0521449,1.0835671
2022-06-15,-1.845674230724035,5,1.0412078,0.8484221
2022-06-22,-2.783154850157405,10,1.1039119,0.9567808
2022-07-07,1.8270050669470537,21,1.2833494,0.8620624
2022-06-10,-1.1326713036847453,1,0.95316434,0.6841851
2022-06-14,-0.46183514968406586,3,1.0344974,0.6990088
2022-06-16,0.1645316649504973,5,1.0388876,0.68667364
2022-06-23,-1.2235151205536015,10,1.1103582,0.7205074
2022-07-08,0.6975697865185579,21,1.2890683,0.71618485
2022-06-13,-3.5828655170452093,1,1.0521449,0.7872546
2022-06-15,-1.845674230724035,3,1.0412078,0.829246
2022-06-17,-0.42842471427814655,5,1.0363739,0.75731605
2022-06-24,2.233842980702205,10,1.1563,0.74464166
2022-07-11,-0.44085989656749364,21,1.2855737,0.75370306
2022-06-14,-0.46183514968406586,1,1.0344974,0.86261797
2022-06-16,0.1645316649504973,3,1.0388876,0.8803758
2022-06-20,-2.0654838520615066,5,1.0557435,0.85445994
2022-06-27,1.4814017765714083,10,1.1745026,0.7294643
2022-07-12,-0.9665109436213588,21,1.2600284,0.782618
2022-06-15,-1.845674230724035,1,1.0412078,1.0194445
2022-06-17,-0.42842471427814655,3,1.0363739,0.98065114
2022-06-21,0.7458389431031975,5,1.0528209,0.98618424
2022-06-28,0.8362455101626917,10,1.1811738,0.9153411
2022-07-13,0.467036293050787,21,1.2631009,0.8571835
2022-06-16,0.1645316649504973,1,1.0388876,0.9977712
2022-06-20,-2.0654838520615066,3,1.0557435,1.0452931
2022-06-22,-2.783154850157405,5,1.1039119,0.98416865
2022-06-29,-1.8375251161417958,10,1.1968509,0.8777259
2022-07-14,-0.27048537216074653,21,1.2613553,0.89336866
2022-06-17,-0.42842471427814655,1,1.0363739,1.3858622
2022-06-21,0.7458389431031975,3,1.0528209,1.3803254
2022-06-23,-1.2235151205536015,5,1.1103582,1.1595044
2022-06-30,-1.9254961615866903,10,1.2153306,1.2763563
2022-07-15,0.3722056182131419,21,1.2637804,1.0521903
2022-06-20,-2.0654838520615066,1,1.0557435,1.0439467
2022-06-22,-2.783154850157405,3,1.1039119,1.0688578
2022-06-24,2.233842980702205,5,1.1563,0.8354913
2022-07-01,-1.1737788779017888,10,1.214696,0.9962972
2022-07-18,1.8813923475476728,21,1.2842251,0.8813846
2022-06-21,0.7458389431031975,1,1.0528209,1.562919
2022-06-23,-1.2235151205536015,3,1.1103582,1.4154825
2022-06-27,1.4814017765714083,5,1.1745026,1.0867405
2022-07-04,-0.2205862239197818,10,1.2138958,1.5923301
2022-07-19,-0.1803553347071576,21,1.2839218,1.0417582
2022-06-22,-2.783154850157405,1,1.1039119,1.3115726
2022-06-24,2.233842980702205,3,1.1563,1.209741
2022-06-28,0.8362455101626917,5,1.1811738,0.9219792
2022-07-05,1.7854360163026755,10,1.2409005,1.3439714
2022-07-20,0.6675404153361585,21,1.2869992,0.9188835
2022-06-23,-1.2235151205536015,1,1.1103582,1.6146901
2022-06-27,1.4814017765714083,3,1.1745026,1.5126661
2022-06-29,-1.8375251161417958,5,1.1968509,1.2207533
2022-07-06,-2.148217036210855,10,1.255569,1.5883063
2022-07-21,0.9303556634980223,21,1.2926723,1.075507
2022-06-24,2.233842980702205,1,1.1563,1.5444543
2022-06-28,0.8362455101626917,3,1.1811738,1.5886371
2022-06-30,-1.9254961615866903,5,1.2153306,1.2080071
2022-07-07,1.8270050669470537,10,1.2833494,1.3296942
2022-07-22,-0.6671836248552707,21,1.2775178,1.0586237
2022-06-27,1.4814017765714083,1,1.1745026,1.4334376
2022-06-29,-1.8375251161417958,3,1.1968509,1.4378474
2022-07-01,-1.1737788779017888,5,1.214696,1.2019273
2022-07-08,0.6975697865185579,10,1.2890683,1.2875531
2022-07-25,0.4398765936858528,21,1.2776781,1.0303305
2022-06-28,0.8362455101626917,1,1.1811738,1.3867424
2022-06-30,-1.9254961615866903,3,1.2153306,1.4602809
2022-07-04,-0.2205862239197818,5,1.2138958,1.1807781
2022-07-11,-0.44085989656749364,10,1.2855737,1.2777586
2022-07-26,0.3849161207316746,21,1.2737858,1.0724826
2022-06-29,-1.8375251161417958,1,1.1968509,1.2462444
2022-07-01,-1.1737788779017888,3,1.214696,1.2898579
2022-07-05,1.7854360163026755,5,1.2409005,1.1065062
2022-07-12,-0.9665109436213588,10,1.2600284,1.0298206
2022-07-27,0.10645434109978757,21,1.264166,0.9456055
2022-06-30,-1.9254961615866903,1,1.2153306,1.4012017
2022-07-04,-0.2205862239197818,3,1.2138958,1.4474646
2022-07-06,-2.148217036210855,5,1.255569,1.2276027
2022-07-13,0.467036293050787,10,1.2631009,1.128602
2022-07-28,0.8138904511916961,21,1.2610406,0.9903029
2022-07-01,-1.1737788779017888,1,1.214696,1.5221971
2022-07-05,1.7854360163026755,3,1.2409005,1.5943468
2022-07-07,1.8270050669470537,5,1.2833494,1.2442119
2022-07-14,-0.27048537216074653,10,1.2613553,1.1656637
2022-07-29,0.6642440744621719,21,1.2655108,0.96161866
2022-07-04,-0.2205862239197818,1,1.2138958,1.4580625
2022-07-06,-2.148217036210855,3,1.255569,1.4843841
2022-07-08,0.6975697865185579,5,1.2890683,1.2050611
2022-07-15,0.3722056182131419,10,1.2637804,1.1836268
2022-08-01,0.030588835313716745,21,1.2656504,0.9850922
2022-07-05,1.7854360163026755,1,1.2409005,1.0682797
2022-07-07,1.8270050669470537,3,1.2833494,1.1086986
2022-07-11,-0.44085989656749364,5,1.2855737,0.8509078
2022-07-18,1.8813923475476728,10,1.2842251,1.0040908
2022-08-02,-0.516363295532742,21,1.2665275,0.8562088
2022-07-06,-2.148217036210855,1,1.255569,1.0347356
2022-07-08,0.6975697865185579,3,1.2890683,0.9760464
2022-07-12,-0.9665109436213588,5,1.2600284,0.8182484
2022-07-19,-0.1803553347071576,10,1.2839218,1.0467662
2022-08-03,0.8908249848322957,21,1.2654295,0.8493276
2022-07-07,1.8270050669470537,1,1.2833494,0.9796322
2022-07-11,-0.44085989656749364,3,1.2855737,0.96638274
2022-07-13,0.467036293050787,5,1.2631009,0.88026947
2022-07-20,0.6675404153361585,10,1.2869992,1.1162012
2022-08-04,0.4725924018910999,21,1.2474698,0.82781535
2022-07-08,0.6975697865185579,1,1.2890683,1.1022654
2022-07-12,-0.9665109436213588,3,1.2600284,1.0649447
2022-07-14,-0.27048537216074653,5,1.2613553,0.92448074
2022-07-21,0.9303556634980223,10,1.2926723,1.2164202
2022-08-05,0.7127452245355493,21,1.2516096,0.8541517
2022-07-11,-0.44085989656749364,1,1.2855737,0.81004924
2022-07-13,0.467036293050787,3,1.2631009,0.89405197
2022-07-15,0.3722056182131419,5,1.2637804,0.72375935
2022-07-22,-0.6671836248552707,10,1.2775178,0.92467046
2022-08-08,0.09229916024839131,21,1.2345424,0.7180191
2022-07-12,-0.9665109436213588,1,1.2600284,0.82035756
2022-07-14,-0.27048537216074653,3,1.2613553,0.8414609
2022-07-18,1.8813923475476728,5,1.2842251,0.7689297
2022-07-25,0.4398765936858528,10,1.2776781,0.90294075
2022-08-09,0.414680420346334,21,1.2038236,0.72426814
2022-07-13,0.467036293050787,1,1.2631009,0.7386792
2022-07-15,0.3722056182131419,3,1.2637804,0.7861477
2022-07-19,-0.1803553347071576,5,1.2839218,0.76852244
2022-07-26,0.3849161207316746,10,1.2737858,0.78044426
2022-08-10,-0.9060470715559605,21,1.208373,0.7335669
2022-07-14,-0.27048537216074653,1,1.2613553,0.75443816
2022-07-18,1.8813923475476728,3,1.2842251,0.882955
2022-07-20,0.6675404153361585,5,1.2869992,0.79177594
2022-07-27,0.10645434109978757,10,1.264166,0.6938649
2022-08-11,1.7144500545461467,21,1.2237984,0.7453334
2022-07-15,0.3722056182131419,1,1.2637804,0.7388734
2022-07-19,-0.1803553347071576,3,1.2839218,0.7974
2022-07-21,0.9303556634980223,5,1.2926723,0.732267
2022-07-28,0.8138904511916961,10,1.2610406,0.65426
2022-08-12,0.16469293918786843,21,1.2236367,0.7236471
2022-07-18,1.8813923475476728,1,1.2842251,0.7592506
2022-07-20,0.6675404153361585,3,1.2869992,0.83735293
2022-07-22,-0.6671836248552707,5,1.2775178,0.77063495
2022-07-29,0.6642440744621719,10,1.2655108,0.59975374
2022-08-16,0.22049291820117686,21,1.2134815,0.6847386
2022-07-19,-0.1803553347071576,1,1.2839218,0.68343806
2022-07-21,0.9303556634980223,3,1.2926723,0.67174184
2022-07-25,0.4398765936858528,5,1.2776781,0.6579541
2022-08-01,0.030588835313716745,10,1.2656504,0.67509204
2022-08-17,-0.6752533627416514,21,1.1919458,0.6848816
2022-07-20,0.6675404153361585,1,1.2869992,0.7351295
2022-07-22,-0.6671836248552707,3,1.2775178,0.706717
2022-07-26,0.3849161207316746,5,1.2737858,0.6919935
2022-08-02,-0.516363295532742,10,1.2665275,0.6802882
2022-08-18,-0.33515359572146775,21,1.1913054,0.70583457
2022-07-21,0.9303556634980223,1,1.2926723,0.7146229
2022-07-25,0.4398765936858528,3,1.2776781,0.6494792
2022-07-27,0.10645434109978757,5,1.264166,0.643492
2022-08-03,0.8908249848322957,10,1.2654295,0.7474406
2022-08-19,-0.6143153116235162,21,1.177268,0.71845126
2022-07-22,-0.6671836248552707,1,1.2775178,0.68817204
2022-07-26,0.3849161207316746,3,1.2737858,0.66222614
2022-07-28,0.8138904511916961,5,1.2610406,0.64648676
2022-08-04,0.4725924018910999,10,1.2474698,0.7332796
2022-08-22,-1.218533106431652,21,1.1844854,0.73733705
2022-07-25,0.4398765936858528,1,1.2776781,0.68595403
2022-07-27,0.10645434109978757,3,1.264166,0.68011713
2022-07-29,0.6642440744621719,5,1.2655108,0.64464504
2022-08-05,0.7127452245355493,10,1.2516096,0.7337013
2022-08-23,-1.1090680797153003,21,1.1915776,0.73737913
2022-07-26,0.3849161207316746,1,1.2737858,0.67405015
2022-07-28,0.8138904511916961,3,1.2610406,0.6593322
2022-08-01,0.030588835313716745,5,1.2656504,0.6279854
2022-08-08,0.09229916024839131,10,1.2345424,0.7296936
2022-08-24,0.49602329870943884,21,1.1857253,0.72546834
2022-07-27,0.10645434109978757,1,1.264166,0.68283236
2022-07-29,0.6642440744621719,3,1.2655108,0.65126884
2022-08-02,-0.516363295532742,5,1.2665275,0.635431
2022-08-09,0.414680420346334,10,1.2038236,0.75561553
2022-08-25,1.2106468371065293,21,1.1860956,0.7149945
2022-07-28,0.8138904511916961,1,1.2610406,0.6870504
2022-08-01,0.030588835313716745,3,1.2656504,0.63788235
2022-08-03,0.8908249848322957,5,1.2654295,0.6256283
2022-08-10,-0.9060470715559605,10,1.208373,0.75096685
2022-08-26,0.15206937182237393,21,1.1827941,0.7092044
2022-07-29,0.6642440744621719,1,1.2655108,0.685709
2022-08-02,-0.516363295532742,3,1.2665275,0.6251542
2022-08-04,0.4725924018910999,5,1.2474698,0.6398766
2022-08-11,1.7144500545461467,10,1.2237984,0.7584999
2022-08-29,-2.20632503337766,21,1.2077004,0.7110095
2022-08-01,0.030588835313716745,1,1.2656504,0.6899042
2022-08-03,0.8908249848322957,3,1.2654295,0.6468586
2022-08-05,0.7127452245355493,5,1.2516096,0.64059883
2022-08-12,0.16469293918786843,10,1.2236367,0.75367486
2022-08-30,0.9856958465856227,21,1.2142926,0.71301895
2022-08-02,-0.516363295532742,1,1.2665275,0.7262755
2022-08-04,0.4725924018910999,3,1.2474698,0.6543189
2022-08-08,0.09229916024839131,5,1.2345424,0.6561091
2022-08-16,0.22049291820117686,10,1.2134815,0.7714799
2022-08-31,0.8580269204768701,21,1.2041633,0.739666
2022-08-03,0.8908249848322957,1,1.2654295,0.7028169
2022-08-05,0.7127452245355493,3,1.2516096,0.658937
2022-08-09,0.414680420346334,5,1.2038236,0.6687602
2022-08-17,-0.6752533627416514,10,1.1919458,0.79269207
2022-09-01,-2.309589800903308,21,1.2373544,0.7363417
2022-08-04,0.4725924018910999,1,1.2474698,0.6838088
2022-08-08,0.09229916024839131,3,1.2345424,0.6438681
2022-08-10,-0.9060470715559605,5,1.208373,0.66824573
2022-08-18,-0.33515359572146775,10,1.1913054,0.7749193
2022-09-02,-0.2570019896329493,21,1.237357,0.7181734
2022-08-05,0.7127452245355493,1,1.2516096,0.68709886
2022-08-09,0.414680420346334,3,1.2038236,0.65153533
2022-08-11,1.7144500545461467,5,1.2237984,0.65088737
2022-08-19,-0.6143153116235162,10,1.177268,0.7716335
2022-09-05,-0.2380999882312726,21,1.2306024,0.741428
2022-08-08,0.09229916024839131,1,1.2345424,0.67273515
2022-08-10,-0.9060470715559605,3,1.208373,0.6609378
2022-08-12,0.16469293918786843,5,1.2236367,0.63331556
2022-08-22,-1.218533106431652,10,1.1844854,0.7713741
2022-09-06,0.2634186434991362,21,1.1447792,0.74628067
2022-08-09,0.414680420346334,1,1.2038236,0.68274444
2022-08-11,1.7144500545461467,3,1.2237984,0.6590033
2022-08-16,0.22049291820117686,5,1.2134815,0.62993467
2022-08-23,-1.1090680797153003,10,1.1915776,0.76569927
2022-09-07,-1.4023085309347447,21,1.156694,0.755958
2022-08-10,-0.9060470715559605,1,1.208373,0.69009
2022-08-12,0.16469293918786843,3,1.2236367,0.6821908
2022-08-17,-0.6752533627416514,5,1.1919458,0.6498366
2022-08-24,0.49602329870943884,10,1.1857253,0.7618875
2022-09-08,0.3285235240221192,21,1.1342736,0.7772737
2022-08-11,1.7144500545461467,1,1.2237984,0.6751981
2022-08-16,0.22049291820117686,3,1.2134815,0.6638787
2022-08-18,-0.33515359572146775,5,1.1913054,0.6480556
2022-08-25,1.2106468371065293,10,1.1860956,0.76290995
2022-09-13,2.70030635148951,21,1.1881208,0.7540163
2022-08-12,0.16469293918786843,1,1.2236367,0.67385525
2022-08-17,-0.6752533627416514,3,1.1919458,0.6582653
2022-08-19,-0.6143153116235162,5,1.177268,0.6612427
2022-08-26,0.15206937182237393,10,1.1827941,0.7709726
2022-09-14,-1.5684514567383556,21,1.2040762,0.7421975
2022-08-16,0.22049291820117686,1,1.2134815,0.6861822
2022-08-18,-0.33515359572146775,3,1.1913054,0.66711336
2022-08-22,-1.218533106431652,5,1.1844854,0.67071784
2022-08-29,-2.20632503337766,10,1.2077004,0.78039277
2022-09-15,-0.39847738801417665,21,1.1749648,0.762475
2022-08-17,-0.6752533627416514,1,1.1919458,0.6766888
2022-08-19,-0.6143153116235162,3,1.177268,0.68148917
2022-08-23,-1.1090680797153003,5,1.1915776,0.6624497
2022-08-30,0.9856958465856227,10,1.2142926,0.7673816
2022-09-16,-0.7963093779980214,21,1.1754073,0.7755888
2022-08-18,-0.33515359572146775,1,1.1913054,0.6863279
2022-08-22,-1.218533106431652,3,1.1844854,0.7255333
2022-08-24,0.49602329870943884,5,1.1857253,0.6930084
2022-08-31,0.8580269204768701,10,1.2041633,0.76896566
2022-09-19,-1.1446979874752365,21,1.1281649,0.80253637
2022-08-19,-0.6143153116235162,1,1.177268,0.6906478
2022-08-23,-1.1090680797153003,3,1.1915776,0.7021314
2022-08-25,1.2106468371065293,5,1.1860956,0.6866409
2022-09-01,-2.309589800903308,10,1.2373544,0.7437341
2022-09-20,0.5161505992380546,21,1.1182604,0.766856
2022-08-22,-1.218533106431652,1,1.1844854,0.6937404
2022-08-24,0.49602329870943884,3,1.1857253,0.71242565
2022-08-26,0.15206937182237393,5,1.1827941,0.6727435
2022-09-02,-0.2570019896329493,10,1.237357,0.74047846
2022-09-21,-0.8755039512622379,21,1.0863731,0.77085936
2022-08-23,-1.1090680797153003,1,1.1915776,0.7014637
2022-08-25,1.2106468371065293,3,1.1860956,0.7197016
2022-08-29,-2.20632503337766,5,1.2077004,0.7127116
2022-09-05,-0.2380999882312726,10,1.2306024,0.7482678
2022-09-22,-0.6368154270090972,21,1.071276,0.77423567
2022-08-24,0.49602329870943884,1,1.1857253,0.70648897
2022-08-26,0.15206937182237393,3,1.1827941,0.71126544
2022-08-30,0.9856958465856227,5,1.2142926,0.7285942
2022-09-06,0.2634186434991362,10,1.1447792,0.7619508
2022-09-23,-1.8307400314531583,21,1.0891033,0.7508082
2022-08-25,1.2106468371065293,1,1.1860956,0.6812591
2022-08-29,-2.20632503337766,3,1.2077004,0.6935797
2022-08-31,0.8580269204768701,5,1.2041633,0.7344128
2022-09-07,-1.4023085309347447,10,1.156694,0.77533
2022-09-26,-3.062131425934826,21,1.1329342,0.7252821
2022-08-26,0.15206937182237393,1,1.1827941,0.69207966
2022-08-30,0.9856958465856227,3,1.2142926,0.68877786
2022-09-01,-2.309589800903308,5,1.2373544,0.7047093
2022-09-08,0.3285235240221192,10,1.1342736,0.7623828
2022-09-27,0.13139697640788106,21,1.1080333,0.7459992
2022-08-29,-2.20632503337766,1,1.2077004,0.7321584
2022-08-31,0.8580269204768701,3,1.2041633,0.7407961
2022-09-02,-0.2570019896329493,5,1.237357,0.714083
2022-09-13,2.70030635148951,10,1.1881208,0.7164135
2022-09-28,-2.4844529989538726,21,1.1423585,0.7899518
2022-08-30,0.9856958465856227,1,1.2142926,0.70639205
2022-09-01,-2.309589800903308,3,1.2373544,0.7946153
2022-09-05,-0.2380999882312726,5,1.2306024,0.72264296
2022-09-14,-1.5684514567383556,10,1.2040762,0.73870176
2022-09-29,0.0755672600573956,21,1.1424749,0.8130816
2022-08-31,0.8580269204768701,1,1.2041633,0.72145355
2022-09-02,-0.2570019896329493,3,1.237357,0.79742295
2022-09-06,0.2634186434991362,5,1.1447792,0.67722666
2022-09-15,-0.39847738801417665,10,1.1749648,0.6932014
2022-09-30,-0.7137544313032881,21,1.1179953,0.81590927
2022-09-01,-2.309589800903308,1,1.2373544,0.7005262
2022-09-05,-0.2380999882312726,3,1.2306024,0.7528374
2022-09-07,-1.4023085309347447,5,1.156694,0.6577308
2022-09-16,-0.7963093779980214,10,1.1754073,0.72072273
2022-10-04,2.469380877391007,21,1.1360682,0.7844923
2022-09-02,-0.2570019896329493,1,1.237357,0.77526504
2022-09-06,0.2634186434991362,3,1.1447792,0.83336914
2022-09-08,0.3285235240221192,5,1.1342736,0.7725611
2022-09-19,-1.1446979874752365,10,1.1281649,0.73195344
2022-10-05,0.2639827995955525,21,1.1096505,0.83490396
2022-09-05,-0.2380999882312726,1,1.2306024,0.80058396
2022-09-07,-1.4023085309347447,3,1.156694,0.87848973
2022-09-13,2.70030635148951,5,1.1881208,0.8071869
2022-09-20,0.5161505992380546,10,1.1182604,0.7221847
2022-10-06,1.0168391942899269,21,1.1142339,0.86531067
2022-09-06,0.2634186434991362,1,1.1447792,0.7590708
2022-09-08,0.3285235240221192,3,1.1342736,0.8318828
2022-09-14,-1.5684514567383556,5,1.2040762,0.7466572
2022-09-21,-0.8755039512622379,10,1.0863731,0.7097407
2022-10-07,-0.22457429135273288,21,1.1134025,0.8067514
2022-09-07,-1.4023085309347447,1,1.156694,0.8120995
2022-09-13,2.70030635148951,3,1.1881208,0.8518686
2022-09-15,-0.39847738801417665,5,1.1749648,0.7504013
2022-09-22,-0.6368154270090972,10,1.071276,0.6895497
2022-10-11,-1.8428023100819542,21,1.130861,0.82076865
2022-09-08,0.3285235240221192,1,1.1342736,0.822318
2022-09-14,-1.5684514567383556,3,1.2040762,0.88182795
2022-09-16,-0.7963093779980214,5,1.1754073,0.8095531
2022-09-23,-1.8307400314531583,10,1.0891033,0.6450117
2022-10-12,0.47331104809484403,21,1.130914,0.78013647
2022-09-13,2.70030635148951,1,1.1881208,0.82595396
2022-09-15,-0.39847738801417665,3,1.1749648,0.8927062
2022-09-19,-1.1446979874752365,5,1.1281649,0.827709
2022-09-26,-3.062131425934826,10,1.1329342,0.66432685
2022-10-13,-1.8143346912613698,21,1.152384,0.7784528
2022-09-14,-1.5684514567383556,1,1.2040762,0.7404522
2022-09-16,-0.7963093779980214,3,1.1754073,0.7674232
2022-09-20,0.5161505992380546,5,1.1182604,0.70897925
2022-09-27,0.13139697640788106,10,1.1080333,0.68922293
2022-10-14,2.270962094772957,21,1.1914966,0.717182
2022-09-15,-0.39847738801417665,1,1.1749648,0.79285127
2022-09-19,-1.1446979874752365,3,1.1281649,0.7917976
2022-09-21,-0.8755039512622379,5,1.0863731,0.714141
2022-09-28,-2.4844529989538726,10,1.1423585,0.71279633
2022-10-17,0.3230820539250357,21,1.1645441,0.75130993
2022-09-16,-0.7963093779980214,1,1.1754073,0.79071593
2022-09-20,0.5161505992380546,3,1.1182604,0.7935837
2022-09-22,-0.6368154270090972,5,1.071276,0.7776534
2022-09-29,0.0755672600573956,10,1.1424749,0.73370516
2022-10-18,1.3531432922704059,21,1.1797664,0.7289142
2022-09-19,-1.1446979874752365,1,1.1281649,0.7656714
2022-09-21,-0.8755039512622379,3,1.0863731,0.80710965
2022-09-23,-1.8307400314531583,5,1.0891033,0.72492063
2022-09-30,-0.7137544313032881,10,1.1179953,0.73686695
2022-10-19,-0.557564306830181,21,1.177079,0.74377763
2022-09-20,0.5161505992380546,1,1.1182604,0.89375
2022-09-22,-0.6368154270090972,3,1.071276,0.90140873
2022-09-26,-3.062131425934826,5,1.1329342,0.82801074
2022-10-04,2.469380877391007,10,1.1360682,0.7050746
2022-10-20,-0.8685824151123382,21,1.1730931,0.74019754
2022-09-21,-0.8755039512622379,1,1.0863731,0.9420063
2022-09-23,-1.8307400314531583,3,1.0891033,0.9394671
2022-09-27,0.13139697640788106,5,1.1080333,0.9025341
2022-10-05,0.2639827995955525,10,1.1096505,0.7050165
2022-10-21,-0.22431672419514315,21,1.1710968,0.8026719
2022-09-22,-0.6368154270090972,1,1.071276,0.9189383
2022-09-26,-3.062131425934826,3,1.1329342,0.9001494
2022-09-28,-2.4844529989538726,5,1.1423585,0.90396
2022-10-06,1.0168391942899269,10,1.1142339,0.70609057
2022-10-24,1.0356732195238467,21,1.1785161,0.76110345
2022-09-23,-1.8307400314531583,1,1.0891033,0.9247122
2022-09-27,0.13139697640788106,3,1.1080333,0.9094733
2022-09-29,0.0755672600573956,5,1.1424749,0.88566774
2022-10-07,-0.22457429135273288,10,1.1134025,0.7207294
2022-10-25,-0.048749170869932704,21,1.1766928,0.73618037
2022-09-26,-3.062131425934826,1,1.1329342,0.8788632
2022-09-28,-2.4844529989538726,3,1.1423585,0.8730748
2022-09-30,-0.7137544313032881,5,1.1179953,0.8052721
2022-10-11,-1.8428023100819542,10,1.130861,0.78796715
2022-10-26,0.64620895135721,21,1.1805696,0.6811682
2022-09-27,0.13139697640788106,1,1.1080333,1.1377836
2022-09-29,0.0755672600573956,3,1.1424749,1.076809
2022-10-04,2.469380877391007,5,1.1360682,1.0183432
2022-10-12,0.47331104809484403,10,1.130914,0.9306879
2022-10-27,1.728426972832183,21,1.19858,0.8285916
2022-09-28,-2.4844529989538726,1,1.1423585,1.2329671
2022-09-30,-0.7137544313032881,3,1.1179953,1.1757013
2022-10-05,0.2639827995955525,5,1.1096505,1.0551116
2022-10-13,-1.8143346912613698,10,1.152384,1.116787
2022-10-28,-0.8944243205357824,21,1.1985514,0.87595886
2022-09-29,0.0755672600573956,1,1.1424749,1.4219772
2022-10-04,2.469380877391007,3,1.1360682,1.3305041
2022-10-06,1.0168391942899269,5,1.1142339,1.1809548
2022-10-14,2.270962094772957,10,1.1914966,1.2738225
2022-10-31,1.1052348263929108,21,1.2089667,0.9755436
2022-09-30,-0.7137544313032881,1,1.1179953,1.3366878
2022-10-05,0.2639827995955525,3,1.1096505,1.3970913
2022-10-07,-0.22457429135273288,5,1.1134025,1.1450944
2022-10-17,0.3230820539250357,10,1.1645441,1.1110033
2022-11-01,1.7979050181397147,21,1.2325178,0.9883808
2022-10-04,2.469380877391007,1,1.1360682,1.3290763
2022-10-06,1.0168391942899269,3,1.1142339,1.379308
2022-10-11,-1.8428023100819542,5,1.130861,1.1061754
2022-10-18,1.3531432922704059,10,1.1797664,1.0756576
2022-11-02,0.0706384732292514,21,1.2261802,0.95894575
2022-10-05,0.2639827995955525,1,1.1096505,1.4892163
2022-10-07,-0.22457429135273288,3,1.1134025,1.3897601
2022-10-12,0.47331104809484403,5,1.130914,1.1024742
2022-10-19,-0.557564306830181,10,1.177079,1.4889992
2022-11-03,-0.3300529887530699,21,1.2243536,1.0150164
2022-10-06,1.0168391942899269,1,1.1142339,1.2688011
2022-10-11,-1.8428023100819542,3,1.130861,1.1284875
2022-10-13,-1.8143346912613698,5,1.152384,0.9864967
2022-10-20,-0.8685824151123382,10,1.1730931,1.3550651
2022-11-04,0.8235043275735265,21,1.2256824,0.82731026
2022-10-07,-0.22457429135273288,1,1.1134025,1.1468207
2022-10-12,0.47331104809484403,3,1.130914,1.0144523
2022-10-14,2.270962094772957,5,1.1914966,0.9414471
2022-10-21,-0.22431672419514315,10,1.1710968,1.3462989
2022-11-07,0.9897970129358055,21,1.233497,0.8079509
2022-10-11,-1.8428023100819542,1,1.130861,1.0095166
2022-10-13,-1.8143346912613698,3,1.152384,0.96049964
2022-10-17,0.3230820539250357,5,1.1645441,0.85970414
2022-10-24,1.0356732195238467,10,1.1785161,1.0941101
2022-11-08,1.1423712812916922,21,1.2420226,0.7591308
2022-10-12,0.47331104809484403,1,1.130914,1.1064363
2022-10-14,2.270962094772957,3,1.1914966,1.0355251
2022-10-18,1.3531432922704059,5,1.1797664,0.9681207
2022-10-25,-0.048749170869932704,10,1.1766928,1.146988
2022-11-09,1.0519485950886354,21,1.2454286,0.8455036
2022-10-13,-1.8143346912613698,1,1.152384,1.1264118
2022-10-17,0.3230820539250357,3,1.1645441,1.0969547
2022-10-19,-0.557564306830181,5,1.177079,0.8882946
2022-10-26,0.64620895135721,10,1.1805696,1.0933684
2022-11-10,-0.9190695084035343,21,1.2289039,0.81479156
2022-10-14,2.270962094772957,1,1.1914966,1.194896
2022-10-18,1.3531432922704059,3,1.1797664,1.2324194
2022-10-20,-0.8685824151123382,5,1.1730931,0.98824334
2022-10-27,1.728426972832183,10,1.19858,1.0777532
2022-11-11,3.313444275296572,21,1.3045338,0.8266484
2022-10-17,0.3230820539250357,1,1.1645441,1.3196224
2022-10-19,-0.557564306830181,3,1.177079,1.3320605
2022-10-21,-0.22431672419514315,5,1.1710968,1.0248184
2022-10-28,-0.8944243205357824,10,1.1985514,1.3187957
2022-11-14,-0.34329748182666275,21,1.304731,0.8918657
2022-10-18,1.3531432922704059,1,1.1797664,1.1669786
2022-10-20,-0.8685824151123382,3,1.1730931,1.0999842
2022-10-24,1.0356732195238467,5,1.1785161,0.8806402
2022-10-31,1.1052348263929108,10,1.2089667,1.2601395
2022-11-15,0.2292714921881788,21,1.3024807,0.852812
2022-10-19,-0.557564306830181,1,1.177079,1.1431878
2022-10-21,-0.22431672419514315,3,1.1710968,1.0451372
2022-10-25,-0.048749170869932704,5,1.1766928,0.88105714
2022-11-01,1.7979050181397147,10,1.2325178,1.2480714
2022-11-16,-0.11618616639306811,21,1.301901,0.84627444
2022-10-20,-0.8685824151123382,1,1.1730931,0.95167637
2022-10-24,1.0356732195238467,3,1.1785161,0.9185474
2022-10-26,0.64620895135721,5,1.1805696,0.79997325
2022-11-02,0.0706384732292514,10,1.2261802,1.0499921
2022-11-17,-1.4043967491099967,21,1.3119661,0.7465439
2022-10-21,-0.22431672419514315,1,1.1710968,0.9284053
2022-10-25,-0.048749170869932704,3,1.1766928,0.95392895
2022-10-27,1.728426972832183,5,1.19858,0.80668014
2022-11-03,-0.3300529887530699,10,1.2243536,1.0397334
2022-11-18,0.06465951974011487,21,1.3027498,0.7836652
2022-10-24,1.0356732195238467,1,1.1785161,0.7494124
2022-10-26,0.64620895135721,3,1.1805696,0.76074886
2022-10-28,-0.8944243205357824,5,1.1985514,0.67869216
2022-11-04,0.8235043275735265,10,1.2256824,0.81643707
2022-11-21,-1.0271506129680983,21,1.3016232,0.7078152
2022-10-25,-0.048749170869932704,1,1.1766928,0.7277761
2022-10-27,1.728426972832183,3,1.19858,0.7833875
2022-10-31,1.1052348263929108,5,1.2089667,0.6936283
2022-11-07,0.9897970129358055,10,1.233497,0.7483487
2022-11-22,-0.5898735762423701,21,1.3020049,0.75130165
2022-10-26,0.64620895135721,1,1.1805696,0.70222205
2022-10-28,-0.8944243205357824,3,1.1985514,0.7771045
2022-11-01,1.7979050181397147,5,1.2325178,0.671184
2022-11-08,1.1423712812916922,10,1.2420226,0.74721605
2022-11-23,0.5282720383236957,21,1.2939488,0.7554696
2022-10-27,1.728426972832183,1,1.19858,0.678272
2022-10-31,1.1052348263929108,3,1.2089667,0.7367005
2022-11-02,0.0706384732292514,5,1.2261802,0.64940196
2022-11-09,1.0519485950886354,10,1.2454286,0.7417377
2022-11-24,0.9598112898059579,21,1.3001716,0.7414984
2022-10-28,-0.8944243205357824,1,1.1985514,0.6942068
2022-11-01,1.7979050181397147,3,1.2325178,0.7128076
2022-11-03,-0.3300529887530699,5,1.2243536,0.6554787
2022-11-10,-0.9190695084035343,10,1.2289039,0.7241233
2022-11-25,-0.14223554139825387,21,1.268448,0.74843997
2022-10-31,1.1052348263929108,1,1.2089667,0.67353827
2022-11-02,0.0706384732292514,3,1.2261802,0.6733267
2022-11-04,0.8235043275735265,5,1.2256824,0.66516244
2022-11-11,3.313444275296572,10,1.3045338,0.71201515
2022-11-28,-1.2211993839307367,21,1.2715958,0.7412873
2022-11-01,1.7979050181397147,1,1.2325178,0.6293876
2022-11-03,-0.3300529887530699,3,1.2243536,0.6570943
2022-11-07,0.9897970129358055,5,1.233497,0.63801634
2022-11-14,-0.34329748182666275,10,1.304731,0.7131197
2022-11-29,1.0376647224547082,21,1.2739296,0.733406
2022-11-02,0.0706384732292514,1,1.2261802,0.64984554
2022-11-04,0.8235043275735265,3,1.2256824,0.6543045
2022-11-08,1.1423712812916922,5,1.2420226,0.63475245
2022-11-15,0.2292714921881788,10,1.3024807,0.7302458
2022-11-30,1.5956627016849954,21,1.2549148,0.72829205
2022-11-03,-0.3300529887530699,1,1.2243536,0.6477629
2022-11-07,0.9897970129358055,3,1.233497,0.6508464
2022-11-09,1.0519485950886354,5,1.2454286,0.63828534
2022-11-16,-0.11618616639306811,10,1.301901,0.7418494
2022-12-01,0.2952147650441706,21,1.2547334,0.7263821
2022-11-04,0.8235043275735265,1,1.2256824,0.66768706
2022-11-08,1.1423712812916922,3,1.2420226,0.6697488
2022-11-10,-0.9190695084035343,5,1.2289039,0.6321563
2022-11-17,-1.4043967491099967,10,1.3119661,0.75019866
2022-12-02,-1.8522480647000783,21,1.2780595,0.7122648
2022-11-07,0.9897970129358055,1,1.233497,0.66410977
2022-11-09,1.0519485950886354,3,1.2454286,0.64514613
2022-11-11,3.313444275296572,5,1.3045338,0.6313118
2022-11-18,0.06465951974011487,10,1.3027498,0.7417711
2022-12-05,-0.6185059558558825,21,1.2802951,0.6944085
2022-11-08,1.1423712812916922,1,1.2420226,0.67611974
2022-11-10,-0.9190695084035343,3,1.2289039,0.646265
2022-11-14,-0.34329748182666275,5,1.304731,0.6420692
2022-11-21,-1.0271506129680983,10,1.3016232,0.7355927
2022-12-06,-1.0871905557867316,21,1.2750539,0.71701336
2022-11-09,1.0519485950886354,1,1.2454286,0.6601708
2022-11-11,3.313444275296572,3,1.3045338,0.63525385
2022-11-15,0.2292714921881788,5,1.3024807,0.6330348
2022-11-22,-0.5898735762423701,10,1.3020049,0.7382313
2022-12-07,-0.4334143548125055,21,1.2756388,0.7010953
2022-11-10,-0.9190695084035343,1,1.2289039,0.67094976
2022-11-14,-0.34329748182666275,3,1.304731,0.65959793
2022-11-16,-0.11618616639306811,5,1.301901,0.6349797
2022-11-23,0.5282720383236957,10,1.2939488,0.7382924
2022-12-08,-0.49349075963966593,21,1.2267038,0.71543616
2022-11-11,3.313444275296572,1,1.3045338,0.6859153
2022-11-15,0.2292714921881788,3,1.3024807,0.6653629
2022-11-17,-1.4043967491099967,5,1.3119661,0.64187264
2022-11-24,0.9598112898059579,10,1.3001716,0.76320684
2022-12-09,0.7546047460787295,21,1.2147042,0.7367704
2022-11-14,-0.34329748182666275,1,1.304731,0.6628799
2022-11-16,-0.11618616639306811,3,1.301901,0.6534957
2022-11-18,0.06465951974011487,5,1.3027498,0.64179945
2022-11-25,-0.14223554139825387,10,1.268448,0.7618808
2022-12-12,-0.6728214162819594,21,1.2166847,0.7387364
2022-11-15,0.2292714921881788,1,1.3024807,0.6713591
2022-11-17,-1.4043967491099967,3,1.3119661,0.6582959
2022-11-21,-1.0271506129680983,5,1.3016232,0.6528999
2022-11-28,-1.2211993839307367,10,1.2715958,0.74893725
2022-12-13,-0.026135397972741174,21,1.2124121,0.7372665
2022-11-16,-0.11618616639306811,1,1.301901,0.67425925
2022-11-18,0.06465951974011487,3,1.3027498,0.6493672
2022-11-22,-0.5898735762423701,5,1.3020049,0.66124594
2022-11-29,1.0376647224547082,10,1.2739296,0.7556759
2022-12-14,1.1254128696650707,21,1.2117366,0.73298067
2022-11-17,-1.4043967491099967,1,1.3119661,0.6891915
2022-11-21,-1.0271506129680983,3,1.3016232,0.6449492
2022-11-23,0.5282720383236957,5,1.2939488,0.65525013
2022-11-30,1.5956627016849954,10,1.2549148,0.75875956
2022-12-15,-1.6083649382086989,21,1.2282346,0.7435641
2022-11-18,0.06465951974011487,1,1.3027498,0.68293613
2022-11-22,-0.5898735762423701,3,1.3020049,0.65018165
2022-11-24,0.9598112898059579,5,1.3001716,0.66204613
2022-12-01,0.2952147650441706,10,1.2547334,0.769682
2022-12-16,-0.0402437279748877,21,1.2229213,0.7410114
2022-11-21,-1.0271506129680983,1,1.3016232,0.6859859
2022-11-23,0.5282720383236957,3,1.2939488,0.6607934
2022-11-25,-0.14223554139825387,5,1.268448,0.6540235
2022-12-02,-1.8522480647000783,10,1.2780595,0.758833
2022-12-19,-0.33318287318251255,21,1.2208297,0.76247746
2022-11-22,-0.5898735762423701,1,1.3020049,0.674096
2022-11-24,0.9598112898059579,3,1.3001716,0.6879502
2022-11-28,-1.2211993839307367,5,1.2715958,0.66444635
2022-12-05,-0.6185059558558825,10,1.2802951,0.7707716
2022-12-20,-0.8058967594375781,21,1.2015983,0.7680537
2022-11-23,0.5282720383236957,1,1.2939488,0.67211175
2022-11-25,-0.14223554139825387,3,1.268448,0.68105596
2022-11-29,1.0376647224547082,5,1.2739296,0.66979706
2022-12-06,-1.0871905557867316,10,1.2750539,0.7807472
2022-12-21,-0.18618042629259318,21,1.1314241,0.77456087
2022-11-24,0.9598112898059579,1,1.3001716,0.66825724
2022-11-28,-1.2211993839307367,3,1.2715958,0.6909472
2022-11-30,1.5956627016849954,5,1.2549148,0.67837155
2022-12-07,-0.4334143548125055,10,1.2756388,0.7687087
2022-12-22,1.185755544317831,21,1.1404016,0.7722482
2022-11-25,-0.14223554139825387,1,1.268448,0.6477434
2022-11-29,1.0376647224547082,3,1.2739296,0.65294635
2022-12-01,0.2952147650441706,5,1.2547334,0.66092
2022-12-08,-0.49349075963966593,10,1.2267038,0.7374268
2022-12-23,-1.8431429391977137,21,1.1185962,0.73978573
2022-11-28,-1.2211993839307367,1,1.2715958,0.66510266
2022-11-30,1.5956627016849954,3,1.2549148,0.7011046
2022-12-02,-1.8522480647000783,5,1.2780595,0.6664536
2022-12-09,0.7546047460787295,10,1.2147042,0.7044173
2022-12-26,0.14899929100483988,21,1.118601,0.7545704
2022-11-29,1.0376647224547082,1,1.2739296,0.68027496
2022-12-01,0.2952147650441706,3,1.2547334,0.75955486
2022-12-05,-0.6185059558558825,5,1.2802951,0.6956004
2022-12-12,-0.6728214162819594,10,1.2166847,0.72587556
2022-12-27,0.6731372647996005,21,1.1156446,0.78213066
2022-11-30,1.5956627016849954,1,1.2549148,0.67222685
2022-12-02,-1.8522480647000783,3,1.2780595,0.6901448
2022-12-06,-1.0871905557867316,5,1.2750539,0.66042435
2022-12-13,-0.026135397972741174,10,1.2124121,0.7301837
2022-12-28,-2.2692222372683966,21,1.1150813,0.7408807
2022-12-01,0.2952147650441706,1,1.2547334,0.6783406
2022-12-05,-0.6185059558558825,3,1.2802951,0.7333646
2022-12-07,-0.4334143548125055,5,1.2756388,0.6830971
2022-12-14,1.1254128696650707,10,1.2117366,0.7135325
2022-12-29,-1.9505383997565722,21,1.1442403,0.774204
2022-12-02,-1.8522480647000783,1,1.2780595,0.6748335
2022-12-06,-1.0871905557867316,3,1.2750539,0.6977551
2022-12-08,-0.49349075963966593,5,1.2267038,0.6902352
2022-12-15,-1.6083649382086989,10,1.2282346,0.7313787
2023-01-02,-0.4809427720324877,21,1.1383554,0.75385505
2022-12-05,-0.6185059558558825,1,1.2802951,0.7169961
2022-12-07,-0.4334143548125055,3,1.2756388,0.74462533
2022-12-09,0.7546047460787295,5,1.2147042,0.753907
2022-12-16,-0.0402437279748877,10,1.2229213,0.7418742
2023-01-03,-0.3145565146015487,21,1.1387033,0.7915047
2022-12-06,-1.0871905557867316,1,1.2750539,0.7414618
2022-12-08,-0.49349075963966593,3,1.2267038,0.7674687
2022-12-12,-0.6728214162819594,5,1.2166847,0.7293925
2022-12-19,-0.33318287318251255,10,1.2208297,0.81317544
2023-01-04,1.6672066053450063,21,1.1331284,0.7638346
2022-12-07,-0.4334143548125055,1,1.2756388,0.8273551
2022-12-09,0.7546047460787295,3,1.2147042,0.8846963
2022-12-13,-0.026135397972741174,5,1.2124121,0.7772018
2022-12-20,-0.8058967594375781,10,1.2015983,0.79747653
2023-01-05,0.38357187956566263,21,1.1326165,0.8100355
2022-12-08,-0.49349075963966593,1,1.2267038,0.782176
2022-12-12,-0.6728214162819594,3,1.2166847,0.86799383
2022-12-14,1.1254128696650707,5,1.2117366,0.7146956
2022-12-21,-0.18618042629259318,10,1.1314241,0.70537853
2023-01-06,1.1118525763692895,21,1.113983,0.79920673
2022-12-09,0.7546047460787295,1,1.2147042,0.75748026
2022-12-13,-0.026135397972741174,3,1.2124121,0.7803473
2022-12-15,-1.6083649382086989,5,1.2282346,0.6610566
2022-12-22,1.185755544317831,10,1.1404016,0.6922204
2023-01-09,2.5957446770038417,21,1.1254647,0.7572437
2022-12-12,-0.6728214162819594,1,1.2166847,0.7442804
2022-12-14,1.1254128696650707,3,1.2117366,0.8218691
2022-12-16,-0.0402437279748877,5,1.2229213,0.69057864
2022-12-23,-1.8431429391977137,10,1.1185962,0.6879561
2023-01-10,0.04764935483114025,21,1.1251035,0.7672315
2022-12-13,-0.026135397972741174,1,1.2124121,0.7324165
2022-12-15,-1.6083649382086989,3,1.2282346,0.8393546
2022-12-19,-0.33318287318251255,5,1.2208297,0.75929284
2022-12-26,0.14899929100483988,10,1.118601,0.6806045
2023-01-11,0.3489814509605266,21,1.1134949,0.71767724
2022-12-14,1.1254128696650707,1,1.2117366,0.72003543
2022-12-16,-0.0402437279748877,3,1.2229213,0.778999
2022-12-20,-0.8058967594375781,5,1.2015983,0.74713075
2022-12-27,0.6731372647996005,10,1.1156446,0.6633909
2023-01-12,0.23578865605689067,21,1.110511,0.6889209
2022-12-15,-1.6083649382086989,1,1.2282346,0.7172795
2022-12-19,-0.33318287318251255,3,1.2208297,0.70702493
2022-12-21,-0.18618042629259318,5,1.1314241,0.7046857
2022-12-28,-2.2692222372683966,10,1.1150813,0.7074414
2023-01-13,0.8835734193834344,21,1.1078447,0.7005631
2022-12-16,-0.0402437279748877,1,1.2229213,0.7569754
2022-12-20,-0.8058967594375781,3,1.2015983,0.68715227
2022-12-22,1.185755544317831,5,1.1404016,0.7154877
2022-12-29,-1.9505383997565722,10,1.1442403,0.7261042
2023-01-16,0.5754367248385356,21,1.1084222,0.73456043
2022-12-19,-0.33318287318251255,1,1.2208297,0.77565616
2022-12-21,-0.18618042629259318,3,1.1314241,0.76589847
2022-12-23,-1.8431429391977137,5,1.1185962,0.75325364
2023-01-02,-0.4809427720324877,10,1.1383554,0.6896519
2023-01-17,-0.8566339916379607,21,1.1092819,0.75738335
2022-12-20,-0.8058967594375781,1,1.2015983,0.6924687
2022-12-22,1.185755544317831,3,1.1404016,0.65551966
2022-12-26,0.14899929100483988,5,1.118601,0.68009365
2023-01-03,-0.3145565146015487,10,1.1387033,0.761468
2023-01-18,-0.46632352734137744,21,1.1115607,0.7254759
2022-12-21,-0.18618042629259318,1,1.1314241,0.68505996
2022-12-23,-1.8431429391977137,3,1.1185962,0.66953516
2022-12-27,0.6731372647996005,5,1.1156446,0.6788224
2023-01-04,1.6672066053450063,10,1.1331284,0.7471772
2023-01-19,0.5062499655646323,21,1.110534,0.7339128
2022-12-22,1.185755544317831,1,1.1404016,0.6810371
2022-12-26,0.14899929100483988,3,1.118601,0.6622022
2022-12-28,-2.2692222372683966,5,1.1150813,0.6520494
2023-01-05,0.38357187956566263,10,1.1326165,0.7821897
2023-01-20,0.6248417000052169,21,1.0919924,0.70157224
2022-12-23,-1.8431429391977137,1,1.1185962,0.6797572
2022-12-27,0.6731372647996005,3,1.1156446,0.6460224
2022-12-29,-1.9505383997565722,5,1.1442403,0.64276934
2023-01-06,1.1118525763692895,10,1.113983,0.75300145
2023-01-25,1.3810846366688372,21,1.0972276,0.70149606
2022-12-26,0.14899929100483988,1,1.118601,0.7076898
2022-12-28,-2.2692222372683966,3,1.1150813,0.69319946
2023-01-02,-0.4809427720324877,5,1.1383554,0.6699656
2023-01-09,2.5957446770038417,10,1.1254647,0.7044607
2023-01-26,1.6368768045782536,21,1.1074692,0.69720554
2022-12-27,0.6731372647996005,1,1.1156446,0.76609844
2022-12-29,-1.9505383997565722,3,1.1442403,0.76642
2023-01-03,-0.3145565146015487,5,1.1387033,0.7199233
2023-01-10,0.04764935483114025,10,1.1251035,0.70462227
2023-01-27,0.6206820472155964,21,1.087534,0.78008586
2022-12-28,-2.2692222372683966,1,1.1150813,0.7274448
2023-01-02,-0.4809427720324877,3,1.1383554,0.742731
2023-01-04,1.6672066053450063,5,1.1331284,0.7027588
2023-01-11,0.3489814509605266,10,1.1134949,0.69345725
2023-01-30,-1.3598392493967024,21,1.1038122,0.7045576
2022-12-29,-1.9505383997565722,1,1.1442403,0.81222904
2023-01-03,-0.3145565146015487,3,1.1387033,0.8409766
2023-01-05,0.38357187956566263,5,1.1326165,0.7469031
2023-01-12,0.23578865605689067,10,1.110511,0.7431208
2023-01-31,-1.0415285185949466,21,1.112073,0.7080693
2023-01-02,-0.4809427720324877,1,1.1383554,0.9291648
2023-01-04,1.6672066053450063,3,1.1331284,0.8999343
2023-01-06,1.1118525763692895,5,1.113983,0.8172743
2023-01-13,0.8835734193834344,10,1.1078447,0.8604765
2023-02-01,1.0141862751469934,21,1.1145405,0.66584873
2023-01-03,-0.3145565146015487,1,1.1387033,0.9301258
2023-01-05,0.38357187956566263,3,1.1326165,0.8584318
2023-01-09,2.5957446770038417,5,1.1254647,0.76615936
2023-01-16,0.5754367248385356,10,1.1084222,0.9100754
2023-02-02,0.7758150539969374,21,1.1118879,0.7423792
2023-01-04,1.6672066053450063,1,1.1331284,0.7910807
2023-01-06,1.1118525763692895,3,1.113983,0.7116285
2023-01-10,0.04764935483114025,5,1.1251035,0.6951405
2023-01-17,-0.8566339916379607,10,1.1092819,0.83215725
2023-02-03,0.46552390795238835,21,1.1041983,0.7189008
2023-01-05,0.38357187956566263,1,1.1326165,0.73463076
2023-01-09,2.5957446770038417,3,1.1254647,0.6644503
2023-01-11,0.3489814509605266,5,1.1134949,0.6814384
2023-01-18,-0.46632352734137744,10,1.1115607,0.7712486
2023-02-06,-1.716386139984451,21,1.1195898,0.72323966
2023-01-06,1.1118525763692895,1,1.113983,0.70599884
2023-01-10,0.04764935483114025,3,1.1251035,0.69270676
2023-01-12,0.23578865605689067,5,1.110511,0.67045146
2023-01-19,0.5062499655646323,10,1.110534,0.7390793
2023-02-07,0.5529787624747148,21,1.1150174,0.7287867
2023-01-09,2.5957446770038417,1,1.1254647,0.696294
2023-01-11,0.3489814509605266,3,1.1134949,0.6753904
2023-01-13,0.8835734193834344,5,1.1078447,0.66644424
2023-01-20,0.6248417000052169,10,1.0919924,0.742532
2023-02-08,1.293945843288179,21,1.0424646,0.68673027
2023-01-10,0.04764935483114025,1,1.1251035,0.6923961
2023-01-12,0.23578865605689067,3,1.110511,0.66447085
2023-01-16,0.5754367248385356,5,1.1084222,0.6476726
2023-01-25,1.3810846366688372,10,1.0972276,0.7307008
2023-02-09,-0.08538992552939521,21,1.041555,0.69040453
2023-01-11,0.3489814509605266,1,1.1134949,0.679727
2023-01-13,0.8835734193834344,3,1.1078447,0.6475291
2023-01-17,-0.8566339916379607,5,1.1092819,0.6519756
2023-01-26,1.6368768045782536,10,1.1074692,0.72156656
2023-02-10,-0.47624585091274885,21,1.0429574,0.69069105
2023-01-12,0.23578865605689067,1,1.110511,0.6772087
2023-01-16,0.5754367248385356,3,1.1084222,0.6376164
2023-01-18,-0.46632352734137744,5,1.1115607,0.63957345
2023-01-27,0.6206820472155964,10,1.087534,0.74369293
2023-02-13,-0.691938635193208,21,1.04662,0.72060245
2023-01-13,0.8835734193834344,1,1.1078447,0.68613106
2023-01-17,-0.8566339916379607,3,1.1092819,0.67083055
2023-01-19,0.5062499655646323,5,1.110534,0.657369
2023-01-30,-1.3598392493967024,10,1.1038122,0.71328175
2023-02-14,0.5261926452397485,21,1.0328209,0.7172462
2023-01-16,0.5754367248385356,1,1.1084222,0.6815346
2023-01-18,-0.46632352734137744,3,1.1115607,0.69163805
2023-01-20,0.6248417000052169,5,1.0919924,0.6605921
2023-01-31,-1.0415285185949466,10,1.112073,0.72790945
2023-02-15,-1.542471915113291,21,1.0521814,0.7397761
2023-01-17,-0.8566339916379607,1,1.1092819,0.6923828
2023-01-19,0.5062499655646323,3,1.110534,0.70076907
2023-01-25,1.3810846366688372,5,1.0972276,0.675444
2023-02-01,1.0141862751469934,10,1.1145405,0.6953146
2023-02-16,1.9407662755785375,21,1.0731714,0.7149694
2023-01-18,-0.46632352734137744,1,1.1115607,0.6803084
2023-01-20,0.6248417000052169,3,1.0919924,0.66212285
2023-01-26,1.6368768045782536,5,1.1074692,0.6523287
2023-02-02,0.7758150539969374,10,1.1118879,0.7269089
2023-02-17,-0.985254446662497,21,1.0782945,0.7229613
2023-01-19,0.5062499655646323,1,1.110534,0.70634085
2023-01-25,1.3810846366688372,3,1.0972276,0.7139072
2023-01-27,0.6206820472155964,5,1.087534,0.690016
2023-02-03,0.46552390795238835,10,1.1041983,0.69556075
2023-02-20,0.15939233665814154,21,1.0764644,0.71103203
2023-01-20,0.6248417000052169,1,1.0919924,0.6943749
2023-01-26,1.6368768045782536,3,1.1074692,0.6970783
2023-01-30,-1.3598392493967024,5,1.1038122,0.66584384
2023-02-06,-1.716386139984451,10,1.1195898,0.7278951
2023-02-21,0.15627928200046318,21,1.0696188,0.7261189
2023-01-25,1.3810846366688372,1,1.0972276,0.69528806
2023-01-27,0.6206820472155964,3,1.087534,0.6784865
2023-01-31,-1.0415285185949466,5,1.112073,0.64291525
2023-02-07,0.5529787624747148,10,1.1150174,0.74524796
2023-02-22,-1.693010605835411,21,1.0919129,0.73653543
2023-01-26,1.6368768045782536,1,1.1074692,0.6926508
2023-01-30,-1.3598392493967024,3,1.1038122,0.6646707
2023-02-01,1.0141862751469934,5,1.1145405,0.63367844
2023-02-08,1.293945843288179,10,1.0424646,0.7508167
2023-02-23,0.8816680573668377,21,1.0862368,0.72670156
2023-01-27,0.6206820472155964,1,1.087534,0.69688225
2023-01-31,-1.0415285185949466,3,1.112073,0.6588188
2023-02-02,0.7758150539969374,5,1.1118879,0.6257056
2023-02-09,-0.08538992552939521,10,1.041555,0.7488454
2023-02-24,-0.636684645948675,21,1.0811763,0.72639894
2023-01-30,-1.3598392493967024,1,1.1038122,0.7004475
2023-02-01,1.0141862751469934,3,1.1145405,0.66545117
2023-02-03,0.46552390795238835,5,1.1041983,0.65190655
2023-02-10,-0.47624585091274885,10,1.0429574,0.74247515
2023-02-27,-0.8690120409418363,21,1.0659785,0.7361613
2023-01-31,-1.0415285185949466,1,1.112073,0.6952626
2023-02-02,0.7758150539969374,3,1.1118879,0.66610456
2023-02-06,-1.716386139984451,5,1.1195898,0.6631049
2023-02-13,-0.691938635193208,10,1.04662,0.7436046
2023-02-28,0.4240573814592212,21,1.0668106,0.7604206
2023-02-01,1.0141862751469934,1,1.1145405,0.6889602
2023-02-03,0.46552390795238835,3,1.1041983,0.6651313
2023-02-07,0.5529787624747148,5,1.1150174,0.676006
2023-02-14,0.5261926452397485,10,1.0328209,0.74617875
2023-03-02,0.6197470368147596,21,1.043333,0.7541068
2023-02-02,0.7758150539969374,1,1.1118879,0.67623824
2023-02-06,-1.716386139984451,3,1.1195898,0.6459197
2023-02-08,1.293945843288179,5,1.0424646,0.6849745
2023-02-15,-1.542471915113291,10,1.0521814,0.76041406
2023-03-03,0.17366424219179064,21,1.0404389,0.73224247
2023-02-03,0.46552390795238835,1,1.1041983,0.68845606
2023-02-07,0.5529787624747148,3,1.1150174,0.65096766
2023-02-09,-0.08538992552939521,5,1.041555,0.67354614
2023-02-16,1.9407662755785375,10,1.0731714,0.7180599
2023-03-06,1.248309673584745,21,1.0424283,0.6965511
2023-02-06,-1.716386139984451,1,1.1195898,0.6838796
2023-02-08,1.293945843288179,3,1.0424646,0.6400353
2023-02-10,-0.47624585091274885,5,1.0429574,0.66504884
2023-02-17,-0.985254446662497,10,1.0782945,0.75435233
2023-03-07,0.029638038488096645,21,1.0405184,0.7296398
2023-02-07,0.5529787624747148,1,1.1150174,0.6440007
2023-02-09,-0.08538992552939521,3,1.041555,0.6955254
2023-02-13,-0.691938635193208,5,1.04662,0.6699454
2023-02-20,0.15939233665814154,10,1.0764644,0.70713526
2023-03-08,-1.284533111301475,21,1.0525333,0.7524804
2023-02-08,1.293945843288179,1,1.0424646,0.6974859
2023-02-10,-0.47624585091274885,3,1.0429574,0.71793264
2023-02-14,0.5261926452397485,5,1.0328209,0.69118446
2023-02-21,0.15627928200046318,10,1.0696188,0.74461406
2023-03-09,-0.5285447974951307,21,1.0508478,0.73352623
2023-02-09,-0.08538992552939521,1,1.041555,0.70485675
2023-02-13,-0.691938635193208,3,1.04662,0.7083282
2023-02-15,-1.542471915113291,5,1.0521814,0.6846545
2023-02-22,-1.693010605835411,10,1.0919129,0.7509575
2023-03-10,-1.0179409791778153,21,1.0556426,0.74111575
2023-02-10,-0.47624585091274885,1,1.0429574,0.698705
2023-02-14,0.5261926452397485,3,1.0328209,0.6696185
2023-02-16,1.9407662755785375,5,1.0731714,0.671669
2023-02-23,0.8816680573668377,10,1.0862368,0.74703044
2023-03-13,0.6663656750377043,21,1.0589647,0.74212444
2023-02-13,-0.691938635193208,1,1.04662,0.69047236
2023-02-15,-1.542471915113291,3,1.0521814,0.6640021
2023-02-17,-0.985254446662497,5,1.0782945,0.6579053
2023-02-24,-0.636684645948675,10,1.0811763,0.7654636
2023-03-14,-2.5898797952367927,21,1.1013987,0.74122185
2023-02-14,0.5261926452397485,1,1.0328209,0.7027384
2023-02-16,1.9407662755785375,3,1.0731714,0.7212583
2023-02-20,0.15939233665814154,5,1.0764644,0.6918613
2023-02-27,-0.8690120409418363,10,1.0659785,0.7349131
2023-03-15,1.3005899661624818,21,1.0949862,0.7615322
2023-02-15,-1.542471915113291,1,1.0521814,0.6967934
2023-02-17,-0.985254446662497,3,1.0782945,0.68605506
2023-02-21,0.15627928200046318,5,1.0696188,0.6729482
2023-02-28,0.4240573814592212,10,1.0668106,0.74444443
2023-03-16,-0.07609077316507953,21,1.0950257,0.74182016
2023-02-16,1.9407662755785375,1,1.0731714,0.7714172
2023-02-20,0.15939233665814154,3,1.0764644,0.84041905
2023-02-22,-1.693010605835411,5,1.0919129,0.7460239
2023-03-02,0.6197470368147596,10,1.043333,0.7682555
2023-03-17,0.7449351459874458,21,1.098097,0.80435246
2023-02-17,-0.985254446662497,1,1.0782945,0.8212138
2023-02-21,0.15627928200046318,3,1.0696188,0.8679332
2023-02-23,0.8816680573668377,5,1.0862368,0.76849943
2023-03-03,0.17366424219179064,10,1.0404389,0.7704801
2023-03-20,-0.690698891992966,21,1.0967095,0.8164835
2023-02-20,0.15939233665814154,1,1.0764644,0.90771943
2023-02-22,-1.693010605835411,3,1.0919129,1.050902
2023-02-24,-0.636684645948675,5,1.0811763,0.91274196
2023-03-06,1.248309673584745,10,1.0424283,0.78169215
2023-03-21,0.38385156424863376,21,1.0972521,0.91852653
2023-02-21,0.15627928200046318,1,1.0696188,0.74379337
2023-02-23,0.8816680573668377,3,1.0862368,0.80858594
2023-02-27,-0.8690120409418363,5,1.0659785,0.74171734
2023-03-07,0.029638038488096645,10,1.0405184,0.7303655
2023-03-22,1.1907744137792253,21,1.097341,0.77981985
2023-02-22,-1.693010605835411,1,1.0919129,0.7000978
2023-02-24,-0.636684645948675,3,1.0811763,0.6916127
2023-02-28,0.4240573814592212,5,1.0668106,0.6805322
2023-03-08,-1.284533111301475,10,1.0525333,0.73787403
2023-03-23,0.310652436874927,21,1.069501,0.7293664
2023-02-23,0.8816680573668377,1,1.0862368,0.7574894
2023-02-27,-0.8690120409418363,3,1.0659785,0.76861215
2023-03-02,0.6197470368147596,5,1.043333,0.7054767
2023-03-09,-0.5285447974951307,10,1.0508478,0.7634468
2023-03-24,-0.39343527047125665,21,1.0711817,0.75029707
2023-02-24,-0.636684645948675,1,1.0811763,0.7788846
2023-02-28,0.4240573814592212,3,1.0668106,0.71010536
2023-03-03,0.17366424219179064,5,1.0404389,0.74767137
2023-03-10,-1.0179409791778153,10,1.0556426,0.82059354
2023-03-27,-0.2379676141620176,21,1.0689266,0.73175627
2023-02-27,-0.8690120409418363,1,1.0659785,0.8834895
2023-03-02,0.6197470368147596,3,1.043333,0.89371216
2023-03-06,1.248309673584745,5,1.0424283,0.8815025
2023-03-13,0.6663656750377043,10,1.0589647,0.8045102
2023-03-28,1.061906000661697,21,1.0321033,0.8036389
2023-02-28,0.4240573814592212,1,1.0668106,0.8663815
2023-03-03,0.17366424219179064,3,1.0404389,0.8273868
2023-03-07,0.029638038488096645,5,1.0405184,0.8270874
2023-03-14,-2.5898797952367927,10,1.1013987,0.759636
2023-03-29,0.36811840721484795,21,0.9964657,0.85949457
2023-03-02,0.6197470368147596,1,1.043333,0.9162321
2023-03-06,1.248309673584745,3,1.0424283,0.90720016
2023-03-08,-1.284533111301475,5,1.0525333,0.8277162
2023-03-15,1.3005899661624818,10,1.0949862,0.7963967
2023-03-30,0.3773677992968304,21,0.9934415,0.8667405
2023-03-03,0.17366424219179064,1,1.0404389,0.7607403
2023-03-07,0.029638038488096645,3,1.0405184,0.7964056
2023-03-09,-0.5285447974951307,5,1.0508478,0.7205021
2023-03-16,-0.07609077316507953,10,1.0950257,0.76902246
2023-03-31,0.9614718720975381,21,0.9967153,0.782535
2023-03-06,1.248309673584745,1,1.0424283,0.77602506
2023-03-08,-1.284533111301475,3,1.0525333,0.7883224
2023-03-10,-1.0179409791778153,5,1.0556426,0.79611564
2023-03-17,0.7449351459874458,10,1.098097,0.86749095
2023-04-03,-0.18265661559724436,21,0.9784852,0.75479764
2023-03-07,0.029638038488096645,1,1.0405184,0.7032502
2023-03-09,-0.5285447974951307,3,1.0508478,0.7542575
2023-03-13,0.6663656750377043,5,1.0589647,0.7380753
2023-03-20,-0.690698891992966,10,1.0967095,0.7850878
2023-04-04,0.32990819927882087,21,0.978295,0.7411041
2023-03-08,-1.284533111301475,1,1.0525333,0.76302606
2023-03-10,-1.0179409791778153,3,1.0556426,0.8140848
2023-03-14,-2.5898797952367927,5,1.1013987,0.8026301
2023-03-21,0.38385156424863376,10,1.0972521,0.77083635
2023-04-05,0.5908690210148726,21,0.9719202,0.7661592
2023-03-09,-0.5285447974951307,1,1.0508478,0.81930923
2023-03-13,0.6663656750377043,3,1.0589647,0.9219926
2023-03-15,1.3005899661624818,5,1.0949862,0.8382048
2023-03-22,1.1907744137792253,10,1.097341,0.7246938
2023-04-06,-1.452459346830222,21,0.93871504,0.8157196
2023-03-10,-1.0179409791778153,1,1.0556426,0.8893609
2023-03-14,-2.5898797952367927,3,1.1013987,0.98488915
2023-03-16,-0.07609077316507953,5,1.0950257,0.8959835
2023-03-23,0.310652436874927,10,1.069501,0.78110063
2023-04-07,1.2599035389877666,21,0.9510681,0.79181343
2023-03-13,0.6663656750377043,1,1.0589647,0.9131145
2023-03-15,1.3005899661624818,3,1.0949862,0.97133106
2023-03-17,0.7449351459874458,5,1.098097,0.9163828
2023-03-24,-0.39343527047125665,10,1.0711817,0.81789833
2023-04-10,0.8663806067546584,21,0.9557368,0.8422538
2023-03-14,-2.5898797952367927,1,1.1013987,0.8885491
2023-03-16,-0.07609077316507953,3,1.0950257,0.89085233
2023-03-20,-0.690698891992966,5,1.0967095,0.851598
2023-03-27,-0.2379676141620176,10,1.0689266,0.82357323
2023-04-11,1.4142706974717767,21,0.9704783,0.79347277
2023-03-15,1.3005899661624818,1,1.0949862,0.98958945
2023-03-17,0.7449351459874458,3,1.098097,0.8955527
2023-03-21,0.38385156424863376,5,1.0972521,0.8976352
2023-03-28,1.061906000661697,10,1.0321033,0.9833441
2023-04-12,0.10904326494813002,21,0.9653419,0.7965461
2023-03-16,-0.07609077316507953,1,1.0950257,1.2125258
2023-03-20,-0.690698891992966,3,1.0967095,1.0858765
2023-03-22,1.1907744137792253,5,1.097341,1.0186014
2023-03-29,0.36811840721484795,10,0.9964657,1.1163859
2023-04-13,0.43111855801605486,21,0.96434474,0.9291879
2023-03-17,0.7449351459874458,1,1.098097,0.94345355
2023-03-21,0.38385156424863376,3,1.0972521,0.8495184
2023-03-23,0.310652436874927,5,1.069501,0.870561
2023-03-30,0.3773677992968304,10,0.9934415,0.9545958
2023-04-14,0.3830042110066768,21,0.9565594,0.7871821
2023-03-20,-0.690698891992966,1,1.0967095,0.88398194
2023-03-22,1.1907744137792253,3,1.097341,0.84011126
2023-03-24,-0.39343527047125665,5,1.0711817,0.81502026
2023-03-31,0.9614718720975381,10,0.9967153,0.9320709
2023-04-17,0.17173419765890496,21,0.9533657,0.7604423
2023-03-21,0.38385156424863376,1,1.0972521,0.7369522
2023-03-23,0.310652436874927,3,1.069501,0.7173912
2023-03-27,-0.2379676141620176,5,1.0689266,0.70328
2023-04-03,-0.18265661559724436,10,0.9784852,0.7713062
2023-04-18,-0.18728679337859852,21,0.95305467,0.7297863
2023-03-22,1.1907744137792253,1,1.097341,0.6935888
2023-03-24,-0.39343527047125665,3,1.0711817,0.6718554
2023-03-28,1.061906000661697,5,1.0321033,0.6715523
2023-04-04,0.32990819927882087,10,0.978295,0.7392553
2023-04-19,0.15506642435721646,21,0.9508349,0.6903601
2023-03-23,0.310652436874927,1,1.069501,0.7432792
2023-03-27,-0.2379676141620176,3,1.0689266,0.7146627
2023-03-29,0.36811840721484795,5,0.9964657,0.693914
2023-04-05,0.5908690210148726,10,0.9719202,0.7385558
2023-04-20,-0.465922510647508,21,0.9391633,0.69622976
2023-03-24,-0.39343527047125665,1,1.0711817,0.7967985
2023-03-28,1.061906000661697,3,1.0321033,0.73795974
2023-03-30,0.3773677992968304,5,0.9934415,0.7284591
2023-04-06,-1.452459346830222,10,0.93871504,0.78553414
2023-04-21,-0.732657938499778,21,0.9226836,0.7234451
2023-03-27,-0.2379676141620176,1,1.0689266,0.78352576
2023-03-29,0.36811840721484795,3,0.9964657,0.77866095
2023-03-31,0.9614718720975381,5,0.9967153,0.7804951
2023-04-07,1.2599035389877666,10,0.9510681,0.67827153
2023-04-24,-0.8248000643475316,21,0.9264037,0.70909995
2023-03-28,1.061906000661697,1,1.0321033,0.7180101
2023-03-30,0.3773677992968304,3,0.9934415,0.7308147
2023-04-03,-0.18265661559724436,5,0.9784852,0.7060545
2023-04-10,0.8663806067546584,10,0.9557368,0.72829604
2023-04-25,-1.375776024248009,21,0.92681,0.75254714
2023-03-29,0.36811840721484795,1,0.9964657,0.69106996
2023-03-31,0.9614718720975381,3,0.9967153,0.7127227
2023-04-04,0.32990819927882087,5,0.978295,0.6865287
2023-04-11,1.4142706974717767,10,0.9704783,0.7277577
2023-04-26,-0.16847883692048848,21,0.9165624,0.7658183
2023-03-30,0.3773677992968304,1,0.9934415,0.6755165
2023-04-03,-0.18265661559724436,3,0.9784852,0.7332399
2023-04-05,0.5908690210148726,5,0.9719202,0.6826863
2023-04-12,0.10904326494813002,10,0.9653419,0.68712974
2023-04-27,0.4409071105250389,21,0.90919936,0.75529003
2023-03-31,0.9614718720975381,1,0.9967153,0.67619467
2023-04-04,0.32990819927882087,3,0.978295,0.7203988
2023-04-06,-1.452459346830222,5,0.93871504,0.68355495
2023-04-13,0.43111855801605486,10,0.96434474,0.69144905
2023-04-28,0.2289207098363887,21,0.90433437,0.7324789
2023-04-03,-0.18265661559724436,1,0.9784852,0.67379636
2023-04-05,0.5908690210148726,3,0.9719202,0.7002429
2023-04-07,1.2599035389877666,5,0.9510681,0.6607985
2023-04-14,0.3830042110066768,10,0.9565594,0.7209068
2023-05-02,0.9096850439046276,21,0.90982854,0.7171141
2023-04-04,0.32990819927882087,1,0.978295,0.67785424
2023-04-06,-1.452459346830222,3,0.93871504,0.66738325
2023-04-10,0.8663806067546584,5,0.9557368,0.63754576
2023-04-17,0.17173419765890496,10,0.9533657,0.7520465
2023-05-03,-0.9148870737124682,21,0.88941854,0.7362528
2023-04-05,0.5908690210148726,1,0.9719202,0.69188833
2023-04-07,1.2599035389877666,3,0.9510681,0.65860295
2023-04-11,1.4142706974717767,5,0.9704783,0.63096637
2023-04-18,-0.18728679337859852,10,0.95305467,0.7526586
2023-05-04,-0.018389831685303237,21,0.8869173,0.73099345
2023-04-06,-1.452459346830222,1,0.93871504,0.69288677
2023-04-10,0.8663806067546584,3,0.9557368,0.654699
2023-04-12,0.10904326494813002,5,0.9653419,0.6287847
2023-04-19,0.15506642435721646,10,0.9508349,0.75004506
2023-05-08,0.48941672116170204,21,0.87351304,0.72551584
2023-04-07,1.2599035389877666,1,0.9510681,0.6825877
2023-04-11,1.4142706974717767,3,0.9704783,0.65719795
2023-04-13,0.43111855801605486,5,0.96434474,0.628619
2023-04-20,-0.465922510647508,10,0.9391633,0.7405057
2023-05-09,-0.125412440277234,21,0.87360996,0.7351334
2023-04-10,0.8663806067546584,1,0.9557368,0.7419101
2023-04-12,0.10904326494813002,3,0.9653419,0.7081918
2023-04-14,0.3830042110066768,5,0.9565594,0.6786107
2023-04-21,-0.732657938499778,10,0.9226836,0.7663058
2023-05-10,-0.5412920113956448,21,0.8742751,0.7769119
2023-04-11,1.4142706974717767,1,0.9704783,0.69579035
2023-04-13,0.43111855801605486,3,0.96434474,0.64670104
2023-04-17,0.17173419765890496,5,0.9533657,0.6603279
2023-04-24,-0.8248000643475316,10,0.9264037,0.7601795
2023-05-11,-0.2209524190022813,21,0.8698965,0.7297481
2023-04-12,0.10904326494813002,1,0.9653419,0.68818104
2023-04-14,0.3830042110066768,3,0.9565594,0.65638834
2023-04-18,-0.18728679337859852,5,0.95305467,0.6790056
2023-04-25,-1.375776024248009,10,0.92681,0.7489333
2023-05-12,-0.6274189246896201,21,0.8713972,0.7330553
2023-04-13,0.43111855801605486,1,0.96434474,0.7139817
2023-04-17,0.17173419765890496,3,0.9533657,0.6421816
2023-04-19,0.15506642435721646,5,0.9508349,0.67674524
2023-04-26,-0.16847883692048848,10,0.9165624,0.7753465
2023-05-15,0.15864214040306882,21,0.84748805,0.74622345
2023-04-14,0.3830042110066768,1,0.9565594,0.6795719
2023-04-18,-0.18728679337859852,3,0.95305467,0.6644422
2023-04-20,-0.465922510647508,5,0.9391633,0.6587583
2023-04-27,0.4409071105250389,10,0.90919936,0.74242777
2023-05-16,0.035885731357021486,21,0.80972177,0.74841505
2023-04-17,0.17173419765890496,1,0.9533657,0.6778768
2023-04-19,0.15506642435721646,3,0.9508349,0.7036112
2023-04-21,-0.732657938499778,5,0.9226836,0.66298616
2023-04-28,0.2289207098363887,10,0.90433437,0.7490735
2023-05-17,0.5797086390191872,21,0.8025152,0.7753991
2023-04-18,-0.18728679337859852,1,0.95305467,0.7043938
2023-04-20,-0.465922510647508,3,0.9391633,0.6648118
2023-04-24,-0.8248000643475316,5,0.9264037,0.66824824
2023-05-02,0.9096850439046276,10,0.90982854,0.7719771
2023-05-18,0.8279385666629427,21,0.80896753,0.7264881
2023-04-19,0.15506642435721646,1,0.9508349,0.6995732
2023-04-21,-0.732657938499778,3,0.9226836,0.7176672
2023-04-25,-1.375776024248009,5,0.92681,0.6779534
2023-05-03,-0.9148870737124682,10,0.88941854,0.7326321
2023-05-19,0.8861841136836958,21,0.816195,0.76358414
2023-04-20,-0.465922510647508,1,0.9391633,0.6978563
2023-04-24,-0.8248000643475316,3,0.9264037,0.7003366
2023-04-26,-0.16847883692048848,5,0.9165624,0.6709707
2023-05-04,-0.018389831685303237,10,0.8869173,0.7455937
2023-05-22,0.7572374091711843,21,0.7881927,0.7731682
2023-04-21,-0.732657938499778,1,0.9226836,0.70901483
2023-04-25,-1.375776024248009,3,0.92681,0.72615296
2023-04-27,0.4409071105250389,5,0.90919936,0.6801594
2023-05-08,0.48941672116170204,10,0.87351304,0.75933063
2023-05-23,0.4086142808927485,21,0.78251994,0.79894376
2023-04-24,-0.8248000643475316,1,0.9264037,0.7337607
2023-04-26,-0.16847883692048848,3,0.9165624,0.74425435
2023-04-28,0.2289207098363887,5,0.90433437,0.711706
2023-05-09,-0.125412440277234,10,0.87360996,0.7598189
2023-05-24,-0.003898642892415358,21,0.7768648,0.81710625
2023-04-25,-1.375776024248009,1,0.92681,0.6464286
2023-04-27,0.4409071105250389,3,0.90919936,0.73455256
2023-05-02,0.9096850439046276,5,0.90982854,0.6947189
2023-05-10,-0.5412920113956448,10,0.8742751,0.7135748
2023-05-25,-0.49823067814494987,21,0.7705063,0.76807547
2023-04-26,-0.16847883692048848,1,0.9165624,0.70119435
2023-04-28,0.2289207098363887,3,0.90433437,0.7811452
2023-05-03,-0.9148870737124682,5,0.88941854,0.6980315
2023-05-11,-0.2209524190022813,10,0.8698965,0.7150577
2023-05-26,0.16114669322782255,21,0.76939213,0.812314
2023-04-27,0.4409071105250389,1,0.90919936,0.74626255
2023-05-02,0.9096850439046276,3,0.90982854,0.7887316
2023-05-04,-0.018389831685303237,5,0.8869173,0.7317828
2023-05-12,-0.6274189246896201,10,0.8713972,0.7237931
2023-05-30,1.0384326259049304,21,0.776075,0.8026199
2023-04-28,0.2289207098363887,1,0.90433437,0.6892359
2023-05-03,-0.9148870737124682,3,0.88941854,0.68583494
2023-05-08,0.48941672116170204,5,0.87351304,0.6763022
2023-05-15,0.15864214040306882,10,0.84748805,0.75775564
2023-05-31,-0.32541139934970603,21,0.7779973,0.72871965
2023-05-02,0.9096850439046276,1,0.90982854,0.6867579
2023-05-04,-0.018389831685303237,3,0.8869173,0.697674
2023-05-09,-0.125412440277234,5,0.87360996,0.6858497
2023-05-16,0.035885731357021486,10,0.80972177,0.7605244
2023-06-01,-0.30896826943783506,21,0.7647863,0.70392555
2023-05-03,-0.9148870737124682,1,0.88941854,0.66866064
2023-05-08,0.48941672116170204,3,0.87351304,0.6324794
2023-05-10,-0.5412920113956448,5,0.8742751,0.6374854
2023-05-17,0.5797086390191872,10,0.8025152,0.7404304
2023-06-02,1.2451567349847914,21,0.7796379,0.70319664
2023-05-04,-0.018389831685303237,1,0.8869173,0.6508368
2023-05-09,-0.125412440277234,3,0.87360996,0.6506126
2023-05-11,-0.2209524190022813,5,0.8698965,0.68601143
2023-05-18,0.8279385666629427,10,0.80896753,0.763893
2023-06-05,0.5386412896990652,21,0.76041585,0.72104293
2023-05-08,0.48941672116170204,1,0.87351304,0.6713688
2023-05-10,-0.5412920113956448,3,0.8742751,0.6541714
2023-05-12,-0.6274189246896201,5,0.8713972,0.6869476
2023-05-19,0.8861841136836958,10,0.816195,0.749519
2023-06-07,0.007271465610043874,21,0.7557877,0.76030177
2023-05-09,-0.125412440277234,1,0.87360996,0.70789963
2023-05-11,-0.2209524190022813,3,0.8698965,0.6747955
2023-05-15,0.15864214040306882,5,0.84748805,0.70085543
2023-05-22,0.7572374091711843,10,0.7881927,0.75515026
2023-06-08,-0.18176778234965996,21,0.741839,0.7394009
2023-05-10,-0.5412920113956448,1,0.8742751,0.70775706
2023-05-12,-0.6274189246896201,3,0.8713972,0.7196249
2023-05-16,0.035885731357021486,5,0.80972177,0.70786935
2023-05-23,0.4086142808927485,10,0.78251994,0.7578005
2023-06-09,1.1542305097521695,21,0.7502859,0.7724433
2023-05-11,-0.2209524190022813,1,0.8698965,0.69959813
2023-05-15,0.15864214040306882,3,0.84748805,0.77491355
2023-05-17,0.5797086390191872,5,0.8025152,0.75038564
2023-05-24,-0.003898642892415358,10,0.7768648,0.7672402
2023-06-12,-0.44814768197267907,21,0.66354996,0.7953371
2023-05-12,-0.6274189246896201,1,0.8713972,0.7265581
2023-05-16,0.035885731357021486,3,0.80972177,0.86355746
2023-05-18,0.8279385666629427,5,0.80896753,0.82907677
2023-05-25,-0.49823067814494987,10,0.7705063,0.67719966
2023-06-13,0.3265377357418858,21,0.64759016,0.72665155
2023-05-15,0.15864214040306882,1,0.84748805,0.7520639
2023-05-17,0.5797086390191872,3,0.8025152,0.9024108
2023-05-19,0.8861841136836958,5,0.816195,0.8060221
2023-05-26,0.16114669322782255,10,0.76939213,0.62849975
2023-06-14,-0.7178940954621282,21,0.65698487,0.7348383
2023-05-16,0.035885731357021486,1,0.80972177,0.7445716
2023-05-18,0.8279385666629427,3,0.80896753,0.92251223
2023-05-22,0.7572374091711843,5,0.7881927,0.7539802
2023-05-30,1.0384326259049304,10,0.776075,0.57020617
2023-06-15,-0.40324480771489357,21,0.6564096,0.69792587
2023-05-17,0.5797086390191872,1,0.8025152,0.7600246
2023-05-19,0.8861841136836958,3,0.816195,0.86752045
2023-05-23,0.4086142808927485,5,0.78251994,0.71336955
2023-05-31,-0.32541139934970603,10,0.7779973,0.5825006
2023-06-16,0.6591125202921165,21,0.650496,0.70198923
2023-05-18,0.8279385666629427,1,0.80896753,0.7320729
2023-05-22,0.7572374091711843,3,0.7881927,0.7429308
2023-05-24,-0.003898642892415358,5,0.7768648,0.68474317
2023-06-01,-0.30896826943783506,10,0.7647863,0.67020327
2023-06-19,-0.6223185922599829,21,0.6576715,0.70988214
2023-05-19,0.8861841136836958,1,0.816195,0.7324049
2023-05-23,0.4086142808927485,3,0.78251994,0.6747038
2023-05-25,-0.49823067814494987,5,0.7705063,0.68859506
2023-06-02,1.2451567349847914,10,0.7796379,0.7444214
2023-06-20,-0.17605401775367102,21,0.6444648,0.72196096
2023-05-22,0.7572374091711843,1,0.7881927,0.71430975
2023-05-24,-0.003898642892415358,3,0.7768648,0.64733696
2023-05-26,0.16114669322782255,5,0.76939213,0.6507279
2023-06-05,0.5386412896990652,10,0.76041585,0.75420463
2023-06-21,-0.8589877735377631,21,0.65632886,0.7253616
2023-05-23,0.4086142808927485,1,0.78251994,0.6926482
2023-05-25,-0.49823067814494987,3,0.7705063,0.66452336
2023-05-30,1.0384326259049304,5,0.776075,0.64600736
2023-06-07,0.007271465610043874,10,0.7557877,0.73757786
2023-06-22,0.4277194688551023,21,0.65431076,0.7215774
2023-05-24,-0.003898642892415358,1,0.7768648,0.6890771
2023-05-26,0.16114669322782255,3,0.76939213,0.65622425
2023-05-31,-0.32541139934970603,5,0.7779973,0.6619713
2023-06-08,-0.18176778234965996,10,0.741839,0.7425532
2023-06-23,-0.9140562223934995,21,0.6662747,0.7100286
2023-05-25,-0.49823067814494987,1,0.7705063,0.68022853
2023-05-30,1.0384326259049304,3,0.776075,0.67478603
2023-06-01,-0.30896826943783506,5,0.7647863,0.6531447
2023-06-09,1.1542305097521695,10,0.7502859,0.74294394
2023-06-26,0.46968831959430013,21,0.65621054,0.7191437
2023-05-26,0.16114669322782255,1,0.76939213,0.6723041
2023-05-31,-0.32541139934970603,3,0.7779973,0.703459
2023-06-02,1.2451567349847914,5,0.7796379,0.6721129
2023-06-12,-0.44814768197267907,10,0.66354996,0.719284
2023-06-27,-0.031375791838928996,21,0.65544826,0.7188341
2023-05-30,1.0384326259049304,1,0.776075,0.68037766
2023-06-01,-0.30896826943783506,3,0.7647863,0.70769686
2023-06-05,0.5386412896990652,5,0.76041585,0.6803624
2023-06-13,0.3265377357418858,10,0.64759016,0.7296957
2023-06-28,-0.6685355504316711,21,0.661588,0.7020355
2023-05-31,-0.32541139934970603,1,0.7779973,0.6982859
2023-06-02,1.2451567349847914,3,0.7796379,0.7169675
2023-06-07,0.007271465610043874,5,0.7557877,0.71314657
2023-06-14,-0.7178940954621282,10,0.65698487,0.66514623
2023-06-29,-0.5541406490183499,21,0.65603083,0.6517752
2023-06-01,-0.30896826943783506,1,0.7647863,0.732203
2023-06-05,0.5386412896990652,3,0.76041585,0.75107676
2023-06-08,-0.18176778234965996,5,0.741839,0.7649009
2023-06-15,-0.40324480771489357,10,0.6564096,0.64014906
2023-06-30,0.5576538953139986,21,0.65856624,0.6262027
2023-06-02,1.2451567349847914,1,0.7796379,0.72660124
2023-06-07,0.007271465610043874,3,0.7557877,0.7276244
2023-06-09,1.1542305097521695,5,0.7502859,0.72761714
2023-06-16,0.6591125202921165,10,0.650496,0.66423494
2023-07-03,1.478323391646422,21,0.68276244,0.64914936
2023-06-05,0.5386412896990652,1,0.76041585,0.70827377
2023-06-08,-0.18176778234965996,3,0.741839,0.6772998
2023-06-12,-0.44814768197267907,5,0.66354996,0.69110554
2023-06-19,-0.6223185922599829,10,0.6576715,0.72917366
2023-07-04,-0.35259081590885816,21,0.6816606,0.6995852
2023-06-07,0.007271465610043874,1,0.7557877,0.711812
2023-06-09,1.1542305097521695,3,0.7502859,0.6286789
2023-06-13,0.3265377357418858,5,0.64759016,0.6510982
2023-06-20,-0.17605401775367102,10,0.6444648,0.7830789
2023-07-05,-0.5533347747393793,21,0.65719616,0.72620803
2023-06-08,-0.18176778234965996,1,0.741839,0.7019847
2023-06-12,-0.44814768197267907,3,0.66354996,0.6371261
2023-06-14,-0.7178940954621282,5,0.65698487,0.65715027
2023-06-21,-0.8589877735377631,10,0.65632886,0.766858
2023-07-06,-0.884472300996557,21,0.6501722,0.72412854
2023-06-09,1.1542305097521695,1,0.7502859,0.7039218
2023-06-13,0.3265377357418858,3,0.64759016,0.6434463
2023-06-15,-0.40324480771489357,5,0.6564096,0.6572307
2023-06-22,0.4277194688551023,10,0.65431076,0.75854445
2023-07-07,-1.1638958114186835,21,0.65938777,0.7176777
2023-06-12,-0.44814768197267907,1,0.66354996,0.6970515
2023-06-14,-0.7178940954621282,3,0.65698487,0.6580611
2023-06-16,0.6591125202921165,5,0.650496,0.65068704
2023-06-23,-0.9140562223934995,10,0.6662747,0.7474896
2023-07-10,-0.23814244179089875,21,0.6337375,0.7130003
2023-06-13,0.3265377357418858,1,0.64759016,0.73044074
2023-06-15,-0.40324480771489357,3,0.6564096,0.68598163
2023-06-19,-0.6223185922599829,5,0.6576715,0.6695059
2023-06-26,0.46968831959430013,10,0.65621054,0.75170666
2023-07-11,1.6442816849750856,21,0.66896206,0.7189834
2023-06-14,-0.7178940954621282,1,0.65698487,0.7218951
2023-06-16,0.6591125202921165,3,0.650496,0.69320214
2023-06-20,-0.17605401775367102,5,0.6444648,0.67118126
2023-06-27,-0.031375791838928996,10,0.65544826,0.73608536
2023-07-12,0.4761340753669955,21,0.66947,0.7376666
2023-06-15,-0.40324480771489357,1,0.6564096,0.7164479
2023-06-19,-0.6223185922599829,3,0.6576715,0.7062177
2023-06-21,-0.8589877735377631,5,0.65632886,0.6767997
2023-06-28,-0.6685355504316711,10,0.661588,0.73768455
2023-07-13,0.639187995737325,21,0.6727083,0.75613034
2023-06-16,0.6591125202921165,1,0.650496,0.8266631
2023-06-20,-0.17605401775367102,3,0.6444648,0.81678617
2023-06-22,0.4277194688551023,5,0.65431076,0.7604587
2023-06-29,-0.5541406490183499,10,0.65603083,0.79911715
2023-07-14,1.4204609018185679,21,0.69660246,0.7834667
2023-06-19,-0.6223185922599829,1,0.6576715,0.84014666
2023-06-21,-0.8589877735377631,3,0.65632886,0.76016676
2023-06-23,-0.9140562223934995,5,0.6662747,0.74547076
2023-06-30,0.5576538953139986,10,0.65856624,0.84001267
2023-07-17,-0.3544702410551294,21,0.6978341,0.77530676
2023-06-20,-0.17605401775367102,1,0.6444648,0.93527436
2023-06-22,0.4277194688551023,3,0.65431076,0.8169318
2023-06-26,0.46968831959430013,5,0.65621054,0.78422534
2023-07-03,1.478323391646422,10,0.68276244,1.0064821
2023-07-18,-0.43545926583170763,21,0.70021164,0.7536537
2023-06-21,-0.8589877735377631,1,0.65632886,0.86323583
2023-06-23,-0.9140562223934995,3,0.6662747,0.7655594
2023-06-27,-0.031375791838928996,5,0.65544826,0.7456447
2023-07-04,-0.35259081590885816,10,0.6816606,0.9398494
2023-07-19,0.02376877588842606,21,0.6972886,0.7275993
2023-06-22,0.4277194688551023,1,0.65431076,1.0059935
2023-06-26,0.46968831959430013,3,0.65621054,0.9127803
2023-06-28,-0.6685355504316711,5,0.661588,0.8570478
2023-07-05,-0.5533347747393793,10,0.65719616,1.0466827
2023-07-20,-0.30757654840900495,21,0.69155365,0.8174899
2023-06-23,-0.9140562223934995,1,0.6662747,1.1175852
2023-06-27,-0.031375791838928996,3,0.65544826,1.2812634
2023-06-29,-0.5541406490183499,5,0.65603083,0.92998034
2023-07-06,-0.884472300996557,10,0.6501722,0.9099154
2023-07-21,0.3658371683494139,21,0.68346465,0.9791851
2023-06-26,0.46968831959430013,1,0.65621054,1.2401276
2023-06-28,-0.6685355504316711,3,0.661588,1.4612432
2023-06-30,0.5576538953139986,5,0.65856624,0.9725205
2023-07-07,-1.1638958114186835,10,0.65938777,0.9700146
2023-07-24,0.7166498886037554,21,0.66222197,1.0572776
2023-06-27,-0.031375791838928996,1,0.65544826,1.3388036
2023-06-29,-0.5541406490183499,3,0.65603083,1.6176597
2023-07-03,1.478323391646422,5,0.68276244,1.0041342
2023-07-10,-0.23814244179089875,10,0.6337375,1.0535555
2023-07-25,0.3012327716391037,21,0.6618801,1.1042651
2023-06-28,-0.6685355504316711,1,0.661588,1.036645
2023-06-30,0.5576538953139986,3,0.65856624,1.2276942
2023-07-04,-0.35259081590885816,5,0.6816606,0.8664124
2023-07-11,1.6442816849750856,10,0.66896206,0.86241764
2023-07-26,-1.6868394255357644,21,0.6991849,0.96571076
2023-06-29,-0.5541406490183499,1,0.65603083,1.2370789
2023-07-03,1.478323391646422,3,0.68276244,1.3706814
2023-07-05,-0.5533347747393793,5,0.65719616,1.0686396
2023-07-12,0.4761340753669955,10,0.66947,0.99968535
2023-07-27,0.4407080344997717,21,0.7005686,1.0166398
2023-06-30,0.5576538953139986,1,0.65856624,1.1230173
2023-07-04,-0.35259081590885816,3,0.6816606,1.1421912
2023-07-06,-0.884472300996557,5,0.6501722,1.0320318
2023-07-13,0.639187995737325,10,0.6727083,0.9929139
2023-07-28,0.17305826145415854,21,0.6919484,0.8877846
2023-07-03,1.478323391646422,1,0.68276244,1.0300926
2023-07-05,-0.5533347747393793,3,0.65719616,1.0485348
2023-07-07,-1.1638958114186835,5,0.65938777,1.0170908
2023-07-14,1.4204609018185679,10,0.69660246,0.904565
2023-07-31,0.9258021472023221,21,0.689039,0.8567689
2023-07-04,-0.35259081590885816,1,0.6816606,0.7801416
2023-07-06,-0.884472300996557,3,0.6501722,0.7387059
2023-07-10,-0.23814244179089875,5,0.6337375,0.718785
2023-07-17,-0.3544702410551294,10,0.6978341,0.7977709
2023-08-01,1.3016133601307232,21,0.7065268,0.71500903
2023-07-05,-0.5533347747393793,1,0.65719616,0.8068019
2023-07-07,-1.1638958114186835,3,0.65938777,0.7880731
2023-07-11,1.6442816849750856,5,0.66896206,0.868008
2023-07-18,-0.43545926583170763,10,0.70021164,0.8173633
2023-08-02,-1.9154447336644707,21,0.75127226,0.77879655
2023-07-06,-0.884472300996557,1,0.6501722,1.01395
2023-07-10,-0.23814244179089875,3,0.6337375,0.92481303
2023-07-12,0.4761340753669955,5,0.66947,1.0090678
2023-07-19,0.02376877588842606,10,0.6972886,1.0933291
2023-08-03,-0.42437350077505903,21,0.7535587,0.8753643
2023-07-07,-1.1638958114186835,1,0.65938777,1.165445
2023-07-11,1.6442816849750856,3,0.66896206,1.0526841
2023-07-13,0.639187995737325,5,0.6727083,0.9954842
2023-07-20,-0.30757654840900495,10,0.69155365,1.2907355
2023-08-04,-0.09945274625546466,21,0.74971104,0.88736033
2023-07-10,-0.23814244179089875,1,0.6337375,1.3105544
2023-07-12,0.4761340753669955,3,0.66947,1.2740108
2023-07-14,1.4204609018185679,5,0.69660246,1.0763313
2023-07-21,0.3658371683494139,10,0.68346465,1.3182381
2023-08-07,-0.8523267661767644,21,0.7582392,0.9126659
2023-07-11,1.6442816849750856,1,0.66896206,1.34303
2023-07-13,0.639187995737325,3,0.6727083,1.3870071
2023-07-17,-0.3544702410551294,5,0.6978341,1.1148399
2023-07-24,0.7166498886037554,10,0.66222197,1.2652043
2023-08-08,-0.26112081887481753,21,0.7540823,0.9843221
2023-07-12,0.4761340753669955,1,0.66947,1.0978909
2023-07-14,1.4204609018185679,3,0.69660246,1.1486604
2023-07-18,-0.43545926583170763,5,0.70021164,0.95929515
2023-07-25,0.3012327716391037,10,0.6618801,1.0193081
2023-08-09,1.202545283898613,21,0.7681885,0.90059566
2023-07-13,0.639187995737325,1,0.6727083,1.1943557
2023-07-17,-0.3544702410551294,3,0.6978341,1.1834278
2023-07-19,0.02376877588842606,5,0.6972886,1.0270722
2023-07-26,-1.6868394255357644,10,0.6991849,1.0546453
2023-08-10,-0.13674967650594108,21,0.76868904,0.94324636
2023-07-14,1.4204609018185679,1,0.69660246,0.90394425
2023-07-18,-0.43545926583170763,3,0.70021164,0.8848257
2023-07-20,-0.30757654840900495,5,0.69155365,0.9114106
2023-07-27,0.4407080344997717,10,0.7005686,0.8325356
2023-08-11,-0.3967039951522845,21,0.7682574,0.8066217
2023-07-17,-0.3544702410551294,1,0.6978341,0.84703994
2023-07-19,0.02376877588842606,3,0.6972886,0.8068907
2023-07-21,0.3658371683494139,5,0.68346465,0.8986477
2023-07-28,0.17305826145415854,10,0.6919484,0.83552516
2023-08-14,-0.7899839065142668,21,0.7693581,0.6875985
2023-07-18,-0.43545926583170763,1,0.70021164,0.7908247
2023-07-20,-0.30757654840900495,3,0.69155365,0.7055816
2023-07-24,0.7166498886037554,5,0.66222197,0.7877054
2023-07-31,0.9258021472023221,10,0.689039,0.81916946
2023-08-16,-1.7749955180875843,21,0.7957892,0.66690505
2023-07-19,0.02376877588842606,1,0.6972886,0.8092829
2023-07-21,0.3658371683494139,3,0.68346465,0.72912496
2023-07-25,0.3012327716391037,5,0.6618801,0.86133647
2023-08-01,1.3016133601307232,10,0.7065268,0.8283012
2023-08-17,-0.22950387274244424,21,0.7898809,0.7235739
2023-07-20,-0.30757654840900495,1,0.69155365,0.78475916
2023-07-24,0.7166498886037554,3,0.66222197,0.7568541
2023-07-26,-1.6868394255357644,5,0.6991849,0.757444
2023-08-02,-1.9154447336644707,10,0.75127226,0.7462109
2023-08-18,-0.6110300881447659,21,0.79137313,0.77159715
2023-07-21,0.3658371683494139,1,0.68346465,0.7338946
2023-07-25,0.3012327716391037,3,0.6618801,0.7054365
2023-07-27,0.4407080344997717,5,0.7005686,0.7083998
2023-08-03,-0.42437350077505903,10,0.7535587,0.7355602
2023-08-21,0.17154568211581092,21,0.79183817,0.75198174
2023-07-24,0.7166498886037554,1,0.66222197,0.71796256
2023-07-26,-1.6868394255357644,3,0.6991849,0.7071714
2023-07-28,0.17305826145415854,5,0.6919484,0.6478276
2023-08-04,-0.09945274625546466,10,0.74971104,0.7889221
2023-08-22,0.27624203471364744,21,0.79052854,0.7219369
2023-07-25,0.3012327716391037,1,0.6618801,0.72344023
2023-07-27,0.4407080344997717,3,0.7005686,0.6473986
2023-07-31,0.9258021472023221,5,0.689039,0.6392615
2023-08-07,-0.8523267661767644,10,0.7582392,0.8388449
2023-08-23,-0.40786755661869395,21,0.79166245,0.7134856
2023-07-26,-1.6868394255357644,1,0.6991849,0.67303115
2023-07-28,0.17305826145415854,3,0.6919484,0.66947114
2023-08-01,1.3016133601307232,5,0.7065268,0.6445476
2023-08-08,-0.26112081887481753,10,0.7540823,0.76150113
2023-08-24,1.2761935457273534,21,0.79769915,0.71227014
2023-07-27,0.4407080344997717,1,0.7005686,0.7028311
2023-07-31,0.9258021472023221,3,0.689039,0.69910973
2023-08-02,-1.9154447336644707,5,0.75127226,0.66962194
2023-08-09,1.202545283898613,10,0.7681885,0.7643652
2023-08-25,-0.73327200809398,21,0.8019758,0.7321489
2023-07-28,0.17305826145415854,1,0.6919484,0.73031044
2023-08-01,1.3016133601307232,3,0.7065268,0.7290863
2023-08-03,-0.42437350077505903,5,0.7535587,0.6860239
2023-08-10,-0.13674967650594108,10,0.76868904,0.74546176
2023-08-28,0.9588134991495934,21,0.81135976,0.72008353
2023-07-31,0.9258021472023221,1,0.689039,0.7114273
2023-08-02,-1.9154447336644707,3,0.75127226,0.7075275
2023-08-04,-0.09945274625546466,5,0.74971104,0.6654073
2023-08-11,-0.3967039951522845,10,0.7682574,0.71362936
2023-08-29,0.34343592187873223,21,0.7957905,0.69475657
2023-08-01,1.3016133601307232,1,0.7065268,0.7250463
2023-08-03,-0.42437350077505903,3,0.7535587,0.7042183
2023-08-07,-0.8523267661767644,5,0.7582392,0.67174166
2023-08-14,-0.7899839065142668,10,0.7693581,0.73572886
2023-08-30,0.3543671028727702,21,0.7939049,0.7155336
2023-08-02,-1.9154447336644707,1,0.75127226,0.73033696
2023-08-04,-0.09945274625546466,3,0.74971104,0.6758729
2023-08-08,-0.26112081887481753,5,0.7540823,0.67156374
2023-08-16,-1.7749955180875843,10,0.7957892,0.73742104
2023-08-31,-0.19345236532120014,21,0.7941471,0.7184029
2023-08-03,-0.42437350077505903,1,0.7535587,0.92629373
2023-08-07,-0.8523267661767644,3,0.7582392,0.87569207
2023-08-09,1.202545283898613,5,0.7681885,0.73668236
2023-08-17,-0.22950387274244424,10,0.7898809,0.9163976
2023-09-01,0.2906240520960808,21,0.7950412,0.8238406
2023-08-04,-0.09945274625546466,1,0.74971104,1.0213205
2023-08-08,-0.26112081887481753,3,0.7540823,0.9612101
2023-08-10,-0.13674967650594108,5,0.76868904,0.77591765
2023-08-18,-0.6110300881447659,10,0.79137313,1.1310441
2023-09-04,0.8096017560160061,21,0.7875475,0.7859905
2023-08-07,-0.8523267661767644,1,0.7582392,0.7942902
2023-08-09,1.202545283898613,3,0.7681885,0.71858597
2023-08-11,-0.3967039951522845,5,0.7682574,0.69114196
2023-08-21,0.17154568211581092,10,0.79183817,0.85128164
2023-09-05,-0.0917453539359604,21,0.78572905,0.73453236
2023-08-08,-0.26112081887481753,1,0.7540823,0.7664174
2023-08-10,-0.13674967650594108,3,0.76868904,0.76737046
2023-08-14,-0.7899839065142668,5,0.7693581,0.683298
2023-08-22,0.27624203471364744,10,0.79052854,0.873437
2023-09-06,-0.7322847007701042,21,0.7894632,0.71172374
2023-08-09,1.202545283898613,1,0.7681885,0.6951418
2023-08-11,-0.3967039951522845,3,0.7682574,0.6950068
2023-08-16,-1.7749955180875843,5,0.7957892,0.6593261
2023-08-23,-0.40786755661869395,10,0.79166245,0.7937886
2023-09-07,-0.590035276112998,21,0.78779465,0.72794056
2023-08-10,-0.13674967650594108,1,0.76868904,0.6800073
2023-08-14,-0.7899839065142668,3,0.7693581,0.6932009
2023-08-17,-0.22950387274244424,5,0.7898809,0.6429264
2023-08-24,1.2761935457273534,10,0.79769915,0.78257555
2023-09-08,-0.022766285873662508,21,0.7863978,0.71514183
2023-08-11,-0.3967039951522845,1,0.7682574,0.65335464
2023-08-16,-1.7749955180875843,3,0.7957892,0.6344619
2023-08-18,-0.6110300881447659,5,0.79137313,0.62017196
2023-08-25,-0.73327200809398,10,0.8019758,0.7377398
2023-09-11,0.3604605085518783,21,0.78283906,0.69292206
2023-08-14,-0.7899839065142668,1,0.7693581,0.6547412
2023-08-17,-0.22950387274244424,3,0.7898809,0.64731634
2023-08-21,0.17154568211581092,5,0.79183817,0.6323804
2023-08-28,0.9588134991495934,10,0.81135976,0.7344738
2023-09-12,-0.7970971529931875,21,0.7853474,0.71119916
2023-08-16,-1.7749955180875843,1,0.7957892,0.7147507
2023-08-18,-0.6110300881447659,3,0.79137313,0.7188175
2023-08-22,0.27624203471364744,5,0.79052854,0.6732602
2023-08-29,0.34343592187873223,10,0.7957905,0.74449754
2023-09-13,-0.07414802686514835,21,0.78517425,0.75534636
2023-08-17,-0.22950387274244424,1,0.7898809,0.8837736
2023-08-21,0.17154568211581092,3,0.79183817,0.944178
2023-08-23,-0.40786755661869395,5,0.79166245,0.7804587
2023-08-30,0.3543671028727702,10,0.7939049,0.8084991
2023-09-14,1.4954471401611094,21,0.8024746,0.8537115
2023-08-18,-0.6110300881447659,1,0.79137313,0.91357094
2023-08-22,0.27624203471364744,3,0.79052854,0.9982617
2023-08-24,1.2761935457273534,5,0.79769915,0.7871302
2023-08-31,-0.19345236532120014,10,0.7941471,0.8798599
2023-09-15,1.097390385603957,21,0.8131988,0.8678044
2023-08-21,0.17154568211581092,1,0.79183817,0.872406
2023-08-23,-0.40786755661869395,3,0.79166245,0.95741546
2023-08-25,-0.73327200809398,5,0.8019758,0.7735421
2023-09-01,0.2906240520960808,10,0.7950412,0.8505573
2023-09-18,-1.0262863877987518,21,0.8154742,0.85271364
2023-08-22,0.27624203471364744,1,0.79052854,0.8710197
2023-08-24,1.2761935457273534,3,0.79769915,0.95406467
2023-08-28,0.9588134991495934,5,0.81135976,0.74792224
2023-09-04,0.8096017560160061,10,0.7875475,0.84541225
2023-09-19,-0.6042177107444737,21,0.81684154,0.83823967
2023-08-23,-0.40786755661869395,1,0.79166245,0.6600215
2023-08-25,-0.73327200809398,3,0.8019758,0.69469565
2023-08-29,0.34343592187873223,5,0.7957905,0.6589328
2023-09-05,-0.0917453539359604,10,0.78572905,0.7123853
2023-09-20,0.020708516544414,21,0.8168514,0.7113397
2023-08-24,1.2761935457273534,1,0.79769915,0.7053496
2023-08-28,0.9588134991495934,3,0.81135976,0.69462
2023-08-30,0.3543671028727702,5,0.7939049,0.6856179
2023-09-06,-0.7322847007701042,10,0.7894632,0.77775997
2023-09-21,-1.7644823616427538,21,0.8435518,0.6905222
2023-08-25,-0.73327200809398,1,0.8019758,0.6778138
2023-08-29,0.34343592187873223,3,0.7957905,0.6666202
2023-08-31,-0.19345236532120014,5,0.7941471,0.65954316
2023-09-07,-0.590035276112998,10,0.78779465,0.7378661
2023-09-22,-0.2723454567083028,21,0.8413788,0.7109532
2023-08-28,0.9588134991495934,1,0.81135976,0.67004466
2023-08-30,0.3543671028727702,3,0.7939049,0.68424624
2023-09-01,0.2906240520960808,5,0.7950412,0.6581784
2023-09-08,-0.022766285873662508,10,0.7863978,0.72302884
2023-09-25,-0.49441128842197546,21,0.83993655,0.7296661
2023-08-29,0.34343592187873223,1,0.7957905,0.662379
2023-08-31,-0.19345236532120014,3,0.7941471,0.72606647
2023-09-04,0.8096017560160061,5,0.7875475,0.66771126
2023-09-11,0.3604605085518783,10,0.78283906,0.7152889
2023-09-26,-1.322536904951916,21,0.8316225,0.74772096
2023-08-30,0.3543671028727702,1,0.7939049,0.67079425
2023-09-01,0.2906240520960808,3,0.7950412,0.72814393
2023-09-05,-0.0917453539359604,5,0.78572905,0.6823428
2023-09-12,-0.7970971529931875,10,0.7853474,0.75279504
2023-09-27,0.0852305487266129,21,0.83121634,0.75618726
2023-08-31,-0.19345236532120014,1,0.7941471,0.6724077
2023-09-04,0.8096017560160061,3,0.7875475,0.67700636
2023-09-06,-0.7322847007701042,5,0.7894632,0.6600438
2023-09-13,-0.07414802686514835,10,0.78517425,0.77028483
2023-10-04,-2.4383492048865363,21,0.8832317,0.7125681
2023-09-01,0.2906240520960808,1,0.7950412,0.6781223
2023-09-05,-0.0917453539359604,3,0.78572905,0.66567874
2023-09-07,-0.590035276112998,5,0.78779465,0.6539653
2023-09-14,1.4954471401611094,10,0.8024746,0.765294
2023-10-05,-0.08690862329224636,21,0.877452,0.7227398
2023-09-04,0.8096017560160061,1,0.7875475,0.6847913
2023-09-06,-0.7322847007701042,3,0.7894632,0.6810999
2023-09-08,-0.022766285873662508,5,0.7863978,0.6547228
2023-09-15,1.097390385603957,10,0.8131988,0.72930795
2023-10-06,0.21319754348928616,21,0.8671726,0.7458826
2023-09-05,-0.0917453539359604,1,0.78572905,0.68705916
2023-09-07,-0.590035276112998,3,0.78779465,0.7170193
2023-09-11,0.3604605085518783,5,0.78283906,0.6670347
2023-09-18,-1.0262863877987518,10,0.8154742,0.7227291
2023-10-10,-0.255643706939613,21,0.8672297,0.7523902
2023-09-06,-0.7322847007701042,1,0.7894632,0.6900585
2023-09-08,-0.022766285873662508,3,0.7863978,0.7231602
2023-09-12,-0.7970971529931875,5,0.7853474,0.674188
2023-09-19,-0.6042177107444737,10,0.81684154,0.7389883
2023-10-11,1.9577516499181689,21,0.8786623,0.7496754
2023-09-07,-0.590035276112998,1,0.78779465,0.70515305
2023-09-11,0.3604605085518783,3,0.78283906,0.7758531
2023-09-13,-0.07414802686514835,5,0.78517425,0.7201721
2023-09-20,0.020708516544414,10,0.8168514,0.67855966
2023-10-12,1.206529549241764,21,0.8913913,0.7283721
2023-09-08,-0.022766285873662508,1,0.7863978,0.7466489
2023-09-12,-0.7970971529931875,3,0.7853474,0.837572
2023-09-14,1.4954471401611094,5,0.8024746,0.76927775
2023-09-21,-1.7644823616427538,10,0.8435518,0.65363467
2023-10-13,-0.9590960885314834,21,0.89394176,0.75150156
2023-09-11,0.3604605085518783,1,0.78283906,0.7173073
2023-09-13,-0.07414802686514835,3,0.78517425,0.7051485
2023-09-15,1.097390385603957,5,0.8131988,0.6851508
2023-09-22,-0.2723454567083028,10,0.8413788,0.7276554
2023-10-16,-0.8139180424910781,21,0.8763521,0.7359502
2023-09-12,-0.7970971529931875,1,0.7853474,0.72643524
2023-09-14,1.4954471401611094,3,0.8024746,0.67659956
2023-09-18,-1.0262863877987518,5,0.8154742,0.66915154
2023-09-25,-0.49441128842197546,10,0.83993655,0.7644063
2023-10-17,0.9774558338038031,21,0.88728,0.7496051
2023-09-13,-0.07414802686514835,1,0.78517425,0.7128835
2023-09-15,1.097390385603957,3,0.8131988,0.6682896
2023-09-19,-0.6042177107444737,5,0.81684154,0.6634352
2023-09-26,-1.322536904951916,10,0.8316225,0.7580968
2023-10-18,0.09873205406792959,21,0.8865802,0.7455282
2023-09-14,1.4954471401611094,1,0.8024746,0.7070058
2023-09-18,-1.0262863877987518,3,0.8154742,0.67780244
2023-09-20,0.020708516544414,5,0.8168514,0.6612276
2023-09-27,0.0852305487266129,10,0.83121634,0.74999255
2023-10-19,-1.9187226631352736,21,0.9170974,0.7445024
2023-09-15,1.097390385603957,1,0.8131988,0.68844175
2023-09-19,-0.6042177107444737,3,0.81684154,0.62917185
2023-09-21,-1.7644823616427538,5,0.8435518,0.64751506
2023-10-04,-2.4383492048865363,10,0.8832317,0.76236457
2023-10-20,-1.7033077914426022,21,0.9391719,0.72010833
2023-09-18,-1.0262863877987518,1,0.8154742,0.6763817
2023-09-20,0.020708516544414,3,0.8168514,0.61547333
2023-09-22,-0.2723454567083028,5,0.8413788,0.6437847
2023-10-05,-0.08690862329224636,10,0.877452,0.76318055
2023-10-23,-0.7599319919445018,21,0.9399165,0.70220983
2023-09-19,-0.6042177107444737,1,0.81684154,0.6830918
2023-09-21,-1.7644823616427538,3,0.8435518,0.6412202
2023-09-25,-0.49441128842197546,5,0.83993655,0.651971
2023-10-06,0.21319754348928616,10,0.8671726,0.80186737
2023-10-24,1.117607769474731,21,0.94771856,0.69342864
2023-09-20,0.020708516544414,1,0.8168514,0.78179646
2023-09-22,-0.2723454567083028,3,0.8413788,0.8210052
2023-09-26,-1.322536904951916,5,0.8316225,0.7182142
2023-10-10,-0.255643706939613,10,0.8672297,0.82922804
2023-10-25,-0.8570290258234673,21,0.9498944,0.7412588
2023-09-21,-1.7644823616427538,1,0.8435518,0.7380161
2023-09-25,-0.49441128842197546,3,0.83993655,0.77196985
2023-09-27,0.0852305487266129,5,0.83121634,0.704637
2023-10-11,1.9577516499181689,10,0.8786623,0.716139
2023-10-26,-2.7494828108924856,21,0.98757917,0.7790869
2023-09-22,-0.2723454567083028,1,0.8413788,0.894208
2023-09-26,-1.322536904951916,3,0.8316225,0.9517746
2023-10-04,-2.4383492048865363,5,0.8832317,0.8347026
2023-10-12,1.206529549241764,10,0.8913913,0.71286356
2023-10-27,0.16210648993149818,21,0.9851672,0.8793263
2023-09-25,-0.49441128842197546,1,0.83993655,0.92984164
2023-09-27,0.0852305487266129,3,0.83121634,0.9710448
2023-10-05,-0.08690862329224636,5,0.877452,0.8466249
2023-10-13,-0.9590960885314834,10,0.89394176,0.7655902
2023-10-30,0.3355470770246741,21,0.98644584,0.86221087
2023-09-26,-1.322536904951916,1,0.8316225,0.8416252
2023-10-04,-2.4383492048865363,3,0.8832317,0.8526926
2023-10-06,0.21319754348928616,5,0.8671726,0.79801404
2023-10-16,-0.8139180424910781,10,0.8763521,0.7925858
2023-10-31,-1.4192141651529928,21,0.9874579,0.76466876
2023-09-27,0.0852305487266129,1,0.83121634,0.90464175
2023-10-05,-0.08690862329224636,3,0.877452,0.8762193
2023-10-10,-0.255643706939613,5,0.8672297,0.80307406
2023-10-17,0.9774558338038031,10,0.88728,0.8591782
2023-11-01,1.029370843521793,21,0.98085225,0.78196263
2023-10-04,-2.4383492048865363,1,0.8832317,0.80115646
2023-10-06,0.21319754348928616,3,0.8671726,0.73234576
2023-10-11,1.9577516499181689,5,0.8786623,0.69412357
2023-10-18,0.09873205406792959,10,0.8865802,0.7999712
2023-11-02,1.789624526883403,21,0.9905278,0.7398022
2023-10-05,-0.08690862329224636,1,0.877452,1.0077091
2023-10-10,-0.255643706939613,3,0.8672297,1.0227445
2023-10-12,1.206529549241764,5,0.8913913,0.86845464
2023-10-19,-1.9187226631352736,10,0.9170974,0.9007557
2023-11-03,1.0705900289876844,21,1.0030991,0.8621669
2023-10-06,0.21319754348928616,1,0.8671726,1.2227256
2023-10-11,1.9577516499181689,3,0.8786623,1.3220164
2023-10-13,-0.9590960885314834,5,0.89394176,1.0103613
2023-10-20,-1.7033077914426022,10,0.9391719,1.0690013
2023-11-06,5.5049004729839375,21,1.2413694,0.98631346
2023-10-10,-0.255643706939613,1,0.8672297,0.9520923
2023-10-12,1.206529549241764,3,0.8913913,1.0235664
2023-10-16,-0.8139180424910781,5,0.8763521,0.80710554
2023-10-23,-0.7599319919445018,10,0.9399165,0.8558406
2023-11-07,-2.361867105652551,21,1.2724916,0.8515527
2023-10-11,1.9577516499181689,1,0.8786623,1.1137106
2023-10-13,-0.9590960885314834,3,0.89394176,1.1747857
2023-10-17,0.9774558338038031,5,0.88728,0.8524534
2023-10-24,1.117607769474731,10,0.94771856,0.9925958
2023-11-08,-0.9182872494251951,21,1.2768039,0.91544306
2023-10-12,1.206529549241764,1,0.8913913,0.80759823
2023-10-16,-0.8139180424910781,3,0.8763521,0.8032239
2023-10-18,0.09873205406792959,5,0.8865802,0.6910381
2023-10-25,-0.8570290258234673,10,0.9498944,0.8215126
2023-11-09,0.22521348094784355,21,1.266072,0.7508235
2023-10-13,-0.9590960885314834,1,0.89394176,0.84105664
2023-10-17,0.9774558338038031,3,0.88728,0.81211036
2023-10-19,-1.9187226631352736,5,0.9170974,0.70551306
2023-10-26,-2.7494828108924856,10,0.98757917,0.89453095
2023-11-10,-0.7203298657699606,21,1.268458,0.76219475
2023-10-16,-0.8139180424910781,1,0.8763521,0.76706326
2023-10-18,0.09873205406792959,3,0.8865802,0.76032805
2023-10-20,-1.7033077914426022,5,0.9391719,0.70368505
2023-10-27,0.16210648993149818,10,0.9851672,0.76427555
2023-11-13,-0.2451440096297346,21,1.268064,0.75755036
2023-10-17,0.9774558338038031,1,0.88728,0.92251885
2023-10-19,-1.9187226631352736,3,0.9170974,0.9427757
2023-10-23,-0.7599319919445018,5,0.9399165,0.98001754
2023-10-30,0.3355470770246741,10,0.98644584,0.8450924
2023-11-14,1.219363018321479,21,1.2767129,0.8879199
2023-10-18,0.09873205406792959,1,0.8865802,0.79016507
2023-10-20,-1.7033077914426022,3,0.9391719,0.8481896
2023-10-24,1.117607769474731,5,0.94771856,0.78429854
2023-10-31,-1.4192141651529928,10,0.9874579,0.7350712
2023-11-15,2.1716622287250473,21,1.2901152,0.800776
2023-10-19,-1.9187226631352736,1,0.9170974,0.8011745
2023-10-23,-0.7599319919445018,3,0.9399165,0.8665653
2023-10-25,-0.8570290258234673,5,0.9498944,0.74242437
2023-11-01,1.029370843521793,10,0.98085225,0.81290305
2023-11-16,0.06070574415145204,21,1.289883,0.74648416
2023-10-20,-1.7033077914426022,1,0.9391719,0.8551209
2023-10-24,1.117607769474731,3,0.94771856,0.9263975
2023-10-26,-2.7494828108924856,5,0.98757917,0.7849938
2023-11-02,1.789624526883403,10,0.9905278,0.7541356
2023-11-17,-0.7394032463005598,21,1.2909842,0.6772131
2023-10-23,-0.7599319919445018,1,0.9399165,1.1137649
2023-10-25,-0.8570290258234673,3,0.9498944,1.132817
2023-10-27,0.16210648993149818,5,0.9851672,0.8789584
2023-11-03,1.0705900289876844,10,1.0030991,1.0291512
2023-11-20,0.8607042907128307,21,1.2958031,0.8026518
2023-10-24,1.117607769474731,1,0.94771856,1.0549483
2023-10-26,-2.7494828108924856,3,0.98757917,1.1354685
2023-10-30,0.3355470770246741,5,0.98644584,0.89090997
2023-11-06,5.5049004729839375,10,1.2413694,0.869467
2023-11-21,0.7685536205122199,21,1.2992117,0.8255637
2023-10-25,-0.8570290258234673,1,0.9498944,0.8836886
2023-10-27,0.16210648993149818,3,0.9851672,0.9295366
2023-10-31,-1.4192141651529928,5,0.9874579,0.78059983
2023-11-07,-2.361867105652551,10,1.2724916,0.8918985
2023-11-22,0.050975657967179566,21,1.2981414,0.7474551
2023-10-26,-2.7494828108924856,1,0.98757917,0.936925
2023-10-30,0.3355470770246741,3,0.98644584,0.9821347
2023-11-01,1.029370843521793,5,0.98085225,0.88050807
2023-11-08,-0.9182872494251951,10,1.2768039,0.894968
2023-11-23,0.1297088038454791,21,1.2874938,0.80329174
2023-10-27,0.16210648993149818,1,0.9851672,1.2199267
2023-10-31,-1.4192141651529928,3,0.9874579,1.2100441
2023-11-02,1.789624526883403,5,0.9905278,1.1667397
2023-11-09,0.22521348094784355,10,1.266072,1.0890102
2023-11-24,-0.7315107754033137,21,1.2874771,0.945526
2023-10-30,0.3355470770246741,1,0.98644584,1.2176658
2023-11-01,1.029370843521793,3,0.98085225,1.2013642
2023-11-03,1.0705900289876844,5,1.0030991,1.1339933
2023-11-10,-0.7203298657699606,10,1.268458,1.0852705
2023-11-27,-0.03885875040014765,21,1.2811145,0.9842793
2023-10-31,-1.4192141651529928,1,0.9874579,1.022781
2023-11-02,1.789624526883403,3,0.9905278,0.99747264
2023-11-06,5.5049004729839375,5,1.2413694,0.9349874
2023-11-13,-0.2451440096297346,10,1.268064,0.99648
2023-11-28,1.0403886255069366,21,1.2877151,0.8266404
2023-11-01,1.029370843521793,1,0.98085225,0.9995688
2023-11-03,1.0705900289876844,3,1.0030991,0.9378894
2023-11-07,-2.361867105652551,5,1.2724916,0.9366037
2023-11-14,1.219363018321479,10,1.2767129,1.05899
2023-11-29,-0.07735492089446169,21,1.2867937,0.77644396
2023-11-02,1.789624526883403,1,0.9905278,1.178211
2023-11-06,5.5049004729839375,3,1.2413694,1.0177557
2023-11-08,-0.9182872494251951,5,1.2768039,1.150358
2023-11-15,2.1716622287250473,10,1.2901152,1.2552645
2023-11-30,0.6124519221051596,21,1.2892324,0.8456095
2023-11-03,1.0705900289876844,1,1.0030991,1.1309124
2023-11-07,-2.361867105652551,3,1.2724916,1.0107069
2023-11-09,0.22521348094784355,5,1.266072,1.0181525
2023-11-16,0.06070574415145204,10,1.289883,1.2075632
2023-12-01,-1.2015313886478631,21,1.2976263,0.85183024
2023-11-06,5.5049004729839375,1,1.2413694,1.0473135
2023-11-08,-0.9182872494251951,3,1.2768039,0.90442944
2023-11-10,-0.7203298657699606,5,1.268458,0.9812794
2023-11-17,-0.7394032463005598,10,1.2909842,1.1052716
2023-12-04,0.39601727799595304,21,1.294138,0.83657634
2023-11-07,-2.361867105652551,1,1.2724916,0.8938905
2023-11-09,0.22521348094784355,3,1.266072,0.8450947
2023-11-13,-0.2451440096297346,5,1.268064,0.8126508
2023-11-20,0.8607042907128307,10,1.2958031,0.9838598
2023-12-05,-0.8252781074827106,21,1.2980412,0.7360027
2023-11-08,-0.9182872494251951,1,1.2768039,1.1220264
2023-11-10,-0.7203298657699606,3,1.268458,1.113656
2023-11-14,1.219363018321479,5,1.2767129,0.99272496
2023-11-21,0.7685536205122199,10,1.2992117,1.0667951
2023-12-06,0.04408531053465049,21,1.2950691,0.79062855
2023-11-09,0.22521348094784355,1,1.266072,1.2341024
2023-11-13,-0.2451440096297346,3,1.268064,1.2696494
2023-11-15,2.1716622287250473,5,1.2901152,1.0975363
2023-11-22,0.050975657967179566,10,1.2981414,1.0029808
2023-12-07,-0.13272574046507915,21,1.29315,0.7837615
2023-11-10,-0.7203298657699606,1,1.268458,1.0798523
2023-11-14,1.219363018321479,3,1.2767129,1.0749032
2023-11-16,0.06070574415145204,5,1.289883,0.9365626
2023-11-23,0.1297088038454791,10,1.2874938,1.0092078
2023-12-08,1.0291683696039018,21,1.3004588,0.78278434
2023-11-13,-0.2451440096297346,1,1.268064,0.9569913
2023-11-15,2.1716622287250473,3,1.2901152,0.97343886
2023-11-17,-0.7394032463005598,5,1.2909842,0.83399236
2023-11-24,-0.7315107754033137,10,1.2874771,0.8537142
2023-12-11,0.29782678141238156,21,1.3001736,0.7673581
2023-11-14,1.219363018321479,1,1.2767129,0.8473388
2023-11-16,0.06070574415145204,3,1.289883,0.8670858
2023-11-20,0.8607042907128307,5,1.2958031,0.73722035
2023-11-27,-0.03885875040014765,10,1.2811145,0.81474805
2023-12-12,0.39164785917764194,21,1.2971956,0.7597088
2023-11-15,2.1716622287250473,1,1.2901152,0.7480088
2023-11-17,-0.7394032463005598,3,1.2909842,0.74150825
2023-11-21,0.7685536205122199,5,1.2992117,0.6715494
2023-11-28,1.0403886255069366,10,1.2877151,0.7655976
2023-12-13,-0.975451617197092,21,1.303263,0.6998249
2023-11-16,0.06070574415145204,1,1.289883,0.7606045
2023-11-20,0.8607042907128307,3,1.2958031,0.72269565
2023-11-22,0.050975657967179566,5,1.2981414,0.681354
2023-11-29,-0.07735492089446169,10,1.2867937,0.78689194
2023-12-14,1.326273904387507,21,1.3001171,0.70364
2023-11-17,-0.7394032463005598,1,1.2909842,0.695352
2023-11-21,0.7685536205122199,3,1.2992117,0.65799344
2023-11-23,0.1297088038454791,5,1.2874938,0.6355377
2023-11-30,0.6124519221051596,10,1.2892324,0.7458057
2023-12-15,0.7588569501467739,21,1.2959192,0.7036092
2023-11-20,0.8607042907128307,1,1.2958031,0.70357436
2023-11-22,0.050975657967179566,3,1.2981414,0.6700588
2023-11-24,-0.7315107754033137,5,1.2874771,0.65688473
2023-12-01,-1.2015313886478631,10,1.2976263,0.7356674
2023-12-18,0.1286463555212645,21,1.2893454,0.7137704
2023-11-21,0.7685536205122199,1,1.2992117,0.667111
2023-11-23,0.1297088038454791,3,1.2874938,0.6305836
2023-11-27,-0.03885875040014765,5,1.2811145,0.626521
2023-12-04,0.39601727799595304,10,1.294138,0.7420181
2023-12-19,0.06581524808472416,21,1.2869678,0.69628274
2023-11-22,0.050975657967179566,1,1.2981414,0.65840924
2023-11-24,-0.7315107754033137,3,1.2874771,0.6361601
2023-11-28,1.0403886255069366,5,1.2877151,0.6254736
2023-12-05,-0.8252781074827106,10,1.2980412,0.7293088
2023-12-20,1.7654837574863735,21,1.3068622,0.7127764
2023-11-23,0.1297088038454791,1,1.2874938,0.66934633
2023-11-27,-0.03885875040014765,3,1.2811145,0.6348748
2023-11-29,-0.07735492089446169,5,1.2867937,0.6302497
2023-12-06,0.04408531053465049,10,1.2950691,0.7441099
2023-12-21,-0.5477249117824247,21,1.2877641,0.7197305
2023-11-24,-0.7315107754033137,1,1.2874771,0.6642382
2023-11-28,1.0403886255069366,3,1.2877151,0.633647
2023-11-30,0.6124519221051596,5,1.2892324,0.6428726
2023-12-07,-0.13272574046507915,10,1.29315,0.7333993
2023-12-22,-0.019617533291929754,21,1.287087,0.7148068
2023-11-27,-0.03885875040014765,1,1.2811145,0.65960115
2023-11-29,-0.07735492089446169,3,1.2867937,0.6532898
2023-12-01,-1.2015313886478631,5,1.2976263,0.6463084
2023-12-08,1.0291683696039018,10,1.3004588,0.7236212
2023-12-26,0.11841673274637862,21,1.2850456,0.71901584
2023-11-28,1.0403886255069366,1,1.2877151,0.66569704
2023-11-30,0.6124519221051596,3,1.2892324,0.66464996
2023-12-04,0.39601727799595304,5,1.294138,0.64898425
2023-12-11,0.29782678141238156,10,1.3001736,0.7314243
2023-12-27,0.41831823587904665,21,1.272668,0.7277381
2023-11-29,-0.07735492089446169,1,1.2867937,0.67112523
2023-12-01,-1.2015313886478631,3,1.2976263,0.6967881
2023-12-05,-0.8252781074827106,5,1.2980412,0.6551571
2023-12-12,0.39164785917764194,10,1.2971956,0.71410507
2023-12-28,1.5859802389438677,21,1.2870616,0.7299472
2023-11-30,0.6124519221051596,1,1.2892324,0.662642
2023-12-04,0.39601727799595304,3,1.294138,0.7025119
2023-12-06,0.04408531053465049,5,1.2950691,0.6604339
2023-12-13,-0.975451617197092,10,1.303263,0.7198769
2024-01-02,0.5457209217909421,21,1.2432845,0.75716054
2023-12-01,-1.2015313886478631,1,1.2976263,0.6719153
2023-12-05,-0.8252781074827106,3,1.2980412,0.6953908
2023-12-07,-0.13272574046507915,5,1.29315,0.65559024
2023-12-14,1.326273904387507,10,1.3001171,0.73711646
2024-01-03,-2.3688269798017214,21,1.2855717,0.755561
2023-12-04,0.39601727799595304,1,1.294138,0.66766846
2023-12-06,0.04408531053465049,3,1.2950691,0.7131575
2023-12-08,1.0291683696039018,5,1.3004588,0.66687286
2023-12-15,0.7588569501467739,10,1.2959192,0.72528243
2024-01-04,-0.7812419293947623,21,1.2909532,0.7589433
2023-12-05,-0.8252781074827106,1,1.2980412,0.66538537
2023-12-07,-0.13272574046507915,3,1.29315,0.6469907
2023-12-11,0.29782678141238156,5,1.3001736,0.6291523
2023-12-18,0.1286463555212645,10,1.2893454,0.73335516
2024-01-05,-0.3461675539542177,21,1.2914513,0.7112515
2023-12-06,0.04408531053465049,1,1.2950691,0.6712083
2023-12-08,1.0291683696039018,3,1.3004588,0.6721561
2023-12-12,0.39164785917764194,5,1.2971956,0.64695615
2023-12-19,0.06581524808472416,10,1.2869678,0.72878724
2024-01-08,-0.3987649612011114,21,1.2701955,0.7238728
2023-12-07,-0.13272574046507915,1,1.29315,0.67779773
2023-12-11,0.29782678141238156,3,1.3001736,0.6499898
2023-12-13,-0.975451617197092,5,1.303263,0.64577204
2023-12-20,1.7654837574863735,10,1.3068622,0.7447603
2024-01-09,-0.25658041277516724,21,1.2621864,0.71826786
2023-12-08,1.0291683696039018,1,1.3004588,0.68259716
2023-12-12,0.39164785917764194,3,1.2971956,0.6666786
2023-12-14,1.326273904387507,5,1.3001171,0.64405656
2023-12-21,-0.5477249117824247,10,1.2877641,0.7409089
2024-01-10,-0.7548215174699678,21,1.2596809,0.729216
2023-12-11,0.29782678141238156,1,1.3001736,0.6822006
2023-12-13,-0.975451617197092,3,1.303263,0.64636374
2023-12-15,0.7588569501467739,5,1.2959192,0.6420714
2023-12-22,-0.019617533291929754,10,1.287087,0.7525657
2024-01-11,-0.0672914949884241,21,1.2546067,0.72354823
2023-12-12,0.39164785917764194,1,1.2971956,0.68874514
2023-12-14,1.326273904387507,3,1.3001171,0.65257144
2023-12-18,0.1286463555212645,5,1.2893454,0.65143114
2023-12-26,0.11841673274637862,10,1.2850456,0.7517363
2024-01-12,-0.6009498433381109,21,1.2517949,0.7319443
2023-12-13,-0.975451617197092,1,1.303263,0.67854875
2023-12-15,0.7588569501467739,3,1.2959192,0.65336215
2023-12-19,0.06581524808472416,5,1.2869678,0.6571186
2023-12-27,0.41831823587904665,10,1.272668,0.7590953
2024-01-15,0.03721773772650826,21,1.2517741,0.7320385
2023-12-14,1.326273904387507,1,1.3001171,0.66164273
2023-12-18,0.1286463555212645,3,1.2893454,0.651739
2023-12-20,1.7654837574863735,5,1.3068622,0.6679872
2023-12-28,1.5859802389438677,10,1.2870616,0.76736665
2024-01-16,-1.1306759108719984,21,1.2348689,0.7311354
2023-12-15,0.7588569501467739,1,1.2959192,0.66690695
2023-12-19,0.06581524808472416,3,1.2869678,0.6437187
2023-12-21,-0.5477249117824247,5,1.2877641,0.65885
2024-01-02,0.5457209217909421,10,1.2432845,0.7776616
2024-01-17,-2.5010044105997697,21,1.2581993,0.7277519
2023-12-18,0.1286463555212645,1,1.2893454,0.67220783
2023-12-20,1.7654837574863735,3,1.3068622,0.6602458
2023-12-22,-0.019617533291929754,5,1.287087,0.6627066
2024-01-03,-2.3688269798017214,10,1.2855717,0.77041733
2024-01-18,0.16981906108210248,21,1.2538708,0.73331267
2023-12-19,0.06581524808472416,1,1.2869678,0.6862582
2023-12-21,-0.5477249117824247,3,1.2877641,0.7039728
2023-12-26,0.11841673274637862,5,1.2850456,0.681277
2024-01-04,-0.7812419293947623,10,1.2909532,0.7541646
2024-01-19,1.3312394977524125,21,1.2572305,0.7609495
2023-12-20,1.7654837574863735,1,1.3068622,0.69230294
2023-12-22,-0.019617533291929754,3,1.287087,0.70782274
2023-12-27,0.41831823587904665,5,1.272668,0.68606025
2024-01-05,-0.3461675539542177,10,1.2914513,0.7582461
2024-01-22,-0.3398722933938177,21,1.2525924,0.7595495
2023-12-21,-0.5477249117824247,1,1.2877641,0.69859385
2023-12-26,0.11841673274637862,3,1.2850456,0.7162709
2023-12-28,1.5859802389438677,5,1.2870616,0.69484884
2024-01-08,-0.3987649612011114,10,1.2701955,0.7401358
2024-01-23,0.5769841849778291,21,1.1981218,0.74122214
2023-12-22,-0.019617533291929754,1,1.287087,0.70642346
2023-12-27,0.41831823587904665,3,1.272668,0.7087734
2024-01-02,0.5457209217909421,5,1.2432845,0.6929637
2024-01-09,-0.25658041277516724,10,1.2621864,0.75351125
2024-01-24,-0.36053495503641764,21,1.1997485,0.7579637
2023-12-26,0.11841673274637862,1,1.2850456,0.70660484
2023-12-28,1.5859802389438677,3,1.2870616,0.6937245
2024-01-03,-2.3688269798017214,5,1.2855717,0.6724537
2024-01-10,-0.7548215174699678,10,1.2596809,0.7583085
2024-01-25,0.026321560163519393,21,1.1994562,0.7586986
2023-12-27,0.41831823587904665,1,1.272668,0.7077016
2024-01-02,0.5457209217909421,3,1.2432845,0.7335628
2024-01-04,-0.7812419293947623,5,1.2909532,0.69666016
2024-01-11,-0.0672914949884241,10,1.2546067,0.7476721
2024-01-26,0.3321941449197782,21,1.1827695,0.77427936
2023-12-28,1.5859802389438677,1,1.2870616,0.69261986
2024-01-03,-2.3688269798017214,3,1.2855717,0.69586414
2024-01-05,-0.3461675539542177,5,1.2914513,0.6735076
2024-01-12,-0.6009498433381109,10,1.2517949,0.7434837
2024-01-29,0.8872889011511278,21,1.1811011,0.7414439
2024-01-02,0.5457209217909421,1,1.2432845,0.69343704
2024-01-04,-0.7812419293947623,3,1.2909532,0.7226605
2024-01-08,-0.3987649612011114,5,1.2701955,0.69275117
2024-01-15,0.03721773772650826,10,1.2517741,0.73804224
2024-01-30,-0.07360170288119805,21,1.1612753,0.75251997
2024-01-03,-2.3688269798017214,1,1.2855717,0.69402915
2024-01-05,-0.3461675539542177,3,1.2914513,0.68646455
2024-01-09,-0.25658041277516724,5,1.2621864,0.68584126
2024-01-16,-1.1306759108719984,10,1.2348689,0.7502624
2024-01-31,-0.06885529016384145,21,1.1545513,0.7317746
2024-01-04,-0.7812419293947623,1,1.2909532,0.6890484
2024-01-08,-0.3987649612011114,3,1.2701955,0.69132704
2024-01-10,-0.7548215174699678,5,1.2596809,0.6716961
2024-01-17,-2.5010044105997697,10,1.2581993,0.73992985
2024-02-01,1.800601180884211,21,0.9388915,0.7506943
2024-01-05,-0.3461675539542177,1,1.2914513,0.7054259
2024-01-09,-0.25658041277516724,3,1.2621864,0.67614454
2024-01-11,-0.0672914949884241,5,1.2546067,0.6934823
2024-01-18,0.16981906108210248,10,1.2538708,0.75261986
2024-02-02,2.825055883396285,21,0.9539289,0.75849074
2024-01-08,-0.3987649612011114,1,1.2701955,0.6962627
2024-01-10,-0.7548215174699678,3,1.2596809,0.6747609
2024-01-12,-0.6009498433381109,5,1.2517949,0.6808275
2024-01-19,1.3312394977524125,10,1.2572305,0.76993084
2024-02-05,-0.9219097780558395,21,0.95399535,0.752599
2024-01-09,-0.25658041277516724,1,1.2621864,0.7027791
2024-01-11,-0.0672914949884241,3,1.2546067,0.66940975
2024-01-15,0.03721773772650826,5,1.2517741,0.687914
2024-01-22,-0.3398722933938177,10,1.2525924,0.7647812
2024-02-06,-0.5848135933157336,21,0.9581014,0.7382103
2024-01-10,-0.7548215174699678,1,1.2596809,0.68038374
2024-01-12,-0.6009498433381109,3,1.2517949,0.6881509
2024-01-16,-1.1306759108719984,5,1.2348689,0.6638427
2024-01-23,0.5769841849778291,10,1.1981218,0.7539221
2024-02-07,1.287389275689676,21,0.96402943,0.7479077
2024-01-11,-0.0672914949884241,1,1.2546067,0.683649
2024-01-15,0.03721773772650826,3,1.2517741,0.6559287
2024-01-17,-2.5010044105997697,5,1.2581993,0.65282995
2024-01-24,-0.36053495503641764,10,1.1997485,0.7497264
2024-02-08,0.4107155024396756,21,0.963389,0.7319698
2024-01-12,-0.6009498433381109,1,1.2517949,0.69299895
2024-01-16,-1.1306759108719984,3,1.2348689,0.6597565
2024-01-18,0.16981906108210248,5,1.2538708,0.6735615
2024-01-25,0.026321560163519393,10,1.1994562,0.7782198
2024-02-13,1.112726736354529,21,0.96146756,0.7290387
2024-01-15,0.03721773772650826,1,1.2517741,0.6897852
2024-01-17,-2.5010044105997697,3,1.2581993,0.6592627
2024-01-19,1.3312394977524125,5,1.2572305,0.6673589
2024-01-26,0.3321941449197782,10,1.1827695,0.768765
2024-02-14,-1.1089160716078175,21,0.9370583,0.726266
2024-01-16,-1.1306759108719984,1,1.2348689,0.68484175
2024-01-18,0.16981906108210248,3,1.2538708,0.67197484
2024-01-22,-0.3398722933938177,5,1.2525924,0.66272396
2024-01-29,0.8872889011511278,10,1.1811011,0.7629292
2024-02-15,-0.25294605933709763,21,0.9380836,0.7287228
2024-01-17,-2.5010044105997697,1,1.2581993,0.6968274
2024-01-19,1.3312394977524125,3,1.2572305,0.7295545
2024-01-23,0.5769841849778291,5,1.1981218,0.68508637
2024-01-30,-0.07360170288119805,10,1.1612753,0.73143953
2024-02-16,1.3286489784156463,21,0.94535285,0.7697548
2024-01-18,0.16981906108210248,1,1.2538708,0.7868434
2024-01-22,-0.3398722933938177,3,1.2525924,0.8455539
2024-01-24,-0.36053495503641764,5,1.1997485,0.7622718
2024-01-31,-0.06885529016384145,10,1.1545513,0.68223184
2024-02-19,1.1822198740180925,21,0.95053947,0.8346094
2024-01-19,1.3312394977524125,1,1.2572305,0.8580256
2024-01-23,0.5769841849778291,3,1.1981218,0.8312228
2024-01-25,0.026321560163519393,5,1.1994562,0.7910966
2024-02-01,1.800601180884211,10,0.9388915,0.79507154
2024-02-20,-0.8418843290824944,21,0.95469874,0.7807149
2024-01-22,-0.3398722933938177,1,1.2525924,0.79740906
2024-01-24,-0.36053495503641764,3,1.1997485,0.7434982
2024-01-26,0.3321941449197782,5,1.1827695,0.6970841
2024-02-02,2.825055883396285,10,0.9539289,0.84702516
2024-02-21,-0.16870258322752646,21,0.9552918,0.70552534
2024-01-23,0.5769841849778291,1,1.1981218,0.8451789
2024-01-25,0.026321560163519393,3,1.1994562,0.8065249
2024-01-29,0.8872889011511278,5,1.1811011,0.69914716
2024-02-05,-0.9219097780558395,10,0.95399535,0.8857851
2024-02-22,0.41221669616690204,21,0.95617956,0.7139775
2024-01-24,-0.36053495503641764,1,1.1997485,0.7464516
2024-01-26,0.3321941449197782,3,1.1827695,0.7328214
2024-01-30,-0.07360170288119805,5,1.1612753,0.671503
2024-02-06,-0.5848135933157336,10,0.9581014,0.7653106
2024-02-23,0.12865534249360866,21,0.94998866,0.70922977
2024-01-25,0.026321560163519393,1,1.1994562,0.6873407
2024-01-29,0.8872889011511278,3,1.1811011,0.6292926
2024-01-31,-0.06885529016384145,5,1.1545513,0.6404841
2024-02-07,1.287389275689676,10,0.96402943,0.73893356
2024-02-26,-0.775948445378019,21,0.9566945,0.6864419
2024-01-26,0.3321941449197782,1,1.1827695,0.6786321
2024-01-30,-0.07360170288119805,3,1.1612753,0.63874745
2024-02-01,1.800601180884211,5,0.9388915,0.652393
2024-02-08,0.4107155024396756,10,0.963389,0.7236877
2024-02-27,-0.8357213113689064,21,0.9560363,0.69130474
2024-01-29,0.8872889011511278,1,1.1811011,0.6725716
2024-01-31,-0.06885529016384145,3,1.1545513,0.6702804
2024-02-02,2.825055883396285,5,0.9539289,0.6727343
2024-02-13,1.112726736354529,10,0.96146756,0.71409106
2024-02-28,1.0323470423836512,21,0.9638998,0.7005889
2024-01-30,-0.07360170288119805,1,1.1612753,0.68540627
2024-02-01,1.800601180884211,3,0.9388915,0.6934702
2024-02-05,-0.9219097780558395,5,0.95399535,0.6978853
2024-02-14,-1.1089160716078175,10,0.9370583,0.6743588
2024-02-29,-0.3750934625833744,21,0.96317875,0.6679671
2024-01-31,-0.06885529016384145,1,1.1545513,0.7054804
2024-02-02,2.825055883396285,3,0.9539289,0.7151975
2024-02-06,-0.5848135933157336,5,0.9581014,0.70755345
2024-02-15,-0.25294605933709763,10,0.9380836,0.6912632
2024-03-04,1.2003955331817457,21,0.95938736,0.69560975
2024-02-01,1.800601180884211,1,0.9388915,0.717883
2024-02-05,-0.9219097780558395,3,0.95399535,0.70605147
2024-02-07,1.287389275689676,5,0.96402943,0.7085763
2024-02-16,1.3286489784156463,10,0.94535285,0.6951316
2024-03-05,-0.9343290803624628,21,0.96797544,0.6854972
2024-02-02,2.825055883396285,1,0.9539289,0.7319189
2024-02-06,-0.5848135933157336,3,0.9581014,0.7144672
2024-02-08,0.4107155024396756,5,0.963389,0.7147641
2024-02-19,1.1822198740180925,10,0.95053947,0.68642527
2024-03-06,-0.29900142180151834,21,0.9619362,0.7011618
2024-02-05,-0.9219097780558395,1,0.95399535,0.69984585
2024-02-07,1.287389275689676,3,0.96402943,0.6931265
2024-02-13,1.112726736354529,5,0.96146756,0.6868077
2024-02-20,-0.8418843290824944,10,0.95469874,0.701893
2024-03-07,0.23180193164805632,21,0.9620711,0.70165044
2024-02-06,-0.5848135933157336,1,0.9581014,0.71748143
2024-02-08,0.4107155024396756,3,0.963389,0.74491507
2024-02-14,-1.1089160716078175,5,0.9370583,0.714507
2024-02-21,-0.16870258322752646,10,0.9552918,0.65492487
2024-03-08,1.2286251938055253,21,0.97251683,0.68709624
2024-02-07,1.287389275689676,1,0.96402943,0.7922836
2024-02-13,1.112726736354529,3,0.96146756,0.86268777
2024-02-15,-0.25294605933709763,5,0.9380836,0.8253769
2024-02-22,0.41221669616690204,10,0.95617956,0.6264811
2024-03-11,-0.7681415792646465,21,0.9717616,0.66726494
2024-02-08,0.4107155024396756,1,0.963389,0.7334679
2024-02-14,-1.1089160716078175,3,0.9370583,0.7329741
2024-02-16,1.3286489784156463,5,0.94535285,0.69730765
2024-02-23,0.12865534249360866,10,0.94998866,0.7057331
2024-03-12,0.8225957891738689,21,0.976003,0.6628666
2024-02-13,1.112726736354529,1,0.96146756,0.7065526
2024-02-15,-0.25294605933709763,3,0.9380836,0.6794484
2024-02-19,1.1822198740180925,5,0.95053947,0.6419339
2024-02-26,-0.775948445378019,10,0.9566945,0.7970495
2024-03-13,0.43755151264178616,21,0.9762533,0.6831464
2024-02-14,-1.1089160716078175,1,0.9370583,0.6849236
2024-02-16,1.3286489784156463,3,0.94535285,0.6481453
2024-02-20,-0.8418843290824944,5,0.95469874,0.6302162
2024-02-27,-0.8357213113689064,10,0.9560363,0.7575818
2024-03-14,0.930842093065971,21,0.97163755,0.7155252
2024-02-15,-0.25294605933709763,1,0.9380836,0.68395114
2024-02-19,1.1822198740180925,3,0.95053947,0.712756
2024-02-21,-0.16870258322752646,5,0.9552918,0.65652865
2024-02-28,1.0323470423836512,10,0.9638998,0.7441368
2024-03-15,-1.9281613744793702,21,0.9944491,0.7456812
2024-02-16,1.3286489784156463,1,0.94535285,0.69843376
2024-02-20,-0.8418843290824944,3,0.95469874,0.7362874
2024-02-22,0.41221669616690204,5,0.95617956,0.6734094
2024-02-29,-0.3750934625833744,10,0.96317875,0.7572317
2024-03-18,0.7099277063285443,21,0.9939016,0.7516634
2024-02-19,1.1822198740180925,1,0.95053947,0.6994551
2024-02-21,-0.16870258322752646,3,0.9552918,0.702842
2024-02-23,0.12865534249360866,5,0.94998866,0.6695898
2024-03-04,1.2003955331817457,10,0.95938736,0.74344474
2024-03-19,-1.1108354742110127,21,1.0056359,0.7321972
2024-02-20,-0.8418843290824944,1,0.95469874,0.7190105
2024-02-22,0.41221669616690204,3,0.95617956,0.68311656
2024-02-26,-0.775948445378019,5,0.9566945,0.66904324
2024-03-05,-0.9343290803624628,10,0.96797544,0.7621153
2024-03-20,1.2707990760099601,21,1.0177736,0.72253215
2024-02-21,-0.16870258322752646,1,0.9552918,0.75186676
2024-02-23,0.12865534249360866,3,0.94998866,0.7189102
2024-02-27,-0.8357213113689064,5,0.9560363,0.7471662
2024-03-06,-0.29900142180151834,10,0.9619362,0.79407877
2024-03-21,2.377346667290354,21,1.0378449,0.7432138
2024-02-22,0.41221669616690204,1,0.95617956,0.7246884
2024-02-26,-0.775948445378019,3,0.9566945,0.727385
2024-02-28,1.0323470423836512,5,0.9638998,0.73561615
2024-03-07,0.23180193164805632,10,0.9620711,0.7815939
2024-03-22,-0.22895041229125812,21,1.035352,0.7654036
2024-02-23,0.12865534249360866,1,0.94998866,0.7167873
2024-02-27,-0.8357213113689064,3,0.9560363,0.72546226
2024-02-29,-0.3750934625833744,5,0.96317875,0.68387014
2024-03-08,1.2286251938055253,10,0.97251683,0.72159356
2024-03-25,-0.40064689246548657,21,1.0372188,0.7571519
2024-02-26,-0.775948445378019,1,0.9566945,0.7031245
2024-02-28,1.0323470423836512,3,0.9638998,0.68147916
2024-03-04,1.2003955331817457,5,0.95938736,0.660578
2024-03-11,-0.7681415792646465,10,0.9717616,0.7239833
2024-03-26,0.7105117002573791,21,1.040342,0.7323587
2024-02-27,-0.8357213113689064,1,0.9560363,0.7044784
2024-02-29,-0.3750934625833744,3,0.96317875,0.6746913
2024-03-05,-0.9343290803624628,5,0.96797544,0.661069
2024-03-12,0.8225957891738689,10,0.976003,0.72611976
2024-03-27,-0.07183993627767257,21,1.0396934,0.71707773
2024-02-28,1.0323470423836512,1,0.9638998,0.7666382
2024-03-04,1.2003955331817457,3,0.95938736,0.72954136
2024-03-06,-0.29900142180151834,5,0.9619362,0.7162618
2024-03-13,0.43755151264178616,10,0.9762533,0.76922095
2024-03-28,-0.3377628000230554,21,1.0222292,0.7396611
2024-02-29,-0.3750934625833744,1,0.96317875,0.7174708
2024-03-05,-0.9343290803624628,3,0.96797544,0.665634
2024-03-07,0.23180193164805632,5,0.9620711,0.66309625
2024-03-14,0.930842093065971,10,0.97163755,0.75401485
2024-03-29,0.02948827813425701,21,1.020207,0.7430751
2024-03-04,1.2003955331817457,1,0.95938736,0.73429215
2024-03-06,-0.29900142180151834,3,0.9619362,0.670872
2024-03-08,1.2286251938055253,5,0.97251683,0.66810995
2024-03-15,-1.9281613744793702,10,0.9944491,0.7463711
2024-04-01,0.04478030288959466,21,0.9696572,0.74491847
2024-03-05,-0.9343290803624628,1,0.96797544,0.7451112
2024-03-07,0.23180193164805632,3,0.9620711,0.70950377
2024-03-11,-0.7681415792646465,5,0.9717616,0.68945974
2024-03-18,0.7099277063285443,10,0.9939016,0.7598745
2024-04-02,0.19268449518133743,21,0.9629967,0.73191476
2024-03-06,-0.29900142180151834,1,0.9619362,0.7559352
2024-03-08,1.2286251938055253,3,0.97251683,0.77505
2024-03-12,0.8225957891738689,5,0.976003,0.6895158
2024-03-19,-1.1108354742110127,10,1.0056359,0.7856108
2024-04-03,-1.6919393595408005,21,0.9889753,0.7657413
2024-03-07,0.23180193164805632,1,0.9620711,0.8130151
2024-03-11,-0.7681415792646465,3,0.9717616,0.84049904
2024-03-13,0.43755151264178616,5,0.9762533,0.7094793
2024-03-20,1.2707990760099601,10,1.0177736,0.8295212
2024-04-04,1.2857663771141614,21,0.9989758,0.785436
2024-03-08,1.2286251938055253,1,0.97251683,0.72258484
2024-03-12,0.8225957891738689,3,0.976003,0.6842506
2024-03-14,0.930842093065971,5,0.97163755,0.6631463
2024-03-21,2.377346667290354,10,1.0378449,0.7771854
2024-04-05,-1.0186660546751907,21,1.008507,0.72087085
2024-03-11,-0.7681415792646465,1,0.9717616,0.7021135
2024-03-13,0.43755151264178616,3,0.9762533,0.6424362
2024-03-15,-1.9281613744793702,5,0.9944491,0.6563173
2024-03-22,-0.22895041229125812,10,1.035352,0.76157004
2024-04-08,0.12665797545232405,21,1.0022938,0.69307643
2024-03-12,0.8225957891738689,1,0.976003,0.6969341
2024-03-14,0.930842093065971,3,0.97163755,0.6850984
2024-03-18,0.7099277063285443,5,0.9939016,0.67857355
2024-03-25,-0.40064689246548657,10,1.0372188,0.7634616
2024-04-09,-0.4606472565981261,21,1.0047657,0.7290076
2024-03-13,0.43755151264178616,1,0.9762533,0.67468965
2024-03-15,-1.9281613744793702,3,0.9944491,0.722602
2024-03-19,-1.1108354742110127,5,1.0056359,0.68288034
2024-03-26,0.7105117002573791,10,1.040342,0.7362801
2024-04-11,0.06651918053268764,21,1.0005052,0.7520844
2024-03-14,0.930842093065971,1,0.97163755,0.6921995
2024-03-18,0.7099277063285443,3,0.9939016,0.78239447
2024-03-20,1.2707990760099601,5,1.0177736,0.6962493
2024-03-27,-0.07183993627767257,10,1.0396934,0.7104096
2024-04-12,-0.9330525584045322,21,1.0095991,0.79060555
2024-03-15,-1.9281613744793702,1,0.9944491,0.67140007
2024-03-19,-1.1108354742110127,3,1.0056359,0.7248943
2024-03-21,2.377346667290354,5,1.0378449,0.6768439
2024-03-28,-0.3377628000230554,10,1.0222292,0.7163295
2024-04-15,-0.42562114674854196,21,0.99908334,0.74800855
2024-03-18,0.7099277063285443,1,0.9939016,0.70862234
2024-03-20,1.2707990760099601,3,1.0177736,0.7894291
2024-03-22,-0.22895041229125812,5,1.035352,0.70228547
2024-03-29,0.02948827813425701,10,1.020207,0.77097857
2024-04-16,-2.3031078608252527,21,0.9906031,0.749426
2024-03-19,-1.1108354742110127,1,1.0056359,0.74541545
2024-03-21,2.377346667290354,3,1.0378449,0.83178425
2024-03-25,-0.40064689246548657,5,1.0372188,0.70661086
2024-04-01,0.04478030288959466,10,0.9696572,0.8000994
2024-04-17,-0.9800187443506917,21,1.000593,0.7504498
2024-03-20,1.2707990760099601,1,1.0177736,0.84966177
2024-03-22,-0.22895041229125812,3,1.035352,1.0021144
2024-03-26,0.7105117002573791,5,1.040342,0.8599548
2024-04-02,0.19268449518133743,10,0.9629967,0.82065386
2024-04-18,1.936108850262839,21,1.0161784,0.8575897
2024-03-21,2.377346667290354,1,1.0378449,0.9599286
2024-03-25,-0.40064689246548657,3,1.0372188,1.0231713
2024-03-27,-0.07183993627767257,5,1.0396934,1.0035247
2024-04-03,-1.6919393595408005,10,0.9889753,0.8991271
2024-04-19,-1.639349885508548,21,1.0394188,0.8668275
2024-03-22,-0.22895041229125812,1,1.035352,0.88913435
2024-03-26,0.7105117002573791,3,1.040342,0.94220823
2024-03-28,-0.3377628000230554,5,1.0222292,0.8255858
2024-04-04,1.2857663771141614,10,0.9989758,0.89550066
2024-04-22,1.439506734545626,21,1.0522368,0.7945643
2024-03-25,-0.40064689246548657,1,1.0372188,1.0358958
2024-03-27,-0.07183993627767257,3,1.0396934,1.0427424
2024-03-29,0.02948827813425701,5,1.020207,0.92541915
2024-04-05,-1.0186660546751907,10,1.008507,1.030971
2024-04-23,-0.24445403181543468,21,1.0514851,0.84563047
2024-03-26,0.7105117002573791,1,1.040342,0.7698685
2024-03-28,-0.3377628000230554,3,1.0222292,0.72064304
2024-04-01,0.04478030288959466,5,0.9696572,0.77419543
2024-04-08,0.12665797545232405,10,1.0022938,0.8048729
2024-04-24,1.9903381723553808,21,1.0793419,0.7591451
2024-03-27,-0.07183993627767257,1,1.0396934,0.778332
2024-03-29,0.02948827813425701,3,1.020207,0.7212703
2024-04-02,0.19268449518133743,5,0.9629967,0.7781327
2024-04-09,-0.4606472565981261,10,1.0047657,0.7994727
2024-04-25,-1.7770676651196353,21,1.1067498,0.76848704
2024-03-28,-0.3377628000230554,1,1.0222292,0.7327464
2024-04-01,0.04478030288959466,3,0.9696572,0.69426537
2024-04-03,-1.6919393595408005,5,0.9889753,0.6991336
2024-04-11,0.06651918053268764,10,1.0005052,0.7373163
2024-04-26,1.0486462063848518,21,1.1088942,0.74543154
2024-03-29,0.02948827813425701,1,1.020207,0.73831785
2024-04-02,0.19268449518133743,3,0.9629967,0.7728639
2024-04-04,1.2857663771141614,5,0.9989758,0.73659664
2024-04-12,-0.9330525584045322,10,1.0095991,0.72799706
2024-04-29,1.1643545525353822,21,1.1170837,0.76544636
2024-04-01,0.04478030288959466,1,0.9696572,0.7096581
2024-04-03,-1.6919393595408005,3,0.9889753,0.7368845
2024-04-05,-1.0186660546751907,5,1.008507,0.7072587
2024-04-15,-0.42562114674854196,10,0.99908334,0.73892707
2024-04-30,0.17176757406587434,21,1.1168213,0.7560748
2024-04-02,0.19268449518133743,1,0.9629967,0.7358326
2024-04-04,1.2857663771141614,3,0.9989758,0.7490428
2024-04-08,0.12665797545232405,5,1.0022938,0.7291263
2024-04-16,-2.3031078608252527,10,0.9906031,0.72653073
2024-05-02,-0.3128949728547719,21,1.0962265,0.7814652
2024-04-03,-1.6919393595408005,1,0.9889753,0.6839189
2024-04-05,-1.0186660546751907,3,1.008507,0.6650668
2024-04-09,-0.4606472565981261,5,1.0047657,0.64802414
2024-04-17,-0.9800187443506917,10,1.000593,0.7412875
2024-05-03,-0.2619275047602022,21,1.0365033,0.72910786
2024-04-04,1.2857663771141614,1,0.9989758,0.766316
2024-04-08,0.12665797545232405,3,1.0022938,0.8039259
2024-04-11,0.06651918053268764,5,1.0005052,0.74085957
2024-04-18,1.936108850262839,10,1.0161784,0.73777956
2024-05-07,2.1338947335576304,21,1.063237,0.7852031
2024-04-05,-1.0186660546751907,1,1.008507,0.79657906
2024-04-09,-0.4606472565981261,3,1.0047657,0.81257373
2024-04-12,-0.9330525584045322,5,1.0095991,0.7440306
2024-04-19,-1.639349885508548,10,1.0394188,0.7672539
2024-05-08,0.39018633991123763,21,1.0602019,0.7756003
2024-04-08,0.12665797545232405,1,1.0022938,0.94225335
2024-04-11,0.06651918053268764,3,1.0005052,1.0142173
2024-04-15,-0.42562114674854196,5,0.99908334,0.8913141
2024-04-22,1.439506734545626,10,1.0522368,0.8088703
2024-05-09,-1.2061355962706333,21,1.0619704,0.77562094
2024-04-09,-0.4606472565981261,1,1.0047657,1.0741765
2024-04-12,-0.9330525584045322,3,1.0095991,1.201974
2024-04-16,-2.3031078608252527,5,0.9906031,0.9863993
2024-04-23,-0.24445403181543468,10,1.0514851,0.8687086
2024-05-10,0.5695105764066458,21,1.0630457,0.89559907
2024-04-11,0.06651918053268764,1,1.0005052,0.87014157
2024-04-15,-0.42562114674854196,3,0.99908334,0.90570927
2024-04-17,-0.9800187443506917,5,1.000593,0.78680176
2024-04-24,1.9903381723553808,10,1.0793419,0.8930304
2024-05-13,-0.015396304487675034,21,1.0541742,0.7617839
2024-04-12,-0.9330525584045322,1,1.0095991,0.9047148
2024-04-16,-2.3031078608252527,3,0.9906031,0.9252014
2024-04-18,1.936108850262839,5,1.0161784,0.78557014
2024-04-25,-1.7770676651196353,10,1.1067498,0.83758295
2024-05-14,0.11470814810079538,21,1.0431904,0.7848357
2024-04-15,-0.42562114674854196,1,0.99908334,0.8357767
2024-04-17,-0.9800187443506917,3,1.000593,0.79913527
2024-04-19,-1.639349885508548,5,1.0394188,0.7342658
2024-04-26,1.0486462063848518,10,1.1088942,0.84636045
2024-05-16,0.8265050403427682,21,1.0468546,0.7171901
2024-04-16,-2.3031078608252527,1,0.9906031,0.8871964
2024-04-18,1.936108850262839,3,1.0161784,0.86989725
2024-04-22,1.439506734545626,5,1.0522368,0.8301045
2024-04-29,1.1643545525353822,10,1.1170837,0.86320245
2024-05-17,-1.0362214299954524,21,1.0438085,0.7903616
2024-04-17,-0.9800187443506917,1,1.000593,0.9596407
2024-04-19,-1.639349885508548,3,1.0394188,0.93085253
2024-04-23,-0.24445403181543468,5,1.0514851,0.902016
2024-04-30,0.17176757406587434,10,1.1168213,0.9035744
2024-05-20,0.6409586423915953,21,1.0361423,0.82635176
2024-04-18,1.936108850262839,1,1.0161784,1.1947304
2024-04-22,1.439506734545626,3,1.0522368,1.1853819
2024-04-24,1.9903381723553808,5,1.0793419,1.081138
2024-05-02,-0.3128949728547719,10,1.0962265,1.0383486
2024-05-21,-0.6571157978712612,21,1.0337547,0.949214
2024-04-19,-1.639349885508548,1,1.0394188,1.1381195
2024-04-23,-0.24445403181543468,3,1.0514851,1.1127847
2024-04-25,-1.7770676651196353,5,1.1067498,1.0164547
2024-05-03,-0.2619275047602022,10,1.0365033,1.1539507
2024-05-22,-0.02643238986107691,21,1.0334283,0.8866855
2024-04-22,1.439506734545626,1,1.0522368,1.4615868
2024-04-24,1.9903381723553808,3,1.0793419,1.3168157
2024-04-26,1.0486462063848518,5,1.1088942,1.2604737
2024-05-07,2.1338947335576304,10,1.063237,1.5112679
2024-05-23,-0.06059947030443429,21,1.0323712,1.0156285
2024-04-23,-0.24445403181543468,1,1.0514851,1.3616854
2024-04-25,-1.7770676651196353,3,1.1067498,1.222575
2024-04-29,1.1643545525353822,5,1.1170837,1.0795894
2024-05-08,0.39018633991123763,10,1.0602019,1.475619
2024-05-24,-1.2648483304349523,21,1.0458295,0.9429557
2024-04-24,1.9903381723553808,1,1.0793419,1.266195
2024-04-26,1.0486462063848518,3,1.1088942,1.2808185
2024-04-30,0.17176757406587434,5,1.1168213,1.0109713
2024-05-09,-1.2061355962706333,10,1.0619704,1.1605262
2024-05-27,1.308189927867883,21,1.0537828,0.9747573
2024-04-25,-1.7770676651196353,1,1.1067498,1.0381805
2024-04-29,1.1643545525353822,3,1.1170837,1.1072543
2024-05-02,-0.3128949728547719,5,1.0962265,0.8052019
2024-05-10,0.5695105764066458,10,1.0630457,0.979075
2024-05-28,-0.005137594049700934,21,1.0474252,0.888858
2024-04-26,1.0486462063848518,1,1.1088942,1.2681868
2024-04-30,0.17176757406587434,3,1.1168213,1.2302915
2024-05-03,-0.2619275047602022,5,1.0365033,1.0126901
2024-05-13,-0.015396304487675034,10,1.0541742,1.1745023
2024-05-29,-1.6870319495516934,21,1.0633934,0.9499121
2024-04-29,1.1643545525353822,1,1.1170837,1.3312693
2024-05-02,-0.3128949728547719,3,1.0962265,1.3532773
2024-05-07,2.1338947335576304,5,1.063237,1.0563487
2024-05-14,0.11470814810079538,10,1.0431904,1.2320735
2024-05-30,-1.575871349995402,21,1.082008,1.0191349
2024-04-30,0.17176757406587434,1,1.1168213,1.0865202
2024-05-03,-0.2619275047602022,3,1.0365033,1.2105429
2024-05-08,0.39018633991123763,5,1.0602019,0.85023284
2024-05-16,0.8265050403427682,10,1.0468546,1.0185163
2024-05-31,0.04097444396823345,21,1.0704184,0.87563705
2024-05-02,-0.3128949728547719,1,1.0962265,0.9610907
2024-05-07,2.1338947335576304,3,1.063237,1.0393242
2024-05-09,-1.2061355962706333,5,1.0619704,0.7961741
2024-05-17,-1.0362214299954524,10,1.0438085,0.9176994
2024-06-03,1.7296785325341921,21,1.0871258,0.83851373
2024-05-03,-0.2619275047602022,1,1.0365033,0.8077141
2024-05-08,0.39018633991123763,3,1.0602019,0.81167346
2024-05-10,0.5695105764066458,5,1.0630457,0.7434924
2024-05-20,0.6409586423915953,10,1.0361423,0.8321779
2024-06-04,-0.7641336816145348,21,1.0910953,0.7458892
2024-05-07,2.1338947335576304,1,1.063237,0.76807445
2024-05-09,-1.2061355962706333,3,1.0619704,0.79905343
2024-05-13,-0.015396304487675034,5,1.0541742,0.8026725
2024-05-21,-0.6571157978712612,10,1.0337547,0.80338216
2024-06-05,1.0239981039855608,21,1.0985562,0.77610517
2024-05-08,0.39018633991123763,1,1.0602019,0.7494958
2024-05-10,0.5695105764066458,3,1.0630457,0.78135705
2024-05-14,0.11470814810079538,5,1.0431904,0.75224406
2024-05-22,-0.02643238986107691,10,1.0334283,0.7391267
2024-06-07,1.2257685057996768,21,1.0985032,0.74373
2024-05-09,-1.2061355962706333,1,1.0619704,0.71725786
2024-05-13,-0.015396304487675034,3,1.0541742,0.7518244
2024-05-16,0.8265050403427682,5,1.0468546,0.7097312
2024-05-23,-0.06059947030443429,10,1.0323712,0.70265347
2024-06-10,-0.7928004229967021,21,1.09881,0.7598453
2024-05-10,0.5695105764066458,1,1.0630457,0.7330167
2024-05-14,0.11470814810079538,3,1.0431904,0.77557904
2024-05-17,-1.0362214299954524,5,1.0438085,0.7162167
2024-05-24,-1.2648483304349523,10,1.0458295,0.70483553
2024-06-11,0.15352464563969914,21,1.0939701,0.77231646
2024-05-13,-0.015396304487675034,1,1.0541742,0.7280046
2024-05-16,0.8265050403427682,3,1.0468546,0.7825059
2024-05-20,0.6409586423915953,5,1.0361423,0.7123576
2024-05-27,1.308189927867883,10,1.0537828,0.7306764
2024-06-12,0.841079610315301,21,1.0978482,0.77996635
2024-05-14,0.11470814810079538,1,1.0431904,0.69399804
2024-05-17,-1.0362214299954524,3,1.0438085,0.7089905
2024-05-21,-0.6571157978712612,5,1.0337547,0.66493744
2024-05-28,-0.005137594049700934,10,1.0474252,0.7662947
2024-06-13,0.9746449291135368,21,1.0984776,0.72725534
2024-05-16,0.8265050403427682,1,1.0468546,0.7143508
2024-05-20,0.6409586423915953,3,1.0361423,0.72217864
2024-05-22,-0.02643238986107691,5,1.0334283,0.6868326
2024-05-29,-1.6870319495516934,10,1.0633934,0.7392274
2024-06-14,0.1280548308749438,21,1.0682646,0.74560237
2024-05-17,-1.0362214299954524,1,1.0438085,0.6919283
2024-05-21,-0.6571157978712612,3,1.0337547,0.6917448
2024-05-23,-0.06059947030443429,5,1.0323712,0.6672954
2024-05-30,-1.575871349995402,10,1.082008,0.75485224
2024-06-17,-0.5204835782618357,21,1.0673134,0.73240346
2024-05-20,0.6409586423915953,1,1.0361423,0.7276236
2024-05-22,-0.02643238986107691,3,1.0334283,0.7578235
2024-05-24,-1.2648483304349523,5,1.0458295,0.7041677
2024-05-31,0.04097444396823345,10,1.0704184,0.75204855
2024-06-18,0.7196745724472453,21,1.0601208,0.78171325
2024-05-21,-0.6571157978712612,1,1.0337547,0.7411667
2024-05-23,-0.06059947030443429,3,1.0323712,0.7712675
2024-05-27,1.308189927867883,5,1.0537828,0.70576805
2024-06-03,1.7296785325341921,10,1.0871258,0.73019624
2024-06-19,1.2015485082056512,21,1.0588242,0.78079253
2024-05-22,-0.02643238986107691,1,1.0334283,0.7533049
2024-05-24,-1.2648483304349523,3,1.0458295,0.8224645
2024-05-28,-0.005137594049700934,5,1.0474252,0.75398827
2024-06-04,-0.7641336816145348,10,1.0910953,0.7023264
2024-06-20,0.36752506183699196,21,1.0153328,0.78041095
2024-05-23,-0.06059947030443429,1,1.0323712,0.71663487
2024-05-27,1.308189927867883,3,1.0537828,0.7110099
2024-05-29,-1.6870319495516934,5,1.0633934,0.6797181
2024-06-05,1.0239981039855608,10,1.0985562,0.7342106
2024-06-21,-0.8358536937343859,21,1.0209801,0.749494
2024-05-24,-1.2648483304349523,1,1.0458295,0.68335015
2024-05-28,-0.005137594049700934,3,1.0474252,0.6706508
2024-05-30,-1.575871349995402,5,1.082008,0.6545466
2024-06-07,1.2257685057996768,10,1.0985032,0.7537678
2024-06-24,-0.7039158467945198,21,1.0238521,0.7294019
2024-05-27,1.308189927867883,1,1.0537828,0.71774095
2024-05-29,-1.6870319495516934,3,1.0633934,0.6777845
2024-05-31,0.04097444396823345,5,1.0704184,0.6736972
2024-06-10,-0.7928004229967021,10,1.09881,0.74738365
2024-06-25,0.348789053994652,21,1.0207562,0.7340074
2024-05-28,-0.005137594049700934,1,1.0474252,0.7739726
2024-05-30,-1.575871349995402,3,1.082008,0.7139479
2024-06-03,1.7296785325341921,5,1.0871258,0.75362706
2024-06-11,0.15352464563969914,10,1.0939701,0.7494898
2024-06-26,0.634524604193723,21,1.0238601,0.78242916
2024-05-29,-1.6870319495516934,1,1.0633934,0.7169931
2024-05-31,0.04097444396823345,3,1.0704184,0.67096436
2024-06-04,-0.7641336816145348,5,1.0910953,0.6613152
2024-06-12,0.841079610315301,10,1.0978482,0.72161615
2024-06-27,-0.2865795527271967,21,1.0235764,0.7232496
2024-05-30,-1.575871349995402,1,1.082008,0.7971576
2024-06-03,1.7296785325341921,3,1.0871258,0.72034633
2024-06-05,1.0239981039855608,5,1.0985562,0.71964616
2024-06-13,0.9746449291135368,10,1.0984776,0.80568576
2024-06-28,0.4930251931300913,21,1.0253735,0.767861
2024-05-31,0.04097444396823345,1,1.0704184,0.88866997
2024-06-04,-0.7641336816145348,3,1.0910953,0.8852793
2024-06-07,1.2257685057996768,5,1.0985032,0.76758236
2024-06-14,0.1280548308749438,10,1.0682646,0.91180587
2024-07-01,0.23169733621633662,21,1.0257007,0.80195683
2024-06-03,1.7296785325341921,1,1.0871258,1.043232
2024-06-05,1.0239981039855608,3,1.0985562,1.0284536
2024-06-10,-0.7928004229967021,5,1.09881,0.8339474
2024-06-17,-0.5204835782618357,10,1.0673134,1.0515267
2024-07-02,-0.8397269293773588,21,1.0316342,0.86303693
2024-06-04,-0.7641336816145348,1,1.0910953,0.93205434
2024-06-07,1.2257685057996768,3,1.0985032,0.93771666
2024-06-11,0.15352464563969914,5,1.0939701,0.75133306
2024-06-18,0.7196745724472453,10,1.0601208,0.89796364
2024-07-03,0.4717572411714337,21,1.0084519,0.82483715
2024-06-05,1.0239981039855608,1,1.0985562,0.91859454
2024-06-10,-0.7928004229967021,3,1.09881,0.94491434
2024-06-12,0.841079610315301,5,1.0978482,0.7531436
2024-06-19,1.2015485082056512,10,1.0588242,0.8206949
2024-07-04,1.100926127157778,21,1.0048975,0.8524315
2024-06-07,1.2257685057996768,1,1.0985032,0.7633773
2024-06-11,0.15352464563969914,3,1.0939701,0.82896256
2024-06-13,0.9746449291135368,5,1.0984776,0.7346456
2024-06-20,0.36752506183699196,10,1.0153328,0.71710503
2024-07-05,1.3113929770547463,21,1.00793,0.8109371
2024-06-10,-0.7928004229967021,1,1.09881,0.81282485
2024-06-12,0.841079610315301,3,1.0978482,0.88500214
2024-06-14,0.1280548308749438,5,1.0682646,0.769984
2024-06-21,-0.8358536937343859,10,1.0209801,0.704247
2024-07-08,-0.15629298724909943,21,1.0084103,0.78544474
2024-06-11,0.15352464563969914,1,1.0939701,0.8205036
2024-06-13,0.9746449291135368,3,1.0984776,0.8569139
2024-06-17,-0.5204835782618357,5,1.0673134,0.7763053
2024-06-24,-0.7039158467945198,10,1.0238521,0.7370132
2024-07-09,0.33605753853528236,21,1.0063632,0.782033
2024-06-12,0.841079610315301,1,1.0978482,0.70770895
2024-06-14,0.1280548308749438,3,1.0682646,0.711498
2024-06-18,0.7196745724472453,5,1.0601208,0.71714365
2024-06-25,0.348789053994652,10,1.0207562,0.7108219
2024-07-10,0.02127525992852297,21,1.0064034,0.7065781
2024-06-13,0.9746449291135368,1,1.0984776,0.680082
2024-06-17,-0.5204835782618357,3,1.0673134,0.65724707
2024-06-19,1.2015485082056512,5,1.0588242,0.6722933
2024-06-26,0.634524604193723,10,1.0238601,0.7362883
2024-07-11,0.8112122281097642,21,1.001345,0.7251423
2024-06-14,0.1280548308749438,1,1.0682646,0.6897975
2024-06-18,0.7196745724472453,3,1.0601208,0.6580514
2024-06-20,0.36752506183699196,5,1.0153328,0.66867876
2024-06-27,-0.2865795527271967,10,1.0235764,0.73998564
2024-07-12,-1.1951431608366552,21,1.0133777,0.7208478
2024-06-17,-0.5204835782618357,1,1.0673134,0.70737106
2024-06-19,1.2015485082056512,3,1.0588242,0.7112769
2024-06-21,-0.8358536937343859,5,1.0209801,0.67436683
2024-06-28,0.4930251931300913,10,1.0253735,0.74394614
2024-07-15,0.13711008697752988,21,0.9624744,0.7651442
2024-06-18,0.7196745724472453,1,1.0601208,0.707917
2024-06-20,0.36752506183699196,3,1.0153328,0.73568916
2024-06-24,-0.7039158467945198,5,1.0238521,0.68881553
2024-07-01,0.23169733621633662,10,1.0257007,0.7066992
2024-07-16,0.18055381119840808,21,0.95090604,0.76428854
2024-06-19,1.2015485082056512,1,1.0588242,0.7027436
2024-06-21,-0.8358536937343859,3,1.0209801,0.72294754
2024-06-25,0.348789053994652,5,1.0207562,0.6807424
2024-07-02,-0.8397269293773588,10,1.0316342,0.7292174
2024-07-17,-0.7986916100819499,21,0.9302609,0.7704985
2024-06-20,0.36752506183699196,1,1.0153328,0.6785827
2024-06-24,-0.7039158467945198,3,1.0238521,0.6973264
2024-06-26,0.634524604193723,5,1.0238601,0.6598327
2024-07-03,0.4717572411714337,10,1.0084519,0.7465864
2024-07-18,-0.6683561924626571,21,0.9071714,0.75774914
2024-06-21,-0.8358536937343859,1,1.0209801,0.6868461
2024-06-25,0.348789053994652,3,1.0207562,0.72335905
2024-06-27,-0.2865795527271967,5,1.0235764,0.6616262
2024-07-04,1.100926127157778,10,1.0048975,0.7370599
2024-07-19,-1.0281625506734395,21,0.9033336,0.78580344
2024-06-24,-0.7039158467945198,1,1.0238521,0.69663167
2024-06-26,0.634524604193723,3,1.0238601,0.75520426
2024-06-28,0.4930251931300913,5,1.0253735,0.67246777
2024-07-05,1.3113929770547463,10,1.00793,0.7405815
2024-07-22,-1.1495044280203544,21,0.9166755,0.81134975
2024-06-25,0.348789053994652,1,1.0207562,0.67916465
2024-06-27,-0.2865795527271967,3,1.0235764,0.7505573
2024-07-01,0.23169733621633662,5,1.0257007,0.67910475
2024-07-08,-0.15629298724909943,10,1.0084103,0.7372282
2024-07-23,0.38932582680161804,21,0.88301486,0.8002735
2024-06-26,0.634524604193723,1,1.0238601,0.6923785
2024-06-28,0.4930251931300913,3,1.0253735,0.70512336
2024-07-02,-0.8397269293773588,5,1.0316342,0.6670955
2024-07-09,0.33605753853528236,10,1.0063632,0.7407514
2024-07-24,-0.56317076823768,21,0.85362136,0.7760431
2024-06-27,-0.2865795527271967,1,1.0235764,0.6947797
2024-07-01,0.23169733621633662,3,1.0257007,0.6902447
2024-07-03,0.4717572411714337,5,1.0084519,0.6610405
2024-07-10,0.02127525992852297,10,1.0064034,0.7590592
2024-07-25,-1.757474250038112,21,0.87625104,0.75249094
2024-06-28,0.4930251931300913,1,1.0253735,0.68933207
2024-07-02,-0.8397269293773588,3,1.0316342,0.71662706
2024-07-04,1.100926127157778,5,1.0048975,0.6915781
2024-07-11,0.8112122281097642,10,1.001345,0.77261645
2024-07-26,0.7808879567634224,21,0.8692353,0.7813827
2024-07-01,0.23169733621633662,1,1.0257007,0.67579883
2024-07-03,0.4717572411714337,3,1.0084519,0.71414524
2024-07-05,1.3113929770547463,5,1.00793,0.6897427
2024-07-12,-1.1951431608366552,10,1.0133777,0.78223264
2024-07-29,1.2235006864367308,21,0.8826973,0.77014995
2024-07-02,-0.8397269293773588,1,1.0316342,0.682511
2024-07-04,1.100926127157778,3,1.0048975,0.6945786
2024-07-08,-0.15629298724909943,5,1.0084103,0.68628645
2024-07-15,0.13711008697752988,10,0.9624744,0.77340305
2024-07-30,-0.9935212157320414,21,0.89170057,0.74156564
2024-07-03,0.4717572411714337,1,1.0084519,0.68588114
2024-07-05,1.3113929770547463,3,1.00793,0.66315687
2024-07-09,0.33605753853528236,5,1.0063632,0.673442
2024-07-16,0.18055381119840808,10,0.95090604,0.7833377
2024-07-31,1.179926872688548,21,0.90296066,0.7309817
2024-07-04,1.100926127157778,1,1.0048975,0.6759311
2024-07-08,-0.15629298724909943,3,1.0084103,0.6551976
2024-07-10,0.02127525992852297,5,1.0064034,0.63931775
2024-07-17,-0.7986916100819499,10,0.9302609,0.7582281
2024-08-01,0.2519656797368893,21,0.8613406,0.7307902
2024-07-05,1.3113929770547463,1,1.00793,0.6742894
2024-07-09,0.33605753853528236,3,1.0063632,0.64281505
2024-07-11,0.8112122281097642,5,1.001345,0.6325146
2024-07-18,-0.6683561924626571,10,0.9071714,0.7576687
2024-08-02,-3.7221902956407593,21,0.98642147,0.7326415
2024-07-08,-0.15629298724909943,1,1.0084103,0.6697055
2024-07-10,0.02127525992852297,3,1.0064034,0.63609624
2024-07-12,-1.1951431608366552,5,1.0133777,0.6318206
2024-07-19,-1.0281625506734395,10,0.9033336,0.76172453
2024-08-05,-9.176101582349554,21,1.531705,0.71670455
2024-07-09,0.33605753853528236,1,1.0063632,0.6809991
2024-07-11,0.8112122281097642,3,1.001345,0.6210492
2024-07-15,0.13711008697752988,5,0.9624744,0.63845384
2024-07-22,-1.1495044280203544,10,0.9166755,0.7701271
2024-08-06,3.2478570138184297,21,1.5916313,0.69479555
2024-07-10,0.02127525992852297,1,1.0064034,0.6851177
2024-07-12,-1.1951431608366552,3,1.0133777,0.6342751
2024-07-16,0.18055381119840808,5,0.95090604,0.6545094
2024-07-23,0.38932582680161804,10,0.88301486,0.76132417
2024-08-07,1.817532252436837,21,1.6113466,0.68762475
2024-07-11,0.8112122281097642,1,1.001345,0.69201463
2024-07-15,0.13711008697752988,3,0.9624744,0.6461118
2024-07-17,-0.7986916100819499,5,0.9302609,0.6610587
2024-07-24,-0.56317076823768,10,0.85362136,0.75720614
2024-08-08,-0.45579055814379915,21,1.6117414,0.6922557
2024-07-12,-1.1951431608366552,1,1.0133777,0.6823238
2024-07-16,0.18055381119840808,3,0.95090604,0.6425793
2024-07-18,-0.6683561924626571,5,0.9071714,0.6532802
2024-07-25,-1.757474250038112,10,0.87625104,0.77276003
2024-08-09,1.2322397292335705,21,1.6165789,0.6897902
2024-07-15,0.13711008697752988,1,0.9624744,0.69401056
2024-07-17,-0.7986916100819499,3,0.9302609,0.6356954
2024-07-19,-1.0281625506734395,5,0.9033336,0.6514942
2024-07-26,0.7808879567634224,10,0.8692353,0.77372813
2024-08-12,1.1473782966726047,21,1.6197836,0.7099582
2024-07-16,0.18055381119840808,1,0.95090604,0.6976991
2024-07-18,-0.6683561924626571,3,0.9071714,0.62580717
2024-07-22,-1.1495044280203544,5,0.9166755,0.64810723
2024-07-29,1.2235006864367308,10,0.8826973,0.784764
2024-08-13,0.12214021679717865,21,1.6173267,0.7221505
2024-07-17,-0.7986916100819499,1,0.9302609,0.7053659
2024-07-19,-1.0281625506734395,3,0.9033336,0.65392137
2024-07-23,0.38932582680161804,5,0.88301486,0.6532157
2024-07-30,-0.9935212157320414,10,0.89170057,0.78116417
2024-08-14,0.873533849344724,21,1.6200584,0.7370591
2024-07-18,-0.6683561924626571,1,0.9071714,0.7082283
2024-07-22,-1.1495044280203544,3,0.9166755,0.6340039
2024-07-24,-0.56317076823768,5,0.85362136,0.6443265
2024-07-31,1.179926872688548,10,0.90296066,0.7689057
2024-08-16,1.9743301697017503,21,1.6409966,0.7270439
2024-07-19,-1.0281625506734395,1,0.9033336,0.6956028
2024-07-23,0.38932582680161804,3,0.88301486,0.66338384
2024-07-25,-1.757474250038112,5,0.87625104,0.6705158
2024-08-01,0.2519656797368893,10,0.8613406,0.75312877
2024-08-19,-0.8515173667480262,21,1.6445327,0.7275389
2024-07-22,-1.1495044280203544,1,0.9166755,0.7264912
2024-07-24,-0.56317076823768,3,0.85362136,0.6755855
2024-07-26,0.7808879567634224,5,0.8692353,0.6883522
2024-08-02,-3.7221902956407593,10,0.98642147,0.7519735
2024-08-20,0.8292662266021336,21,1.6400821,0.7459155
2024-07-23,0.38932582680161804,1,0.88301486,0.73570144
2024-07-25,-1.757474250038112,3,0.87625104,0.73196477
2024-07-29,1.2235006864367308,5,0.8826973,0.71588004
2024-08-05,-9.176101582349554,10,1.531705,0.7421326
2024-08-21,0.16673587702771756,21,1.6313132,0.7884624
2024-07-24,-0.56317076823768,1,0.85362136,0.7593734
2024-07-26,0.7808879567634224,3,0.8692353,0.80323637
2024-07-30,-0.9935212157320414,5,0.89170057,0.7514678
2024-08-06,3.2478570138184297,10,1.5916313,0.73424244
2024-08-22,0.2418297029259059,21,1.631646,0.80737174
2024-07-25,-1.757474250038112,1,0.87625104,0.8485378
2024-07-29,1.2235006864367308,3,0.8826973,0.95385087
2024-07-31,1.179926872688548,5,0.90296066,0.8052507
2024-08-07,1.817532252436837,10,1.6113466,0.7115144
2024-08-23,-0.2210976180525318,21,1.617008,0.842609
2024-07-26,0.7808879567634224,1,0.8692353,0.9540272
2024-07-30,-0.9935212157320414,3,0.89170057,1.1107469
2024-08-01,0.2519656797368893,5,0.8613406,0.85392493
2024-08-08,-0.45579055814379915,10,1.6117414,0.8326687
2024-08-26,-0.1363013590984033,21,1.6036258,0.91156924
2024-07-29,1.2235006864367308,1,0.8826973,0.9929803
2024-07-31,1.179926872688548,3,0.90296066,1.0953988
2024-08-02,-3.7221902956407593,5,0.98642147,0.8593873
2024-08-09,1.2322397292335705,10,1.6165789,0.93330866
2024-08-27,-0.3252123517505082,21,1.6043153,0.88075733
2024-07-30,-0.9935212157320414,1,0.89170057,0.8676083
2024-08-01,0.2519656797368893,3,0.8613406,0.9702686
2024-08-05,-9.176101582349554,5,1.531705,0.76506454
2024-08-12,1.1473782966726047,10,1.6197836,0.81188107
2024-08-28,0.021567930531758473,21,1.5887774,0.8417795
2024-07-31,1.179926872688548,1,0.90296066,0.95178074
2024-08-02,-3.7221902956407593,3,0.98642147,1.0557239
2024-08-06,3.2478570138184297,5,1.5916313,0.8411735
2024-08-13,0.12214021679717865,10,1.6173267,0.76102614
2024-08-29,-1.029511411727544,21,1.591321,0.90473324
2024-08-01,0.2519656797368893,1,0.8613406,0.9193484
2024-08-05,-9.176101582349554,3,1.531705,1.0280855
2024-08-07,1.817532252436837,5,1.6113466,0.9041685
2024-08-14,0.873533849344724,10,1.6200584,0.7067252
2024-08-30,0.450851554131717,21,1.5867844,0.9325197
2024-08-02,-3.7221902956407593,1,0.98642147,0.788642
2024-08-06,3.2478570138184297,3,1.5916313,0.9518265
2024-08-08,-0.45579055814379915,5,1.6117414,0.79304826
2024-08-16,1.9743301697017503,10,1.6409966,0.71180457
2024-09-02,0.24984341944853647,21,1.5788904,0.86932385
2024-08-05,-9.176101582349554,1,1.531705,0.8973697
2024-08-07,1.817532252436837,3,1.6113466,1.0213171
2024-08-09,1.2322397292335705,5,1.6165789,0.89309305
2024-08-19,-0.8515173667480262,10,1.6445327,0.8163957
2024-09-03,-0.6124692026616798,21,1.5775765,0.8587151
2024-08-06,3.2478570138184297,1,1.5916313,1.44443
2024-08-08,-0.45579055814379915,3,1.6117414,1.5296988
2024-08-12,1.1473782966726047,5,1.6197836,1.2800723
2024-08-20,0.8292662266021336,10,1.6400821,1.248742
2024-09-04,-3.1965719918635003,21,1.6296588,1.0483642
2024-08-07,1.817532252436837,1,1.6113466,1.594755
2024-08-09,1.2322397292335705,3,1.6165789,1.5422186
2024-08-13,0.12214021679717865,5,1.6173267,1.349898
2024-08-21,0.16673587702771756,10,1.6313132,1.3926555
2024-09-05,-0.20557572850675518,21,1.625244,1.1000576
2024-08-08,-0.45579055814379915,1,1.6117414,1.5213104
2024-08-12,1.1473782966726047,3,1.6197836,1.5518248
2024-08-14,0.873533849344724,5,1.6200584,1.3749744
2024-08-22,0.2418297029259059,10,1.631646,1.3218151
2024-09-06,-1.2195976194221438,21,1.6254319,1.0905277
2024-08-09,1.2322397292335705,1,1.6165789,1.3299608
2024-08-13,0.12214021679717865,3,1.6173267,1.2706861
2024-08-16,1.9743301697017503,5,1.6409966,1.1641299
2024-08-23,-0.2210976180525318,10,1.617008,1.2615812
2024-09-09,-0.32873071152518607,21,1.6252604,0.95079505
2024-08-12,1.1473782966726047,1,1.6197836,1.2415468
2024-08-14,0.873533849344724,3,1.6200584,1.2029707
2024-08-19,-0.8515173667480262,5,1.6445327,1.0765047
2024-08-26,-0.1363013590984033,10,1.6036258,1.2366571
2024-09-10,-0.49413466414941337,21,1.6251594,0.9345176
2024-08-13,0.12214021679717865,1,1.6173267,1.1298192
2024-08-16,1.9743301697017503,3,1.6409966,1.0909407
2024-08-20,0.8292662266021336,5,1.6400821,1.0152344
2024-08-27,-0.3252123517505082,10,1.6043153,1.1465216
2024-09-11,-0.39945313421354933,21,1.621547,0.8748205
2024-08-14,0.873533849344724,1,1.6200584,1.0106899
2024-08-19,-0.8515173667480262,3,1.6445327,0.9900011
2024-08-21,0.16673587702771756,5,1.6313132,0.9667107
2024-08-28,0.021567930531758473,10,1.5887774,0.9810627
2024-09-12,2.309430342760687,21,1.6434548,0.8198035
2024-08-16,1.9743301697017503,1,1.6409966,0.9525882
2024-08-20,0.8292662266021336,3,1.6400821,1.0142341
2024-08-22,0.2418297029259059,5,1.631646,1.0182695
2024-08-29,-1.029511411727544,10,1.591321,0.83241475
2024-09-13,0.12898784571306257,21,1.6424947,0.7886599
2024-08-19,-0.8515173667480262,1,1.6445327,0.9627126
2024-08-21,0.16673587702771756,3,1.6313132,0.96542645
2024-08-23,-0.2210976180525318,5,1.617008,0.99188375
2024-08-30,0.450851554131717,10,1.5867844,0.7935506
2024-09-19,0.2090736693432898,21,1.640572,0.76139605
2024-08-20,0.8292662266021336,1,1.6400821,1.1201948
2024-08-22,0.2418297029259059,3,1.631646,1.1727109
2024-08-26,-0.1363013590984033,5,1.6036258,1.001274
2024-09-02,0.24984341944853647,10,1.5788904,0.91048944
2024-09-20,0.48587861184908304,21,1.6406647,0.7923696
2024-08-21,0.16673587702771756,1,1.6313132,1.0171504
2024-08-23,-0.2210976180525318,3,1.617008,1.0328618
2024-08-27,-0.3252123517505082,5,1.6043153,0.9108214
2024-09-03,-0.6124692026616798,10,1.5775765,0.89783055
2024-09-23,0.33259936065156664,21,1.6405898,0.76628876
2024-08-22,0.2418297029259059,1,1.631646,0.95976967
2024-08-26,-0.1363013590984033,3,1.6036258,1.0401492
2024-08-28,0.021567930531758473,5,1.5887774,0.87669694
2024-09-04,-3.1965719918635003,10,1.6296588,0.8379799
2024-09-24,1.1338172515302043,21,1.6456727,0.71063334
2024-08-23,-0.2210976180525318,1,1.617008,0.86138326
2024-08-27,-0.3252123517505082,3,1.6043153,0.86743414
2024-08-29,-1.029511411727544,5,1.591321,0.81819284
2024-09-05,-0.20557572850675518,10,1.625244,0.7732472
2024-09-25,-1.3527315410456529,21,1.6534743,0.7254667
2024-08-26,-0.1363013590984033,1,1.6036258,0.8439253
2024-08-28,0.021567930531758473,3,1.5887774,0.8576671
2024-08-30,0.450851554131717,5,1.5867844,0.82348335
2024-09-06,-1.2195976194221438,10,1.6254319,0.81567395
2024-09-26,2.857125602965684,21,1.6958662,0.70982087
2024-08-27,-0.3252123517505082,1,1.6043153,0.7738953
2024-08-29,-1.029511411727544,3,1.591321,0.844327
2024-09-02,0.24984341944853647,5,1.5788904,0.77252084
2024-09-09,-0.32873071152518607,10,1.6252604,0.72213185
2024-09-27,-0.8189711427787794,21,1.6980482,0.71070385
2024-08-28,0.021567930531758473,1,1.5887774,0.7322607
2024-08-30,0.450851554131717,3,1.5867844,0.7478648
2024-09-03,-0.6124692026616798,5,1.5775765,0.747085
2024-09-10,-0.49413466414941337,10,1.6251594,0.7278509
2024-09-30,-2.155699357862927,21,1.716239,0.7240662
2024-08-29,-1.029511411727544,1,1.591321,0.7560077
2024-09-02,0.24984341944853647,3,1.5788904,0.7714757
2024-09-04,-3.1965719918635003,5,1.6296588,0.7126861
2024-09-11,-0.39945313421354933,10,1.621547,0.7796163
2024-10-02,-1.2252461100559948,21,1.7203602,0.7181532
2024-08-30,0.450851554131717,1,1.5867844,0.7452231
2024-09-03,-0.6124692026616798,3,1.5775765,0.72411585
2024-09-05,-0.20557572850675518,5,1.625244,0.7033629
2024-09-12,2.309430342760687,10,1.6434548,0.82048637
2024-10-04,0.3125862811003624,21,1.7136832,0.7177256
2024-09-02,0.24984341944853647,1,1.5788904,0.7535796
2024-09-04,-3.1965719918635003,3,1.6296588,0.7282347
2024-09-06,-1.2195976194221438,5,1.6254319,0.67084163
2024-09-13,0.12898784571306257,10,1.6424947,0.8491175
2024-10-07,1.5702722841578782,21,1.7177662,0.69216424
2024-09-03,-0.6124692026616798,1,1.5775765,0.8051358
2024-09-05,-0.20557572850675518,3,1.625244,0.7586845
2024-09-09,-0.32873071152518607,5,1.6252604,0.67556804
2024-09-19,0.2090736693432898,10,1.640572,0.9178908
2024-10-08,-0.6155860238649006,21,1.7188017,0.69988996
2024-09-04,-3.1965719918635003,1,1.6296588,0.8540391
2024-09-06,-1.2195976194221438,3,1.6254319,0.80096453
2024-09-10,-0.49413466414941337,5,1.6251594,0.7251706
2024-09-20,0.48587861184908304,10,1.6406647,0.94177544
2024-10-10,0.18483826137190038,21,1.7181711,0.74349326
2024-09-05,-0.20557572850675518,1,1.625244,0.920299
2024-09-09,-0.32873071152518607,3,1.6252604,0.94187015
2024-09-11,-0.39945313421354933,5,1.621547,0.83299196
2024-09-23,0.33259936065156664,10,1.6405898,1.0330079
2024-10-11,-0.08660392245471127,21,1.7180307,0.77054507
2024-09-06,-1.2195976194221438,1,1.6254319,1.028883
2024-09-10,-0.49413466414941337,3,1.6251594,0.98541665
2024-09-12,2.309430342760687,5,1.6434548,0.8780079
2024-09-24,1.1338172515302043,10,1.6456727,1.1350267
2024-10-14,1.010702722681982,21,1.7201446,0.81421554
2024-09-09,-0.32873071152518607,1,1.6252604,0.9861828
2024-09-11,-0.39945313421354933,3,1.621547,1.0059218
2024-09-13,0.12898784571306257,5,1.6424947,0.89672995
2024-09-25,-1.3527315410456529,10,1.6534743,1.069628
2024-10-15,0.38654849884179937,21,1.7161609,0.8102271
2024-09-10,-0.49413466414941337,1,1.6251594,0.98727465
2024-09-12,2.309430342760687,3,1.6434548,0.95567024
2024-09-19,0.2090736693432898,5,1.640572,0.8055434
2024-09-26,2.857125602965684,10,1.6958662,1.0472008
2024-10-16,-0.8806571069841771,21,1.718446,0.8313277
2024-09-11,-0.39945313421354933,1,1.621547,0.9125484
2024-09-13,0.12898784571306257,3,1.6424947,0.87935364
2024-09-20,0.48587861184908304,5,1.6406647,0.7267639
2024-09-27,-0.8189711427787794,10,1.6980482,0.9840007
2024-10-17,-0.04061791674521177,21,1.7179561,0.78563344
2024-09-12,2.309430342760687,1,1.6434548,1.0270109
2024-09-19,0.2090736693432898,3,1.640572,1.0042782
2024-09-23,0.33259936065156664,5,1.6405898,0.76273555
2024-09-30,-2.155699357862927,10,1.716239,1.1090422
2024-10-18,-0.5950285902931224,21,1.7168665,0.83009845
2024-09-13,0.12898784571306257,1,1.6424947,1.0077088
2024-09-20,0.48587861184908304,3,1.6406647,0.9555041
2024-09-24,1.1338172515302043,5,1.6456727,0.7236598
2024-10-02,-1.2252461100559948,10,1.7203602,1.1313424
2024-10-21,0.4270215630473426,21,1.7171179,0.80769557
2024-09-19,0.2090736693432898,1,1.640572,0.9543526
2024-09-23,0.33259936065156664,3,1.6405898,0.9839716
2024-09-25,-1.3527315410456529,5,1.6534743,0.7567536
2024-10-04,0.3125862811003624,10,1.7136832,1.0265846
2024-10-22,-1.3223718202745296,21,1.7201297,0.827595
2024-09-20,0.48587861184908304,1,1.6406647,0.90464
2024-09-24,1.1338172515302043,3,1.6456727,0.9460119
2024-09-26,2.857125602965684,5,1.6958662,0.74055326
2024-10-07,1.5702722841578782,10,1.7177662,0.97041196
2024-10-23,1.1187109211522586,21,1.7224838,0.8491533
2024-09-23,0.33259936065156664,1,1.6405898,0.7881324
2024-09-25,-1.3527315410456529,3,1.6534743,0.91851807
2024-09-27,-0.8189711427787794,5,1.6980482,0.72728384
2024-10-08,-0.6155860238649006,10,1.7188017,0.7989406
2024-10-24,-0.7176770156916954,21,1.7230617,0.8313109
2024-09-24,1.1338172515302043,1,1.6456727,0.79413867
2024-09-26,2.857125602965684,3,1.6958662,0.9002399
2024-09-30,-2.155699357862927,5,1.716239,0.7047856
2024-10-10,0.18483826137190038,10,1.7181711,0.8446242
2024-10-25,0.08674904067035165,21,1.7222733,0.7991091
2024-09-25,-1.3527315410456529,1,1.6534743,0.7595967
2024-09-27,-0.8189711427787794,3,1.6980482,0.83639246
2024-10-02,-1.2252461100559948,5,1.7203602,0.6966237
2024-10-11,-0.08660392245471127,10,1.7180307,0.77592105
2024-10-28,1.122475067835654,21,1.7156857,0.78390145
2024-09-26,2.857125602965684,1,1.6958662,0.8340092
2024-09-30,-2.155699357862927,3,1.716239,0.93633246
2024-10-04,0.3125862811003624,5,1.7136832,0.7342465
2024-10-14,1.010702722681982,10,1.7201446,0.8201243
2024-10-29,0.2053492521218714,21,1.712502,0.78232396
2024-09-27,-0.8189711427787794,1,1.6980482,0.7744944
2024-10-02,-1.2252461100559948,3,1.7203602,0.844059
2024-10-07,1.5702722841578782,5,1.7177662,0.6953815
2024-10-15,0.38654849884179937,10,1.7161609,0.7855705
2024-10-30,-0.9214147403118961,21,1.707399,0.7240361
2024-09-30,-2.155699357862927,1,1.716239,0.81907994
2024-10-04,0.3125862811003624,3,1.7136832,0.9085954
2024-10-08,-0.6155860238649006,5,1.7188017,0.7385133
2024-10-16,-0.8806571069841771,10,1.718446,0.82418287
2024-10-31,-1.4617959589768919,21,1.7125831,0.7541156
2024-10-02,-1.2252461100559948,1,1.7203602,0.78310627
2024-10-07,1.5702722841578782,3,1.7177662,0.8627145
2024-10-10,0.18483826137190038,5,1.7181711,0.7422168
2024-10-17,-0.04061791674521177,10,1.7179561,0.7877798
2024-11-01,-0.5409356271093634,21,1.7049276,0.7701912
2024-10-04,0.3125862811003624,1,1.7136832,0.85144067
2024-10-08,-0.6155860238649006,3,1.7188017,0.9629389
2024-10-11,-0.08660392245471127,5,1.7180307,0.77278215
2024-10-18,-0.5950285902931224,10,1.7168665,0.90444237
2024-11-04,1.8167276136863142,21,1.7229493,0.77805066
2024-10-07,1.5702722841578782,1,1.7177662,0.732523
2024-10-10,0.18483826137190038,3,1.7181711,0.7658243
2024-10-14,1.010702722681982,5,1.7201446,0.673658
2024-10-21,0.4270215630473426,10,1.7171179,0.8213234
2024-11-05,-0.4680782565369356,21,1.657524,0.73039603
2024-10-08,-0.6155860238649006,1,1.7188017,0.74597263
2024-10-11,-0.08660392245471127,3,1.7180307,0.7819429
2024-10-15,0.38654849884179937,5,1.7161609,0.69679195
2024-10-22,-1.3223718202745296,10,1.7201297,0.8326549
2024-11-06,-0.5201902375145964,21,1.1498551,0.7339464
2024-10-10,0.18483826137190038,1,1.7181711,0.70945215
2024-10-14,1.010702722681982,3,1.7201446,0.7408338
2024-10-16,-0.8806571069841771,5,1.718446,0.68750936
2024-10-23,1.1187109211522586,10,1.7224838,0.73525804
2024-11-07,0.04367560511747334,21,1.0720698,0.7639537
2024-10-11,-0.08660392245471127,1,1.7180307,0.6925768
2024-10-15,0.38654849884179937,3,1.7161609,0.7685645
2024-10-17,-0.04061791674521177,5,1.7179561,0.7323443
2024-10-24,-0.7176770156916954,10,1.7230617,0.72123474
2024-11-08,-0.13578347682832462,21,1.0461459,0.7786598
2024-10-14,1.010702722681982,1,1.7201446,0.6894934
2024-10-16,-0.8806571069841771,3,1.718446,0.76014996
2024-10-18,-0.5950285902931224,5,1.7168665,0.7007928
2024-10-25,0.08674904067035165,10,1.7222733,0.7282734
2024-11-11,-1.1581158894919896,21,1.0551689,0.78167385
2024-10-15,0.38654849884179937,1,1.7161609,0.6793617
2024-10-17,-0.04061791674521177,3,1.7179561,0.77262294
2024-10-21,0.4270215630473426,5,1.7171179,0.74463415
2024-10-28,1.122475067835654,10,1.7156857,0.7458286
2024-11-12,-1.9580837891118363,21,1.0714377,0.7790434
2024-10-16,-0.8806571069841771,1,1.718446,0.6769729
2024-10-18,-0.5950285902931224,3,1.7168665,0.7298347
2024-10-22,-1.3223718202745296,5,1.7201297,0.7089894
2024-10-29,0.2053492521218714,10,1.712502,0.7308236
2024-11-13,-2.67341090784921,21,1.110705,0.777204
2024-10-17,-0.04061791674521177,1,1.7179561,0.7070164
2024-10-21,0.4270215630473426,3,1.7171179,0.7484669
2024-10-23,1.1187109211522586,5,1.7224838,0.778366
2024-10-30,-0.9214147403118961,10,1.707399,0.7487247
2024-11-14,0.07361668295999353,21,1.1105335,0.80612636
2024-10-18,-0.5950285902931224,1,1.7168665,0.68976337
2024-10-22,-1.3223718202745296,3,1.7201297,0.7115739
2024-10-24,-0.7176770156916954,5,1.7230617,0.6818042
2024-10-31,-1.4617959589768919,10,1.7125831,0.732531
2024-11-15,-0.0827177762641406,21,1.1026617,0.76384425
2024-10-21,0.4270215630473426,1,1.7171179,0.71560323
2024-10-23,1.1187109211522586,3,1.7224838,0.71962875
2024-10-25,0.08674904067035165,5,1.7222733,0.7263235
2024-11-01,-0.5409356271093634,10,1.7049276,0.7386065
2024-11-18,2.1372367761245923,21,1.108168,0.75830966
2024-10-22,-1.3223718202745296,1,1.7201297,0.68720526
2024-10-24,-0.7176770156916954,3,1.7230617,0.666584
2024-10-28,1.122475067835654,5,1.7156857,0.64679533
2024-11-04,1.8167276136863142,10,1.7229493,0.7370407
2024-11-19,0.11657038940262278,21,1.1047834,0.71836096
2024-10-23,1.1187109211522586,1,1.7224838,0.7006904
2024-10-25,0.08674904067035165,3,1.7222733,0.6841468
2024-10-29,0.2053492521218714,5,1.712502,0.65279377
2024-11-05,-0.4680782565369356,10,1.657524,0.7641217
2024-11-20,0.4174243849744387,21,1.099984,0.7054273
2024-10-24,-0.7176770156916954,1,1.7230617,0.6986598
2024-10-28,1.122475067835654,3,1.7156857,0.6604677
2024-10-30,-0.9214147403118961,5,1.707399,0.6353689
2024-11-06,-0.5201902375145964,10,1.1498551,0.77470684
2024-11-21,-0.06690240173352081,21,1.0993001,0.6983455
2024-10-25,0.08674904067035165,1,1.7222733,0.7202228
2024-10-29,0.2053492521218714,3,1.712502,0.6762049
2024-10-31,-1.4617959589768919,5,1.7125831,0.65974665
2024-11-07,0.04367560511747334,10,1.0720698,0.7533424
2024-11-22,0.8274092069300927,21,1.1053478,0.71662784
2024-10-28,1.122475067835654,1,1.7156857,0.70356166
2024-10-30,-0.9214147403118961,3,1.707399,0.6321371
2024-11-01,-0.5409356271093634,5,1.7049276,0.64812917
2024-11-08,-0.13578347682832462,10,1.0461459,0.7498958
2024-11-25,1.314667779269147,21,1.1209253,0.7005561
2024-10-29,0.2053492521218714,1,1.712502,0.7032943
2024-10-31,-1.4617959589768919,3,1.7125831,0.646855
2024-11-04,1.8167276136863142,5,1.7229493,0.65498376
2024-11-11,-1.1581158894919896,10,1.0551689,0.7326016
2024-11-26,-0.5531491710474926,21,1.1224036,0.69639707
2024-10-30,-0.9214147403118961,1,1.707399,0.7007703
2024-11-01,-0.5409356271093634,3,1.7049276,0.64206046
2024-11-05,-0.4680782565369356,5,1.657524,0.6713301
2024-11-12,-1.9580837891118363,10,1.0714377,0.71189773
2024-11-27,-0.6887784279020056,21,1.1245451,0.67432415
2024-10-31,-1.4617959589768919,1,1.7125831,0.75448847
2024-11-04,1.8167276136863142,3,1.7229493,0.7086248
2024-11-06,-0.5201902375145964,5,1.1498551,0.7163641
2024-11-13,-2.67341090784921,10,1.110705,0.7023732
2024-11-28,0.06429513344316896,21,1.1246495,0.6769907
2024-11-01,-0.5409356271093634,1,1.7049276,0.778504
2024-11-05,-0.4680782565369356,3,1.657524,0.7414052
2024-11-07,0.04367560511747334,5,1.0720698,0.7539097
2024-11-14,0.07361668295999353,10,1.1105335,0.6965959
2024-11-29,-1.965962926521306,21,1.1438355,0.716167
2024-11-04,1.8167276136863142,1,1.7229493,0.7347478
2024-11-06,-0.5201902375145964,3,1.1498551,0.7198401
2024-11-08,-0.13578347682832462,5,1.0461459,0.7331103
2024-11-15,-0.0827177762641406,10,1.1026617,0.65128917
2024-12-02,-0.05824106485743582,21,1.1413054,0.6807005
2024-11-05,-0.4680782565369356,1,1.657524,0.6753521
2024-11-07,0.04367560511747334,3,1.0720698,0.62697977
2024-11-11,-1.1581158894919896,5,1.0551689,0.630646
2024-11-18,2.1372367761245923,10,1.108168,0.67365646
2024-12-03,1.8415851908771264,21,1.1687602,0.70062494
2024-11-06,-0.5201902375145964,1,1.1498551,0.73619354
2024-11-08,-0.13578347682832462,3,1.0461459,0.78263706
2024-11-12,-1.9580837891118363,5,1.0714377,0.73401785
2024-11-19,0.11657038940262278,10,1.1047834,0.6959299
2024-12-04,-1.4544724463839893,21,1.1798197,0.68114054
2024-11-07,0.04367560511747334,1,1.0720698,0.7216593
2024-11-11,-1.1581158894919896,3,1.0551689,0.7596458
2024-11-13,-2.67341090784921,5,1.110705,0.7006111
2024-11-20,0.4174243849744387,10,1.099984,0.7797331
2024-12-05,-0.9030056938051731,21,1.1141207,0.75842476
2024-11-08,-0.13578347682832462,1,1.0461459,0.78774786
2024-11-12,-1.9580837891118363,3,1.0714377,0.8299534
2024-11-14,0.07361668295999353,5,1.1105335,0.7450266
2024-11-21,-0.06690240173352081,10,1.0993001,0.74580824
2024-12-06,-0.5622256045208811,21,1.1156859,0.7630445
2024-11-11,-1.1581158894919896,1,1.0551689,0.7216335
2024-11-13,-2.67341090784921,3,1.110705,0.7526344
2024-11-15,-0.0827177762641406,5,1.1026617,0.69186056
2024-11-22,0.8274092069300927,10,1.1053478,0.72774273
2024-12-09,-2.8226348037658666,21,1.1612587,0.73511636
2024-11-12,-1.9580837891118363,1,1.0714377,0.7963669
2024-11-14,0.07361668295999353,3,1.1105335,0.9400913
2024-11-18,2.1372367761245923,5,1.108168,0.769158
2024-11-25,1.314667779269147,10,1.1209253,0.70046055
2024-12-10,2.3967231315023727,21,1.2056086,0.7458752
2024-11-13,-2.67341090784921,1,1.110705,0.9528439
2024-11-15,-0.0827177762641406,3,1.1026617,1.0489855
2024-11-19,0.11657038940262278,5,1.1047834,0.8179021
2024-11-26,-0.5531491710474926,10,1.1224036,0.84410167
2024-12-11,1.0151587125047914,21,1.2125359,0.85610163
2024-11-14,0.07361668295999353,1,1.1105335,1.2366477
2024-11-18,2.1372367761245923,3,1.108168,1.380989
2024-11-20,0.4174243849744387,5,1.099984,1.0260967
2024-11-27,-0.6887784279020056,10,1.1245451,1.0307026
2024-12-12,1.6086877842287386,21,1.2304307,0.983371
2024-11-15,-0.0827177762641406,1,1.1026617,1.2225723
2024-11-19,0.11657038940262278,3,1.1047834,1.4233192
2024-11-21,-0.06690240173352081,5,1.0993001,1.0432839
2024-11-28,0.06429513344316896,10,1.1246495,1.0091293
2024-12-13,0.4959176320362687,21,1.1939511,1.0184395
2024-11-18,2.1372367761245923,1,1.108168,1.0881896
2024-11-20,0.4174243849744387,3,1.099984,1.1894945
2024-11-22,0.8274092069300927,5,1.1053478,0.96518743
2024-11-29,-1.965962926521306,10,1.1438355,0.9425019
2024-12-16,-0.22032987442882931,21,1.1939099,0.89551514
2024-11-19,0.11657038940262278,1,1.1047834,0.96622396
2024-11-21,-0.06690240173352081,3,1.0993001,0.8846632
2024-11-25,1.314667779269147,5,1.1209253,0.90732163
2024-12-02,-0.05824106485743582,10,1.1413054,0.9956708
2024-12-17,-1.3005174187676019,21,1.2040728,0.77854145
2024-11-20,0.4174243849744387,1,1.099984,0.88321483
2024-11-22,0.8274092069300927,3,1.1053478,0.7947604
2024-11-26,-0.5531491710474926,5,1.1224036,0.92564046
2024-12-03,1.8415851908771264,10,1.1687602,0.9263388
2024-12-18,1.117944514406357,21,1.2118657,0.77309346
2024-11-21,-0.06690240173352081,1,1.0993001,0.702146
2024-11-25,1.314667779269147,3,1.1209253,0.63370264
2024-11-27,-0.6887784279020056,5,1.1245451,0.8273484
2024-12-04,-1.4544724463839893,10,1.1798197,0.8424318
2024-12-19,-1.9714643725532195,21,1.2351248,0.6833992
2024-11-22,0.8274092069300927,1,1.1053478,0.68684554
2024-11-26,-0.5531491710474926,3,1.1224036,0.6384698
2024-11-28,0.06429513344316896,5,1.1246495,0.7083723
2024-12-05,-0.9030056938051731,10,1.1141207,0.79424924
2024-12-20,-1.3132215626442507,21,1.2337601,0.6877086
2024-11-25,1.314667779269147,1,1.1209253,0.6756057
2024-11-27,-0.6887784279020056,3,1.1245451,0.6633401
2024-11-29,-1.965962926521306,5,1.1438355,0.66627055
2024-12-06,-0.5622256045208811,10,1.1156859,0.74225205
2024-12-23,1.562510457003404,21,1.2429892,0.70827127
2024-11-26,-0.5531491710474926,1,1.1224036,0.6692512
2024-11-28,0.06429513344316896,3,1.1246495,0.6632009
2024-12-02,-0.05824106485743582,5,1.1413054,0.64669925
2024-12-09,-2.8226348037658666,10,1.1612587,0.7794903
2024-12-24,-0.06103353268438138,21,1.1807705,0.699065
2024-11-27,-0.6887784279020056,1,1.1245451,0.6707459
2024-11-29,-1.965962926521306,3,1.1438355,0.7431378
2024-12-03,1.8415851908771264,5,1.1687602,0.67759657
2024-12-10,2.3967231315023727,10,1.2056086,0.74704504
2024-12-26,-0.4455725849632505,21,1.1781701,0.7483276
2024-11-28,0.06429513344316896,1,1.1246495,0.7057438
2024-12-02,-0.05824106485743582,3,1.1413054,0.7887601
2024-12-04,-1.4544724463839893,5,1.1798197,0.71998
2024-12-11,1.0151587125047914,10,1.2125359,0.7018153
2024-12-27,-1.0301140496020846,21,1.1543239,0.75467646
2024-11-29,-1.965962926521306,1,1.1438355,0.7447564
2024-12-03,1.8415851908771264,3,1.1687602,0.83344287
2024-12-05,-0.9030056938051731,5,1.1141207,0.7944082
2024-12-12,1.6086877842287386,10,1.2304307,0.63995284
2024-12-30,-0.21980623080366793,21,1.1453555,0.73542994
2024-12-02,-0.05824106485743582,1,1.1413054,0.7955397
2024-12-04,-1.4544724463839893,3,1.1798197,0.9460789
2024-12-06,-0.5622256045208811,5,1.1156859,0.88024855
2024-12-13,0.4959176320362687,10,1.1939511,0.53993297
2025-01-02,-0.02292620037680627,21,1.1440805,0.6949527
2024-12-03,1.8415851908771264,1,1.1687602,0.8058511
2024-12-05,-0.9030056938051731,3,1.1141207,0.9544486
2024-12-09,-2.8226348037658666,5,1.1612587,0.86506766
2024-12-16,-0.22032987442882931,10,1.1939099,0.5866962
2025-01-03,1.7757634426930589,21,1.1495045,0.7245033
2024-12-04,-1.4544724463839893,1,1.1798197,0.7401982
2024-12-06,-0.5622256045208811,3,1.1156859,0.7914926
2024-12-10,2.3967231315023727,5,1.2056086,0.74094546
2024-12-17,-1.3005174187676019,10,1.2040728,0.6490065
2025-01-06,1.8951750233685913,21,1.1762211,0.6933622
2024-12-05,-0.9030056938051731,1,1.1141207,0.7829648
2024-12-09,-2.8226348037658666,3,1.1612587,0.7682079
2024-12-11,1.0151587125047914,5,1.2125359,0.76111245
2024-12-18,1.117944514406357,10,1.2118657,0.7362872
2025-01-07,0.13894343577773255,21,1.176068,0.7505298
2024-12-06,-0.5622256045208811,1,1.1156859,0.8041602
2024-12-10,2.3967231315023727,3,1.2056086,0.7395945
2024-12-12,1.6086877842287386,5,1.2304307,0.7357849
2024-12-19,-1.9714643725532195,10,1.2351248,0.80991685
2025-01-08,1.1549733059391376,21,1.1866479,0.75072706
2024-12-09,-2.8226348037658666,1,1.1612587,0.7414221
2024-12-11,1.0151587125047914,3,1.2125359,0.65802264
2024-12-13,0.4959176320362687,5,1.1939511,0.72976
2024-12-20,-1.3132215626442507,10,1.2337601,0.84500563
2025-01-09,0.03370461860217647,21,1.1785299,0.660847
2024-12-10,2.3967231315023727,1,1.2056086,0.9297208
2024-12-12,1.6086877842287386,3,1.2304307,0.86261797
2024-12-16,-0.22032987442882931,5,1.1939099,0.80671775
2024-12-23,1.562510457003404,10,1.2429892,0.95032614
2025-01-10,-0.242964068399148,21,1.1772369,0.7864678
2024-12-11,1.0151587125047914,1,1.2125359,1.1206583
2024-12-13,0.4959176320362687,3,1.1939511,1.0154264
2024-12-17,-1.3005174187676019,5,1.2040728,0.9836969
2024-12-24,-0.06103353268438138,10,1.1807705,1.0664709
2025-01-13,-1.047689470814692,21,1.1793671,0.8504393
2024-12-12,1.6086877842287386,1,1.2304307,0.94221425
2024-12-16,-0.22032987442882931,3,1.1939099,0.88481194
2024-12-18,1.117944514406357,5,1.2118657,0.7931141
2024-12-26,-0.4455725849632505,10,1.1781701,0.90402806
2025-01-14,0.31441400251383317,21,1.180453,0.75153434
2024-12-13,0.4959176320362687,1,1.1939511,0.90580636
2024-12-17,-1.3005174187676019,3,1.2040728,0.7715539
2024-12-19,-1.9714643725532195,5,1.2351248,0.7732848
2024-12-27,-1.0301140496020846,10,1.1543239,1.0035388
2025-01-15,-0.023621103532134598,21,1.1784737,0.7097505
2024-12-16,-0.22032987442882931,1,1.1939099,0.75136894
2024-12-18,1.117944514406357,3,1.2118657,0.6778093
2024-12-20,-1.3132215626442507,5,1.2337601,0.7357561
2024-12-30,-0.21980623080366793,10,1.1453555,0.9231547
2025-01-16,1.2212771001746219,21,1.1884956,0.7120183
2024-12-17,-1.3005174187676019,1,1.2040728,0.74550706
2024-12-19,-1.9714643725532195,3,1.2351248,0.6802872
2024-12-23,1.562510457003404,5,1.2429892,0.70537686
2025-01-02,-0.02292620037680627,10,1.1440805,0.8711799
2025-01-17,-0.15600518605489133,21,1.1768179,0.71736795
2024-12-18,1.117944514406357,1,1.2118657,0.7571627
2024-12-20,-1.3132215626442507,3,1.2337601,0.7736231
2024-12-24,-0.06103353268438138,5,1.1807705,0.7030034
2025-01-03,1.7757634426930589,10,1.1495045,0.77759707
2025-01-20,-0.13878977294223735,21,1.1671559,0.72665304
2024-12-19,-1.9714643725532195,1,1.2351248,0.83336955
2024-12-23,1.562510457003404,3,1.2429892,0.88802475
2024-12-26,-0.4455725849632505,5,1.1781701,0.81352353
2025-01-06,1.8951750233685913,10,1.1762211,0.7388476
2025-01-21,-0.08019005685390883,21,1.1638886,0.7746486
2024-12-20,-1.3132215626442507,1,1.2337601,0.9537674
2024-12-24,-0.06103353268438138,3,1.1807705,1.1480983
2024-12-27,-1.0301140496020846,5,1.1543239,0.949685
2025-01-07,0.13894343577773255,10,1.176068,0.6040914
2025-01-22,1.1462914446695411,21,1.1738578,0.8274252
2024-12-23,1.562510457003404,1,1.2429892,1.269412
2024-12-26,-0.4455725849632505,3,1.1781701,1.4755859
2024-12-30,-0.21980623080366793,5,1.1453555,1.0724404
2025-01-08,1.1549733059391376,10,1.1866479,0.9099813
2025-01-23,-1.247216414402358,21,1.1745111,1.0296924
2024-12-24,-0.06103353268438138,1,1.1807705,1.0804069
2024-12-27,-1.0301140496020846,3,1.1543239,1.1013632
2025-01-02,-0.02292620037680627,5,1.1440805,0.85599494
2025-01-09,0.03370461860217647,10,1.1785299,0.90416896
2025-01-24,0.8435851783594899,21,1.1798608,0.90592283
2024-12-26,-0.4455725849632505,1,1.1781701,0.9824946
2024-12-30,-0.21980623080366793,3,1.1453555,0.89337546
2025-01-03,1.7757634426930589,5,1.1495045,0.7399987
2025-01-10,-0.242964068399148,10,1.1772369,1.0359222
2025-01-31,-0.7688711191384755,21,1.1781195,0.79548895
2024-12-27,-1.0301140496020846,1,1.1543239,0.7936909
2025-01-02,-0.02292620037680627,3,1.1440805,0.74573904
2025-01-06,1.8951750233685913,5,1.1762211,0.7102253
2025-01-13,-1.047689470814692,10,1.1793671,0.8336515
2025-02-03,-2.5515801013280144,21,1.2082714,0.7072554
2024-12-30,-0.21980623080366793,1,1.1453555,0.8630837
2025-01-03,1.7757634426930589,3,1.1495045,0.79951227
2025-01-07,0.13894343577773255,5,1.176068,0.79393417
2025-01-14,0.31441400251383317,10,1.180453,0.9433085
2025-02-04,1.12408048113941,21,1.2163188,0.73783255
2025-01-02,-0.02292620037680627,1,1.1440805,0.7805026
2025-01-06,1.8951750233685913,3,1.1762211,0.82835937
2025-01-08,1.1549733059391376,5,1.1866479,0.74499196
2025-01-15,-0.023621103532134598,10,1.1784737,0.73439777
2025-02-05,1.1052125876112662,21,1.2012827,0.7906427
2025-01-03,1.7757634426930589,1,1.1495045,0.75837666
2025-01-07,0.13894343577773255,3,1.176068,0.80128676
2025-01-09,0.03370461860217647,5,1.1785299,0.70277125
2025-01-16,1.2212771001746219,10,1.1884956,0.7995004
2025-02-06,1.0891852204292496,21,1.2089416,0.74033386
2025-01-06,1.8951750233685913,1,1.1762211,0.72589976
2025-01-08,1.1549733059391376,3,1.1866479,0.78584015
2025-01-10,-0.242964068399148,5,1.1772369,0.7195563
2025-01-17,-0.15600518605489133,10,1.1768179,0.7722888
2025-02-07,-0.5863248972289575,21,1.2094297,0.75420594
2025-01-07,0.13894343577773255,1,1.176068,0.7495582
2025-01-09,0.03370461860217647,3,1.1785299,0.75456876
2025-01-13,-1.047689470814692,5,1.1793671,0.70249736
2025-01-20,-0.13878977294223735,10,1.1671559,0.8232702
2025-02-10,-0.02577346302235468,21,1.209394,0.7339985
2025-01-08,1.1549733059391376,1,1.1866479,0.7151421
2025-01-10,-0.242964068399148,3,1.1772369,0.7120914
2025-01-14,0.31441400251383317,5,1.180453,0.6931491
2025-01-21,-0.08019005685390883,10,1.1638886,0.74886554
2025-02-11,0.7027263977400462,21,1.2129717,0.7631834
2025-01-09,0.03370461860217647,1,1.1785299,0.7181631
2025-01-13,-1.047689470814692,3,1.1793671,0.7017994
2025-01-15,-0.023621103532134598,5,1.1784737,0.70338327
2025-01-22,1.1462914446695411,10,1.1738578,0.75365865
2025-02-12,0.36717305169494624,21,1.2045506,0.7680274
2025-01-10,-0.242964068399148,1,1.1772369,0.6887772
2025-01-14,0.31441400251383317,3,1.180453,0.72095937
2025-01-16,1.2212771001746219,5,1.1884956,0.7058341
2025-01-23,-1.247216414402358,10,1.1745111,0.70800203
2025-02-13,1.3555551579118612,21,1.1885989,0.77646863
2025-01-13,-1.047689470814692,1,1.1793671,0.6704202
2025-01-15,-0.023621103532134598,3,1.1784737,0.72921944
2025-01-17,-0.15600518605489133,5,1.1768179,0.7210736
2025-01-24,0.8435851783594899,10,1.1798608,0.6821041
2025-02-14,0.30459211591908336,21,1.1331432,0.73618525
2025-01-14,0.31441400251383317,1,1.180453,0.69846165
2025-01-16,1.2212771001746219,3,1.1884956,0.7642829
2025-01-20,-0.13878977294223735,5,1.1671559,0.7480144
2025-01-31,-0.7688711191384755,10,1.1781195,0.6670777
2025-02-17,0.7447880193335423,21,1.1360285,0.6917115
2025-01-15,-0.023621103532134598,1,1.1784737,0.6928433
2025-01-17,-0.15600518605489133,3,1.1768179,0.74279225
2025-01-21,-0.08019005685390883,5,1.1638886,0.6961843
2025-02-03,-2.5515801013280144,10,1.2082714,0.70578426
2025-02-18,0.6259106546299752,21,1.1374936,0.7225039
2025-01-16,1.2212771001746219,1,1.1884956,0.67749166
2025-01-20,-0.13878977294223735,3,1.1671559,0.6608184
2025-01-22,1.1462914446695411,5,1.1738578,0.63064915
2025-02-04,1.12408048113941,10,1.2163188,0.74059933
2025-02-19,1.6877401582586036,21,1.1255262,0.7182326
2025-01-17,-0.15600518605489133,1,1.1768179,0.66834307
2025-01-21,-0.08019005685390883,3,1.1638886,0.65200067
2025-01-23,-1.247216414402358,5,1.1745111,0.6312755
2025-02-05,1.1052125876112662,10,1.2012827,0.742886
2025-02-20,-0.6557041012845759,21,1.1301044,0.7086976
2025-01-20,-0.13878977294223735,1,1.1671559,0.68285865
2025-01-22,1.1462914446695411,3,1.1738578,0.6526934
2025-01-24,0.8435851783594899,5,1.1798608,0.62888485
2025-02-06,1.0891852204292496,10,1.2089416,0.74239445
2025-02-21,0.01959144035085926,21,1.1294876,0.71072346
2025-01-21,-0.08019005685390883,1,1.1638886,0.67776406
2025-01-23,-1.247216414402358,3,1.1745111,0.6576221
2025-01-31,-0.7688711191384755,5,1.1781195,0.62981075
2025-02-07,-0.5863248972289575,10,1.2094297,0.7282029
2025-02-24,-0.3513332641022882,21,1.1308465,0.7120659
2025-01-22,1.1462914446695411,1,1.1738578,0.6978263
2025-01-24,0.8435851783594899,3,1.1798608,0.64178467
2025-02-03,-2.5515801013280144,5,1.2082714,0.64044714
2025-02-10,-0.02577346302235468,10,1.209394,0.7503537
2025-02-25,-0.5679025757535822,21,1.1301295,0.71558094
2025-01-23,-1.247216414402358,1,1.1745111,0.6919423
2025-01-31,-0.7688711191384755,3,1.1781195,0.64195865
2025-02-04,1.12408048113941,5,1.2163188,0.6738343
2025-02-11,0.7027263977400462,10,1.2129717,0.7608401
2025-02-26,0.40976228917467084,21,1.1194128,0.73514676
2025-01-24,0.8435851783594899,1,1.1798608,0.6654079
2025-02-03,-2.5515801013280144,3,1.2082714,0.63955855
2025-02-05,1.1052125876112662,5,1.2012827,0.672643
2025-02-12,0.36717305169494624,10,1.2045506,0.7760107
2025-02-27,-0.7349710280896148,21,1.1213692,0.71754754
2025-01-31,-0.7688711191384755,1,1.1781195,0.65997565
2025-02-04,1.12408048113941,3,1.2163188,0.64656997
2025-02-06,1.0891852204292496,5,1.2089416,0.6617148
2025-02-13,1.3555551579118612,10,1.1885989,0.7706249
2025-02-28,-3.452450845110317,21,1.2064215,0.7130373
2025-02-03,-2.5515801013280144,1,1.2082714,0.6622658
2025-02-05,1.1052125876112662,3,1.2012827,0.6527922
2025-02-07,-0.5863248972289575,5,1.2094297,0.6708048
2025-02-14,0.30459211591908336,10,1.1331432,0.7521541
2025-03-04,-0.1525222042960534,21,1.2066102,0.7450902
2025-02-04,1.12408048113941,1,1.2163188,0.7353944
2025-02-06,1.0891852204292496,3,1.2089416,0.7357158
2025-02-10,-0.02577346302235468,5,1.209394,0.7298786
2025-02-17,0.7447880193335423,10,1.1360285,0.78664356
2025-03-05,1.1484173771035573,21,1.1867257,0.7698969
2025-02-05,1.1052125876112662,1,1.2012827,0.8358195
2025-02-07,-0.5863248972289575,3,1.2094297,0.8064352
2025-02-11,0.7027263977400462,5,1.2129717,0.76450306
2025-02-18,0.6259106546299752,10,1.1374936,0.8473232
2025-03-06,0.7023406988229032,21,1.1894139,0.79297304
2025-02-06,1.0891852204292496,1,1.2089416,0.7128561
2025-02-10,-0.02577346302235468,3,1.209394,0.6964802
2025-02-12,0.36717305169494624,5,1.2045506,0.69295007
2025-02-19,1.6877401582586036,10,1.1255262,0.7561892
2025-03-07,-0.49341812388628775,21,1.1688424,0.7223393
2025-02-07,-0.5863248972289575,1,1.2094297,0.76964587
2025-02-11,0.7027263977400462,3,1.2129717,0.79047567
2025-02-13,1.3555551579118612,5,1.1885989,0.7534658
2025-02-20,-0.6557041012845759,10,1.1301044,0.74136734
2025-03-10,0.26918938161075723,21,1.1525137,0.72048163
2025-02-10,-0.02577346302235468,1,1.209394,0.69646555
2025-02-12,0.36717305169494624,3,1.2045506,0.6868911
2025-02-14,0.30459211591908336,5,1.1331432,0.689583
2025-02-21,0.01959144035085926,10,1.1294876,0.738621
2025-03-11,-1.283880563272698,21,1.1589969,0.7251125
2025-02-11,0.7027263977400462,1,1.2129717,0.6998355
2025-02-13,1.3555551579118612,3,1.1885989,0.7067638
2025-02-17,0.7447880193335423,5,1.1360285,0.6816925
2025-02-24,-0.3513332641022882,10,1.1308465,0.75734866
2025-03-12,1.456086436684516,21,1.1697501,0.76836467
2025-02-12,0.36717305169494624,1,1.2045506,0.6842461
2025-02-14,0.30459211591908336,3,1.1331432,0.6839488
2025-02-18,0.6259106546299752,5,1.1374936,0.6714998
2025-02-25,-0.5679025757535822,10,1.1301295,0.7586008
2025-03-13,-0.04584577954865974,21,1.1054112,0.76384026
2025-02-13,1.3555551579118612,1,1.1885989,0.69755703
2025-02-17,0.7447880193335423,3,1.1360285,0.70972705
2025-02-19,1.6877401582586036,5,1.1255262,0.69046456
2025-02-26,0.40976228917467084,10,1.1194128,0.7379522
2025-03-14,-0.2832603122093688,21,1.0662965,0.756097
2025-02-14,0.30459211591908336,1,1.1331432,0.6959675
2025-02-18,0.6259106546299752,3,1.1374936,0.71315587
2025-02-20,-0.6557041012845759,5,1.1301044,0.65882623
2025-02-27,-0.7349710280896148,10,1.1213692,0.7197865
2025-03-17,1.712593737654026,21,1.0801604,0.7525092
2025-02-17,0.7447880193335423,1,1.1360285,0.67811847
2025-02-19,1.6877401582586036,3,1.1255262,0.7708753
2025-02-21,0.01959144035085926,5,1.1294876,0.69551533
2025-02-28,-3.452450845110317,10,1.2064215,0.6971168
2025-03-18,0.06318732728023689,21,1.0621164,0.78538513
2025-02-18,0.6259106546299752,1,1.1374936,0.69167197
2025-02-20,-0.6557041012845759,3,1.1301044,0.7467988
2025-02-24,-0.3513332641022882,5,1.1308465,0.6899657
2025-03-04,-0.1525222042960534,10,1.2066102,0.7154045
2025-03-19,0.6212633190448039,21,1.0630608,0.7700883
2025-02-19,1.6877401582586036,1,1.1255262,0.68854207
2025-02-21,0.01959144035085926,3,1.1294876,0.7234092
2025-02-25,-0.5679025757535822,5,1.1301295,0.67411333
2025-03-05,1.1484173771035573,10,1.1867257,0.73245317
2025-03-20,0.32208273335888876,21,1.0627066,0.7602836
2025-02-20,-0.6557041012845759,1,1.1301044,0.68601686
2025-02-24,-0.3513332641022882,3,1.1308465,0.67902094
2025-02-26,0.40976228917467084,5,1.1194128,0.67008996
2025-03-06,0.7023406988229032,10,1.1894139,0.7534917
2025-03-21,0.2283911041612164,21,1.0468564,0.75606817
2025-02-21,0.01959144035085926,1,1.1294876,0.6831933
2025-02-25,-0.5679025757535822,3,1.1301295,0.6736135
2025-02-27,-0.7349710280896148,5,1.1213692,0.65683997
2025-03-07,-0.49341812388628775,10,1.1688424,0.74861825
2025-03-24,-0.4193141780545538,21,1.0408586,0.7648127
2025-02-24,-0.3513332641022882,1,1.1308465,0.6966329
2025-02-26,0.40976228917467084,3,1.1194128,0.669961
2025-02-28,-3.452450845110317,5,1.2064215,0.66278267
2025-03-10,0.26918938161075723,10,1.1525137,0.7660785
2025-03-25,-0.6196811438108376,21,1.009502,0.74994516
2025-02-25,-0.5679025757535822,1,1.1301295,0.6809384
2025-02-27,-0.7349710280896148,3,1.1213692,0.6774481
2025-03-04,-0.1525222042960534,5,1.2066102,0.65893507
2025-03-11,-1.283880563272698,10,1.1589969,0.771411
2025-03-26,1.069638329316456,21,0.9990303,0.74663967
2025-02-26,0.40976228917467084,1,1.1194128,0.6872509
2025-02-28,-3.452450845110317,3,1.2064215,0.6942496
2025-03-05,1.1484173771035573,5,1.1867257,0.70470494
2025-03-12,1.456086436684516,10,1.1697501,0.8058395
2025-03-27,-1.4012573442491276,21,1.0016983,0.7469748
2025-02-27,-0.7349710280896148,1,1.1213692,0.6874316
2025-03-04,-0.1525222042960534,3,1.2066102,0.69896936
2025-03-06,0.7023406988229032,5,1.1894139,0.7140214
2025-03-13,-0.04584577954865974,10,1.1054112,0.8008214
2025-03-28,-1.9039756355993385,21,1.034714,0.7408196
2025-02-28,-3.452450845110317,1,1.2064215,0.69142723
2025-03-05,1.1484173771035573,3,1.1867257,0.7281063
2025-03-07,-0.49341812388628775,5,1.1688424,0.70691997
2025-03-14,-0.2832603122093688,10,1.0662965,0.7884635
2025-03-31,-3.0507758516983943,21,1.1090623,0.7617699
2025-03-04,-0.1525222042960534,1,1.2066102,0.72747445
2025-03-06,0.7023406988229032,3,1.1894139,0.8131299
2025-03-10,0.26918938161075723,5,1.1525137,0.75564826
2025-03-17,1.712593737654026,10,1.0801604,0.7566672
2025-04-01,1.6100175786936715,21,1.1184248,0.8185376
2025-03-05,1.1484173771035573,1,1.1867257,0.79217225
2025-03-07,-0.49341812388628775,3,1.1688424,0.8068807
2025-03-11,-1.283880563272698,5,1.1589969,0.78043234
2025-03-18,0.06318732728023689,10,1.0621164,0.743471
2025-04-02,-0.6178262292535217,21,1.1214031,0.8322184
2025-03-06,0.7023406988229032,1,1.1894139,0.73516023
2025-03-10,0.26918938161075723,3,1.1525137,0.7052163
2025-03-12,1.456086436684516,5,1.1697501,0.710765
2025-03-19,0.6212633190448039,10,1.0630608,0.7342901
2025-04-03,-0.767552121205499,21,1.1265831,0.7756988
2025-03-07,-0.49341812388628775,1,1.1688424,0.71899444
2025-03-11,-1.283880563272698,3,1.1589969,0.6365992
2025-03-13,-0.04584577954865974,5,1.1054112,0.6923865
2025-03-20,0.32208273335888876,10,1.0627066,0.76196975
2025-04-04,-0.8594363959806213,21,1.1097972,0.72670895
2025-03-10,0.26918938161075723,1,1.1525137,0.6832084
2025-03-12,1.456086436684516,3,1.1697501,0.63302225
2025-03-14,-0.2832603122093688,5,1.0662965,0.6823644
2025-03-21,0.2283911041612164,10,1.0468564,0.75319254
2025-04-07,-5.72667308284102,21,1.3093249,0.7217114
2025-03-11,-1.283880563272698,1,1.1589969,0.6843348
2025-03-13,-0.04584577954865974,3,1.1054112,0.6493786
2025-03-17,1.712593737654026,5,1.0801604,0.6681285
2025-03-24,-0.4193141780545538,10,1.0408586,0.74974525
2025-04-08,0.25866480558003213,21,1.3098035,0.7045049
2025-03-12,1.456086436684516,1,1.1697501,0.7315005
2025-03-14,-0.2832603122093688,3,1.0662965,0.76300603
2025-03-18,0.06318732728023689,5,1.0621164,0.7250185
2025-03-25,-0.6196811438108376,10,1.009502,0.7116519
2025-04-09,-1.7515850985222292,21,1.3159951,0.8004948
2025-03-13,-0.04584577954865974,1,1.1054112,0.750352
2025-03-17,1.712593737654026,3,1.0801604,0.8538695
2025-03-19,0.6212633190448039,5,1.0630608,0.7145621
2025-03-26,1.069638329316456,10,0.9990303,0.7286857
2025-04-10,6.390347353707088,21,1.5641278,0.8157896
2025-03-14,-0.2832603122093688,1,1.0662965,0.7405703
2025-03-18,0.06318732728023689,3,1.0621164,0.79564977
2025-03-20,0.32208273335888876,5,1.0627066,0.7143732
2025-03-27,-1.4012573442491276,10,1.0016983,0.7157489
2025-04-11,-0.5059725589454197,21,1.5650415,0.78212464
2025-03-17,1.712593737654026,1,1.0801604,0.7263019
2025-03-19,0.6212633190448039,3,1.0630608,0.74796194
2025-03-21,0.2283911041612164,5,1.0468564,0.7054417
2025-03-28,-1.9039756355993385,10,1.034714,0.7322641
2025-04-14,0.9479216390027692,21,1.5648133,0.7822326
2025-03-18,0.06318732728023689,1,1.0621164,0.70137125
2025-03-20,0.32208273335888876,3,1.0627066,0.65898937
2025-03-24,-0.4193141780545538,5,1.0408586,0.6493978
2025-03-31,-3.0507758516983943,10,1.1090623,0.7565793
2025-04-15,0.8724446875117959,21,1.5685048,0.7132743
2025-03-19,0.6212633190448039,1,1.0630608,0.71714324
2025-03-21,0.2283911041612164,3,1.0468564,0.67754084
2025-03-25,-0.6196811438108376,5,1.009502,0.6871979
2025-04-01,1.6100175786936715,10,1.1184248,0.73095745
2025-04-16,-1.2175157673297592,21,1.576191,0.7000383
2025-03-20,0.32208273335888876,1,1.0627066,0.7072388
2025-03-24,-0.4193141780545538,3,1.0408586,0.64875495
2025-03-26,1.069638329316456,5,0.9990303,0.67021006
2025-04-02,-0.6178262292535217,10,1.1214031,0.73620874
2025-04-17,0.934562672067658,21,1.5727538,0.6781246
2025-03-21,0.2283911041612164,1,1.0468564,0.7110553
2025-03-25,-0.6196811438108376,3,1.009502,0.6561914
2025-03-27,-1.4012573442491276,5,1.0016983,0.6836209
2025-04-03,-0.767552121205499,10,1.1265831,0.71222115
2025-04-18,0.5252517794371651,21,1.5743463,0.66891813
2025-03-24,-0.4193141780545538,1,1.0408586,0.71438754
2025-03-26,1.069638329316456,3,0.9990303,0.69408846
2025-03-28,-1.9039756355993385,5,1.034714,0.70243925
2025-04-04,-0.8594363959806213,10,1.1097972,0.7072677
2025-04-21,0.2011328539428447,21,1.5745478,0.67957574
2025-03-25,-0.6196811438108376,1,1.009502,0.71052134
2025-03-27,-1.4012573442491276,3,1.0016983,0.68993545
2025-03-31,-3.0507758516983943,5,1.1090623,0.68937856
2025-04-07,-5.72667308284102,10,1.3093249,0.71828914
2025-04-22,-0.07155810941850693,21,1.5745426,0.70725137
2025-03-26,1.069638329316456,1,0.9990303,0.75073653
2025-03-28,-1.9039756355993385,3,1.034714,0.7800771
2025-04-01,1.6100175786936715,5,1.1184248,0.76027656
2025-04-08,0.25866480558003213,10,1.3098035,0.6601022
2025-04-23,1.5530485085949925,21,1.5805175,0.7091417
2025-03-27,-1.4012573442491276,1,1.0016983,0.7708789
2025-03-31,-3.0507758516983943,3,1.1090623,0.75396913
2025-04-02,-0.6178262292535217,5,1.1214031,0.72840536
2025-04-09,-1.7515850985222292,10,1.3159951,0.7349936
2025-04-24,-0.12797350267480367,21,1.572301,0.75869584
2025-03-28,-1.9039756355993385,1,1.034714,0.82084113
2025-04-01,1.6100175786936715,3,1.1184248,0.871143
2025-04-03,-0.767552121205499,5,1.1265831,0.76806545
2025-04-10,6.390347353707088,10,1.5641278,0.7904351
2025-04-25,0.9458235773795325,21,1.5732808,0.7429208
2025-03-31,-3.0507758516983943,1,1.1090623,0.8441932
2025-04-02,-0.6178262292535217,3,1.1214031,0.95064497
2025-04-04,-0.8594363959806213,5,1.1097972,0.7959642
2025-04-11,-0.5059725589454197,10,1.5650415,0.8455751
2025-04-28,0.10048982684255545,21,1.5700213,0.7945891
2025-04-01,1.6100175786936715,1,1.1184248,0.95620716
2025-04-03,-0.767552121205499,3,1.1265831,1.0345728
2025-04-07,-5.72667308284102,5,1.3093249,0.9585349
2025-04-14,0.9479216390027692,10,1.5648133,0.92073584
2025-04-29,0.6475934924034363,21,1.5351183,0.8144654
2025-04-02,-0.6178262292535217,1,1.1214031,1.029577
2025-04-04,-0.8594363959806213,3,1.1097972,1.0459323
2025-04-08,0.25866480558003213,5,1.3098035,1.1207857
2025-04-15,0.8724446875117959,10,1.5685048,0.97699153
2025-04-30,-0.3439973248985082,21,1.5297887,0.867436
2025-04-03,-0.767552121205499,1,1.1265831,1.1199167
2025-04-07,-5.72667308284102,3,1.3093249,1.2131594
2025-04-09,-1.7515850985222292,5,1.3159951,1.1547579
2025-04-16,-1.2175157673297592,10,1.576191,0.9307386
2025-05-02,0.12430349304334272,21,1.5235448,0.94601154
2025-04-04,-0.8594363959806213,1,1.1097972,1.1395044
2025-04-08,0.25866480558003213,3,1.3098035,1.1258993
2025-04-10,6.390347353707088,5,1.5641278,1.1946558
2025-04-17,0.934562672067658,10,1.5727538,1.1545998
2025-05-07,0.5458185911881894,21,1.518769,0.8983886
2025-04-07,-5.72667308284102,1,1.3093249,1.325542
2025-04-09,-1.7515850985222292,3,1.3159951,1.2413768
2025-04-11,-0.5059725589454197,5,1.5650415,1.2059687
2025-04-18,0.5252517794371651,10,1.5743463,1.3195703
2025-05-08,0.2204395611495207,21,1.5168426,0.9625089
2025-04-08,0.25866480558003213,1,1.3098035,1.4659995
2025-04-10,6.390347353707088,3,1.5641278,1.4029969
2025-04-14,0.9479216390027692,5,1.5648133,1.295728
2025-04-21,0.2011328539428447,10,1.5745478,1.3646649
2025-05-09,-0.08571139080988817,21,1.5169048,1.0616665
2025-04-09,-1.7515850985222292,1,1.3159951,1.6696205
2025-04-11,-0.5059725589454197,3,1.5650415,1.6101894
2025-04-15,0.8724446875117959,5,1.5685048,1.37505
2025-04-22,-0.07155810941850693,10,1.5745426,1.4287598
2025-05-12,1.1596032430544045,21,1.5214452,1.1551027
2025-04-10,6.390347353707088,1,1.5641278,1.6425879
2025-04-14,0.9479216390027692,3,1.5648133,1.6430014
2025-04-16,-1.2175157673297592,5,1.576191,1.4378793
2025-04-23,1.5530485085949925,10,1.5805175,1.4232774
2025-05-13,0.041790490949970914,21,1.5208544,1.1611011
2025-04-11,-0.5059725589454197,1,1.5650415,1.6868454
2025-04-15,0.8724446875117959,3,1.5685048,1.6328562
2025-04-17,0.934562672067658,5,1.5727538,1.526647
2025-04-24,-0.12797350267480367,10,1.572301,1.4554965
2025-05-14,1.2250184740146637,21,1.519031,1.1672193
2025-04-14,0.9479216390027692,1,1.5648133,1.5139227
2025-04-16,-1.2175157673297592,3,1.576191,1.4792397
2025-04-18,0.5252517794371651,5,1.5743463,1.3259479
2025-04-25,0.9458235773795325,10,1.5732808,1.472221
2025-05-15,-0.7301520787798929,21,1.5218085,1.0729078
2025-04-15,0.8724446875117959,1,1.5685048,1.4018307
2025-04-17,0.934562672067658,3,1.5727538,1.3252747
2025-04-21,0.2011328539428447,5,1.5745478,1.2675616
2025-04-28,0.10048982684255545,10,1.5700213,1.4104507
2025-05-16,0.20997599397426037,21,1.5190514,0.9895706
2025-04-16,-1.2175157673297592,1,1.576191,1.1607343
2025-04-18,0.5252517794371651,3,1.5743463,1.0656445
2025-04-22,-0.07155810941850693,5,1.5745426,1.0824287
2025-04-29,0.6475934924034363,10,1.5351183,1.2264681
2025-05-19,-0.8967132710409131,21,1.5213124,0.85447085
2025-04-17,0.934562672067658,1,1.5727538,1.172507
2025-04-21,0.2011328539428447,3,1.5745478,1.0915203
2025-04-23,1.5530485085949925,5,1.5805175,1.1785777
2025-04-30,-0.3439973248985082,10,1.5297887,1.083817
2025-05-20,-0.06224033213909221,21,1.5048019,0.90657365
2025-04-18,0.5252517794371651,1,1.5743463,1.1609522
2025-04-22,-0.07155810941850693,3,1.5745426,1.1089935
2025-04-24,-0.12797350267480367,5,1.572301,1.0806415
2025-05-02,0.12430349304334272,10,1.5235448,1.024719
2025-05-21,0.9098321821109957,21,1.507587,0.8964715
2025-04-21,0.2011328539428447,1,1.5745478,1.0414776
2025-04-23,1.5530485085949925,3,1.5805175,1.0105165
2025-04-25,0.9458235773795325,5,1.5732808,0.9151658
2025-05-07,0.5458185911881894,10,1.518769,0.9619955
2025-05-22,-1.2228022747187652,21,1.515573,0.82084
2025-04-22,-0.07155810941850693,1,1.5745426,1.0362582
2025-04-24,-0.12797350267480367,3,1.572301,1.0383219
2025-04-28,0.10048982684255545,5,1.5700213,0.8500365
2025-05-08,0.2204395611495207,10,1.5168426,0.95182765
2025-05-23,-0.0609297009609002,21,1.5150213,0.79628193
2025-04-23,1.5530485085949925,1,1.5805175,0.9536909
2025-04-25,0.9458235773795325,3,1.5732808,0.9333605
2025-04-29,0.6475934924034363,5,1.5351183,0.8235029
2025-05-09,-0.08571139080988817,10,1.5169048,0.8208584
2025-05-26,1.9979625531140417,21,1.5357623,0.68151236
2025-04-24,-0.12797350267480367,1,1.572301,0.9088595
2025-04-28,0.10048982684255545,3,1.5700213,0.9084955
2025-04-30,-0.3439973248985082,5,1.5297887,0.7931379
2025-05-12,1.1596032430544045,10,1.5214452,0.84125745
2025-05-27,-0.27188386275782556,21,1.535268,0.6987093
2025-04-25,0.9458235773795325,1,1.5732808,0.8380426
2025-04-29,0.6475934924034363,3,1.5351183,0.8913879
2025-05-02,0.12430349304334272,5,1.5235448,0.77338713
2025-05-13,0.041790490949970914,10,1.5208544,0.7570176
2025-05-28,1.2409293115841755,21,1.5404717,0.69071305
2025-04-28,0.10048982684255545,1,1.5700213,0.7368006
2025-04-30,-0.3439973248985082,3,1.5297887,0.8155355
2025-05-07,0.5458185911881894,5,1.518769,0.7341392
2025-05-14,1.2250184740146637,10,1.519031,0.6949448
2025-05-29,1.8732493228092582,21,1.4889555,0.73965573
2025-04-29,0.6475934924034363,1,1.5351183,0.764522
2025-05-02,0.12430349304334272,3,1.5235448,0.8682881
2025-05-08,0.2204395611495207,5,1.5168426,0.7786504
2025-05-15,-0.7301520787798929,10,1.5218085,0.6008897
2025-05-30,-0.8478698743937635,21,1.4938048,0.68221
2025-04-30,-0.3439973248985082,1,1.5297887,0.7158067
2025-05-07,0.5458185911881894,3,1.518769,0.82911676
2025-05-09,-0.08571139080988817,5,1.5169048,0.7319269
2025-05-16,0.20997599397426037,10,1.5190514,0.6345082
2025-06-02,0.04817993711463453,21,1.4875524,0.7325125
2025-05-02,0.12430349304334272,1,1.5235448,0.77548957
2025-05-08,0.2204395611495207,3,1.5168426,0.8744801
2025-05-12,1.1596032430544045,5,1.5214452,0.790581
2025-05-19,-0.8967132710409131,10,1.5213124,0.67182225
2025-06-04,2.6280347154458625,21,1.521392,0.7073597
2025-05-07,0.5458185911881894,1,1.518769,0.72138095
2025-05-09,-0.08571139080988817,3,1.5169048,0.71083224
2025-05-13,0.041790490949970914,5,1.5208544,0.68783176
2025-05-20,-0.06224033213909221,10,1.5048019,0.74710196
2025-06-05,1.4763217047208228,21,1.5291321,0.70011306
2025-05-08,0.2204395611495207,1,1.5168426,0.73840785
2025-05-12,1.1596032430544045,3,1.5214452,0.6791215
2025-05-14,1.2250184740146637,5,1.519031,0.6585109
2025-05-21,0.9098321821109957,10,1.507587,0.8200413
2025-06-09,1.5427743767721551,21,1.5395586,0.68065035
2025-05-09,-0.08571139080988817,1,1.5169048,0.68440014
2025-05-13,0.041790490949970914,3,1.5208544,0.6319421
2025-05-15,-0.7301520787798929,5,1.5218085,0.62588215
2025-05-22,-1.2228022747187652,10,1.515573,0.7596097
2025-06-10,0.5614939553634746,21,1.5283022,0.692878
2025-05-12,1.1596032430544045,1,1.5214452,0.6443344
2025-05-14,1.2250184740146637,3,1.519031,0.59493047
2025-05-16,0.20997599397426037,5,1.5190514,0.6221024
2025-05-23,-0.0609297009609002,10,1.5150213,0.7336999
2025-06-11,1.2178939394782415,21,1.525307,0.68204314
2025-05-13,0.041790490949970914,1,1.5208544,0.61243606
2025-05-15,-0.7301520787798929,3,1.5218085,0.60064656
2025-05-19,-0.8967132710409131,5,1.5213124,0.6323243
2025-05-26,1.9979625531140417,10,1.5357623,0.69890046
2025-06-12,0.4458505423888577,21,1.5252724,0.6908702
2025-05-14,1.2250184740146637,1,1.519031,0.630329
2025-05-16,0.20997599397426037,3,1.5190514,0.63195723
2025-05-20,-0.06224033213909221,5,1.5048019,0.64727205
2025-05-27,-0.27188386275782556,10,1.535268,0.7232949
2025-06-13,-0.8740018133468358,21,1.5304112,0.70254594
2025-05-15,-0.7301520787798929,1,1.5218085,0.64996684
2025-05-19,-0.8967132710409131,3,1.5213124,0.64324814
2025-05-21,0.9098321821109957,5,1.507587,0.6430718
2025-05-28,1.2409293115841755,10,1.5404717,0.7590217
2025-06-16,1.7818413608619788,21,1.5315964,0.69433296
2025-05-16,0.20997599397426037,1,1.5190514,0.64604676
2025-05-20,-0.06224033213909221,3,1.5048019,0.64093655
2025-05-22,-1.2228022747187652,5,1.515573,0.6262013
2025-05-29,1.8732493228092582,10,1.4889555,0.76728284
2025-06-17,0.12345809383879285,21,1.5315238,0.69411546
2025-05-19,-0.8967132710409131,1,1.5213124,0.6547318
2025-05-21,0.9098321821109957,3,1.507587,0.65839165
2025-05-23,-0.0609297009609002,5,1.5150213,0.62218505
2025-05-30,-0.8478698743937635,10,1.4938048,0.73500323
2025-06-18,0.7392158464907559,21,1.5321456,0.7073334
2025-05-20,-0.06224033213909221,1,1.5048019,0.66814876
2025-05-22,-1.2228022747187652,3,1.515573,0.667761
2025-05-26,1.9979625531140417,5,1.5357623,0.63119525
2025-06-02,0.04817993711463453,10,1.4875524,0.7307957
2025-06-19,0.18655851418732647,21,1.5320696,0.7027504
2025-05-21,0.9098321821109957,1,1.507587,0.677499
2025-05-23,-0.0609297009609002,3,1.5150213,0.66907024
2025-05-27,-0.27188386275782556,5,1.535268,0.64240384
2025-06-04,2.6280347154458625,10,1.521392,0.7254656
2025-06-20,1.4701326211142836,21,1.5407878,0.71354514
2025-05-22,-1.2228022747187652,1,1.515573,0.68972445
2025-05-26,1.9979625531140417,3,1.5357623,0.68890107
2025-05-28,1.2409293115841755,5,1.5404717,0.6471223
2025-06-05,1.4763217047208228,10,1.5291321,0.755248
2025-06-23,-0.2441929184652209,21,1.5397155,0.72836316
2025-05-23,-0.0609297009609002,1,1.5150213,0.7401557
2025-05-27,-0.27188386275782556,3,1.535268,0.7089731
2025-05-29,1.8732493228092582,5,1.4889555,0.6680108
2025-06-09,1.5427743767721551,10,1.5395586,0.8571557
2025-06-24,2.915156432192246,21,1.5740492,0.7460674
2025-05-26,1.9979625531140417,1,1.5357623,0.6808083
2025-05-28,1.2409293115841755,3,1.5404717,0.65880644
2025-05-30,-0.8478698743937635,5,1.4938048,0.6582353
2025-06-10,0.5614939553634746,10,1.5283022,0.80163574
2025-06-25,0.14842852490869748,21,1.5707554,0.7136067
2025-05-27,-0.27188386275782556,1,1.535268,0.67381626
2025-05-29,1.8732493228092582,3,1.4889555,0.6447045
2025-06-02,0.04817993711463453,5,1.4875524,0.6625984
2025-06-11,1.2178939394782415,10,1.525307,0.77369344
2025-06-26,-0.9273118186674775,21,1.5633847,0.70701545
2025-05-28,1.2409293115841755,1,1.5404717,0.68019855
2025-05-30,-0.8478698743937635,3,1.4938048,0.664528
2025-06-04,2.6280347154458625,5,1.521392,0.6649435
2025-06-12,0.4458505423888577,10,1.5252724,0.76557446
2025-06-27,-0.7699530234278462,21,1.54329,0.7302825
2025-05-29,1.8732493228092582,1,1.4889555,0.6645582
2025-06-02,0.04817993711463453,3,1.4875524,0.697206
2025-06-05,1.4763217047208228,5,1.5291321,0.6609372
2025-06-13,-0.8740018133468358,10,1.5304112,0.7328348
2025-06-30,0.5143919940662527,21,1.4795479,0.748327
2025-05-30,-0.8478698743937635,1,1.4938048,0.669777
2025-06-04,2.6280347154458625,3,1.521392,0.6790445
2025-06-09,1.5427743767721551,5,1.5395586,0.6678005
2025-06-16,1.7818413608619788,10,1.5315964,0.73405457
2025-07-01,0.582664590770231,21,1.4707061,0.733494
2025-06-02,0.04817993711463453,1,1.4875524,0.695337
2025-06-05,1.4763217047208228,3,1.5291321,0.7372181
2025-06-10,0.5614939553634746,5,1.5283022,0.6970976
2025-06-17,0.12345809383879285,10,1.5315238,0.72190565
2025-07-02,-0.47333519605726765,21,1.4692308,0.7652805
2025-06-04,2.6280347154458625,1,1.521392,0.69143134
2025-06-09,1.5427743767721551,3,1.5395586,0.66488445
2025-06-11,1.2178939394782415,5,1.525307,0.6824646
2025-06-18,0.7392158464907559,10,1.5321456,0.7414886
2025-07-03,1.3312347755112526,21,1.46737,0.7125368
2025-06-05,1.4763217047208228,1,1.5291321,0.68819225
2025-06-10,0.5614939553634746,3,1.5283022,0.7316957
2025-06-12,0.4458505423888577,5,1.5252724,0.696092
2025-06-19,0.18655851418732647,10,1.5320696,0.72312105
2025-07-04,-2.0092884848343306,21,1.4910972,0.7745287
2025-06-09,1.5427743767721551,1,1.5395586,0.6882809
2025-06-11,1.2178939394782415,3,1.525307,0.7206918
2025-06-13,-0.8740018133468358,5,1.5304112,0.685063
2025-06-20,1.4701326211142836,10,1.5407878,0.73510236
2025-07-07,0.16977935482865952,21,1.2596997,0.78634673
2025-06-10,0.5614939553634746,1,1.5283022,0.69393545
2025-06-12,0.4458505423888577,3,1.5252724,0.7984515
2025-06-16,1.7818413608619788,5,1.5315964,0.71161985
2025-06-23,-0.2441929184652209,10,1.5397155,0.72264403
2025-07-08,1.7971396298009237,21,1.2712355,0.81992996
2025-06-11,1.2178939394782415,1,1.525307,0.69282466
2025-06-13,-0.8740018133468358,3,1.5304112,0.83033
2025-06-17,0.12345809383879285,5,1.5315238,0.723602
2025-06-24,2.915156432192246,10,1.5740492,0.7010794
2025-07-09,0.6014091233158586,21,1.2370322,0.82968265
2025-06-12,0.4458505423888577,1,1.5252724,0.69385153
2025-06-16,1.7818413608619788,3,1.5315964,0.813778
2025-06-18,0.7392158464907559,5,1.5321456,0.7335582
2025-06-25,0.14842852490869748,10,1.5707554,0.69890577
2025-07-10,1.5669222125041282,21,0.9788696,0.8176043
2025-06-13,-0.8740018133468358,1,1.5304112,0.7037897
2025-06-17,0.12345809383879285,3,1.5315238,0.8076238
2025-06-19,0.18655851418732647,5,1.5320696,0.71886456
2025-06-26,-0.9273118186674775,10,1.5633847,0.70463836
2025-07-11,-0.23462696523808674,21,0.9750458,0.8328067
2025-06-16,1.7818413608619788,1,1.5315964,0.6939542
2025-06-18,0.7392158464907559,3,1.5321456,0.7828636
2025-06-20,1.4701326211142836,5,1.5407878,0.73932445
2025-06-27,-0.7699530234278462,10,1.54329,0.71276814
2025-07-14,0.8234864047754267,21,0.9740882,0.8177026
2025-06-17,0.12345809383879285,1,1.5315238,0.6920616
2025-06-19,0.18655851418732647,3,1.5320696,0.76944584
2025-06-23,-0.2441929184652209,5,1.5397155,0.7129267
2025-06-30,0.5143919940662527,10,1.4795479,0.7066748
2025-07-15,0.41294619420809486,21,0.9724529,0.8032975
2025-06-18,0.7392158464907559,1,1.5321456,0.6906084
2025-06-20,1.4701326211142836,3,1.5407878,0.7167127
2025-06-24,2.915156432192246,5,1.5740492,0.6666145
2025-07-01,0.582664590770231,10,1.4707061,0.715502
2025-07-16,-0.9029015354370402,21,0.9642073,0.7553572
2025-06-19,0.18655851418732647,1,1.5320696,0.6951482
2025-06-23,-0.2441929184652209,3,1.5397155,0.7133228
2025-06-25,0.14842852490869748,5,1.5707554,0.6421187
2025-07-02,-0.47333519605726765,10,1.4692308,0.7271298
2025-07-17,0.1853100415499384,21,0.9625406,0.74595374
2025-06-20,1.4701326211142836,1,1.5407878,0.6906403
2025-06-24,2.915156432192246,3,1.5740492,0.7037338
2025-06-26,-0.9273118186674775,5,1.5633847,0.67489475
2025-07-03,1.3312347755112526,10,1.46737,0.7528348
2025-07-18,-0.1322800358418219,21,0.9651456,0.7347541
2025-06-23,-0.2441929184652209,1,1.5397155,0.68894684
2025-06-25,0.14842852490869748,3,1.5707554,0.69898725
2025-06-27,-0.7699530234278462,5,1.54329,0.65929884
2025-07-04,-2.0092884848343306,10,1.4910972,0.7474183
2025-07-21,0.7107520538756631,21,0.9654623,0.74047816
2025-06-24,2.915156432192246,1,1.5740492,0.68951696
2025-06-26,-0.9273118186674775,3,1.5633847,0.65464884
2025-06-30,0.5143919940662527,5,1.4795479,0.6603809
2025-07-07,0.16977935482865952,10,1.2596997,0.7603934
2025-07-22,-1.281061822685019,21,0.988357,0.72003645
2025-06-25,0.14842852490869748,1,1.5707554,0.68453825
2025-06-27,-0.7699530234278462,3,1.54329,0.671854
2025-07-01,0.582664590770231,5,1.4707061,0.67160064
2025-07-08,1.7971396298009237,10,1.2712355,0.7776928
2025-07-23,0.43533935456179673,21,0.9768107,0.707914
2025-06-26,-0.9273118186674775,1,1.5633847,0.6805833
2025-06-30,0.5143919940662527,3,1.4795479,0.6580816
2025-07-02,-0.47333519605726765,5,1.4692308,0.6663331
2025-07-09,0.6014091233158586,10,1.2370322,0.779803
2025-07-24,0.20959220474588078,21,0.9747702,0.70075816
2025-06-27,-0.7699530234278462,1,1.54329,0.68781406
2025-07-01,0.582664590770231,3,1.4707061,0.6869388
2025-07-03,1.3312347755112526,5,1.46737,0.67829835
2025-07-10,1.5669222125041282,10,0.9788696,0.76933455
2025-07-25,0.17537302408333702,21,0.9724178,0.718921
2025-06-30,0.5143919940662527,1,1.4795479,0.7509934
2025-07-02,-0.47333519605726765,3,1.4692308,0.7464433
2025-07-04,-2.0092884848343306,5,1.4910972,0.73515666
2025-07-11,-0.23462696523808674,10,0.9750458,0.722209
2025-07-28,0.4205711720929867,21,0.97174287,0.76795983
2025-07-01,0.582664590770231,1,1.4707061,0.7913094
2025-07-03,1.3312347755112526,3,1.46737,0.74078494
2025-07-07,0.16977935482865952,5,1.2596997,0.754711
2025-07-14,0.8234864047754267,10,0.9740882,0.73981893
2025-07-29,0.6537214077931343,21,0.97177136,0.7706912
2025-07-02,-0.47333519605726765,1,1.4692308,0.7666917
2025-07-04,-2.0092884848343306,3,1.4910972,0.7123826
2025-07-08,1.7971396298009237,5,1.2712355,0.72569937
2025-07-15,0.41294619420809486,10,0.9724529,0.74704623
2025-07-30,0.737081356608227,21,0.9680555,0.7508004
2025-07-03,1.3312347755112526,1,1.46737,0.7764211
2025-07-07,0.16977935482865952,3,1.2596997,0.69850075
2025-07-09,0.6014091233158586,5,1.2370322,0.7278271
2025-07-16,-0.9029015354370402,10,0.9642073,0.7457664
2025-07-31,-0.2778510849654208,21,0.97139895,0.7351987
2025-07-04,-2.0092884848343306,1,1.4910972,0.71890116
2025-07-08,1.7971396298009237,3,1.2712355,0.6675663
2025-07-10,1.5669222125041282,5,0.9788696,0.6702168
2025-07-17,0.1853100415499384,10,0.9625406,0.75191224
2025-08-01,-3.9607062930541193,21,1.1221135,0.7114112
2025-07-07,0.16977935482865952,1,1.2596997,0.82340854
2025-07-09,0.6014091233158586,3,1.2370322,0.7998113
2025-07-11,-0.23462696523808674,5,0.9750458,0.7953171
2025-07-18,-0.1322800358418219,10,0.9651456,0.7903953
2025-08-04,0.9044058699929222,21,1.1245519,0.754582
2025-07-08,1.7971396298009237,1,1.2712355,0.8707675
2025-07-10,1.5669222125041282,3,0.9788696,0.9278641
2025-07-14,0.8234864047754267,5,0.9740882,0.77223337
2025-07-21,0.7107520538756631,10,0.9654623,0.8080441
2025-08-05,1.5837702512089675,21,1.1346542,0.79662454
2025-07-09,0.6014091233158586,1,1.2370322,0.8244614
2025-07-11,-0.23462696523808674,3,0.9750458,0.84254885
2025-07-15,0.41294619420809486,5,0.9724529,0.71488446
2025-07-22,-1.281061822685019,10,0.988357,0.84235936
2025-08-06,0.004374281378991419,21,1.1306442,0.7337511
2025-07-10,1.5669222125041282,1,0.9788696,0.97806925
2025-07-14,0.8234864047754267,3,0.9740882,1.0131481
2025-07-16,-0.9029015354370402,5,0.9642073,0.78459185
2025-07-23,0.43533935456179673,10,0.9768107,0.92026705
2025-08-07,0.9194234499245634,21,1.1323912,0.82638055
2025-07-11,-0.23462696523808674,1,0.9750458,0.881181
2025-07-15,0.41294619420809486,3,0.9724529,0.89051944
2025-07-17,0.1853100415499384,5,0.9625406,0.7340691
2025-07-24,0.20959220474588078,10,0.9747702,0.8393097
2025-08-08,-0.5489536280687014,21,1.1324501,0.8162286
2025-07-14,0.8234864047754267,1,0.9740882,0.9861734
2025-07-16,-0.9029015354370402,3,0.9642073,1.020138
2025-07-18,-0.1322800358418219,5,0.9651456,0.83969915
2025-07-25,0.17537302408333702,10,0.9724178,0.884004
2025-08-11,-0.10098493309498838,21,1.1254008,0.89276344
2025-07-15,0.41294619420809486,1,0.9724529,0.72525984
2025-07-17,0.1853100415499384,3,0.9625406,0.72214305
2025-07-21,0.7107520538756631,5,0.9654623,0.69554335
2025-07-28,0.4205711720929867,10,0.97174287,0.7508589
2025-08-12,-0.5271530433248641,21,1.1308097,0.75646275
2025-07-16,-0.9029015354370402,1,0.9642073,0.7194456
2025-07-18,-0.1322800358418219,3,0.9651456,0.76485664
2025-07-22,-1.281061822685019,5,0.988357,0.7146312
2025-07-29,0.6537214077931343,10,0.97177136,0.730382
2025-08-13,1.0744942991853235,21,1.1233633,0.7537864
2025-07-17,0.1853100415499384,1,0.9625406,0.7881936
2025-07-21,0.7107520538756631,3,0.9654623,0.90916866
2025-07-23,0.43533935456179673,5,0.9768107,0.82401806
2025-07-30,0.737081356608227,10,0.9680555,0.68984836
2025-08-14,0.0399934553237269,21,1.1227947,0.7569635
2025-07-18,-0.1322800358418219,1,0.9651456,0.8360081
2025-07-22,-1.281061822685019,3,0.988357,0.9076856
2025-07-24,0.20959220474588078,5,0.9747702,0.7900167
2025-07-31,-0.2778510849654208,10,0.97139895,0.8250835
2025-08-18,-1.5112059141169933,21,1.1459007,0.7881141
2025-07-21,0.7107520538756631,1,0.9654623,0.7500707
2025-07-23,0.43533935456179673,3,0.9768107,0.8103984
2025-07-25,0.17537302408333702,5,0.9724178,0.7374812
2025-08-01,-3.9607062930541193,10,1.1221135,0.73944867
2025-08-19,-0.8127907148983333,21,1.1377509,0.7696539
2025-07-22,-1.281061822685019,1,0.988357,0.7323787
2025-07-24,0.20959220474588078,3,0.9747702,0.81772137
2025-07-28,0.4205711720929867,5,0.97174287,0.7113618
2025-08-04,0.9044058699929222,10,1.1245519,0.7615022
2025-08-20,-0.683580072330161,21,1.1441494,0.7543701
2025-07-23,0.43533935456179673,1,0.9768107,0.7259558
2025-07-25,0.17537302408333702,3,0.9724178,0.82597744
2025-07-29,0.6537214077931343,5,0.97177136,0.7291289
2025-08-05,1.5837702512089675,10,1.1346542,0.7253267
2025-08-21,0.3714997248709511,21,1.1226494,0.7507964
2025-07-24,0.20959220474588078,1,0.9747702,0.79391617
2025-07-28,0.4205711720929867,3,0.97174287,0.9046322
2025-07-30,0.737081356608227,5,0.9680555,0.77647156
2025-08-06,0.004374281378991419,10,1.1306442,0.73269725
2025-08-22,0.8554087076352332,21,1.1225668,0.8244129
2025-07-25,0.17537302408333702,1,0.9724178,0.7228204
2025-07-29,0.6537214077931343,3,0.97177136,0.76910186
2025-07-31,-0.2778510849654208,5,0.97139895,0.7104277
2025-08-07,0.9194234499245634,10,1.1323912,0.7163759
2025-08-25,1.289648541326169,21,1.123272,0.7942049
2025-07-28,0.4205711720929867,1,0.97174287,0.71529454
2025-07-30,0.737081356608227,3,0.9680555,0.72973484
2025-08-01,-3.9607062930541193,5,1.1221135,0.71032786
2025-08-08,-0.5489536280687014,10,1.1324501,0.7254997
2025-08-26,-0.954740348723933,21,1.1157364,0.75912786
2025-07-29,0.6537214077931343,1,0.97177136,0.6758708
2025-07-31,-0.2778510849654208,3,0.97139895,0.6514722
2025-08-04,0.9044058699929222,5,1.1245519,0.63753724
2025-08-11,-0.10098493309498838,10,1.1254008,0.7453182
2025-08-27,0.24502580894807832,21,1.1062291,0.72515976
2025-07-30,0.737081356608227,1,0.9680555,0.6776829
2025-08-01,-3.9607062930541193,3,1.1221135,0.65359336
2025-08-05,1.5837702512089675,5,1.1346542,0.65324354
2025-08-12,-0.5271530433248641,10,1.1308097,0.74118686
2025-08-28,0.2869958883071106,21,1.105818,0.7199371
2025-07-31,-0.2778510849654208,1,0.97139895,0.671827
2025-08-04,0.9044058699929222,3,1.1245519,0.6595882
2025-08-06,0.004374281378991419,5,1.1306442,0.6549763
2025-08-13,1.0744942991853235,10,1.1233633,0.74552417
2025-08-29,-0.3230816155142749,21,1.0645567,0.73237365
2025-08-01,-3.9607062930541193,1,1.1221135,0.69107777
2025-08-05,1.5837702512089675,3,1.1346542,0.6973352
2025-08-07,0.9194234499245634,5,1.1323912,0.69121474
2025-08-14,0.0399934553237269,10,1.1227947,0.7293272
2025-09-01,-1.3613889177757683,21,1.0713835,0.74956197
2025-08-04,0.9044058699929222,1,1.1245519,0.7424286
2025-08-06,0.004374281378991419,3,1.1306442,0.7654326
2025-08-08,-0.5489536280687014,5,1.1324501,0.7216472
2025-08-18,-1.5112059141169933,10,1.1459007,0.7308646
2025-09-02,0.9317204846014591,21,1.061117,0.77327996
2025-08-05,1.5837702512089675,1,1.1346542,0.81693244
2025-08-07,0.9194234499245634,3,1.1323912,0.77241737
2025-08-11,-0.10098493309498838,5,1.1254008,0.77315825
2025-08-19,-0.8127907148983333,10,1.1377509,0.7955487
2025-09-03,0.3797475348767136,21,1.0602548,0.7760319
2025-08-06,0.004374281378991419,1,1.1306442,0.69575894
2025-08-08,-0.5489536280687014,3,1.1324501,0.678604
2025-08-12,-0.5271530433248641,5,1.1308097,0.650308
2025-08-20,-0.683580072330161,10,1.1441494,0.7788829
2025-09-04,0.5140031284466733,21,1.0523529,0.71307707
2025-08-07,0.9194234499245634,1,1.1323912,0.7537714
2025-08-11,-0.10098493309498838,3,1.1254008,0.6944887
2025-08-13,1.0744942991853235,5,1.1233633,0.70612234
2025-08-21,0.3714997248709511,10,1.1226494,0.8033828
2025-09-05,0.13393921504384113,21,1.0516894,0.7123092
2025-08-08,-0.5489536280687014,1,1.1324501,0.6797616
2025-08-12,-0.5271530433248641,3,1.1308097,0.63331556
2025-08-14,0.0399934553237269,5,1.1227947,0.6389954
2025-08-22,0.8554087076352332,10,1.1225668,0.7556148
2025-09-08,0.4504481823450402,21,1.0435882,0.70600337
2025-08-11,-0.10098493309498838,1,1.1254008,0.76047224
2025-08-13,1.0744942991853235,3,1.1233633,0.7264335
2025-08-18,-1.5112059141169933,5,1.1459007,0.7025258
2025-08-25,1.289648541326169,10,1.123272,0.76506186
2025-09-09,1.248849810661339,21,1.031902,0.7226694
2025-08-12,-0.5271530433248641,1,1.1308097,0.76334554
2025-08-14,0.0399934553237269,3,1.1227947,0.75406975
2025-08-19,-0.8127907148983333,5,1.1377509,0.7262563
2025-08-26,-0.954740348723933,10,1.1157364,0.7190862
2025-09-10,1.6573294974171002,21,1.0496166,0.720247
2025-08-13,1.0744942991853235,1,1.1233633,0.78976256
2025-08-18,-1.5112059141169933,3,1.1459007,0.84412247
2025-08-20,-0.683580072330161,5,1.1441494,0.758355
2025-08-27,0.24502580894807832,10,1.1062291,0.7296538
2025-09-11,0.8911644809387151,21,1.0511365,0.713811
2025-08-14,0.0399934553237269,1,1.1227947,0.75311
2025-08-19,-0.8127907148983333,3,1.1377509,0.7187617
2025-08-21,0.3714997248709511,5,1.1226494,0.688036
2025-08-28,0.2869958883071106,10,1.105818,0.7755369
2025-09-12,1.5235329858242765,21,1.0650009,0.73990464
2025-08-18,-1.5112059141169933,1,1.1459007,0.69284695
2025-08-20,-0.683580072330161,3,1.1441494,0.6510999
2025-08-22,0.8554087076352332,5,1.1225668,0.64916027
2025-08-29,-0.3230816155142749,10,1.0645567,0.7311129
2025-09-15,0.3460323572222513,21,1.0524286,0.7158787
2025-08-19,-0.8127907148983333,1,1.1377509,0.7858422
2025-08-21,0.3714997248709511,3,1.1226494,0.7398104
2025-08-25,1.289648541326169,5,1.123272,0.6958167
2025-09-01,-1.3613889177757683,10,1.0713835,0.7528181
2025-09-16,1.2340973144408716,21,1.0591338,0.77619296
2025-08-20,-0.683580072330161,1,1.1441494,0.8887007
2025-08-22,0.8554087076352332,3,1.1225668,0.8855889
2025-08-26,-0.954740348723933,5,1.1157364,0.8247108
2025-09-02,0.9317204846014591,10,1.061117,0.7489889
2025-09-17,-1.0555280627618078,21,1.0111414,0.801746
2025-08-21,0.3714997248709511,1,1.1226494,0.91096663
2025-08-25,1.289648541326169,3,1.123272,0.8851935
2025-08-27,0.24502580894807832,5,1.1062291,0.8521006
2025-09-03,0.3797475348767136,10,1.0602548,0.7828899
2025-09-18,1.3935421760971611,21,1.0236299,0.8059046
2025-08-22,0.8554087076352332,1,1.1225668,0.7800567
2025-08-26,-0.954740348723933,3,1.1157364,0.7344332
2025-08-28,0.2869958883071106,5,1.105818,0.73732936
2025-09-04,0.5140031284466733,10,1.0523529,0.74011225
2025-09-19,-0.4650689766427134,21,1.0168773,0.7341261
2025-08-25,1.289648541326169,1,1.123272,0.70726156
2025-08-27,0.24502580894807832,3,1.1062291,0.6804269
2025-08-29,-0.3230816155142749,5,1.0645567,0.69251335
2025-09-05,0.13393921504384113,10,1.0516894,0.7616069
2025-09-22,0.6771875726861964,21,1.0109394,0.72636956
2025-08-26,-0.954740348723933,1,1.1157364,0.6720278
2025-08-28,0.2869958883071106,3,1.105818,0.63331664
2025-09-01,-1.3613889177757683,5,1.0713835,0.63904995
2025-09-08,0.4504481823450402,10,1.0435882,0.75981724
2025-09-23,0.504399142011375,21,1.0108894,0.70726985
2025-08-27,0.24502580894807832,1,1.1062291,0.8134699
2025-08-29,-0.3230816155142749,3,1.0645567,0.8655631
2025-09-02,0.9317204846014591,5,1.061117,0.7160415
2025-09-09,1.248849810661339,10,1.031902,0.7960489
2025-09-24,-0.40383449067862703,21,1.0127622,0.7874894
2025-08-28,0.2869958883071106,1,1.105818,0.7832635
2025-09-01,-1.3613889177757683,3,1.0713835,0.74797016
2025-09-03,0.3797475348767136,5,1.0602548,0.6538584
2025-09-10,1.6573294974171002,10,1.0496166,0.8992804
2025-09-25,-0.029662914738797664,21,1.0094174,0.7352648
2025-08-29,-0.3230816155142749,1,1.0645567,0.72925705
2025-09-02,0.9317204846014591,3,1.061117,0.8004082
2025-09-04,0.5140031284466733,5,1.0523529,0.68999463
2025-09-11,0.8911644809387151,10,1.0511365,0.7562258
2025-09-26,-2.4810393771542616,21,1.0560331,0.7225097
2025-09-01,-1.3613889177757683,1,1.0713835,0.6883587
2025-09-03,0.3797475348767136,3,1.0602548,0.7701455
2025-09-05,0.13393921504384113,5,1.0516894,0.6998838
2025-09-12,1.5235329858242765,10,1.0650009,0.7179566
2025-09-29,1.3248892555435539,21,1.0284694,0.7830517
2025-09-02,0.9317204846014591,1,1.061117,0.8189114
2025-09-04,0.5140031284466733,3,1.0523529,0.96653926
2025-09-08,0.4504481823450402,5,1.0435882,0.78093165
2025-09-15,0.3460323572222513,10,1.0524286,0.7041754
2025-09-30,-0.19282521752499202,21,1.0296785,0.8006287
2025-09-03,0.3797475348767136,1,1.0602548,0.7958324
2025-09-05,0.13393921504384113,3,1.0516894,0.9035129
2025-09-09,1.248849810661339,5,1.031902,0.77795136
2025-09-16,1.2340973144408716,10,1.0591338,0.7008459
2025-10-01,0.9077977435023574,21,1.0123764,0.837826
2025-09-04,0.5140031284466733,1,1.0523529,0.79448277
2025-09-08,0.4504481823450402,3,1.0435882,0.8449664
2025-09-10,1.6573294974171002,5,1.0496166,0.7659907
2025-09-17,-1.0555280627618078,10,1.0111414,0.70745224
2025-10-02,2.6662349981591267,21,1.0611055,0.75882167
2025-09-05,0.13393921504384113,1,1.0516894,0.73662347
2025-09-09,1.248849810661339,3,1.031902,0.76547843
2025-09-11,0.8911644809387151,5,1.0511365,0.71870524
2025-09-18,1.3935421760971611,10,1.0236299,0.6912779
2025-10-10,1.7148958062065491,21,1.0644852,0.68336284
2025-09-08,0.4504481823450402,1,1.0435882,0.706796
2025-09-10,1.6573294974171002,3,1.0496166,0.66967666
2025-09-12,1.5235329858242765,5,1.0650009,0.64702016
2025-09-19,-0.4650689766427134,10,1.0168773,0.77442676
2025-10-13,-0.7241033785330672,21,1.0698124,0.6510616
2025-09-09,1.248849810661339,1,1.031902,0.68274087
2025-09-11,0.8911644809387151,3,1.0511365,0.6483267
2025-09-15,0.3460323572222513,5,1.0524286,0.61818963
2025-09-22,0.6771875726861964,10,1.0109394,0.76723546
2025-10-14,-0.636409770659893,21,1.0720328,0.7062787
2025-09-10,1.6573294974171002,1,1.0496166,0.67750114
2025-09-12,1.5235329858242765,3,1.0650009,0.6330344
2025-09-16,1.2340973144408716,5,1.0591338,0.63131446
2025-09-23,0.504399142011375,10,1.0108894,0.74580085
2025-10-15,2.6450850662071823,21,1.1180843,0.6940849
2025-09-11,0.8911644809387151,1,1.0511365,0.6759218
2025-09-15,0.3460323572222513,3,1.0524286,0.63004375
2025-09-17,-1.0555280627618078,5,1.0111414,0.6415906
2025-09-24,-0.40383449067862703,10,1.0127622,0.7445387
2025-10-16,2.4601400346642652,21,1.1450799,0.71213585
2025-09-12,1.5235329858242765,1,1.0650009,0.67102516
2025-09-16,1.2340973144408716,3,1.0591338,0.6470957
2025-09-18,1.3935421760971611,5,1.0236299,0.6449134
2025-09-25,-0.029662914738797664,10,1.0094174,0.73517996
2025-10-17,0.013865742705483193,21,1.1455104,0.7195692
2025-09-15,0.3460323572222513,1,1.0524286,0.6763649
2025-09-17,-1.0555280627618078,3,1.0111414,0.65724593
2025-09-19,-0.4650689766427134,5,1.0168773,0.6710503
2025-09-26,-2.4810393771542616,10,1.0560331,0.74573284
2025-10-20,1.7399620372058018,21,1.1598362,0.7145536
2025-09-16,1.2340973144408716,1,1.0591338,0.69699097
2025-09-18,1.3935421760971611,3,1.0236299,0.7064604
2025-09-22,0.6771875726861964,5,1.0109394,0.6864309
2025-09-29,1.3248892555435539,10,1.0284694,0.7039359
2025-10-21,0.2395788411107585,21,1.1585959,0.7062016
2025-09-17,-1.0555280627618078,1,1.0111414,0.6903509
2025-09-19,-0.4650689766427134,3,1.0168773,0.6573049
2025-09-23,0.504399142011375,5,1.0108894,0.6639172
2025-09-30,-0.19282521752499202,10,1.0296785,0.7402329
2025-10-22,1.552796384927779,21,1.1511526,0.7044102
2025-09-18,1.3935421760971611,1,1.0236299,0.7272974
2025-09-22,0.6771875726861964,3,1.0109394,0.74891496
2025-09-24,-0.40383449067862703,5,1.0127622,0.7153355
2025-10-01,0.9077977435023574,10,1.0123764,0.66057515
2025-10-23,-0.9863888861371151,21,1.1636888,0.7008979
2025-09-19,-0.4650689766427134,1,1.0168773,0.72473615
2025-09-23,0.504399142011375,3,1.0108894,0.8017398
2025-09-25,-0.029662914738797664,5,1.0094174,0.7360945
2025-10-02,2.6662349981591267,10,1.0611055,0.6387269
2025-10-24,2.4664966219439024,21,1.1962523,0.69341105
2025-09-22,0.6771875726861964,1,1.0109394,0.80216384
2025-09-24,-0.40383449067862703,3,1.0127622,0.95700926
2025-09-26,-2.4810393771542616,5,1.0560331,0.8475163
2025-10-10,1.7148958062065491,10,1.0644852,0.62972087
2025-10-27,2.5360743612888044,21,1.2287138,0.71921396
2025-09-23,0.504399142011375,1,1.0108894,0.70006055
2025-09-25,-0.029662914738797664,3,1.0094174,0.6795378
2025-09-29,1.3248892555435539,5,1.0284694,0.6619498
2025-10-13,-0.7241033785330672,10,1.0698124,0.729957
2025-10-28,-0.8051502549474031,21,1.2383773,0.71857595
2025-09-24,-0.40383449067862703,1,1.0127622,0.7041197
2025-09-26,-2.4810393771542616,3,1.0560331,0.6526226
2025-09-30,-0.19282521752499202,5,1.0296785,0.639731
2025-10-14,-0.636409770659893,10,1.0720328,0.77810216
2025-10-29,1.748532895143372,21,1.2506146,0.6917783
2025-09-25,-0.029662914738797664,1,1.0094174,0.6949114
2025-09-29,1.3248892555435539,3,1.0284694,0.65305287
2025-10-01,0.9077977435023574,5,1.0123764,0.67277855
2025-10-15,2.6450850662071823,10,1.1180843,0.7761167
2025-10-30,0.14054758114238966,21,1.250176,0.7298905
2025-09-26,-2.4810393771542616,1,1.0560331,0.7026468
2025-09-30,-0.19282521752499202,3,1.0296785,0.67001665
2025-10-02,2.6662349981591267,5,1.0611055,0.6483306
2025-10-16,2.4601400346642652,10,1.1450799,0.77315617
2025-10-31,0.5030307601145826,21,1.247277,0.73464936
2025-09-29,1.3248892555435539,1,1.0284694,0.70757186
2025-10-01,0.9077977435023574,3,1.0123764,0.75848037
2025-10-10,1.7148958062065491,5,1.0644852,0.69045997
2025-10-17,0.013865742705483193,10,1.1455104,0.73843926
2025-11-03,2.7463614685768647,21,1.147033,0.8047364
2025-09-30,-0.19282521752499202,1,1.0296785,0.8437531
2025-10-02,2.6662349981591267,3,1.0611055,0.9249171
2025-10-13,-0.7241033785330672,5,1.0698124,0.80442196
2025-10-20,1.7399620372058018,10,1.1598362,0.7196366
2025-11-04,-2.4002724449667046,21,1.2053583,0.82758206
2025-10-01,0.9077977435023574,1,1.0123764,0.76575696
2025-10-10,1.7148958062065491,3,1.0644852,0.851564
2025-10-14,-0.636409770659893,5,1.0720328,0.7585676
2025-10-21,0.2395788411107585,10,1.1585959,0.7174818
2025-11-05,-2.887672961831717,21,1.2704976,0.804318
2025-10-02,2.6662349981591267,1,1.0611055,0.80636716
2025-10-13,-0.7241033785330672,3,1.0698124,0.86145383
2025-10-15,2.6450850662071823,5,1.1180843,0.791621
2025-10-22,1.552796384927779,10,1.1511526,0.77185047
2025-11-06,0.5486350769926817,21,1.2697508,0.79873043
2025-10-10,1.7148958062065491,1,1.0644852,0.7636948
2025-10-14,-0.636409770659893,3,1.0720328,0.8011595
2025-10-16,2.4601400346642652,5,1.1450799,0.7531779
2025-10-23,-0.9863888861371151,10,1.1636888,0.74010384
2025-11-07,-1.8218054968126964,21,1.2991304,0.79425895
2025-10-13,-0.7241033785330672,1,1.0698124,0.8943171
2025-10-15,2.6450850662071823,3,1.1180843,0.94217724
2025-10-17,0.013865742705483193,5,1.1455104,0.80967057
2025-10-24,2.4664966219439024,10,1.1962523,0.8527023
2025-11-10,2.977172180949305,21,1.3375081,0.84922934
2025-10-14,-0.636409770659893,1,1.0720328,0.8092242
2025-10-16,2.4601400346642652,3,1.1450799,0.8139006
2025-10-20,1.7399620372058018,5,1.1598362,0.74396646
2025-10-27,2.5360743612888044,10,1.2287138,0.78950024
2025-11-11,0.8105581173707398,21,1.3369333,0.78014344
2025-10-15,2.6450850662071823,1,1.1180843,0.9100877
2025-10-17,0.013865742705483193,3,1.1455104,0.95040005
2025-10-21,0.2395788411107585,5,1.1585959,0.86291784
2025-10-28,-0.8051502549474031,10,1.2383773,0.8681104
2025-11-12,1.065800833987293,21,1.3337774,0.84840053
2025-10-16,2.4601400346642652,1,1.1450799,0.8668275
2025-10-20,1.7399620372058018,3,1.1598362,0.88082147
2025-10-22,1.552796384927779,5,1.1511526,0.7895232
2025-10-29,1.748532895143372,10,1.2506146,0.79838735
2025-11-13,0.48647367658803803,21,1.3311843,0.8227331
2025-10-17,0.013865742705483193,1,1.1455104,0.9384222
2025-10-21,0.2395788411107585,3,1.1585959,0.98436373
2025-10-23,-0.9863888861371151,5,1.1636888,0.84955573
2025-10-30,0.14054758114238966,10,1.250176,0.90631795
2025-11-14,-3.888437250620928,21,1.4425839,0.831742
2025-10-20,1.7399620372058018,1,1.1598362,0.79189837
2025-10-22,1.552796384927779,3,1.1511526,0.8436129
2025-10-24,2.4664966219439024,5,1.1962523,0.73575026
2025-10-31,0.5030307601145826,10,1.247277,0.8335163
2025-11-17,1.9178876224883254,21,1.4349635,0.7568213
2025-10-21,0.2395788411107585,1,1.1585959,0.7706938
2025-10-23,-0.9863888861371151,3,1.1636888,0.878129
2025-10-27,2.5360743612888044,5,1.2287138,0.70236
2025-11-03,2.7463614685768647,10,1.147033,0.8462784
2025-11-18,-3.3729934595831583,21,1.5084437,0.75587475
2025-10-22,1.552796384927779,1,1.1511526,0.7305729
2025-10-24,2.4664966219439024,3,1.1962523,0.7649659
2025-10-28,-0.8051502549474031,5,1.2383773,0.685234
2025-11-04,-2.4002724449667046,10,1.2053583,0.7726672
2025-11-19,-0.6116905901575497,21,1.5076146,0.74035585
2025-10-23,-0.9863888861371151,1,1.1636888,0.7503234
2025-10-27,2.5360743612888044,3,1.2287138,0.8094928
2025-10-29,1.748532895143372,5,1.2506146,0.7574797
2025-11-05,-2.887672961831717,10,1.2704976,0.7438948
2025-11-20,1.8991412360819175,21,1.5203302,0.7890204
2025-10-24,2.4664966219439024,1,1.1962523,0.73883843
2025-10-28,-0.8051502549474031,3,1.2383773,0.84849626
2025-10-30,0.14054758114238966,5,1.250176,0.7631008
2025-11-06,0.5486350769926817,10,1.2697508,0.69608706
2025-11-21,-3.8586605232371216,21,1.6154662,0.8112024
2025-10-27,2.5360743612888044,1,1.2287138,0.8272502
2025-10-29,1.748532895143372,3,1.2506146,0.90981305
2025-10-31,0.5030307601145826,5,1.247277,0.8386247
2025-11-07,-1.8218054968126964,10,1.2991304,0.7855573
2025-11-24,-0.18702828838676017,21,1.6117803,0.80036116
2025-10-28,-0.8051502549474031,1,1.2383773,0.7509701
2025-10-30,0.14054758114238966,3,1.250176,0.82850724
2025-11-03,2.7463614685768647,5,1.147033,0.7446556
2025-11-10,2.977172180949305,10,1.3375081,0.76782715
2025-11-25,0.3042633183191069,21,1.6033232,0.76879734
2025-10-29,1.748532895143372,1,1.2506146,0.92736506
2025-10-31,0.5030307601145826,3,1.247277,0.8348839
2025-11-04,-2.4002724449667046,5,1.2053583,0.84673846
2025-11-11,0.8105581173707398,10,1.3369333,1.014548
2025-11-26,2.63718316056815,21,1.6308736,0.7873566
2025-10-30,0.14054758114238966,1,1.250176,0.7960956
2025-11-03,2.7463614685768647,3,1.147033,0.72176874
2025-11-05,-2.887672961831717,5,1.2704976,0.74452126
2025-11-12,1.065800833987293,10,1.3337774,0.84092104
2025-11-27,0.6552745043662902,21,1.6312786,0.73254704
2025-10-31,0.5030307601145826,1,1.247277,0.7615382
2025-11-04,-2.4002724449667046,3,1.2053583,0.72353977
2025-11-06,0.5486350769926817,5,1.2697508,0.7982255
2025-11-13,0.48647367658803803,10,1.3311843,0.8090264
2025-11-28,-1.5245085606031783,21,1.6472058,0.744796
2025-11-03,2.7463614685768647,1,1.147033,0.66641563
2025-11-05,-2.887672961831717,3,1.2704976,0.67249495
2025-11-07,-1.8218054968126964,5,1.2991304,0.67078406
2025-11-14,-3.888437250620928,10,1.4425839,0.70215315
2025-12-01,-0.15853201349968477,21,1.6333058,0.7239287
2025-11-04,-2.4002724449667046,1,1.2053583,0.7072663
2025-11-06,0.5486350769926817,3,1.2697508,0.7133819
2025-11-10,2.977172180949305,5,1.3375081,0.74396694
2025-11-17,1.9178876224883254,10,1.4349635,0.75549895
2025-12-02,1.8839973055638983,21,1.6434678,0.7739014
2025-11-05,-2.887672961831717,1,1.2704976,0.7563546
2025-11-07,-1.8218054968126964,3,1.2991304,0.75975734
2025-11-11,0.8105581173707398,5,1.3369333,0.82148623
2025-11-18,-3.3729934595831583,10,1.5084437,0.7565943
2025-12-03,1.0302402796193564,21,1.6455817,0.8151518
2025-11-06,0.5486350769926817,1,1.2697508,1.0967351
2025-11-10,2.977172180949305,3,1.3375081,1.1536696
2025-11-12,1.065800833987293,5,1.3337774,1.1446705
2025-11-19,-0.6116905901575497,10,1.5076146,1.0123715
2025-12-04,-0.19318598773333004,21,1.6472474,0.92067176
2025-11-07,-1.8218054968126964,1,1.2991304,0.98777324
2025-11-11,0.8105581173707398,3,1.3369333,0.9990369
2025-11-13,0.48647367658803803,5,1.3311843,0.9667296
2025-11-20,1.8991412360819175,10,1.5203302,0.9426932
2025-12-05,1.7602538151561018,21,1.6564293,0.85743356
2025-11-10,2.977172180949305,1,1.3375081,1.2645357
2025-11-12,1.065800833987293,3,1.3337774,1.2550879
2025-11-14,-3.888437250620928,5,1.4425839,1.226226
2025-11-21,-3.8586605232371216,10,1.6154662,1.1454312
2025-12-08,1.327722895563854,21,1.6606551,0.97097266
2025-11-11,0.8105581173707398,1,1.3369333,1.4331148
2025-11-13,0.48647367658803803,3,1.3311843,1.325497
2025-11-17,1.9178876224883254,5,1.4349635,1.3054302
2025-11-24,-0.18702828838676017,10,1.6117803,1.2594558
2025-12-09,-0.27234888862006684,21,1.6594764,1.0191414
2025-11-12,1.065800833987293,1,1.3337774,1.285715
2025-11-14,-3.888437250620928,3,1.4425839,1.2311147
2025-11-18,-3.3729934595831583,5,1.5084437,1.1293132
2025-11-25,0.3042633183191069,10,1.6033232,1.1630001
2025-12-10,-0.20655327150215444,21,1.6529676,0.98383343
2025-11-13,0.48647367658803803,1,1.3311843,1.2142729
2025-11-17,1.9178876224883254,3,1.4349635,1.169262
2025-11-19,-0.6116905901575497,5,1.5076146,1.0930696
2025-11-26,2.63718316056815,10,1.6308736,1.0804523
2025-12-11,-0.5913431254485845,21,1.6561015,0.9783231
2025-11-14,-3.888437250620928,1,1.4425839,0.90069324
2025-11-18,-3.3729934595831583,3,1.5084437,0.8069519
2025-11-20,1.8991412360819175,5,1.5203302,0.8824452
2025-11-27,0.6552745043662902,10,1.6312786,0.93608177
2025-12-12,1.3660888905809976,21,1.6543245,0.79433215
2025-11-17,1.9178876224883254,1,1.4349635,1.0131912
2025-11-19,-0.6116905901575497,3,1.5076146,0.93233895
2025-11-21,-3.8586605232371216,5,1.6154662,1.0405228
2025-11-28,-1.5245085606031783,10,1.6472058,1.1035545
2025-12-15,-1.8545550711137067,21,1.6784353,0.8112343
2025-11-18,-3.3729934595831583,1,1.5084437,1.2262601
2025-11-20,1.8991412360819175,3,1.5203302,1.1472876
2025-11-24,-0.18702828838676017,5,1.6117803,1.147937
2025-12-01,-0.15853201349968477,10,1.6333058,1.1925879
2025-12-16,-2.2612427255755256,21,1.706059,0.9042328
2025-11-19,-0.6116905901575497,1,1.5076146,1.682232
2025-11-21,-3.8586605232371216,3,1.6154662,1.5416028
2025-11-25,0.3042633183191069,5,1.6033232,1.4200467
2025-12-02,1.8839973055638983,10,1.6434678,1.488157
2025-12-17,1.422151616559729,21,1.7039977,1.1503159
2025-11-20,1.8991412360819175,1,1.5203302,1.9422686
2025-11-24,-0.18702828838676017,3,1.6117803,1.8270869
2025-11-26,2.63718316056815,5,1.6308736,1.5399939
2025-12-03,1.0302402796193564,10,1.6455817,1.627399
2025-12-18,-1.5377403501862896,21,1.7137467,1.2434785
2025-11-21,-3.8586605232371216,1,1.6154662,1.7009271
2025-11-25,0.3042633183191069,3,1.6033232,1.5270885
2025-11-27,0.6552745043662902,5,1.6312786,1.3075086
2025-12-04,-0.19318598773333004,10,1.6472474,1.6607776
2025-12-19,0.6497800513700697,21,1.7120287,1.1192722
2025-11-24,-0.18702828838676017,1,1.6117803,1.8997068
2025-11-26,2.63718316056815,3,1.6308736,1.6562347
2025-11-28,-1.5245085606031783,5,1.6472058,1.4774504
2025-12-05,1.7602538151561018,10,1.6564293,1.8621516
2025-12-22,2.1013591703338577,21,1.7277483,1.1940472
2025-11-25,0.3042633183191069,1,1.6033232,1.9157023
2025-11-27,0.6552745043662902,3,1.6312786,1.7231761
2025-12-01,-0.15853201349968477,5,1.6333058,1.4751524
2025-12-08,1.327722895563854,10,1.6606551,1.7596041
2025-12-23,0.2770110533114279,21,1.7274995,1.130319
2025-11-26,2.63718316056815,1,1.6308736,1.4025337
2025-11-28,-1.5245085606031783,3,1.6472058,1.3438747
2025-12-02,1.8839973055638983,5,1.6434678,1.2065407
2025-12-09,-0.27234888862006684,10,1.6594764,1.5067022
2025-12-24,-0.21151893490051338,21,1.7263924,1.0037441
2025-11-27,0.6552745043662902,1,1.6312786,1.338209
2025-12-01,-0.15853201349968477,3,1.6333058,1.333249
2025-12-03,1.0302402796193564,5,1.6455817,1.1415089
2025-12-10,-0.20655327150215444,10,1.6529676,1.2643055
2025-12-26,0.5112730471248907,21,1.7261574,0.9345998
2025-11-28,-1.5245085606031783,1,1.6472058,1.1018447
2025-12-02,1.8839973055638983,3,1.6434678,1.1760304
2025-12-04,-0.19318598773333004,5,1.6472474,1.0149052
2025-12-11,-0.5913431254485845,10,1.6561015,1.028883
2025-12-29,2.1767869852381034,21,1.7040406,0.91680384
2025-12-01,-0.15853201349968477,1,1.6333058,1.2286928
2025-12-03,1.0302402796193564,3,1.6455817,1.3634522
2025-12-05,1.7602538151561018,5,1.6564293,1.1028275
2025-12-12,1.3660888905809976,10,1.6543245,1.1171243
2025-12-30,-0.1515196800869242,21,1.700633,0.91759545
