time,log_return,horizon,true_volatility,predict_volatility
2019-08-29,-0.09032768800763977,1,0.9031042,1.2244327
2019-09-02,-0.4074081214660758,3,0.88768154,1.4387058
2019-09-04,0.11620049761912835,5,0.8707011,1.3030913
2019-09-11,0.9567918023852324,10,0.9218945,1.2678492
2019-09-30,-0.5640499862291064,21,0.8438429,1.0851891
2019-08-30,1.1827548831783077,1,0.8861655,1.5367911
2019-09-03,0.02410309620911362,3,0.8848264,1.0550461
2019-09-05,2.0932739406979604,5,0.9121283,1.0340908
2019-09-12,0.746587555307251,10,0.9209438,1.4384928
2019-10-01,0.5930227648730386,21,0.8442826,1.0573281
2019-09-02,-0.4074081214660758,1,0.88768154,1.4361339
2019-09-04,0.11620049761912835,3,0.8707011,1.3211651
2019-09-06,0.537447146897841,5,0.9136896,1.17893
2019-09-13,1.04545259772294,10,0.9047137,1.123359
2019-10-02,-0.48841809553719084,21,0.8459871,1.3621118
2019-09-03,0.02410309620911362,1,0.8848264,1.1977682
2019-09-05,2.0932739406979604,3,0.9121283,1.0669782
2019-09-09,0.5590570874506595,5,0.91432923,1.352314
2019-09-17,0.059246947478433294,10,0.90180475,1.1721554
2019-10-03,-2.026347620065454,21,0.88523096,1.0766369
2019-09-04,0.11620049761912835,1,0.8707011,1.3139893
2019-09-06,0.537447146897841,3,0.9136896,1.0302042
2019-09-10,0.34501926643752767,5,0.9139522,1.3555849
2019-09-18,-0.1847475441687795,10,0.89279914,1.2431734
2019-10-04,0.32026169462544624,21,0.87749815,1.2676742
2019-09-05,2.0932739406979604,1,0.9121283,1.1455768
2019-09-09,0.5590570874506595,3,0.91432923,1.3077793
2019-09-11,0.9567918023852324,5,0.9218945,1.1779414
2019-09-19,0.3805843770497144,10,0.8937475,1.1849096
2019-10-07,-0.16336968367213767,21,0.87748647,1.2209028
2019-09-06,0.537447146897841,1,0.9136896,1.2126025
2019-09-10,0.34501926643752767,3,0.9139522,1.1503701
2019-09-12,0.746587555307251,5,0.9209438,1.041328
2019-09-20,0.15701656237458836,10,0.89148325,1.363966
2019-10-08,0.9893670626332202,21,0.8867977,0.9086237
2019-09-09,0.5590570874506595,1,0.91432923,1.1921316
2019-09-11,0.9567918023852324,3,0.9218945,1.1033678
2019-09-13,1.04545259772294,5,0.9047137,1.1972256
2019-09-24,0.0894111673201749,10,0.88827807,1.2201241
2019-10-09,-0.61053041888289,21,0.887766,1.137456
2019-09-10,0.34501926643752767,1,0.9139522,1.0560608
2019-09-12,0.746587555307251,3,0.9209438,1.2081277
2019-09-17,0.059246947478433294,5,0.90180475,1.1429536
2019-09-25,-0.35671503879709004,10,0.87793374,1.2513851
2019-10-10,0.44456363308339125,21,0.88934505,1.1539503
2019-09-11,0.9567918023852324,1,0.9218945,1.3167632
2019-09-13,1.04545259772294,3,0.9047137,0.875266
2019-09-18,-0.1847475441687795,5,0.89279914,0.96908426
2019-09-26,0.127482974331023,10,0.8768129,0.9975915
2019-10-11,1.1390380737071926,21,0.8968712,1.0642443
2019-09-12,0.746587555307251,1,0.9209438,1.1589683
2019-09-17,0.059246947478433294,3,0.90180475,1.0641685
2019-09-19,0.3805843770497144,5,0.8937475,1.1089346
2019-09-27,-0.771007082226316,10,0.84068924,1.2393994
2019-10-15,1.855895897484636,21,0.9264706,1.167109
2019-09-13,1.04545259772294,1,0.9047137,0.83571035
2019-09-18,-0.1847475441687795,3,0.89279914,0.79660386
2019-09-20,0.15701656237458836,5,0.89148325,1.1691009
2019-09-30,-0.5640499862291064,10,0.8438429,1.181897
2019-10-16,1.189397218264902,21,0.89794385,0.92667115
2019-09-17,0.059246947478433294,1,0.90180475,1.1523421
2019-09-19,0.3805843770497144,3,0.8937475,0.9632207
2019-09-24,0.0894111673201749,5,0.88827807,1.0751901
2019-10-01,0.5930227648730386,10,0.8442826,1.1987268
2019-10-17,-0.09375916252653063,21,0.8640081,1.1113294
2019-09-18,-0.1847475441687795,1,0.89279914,1.0516037
2019-09-20,0.15701656237458836,3,0.89148325,1.2147075
2019-09-25,-0.35671503879709004,5,0.87793374,1.1015651
2019-10-02,-0.48841809553719084,10,0.8459871,1.2124083
2019-10-18,0.181647535276323,21,0.86315566,1.049719
2019-09-19,0.3805843770497144,1,0.8937475,1.1156058
2019-09-24,0.0894111673201749,3,0.88827807,0.983517
2019-09-26,0.127482974331023,5,0.8768129,0.81763643
2019-10-03,-2.026347620065454,10,0.88523096,1.0693233
2019-10-21,0.2496392543274543,21,0.85594666,0.9915137
2019-09-20,0.15701656237458836,1,0.89148325,1.2413722
2019-09-25,-0.35671503879709004,3,0.87793374,1.2324351
2019-09-27,-0.771007082226316,5,0.84068924,1.051787
2019-10-04,0.32026169462544624,10,0.87749815,1.0100968
2019-10-23,0.3386021413305792,21,0.8555199,1.0107937
2019-09-24,0.0894111673201749,1,0.88827807,0.9592601
2019-09-26,0.127482974331023,3,0.8768129,0.95451754
2019-09-30,-0.5640499862291064,5,0.8438429,0.8235143
2019-10-07,-0.16336968367213767,10,0.87748647,1.0681264
2019-10-24,0.5519178497835229,21,0.8575952,0.91439384
2019-09-25,-0.35671503879709004,1,0.87793374,1.1895304
2019-09-27,-0.771007082226316,3,0.84068924,0.95918596
2019-10-01,0.5930227648730386,5,0.8442826,1.1881437
2019-10-08,0.9893670626332202,10,0.8867977,1.1401048
2019-10-25,0.21607250726065544,21,0.85496306,1.1339809
2019-09-26,0.127482974331023,1,0.8768129,0.9593194
2019-09-30,-0.5640499862291064,3,0.8438429,1.2151057
2019-10-02,-0.48841809553719084,5,0.8459871,1.1649041
2019-10-09,-0.61053041888289,10,0.887766,1.0946143
2019-10-28,0.295438347829127,21,0.85460126,0.99464846
2019-09-27,-0.771007082226316,1,0.84068924,1.2327552
2019-10-01,0.5930227648730386,3,0.8442826,0.87816703
2019-10-03,-2.026347620065454,5,0.88523096,1.2319682
2019-10-10,0.44456363308339125,10,0.88934505,1.4134877
2019-10-29,0.4662227627388704,21,0.8548752,1.1146197
2019-09-30,-0.5640499862291064,1,0.8438429,1.3327969
2019-10-02,-0.48841809553719084,3,0.8459871,1.4802617
2019-10-04,0.32026169462544624,5,0.87749815,1.4033988
2019-10-11,1.1390380737071926,10,0.8968712,1.296621
2019-10-30,-0.5718897394318647,21,0.8500521,1.2564538
2019-10-01,0.5930227648730386,1,0.8442826,1.3498117
2019-10-03,-2.026347620065454,3,0.88523096,1.3043118
2019-10-07,-0.16336968367213767,5,0.87748647,1.2709234
2019-10-15,1.855895897484636,10,0.9264706,1.6268966
2019-10-31,0.3667018826633801,21,0.85075104,1.0991597
2019-10-02,-0.48841809553719084,1,0.8459871,1.4279255
2019-10-04,0.32026169462544624,3,0.87749815,1.3660791
2019-10-08,0.9893670626332202,5,0.8867977,1.4079484
2019-10-16,1.189397218264902,10,0.89794385,1.4426186
2019-11-01,-0.33321648267292997,21,0.80098176,1.2596397
2019-10-03,-2.026347620065454,1,0.88523096,1.3443264
2019-10-07,-0.16336968367213767,3,0.87748647,1.4591347
2019-10-09,-0.61053041888289,5,0.887766,1.4055712
2019-10-17,-0.09375916252653063,10,0.8640081,1.3469391
2019-11-05,1.7405935558712184,21,0.7882877,1.3133247
2019-10-04,0.32026169462544624,1,0.87749815,1.6170171
2019-10-08,0.9893670626332202,3,0.8867977,1.3156062
2019-10-10,0.44456363308339125,5,0.88934505,1.6816044
2019-10-18,0.181647535276323,10,0.86315566,1.6151081
2019-11-06,0.22265791929787274,21,0.7804322,1.2950611
2019-10-07,-0.16336968367213767,1,0.87748647,1.4839908
2019-10-09,-0.61053041888289,3,0.887766,1.4543881
2019-10-11,1.1390380737071926,5,0.8968712,1.4174302
2019-10-21,0.2496392543274543,10,0.85594666,1.616191
2019-11-07,0.11365065377951732,21,0.7773024,1.4009035
2019-10-08,0.9893670626332202,1,0.8867977,1.474158
2019-10-10,0.44456363308339125,3,0.88934505,1.4870138
2019-10-15,1.855895897484636,5,0.9264706,1.5971111
2019-10-23,0.3386021413305792,10,0.8555199,1.5228146
2019-11-08,0.26346737791561625,21,0.77704966,1.449968
2019-10-09,-0.61053041888289,1,0.887766,1.3311944
2019-10-11,1.1390380737071926,3,0.8968712,1.1648929
2019-10-16,1.189397218264902,5,0.89794385,1.2895976
2019-10-24,0.5519178497835229,10,0.8575952,1.4997798
2019-11-11,-0.25695447218880463,21,0.77877975,1.1880273
2019-10-10,0.44456363308339125,1,0.88934505,1.4405125
2019-10-15,1.855895897484636,3,0.9264706,1.5129019
2019-10-17,-0.09375916252653063,5,0.8640081,1.4187366
2019-10-25,0.21607250726065544,10,0.85496306,1.4561069
2019-11-12,0.803259359917984,21,0.76306385,1.2717612
2019-10-11,1.1390380737071926,1,0.8968712,1.3814844
2019-10-16,1.189397218264902,3,0.89794385,1.0439181
2019-10-18,0.181647535276323,5,0.86315566,1.1944886
2019-10-28,0.295438347829127,10,0.85460126,1.5964352
2019-11-13,-0.8545788234417562,21,0.7694859,1.206622
2019-10-15,1.855895897484636,1,0.9264706,1.5826852
2019-10-17,-0.09375916252653063,3,0.8640081,1.4919568
2019-10-21,0.2496392543274543,5,0.85594666,1.4793711
2019-10-29,0.4662227627388704,10,0.8548752,1.2764807
2019-11-14,-0.7676013140994424,21,0.7575893,1.4619174
2019-10-16,1.189397218264902,1,0.89794385,1.1665003
2019-10-18,0.181647535276323,3,0.86315566,1.138679
2019-10-23,0.3386021413305792,5,0.8555199,1.2560828
2019-10-30,-0.5718897394318647,10,0.8500521,1.4227227
2019-11-15,0.6966116241442911,21,0.75992733,1.0819981
2019-10-17,-0.09375916252653063,1,0.8640081,1.437206
2019-10-21,0.2496392543274543,3,0.85594666,1.2498466
2019-10-24,0.5519178497835229,5,0.8575952,1.104055
2019-10-31,0.3667018826633801,10,0.85075104,1.3505346
2019-11-18,0.48561421925542647,21,0.7580868,1.164635
2019-10-18,0.181647535276323,1,0.86315566,1.1901155
2019-10-23,0.3386021413305792,3,0.8555199,1.3450059
2019-10-25,0.21607250726065544,5,0.85496306,1.3966935
2019-11-01,-0.33321648267292997,10,0.80098176,1.3365859
2019-11-19,-0.5314118360900536,21,0.762841,1.0962105
2019-10-21,0.2496392543274543,1,0.85594666,1.615977
2019-10-24,0.5519178497835229,3,0.8575952,1.138081
2019-10-28,0.295438347829127,5,0.85460126,1.3805319
2019-11-05,1.7405935558712184,10,0.7882877,1.2052835
2019-11-20,-0.620485586739816,21,0.7676694,1.3425641
2019-10-23,0.3386021413305792,1,0.8555199,1.2929543
2019-10-25,0.21607250726065544,3,0.85496306,1.3034602
2019-10-29,0.4662227627388704,5,0.8548752,1.0633878
2019-11-06,0.22265791929787274,10,0.7804322,1.2325826
2019-11-21,-0.476281569080055,21,0.7723097,1.064071
2019-10-24,0.5519178497835229,1,0.8575952,1.3705891
2019-10-28,0.295438347829127,3,0.85460126,1.0057404
2019-10-30,-0.5718897394318647,5,0.8500521,1.2095633
2019-11-07,0.11365065377951732,10,0.7773024,1.2302738
2019-11-22,0.3219869704396487,21,0.7720007,1.075546
2019-10-25,0.21607250726065544,1,0.85496306,1.333911
2019-10-29,0.4662227627388704,3,0.8548752,1.1349468
2019-10-31,0.3667018826633801,5,0.85075104,1.2674323
2019-11-08,0.26346737791561625,10,0.77704966,1.1310736
2019-11-25,0.7754677657831052,21,0.7095908,1.2213529
2019-10-28,0.295438347829127,1,0.85460126,1.0969005
2019-10-30,-0.5718897394318647,3,0.8500521,0.9797703
2019-11-01,-0.33321648267292997,5,0.80098176,1.1288195
2019-11-11,-0.25695447218880463,10,0.77877975,1.2331324
2019-11-26,0.34504615668519356,21,0.70335174,0.9588545
2019-10-29,0.4662227627388704,1,0.8548752,1.2647109
2019-10-31,0.3667018826633801,3,0.85075104,0.9733103
2019-11-05,1.7405935558712184,5,0.7882877,1.0928156
2019-11-12,0.803259359917984,10,0.76306385,1.1624882
2019-11-27,0.2753589360454953,21,0.7032396,1.0828981
2019-10-30,-0.5718897394318647,1,0.8500521,1.197617
2019-11-01,-0.33321648267292997,3,0.80098176,1.0845968
2019-11-06,0.22265791929787274,5,0.7804322,0.99651337
2019-11-13,-0.8545788234417562,10,0.7694859,1.15913
2019-11-28,-0.12222325749322092,21,0.7034939,1.0263199
2019-10-31,0.3667018826633801,1,0.85075104,1.2964623
2019-11-05,1.7405935558712184,3,0.7882877,1.0694828
2019-11-07,0.11365065377951732,5,0.7773024,1.2111938
2019-11-14,-0.7676013140994424,10,0.7575893,1.1580843
2019-11-29,-0.4934611364691896,21,0.69805056,1.0558002
2019-11-01,-0.33321648267292997,1,0.80098176,1.1552547
2019-11-06,0.22265791929787274,3,0.7804322,1.1085993
2019-11-08,0.26346737791561625,5,0.77704966,1.0392776
2019-11-15,0.6966116241442911,10,0.75992733,1.2619599
2019-12-02,1.0062993319853821,21,0.70117587,1.1390257
2019-11-05,1.7405935558712184,1,0.7882877,1.2603662
2019-11-07,0.11365065377951732,3,0.7773024,1.2045301
2019-11-11,-0.25695447218880463,5,0.77877975,1.3228979
2019-11-18,0.48561421925542647,10,0.7580868,1.0403492
2019-12-03,-0.6382100246859921,21,0.70947593,1.2648346
2019-11-06,0.22265791929787274,1,0.7804322,1.2225277
2019-11-08,0.26346737791561625,3,0.77704966,1.1722722
2019-11-12,0.803259359917984,5,0.76306385,0.9738331
2019-11-19,-0.5314118360900536,10,0.762841,0.98918205
2019-12-04,-1.0516268580167385,21,0.7278445,0.97320235
2019-11-07,0.11365065377951732,1,0.7773024,1.1731491
2019-11-11,-0.25695447218880463,3,0.77877975,1.2248374
2019-11-13,-0.8545788234417562,5,0.7694859,1.0084082
2019-11-20,-0.620485586739816,10,0.7676694,1.2433841
2019-12-05,0.7100632301448858,21,0.68729836,0.94393957
2019-11-08,0.26346737791561625,1,0.77704966,1.1065029
2019-11-12,0.803259359917984,3,0.76306385,0.9169373
2019-11-14,-0.7676013140994424,5,0.7575893,1.1654782
2019-11-21,-0.476281569080055,10,0.7723097,1.187018
2019-12-06,0.23282034005656124,21,0.6856342,1.1069176
2019-11-11,-0.25695447218880463,1,0.77877975,1.338963
2019-11-13,-0.8545788234417562,3,0.7694859,1.0380462
2019-11-15,0.6966116241442911,5,0.75992733,0.9560857
2019-11-22,0.3219869704396487,10,0.7720007,0.95504725
2019-12-09,0.32616750377482395,21,0.6840018,1.1453108
2019-11-12,0.803259359917984,1,0.76306385,1.0029219
2019-11-14,-0.7676013140994424,3,0.7575893,1.2055773
2019-11-18,0.48561421925542647,5,0.7580868,1.031955
2019-11-25,0.7754677657831052,10,0.7095908,1.2399348
2019-12-10,-0.08757206584782914,21,0.6842711,0.9067604
2019-11-13,-0.8545788234417562,1,0.7694859,1.0965213
2019-11-15,0.6966116241442911,3,0.75992733,0.9156897
2019-11-19,-0.5314118360900536,5,0.762841,1.130014
2019-11-26,0.34504615668519356,10,0.70335174,1.0047655
2019-12-11,-0.07833024203507057,21,0.67659754,1.2460041
2019-11-14,-0.7676013140994424,1,0.7575893,1.1720706
2019-11-18,0.48561421925542647,3,0.7580868,1.2716904
2019-11-20,-0.620485586739816,5,0.7676694,1.1058278
2019-11-27,0.2753589360454953,10,0.7032396,1.267665
2019-12-12,0.14076685663945224,21,0.67178893,0.96572065
2019-11-15,0.6966116241442911,1,0.75992733,1.3940732
2019-11-19,-0.5314118360900536,3,0.762841,1.0837181
2019-11-21,-0.476281569080055,5,0.7723097,1.3698982
2019-11-28,-0.12222325749322092,10,0.7034939,1.4217762
2019-12-13,2.522011073640125,21,0.7306256,1.1676941
2019-11-18,0.48561421925542647,1,0.7580868,1.2125603
2019-11-20,-0.620485586739816,3,0.7676694,1.3979825
2019-11-22,0.3219869704396487,5,0.7720007,1.2691995
2019-11-29,-0.4934611364691896,10,0.69805056,1.2801142
2019-12-16,-0.2949427360897526,21,0.7327785,1.322996
2019-11-19,-0.5314118360900536,1,0.762841,1.0387324
2019-11-21,-0.476281569080055,3,0.7723097,1.180947
2019-11-25,0.7754677657831052,5,0.7095908,1.271285
2019-12-02,1.0062993319853821,10,0.70117587,1.3820963
2019-12-17,0.4738582761794381,21,0.7327398,0.99928546
2019-11-20,-0.620485586739816,1,0.7676694,1.3502675
2019-11-22,0.3219869704396487,3,0.7720007,1.2613621
2019-11-26,0.34504615668519356,5,0.70335174,1.2776458
2019-12-03,-0.6382100246859921,10,0.70947593,1.5129322
2019-12-18,-0.5487011575533696,21,0.73764366,1.0824959
2019-11-21,-0.476281569080055,1,0.7723097,1.6559298
2019-11-25,0.7754677657831052,3,0.7095908,1.6960268
2019-11-27,0.2753589360454953,5,0.7032396,1.6158203
2019-12-04,-1.0516268580167385,10,0.7278445,1.4856704
2019-12-19,-0.291134629203109,21,0.7397046,1.4219915
2019-11-22,0.3219869704396487,1,0.7720007,1.390382
2019-11-26,0.34504615668519356,3,0.70335174,1.4020776
2019-11-28,-0.12222325749322092,5,0.7034939,1.7356794
2019-12-05,0.7100632301448858,10,0.68729836,1.3175056
2019-12-20,-0.20225364633459408,21,0.7409307,1.3102773
2019-11-25,0.7754677657831052,1,0.7095908,1.3927855
2019-11-27,0.2753589360454953,3,0.7032396,1.4379032
2019-11-29,-0.4934611364691896,5,0.69805056,1.3828505
2019-12-06,0.23282034005656124,10,0.6856342,1.5123441
2019-12-23,0.01880238489970965,21,0.7383763,1.208179
2019-11-26,0.34504615668519356,1,0.70335174,1.2500769
2019-11-28,-0.12222325749322092,3,0.7034939,1.2907562
2019-12-02,1.0062993319853821,5,0.70117587,1.3740515
2019-12-09,0.32616750377482395,10,0.6840018,1.4078765
2019-12-24,0.039749706079216234,21,0.7384703,1.1166853
2019-11-27,0.2753589360454953,1,0.7032396,1.4791528
2019-11-29,-0.4934611364691896,3,0.69805056,1.2398956
2019-12-03,-0.6382100246859921,5,0.70947593,1.1926444
2019-12-10,-0.08757206584782914,10,0.6842711,1.3438665
2019-12-25,-0.20040956600161533,21,0.7303052,1.1688772
2019-11-28,-0.12222325749322092,1,0.7034939,1.2170721
2019-12-02,1.0062993319853821,3,0.70117587,1.3156619
2019-12-04,-1.0516268580167385,5,0.7278445,1.3301842
2019-12-11,-0.07833024203507057,10,0.67659754,1.4317925
2019-12-26,0.5955052784153467,21,0.726717,1.0840924
2019-11-29,-0.4934611364691896,1,0.69805056,1.2370597
2019-12-03,-0.6382100246859921,3,0.70947593,1.1487852
2019-12-05,0.7100632301448858,5,0.68729836,1.3809563
2019-12-12,0.14076685663945224,10,0.67178893,1.1630145
2019-12-27,-0.36513607493398353,21,0.72753155,1.2367871
2019-12-02,1.0062993319853821,1,0.70117587,1.7068152
2019-12-04,-1.0516268580167385,3,0.7278445,1.5197914
2019-12-06,0.23282034005656124,5,0.6856342,1.4306908
2019-12-13,2.522011073640125,10,0.7306256,1.372028
2019-12-30,-0.762627466072136,21,0.73240644,1.4146214
2019-12-03,-0.6382100246859921,1,0.70947593,1.2998292
2019-12-05,0.7100632301448858,3,0.68729836,1.2813904
2019-12-09,0.32616750377482395,5,0.6840018,1.3749508
2019-12-16,-0.2949427360897526,10,0.7327785,1.3004408
2020-01-06,-1.9281242316866256,21,0.7275809,1.1484629
2019-12-04,-1.0516268580167385,1,0.7278445,1.3790672
2019-12-06,0.23282034005656124,3,0.6856342,1.4807005
2019-12-10,-0.08757206584782914,5,0.6842711,1.4742755
2019-12-17,0.4738582761794381,10,0.7327398,1.3148797
2020-01-07,1.5855686146,21,0.7508733,1.1758549
2019-12-05,0.7100632301448858,1,0.68729836,1.4190873
2019-12-09,0.32616750377482395,3,0.6840018,1.4987171
2019-12-11,-0.07833024203507057,5,0.67659754,1.5594407
2019-12-18,-0.5487011575533696,10,0.73764366,1.2855618
2020-01-08,-1.5859978763644533,21,0.7830482,1.2143408
2019-12-06,0.23282034005656124,1,0.6856342,1.5490563
2019-12-10,-0.08757206584782914,3,0.6842711,1.3359425
2019-12-12,0.14076685663945224,5,0.67178893,1.4714634
2019-12-19,-0.291134629203109,10,0.7397046,1.2693897
2020-01-09,2.279845703620917,21,0.8235366,1.2527342
2019-12-09,0.32616750377482395,1,0.6840018,1.4548556
2019-12-11,-0.07833024203507057,3,0.67659754,1.2370006
2019-12-13,2.522011073640125,5,0.7306256,1.2009262
2019-12-20,-0.20225364633459408,10,0.7409307,1.3775606
2020-01-10,0.46522525452591484,21,0.8182057,1.0963378
2019-12-10,-0.08757206584782914,1,0.6842711,1.3363869
2019-12-12,0.14076685663945224,3,0.67178893,1.062963
2019-12-16,-0.2949427360897526,5,0.7327785,1.2028902
2019-12-23,0.01880238489970965,10,0.7383763,1.2332469
2020-01-14,0.7293898019816537,21,0.8206112,1.1106961
2019-12-11,-0.07833024203507057,1,0.67659754,1.5185158
2019-12-13,2.522011073640125,3,0.7306256,1.0014956
2019-12-17,0.4738582761794381,5,0.7327398,1.2496897
2019-12-24,0.039749706079216234,10,0.7384703,1.2136827
2020-01-15,-0.453008200382493,21,0.814829,1.2702541
2019-12-12,0.14076685663945224,1,0.67178893,1.0343822
2019-12-16,-0.2949427360897526,3,0.7327785,1.000603
2019-12-18,-0.5487011575533696,5,0.73764366,1.111385
2019-12-25,-0.20040956600161533,10,0.7303052,1.2763749
2020-01-16,0.06917818973521364,21,0.78364897,0.9836127
2019-12-13,2.522011073640125,1,0.7306256,1.2104216
2019-12-17,0.4738582761794381,3,0.7327398,0.98383045
2019-12-19,-0.291134629203109,5,0.7397046,1.2039919
2019-12-26,0.5955052784153467,10,0.726717,1.1676342
2020-01-17,0.4507783754647779,21,0.7723611,1.1737772
2019-12-16,-0.2949427360897526,1,0.7327785,1.4019843
2019-12-18,-0.5487011575533696,3,0.73764366,1.1871233
2019-12-20,-0.20225364633459408,5,0.7409307,1.2210584
2019-12-27,-0.36513607493398353,10,0.72753155,1.1161832
2020-01-20,0.17558530156643282,21,0.771925,1.2679608
2019-12-17,0.4738582761794381,1,0.7327398,1.4668423
2019-12-19,-0.291134629203109,3,0.7397046,1.2031626
2019-12-23,0.01880238489970965,5,0.7383763,1.2043395
2019-12-30,-0.762627466072136,10,0.73240644,1.2575152
2020-01-21,-0.913282804391985,21,0.78322864,1.1403053
2019-12-18,-0.5487011575533696,1,0.73764366,1.391579
2019-12-20,-0.20225364633459408,3,0.7409307,1.3771987
2019-12-24,0.039749706079216234,5,0.7384703,1.2802372
2020-01-06,-1.9281242316866256,10,0.7275809,1.2829258
2020-01-22,0.6964675528842788,21,0.78680444,1.1810684
2019-12-19,-0.291134629203109,1,0.7397046,1.2618363
2019-12-23,0.01880238489970965,3,0.7383763,1.3843727
2019-12-25,-0.20040956600161533,5,0.7303052,1.3473545
2020-01-07,1.5855686146,10,0.7508733,1.1536319
2020-01-23,-0.986526899137697,21,0.79867667,1.2051934
2019-12-20,-0.20225364633459408,1,0.7409307,1.4097567
2019-12-24,0.039749706079216234,3,0.7384703,1.4380739
2019-12-26,0.5955052784153467,5,0.726717,1.3641472
2020-01-08,-1.5859978763644533,10,0.7830482,1.153624
2020-01-24,0.1332990064284901,21,0.7963452,1.134344
2019-12-23,0.01880238489970965,1,0.7383763,1.4039488
2019-12-25,-0.20040956600161533,3,0.7303052,1.2944869
2019-12-27,-0.36513607493398353,5,0.72753155,1.2406946
2020-01-09,2.279845703620917,10,0.8235366,1.241242
2020-01-27,-2.050794164825508,21,0.8420975,1.1287457
2019-12-24,0.039749706079216234,1,0.7384703,1.2742418
2019-12-26,0.5955052784153467,3,0.726717,1.34337
2019-12-30,-0.762627466072136,5,0.73240644,1.1256278
2020-01-10,0.46522525452591484,10,0.8182057,1.2591591
2020-01-28,-0.5489746054778242,21,0.84479564,1.0405343
2019-12-25,-0.20040956600161533,1,0.7303052,1.387214
2019-12-27,-0.36513607493398353,3,0.72753155,1.069671
2020-01-06,-1.9281242316866256,5,0.7275809,1.1064839
2020-01-14,0.7293898019816537,10,0.8206112,1.1842055
2020-01-29,0.7026064402213612,21,0.8474343,1.1396273
2019-12-26,0.5955052784153467,1,0.726717,1.2062713
2019-12-30,-0.762627466072136,3,0.73240644,1.2243518
2020-01-07,1.5855686146,5,0.7508733,1.2132008
2020-01-15,-0.453008200382493,10,0.814829,1.3696442
2020-01-30,-1.7328953063074586,21,0.8742224,1.107048
2019-12-27,-0.36513607493398353,1,0.72753155,1.3493847
2020-01-06,-1.9281242316866256,3,0.7275809,1.0852952
2020-01-08,-1.5859978763644533,5,0.7830482,1.3272954
2020-01-16,0.06917818973521364,10,0.78364897,1.2810612
2020-01-31,0.9849159745328309,21,0.8821078,1.2840173
2019-12-30,-0.762627466072136,1,0.73240644,1.2183585
2020-01-07,1.5855686146,3,0.7508733,1.3659326
2020-01-09,2.279845703620917,5,0.8235366,1.2466257
2020-01-17,0.4507783754647779,10,0.7723611,1.3813345
2020-02-03,-1.0102068828071842,21,0.8909887,1.1654847
2020-01-06,-1.9281242316866256,1,0.7275809,1.3938426
2020-01-08,-1.5859978763644533,3,0.7830482,1.2837441
2020-01-10,0.46522525452591484,5,0.8182057,1.6197854
2020-01-20,0.17558530156643282,10,0.771925,1.6387314
2020-02-04,0.48918412650451726,21,0.8640012,1.3882785
2020-01-07,1.5855686146,1,0.7508733,1.3873868
2020-01-09,2.279845703620917,3,0.8235366,1.5718179
2020-01-14,0.7293898019816537,5,0.8206112,1.8327415
2020-01-21,-0.913282804391985,10,0.78322864,1.6771382
2020-02-05,1.0127228248964646,21,0.87360585,1.4587946
2020-01-08,-1.5859978763644533,1,0.7830482,1.4705192
2020-01-10,0.46522525452591484,3,0.8182057,1.6356742
2020-01-15,-0.453008200382493,5,0.814829,1.5510964
2020-01-22,0.6964675528842788,10,0.78680444,1.6571571
2020-02-06,2.3480303655209025,21,0.9246175,1.2946812
2020-01-09,2.279845703620917,1,0.8235366,1.539746
2020-01-14,0.7293898019816537,3,0.8206112,1.8188157
2020-01-16,0.06917818973521364,5,0.78364897,1.7232772
2020-01-23,-0.986526899137697,10,0.79867667,1.4636548
2020-02-07,-0.1912280396639508,21,0.92460465,1.4009465
2020-01-10,0.46522525452591484,1,0.8182057,1.74856
2020-01-15,-0.453008200382493,3,0.814829,1.7830534
2020-01-17,0.4507783754647779,5,0.7723611,1.579625
2020-01-24,0.1332990064284901,10,0.7963452,1.5527786
2020-02-10,-0.5977208381186067,21,0.92744434,1.4578836
2020-01-14,0.7293898019816537,1,0.8206112,1.6230664
2020-01-16,0.06917818973521364,3,0.78364897,1.3873192
2020-01-20,0.17558530156643282,5,0.771925,1.6621869
2020-01-27,-2.050794164825508,10,0.8420975,1.4844977
2020-02-12,0.7370835454677731,21,0.92654216,1.3565819
2020-01-15,-0.453008200382493,1,0.814829,1.5130596
2020-01-17,0.4507783754647779,3,0.7723611,1.5675347
2020-01-21,-0.913282804391985,5,0.78322864,1.5860622
2020-01-28,-0.5489746054778242,10,0.84479564,1.5217185
2020-02-13,-0.14041189954497174,21,0.91962564,1.3742659
2020-01-16,0.06917818973521364,1,0.78364897,1.3103422
2020-01-20,0.17558530156643282,3,0.771925,1.6655293
2020-01-22,0.6964675528842788,5,0.78680444,1.7626431
2020-01-29,0.7026064402213612,10,0.8474343,1.497928
2020-02-14,-0.5898772456274493,21,0.9172769,1.3621343
2020-01-17,0.4507783754647779,1,0.7723611,1.6507927
2020-01-21,-0.913282804391985,3,0.78322864,1.5250615
2020-01-23,-0.986526899137697,5,0.79867667,1.5848308
2020-01-30,-1.7328953063074586,10,0.8742224,1.6319462
2020-02-17,-0.6962397102786546,21,0.9179735,1.3927281
2020-01-20,0.17558530156643282,1,0.771925,1.753506
2020-01-22,0.6964675528842788,3,0.78680444,1.7428145
2020-01-24,0.1332990064284901,5,0.7963452,1.5191627
2020-01-31,0.9849159745328309,10,0.8821078,1.6766971
2020-02-18,-1.4103843347471743,21,0.93401504,1.4808304
2020-01-21,-0.913282804391985,1,0.78322864,1.6496768
2020-01-23,-0.986526899137697,3,0.79867667,1.5718619
2020-01-27,-2.050794164825508,5,0.8420975,1.3678458
2020-02-03,-1.0102068828071842,10,0.8909887,1.4201365
2020-02-19,0.8880867799202432,21,0.93870306,1.438085
2020-01-22,0.6964675528842788,1,0.78680444,1.6294161
2020-01-24,0.1332990064284901,3,0.7963452,1.6649764
2020-01-28,-0.5489746054778242,5,0.84479564,1.7632982
2020-02-04,0.48918412650451726,10,0.8640012,1.3339133
2020-02-20,0.33469068591919693,21,0.9359643,1.4522612
2020-01-23,-0.986526899137697,1,0.79867667,1.5651367
2020-01-27,-2.050794164825508,3,0.8420975,1.5621423
2020-01-29,0.7026064402213612,5,0.8474343,1.5137304
2020-02-05,1.0127228248964646,10,0.87360585,1.4931747
2020-02-21,-0.39436048171197424,21,0.9352822,1.3229307
2020-01-24,0.1332990064284901,1,0.7963452,1.7918624
2020-01-28,-0.5489746054778242,3,0.84479564,1.9216186
2020-01-30,-1.7328953063074586,5,0.8742224,1.9040543
2020-02-06,2.3480303655209025,10,0.9246175,1.3131231
2020-02-25,-3.3979940028129816,21,1.0334117,1.5602002
2020-01-27,-2.050794164825508,1,0.8420975,1.413028
2020-01-29,0.7026064402213612,3,0.8474343,1.7017268
2020-01-31,0.9849159745328309,5,0.8821078,1.3209554
2020-02-07,-0.1912280396639508,10,0.92460465,1.6320351
2020-02-26,-0.7959817148153056,21,1.0323844,1.1859123
2020-01-28,-0.5489746054778242,1,0.84479564,1.666596
2020-01-30,-1.7328953063074586,3,0.8742224,1.9344401
2020-02-03,-1.0102068828071842,5,0.8909887,1.8428049
2020-02-10,-0.5977208381186067,10,0.92744434,1.4397588
2020-02-27,-2.1542928112534727,21,1.0655242,1.3646979
2020-01-29,0.7026064402213612,1,0.8474343,1.4001375
2020-01-31,0.9849159745328309,3,0.8821078,1.7271563
2020-02-04,0.48918412650451726,5,0.8640012,1.5547155
2020-02-12,0.7370835454677731,10,0.92654216,1.4869113
2020-02-28,-3.737948591080752,21,1.1627815,1.3398675
2020-01-30,-1.7328953063074586,1,0.8742224,1.811586
2020-02-03,-1.0102068828071842,3,0.8909887,1.4859957
2020-02-05,1.0127228248964646,5,0.87360585,1.4996518
2020-02-13,-0.14041189954497174,10,0.91962564,1.4558011
2020-03-02,0.9467387609558875,21,1.171708,1.3918848
2020-01-31,0.9849159745328309,1,0.8821078,1.4858614
2020-02-04,0.48918412650451726,3,0.8640012,1.5565934
2020-02-06,2.3480303655209025,5,0.9246175,1.5044588
2020-02-14,-0.5898772456274493,10,0.9172769,1.6917822
2020-03-03,-1.232017734928729,21,1.179191,1.2700787
2020-02-03,-1.0102068828071842,1,0.8909887,1.6869129
2020-02-05,1.0127228248964646,3,0.87360585,1.428069
2020-02-07,-0.1912280396639508,5,0.92460465,1.6980665
2020-02-17,-0.6962397102786546,10,0.9179735,1.7020285
2020-03-04,0.082166583494155,21,1.1696126,1.5799159
2020-02-04,0.48918412650451726,1,0.8640012,1.4037274
2020-02-06,2.3480303655209025,3,0.9246175,1.4060147
2020-02-10,-0.5977208381186067,5,0.92744434,1.9069086
2020-02-18,-1.4103843347471743,10,0.93401504,1.698871
2020-03-05,1.07973248966616,21,1.1792343,1.4208512
2020-02-05,1.0127228248964646,1,0.87360585,1.7470922
2020-02-07,-0.1912280396639508,3,0.92460465,1.5910405
2020-02-12,0.7370835454677731,5,0.92654216,1.5769305
2020-02-19,0.8880867799202432,10,0.93870306,1.7827947
2020-03-06,-2.753903648335122,21,1.2209603,1.5295876
2020-02-06,2.3480303655209025,1,0.9246175,1.3401853
2020-02-10,-0.5977208381186067,3,0.92744434,1.5603136
2020-02-13,-0.14041189954497174,5,0.91962564,1.430524
2020-02-20,0.33469068591919693,10,0.9359643,1.6492347
2020-03-09,-5.197852070887389,21,1.3762058,1.3937069
2020-02-07,-0.1912280396639508,1,0.92460465,1.5763698
2020-02-12,0.7370835454677731,3,0.92654216,1.6846797
2020-02-14,-0.5898772456274493,5,0.9172769,1.4500577
2020-02-21,-0.39436048171197424,10,0.9352822,1.580519
2020-03-10,0.8510382976169099,21,1.3824095,1.2883437
2020-02-10,-0.5977208381186067,1,0.92744434,1.4688659
2020-02-13,-0.14041189954497174,3,0.91962564,1.3224412
2020-02-17,-0.6962397102786546,5,0.9179735,1.4360332
2020-02-25,-3.3979940028129816,10,1.0334117,1.2635323
2020-03-11,-2.2965473858152277,21,1.4045422,1.3916037
2020-02-12,0.7370835454677731,1,0.92654216,1.5155098
2020-02-14,-0.5898772456274493,3,0.9172769,1.6514196
2020-02-18,-1.4103843347471743,5,0.93401504,1.618883
2020-02-26,-0.7959817148153056,10,1.0323844,1.2159858
2020-03-12,-4.51117487025294,21,1.5050037,1.3320906
2020-02-13,-0.14041189954497174,1,0.91962564,1.71984
2020-02-17,-0.6962397102786546,3,0.9179735,1.4103459
2020-02-19,0.8880867799202432,5,0.93870306,1.4631305
2020-02-27,-2.1542928112534727,10,1.0655242,1.3279582
2020-03-13,-6.273569461715393,21,1.6852009,1.5312129
2020-02-14,-0.5898772456274493,1,0.9172769,1.3100493
2020-02-18,-1.4103843347471743,3,0.93401504,1.8229336
2020-02-20,0.33469068591919693,5,0.9359643,1.3434289
2020-02-28,-3.737948591080752,10,1.1627815,1.4412525
2020-03-16,-2.491986178446723,21,1.702678,1.1617514
2020-02-17,-0.6962397102786546,1,0.9179735,1.5234228
2020-02-19,0.8880867799202432,3,0.93870306,1.4075916
2020-02-21,-0.39436048171197424,5,0.9352822,1.6395106
2020-03-02,0.9467387609558875,10,1.171708,1.7460687
2020-03-17,0.055802640411000304,21,1.6568011,1.2532403
2020-02-18,-1.4103843347471743,1,0.93401504,1.6276606
2020-02-20,0.33469068591919693,3,0.9359643,1.7123884
2020-02-25,-3.3979940028129816,5,1.0334117,1.6312401
2020-03-03,-1.232017734928729,10,1.179191,1.4270986
2020-03-18,-1.6893984057831317,21,1.6625733,1.4911821
2020-02-19,0.8880867799202432,1,0.93870306,1.5930812
2020-02-21,-0.39436048171197424,3,0.9352822,1.7777908
2020-02-26,-0.7959817148153056,5,1.0323844,1.6369091
2020-03-04,0.082166583494155,10,1.1696126,1.5686177
2020-03-19,-1.0440235159283666,21,1.6575209,1.4774697
2020-02-20,0.33469068591919693,1,0.9359643,1.5043373
2020-02-25,-3.3979940028129816,3,1.0334117,1.5155008
2020-02-27,-2.1542928112534727,5,1.0655242,1.2467452
2020-03-05,1.07973248966616,10,1.1792343,1.5202438
2020-03-23,2.003315292126674,21,1.691867,1.2942041
2020-02-21,-0.39436048171197424,1,0.9352822,1.6233578
2020-02-26,-0.7959817148153056,3,1.0323844,1.6838725
2020-02-28,-3.737948591080752,5,1.1627815,1.4433624
2020-03-06,-2.753903648335122,10,1.2209603,1.5151004
2020-03-24,6.889893358034758,21,1.9474288,1.378077
2020-02-25,-3.3979940028129816,1,1.0334117,1.4258764
2020-02-27,-2.1542928112534727,3,1.0655242,1.3118877
2020-03-02,0.9467387609558875,5,1.171708,1.6670611
2020-03-09,-5.197852070887389,10,1.3762058,1.6081468
2020-03-25,7.731376161628701,21,2.2161338,1.3020488
2020-02-26,-0.7959817148153056,1,1.0323844,1.7105095
2020-02-28,-3.737948591080752,3,1.1627815,1.8416462
2020-03-03,-1.232017734928729,5,1.179191,1.7430962
2020-03-10,0.8510382976169099,10,1.3824095,1.3519444
2020-03-26,-4.617427629785518,21,2.2835903,1.5207332
2020-02-27,-2.1542928112534727,1,1.0655242,1.5220081
2020-03-02,0.9467387609558875,3,1.171708,1.8012509
2020-03-04,0.082166583494155,5,1.1696126,1.8301853
2020-03-11,-2.2965473858152277,10,1.4045422,1.844468
2020-03-27,3.8099395385869794,21,2.3470688,1.3831048
2020-02-28,-3.737948591080752,1,1.1627815,1.5239222
2020-03-03,-1.232017734928729,3,1.179191,1.9655992
2020-03-05,1.07973248966616,5,1.1792343,1.9434732
2020-03-12,-4.51117487025294,10,1.5050037,1.5780863
2020-03-30,-1.5826904986600843,21,2.352416,1.4805033
2020-03-02,0.9467387609558875,1,1.171708,1.796419
2020-03-04,0.082166583494155,3,1.1696126,2.1050608
2020-03-06,-2.753903648335122,5,1.2209603,1.9686239
2020-03-13,-6.273569461715393,10,1.6852009,2.0704486
2020-03-31,-0.883964620386906,21,2.349911,1.5063058
2020-03-03,-1.232017734928729,1,1.179191,1.6005186
2020-03-05,1.07973248966616,3,1.1792343,1.8129487
2020-03-09,-5.197852070887389,5,1.3762058,1.7346191
2020-03-16,-2.491986178446723,10,1.702678,1.6950176
2020-04-01,-4.606243610695917,21,2.4120705,1.5786835
2020-03-04,0.082166583494155,1,1.1696126,1.6295977
2020-03-06,-2.753903648335122,3,1.2209603,1.7533057
2020-03-10,0.8510382976169099,5,1.3824095,1.7342389
2020-03-17,0.055802640411000304,10,1.6568011,1.7812059
2020-04-02,-1.3749439294280938,21,2.4146574,1.5589682
2020-03-05,1.07973248966616,1,1.1792343,1.7191613
2020-03-09,-5.197852070887389,3,1.3762058,1.7816621
2020-03-11,-2.2965473858152277,5,1.4045422,1.7286088
2020-03-18,-1.6893984057831317,10,1.6625733,1.7332721
2020-04-03,0.008242395709594279,21,2.4078007,1.5656455
2020-03-06,-2.753903648335122,1,1.2209603,1.7252401
2020-03-10,0.8510382976169099,3,1.3824095,1.5475681
2020-03-12,-4.51117487025294,5,1.5050037,1.5987216
2020-03-19,-1.0440235159283666,10,1.6575209,1.624954
2020-04-06,4.155456327755853,21,2.4665842,1.616676
2020-03-09,-5.197852070887389,1,1.3762058,1.770937
2020-03-11,-2.2965473858152277,3,1.4045422,2.0499969
2020-03-13,-6.273569461715393,5,1.6852009,1.9831474
2020-03-23,2.003315292126674,10,1.691867,1.7691661
2020-04-07,1.9926796921249248,21,2.4805794,1.5599655
2020-03-10,0.8510382976169099,1,1.3824095,1.6106203
2020-03-12,-4.51117487025294,3,1.5050037,1.9661194
2020-03-16,-2.491986178446723,5,1.702678,2.068141
2020-03-24,6.889893358034758,10,1.9474288,1.7428138
2020-04-08,2.104644575635419,21,2.4775474,1.6380469
2020-03-11,-2.2965473858152277,1,1.4045422,1.8586435
2020-03-13,-6.273569461715393,3,1.6852009,2.1316984
2020-03-17,0.055802640411000304,5,1.6568011,1.8996439
2020-03-25,7.731376161628701,10,2.2161338,1.7259837
2020-04-09,-0.03860927327623028,21,2.4756234,1.6365893
2020-03-12,-4.51117487025294,1,1.5050037,1.7775751
2020-03-16,-2.491986178446723,3,1.702678,2.1212544
2020-03-18,-1.6893984057831317,5,1.6625733,1.9277153
2020-03-26,-4.617427629785518,10,2.2835903,1.7385461
2020-04-10,0.786377283700137,21,2.476055,1.4580657
2020-03-13,-6.273569461715393,1,1.6852009,1.9754789
2020-03-17,0.055802640411000304,3,1.6568011,2.6332767
2020-03-19,-1.0440235159283666,5,1.6575209,1.9790369
2020-03-27,3.8099395385869794,10,2.3470688,1.7999023
2020-04-13,-2.3616934171879733,21,2.4896514,1.728431
2020-03-16,-2.491986178446723,1,1.702678,1.9493065
2020-03-18,-1.6893984057831317,3,1.6625733,2.3806481
2020-03-23,2.003315292126674,5,1.691867,2.3157864
2020-03-30,-1.5826904986600843,10,2.352416,1.7731304
2020-04-14,3.0787132943748134,21,2.528857,1.7514663
2020-03-17,0.055802640411000304,1,1.6568011,2.0717325
2020-03-19,-1.0440235159283666,3,1.6575209,2.445114
2020-03-24,6.889893358034758,5,1.9474288,2.2389038
2020-03-31,-0.883964620386906,10,2.349911,1.9919388
2020-04-15,-0.45278562968645825,21,2.5268207,1.7605641
2020-03-18,-1.6893984057831317,1,1.6625733,2.0190125
2020-03-23,2.003315292126674,3,1.691867,2.3959498
2020-03-25,7.731376161628701,5,2.2161338,2.1052608
2020-04-01,-4.606243610695917,10,2.4120705,1.9881209
2020-04-16,-1.3382727578645193,21,2.5290952,1.8369577
2020-03-19,-1.0440235159283666,1,1.6575209,1.7404072
2020-03-24,6.889893358034758,3,1.9474288,2.264904
2020-03-26,-4.617427629785518,5,2.2835903,1.837758
2020-04-02,-1.3749439294280938,10,2.4146574,1.9121628
2020-04-17,3.0984867598646524,21,2.5672286,1.5030471
2020-03-23,2.003315292126674,1,1.691867,2.053426
2020-03-25,7.731376161628701,3,2.2161338,1.9840147
2020-03-27,3.8099395385869794,5,2.3470688,2.0075026
2020-04-03,0.008242395709594279,10,2.4078007,1.953526
2020-04-20,-1.1532172500420304,21,2.5661285,1.67031
2020-03-24,6.889893358034758,1,1.9474288,1.7635727
2020-03-26,-4.617427629785518,3,2.2835903,2.1721804
2020-03-30,-1.5826904986600843,5,2.352416,1.8200581
2020-04-06,4.155456327755853,10,2.4665842,1.7829212
2020-04-21,-1.994114120070029,21,2.5737576,1.7843863
2020-03-25,7.731376161628701,1,2.2161338,1.7565734
2020-03-27,3.8099395385869794,3,2.3470688,1.9352435
2020-03-31,-0.883964620386906,5,2.349911,1.966617
2020-04-07,1.9926796921249248,10,2.4805794,1.8165978
2020-04-22,-0.7435474399503152,21,2.5734527,1.5778799
2020-03-26,-4.617427629785518,1,2.2835903,1.7772727
2020-03-30,-1.5826904986600843,3,2.352416,1.9755547
2020-04-01,-4.606243610695917,5,2.4120705,1.9910122
2020-04-08,2.104644575635419,10,2.4775474,1.8975811
2020-04-23,1.5116179488665533,21,2.5750003,1.5721446
2020-03-27,3.8099395385869794,1,2.3470688,1.9075488
2020-03-31,-0.883964620386906,3,2.349911,2.286311
2020-04-02,-1.3749439294280938,5,2.4146574,2.2975569
2020-04-09,-0.03860927327623028,10,2.4756234,1.7882239
2020-04-24,-0.8655170278420897,21,2.575831,1.8049372
2020-03-30,-1.5826904986600843,1,2.352416,1.8791003
2020-04-01,-4.606243610695917,3,2.4120705,1.7323537
2020-04-03,0.008242395709594279,5,2.4078007,2.004472
2020-04-10,0.786377283700137,10,2.476055,2.017975
2020-04-27,2.669989604608368,21,2.6013503,1.6896689
2020-03-31,-0.883964620386906,1,2.349911,1.9095719
2020-04-02,-1.3749439294280938,3,2.4146574,2.3746152
2020-04-06,4.155456327755853,5,2.4665842,1.8475912
2020-04-13,-2.3616934171879733,10,2.4896514,1.7501814
2020-04-28,-0.0608339263486117,21,2.5944512,1.6119146
2020-04-01,-4.606243610695917,1,2.4120705,1.757395
2020-04-03,0.008242395709594279,3,2.4078007,1.931144
2020-04-07,1.9926796921249248,5,2.4805794,1.7308221
2020-04-14,3.0787132943748134,10,2.528857,1.8052673
2020-04-30,2.114435236716569,21,2.6076317,1.62813
2020-04-02,-1.3749439294280938,1,2.4146574,2.1101594
2020-04-06,4.155456327755853,3,2.4665842,2.4281077
2020-04-08,2.104644575635419,5,2.4775474,2.0419118
2020-04-15,-0.45278562968645825,10,2.5268207,1.3886057
2020-05-01,-2.8853848069937253,21,2.6282763,1.7395338
2020-04-03,0.008242395709594279,1,2.4078007,1.9296638
2020-04-07,1.9926796921249248,3,2.4805794,1.7744527
2020-04-09,-0.03860927327623028,5,2.4756234,1.7579932
2020-04-16,-1.3382727578645193,10,2.5290952,1.8532959
2020-05-07,0.28207762298304473,21,2.6274076,1.4776888
2020-04-06,4.155456327755853,1,2.4665842,1.9519451
2020-04-08,2.104644575635419,3,2.4775474,2.1042306
2020-04-10,0.786377283700137,5,2.476055,1.706621
2020-04-17,3.0984867598646524,10,2.5672286,1.5444596
2020-05-08,2.5309831564571947,21,2.647172,1.7877599
2020-04-07,1.9926796921249248,1,2.4805794,1.4371902
2020-04-09,-0.03860927327623028,3,2.4756234,1.9698733
2020-04-13,-2.3616934171879733,5,2.4896514,1.5878586
2020-04-20,-1.1532172500420304,10,2.5661285,1.6614349
2020-05-11,1.0430048520665784,21,2.6308491,1.4530216
2020-04-08,2.104644575635419,1,2.4775474,1.891603
2020-04-10,0.786377283700137,3,2.476055,1.7602981
2020-04-14,3.0787132943748134,5,2.528857,1.9406643
2020-04-21,-1.994114120070029,10,2.5737576,1.579464
2020-05-12,-0.11865253531516558,21,2.6308994,1.4882832
2020-04-09,-0.03860927327623028,1,2.4756234,1.4685189
2020-04-13,-2.3616934171879733,3,2.4896514,1.7987075
2020-04-15,-0.45278562968645825,5,2.5268207,1.4705149
2020-04-22,-0.7435474399503152,10,2.5734527,1.8177984
2020-05-13,-0.4893982033805625,21,2.630702,1.4738514
2020-04-10,0.786377283700137,1,2.476055,1.7229464
2020-04-14,3.0787132943748134,3,2.528857,1.5451579
2020-04-16,-1.3382727578645193,5,2.5290952,1.710253
2020-04-23,1.5116179488665533,10,2.5750003,1.7194214
2020-05-14,-1.7534318830247697,21,2.6343517,1.5637978
2020-04-13,-2.3616934171879733,1,2.4896514,1.7149254
2020-04-15,-0.45278562968645825,3,2.5268207,1.6402721
2020-04-17,3.0984867598646524,5,2.5672286,1.3560569
2020-04-24,-0.8655170278420897,10,2.575831,1.5608054
2020-05-15,0.6141921515932809,21,2.6369328,1.5001096
2020-04-14,3.0787132943748134,1,2.528857,1.5886312
2020-04-16,-1.3382727578645193,3,2.5290952,1.7314548
2020-04-20,-1.1532172500420304,5,2.5661285,1.7183484
2020-04-27,2.669989604608368,10,2.6013503,1.635853
2020-05-18,0.4792485514864467,21,2.6384754,1.4370517
2020-04-15,-0.45278562968645825,1,2.5268207,1.4729214
2020-04-17,3.0984867598646524,3,2.5672286,1.39343
2020-04-21,-1.994114120070029,5,2.5737576,1.6063602
2020-04-28,-0.0608339263486117,10,2.5944512,1.452693
2020-05-19,1.477668430151638,21,2.6474469,1.5204515
2020-04-16,-1.3382727578645193,1,2.5290952,1.5858202
2020-04-20,-1.1532172500420304,3,2.5661285,1.8119453
2020-04-22,-0.7435474399503152,5,2.5734527,1.4928856
2020-04-30,2.114435236716569,10,2.6076317,1.5684301
2020-05-20,0.7882404500884116,21,2.6461134,1.4828802
2020-04-17,3.0984867598646524,1,2.5672286,1.3983389
2020-04-21,-1.994114120070029,3,2.5737576,1.6232022
2020-04-23,1.5116179488665533,5,2.5750003,1.3575029
2020-05-01,-2.8853848069937253,10,2.6282763,1.6938068
2020-05-21,-0.20822601566519144,21,2.6422687,1.2859808
2020-04-20,-1.1532172500420304,1,2.5661285,1.6278248
2020-04-22,-0.7435474399503152,3,2.5734527,1.8307787
2020-04-24,-0.8655170278420897,5,2.575831,1.3876245
2020-05-07,0.28207762298304473,10,2.6274076,1.4306886
2020-05-22,-0.8019022128563245,21,2.6423256,1.4892347
2020-04-21,-1.994114120070029,1,2.5737576,1.3443332
2020-04-23,1.5116179488665533,3,2.5750003,1.5103782
2020-04-27,2.669989604608368,5,2.6013503,1.4683461
2020-05-08,2.5309831564571947,10,2.647172,1.5726914
2020-05-25,1.7189427018202288,21,2.6542273,1.2317032
2020-04-22,-0.7435474399503152,1,2.5734527,1.6758206
2020-04-24,-0.8655170278420897,3,2.575831,1.7077441
2020-04-28,-0.0608339263486117,5,2.5944512,1.4957627
2020-05-11,1.0430048520665784,10,2.6308491,1.405418
2020-05-26,2.5208856196141674,21,2.6433256,1.5891418
2020-04-23,1.5116179488665533,1,2.5750003,1.4950461
2020-04-27,2.669989604608368,3,2.6013503,1.5855525
2020-04-30,2.114435236716569,5,2.6076317,1.3744805
2020-05-12,-0.11865253531516558,10,2.6308994,1.5401493
2020-05-27,0.6936507466901892,21,2.6436868,1.3021152
2020-04-24,-0.8655170278420897,1,2.575831,1.4829232
2020-04-28,-0.0608339263486117,3,2.5944512,1.3409746
2020-05-01,-2.8853848069937253,5,2.6282763,1.4931365
2020-05-13,-0.4893982033805625,10,2.630702,1.6574849
2020-05-28,2.2941994900374016,21,2.6468065,1.2490327
2020-04-27,2.669989604608368,1,2.6013503,1.3496224
2020-04-30,2.114435236716569,3,2.6076317,1.5798624
2020-05-07,0.28207762298304473,5,2.6274076,1.4352386
2020-05-14,-1.7534318830247697,10,2.6343517,1.3901708
2020-05-29,-0.1754567075241077,21,2.601153,1.3585632
2020-04-28,-0.0608339263486117,1,2.5944512,1.2683359
2020-05-01,-2.8853848069937253,3,2.6282763,1.3625146
2020-05-08,2.5309831564571947,5,2.647172,1.431108
2020-05-15,0.6141921515932809,10,2.6369328,1.6126226
2020-06-01,0.8397810803422275,21,2.6005692,1.2531227
2020-04-30,2.114435236716569,1,2.6076317,1.5411803
2020-05-07,0.28207762298304473,3,2.6274076,1.4379689
2020-05-11,1.0430048520665784,5,2.6308491,1.2434998
2020-05-18,0.4792485514864467,10,2.6384754,1.4588808
2020-06-02,1.1860044848597586,21,2.5990193,1.4114981
2020-05-01,-2.8853848069937253,1,2.6282763,1.3432503
2020-05-08,2.5309831564571947,3,2.647172,1.4496528
2020-05-12,-0.11865253531516558,5,2.6308994,1.2739239
2020-05-19,1.477668430151638,10,2.6474469,1.5732951
2020-06-03,1.2824138175061695,21,2.6035304,1.2429868
2020-05-07,0.28207762298304473,1,2.6274076,1.204825
2020-05-11,1.0430048520665784,3,2.6308491,1.2426386
2020-05-13,-0.4893982033805625,5,2.630702,1.5179346
2020-05-20,0.7882404500884116,10,2.6461134,1.3459543
2020-06-04,0.36186918068260215,21,2.600672,1.2561777
2020-05-08,2.5309831564571947,1,2.647172,1.4328139
2020-05-12,-0.11865253531516558,3,2.6308994,1.2114221
2020-05-14,-1.7534318830247697,5,2.6343517,1.3968297
2020-05-21,-0.20822601566519144,10,2.6422687,1.5548666
2020-06-05,0.7374580657746113,21,2.5745828,1.4013828
2020-05-11,1.0430048520665784,1,2.6308491,1.4196395
2020-05-13,-0.4893982033805625,3,2.630702,1.438922
2020-05-15,0.6141921515932809,5,2.6369328,1.3151535
2020-05-22,-0.8019022128563245,10,2.6423256,1.4438069
2020-06-08,1.3656017823425382,21,2.4807284,1.4741704
2020-05-12,-0.11865253531516558,1,2.6308994,1.2266237
2020-05-14,-1.7534318830247697,3,2.6343517,1.3951075
2020-05-18,0.4792485514864467,5,2.6384754,1.1669925
2020-05-25,1.7189427018202288,10,2.6542273,1.4455388
2020-06-09,-0.37636505090085953,21,2.4809256,1.10333
2020-05-13,-0.4893982033805625,1,2.630702,1.4374378
2020-05-15,0.6141921515932809,3,2.6369328,1.2878429
2020-05-19,1.477668430151638,5,2.6474469,1.3754444
2020-05-26,2.5208856196141674,10,2.6433256,1.3663031
2020-06-10,0.14678874733386418,21,2.458357,1.2288406
2020-05-14,-1.7534318830247697,1,2.6343517,1.3015653
2020-05-18,0.4792485514864467,3,2.6384754,1.2039812
2020-05-20,0.7882404500884116,5,2.6461134,1.1892356
2020-05-27,0.6936507466901892,10,2.6436868,1.2187324
2020-06-11,-2.860149667724686,21,2.4125025,1.1764066
2020-05-15,0.6141921515932809,1,2.6369328,1.4154001
2020-05-19,1.477668430151638,3,2.6474469,1.3859572
2020-05-21,-0.20822601566519144,5,2.6422687,1.219822
2020-05-28,2.2941994900374016,10,2.6468065,1.2487684
2020-06-12,-0.7478181570589206,21,2.2570364,1.1001801
2020-05-18,0.4792485514864467,1,2.6384754,1.1394048
2020-05-20,0.7882404500884116,3,2.6461134,1.2462307
2020-05-22,-0.8019022128563245,5,2.6423256,1.1297792
2020-05-29,-0.1754567075241077,10,2.601153,1.1906091
2020-06-15,-3.534101060698342,21,2.2836075,1.0070068
2020-05-19,1.477668430151638,1,2.6474469,1.3389573
2020-05-21,-0.20822601566519144,3,2.6422687,1.1805764
2020-05-25,1.7189427018202288,5,2.6542273,1.2807071
2020-06-01,0.8397810803422275,10,2.6005692,0.9781884
2020-06-16,4.767107107679132,21,2.351777,1.2002181
2020-05-20,0.7882404500884116,1,2.6461134,1.0265107
2020-05-22,-0.8019022128563245,3,2.6423256,1.0746219
2020-05-26,2.5208856196141674,5,2.6433256,0.9862188
2020-06-02,1.1860044848597586,10,2.5990193,1.099981
2020-06-17,-0.5615328673620581,21,2.3386784,0.78464615
2020-05-21,-0.20822601566519144,1,2.6422687,1.1940134
2020-05-25,1.7189427018202288,3,2.6542273,1.0342293
2020-05-27,0.6936507466901892,5,2.6436868,1.1197718
2020-06-03,1.2824138175061695,10,2.6035304,1.1838557
2020-06-18,-0.44765125360670216,21,2.3333054,1.0736992
2020-05-22,-0.8019022128563245,1,2.6423256,1.108371
2020-05-26,2.5208856196141674,3,2.6433256,1.02866
2020-05-28,2.2941994900374016,5,2.6468065,0.96775043
2020-06-04,0.36186918068260215,10,2.600672,1.1194233
2020-06-19,0.5501527785665254,21,2.3249726,1.0403552
2020-05-25,1.7189427018202288,1,2.6542273,1.1857246
2020-05-27,0.6936507466901892,3,2.6436868,0.9608942
2020-05-29,-0.1754567075241077,5,2.601153,1.0606819
2020-06-05,0.7374580657746113,10,2.5745828,1.0007837
2020-06-22,-0.18487616400805212,21,2.168331,1.0013397
2020-05-26,2.5208856196141674,1,2.6433256,0.9818921
2020-05-28,2.2941994900374016,3,2.6468065,0.78290004
2020-06-01,0.8397810803422275,5,2.6005692,0.9164416
2020-06-08,1.3656017823425382,10,2.4807284,1.1921345
2020-06-23,0.49695764968396205,21,1.9405953,0.9614893
2020-05-27,0.6936507466901892,1,2.6436868,0.97761303
2020-05-29,-0.1754567075241077,3,2.601153,0.9626011
2020-06-02,1.1860044848597586,5,2.5990193,0.93444777
2020-06-09,-0.37636505090085953,10,2.4809256,1.1068606
2020-06-24,-0.06534768326692617,21,1.8335795,1.00728
2020-05-28,2.2941994900374016,1,2.6468065,0.8773016
2020-06-01,0.8397810803422275,3,2.6005692,0.8239116
2020-06-03,1.2824138175061695,5,2.6035304,0.94455767
2020-06-10,0.14678874733386418,10,2.458357,1.0487132
2020-06-25,-1.2257624547837815,21,1.7854669,0.8607487
2020-05-29,-0.1754567075241077,1,2.601153,1.1200535
2020-06-02,1.1860044848597586,3,2.5990193,0.98947227
2020-06-04,0.36186918068260215,5,2.600672,0.89233804
2020-06-11,-2.860149667724686,10,2.4125025,1.0280578
2020-06-26,1.1270187772014728,21,1.7730639,0.9764919
2020-06-01,0.8397810803422275,1,2.6005692,1.0073836
2020-06-03,1.2824138175061695,3,2.6035304,0.8836692
2020-06-05,0.7374580657746113,5,2.5745828,0.80488515
2020-06-12,-0.7478181570589206,10,2.2570364,0.88772345
2020-06-29,-2.323512672543028,21,1.7985721,0.9189781
2020-06-02,1.1860044848597586,1,2.5990193,1.1059705
2020-06-04,0.36186918068260215,3,2.600672,0.8468728
2020-06-08,1.3656017823425382,5,2.4807284,1.0041486
2020-06-15,-3.534101060698342,10,2.2836075,0.831463
2020-06-30,1.3237795695658456,21,1.6865656,0.94876397
2020-06-03,1.2824138175061695,1,2.6035304,1.0422289
2020-06-05,0.7374580657746113,3,2.5745828,0.8850095
2020-06-09,-0.37636505090085953,5,2.4809256,0.9069429
2020-06-16,4.767107107679132,10,2.351777,0.91072965
2020-07-01,-0.7494321916175635,21,1.6776315,0.98987746
2020-06-04,0.36186918068260215,1,2.600672,0.84963137
2020-06-08,1.3656017823425382,3,2.4807284,0.9384906
2020-06-10,0.14678874733386418,5,2.458357,0.8916368
2020-06-17,-0.5615328673620581,10,2.3386784,0.8807823
2020-07-02,0.1094724861411703,21,1.677322,0.7357898
2020-06-05,0.7374580657746113,1,2.5745828,0.85677224
2020-06-09,-0.37636505090085953,3,2.4809256,0.8665353
2020-06-11,-2.860149667724686,5,2.4125025,0.7751601
2020-06-18,-0.44765125360670216,10,2.3333054,0.7840106
2020-07-03,0.7222110816923638,21,1.6026225,0.73306483
2020-06-08,1.3656017823425382,1,2.4807284,0.85523224
2020-06-10,0.14678874733386418,3,2.458357,0.87346405
2020-06-12,-0.7478181570589206,5,2.2570364,0.8883872
2020-06-19,0.5501527785665254,10,2.3249726,0.8575636
2020-07-06,1.8123581289849349,21,1.5995702,0.7342286
2020-06-09,-0.37636505090085953,1,2.4809256,1.0310726
2020-06-11,-2.860149667724686,3,2.4125025,0.7536319
2020-06-15,-3.534101060698342,5,2.2836075,0.7511126
2020-06-22,-0.18487616400805212,10,2.168331,0.71655464
2020-07-07,-0.440115058113863,21,1.5846298,0.9332756
2020-06-10,0.14678874733386418,1,2.458357,0.7331913
2020-06-12,-0.7478181570589206,3,2.2570364,0.78373814
2020-06-16,4.767107107679132,5,2.351777,0.72437996
2020-06-23,0.49695764968396205,10,1.9405953,0.9085196
2020-07-08,-0.7814735111891286,21,1.5898923,0.7038917
2020-06-11,-2.860149667724686,1,2.4125025,0.97216725
2020-06-15,-3.534101060698342,3,2.2836075,0.7561333
2020-06-17,-0.5615328673620581,5,2.3386784,0.82475734
2020-06-24,-0.06534768326692617,10,1.8335795,0.8299495
2020-07-09,0.40312629720330284,21,1.5884585,0.9088055
2020-06-12,-0.7478181570589206,1,2.2570364,0.8542569
2020-06-16,4.767107107679132,3,2.351777,0.96676886
2020-06-18,-0.44765125360670216,5,2.3333054,0.9901632
2020-06-25,-1.2257624547837815,10,1.7854669,0.96083546
2020-07-10,-1.0641688360864323,21,1.5610229,0.9301658
2020-06-15,-3.534101060698342,1,2.2836075,0.97159314
2020-06-17,-0.5615328673620581,3,2.3386784,0.74540704
2020-06-19,0.5501527785665254,5,2.3249726,1.0418781
2020-06-26,1.1270187772014728,10,1.7730639,1.1416955
2020-07-13,2.191651348448648,21,1.5379276,0.9443919
2020-06-16,4.767107107679132,1,2.351777,1.1206746
2020-06-18,-0.44765125360670216,3,2.3333054,1.0530863
2020-06-22,-0.18487616400805212,5,2.168331,1.1194563
2020-06-29,-2.323512672543028,10,1.7985721,1.2605041
2020-07-14,-0.8716072029207713,21,1.5421054,1.0185363
2020-06-17,-0.5615328673620581,1,2.3386784,1.1332492
2020-06-19,0.5501527785665254,3,2.3249726,1.0539844
2020-06-23,0.49695764968396205,5,1.9405953,1.0747023
2020-06-30,1.3237795695658456,10,1.6865656,1.1220913
2020-07-15,1.5746886957289985,21,1.5374007,1.0138282
2020-06-18,-0.44765125360670216,1,2.3333054,1.2091274
2020-06-22,-0.18487616400805212,3,2.168331,0.96133816
2020-06-24,-0.06534768326692617,5,1.8335795,1.1164802
2020-07-01,-0.7494321916175635,10,1.6776315,1.192431
2020-07-16,-0.7662176069909229,21,1.4981649,0.92684823
2020-06-19,0.5501527785665254,1,2.3249726,1.2675624
2020-06-23,0.49695764968396205,3,1.9405953,1.0433635
2020-06-25,-1.2257624547837815,5,1.7854669,1.1492257
2020-07-02,0.1094724861411703,10,1.677322,1.1986972
2020-07-17,-0.32524634227123533,21,1.4890424,1.0550556
2020-06-22,-0.18487616400805212,1,2.168331,1.1657269
2020-06-24,-0.06534768326692617,3,1.8335795,0.8474121
2020-06-26,1.1270187772014728,5,1.7730639,1.1915922
2020-07-03,0.7222110816923638,10,1.6026225,1.0589011
2020-07-20,0.0927493485633992,21,1.460098,1.1596686
2020-06-23,0.49695764968396205,1,1.9405953,1.2119207
2020-06-25,-1.2257624547837815,3,1.7854669,1.0611622
2020-06-29,-2.323512672543028,5,1.7985721,1.2576599
2020-07-06,1.8123581289849349,10,1.5995702,1.0714192
2020-07-21,0.7312927946984065,21,1.4550939,1.0466349
2020-06-24,-0.06534768326692617,1,1.8335795,1.0912011
2020-06-26,1.1270187772014728,3,1.7730639,0.83050805
2020-06-30,1.3237795695658456,5,1.6865656,1.1557274
2020-07-07,-0.440115058113863,10,1.5846298,1.2431806
2020-07-22,-0.5811736136168131,21,1.4505843,1.0732925
2020-06-25,-1.2257624547837815,1,1.7854669,1.1123604
2020-06-29,-2.323512672543028,3,1.7985721,1.090189
2020-07-01,-0.7494321916175635,5,1.6776315,1.1082654
2020-07-08,-0.7814735111891286,10,1.5898923,0.9301969
2020-07-27,-0.1572983131104011,21,1.4441121,1.1343362
2020-06-26,1.1270187772014728,1,1.7730639,1.2246352
2020-06-30,1.3237795695658456,3,1.6865656,0.9482676
2020-07-02,0.1094724861411703,5,1.677322,1.0868704
2020-07-09,0.40312629720330284,10,1.5884585,1.4057214
2020-07-28,-0.25772369196171907,21,1.4108921,0.95040107
2020-06-29,-2.323512672543028,1,1.7985721,1.2256476
2020-07-01,-0.7494321916175635,3,1.6776315,1.2572849
2020-07-03,0.7222110816923638,5,1.6026225,1.2090695
2020-07-10,-1.0641688360864323,10,1.5610229,1.0907247
2020-07-29,-1.15537598274545,21,1.4216995,1.1752539
2020-06-30,1.3237795695658456,1,1.6865656,1.0552621
2020-07-02,0.1094724861411703,3,1.677322,1.1847098
2020-07-06,1.8123581289849349,5,1.5995702,1.3371059
2020-07-13,2.191651348448648,10,1.5379276,1.1107438
2020-07-30,-0.2587558067823988,21,1.400613,1.1328245
2020-07-01,-0.7494321916175635,1,1.6776315,1.4386432
2020-07-03,0.7222110816923638,3,1.6026225,1.0466424
2020-07-07,-0.440115058113863,5,1.5846298,1.2115562
2020-07-14,-0.8716072029207713,10,1.5421054,1.3922353
2020-07-31,-2.857136281692075,21,1.3995734,1.1740913
2020-07-02,0.1094724861411703,1,1.677322,1.3608577
2020-07-06,1.8123581289849349,3,1.5995702,1.4919653
2020-07-08,-0.7814735111891286,5,1.5898923,1.3580024
2020-07-15,1.5746886957289985,10,1.5374007,1.1721076
2020-08-03,2.2111213941070664,21,1.4241616,1.2034299
2020-07-03,0.7222110816923638,1,1.6026225,1.2102964
2020-07-07,-0.440115058113863,3,1.5846298,1.0368209
2020-07-09,0.40312629720330284,5,1.5884585,1.3717606
2020-07-16,-0.7662176069909229,10,1.4981649,1.3166561
2020-08-04,1.6899548935257394,21,1.4048473,1.0751154
2020-07-06,1.8123581289849349,1,1.5995702,1.277495
2020-07-08,-0.7814735111891286,3,1.5898923,0.9734367
2020-07-10,-1.0641688360864323,5,1.5610229,1.1934674
2020-07-17,-0.32524634227123533,10,1.4890424,0.9980402
2020-08-05,-0.2608672610029765,21,1.4014604,1.1168699
2020-07-07,-0.440115058113863,1,1.5846298,1.1591704
2020-07-09,0.40312629720330284,3,1.5884585,1.0207689
2020-07-13,2.191651348448648,5,1.5379276,1.0775721
2020-07-20,0.0927493485633992,10,1.460098,1.3244529
2020-08-06,-0.4304158103649136,21,1.4031075,0.96781707
2020-07-08,-0.7814735111891286,1,1.5898923,1.1900761
2020-07-10,-1.0641688360864323,3,1.5610229,0.9052315
2020-07-14,-0.8716072029207713,5,1.5421054,1.2645204
2020-07-21,0.7312927946984065,10,1.4550939,0.98633784
2020-08-07,-0.3942561663258729,21,1.4024148,1.0664988
2020-07-09,0.40312629720330284,1,1.5884585,1.2979012
2020-07-13,2.191651348448648,3,1.5379276,1.1553295
2020-07-15,1.5746886957289985,5,1.5374007,1.2951858
2020-07-22,-0.5811736136168131,10,1.4505843,1.1970693
2020-08-11,1.864735070436215,21,1.3964528,1.0878131
2020-07-10,-1.0641688360864323,1,1.5610229,1.3508205
2020-07-14,-0.8716072029207713,3,1.5421054,0.99113643
2020-07-16,-0.7662176069909229,5,1.4981649,1.2814269
2020-07-27,-0.1572983131104011,10,1.4441121,1.178891
2020-08-12,0.4111085739595168,21,1.3957317,1.1214023
2020-07-13,2.191651348448648,1,1.5379276,1.1355709
2020-07-15,1.5746886957289985,3,1.5374007,1.3379928
2020-07-17,-0.32524634227123533,5,1.4890424,1.1557292
2020-07-28,-0.25772369196171907,10,1.4108921,1.151824
2020-08-13,1.7601539983408785,21,1.409516,1.0158103
2020-07-14,-0.8716072029207713,1,1.5421054,1.4170678
2020-07-16,-0.7662176069909229,3,1.4981649,1.2782229
2020-07-20,0.0927493485633992,5,1.460098,1.3236974
2020-07-29,-1.15537598274545,10,1.4216995,1.2092569
2020-08-14,0.17082462604511883,21,1.4001296,1.1411076
2020-07-15,1.5746886957289985,1,1.5374007,1.0517142
2020-07-17,-0.32524634227123533,3,1.4890424,1.0857458
2020-07-21,0.7312927946984065,5,1.4550939,1.3035047
2020-07-30,-0.2587558067823988,10,1.400613,1.044884
2020-08-17,-0.830466208849085,21,1.4045445,1.0918915
2020-07-16,-0.7662176069909229,1,1.4981649,1.4087548
2020-07-20,0.0927493485633992,3,1.460098,1.146156
2020-07-22,-0.5811736136168131,5,1.4505843,1.3475951
2020-07-31,-2.857136281692075,10,1.3995734,1.1986911
2020-08-18,-0.1979288590918624,21,1.4044955,1.1260505
2020-07-17,-0.32524634227123533,1,1.4890424,1.2174189
2020-07-21,0.7312927946984065,3,1.4550939,1.1073449
2020-07-27,-0.1572983131104011,5,1.4441121,1.1879553
2020-08-03,2.2111213941070664,10,1.4241616,1.1088793
2020-08-19,0.2579165995863432,21,1.398445,1.0959723
2020-07-20,0.0927493485633992,1,1.460098,1.394525
2020-07-22,-0.5811736136168131,3,1.4505843,1.3030311
2020-07-28,-0.25772369196171907,5,1.4108921,1.2572647
2020-08-04,1.6899548935257394,10,1.4048473,1.3250581
2020-08-20,-1.0001565906387506,21,1.3927269,1.2563441
2020-07-21,0.7312927946984065,1,1.4550939,1.3029172
2020-07-27,-0.1572983131104011,3,1.4441121,0.9667841
2020-07-29,-1.15537598274545,5,1.4216995,1.414523
2020-08-05,-0.2608672610029765,10,1.4014604,1.3117002
2020-08-21,0.1732788364144106,21,1.3579205,1.208687
2020-07-22,-0.5811736136168131,1,1.4505843,1.3756981
2020-07-28,-0.25772369196171907,3,1.4108921,1.318823
2020-07-30,-0.2587558067823988,5,1.400613,1.1637268
2020-08-06,-0.4304158103649136,10,1.4031075,1.2185378
2020-08-24,0.2840992347501308,21,1.3560388,1.2175612
2020-07-27,-0.1572983131104011,1,1.4441121,1.1827285
2020-07-29,-1.15537598274545,3,1.4216995,1.1314372
2020-07-31,-2.857136281692075,5,1.3995734,1.1133109
2020-08-07,-0.3942561663258729,10,1.4024148,1.2648128
2020-08-25,1.3450697032721015,21,1.3355998,1.025687
2020-07-28,-0.25772369196171907,1,1.4108921,1.3358223
2020-07-30,-0.2587558067823988,3,1.400613,1.1392474
2020-08-03,2.2111213941070664,5,1.4241616,1.2332323
2020-08-11,1.864735070436215,10,1.3964528,1.1582308
2020-08-26,-0.025372213269741622,21,1.3352121,1.1504158
2020-07-29,-1.15537598274545,1,1.4216995,1.4625475
2020-07-31,-2.857136281692075,3,1.3995734,1.1282699
2020-08-04,1.6899548935257394,5,1.4048473,1.3131746
2020-08-12,0.4111085739595168,10,1.3957317,1.2712585
2020-08-27,-0.3526906708453999,21,1.3329521,1.3052484
2020-07-30,-0.2587558067823988,1,1.400613,1.32446
2020-08-03,2.2111213941070664,3,1.4241616,1.3369361
2020-08-05,-0.2608672610029765,5,1.4014604,1.2366055
2020-08-13,1.7601539983408785,10,1.409516,1.1936228
2020-08-28,-1.4155076836789833,21,1.338811,1.195224
2020-07-31,-2.857136281692075,1,1.3995734,1.6345394
2020-08-04,1.6899548935257394,3,1.4048473,1.5410897
2020-08-06,-0.4304158103649136,5,1.4031075,1.5478193
2020-08-14,0.17082462604511883,10,1.4001296,1.2179885
2020-08-31,1.1173341378353383,21,1.3363842,1.4164907
2020-08-03,2.2111213941070664,1,1.4241616,1.3317229
2020-08-05,-0.2608672610029765,3,1.4014604,1.8281914
2020-08-07,-0.3942561663258729,5,1.4024148,1.6309663
2020-08-17,-0.830466208849085,10,1.4045445,1.4473444
2020-09-01,-0.007301349794921203,21,1.335719,1.2076737
2020-08-04,1.6899548935257394,1,1.4048473,1.4136583
2020-08-06,-0.4304158103649136,3,1.4031075,1.4374498
2020-08-11,1.864735070436215,5,1.3964528,1.510952
2020-08-18,-0.1979288590918624,10,1.4044955,1.4121907
2020-09-02,0.47032342434135876,21,1.3337721,1.1797727
2020-08-05,-0.2608672610029765,1,1.4014604,1.2746975
2020-08-07,-0.3942561663258729,3,1.4024148,1.4811251
2020-08-12,0.4111085739595168,5,1.3957317,1.2203685
2020-08-19,0.2579165995863432,10,1.398445,1.5215853
2020-09-03,0.9349945180871035,21,1.3275954,1.1198243
2020-08-06,-0.4304158103649136,1,1.4031075,1.3286995
2020-08-11,1.864735070436215,3,1.3964528,1.2164998
2020-08-13,1.7601539983408785,5,1.409516,1.400072
2020-08-20,-1.0001565906387506,10,1.3927269,1.4232318
2020-09-04,-1.1146216314693853,21,1.3347381,1.3412836
2020-08-07,-0.3942561663258729,1,1.4024148,1.3224512
2020-08-12,0.4111085739595168,3,1.3957317,1.2493328
2020-08-14,0.17082462604511883,5,1.4001296,1.4607992
2020-08-21,0.1732788364144106,10,1.3579205,1.2764225
2020-09-07,-0.4988865454486877,21,1.3362042,1.2394252
2020-08-11,1.864735070436215,1,1.3964528,1.5703502
2020-08-13,1.7601539983408785,3,1.409516,1.5192577
2020-08-17,-0.830466208849085,5,1.4045445,1.3132026
2020-08-24,0.2840992347501308,10,1.3560388,1.6677908
2020-09-08,0.7945056136956834,21,1.2860905,1.3274202
2020-08-12,0.4111085739595168,1,1.3957317,1.4199827
2020-08-14,0.17082462604511883,3,1.4001296,1.4579327
2020-08-18,-0.1979288590918624,5,1.4044955,1.4883299
2020-08-25,1.3450697032721015,10,1.3355998,1.5830333
2020-09-09,-1.0434522253771168,21,1.2897925,1.4440628
2020-08-13,1.7601539983408785,1,1.409516,1.3791618
2020-08-17,-0.830466208849085,3,1.4045445,1.4978694
2020-08-19,0.2579165995863432,5,1.398445,1.3379388
2020-08-26,-0.025372213269741622,10,1.3352121,1.4835135
2020-09-10,0.877206272476263,21,1.2047502,1.2109783
2020-08-14,0.17082462604511883,1,1.4001296,1.1267079
2020-08-18,-0.1979288590918624,3,1.4044955,1.0171819
2020-08-20,-1.0001565906387506,5,1.3927269,1.2476074
2020-08-27,-0.3526906708453999,10,1.3329521,1.4435589
2020-09-11,0.733332365237897,21,1.0431346,1.0456676
2020-08-17,-0.830466208849085,1,1.4045445,1.2727131
2020-08-19,0.2579165995863432,3,1.398445,1.1667246
2020-08-21,0.1732788364144106,5,1.3579205,1.2126987
2020-08-28,-1.4155076836789833,10,1.338811,1.0153832
2020-09-14,0.6507335778048896,21,1.0426371,1.277426
2020-08-18,-0.1979288590918624,1,1.4044955,1.3153359
2020-08-20,-1.0001565906387506,3,1.3927269,1.2703981
2020-08-24,0.2840992347501308,5,1.3560388,1.2672176
2020-08-31,1.1173341378353383,10,1.3363842,1.0113397
2020-09-15,-0.4441651543057119,21,1.0426073,1.1085875
2020-08-19,0.2579165995863432,1,1.398445,1.3037267
2020-08-21,0.1732788364144106,3,1.3579205,1.2039137
2020-08-25,1.3450697032721015,5,1.3355998,1.1940314
2020-09-01,-0.007301349794921203,10,1.335719,1.1015497
2020-09-16,0.08795435131353463,21,1.0407807,0.9981103
2020-08-20,-1.0001565906387506,1,1.3927269,1.4164735
2020-08-24,0.2840992347501308,3,1.3560388,1.4951819
2020-08-26,-0.025372213269741622,5,1.3352121,1.2979429
2020-09-02,0.47032342434135876,10,1.3337721,1.1246995
2020-09-17,-0.6674263270298049,21,1.0446589,1.2376066
2020-08-21,0.1732788364144106,1,1.3579205,1.1781815
2020-08-25,1.3450697032721015,3,1.3355998,1.1958703
2020-08-27,-0.3526906708453999,5,1.3329521,1.4572232
2020-09-03,0.9349945180871035,10,1.3275954,1.1226301
2020-09-18,0.1753724959243107,21,1.0432253,1.046439
2020-08-24,0.2840992347501308,1,1.3560388,1.3280072
2020-08-26,-0.025372213269741622,3,1.3352121,1.2031496
2020-08-28,-1.4155076836789833,5,1.338811,1.1465158
2020-09-04,-1.1146216314693853,10,1.3347381,1.198256
2020-09-23,-0.05913721314258339,21,1.0432131,1.1817396
2020-08-25,1.3450697032721015,1,1.3355998,1.1540697
2020-08-27,-0.3526906708453999,3,1.3329521,1.0038977
2020-08-31,1.1173341378353383,5,1.3363842,1.0425607
2020-09-07,-0.4988865454486877,10,1.3362042,1.0910339
2020-09-24,-1.114144237677821,21,1.0409803,1.0502455
2020-08-26,-0.025372213269741622,1,1.3352121,1.2526561
2020-08-28,-1.4155076836789833,3,1.338811,0.87295455
2020-09-01,-0.007301349794921203,5,1.335719,0.964427
2020-09-08,0.7945056136956834,10,1.2860905,1.2193612
2020-09-25,0.5046140464718293,21,1.0332484,1.0267394
2020-08-27,-0.3526906708453999,1,1.3329521,1.0720649
2020-08-31,1.1173341378353383,3,1.3363842,1.0606112
2020-09-02,0.47032342434135876,5,1.3337721,1.0499172
2020-09-09,-1.0434522253771168,10,1.2897925,1.1553397
2020-09-28,1.3143370731762354,21,0.99770355,0.9278053
2020-08-28,-1.4155076836789833,1,1.338811,1.0555044
2020-09-01,-0.007301349794921203,3,1.335719,0.782753
2020-09-03,0.9349945180871035,5,1.3275954,1.027647
2020-09-10,0.877206272476263,10,1.2047502,1.1195757
2020-09-29,0.11681212361830773,21,0.9849251,1.1144878
2020-08-31,1.1173341378353383,1,1.3363842,1.3960322
2020-09-02,0.47032342434135876,3,1.3337721,1.336003
2020-09-04,-1.1146216314693853,5,1.3347381,1.425252
2020-09-11,0.733332365237897,10,1.0431346,1.1119103
2020-09-30,-1.5152195186846824,21,1.0008337,1.3520819
2020-09-01,-0.007301349794921203,1,1.335719,1.1480826
2020-09-03,0.9349945180871035,3,1.3275954,1.1189313
2020-09-07,-0.4988865454486877,5,1.3362042,1.047348
2020-09-14,0.6507335778048896,10,1.0426371,1.2922477
2020-10-02,-0.6717267902004885,21,1.0054913,0.9910705
2020-09-02,0.47032342434135876,1,1.3337721,1.2109625
2020-09-04,-1.1146216314693853,3,1.3347381,1.0462493
2020-09-08,0.7945056136956834,5,1.2860905,1.2147638
2020-09-15,-0.4441651543057119,10,1.0426073,1.1848489
2020-10-05,1.2180893113200515,21,1.0129927,1.1079088
2020-09-03,0.9349945180871035,1,1.3275954,1.0207222
2020-09-07,-0.4988865454486877,3,1.3362042,1.0087489
2020-09-09,-1.0434522253771168,5,1.2897925,0.9832461
2020-09-16,0.08795435131353463,10,1.0407807,0.97663945
2020-10-06,0.5202175726613042,21,0.98884624,0.9763801
2020-09-04,-1.1146216314693853,1,1.3347381,1.1840372
2020-09-08,0.7945056136956834,3,1.2860905,0.87143767
2020-09-10,0.877206272476263,5,1.2047502,1.2052437
2020-09-17,-0.6674263270298049,10,1.0446589,1.0938319
2020-10-07,-0.046568329359541444,21,0.9868301,1.0576489
2020-09-07,-0.4988865454486877,1,1.3362042,0.99715436
2020-09-09,-1.0434522253771168,3,1.2897925,1.2414541
2020-09-11,0.733332365237897,5,1.0431346,1.0416055
2020-09-18,0.1753724959243107,10,1.0432253,1.0918825
2020-10-08,0.9528456246043612,21,0.9872088,0.9504611
2020-09-08,0.7945056136956834,1,1.2860905,1.287493
2020-09-10,0.877206272476263,3,1.2047502,0.94264704
2020-09-14,0.6507335778048896,5,1.0426371,1.2768925
2020-09-23,-0.05913721314258339,10,1.0432131,1.3151264
2020-10-09,-0.11585673557272791,21,0.98666924,1.0519807
2020-09-09,-1.0434522253771168,1,1.2897925,1.2723405
2020-09-11,0.733332365237897,3,1.0431346,1.2493984
2020-09-15,-0.4441651543057119,5,1.0426073,1.0346003
2020-09-24,-1.114144237677821,10,1.0409803,1.0756246
2020-10-12,-0.25859317512236385,21,0.97627914,1.2047676
2020-09-10,0.877206272476263,1,1.2047502,1.145615
2020-09-14,0.6507335778048896,3,1.0426371,1.150358
2020-09-16,0.08795435131353463,5,1.0407807,1.0880622
2020-09-25,0.5046140464718293,10,1.0332484,1.3515259
2020-10-13,0.18273718172397602,21,0.9367034,1.0004351
2020-09-11,0.733332365237897,1,1.0431346,1.0989552
2020-09-15,-0.4441651543057119,3,1.0426073,1.1226053
2020-09-17,-0.6674263270298049,5,1.0446589,1.1612446
2020-09-28,1.3143370731762354,10,0.99770355,1.1196682
2020-10-14,0.10566149268814333,21,0.9287148,0.98573935
2020-09-14,0.6507335778048896,1,1.0426371,1.2536839
2020-09-16,0.08795435131353463,3,1.0407807,1.1085376
2020-09-18,0.1753724959243107,5,1.0432253,1.1056339
2020-09-29,0.11681212361830773,10,0.9849251,1.0347064
2020-10-15,-0.5070664704094561,21,0.910445,1.2005813
2020-09-15,-0.4441651543057119,1,1.0426073,1.0754877
2020-09-17,-0.6674263270298049,3,1.0446589,1.014804
2020-09-23,-0.05913721314258339,5,1.0432131,1.1715295
2020-09-30,-1.5152195186846824,10,1.0008337,1.1785387
2020-10-16,-0.4117823922043018,21,0.90626353,0.9107353
2020-09-16,0.08795435131353463,1,1.0407807,1.2779173
2020-09-18,0.1753724959243107,3,1.0432253,1.156893
2020-09-24,-1.114144237677821,5,1.0409803,0.9507538
2020-10-02,-0.6717267902004885,10,1.0054913,1.1128895
2020-10-19,1.1065969020413278,21,0.9151248,1.0017873
2020-09-17,-0.6674263270298049,1,1.0446589,1.0280819
2020-09-23,-0.05913721314258339,3,1.0432131,1.0442417
2020-09-25,0.5046140464718293,5,1.0332484,1.2222174
2020-10-05,1.2180893113200515,10,1.0129927,1.3131636
2020-10-20,-0.44071125331582506,21,0.91748923,1.1334614
2020-09-18,0.1753724959243107,1,1.0432253,0.9687675
2020-09-24,-1.114144237677821,3,1.0409803,1.0356127
2020-09-28,1.3143370731762354,5,0.99770355,1.2530769
2020-10-06,0.5202175726613042,10,0.98884624,0.90928644
2020-10-21,0.30683033827070966,21,0.913864,1.0214465
2020-09-23,-0.05913721314258339,1,1.0432131,1.001157
2020-09-25,0.5046140464718293,3,1.0332484,1.0665866
2020-09-29,0.11681212361830773,5,0.9849251,0.9205049
2020-10-07,-0.046568329359541444,10,0.9868301,1.1861347
2020-10-22,-0.7012481565144689,21,0.91540897,0.8962569
2020-09-24,-1.114144237677821,1,1.0409803,0.9179449
2020-09-28,1.3143370731762354,3,0.99770355,0.8909128
2020-09-30,-1.5152195186846824,5,1.0008337,0.92523116
2020-10-08,0.9528456246043612,10,0.9872088,0.85358727
2020-10-23,0.1801215151405886,21,0.91513705,0.9005611
2020-09-25,0.5046140464718293,1,1.0332484,1.2066488
2020-09-29,0.11681212361830773,3,0.9849251,0.94995356
2020-10-02,-0.6717267902004885,5,1.0054913,1.0454605
2020-10-09,-0.11585673557272791,10,0.98666924,1.1049857
2020-10-26,-0.09465884554630953,21,0.9144262,0.89376384
2020-09-28,1.3143370731762354,1,0.99770355,1.134102
2020-09-30,-1.5152195186846824,3,1.0008337,0.92522335
2020-10-05,1.2180893113200515,5,1.0129927,1.3282374
2020-10-12,-0.25859317512236385,10,0.97627914,1.087707
2020-10-27,-0.03635179665464353,21,0.90051395,1.0868123
2020-09-29,0.11681212361830773,1,0.9849251,0.8500752
2020-10-02,-0.6717267902004885,3,1.0054913,0.95184493
2020-10-06,0.5202175726613042,5,0.98884624,0.8893338
2020-10-13,0.18273718172397602,10,0.9367034,1.0533195
2020-10-28,-0.286929115924416,21,0.9007004,0.94863033
2020-09-30,-1.5152195186846824,1,1.0008337,1.1830033
2020-10-05,1.2180893113200515,3,1.0129927,0.78256744
2020-10-07,-0.046568329359541444,5,0.9868301,1.1313498
2020-10-14,0.10566149268814333,10,0.9287148,1.0849295
2020-10-29,-0.37035114270133007,21,0.816609,0.86226845
2020-10-02,-0.6717267902004885,1,1.0054913,1.021027
2020-10-06,0.5202175726613042,3,0.98884624,1.1425393
2020-10-08,0.9528456246043612,5,0.9872088,1.0659465
2020-10-15,-0.5070664704094561,10,0.910445,1.0759902
2020-10-30,-1.5323803061041026,21,0.79690933,1.0057205
2020-10-05,1.2180893113200515,1,1.0129927,1.0365344
2020-10-07,-0.046568329359541444,3,0.9868301,0.97847426
2020-10-09,-0.11585673557272791,5,0.98666924,1.289184
2020-10-16,-0.4117823922043018,10,0.90626353,1.132912
2020-11-02,1.3759959645881048,21,0.78697884,0.9711814
2020-10-06,0.5202175726613042,1,0.98884624,0.90098494
2020-10-08,0.9528456246043612,3,0.9872088,0.7425127
2020-10-12,-0.25859317512236385,5,0.97627914,0.8459749
2020-10-19,1.1065969020413278,10,0.9151248,0.9063927
2020-11-04,1.7014411385572983,21,0.8140461,0.8942929
2020-10-07,-0.046568329359541444,1,0.9868301,1.0530752
2020-10-09,-0.11585673557272791,3,0.98666924,0.99943835
2020-10-13,0.18273718172397602,5,0.9367034,1.114999
2020-10-20,-0.44071125331582506,10,0.91748923,1.049369
2020-11-05,1.7157092624456416,21,0.83781075,1.0277922
2020-10-08,0.9528456246043612,1,0.9872088,0.88679254
2020-10-12,-0.25859317512236385,3,0.97627914,0.6494396
2020-10-14,0.10566149268814333,5,0.9287148,0.95693076
2020-10-21,0.30683033827070966,10,0.913864,1.0248041
2020-11-06,0.9083228121856367,21,0.8411047,0.85159665
2020-10-09,-0.11585673557272791,1,0.98666924,1.2418345
2020-10-13,0.18273718172397602,3,0.9367034,0.91279817
2020-10-15,-0.5070664704094561,5,0.910445,1.0184838
2020-10-22,-0.7012481565144689,10,0.91540897,0.9894781
2020-11-09,2.0934706940010592,21,0.84951854,1.0425507
2020-10-12,-0.25859317512236385,1,0.97627914,0.75303423
2020-10-14,0.10566149268814333,3,0.9287148,0.69758284
2020-10-16,-0.4117823922043018,5,0.90626353,0.9920926
2020-10-23,0.1801215151405886,10,0.91513705,1.1025981
2020-11-10,0.2643460462631968,21,0.8489547,0.8451179
2020-10-13,0.18273718172397602,1,0.9367034,1.2230748
2020-10-15,-0.5070664704094561,3,0.910445,0.8906853
2020-10-19,1.1065969020413278,5,0.9151248,0.9059221
2020-10-26,-0.09465884554630953,10,0.9144262,0.85134923
2020-11-11,1.7670665417450757,21,0.84917814,0.9902175
2020-10-14,0.10566149268814333,1,0.9287148,0.90405107
2020-10-16,-0.4117823922043018,3,0.90626353,1.0134333
2020-10-20,-0.44071125331582506,5,0.91748923,0.84841806
2020-10-27,-0.03635179665464353,10,0.90051395,0.90984446
2020-11-12,0.6734038903615087,21,0.8519203,0.7747007
2020-10-15,-0.5070664704094561,1,0.910445,0.93661875
2020-10-19,1.1065969020413278,3,0.9151248,0.7917085
2020-10-21,0.30683033827070966,5,0.913864,0.74020875
2020-10-28,-0.286929115924416,10,0.9007004,0.8864782
2020-11-13,-0.5304288146518765,21,0.8469186,0.84948766
2020-10-16,-0.4117823922043018,1,0.90626353,1.1741397
2020-10-20,-0.44071125331582506,3,0.91748923,0.9755024
2020-10-22,-0.7012481565144689,5,0.91540897,0.9647314
2020-10-29,-0.37035114270133007,10,0.816609,0.968534
2020-11-16,2.031780225325067,21,0.8793557,0.92533684
2020-10-19,1.1065969020413278,1,0.9151248,1.0954268
2020-10-21,0.30683033827070966,3,0.913864,1.0600072
2020-10-23,0.1801215151405886,5,0.91513705,1.1540525
2020-10-30,-1.5323803061041026,10,0.79690933,0.9093803
2020-11-17,0.4148166222917576,21,0.87978023,0.9992101
2020-10-20,-0.44071125331582506,1,0.91748923,1.1414909
2020-10-22,-0.7012481565144689,3,0.91540897,1.0108634
2020-10-26,-0.09465884554630953,5,0.9144262,1.1932011
2020-11-02,1.3759959645881048,10,0.78697884,1.100977
2020-11-18,-1.1073295827243614,21,0.8823576,1.064314
2020-10-21,0.30683033827070966,1,0.913864,0.9821017
2020-10-23,0.1801215151405886,3,0.91513705,1.0014541
2020-10-27,-0.03635179665464353,5,0.90051395,1.1227673
2020-11-04,1.7014411385572983,10,0.8140461,1.0972093
2020-11-19,-0.36525060579388335,21,0.8853214,0.87949395
2020-10-22,-0.7012481565144689,1,0.91540897,1.0848147
2020-10-26,-0.09465884554630953,3,0.9144262,0.90018165
2020-10-28,-0.286929115924416,5,0.9007004,0.8374452
2020-11-05,1.7157092624456416,10,0.83781075,1.2317574
2020-11-20,-0.418167653607887,21,0.88864535,0.87719524
2020-10-23,0.1801215151405886,1,0.91513705,1.0926964
2020-10-27,-0.03635179665464353,3,0.90051395,0.9659752
2020-10-29,-0.37035114270133007,5,0.816609,1.0702436
2020-11-06,0.9083228121856367,10,0.8411047,1.1283182
2020-11-24,2.4694006582825647,21,0.9248574,0.964654
2020-10-26,-0.09465884554630953,1,0.9144262,1.0139778
2020-10-28,-0.286929115924416,3,0.9007004,1.0781626
2020-10-30,-1.5323803061041026,5,0.79690933,0.68503785
2020-11-09,2.0934706940010592,10,0.84951854,1.2993166
2020-11-25,0.5004333848578737,21,0.9252389,0.9110025
2020-10-27,-0.03635179665464353,1,0.90051395,1.1339784
2020-10-29,-0.37035114270133007,3,0.816609,0.8495147
2020-11-02,1.3759959645881048,5,0.78697884,0.938831
2020-11-10,0.2643460462631968,10,0.8489547,0.94893324
2020-11-26,0.9102171277930415,21,0.92676276,0.970837
2020-10-28,-0.286929115924416,1,0.9007004,1.1292995
2020-10-30,-1.5323803061041026,3,0.79690933,0.8666205
2020-11-04,1.7014411385572983,5,0.8140461,0.9705284
2020-11-11,1.7670665417450757,10,0.84917814,1.1122228
2020-11-27,0.40389790997902664,21,0.9016557,1.0393577
2020-10-29,-0.37035114270133007,1,0.816609,1.3742828
2020-11-02,1.3759959645881048,3,0.78697884,0.9589587
2020-11-05,1.7157092624456416,5,0.83781075,1.1997161
2020-11-12,0.6734038903615087,10,0.8519203,1.0312097
2020-11-30,-0.7954014735596349,21,0.9044121,1.1289396
2020-10-30,-1.5323803061041026,1,0.79690933,0.92499435
2020-11-04,1.7014411385572983,3,0.8140461,1.0813237
2020-11-06,0.9083228121856367,5,0.8411047,1.2837063
2020-11-13,-0.5304288146518765,10,0.8469186,1.4207852
2020-12-01,1.3300166738732542,21,0.91508585,0.9086404
2020-11-02,1.3759959645881048,1,0.78697884,1.2560872
2020-11-05,1.7157092624456416,3,0.83781075,1.3202444
2020-11-09,2.0934706940010592,5,0.84951854,1.5061162
2020-11-16,2.031780225325067,10,0.8793557,1.105453
2020-12-02,0.05016524677097255,21,0.9149329,1.2925646
2020-11-04,1.7014411385572983,1,0.8140461,1.2233071
2020-11-06,0.9083228121856367,3,0.8411047,1.418656
2020-11-10,0.2643460462631968,5,0.8489547,0.99967885
2020-11-17,0.4148166222917576,10,0.87978023,1.440195
2020-12-03,0.03129497197681159,21,0.9106778,1.0573013
2020-11-05,1.7157092624456416,1,0.83781075,1.5578377
2020-11-09,2.0934706940010592,3,0.84951854,1.2852578
2020-11-11,1.7670665417450757,5,0.84917814,1.2660646
2020-11-18,-1.1073295827243614,10,0.8823576,1.2290701
2020-12-04,-0.21705850531154605,21,0.89559597,1.2184482
2020-11-06,0.9083228121856367,1,0.8411047,1.1232728
2020-11-10,0.2643460462631968,3,0.8489547,1.0872753
2020-11-12,0.6734038903615087,5,0.8519203,1.1025428
2020-11-19,-0.36525060579388335,10,0.8853214,1.2783259
2020-12-07,-0.7647535575538665,21,0.89994574,0.9687239
2020-11-09,2.0934706940010592,1,0.84951854,1.4739126
2020-11-11,1.7670665417450757,3,0.84917814,1.1097426
2020-11-13,-0.5304288146518765,5,0.8469186,1.4273722
2020-11-20,-0.418167653607887,10,0.88864535,1.1270978
2020-12-08,-0.3031601050295708,21,0.8994854,1.247938
2020-11-10,0.2643460462631968,1,0.8489547,1.1142731
2020-11-12,0.6734038903615087,3,0.8519203,1.2968926
2020-11-16,2.031780225325067,5,0.8793557,1.2914262
2020-11-24,2.4694006582825647,10,0.9248574,1.205005
2020-12-09,1.3169346616232813,21,0.8951521,1.2069299
2020-11-11,1.7670665417450757,1,0.84917814,1.3719192
2020-11-13,-0.5304288146518765,3,0.8469186,1.1622131
2020-11-17,0.4148166222917576,5,0.87978023,1.1561978
2020-11-25,0.5004333848578737,10,0.9252389,1.3283128
2020-12-10,-0.23033202332746455,21,0.8934926,1.1586838
2020-11-12,0.6734038903615087,1,0.8519203,1.0279754
2020-11-16,2.031780225325067,3,0.8793557,1.1599631
2020-11-18,-1.1073295827243614,5,0.8823576,1.0600548
2020-11-26,0.9102171277930415,10,0.92676276,1.3474187
2020-12-11,-0.38840382728304246,21,0.89462674,0.9522327
2020-11-13,-0.5304288146518765,1,0.8469186,1.3805289
2020-11-17,0.4148166222917576,3,0.87978023,1.13696
2020-11-19,-0.36525060579388335,5,0.8853214,1.2695297
2020-11-27,0.40389790997902664,10,0.9016557,1.1753289
2020-12-14,0.2994101076403774,21,0.8928842,1.2608612
2020-11-16,2.031780225325067,1,0.8793557,1.0920924
2020-11-18,-1.1073295827243614,3,0.8823576,1.259373
2020-11-20,-0.418167653607887,5,0.88864535,1.2968547
2020-11-30,-0.7954014735596349,10,0.9044121,1.1796368
2020-12-15,-0.1669763630007655,21,0.8901519,1.0859634
2020-11-17,0.4148166222917576,1,0.87978023,1.3296349
2020-11-19,-0.36525060579388335,3,0.8853214,1.1602412
2020-11-24,2.4694006582825647,5,0.9248574,1.1096003
2020-12-01,1.3300166738732542,10,0.91508585,1.1366563
2020-12-16,0.2603060098449239,21,0.8900124,1.0977206
2020-11-18,-1.1073295827243614,1,0.8823576,1.4109479
2020-11-20,-0.418167653607887,3,0.88864535,1.3071207
2020-11-25,0.5004333848578737,5,0.9252389,1.1522418
2020-12-02,0.05016524677097255,10,0.9149329,1.2487062
2020-12-17,0.18396490355504239,21,0.8824095,1.1760559
2020-11-19,-0.36525060579388335,1,0.8853214,1.4304013
2020-11-24,2.4694006582825647,3,0.9248574,1.3788482
2020-11-26,0.9102171277930415,5,0.92676276,1.503103
2020-12-03,0.03129497197681159,10,0.9106778,1.1144369
2020-12-18,-0.16158020300656742,21,0.88384885,1.1476413
2020-11-20,-0.418167653607887,1,0.88864535,1.2938315
2020-11-25,0.5004333848578737,3,0.9252389,1.3609296
2020-11-27,0.40389790997902664,5,0.9016557,1.4051881
2020-12-04,-0.21705850531154605,10,0.89559597,1.2935929
2020-12-21,-0.18314406035789113,21,0.8846731,1.030123
2020-11-24,2.4694006582825647,1,0.9248574,1.34262
2020-11-26,0.9102171277930415,3,0.92676276,1.581243
2020-11-30,-0.7954014735596349,5,0.9044121,1.3185158
2020-12-07,-0.7647535575538665,10,0.89994574,1.2640891
2020-12-22,-1.0461997849037543,21,0.8829723,1.1711831
2020-11-25,0.5004333848578737,1,0.9252389,1.3022453
2020-11-27,0.40389790997902664,3,0.9016557,1.3798692
2020-12-01,1.3300166738732542,5,0.91508585,1.2663286
2020-12-08,-0.3031601050295708,10,0.8994854,1.3288851
2020-12-23,0.33382383139140503,21,0.88233304,1.2708972
2020-11-26,0.9102171277930415,1,0.92676276,1.3621695
2020-11-30,-0.7954014735596349,3,0.9044121,1.4145682
2020-12-02,0.05016524677097255,5,0.9149329,1.1213926
2020-12-09,1.3169346616232813,10,0.8951521,1.2856892
2020-12-24,0.5397722300926707,21,0.8716955,1.0374601
2020-11-27,0.40389790997902664,1,0.9016557,1.0141401
2020-12-01,1.3300166738732542,3,0.91508585,0.836282
2020-12-03,0.03129497197681159,5,0.9106778,1.1518546
2020-12-10,-0.23033202332746455,10,0.8934926,1.3567578
2020-12-25,-0.04403279360470339,21,0.872234,1.0745888
2020-11-30,-0.7954014735596349,1,0.9044121,1.2775536
2020-12-02,0.05016524677097255,3,0.9149329,1.0416623
2020-12-04,-0.21705850531154605,5,0.89559597,1.1842253
2020-12-11,-0.38840382728304246,10,0.89462674,1.1224042
2020-12-28,0.737875018876534,21,0.844891,1.3167448
2020-12-01,1.3300166738732542,1,0.91508585,1.2550244
2020-12-03,0.03129497197681159,3,0.9106778,1.1958389
2020-12-07,-0.7647535575538665,5,0.89994574,1.2865503
2020-12-14,0.2994101076403774,10,0.8928842,1.4755965
2020-12-29,2.624525841264389,21,0.89023244,1.1673602
2020-12-02,0.05016524677097255,1,0.9149329,1.1871365
2020-12-04,-0.21705850531154605,3,0.89559597,1.1094553
2020-12-08,-0.3031601050295708,5,0.8994854,1.2052844
2020-12-15,-0.1669763630007655,10,0.8901519,1.4988292
2020-12-30,-0.4507378636253146,21,0.88711953,1.2382137
2020-12-03,0.03129497197681159,1,0.9106778,1.2731347
2020-12-07,-0.7647535575538665,3,0.89994574,1.2244755
2020-12-09,1.3169346616232813,5,0.8951521,1.2267761
2020-12-16,0.2603060098449239,10,0.8900124,1.3256279
2021-01-04,-0.6792728098520783,21,0.8949115,1.3085136
2020-12-04,-0.21705850531154605,1,0.89559597,1.1172776
2020-12-08,-0.3031601050295708,3,0.8994854,1.2317293
2020-12-10,-0.23033202332746455,5,0.8934926,1.1995628
2020-12-17,0.18396490355504239,10,0.8824095,1.2529445
2021-01-05,-0.3666137061703763,21,0.8976707,1.0977211
2020-12-07,-0.7647535575538665,1,0.89994574,1.2637746
2020-12-09,1.3169346616232813,3,0.8951521,1.3979461
2020-12-11,-0.38840382728304246,5,0.89462674,1.0827057
2020-12-18,-0.16158020300656742,10,0.88384885,1.1335714
2021-01-06,-0.3788336916539456,21,0.8963758,1.1497592
2020-12-08,-0.3031601050295708,1,0.8994854,1.3235283
2020-12-10,-0.23033202332746455,3,0.8934926,1.4832615
2020-12-14,0.2994101076403774,5,0.8928842,1.534902
2020-12-21,-0.18314406035789113,10,0.8846731,1.2139591
2021-01-07,1.5920508101247879,21,0.9123615,1.1400133
2020-12-09,1.3169346616232813,1,0.8951521,1.5386732
2020-12-11,-0.38840382728304246,3,0.89462674,1.4896961
2020-12-15,-0.1669763630007655,5,0.8901519,1.4292443
2020-12-22,-1.0461997849037543,10,0.8829723,1.276422
2021-01-08,2.333049318041332,21,0.9483724,1.2169566
2020-12-10,-0.23033202332746455,1,0.8934926,1.577482
2020-12-14,0.2994101076403774,3,0.8928842,1.352403
2020-12-16,0.2603060098449239,5,0.8900124,1.7172201
2020-12-23,0.33382383139140503,10,0.88233304,1.4796941
2021-01-12,0.08990775850995207,21,0.9486362,1.2549337
2020-12-11,-0.38840382728304246,1,0.89462674,1.1003914
2020-12-15,-0.1669763630007655,3,0.8901519,1.3504739
2020-12-17,0.18396490355504239,5,0.8824095,1.4026245
2020-12-24,0.5397722300926707,10,0.8716955,1.3201381
2021-01-13,1.0323129519735277,21,0.9530416,1.025386
2020-12-14,0.2994101076403774,1,0.8928842,1.476
2020-12-16,0.2603060098449239,3,0.8900124,1.4476745
2020-12-18,-0.16158020300656742,5,0.88384885,1.4344084
2020-12-25,-0.04403279360470339,10,0.872234,1.5864486
2021-01-14,0.8456722878300811,21,0.94937855,1.3698606
2020-12-15,-0.1669763630007655,1,0.8901519,1.092298
2020-12-17,0.18396490355504239,3,0.8824095,1.1918721
2020-12-21,-0.18314406035789113,5,0.8846731,1.2780341
2020-12-28,0.737875018876534,10,0.844891,1.3872492
2021-01-15,-0.6259653161040136,21,0.9526218,1.0520993
2020-12-16,0.2603060098449239,1,0.8900124,1.493594
2020-12-18,-0.16158020300656742,3,0.88384885,1.3019029
2020-12-22,-1.0461997849037543,5,0.8829723,1.1512389
2020-12-29,2.624525841264389,10,0.89023244,1.4748621
2021-01-18,-0.975913187363965,21,0.96170384,1.1942444
2020-12-17,0.18396490355504239,1,0.8824095,1.3836926
2020-12-21,-0.18314406035789113,3,0.8846731,1.1081092
2020-12-23,0.33382383139140503,5,0.88233304,1.4305207
2020-12-30,-0.4507378636253146,10,0.88711953,1.4494257
2021-01-19,1.375829625385232,21,0.9667538,1.3733618
2020-12-18,-0.16158020300656742,1,0.88384885,1.1666807
2020-12-22,-1.0461997849037543,3,0.8829723,1.0483367
2020-12-24,0.5397722300926707,5,0.8716955,1.147511
2021-01-04,-0.6792728098520783,10,0.8949115,1.3044145
2021-01-20,-0.38561102552114046,21,0.97109216,1.2032129
2020-12-21,-0.18314406035789113,1,0.8846731,1.318094
2020-12-23,0.33382383139140503,3,0.88233304,1.202366
2020-12-25,-0.04403279360470339,5,0.872234,1.2901679
2021-01-05,-0.3666137061703763,10,0.8976707,1.4717673
2021-01-21,0.8156439195476345,21,0.9639587,1.1086286
2020-12-22,-1.0461997849037543,1,0.8829723,1.1998475
2020-12-24,0.5397722300926707,3,0.8716955,1.2405334
2020-12-28,0.737875018876534,5,0.844891,1.3567803
2021-01-06,-0.3788336916539456,10,0.8963758,1.177018
2021-01-22,-0.43705890260780167,21,0.96895504,1.2861967
2020-12-23,0.33382383139140503,1,0.88233304,1.5286329
2020-12-25,-0.04403279360470339,3,0.872234,1.4223938
2020-12-29,2.624525841264389,5,0.89023244,1.5326126
2021-01-07,1.5920508101247879,10,0.9123615,1.293413
2021-01-25,0.6643276880558635,21,0.9682978,1.2785016
2020-12-24,0.5397722300926707,1,0.8716955,1.2294345
2020-12-28,0.737875018876534,3,0.844891,1.0320121
2020-12-30,-0.4507378636253146,5,0.88711953,1.1499817
2021-01-08,2.333049318041332,10,0.9483724,1.1895158
2021-01-26,-0.9625897744503228,21,0.9817007,1.0462016
2020-12-25,-0.04403279360470339,1,0.872234,1.2971797
2020-12-29,2.624525841264389,3,0.89023244,1.4897867
2021-01-04,-0.6792728098520783,5,0.8949115,1.0105522
2021-01-12,0.08990775850995207,10,0.9486362,1.3016113
2021-01-27,0.31139963883821,21,0.9784106,1.1883684
2020-12-28,0.737875018876534,1,0.844891,1.249052
2020-12-30,-0.4507378636253146,3,0.88711953,0.94151306
2021-01-05,-0.3666137061703763,5,0.8976707,1.187226
2021-01-13,1.0323129519735277,10,0.9530416,1.0052583
2021-01-28,-1.5406630614583943,21,1.0040439,0.9635356
2020-12-29,2.624525841264389,1,0.89023244,1.2179004
2021-01-04,-0.6792728098520783,3,0.8949115,1.1664797
2021-01-06,-0.3788336916539456,5,0.8963758,1.0404783
2021-01-14,0.8456722878300811,10,0.94937855,1.0695939
2021-01-29,-1.912058065355841,21,1.0170015,0.9643351
2020-12-30,-0.4507378636253146,1,0.88711953,1.1040814
2021-01-05,-0.3666137061703763,3,0.8976707,0.93995625
2021-01-07,1.5920508101247879,5,0.9123615,1.141162
2021-01-15,-0.6259653161040136,10,0.9526218,1.0664129
2021-02-01,1.5341147106615618,21,1.0200127,1.0128838
2021-01-04,-0.6792728098520783,1,0.8949115,1.2017889
2021-01-06,-0.3788336916539456,3,0.8963758,1.0604829
2021-01-08,2.333049318041332,5,0.9483724,1.2559224
2021-01-18,-0.975913187363965,10,0.96170384,1.0275099
2021-02-02,0.9605164122816461,21,1.007312,1.1239481
2021-01-05,-0.3666137061703763,1,0.8976707,1.2665206
2021-01-07,1.5920508101247879,3,0.9123615,1.2060523
2021-01-12,0.08990775850995207,5,0.9486362,1.2035023
2021-01-19,1.375829625385232,10,0.9667538,1.1722459
2021-02-03,0.9975059447058944,21,0.9943838,1.0517077
2021-01-06,-0.3788336916539456,1,0.8963758,1.1734252
2021-01-08,2.333049318041332,3,0.9483724,1.0688517
2021-01-13,1.0323129519735277,5,0.9530416,1.1670665
2021-01-20,-0.38561102552114046,10,0.97109216,1.18825
2021-02-04,-1.0688259979527024,21,1.0061578,1.0974524
2021-01-07,1.5920508101247879,1,0.9123615,1.5445168
2021-01-12,0.08990775850995207,3,0.9486362,1.5560788
2021-01-14,0.8456722878300811,5,0.94937855,1.1709651
2021-01-21,0.8156439195476345,10,0.9639587,1.1140182
2021-02-05,1.5309525846166931,21,0.99124426,1.267205
2021-01-08,2.333049318041332,1,0.9483724,1.2588453
2021-01-13,1.0323129519735277,3,0.9530416,1.1448067
2021-01-15,-0.6259653161040136,5,0.9526218,1.1683437
2021-01-22,-0.43705890260780167,10,0.96895504,1.2191712
2021-02-08,2.095090384451871,21,1.0196103,1.0755814
2021-01-12,0.08990775850995207,1,0.9486362,1.2364475
2021-01-14,0.8456722878300811,3,0.94937855,1.1224315
2021-01-18,-0.975913187363965,5,0.96170384,1.0926943
2021-01-25,0.6643276880558635,10,0.9682978,1.1951593
2021-02-09,0.3987808142228882,21,1.0008208,1.1398399
2021-01-13,1.0323129519735277,1,0.9530416,1.1283543
2021-01-15,-0.6259653161040136,3,0.9526218,1.0018802
2021-01-19,1.375829625385232,5,0.9667538,1.2203141
2021-01-26,-0.9625897744503228,10,0.9817007,1.020287
2021-02-10,0.19299515276067017,21,0.99932134,0.986878
2021-01-14,0.8456722878300811,1,0.94937855,1.2251439
2021-01-18,-0.975913187363965,3,0.96170384,1.0177481
2021-01-20,-0.38561102552114046,5,0.97109216,1.0736775
2021-01-27,0.31139963883821,10,0.9784106,0.93401074
2021-02-12,-0.14508194410510464,21,0.995484,1.0299873
2021-01-15,-0.6259653161040136,1,0.9526218,1.006247
2021-01-19,1.375829625385232,3,0.9667538,0.9924093
2021-01-21,0.8156439195476345,5,0.9639587,0.89860094
2021-01-28,-1.5406630614583943,10,1.0040439,1.0835648
2021-02-15,1.8928086386037792,21,0.9914249,0.8174421
2021-01-18,-0.975913187363965,1,0.96170384,1.1025709
2021-01-20,-0.38561102552114046,3,0.97109216,1.0916841
2021-01-22,-0.43705890260780167,5,0.96895504,1.1827867
2021-01-29,-1.912058065355841,10,1.0170015,1.051245
2021-02-16,1.2670279171466354,21,0.99990684,0.9503491
2021-01-19,1.375829625385232,1,0.9667538,1.3537259
2021-01-21,0.8156439195476345,3,0.9639587,1.3428811
2021-01-25,0.6643276880558635,5,0.9682978,1.3458567
2021-02-01,1.5341147106615618,10,1.0200127,1.1237979
2021-02-17,-0.577884168501207,21,0.9898917,1.2000036
2021-01-20,-0.38561102552114046,1,0.97109216,1.2084987
2021-01-22,-0.43705890260780167,3,0.96895504,1.1644374
2021-01-26,-0.9625897744503228,5,0.9817007,1.3516725
2021-02-02,0.9605164122816461,10,1.007312,1.0107853
2021-02-18,-0.18536666196442406,21,0.9881994,1.151744
2021-01-21,0.8156439195476345,1,0.9639587,1.1723086
2021-01-25,0.6643276880558635,3,0.9682978,1.365273
2021-01-27,0.31139963883821,5,0.9784106,1.051712
2021-02-03,0.9975059447058944,10,0.9943838,1.1874306
2021-02-19,-0.7241704781705436,21,0.9926181,0.93968236
2021-01-22,-0.43705890260780167,1,0.96895504,1.306042
2021-01-26,-0.9625897744503228,3,0.9817007,1.2213413
2021-01-28,-1.5406630614583943,5,1.0040439,1.1415769
2021-02-04,-1.0688259979527024,10,1.0061578,1.2237508
2021-02-22,0.45903457992946667,21,0.95014226,1.2382936
2021-01-25,0.6643276880558635,1,0.9682978,1.0509037
2021-01-27,0.31139963883821,3,0.9784106,1.1907483
2021-01-29,-1.912058065355841,5,1.0170015,1.2257037
2021-02-05,1.5309525846166931,10,0.99124426,1.0718131
2021-02-24,-1.6191176595178203,21,0.97912544,1.0425596
2021-01-26,-0.9625897744503228,1,0.9817007,1.1359339
2021-01-28,-1.5406630614583943,3,1.0040439,1.0876533
2021-02-01,1.5341147106615618,5,1.0200127,0.8828312
2021-02-08,2.095090384451871,10,1.0196103,1.3771038
2021-02-25,1.6596990994376035,21,0.9930061,0.9521996
2021-01-27,0.31139963883821,1,0.9784106,1.0823468
2021-01-29,-1.912058065355841,3,1.0170015,1.3000962
2021-02-02,0.9605164122816461,5,1.007312,1.4236962
2021-02-09,0.3987808142228882,10,1.0008208,0.9838253
2021-02-26,-4.06676287392598,21,1.135938,1.1567291
2021-01-28,-1.5406630614583943,1,1.0040439,1.1407433
2021-02-01,1.5341147106615618,3,1.0200127,1.2029711
2021-02-03,0.9975059447058944,5,0.9943838,0.8675684
2021-02-10,0.19299515276067017,10,0.99932134,1.0903225
2021-03-01,2.3794268274143207,21,1.1652306,0.9375747
2021-01-29,-1.912058065355841,1,1.0170015,1.3039227
2021-02-02,0.9605164122816461,3,1.007312,1.0297116
2021-02-04,-1.0688259979527024,5,1.0061578,1.3718102
2021-02-12,-0.14508194410510464,10,0.995484,1.1972034
2021-03-02,-0.8644809553781196,21,1.1633483,1.0119267
2021-02-01,1.5341147106615618,1,1.0200127,1.1988623
2021-02-03,0.9975059447058944,3,0.9943838,1.4883626
2021-02-05,1.5309525846166931,5,0.99124426,1.5295125
2021-02-15,1.8928086386037792,10,0.9914249,1.2995034
2021-03-03,0.511911161212558,21,1.1641662,1.2803576
2021-02-02,0.9605164122816461,1,1.007312,1.4210244
2021-02-04,-1.0688259979527024,3,1.0061578,1.0214903
2021-02-08,2.095090384451871,5,1.0196103,1.4964089
2021-02-16,1.2670279171466354,10,0.99990684,1.3143747
2021-03-04,-2.150873619365935,21,1.2018355,1.2845498
2021-02-03,0.9975059447058944,1,0.9943838,1.0270618
2021-02-05,1.5309525846166931,3,0.99124426,1.2156506
2021-02-09,0.3987808142228882,5,1.0008208,1.1950436
2021-02-17,-0.577884168501207,10,0.9898917,1.5047562
2021-03-05,-0.22766585386194302,21,1.2018877,0.9961027
2021-02-04,-1.0688259979527024,1,1.0061578,1.3890988
2021-02-08,2.095090384451871,3,1.0196103,1.1798195
2021-02-10,0.19299515276067017,5,0.99932134,1.3894753
2021-02-18,-0.18536666196442406,10,0.9881994,1.5505396
2021-03-08,-0.4203284050862498,21,1.1983752,1.2134371
2021-02-05,1.5309525846166931,1,0.99124426,1.2427859
2021-02-09,0.3987808142228882,3,1.0008208,1.0857518
2021-02-12,-0.14508194410510464,5,0.995484,1.3903571
2021-02-19,-0.7241704781705436,10,0.9926181,1.324561
2021-03-09,0.9855838535411797,21,1.2019792,1.2038115
2021-02-08,2.095090384451871,1,1.0196103,1.507804
2021-02-10,0.19299515276067017,3,0.99932134,1.3346815
2021-02-15,1.8928086386037792,5,0.9914249,1.4900246
2021-02-22,0.45903457992946667,10,0.95014226,1.3219587
2021-03-10,0.029694886939013322,21,1.1923181,1.3680891
2021-02-09,0.3987808142228882,1,1.0008208,1.0934999
2021-02-12,-0.14508194410510464,3,0.995484,1.2153531
2021-02-16,1.2670279171466354,5,0.99990684,1.2605308
2021-02-24,-1.6191176595178203,10,0.97912544,1.2236586
2021-03-11,0.6011536901203942,21,1.1928618,1.1528062
2021-02-10,0.19299515276067017,1,0.99932134,1.3544716
2021-02-15,1.8928086386037792,3,0.9914249,1.4456828
2021-02-17,-0.577884168501207,5,0.9898917,1.3448751
2021-02-25,1.6596990994376035,10,0.9930061,1.1988497
2021-03-12,1.7179923632977359,21,1.2077606,1.2329167
2021-02-12,-0.14508194410510464,1,0.995484,1.2572775
2021-02-16,1.2670279171466354,3,0.99990684,1.0465485
2021-02-18,-0.18536666196442406,5,0.9881994,1.2039745
2021-02-26,-4.06676287392598,10,1.135938,1.3539133
2021-03-15,0.16522081450469495,21,1.2076627,0.983027
2021-02-15,1.8928086386037792,1,0.9914249,1.4806676
2021-02-17,-0.577884168501207,3,0.9898917,1.2774067
2021-02-19,-0.7241704781705436,5,0.9926181,1.2337362
2021-03-01,2.3794268274143207,10,1.1652306,1.3133659
2021-03-16,0.5164164548974178,21,1.2075651,1.2256174
2021-02-16,1.2670279171466354,1,0.99990684,1.2313614
2021-02-18,-0.18536666196442406,3,0.9881994,1.391107
2021-02-22,0.45903457992946667,5,0.95014226,1.3228326
2021-03-02,-0.8644809553781196,10,1.1633483,1.1926832
2021-03-17,-0.02259452900166128,21,1.2078406,1.3874862
2021-02-17,-0.577884168501207,1,0.9898917,1.109909
2021-02-19,-0.7241704781705436,3,0.9926181,1.2115787
2021-02-24,-1.6191176595178203,5,0.97912544,1.0504291
2021-03-03,0.511911161212558,10,1.1641662,1.1803066
2021-03-18,1.005877397694786,21,1.2124704,0.9641093
2021-02-18,-0.18536666196442406,1,0.9881994,1.3389726
2021-02-22,0.45903457992946667,3,0.95014226,1.258992
2021-02-25,1.6596990994376035,5,0.9930061,1.2935838
2021-03-04,-2.150873619365935,10,1.2018355,1.2917114
2021-03-19,-1.4154800769261364,21,1.2294877,1.1418822
2021-02-19,-0.7241704781705436,1,0.9926181,1.3328155
2021-02-24,-1.6191176595178203,3,0.97912544,1.2301127
2021-02-26,-4.06676287392598,5,1.135938,1.2837265
2021-03-05,-0.22766585386194302,10,1.2018877,1.083447
2021-03-22,-2.095854901495476,21,1.2633581,1.161633
2021-02-22,0.45903457992946667,1,0.95014226,1.5505661
2021-02-25,1.6596990994376035,3,0.9930061,1.3705659
2021-03-01,2.3794268274143207,5,1.1652306,1.2327132
2021-03-08,-0.4203284050862498,10,1.1983752,1.3350812
2021-03-23,-0.6127928865392973,21,1.2576475,1.0897346
2021-02-24,-1.6191176595178203,1,0.97912544,1.1241019
2021-02-26,-4.06676287392598,3,1.135938,1.2512367
2021-03-02,-0.8644809553781196,5,1.1633483,1.221203
2021-03-09,0.9855838535411797,10,1.2019792,1.3706515
2021-03-24,-2.057165176363208,21,1.289335,1.1325488
2021-02-25,1.6596990994376035,1,0.9930061,1.3904752
2021-03-01,2.3794268274143207,3,1.1652306,1.6106898
2021-03-03,0.511911161212558,5,1.1641662,1.6576133
2021-03-10,0.029694886939013322,10,1.1923181,1.2964013
2021-03-25,1.1354250100448946,21,1.2949486,1.384497
2021-02-26,-4.06676287392598,1,1.135938,1.2915434
2021-03-02,-0.8644809553781196,3,1.1633483,1.2604551
2021-03-04,-2.150873619365935,5,1.2018355,1.3276027
2021-03-11,0.6011536901203942,10,1.1928618,1.4707401
2021-03-26,1.543269268846525,21,1.3076074,1.1494683
2021-03-01,2.3794268274143207,1,1.1652306,1.210957
2021-03-03,0.511911161212558,3,1.1641662,1.4525238
2021-03-05,-0.22766585386194302,5,1.2018877,1.333166
2021-03-12,1.7179923632977359,10,1.2077606,1.3404604
2021-03-29,0.7097570349673143,21,1.3073983,1.1569258
2021-03-02,-0.8644809553781196,1,1.1633483,1.1249566
2021-03-04,-2.150873619365935,3,1.2018355,1.1170275
2021-03-08,-0.4203284050862498,5,1.1983752,1.3501521
2021-03-15,0.16522081450469495,10,1.2076627,1.6847119
2021-03-30,0.16382854987038736,21,1.2664146,1.1342638
2021-03-03,0.511911161212558,1,1.1641662,1.3132514
2021-03-05,-0.22766585386194302,3,1.2018877,1.2664161
2021-03-09,0.9855838535411797,5,1.2019792,1.4928962
2021-03-16,0.5164164548974178,10,1.2075651,1.3127162
2021-03-31,-0.8663829646873903,21,1.2706585,1.2934655
2021-03-04,-2.150873619365935,1,1.2018355,1.2000232
2021-03-08,-0.4203284050862498,3,1.1983752,1.1261657
2021-03-10,0.029694886939013322,5,1.1923181,1.0731119
2021-03-17,-0.02259452900166128,10,1.2078406,1.6805723
2021-04-01,0.7173557032273948,21,1.2688923,1.1291631
2021-03-05,-0.22766585386194302,1,1.2018877,1.4154167
2021-03-09,0.9855838535411797,3,1.2019792,1.4096693
2021-03-11,0.6011536901203942,5,1.1928618,1.5220869
2021-03-18,1.005877397694786,10,1.2124704,1.2231464
2021-04-02,1.5702832212749571,21,1.2807449,1.379335
2021-03-08,-0.4203284050862498,1,1.1983752,1.4754635
2021-03-10,0.029694886939013322,3,1.1923181,1.5871569
2021-03-12,1.7179923632977359,5,1.2077606,1.2850798
2021-03-19,-1.4154800769261364,10,1.2294877,1.5294467
2021-04-05,0.7849130895940365,21,1.2812936,1.3194336
2021-03-09,0.9855838535411797,1,1.2019792,1.3277994
2021-03-11,0.6011536901203942,3,1.1928618,1.5582033
2021-03-15,0.16522081450469495,5,1.2076627,1.5956315
2021-03-22,-2.095854901495476,10,1.2633581,1.3344048
2021-04-06,-1.3134364811316044,21,1.2818156,1.1727375
2021-03-10,0.029694886939013322,1,1.1923181,1.2898253
2021-03-12,1.7179923632977359,3,1.2077606,1.326019
2021-03-16,0.5164164548974178,5,1.2075651,1.2404706
2021-03-23,-0.6127928865392973,10,1.2576475,1.3493112
2021-04-07,0.11495773140296585,21,1.2487211,1.2548953
2021-03-11,0.6011536901203942,1,1.1928618,1.7116103
2021-03-15,0.16522081450469495,3,1.2076627,1.6626974
2021-03-17,-0.02259452900166128,5,1.2078406,1.5544167
2021-03-24,-2.057165176363208,10,1.289335,1.1693366
2021-04-08,-0.07338048212700284,21,1.248903,1.3173364
2021-03-12,1.7179923632977359,1,1.2077606,1.2098228
2021-03-16,0.5164164548974178,3,1.2075651,1.1898941
2021-03-18,1.005877397694786,5,1.2124704,1.0097461
2021-03-25,1.1354250100448946,10,1.2949486,1.3774697
2021-04-09,0.19866522122663424,21,1.2428532,0.99560297
2021-03-15,0.16522081450469495,1,1.2076627,1.3846983
2021-03-17,-0.02259452900166128,3,1.2078406,1.5351164
2021-03-19,-1.4154800769261364,5,1.2294877,1.278423
2021-03-26,1.543269268846525,10,1.3076074,1.3362306
2021-04-12,-0.7733725505145719,21,1.243415,1.1193707
2021-03-16,0.5164164548974178,1,1.2075651,1.2687297
2021-03-18,1.005877397694786,3,1.2124704,1.1637523
2021-03-22,-2.095854901495476,5,1.2633581,1.0622894
2021-03-29,0.7097570349673143,10,1.3073983,1.2935125
2021-04-13,0.7180927671571392,21,1.2431723,1.1424165
2021-03-17,-0.02259452900166128,1,1.2078406,1.4605141
2021-03-19,-1.4154800769261364,3,1.2294877,1.1721365
2021-03-23,-0.6127928865392973,5,1.2576475,1.3200014
2021-03-30,0.16382854987038736,10,1.2664146,1.1288718
2021-04-14,-0.4399987610963052,21,1.2374384,1.327587
2021-03-18,1.005877397694786,1,1.2124704,1.2200699
2021-03-22,-2.095854901495476,3,1.2633581,1.029135
2021-03-24,-2.057165176363208,5,1.289335,0.9201513
2021-03-31,-0.8663829646873903,10,1.2706585,1.3635006
2021-04-15,0.07322940402658581,21,1.2256795,1.0239266
2021-03-19,-1.4154800769261364,1,1.2294877,1.2436279
2021-03-23,-0.6127928865392973,3,1.2576475,1.204856
2021-03-25,1.1354250100448946,5,1.2949486,1.1585401
2021-04-01,0.7173557032273948,10,1.2688923,1.3883448
2021-04-16,0.13713937800640774,21,1.2243319,1.1530544
2021-03-22,-2.095854901495476,1,1.2633581,0.84319305
2021-03-24,-2.057165176363208,3,1.289335,1.2301607
2021-03-26,1.543269268846525,5,1.3076074,1.2752378
2021-04-02,1.5702832212749571,10,1.2807449,1.1404233
2021-04-19,0.006737552653650502,21,1.2203895,0.9763512
2021-03-23,-0.6127928865392973,1,1.2576475,1.4208708
2021-03-25,1.1354250100448946,3,1.2949486,1.516898
2021-03-29,0.7097570349673143,5,1.3073983,1.4078206
2021-04-05,0.7849130895940365,10,1.2812936,1.4622644
2021-04-20,-1.9903040860196217,21,1.2471411,1.0615494
2021-03-24,-2.057165176363208,1,1.289335,1.4425584
2021-03-26,1.543269268846525,3,1.3076074,1.5038241
2021-03-30,0.16382854987038736,5,1.2664146,1.4297359
2021-04-06,-1.3134364811316044,10,1.2818156,1.2823238
2021-04-21,-2.0547192355169304,21,1.2727313,1.3089653
2021-03-25,1.1354250100448946,1,1.2949486,1.796209
2021-03-29,0.7097570349673143,3,1.3073983,1.6751686
2021-03-31,-0.8663829646873903,5,1.2706585,1.60004
2021-04-07,0.11495773140296585,10,1.2487211,1.430363
2021-04-22,2.35594178335133,21,1.3027498,1.3476881
2021-03-26,1.543269268846525,1,1.3076074,1.3515007
2021-03-30,0.16382854987038736,3,1.2664146,1.2438637
2021-04-01,0.7173557032273948,5,1.2688923,1.4626832
2021-04-08,-0.07338048212700284,10,1.248903,1.0932014
2021-04-23,-0.5756501522127115,21,1.3046157,0.8708398
2021-03-29,0.7097570349673143,1,1.3073983,1.225518
2021-03-31,-0.8663829646873903,3,1.2706585,1.4670004
2021-04-02,1.5702832212749571,5,1.2807449,1.2822068
2021-04-09,0.19866522122663424,10,1.2428532,1.384308
2021-04-26,0.3632172848478271,21,1.2890171,1.1658117
2021-03-30,0.16382854987038736,1,1.2664146,1.1306698
2021-04-01,0.7173557032273948,3,1.2688923,1.0297116
2021-04-05,0.7849130895940365,5,1.2812936,1.2112819
2021-04-12,-0.7733725505145719,10,1.243415,1.0828067
2021-04-27,-0.4623001586513099,21,1.2649007,1.0786195
2021-03-31,-0.8663829646873903,1,1.2706585,1.1594986
2021-04-02,1.5702832212749571,3,1.2807449,1.0299186
2021-04-06,-1.3134364811316044,5,1.2818156,0.8633878
2021-04-13,0.7180927671571392,10,1.2431723,1.3602114
2021-04-28,0.2139001829735949,21,1.2505461,0.8822182
2021-04-01,0.7173557032273948,1,1.2688923,1.3204275
2021-04-05,0.7849130895940365,3,1.2812936,1.0539597
2021-04-07,0.11495773140296585,5,1.2487211,1.3012214
2021-04-14,-0.4399987610963052,10,1.2374384,1.2505319
2021-04-30,-0.8341296587145778,21,1.2500114,1.2861587
2021-04-02,1.5702832212749571,1,1.2807449,1.169602
2021-04-06,-1.3134364811316044,3,1.2818156,0.9750548
2021-04-08,-0.07338048212700284,5,1.248903,1.2017511
2021-04-15,0.07322940402658581,10,1.2256795,1.1416622
2021-05-06,1.7843699949441083,21,1.2644185,1.2607512
2021-04-05,0.7849130895940365,1,1.2812936,1.3505049
2021-04-07,0.11495773140296585,3,1.2487211,1.3217145
2021-04-09,0.19866522122663424,5,1.2428532,1.1368327
2021-04-16,0.13713937800640774,10,1.2243319,1.2055373
2021-05-07,0.0901398499876391,21,1.2560266,1.1928365
2021-04-06,-1.3134364811316044,1,1.2818156,0.80808085
2021-04-08,-0.07338048212700284,3,1.248903,0.9506018
2021-04-12,-0.7733725505145719,5,1.243415,0.96705985
2021-04-19,0.006737552653650502,10,1.2203895,1.2602336
2021-05-10,0.5452798842562895,21,1.2428207,0.88004583
2021-04-07,0.11495773140296585,1,1.2487211,1.692843
2021-04-09,0.19866522122663424,3,1.2428532,1.3271029
2021-04-13,0.7180927671571392,5,1.2431723,1.3420322
2021-04-20,-1.9903040860196217,10,1.2471411,1.0785806
2021-05-11,-3.1304742876900318,21,1.2790931,1.3892521
2021-04-08,-0.07338048212700284,1,1.248903,1.1170987
2021-04-12,-0.7733725505145719,3,1.243415,1.007733
2021-04-14,-0.4399987610963052,5,1.2374384,1.2479832
2021-04-21,-2.0547192355169304,10,1.2727313,1.2155352
2021-05-12,-1.624812927882867,21,1.2937921,1.0402197
2021-04-09,0.19866522122663424,1,1.2428532,1.3844967
2021-04-13,0.7180927671571392,3,1.2431723,1.1810641
2021-04-15,0.07322940402658581,5,1.2256795,1.0341867
2021-04-22,2.35594178335133,10,1.3027498,1.0445061
2021-05-13,-2.5165226297273433,21,1.3309076,1.17435
2021-04-12,-0.7733725505145719,1,1.243415,1.0293279
2021-04-14,-0.4399987610963052,3,1.2374384,1.1898869
2021-04-16,0.13713937800640774,5,1.2243319,1.004143
2021-04-23,-0.5756501522127115,10,1.3046157,1.1651828
2021-05-14,2.2923118216324627,21,1.3669543,0.9270726
2021-04-13,0.7180927671571392,1,1.2431723,1.2537739
2021-04-15,0.07322940402658581,3,1.2256795,1.3701597
2021-04-19,0.006737552653650502,5,1.2203895,1.1583204
2021-04-26,0.3632172848478271,10,1.2890171,0.9237281
2021-05-17,-0.928798922177413,21,1.346204,0.9781908
2021-04-14,-0.4399987610963052,1,1.2374384,1.0168686
2021-04-16,0.13713937800640774,3,1.2243319,0.968474
2021-04-20,-1.9903040860196217,5,1.2471411,1.2398438
2021-04-27,-0.4623001586513099,10,1.2649007,1.2981689
2021-05-18,2.07011654015972,21,1.3642029,0.89949393
2021-04-15,0.07322940402658581,1,1.2256795,1.0965208
2021-04-19,0.006737552653650502,3,1.2203895,1.206747
2021-04-21,-2.0547192355169304,5,1.2727313,1.1862189
2021-04-28,0.2139001829735949,10,1.2505461,0.93063706
2021-05-19,-1.2839232167115469,21,1.3712748,1.0102804
2021-04-16,0.13713937800640774,1,1.2243319,1.1485496
2021-04-20,-1.9903040860196217,3,1.2471411,0.9526622
2021-04-22,2.35594178335133,5,1.3027498,1.0288427
2021-04-30,-0.8341296587145778,10,1.2500114,1.2646847
2021-05-20,0.19165732487862883,21,1.3718735,1.033999
2021-04-19,0.006737552653650502,1,1.2203895,1.139184
2021-04-21,-2.0547192355169304,3,1.2727313,1.0598959
2021-04-23,-0.5756501522127115,5,1.3046157,1.106405
2021-05-06,1.7843699949441083,10,1.2644185,1.1172749
2021-05-21,0.7784347534505128,21,1.3744112,0.9768225
2021-04-20,-1.9903040860196217,1,1.2471411,1.1487095
2021-04-22,2.35594178335133,3,1.3027498,0.83889997
2021-04-26,0.3632172848478271,5,1.2890171,0.9354002
2021-05-07,0.0901398499876391,10,1.2560266,1.4261312
2021-05-24,0.16505749557279956,21,1.372918,1.0323257
2021-04-21,-2.0547192355169304,1,1.2727313,1.1820071
2021-04-23,-0.5756501522127115,3,1.3046157,1.2332299
2021-04-27,-0.4623001586513099,5,1.2649007,1.5296746
2021-05-10,0.5452798842562895,10,1.2428207,1.1336457
2021-05-25,0.665412804526456,21,1.3617657,1.2467278
2021-04-22,2.35594178335133,1,1.3027498,1.1650963
2021-04-26,0.3632172848478271,3,1.2890171,1.0860983
2021-04-28,0.2139001829735949,5,1.2505461,1.3062959
2021-05-11,-3.1304742876900318,10,1.2790931,1.4115082
2021-05-26,0.3084439200343997,21,1.3438314,1.1441114
2021-04-23,-0.5756501522127115,1,1.3046157,1.3589467
2021-04-27,-0.4623001586513099,3,1.2649007,1.4989924
2021-04-30,-0.8341296587145778,5,1.2500114,1.3187567
2021-05-12,-1.624812927882867,10,1.2937921,1.3335916
2021-05-27,-0.3258535271921174,21,1.2387034,1.3120481
2021-04-26,0.3632172848478271,1,1.2890171,1.1136584
2021-04-28,0.2139001829735949,3,1.2505461,1.1010768
2021-05-06,1.7843699949441083,5,1.2644185,1.038306
2021-05-13,-2.5165226297273433,10,1.3309076,1.320914
2021-05-28,2.081242653053946,21,1.2294602,0.9844004
2021-04-27,-0.4623001586513099,1,1.2649007,1.4947124
2021-04-30,-0.8341296587145778,3,1.2500114,1.1829652
2021-05-07,0.0901398499876391,5,1.2560266,1.2651141
2021-05-14,2.2923118216324627,10,1.3669543,1.3125271
2021-05-31,-0.9975349763078862,21,1.2311114,1.1612737
2021-04-28,0.2139001829735949,1,1.2505461,1.0006064
2021-05-06,1.7843699949441083,3,1.2644185,1.1912796
2021-05-10,0.5452798842562895,5,1.2428207,1.0664655
2021-05-17,-0.928798922177413,10,1.346204,1.0300719
2021-06-01,-0.15861535851323869,21,1.2291381,1.029082
2021-04-30,-0.8341296587145778,1,1.2500114,1.2165437
2021-05-07,0.0901398499876391,3,1.2560266,1.0923877
2021-05-11,-3.1304742876900318,5,1.2790931,1.2846962
2021-05-18,2.07011654015972,10,1.3642029,1.2314019
2021-06-02,0.45637089212680565,21,1.1990571,1.131846
2021-05-06,1.7843699949441083,1,1.2644185,1.1937923
2021-05-10,0.5452798842562895,3,1.2428207,1.1301544
2021-05-12,-1.624812927882867,5,1.2937921,1.1885952
2021-05-19,-1.2839232167115469,10,1.3712748,0.92165136
2021-06-03,0.3860713277923094,21,1.1996917,1.082226
2021-05-07,0.0901398499876391,1,1.2560266,1.2363223
2021-05-11,-3.1304742876900318,3,1.2790931,1.0233027
2021-05-13,-2.5165226297273433,5,1.3309076,1.2634758
2021-05-20,0.19165732487862883,10,1.3718735,1.4506125
2021-06-04,-0.4020370577849924,21,1.1995826,1.0723906
2021-05-10,0.5452798842562895,1,1.2428207,0.9932382
2021-05-12,-1.624812927882867,3,1.2937921,0.9076499
2021-05-14,2.2923118216324627,5,1.3669543,1.3099414
2021-05-21,0.7784347534505128,10,1.3744112,0.983997
2021-06-07,0.2681840266470275,21,1.1932671,1.0245255
2021-05-11,-3.1304742876900318,1,1.2790931,1.1340603
2021-05-13,-2.5165226297273433,3,1.3309076,1.1331297
2021-05-17,-0.928798922177413,5,1.346204,0.99417293
2021-05-24,0.16505749557279956,10,1.372918,1.3242004
2021-06-08,-0.1920559333614385,21,1.1935154,0.9623885
2021-05-12,-1.624812927882867,1,1.2937921,1.1637928
2021-05-14,2.2923118216324627,3,1.3669543,1.3558551
2021-05-18,2.07011654015972,5,1.3642029,1.3916931
2021-05-25,0.665412804526456,10,1.3617657,1.0572631
2021-06-09,-0.3554206961905216,21,1.1916797,1.1001546
2021-05-13,-2.5165226297273433,1,1.3309076,1.5466474
2021-05-17,-0.928798922177413,3,1.346204,1.4271203
2021-05-19,-1.2839232167115469,5,1.3712748,1.2889612
2021-05-26,0.3084439200343997,10,1.3438314,1.3935506
2021-06-10,0.3381561350245831,21,1.1706978,1.244605
2021-05-14,2.2923118216324627,1,1.3669543,1.6557119
2021-05-18,2.07011654015972,3,1.3642029,1.6589334
2021-05-20,0.19165732487862883,5,1.3718735,1.7630014
2021-05-27,-0.3258535271921174,10,1.2387034,1.3708779
2021-06-11,-0.03395108991291482,21,1.1703794,1.4033381
2021-05-17,-0.928798922177413,1,1.346204,1.133867
2021-05-19,-1.2839232167115469,3,1.3712748,1.187148
2021-05-21,0.7784347534505128,5,1.3744112,1.2743835
2021-05-28,2.081242653053946,10,1.2294602,1.5012435
2021-06-14,0.7333309910626722,21,1.1724807,1.1478498
2021-05-18,2.07011654015972,1,1.3642029,1.506236
2021-05-20,0.19165732487862883,3,1.3718735,1.5777786
2021-05-24,0.16505749557279956,5,1.372918,1.6646364
2021-05-31,-0.9975349763078862,10,1.2311114,1.3591621
2021-06-15,0.9538816609720859,21,1.1795223,1.3110684
2021-05-19,-1.2839232167115469,1,1.3712748,1.0453703
2021-05-21,0.7784347534505128,3,1.3744112,1.0885042
2021-05-25,0.665412804526456,5,1.3617657,1.1545732
2021-06-01,-0.15861535851323869,10,1.2291381,1.5433822
2021-06-16,-0.5117842028160725,21,1.173263,1.0326264
2021-05-20,0.19165732487862883,1,1.3718735,1.8155429
2021-05-24,0.16505749557279956,3,1.372918,1.6900616
2021-05-26,0.3084439200343997,5,1.3438314,1.6708171
2021-06-02,0.45637089212680565,10,1.1990571,1.2959383
2021-06-17,-0.9352933029344779,21,1.1654152,1.4511458
2021-05-21,0.7784347534505128,1,1.3744112,1.2531265
2021-05-25,0.665412804526456,3,1.3617657,0.9458405
2021-05-27,-0.3258535271921174,5,1.2387034,1.2410092
2021-06-03,0.3860713277923094,10,1.1996917,1.6356244
2021-06-18,-0.1871257703292434,21,1.1340827,1.0316086
2021-05-24,0.16505749557279956,1,1.372918,1.8531295
2021-05-26,0.3084439200343997,3,1.3438314,1.4056388
2021-05-28,2.081242653053946,5,1.2294602,1.5172691
2021-06-04,-0.4020370577849924,10,1.1995826,1.3897231
2021-06-21,-3.346166427733329,21,1.2109207,1.5134978
2021-05-25,0.665412804526456,1,1.3617657,0.97485685
2021-05-27,-0.3258535271921174,3,1.2387034,1.0605569
2021-05-31,-0.9975349763078862,5,1.2311114,1.1971211
2021-06-07,0.2681840266470275,10,1.1932671,1.4156535
2021-06-22,3.0697559100797167,21,1.2477602,0.9827983
2021-05-26,0.3084439200343997,1,1.3438314,1.4995003
2021-05-28,2.081242653053946,3,1.2294602,1.1786598
2021-06-01,-0.15861535851323869,5,1.2291381,1.3641145
2021-06-08,-0.1920559333614385,10,1.1935154,1.1671616
2021-06-23,-0.03199581369753513,21,1.2392696,1.2556428
2021-05-27,-0.3258535271921174,1,1.2387034,1.0373782
2021-05-31,-0.9975349763078862,3,1.2311114,1.2645564
2021-06-02,0.45637089212680565,5,1.1990571,1.1808888
2021-06-09,-0.3554206961905216,10,1.1916797,1.2924343
2021-06-24,0.0011769455840640413,21,1.222779,1.0904111
2021-05-28,2.081242653053946,1,1.2294602,1.6030866
2021-06-01,-0.15861535851323869,3,1.2291381,1.3364532
2021-06-03,0.3860713277923094,5,1.1996917,1.4481971
2021-06-10,0.3381561350245831,10,1.1706978,1.063201
2021-06-25,0.65911378242274,21,1.2222861,1.3548495
2021-05-31,-0.9975349763078862,1,1.2311114,1.4618133
2021-06-02,0.45637089212680565,3,1.1990571,1.2449704
2021-06-04,-0.4020370577849924,5,1.1995826,1.2688007
2021-06-11,-0.03395108991291482,10,1.1703794,1.3982993
2021-06-28,-0.06249817457781078,21,1.2220641,1.216453
2021-06-01,-0.15861535851323869,1,1.2291381,1.5054364
2021-06-03,0.3860713277923094,3,1.1996917,1.7549388
2021-06-07,0.2681840266470275,5,1.1932671,1.5303519
2021-06-14,0.7333309910626722,10,1.1724807,1.2012682
2021-06-29,-0.8137189645178794,21,1.2214661,1.3811578
2021-06-02,0.45637089212680565,1,1.1990571,1.4062418
2021-06-04,-0.4020370577849924,3,1.1995826,1.244057
2021-06-08,-0.1920559333614385,5,1.1935154,1.2249963
2021-06-15,0.9538816609720859,10,1.1795223,1.41858
2021-06-30,-0.07318946017428575,21,1.2176237,1.3374001
2021-06-03,0.3860713277923094,1,1.1996917,1.4162849
2021-06-07,0.2681840266470275,3,1.1932671,1.5642484
2021-06-09,-0.3554206961905216,5,1.1916797,1.2555208
2021-06-16,-0.5117842028160725,10,1.173263,1.2341022
2021-07-01,-0.2938866048222011,21,1.1996391,1.2102684
2021-06-04,-0.4020370577849924,1,1.1995826,1.2022346
2021-06-08,-0.1920559333614385,3,1.1935154,1.091715
2021-06-10,0.3381561350245831,5,1.1706978,1.0590816
2021-06-17,-0.9352933029344779,10,1.1654152,1.3070881
2021-07-02,0.26522823753286995,21,1.1952647,1.0684462
2021-06-07,0.2681840266470275,1,1.1932671,1.5641301
2021-06-09,-0.3554206961905216,3,1.1916797,1.3562523
2021-06-11,-0.03395108991291482,5,1.1703794,1.3733797
2021-06-18,-0.1871257703292434,10,1.1340827,1.1536244
2021-07-05,-0.6451228583352792,21,1.1866009,1.1432307
2021-06-08,-0.1920559333614385,1,1.1935154,1.3495723
2021-06-10,0.3381561350245831,3,1.1706978,1.0716791
2021-06-14,0.7333309910626722,5,1.1724807,1.1427372
2021-06-21,-3.346166427733329,10,1.2109207,1.440591
2021-07-06,0.15730395605767095,21,1.186721,1.1691523
2021-06-09,-0.3554206961905216,1,1.1916797,1.3936121
2021-06-11,-0.03395108991291482,3,1.1703794,1.2758731
2021-06-15,0.9538816609720859,5,1.1795223,1.2637583
2021-06-22,3.0697559100797167,10,1.2477602,1.2235762
2021-07-07,-0.9691741978092623,21,1.192486,1.185023
2021-06-10,0.3381561350245831,1,1.1706978,1.2689197
2021-06-14,0.7333309910626722,3,1.1724807,1.1052192
2021-06-16,-0.5117842028160725,5,1.173263,1.0954983
2021-06-23,-0.03199581369753513,10,1.2392696,1.2593868
2021-07-08,-0.8813724986438511,21,1.1963989,1.1471255
2021-06-11,-0.03395108991291482,1,1.1703794,1.1362762
2021-06-15,0.9538816609720859,3,1.1795223,1.1259767
2021-06-17,-0.9352933029344779,5,1.1654152,1.4097314
2021-06-24,0.0011769455840640413,10,1.222779,1.1561155
2021-07-09,-0.6336599451575888,21,1.1951916,1.170345
2021-06-14,0.7333309910626722,1,1.1724807,1.1897043
2021-06-16,-0.5117842028160725,3,1.173263,1.0937351
2021-06-18,-0.1871257703292434,5,1.1340827,1.0254732
2021-06-25,0.65911378242274,10,1.2222861,1.173029
2021-07-12,2.2248514400057937,21,1.2278986,1.0783782
2021-06-15,0.9538816609720859,1,1.1795223,1.0956784
2021-06-17,-0.9352933029344779,3,1.1654152,1.1507215
2021-06-21,-3.346166427733329,5,1.2109207,1.3247504
2021-06-28,-0.06249817457781078,10,1.2220641,1.3811946
2021-07-13,0.5209571594742438,21,1.2292253,1.0500395
2021-06-16,-0.5117842028160725,1,1.173263,0.9766266
2021-06-18,-0.1871257703292434,3,1.1340827,1.082676
2021-06-22,3.0697559100797167,5,1.2477602,0.9681128
2021-06-29,-0.8137189645178794,10,1.2214661,1.0845146
2021-07-14,-0.3828934013407221,21,1.2298505,1.0436348
2021-06-17,-0.9352933029344779,1,1.1654152,1.0881507
2021-06-21,-3.346166427733329,3,1.2109207,1.1254858
2021-06-23,-0.03199581369753513,5,1.2392696,1.0746541
2021-06-30,-0.07318946017428575,10,1.2176237,1.4531018
2021-07-15,-1.1580878345444126,21,1.2376884,0.9948463
2021-06-18,-0.1871257703292434,1,1.1340827,1.1940279
2021-06-22,3.0697559100797167,3,1.2477602,1.0722251
2021-06-24,0.0011769455840640413,5,1.222779,1.2562796
2021-07-01,-0.2938866048222011,10,1.1996391,1.0713451
2021-07-16,-0.9808149852017133,21,1.2430598,1.2518246
2021-06-21,-3.346166427733329,1,1.2109207,1.3659805
2021-06-23,-0.03199581369753513,3,1.2392696,1.2532029
2021-06-25,0.65911378242274,5,1.2222861,1.3039545
2021-07-02,0.26522823753286995,10,1.1952647,1.3733999
2021-07-19,-1.258967954032401,21,1.2276728,1.3226458
2021-06-22,3.0697559100797167,1,1.2477602,1.1412761
2021-06-24,0.0011769455840640413,3,1.222779,1.4219394
2021-06-28,-0.06249817457781078,5,1.2220641,1.4225447
2021-07-05,-0.6451228583352792,10,1.1866009,1.2613385
2021-07-20,-0.9614018453835653,21,1.2058622,1.0364817
2021-06-23,-0.03199581369753513,1,1.2392696,1.3252175
2021-06-25,0.65911378242274,3,1.2222861,1.3178993
2021-06-29,-0.8137189645178794,5,1.2214661,1.5484492
2021-07-06,0.15730395605767095,10,1.186721,1.6228993
2021-07-21,0.5819128761092165,21,1.166559,1.271469
2021-06-24,0.0011769455840640413,1,1.222779,1.3008388
2021-06-28,-0.06249817457781078,3,1.2220641,1.3392259
2021-06-30,-0.07318946017428575,5,1.2176237,1.5104487
2021-07-07,-0.9691741978092623,10,1.192486,1.4074906
2021-07-26,1.0302814936121054,21,1.1737773,1.2616571
2021-06-25,0.65911378242274,1,1.2222861,1.4527063
2021-06-29,-0.8137189645178794,3,1.2214661,1.0687008
2021-07-01,-0.2938866048222011,5,1.1996391,1.0716593
2021-07-08,-0.8813724986438511,10,1.1963989,1.5518069
2021-07-27,0.49076452729591147,21,1.1746897,1.1702434
2021-06-28,-0.06249817457781078,1,1.2220641,1.5116441
2021-06-30,-0.07318946017428575,3,1.2176237,1.4385409
2021-07-02,0.26522823753286995,5,1.1952647,1.2531333
2021-07-09,-0.6336599451575888,10,1.1951916,1.1988786
2021-07-28,-1.3989333130215682,21,1.1861924,1.3089013
2021-06-29,-0.8137189645178794,1,1.2214661,1.2204192
2021-07-01,-0.2938866048222011,3,1.1996391,1.0270425
2021-07-05,-0.6451228583352792,5,1.1866009,1.2086632
2021-07-12,2.2248514400057937,10,1.2278986,1.2279761
2021-07-29,0.7252378989688959,21,1.1901925,1.1411376
2021-06-30,-0.07318946017428575,1,1.2176237,1.4504346
2021-07-02,0.26522823753286995,3,1.1952647,1.3876307
2021-07-06,0.15730395605767095,5,1.186721,1.5448539
2021-07-13,0.5209571594742438,10,1.2292253,1.2079544
2021-07-30,-1.8118026920449362,21,1.2073364,1.211108
2021-07-01,-0.2938866048222011,1,1.1996391,1.1922647
2021-07-05,-0.6451228583352792,3,1.1866009,1.1741335
2021-07-07,-0.9691741978092623,5,1.192486,1.2279394
2021-07-14,-0.3828934013407221,10,1.2298505,1.3897964
2021-08-02,1.8067620011191177,21,1.2079293,1.150025
2021-07-02,0.26522823753286995,1,1.1952647,1.5348197
2021-07-06,0.15730395605767095,3,1.186721,1.4974216
2021-07-08,-0.8813724986438511,5,1.1963989,1.4142416
2021-07-15,-1.1580878345444126,10,1.2376884,1.3117448
2021-08-03,-0.5022828913992152,21,1.2088485,1.4426057
2021-07-05,-0.6451228583352792,1,1.1866009,1.2803258
2021-07-07,-0.9691741978092623,3,1.192486,1.1202234
2021-07-09,-0.6336599451575888,5,1.1951916,1.1524447
2021-07-16,-0.9808149852017133,10,1.2430598,1.3928726
2021-08-04,-0.2091410386409923,21,1.2059389,1.0574454
2021-07-06,0.15730395605767095,1,1.186721,1.4817402
2021-07-08,-0.8813724986438511,3,1.1963989,1.4168085
2021-07-12,2.2248514400057937,5,1.2278986,1.4352516
2021-07-19,-1.258967954032401,10,1.2276728,1.3603486
2021-08-05,0.5208232184972246,21,1.1414909,1.2219858
2021-07-07,-0.9691741978092623,1,1.192486,1.4355922
2021-07-09,-0.6336599451575888,3,1.1951916,1.0737063
2021-07-13,0.5209571594742438,5,1.2292253,1.2205682
2021-07-20,-0.9614018453835653,10,1.2058622,1.3693712
2021-08-06,0.330956088373795,21,1.1236038,1.2680517
2021-07-08,-0.8813724986438511,1,1.1963989,1.5016596
2021-07-12,2.2248514400057937,3,1.2278986,1.4758366
2021-07-14,-0.3828934013407221,5,1.2298505,1.4272108
2021-07-21,0.5819128761092165,10,1.166559,1.2683471
2021-08-10,0.2445290817477156,21,1.0750971,1.3241032
2021-07-09,-0.6336599451575888,1,1.1951916,1.4472221
2021-07-13,0.5209571594742438,3,1.2292253,1.2196281
2021-07-15,-1.1580878345444126,5,1.2376884,1.3808771
2021-07-26,1.0302814936121054,10,1.1737773,1.4659545
2021-08-11,0.6517669295252524,21,1.0366703,1.1614621
2021-07-12,2.2248514400057937,1,1.2278986,1.5252265
2021-07-14,-0.3828934013407221,3,1.2298505,1.4432325
2021-07-16,-0.9808149852017133,5,1.2430598,1.4940703
2021-07-27,0.49076452729591147,10,1.1746897,1.3936796
2021-08-12,-0.19787725346217439,21,1.029853,1.3471626
2021-07-13,0.5209571594742438,1,1.2292253,1.4171426
2021-07-15,-1.1580878345444126,3,1.2376884,1.384389
2021-07-19,-1.258967954032401,5,1.2276728,1.3864717
2021-07-28,-1.3989333130215682,10,1.1861924,1.3116195
2021-08-13,-0.13526586468032203,21,0.9938554,1.12871
2021-07-14,-0.3828934013407221,1,1.2298505,1.4377505
2021-07-16,-0.9808149852017133,3,1.2430598,1.3468564
2021-07-20,-0.9614018453835653,5,1.2058622,1.2444481
2021-07-29,0.7252378989688959,10,1.1901925,1.3218817
2021-08-16,-1.6359217365856267,21,1.0024123,1.1411433
2021-07-15,-1.1580878345444126,1,1.2376884,1.3157063
2021-07-19,-1.258967954032401,3,1.2276728,1.2199957
2021-07-21,0.5819128761092165,5,1.166559,1.1539762
2021-07-30,-1.8118026920449362,10,1.2073364,1.24774
2021-08-17,-0.35931959953483056,21,1.0028591,1.0767577
2021-07-16,-0.9808149852017133,1,1.2430598,1.5156653
2021-07-20,-0.9614018453835653,3,1.2058622,1.2213827
2021-07-26,1.0302814936121054,5,1.1737773,1.4568841
2021-08-02,1.8067620011191177,10,1.2079293,1.2372686
2021-08-18,0.5869434607505339,21,1.0005108,1.2189665
2021-07-19,-1.258967954032401,1,1.2276728,1.4939123
2021-07-21,0.5819128761092165,3,1.166559,1.3467315
2021-07-27,0.49076452729591147,5,1.1746897,1.428544
2021-08-03,-0.5022828913992152,10,1.2088485,1.224078
2021-08-19,-1.1108423032734374,21,1.0095184,1.3100541
2021-07-20,-0.9614018453835653,1,1.2058622,1.3994582
2021-07-26,1.0302814936121054,3,1.1737773,1.5346059
2021-07-28,-1.3989333130215682,5,1.1861924,1.5976803
2021-08-04,-0.2091410386409923,10,1.2059389,1.429265
2021-08-20,-0.9869231383713796,21,1.0117928,1.2928796
2021-07-21,0.5819128761092165,1,1.166559,1.563335
2021-07-27,0.49076452729591147,3,1.1746897,1.4095631
2021-07-29,0.7252378989688959,5,1.1901925,1.5447268
2021-08-05,0.5208232184972246,10,1.1414909,1.3841336
2021-08-23,1.7649050341704546,21,1.0386876,1.2589569
2021-07-26,1.0302814936121054,1,1.1737773,1.4956543
2021-07-28,-1.3989333130215682,3,1.1861924,1.3897797
2021-07-30,-1.8118026920449362,5,1.2073364,1.3669951
2021-08-06,0.330956088373795,10,1.1236038,1.6083097
2021-08-24,0.8614036217756317,21,1.0449853,1.1716552
2021-07-27,0.49076452729591147,1,1.1746897,1.5067768
2021-07-29,0.7252378989688959,3,1.1901925,1.1681536
2021-08-02,1.8067620011191177,5,1.2079293,1.420607
2021-08-10,0.2445290817477156,10,1.0750971,1.3617661
2021-08-25,-0.02632252475609676,21,1.0069151,1.3784206
2021-07-28,-1.3989333130215682,1,1.1861924,1.3317621
2021-07-30,-1.8118026920449362,3,1.2073364,1.1411712
2021-08-03,-0.5022828913992152,5,1.2088485,1.2852725
2021-08-11,0.6517669295252524,10,1.0366703,1.3560362
2021-08-26,0.06305822742371234,21,0.9998822,1.2066351
2021-07-29,0.7252378989688959,1,1.1901925,1.5799202
2021-08-02,1.8067620011191177,3,1.2079293,1.4748797
2021-08-04,-0.2091410386409923,5,1.2059389,1.501949
2021-08-12,-0.19787725346217439,10,1.029853,1.3412927
2021-08-27,-0.3652664724108607,21,1.0005629,1.3655909
2021-07-30,-1.8118026920449362,1,1.2073364,1.5024071
2021-08-03,-0.5022828913992152,3,1.2088485,1.3090755
2021-08-05,0.5208232184972246,5,1.1414909,1.2575885
2021-08-13,-0.13526586468032203,10,0.9938554,1.6235273
2021-08-30,0.5345395700230887,21,1.0013095,1.2518059
2021-08-02,1.8067620011191177,1,1.2079293,1.3458046
2021-08-04,-0.2091410386409923,3,1.2059389,1.5536413
2021-08-06,0.330956088373795,5,1.1236038,1.5663444
2021-08-16,-1.6359217365856267,10,1.0024123,1.317226
2021-08-31,1.0746570738683245,21,1.0105057,1.1395395
2021-08-03,-0.5022828913992152,1,1.2088485,1.2980766
2021-08-05,0.5208232184972246,3,1.1414909,1.2384158
2021-08-10,0.2445290817477156,5,1.0750971,1.3906308
2021-08-17,-0.35931959953483056,10,1.0028591,1.598407
2021-09-01,1.2786764154403587,21,1.0239704,1.222745
2021-08-04,-0.2091410386409923,1,1.2059389,1.4091756
2021-08-06,0.330956088373795,3,1.1236038,1.5556626
2021-08-11,0.6517669295252524,5,1.0366703,1.355586
2021-08-18,0.5869434607505339,10,1.0005108,1.0724878
2021-09-02,0.3245585732725079,21,1.024273,1.2773907
2021-08-05,0.5208232184972246,1,1.1414909,1.4447466
2021-08-10,0.2445290817477156,3,1.0750971,1.1342347
2021-08-12,-0.19787725346217439,5,1.029853,1.1221232
2021-08-19,-1.1108423032734374,10,1.0095184,1.399239
2021-09-03,2.0274084284826546,21,1.0577612,0.9689964
2021-08-06,0.330956088373795,1,1.1236038,1.5288776
2021-08-11,0.6517669295252524,3,1.0366703,1.2400321
2021-08-13,-0.13526586468032203,5,0.9938554,1.3416948
2021-08-20,-0.9869231383713796,10,1.0117928,0.9977193
2021-09-06,1.8091983232443483,21,1.0817482,1.4101615
2021-08-10,0.2445290817477156,1,1.0750971,1.1144284
2021-08-12,-0.19787725346217439,3,1.029853,1.0601115
2021-08-16,-1.6359217365856267,5,1.0024123,1.1345307
2021-08-23,1.7649050341704546,10,1.0386876,1.3587558
2021-09-07,0.8602505903672443,21,1.0862327,1.0001408
2021-08-11,0.6517669295252524,1,1.0366703,1.278616
2021-08-13,-0.13526586468032203,3,0.9938554,1.144817
2021-08-17,-0.35931959953483056,5,1.0028591,1.1756343
2021-08-24,0.8614036217756317,10,1.0449853,1.1951413
2021-09-08,0.8821421394828346,21,1.0913984,1.1275966
2021-08-12,-0.19787725346217439,1,1.029853,0.8785107
2021-08-16,-1.6359217365856267,3,1.0024123,1.1170131
2021-08-18,0.5869434607505339,5,1.0005108,1.0477971
2021-08-25,-0.02632252475609676,10,1.0069151,1.2277204
2021-09-09,-0.5749250194810136,21,1.0909795,1.0120076
2021-08-13,-0.13526586468032203,1,0.9938554,1.3311114
2021-08-17,-0.35931959953483056,3,1.0028591,1.0065193
2021-08-19,-1.1108423032734374,5,1.0095184,1.3033308
2021-08-26,0.06305822742371234,10,0.9998822,1.0052977
2021-09-10,1.237473017240013,21,1.0955765,1.0573722
2021-08-16,-1.6359217365856267,1,1.0024123,1.1351805
2021-08-18,0.5869434607505339,3,1.0005108,0.898054
2021-08-20,-0.9869231383713796,5,1.0117928,0.8956015
2021-08-27,-0.3652664724108607,10,1.0005629,1.2429054
2021-09-13,0.21545347479647814,21,1.0932493,1.0553768
2021-08-17,-0.35931959953483056,1,1.0028591,1.4196047
2021-08-19,-1.1108423032734374,3,1.0095184,1.4803472
2021-08-23,1.7649050341704546,5,1.0386876,1.5198897
2021-08-30,0.5345395700230887,10,1.0013095,1.264025
2021-09-14,0.7288634799050682,21,1.0885535,1.3836961
2021-08-18,0.5869434607505339,1,1.0005108,1.2555145
2021-08-20,-0.9869231383713796,3,1.0117928,0.9861246
2021-08-24,0.8614036217756317,5,1.0449853,1.2204957
2021-08-31,1.0746570738683245,10,1.0105057,1.2926391
2021-09-15,-0.5177650818119581,21,1.0908264,1.0335376
2021-08-19,-1.1108423032734374,1,1.0095184,1.414072
2021-08-23,1.7649050341704546,3,1.0386876,1.2909232
2021-08-25,-0.02632252475609676,5,1.0069151,1.3667057
2021-09-01,1.2786764154403587,10,1.0239704,1.4107488
2021-09-16,-0.619286721580175,21,0.9982513,1.3125408
2021-08-20,-0.9869231383713796,1,1.0117928,0.95963407
2021-08-24,0.8614036217756317,3,1.0449853,1.1435956
2021-08-26,0.06305822742371234,5,0.9998822,1.3069303
2021-09-02,0.3245585732725079,10,1.024273,1.3441449
2021-09-17,0.5810640705257573,21,0.92299145,1.0947223
2021-08-23,1.7649050341704546,1,1.0386876,1.5611012
2021-08-25,-0.02632252475609676,3,1.0069151,1.3833514
2021-08-27,-0.3652664724108607,5,1.0005629,1.2827117
2021-09-03,2.0274084284826546,10,1.0577612,1.3200444
2021-09-21,-2.188826036345549,21,0.9687196,1.2118177
2021-08-24,0.8614036217756317,1,1.0449853,1.1061459
2021-08-26,0.06305822742371234,3,0.9998822,1.3945282
2021-08-30,0.5345395700230887,5,1.0013095,1.1919212
2021-09-06,1.8091983232443483,10,1.0817482,1.3432888
2021-09-22,-0.6735517720277217,21,0.97325814,1.0681216
2021-08-25,-0.02632252475609676,1,1.0069151,1.2456274
2021-08-27,-0.3652664724108607,3,1.0005629,1.2252871
2021-08-31,1.0746570738683245,5,1.0105057,1.191934
2021-09-07,0.8602505903672443,10,1.0862327,1.0412316
2021-09-24,2.035229245204249,21,1.0037472,1.123438
2021-08-26,0.06305822742371234,1,0.9998822,1.3137794
2021-08-30,0.5345395700230887,3,1.0013095,1.1881784
2021-09-01,1.2786764154403587,5,1.0239704,0.97313726
2021-09-08,0.8821421394828346,10,1.0913984,1.2155926
2021-09-27,-0.028930941850344203,21,1.0036834,1.0092515
2021-08-27,-0.3652664724108607,1,1.0005629,1.2100177
2021-08-31,1.0746570738683245,3,1.0105057,1.1317269
2021-09-02,0.3245585732725079,5,1.024273,1.1761632
2021-09-09,-0.5749250194810136,10,1.0909795,1.2495072
2021-09-28,-0.1856865005535862,21,0.997599,1.1232846
2021-08-30,0.5345395700230887,1,1.0013095,1.1635534
2021-09-01,1.2786764154403587,3,1.0239704,0.9992975
2021-09-03,2.0274084284826546,5,1.0577612,1.3033854
2021-09-10,1.237473017240013,10,1.0955765,1.2443835
2021-09-29,-2.1420226877342357,21,1.0378371,1.1775554
2021-08-31,1.0746570738683245,1,1.0105057,1.1048012
2021-09-02,0.3245585732725079,3,1.024273,1.15169
2021-09-06,1.8091983232443483,5,1.0817482,1.1276592
2021-09-13,0.21545347479647814,10,1.0932493,1.2693666
2021-09-30,-0.31062277333986776,21,1.0379314,1.0748292
2021-09-01,1.2786764154403587,1,1.0239704,1.0779881
2021-09-03,2.0274084284826546,3,1.0577612,1.0425335
2021-09-07,0.8602505903672443,5,1.0862327,1.065111
2021-09-14,0.7288634799050682,10,1.0885535,1.3209448
2021-10-01,-2.3413854652108204,21,1.0820735,1.1548336
2021-09-02,0.3245585732725079,1,1.024273,1.0741423
2021-09-06,1.8091983232443483,3,1.0817482,1.2564666
2021-09-08,0.8821421394828346,5,1.0913984,1.0100263
2021-09-15,-0.5177650818119581,10,1.0908264,1.3234189
2021-10-04,-1.140182619694275,21,1.0889362,0.9585125
2021-09-03,2.0274084284826546,1,1.0577612,1.1507639
2021-09-07,0.8602505903672443,3,1.0862327,0.9928051
2021-09-09,-0.5749250194810136,5,1.0909795,1.0362029
2021-09-16,-0.619286721580175,10,0.9982513,1.0988626
2021-10-05,-2.2137196182099124,21,1.1252177,1.0396924
2021-09-06,1.8091983232443483,1,1.0817482,1.0335997
2021-09-08,0.8821421394828346,3,1.0913984,1.094077
2021-09-10,1.237473017240013,5,1.0955765,1.0186552
2021-09-17,0.5810640705257573,10,0.92299145,0.9931805
2021-10-06,-1.0596115909996242,21,1.1265317,1.0705199
2021-09-07,0.8602505903672443,1,1.0862327,1.2524873
2021-09-09,-0.5749250194810136,3,1.0909795,0.9784099
2021-09-13,0.21545347479647814,5,1.0932493,0.9752739
2021-09-21,-2.188826036345549,10,0.9687196,0.9818659
2021-10-07,0.541025393639979,21,1.1237023,1.0045019
2021-09-08,0.8821421394828346,1,1.0913984,0.9170908
2021-09-10,1.237473017240013,3,1.0955765,0.9559061
2021-09-14,0.7288634799050682,5,1.0885535,1.050132
2021-09-22,-0.6735517720277217,10,0.97325814,1.1487484
2021-10-08,1.3305327196387935,21,1.1342691,0.84250224
2021-09-09,-0.5749250194810136,1,1.0909795,0.93885255
2021-09-13,0.21545347479647814,3,1.0932493,0.8768838
2021-09-15,-0.5177650818119581,5,1.0908264,1.0506009
2021-09-24,2.035229245204249,10,1.0037472,1.1005573
2021-10-11,1.5890077875144664,21,1.1160151,0.960397
2021-09-10,1.237473017240013,1,1.0955765,0.9553915
2021-09-14,0.7288634799050682,3,1.0885535,0.8670788
2021-09-16,-0.619286721580175,5,0.9982513,1.0382047
2021-09-27,-0.028930941850344203,10,1.0036834,1.0440235
2021-10-12,-0.9434071860250091,21,1.1203408,0.8792953
2021-09-13,0.21545347479647814,1,1.0932493,1.18467
2021-09-15,-0.5177650818119581,3,1.0908264,0.9923721
2021-09-17,0.5810640705257573,5,0.92299145,0.8037352
2021-09-28,-0.1856865005535862,10,0.997599,1.1745931
2021-10-13,-0.32048512119913436,21,1.1200352,0.95787495
2021-09-14,0.7288634799050682,1,1.0885535,1.0034885
2021-09-16,-0.619286721580175,3,0.9982513,0.95627546
2021-09-21,-2.188826036345549,5,0.9687196,0.86845064
2021-09-29,-2.1420226877342357,10,1.0378371,1.1005521
2021-10-14,1.4487522157883923,21,1.1259805,0.8675289
2021-09-15,-0.5177650818119581,1,1.0908264,1.1716311
2021-09-17,0.5810640705257573,3,0.92299145,0.9263121
2021-09-22,-0.6735517720277217,5,0.97325814,0.9061113
2021-09-30,-0.31062277333986776,10,1.0379314,0.9184722
2021-10-15,1.7970116343966165,21,1.1413058,0.9601177
2021-09-16,-0.619286721580175,1,0.9982513,1.1205614
2021-09-21,-2.188826036345549,3,0.9687196,0.9490072
2021-09-24,2.035229245204249,5,1.0037472,1.0331831
2021-10-01,-2.3413854652108204,10,1.0820735,1.0003647
2021-10-18,-0.14862072367747253,21,1.1284493,1.060013
2021-09-17,0.5810640705257573,1,0.92299145,1.3509436
2021-09-22,-0.6735517720277217,3,0.97325814,1.2583183
2021-09-27,-0.028930941850344203,5,1.0036834,1.2590151
2021-10-04,-1.140182619694275,10,1.0889362,1.0835483
2021-10-19,0.6526650715115639,21,1.1224072,1.1176777
2021-09-21,-2.188826036345549,1,0.9687196,1.2438369
2021-09-24,2.035229245204249,3,1.0037472,1.3183277
2021-09-28,-0.1856865005535862,5,0.997599,1.1326395
2021-10-05,-2.2137196182099124,10,1.1252177,1.2243576
2021-10-20,0.1369267093644006,21,1.1206892,1.0828991
2021-09-22,-0.6735517720277217,1,0.97325814,1.1871015
2021-09-27,-0.028930941850344203,3,1.0036834,1.6746037
2021-09-29,-2.1420226877342357,5,1.0378371,1.4829221
2021-10-06,-1.0596115909996242,10,1.1265317,1.3472612
2021-10-21,-1.8873290460238483,21,1.1427312,1.1024224
2021-09-24,2.035229245204249,1,1.0037472,1.4318964
2021-09-28,-0.1856865005535862,3,0.997599,1.1633353
2021-09-30,-0.31062277333986776,5,1.0379314,1.3982426
2021-10-07,0.541025393639979,10,1.1237023,1.3906757
2021-10-22,0.3347726667770635,21,1.1418922,1.2679799
2021-09-27,-0.028930941850344203,1,1.0036834,1.3645108
2021-09-29,-2.1420226877342357,3,1.0378371,1.5729135
2021-10-01,-2.3413854652108204,5,1.0820735,1.1397904
2021-10-08,1.3305327196387935,10,1.1342691,1.4549286
2021-10-25,-0.7122703329841217,21,1.1305189,1.2111242
2021-09-28,-0.1856865005535862,1,0.997599,1.2758893
2021-09-30,-0.31062277333986776,3,1.0379314,1.0984613
2021-10-04,-1.140182619694275,5,1.0889362,1.3023218
2021-10-11,1.5890077875144664,10,1.1160151,1.4464531
2021-10-26,1.7523615159790717,21,1.1483912,1.2043291
2021-09-29,-2.1420226877342357,1,1.0378371,1.4300202
2021-10-01,-2.3413854652108204,3,1.0820735,1.2253151
2021-10-05,-2.2137196182099124,5,1.1252177,1.2036606
2021-10-12,-0.9434071860250091,10,1.1203408,1.3197068
2021-10-27,-0.026697470704107457,21,1.12142,1.2763096
2021-09-30,-0.31062277333986776,1,1.0379314,1.3987763
2021-10-04,-1.140182619694275,3,1.0889362,1.1699347
2021-10-06,-1.0596115909996242,5,1.1265317,1.2997019
2021-10-13,-0.32048512119913436,10,1.1200352,1.4880593
2021-10-28,-0.9604991327044019,21,1.1071562,1.2472504
2021-10-01,-2.3413854652108204,1,1.0820735,1.3627032
2021-10-05,-2.2137196182099124,3,1.1252177,1.2969593
2021-10-07,0.541025393639979,5,1.1237023,1.4271922
2021-10-14,1.4487522157883923,10,1.1259805,1.4490484
2021-10-29,0.25158950428011473,21,1.1049285,1.3426002
2021-10-04,-1.140182619694275,1,1.0889362,1.383271
2021-10-06,-1.0596115909996242,3,1.1265317,1.4576887
2021-10-08,1.3305327196387935,5,1.1342691,1.457725
2021-10-15,1.7970116343966165,10,1.1413058,1.5167445
2021-11-01,2.5775037916675463,21,1.1504636,1.3007072
2021-10-05,-2.2137196182099124,1,1.1252177,1.3473924
2021-10-07,0.541025393639979,3,1.1237023,1.5106546
2021-10-11,1.5890077875144664,5,1.1160151,1.6340111
2021-10-18,-0.14862072367747253,10,1.1284493,1.5867647
2021-11-02,-0.426514063122166,21,1.1513726,1.2373525
2021-10-06,-1.0596115909996242,1,1.1265317,1.6512127
2021-10-08,1.3305327196387935,3,1.1342691,1.9859078
2021-10-12,-0.9434071860250091,5,1.1203408,1.6192136
2021-10-19,0.6526650715115639,10,1.1224072,1.4779837
2021-11-04,0.9220920339970456,21,1.1558644,1.3460916
2021-10-07,0.541025393639979,1,1.1237023,1.6341548
2021-10-11,1.5890077875144664,3,1.1160151,1.8987786
2021-10-13,-0.32048512119913436,5,1.1200352,1.7998873
2021-10-20,0.1369267093644006,10,1.1206892,1.6198959
2021-11-05,-0.6154246755879189,21,1.1595476,1.5002906
2021-10-08,1.3305327196387935,1,1.1342691,1.6815295
2021-10-12,-0.9434071860250091,3,1.1203408,1.8121897
2021-10-14,1.4487522157883923,5,1.1259805,1.8410118
2021-10-21,-1.8873290460238483,10,1.1427312,1.4243866
2021-11-08,-0.3535929567203997,21,1.1587019,1.4807594
2021-10-11,1.5890077875144664,1,1.1160151,1.3776876
2021-10-13,-0.32048512119913436,3,1.1200352,1.4737883
2021-10-15,1.7970116343966165,5,1.1413058,1.542695
2021-10-22,0.3347726667770635,10,1.1418922,1.8275344
2021-11-09,-0.7538065190402807,21,1.1632015,1.1415211
2021-10-12,-0.9434071860250091,1,1.1203408,1.3912711
2021-10-14,1.4487522157883923,3,1.1259805,1.4884167
2021-10-18,-0.14862072367747253,5,1.1284493,1.6680716
2021-10-25,-0.7122703329841217,10,1.1305189,1.569064
2021-11-10,-0.6120066557498877,21,1.1662787,1.3259097
2021-10-13,-0.32048512119913436,1,1.1200352,1.4277924
2021-10-15,1.7970116343966165,3,1.1413058,1.6134979
2021-10-19,0.6526650715115639,5,1.1224072,1.5394665
2021-10-26,1.7523615159790717,10,1.1483912,1.6400719
2021-11-11,0.5860465069668976,21,1.1464309,1.3249356
2021-10-14,1.4487522157883923,1,1.1259805,1.6904947
2021-10-18,-0.14862072367747253,3,1.1284493,1.245622
2021-10-20,0.1369267093644006,5,1.1206892,1.6652002
2021-10-27,-0.026697470704107457,10,1.12142,1.7141864
2021-11-12,1.1279575044773713,21,1.1523287,1.4333497
2021-10-15,1.7970116343966165,1,1.1413058,1.4724456
2021-10-19,0.6526650715115639,3,1.1224072,1.6497537
2021-10-21,-1.8873290460238483,5,1.1427312,1.3354174
2021-10-28,-0.9604991327044019,10,1.1071562,1.6189451
2021-11-15,0.5618440363517875,21,1.1521637,1.5336941
2021-10-18,-0.14862072367747253,1,1.1284493,1.5059037
2021-10-20,0.1369267093644006,3,1.1206892,1.6407405
2021-10-22,0.3347726667770635,5,1.1418922,1.5140351
2021-10-29,0.25158950428011473,10,1.1049285,1.5334152
2021-11-16,0.10512177342896392,21,1.1406516,1.222857
2021-10-19,0.6526650715115639,1,1.1224072,1.5152891
2021-10-21,-1.8873290460238483,3,1.1427312,1.3600894
2021-10-25,-0.7122703329841217,5,1.1305189,1.5259663
2021-11-01,2.5775037916675463,10,1.1504636,1.4484398
2021-11-17,-0.40267688555051756,21,1.1332718,1.3272637
2021-10-20,0.1369267093644006,1,1.1206892,1.6050779
2021-10-22,0.3347726667770635,3,1.1418922,1.6498278
2021-10-26,1.7523615159790717,5,1.1483912,1.56354
2021-11-02,-0.426514063122166,10,1.1513726,1.367253
2021-11-18,-0.30249466163175265,21,1.1148467,1.3977796
2021-10-21,-1.8873290460238483,1,1.1427312,1.5231501
2021-10-25,-0.7122703329841217,3,1.1305189,1.0648117
2021-10-27,-0.026697470704107457,5,1.12142,1.3552788
2021-11-04,0.9220920339970456,10,1.1558644,1.3374288
2021-11-19,0.49611746208131585,21,1.1117386,1.184256
2021-10-22,0.3347726667770635,1,1.1418922,1.611557
2021-10-26,1.7523615159790717,3,1.1483912,1.7741761
2021-10-28,-0.9604991327044019,5,1.1071562,1.4766212
2021-11-05,-0.6154246755879189,10,1.1595476,1.1445786
2021-11-22,0.09489330204217859,21,1.1115842,1.3497945
2021-10-25,-0.7122703329841217,1,1.1305189,1.3174639
2021-10-27,-0.026697470704107457,3,1.12142,1.2113425
2021-10-29,0.25158950428011473,5,1.1049285,1.4768733
2021-11-08,-0.3535929567203997,10,1.1587019,1.1856109
2021-11-24,-1.5960900737674866,21,1.1334182,1.1785563
2021-10-26,1.7523615159790717,1,1.1483912,1.6323714
2021-10-28,-0.9604991327044019,3,1.1071562,1.6973162
2021-11-01,2.5775037916675463,5,1.1504636,1.4484937
2021-11-09,-0.7538065190402807,10,1.1632015,1.0951536
2021-11-25,0.668753021540495,21,1.1342208,1.272857
2021-10-27,-0.026697470704107457,1,1.12142,1.3942139
2021-10-29,0.25158950428011473,3,1.1049285,1.3943549
2021-11-02,-0.426514063122166,5,1.1513726,1.2570844
2021-11-10,-0.6120066557498877,10,1.1662787,1.4182543
2021-11-26,-2.5671748840588373,21,1.1840603,1.1270032
2021-10-28,-0.9604991327044019,1,1.1071562,1.1459529
2021-11-01,2.5775037916675463,3,1.1504636,1.373784
2021-11-04,0.9220920339970456,5,1.1558644,1.2298026
2021-11-11,0.5860465069668976,10,1.1464309,1.1018584
2021-11-29,-1.640064107077229,21,1.1963085,1.0657632
2021-10-29,0.25158950428011473,1,1.1049285,1.5861262
2021-11-02,-0.426514063122166,3,1.1513726,1.3014371
2021-11-05,-0.6154246755879189,5,1.1595476,1.4483099
2021-11-12,1.1279575044773713,10,1.1523287,1.380498
2021-11-30,-1.6475002612546574,21,1.2033983,1.2553926
2021-11-01,2.5775037916675463,1,1.1504636,1.5811315
2021-11-04,0.9220920339970456,3,1.1558644,1.2921231
2021-11-08,-0.3535929567203997,5,1.1587019,1.4920177
2021-11-15,0.5618440363517875,10,1.1521637,1.374431
2021-12-01,0.4084106372905949,21,1.2038743,1.3981642
2021-11-02,-0.426514063122166,1,1.1513726,1.4232591
2021-11-05,-0.6154246755879189,3,1.1595476,1.4081786
2021-11-09,-0.7538065190402807,5,1.1632015,1.0525001
2021-11-16,0.10512177342896392,10,1.1406516,1.4121149
2021-12-02,-0.6545302986172302,21,1.1754205,1.2356766
2021-11-04,0.9220920339970456,1,1.1558644,1.3111527
2021-11-08,-0.3535929567203997,3,1.1587019,1.169399
2021-11-10,-0.6120066557498877,5,1.1662787,1.3459936
2021-11-17,-0.40267688555051756,10,1.1332718,1.5295124
2021-12-03,0.9902792205819719,21,1.1577264,1.174592
2021-11-05,-0.6154246755879189,1,1.1595476,1.3043765
2021-11-09,-0.7538065190402807,3,1.1632015,1.2255808
2021-11-11,0.5860465069668976,5,1.1464309,1.3733841
2021-11-18,-0.30249466163175265,10,1.1148467,1.2561506
2021-12-06,-0.36528547313684,21,1.151395,1.40811
2021-11-08,-0.3535929567203997,1,1.1587019,1.4101566
2021-11-10,-0.6120066557498877,3,1.1662787,1.0850925
2021-11-12,1.1279575044773713,5,1.1523287,1.3270463
2021-11-19,0.49611746208131585,10,1.1117386,1.2225
2021-12-07,1.8737783260187897,21,1.1728624,1.2500794
2021-11-09,-0.7538065190402807,1,1.1632015,1.3006573
2021-11-11,0.5860465069668976,3,1.1464309,1.4380615
2021-11-15,0.5618440363517875,5,1.1521637,1.0527259
2021-11-22,0.09489330204217859,10,1.1115842,1.2360352
2021-12-08,1.4133042329316072,21,1.1871628,1.217209
2021-11-10,-0.6120066557498877,1,1.1662787,1.3528723
2021-11-12,1.1279575044773713,3,1.1523287,1.5477709
2021-11-16,0.10512177342896392,5,1.1406516,1.3803437
2021-11-24,-1.5960900737674866,10,1.1334182,1.255043
2021-12-09,-0.46937962273883216,21,1.1758195,1.2844129
2021-11-11,0.5860465069668976,1,1.1464309,1.3094981
2021-11-15,0.5618440363517875,3,1.1521637,1.3395681
2021-11-17,-0.40267688555051756,5,1.1332718,1.4187996
2021-11-25,0.668753021540495,10,1.1342208,1.3476075
2021-12-10,-1.0066035444097385,21,1.1809514,1.0731778
2021-11-12,1.1279575044773713,1,1.1523287,1.399681
2021-11-16,0.10512177342896392,3,1.1406516,1.394246
2021-11-18,-0.30249466163175265,5,1.1148467,1.2319604
2021-11-26,-2.5671748840588373,10,1.1840603,1.4443655
2021-12-13,0.7103284379749729,21,1.1807295,1.1648517
2021-11-15,0.5618440363517875,1,1.1521637,1.2411778
2021-11-17,-0.40267688555051756,3,1.1332718,1.418346
2021-11-19,0.49611746208131585,5,1.1117386,1.2550102
2021-11-29,-1.640064107077229,10,1.1963085,1.292493
2021-12-14,-0.728365607919103,21,1.182262,1.1953795
2021-11-16,0.10512177342896392,1,1.1406516,1.3241088
2021-11-18,-0.30249466163175265,3,1.1148467,1.241435
2021-11-22,0.09489330204217859,5,1.1115842,1.084206
2021-11-30,-1.6475002612546574,10,1.2033983,1.1615776
2021-12-15,0.09519759608479927,21,1.1807206,1.1737032
2021-11-17,-0.40267688555051756,1,1.1332718,1.1347778
2021-11-19,0.49611746208131585,3,1.1117386,1.0736979
2021-11-24,-1.5960900737674866,5,1.1334182,1.2008462
2021-12-01,0.4084106372905949,10,1.2038743,1.373236
2021-12-16,2.1090347371834293,21,1.2118517,0.94807255
2021-11-18,-0.30249466163175265,1,1.1148467,1.3552945
2021-11-22,0.09489330204217859,3,1.1115842,1.3180516
2021-11-25,0.668753021540495,5,1.1342208,1.3762152
2021-12-02,-0.6545302986172302,10,1.1754205,1.2171152
2021-12-17,-1.8074526100972919,21,1.2015612,1.2935692
2021-11-19,0.49611746208131585,1,1.1117386,1.2185698
2021-11-24,-1.5960900737674866,3,1.1334182,1.3886434
2021-11-26,-2.5671748840588373,5,1.1840603,1.3324103
2021-12-03,0.9902792205819719,10,1.1577264,1.3158559
2021-12-20,-2.1524612136679315,21,1.2289282,1.2519007
2021-11-22,0.09489330204217859,1,1.1115842,1.214399
2021-11-25,0.668753021540495,3,1.1342208,1.2580714
2021-11-29,-1.640064107077229,5,1.1963085,1.2838207
2021-12-06,-0.36528547313684,10,1.151395,1.4867296
2021-12-21,2.054009630890996,21,1.2294832,1.208018
2021-11-24,-1.5960900737674866,1,1.1334182,1.1656249
2021-11-26,-2.5671748840588373,3,1.1840603,1.2935901
2021-11-30,-1.6475002612546574,5,1.2033983,1.1130332
2021-12-07,1.8737783260187897,10,1.1728624,1.3289227
2021-12-22,0.1563463860373085,21,1.2298928,1.2160032
2021-11-25,0.668753021540495,1,1.1342208,1.2318343
2021-11-29,-1.640064107077229,3,1.1963085,1.1832931
2021-12-01,0.4084106372905949,5,1.2038743,1.3934611
2021-12-08,1.4133042329316072,10,1.1871628,1.351405
2021-12-23,0.8234210223792673,21,1.2355204,1.0668142
2021-11-26,-2.5671748840588373,1,1.1840603,1.2336607
2021-11-30,-1.6475002612546574,3,1.2033983,1.0356519
2021-12-02,-0.6545302986172302,5,1.1754205,1.2715827
2021-12-09,-0.46937962273883216,10,1.1758195,1.2121242
2021-12-24,-0.05480734447048661,21,1.205448,1.2033539
2021-11-29,-1.640064107077229,1,1.1963085,1.3584789
2021-12-01,0.4084106372905949,3,1.2038743,1.4278336
2021-12-03,0.9902792205819719,5,1.1577264,1.4222915
2021-12-10,-1.0066035444097385,10,1.1809514,1.182348
2021-12-27,-0.36940751890232454,21,1.2056926,1.2182472
2021-11-30,-1.6475002612546574,1,1.2033983,1.435854
2021-12-02,-0.6545302986172302,3,1.1754205,1.2799627
2021-12-06,-0.36528547313684,5,1.151395,1.4626535
2021-12-13,0.7103284379749729,10,1.1807295,1.3757699
2021-12-28,1.3601213916404693,21,1.1806133,1.1339626
2021-12-01,0.4084106372905949,1,1.2038743,1.5119225
2021-12-03,0.9902792205819719,3,1.1577264,1.6028798
2021-12-07,1.8737783260187897,5,1.1728624,1.5790329
2021-12-14,-0.728365607919103,10,1.182262,1.187148
2021-12-29,-0.559816496069642,21,1.1733253,1.2145734
2021-12-02,-0.6545302986172302,1,1.1754205,1.2801335
2021-12-06,-0.36528547313684,3,1.151395,1.2274728
2021-12-08,1.4133042329316072,5,1.1871628,1.3911006
2021-12-15,0.09519759608479927,10,1.1807206,1.4222629
2021-12-30,-0.39921277537056543,21,1.137432,1.1209248
2021-12-03,0.9902792205819719,1,1.1577264,1.3414491
2021-12-07,1.8737783260187897,3,1.1728624,1.4207387
2021-12-09,-0.46937962273883216,5,1.1758195,1.4132692
2021-12-16,2.1090347371834293,10,1.2118517,1.1039159
2022-01-04,1.7561043267339693,21,1.1486087,1.2494829
2021-12-06,-0.36528547313684,1,1.151395,1.2865825
2021-12-08,1.4133042329316072,3,1.1871628,1.1819841
2021-12-10,-1.0066035444097385,5,1.1809514,1.1721085
2021-12-17,-1.8074526100972919,10,1.2015612,1.5334812
2022-01-05,0.10359560244831843,21,1.1471752,0.98940337
2021-12-07,1.8737783260187897,1,1.1728624,1.4033918
2021-12-09,-0.46937962273883216,3,1.1758195,1.2122525
2021-12-13,0.7103284379749729,5,1.1807295,1.2945623
2021-12-20,-2.1524612136679315,10,1.2289282,1.1489655
2022-01-06,-2.920617786318567,21,1.1997569,1.2033418
2021-12-08,1.4133042329316072,1,1.1871628,1.2367511
2021-12-10,-1.0066035444097385,3,1.1809514,0.9574939
2021-12-14,-0.728365607919103,5,1.182262,1.3360124
2021-12-21,2.054009630890996,10,1.2294832,1.20671
2022-01-07,-0.03268098030335939,21,1.1820824,1.3489237
2021-12-09,-0.46937962273883216,1,1.1758195,1.3680989
2021-12-13,0.7103284379749729,3,1.1807295,1.1811278
2021-12-15,0.09519759608479927,5,1.1807206,1.2964098
2021-12-22,0.1563463860373085,10,1.2298928,1.1928141
2022-01-11,-0.9032702562802164,21,1.1815513,1.2351106
2021-12-10,-1.0066035444097385,1,1.1809514,1.1699245
2021-12-14,-0.728365607919103,3,1.182262,0.96193445
2021-12-16,2.1090347371834293,5,1.2118517,0.973173
2021-12-23,0.8234210223792673,10,1.2355204,1.5022398
2022-01-12,1.9063479926556044,21,1.206049,1.0201628
2021-12-13,0.7103284379749729,1,1.1807295,1.4268557
2021-12-15,0.09519759608479927,3,1.1807206,1.3786486
2021-12-17,-1.8074526100972919,5,1.2015612,1.5129793
2021-12-24,-0.05480734447048661,10,1.205448,1.1556661
2022-01-13,-0.9659678856499028,21,1.1983933,1.336172
2021-12-14,-0.728365607919103,1,1.182262,1.2299657
2021-12-16,2.1090347371834293,3,1.2118517,1.0887103
2021-12-20,-2.1524612136679315,5,1.2289282,1.1085603
2021-12-27,-0.36940751890232454,10,1.2056926,1.1095352
2022-01-14,-1.2889405981770352,21,1.1859614,1.1662464
2021-12-15,0.09519759608479927,1,1.1807206,1.3324422
2021-12-17,-1.8074526100972919,3,1.2015612,1.1968733
2021-12-21,2.054009630890996,5,1.2294832,1.2523121
2021-12-28,1.3601213916404693,10,1.1806133,1.2056737
2022-01-17,0.7412304295531441,21,1.1903272,1.1209679
2021-12-16,2.1090347371834293,1,1.2118517,1.1968279
2021-12-20,-2.1524612136679315,3,1.2289282,1.242622
2021-12-22,0.1563463860373085,5,1.2298928,1.0122311
2021-12-29,-0.559816496069642,10,1.1733253,1.0995106
2022-01-18,-0.26954776568830213,21,1.1871786,0.96982765
2021-12-17,-1.8074526100972919,1,1.2015612,1.3270983
2021-12-21,2.054009630890996,3,1.2294832,1.1302861
2021-12-23,0.8234210223792673,5,1.2355204,1.3678997
2021-12-30,-0.39921277537056543,10,1.137432,1.014016
2022-01-19,-2.835638702338303,21,1.2398645,1.0660081
2021-12-20,-2.1524612136679315,1,1.2289282,1.0783486
2021-12-22,0.1563463860373085,3,1.2298928,1.3088424
2021-12-24,-0.05480734447048661,5,1.205448,1.2078803
2022-01-04,1.7561043267339693,10,1.1486087,1.1503512
2022-01-20,1.1068119232152407,21,1.2271069,0.97324586
2021-12-21,2.054009630890996,1,1.2294832,1.4700615
2021-12-23,0.8234210223792673,3,1.2355204,1.2440746
2021-12-27,-0.36940751890232454,5,1.2056926,1.7356136
2022-01-05,0.10359560244831843,10,1.1471752,1.3282597
2022-01-21,-0.9066670773178458,21,1.23088,1.2343352
2021-12-22,0.1563463860373085,1,1.2298928,1.3074511
2021-12-24,-0.05480734447048661,3,1.205448,1.5980222
2021-12-28,1.3601213916404693,5,1.1806133,1.3053664
2022-01-06,-2.920617786318567,10,1.1997569,1.3258088
2022-01-24,0.23991526869546753,21,1.2286727,1.1833217
2021-12-23,0.8234210223792673,1,1.2355204,1.3583692
2021-12-27,-0.36940751890232454,3,1.2056926,1.3244833
2021-12-29,-0.559816496069642,5,1.1733253,1.1478772
2022-01-07,-0.03268098030335939,10,1.1820824,1.4047269
2022-01-25,-1.6704764448193508,21,1.2225423,1.0909076
2021-12-24,-0.05480734447048661,1,1.205448,1.1621541
2021-12-28,1.3601213916404693,3,1.1806133,1.0266926
2021-12-30,-0.39921277537056543,5,1.137432,1.1843736
2022-01-11,-0.9032702562802164,10,1.1815513,1.2398334
2022-01-26,-0.4433101002885202,21,1.2232032,0.8739551
2021-12-27,-0.36940751890232454,1,1.2056926,1.4017155
2021-12-29,-0.559816496069642,3,1.1733253,1.0958152
2022-01-04,1.7561043267339693,5,1.1486087,1.1002407
2022-01-12,1.9063479926556044,10,1.206049,1.3168961
2022-01-27,-3.1631200669648702,21,1.2804451,1.2276254
2021-12-28,1.3601213916404693,1,1.1806133,1.1036465
2021-12-30,-0.39921277537056543,3,1.137432,1.0961044
2022-01-05,0.10359560244831843,5,1.1471752,1.23348
2022-01-13,-0.9659678856499028,10,1.1983933,1.2440577
2022-01-28,2.0687577129735315,21,1.3114778,1.0968127
2021-12-29,-0.559816496069642,1,1.1733253,1.1476867
2022-01-04,1.7561043267339693,3,1.1486087,1.039032
2022-01-06,-2.920617786318567,5,1.1997569,1.184655
2022-01-14,-1.2889405981770352,10,1.1859614,1.1916982
2022-01-31,1.0597427042282983,21,1.2724165,1.133718
2021-12-30,-0.39921277537056543,1,1.137432,1.169274
2022-01-05,0.10359560244831843,3,1.1471752,1.0837319
2022-01-07,-0.03268098030335939,5,1.1820824,1.2619493
2022-01-17,0.7412304295531441,10,1.1903272,1.1170841
2022-02-01,0.28291197855501954,21,1.2731538,1.2291937
2022-01-04,1.7561043267339693,1,1.1486087,1.312192
2022-01-06,-2.920617786318567,3,1.1997569,1.062952
2022-01-11,-0.9032702562802164,5,1.1815513,1.1414936
2022-01-18,-0.26954776568830213,10,1.1871786,1.1910737
2022-02-02,1.6667729060441112,21,1.2872735,1.1008378
2022-01-05,0.10359560244831843,1,1.1471752,1.3396143
2022-01-07,-0.03268098030335939,3,1.1820824,1.4127498
2022-01-12,1.9063479926556044,5,1.206049,1.1835682
2022-01-19,-2.835638702338303,10,1.2398645,1.2831147
2022-02-03,-1.0672471611965966,21,1.2914671,1.1734672
2022-01-06,-2.920617786318567,1,1.1997569,0.89932907
2022-01-11,-0.9032702562802164,3,1.1815513,1.0945957
2022-01-13,-0.9659678856499028,5,1.1983933,1.107766
2022-01-20,1.1068119232152407,10,1.2271069,1.024622
2022-02-04,0.7266855724729172,21,1.2959478,0.98785776
2022-01-07,-0.03268098030335939,1,1.1820824,1.43933
2022-01-12,1.9063479926556044,3,1.206049,1.2305565
2022-01-14,-1.2889405981770352,5,1.1859614,1.3197095
2022-01-21,-0.9066670773178458,10,1.23088,1.2198898
2022-02-07,-0.6989426145974705,21,1.295513,1.2051187
2022-01-11,-0.9032702562802164,1,1.1815513,1.4647216
2022-01-13,-0.9659678856499028,3,1.1983933,1.1876423
2022-01-17,0.7412304295531441,5,1.1903272,1.3305068
2022-01-24,0.23991526869546753,10,1.2286727,1.2497264
2022-02-08,0.13074703982962546,21,1.2942814,1.2399532
2022-01-12,1.9063479926556044,1,1.206049,1.5248339
2022-01-14,-1.2889405981770352,3,1.1859614,1.6004739
2022-01-18,-0.26954776568830213,5,1.1871786,1.4317644
2022-01-25,-1.6704764448193508,10,1.2225423,1.3200104
2022-02-09,1.0766636414174984,21,1.3002748,1.3323017
2022-01-13,-0.9659678856499028,1,1.1983933,1.2538502
2022-01-17,0.7412304295531441,3,1.1903272,1.274732
2022-01-19,-2.835638702338303,5,1.2398645,1.4221934
2022-01-26,-0.4433101002885202,10,1.2232032,1.3959664
2022-02-10,0.42047621202393065,21,1.2921368,1.009491
2022-01-14,-1.2889405981770352,1,1.1859614,1.3055695
2022-01-18,-0.26954776568830213,3,1.1871786,1.6625059
2022-01-20,1.1068119232152407,5,1.2271069,1.356136
2022-01-27,-3.1631200669648702,10,1.2804451,1.262069
2022-02-14,-2.2510587919766016,21,1.3180664,1.2107947
2022-01-17,0.7412304295531441,1,1.1903272,1.4766182
2022-01-19,-2.835638702338303,3,1.2398645,1.5668174
2022-01-21,-0.9066670773178458,5,1.23088,1.5758126
2022-01-28,2.0687577129735315,10,1.3114778,1.6402276
2022-02-15,-0.794892563592726,21,1.3201379,1.2911496
2022-01-18,-0.26954776568830213,1,1.1871786,1.523508
2022-01-20,1.1068119232152407,3,1.2271069,1.2801378
2022-01-24,0.23991526869546753,5,1.2286727,1.4413302
2022-01-31,1.0597427042282983,10,1.2724165,1.3315989
2022-02-16,2.1913604902611015,21,1.3545258,1.3531064
2022-01-19,-2.835638702338303,1,1.2398645,1.3905598
2022-01-21,-0.9066670773178458,3,1.23088,1.4868112
2022-01-25,-1.6704764448193508,5,1.2225423,1.2592605
2022-02-01,0.28291197855501954,10,1.2731538,1.5762732
2022-02-17,-0.8320313068461136,21,1.3573908,1.2867731
2022-01-20,1.1068119232152407,1,1.2271069,1.1746708
2022-01-24,0.23991526869546753,3,1.2286727,1.2507824
2022-01-26,-0.4433101002885202,5,1.2232032,1.7032068
2022-02-02,1.6667729060441112,10,1.2872735,1.5269943
2022-02-18,-0.4076868917674984,21,1.3552382,1.3076142
2022-01-21,-0.9066670773178458,1,1.23088,1.5808933
2022-01-25,-1.6704764448193508,3,1.2225423,1.5464604
2022-01-27,-3.1631200669648702,5,1.2804451,1.5761834
2022-02-03,-1.0672471611965966,10,1.2914671,1.4789312
2022-02-21,-0.7817536844073542,21,1.3572346,1.4776267
2022-01-24,0.23991526869546753,1,1.2286727,1.1827238
2022-01-26,-0.4433101002885202,3,1.2232032,1.4885529
2022-01-28,2.0687577129735315,5,1.3114778,1.5353913
2022-02-04,0.7266855724729172,10,1.2959478,1.6590831
2022-02-22,-1.728887250668891,21,1.3597081,1.1454788
2022-01-25,-1.6704764448193508,1,1.2225423,1.3678774
2022-01-27,-3.1631200669648702,3,1.2804451,1.1527371
2022-01-31,1.0597427042282983,5,1.2724165,1.3318975
2022-02-07,-0.6989426145974705,10,1.295513,1.5829314
2022-02-24,-1.8267777661227824,21,1.3717089,1.2936004
2022-01-26,-0.4433101002885202,1,1.2232032,1.6743956
2022-01-28,2.0687577129735315,3,1.3114778,1.9260156
2022-02-01,0.28291197855501954,5,1.2731538,1.6570418
2022-02-08,0.13074703982962546,10,1.2942814,1.3999023
2022-02-25,1.9283935003281967,21,1.3636566,1.3572015
2022-01-27,-3.1631200669648702,1,1.2804451,1.5008409
2022-01-31,1.0597427042282983,3,1.2724165,1.1301739
2022-02-02,1.6667729060441112,5,1.2872735,1.4152726
2022-02-09,1.0766636414174984,10,1.3002748,1.579862
2022-02-28,0.1898761335011315,21,1.3498731,1.2764951
2022-01-28,2.0687577129735315,1,1.3114778,1.6533487
2022-02-01,0.28291197855501954,3,1.2731538,2.1432464
2022-02-03,-1.0672471611965966,5,1.2914671,2.0227594
2022-02-10,0.42047621202393065,10,1.2921368,1.2419109
2022-03-01,1.1912871323402634,21,1.3446995,1.4737409
2022-01-31,1.0597427042282983,1,1.2724165,1.4840643
2022-02-02,1.6667729060441112,3,1.2872735,1.4323708
2022-02-04,0.7266855724729172,5,1.2959478,1.4929591
2022-02-14,-2.2510587919766016,10,1.3180664,1.6149511
2022-03-02,-1.696924626265713,21,1.3596659,1.3191386
2022-02-01,0.28291197855501954,1,1.2731538,1.5532198
2022-02-03,-1.0672471611965966,3,1.2914671,1.892148
2022-02-07,-0.6989426145974705,5,1.295513,1.6114545
2022-02-15,-0.794892563592726,10,1.3201379,1.4816933
2022-03-03,0.695638806726221,21,1.3614148,1.5045882
2022-02-02,1.6667729060441112,1,1.2872735,1.3045244
2022-02-04,0.7266855724729172,3,1.2959478,1.495274
2022-02-08,0.13074703982962546,5,1.2942814,1.339078
2022-02-16,2.1913604902611015,10,1.3545258,1.6199186
2022-03-04,-2.2518758856012853,21,1.382706,1.1239109
2022-02-03,-1.0672471611965966,1,1.2914671,1.5717676
2022-02-07,-0.6989426145974705,3,1.295513,1.3324912
2022-02-09,1.0766636414174984,5,1.3002748,1.5261956
2022-02-17,-0.8320313068461136,10,1.3573908,1.4626353
2022-03-07,-2.984431953468377,21,1.4308861,1.3646572
2022-02-04,0.7266855724729172,1,1.2959478,1.3886939
2022-02-08,0.13074703982962546,3,1.2942814,1.6241404
2022-02-10,0.42047621202393065,5,1.2921368,1.3250853
2022-02-18,-0.4076868917674984,10,1.3552382,1.3248922
2022-03-08,-1.7214607475317925,21,1.4190847,1.3840762
2022-02-07,-0.6989426145974705,1,1.295513,1.5480707
2022-02-09,1.0766636414174984,3,1.3002748,1.4381407
2022-02-14,-2.2510587919766016,5,1.3180664,1.1690438
2022-02-21,-0.7817536844073542,10,1.3572346,1.5731434
2022-03-09,-0.29659556463277825,21,1.4026022,1.212456
2022-02-08,0.13074703982962546,1,1.2942814,1.3532711
2022-02-10,0.42047621202393065,3,1.2921368,1.4959664
2022-02-15,-0.794892563592726,5,1.3201379,1.2094134
2022-02-22,-1.728887250668891,10,1.3597081,1.3031151
2022-03-10,3.8604716409491835,21,1.4995894,1.1333435
2022-02-09,1.0766636414174984,1,1.3002748,1.390895
2022-02-14,-2.2510587919766016,3,1.3180664,1.2472193
2022-02-16,2.1913604902611015,5,1.3545258,1.5896058
2022-02-24,-1.8267777661227824,10,1.3717089,1.4310609
2022-03-11,-2.0751505835390414,21,1.5157566,1.3308973
2022-02-10,0.42047621202393065,1,1.2921368,1.2356327
2022-02-15,-0.794892563592726,3,1.3201379,1.1279644
2022-02-17,-0.8320313068461136,5,1.3573908,1.3504447
2022-02-25,1.9283935003281967,10,1.3636566,1.1346302
2022-03-14,0.5748718221443351,21,1.5144721,1.1915992
2022-02-14,-2.2510587919766016,1,1.3180664,1.3434242
2022-02-16,2.1913604902611015,3,1.3545258,1.4581852
2022-02-18,-0.4076868917674984,5,1.3552382,1.2120662
2022-02-28,0.1898761335011315,10,1.3498731,1.5474402
2022-03-15,0.15252740211884178,21,1.5135937,1.1920899
2022-02-15,-0.794892563592726,1,1.3201379,1.1831207
2022-02-17,-0.8320313068461136,3,1.3573908,1.3206562
2022-02-21,-0.7817536844073542,5,1.3572346,1.55832
2022-03-01,1.1912871323402634,10,1.3446995,1.1458414
2022-03-16,1.626103417102659,21,1.5313083,1.2281938
2022-02-16,2.1913604902611015,1,1.3545258,1.6996815
2022-02-18,-0.4076868917674984,3,1.3552382,1.3504584
2022-02-22,-1.728887250668891,5,1.3597081,1.345342
2022-03-02,-1.696924626265713,10,1.3596659,1.3384415
2022-03-17,3.399669391396775,21,1.5723232,1.2476977
2022-02-17,-0.8320313068461136,1,1.3573908,1.5055298
2022-02-21,-0.7817536844073542,3,1.3572346,1.2137461
2022-02-24,-1.8267777661227824,5,1.3717089,1.4546132
2022-03-03,0.695638806726221,10,1.3614148,1.3343042
2022-03-18,0.652724894562206,21,1.5602529,1.2826157
2022-02-18,-0.4076868917674984,1,1.3552382,1.1482403
2022-02-22,-1.728887250668891,3,1.3597081,1.3700323
2022-02-25,1.9283935003281967,5,1.3636566,1.0730722
2022-03-04,-2.2518758856012853,10,1.382706,1.2668067
2022-03-22,1.4678094880970864,21,1.5496366,1.0510011
2022-02-21,-0.7817536844073542,1,1.3572346,1.4515944
2022-02-24,-1.8267777661227824,3,1.3717089,1.2364949
2022-02-28,0.1898761335011315,5,1.3498731,1.3582002
2022-03-07,-2.984431953468377,10,1.4308861,1.3178778
2022-03-23,2.953481907126488,21,1.5744208,1.0823137
2022-02-22,-1.728887250668891,1,1.3597081,1.0710909
2022-02-25,1.9283935003281967,3,1.3636566,1.1389344
2022-03-01,1.1912871323402634,5,1.3446995,1.157556
2022-03-08,-1.7214607475317925,10,1.4190847,1.1409667
2022-03-24,0.25015072655685117,21,1.5746536,1.1247774
2022-02-24,-1.8267777661227824,1,1.3717089,1.5524029
2022-02-28,0.1898761335011315,3,1.3498731,1.360279
2022-03-02,-1.696924626265713,5,1.3596659,1.4557983
2022-03-09,-0.29659556463277825,10,1.4026022,1.1750295
2022-03-25,0.14023840601666349,21,1.5708686,1.3984543
2022-02-25,1.9283935003281967,1,1.3636566,1.1836507
2022-03-01,1.1912871323402634,3,1.3446995,1.2490891
2022-03-03,0.695638806726221,5,1.3614148,1.2301815
2022-03-10,3.8604716409491835,10,1.4995894,1.3627009
2022-03-28,-0.7343071763588856,21,1.5734395,1.0490766
2022-02-28,0.1898761335011315,1,1.3498731,1.4317119
2022-03-02,-1.696924626265713,3,1.3596659,1.5205858
2022-03-04,-2.2518758856012853,5,1.382706,1.2792375
2022-03-11,-2.0751505835390414,10,1.5157566,1.4990293
2022-03-29,1.0980521456373018,21,1.5797715,1.376483
2022-03-01,1.1912871323402634,1,1.3446995,0.969663
2022-03-03,0.695638806726221,3,1.3614148,0.87894195
2022-03-07,-2.984431953468377,5,1.4308861,1.4001763
2022-03-14,0.5748718221443351,10,1.5144721,1.4367756
2022-03-30,-0.8001863680157759,21,1.572272,1.0807633
2022-03-02,-1.696924626265713,1,1.3596659,1.4023907
2022-03-04,-2.2518758856012853,3,1.382706,1.2553089
2022-03-08,-1.7214607475317925,5,1.4190847,1.0365316
2022-03-15,0.15252740211884178,10,1.5135937,1.2592542
2022-03-31,-0.7370675383853523,21,1.5733916,1.2143213
2022-03-03,0.695638806726221,1,1.3614148,1.1583405
2022-03-07,-2.984431953468377,3,1.4308861,1.2635186
2022-03-09,-0.29659556463277825,5,1.4026022,1.2975435
2022-03-16,1.626103417102659,10,1.5313083,1.4264174
2022-04-01,-0.5603059324508334,21,1.574111,1.1427444
2022-03-04,-2.2518758856012853,1,1.382706,1.3985064
2022-03-08,-1.7214607475317925,3,1.4190847,1.2445248
2022-03-10,3.8604716409491835,5,1.4995894,1.3814946
2022-03-17,3.399669391396775,10,1.5723232,1.1751254
2022-04-04,0.2544662588789682,21,1.5564808,1.3246493
2022-03-07,-2.984431953468377,1,1.4308861,1.4147806
2022-03-09,-0.29659556463277825,3,1.4026022,1.5009038
2022-03-11,-2.0751505835390414,5,1.5157566,1.5677645
2022-03-18,0.652724894562206,10,1.5602529,1.4535886
2022-04-05,0.18553908886847248,21,1.5566908,1.1276946
2022-03-08,-1.7214607475317925,1,1.4190847,1.3509927
2022-03-10,3.8604716409491835,3,1.4995894,1.6177382
2022-03-14,0.5748718221443351,5,1.5144721,1.5068973
2022-03-22,1.4678094880970864,10,1.5496366,1.4911559
2022-04-06,-1.5876043670235123,21,1.5247954,1.2565415
2022-03-09,-0.29659556463277825,1,1.4026022,1.5378473
2022-03-11,-2.0751505835390414,3,1.5157566,1.6269231
2022-03-15,0.15252740211884178,5,1.5135937,1.8791374
2022-03-23,2.953481907126488,10,1.5744208,1.4329767
2022-04-07,-1.7026225425758237,21,1.5393131,1.4783131
2022-03-10,3.8604716409491835,1,1.4995894,1.4726757
2022-03-14,0.5748718221443351,3,1.5144721,1.6978521
2022-03-16,1.626103417102659,5,1.5313083,1.354629
2022-03-24,0.25015072655685117,10,1.5746536,1.6366602
2022-04-08,0.3609529813215765,21,1.5367225,1.2213383
2022-03-11,-2.0751505835390414,1,1.5157566,1.4730896
2022-03-15,0.15252740211884178,3,1.5135937,1.5580034
2022-03-17,3.399669391396775,5,1.5723232,1.5600083
2022-03-25,0.14023840601666349,10,1.5708686,1.3819176
2022-04-11,-0.6106297786499894,21,1.5159415,1.3843199
2022-03-14,0.5748718221443351,1,1.5144721,1.3830155
2022-03-16,1.626103417102659,3,1.5313083,1.7175261
2022-03-18,0.652724894562206,5,1.5602529,1.4945301
2022-03-28,-0.7343071763588856,10,1.5734395,1.3991148
2022-04-12,-1.8306421605785619,21,1.5282129,1.1524441
2022-03-15,0.15252740211884178,1,1.5135937,1.798749
2022-03-17,3.399669391396775,3,1.5723232,1.2606939
2022-03-22,1.4678094880970864,5,1.5496366,1.5571324
2022-03-29,1.0980521456373018,10,1.5797715,1.5514004
2022-04-13,1.9125230898785757,21,1.5429184,1.4490743
2022-03-16,1.626103417102659,1,1.5313083,1.0971423
2022-03-18,0.652724894562206,3,1.5602529,1.4343011
2022-03-23,2.953481907126488,5,1.5744208,1.4098089
2022-03-30,-0.8001863680157759,10,1.572272,1.4179816
2022-04-14,1.2163689141290548,21,1.5484023,1.1868403
2022-03-17,3.399669391396775,1,1.5723232,1.4934391
2022-03-22,1.4678094880970864,3,1.5496366,1.1370776
2022-03-24,0.25015072655685117,5,1.5746536,1.2890928
2022-03-31,-0.7370675383853523,10,1.5733916,1.4239107
2022-04-15,-0.2904646720279935,21,1.5484504,1.1912881
2022-03-18,0.652724894562206,1,1.5602529,1.0755928
2022-03-23,2.953481907126488,3,1.5744208,1.3794864
2022-03-25,0.14023840601666349,5,1.5708686,1.2700791
2022-04-01,-0.5603059324508334,10,1.574111,1.1942557
2022-04-18,-1.089128306431205,21,1.5115579,1.2237968
2022-03-22,1.4678094880970864,1,1.5496366,1.2439567
2022-03-24,0.25015072655685117,3,1.5746536,1.3400942
2022-03-28,-0.7343071763588856,5,1.5734395,1.3969729
2022-04-04,0.2544662588789682,10,1.5564808,1.2793936
2022-04-19,0.6893383916560986,21,1.5071392,1.2234192
2022-03-23,2.953481907126488,1,1.5744208,1.4287694
2022-03-25,0.14023840601666349,3,1.5708686,1.1070447
2022-03-29,1.0980521456373018,5,1.5797715,1.3129637
2022-04-05,0.18553908886847248,10,1.5566908,1.277193
2022-04-20,0.8588508251262466,21,1.5073247,1.1255691
2022-03-24,0.25015072655685117,1,1.5746536,1.2961591
2022-03-28,-0.7343071763588856,3,1.5734395,1.414846
2022-03-30,-0.8001863680157759,5,1.572272,1.1652591
2022-04-06,-1.5876043670235123,10,1.5247954,1.3016597
2022-04-21,1.2240626347200991,21,1.5155172,1.2623041
2022-03-25,0.14023840601666349,1,1.5708686,1.2824298
2022-03-29,1.0980521456373018,3,1.5797715,1.0519295
2022-03-31,-0.7370675383853523,5,1.5733916,1.2229441
2022-04-07,-1.7026225425758237,10,1.5393131,1.2233415
2022-04-22,-1.6385823713899073,21,1.5149276,1.1234951
2022-03-28,-0.7343071763588856,1,1.5734395,1.3543221
2022-03-30,-0.8001863680157759,3,1.572272,1.130532
2022-04-01,-0.5603059324508334,5,1.574111,1.0631564
2022-04-08,0.3609529813215765,10,1.5367225,1.124348
2022-04-25,-1.9163283627123353,21,1.5340222,1.086587
2022-03-29,1.0980521456373018,1,1.5797715,1.3206269
2022-03-31,-0.7370675383853523,3,1.5733916,1.3561666
2022-04-04,0.2544662588789682,5,1.5564808,1.2793938
2022-04-11,-0.6106297786499894,10,1.5159415,1.1243869
2022-04-26,0.4103149121295682,21,1.478532,1.2708132
2022-03-30,-0.8001863680157759,1,1.572272,1.1736206
2022-04-01,-0.5603059324508334,3,1.574111,1.0113269
2022-04-05,0.18553908886847248,5,1.5566908,1.0254979
2022-04-12,-1.8306421605785619,10,1.5282129,0.85496974
2022-04-27,-1.1810186796596822,21,1.4621408,0.82965475
2022-03-31,-0.7370675383853523,1,1.5733916,1.2840729
2022-04-04,0.2544662588789682,3,1.5564808,1.2193043
2022-04-06,-1.5876043670235123,5,1.5247954,1.1866049
2022-04-13,1.9125230898785757,10,1.5429184,1.1610005
2022-04-28,1.7330145112021003,21,1.473116,1.0615838
2022-04-01,-0.5603059324508334,1,1.574111,1.0424838
2022-04-05,0.18553908886847248,3,1.5566908,1.1976069
2022-04-07,-1.7026225425758237,5,1.5393131,1.1189975
2022-04-14,1.2163689141290548,10,1.5484023,0.9928343
2022-05-02,-0.10945798650478754,21,1.4726666,0.9796418
2022-04-04,0.2544662588789682,1,1.5564808,1.502815
2022-04-06,-1.5876043670235123,3,1.5247954,1.0243018
2022-04-08,0.3609529813215765,5,1.5367225,1.0650039
2022-04-15,-0.2904646720279935,10,1.5484504,1.167838
2022-05-06,0.6875689126311368,21,1.4590641,1.0670289
2022-04-05,0.18553908886847248,1,1.5566908,1.0226933
2022-04-07,-1.7026225425758237,3,1.5393131,1.1802275
2022-04-11,-0.6106297786499894,5,1.5159415,1.078873
2022-04-18,-1.089128306431205,10,1.5115579,1.2282917
2022-05-09,-2.5664705198281035,21,1.4896045,0.96866465
2022-04-06,-1.5876043670235123,1,1.5247954,1.096087
2022-04-08,0.3609529813215765,3,1.5367225,0.82632416
2022-04-12,-1.8306421605785619,5,1.5282129,0.98360825
2022-04-19,0.6893383916560986,10,1.5071392,1.0733246
2022-05-10,-0.5801142653580975,21,1.4874982,1.1575354
2022-04-07,-1.7026225425758237,1,1.5393131,1.2237036
2022-04-11,-0.6106297786499894,3,1.5159415,1.2533871
2022-04-13,1.9125230898785757,5,1.5429184,1.3283734
2022-04-20,0.8588508251262466,10,1.5073247,1.1876304
2022-05-11,0.1777028261308857,21,1.4856114,1.0217547
2022-04-08,0.3609529813215765,1,1.5367225,1.1089747
2022-04-12,-1.8306421605785619,3,1.5282129,1.0173032
2022-04-14,1.2163689141290548,5,1.5484023,1.1309383
2022-04-21,1.2240626347200991,10,1.5155172,1.3278404
2022-05-12,-1.7894965382352417,21,1.5019268,1.1417532
2022-04-11,-0.6106297786499894,1,1.5159415,1.1542253
2022-04-13,1.9125230898785757,3,1.5429184,1.3190147
2022-04-15,-0.2904646720279935,5,1.5484504,1.1525291
2022-04-22,-1.6385823713899073,10,1.5149276,1.3252481
2022-05-13,2.6025880887730595,21,1.5346915,1.2481649
2022-04-12,-1.8306421605785619,1,1.5282129,1.1270077
2022-04-14,1.2163689141290548,3,1.5484023,1.0825719
2022-04-18,-1.089128306431205,5,1.5115579,1.1399884
2022-04-25,-1.9163283627123353,10,1.5340222,1.2570028
2022-05-16,0.45078345011477,21,1.534861,1.0501293
2022-04-13,1.9125230898785757,1,1.5429184,1.3869504
2022-04-15,-0.2904646720279935,3,1.5484504,1.2780223
2022-04-19,0.6893383916560986,5,1.5071392,1.401126
2022-04-26,0.4103149121295682,10,1.478532,1.6260152
2022-05-17,0.42362775298374217,21,1.5090846,1.2258489
2022-04-14,1.2163689141290548,1,1.5484023,1.2073958
2022-04-18,-1.089128306431205,3,1.5115579,1.3227478
2022-04-20,0.8588508251262466,5,1.5073247,1.5510267
2022-04-27,-1.1810186796596822,10,1.4621408,1.3121277
2022-05-18,0.938759043972036,21,1.5107101,1.3174007
2022-04-15,-0.2904646720279935,1,1.5484504,1.2449331
2022-04-19,0.6893383916560986,3,1.5071392,1.2447478
2022-04-21,1.2240626347200991,5,1.5155172,1.2788314
2022-04-28,1.7330145112021003,10,1.473116,1.4205087
2022-05-19,-1.9070953595913975,21,1.502714,1.2097824
2022-04-18,-1.089128306431205,1,1.5115579,1.4143852
2022-04-20,0.8588508251262466,3,1.5073247,1.342726
2022-04-22,-1.6385823713899073,5,1.5149276,1.3472176
2022-05-02,-0.10945798650478754,10,1.4726666,1.3616234
2022-05-20,1.2652695270856948,21,1.5089602,1.202223
2022-04-19,0.6893383916560986,1,1.5071392,1.2881948
2022-04-21,1.2240626347200991,3,1.5155172,1.2104683
2022-04-25,-1.9163283627123353,5,1.5340222,1.3143337
2022-05-06,0.6875689126311368,10,1.4590641,1.2893406
2022-05-23,0.9768873878992078,21,1.5136739,1.2064958
2022-04-20,0.8588508251262466,1,1.5073247,1.3591568
2022-04-22,-1.6385823713899073,3,1.5149276,1.2048972
2022-04-26,0.4103149121295682,5,1.478532,1.1843235
2022-05-09,-2.5664705198281035,10,1.4896045,1.4202012
2022-05-24,-0.9428181775579716,21,1.5152125,1.0384953
2022-04-21,1.2240626347200991,1,1.5155172,1.2052702
2022-04-25,-1.9163283627123353,3,1.5340222,1.3145243
2022-04-27,-1.1810186796596822,5,1.4621408,1.2588668
2022-05-10,-0.5801142653580975,10,1.4874982,1.2346779
2022-05-25,-0.2633173418789493,21,1.4987587,1.2749398
2022-04-22,-1.6385823713899073,1,1.5149276,1.2610556
2022-04-26,0.4103149121295682,3,1.478532,1.3153616
2022-04-28,1.7330145112021003,5,1.473116,1.1975025
2022-05-11,0.1777028261308857,10,1.4856114,1.179851
2022-05-26,-0.2738639911448021,21,1.4797137,1.1395597
2022-04-25,-1.9163283627123353,1,1.5340222,1.3618652
2022-04-27,-1.1810186796596822,3,1.4621408,1.3983903
2022-05-02,-0.10945798650478754,5,1.4726666,1.2767061
2022-05-12,-1.7894965382352417,10,1.5019268,1.2666305
2022-05-27,0.6624911759970418,21,1.4612443,1.0032314
2022-04-26,0.4103149121295682,1,1.478532,1.3419604
2022-04-28,1.7330145112021003,3,1.473116,1.4349847
2022-05-06,0.6875689126311368,5,1.4590641,1.6156989
2022-05-13,2.6025880887730595,10,1.5346915,1.2991933
2022-05-30,2.1708625686220384,21,1.4873158,1.1905382
2022-04-27,-1.1810186796596822,1,1.4621408,1.3208919
2022-05-02,-0.10945798650478754,3,1.4726666,1.144573
2022-05-09,-2.5664705198281035,5,1.4896045,1.3700087
2022-05-16,0.45078345011477,10,1.534861,1.1858127
2022-05-31,-0.32801554877944555,21,1.4805101,1.3382403
2022-04-28,1.7330145112021003,1,1.473116,1.3804591
2022-05-06,0.6875689126311368,3,1.4590641,1.4781966
2022-05-10,-0.5801142653580975,5,1.4874982,1.2864604
2022-05-17,0.42362775298374217,10,1.5090846,1.5205404
2022-06-01,0.6507050902587038,21,1.4651251,1.0708772
2022-05-02,-0.10945798650478754,1,1.4726666,1.3491988
2022-05-09,-2.5664705198281035,3,1.4896045,1.3122514
2022-05-11,0.1777028261308857,5,1.4856114,1.2886485
2022-05-18,0.938759043972036,10,1.5107101,1.4149892
2022-06-02,-0.16040952887553306,21,1.4630556,1.1366357
2022-05-06,0.6875689126311368,1,1.4590641,1.4196414
2022-05-10,-0.5801142653580975,3,1.4874982,1.2869146
2022-05-12,-1.7894965382352417,5,1.5019268,1.3615892
2022-05-19,-1.9070953595913975,10,1.502714,1.2281821
2022-06-03,1.2603215669570438,21,1.4393995,1.3090464
2022-05-09,-2.5664705198281035,1,1.4896045,1.2348661
2022-05-11,0.1777028261308857,3,1.4856114,0.8482228
2022-05-13,2.6025880887730595,5,1.5346915,1.2705009
2022-05-20,1.2652695270856948,10,1.5089602,1.1737247
2022-06-06,0.5543381651321961,21,1.381796,1.1341071
2022-05-10,-0.5801142653580975,1,1.4874982,1.4400563
2022-05-12,-1.7894965382352417,3,1.5019268,1.3770409
2022-05-16,0.45078345011477,5,1.534861,1.3019704
2022-05-23,0.9768873878992078,10,1.5136739,1.3174775
2022-06-07,0.10046071090894056,21,1.3593814,1.2489424
2022-05-11,0.1777028261308857,1,1.4856114,1.3819491
2022-05-13,2.6025880887730595,3,1.5346915,1.2843733
2022-05-17,0.42362775298374217,5,1.5090846,1.2781591
2022-05-24,-0.9428181775579716,10,1.5152125,1.2298057
2022-06-08,1.033647325674637,21,1.3619978,1.0619667
2022-05-12,-1.7894965382352417,1,1.5019268,1.3995482
2022-05-16,0.45078345011477,3,1.534861,1.033828
2022-05-18,0.938759043972036,5,1.5107101,1.3859044
2022-05-25,-0.2633173418789493,10,1.4987587,1.1997327
2022-06-09,0.04334297881005199,21,1.2755566,1.1063695
2022-05-13,2.6025880887730595,1,1.5346915,1.2365091
2022-05-17,0.42362775298374217,3,1.5090846,1.4124057
2022-05-19,-1.9070953595913975,5,1.502714,1.2826035
2022-05-26,-0.2738639911448021,10,1.4797137,1.0897707
2022-06-10,-1.5061246776425674,21,1.2606997,1.1427073
2022-05-16,0.45078345011477,1,1.534861,1.222391
2022-05-18,0.938759043972036,3,1.5107101,1.0988405
2022-05-20,1.2652695270856948,5,1.5089602,1.1661046
2022-05-27,0.6624911759970418,10,1.4612443,1.2115368
2022-06-13,-3.053779419783562,21,1.3261658,1.2093532
2022-05-17,0.42362775298374217,1,1.5090846,1.4296674
2022-05-19,-1.9070953595913975,3,1.502714,1.3383265
2022-05-23,0.9768873878992078,5,1.5136739,1.1119225
2022-05-30,2.1708625686220384,10,1.4873158,1.0187461
2022-06-14,-1.3338433209455094,21,1.3391222,1.0776068
2022-05-18,0.938759043972036,1,1.5107101,0.9985761
2022-05-20,1.2652695270856948,3,1.5089602,0.960228
2022-05-24,-0.9428181775579716,5,1.5152125,1.184956
2022-05-31,-0.32801554877944555,10,1.4805101,1.0874248
2022-06-15,-1.146999155165431,21,1.3327775,1.0243233
2022-05-19,-1.9070953595913975,1,1.502714,1.2898415
2022-05-23,0.9768873878992078,3,1.5136739,0.89287746
2022-05-25,-0.2633173418789493,5,1.4987587,1.0227873
2022-06-01,0.6507050902587038,10,1.4651251,0.8993185
2022-06-16,0.3981973417052308,21,1.2586571,1.1933382
2022-05-20,1.2652695270856948,1,1.5089602,1.1516324
2022-05-24,-0.9428181775579716,3,1.5152125,1.0069443
2022-05-26,-0.2738639911448021,5,1.4797137,1.0999002
2022-06-02,-0.16040952887553306,10,1.4630556,1.2965946
2022-06-17,-1.7872653416068407,21,1.2760502,1.0202253
2022-05-23,0.9768873878992078,1,1.5136739,1.0739272
2022-05-25,-0.2633173418789493,3,1.4987587,1.2176617
2022-05-27,0.6624911759970418,5,1.4612443,1.0605488
2022-06-03,1.2603215669570438,10,1.4393995,1.1843467
2022-06-20,-0.7414054865351098,21,1.2631856,1.025075
2022-05-24,-0.9428181775579716,1,1.5152125,1.002423
2022-05-26,-0.2738639911448021,3,1.4797137,1.0976832
2022-05-30,2.1708625686220384,5,1.4873158,1.2044818
2022-06-06,0.5543381651321961,10,1.381796,1.1383151
2022-06-21,1.8267035866818278,21,1.2249475,1.0803798
2022-05-25,-0.2633173418789493,1,1.4987587,1.1270218
2022-05-27,0.6624911759970418,3,1.4612443,0.97323877
2022-05-31,-0.32801554877944555,5,1.4805101,1.0136569
2022-06-07,0.10046071090894056,10,1.3593814,1.2060032
2022-06-22,-0.3693416738139886,21,1.2244694,0.97893643
2022-05-26,-0.2738639911448021,1,1.4797137,1.4858199
2022-05-30,2.1708625686220384,3,1.4873158,1.0244768
2022-06-01,0.6507050902587038,5,1.4651251,1.0414493
2022-06-08,1.033647325674637,10,1.3619978,1.219334
2022-06-23,0.08294681912398383,21,1.224285,1.214711
2022-05-27,0.6624911759970418,1,1.4612443,1.157756
2022-05-31,-0.32801554877944555,3,1.4805101,1.2215283
2022-06-02,-0.16040952887553306,5,1.4630556,1.3164701
2022-06-09,0.04334297881005199,10,1.2755566,1.1592922
2022-06-24,1.218021472848524,21,1.2336296,1.0653837
2022-05-30,2.1708625686220384,1,1.4873158,1.1758702
2022-06-01,0.6507050902587038,3,1.4651251,0.9689081
2022-06-03,1.2603215669570438,5,1.4393995,1.1719747
2022-06-10,-1.5061246776425674,10,1.2606997,1.1445931
2022-06-27,1.42159739277313,21,1.2395988,1.0799625
2022-05-31,-0.32801554877944555,1,1.4805101,1.1178477
2022-06-02,-0.16040952887553306,3,1.4630556,1.0913637
2022-06-06,0.5543381651321961,5,1.381796,1.2044191
2022-06-13,-3.053779419783562,10,1.3261658,1.1399791
2022-06-28,0.6609769075371151,21,1.2396338,1.0344007
2022-06-01,0.6507050902587038,1,1.4651251,1.2261208
2022-06-03,1.2603215669570438,3,1.4393995,1.023405
2022-06-07,0.10046071090894056,5,1.3593814,1.0568517
2022-06-14,-1.3338433209455094,10,1.3391222,1.2347612
2022-06-29,-0.9093937742891248,21,1.2414293,1.002769
2022-06-02,-0.16040952887553306,1,1.4630556,1.1678737
2022-06-06,0.5543381651321961,3,1.381796,1.2684032
2022-06-08,1.033647325674637,5,1.3619978,1.222303
2022-06-15,-1.146999155165431,10,1.3327775,1.1969751
2022-06-30,-1.5473196496300397,21,1.254613,1.0355762
2022-06-03,1.2603215669570438,1,1.4393995,0.9477323
2022-06-07,0.10046071090894056,3,1.3593814,1.1089579
2022-06-09,0.04334297881005199,5,1.2755566,1.0594357
2022-06-16,0.3981973417052308,10,1.2586571,1.093625
2022-07-01,-1.7483023208398012,21,1.272124,1.005879
2022-06-06,0.5543381651321961,1,1.381796,1.1711087
2022-06-08,1.033647325674637,3,1.3619978,1.1022885
2022-06-10,-1.5061246776425674,5,1.2606997,0.71508723
2022-06-17,-1.7872653416068407,10,1.2760502,1.3472234
2022-07-04,0.8377618403396865,21,1.277484,1.0624034
2022-06-07,0.10046071090894056,1,1.3593814,1.1408808
2022-06-09,0.04334297881005199,3,1.2755566,1.1809468
2022-06-13,-3.053779419783562,5,1.3261658,1.115145
2022-06-20,-0.7414054865351098,10,1.2631856,1.1484914
2022-07-05,1.0257758269007162,21,1.2704719,0.9875312
2022-06-08,1.033647325674637,1,1.3619978,1.0807161
2022-06-10,-1.5061246776425674,3,1.2606997,1.0466669
2022-06-14,-1.3338433209455094,5,1.3391222,1.2604744
2022-06-21,1.8267035866818278,10,1.2249475,1.2921227
2022-07-06,-1.2024267181146908,21,1.2611002,1.1053927
2022-06-09,0.04334297881005199,1,1.2755566,1.110181
2022-06-13,-3.053779419783562,3,1.3261658,0.89940125
2022-06-15,-1.146999155165431,5,1.3327775,1.175255
2022-06-22,-0.3693416738139886,10,1.2244694,1.0900487
2022-07-07,1.4558894298755403,21,1.2749807,1.1663458
2022-06-10,-1.5061246776425674,1,1.2606997,1.1958923
2022-06-14,-1.3338433209455094,3,1.3391222,0.99437225
2022-06-16,0.3981973417052308,5,1.2586571,0.9207675
2022-06-23,0.08294681912398383,10,1.224285,1.2945758
2022-07-08,0.10058972212593431,21,1.2728035,1.0699868
2022-06-13,-3.053779419783562,1,1.3261658,1.3918569
2022-06-15,-1.146999155165431,3,1.3327775,1.3310097
2022-06-17,-1.7872653416068407,5,1.2760502,1.2363698
2022-06-24,1.218021472848524,10,1.2336296,1.1555444
2022-07-11,1.106758527809875,21,1.2583504,1.2419597
2022-06-14,-1.3338433209455094,1,1.3391222,1.1777647
2022-06-16,0.3981973417052308,3,1.2586571,1.3894571
2022-06-20,-0.7414054865351098,5,1.2631856,1.3345152
2022-06-27,1.42159739277313,10,1.2395988,1.2513764
2022-07-12,-1.7898875723922485,21,1.255243,1.1348028
2022-06-15,-1.146999155165431,1,1.3327775,1.4689132
2022-06-17,-1.7872653416068407,3,1.2760502,1.2558404
2022-06-21,1.8267035866818278,5,1.2249475,1.4787928
2022-06-28,0.6609769075371151,10,1.2396338,1.1568233
2022-07-13,0.5381371269266478,21,1.2468383,1.2208967
2022-06-16,0.3981973417052308,1,1.2586571,1.420647
2022-06-20,-0.7414054865351098,3,1.2631856,1.384891
2022-06-22,-0.3693416738139886,5,1.2244694,1.3059499
2022-06-29,-0.9093937742891248,10,1.2414293,1.4093176
2022-07-14,0.6197851150488489,21,1.2493124,1.1547121
2022-06-17,-1.7872653416068407,1,1.2760502,1.3749892
2022-06-21,1.8267035866818278,3,1.2249475,1.568593
2022-06-23,0.08294681912398383,5,1.224285,1.4179293
2022-06-30,-1.5473196496300397,10,1.254613,1.3891442
2022-07-15,0.5430484024132014,21,1.2435699,1.2788107
2022-06-20,-0.7414054865351098,1,1.2631856,1.2188957
2022-06-22,-0.3693416738139886,3,1.2244694,1.3726877
2022-06-24,1.218021472848524,5,1.2336296,1.540997
2022-07-01,-1.7483023208398012,10,1.272124,1.3858846
2022-07-19,0.6444989741503934,21,1.2431616,1.1385595
2022-06-21,1.8267035866818278,1,1.2249475,1.6694624
2022-06-23,0.08294681912398383,3,1.224285,1.3450147
2022-06-27,1.42159739277313,5,1.2395988,1.6303917
2022-07-04,0.8377618403396865,10,1.277484,1.6599054
2022-07-20,2.6302928249541346,21,1.2842939,1.3894717
2022-06-22,-0.3693416738139886,1,1.2244694,1.341637
2022-06-24,1.218021472848524,3,1.2336296,1.3438642
2022-06-28,0.6609769075371151,5,1.2396338,1.4711571
2022-07-05,1.0257758269007162,10,1.2704719,1.344137
2022-07-21,0.4424413241682326,21,1.2758936,1.2913616
2022-06-23,0.08294681912398383,1,1.224285,1.4783506
2022-06-27,1.42159739277313,3,1.2395988,1.2737511
2022-06-29,-0.9093937742891248,5,1.2414293,1.383096
2022-07-06,-1.2024267181146908,10,1.2611002,1.5302963
2022-07-22,0.400807591053954,21,1.2581352,1.248122
2022-06-24,1.218021472848524,1,1.2336296,1.1837186
2022-06-28,0.6609769075371151,3,1.2396338,1.094111
2022-06-30,-1.5473196496300397,5,1.254613,1.2869327
2022-07-07,1.4558894298755403,10,1.2749807,1.4661918
2022-07-25,-0.7746667439472552,21,1.2363523,1.1771364
2022-06-27,1.42159739277313,1,1.2395988,1.3979521
2022-06-29,-0.9093937742891248,3,1.2414293,1.0969274
2022-07-01,-1.7483023208398012,5,1.272124,1.2714303
2022-07-08,0.10058972212593431,10,1.2728035,1.392159
2022-07-26,-0.15911661335215002,21,1.2358661,1.3007379
2022-06-28,0.6609769075371151,1,1.2396338,1.2632871
2022-06-30,-1.5473196496300397,3,1.254613,1.3955264
2022-07-04,0.8377618403396865,5,1.277484,1.2939714
2022-07-11,1.106758527809875,10,1.2583504,1.3881118
2022-07-27,0.2186672782898527,21,1.2252353,1.2333719
2022-06-29,-0.9093937742891248,1,1.2414293,1.2501166
2022-07-01,-1.7483023208398012,3,1.272124,1.3393617
2022-07-05,1.0257758269007162,5,1.2704719,1.3729676
2022-07-12,-1.7898875723922485,10,1.255243,1.2379866
2022-07-28,0.3591873442432514,21,1.2065511,1.3563635
2022-06-30,-1.5473196496300397,1,1.254613,1.4519806
2022-07-04,0.8377618403396865,3,1.277484,1.4637778
2022-07-06,-1.2024267181146908,5,1.2611002,1.5573385
2022-07-13,0.5381371269266478,10,1.2468383,1.3059866
2022-07-29,-0.049768286324401126,21,1.2064345,1.2203419
2022-07-01,-1.7483023208398012,1,1.272124,1.559614
2022-07-05,1.0257758269007162,3,1.2704719,1.4406489
2022-07-07,1.4558894298755403,5,1.2749807,1.340459
2022-07-14,0.6197851150488489,10,1.2493124,1.40523
2022-08-01,0.6871933770377983,21,1.2064312,1.1666763
2022-07-04,0.8377618403396865,1,1.277484,1.6348275
2022-07-06,-1.2024267181146908,3,1.2611002,1.8100771
2022-07-08,0.10058972212593431,5,1.2728035,1.5245906
2022-07-15,0.5430484024132014,10,1.2435699,1.4358772
2022-08-02,-1.434213856409781,21,1.1730452,1.3833165
2022-07-05,1.0257758269007162,1,1.2704719,1.2611157
2022-07-07,1.4558894298755403,3,1.2749807,1.488954
2022-07-11,1.106758527809875,5,1.2583504,1.2828531
2022-07-19,0.6444989741503934,10,1.2431616,1.1584427
2022-08-03,0.5319090323200355,21,1.1712403,1.117307
2022-07-06,-1.2024267181146908,1,1.2611002,1.3155518
2022-07-08,0.10058972212593431,3,1.2728035,1.2899833
2022-07-12,-1.7898875723922485,5,1.255243,1.4168499
2022-07-20,2.6302928249541346,10,1.2842939,1.2951605
2022-08-04,0.6836197462446377,21,1.1736469,1.0336902
2022-07-07,1.4558894298755403,1,1.2749807,1.395461
2022-07-11,1.106758527809875,3,1.2583504,1.6505623
2022-07-13,0.5381371269266478,5,1.2468383,1.396829
2022-07-21,0.4424413241682326,10,1.2758936,1.1637073
2022-08-05,0.868579015209845,21,1.1508371,1.1220436
2022-07-08,0.10058972212593431,1,1.2728035,1.4027776
2022-07-12,-1.7898875723922485,3,1.255243,1.1900467
2022-07-14,0.6197851150488489,5,1.2493124,1.2060294
2022-07-22,0.400807591053954,10,1.2581352,1.2128881
2022-08-08,0.26006554853301067,21,1.1050518,1.2186724
2022-07-11,1.106758527809875,1,1.2583504,1.2252764
2022-07-13,0.5381371269266478,3,1.2468383,1.1310368
2022-07-15,0.5430484024132014,5,1.2435699,1.2825152
2022-07-25,-0.7746667439472552,10,1.2363523,1.3660955
2022-08-09,-0.8863447787438062,21,1.1115489,1.0620253
2022-07-12,-1.7898875723922485,1,1.255243,1.2005746
2022-07-14,0.6197851150488489,3,1.2493124,1.0200251
2022-07-19,0.6444989741503934,5,1.2431616,1.166066
2022-07-26,-0.15911661335215002,10,1.2358661,1.4543023
2022-08-10,-0.6472009464600973,21,1.1146742,1.1176057
2022-07-13,0.5381371269266478,1,1.2468383,1.1597188
2022-07-15,0.5430484024132014,3,1.2435699,1.1874932
2022-07-20,2.6302928249541346,5,1.2842939,1.5336518
2022-07-27,0.2186672782898527,10,1.2252353,1.2474465
2022-08-12,2.5820061972446524,21,1.1557864,1.1683518
2022-07-14,0.6197851150488489,1,1.2493124,1.2889603
2022-07-19,0.6444989741503934,3,1.2431616,1.1716077
2022-07-21,0.4424413241682326,5,1.2758936,1.192523
2022-07-28,0.3591873442432514,10,1.2065511,1.2987688
2022-08-15,1.1313455526009584,21,1.132764,1.2231935
2022-07-15,0.5430484024132014,1,1.2435699,1.4480301
2022-07-20,2.6302928249541346,3,1.2842939,1.0722175
2022-07-22,0.400807591053954,5,1.2581352,1.2538301
2022-07-29,-0.049768286324401126,10,1.2064345,1.2380162
2022-08-16,-0.009938019980488084,21,1.123389,1.2829012
2022-07-19,0.6444989741503934,1,1.2431616,1.2648914
2022-07-21,0.4424413241682326,3,1.2758936,1.1796712
2022-07-25,-0.7746667439472552,5,1.2363523,1.1157686
2022-08-01,0.6871933770377983,10,1.2064312,1.3019062
2022-08-17,1.2182940953434198,21,1.1269087,1.097577
2022-07-20,2.6302928249541346,1,1.2842939,1.2052202
2022-07-22,0.400807591053954,3,1.2581352,1.0263239
2022-07-26,-0.15911661335215002,5,1.2358661,1.1450474
2022-08-02,-1.434213856409781,10,1.1730452,1.0229139
2022-08-18,-0.9649497712790427,21,1.1272699,1.0997812
2022-07-21,0.4424413241682326,1,1.2758936,1.0037646
2022-07-25,-0.7746667439472552,3,1.2363523,1.0327289
2022-07-27,0.2186672782898527,5,1.2252353,1.1999092
2022-08-03,0.5319090323200355,10,1.1712403,1.1205885
2022-08-19,-0.04081576920933033,21,1.126315,1.1085819
2022-07-22,0.400807591053954,1,1.2581352,1.2583246
2022-07-26,-0.15911661335215002,3,1.2358661,1.1149298
2022-07-28,0.3591873442432514,5,1.2065511,1.0985487
2022-08-04,0.6836197462446377,10,1.1736469,1.091869
2022-08-22,-0.4706131785384556,21,1.1278112,1.1202167
2022-07-25,-0.7746667439472552,1,1.2363523,1.1516262
2022-07-27,0.2186672782898527,3,1.2252353,1.1444921
2022-07-29,-0.049768286324401126,5,1.2064345,0.9362449
2022-08-05,0.868579015209845,10,1.1508371,1.1862718
2022-08-23,-1.1939579972740406,21,1.1384212,0.9278507
2022-07-26,-0.15911661335215002,1,1.2358661,1.3162308
2022-07-28,0.3591873442432514,3,1.2065511,1.4618007
2022-08-01,0.6871933770377983,5,1.2064312,1.2662824
2022-08-08,0.26006554853301067,10,1.1050518,1.0341772
2022-08-24,-0.49071287338078906,21,1.1078398,1.1159267
2022-07-27,0.2186672782898527,1,1.2252353,1.1168804
2022-07-29,-0.049768286324401126,3,1.2064345,0.9680767
2022-08-02,-1.434213856409781,5,1.1730452,1.0992451
2022-08-09,-0.8863447787438062,10,1.1115489,0.9558518
2022-08-25,0.582962849827591,21,1.1087226,0.9874846
2022-07-28,0.3591873442432514,1,1.2065511,1.5379183
2022-08-01,0.6871933770377983,3,1.2064312,1.2489917
2022-08-03,0.5319090323200355,5,1.1712403,1.2310741
2022-08-10,-0.6472009464600973,10,1.1146742,1.15491
2022-08-26,0.5685238819933152,21,1.1080457,1.1772013
2022-07-29,-0.049768286324401126,1,1.2064345,1.0362884
2022-08-02,-1.434213856409781,3,1.1730452,1.1616309
2022-08-04,0.6836197462446377,5,1.1736469,0.9391251
2022-08-12,2.5820061972446524,10,1.1557864,1.3294883
2022-08-29,-2.698023919572206,21,1.1640184,0.8881266
2022-08-01,0.6871933770377983,1,1.2064312,1.1276766
2022-08-03,0.5319090323200355,3,1.1712403,1.1249441
2022-08-05,0.868579015209845,5,1.1508371,1.1028055
2022-08-15,1.1313455526009584,10,1.132764,1.096899
2022-08-30,1.129291474352036,21,1.161788,1.0119369
2022-08-02,-1.434213856409781,1,1.1730452,1.0002575
2022-08-04,0.6836197462446377,3,1.1736469,0.94594896
2022-08-08,0.26006554853301067,5,1.1050518,1.1227684
2022-08-16,-0.009938019980488084,10,1.123389,1.1881913
2022-08-31,-0.36971484564417595,21,1.1607879,1.0973277
2022-08-03,0.5319090323200355,1,1.1712403,1.2221558
2022-08-05,0.868579015209845,3,1.1508371,1.0876782
2022-08-09,-0.8863447787438062,5,1.1115489,1.1929114
2022-08-17,1.2182940953434198,10,1.1269087,1.2113415
2022-09-01,-1.5427586805573312,21,1.177887,1.2681949
2022-08-04,0.6836197462446377,1,1.1736469,1.1702403
2022-08-08,0.26006554853301067,3,1.1050518,1.3099941
2022-08-10,-0.6472009464600973,5,1.1146742,1.0503298
2022-08-18,-0.9649497712790427,10,1.1272699,1.4866154
2022-09-02,-0.03843939767039816,21,1.1697836,1.1724966
2022-08-05,0.868579015209845,1,1.1508371,0.974964
2022-08-09,-0.8863447787438062,3,1.1115489,1.0824012
2022-08-12,2.5820061972446524,5,1.1557864,1.1660178
2022-08-19,-0.04081576920933033,10,1.126315,1.2239041
2022-09-05,-0.11300965530475263,21,1.1697807,1.0136975
2022-08-08,0.26006554853301067,1,1.1050518,1.1254909
2022-08-10,-0.6472009464600973,3,1.1146742,0.8760748
2022-08-15,1.1313455526009584,5,1.132764,1.1186501
2022-08-22,-0.4706131785384556,10,1.1278112,1.3767829
2022-09-06,0.024980544401020613,21,1.153789,1.035516
2022-08-09,-0.8863447787438062,1,1.1115489,1.2604407
2022-08-12,2.5820061972446524,3,1.1557864,1.033158
2022-08-16,-0.009938019980488084,5,1.123389,1.2331182
2022-08-23,-1.1939579972740406,10,1.1384212,1.2053232
2022-09-07,-0.7127540192513991,21,1.0868186,1.2306166
2022-08-10,-0.6472009464600973,1,1.1146742,1.131657
2022-08-15,1.1313455526009584,3,1.132764,1.1038055
2022-08-17,1.2182940953434198,5,1.1269087,1.1608211
2022-08-24,-0.49071287338078906,10,1.1078398,1.4716492
2022-09-08,2.2884929829326506,21,1.110292,1.0528994
2022-08-12,2.5820061972446524,1,1.1557864,1.4345206
2022-08-16,-0.009938019980488084,3,1.123389,1.2788079
2022-08-18,-0.9649497712790427,5,1.1272699,1.5632442
2022-08-25,0.582962849827591,10,1.1087226,1.1860222
2022-09-09,0.5311690715995844,21,1.0997539,1.2605559
2022-08-15,1.1313455526009584,1,1.132764,1.1946799
2022-08-17,1.2182940953434198,3,1.1269087,1.1545858
2022-08-19,-0.04081576920933033,5,1.126315,1.3563224
2022-08-26,0.5685238819933152,10,1.1080457,1.1586008
2022-09-12,1.1535627896219054,21,1.1073426,1.0594885
2022-08-16,-0.009938019980488084,1,1.123389,1.3551644
2022-08-18,-0.9649497712790427,3,1.1272699,1.192574
2022-08-22,-0.4706131785384556,5,1.1278112,1.2355999
2022-08-29,-2.698023919572206,10,1.1640184,1.3832784
2022-09-13,0.25376367859701887,21,1.078481,1.0395113
2022-08-17,1.2182940953434198,1,1.1269087,1.1439666
2022-08-19,-0.04081576920933033,3,1.126315,1.3103431
2022-08-23,-1.1939579972740406,5,1.1384212,1.0070745
2022-08-30,1.129291474352036,10,1.161788,1.1471926
2022-09-14,-2.8212605756999176,21,1.1397002,1.0621047
2022-08-18,-0.9649497712790427,1,1.1272699,1.2565124
2022-08-22,-0.4706131785384556,3,1.1278112,1.1709023
2022-08-24,-0.49071287338078906,5,1.1078398,1.2312542
2022-08-31,-0.36971484564417595,10,1.1607879,1.1187364
2022-09-15,0.20573308206685922,21,1.117737,1.0749075
2022-08-19,-0.04081576920933033,1,1.126315,1.3701217
2022-08-23,-1.1939579972740406,3,1.1384212,1.2225431
2022-08-25,0.582962849827591,5,1.1087226,1.3635945
2022-09-01,-1.5427586805573312,10,1.177887,1.0629288
2022-09-16,-1.1119882597142638,21,1.1270996,1.1397012
2022-08-22,-0.4706131785384556,1,1.1278112,1.3838888
2022-08-24,-0.49071287338078906,3,1.1078398,1.2083286
2022-08-26,0.5685238819933152,5,1.1080457,1.3327514
2022-09-02,-0.03843939767039816,10,1.1697836,1.2803413
2022-09-20,0.4371274427322767,21,1.1279997,1.2365811
2022-08-23,-1.1939579972740406,1,1.1384212,1.2165679
2022-08-25,0.582962849827591,3,1.1087226,1.272272
2022-08-29,-2.698023919572206,5,1.1640184,1.2344464
2022-09-05,-0.11300965530475263,10,1.1697807,1.389
2022-09-21,-1.3646702007565743,21,1.1336408,1.0515993
2022-08-24,-0.49071287338078906,1,1.1078398,1.3707974
2022-08-26,0.5685238819933152,3,1.1080457,1.3418394
2022-08-30,1.129291474352036,5,1.161788,1.4208412
2022-09-06,0.024980544401020613,10,1.153789,1.3932923
2022-09-22,-0.5849462967285619,21,1.1220564,1.1802598
2022-08-25,0.582962849827591,1,1.1087226,1.2751243
2022-08-29,-2.698023919572206,3,1.1640184,1.2761414
2022-08-31,-0.36971484564417595,5,1.1607879,1.4190404
2022-09-07,-0.7127540192513991,10,1.0868186,1.3604095
2022-09-26,-2.69597055151386,21,1.1720055,1.2463684
2022-08-26,0.5685238819933152,1,1.1080457,1.3975588
2022-08-30,1.129291474352036,3,1.161788,1.0923686
2022-09-01,-1.5427586805573312,5,1.177887,1.2621799
2022-09-08,2.2884929829326506,10,1.110292,1.3269233
2022-09-27,0.5294703148867005,21,1.1685997,1.1997029
2022-08-29,-2.698023919572206,1,1.1640184,1.4639878
2022-08-31,-0.36971484564417595,3,1.1607879,1.1857085
2022-09-02,-0.03843939767039816,5,1.1697836,1.1809087
2022-09-09,0.5311690715995844,10,1.0997539,1.2644888
2022-09-28,-1.5087299656646498,21,1.1677521,1.184198
2022-08-30,1.129291474352036,1,1.161788,1.386554
2022-09-01,-1.5427586805573312,3,1.177887,1.2153198
2022-09-05,-0.11300965530475263,5,1.1697807,1.4399344
2022-09-12,1.1535627896219054,10,1.1073426,1.4524933
2022-09-29,0.9433112959962192,21,1.1515824,1.2317787
2022-08-31,-0.36971484564417595,1,1.1607879,1.4479883
2022-09-02,-0.03843939767039816,3,1.1697836,1.0415324
2022-09-06,0.024980544401020613,5,1.153789,1.5697236
2022-09-13,0.25376367859701887,10,1.078481,1.3363603
2022-09-30,-1.8520265034401056,21,1.1718198,1.2679416
2022-09-01,-1.5427586805573312,1,1.177887,1.3907826
2022-09-05,-0.11300965530475263,3,1.1697807,1.3923237
2022-09-07,-0.7127540192513991,5,1.0868186,1.3560358
2022-09-14,-2.8212605756999176,10,1.1397002,1.3253341
2022-10-03,1.0683211877693193,21,1.1724724,1.1979983
2022-09-02,-0.03843939767039816,1,1.1697836,1.3597249
2022-09-06,0.024980544401020613,3,1.153789,1.4917555
2022-09-08,2.2884929829326506,5,1.110292,1.501921
2022-09-15,0.20573308206685922,10,1.117737,1.3402494
2022-10-04,2.9186475360382316,21,1.2213136,1.2179309
2022-09-05,-0.11300965530475263,1,1.1697807,1.4915051
2022-09-07,-0.7127540192513991,3,1.0868186,1.3357341
2022-09-09,0.5311690715995844,5,1.0997539,1.2781955
2022-09-16,-1.1119882597142638,10,1.1270996,1.3292576
2022-10-05,0.4742639139589066,21,1.2087469,1.1521565
2022-09-06,0.024980544401020613,1,1.153789,1.3496511
2022-09-08,2.2884929829326506,3,1.110292,1.2975278
2022-09-12,1.1535627896219054,5,1.1073426,1.0752842
2022-09-20,0.4371274427322767,10,1.1279997,1.3871429
2022-10-06,0.7009584841032807,21,1.2117453,1.086045
2022-09-07,-0.7127540192513991,1,1.0868186,1.3272855
2022-09-09,0.5311690715995844,3,1.0997539,0.9907315
2022-09-13,0.25376367859701887,5,1.078481,1.2241219
2022-09-21,-1.3646702007565743,10,1.1336408,1.0586648
2022-10-07,-0.7172571412214898,21,1.2076365,1.2068236
2022-09-08,2.2884929829326506,1,1.110292,1.5203398
2022-09-12,1.1535627896219054,3,1.1073426,1.4975638
2022-09-14,-2.8212605756999176,5,1.1397002,1.3434476
2022-09-22,-0.5849462967285619,10,1.1220564,1.0534129
2022-10-11,-2.671663564077001,21,1.2350737,1.2294457
2022-09-09,0.5311690715995844,1,1.0997539,1.2323478
2022-09-13,0.25376367859701887,3,1.078481,0.9810765
2022-09-15,0.20573308206685922,5,1.117737,1.252409
2022-09-26,-2.69597055151386,10,1.1720055,1.3617105
2022-10-12,-0.016742737155534388,21,1.2330828,1.0881667
2022-09-12,1.1535627896219054,1,1.1073426,1.5742627
2022-09-14,-2.8212605756999176,3,1.1397002,1.5070572
2022-09-16,-1.1119882597142638,5,1.1270996,1.4521195
2022-09-27,0.5294703148867005,10,1.1685997,1.2789283
2022-10-13,-0.6057297051160201,21,1.2327052,1.3960888
2022-09-13,0.25376367859701887,1,1.078481,1.2750425
2022-09-15,0.20573308206685922,3,1.117737,1.1761258
2022-09-20,0.4371274427322767,5,1.1279997,1.2208909
2022-09-28,-1.5087299656646498,10,1.1677521,1.3367436
2022-10-14,3.2006068591212564,21,1.2994227,1.1391422
2022-09-14,-2.8212605756999176,1,1.1397002,1.191133
2022-09-16,-1.1119882597142638,3,1.1270996,1.2288102
2022-09-21,-1.3646702007565743,5,1.1336408,1.0924652
2022-09-29,0.9433112959962192,10,1.1515824,1.2343984
2022-10-17,-1.1694615663752996,21,1.3057028,1.0343909
2022-09-15,0.20573308206685922,1,1.117737,1.3966165
2022-09-20,0.4371274427322767,3,1.1279997,1.523168
2022-09-22,-0.5849462967285619,5,1.1220564,1.56097
2022-09-30,-1.8520265034401056,10,1.1718198,1.2928414
2022-10-18,1.410510881864402,21,1.272958,1.311725
2022-09-16,-1.1119882597142638,1,1.1270996,1.541328
2022-09-21,-1.3646702007565743,3,1.1336408,1.126764
2022-09-26,-2.69597055151386,5,1.1720055,1.4519858
2022-10-03,1.0683211877693193,10,1.1724724,1.291745
2022-10-19,0.37211468192249614,21,1.2725463,1.3352
2022-09-20,0.4371274427322767,1,1.1279997,1.7585537
2022-09-22,-0.5849462967285619,3,1.1220564,1.6505497
2022-09-27,0.5294703148867005,5,1.1685997,1.4841805
2022-10-04,2.9186475360382316,10,1.2213136,1.4223379
2022-10-20,-0.9229696382430504,21,1.2763668,1.3486454
2022-09-21,-1.3646702007565743,1,1.1336408,1.2364354
2022-09-26,-2.69597055151386,3,1.1720055,1.0912796
2022-09-28,-1.5087299656646498,5,1.1677521,1.4428526
2022-10-05,0.4742639139589066,10,1.2087469,1.5851943
2022-10-21,-0.43186029663087644,21,1.273856,1.1352012
2022-09-22,-0.5849462967285619,1,1.1220564,1.5113567
2022-09-27,0.5294703148867005,3,1.1685997,1.6655105
2022-09-29,0.9433112959962192,5,1.1515824,1.6825676
2022-10-06,0.7009584841032807,10,1.2117453,1.3132247
2022-10-24,0.3130776172055398,21,1.274625,1.484346
2022-09-26,-2.69597055151386,1,1.1720055,1.3042195
2022-09-28,-1.5087299656646498,3,1.1677521,1.4085898
2022-09-30,-1.8520265034401056,5,1.1718198,1.5587807
2022-10-07,-0.7172571412214898,10,1.2076365,1.505728
2022-10-25,1.0156952001189334,21,1.281517,1.1748402
2022-09-27,0.5294703148867005,1,1.1685997,1.8282875
2022-09-29,0.9433112959962192,3,1.1515824,1.7864366
2022-10-03,1.0683211877693193,5,1.1724724,1.5601243
2022-10-11,-2.671663564077001,10,1.2350737,1.3279854
2022-10-26,0.66406063600824,21,1.2836818,1.4744554
2022-09-28,-1.5087299656646498,1,1.1677521,1.5506823
2022-09-30,-1.8520265034401056,3,1.1718198,1.7798425
2022-10-04,2.9186475360382316,5,1.2213136,1.2358148
2022-10-12,-0.016742737155534388,10,1.2330828,1.5759808
2022-10-27,-0.3161894770599074,21,1.2842361,1.3385353
2022-09-29,0.9433112959962192,1,1.1515824,1.4014968
2022-10-03,1.0683211877693193,3,1.1724724,1.5947574
2022-10-05,0.4742639139589066,5,1.2087469,1.8021307
2022-10-13,-0.6057297051160201,10,1.2327052,1.369376
2022-10-28,-0.8816919498206328,21,1.2854072,1.2068312
2022-09-30,-1.8520265034401056,1,1.1718198,1.5642622
2022-10-04,2.9186475360382316,3,1.2213136,1.6453909
2022-10-06,0.7009584841032807,5,1.2117453,1.6413879
2022-10-14,3.2006068591212564,10,1.2994227,1.6729426
2022-10-31,1.7635793057989482,21,1.293468,1.4027191
2022-10-03,1.0683211877693193,1,1.1724724,1.6133667
2022-10-05,0.4742639139589066,3,1.2087469,1.8856549
2022-10-07,-0.7172571412214898,5,1.2076365,1.970905
2022-10-17,-1.1694615663752996,10,1.3057028,1.4557778
2022-11-01,0.3309754192086985,21,1.292326,1.5487051
2022-10-04,2.9186475360382316,1,1.2213136,1.4848908
2022-10-06,0.7009584841032807,3,1.2117453,1.7452486
2022-10-11,-2.671663564077001,5,1.2350737,1.4127451
2022-10-18,1.410510881864402,10,1.272958,1.875543
2022-11-02,-0.056120885193013885,21,1.2891816,1.3839027
2022-10-05,0.4742639139589066,1,1.2087469,1.7029352
2022-10-07,-0.7172571412214898,3,1.2076365,1.8315053
2022-10-12,-0.016742737155534388,5,1.2330828,1.8332633
2022-10-19,0.37211468192249614,10,1.2725463,1.5818157
2022-11-04,-1.6902477923210206,21,1.3016825,1.6198473
2022-10-06,0.7009584841032807,1,1.2117453,1.270458
2022-10-11,-2.671663564077001,3,1.2350737,1.1906617
2022-10-13,-0.6057297051160201,5,1.2327052,1.5132968
2022-10-20,-0.9229696382430504,10,1.2763668,1.8361641
2022-11-07,1.1983190470849874,21,1.3111788,1.4396237
2022-10-07,-0.7172571412214898,1,1.2076365,1.8167967
2022-10-12,-0.016742737155534388,3,1.2330828,1.4925884
2022-10-14,3.2006068591212564,5,1.2994227,1.4900576
2022-10-21,-0.43186029663087644,10,1.273856,1.4092765
2022-11-08,1.2435911331146707,21,1.3167835,1.5457872
2022-10-11,-2.671663564077001,1,1.2350737,1.3925785
2022-10-13,-0.6057297051160201,3,1.2327052,1.4277568
2022-10-17,-1.1694615663752996,5,1.3057028,1.3723161
2022-10-24,0.3130776172055398,10,1.274625,1.7543262
2022-11-09,-0.5601157977400343,21,1.3161144,1.2721575
2022-10-12,-0.016742737155534388,1,1.2330828,1.7977663
2022-10-14,3.2006068591212564,3,1.2994227,1.8650508
2022-10-18,1.410510881864402,5,1.272958,2.0609794
2022-10-25,1.0156952001189334,10,1.281517,1.4676576
2022-11-10,-0.9801299747598842,21,1.2771505,1.7748386
2022-10-13,-0.6057297051160201,1,1.2327052,1.5707269
2022-10-17,-1.1694615663752996,3,1.3057028,1.5956905
2022-10-19,0.37211468192249614,5,1.2725463,1.7003782
2022-10-26,0.66406063600824,10,1.2836818,1.6999102
2022-11-11,2.934964017180095,21,1.3260876,1.4077051
2022-10-14,3.2006068591212564,1,1.2994227,2.0124445
2022-10-18,1.410510881864402,3,1.272958,2.1847217
2022-10-20,-0.9229696382430504,5,1.2763668,1.8715911
2022-10-27,-0.3161894770599074,10,1.2842361,1.5525919
2022-11-14,-1.0674666623297577,21,1.3327535,1.4962984
2022-10-17,-1.1694615663752996,1,1.3057028,1.4476032
2022-10-19,0.37211468192249614,3,1.2725463,1.8314208
2022-10-21,-0.43186029663087644,5,1.273856,1.4311018
2022-10-28,-0.8816919498206328,10,1.2854072,1.4517705
2022-11-15,0.09543336404257302,21,1.3224417,1.2029828
2022-10-18,1.410510881864402,1,1.272958,1.8468307
2022-10-20,-0.9229696382430504,3,1.2763668,2.070193
2022-10-24,0.3130776172055398,5,1.274625,1.9831195
2022-10-31,1.7635793057989482,10,1.293468,1.4219816
2022-11-16,0.13613675912769013,21,1.3174683,1.3776202
2022-10-19,0.37211468192249614,1,1.2725463,1.4829832
2022-10-21,-0.43186029663087644,3,1.273856,1.4730945
2022-10-25,1.0156952001189334,5,1.281517,1.5627369
2022-11-01,0.3309754192086985,10,1.292326,1.6538845
2022-11-17,-0.34929428061851564,21,1.3180197,1.3315983
2022-10-20,-0.9229696382430504,1,1.2763668,1.6518412
2022-10-24,0.3130776172055398,3,1.274625,1.7508397
2022-10-26,0.66406063600824,5,1.2836818,1.585855
2022-11-02,-0.056120885193013885,10,1.2891816,1.3880852
2022-11-18,-0.11033708360367663,21,1.3169312,1.4819909
2022-10-21,-0.43186029663087644,1,1.273856,1.4645976
2022-10-25,1.0156952001189334,3,1.281517,1.6353232
2022-10-27,-0.3161894770599074,5,1.2842361,1.5281029
2022-11-04,-1.6902477923210206,10,1.3016825,1.504641
2022-11-21,0.16123161194662505,21,1.3086195,1.2778327
2022-10-24,0.3130776172055398,1,1.274625,1.6500714
2022-10-26,0.66406063600824,3,1.2836818,1.5218027
2022-10-28,-0.8816919498206328,5,1.2854072,1.6449705
2022-11-07,1.1983190470849874,10,1.3111788,1.665423
2022-11-22,0.6098825819371523,21,1.3097656,1.4791538
2022-10-25,1.0156952001189334,1,1.281517,1.3299459
2022-10-27,-0.3161894770599074,3,1.2842361,1.563456
2022-10-31,1.7635793057989482,5,1.293468,1.4621366
2022-11-08,1.2435911331146707,10,1.3167835,1.5855925
2022-11-24,0.9463969589151225,21,1.3133975,1.3083506
2022-10-26,0.66406063600824,1,1.2836818,1.6497945
2022-10-28,-0.8816919498206328,3,1.2854072,1.3635184
2022-11-01,0.3309754192086985,5,1.292326,1.3261355
2022-11-09,-0.5601157977400343,10,1.3161144,1.622086
2022-11-25,-0.35315865067020663,21,1.3119577,1.3716043
2022-10-27,-0.3161894770599074,1,1.2842361,1.1924987
2022-10-31,1.7635793057989482,3,1.293468,1.4370996
2022-11-02,-0.056120885193013885,5,1.2891816,1.2576442
2022-11-10,-0.9801299747598842,10,1.2771505,1.4126731
2022-11-28,-0.4258927112337006,21,1.2653406,1.3939832
2022-10-28,-0.8816919498206328,1,1.2854072,1.2133527
2022-11-01,0.3309754192086985,3,1.292326,1.0694726
2022-11-04,-1.6902477923210206,5,1.3016825,1.3484441
2022-11-11,2.934964017180095,10,1.3260876,1.1935978
2022-11-29,-0.48047298334357197,21,1.2584013,1.1794425
2022-10-31,1.7635793057989482,1,1.293468,1.5271125
2022-11-02,-0.056120885193013885,3,1.2891816,1.1169163
2022-11-07,1.1983190470849874,5,1.3111788,1.287036
2022-11-14,-1.0674666623297577,10,1.3327535,1.2993813
2022-11-30,-0.21018915163270305,21,1.2577966,1.3199292
2022-11-01,0.3309754192086985,1,1.292326,1.3481266
2022-11-04,-1.6902477923210206,3,1.3016825,1.5428175
2022-11-08,1.2435911331146707,5,1.3167835,1.3660144
2022-11-15,0.09543336404257302,10,1.3224417,1.2493683
2022-12-01,0.9149971198193265,21,1.2469171,1.3619345
2022-11-02,-0.056120885193013885,1,1.2891816,1.2519864
2022-11-07,1.1983190470849874,3,1.3111788,1.2149069
2022-11-09,-0.5601157977400343,5,1.3161144,1.1954428
2022-11-16,0.13613675912769013,10,1.3174683,1.2455647
2022-12-02,-1.6005621443123261,21,1.264631,1.0819634
2022-11-04,-1.6902477923210206,1,1.3016825,1.1503432
2022-11-08,1.2435911331146707,3,1.3167835,1.2318834
2022-11-10,-0.9801299747598842,5,1.2771505,1.1227989
2022-11-17,-0.34929428061851564,10,1.3180197,1.3407859
2022-12-05,0.15288239993220076,21,1.2646669,1.0114144
2022-11-07,1.1983190470849874,1,1.3111788,1.4410504
2022-11-09,-0.5601157977400343,3,1.3161144,1.3044717
2022-11-11,2.934964017180095,5,1.3260876,1.3988671
2022-11-18,-0.11033708360367663,10,1.3169312,1.0745478
2022-12-06,0.23504995287951858,21,1.264994,1.3552663
2022-11-08,1.2435911331146707,1,1.3167835,1.2908032
2022-11-10,-0.9801299747598842,3,1.2771505,1.2436773
2022-11-14,-1.0674666623297577,5,1.3327535,1.1284585
2022-11-21,0.16123161194662505,10,1.3086195,1.1531692
2022-12-07,-0.7178746101496469,21,1.2650442,1.0369378
2022-11-09,-0.5601157977400343,1,1.3161144,1.0927899
2022-11-11,2.934964017180095,3,1.3260876,1.20922
2022-11-15,0.09543336404257302,5,1.3224417,1.1251574
2022-11-22,0.6098825819371523,10,1.3097656,1.2871501
2022-12-08,-0.40524493100009795,21,1.2303327,0.9430904
2022-11-10,-0.9801299747598842,1,1.2771505,1.204832
2022-11-14,-1.0674666623297577,3,1.3327535,1.1132641
2022-11-16,0.13613675912769013,5,1.3174683,1.2933687
2022-11-24,0.9463969589151225,10,1.3133975,1.2943227
2022-12-09,1.1773997793297175,21,1.2381271,1.1672529
2022-11-11,2.934964017180095,1,1.3260876,1.5262446
2022-11-15,0.09543336404257302,3,1.3224417,1.2845633
2022-11-17,-0.34929428061851564,5,1.3180197,1.2471058
2022-11-25,-0.35315865067020663,10,1.3119577,1.3182342
2022-12-12,-0.21053531897926378,21,1.2287263,1.2028816
2022-11-14,-1.0674666623297577,1,1.3327535,1.195025
2022-11-16,0.13613675912769013,3,1.3174683,1.2263751
2022-11-18,-0.11033708360367663,5,1.3169312,1.3563854
2022-11-28,-0.4258927112337006,10,1.2653406,1.5179448
2022-12-13,0.4033167425467943,21,1.2294866,1.1221701
2022-11-15,0.09543336404257302,1,1.3224417,1.2400364
2022-11-17,-0.34929428061851564,3,1.3180197,1.6377714
2022-11-21,0.16123161194662505,5,1.3086195,1.3724748
2022-11-29,-0.48047298334357197,10,1.2584013,1.1978776
2022-12-14,0.7177272735879849,21,1.1775346,1.4090472
2022-11-16,0.13613675912769013,1,1.3174683,1.404334
2022-11-18,-0.11033708360367663,3,1.3169312,1.2092842
2022-11-22,0.6098825819371523,5,1.3097656,1.3415099
2022-11-30,-0.21018915163270305,10,1.2577966,1.5776582
2022-12-15,-0.3718759117781324,21,1.178352,1.1753873
2022-11-17,-0.34929428061851564,1,1.3180197,1.4846823
2022-11-21,0.16123161194662505,3,1.3086195,1.3442199
2022-11-24,0.9463969589151225,5,1.3133975,1.2804006
2022-12-01,0.9149971198193265,10,1.2469171,1.3190329
2022-12-16,-1.8877539028801464,21,1.1950152,1.2924072
2022-11-18,-0.11033708360367663,1,1.3169312,1.2314926
2022-11-22,0.6098825819371523,3,1.3097656,1.1335498
2022-11-25,-0.35315865067020663,5,1.3119577,1.1966817
2022-12-02,-1.6005621443123261,10,1.264631,1.4560083
2022-12-19,-1.057180613749391,21,1.2012538,1.1484206
2022-11-21,0.16123161194662505,1,1.3086195,1.3006642
2022-11-24,0.9463969589151225,3,1.3133975,1.2165083
2022-11-28,-0.4258927112337006,5,1.2653406,1.4752284
2022-12-05,0.15288239993220076,10,1.2646669,1.1305666
2022-12-20,-2.489127638949298,21,1.2308772,1.2839756
2022-11-22,0.6098825819371523,1,1.3097656,1.2853458
2022-11-25,-0.35315865067020663,3,1.3119577,1.3620596
2022-11-29,-0.48047298334357197,5,1.2584013,1.1405075
2022-12-06,0.23504995287951858,10,1.264994,1.4026604
2022-12-21,-0.6809809720177208,21,1.231652,1.0374273
2022-11-24,0.9463969589151225,1,1.3133975,1.4442539
2022-11-28,-0.4258927112337006,3,1.2653406,1.2147204
2022-11-30,-0.21018915163270305,5,1.2577966,1.4244215
2022-12-07,-0.7178746101496469,10,1.2650442,1.2565228
2022-12-22,0.45428605479564926,21,1.1830317,1.1371903
2022-11-25,-0.35315865067020663,1,1.3119577,1.2900738
2022-11-29,-0.48047298334357197,3,1.2584013,1.1084733
2022-12-01,0.9149971198193265,5,1.2469171,1.0288002
2022-12-08,-0.40524493100009795,10,1.2303327,1.1179767
2022-12-23,-1.0337711266382608,21,1.1884823,1.1600723
2022-11-28,-0.4258927112337006,1,1.2653406,1.2437614
2022-11-30,-0.21018915163270305,3,1.2577966,1.0088527
2022-12-02,-1.6005621443123261,5,1.264631,1.2918541
2022-12-09,1.1773997793297175,10,1.2381271,1.1715276
2022-12-26,0.6482375028426324,21,1.1752748,1.1683455
2022-11-29,-0.48047298334357197,1,1.2584013,1.1173055
2022-12-01,0.9149971198193265,3,1.2469171,1.1521493
2022-12-05,0.15288239993220076,5,1.2646669,1.1308317
2022-12-12,-0.21053531897926378,10,1.2287263,1.0726833
2022-12-27,0.15892918914070267,21,1.1691167,1.0643654
2022-11-30,-0.21018915163270305,1,1.2577966,1.4181513
2022-12-02,-1.6005621443123261,3,1.264631,1.3631217
2022-12-06,0.23504995287951858,5,1.264994,1.3267815
2022-12-13,0.4033167425467943,10,1.2294866,1.2755513
2022-12-28,-0.40679145968819064,21,1.1449163,1.2159855
2022-12-01,0.9149971198193265,1,1.2469171,1.189452
2022-12-05,0.15288239993220076,3,1.2646669,1.1060662
2022-12-07,-0.7178746101496469,5,1.2650442,1.1585251
2022-12-14,0.7177272735879849,10,1.1775346,1.2345842
2022-12-29,-0.9414925486891277,21,1.1432952,1.0762289
2022-12-02,-1.6005621443123261,1,1.264631,1.4274995
2022-12-06,0.23504995287951858,3,1.264994,1.3407795
2022-12-08,-0.40524493100009795,5,1.2303327,1.1707922
2022-12-15,-0.3718759117781324,10,1.178352,1.3980367
2022-12-30,0.0031810968896288268,21,1.0768344,1.3260038
2022-12-05,0.15288239993220076,1,1.2646669,1.0788782
2022-12-07,-0.7178746101496469,3,1.2650442,1.1554481
2022-12-09,1.1773997793297175,5,1.2381271,1.3450617
2022-12-16,-1.8877539028801464,10,1.1950152,1.3688816
2023-01-04,-1.4577780520938353,21,1.0895102,1.0622822
2022-12-06,0.23504995287951858,1,1.264994,1.3370961
2022-12-08,-0.40524493100009795,3,1.2303327,1.1923627
2022-12-12,-0.21053531897926378,5,1.2287263,1.1840066
2022-12-19,-1.057180613749391,10,1.2012538,1.1971073
2023-01-05,0.40336152965622235,21,1.0865283,1.1118306
2022-12-07,-0.7178746101496469,1,1.2650442,1.2202716
2022-12-09,1.1773997793297175,3,1.2381271,0.9889278
2022-12-13,0.4033167425467943,5,1.2294866,1.1477761
2022-12-20,-2.489127638949298,10,1.2308772,1.0429207
2023-01-06,0.5909848697618759,21,1.0869261,1.067743
2022-12-08,-0.40524493100009795,1,1.2303327,1.4072428
2022-12-12,-0.21053531897926378,3,1.2287263,1.0221913
2022-12-14,0.7177272735879849,5,1.1775346,1.1501245
2022-12-21,-0.6809809720177208,10,1.231652,1.2592559
2023-01-10,0.773592425440218,21,1.0371096,1.1295654
2022-12-09,1.1773997793297175,1,1.2381271,1.3943142
2022-12-13,0.4033167425467943,3,1.2294866,1.1314478
2022-12-15,-0.3718759117781324,5,1.178352,1.3690833
2022-12-22,0.45428605479564926,10,1.1830317,1.3599764
2023-01-11,1.027874625394543,21,1.0457997,1.1924977
2022-12-12,-0.21053531897926378,1,1.2287263,1.0878844
2022-12-14,0.7177272735879849,3,1.1775346,1.070214
2022-12-16,-1.8877539028801464,5,1.1950152,1.3091092
2022-12-23,-1.0337711266382608,10,1.1884823,1.2490398
2023-01-12,0.014444666834065978,21,1.0427407,1.0703397
2022-12-13,0.4033167425467943,1,1.2294866,1.2939997
2022-12-15,-0.3718759117781324,3,1.178352,1.23564
2022-12-19,-1.057180613749391,5,1.2012538,1.3846315
2022-12-26,0.6482375028426324,10,1.1752748,1.1065258
2023-01-13,-1.2566455232761584,21,0.96791863,1.2415737
2022-12-14,0.7177272735879849,1,1.1775346,1.0910696
2022-12-16,-1.8877539028801464,3,1.1950152,0.9943242
2022-12-20,-2.489127638949298,5,1.2308772,0.9476453
2022-12-27,0.15892918914070267,10,1.1691167,1.2187632
2023-01-16,-1.1443663259038128,21,0.9674368,0.9661968
2022-12-15,-0.3718759117781324,1,1.178352,1.3697767
2022-12-19,-1.057180613749391,3,1.2012538,1.0706604
2022-12-21,-0.6809809720177208,5,1.231652,1.0115652
2022-12-28,-0.40679145968819064,10,1.1449163,1.1870255
2023-01-17,1.2176951332297214,21,0.96277684,1.0145881
2022-12-16,-1.8877539028801464,1,1.1950152,1.0165421
2022-12-20,-2.489127638949298,3,1.2308772,1.0287989
2022-12-22,0.45428605479564926,5,1.1830317,1.2157336
2022-12-29,-0.9414925486891277,10,1.1432952,1.0526367
2023-01-18,2.4654259606584668,21,1.0153291,1.0072709
2022-12-19,-1.057180613749391,1,1.2012538,1.2277797
2022-12-21,-0.6809809720177208,3,1.231652,1.3301528
2022-12-23,-1.0337711266382608,5,1.1884823,1.3779954
2022-12-30,0.0031810968896288268,10,1.0768344,0.92747486
2023-01-19,-1.4508342905426903,21,1.0254452,1.2813971
2022-12-20,-2.489127638949298,1,1.2308772,1.2552941
2022-12-22,0.45428605479564926,3,1.1830317,1.3015316
2022-12-26,0.6482375028426324,5,1.1752748,1.0516115
2023-01-04,-1.4577780520938353,10,1.0895102,1.2617012
2023-01-20,0.560055471133265,21,1.0269752,1.1168702
2022-12-21,-0.6809809720177208,1,1.231652,1.5124011
2022-12-23,-1.0337711266382608,3,1.1884823,1.6840963
2022-12-27,0.15892918914070267,5,1.1691167,1.3826382
2023-01-05,0.40336152965622235,10,1.0865283,1.3399162
2023-01-23,1.3188092820059603,21,1.0406376,1.2015258
2022-12-22,0.45428605479564926,1,1.1830317,1.4592191
2022-12-26,0.6482375028426324,3,1.1752748,1.2461889
2022-12-28,-0.40679145968819064,5,1.1449163,1.4245453
2023-01-06,0.5909848697618759,10,1.0869261,1.5033734
2023-01-24,1.4506249512405751,21,1.0493412,1.1676905
2022-12-23,-1.0337711266382608,1,1.1884823,1.3412553
2022-12-27,0.15892918914070267,3,1.1691167,1.2174168
2022-12-29,-0.9414925486891277,5,1.1432952,1.4247663
2023-01-10,0.773592425440218,10,1.0371096,1.1616968
2023-01-25,0.35038600766123557,21,1.0467701,1.2236347
2022-12-26,0.6482375028426324,1,1.1752748,1.287869
2022-12-28,-0.40679145968819064,3,1.1449163,1.2662964
2022-12-30,0.0031810968896288268,5,1.0768344,1.1295335
2023-01-11,1.027874625394543,10,1.0457997,1.3763832
2023-01-26,-0.11782720657431071,21,1.0460747,0.9996717
2022-12-27,0.15892918914070267,1,1.1691167,1.5917284
2022-12-29,-0.9414925486891277,3,1.1432952,1.3139212
2023-01-04,-1.4577780520938353,5,1.0895102,1.4183208
2023-01-12,0.014444666834065978,10,1.0427407,1.2107035
2023-01-27,0.07237349662215631,21,1.0396603,1.2857193
2022-12-28,-0.40679145968819064,1,1.1449163,1.1813818
2022-12-30,0.0031810968896288268,3,1.0768344,1.1077572
2023-01-05,0.40336152965622235,5,1.0865283,1.2065642
2023-01-13,-1.2566455232761584,10,0.96791863,1.2976319
2023-01-30,0.18549290191328924,21,1.0143794,1.057993
2022-12-29,-0.9414925486891277,1,1.1432952,1.347235
2023-01-04,-1.4577780520938353,3,1.0895102,0.89444005
2023-01-06,0.5909848697618759,5,1.0869261,1.3514148
2023-01-16,-1.1443663259038128,10,0.9674368,1.2934861
2023-01-31,-0.38820365100884013,21,1.014539,1.1600411
2022-12-30,0.0031810968896288268,1,1.0768344,1.330457
2023-01-05,0.40336152965622235,3,1.0865283,1.2397248
2023-01-10,0.773592425440218,5,1.0371096,1.4643857
2023-01-17,1.2176951332297214,10,0.96277684,1.1528122
2023-02-01,0.07232501287029333,21,1.0145998,1.3794494
2023-01-04,-1.4577780520938353,1,1.0895102,1.237194
2023-01-06,0.5909848697618759,3,1.0869261,1.3484035
2023-01-11,1.027874625394543,5,1.0457997,1.3373516
2023-01-18,2.4654259606584668,10,1.0153291,1.4208403
2023-02-02,0.20153796209588956,21,0.99090743,1.138087
2023-01-05,0.40336152965622235,1,1.0865283,1.2309985
2023-01-10,0.773592425440218,3,1.0371096,1.224538
2023-01-12,0.014444666834065978,5,1.0427407,1.5163996
2023-01-19,-1.4508342905426903,10,1.0254452,1.3942744
2023-02-03,0.39121229730546053,21,0.9799526,1.1786473
2023-01-06,0.5909848697618759,1,1.0869261,1.4804837
2023-01-11,1.027874625394543,3,1.0457997,1.4471751
2023-01-13,-1.2566455232761584,5,0.96791863,1.261634
2023-01-20,0.560055471133265,10,1.0269752,1.6318678
2023-02-06,0.6673179544043314,21,0.97032326,1.3563133
2023-01-10,0.773592425440218,1,1.0371096,1.5023756
2023-01-12,0.014444666834065978,3,1.0427407,0.98520297
2023-01-16,-1.1443663259038128,5,0.9674368,1.3506207
2023-01-23,1.3188092820059603,10,1.0406376,1.3019731
2023-02-07,-0.029540691141117164,21,0.96764535,1.2592393
2023-01-11,1.027874625394543,1,1.0457997,1.2240607
2023-01-13,-1.2566455232761584,3,0.96791863,1.374895
2023-01-17,1.2176951332297214,5,0.96277684,1.1566229
2023-01-24,1.4506249512405751,10,1.0493412,1.2477915
2023-02-08,-0.2857914963641302,21,0.9598684,1.1029055
2023-01-12,0.014444666834065978,1,1.0427407,1.0994427
2023-01-16,-1.1443663259038128,3,0.9674368,1.0920248
2023-01-18,2.4654259606584668,5,1.0153291,1.3824273
2023-01-25,0.35038600766123557,10,1.0467701,1.1528707
2023-02-09,-0.08012685115119005,21,0.87970465,1.1839907
2023-01-13,-1.2566455232761584,1,0.96791863,1.2975159
2023-01-17,1.2176951332297214,3,0.96277684,1.0214603
2023-01-19,-1.4508342905426903,5,1.0254452,1.0373877
2023-01-26,-0.11782720657431071,10,1.0460747,1.0445235
2023-02-10,0.31356587766148225,21,0.870398,1.0565168
2023-01-16,-1.1443663259038128,1,0.9674368,1.3932602
2023-01-18,2.4654259606584668,3,1.0153291,1.4124761
2023-01-20,0.560055471133265,5,1.0269752,1.3277287
2023-01-27,0.07237349662215631,10,1.0396603,1.1489518
2023-02-13,-0.8844619206005223,21,0.87740743,1.0160537
2023-01-17,1.2176951332297214,1,0.96277684,1.1182898
2023-01-19,-1.4508342905426903,3,1.0254452,1.3844811
2023-01-23,1.3188092820059603,5,1.0406376,1.4598497
2023-01-30,0.18549290191328924,10,1.0143794,1.1408975
2023-02-14,0.6376504698627659,21,0.88143384,1.0585625
2023-01-18,2.4654259606584668,1,1.0153291,1.5965693
2023-01-20,0.560055471133265,3,1.0269752,1.4623982
2023-01-24,1.4506249512405751,5,1.0493412,1.5350491
2023-01-31,-0.38820365100884013,10,1.014539,1.0923576
2023-02-15,-0.36624970008025504,21,0.88154215,1.4407176
2023-01-19,-1.4508342905426903,1,1.0254452,1.180156
2023-01-23,1.3188092820059603,3,1.0406376,1.3678554
2023-01-25,0.35038600766123557,5,1.0467701,1.1604364
2023-02-01,0.07232501287029333,10,1.0145998,1.4087223
2023-02-16,0.7050249309804929,21,0.8864873,0.9428313
2023-01-20,0.560055471133265,1,1.0269752,1.5191016
2023-01-24,1.4506249512405751,3,1.0493412,1.659163
2023-01-26,-0.11782720657431071,5,1.0460747,1.3739039
2023-02-02,0.20153796209588956,10,0.99090743,1.3921767
2023-02-17,-0.664048882508275,21,0.89014584,1.1503654
2023-01-23,1.3188092820059603,1,1.0406376,1.2889339
2023-01-25,0.35038600766123557,3,1.0467701,1.266692
2023-01-27,0.07237349662215631,5,1.0396603,1.4081568
2023-02-03,0.39121229730546053,10,0.9799526,1.2880198
2023-02-20,0.06833888802475173,21,0.88632685,1.2522305
2023-01-24,1.4506249512405751,1,1.0493412,1.1658661
2023-01-26,-0.11782720657431071,3,1.0460747,1.0713515
2023-01-30,0.18549290191328924,5,1.0143794,1.240176
2023-02-06,0.6673179544043314,10,0.97032326,1.1707548
2023-02-21,-0.21394354843213467,21,0.8771627,1.1585811
2023-01-25,0.35038600766123557,1,1.0467701,1.1255088
2023-01-27,0.07237349662215631,3,1.0396603,0.9814762
2023-01-31,-0.38820365100884013,5,1.014539,0.9952618
2023-02-07,-0.029540691141117164,10,0.96764535,1.4148057
2023-02-22,-1.351419359891925,21,0.8922645,1.0967234
2023-01-26,-0.11782720657431071,1,1.0460747,1.2514616
2023-01-30,0.18549290191328924,3,1.0143794,1.296339
2023-02-01,0.07232501287029333,5,1.0145998,0.90727556
2023-02-08,-0.2857914963641302,10,0.9598684,1.241889
2023-02-24,1.2799816645850037,21,0.90780556,1.1226667
2023-01-27,0.07237349662215631,1,1.0396603,1.2354243
2023-01-31,-0.38820365100884013,3,1.014539,0.95838404
2023-02-02,0.20153796209588956,5,0.99090743,1.2521225
2023-02-09,-0.08012685115119005,10,0.87970465,1.2448952
2023-02-27,-0.10758349274588513,21,0.90603113,1.1032832
2023-01-30,0.18549290191328924,1,1.0143794,1.1157804
2023-02-01,0.07232501287029333,3,1.0145998,0.97765803
2023-02-03,0.39121229730546053,5,0.9799526,1.0890954
2023-02-10,0.31356587766148225,10,0.870398,1.1812563
2023-02-28,0.07873081414376858,21,0.90585905,1.1072973
2023-01-31,-0.38820365100884013,1,1.014539,1.1402954
2023-02-02,0.20153796209588956,3,0.99090743,0.983992
2023-02-06,0.6673179544043314,5,0.97032326,1.0437632
2023-02-13,-0.8844619206005223,10,0.87740743,1.2812479
2023-03-01,0.2582463281266135,21,0.89816374,1.1893809
2023-02-01,0.07232501287029333,1,1.0145998,1.2806802
2023-02-03,0.39121229730546053,3,0.9799526,1.2982746
2023-02-07,-0.029540691141117164,5,0.96764535,1.1778163
2023-02-14,0.6376504698627659,10,0.88143384,1.134928
2023-03-02,-0.06420077781187239,21,0.87458026,1.0737088
2023-02-02,0.20153796209588956,1,0.99090743,1.1584604
2023-02-06,0.6673179544043314,3,0.97032326,1.1438609
2023-02-08,-0.2857914963641302,5,0.9598684,1.0697474
2023-02-15,-0.36624970008025504,10,0.88154215,1.1455367
2023-03-03,1.5465935761209577,21,0.8973752,0.9775491
2023-02-03,0.39121229730546053,1,0.9799526,1.0659931
2023-02-07,-0.029540691141117164,3,0.96764535,1.0820587
2023-02-09,-0.08012685115119005,5,0.87970465,1.0642037
2023-02-16,0.7050249309804929,10,0.8864873,1.0097759
2023-03-06,1.1049955307690156,21,0.9080961,0.9465937
2023-02-06,0.6673179544043314,1,0.97032326,1.2425301
2023-02-08,-0.2857914963641302,3,0.9598684,0.95455813
2023-02-10,0.31356587766148225,5,0.870398,0.78816384
2023-02-17,-0.664048882508275,10,0.89014584,1.0366827
2023-03-07,0.25246599720486007,21,0.90334415,1.019109
2023-02-07,-0.029540691141117164,1,0.96764535,0.95824766
2023-02-09,-0.08012685115119005,3,0.87970465,1.2064478
2023-02-13,-0.8844619206005223,5,0.87740743,1.1876024
2023-02-20,0.06833888802475173,10,0.88632685,1.0329502
2023-03-08,0.47584698557432337,21,0.9031935,1.0458379
2023-02-08,-0.2857914963641302,1,0.9598684,0.99045485
2023-02-10,0.31356587766148225,3,0.870398,0.9405528
2023-02-14,0.6376504698627659,5,0.88143384,1.0109786
2023-02-21,-0.21394354843213467,10,0.8771627,0.99901307
2023-03-09,0.6271942047493668,21,0.8943207,1.0038538
2023-02-09,-0.08012685115119005,1,0.87970465,1.3205632
2023-02-13,-0.8844619206005223,3,0.87740743,1.1561134
2023-02-15,-0.36624970008025504,5,0.88154215,1.3017833
2023-02-22,-1.351419359891925,10,0.8922645,1.1576717
2023-03-10,-1.6882697580858388,21,0.9213491,1.0622368
2023-02-10,0.31356587766148225,1,0.870398,1.0215224
2023-02-14,0.6376504698627659,3,0.88143384,1.0719535
2023-02-16,0.7050249309804929,5,0.8864873,1.0019062
2023-02-24,1.2799816645850037,10,0.90780556,1.3316666
2023-03-13,-1.111218342304656,21,0.9313056,1.0169327
2023-02-13,-0.8844619206005223,1,0.87740743,1.157439
2023-02-15,-0.36624970008025504,3,0.88154215,1.1028366
2023-02-17,-0.664048882508275,5,0.89014584,1.1396139
2023-02-27,-0.10758349274588513,10,0.90603113,1.4553989
2023-03-14,-2.219405873863012,21,0.96898115,1.0510991
2023-02-14,0.6376504698627659,1,0.88143384,1.0248376
2023-02-16,0.7050249309804929,3,0.8864873,1.2443587
2023-02-20,0.06833888802475173,5,0.88632685,1.2505893
2023-02-28,0.07873081414376858,10,0.90585905,1.3107586
2023-03-15,0.027332226392899634,21,0.96814734,1.0777493
2023-02-15,-0.36624970008025504,1,0.88154215,1.2838105
2023-02-17,-0.664048882508275,3,0.89014584,0.93703884
2023-02-21,-0.21394354843213467,5,0.8771627,1.2322624
2023-03-01,0.2582463281266135,10,0.89816374,1.3283501
2023-03-16,-0.8070498494962401,21,0.94309855,1.3472067
2023-02-16,0.7050249309804929,1,0.8864873,1.3295958
2023-02-20,0.06833888802475173,3,0.88632685,1.0587616
2023-02-22,-1.351419359891925,5,0.8922645,1.1680827
2023-03-02,-0.06420077781187239,10,0.87458026,1.1312867
2023-03-17,1.1893902836930397,21,0.94628096,1.1021551
2023-02-17,-0.664048882508275,1,0.89014584,1.2744839
2023-02-21,-0.21394354843213467,3,0.8771627,0.94852954
2023-02-24,1.2799816645850037,5,0.90780556,1.1733952
2023-03-03,1.5465935761209577,10,0.8973752,1.5248904
2023-03-20,-1.430101783178469,21,0.9080591,1.0636458
2023-02-20,0.06833888802475173,1,0.88632685,1.078105
2023-02-22,-1.351419359891925,3,0.8922645,1.2945497
2023-02-27,-0.10758349274588513,5,0.90603113,1.4369643
2023-03-06,1.1049955307690156,10,0.9080961,1.113969
2023-03-22,1.9148448739832256,21,0.9353525,1.1603296
2023-02-21,-0.21394354843213467,1,0.8771627,1.1248496
2023-02-24,1.2799816645850037,3,0.90780556,1.0977457
2023-02-28,0.07873081414376858,5,0.90585905,1.1517313
2023-03-07,0.25246599720486007,10,0.90334415,1.2973815
2023-03-23,-0.17126343391268858,21,0.934446,0.94602644
2023-02-22,-1.351419359891925,1,0.8922645,1.3770866
2023-02-27,-0.10758349274588513,3,0.90603113,1.3803778
2023-03-01,0.2582463281266135,5,0.89816374,1.2322674
2023-03-08,0.47584698557432337,10,0.9031935,1.1160612
2023-03-24,-0.1253880765083157,21,0.9237824,1.1660081
2023-02-24,1.2799816645850037,1,0.90780556,1.1967175
2023-02-28,0.07873081414376858,3,0.90585905,1.4974502
2023-03-02,-0.06420077781187239,5,0.87458026,1.2059063
2023-03-09,0.6271942047493668,10,0.8943207,1.2827077
2023-03-27,0.33399812924249034,21,0.92134476,1.1207986
2023-02-27,-0.10758349274588513,1,0.90603113,1.4643338
2023-03-01,0.2582463281266135,3,0.89816374,1.113237
2023-03-03,1.5465935761209577,5,0.8973752,1.4916112
2023-03-10,-1.6882697580858388,10,0.9213491,1.2779578
2023-03-28,0.15048923552213392,21,0.921331,1.1205049
2023-02-28,0.07873081414376858,1,0.90585905,1.1274397
2023-03-02,-0.06420077781187239,3,0.87458026,1.2195171
2023-03-06,1.1049955307690156,5,0.9080961,1.058533
2023-03-13,-1.111218342304656,10,0.9313056,1.2975975
2023-03-29,1.3195711620534936,21,0.9331922,1.087668
2023-03-01,0.2582463281266135,1,0.89816374,1.4319695
2023-03-03,1.5465935761209577,3,0.8973752,1.1249825
2023-03-07,0.25246599720486007,5,0.90334415,1.3075111
2023-03-14,-2.219405873863012,10,0.96898115,1.2035261
2023-03-30,-0.3623340468636821,21,0.92525196,1.3743716
2023-03-02,-0.06420077781187239,1,0.87458026,1.1713626
2023-03-06,1.1049955307690156,3,0.9080961,0.9865266
2023-03-08,0.47584698557432337,5,0.9031935,0.8894408
2023-03-15,0.027332226392899634,10,0.96814734,1.1983539
2023-03-31,0.9263067151335685,21,0.93119377,0.9381122
2023-03-03,1.5465935761209577,1,0.8973752,1.3423705
2023-03-07,0.25246599720486007,3,0.90334415,1.0796844
2023-03-09,0.6271942047493668,5,0.8943207,1.2843683
2023-03-16,-0.8070498494962401,10,0.94309855,1.4040564
2023-04-03,0.5216831491597715,21,0.9091541,1.2039744
2023-03-06,1.1049955307690156,1,0.9080961,0.9455922
2023-03-08,0.47584698557432337,3,0.9031935,0.97859406
2023-03-10,-1.6882697580858388,5,0.9213491,1.1425388
2023-03-17,1.1893902836930397,10,0.94628096,1.0574365
2023-04-04,0.3515489367783688,21,0.9089368,1.1277404
2023-03-07,0.25246599720486007,1,0.90334415,1.3155754
2023-03-09,0.6271942047493668,3,0.8943207,1.2366786
2023-03-13,-1.111218342304656,5,0.9313056,1.1048625
2023-03-20,-1.430101783178469,10,0.9080591,1.1748265
2023-04-05,-1.6904303120466424,21,0.9375335,1.064924
2023-03-08,0.47584698557432337,1,0.9031935,0.97495687
2023-03-10,-1.6882697580858388,3,0.9213491,1.0055553
2023-03-14,-2.219405873863012,5,0.96898115,1.0645825
2023-03-22,1.9148448739832256,10,0.9353525,1.1450586
2023-04-06,-1.232260935546454,21,0.94930506,0.90925586
2023-03-09,0.6271942047493668,1,0.8943207,1.2256206
2023-03-13,-1.111218342304656,3,0.9313056,0.97810006
2023-03-15,0.027332226392899634,5,0.96814734,1.0979993
2023-03-23,-0.17126343391268858,10,0.934446,1.0450833
2023-04-07,0.16613535552784928,21,0.9412149,1.0882802
2023-03-10,-1.6882697580858388,1,0.9213491,1.0763105
2023-03-14,-2.219405873863012,3,0.96898115,0.91154826
2023-03-16,-0.8070498494962401,5,0.94309855,1.1493871
2023-03-24,-0.1253880765083157,10,0.9237824,1.0205137
2023-04-10,0.4182979360365764,21,0.9422816,0.93879074
2023-03-13,-1.111218342304656,1,0.9313056,1.2053453
2023-03-15,0.027332226392899634,3,0.96814734,1.2426302
2023-03-17,1.1893902836930397,5,0.94628096,1.2103206
2023-03-27,0.33399812924249034,10,0.92134476,1.1156007
2023-04-11,1.0429341310553681,21,0.9340143,1.125287
2023-03-14,-2.219405873863012,1,0.96898115,1.386438
2023-03-16,-0.8070498494962401,3,0.94309855,1.2535264
2023-03-20,-1.430101783178469,5,0.9080591,1.4754083
2023-03-28,0.15048923552213392,10,0.921331,1.325557
2023-04-12,0.5689758721851732,21,0.9210754,1.1895555
2023-03-15,0.027332226392899634,1,0.96814734,1.3640978
2023-03-17,1.1893902836930397,3,0.94628096,1.4075923
2023-03-22,1.9148448739832256,5,0.9353525,1.4617923
2023-03-29,1.3195711620534936,10,0.9331922,1.2821995
2023-04-13,0.26412504787430086,21,0.91032654,1.1497648
2023-03-16,-0.8070498494962401,1,0.94309855,1.5718029
2023-03-20,-1.430101783178469,3,0.9080591,1.2079141
2023-03-23,-0.17126343391268858,5,0.934446,1.4431236
2023-03-30,-0.3623340468636821,10,0.92525196,1.5421646
2023-04-14,1.1880011851249617,21,0.8686197,1.2894461
2023-03-17,1.1893902836930397,1,0.94628096,1.3215228
2023-03-22,1.9148448739832256,3,0.9353525,1.4639866
2023-03-24,-0.1253880765083157,5,0.9237824,1.4238504
2023-03-31,0.9263067151335685,10,0.93119377,1.2999241
2023-04-17,0.07475617912268337,21,0.8443642,1.2038023
2023-03-20,-1.430101783178469,1,0.9080591,1.4545033
2023-03-23,-0.17126343391268858,3,0.934446,1.4850309
2023-03-27,0.33399812924249034,5,0.92134476,1.262468
2023-04-03,0.5216831491597715,10,0.9091541,1.3480302
2023-04-18,0.5039076162568722,21,0.84390837,1.2029312
2023-03-22,1.9148448739832256,1,0.9353525,1.3510216
2023-03-24,-0.1253880765083157,3,0.9237824,1.6602201
2023-03-28,0.15048923552213392,5,0.921331,1.721997
2023-04-04,0.3515489367783688,10,0.9089368,1.4475272
2023-04-19,-0.1818555505755215,21,0.8301179,1.166799
2023-03-23,-0.17126343391268858,1,0.934446,1.722836
2023-03-27,0.33399812924249034,3,0.92134476,1.4868644
2023-03-29,1.3195711620534936,5,0.9331922,1.5781361
2023-04-05,-1.6904303120466424,10,0.9375335,1.4979212
2023-04-20,0.1774597210516303,21,0.81111896,1.6757116
2023-03-24,-0.1253880765083157,1,0.9237824,1.5599394
2023-03-28,0.15048923552213392,3,0.921331,1.4520111
2023-03-30,-0.3623340468636821,5,0.92525196,1.6402583
2023-04-06,-1.232260935546454,10,0.94930506,1.380959
2023-04-21,-0.3257535664922826,21,0.8120083,1.2922531
2023-03-27,0.33399812924249034,1,0.92134476,1.5256938
2023-03-29,1.3195711620534936,3,0.9331922,1.3444949
2023-03-31,0.9263067151335685,5,0.93119377,1.2442957
2023-04-07,0.16613535552784928,10,0.9412149,1.6454861
2023-04-24,0.10199954487352465,21,0.8116439,1.2462976
2023-03-28,0.15048923552213392,1,0.921331,1.5760154
2023-03-30,-0.3623340468636821,3,0.92525196,1.5419489
2023-04-03,0.5216831491597715,5,0.9091541,1.4676598
2023-04-10,0.4182979360365764,10,0.9422816,1.2948018
2023-04-25,0.0928128552270916,21,0.8116478,1.5365322
2023-03-29,1.3195711620534936,1,0.9331922,1.0857111
2023-03-31,0.9263067151335685,3,0.93119377,1.2821186
2023-04-04,0.3515489367783688,5,0.9089368,1.1443948
2023-04-11,1.0429341310553681,10,0.9340143,1.3665241
2023-04-26,-0.7139299492267528,21,0.8178297,1.1252117
2023-03-30,-0.3623340468636821,1,0.92525196,1.5102822
2023-04-03,0.5216831491597715,3,0.9091541,1.1461852
2023-04-05,-1.6904303120466424,5,0.9375335,1.4598421
2023-04-12,0.5689758721851732,10,0.9210754,1.3862962
2023-04-27,0.14491290438081525,21,0.8157857,1.2874837
2023-03-31,0.9263067151335685,1,0.93119377,1.3452791
2023-04-04,0.3515489367783688,3,0.9089368,1.669277
2023-04-06,-1.232260935546454,5,0.94930506,1.4090089
2023-04-13,0.26412504787430086,10,0.91032654,1.2087379
2023-04-28,1.3915112224215482,21,0.83350074,1.359537
2023-04-03,0.5216831491597715,1,0.9091541,1.5641633
2023-04-05,-1.6904303120466424,3,0.9375335,1.301935
2023-04-07,0.16613535552784928,5,0.9412149,1.5163707
2023-04-14,1.1880011851249617,10,0.8686197,1.3602285
2023-05-01,0.9201237270608762,21,0.84027225,1.3316345
2023-04-04,0.3515489367783688,1,0.9089368,1.1791761
2023-04-06,-1.232260935546454,3,0.94930506,1.3716881
2023-04-10,0.4182979360365764,5,0.9422816,1.1659278
2023-04-17,0.07475617912268337,10,0.8443642,1.3157965
2023-05-02,0.11931661595261671,21,0.8394162,1.0540972
2023-04-05,-1.6904303120466424,1,0.9375335,1.3377709
2023-04-07,0.16613535552784928,3,0.9412149,1.3577332
2023-04-11,1.0429341310553681,5,0.9340143,1.3548309
2023-04-18,0.5039076162568722,10,0.84390837,1.4418874
2023-05-08,-0.7161487474567143,21,0.8424801,1.1849906
2023-04-06,-1.232260935546454,1,0.94930506,1.074784
2023-04-10,0.4182979360365764,3,0.9422816,1.3771789
2023-04-12,0.5689758721851732,5,0.9210754,1.5780188
2023-04-19,-0.1818555505755215,10,0.8301179,1.0604721
2023-05-09,1.0067995528449354,21,0.8509039,1.0010493
2023-04-07,0.16613535552784928,1,0.9412149,1.4904059
2023-04-11,1.0429341310553681,3,0.9340143,1.4625213
2023-04-13,0.26412504787430086,5,0.91032654,1.5340759
2023-04-20,0.1774597210516303,10,0.81111896,1.4838576
2023-05-10,-0.4134011712938892,21,0.852021,1.3127443
2023-04-10,0.4182979360365764,1,0.9422816,1.4042876
2023-04-12,0.5689758721851732,3,0.9210754,1.2707162
2023-04-14,1.1880011851249617,5,0.8686197,1.4318669
2023-04-21,-0.3257535664922826,10,0.8120083,1.412722
2023-05-11,0.015591764320865523,21,0.85178834,1.2788525
2023-04-11,1.0429341310553681,1,0.9340143,1.5578499
2023-04-13,0.26412504787430086,3,0.91032654,1.3115723
2023-04-17,0.07475617912268337,5,0.8443642,1.1723129
2023-04-24,0.10199954487352465,10,0.8116439,1.5322697
2023-05-12,0.8940672461563601,21,0.8576396,1.262493
2023-04-12,0.5689758721851732,1,0.9210754,1.197902
2023-04-14,1.1880011851249617,3,0.8686197,1.1953892
2023-04-18,0.5039076162568722,5,0.84390837,1.4676176
2023-04-25,0.0928128552270916,10,0.8116478,1.5091604
2023-05-15,0.8067162687943656,21,0.85249996,1.11313
2023-04-13,0.26412504787430086,1,0.91032654,0.9028076
2023-04-17,0.07475617912268337,3,0.8443642,0.9311334
2023-04-19,-0.1818555505755215,5,0.8301179,1.1988013
2023-04-26,-0.7139299492267528,10,0.8178297,1.4012387
2023-05-16,0.728615401591347,21,0.853501,1.0612153
2023-04-14,1.1880011851249617,1,0.8686197,1.4117075
2023-04-18,0.5039076162568722,3,0.84390837,1.3166795
2023-04-20,0.1774597210516303,5,0.81111896,1.4230901
2023-04-27,0.14491290438081525,10,0.8157857,1.2686195
2023-05-17,0.836220783178476,21,0.8557643,1.3046341
2023-04-17,0.07475617912268337,1,0.8443642,1.2496518
2023-04-19,-0.1818555505755215,3,0.8301179,1.0092949
2023-04-21,-0.3257535664922826,5,0.8120083,1.1070522
2023-04-28,1.3915112224215482,10,0.83350074,1.3303232
2023-05-18,1.583548775450404,21,0.87276685,1.1272178
2023-04-18,0.5039076162568722,1,0.84390837,1.5814941
2023-04-20,0.1774597210516303,3,0.81111896,1.2842466
2023-04-24,0.10199954487352465,5,0.8116439,1.347101
2023-05-01,0.9201237270608762,10,0.84027225,1.4261465
2023-05-19,0.7638069626373304,21,0.8692449,1.3488454
2023-04-19,-0.1818555505755215,1,0.8301179,1.0757995
2023-04-21,-0.3257535664922826,3,0.8120083,1.0171164
2023-04-25,0.0928128552270916,5,0.8116478,1.3036643
2023-05-02,0.11931661595261671,10,0.8394162,1.1937021
2023-05-22,0.8998200744895645,21,0.87391156,1.1684055
2023-04-20,0.1774597210516303,1,0.81111896,1.5086027
2023-04-24,0.10199954487352465,3,0.8116439,1.3604727
2023-04-26,-0.7139299492267528,5,0.8178297,1.448549
2023-05-08,-0.7161487474567143,10,0.8424801,1.3301167
2023-05-23,-0.415994263732716,21,0.87593,1.4557264
2023-04-21,-0.3257535664922826,1,0.8120083,1.3411181
2023-04-25,0.0928128552270916,3,0.8116478,1.515485
2023-04-27,0.14491290438081525,5,0.8157857,1.2424
2023-05-09,1.0067995528449354,10,0.8509039,1.3209536
2023-05-24,-0.8925686738269373,21,0.86408705,1.1897838
2023-04-24,0.10199954487352465,1,0.8116439,1.5535158
2023-04-26,-0.7139299492267528,3,0.8178297,1.5317509
2023-04-28,1.3915112224215482,5,0.83350074,1.3352002
2023-05-10,-0.4134011712938892,10,0.852021,1.3689616
2023-05-25,0.3853089695260961,21,0.85289854,1.2363198
2023-04-25,0.0928128552270916,1,0.8116478,1.4523567
2023-04-27,0.14491290438081525,3,0.8157857,1.459866
2023-05-01,0.9201237270608762,5,0.84027225,1.3492047
2023-05-11,0.015591764320865523,10,0.85178834,1.31971
2023-05-26,0.3732488534654124,21,0.85229695,1.2042145
2023-04-26,-0.7139299492267528,1,0.8178297,1.4275047
2023-04-28,1.3915112224215482,3,0.83350074,1.2014968
2023-05-02,0.11931661595261671,5,0.8394162,1.0954527
2023-05-12,0.8940672461563601,10,0.8576396,1.14461
2023-05-29,1.0208593347258557,21,0.8586837,1.2877396
2023-04-27,0.14491290438081525,1,0.8157857,1.3868424
2023-05-01,0.9201237270608762,3,0.84027225,1.4669461
2023-05-08,-0.7161487474567143,5,0.8424801,1.2367169
2023-05-15,0.8067162687943656,10,0.85249996,1.3080719
2023-05-30,0.3024891173990195,21,0.85874003,1.1103466
2023-04-28,1.3915112224215482,1,0.83350074,1.3281877
2023-05-02,0.11931661595261671,3,0.8394162,1.2493105
2023-05-09,1.0067995528449354,5,0.8509039,1.1830963
2023-05-16,0.728615401591347,10,0.853501,1.2270358
2023-05-31,-1.4153476801977043,21,0.88357496,1.1499933
2023-05-01,0.9201237270608762,1,0.84027225,1.3404219
2023-05-08,-0.7161487474567143,3,0.8424801,1.2509375
2023-05-10,-0.4134011712938892,5,0.852021,1.3858911
2023-05-17,0.836220783178476,10,0.8557643,1.3615234
2023-06-01,0.8386449465125958,21,0.86982226,1.2234257
2023-05-02,0.11931661595261671,1,0.8394162,1.1532447
2023-05-09,1.0067995528449354,3,0.8509039,1.0319728
2023-05-11,0.015591764320865523,5,0.85178834,1.2779231
2023-05-18,1.583548775450404,10,0.87276685,1.383279
2023-06-02,1.2005810343095205,21,0.8716272,1.1002065
2023-05-08,-0.7161487474567143,1,0.8424801,1.1961073
2023-05-10,-0.4134011712938892,3,0.852021,1.1598402
2023-05-12,0.8940672461563601,5,0.8576396,1.0808994
2023-05-19,0.7638069626373304,10,0.8692449,1.4277552
2023-06-05,2.1751439164993704,21,0.9087579,1.1776931
2023-05-09,1.0067995528449354,1,0.8509039,1.1141226
2023-05-11,0.015591764320865523,3,0.85178834,1.1571344
2023-05-15,0.8067162687943656,5,0.85249996,1.3374838
2023-05-22,0.8998200744895645,10,0.87391156,1.4352343
2023-06-06,0.894106058692083,21,0.9123855,1.1217748
2023-05-10,-0.4134011712938892,1,0.852021,1.2238873
2023-05-12,0.8940672461563601,3,0.8576396,1.1366415
2023-05-16,0.728615401591347,5,0.853501,1.1959616
2023-05-23,-0.415994263732716,10,0.87593,1.3407518
2023-06-07,-1.8412015928755379,21,0.9487545,1.1393421
2023-05-11,0.015591764320865523,1,0.85178834,1.2825859
2023-05-15,0.8067162687943656,3,0.85249996,1.2524371
2023-05-17,0.836220783178476,5,0.8557643,1.386878
2023-05-24,-0.8925686738269373,10,0.86408705,1.3854579
2023-06-08,-0.8574379060420299,21,0.9268137,1.2050875
2023-05-12,0.8940672461563601,1,0.8576396,1.3140194
2023-05-16,0.728615401591347,3,0.853501,0.9941288
2023-05-18,1.583548775450404,5,0.87276685,1.237527
2023-05-25,0.3853089695260961,10,0.85289854,1.327058
2023-06-09,1.9526051475909605,21,0.9379498,1.2775294
2023-05-15,0.8067162687943656,1,0.85249996,1.3703291
2023-05-17,0.836220783178476,3,0.8557643,1.2454454
2023-05-19,0.7638069626373304,5,0.8692449,1.2523642
2023-05-26,0.3732488534654124,10,0.85229695,1.1564388
2023-06-12,0.5218937477408182,21,0.88083506,1.1287045
2023-05-16,0.728615401591347,1,0.853501,1.183985
2023-05-18,1.583548775450404,3,0.87276685,1.0182114
2023-05-22,0.8998200744895645,5,0.87391156,1.233074
2023-05-29,1.0208593347258557,10,0.8586837,1.3266572
2023-06-13,1.7865250724733241,21,0.90092653,1.0669625
2023-05-17,0.836220783178476,1,0.8557643,1.1359068
2023-05-19,0.7638069626373304,3,0.8692449,1.1432415
2023-05-23,-0.415994263732716,5,0.87593,1.1996957
2023-05-30,0.3024891173990195,10,0.85874003,1.1269946
2023-06-14,1.4545224972082917,21,0.9002286,1.0811331
2023-05-18,1.583548775450404,1,0.87276685,1.1389474
2023-05-22,0.8998200744895645,3,0.87391156,1.1031018
2023-05-24,-0.8925686738269373,5,0.86408705,1.0041962
2023-05-31,-1.4153476801977043,10,0.88357496,1.2042615
2023-06-15,-0.050557164930779275,21,0.8950598,0.844501
2023-05-19,0.7638069626373304,1,0.8692449,1.1710749
2023-05-23,-0.415994263732716,3,0.87593,1.1122444
2023-05-25,0.3853089695260961,5,0.85289854,1.2593112
2023-06-01,0.8386449465125958,10,0.86982226,1.1500462
2023-06-16,0.6566021543037965,21,0.8652249,1.0887681
2023-05-22,0.8998200744895645,1,0.87391156,1.0427948
2023-05-24,-0.8925686738269373,3,0.86408705,1.0644225
2023-05-26,0.3732488534654124,5,0.85229695,1.0413866
2023-06-02,1.2005810343095205,10,0.8716272,0.9641352
2023-06-19,-1.000824586093791,21,0.8590219,0.99903077
2023-05-23,-0.415994263732716,1,0.87593,1.0585736
2023-05-25,0.3853089695260961,3,0.85289854,0.9409191
2023-05-29,1.0208593347258557,5,0.8586837,1.0519581
2023-06-05,2.1751439164993704,10,0.9087579,1.0787083
2023-06-20,0.055387857128347415,21,0.8573015,0.8927615
2023-05-24,-0.8925686738269373,1,0.86408705,1.1647356
2023-05-26,0.3732488534654124,3,0.85229695,1.3153458
2023-05-30,0.3024891173990195,5,0.85874003,1.0172693
2023-06-06,0.894106058692083,10,0.9123855,1.042483
2023-06-21,0.5562117186669766,21,0.8557025,1.0279753
2023-05-25,0.3853089695260961,1,0.85289854,1.447943
2023-05-29,1.0208593347258557,3,0.8586837,1.3009804
2023-05-31,-1.4153476801977043,5,0.88357496,1.4845395
2023-06-07,-1.8412015928755379,10,0.9487545,1.2077807
2023-06-22,-0.928377787258327,21,0.87122214,1.1914946
2023-05-26,0.3732488534654124,1,0.85229695,1.226816
2023-05-30,0.3024891173990195,3,0.85874003,1.1131917
2023-06-01,0.8386449465125958,5,0.86982226,1.0262532
2023-06-08,-0.8574379060420299,10,0.9268137,1.054702
2023-06-23,-1.4636629432637847,21,0.9009168,1.0693214
2023-05-29,1.0208593347258557,1,0.8586837,1.2965018
2023-05-31,-1.4153476801977043,3,0.88357496,1.0746732
2023-06-02,1.2005810343095205,5,0.8716272,1.104142
2023-06-09,1.9526051475909605,10,0.9379498,1.4153612
2023-06-26,-0.2526820951194239,21,0.89334667,1.0957679
2023-05-30,0.3024891173990195,1,0.85874003,1.1679137
2023-06-01,0.8386449465125958,3,0.86982226,1.1010234
2023-06-05,2.1751439164993704,5,0.9087579,1.1323254
2023-06-12,0.5218937477408182,10,0.88083506,1.0662259
2023-06-27,-0.4919921103935955,21,0.89504623,1.1067965
2023-05-31,-1.4153476801977043,1,0.88357496,1.0695281
2023-06-02,1.2005810343095205,3,0.8716272,1.0422897
2023-06-06,0.894106058692083,5,0.9123855,0.92897415
2023-06-13,1.7865250724733241,10,0.90092653,1.11889
2023-06-28,1.9950002235872097,21,0.9187821,0.8918106
2023-06-01,0.8386449465125958,1,0.86982226,1.2469646
2023-06-05,2.1751439164993704,3,0.9087579,1.1369989
2023-06-07,-1.8412015928755379,5,0.9487545,1.4401711
2023-06-14,1.4545224972082917,10,0.9002286,1.1593533
2023-06-29,0.12088959692558246,21,0.91846055,1.0472503
2023-06-02,1.2005810343095205,1,0.8716272,1.3205466
2023-06-06,0.894106058692083,3,0.9123855,0.99017894
2023-06-08,-0.8574379060420299,5,0.9268137,1.1229372
2023-06-15,-0.050557164930779275,10,0.8950598,1.1045593
2023-06-30,-0.13580069380442714,21,0.91992104,1.2278621
2023-06-05,2.1751439164993704,1,0.9087579,1.2933002
2023-06-07,-1.8412015928755379,3,0.9487545,1.1800456
2023-06-09,1.9526051475909605,5,0.9379498,1.300039
2023-06-16,0.6566021543037965,10,0.8652249,1.2915584
2023-07-03,1.685935087641736,21,0.90127355,1.0863584
2023-06-06,0.894106058692083,1,0.9123855,0.92981195
2023-06-08,-0.8574379060420299,3,0.9268137,0.9027842
2023-06-12,0.5218937477408182,5,0.88083506,1.0561545
2023-06-19,-1.000824586093791,10,0.8590219,1.292028
2023-07-04,-0.9849113318625421,21,0.89458174,0.9711247
2023-06-07,-1.8412015928755379,1,0.9487545,1.3285161
2023-06-09,1.9526051475909605,3,0.9379498,1.1204128
2023-06-13,1.7865250724733241,5,0.90092653,1.2463994
2023-06-20,0.055387857128347415,10,0.8573015,1.1896596
2023-07-05,-0.251104932212337,21,0.8974684,1.2495856
2023-06-08,-0.8574379060420299,1,0.9268137,0.9995724
2023-06-12,0.5218937477408182,3,0.88083506,1.1058825
2023-06-14,1.4545224972082917,5,0.9002286,1.2802937
2023-06-21,0.5562117186669766,10,0.8557025,1.3376042
2023-07-06,-1.711325930449109,21,0.9348399,1.0571556
2023-06-09,1.9526051475909605,1,0.9379498,1.4021959
2023-06-13,1.7865250724733241,3,0.90092653,1.4308571
2023-06-15,-0.050557164930779275,5,0.8950598,1.306795
2023-06-22,-0.928377787258327,10,0.87122214,1.3769842
2023-07-07,-1.180465252915526,21,0.9482291,1.2075847
2023-06-12,0.5218937477408182,1,0.88083506,1.3613504
2023-06-14,1.4545224972082917,3,0.9002286,1.3413466
2023-06-16,0.6566021543037965,5,0.8652249,1.3724897
2023-06-23,-1.4636629432637847,10,0.9009168,1.4009427
2023-07-10,-0.6153476953904035,21,0.9537287,1.2407666
2023-06-13,1.7865250724733241,1,0.90092653,1.327318
2023-06-15,-0.050557164930779275,3,0.8950598,1.3006902
2023-06-19,-1.000824586093791,5,0.8590219,1.138213
2023-06-26,-0.2526820951194239,10,0.89334667,1.2146053
2023-07-11,0.04298535343022667,21,0.9540119,1.1945305
2023-06-14,1.4545224972082917,1,0.9002286,1.2831084
2023-06-16,0.6566021543037965,3,0.8652249,1.1267684
2023-06-20,0.055387857128347415,5,0.8573015,1.109427
2023-06-27,-0.4919921103935955,10,0.89504623,1.41768
2023-07-12,-0.8095157032980083,21,0.9546475,1.0320588
2023-06-15,-0.050557164930779275,1,0.8950598,1.0972638
2023-06-19,-1.000824586093791,3,0.8590219,1.2598095
2023-06-21,0.5562117186669766,5,0.8557025,1.1867691
2023-06-28,1.9950002235872097,10,0.9187821,1.2090716
2023-07-13,1.477268360749288,21,0.96883047,1.1619741
2023-06-16,0.6566021543037965,1,0.8652249,1.2209504
2023-06-20,0.055387857128347415,3,0.8573015,1.097235
2023-06-22,-0.928377787258327,5,0.87122214,1.43182
2023-06-29,0.12088959692558246,10,0.91846055,1.3946441
2023-07-14,-0.08662261622022005,21,0.9688338,1.1469383
2023-06-19,-1.000824586093791,1,0.8590219,1.4314212
2023-06-21,0.5562117186669766,3,0.8557025,1.2545307
2023-06-23,-1.4636629432637847,5,0.9009168,1.2892878
2023-06-30,-0.13580069380442714,10,0.91992104,1.4318725
2023-07-18,0.3163464809654001,21,0.9676046,1.142983
2023-06-20,0.055387857128347415,1,0.8573015,1.4068768
2023-06-22,-0.928377787258327,3,0.87122214,1.7420754
2023-06-26,-0.2526820951194239,5,0.89334667,1.37782
2023-07-03,1.685935087641736,10,0.90127355,1.5134331
2023-07-19,1.2299928899908406,21,0.97646177,1.2486731
2023-06-21,0.5562117186669766,1,0.8557025,1.539744
2023-06-23,-1.4636629432637847,3,0.9009168,1.390139
2023-06-27,-0.4919921103935955,5,0.89504623,1.45466
2023-07-04,-0.9849113318625421,10,0.89458174,1.7230579
2023-07-20,-1.240367974553177,21,0.99229366,1.2625024
2023-06-22,-0.928377787258327,1,0.87122214,1.4643117
2023-06-26,-0.2526820951194239,3,0.89334667,1.479128
2023-06-28,1.9950002235872097,5,0.9187821,1.4271516
2023-07-05,-0.251104932212337,10,0.8974684,1.3756617
2023-07-21,-0.5749539530009509,21,0.9974314,1.2946922
2023-06-23,-1.4636629432637847,1,0.9009168,1.3861879
2023-06-27,-0.4919921103935955,3,0.89504623,1.5844102
2023-06-29,0.12088959692558246,5,0.91846055,1.5131739
2023-07-06,-1.711325930449109,10,0.9348399,1.5242361
2023-07-24,1.2205006423659939,21,1.0059016,1.2514278
2023-06-26,-0.2526820951194239,1,0.89334667,1.7663958
2023-06-28,1.9950002235872097,3,0.9187821,1.7396343
2023-06-30,-0.13580069380442714,5,0.91992104,1.7434583
2023-07-07,-1.180465252915526,10,0.9482291,1.3737172
2023-07-25,-0.056374168717922564,21,0.99908906,1.511527
2023-06-27,-0.4919921103935955,1,0.89504623,1.7067338
2023-06-29,0.12088959692558246,3,0.91846055,1.8708098
2023-07-03,1.685935087641736,5,0.90127355,1.6942002
2023-07-10,-0.6153476953904035,10,0.9537287,1.7343467
2023-07-26,-0.04336568592991095,21,0.9996663,1.4240724
2023-06-28,1.9950002235872097,1,0.9187821,1.8126848
2023-06-30,-0.13580069380442714,3,0.91992104,1.811319
2023-07-04,-0.9849113318625421,5,0.89458174,1.9327188
2023-07-11,0.04298535343022667,10,0.9540119,1.7973338
2023-07-27,0.6797525010879735,21,0.9898239,1.5780002
2023-06-29,0.12088959692558246,1,0.91846055,1.4919183
2023-07-03,1.685935087641736,3,0.90127355,2.022828
2023-07-05,-0.251104932212337,5,0.8974684,1.5228384
2023-07-12,-0.8095157032980083,10,0.9546475,1.8165015
2023-07-28,-0.4019164664211202,21,0.988646,1.5089482
2023-06-30,-0.13580069380442714,1,0.91992104,1.6278486
2023-07-04,-0.9849113318625421,3,0.89458174,1.7558547
2023-07-06,-1.711325930449109,5,0.9348399,1.4409794
2023-07-13,1.477268360749288,10,0.96883047,1.6651429
2023-07-31,1.2527972240113532,21,0.99793994,1.417343
2023-07-03,1.685935087641736,1,0.90127355,1.4547453
2023-07-05,-0.251104932212337,3,0.8974684,1.473017
2023-07-07,-1.180465252915526,5,0.9482291,1.4378546
2023-07-14,-0.08662261622022005,10,0.9688338,1.6192589
2023-08-01,0.9133292872419143,21,0.99433666,1.3368058
2023-07-04,-0.9849113318625421,1,0.89458174,1.769469
2023-07-06,-1.711325930449109,3,0.9348399,1.4671202
2023-07-10,-0.6153476953904035,5,0.9537287,1.6986556
2023-07-18,0.3163464809654001,10,0.9676046,1.4545218
2023-08-02,-2.323583212546503,21,1.0427063,1.5756896
2023-07-05,-0.251104932212337,1,0.8974684,1.7682579
2023-07-07,-1.180465252915526,3,0.9482291,1.5680842
2023-07-11,0.04298535343022667,5,0.9540119,1.7742562
2023-07-19,1.2299928899908406,10,0.97646177,1.6694206
2023-08-03,-1.6909167594528023,21,1.0679053,1.459686
2023-07-06,-1.711325930449109,1,0.9348399,1.5515411
2023-07-10,-0.6153476953904035,3,0.9537287,1.8268666
2023-07-12,-0.8095157032980083,5,0.9546475,1.7455887
2023-07-20,-1.240367974553177,10,0.99229366,1.5698357
2023-08-04,0.1040237782985626,21,1.0677562,1.4230689
2023-07-07,-1.180465252915526,1,0.9482291,1.6626264
2023-07-11,0.04298535343022667,3,0.9540119,1.8850067
2023-07-13,1.477268360749288,5,0.96883047,1.9183441
2023-07-21,-0.5749539530009509,10,0.9974314,1.5815376
2023-08-07,0.1918173630601209,21,1.0634896,1.4833161
2023-07-10,-0.6153476953904035,1,0.9537287,1.872037
2023-07-12,-0.8095157032980083,3,0.9546475,2.1162074
2023-07-14,-0.08662261622022005,5,0.9688338,1.8620807
2023-07-24,1.2205006423659939,10,1.0059016,1.7971528
2023-08-08,0.37977766032462384,21,1.0604799,1.5966343
2023-07-11,0.04298535343022667,1,0.9540119,1.6838287
2023-07-13,1.477268360749288,3,0.96883047,2.2530794
2023-07-18,0.3163464809654001,5,0.9676046,1.8237156
2023-07-25,-0.056374168717922564,10,0.99908906,1.6614196
2023-08-09,-0.5356304168039222,21,1.0613072,1.5761554
2023-07-12,-0.8095157032980083,1,0.9546475,1.9190502
2023-07-14,-0.08662261622022005,3,0.9688338,1.9206225
2023-07-19,1.2299928899908406,5,0.97646177,1.7392328
2023-07-26,-0.04336568592991095,10,0.9996663,1.5815642
2023-08-10,0.8328085297360465,21,1.0612686,1.4895853
2023-07-13,1.477268360749288,1,0.96883047,1.8506137
2023-07-18,0.3163464809654001,3,0.9676046,2.1556857
2023-07-20,-1.240367974553177,5,0.99229366,1.8439542
2023-07-27,0.6797525010879735,10,0.9898239,1.6062157
2023-08-14,-1.282265846804998,21,1.0590849,1.5625869
2023-07-14,-0.08662261622022005,1,0.9688338,1.706078
2023-07-19,1.2299928899908406,3,0.97646177,1.7909845
2023-07-21,-0.5749539530009509,5,0.9974314,1.654792
2023-07-28,-0.4019164664211202,10,0.988646,1.6391948
2023-08-15,0.5567162337129749,21,1.0571513,1.6290042
2023-07-18,0.3163464809654001,1,0.9676046,1.45672
2023-07-20,-1.240367974553177,3,0.99229366,1.5084063
2023-07-24,1.2205006423659939,5,1.0059016,1.5492433
2023-07-31,1.2527972240113532,10,0.99793994,1.6488138
2023-08-16,-1.4751148471607554,21,1.070151,1.2737185
2023-07-19,1.2299928899908406,1,0.97646177,1.5284096
2023-07-21,-0.5749539530009509,3,0.9974314,1.5146875
2023-07-25,-0.056374168717922564,5,0.99908906,1.5027578
2023-08-01,0.9133292872419143,10,0.99433666,1.6166254
2023-08-17,-0.4442791579120207,21,1.0703597,1.3823911
2023-07-20,-1.240367974553177,1,0.99229366,1.457761
2023-07-24,1.2205006423659939,3,1.0059016,1.5551271
2023-07-26,-0.04336568592991095,5,0.9996663,1.6414255
2023-08-02,-2.323583212546503,10,1.0427063,1.432001
2023-08-18,-0.5556426356965283,21,1.0662838,1.5039419
2023-07-21,-0.5749539530009509,1,0.9974314,1.3961214
2023-07-25,-0.056374168717922564,3,0.99908906,1.547277
2023-07-27,0.6797525010879735,5,0.9898239,1.5446157
2023-08-03,-1.6909167594528023,10,1.0679053,1.6140255
2023-08-21,0.3646066291624942,21,1.0661739,1.2035407
2023-07-24,1.2205006423659939,1,1.0059016,1.718395
2023-07-26,-0.04336568592991095,3,0.9996663,1.713601
2023-07-28,-0.4019164664211202,5,0.988646,1.7092685
2023-08-04,0.1040237782985626,10,1.0677562,1.4622254
2023-08-22,0.9178857261415247,21,1.0713576,1.4389794
2023-07-25,-0.056374168717922564,1,0.99908906,1.7175927
2023-07-27,0.6797525010879735,3,0.9898239,1.8482819
2023-07-31,1.2527972240113532,5,0.99793994,1.5520508
2023-08-07,0.1918173630601209,10,1.0634896,1.295334
2023-08-23,0.4808404791444447,21,1.065314,1.5141728
2023-07-26,-0.04336568592991095,1,0.9996663,1.5343502
2023-07-28,-0.4019164664211202,3,0.988646,1.4892882
2023-08-01,0.9133292872419143,5,0.99433666,1.6254299
2023-08-08,0.37977766032462384,10,1.0604799,1.3368016
2023-08-24,0.8614736525139314,21,1.0700737,1.2248135
2023-07-27,0.6797525010879735,1,0.9898239,1.381697
2023-07-31,1.2527972240113532,3,0.99793994,1.5046997
2023-08-02,-2.323583212546503,5,1.0427063,1.3006064
2023-08-09,-0.5356304168039222,10,1.0613072,1.3591266
2023-08-25,-2.074604785739367,21,1.0886021,1.1618112
2023-07-28,-0.4019164664211202,1,0.988646,1.7236406
2023-08-01,0.9133292872419143,3,0.99433666,1.5293968
2023-08-03,-1.6909167594528023,5,1.0679053,1.5079013
2023-08-10,0.8328085297360465,10,1.0612686,1.2295468
2023-08-28,1.7108879931396845,21,1.1051562,1.4591763
2023-07-31,1.2527972240113532,1,0.99793994,1.3880336
2023-08-02,-2.323583212546503,3,1.0427063,1.6523523
2023-08-04,0.1040237782985626,5,1.0677562,1.3587406
2023-08-14,-1.282265846804998,10,1.0590849,1.2357215
2023-08-29,0.17696637478226532,21,1.0950075,1.1907656
2023-08-01,0.9133292872419143,1,0.99433666,1.3380786
2023-08-03,-1.6909167594528023,3,1.0679053,1.3201098
2023-08-07,0.1918173630601209,5,1.0634896,1.3841931
2023-08-15,0.5567162337129749,10,1.0571513,1.3010585
2023-08-30,0.32989349124949785,21,1.0592601,1.2184772
2023-08-02,-2.323583212546503,1,1.0427063,1.1537125
2023-08-04,0.1040237782985626,3,1.0677562,1.1807884
2023-08-08,0.37977766032462384,5,1.0604799,1.3037131
2023-08-16,-1.4751148471607554,10,1.070151,1.0991955
2023-08-31,0.880272286407265,21,1.0590651,1.113018
2023-08-03,-1.6909167594528023,1,1.0679053,1.6120735
2023-08-07,0.1918173630601209,3,1.0634896,1.3166485
2023-08-09,-0.5356304168039222,5,1.0613072,1.3673494
2023-08-17,-0.4442791579120207,10,1.0703597,1.4174429
2023-09-01,0.2794410334614427,21,1.0314066,1.1593243
2023-08-04,0.1040237782985626,1,1.0677562,1.3493079
2023-08-08,0.37977766032462384,3,1.0604799,1.4281828
2023-08-10,0.8328085297360465,5,1.0612686,1.6501166
2023-08-18,-0.5556426356965283,10,1.0662838,1.4474789
2023-09-04,0.696305165946115,21,1.0279638,1.3326106
2023-08-07,0.1918173630601209,1,1.0634896,1.4167219
2023-08-09,-0.5356304168039222,3,1.0613072,1.406577
2023-08-14,-1.282265846804998,5,1.0590849,1.3477288
2023-08-21,0.3646066291624942,10,1.0661739,1.421128
2023-09-05,0.2958111709422731,21,0.99827784,1.2896242
2023-08-08,0.37977766032462384,1,1.0604799,1.5419538
2023-08-10,0.8328085297360465,3,1.0612686,1.163794
2023-08-15,0.5567162337129749,5,1.0571513,1.3537352
2023-08-22,0.9178857261415247,10,1.0713576,1.3862333
2023-09-06,0.6163708419793614,21,0.99912596,1.2527949
2023-08-09,-0.5356304168039222,1,1.0613072,1.3769587
2023-08-14,-1.282265846804998,3,1.0590849,1.4871123
2023-08-16,-1.4751148471607554,5,1.070151,1.1811714
2023-08-23,0.4808404791444447,10,1.065314,1.0817851
2023-09-07,-0.7547476271285938,21,0.9775049,1.2846344
2023-08-10,0.8328085297360465,1,1.0612686,1.2428811
2023-08-15,0.5567162337129749,3,1.0571513,0.97805655
2023-08-17,-0.4442791579120207,5,1.0703597,1.2233604
2023-08-24,0.8614736525139314,10,1.0700737,1.1485996
2023-09-08,-1.1715087540828366,21,0.96997285,0.9605173
2023-08-14,-1.282265846804998,1,1.0590849,1.1184758
2023-08-16,-1.4751148471607554,3,1.070151,1.0796278
2023-08-18,-0.5556426356965283,5,1.0662838,1.1587946
2023-08-25,-2.074604785739367,10,1.0886021,1.1352823
2023-09-11,-0.4274487764001707,21,0.97122794,1.0122737
2023-08-15,0.5567162337129749,1,1.0571513,1.2103503
2023-08-17,-0.4442791579120207,3,1.0703597,1.4506651
2023-08-21,0.3646066291624942,5,1.0661739,1.513707
2023-08-28,1.7108879931396845,10,1.1051562,1.1394475
2023-09-12,0.9460272539440682,21,0.9755134,1.2897737
2023-08-16,-1.4751148471607554,1,1.070151,1.1355176
2023-08-18,-0.5556426356965283,3,1.0662838,1.1415824
2023-08-22,0.9178857261415247,5,1.0713576,1.124121
2023-08-29,0.17696637478226532,10,1.0950075,1.2378526
2023-09-13,-0.2133430223606801,21,0.96772414,1.1353962
2023-08-17,-0.4442791579120207,1,1.0703597,1.3237177
2023-08-21,0.3646066291624942,3,1.0661739,1.690081
2023-08-23,0.4808404791444447,5,1.065314,1.2829665
2023-08-30,0.32989349124949785,10,1.0592601,1.2539539
2023-09-14,1.4014185676380673,21,0.98526245,1.1959721
2023-08-18,-0.5556426356965283,1,1.0662838,1.2938846
2023-08-22,0.9178857261415247,3,1.0713576,1.283762
2023-08-24,0.8614736525139314,5,1.0700737,1.4673653
2023-08-31,0.880272286407265,10,1.0590651,1.5225371
2023-09-15,1.09440900988244,21,0.9929345,1.1601102
2023-08-21,0.3646066291624942,1,1.0661739,1.4829636
2023-08-23,0.4808404791444447,3,1.065314,1.4998062
2023-08-25,-2.074604785739367,5,1.0886021,1.4130208
2023-09-01,0.2794410334614427,10,1.0314066,1.131633
2023-09-19,-0.8700827428024468,21,0.99204093,1.2736342
2023-08-22,0.9178857261415247,1,1.0713576,1.0976636
2023-08-24,0.8614736525139314,3,1.0700737,1.2171844
2023-08-28,1.7108879931396845,5,1.1051562,1.1347679
2023-09-04,0.696305165946115,10,1.0279638,1.5279572
2023-09-20,-0.6603934555654025,21,0.9772793,0.9527127
2023-08-23,0.4808404791444447,1,1.065314,1.1734115
2023-08-25,-2.074604785739367,3,1.0886021,0.9328757
2023-08-29,0.17696637478226532,5,1.0950075,1.26555
2023-09-05,0.2958111709422731,10,0.99827784,1.1949306
2023-09-21,-1.3804724471997258,21,0.993178,1.1319712
2023-08-24,0.8614736525139314,1,1.0700737,1.1616739
2023-08-28,1.7108879931396845,3,1.1051562,1.152107
2023-08-30,0.32989349124949785,5,1.0592601,1.0811507
2023-09-06,0.6163708419793614,10,0.99912596,1.2004287
2023-09-22,-0.51904138244678,21,0.9934082,1.1373217
2023-08-25,-2.074604785739367,1,1.0886021,1.0976486
2023-08-29,0.17696637478226532,3,1.0950075,0.9407737
2023-08-31,0.880272286407265,5,1.0590651,1.2047765
2023-09-07,-0.7547476271285938,10,0.9775049,1.0459474
2023-09-25,0.8488207569986963,21,0.9648686,1.0968574
2023-08-28,1.7108879931396845,1,1.1051562,1.01545
2023-08-30,0.32989349124949785,3,1.0592601,1.2612933
2023-09-01,0.2794410334614427,5,1.0314066,1.1625888
2023-09-08,-1.1715087540828366,10,0.96997285,1.234991
2023-09-26,-1.1187924981461725,21,0.97488916,1.0104254
2023-08-29,0.17696637478226532,1,1.0950075,1.3295324
2023-08-31,0.880272286407265,3,1.0590651,1.0501852
2023-09-04,0.696305165946115,5,1.0279638,1.4320887
2023-09-11,-0.4274487764001707,10,0.97122794,1.2525194
2023-09-27,0.17576844473667613,21,0.9752365,1.1093671
2023-08-30,0.32989349124949785,1,1.0592601,0.9996237
2023-09-01,0.2794410334614427,3,1.0314066,0.89006907
2023-09-05,0.2958111709422731,5,0.99827784,1.0925025
2023-09-12,0.9460272539440682,10,0.9755134,1.3231547
2023-09-28,-1.5546592783027364,21,0.96764934,1.097145
2023-08-31,0.880272286407265,1,1.0590651,1.2191241
2023-09-04,0.696305165946115,3,1.0279638,1.0214825
2023-09-06,0.6163708419793614,5,0.99912596,1.171898
2023-09-13,-0.2133430223606801,10,0.96772414,1.3476012
2023-09-29,-0.04676089274879887,21,0.9605889,1.0773505
2023-09-01,0.2794410334614427,1,1.0314066,1.1003306
2023-09-05,0.2958111709422731,3,0.99827784,0.84589976
2023-09-07,-0.7547476271285938,5,0.9775049,1.0309205
2023-09-14,1.4014185676380673,10,0.98526245,1.115887
2023-10-02,-0.30726878028505605,21,0.96078587,1.0958632
2023-09-04,0.696305165946115,1,1.0279638,1.1749326
2023-09-06,0.6163708419793614,3,0.99912596,1.1813415
2023-09-08,-1.1715087540828366,5,0.96997285,1.1279986
2023-09-15,1.09440900988244,10,0.9929345,1.035433
2023-10-03,-1.6570520903407757,21,0.95924914,1.0045421
2023-09-05,0.2958111709422731,1,0.99827784,1.1219456
2023-09-07,-0.7547476271285938,3,0.9775049,0.8240036
2023-09-11,-0.4274487764001707,5,0.97122794,1.0103238
2023-09-19,-0.8700827428024468,10,0.99204093,1.0293163
2023-10-04,-2.3025729076106383,21,0.9914661,0.9635686
2023-09-06,0.6163708419793614,1,0.99912596,1.1516805
2023-09-08,-1.1715087540828366,3,0.96997285,1.1025131
2023-09-12,0.9460272539440682,5,0.9755134,1.0496182
2023-09-20,-0.6603934555654025,10,0.9772793,0.99525833
2023-10-05,1.7807566979314242,21,1.0181974,1.0739939
2023-09-07,-0.7547476271285938,1,0.9775049,1.0485688
2023-09-11,-0.4274487764001707,3,0.97122794,0.86372185
2023-09-13,-0.2133430223606801,5,0.96772414,0.9425112
2023-09-21,-1.3804724471997258,10,0.993178,0.98095036
2023-10-06,-0.2599950394493565,21,1.0184357,0.8299804
2023-09-08,-1.1715087540828366,1,0.96997285,1.0360625
2023-09-12,0.9460272539440682,3,0.9755134,1.2142066
2023-09-14,1.4014185676380673,5,0.98526245,1.108063
2023-09-22,-0.51904138244678,10,0.9934082,0.96198267
2023-10-10,2.396815418121354,21,1.0618378,0.9359605
2023-09-11,-0.4274487764001707,1,0.97122794,1.1730238
2023-09-13,-0.2133430223606801,3,0.96772414,1.349154
2023-09-15,1.09440900988244,5,0.9929345,1.4544978
2023-09-25,0.8488207569986963,10,0.9648686,1.111618
2023-10-11,0.5966456222347307,21,1.0469084,1.1609571
2023-09-12,0.9460272539440682,1,0.9755134,1.4984105
2023-09-14,1.4014185676380673,3,0.98526245,1.2201271
2023-09-19,-0.8700827428024468,5,0.99204093,1.224632
2023-09-26,-1.1187924981461725,10,0.97488916,1.1932623
2023-10-12,1.7325910850237145,21,1.0711566,1.1024969
2023-09-13,-0.2133430223606801,1,0.96772414,1.4476136
2023-09-15,1.09440900988244,3,0.9929345,1.1092427
2023-09-20,-0.6603934555654025,5,0.9772793,1.1404781
2023-09-27,0.17576844473667613,10,0.9752365,1.3854622
2023-10-13,-0.5513611526101144,21,1.0727425,1.1317766
2023-09-14,1.4014185676380673,1,0.98526245,0.94382465
2023-09-19,-0.8700827428024468,3,0.99204093,1.0508868
2023-09-21,-1.3804724471997258,5,0.993178,1.1748036
2023-09-28,-1.5546592783027364,10,0.96764934,1.197875
2023-10-16,-2.0538767680627923,21,1.0920476,0.9859962
2023-09-15,1.09440900988244,1,0.9929345,1.1968563
2023-09-20,-0.6603934555654025,3,0.9772793,0.9843694
2023-09-22,-0.51904138244678,5,0.9934082,1.0414872
2023-09-29,-0.04676089274879887,10,0.9605889,1.0943525
2023-10-17,1.1970750340029166,21,1.0928767,1.0904661
2023-09-19,-0.8700827428024468,1,0.99204093,0.88821673
2023-09-21,-1.3804724471997258,3,0.993178,0.975335
2023-09-25,0.8488207569986963,5,0.9648686,0.9154614
2023-10-02,-0.30726878028505605,10,0.96078587,1.1646669
2023-10-18,0.0061200368440438736,21,1.0904769,0.9589553
2023-09-20,-0.6603934555654025,1,0.9772793,1.1676657
2023-09-22,-0.51904138244678,3,0.9934082,1.0805242
2023-09-26,-1.1187924981461725,5,0.97488916,1.0020008
2023-10-03,-1.6570520903407757,10,0.95924914,1.0952976
2023-10-19,-1.9272794804600004,21,1.1057128,1.073272
2023-09-21,-1.3804724471997258,1,0.993178,1.3195097
2023-09-25,0.8488207569986963,3,0.9648686,1.0981554
2023-09-27,0.17576844473667613,5,0.9752365,1.3439368
2023-10-04,-2.3025729076106383,10,0.9914661,1.2645526
2023-10-20,-0.5463718307780944,21,1.1074483,1.0827034
2023-09-22,-0.51904138244678,1,0.9934082,1.2007217
2023-09-26,-1.1187924981461725,3,0.97488916,1.4088562
2023-09-28,-1.5546592783027364,5,0.96764934,1.3425362
2023-10-05,1.7807566979314242,10,1.0181974,1.2438612
2023-10-23,-0.8346117888506225,21,1.1117775,1.2697387
2023-09-25,0.8488207569986963,1,0.9648686,1.3500015
2023-09-27,0.17576844473667613,3,0.9752365,1.1618748
2023-09-29,-0.04676089274879887,5,0.9605889,1.471931
2023-10-06,-0.2599950394493565,10,1.0184357,1.5489249
2023-10-24,0.20237488430990333,21,1.1078959,1.1845115
2023-09-26,-1.1187924981461725,1,0.97488916,1.4997025
2023-09-28,-1.5546592783027364,3,0.96764934,1.6641276
2023-10-02,-0.30726878028505605,5,0.96078587,1.2677597
2023-10-10,2.396815418121354,10,1.0618378,1.4074979
2023-10-25,0.6660148309590518,21,1.1114599,1.283746
2023-09-27,0.17576844473667613,1,0.9752365,1.3475965
2023-09-29,-0.04676089274879887,3,0.9605889,1.3973042
2023-10-03,-1.6570520903407757,5,0.95924914,1.5259361
2023-10-11,0.5966456222347307,10,1.0469084,1.4923406
2023-10-26,-2.1598456380856264,21,1.1294013,1.2213275
2023-09-28,-1.5546592783027364,1,0.96764934,1.3335683
2023-10-02,-0.30726878028505605,3,0.96078587,0.9469737
2023-10-04,-2.3025729076106383,5,0.9914661,1.3078945
2023-10-12,1.7325910850237145,10,1.0711566,1.3337841
2023-10-27,1.2660932162877616,21,1.1358479,1.1057845
2023-09-29,-0.04676089274879887,1,0.9605889,1.4958078
2023-10-03,-1.6570520903407757,3,0.95924914,1.3989773
2023-10-05,1.7807566979314242,5,1.0181974,1.4105439
2023-10-13,-0.5513611526101144,10,1.0727425,1.3922552
2023-10-30,-0.9555428958192921,21,1.1043321,1.3606983
2023-10-02,-0.30726878028505605,1,0.96078587,1.2043554
2023-10-04,-2.3025729076106383,3,0.9914661,1.4413484
2023-10-06,-0.2599950394493565,5,1.0184357,1.2374363
2023-10-16,-2.0538767680627923,10,1.0920476,1.3218625
2023-10-31,0.5259911084911963,21,1.0873528,1.2318058
2023-10-03,-1.6570520903407757,1,0.95924914,1.4007113
2023-10-05,1.7807566979314242,3,1.0181974,1.3767649
2023-10-10,2.396815418121354,5,1.0618378,1.202497
2023-10-17,1.1970750340029166,10,1.0928767,1.2688482
2023-11-01,2.3785778266317035,21,1.1322048,1.0909002
2023-10-04,-2.3025729076106383,1,0.9914661,1.2899609
2023-10-06,-0.2599950394493565,3,1.0184357,1.6492937
2023-10-11,0.5966456222347307,5,1.0469084,1.4180741
2023-10-18,0.0061200368440438736,10,1.0904769,1.5588986
2023-11-02,1.0959410719520957,21,1.1411998,1.151684
2023-10-05,1.7807566979314242,1,1.0181974,1.5237217
2023-10-10,2.396815418121354,3,1.0618378,1.6500523
2023-10-12,1.7325910850237145,5,1.0711566,1.9237071
2023-10-19,-1.9272794804600004,10,1.1057128,1.3945093
2023-11-06,2.3465628331987873,21,1.1803315,1.5318831
2023-10-06,-0.2599950394493565,1,1.0184357,1.4325862
2023-10-11,0.5966456222347307,3,1.0469084,1.7392492
2023-10-13,-0.5513611526101144,5,1.0727425,1.5715299
2023-10-20,-0.5463718307780944,10,1.1074483,1.6555009
2023-11-07,-1.343997254279732,21,1.1913084,1.3139374
2023-10-10,2.396815418121354,1,1.0618378,1.4570433
2023-10-12,1.7325910850237145,3,1.0711566,1.4151727
2023-10-16,-2.0538767680627923,5,1.0920476,1.6194662
2023-10-23,-0.8346117888506225,10,1.1117775,1.5755368
2023-11-08,-0.3269482165383556,21,1.1870254,1.3159375
2023-10-11,0.5966456222347307,1,1.0469084,1.5874673
2023-10-13,-0.5513611526101144,3,1.0727425,1.5866193
2023-10-17,1.1970750340029166,5,1.0928767,1.3976177
2023-10-24,0.20237488430990333,10,1.1078959,1.4782572
2023-11-09,1.4811524772588347,21,1.19066,1.3411815
2023-10-12,1.7325910850237145,1,1.0711566,1.5777339
2023-10-16,-2.0538767680627923,3,1.0920476,1.1300638
2023-10-18,0.0061200368440438736,5,1.0904769,1.4537097
2023-10-25,0.6660148309590518,10,1.1114599,1.5199862
2023-11-10,-0.2402886343459992,21,1.1891315,1.1827183
2023-10-13,-0.5513611526101144,1,1.0727425,1.3248532
2023-10-17,1.1970750340029166,3,1.0928767,1.4071258
2023-10-19,-1.9272794804600004,5,1.1057128,1.3927671
2023-10-26,-2.1598456380856264,10,1.1294013,1.423211
2023-11-13,0.052184683157472184,21,1.1728868,1.3919917
2023-10-16,-2.0538767680627923,1,1.0920476,1.3476268
2023-10-18,0.0061200368440438736,3,1.0904769,1.4226798
2023-10-20,-0.5463718307780944,5,1.1074483,1.5267879
2023-10-27,1.2660932162877616,10,1.1358479,1.0787226
2023-11-14,0.3395179382738351,21,1.1717389,1.2723644
2023-10-17,1.1970750340029166,1,1.0928767,1.7115273
2023-10-19,-1.9272794804600004,3,1.1057128,1.4833218
2023-10-23,-0.8346117888506225,5,1.1117775,1.5106876
2023-10-30,-0.9555428958192921,10,1.1043321,1.3862126
2023-11-15,2.488270661872495,21,1.2100995,1.2858788
2023-10-18,0.0061200368440438736,1,1.0904769,1.4974725
2023-10-20,-0.5463718307780944,3,1.1074483,1.6461296
2023-10-24,0.20237488430990333,5,1.1078959,1.6856159
2023-10-31,0.5259911084911963,10,1.0873528,1.3579695
2023-11-16,-0.28468263375176817,21,1.2106524,1.344469
2023-10-19,-1.9272794804600004,1,1.1057128,1.3589122
2023-10-23,-0.8346117888506225,3,1.1117775,1.4818519
2023-10-25,0.6660148309590518,5,1.1114599,1.4601266
2023-11-01,2.3785778266317035,10,1.1322048,1.5008228
2023-11-17,0.4798994430358148,21,1.2069235,1.3138583
2023-10-20,-0.5463718307780944,1,1.1074483,1.6347635
2023-10-24,0.20237488430990333,3,1.1078959,1.835521
2023-10-26,-2.1598456380856264,5,1.1294013,1.6960832
2023-11-02,1.0959410719520957,10,1.1411998,1.3928114
2023-11-20,-0.5887980525744572,21,1.2089216,1.3108424
2023-10-23,-0.8346117888506225,1,1.1117775,1.5240425
2023-10-25,0.6660148309590518,3,1.1114599,1.6183485
2023-10-27,1.2660932162877616,5,1.1358479,1.3893559
2023-11-06,2.3465628331987873,10,1.1803315,1.485267
2023-11-21,-0.10155686265744017,21,1.2046237,1.1906133
2023-10-24,0.20237488430990333,1,1.1078959,2.0404363
2023-10-26,-2.1598456380856264,3,1.1294013,1.534048
2023-10-30,-0.9555428958192921,5,1.1043321,1.7099798
2023-11-07,-1.343997254279732,10,1.1913084,1.1816645
2023-11-22,0.29245162207182374,21,1.1720446,1.4757885
2023-10-25,0.6660148309590518,1,1.1114599,1.465418
2023-10-27,1.2660932162877616,3,1.1358479,1.2187376
2023-10-31,0.5259911084911963,5,1.0873528,1.1275369
2023-11-08,-0.3269482165383556,10,1.1870254,1.4269423
2023-11-24,0.5179199506488198,21,1.1541262,1.2746378
2023-10-26,-2.1598456380856264,1,1.1294013,1.5075284
2023-10-30,-0.9555428958192921,3,1.1043321,1.2625723
2023-11-01,2.3785778266317035,5,1.1322048,1.3444668
2023-11-09,1.4811524772588347,10,1.19066,1.3110812
2023-11-27,-0.5303453051143999,21,1.1566635,1.2751573
2023-10-27,1.2660932162877616,1,1.1358479,1.0758135
2023-10-31,0.5259911084911963,3,1.0873528,1.3455565
2023-11-02,1.0959410719520957,5,1.1411998,1.3767849
2023-11-10,-0.2402886343459992,10,1.1891315,1.2962129
2023-11-28,-0.11750992520731954,21,1.1563491,1.1738122
2023-10-30,-0.9555428958192921,1,1.1043321,1.4908953
2023-11-01,2.3785778266317035,3,1.1322048,1.6028575
2023-11-06,2.3465628331987873,5,1.1803315,1.587268
2023-11-13,0.052184683157472184,10,1.1728868,1.3141255
2023-11-29,-0.2612690989917327,21,1.1519148,1.4195083
2023-10-31,0.5259911084911963,1,1.0873528,1.2274642
2023-11-02,1.0959410719520957,3,1.1411998,1.375832
2023-11-07,-1.343997254279732,5,1.1913084,1.4394623
2023-11-14,0.3395179382738351,10,1.1717389,1.4348419
2023-11-30,0.49596438561248496,21,1.1530308,1.2013266
2023-11-01,2.3785778266317035,1,1.1322048,1.7263129
2023-11-06,2.3465628331987873,3,1.1803315,1.465678
2023-11-08,-0.3269482165383556,5,1.1870254,1.4289964
2023-11-15,2.488270661872495,10,1.2100995,1.9262636
2023-12-01,-0.16551177838249906,21,1.150069,1.4557287
2023-11-02,1.0959410719520957,1,1.1411998,1.2195752
2023-11-07,-1.343997254279732,3,1.1913084,1.5368805
2023-11-09,1.4811524772588347,5,1.19066,1.5210906
2023-11-16,-0.28468263375176817,10,1.2106524,1.3905782
2023-12-04,-0.6007633825082408,21,1.1523095,1.3187362
2023-11-06,2.3465628331987873,1,1.1803315,1.2320547
2023-11-08,-0.3269482165383556,3,1.1870254,1.2166723
2023-11-10,-0.2402886343459992,5,1.1891315,1.3057421
2023-11-17,0.4798994430358148,10,1.2069235,1.3948033
2023-12-05,-1.3800228067112543,21,1.1632683,1.164676
2023-11-07,-1.343997254279732,1,1.1913084,1.3436692
2023-11-09,1.4811524772588347,3,1.19066,1.3326738
2023-11-13,0.052184683157472184,5,1.1728868,1.4532267
2023-11-20,-0.5887980525744572,10,1.2089216,1.2104445
2023-12-06,2.0238103402394376,21,1.1886927,1.324126
2023-11-08,-0.3269482165383556,1,1.1870254,1.4785012
2023-11-10,-0.2402886343459992,3,1.1891315,1.4918677
2023-11-14,0.3395179382738351,5,1.1717389,1.3389909
2023-11-21,-0.10155686265744017,10,1.2046237,1.4201754
2023-12-07,-1.7724523164329844,21,1.2013904,1.2295419
2023-11-09,1.4811524772588347,1,1.19066,1.6453991
2023-11-13,0.052184683157472184,3,1.1728868,1.4257234
2023-11-15,2.488270661872495,5,1.2100995,1.467193
2023-11-22,0.29245162207182374,10,1.1720446,1.4889332
2023-12-08,-1.6894113245277411,21,1.2201289,1.2758592
2023-11-10,-0.2402886343459992,1,1.1891315,1.2282145
2023-11-14,0.3395179382738351,3,1.1717389,1.5933367
2023-11-16,-0.28468263375176817,5,1.2106524,1.5138919
2023-11-24,0.5179199506488198,10,1.1541262,1.3537605
2023-12-11,1.4867983025982685,21,1.2292604,1.3285728
2023-11-13,0.052184683157472184,1,1.1728868,1.4116709
2023-11-15,2.488270661872495,3,1.2100995,1.6493561
2023-11-17,0.4798994430358148,5,1.2069235,1.4313035
2023-11-27,-0.5303453051143999,10,1.1566635,1.402517
2023-12-12,0.1581413970060102,21,1.2290992,1.3820368
2023-11-14,0.3395179382738351,1,1.1717389,1.1697397
2023-11-16,-0.28468263375176817,3,1.2106524,1.6651742
2023-11-20,-0.5887980525744572,5,1.2089216,1.0671654
2023-11-28,-0.11750992520731954,10,1.1563491,1.3846896
2023-12-13,0.2513374591569691,21,1.2158808,1.0882969
2023-11-15,2.488270661872495,1,1.2100995,1.4225096
2023-11-17,0.4798994430358148,3,1.2069235,1.3784708
2023-11-21,-0.10155686265744017,5,1.2046237,1.4210504
2023-11-29,-0.2612690989917327,10,1.1519148,1.4633062
2023-12-14,-0.7318796344914846,21,1.2105566,1.1587427
2023-11-16,-0.28468263375176817,1,1.2106524,1.3800324
2023-11-20,-0.5887980525744572,3,1.2089216,1.0985118
2023-11-22,0.29245162207182374,5,1.1720446,1.3728777
2023-11-30,0.49596438561248496,10,1.1530308,1.2896056
2023-12-15,0.8660262295699396,21,1.2111918,1.2847587
2023-11-17,0.4798994430358148,1,1.2069235,1.3883144
2023-11-21,-0.10155686265744017,3,1.2046237,1.1587951
2023-11-24,0.5179199506488198,5,1.1541262,1.2910451
2023-12-01,-0.16551177838249906,10,1.150069,1.3744384
2023-12-18,-0.6437625193790526,21,1.2110431,1.2466487
2023-11-20,-0.5887980525744572,1,1.2089216,1.3258404
2023-11-22,0.29245162207182374,3,1.1720446,1.1183822
2023-11-27,-0.5303453051143999,5,1.1566635,1.170722
2023-12-04,-0.6007633825082408,10,1.1523095,1.5088661
2023-12-19,1.3956623120534357,21,1.2109606,1.2158921
2023-11-21,-0.10155686265744017,1,1.2046237,1.3884434
2023-11-24,0.5179199506488198,3,1.1541262,1.4795122
2023-11-28,-0.11750992520731954,5,1.1563491,1.3425725
2023-12-05,-1.3800228067112543,10,1.1632683,1.1858153
2023-12-20,1.3649917149243316,21,1.2207942,1.3353248
2023-11-22,0.29245162207182374,1,1.1720446,1.1388059
2023-11-27,-0.5303453051143999,3,1.1566635,1.1397238
2023-11-29,-0.2612690989917327,5,1.1519148,1.3861738
2023-12-06,2.0238103402394376,10,1.1886927,1.4224254
2023-12-21,-1.6028521111137666,21,1.2350358,1.1181884
2023-11-24,0.5179199506488198,1,1.1541262,1.3820215
2023-11-28,-0.11750992520731954,3,1.1563491,1.2889982
2023-11-30,0.49596438561248496,5,1.1530308,1.0260717
2023-12-07,-1.7724523164329844,10,1.2013904,1.1993281
2023-12-22,0.08620793280417956,21,1.2259113,1.1929128
2023-11-27,-0.5303453051143999,1,1.1566635,1.2250794
2023-11-29,-0.2612690989917327,3,1.1519148,1.3600713
2023-12-01,-0.16551177838249906,5,1.150069,1.269032
2023-12-08,-1.6894113245277411,10,1.2201289,1.4471383
2023-12-25,0.25587645895712785,21,1.2261014,1.176465
2023-11-28,-0.11750992520731954,1,1.1563491,1.1688002
2023-11-30,0.49596438561248496,3,1.1530308,1.2263331
2023-12-04,-0.6007633825082408,5,1.1523095,1.3902984
2023-12-11,1.4867983025982685,10,1.2292604,1.1401799
2023-12-26,0.15571037922693898,21,1.2080338,1.1462594
2023-11-29,-0.2612690989917327,1,1.1519148,1.2191474
2023-12-01,-0.16551177838249906,3,1.150069,0.962911
2023-12-05,-1.3800228067112543,5,1.1632683,1.1994089
2023-12-12,0.1581413970060102,10,1.2290992,1.2200668
2023-12-27,1.1207850622050284,21,1.2154475,1.1314514
2023-11-30,0.49596438561248496,1,1.1530308,1.1897635
2023-12-04,-0.6007633825082408,3,1.1523095,1.2739478
2023-12-06,2.0238103402394376,5,1.1886927,1.1274937
2023-12-13,0.2513374591569691,10,1.2158808,1.1731421
2023-12-28,-0.42134955825889897,21,1.2161729,1.1375828
2023-12-01,-0.16551177838249906,1,1.150069,1.2478687
2023-12-05,-1.3800228067112543,3,1.1632683,1.037507
2023-12-07,-1.7724523164329844,5,1.2013904,1.0795704
2023-12-14,-0.7318796344914846,10,1.2105566,1.0788724
2023-12-29,-0.22520889429186622,21,1.1951599,1.0366025
2023-12-04,-0.6007633825082408,1,1.1523095,0.95242894
2023-12-06,2.0238103402394376,3,1.1886927,1.1946535
2023-12-08,-1.6894113245277411,5,1.2201289,1.1428323
2023-12-15,0.8660262295699396,10,1.2111918,1.17513
2024-01-04,-0.5269714915382578,21,1.1556191,0.86305857
2023-12-05,-1.3800228067112543,1,1.1632683,0.99765265
2023-12-07,-1.7724523164329844,3,1.2013904,0.92033154
2023-12-11,1.4867983025982685,5,1.2292604,0.8939043
2023-12-18,-0.6437625193790526,10,1.2110431,0.9867232
2024-01-05,0.2674024302984675,21,1.1356397,1.0408283
2023-12-06,2.0238103402394376,1,1.1886927,1.2270879
2023-12-08,-1.6894113245277411,3,1.2201289,1.0600836
2023-12-12,0.1581413970060102,5,1.2290992,1.3035605
2023-12-19,1.3956623120534357,10,1.2109606,1.133488
2024-01-09,1.1491170718168873,21,1.1422181,1.0909249
2023-12-07,-1.7724523164329844,1,1.2013904,1.1727983
2023-12-11,1.4867983025982685,3,1.2292604,1.1669264
2023-12-13,0.2513374591569691,5,1.2158808,0.9000596
2023-12-20,1.3649917149243316,10,1.2207942,1.2115852
2024-01-10,1.9897733598368323,21,1.1297432,1.0334873
2023-12-08,-1.6894113245277411,1,1.2201289,1.0537001
2023-12-12,0.1581413970060102,3,1.2290992,1.0921991
2023-12-14,-0.7318796344914846,5,1.2105566,1.3908529
2023-12-21,-1.6028521111137666,10,1.2350358,1.339568
2024-01-11,1.750301739974527,21,1.1473987,1.021628
2023-12-11,1.4867983025982685,1,1.2292604,1.3094894
2023-12-13,0.2513374591569691,3,1.2158808,1.1477327
2023-12-15,0.8660262295699396,5,1.2111918,1.3950659
2023-12-22,0.08620793280417956,10,1.2259113,1.2799182
2024-01-12,1.4930834616703659,21,1.1422223,1.1771741
2023-12-12,0.1581413970060102,1,1.2290992,1.4569536
2023-12-14,-0.7318796344914846,3,1.2105566,1.1562166
2023-12-18,-0.6437625193790526,5,1.2110431,1.497771
2023-12-25,0.25587645895712785,10,1.2261014,1.3234203
2024-01-15,0.9084692898838747,21,1.1425546,1.3184757
2023-12-13,0.2513374591569691,1,1.2158808,0.99951357
2023-12-15,0.8660262295699396,3,1.2111918,1.1082326
2023-12-19,1.3956623120534357,5,1.2109606,0.97249216
2023-12-26,0.15571037922693898,10,1.2080338,1.3071442
2024-01-16,-0.7902880814233338,21,1.1120051,0.9273219
2023-12-14,-0.7318796344914846,1,1.2105566,1.2879604
2023-12-18,-0.6437625193790526,3,1.2110431,1.0428522
2023-12-20,1.3649917149243316,5,1.2207942,1.186135
2023-12-27,1.1207850622050284,10,1.2154475,1.3530596
2024-01-17,-0.39785086268452685,21,1.1067303,1.1044904
2023-12-15,0.8660262295699396,1,1.2111918,1.1189493
2023-12-19,1.3956623120534357,3,1.2109606,0.9839901
2023-12-21,-1.6028521111137666,5,1.2350358,1.2673019
2023-12-28,-0.42134955825889897,10,1.2161729,1.1015389
2024-01-18,-0.03264021722168647,21,1.1068388,1.1225928
2023-12-18,-0.6437625193790526,1,1.2110431,1.3491228
2023-12-20,1.3649917149243316,3,1.2207942,1.2051951
2023-12-22,0.08620793280417956,5,1.2259113,1.0072811
2023-12-29,-0.22520889429186622,10,1.1951599,1.3025706
2024-01-19,1.3918789557269637,21,1.0829691,1.0760324
2023-12-19,1.3956623120534357,1,1.2109606,1.107626
2023-12-21,-1.6028521111137666,3,1.2350358,1.203845
2023-12-25,0.25587645895712785,5,1.2261014,1.3468443
2024-01-04,-0.5269714915382578,10,1.1556191,1.0900725
2024-01-22,1.609958719829857,21,1.0926887,0.99237835
2023-12-20,1.3649917149243316,1,1.2207942,1.3968269
2023-12-22,0.08620793280417956,3,1.2259113,1.3244094
2023-12-26,0.15571037922693898,5,1.2080338,1.2592611
2024-01-05,0.2674024302984675,10,1.1356397,1.3351622
2024-01-23,-0.08041908171522306,21,1.0841826,1.1589342
2023-12-21,-1.6028521111137666,1,1.2350358,1.3153919
2023-12-25,0.25587645895712785,3,1.2261014,1.196823
2023-12-27,1.1207850622050284,5,1.2154475,1.3726798
2024-01-09,1.1491170718168873,10,1.1422181,0.994032
2024-01-24,-0.8003167113481723,21,1.0929823,1.071873
2023-12-22,0.08620793280417956,1,1.2259113,1.2119627
2023-12-26,0.15571037922693898,3,1.2080338,1.4988418
2023-12-28,-0.42134955825889897,5,1.2161729,1.1379951
2024-01-10,1.9897733598368323,10,1.1297432,1.2583135
2024-01-25,0.027567967964175405,21,1.0920335,0.98963416
2023-12-25,0.25587645895712785,1,1.2261014,1.3266618
2023-12-27,1.1207850622050284,3,1.2154475,1.2752099
2023-12-29,-0.22520889429186622,5,1.1951599,1.3623912
2024-01-11,1.750301739974527,10,1.1473987,0.9764707
2024-01-26,-1.348582825079037,21,1.0664676,1.2918162
2023-12-26,0.15571037922693898,1,1.2080338,1.1064882
2023-12-28,-0.42134955825889897,3,1.2161729,1.0576959
2024-01-04,-0.5269714915382578,5,1.1556191,1.0592887
2024-01-12,1.4930834616703659,10,1.1422223,1.0674719
2024-01-29,0.7686823457906787,21,1.0604241,0.953595
2023-12-27,1.1207850622050284,1,1.2154475,1.3378675
2023-12-29,-0.22520889429186622,3,1.1951599,0.93126976
2024-01-05,0.2674024302984675,5,1.1356397,1.073216
2024-01-15,0.9084692898838747,10,1.1425546,1.2307146
2024-01-30,0.10796632148764923,21,1.0487401,1.0033777
2023-12-28,-0.42134955825889897,1,1.2161729,0.89025617
2024-01-04,-0.5269714915382578,3,1.1556191,0.79333824
2024-01-09,1.1491170718168873,5,1.1422181,0.9323913
2024-01-16,-0.7902880814233338,10,1.1120051,0.98248243
2024-01-31,0.6104890191682598,21,1.0491483,0.95244366
2023-12-29,-0.22520889429186622,1,1.1951599,1.2941662
2024-01-05,0.2674024302984675,3,1.1356397,1.0637589
2024-01-10,1.9897733598368323,5,1.1297432,1.1651525
2024-01-17,-0.39785086268452685,10,1.1067303,1.085474
2024-02-01,-0.7614337201997039,21,1.0201008,1.1385448
2024-01-04,-0.5269714915382578,1,1.1556191,0.95284915
2024-01-09,1.1491170718168873,3,1.1422181,0.7510203
2024-01-11,1.750301739974527,5,1.1473987,1.0216447
2024-01-18,-0.03264021722168647,10,1.1068388,1.204026
2024-02-02,0.4061517258162088,21,1.0139036,0.92210084
2024-01-05,0.2674024302984675,1,1.1356397,1.3476405
2024-01-10,1.9897733598368323,3,1.1297432,1.179792
2024-01-12,1.4930834616703659,5,1.1422223,1.0913789
2024-01-19,1.3918789557269637,10,1.0829691,1.0237346
2024-02-05,0.5409880221846817,21,0.9753634,1.2036699
2024-01-09,1.1491170718168873,1,1.1422181,1.1154026
2024-01-11,1.750301739974527,3,1.1473987,0.8424366
2024-01-15,0.9084692898838747,5,1.1425546,1.0313773
2024-01-22,1.609958719829857,10,1.0926887,1.0781575
2024-02-06,-0.533685275473635,21,0.95943844,0.8948696
2024-01-10,1.9897733598368323,1,1.1297432,1.3083599
2024-01-12,1.4930834616703659,3,1.1422223,0.96054053
2024-01-16,-0.7902880814233338,5,1.1120051,1.0888892
2024-01-23,-0.08041908171522306,10,1.0841826,1.1747267
2024-02-07,-0.11272262734692812,21,0.9578808,1.1000564
2024-01-11,1.750301739974527,1,1.1473987,0.9257984
2024-01-15,0.9084692898838747,3,1.1425546,1.1116191
2024-01-17,-0.39785086268452685,5,1.1067303,1.21335
2024-01-24,-0.8003167113481723,10,1.0929823,1.1466655
2024-02-08,2.0371401924450234,21,0.9731196,1.0218059
2024-01-12,1.4930834616703659,1,1.1422223,1.1071382
2024-01-16,-0.7902880814233338,3,1.1120051,0.9116689
2024-01-18,-0.03264021722168647,5,1.1068388,1.1355246
2024-01-25,0.027567967964175405,10,1.0920335,0.86564064
2024-02-09,0.09257131776576241,21,0.97150016,0.99510485
2024-01-15,0.9084692898838747,1,1.1425546,1.1543857
2024-01-17,-0.39785086268452685,3,1.1067303,1.1623114
2024-01-19,1.3918789557269637,5,1.0829691,1.1304966
2024-01-26,-1.348582825079037,10,1.0664676,1.0914296
2024-02-13,2.8495838400233118,21,1.0293007,0.95872927
2024-01-16,-0.7902880814233338,1,1.1120051,0.97167635
2024-01-18,-0.03264021722168647,3,1.1068388,0.8649952
2024-01-22,1.609958719829857,5,1.0926887,1.0630213
2024-01-29,0.7686823457906787,10,1.0604241,0.98836935
2024-02-14,-0.6889356594200559,21,1.0364021,0.9825888
2024-01-17,-0.39785086268452685,1,1.1067303,1.2189826
2024-01-19,1.3918789557269637,3,1.0829691,1.1393377
2024-01-23,-0.08041908171522306,5,1.0841826,0.97132355
2024-01-30,0.10796632148764923,10,1.0487401,1.175831
2024-02-15,1.198573622237038,21,1.0017239,0.9169874
2024-01-18,-0.03264021722168647,1,1.1068388,1.1061946
2024-01-22,1.609958719829857,3,1.0926887,1.159473
2024-01-24,-0.8003167113481723,5,1.0929823,1.1999081
2024-01-31,0.6104890191682598,10,1.0491483,1.2476702
2024-02-16,0.8592814382232485,21,1.0029186,1.0370741
2024-01-19,1.3918789557269637,1,1.0829691,1.136739
2024-01-23,-0.08041908171522306,3,1.0841826,1.1547282
2024-01-25,0.027567967964175405,5,1.0920335,1.0988563
2024-02-01,-0.7614337201997039,10,1.0201008,0.97240365
2024-02-19,-0.04381470187320293,21,1.0030307,1.1114032
2024-01-22,1.609958719829857,1,1.0926887,1.3308938
2024-01-24,-0.8003167113481723,3,1.0929823,1.3481758
2024-01-26,-1.348582825079037,5,1.0664676,0.90777254
2024-02-02,0.4061517258162088,10,1.0139036,1.3328551
2024-02-20,-0.27792283691986036,21,0.9995455,1.007127
2024-01-23,-0.08041908171522306,1,1.0841826,1.2236986
2024-01-25,0.027567967964175405,3,1.0920335,1.113776
2024-01-29,0.7686823457906787,5,1.0604241,0.9317239
2024-02-05,0.5409880221846817,10,0.9753634,1.1857438
2024-02-21,-0.264791541138601,21,1.0006889,1.1334199
2024-01-24,-0.8003167113481723,1,1.0929823,1.1245544
2024-01-26,-1.348582825079037,3,1.0664676,1.1912962
2024-01-30,0.10796632148764923,5,1.0487401,1.1061515
2024-02-06,-0.533685275473635,10,0.95943844,1.2896656
2024-02-22,2.1627276507315103,21,1.0313646,0.9627019
2024-01-25,0.027567967964175405,1,1.0920335,1.1351694
2024-01-29,0.7686823457906787,3,1.0604241,0.992494
2024-01-31,0.6104890191682598,5,1.0491483,1.3124266
2024-02-07,-0.11272262734692812,10,0.9578808,1.0523885
2024-02-26,0.34476512889342603,21,1.0308727,1.0822287
2024-01-26,-1.348582825079037,1,1.0664676,1.1298795
2024-01-30,0.10796632148764923,3,1.0487401,1.4064562
2024-02-01,-0.7614337201997039,5,1.0201008,0.7935553
2024-02-08,2.0371401924450234,10,0.9731196,1.2569782
2024-02-27,0.014804013358217202,21,1.0262067,1.036233
2024-01-29,0.7686823457906787,1,1.0604241,1.1069853
2024-01-31,0.6104890191682598,3,1.0491483,1.1253242
2024-02-02,0.4061517258162088,5,1.0139036,1.2772516
2024-02-09,0.09257131776576241,10,0.97150016,1.25546
2024-02-28,-0.08027856224318133,21,1.025982,0.93050283
2024-01-30,0.10796632148764923,1,1.0487401,1.1660286
2024-02-01,-0.7614337201997039,3,1.0201008,1.0354855
2024-02-05,0.5409880221846817,5,0.9753634,1.1369103
2024-02-13,2.8495838400233118,10,1.0293007,1.3889824
2024-02-29,-0.10676941041748808,21,1.0248275,1.0210403
2024-01-31,0.6104890191682598,1,1.0491483,1.331593
2024-02-02,0.4061517258162088,3,1.0139036,1.2118487
2024-02-06,-0.533685275473635,5,0.95943844,1.3129287
2024-02-14,-0.6889356594200559,10,1.0364021,1.2334664
2024-03-01,1.8833562374571793,21,1.0454708,1.2494887
2024-02-01,-0.7614337201997039,1,1.0201008,0.9760208
2024-02-05,0.5409880221846817,3,0.9753634,0.7909843
2024-02-07,-0.11272262734692812,5,0.9578808,1.0850484
2024-02-15,1.198573622237038,10,1.0017239,1.21153
2024-03-04,0.4959021168306252,21,1.0440458,0.9461334
2024-02-02,0.4061517258162088,1,1.0139036,1.2615968
2024-02-06,-0.533685275473635,3,0.95943844,1.1793928
2024-02-08,2.0371401924450234,5,0.9731196,1.2588091
2024-02-16,0.8592814382232485,10,1.0029186,1.2646129
2024-03-05,-0.028929103249560918,21,1.0382451,1.2402712
2024-02-05,0.5409880221846817,1,0.9753634,1.0854359
2024-02-07,-0.11272262734692812,3,0.9578808,0.93772864
2024-02-09,0.09257131776576241,5,0.97150016,1.2592665
2024-02-19,-0.04381470187320293,10,1.0030307,1.5024849
2024-03-06,-0.017078917647335812,21,1.0152295,1.1590374
2024-02-06,-0.533685275473635,1,0.95943844,1.48008
2024-02-08,2.0371401924450234,3,0.9731196,1.0934632
2024-02-13,2.8495838400233118,5,1.0293007,1.2719135
2024-02-20,-0.27792283691986036,10,0.9995455,1.1443117
2024-03-07,-1.234984822061011,21,1.0105501,1.3033037
2024-02-07,-0.11272262734692812,1,0.9578808,1.1017753
2024-02-09,0.09257131776576241,3,0.97150016,1.2659645
2024-02-14,-0.6889356594200559,5,1.0364021,1.2433152
2024-02-21,-0.264791541138601,10,1.0006889,1.4616592
2024-03-08,0.2276029243762102,21,0.9739768,1.0035195
2024-02-08,2.0371401924450234,1,0.9731196,1.248222
2024-02-13,2.8495838400233118,3,1.0293007,1.252643
2024-02-15,1.198573622237038,5,1.0017239,1.1903797
2024-02-22,2.1627276507315103,10,1.0313646,1.0034384
2024-03-11,-2.2124439144522148,21,0.9943462,1.1935453
2024-02-09,0.09257131776576241,1,0.97150016,1.2865301
2024-02-14,-0.6889356594200559,3,1.0364021,1.2833562
2024-02-16,0.8592814382232485,5,1.0029186,1.2173984
2024-02-26,0.34476512889342603,10,1.0308727,1.2195221
2024-03-12,-0.059204213381258135,21,0.9831994,1.1139413
2024-02-13,2.8495838400233118,1,1.0293007,1.3922366
2024-02-15,1.198573622237038,3,1.0017239,1.309778
2024-02-19,-0.04381470187320293,5,1.0030307,1.2991625
2024-02-27,0.014804013358217202,10,1.0262067,1.0788064
2024-03-13,-0.2620685669352827,21,0.985578,1.0457318
2024-02-14,-0.6889356594200559,1,1.0364021,1.2587152
2024-02-16,0.8592814382232485,3,1.0029186,1.0193526
2024-02-20,-0.27792283691986036,5,0.9995455,1.1186793
2024-02-28,-0.08027856224318133,10,1.025982,1.2805483
2024-03-14,0.28749786004736166,21,0.98557544,1.0847986
2024-02-15,1.198573622237038,1,1.0017239,1.2247139
2024-02-19,-0.04381470187320293,3,1.0030307,1.3659228
2024-02-21,-0.264791541138601,5,1.0006889,1.4515761
2024-02-29,-0.10676941041748808,10,1.0248275,1.0454458
2024-03-15,-0.2573393824706441,21,0.97925127,1.0774331
2024-02-16,0.8592814382232485,1,1.0029186,1.1902395
2024-02-20,-0.27792283691986036,3,0.9995455,0.99928737
2024-02-22,2.1627276507315103,5,1.0313646,1.2211611
2024-03-01,1.8833562374571793,10,1.0454708,1.3646804
2024-03-18,2.633233169692325,21,1.0227323,1.1070963
2024-02-19,-0.04381470187320293,1,1.0030307,1.3481909
2024-02-21,-0.264791541138601,3,1.0006889,1.2801609
2024-02-26,0.34476512889342603,5,1.0308727,1.2383329
2024-03-04,0.4959021168306252,10,1.0440458,1.2414234
2024-03-19,0.66001447071274,21,1.0159252,1.203897
2024-02-20,-0.27792283691986036,1,0.9995455,1.100198
2024-02-22,2.1627276507315103,3,1.0313646,0.9636439
2024-02-27,0.014804013358217202,5,1.0262067,0.7811567
2024-03-05,-0.028929103249560918,10,1.0382451,1.1765147
2024-03-21,2.0096346003144063,21,1.0298077,0.8576336
2024-02-21,-0.264791541138601,1,1.0006889,1.3999394
2024-02-26,0.34476512889342603,3,1.0308727,1.1165965
2024-02-28,-0.08027856224318133,5,1.025982,1.1975726
2024-03-06,-0.017078917647335812,10,1.0152295,1.179173
2024-03-22,0.17812951745919478,21,1.0212114,1.1179596
2024-02-22,2.1627276507315103,1,1.0313646,1.1557736
2024-02-27,0.014804013358217202,3,1.0262067,1.129206
2024-02-29,-0.10676941041748808,5,1.0248275,1.2961785
2024-03-07,-1.234984822061011,10,1.0105501,1.1330562
2024-03-25,-1.166787438236721,21,1.0087456,1.2507678
2024-02-26,0.34476512889342603,1,1.0308727,1.2614393
2024-02-28,-0.08027856224318133,3,1.025982,1.1807225
2024-03-01,1.8833562374571793,5,1.0454708,1.0649947
2024-03-08,0.2276029243762102,10,0.9739768,1.3341079
2024-03-26,-0.03982035744863252,21,1.0093943,1.0913246
2024-02-27,0.014804013358217202,1,1.0262067,1.1271054
2024-02-29,-0.10676941041748808,3,1.0248275,1.1500697
2024-03-04,0.4959021168306252,5,1.0440458,0.95782745
2024-03-11,-2.2124439144522148,10,0.9943462,1.2830173
2024-03-27,0.8987142695917293,21,1.0120175,0.948447
2024-02-28,-0.08027856224318133,1,1.025982,1.2179735
2024-03-01,1.8833562374571793,3,1.0454708,1.1923465
2024-03-05,-0.028929103249560918,5,1.0382451,1.2448549
2024-03-12,-0.059204213381258135,10,0.9831994,1.1119759
2024-03-28,-1.4695785848525174,21,1.0384226,1.2086412
2024-02-29,-0.10676941041748808,1,1.0248275,1.1406107
2024-03-04,0.4959021168306252,3,1.0440458,0.9210104
2024-03-06,-0.017078917647335812,5,1.0152295,1.0349252
2024-03-13,-0.2620685669352827,10,0.985578,1.0035679
2024-03-29,0.5000688724820368,21,1.0333102,0.946188
2024-03-01,1.8833562374571793,1,1.0454708,1.0493506
2024-03-05,-0.028929103249560918,3,1.0382451,1.0592768
2024-03-07,-1.234984822061011,5,1.0105501,1.0074035
2024-03-14,0.28749786004736166,10,0.98557544,1.074715
2024-04-01,-1.4128554374174491,21,1.0528166,0.9496825
2024-03-04,0.4959021168306252,1,1.0440458,1.074164
2024-03-06,-0.017078917647335812,3,1.0152295,1.0146573
2024-03-08,0.2276029243762102,5,0.9739768,0.93278366
2024-03-15,-0.2573393824706441,10,0.97925127,0.85827726
2024-04-02,0.08995332843314484,21,1.0510108,1.0062604
2024-03-05,-0.028929103249560918,1,1.0382451,1.1745467
2024-03-07,-1.234984822061011,3,1.0105501,1.096752
2024-03-11,-2.2124439144522148,5,0.9943462,0.9600315
2024-03-18,2.633233169692325,10,1.0227323,1.0024741
2024-04-03,-0.9763096225270672,21,1.0585093,0.8360127
2024-03-06,-0.017078917647335812,1,1.0152295,1.0549917
2024-03-08,0.2276029243762102,3,0.9739768,0.77457356
2024-03-12,-0.059204213381258135,5,0.9831994,0.957278
2024-03-19,0.66001447071274,10,1.0159252,1.1260355
2024-04-04,0.81108452012914,21,1.0606973,0.89758897
2024-03-07,-1.234984822061011,1,1.0105501,1.226106
2024-03-11,-2.2124439144522148,3,0.9943462,0.96062565
2024-03-13,-0.2620685669352827,5,0.985578,1.1571633
2024-03-21,2.0096346003144063,10,1.0298077,1.0204805
2024-04-05,-1.9833325305466485,21,1.0943598,1.2236867
2024-03-08,0.2276029243762102,1,0.9739768,1.126831
2024-03-12,-0.059204213381258135,3,0.9831994,1.1955657
2024-03-14,0.28749786004736166,5,0.98557544,1.268877
2024-03-22,0.17812951745919478,10,1.0212114,1.0475049
2024-04-08,0.9062225347250229,21,1.0737413,1.1169388
2024-03-11,-2.2124439144522148,1,0.9943462,1.056101
2024-03-13,-0.2620685669352827,3,0.985578,1.0796807
2024-03-15,-0.2573393824706441,5,0.97925127,1.0806812
2024-03-25,-1.166787438236721,10,1.0087456,1.250805
2024-04-09,1.0770805318377783,21,1.0609406,0.958925
2024-03-12,-0.059204213381258135,1,0.9831994,1.2657385
2024-03-14,0.28749786004736166,3,0.98557544,1.3765018
2024-03-18,2.633233169692325,5,1.0227323,1.3576268
2024-03-26,-0.03982035744863252,10,1.0093943,1.3070765
2024-04-10,-0.48218973947029425,21,1.0510741,1.180711
2024-03-13,-0.2620685669352827,1,0.985578,1.2792917
2024-03-15,-0.2573393824706441,3,0.97925127,0.929004
2024-03-19,0.66001447071274,5,1.0159252,1.1861097
2024-03-27,0.8987142695917293,10,1.0120175,1.2931383
2024-04-11,-0.3522450416879921,21,1.0488185,1.0951427
2024-03-14,0.28749786004736166,1,0.98557544,1.5095668
2024-03-18,2.633233169692325,3,1.0227323,1.3526837
2024-03-21,2.0096346003144063,5,1.0298077,1.225395
2024-03-28,-1.4695785848525174,10,1.0384226,1.2110294
2024-04-12,0.20495331962835317,21,1.0414306,1.2629887
2024-03-15,-0.2573393824706441,1,0.97925127,1.0226703
2024-03-19,0.66001447071274,3,1.0159252,0.9855523
2024-03-22,0.17812951745919478,5,1.0212114,1.2181947
2024-03-29,0.5000688724820368,10,1.0333102,1.2681022
2024-04-15,-0.7383565011142664,21,1.0455158,1.0477614
2024-03-18,2.633233169692325,1,1.0227323,1.5735081
2024-03-21,2.0096346003144063,3,1.0298077,1.3446909
2024-03-25,-1.166787438236721,5,1.0087456,1.399748
2024-04-01,-1.4128554374174491,10,1.0528166,1.0110242
2024-04-16,-1.9603262428336896,21,1.0807989,1.2613121
2024-03-19,0.66001447071274,1,1.0159252,1.3218309
2024-03-22,0.17812951745919478,3,1.0212114,1.1189286
2024-03-26,-0.03982035744863252,5,1.0093943,1.3206569
2024-04-02,0.08995332843314484,10,1.0510108,1.5136294
2024-04-17,-1.3329477575317208,21,1.0843558,1.0237385
2024-03-21,2.0096346003144063,1,1.0298077,1.1053289
2024-03-25,-1.166787438236721,3,1.0087456,1.0273683
2024-03-27,0.8987142695917293,5,1.0120175,1.3806549
2024-04-03,-0.9763096225270672,10,1.0585093,1.1603553
2024-04-18,0.310089969218905,21,1.0663115,1.1363364
2024-03-22,0.17812951745919478,1,1.0212114,1.0467608
2024-03-26,-0.03982035744863252,3,1.0093943,1.2030989
2024-03-28,-1.4695785848525174,5,1.0384226,1.1868207
2024-04-04,0.81108452012914,10,1.0606973,1.3057649
2024-04-19,-2.6917763286561107,21,1.1242123,0.97992456
2024-03-25,-1.166787438236721,1,1.0087456,1.2504423
2024-03-27,0.8987142695917293,3,1.0120175,1.0370855
2024-03-29,0.5000688724820368,5,1.0333102,1.2256198
2024-04-05,-1.9833325305466485,10,1.0943598,1.1452748
2024-04-22,0.9938960219700211,21,1.1257501,1.1036894
2024-03-26,-0.03982035744863252,1,1.0093943,1.5881596
2024-03-28,-1.4695785848525174,3,1.0384226,1.3968877
2024-04-01,-1.4128554374174491,5,1.0528166,1.3105409
2024-04-08,0.9062225347250229,10,1.0737413,1.2434468
2024-04-23,0.30283958610550993,21,1.1261978,1.2866827
2024-03-27,0.8987142695917293,1,1.0120175,1.5082389
2024-03-29,0.5000688724820368,3,1.0333102,1.3377872
2024-04-02,0.08995332843314484,5,1.0510108,1.3224288
2024-04-09,1.0770805318377783,10,1.0609406,1.2463332
2024-04-24,2.388986747093893,21,1.1501098,1.2748207
2024-03-28,-1.4695785848525174,1,1.0384226,1.3021759
2024-04-01,-1.4128554374174491,3,1.0528166,1.2364256
2024-04-03,-0.9763096225270672,5,1.0585093,1.347043
2024-04-10,-0.48218973947029425,10,1.0510741,1.1946657
2024-04-25,-2.185954854620538,21,1.1846746,1.1667702
2024-03-29,0.5000688724820368,1,1.0333102,1.254818
2024-04-02,0.08995332843314484,3,1.0510108,1.6068316
2024-04-04,0.81108452012914,5,1.0606973,1.4017072
2024-04-11,-0.3522450416879921,10,1.0488185,1.1626273
2024-04-26,0.8106664523146838,21,1.1884985,1.083342
2024-04-01,-1.4128554374174491,1,1.0528166,1.172598
2024-04-03,-0.9763096225270672,3,1.0585093,1.085584
2024-04-05,-1.9833325305466485,5,1.0943598,1.1607038
2024-04-12,0.20495331962835317,10,1.0414306,1.1697383
2024-04-30,1.2336961166961482,21,1.1958762,1.0143106
2024-04-02,0.08995332843314484,1,1.0510108,1.3947024
2024-04-04,0.81108452012914,3,1.0606973,1.5541685
2024-04-08,0.9062225347250229,5,1.0737413,1.3193147
2024-04-15,-0.7383565011142664,10,1.0455158,1.2170929
2024-05-01,-0.34327073648451556,21,1.1920152,1.1767848
2024-04-03,-0.9763096225270672,1,1.0585093,1.3715674
2024-04-05,-1.9833325305466485,3,1.0943598,1.0063215
2024-04-09,1.0770805318377783,5,1.0609406,1.1707773
2024-04-16,-1.9603262428336896,10,1.0807989,1.365844
2024-05-02,-0.0992822160697575,21,1.191612,1.0355426
2024-04-04,0.81108452012914,1,1.0606973,1.5396632
2024-04-08,0.9062225347250229,3,1.0737413,1.6890547
2024-04-10,-0.48218973947029425,5,1.0510741,1.6338345
2024-04-17,-1.3329477575317208,10,1.0843558,1.1175543
2024-05-07,1.5545197991112896,21,1.205175,1.2364688
2024-04-05,-1.9833325305466485,1,1.0943598,1.2357612
2024-04-09,1.0770805318377783,3,1.0609406,0.9568249
2024-04-11,-0.3522450416879921,5,1.0488185,1.3192929
2024-04-18,0.310089969218905,10,1.0663115,1.2927295
2024-05-08,-1.6426932896046558,21,1.2235786,1.0694294
2024-04-08,0.9062225347250229,1,1.0737413,1.4172815
2024-04-10,-0.48218973947029425,3,1.0510741,1.4995251
2024-04-12,0.20495331962835317,5,1.0414306,1.6231164
2024-04-19,-2.6917763286561107,10,1.1242123,1.1681648
2024-05-09,-0.3366462701084503,21,1.2245533,1.1669179
2024-04-09,1.0770805318377783,1,1.0609406,1.347853
2024-04-11,-0.3522450416879921,3,1.0488185,1.1741211
2024-04-15,-0.7383565011142664,5,1.0455158,1.2784767
2024-04-22,0.9938960219700211,10,1.1257501,1.623801
2024-05-10,0.40661294398887876,21,1.1983728,1.1735053
2024-04-10,-0.48218973947029425,1,1.0510741,1.1927088
2024-04-12,0.20495331962835317,3,1.0414306,0.96341664
2024-04-16,-1.9603262428336896,5,1.0807989,1.5251851
2024-04-23,0.30283958610550993,10,1.1261978,1.4145006
2024-05-13,-0.12995517200303672,21,1.1986167,1.2603828
2024-04-11,-0.3522450416879921,1,1.0488185,1.1501567
2024-04-15,-0.7383565011142664,3,1.0455158,1.1857052
2024-04-17,-1.3329477575317208,5,1.0843558,1.2094895
2024-04-24,2.388986747093893,10,1.1501098,1.4024754
2024-05-14,0.4614797697558606,21,1.1426547,1.1380658
2024-04-12,0.20495331962835317,1,1.0414306,1.4850309
2024-04-16,-1.9603262428336896,3,1.0807989,1.2211468
2024-04-18,0.310089969218905,5,1.0663115,1.5788741
2024-04-25,-2.185954854620538,10,1.1846746,1.3017079
2024-05-15,0.0773291236523888,21,1.1389054,1.4051327
2024-04-15,-0.7383565011142664,1,1.0455158,1.5715107
2024-04-17,-1.3329477575317208,3,1.0843558,1.4731939
2024-04-19,-2.6917763286561107,5,1.1242123,1.0845878
2024-04-26,0.8106664523146838,10,1.1884985,1.322656
2024-05-16,1.38291936701776,21,1.1423551,1.3800026
2024-04-16,-1.9603262428336896,1,1.0807989,1.6867272
2024-04-18,0.310089969218905,3,1.0663115,1.490988
2024-04-22,0.9938960219700211,5,1.1257501,1.6799059
2024-04-30,1.2336961166961482,10,1.1958762,1.4609975
2024-05-17,-0.3420074035389234,21,1.1381466,1.2875668
2024-04-17,-1.3329477575317208,1,1.0843558,1.3521075
2024-04-19,-2.6917763286561107,3,1.1242123,1.6209785
2024-04-23,0.30283958610550993,5,1.1261978,1.6969719
2024-05-01,-0.34327073648451556,10,1.1920152,1.3788284
2024-05-20,0.7251802816574756,21,1.1418205,1.2966385
2024-04-18,0.310089969218905,1,1.0663115,2.03273
2024-04-22,0.9938960219700211,3,1.1257501,1.8415294
2024-04-24,2.388986747093893,5,1.1501098,2.0786846
2024-05-02,-0.0992822160697575,10,1.191612,1.4944303
2024-05-21,-0.3146768419548248,21,1.141996,1.5955414
2024-04-19,-2.6917763286561107,1,1.1242123,1.3883555
2024-04-23,0.30283958610550993,3,1.1261978,1.6584686
2024-04-25,-2.185954854620538,5,1.1846746,1.5596516
2024-05-07,1.5545197991112896,10,1.205175,1.5144756
2024-05-22,-0.850471817226441,21,1.1470084,1.3491238
2024-04-22,0.9938960219700211,1,1.1257501,1.9323592
2024-04-24,2.388986747093893,3,1.1501098,2.329317
2024-04-26,0.8106664523146838,5,1.1884985,1.7078038
2024-05-08,-1.6426932896046558,10,1.2235786,1.7635748
2024-05-23,1.2509560559344868,21,1.1238838,1.3629259
2024-04-23,0.30283958610550993,1,1.1261978,1.5236472
2024-04-25,-2.185954854620538,3,1.1846746,1.6117135
2024-04-30,1.2336961166961482,5,1.1958762,1.7094867
2024-05-09,-0.3366462701084503,10,1.2245533,1.6004615
2024-05-24,-1.17586776097245,21,1.1330897,1.3452475
2024-04-24,2.388986747093893,1,1.1501098,1.6530446
2024-04-26,0.8106664523146838,3,1.1884985,1.756518
2024-05-01,-0.34327073648451556,5,1.1920152,1.5886632
2024-05-10,0.40661294398887876,10,1.1983728,1.3874644
2024-05-27,0.6548645747686236,21,1.1364801,1.4057714
2024-04-25,-2.185954854620538,1,1.1846746,1.5552671
2024-04-30,1.2336961166961482,3,1.1958762,1.444247
2024-05-02,-0.0992822160697575,5,1.191612,1.5134767
2024-05-13,-0.12995517200303672,10,1.1986167,1.6877515
2024-05-28,-0.11484333638695791,21,1.1365228,1.4064822
2024-04-26,0.8106664523146838,1,1.1884985,1.3543451
2024-05-01,-0.34327073648451556,3,1.1920152,1.8207245
2024-05-07,1.5545197991112896,5,1.205175,1.6222227
2024-05-14,0.4614797697558606,10,1.1426547,1.4863404
2024-05-29,-0.7711996733372241,21,1.1406609,1.4205679
2024-04-30,1.2336961166961482,1,1.1958762,1.5852784
2024-05-02,-0.0992822160697575,3,1.191612,1.401362
2024-05-08,-1.6426932896046558,5,1.2235786,1.5800264
2024-05-15,0.0773291236523888,10,1.1389054,1.7014266
2024-05-30,-1.3124731547266444,21,1.1244859,1.4222679
2024-05-01,-0.34327073648451556,1,1.1920152,1.2957954
2024-05-07,1.5545197991112896,3,1.205175,1.2333792
2024-05-09,-0.3366462701084503,5,1.2245533,1.7910368
2024-05-16,1.38291936701776,10,1.1423551,1.5577759
2024-05-31,1.1334274515716631,21,1.1329939,1.4229398
2024-05-02,-0.0992822160697575,1,1.191612,1.5235707
2024-05-08,-1.6426932896046558,3,1.2235786,1.7019904
2024-05-10,0.40661294398887876,5,1.1983728,1.2674454
2024-05-17,-0.3420074035389234,10,1.1381466,1.511043
2024-06-03,1.1242272822096113,21,1.1434139,1.4220839
2024-05-07,1.5545197991112896,1,1.205175,1.459544
2024-05-09,-0.3366462701084503,3,1.2245533,1.2154127
2024-05-13,-0.12995517200303672,5,1.1986167,1.4554249
2024-05-20,0.7251802816574756,10,1.1418205,1.5104767
2024-06-04,-0.2200869480977879,21,1.1436166,1.228227
2024-05-08,-1.6426932896046558,1,1.2235786,1.5352923
2024-05-10,0.40661294398887876,3,1.1983728,1.5931803
2024-05-14,0.4614797697558606,5,1.1426547,1.1480048
2024-05-21,-0.3146768419548248,10,1.141996,1.2986283
2024-06-05,-0.8982336194035169,21,1.1385322,1.3611554
2024-05-09,-0.3366462701084503,1,1.2245533,1.4189916
2024-05-13,-0.12995517200303672,3,1.1986167,1.3807013
2024-05-15,0.0773291236523888,5,1.1389054,1.7990884
2024-05-22,-0.850471817226441,10,1.1470084,1.3761836
2024-06-06,0.5527405274230405,21,1.1406347,1.2095435
2024-05-10,0.40661294398887876,1,1.1983728,1.5877116
2024-05-14,0.4614797697558606,3,1.1426547,1.4690545
2024-05-16,1.38291936701776,5,1.1423551,1.3967932
2024-05-23,1.2509560559344868,10,1.1238838,1.2058806
2024-06-07,-0.05060777643530449,21,1.1044804,1.38881
2024-05-13,-0.12995517200303672,1,1.1986167,1.5564888
2024-05-15,0.0773291236523888,3,1.1389054,1.3984983
2024-05-17,-0.3420074035389234,5,1.1381466,1.5719304
2024-05-24,-1.17586776097245,10,1.1330897,1.3896558
2024-06-10,0.9115373048005037,21,1.110778,1.2906767
2024-05-14,0.4614797697558606,1,1.1426547,1.2685475
2024-05-16,1.38291936701776,3,1.1423551,1.3961878
2024-05-20,0.7251802816574756,5,1.1418205,1.2076516
2024-05-27,0.6548645747686236,10,1.1364801,1.2070224
2024-06-11,0.24721839569709228,21,1.1106071,1.0893645
2024-05-15,0.0773291236523888,1,1.1389054,1.435799
2024-05-17,-0.3420074035389234,3,1.1381466,1.3239281
2024-05-21,-0.3146768419548248,5,1.141996,1.4089407
2024-05-28,-0.11484333638695791,10,1.1365228,1.4187376
2024-06-12,-0.6616436461157585,21,1.1134709,1.1710424
2024-05-16,1.38291936701776,1,1.1423551,1.171715
2024-05-20,0.7251802816574756,3,1.1418205,1.204425
2024-05-22,-0.850471817226441,5,1.1470084,1.2605108
2024-05-29,-0.7711996733372241,10,1.1406609,1.3154867
2024-06-13,-0.40270123031590127,21,1.1142048,1.1353412
2024-05-17,-0.3420074035389234,1,1.1381466,1.4085972
2024-05-21,-0.3146768419548248,3,1.141996,1.3037276
2024-05-23,1.2509560559344868,5,1.1238838,1.3013302
2024-05-30,-1.3124731547266444,10,1.1244859,1.2982626
2024-06-14,0.24270292578598215,21,1.0598854,1.3682188
2024-05-20,0.7251802816574756,1,1.1418205,1.1620444
2024-05-22,-0.850471817226441,3,1.1470084,1.1154466
2024-05-24,-1.17586776097245,5,1.1330897,1.2627962
2024-05-31,1.1334274515716631,10,1.1329939,1.4476538
2024-06-17,-1.8517038755761952,21,1.0811853,1.1873136
2024-05-21,-0.3146768419548248,1,1.141996,1.4846674
2024-05-23,1.2509560559344868,3,1.1238838,1.1881107
2024-05-27,0.6548645747686236,5,1.1364801,1.1606135
2024-06-03,1.1242272822096113,10,1.1434139,1.4250257
2024-06-18,0.9915082748825447,21,1.0554996,1.3494004
2024-05-22,-0.850471817226441,1,1.1470084,1.1837188
2024-05-24,-1.17586776097245,3,1.1330897,1.1329153
2024-05-28,-0.11484333638695791,5,1.1365228,1.4140506
2024-06-04,-0.2200869480977879,10,1.1436166,1.2945559
2024-06-19,0.23010792877458872,21,1.0557514,1.1480336
2024-05-23,1.2509560559344868,1,1.1238838,1.4844204
2024-05-27,0.6548645747686236,3,1.1364801,1.5454708
2024-05-29,-0.7711996733372241,5,1.1406609,1.2836229
2024-06-05,-0.8982336194035169,10,1.1385322,1.4742093
2024-06-20,0.16128180508082945,21,1.0468322,1.2525728
2024-05-24,-1.17586776097245,1,1.1330897,1.3685493
2024-05-28,-0.11484333638695791,3,1.1365228,1.4467667
2024-05-30,-1.3124731547266444,5,1.1244859,1.3082448
2024-06-06,0.5527405274230405,10,1.1406347,1.2303848
2024-06-21,-0.09465499459451436,21,1.0468247,1.3854703
2024-05-27,0.6548645747686236,1,1.1364801,1.3787035
2024-05-29,-0.7711996733372241,3,1.1406609,1.5143499
2024-05-31,1.1334274515716631,5,1.1329939,1.4826618
2024-06-07,-0.05060777643530449,10,1.1044804,1.3603721
2024-06-24,0.5379255418053319,21,1.0421566,1.2597829
2024-05-28,-0.11484333638695791,1,1.1365228,1.6467925
2024-05-30,-1.3124731547266444,3,1.1244859,1.3909593
2024-06-03,1.1242272822096113,5,1.1434139,1.433644
2024-06-10,0.9115373048005037,10,1.110778,1.3986105
2024-06-25,0.9451478701709357,21,1.0342607,1.3368701
2024-05-29,-0.7711996733372241,1,1.1406609,1.1631374
2024-05-31,1.1334274515716631,3,1.1329939,1.4807545
2024-06-04,-0.2200869480977879,5,1.1436166,1.2162716
2024-06-11,0.24721839569709228,10,1.1106071,1.2473683
2024-06-26,1.2529857091936545,21,1.0454537,1.0748137
2024-05-30,-1.3124731547266444,1,1.1244859,1.4868809
2024-06-03,1.1242272822096113,3,1.1434139,1.419395
2024-06-05,-0.8982336194035169,5,1.1385322,1.4339879
2024-06-12,-0.6616436461157585,10,1.1134709,1.4004805
2024-06-27,-0.82404460645921,21,1.0349567,1.1324528
2024-05-31,1.1334274515716631,1,1.1329939,1.4901938
2024-06-04,-0.2200869480977879,3,1.1436166,1.4639851
2024-06-06,0.5527405274230405,5,1.1406347,1.6596187
2024-06-13,-0.40270123031590127,10,1.1142048,1.4666564
2024-06-28,0.6120772585004333,21,1.0380824,1.3069296
2024-06-03,1.1242272822096113,1,1.1434139,1.5272783
2024-06-05,-0.8982336194035169,3,1.1385322,1.7877891
2024-06-07,-0.05060777643530449,5,1.1044804,1.3363372
2024-06-14,0.24270292578598215,10,1.0598854,1.5462037
2024-07-01,0.12114119172449637,21,1.030421,1.3594911
2024-06-04,-0.2200869480977879,1,1.1436166,1.2675111
2024-06-06,0.5527405274230405,3,1.1406347,1.1648896
2024-06-10,0.9115373048005037,5,1.110778,1.3307798
2024-06-17,-1.8517038755761952,10,1.0811853,1.3716574
2024-07-02,1.1131879285798185,21,1.0351412,1.1599116
2024-06-05,-0.8982336194035169,1,1.1385322,1.3917067
2024-06-07,-0.05060777643530449,3,1.1044804,1.4330246
2024-06-11,0.24721839569709228,5,1.1106071,1.265847
2024-06-18,0.9915082748825447,10,1.0554996,1.5052116
2024-07-03,1.2549106953283065,21,1.0135056,1.3791251
2024-06-06,0.5527405274230405,1,1.1406347,1.2436706
2024-06-10,0.9115373048005037,3,1.110778,1.2786789
2024-06-12,-0.6616436461157585,5,1.1134709,1.444439
2024-06-19,0.23010792877458872,10,1.0557514,1.3703134
2024-07-04,0.8169604997017623,21,1.012317,1.2465404
2024-06-07,-0.05060777643530449,1,1.1044804,1.3336648
2024-06-11,0.24721839569709228,3,1.1106071,1.2537708
2024-06-13,-0.40270123031590127,5,1.1142048,0.9992602
2024-06-20,0.16128180508082945,10,1.0468322,1.7904588
2024-07-05,-0.0031220967546009867,21,1.0035816,1.1302965
2024-06-10,0.9115373048005037,1,1.110778,1.5130725
2024-06-12,-0.6616436461157585,3,1.1134709,1.5813396
2024-06-14,0.24270292578598215,5,1.0598854,1.5194114
2024-06-21,-0.09465499459451436,10,1.0468247,1.4148918
2024-07-08,-0.32235779244960494,21,1.0023644,1.4916164
2024-06-11,0.24721839569709228,1,1.1106071,1.1099945
2024-06-13,-0.40270123031590127,3,1.1142048,1.0566263
2024-06-17,-1.8517038755761952,5,1.0811853,1.1596235
2024-06-24,0.5379255418053319,10,1.0421566,1.3483095
2024-07-09,1.9414504900469702,21,1.030128,1.154936
2024-06-12,-0.6616436461157585,1,1.1134709,1.4653062
2024-06-14,0.24270292578598215,3,1.0598854,1.2292528
2024-06-18,0.9915082748825447,5,1.0554996,1.2263126
2024-06-25,0.9451478701709357,10,1.0342607,1.1595713
2024-07-10,0.603790072817224,21,1.0321805,1.1532687
2024-06-13,-0.40270123031590127,1,1.1142048,1.1812795
2024-06-17,-1.8517038755761952,3,1.0811853,1.0719709
2024-06-19,0.23010792877458872,5,1.0557514,1.1992968
2024-06-26,1.2529857091936545,10,1.0454537,1.1826055
2024-07-11,0.932792557624231,21,1.0318699,1.1026443
2024-06-14,0.24270292578598215,1,1.0598854,1.5056027
2024-06-18,0.9915082748825447,3,1.0554996,1.1765512
2024-06-20,0.16128180508082945,5,1.0468322,1.4538199
2024-06-27,-0.82404460645921,10,1.0349567,1.0314168
2024-07-12,-2.477723273719571,21,1.051545,1.3012004
2024-06-17,-1.8517038755761952,1,1.0811853,1.083825
2024-06-19,0.23010792877458872,3,1.0557514,1.2327739
2024-06-21,-0.09465499459451436,5,1.0468247,1.1302615
2024-06-28,0.6120772585004333,10,1.0380824,1.2638837
2024-07-16,0.20468730102214117,21,1.0342829,0.858974
2024-06-18,0.9915082748825447,1,1.0554996,1.4252919
2024-06-20,0.16128180508082945,3,1.0468322,1.3432226
2024-06-24,0.5379255418053319,5,1.0421566,1.4923571
2024-07-01,0.12114119172449637,10,1.030421,1.2855105
2024-07-17,-0.43069328362949205,21,1.0366304,1.2268146
2024-06-19,0.23010792877458872,1,1.0557514,1.2405268
2024-06-21,-0.09465499459451436,3,1.0468247,1.4753938
2024-06-25,0.9451478701709357,5,1.0342607,1.3299191
2024-07-02,1.1131879285798185,10,1.0351412,1.1191046
2024-07-18,-2.3918685076836077,21,1.023447,1.1822171
2024-06-20,0.16128180508082945,1,1.0468322,1.3314332
2024-06-24,0.5379255418053319,3,1.0421566,1.0480514
2024-06-26,1.2529857091936545,5,1.0454537,1.04547
2024-07-03,1.2549106953283065,10,1.0135056,1.2697127
2024-07-19,-0.15603542332218245,21,1.0177869,0.97163844
2024-06-21,-0.09465499459451436,1,1.0468247,1.0351118
2024-06-25,0.9451478701709357,3,1.0342607,0.98556244
2024-06-27,-0.82404460645921,5,1.0349567,1.0473291
2024-07-04,0.8169604997017623,10,1.012317,1.2471137
2024-07-22,-1.166904503396276,21,1.0307434,1.0656002
2024-06-24,0.5379255418053319,1,1.0421566,1.3051522
2024-06-26,1.2529857091936545,3,1.0454537,0.96258086
2024-06-28,0.6120772585004333,5,1.0380824,1.0919443
2024-07-05,-0.0031220967546009867,10,1.0035816,0.841684
2024-07-23,-0.011640807316945544,21,0.9855309,1.1820133
2024-06-25,0.9451478701709357,1,1.0342607,1.0507143
2024-06-27,-0.82404460645921,3,1.0349567,0.7823527
2024-07-01,0.12114119172449637,5,1.030421,1.042283
2024-07-08,-0.32235779244960494,10,1.0023644,1.2723428
2024-07-24,-1.1163120170305387,21,0.95358425,0.882535
2024-06-26,1.2529857091936545,1,1.0454537,1.0342867
2024-06-28,0.6120772585004333,3,1.0380824,0.88904953
2024-07-02,1.1131879285798185,5,1.0351412,1.0876563
2024-07-09,1.9414504900469702,10,1.030128,1.1552933
2024-07-25,-3.3377988958596077,21,1.044735,1.114871
2024-06-27,-0.82404460645921,1,1.0349567,0.96434474
2024-07-01,0.12114119172449637,3,1.030421,0.9478302
2024-07-03,1.2549106953283065,5,1.0135056,1.126909
2024-07-10,0.603790072817224,10,1.0321805,1.1755077
2024-07-26,-0.5351079703330617,21,1.0341527,1.1124444
2024-06-28,0.6120772585004333,1,1.0380824,1.2078695
2024-07-02,1.1131879285798185,3,1.0351412,0.88576937
2024-07-04,0.8169604997017623,5,1.012317,1.150399
2024-07-11,0.932792557624231,10,1.0318699,1.1000206
2024-07-29,2.104780702156328,21,1.0693702,0.97556496
2024-07-01,0.12114119172449637,1,1.030421,0.9998237
2024-07-03,1.2549106953283065,3,1.0135056,0.83971536
2024-07-05,-0.0031220967546009867,5,1.0035816,0.90720755
2024-07-12,-2.477723273719571,10,1.051545,1.316021
2024-07-30,0.1488944403245079,21,1.0694264,0.93962157
2024-07-02,1.1131879285798185,1,1.0351412,1.160836
2024-07-04,0.8169604997017623,3,1.012317,0.95312023
2024-07-08,-0.32235779244960494,5,1.0023644,1.1106548
2024-07-16,0.20468730102214117,10,1.0342829,0.8166482
2024-07-31,1.4837001278821993,21,1.0677334,1.1311973
2024-07-03,1.2549106953283065,1,1.0135056,1.1263931
2024-07-05,-0.0031220967546009867,3,1.0035816,0.97017795
2024-07-09,1.9414504900469702,5,1.030128,0.93327945
2024-07-17,-0.43069328362949205,10,1.0366304,1.135848
2024-08-01,-2.5263950828172916,21,1.0966406,0.9048845
2024-07-04,0.8169604997017623,1,1.012317,0.9519279
2024-07-08,-0.32235779244960494,3,1.0023644,1.162503
2024-07-10,0.603790072817224,5,1.0321805,1.0725154
2024-07-18,-2.3918685076836077,10,1.023447,0.84401524
2024-08-02,-5.989763815813384,21,1.3413147,0.834478
2024-07-05,-0.0031220967546009867,1,1.0035816,0.91291845
2024-07-09,1.9414504900469702,3,1.030128,0.9289831
2024-07-11,0.932792557624231,5,1.0318699,0.94219893
2024-07-19,-0.15603542332218245,10,1.0177869,0.9360361
2024-08-05,-13.234076084751925,21,2.160358,0.90515417
2024-07-08,-0.32235779244960494,1,1.0023644,1.259287
2024-07-10,0.603790072817224,3,1.0321805,1.1015381
2024-07-12,-2.477723273719571,5,1.051545,1.160888
2024-07-22,-1.166904503396276,10,1.0307434,0.937284
2024-08-06,9.736558781039518,21,2.520875,0.9857961
2024-07-09,1.9414504900469702,1,1.030128,1.0844018
2024-07-11,0.932792557624231,3,1.0318699,0.9828042
2024-07-16,0.20468730102214117,5,1.0342829,0.7825704
2024-07-23,-0.011640807316945544,10,0.9855309,1.1288686
2024-08-07,1.1873132219446887,21,2.5256472,0.9164798
2024-07-10,0.603790072817224,1,1.0321805,0.9938432
2024-07-12,-2.477723273719571,3,1.051545,1.0810475
2024-07-17,-0.43069328362949205,5,1.0366304,1.1873266
2024-07-24,-1.1163120170305387,10,0.95358425,1.0436128
2024-08-08,-0.7393334923367528,21,2.5266106,0.95536864
2024-07-11,0.932792557624231,1,1.0318699,0.81878924
2024-07-16,0.20468730102214117,3,1.0342829,0.9644289
2024-07-18,-2.3918685076836077,5,1.023447,0.7999741
2024-07-25,-3.3377988958596077,10,1.044735,1.069788
2024-08-09,0.5550035735861498,21,2.5202835,0.8592928
2024-07-12,-2.477723273719571,1,1.051545,1.1041644
2024-07-17,-0.43069328362949205,3,1.0366304,1.0674031
2024-07-19,-0.15603542332218245,5,1.0177869,1.0894079
2024-07-26,-0.5351079703330617,10,1.0341527,1.097008
2024-08-13,3.3894737323413033,21,2.561809,1.0709865
2024-07-16,0.20468730102214117,1,1.0342829,0.9286979
2024-07-18,-2.3918685076836077,3,1.023447,0.91523325
2024-07-22,-1.166904503396276,5,1.0307434,0.9579542
2024-07-29,2.104780702156328,10,1.0693702,1.2798893
2024-08-14,0.5776917008342124,21,2.5610611,0.8071917
2024-07-17,-0.43069328362949205,1,1.0366304,1.3617132
2024-07-19,-0.15603542332218245,3,1.0177869,1.1333631
2024-07-23,-0.011640807316945544,5,0.9855309,1.1925857
2024-07-30,0.1488944403245079,10,1.0694264,1.5066477
2024-08-15,0.7768647754402221,21,2.5635018,1.2217494
2024-07-18,-2.3918685076836077,1,1.023447,0.92665243
2024-07-22,-1.166904503396276,3,1.0307434,1.0163194
2024-07-24,-1.1163120170305387,5,0.95358425,1.1749175
2024-07-31,1.4837001278821993,10,1.0677334,1.0224581
2024-08-16,3.5731666750035633,21,2.6047692,1.1190164
2024-07-19,-0.15603542332218245,1,1.0177869,1.3778127
2024-07-23,-0.011640807316945544,3,0.9855309,1.2273816
2024-07-25,-3.3377988958596077,5,1.044735,1.4142598
2024-08-01,-2.5263950828172916,10,1.0966406,1.5249465
2024-08-19,-1.78676517620567,21,2.6090844,1.1357027
2024-07-22,-1.166904503396276,1,1.0307434,1.3095559
2024-07-24,-1.1163120170305387,3,0.95358425,1.2894728
2024-07-26,-0.5351079703330617,5,1.0341527,1.3401506
2024-08-02,-5.989763815813384,10,1.3413147,1.2888701
2024-08-20,1.787421985532697,21,2.6159248,1.2229128
2024-07-23,-0.011640807316945544,1,0.9855309,1.3879206
2024-07-25,-3.3377988958596077,3,1.044735,1.4580421
2024-07-29,2.104780702156328,5,1.0693702,1.4522262
2024-08-05,-13.234076084751925,10,2.160358,1.4156684
2024-08-21,-0.29236750203405537,21,2.6146083,1.2240822
2024-07-24,-1.1163120170305387,1,0.95358425,1.360738
2024-07-26,-0.5351079703330617,3,1.0341527,1.0935268
2024-07-30,0.1488944403245079,5,1.0694264,1.5476199
2024-08-06,9.736558781039518,10,2.520875,1.3523011
2024-08-22,0.6806784828739418,21,2.6162446,1.1250932
2024-07-25,-3.3377988958596077,1,1.044735,1.4104757
2024-07-29,2.104780702156328,3,1.0693702,1.579068
2024-07-31,1.4837001278821993,5,1.0677334,1.3856479
2024-08-07,1.1873132219446887,10,2.5256472,1.4958677
2024-08-23,0.40028065095886173,21,2.6149743,1.3032018
2024-07-26,-0.5351079703330617,1,1.0341527,1.7892292
2024-07-30,0.1488944403245079,3,1.0694264,1.7863342
2024-08-01,-2.5263950828172916,5,1.0966406,1.8817693
2024-08-08,-0.7393334923367528,10,2.5266106,1.6470543
2024-08-26,-0.6644090637961935,21,2.6108313,1.5492976
2024-07-29,2.104780702156328,1,1.0693702,1.4392489
2024-07-31,1.4837001278821993,3,1.0677334,1.7705283
2024-08-02,-5.989763815813384,5,1.3413147,1.6268599
2024-08-09,0.5550035735861498,10,2.5202835,1.5598354
2024-08-27,0.46702978313810584,21,2.6073537,1.2832235
2024-07-30,0.1488944403245079,1,1.0694264,1.8479487
2024-08-01,-2.5263950828172916,3,1.0966406,1.6271011
2024-08-05,-13.234076084751925,5,2.160358,1.796305
2024-08-13,3.3894737323413033,10,2.561809,1.8875175
2024-08-28,0.21690645036379863,21,2.6032999,1.525343
2024-07-31,1.4837001278821993,1,1.0677334,1.2350916
2024-08-02,-5.989763815813384,3,1.3413147,1.3344703
2024-08-06,9.736558781039518,5,2.520875,1.4701979
2024-08-14,0.5776917008342124,10,2.5610611,1.3806604
2024-08-29,-0.024058262446702002,21,2.6031723,1.354955
2024-08-01,-2.5263950828172916,1,1.0966406,1.558899
2024-08-05,-13.234076084751925,3,2.160358,1.669929
2024-08-07,1.1873132219446887,5,2.5256472,1.2250681
2024-08-15,0.7768647754402221,10,2.5635018,1.6264956
2024-08-30,0.7407324048039218,21,2.602405,1.3210255
2024-08-02,-5.989763815813384,1,1.3413147,1.418977
2024-08-06,9.736558781039518,3,2.520875,1.4297119
2024-08-08,-0.7393334923367528,5,2.5266106,1.950382
2024-08-16,3.5731666750035633,10,2.6047692,1.6811844
2024-09-02,0.13735500736933912,21,2.6014805,1.4025875
2024-08-05,-13.234076084751925,1,2.160358,1.7870347
2024-08-07,1.1873132219446887,3,2.5256472,1.9236174
2024-08-09,0.5550035735861498,5,2.5202835,1.99753
2024-08-19,-1.78676517620567,10,2.6090844,1.5056963
2024-09-03,-0.03763543323505083,21,2.6014767,1.7093251
2024-08-06,9.736558781039518,1,2.520875,1.3965648
2024-08-08,-0.7393334923367528,3,2.5266106,1.5899826
2024-08-13,3.3894737323413033,5,2.561809,1.7236111
2024-08-20,1.787421985532697,10,2.6159248,1.5857556
2024-09-04,-4.328192896367713,21,2.6577008,1.2122604
2024-08-07,1.1873132219446887,1,2.5256472,1.5322578
2024-08-09,0.5550035735861498,3,2.5202835,1.7735636
2024-08-14,0.5776917008342124,5,2.5610611,1.4718146
2024-08-21,-0.29236750203405537,10,2.6146083,1.6524975
2024-09-05,-1.0596968439079586,21,2.6602676,1.3062227
2024-08-08,-0.7393334923367528,1,2.5266106,1.4837347
2024-08-13,3.3894737323413033,3,2.561809,1.393412
2024-08-15,0.7768647754402221,5,2.5635018,1.495254
2024-08-22,0.6806784828739418,10,2.6162446,1.6028298
2024-09-06,-0.7272484757154206,21,2.660512,1.2269348
2024-08-09,0.5550035735861498,1,2.5202835,1.3807372
2024-08-14,0.5776917008342124,3,2.5610611,1.3501614
2024-08-16,3.5731666750035633,5,2.6047692,1.2758193
2024-08-23,0.40028065095886173,10,2.6149743,1.3579754
2024-09-09,-0.4840265089037638,21,2.6606843,1.1414479
2024-08-13,3.3894737323413033,1,2.561809,1.5382085
2024-08-15,0.7768647754402221,3,2.5635018,1.1008875
2024-08-19,-1.78676517620567,5,2.6090844,1.3398572
2024-08-26,-0.6644090637961935,10,2.6108313,1.3499146
2024-09-10,-0.15637975967138262,21,2.6602829,1.2013694
2024-08-14,0.5776917008342124,1,2.5610611,1.3015081
2024-08-16,3.5731666750035633,3,2.6047692,1.4209065
2024-08-20,1.787421985532697,5,2.6159248,1.1523744
2024-08-27,0.46702978313810584,10,2.6073537,1.2788942
2024-09-11,-1.502950185259195,21,2.6568096,1.1516167
2024-08-15,0.7768647754402221,1,2.5635018,1.4812325
2024-08-19,-1.78676517620567,3,2.6090844,1.093436
2024-08-21,-0.29236750203405537,5,2.6146083,1.3303266
2024-08-28,0.21690645036379863,10,2.6032999,1.230238
2024-09-12,3.3500692470700684,21,2.6906507,1.1955249
2024-08-16,3.5731666750035633,1,2.6047692,1.1483754
2024-08-20,1.787421985532697,3,2.6159248,1.0326873
2024-08-22,0.6806784828739418,5,2.6162446,1.0485494
2024-08-29,-0.024058262446702002,10,2.6031723,1.3170596
2024-09-13,-0.6851697592505765,21,2.6914976,0.92846626
2024-08-19,-1.78676517620567,1,2.6090844,1.2429705
2024-08-21,-0.29236750203405537,3,2.6146083,1.075135
2024-08-23,0.40028065095886173,5,2.6149743,1.1409513
2024-08-30,0.7407324048039218,10,2.602405,1.1205927
2024-09-17,-1.0401771887622802,21,2.6940777,1.100955
2024-08-20,1.787421985532697,1,2.6159248,1.0879921
2024-08-22,0.6806784828739418,3,2.6162446,1.1120849
2024-08-26,-0.6644090637961935,5,2.6108313,1.2004623
2024-09-02,0.13735500736933912,10,2.6014805,1.1224527
2024-09-18,0.48758668905085156,21,2.6951761,1.0011352
2024-08-21,-0.29236750203405537,1,2.6146083,1.3703642
2024-08-23,0.40028065095886173,3,2.6149743,1.1415125
2024-08-27,0.46702978313810584,5,2.6073537,1.0999492
2024-09-03,-0.03763543323505083,10,2.6014767,1.2047105
2024-09-19,2.108328530259441,21,2.7090514,1.1295216
2024-08-22,0.6806784828739418,1,2.6162446,1.3607064
2024-08-26,-0.6644090637961935,3,2.6108313,1.0577906
2024-08-28,0.21690645036379863,5,2.6032999,1.0314364
2024-09-04,-4.328192896367713,10,2.6577008,1.1147816
2024-09-20,1.518693225368846,21,2.7137105,1.122703
2024-08-23,0.40028065095886173,1,2.6149743,1.4134065
2024-08-27,0.46702978313810584,3,2.6073537,1.1471257
2024-08-29,-0.024058262446702002,5,2.6031723,1.0079886
2024-09-05,-1.0596968439079586,10,2.6602676,1.1568174
2024-09-24,0.5727396065865551,21,2.709538,1.0444963
2024-08-26,-0.6644090637961935,1,2.6108313,1.1202832
2024-08-28,0.21690645036379863,3,2.6032999,1.0848438
2024-08-30,0.7407324048039218,5,2.602405,1.1049063
2024-09-06,-0.7272484757154206,10,2.660512,1.0465175
2024-09-25,-0.18553582692985846,21,2.707796,1.0024824
2024-08-27,0.46702978313810584,1,2.6073537,1.0572536
2024-08-29,-0.024058262446702002,3,2.6031723,1.0301524
2024-09-02,0.13735500736933912,5,2.6014805,0.95554507
2024-09-09,-0.4840265089037638,10,2.6606843,1.091425
2024-09-26,2.748672159356165,21,2.730783,0.98298895
2024-08-28,0.21690645036379863,1,2.6032999,1.1266859
2024-08-30,0.7407324048039218,3,2.602405,0.9545697
2024-09-03,-0.03763543323505083,5,2.6014767,1.0182816
2024-09-10,-0.15637975967138262,10,2.6602829,1.0646677
2024-09-27,2.2956440414575616,21,2.747175,1.0227795
2024-08-29,-0.024058262446702002,1,2.6031723,1.1142974
2024-09-02,0.13735500736933912,3,2.6014805,0.9712026
2024-09-04,-4.328192896367713,5,2.6577008,0.8323613
2024-09-11,-1.502950185259195,10,2.6568096,1.0524385
2024-09-30,-4.914248404567918,21,2.815444,0.92450064
2024-08-30,0.7407324048039218,1,2.602405,1.0901108
2024-09-03,-0.03763543323505083,3,2.6014767,0.87407047
2024-09-05,-1.0596968439079586,5,2.6602676,0.93519
2024-09-12,3.3500692470700684,10,2.6906507,1.1293443
2024-10-01,1.9130880809781374,21,2.8220558,0.99870396
2024-09-02,0.13735500736933912,1,2.6014805,0.96457696
2024-09-04,-4.328192896367713,3,2.6577008,0.9183244
2024-09-06,-0.7272484757154206,5,2.660512,0.8539421
2024-09-13,-0.6851697592505765,10,2.6914976,1.0070571
2024-10-02,-2.205684437304394,21,2.8327105,0.8860314
2024-09-03,-0.03763543323505083,1,2.6014767,1.1189193
2024-09-05,-1.0596968439079586,3,2.6602676,0.9163906
2024-09-09,-0.4840265089037638,5,2.6606843,0.9695473
2024-09-17,-1.0401771887622802,10,2.6940777,1.1995621
2024-10-03,1.9468631932294085,21,2.8453665,1.0102707
2024-09-04,-4.328192896367713,1,2.6577008,0.83984447
2024-09-06,-0.7272484757154206,3,2.660512,0.9017608
2024-09-10,-0.15637975967138262,5,2.6602829,0.8354137
2024-09-18,0.48758668905085156,10,2.6951761,1.060694
2024-10-04,0.21651779917043168,21,2.8455002,0.8060811
2024-09-05,-1.0596968439079586,1,2.6602676,1.2137605
2024-09-09,-0.4840265089037638,3,2.6606843,0.99836856
2024-09-11,-1.502950185259195,5,2.6568096,1.1274831
2024-09-19,2.108328530259441,10,2.7090514,1.215669
2024-10-07,1.7882530048958636,21,2.8437145,1.1121962
2024-09-06,-0.7272484757154206,1,2.660512,1.2374161
2024-09-10,-0.15637975967138262,3,2.6602829,1.1565228
2024-09-12,3.3500692470700684,5,2.6906507,1.2410401
2024-09-20,1.518693225368846,10,2.7137105,1.2192118
2024-10-08,-1.0098407482880876,21,2.844647,1.2090191
2024-09-09,-0.4840265089037638,1,2.6606843,1.2138155
2024-09-11,-1.502950185259195,3,2.6568096,1.2353919
2024-09-13,-0.6851697592505765,5,2.6914976,1.0894634
2024-09-24,0.5727396065865551,10,2.709538,1.303768
2024-10-09,0.870477142162716,21,2.8442676,1.0910537
2024-09-10,-0.15637975967138262,1,2.6602829,1.2431939
2024-09-12,3.3500692470700684,3,2.6906507,1.4071685
2024-09-17,-1.0401771887622802,5,2.6940777,1.1878991
2024-09-25,-0.18553582692985846,10,2.707796,1.3924894
2024-10-10,0.2617117951892766,21,2.827727,1.11866
2024-09-11,-1.502950185259195,1,2.6568096,1.3792907
2024-09-13,-0.6851697592505765,3,2.6914976,1.2718756
2024-09-18,0.48758668905085156,5,2.6951761,1.1800145
2024-09-26,2.748672159356165,10,2.730783,1.3815513
2024-10-11,0.5694902776685145,21,2.8287303,1.2047949
2024-09-12,3.3500692470700684,1,2.6906507,1.4305112
2024-09-17,-1.0401771887622802,3,2.6940777,1.3200887
2024-09-19,2.108328530259441,5,2.7090514,1.4971733
2024-09-27,2.2956440414575616,10,2.747175,1.599931
2024-10-15,0.7665127640329642,21,2.8303564,1.2118123
2024-09-13,-0.6851697592505765,1,2.6914976,1.2861711
2024-09-18,0.48758668905085156,3,2.6951761,1.2766132
2024-09-20,1.518693225368846,5,2.7137105,1.3458236
2024-09-30,-4.914248404567918,10,2.815444,1.4444325
2024-10-16,-1.846663015318762,21,2.8235738,1.2580787
2024-09-17,-1.0401771887622802,1,2.6940777,1.303624
2024-09-19,2.108328530259441,3,2.7090514,1.3796653
2024-09-24,0.5727396065865551,5,2.709538,1.4314559
2024-10-01,1.9130880809781374,10,2.8220558,1.4863263
2024-10-17,-0.689218332841583,21,2.8247848,1.2463021
2024-09-18,0.48758668905085156,1,2.6951761,1.4309562
2024-09-20,1.518693225368846,3,2.7137105,1.246397
2024-09-25,-0.18553582692985846,5,2.707796,1.4158865
2024-10-02,-2.205684437304394,10,2.8327105,1.4153427
2024-10-18,0.18116818231552453,21,2.8210983,1.1598601
2024-09-19,2.108328530259441,1,2.7090514,1.5555316
2024-09-24,0.5727396065865551,3,2.709538,1.3049382
2024-09-26,2.748672159356165,5,2.730783,1.2174977
2024-10-03,1.9468631932294085,10,2.8453665,1.4495667
2024-10-21,-0.06966823068771805,21,2.8211033,1.2561115
2024-09-20,1.518693225368846,1,2.7137105,1.2241601
2024-09-25,-0.18553582692985846,3,2.707796,1.1830028
2024-09-27,2.2956440414575616,5,2.747175,1.2553997
2024-10-04,0.21651779917043168,10,2.8455002,1.4098397
2024-10-22,-1.4028011742253517,21,2.8232195,1.0717986
2024-09-24,0.5727396065865551,1,2.709538,1.302551
2024-09-26,2.748672159356165,3,2.730783,1.158801
2024-09-30,-4.914248404567918,5,2.815444,1.2750596
2024-10-07,1.7882530048958636,10,2.8437145,1.1391482
2024-10-23,-0.8027077189695614,21,2.7917001,1.2581468
2024-09-25,-0.18553582692985846,1,2.707796,1.112255
2024-09-27,2.2956440414575616,3,2.747175,1.2918622
2024-10-01,1.9130880809781374,5,2.8220558,1.1303716
2024-10-08,-1.0098407482880876,10,2.844647,1.0700064
2024-10-24,0.10080163660767331,21,2.7908013,0.9957666
2024-09-26,2.748672159356165,1,2.730783,1.3237319
2024-09-30,-4.914248404567918,3,2.815444,0.82865536
2024-10-02,-2.205684437304394,5,2.8327105,1.0271019
2024-10-09,0.870477142162716,10,2.8442676,1.1415893
2024-10-25,-0.6031456584008739,21,2.7783988,1.027838
2024-09-27,2.2956440414575616,1,2.747175,1.2702338
2024-10-01,1.9130880809781374,3,2.8220558,1.147856
2024-10-03,1.9468631932294085,5,2.8453665,0.9878147
2024-10-10,0.2617117951892766,10,2.827727,1.0302355
2024-10-28,1.8077186404158372,21,2.7883859,1.0823417
2024-09-30,-4.914248404567918,1,2.815444,0.9780654
2024-10-02,-2.205684437304394,3,2.8327105,0.8490255
2024-10-04,0.21651779917043168,5,2.8455002,1.0153224
2024-10-11,0.5694902776685145,10,2.8287303,1.1136954
2024-10-29,0.7693276822786391,21,2.783479,0.9210133
2024-10-01,1.9130880809781374,1,2.8220558,1.127515
2024-10-03,1.9468631932294085,3,2.8453665,1.1457398
2024-10-07,1.7882530048958636,5,2.8437145,1.1512945
2024-10-15,0.7665127640329642,10,2.8303564,1.0997026
2024-10-30,0.9560211502865086,21,2.7663403,0.98363423
2024-10-02,-2.205684437304394,1,2.8327105,1.2189455
2024-10-04,0.21651779917043168,3,2.8455002,1.0330708
2024-10-08,-1.0098407482880876,5,2.844647,1.029094
2024-10-16,-1.846663015318762,10,2.8235738,1.0350314
2024-10-31,-0.5006238829108204,21,2.651615,1.0425401
2024-10-03,1.9468631932294085,1,2.8453665,1.2284918
2024-10-07,1.7882530048958636,3,2.8437145,1.0468479
2024-10-09,0.870477142162716,5,2.8442676,1.0519617
2024-10-17,-0.689218332841583,10,2.8247848,1.0654566
2024-11-01,-2.6645231367667983,21,2.0250456,0.92377645
2024-10-04,0.21651779917043168,1,2.8455002,1.1899797
2024-10-08,-1.0098407482880876,3,2.844647,0.8106711
2024-10-10,0.2617117951892766,5,2.827727,0.8935893
2024-10-18,0.18116818231552453,10,2.8210983,1.0682743
2024-11-05,1.1008459054551203,21,1.6082147,0.89269656
2024-10-07,1.7882530048958636,1,2.8437145,0.9453405
2024-10-09,0.870477142162716,3,2.8442676,0.92311287
2024-10-11,0.5694902776685145,5,2.8287303,0.96637815
2024-10-21,-0.06966823068771805,10,2.8211033,0.8881297
2024-11-06,2.580519251055579,21,1.6329712,0.8716446
2024-10-08,-1.0098407482880876,1,2.844647,1.0655234
2024-10-10,0.2617117951892766,3,2.827727,0.74533194
2024-10-15,0.7665127640329642,5,2.8303564,0.75980854
2024-10-22,-1.4028011742253517,10,2.8232195,0.9192343
2024-11-07,-0.25173510161596707,21,1.6294444,0.77382255
2024-10-09,0.870477142162716,1,2.8442676,0.89060336
2024-10-11,0.5694902776685145,3,2.8287303,0.9210658
2024-10-16,-1.846663015318762,5,2.8235738,0.92913824
2024-10-23,-0.8027077189695614,10,2.7917001,0.74092615
2024-11-08,0.3016185126676096,21,1.6288491,0.81543684
2024-10-10,0.2617117951892766,1,2.827727,1.0018991
2024-10-15,0.7665127640329642,3,2.8303564,0.7717038
2024-10-17,-0.689218332841583,5,2.8247848,0.80024683
2024-10-24,0.10080163660767331,10,2.7908013,0.8878665
2024-11-11,0.08338018906281683,21,1.5741409,0.7852386
2024-10-11,0.5694902776685145,1,2.8287303,1.0529919
2024-10-16,-1.846663015318762,3,2.8235738,0.69359285
2024-10-18,0.18116818231552453,5,2.8210983,0.9343239
2024-10-25,-0.6031456584008739,10,2.7783988,0.8574447
2024-11-12,-0.39850931978736065,21,1.574641,0.9687412
2024-10-15,0.7665127640329642,1,2.8303564,0.77474576
2024-10-17,-0.689218332841583,3,2.8247848,0.75498265
2024-10-21,-0.06966823068771805,5,2.8211033,0.6640913
2024-10-28,1.8077186404158372,10,2.7883859,0.7874397
2024-11-13,-1.6759637908742888,21,1.5893089,0.6937591
2024-10-16,-1.846663015318762,1,2.8235738,0.8674116
2024-10-18,0.18116818231552453,3,2.8210983,0.66212875
2024-10-22,-1.4028011742253517,5,2.8232195,0.76698804
2024-10-29,0.7693276822786391,10,2.783479,0.8782201
2024-11-14,-0.48140733296089994,21,1.5234517,0.81762487
2024-10-17,-0.689218332841583,1,2.8247848,0.81705266
2024-10-21,-0.06966823068771805,3,2.8211033,0.89800894
2024-10-23,-0.8027077189695614,5,2.7917001,0.874474
2024-10-30,0.9560211502865086,10,2.7663403,0.9017255
2024-11-15,0.27782570152289326,21,1.5051439,0.8500888
2024-10-18,0.18116818231552453,1,2.8210983,1.0689998
2024-10-22,-1.4028011742253517,3,2.8232195,0.8659284
2024-10-24,0.10080163660767331,5,2.7908013,0.90516156
2024-10-31,-0.5006238829108204,10,2.651615,1.0939245
2024-11-18,-1.0982102000304856,21,1.4949169,0.8326676
2024-10-21,-0.06966823068771805,1,2.8211033,0.99846625
2024-10-23,-0.8027077189695614,3,2.7917001,0.8526515
2024-10-25,-0.6031456584008739,5,2.7783988,0.82276833
2024-11-01,-2.6645231367667983,10,2.0250456,1.0404956
2024-11-19,0.5051943009873268,21,1.4957564,0.88600206
2024-10-22,-1.4028011742253517,1,2.8232195,1.0659124
2024-10-24,0.10080163660767331,3,2.7908013,0.9200282
2024-10-28,1.8077186404158372,5,2.7883859,0.809043
2024-11-05,1.1008459054551203,10,1.6082147,1.0520307
2024-11-20,-0.16176232937341156,21,1.4934036,0.96950215
2024-10-23,-0.8027077189695614,1,2.7917001,1.0446587
2024-10-25,-0.6031456584008739,3,2.7783988,0.8864336
2024-10-29,0.7693276822786391,5,2.783479,0.92156005
2024-11-06,2.580519251055579,10,1.6329712,0.8818181
2024-11-21,-0.854088261598344,21,1.4965692,0.8421905
2024-10-24,0.10080163660767331,1,2.7908013,0.9663337
2024-10-28,1.8077186404158372,3,2.7883859,0.987656
2024-10-30,0.9560211502865086,5,2.7663403,0.9384641
2024-11-07,-0.25173510161596707,10,1.6294444,1.113709
2024-11-22,0.6753520842744595,21,1.4967067,0.85336506
2024-10-25,-0.6031456584008739,1,2.7783988,0.9495387
2024-10-29,0.7693276822786391,3,2.783479,0.91125226
2024-10-31,-0.5006238829108204,5,2.651615,1.073232
2024-11-08,0.3016185126676096,10,1.6288491,1.056805
2024-11-25,1.288009897913561,21,1.5047096,0.8885059
2024-10-28,1.8077186404158372,1,2.7883859,1.034919
2024-10-30,0.9560211502865086,3,2.7663403,0.81531835
2024-11-01,-2.6645231367667983,5,2.0250456,0.98620725
2024-11-11,0.08338018906281683,10,1.5741409,1.0937827
2024-11-26,-0.8757664147849662,21,1.5089079,0.9050754
2024-10-29,0.7693276822786391,1,2.783479,0.9920851
2024-10-31,-0.5006238829108204,3,2.651615,0.8911251
2024-11-05,1.1008459054551203,5,1.6082147,0.94522554
2024-11-12,-0.39850931978736065,10,1.574641,1.2489469
2024-11-27,-0.801893572626497,21,1.5124819,0.9388179
2024-10-30,0.9560211502865086,1,2.7663403,0.9717063
2024-11-01,-2.6645231367667983,3,2.0250456,0.8835895
2024-11-06,2.580519251055579,5,1.6329712,0.7071302
2024-11-13,-1.6759637908742888,10,1.5893089,1.3210654
2024-11-28,0.5598303602311836,21,1.5111399,0.888923
2024-10-31,-0.5006238829108204,1,2.651615,0.9017127
2024-11-05,1.1008459054551203,3,1.6082147,0.8522639
2024-11-07,-0.25173510161596707,5,1.6294444,1.046101
2024-11-14,-0.48140733296089994,10,1.5234517,1.052957
2024-11-29,-0.3684244099642957,21,1.5116979,0.9239372
2024-11-01,-2.6645231367667983,1,2.0250456,0.920707
2024-11-06,2.580519251055579,3,1.6329712,0.7864527
2024-11-08,0.3016185126676096,5,1.6288491,1.0021648
2024-11-15,0.27782570152289326,10,1.5051439,0.84466726
2024-12-02,0.7950618108786257,21,1.5153639,0.86226696
2024-11-05,1.1008459054551203,1,1.6082147,1.4612805
2024-11-07,-0.25173510161596707,3,1.6294444,1.2506884
2024-11-11,0.08338018906281683,5,1.5741409,1.418752
2024-11-18,-1.0982102000304856,10,1.4949169,1.4768478
2024-12-03,1.892602952646885,21,1.424841,1.3322961
2024-11-06,2.580519251055579,1,1.6329712,1.4047806
2024-11-08,0.3016185126676096,3,1.6288491,1.2212754
2024-11-12,-0.39850931978736065,5,1.574641,1.4831171
2024-11-19,0.5051943009873268,10,1.4957564,1.3863766
2024-12-04,0.07012076020916157,21,1.4167489,1.3237026
2024-11-07,-0.25173510161596707,1,1.6294444,1.3154217
2024-11-11,0.08338018906281683,3,1.5741409,1.1961234
2024-11-13,-1.6759637908742888,5,1.5893089,1.3892738
2024-11-20,-0.16176232937341156,10,1.4934036,1.5385622
2024-12-05,0.3030583703951927,21,1.4126048,1.2821484
2024-11-08,0.3016185126676096,1,1.6288491,1.2129251
2024-11-12,-0.39850931978736065,3,1.574641,1.3654262
2024-11-14,-0.48140733296089994,5,1.5234517,1.4128878
2024-11-21,-0.854088261598344,10,1.4965692,1.2780943
2024-12-06,-0.7757516352278754,21,1.4152614,1.1184728
2024-11-11,0.08338018906281683,1,1.5741409,1.4052832
2024-11-13,-1.6759637908742888,3,1.5893089,1.1753192
2024-11-15,0.27782570152289326,5,1.5051439,1.1444439
2024-11-22,0.6753520842744595,10,1.4967067,1.1824874
2024-12-09,0.1771927461179997,21,1.414783,1.1423225
2024-11-12,-0.39850931978736065,1,1.574641,1.4187498
2024-11-14,-0.48140733296089994,3,1.5234517,1.2066882
2024-11-18,-1.0982102000304856,5,1.4949169,1.2430757
2024-11-25,1.288009897913561,10,1.5047096,1.2527425
2024-12-10,0.5274001603899916,21,1.3991885,1.0930057
2024-11-13,-1.6759637908742888,1,1.5893089,1.3510987
2024-11-15,0.27782570152289326,3,1.5051439,1.0464082
2024-11-19,0.5051943009873268,5,1.4957564,1.0547075
2024-11-26,-0.8757664147849662,10,1.5089079,1.098159
2024-12-11,0.011817005498242753,21,1.3353769,1.0972819
2024-11-14,-0.48140733296089994,1,1.5234517,1.3143954
2024-11-18,-1.0982102000304856,3,1.4949169,1.2688215
2024-11-20,-0.16176232937341156,5,1.4934036,1.4825007
2024-11-27,-0.801893572626497,10,1.5124819,1.0582356
2024-12-12,1.2040082388597557,21,1.338552,1.1509538
2024-11-15,0.27782570152289326,1,1.5051439,1.2401183
2024-11-19,0.5051943009873268,3,1.4957564,1.2562134
2024-11-21,-0.854088261598344,5,1.4965692,1.2716199
2024-11-28,0.5598303602311836,10,1.5111399,1.1105013
2024-12-13,-0.9548766811355939,21,1.3373193,1.1286819
2024-11-18,-1.0982102000304856,1,1.4949169,1.423684
2024-11-20,-0.16176232937341156,3,1.4934036,1.3690623
2024-11-22,0.6753520842744595,5,1.4967067,1.2938955
2024-11-29,-0.3684244099642957,10,1.5116979,1.1154894
2024-12-16,-0.03282266535452537,21,1.3367406,1.0983449
2024-11-19,0.5051943009873268,1,1.4957564,1.2511653
2024-11-21,-0.854088261598344,3,1.4965692,1.4124241
2024-11-25,1.288009897913561,5,1.5047096,1.10489
2024-12-02,0.7950618108786257,10,1.5153639,1.3966905
2024-12-17,-0.23548866779684602,21,1.3121265,0.99033666
2024-11-20,-0.16176232937341156,1,1.4934036,1.3799118
2024-11-22,0.6753520842744595,3,1.4967067,1.1887052
2024-11-26,-0.8757664147849662,5,1.5089079,1.3182373
2024-12-03,1.892602952646885,10,1.424841,1.2547756
2024-12-18,-0.7214353013517918,21,1.302804,1.3587766
2024-11-21,-0.854088261598344,1,1.4965692,1.1373641
2024-11-25,1.288009897913561,3,1.5047096,1.1772804
2024-11-27,-0.801893572626497,5,1.5124819,1.1130987
2024-12-04,0.07012076020916157,10,1.4167489,1.0159613
2024-12-19,-0.688446951695577,21,1.3045467,1.0405606
2024-11-22,0.6753520842744595,1,1.4967067,1.2929257
2024-11-26,-0.8757664147849662,3,1.5089079,0.9781739
2024-11-28,0.5598303602311836,5,1.5111399,1.193929
2024-12-05,0.3030583703951927,10,1.4126048,1.3238326
2024-12-20,-0.28814830205543407,21,1.3049117,1.0934939
2024-11-25,1.288009897913561,1,1.5047096,1.150008
2024-11-27,-0.801893572626497,3,1.5124819,0.99770975
2024-11-29,-0.3684244099642957,5,1.5116979,1.1593571
2024-12-06,-0.7757516352278754,10,1.4152614,1.1397179
2024-12-23,1.1801377612235449,21,1.2647434,1.2521467
2024-11-26,-0.8757664147849662,1,1.5089079,1.2041398
2024-11-28,0.5598303602311836,3,1.5111399,0.9340335
2024-12-02,0.7950618108786257,5,1.5153639,1.0588152
2024-12-09,0.1771927461179997,10,1.414783,1.417091
2024-12-24,-0.31839198369258603,21,1.2292005,0.9676197
2024-11-27,-0.801893572626497,1,1.5124819,1.1239257
2024-11-29,-0.3684244099642957,3,1.5116979,1.0505023
2024-12-03,1.892602952646885,5,1.424841,1.2626226
2024-12-10,0.5274001603899916,10,1.3991885,1.1489168
2024-12-25,0.23943053463840472,21,1.0492553,1.0633122
2024-11-28,0.5598303602311836,1,1.5111399,1.2550287
2024-12-02,0.7950618108786257,3,1.5153639,1.1484058
2024-12-04,0.07012076020916157,5,1.4167489,1.2207336
2024-12-11,0.011817005498242753,10,1.3353769,1.0620024
2024-12-26,1.1121774427931932,21,1.0301023,1.2252665
2024-11-29,-0.3684244099642957,1,1.5116979,1.3151445
2024-12-03,1.892602952646885,3,1.424841,1.0047098
2024-12-05,0.3030583703951927,5,1.4126048,1.1751716
2024-12-12,1.2040082388597557,10,1.338552,1.0687661
2024-12-27,1.7861678111050672,21,1.0114062,0.97990185
2024-12-02,0.7950618108786257,1,1.5153639,1.1371332
2024-12-04,0.07012076020916157,3,1.4167489,1.0605896
2024-12-06,-0.7757516352278754,5,1.4152614,0.84838784
2024-12-13,-0.9548766811355939,10,1.3373193,1.1608987
2024-12-30,-0.9644420798439086,21,0.9912064,0.91914535
2024-12-03,1.892602952646885,1,1.424841,1.0261052
2024-12-05,0.3030583703951927,3,1.4126048,1.0215349
2024-12-09,0.1771927461179997,5,1.414783,1.126677
2024-12-16,-0.03282266535452537,10,1.3367406,1.0099981
2025-01-06,-1.4835536951939785,21,1.0106784,0.9379139
2024-12-04,0.07012076020916157,1,1.4167489,0.8804363
2024-12-06,-0.7757516352278754,3,1.4152614,0.75158876
2024-12-10,0.5274001603899916,5,1.3991885,0.8826083
2024-12-17,-0.23548866779684602,10,1.3121265,0.78724295
2025-01-07,1.955589623182098,21,1.0158339,0.8402239
2024-12-05,0.3030583703951927,1,1.4126048,1.0292007
2024-12-09,0.1771927461179997,3,1.414783,1.0940558
2024-12-11,0.011817005498242753,5,1.3353769,1.0382257
2024-12-18,-0.7214353013517918,10,1.302804,0.9704962
2025-01-08,-0.2554001402736829,21,1.0073594,0.8914695
2024-12-06,-0.7757516352278754,1,1.4152614,0.8682598
2024-12-10,0.5274001603899916,3,1.3991885,0.7269701
2024-12-12,1.2040082388597557,5,1.338552,0.75259626
2024-12-19,-0.688446951695577,10,1.3045467,0.7970676
2025-01-09,-0.9448165395697733,21,1.0093769,0.78316104
2024-12-09,0.1771927461179997,1,1.414783,1.2383566
2024-12-11,0.011817005498242753,3,1.3353769,1.069224
2024-12-13,-0.9548766811355939,5,1.3373193,0.9230411
2024-12-20,-0.28814830205543407,10,1.3049117,1.1157732
2025-01-10,-1.052586243343693,21,1.0181293,0.865973
2024-12-10,0.5274001603899916,1,1.3991885,0.8372116
2024-12-12,1.2040082388597557,3,1.338552,0.7859237
2024-12-16,-0.03282266535452537,5,1.3367406,1.0106597
2024-12-23,1.1801377612235449,10,1.2647434,0.9835623
2025-01-14,-1.844127274240211,21,1.0423168,0.8469786
2024-12-11,0.011817005498242753,1,1.3353769,1.0052274
2024-12-13,-0.9548766811355939,3,1.3373193,0.88389033
2024-12-17,-0.23548866779684602,5,1.3121265,0.81558114
2024-12-24,-0.31839198369258603,10,1.2292005,0.98009616
2025-01-15,-0.07728312776267471,21,1.0368146,0.9552765
2024-12-12,1.2040082388597557,1,1.338552,0.9807025
2024-12-16,-0.03282266535452537,3,1.3367406,0.8772796
2024-12-18,-0.7214353013517918,5,1.302804,0.95442605
2024-12-25,0.23943053463840472,10,1.0492553,1.0005184
2025-01-16,0.3324545404946072,21,1.0111005,0.8429438
2024-12-13,-0.9548766811355939,1,1.3373193,1.0393751
2024-12-17,-0.23548866779684602,3,1.3121265,0.7736014
2024-12-19,-0.688446951695577,5,1.3045467,0.8470272
2024-12-26,1.1121774427931932,10,1.0301023,1.0831214
2025-01-17,-0.31455293567256815,21,1.0080879,0.9485364
2024-12-16,-0.03282266535452537,1,1.3367406,1.0785991
2024-12-18,-0.7214353013517918,3,1.302804,0.90222955
2024-12-20,-0.28814830205543407,5,1.3049117,1.2627832
2024-12-27,1.7861678111050672,10,1.0114062,1.0780649
2025-01-20,1.1661824907963816,21,1.0193738,0.91557544
2024-12-17,-0.23548866779684602,1,1.3121265,0.9647795
2024-12-19,-0.688446951695577,3,1.3045467,0.7450868
2024-12-23,1.1801377612235449,5,1.2647434,0.84564257
2024-12-30,-0.9644420798439086,10,0.9912064,1.0235698
2025-01-21,0.3220320892060031,21,1.0201961,0.89628214
2024-12-18,-0.7214353013517918,1,1.302804,1.2647868
2024-12-20,-0.28814830205543407,3,1.3049117,1.0215154
2024-12-24,-0.31839198369258603,5,1.2292005,1.0715806
2025-01-06,-1.4835536951939785,10,1.0106784,0.9536128
2025-01-22,1.5717529250936164,21,1.0229869,1.1222773
2024-12-19,-0.688446951695577,1,1.3045467,0.99495673
2024-12-23,1.1801377612235449,3,1.2647434,0.9655504
2024-12-25,0.23943053463840472,5,1.0492553,1.0549976
2025-01-07,1.955589623182098,10,1.0158339,1.0238276
2025-01-23,0.7854336419607107,21,1.0210224,0.8532026
2024-12-20,-0.28814830205543407,1,1.3049117,1.1789937
2024-12-24,-0.31839198369258603,3,1.2292005,1.0401528
2024-12-26,1.1121774427931932,5,1.0301023,1.162732
2025-01-08,-0.2554001402736829,10,1.0073594,0.95209134
2025-01-24,-0.06731841128137492,21,1.0211928,0.97096694
2024-12-23,1.1801377612235449,1,1.2647434,0.93227077
2024-12-25,0.23943053463840472,3,1.0492553,0.9036055
2024-12-27,1.7861678111050672,5,1.0114062,1.1123507
2025-01-09,-0.9448165395697733,10,1.0093769,1.0486512
2025-01-27,-0.9212389867673787,21,1.0255966,0.94047415
2024-12-24,-0.31839198369258603,1,1.2292005,1.1969285
2024-12-26,1.1121774427931932,3,1.0301023,1.0165
2024-12-30,-0.9644420798439086,5,0.9912064,0.99228644
2025-01-10,-1.052586243343693,10,1.0181293,1.0080166
2025-01-28,-1.3970983757568654,21,1.017037,1.1049463
2024-12-25,0.23943053463840472,1,1.0492553,1.0063853
2024-12-27,1.7861678111050672,3,1.0114062,0.9414895
2025-01-06,-1.4835536951939785,5,1.0106784,0.98377186
2025-01-14,-1.844127274240211,10,1.0423168,1.2331126
2025-01-29,1.0146759842851651,21,1.0205973,0.7751406
2024-12-26,1.1121774427931932,1,1.0301023,1.2543634
2024-12-30,-0.9644420798439086,3,0.9912064,0.8588718
2025-01-07,1.955589623182098,5,1.0158339,1.1090662
2025-01-15,-0.07728312776267471,10,1.0368146,1.0883784
2025-01-30,0.25133440530378576,21,1.0136952,1.233282
2024-12-27,1.7861678111050672,1,1.0114062,1.0933222
2025-01-06,-1.4835536951939785,3,1.0106784,0.97717905
2025-01-08,-0.2554001402736829,5,1.0073594,1.1786854
2025-01-16,0.3324545404946072,10,1.0111005,1.0954225
2025-01-31,0.14798878120692427,21,1.0116137,1.0715342
2024-12-30,-0.9644420798439086,1,0.9912064,1.1321683
2025-01-07,1.955589623182098,3,1.0158339,0.95570946
2025-01-09,-0.9448165395697733,5,1.0093769,1.0021276
2025-01-17,-0.31455293567256815,10,1.0080879,1.3097993
2025-02-03,-2.6954217124565307,21,1.0130109,1.0529265
2025-01-06,-1.4835536951939785,1,1.0106784,1.0109345
2025-01-08,-0.2554001402736829,3,1.0073594,1.1350479
2025-01-10,-1.052586243343693,5,1.0181293,1.1887193
2025-01-20,1.1661824907963816,10,1.0193738,1.2533317
2025-02-04,0.7198344308640012,21,1.0073006,1.0874826
2025-01-07,1.955589623182098,1,1.0158339,1.307504
2025-01-09,-0.9448165395697733,3,1.0093769,1.0687206
2025-01-14,-1.844127274240211,5,1.0423168,1.5609186
2025-01-21,0.3220320892060031,10,1.0201961,1.2042645
2025-02-05,0.08530063201506269,21,0.9493859,1.1945046
2025-01-08,-0.2554001402736829,1,1.0073594,1.3150328
2025-01-10,-1.052586243343693,3,1.0181293,1.1546639
2025-01-15,-0.07728312776267471,5,1.0368146,1.3898869
2025-01-22,1.5717529250936164,10,1.0229869,1.2749786
2025-02-06,0.6034852223607392,21,0.9523795,1.2366238
2025-01-09,-0.9448165395697733,1,1.0093769,1.2658261
2025-01-14,-1.844127274240211,3,1.0423168,1.4555414
2025-01-16,0.3324545404946072,5,1.0111005,1.126072
2025-01-23,0.7854336419607107,10,1.0210224,1.3403178
2025-02-07,-0.7180479680019858,21,0.95575494,1.0005105
2025-01-10,-1.052586243343693,1,1.0181293,1.4950715
2025-01-15,-0.07728312776267471,3,1.0368146,1.3966457
2025-01-17,-0.31455293567256815,5,1.0080879,1.3503822
2025-01-24,-0.06731841128137492,10,1.0211928,1.3912995
2025-02-10,0.036480664519823985,21,0.95567954,1.0604167
2025-01-14,-1.844127274240211,1,1.0423168,1.4630129
2025-01-16,0.3324545404946072,3,1.0111005,1.4687053
2025-01-20,1.1661824907963816,5,1.0193738,1.6114808
2025-01-27,-0.9212389867673787,10,1.0255966,1.1235228
2025-02-12,0.4179974276465047,21,0.9561731,1.2580647
2025-01-15,-0.07728312776267471,1,1.0368146,1.4662566
2025-01-17,-0.31455293567256815,3,1.0080879,1.4939321
2025-01-21,0.3220320892060031,5,1.0201961,1.6542975
2025-01-28,-1.3970983757568654,10,1.017037,1.3315203
2025-02-13,1.2694297724961687,21,0.9451314,1.2391095
2025-01-16,0.3324545404946072,1,1.0111005,1.2968444
2025-01-20,1.1661824907963816,3,1.0193738,1.5007858
2025-01-22,1.5717529250936164,5,1.0229869,1.1830589
2025-01-29,1.0146759842851651,10,1.0205973,1.204498
2025-02-14,-0.7938866176857908,21,0.94885945,1.2357236
2025-01-17,-0.31455293567256815,1,1.0080879,1.4581087
2025-01-21,0.3220320892060031,3,1.0201961,1.4731609
2025-01-23,0.7854336419607107,5,1.0210224,1.2914305
2025-01-30,0.25133440530378576,10,1.0136952,1.3988882
2025-02-17,0.0633788234410511,21,0.94829977,1.1518303
2025-01-20,1.1661824907963816,1,1.0193738,1.2235687
2025-01-22,1.5717529250936164,3,1.0229869,1.1950482
2025-01-24,-0.06731841128137492,5,1.0211928,1.2902907
2025-01-31,0.14798878120692427,10,1.0116137,1.4329684
2025-02-18,0.24513714463187958,21,0.9371782,0.96539474
2025-01-21,0.3220320892060031,1,1.0201961,1.2190945
2025-01-23,0.7854336419607107,3,1.0210224,1.3259075
2025-01-27,-0.9212389867673787,5,1.0255966,0.96513057
2025-02-03,-2.6954217124565307,10,1.0130109,1.4706542
2025-02-19,-0.26974977015536566,21,0.9360699,1.1295563
2025-01-22,1.5717529250936164,1,1.0229869,1.1885716
2025-01-24,-0.06731841128137492,3,1.0211928,1.2522161
2025-01-28,-1.3970983757568654,5,1.017037,1.1046946
2025-02-04,0.7198344308640012,10,1.0073006,1.3488611
2025-02-20,-1.2501544060140843,21,0.95033026,1.2018657
2025-01-23,0.7854336419607107,1,1.0210224,1.276498
2025-01-27,-0.9212389867673787,3,1.0255966,0.92641664
2025-01-29,1.0146759842851651,5,1.0205973,1.1651354
2025-02-05,0.08530063201506269,10,0.9493859,1.3017725
2025-02-21,0.25538034327592035,21,0.9439234,1.225377
2025-01-24,-0.06731841128137492,1,1.0211928,1.1717439
2025-01-28,-1.3970983757568654,3,1.017037,1.0929587
2025-01-30,0.25133440530378576,5,1.0136952,1.1172022
2025-02-06,0.6034852223607392,10,0.9523795,1.1947622
2025-02-25,-1.4001507204940227,21,0.95789564,1.0789726
2025-01-27,-0.9212389867673787,1,1.0255966,0.9695989
2025-01-29,1.0146759842851651,3,1.0205973,0.7928801
2025-01-31,0.14798878120692427,5,1.0116137,0.97022355
2025-02-07,-0.7180479680019858,10,0.95575494,1.0786262
2025-02-26,-0.2498502705209005,21,0.9432557,1.0086424
2025-01-28,-1.3970983757568654,1,1.017037,1.4519439
2025-01-30,0.25133440530378576,3,1.0136952,1.056044
2025-02-03,-2.6954217124565307,5,1.0130109,1.355358
2025-02-10,0.036480664519823985,10,0.95567954,1.1402197
2025-02-27,0.29791370619237617,21,0.9375215,1.2693677
2025-01-29,1.0146759842851651,1,1.0205973,1.1950905
2025-01-31,0.14798878120692427,3,1.0116137,1.5187601
2025-02-04,0.7198344308640012,5,1.0073006,1.2692364
2025-02-12,0.4179974276465047,10,0.9561731,1.2343787
2025-02-28,-2.919309480728385,21,1.0053102,1.0652092
2025-01-30,0.25133440530378576,1,1.0136952,1.3787525
2025-02-03,-2.6954217124565307,3,1.0130109,1.0305655
2025-02-05,0.08530063201506269,5,0.9493859,1.3413554
2025-02-13,1.2694297724961687,10,0.9451314,1.2586077
2025-03-03,1.681279545438873,21,1.0269079,1.1465709
2025-01-31,0.14798878120692427,1,1.0116137,1.4758713
2025-02-04,0.7198344308640012,3,1.0073006,1.3024015
2025-02-06,0.6034852223607392,5,0.9523795,1.1941404
2025-02-14,-0.7938866176857908,10,0.94885945,1.0558016
2025-03-04,-1.2095710091222194,21,1.0373685,1.198292
2025-02-03,-2.6954217124565307,1,1.0130109,1.3913584
2025-02-05,0.08530063201506269,3,0.9493859,1.04653
2025-02-07,-0.7180479680019858,5,0.95575494,1.178589
2025-02-17,0.0633788234410511,10,0.94829977,1.0737092
2025-03-05,0.2329346113445994,21,1.0322367,0.99164164
2025-02-04,0.7198344308640012,1,1.0073006,1.3068508
2025-02-06,0.6034852223607392,3,0.9523795,1.5859406
2025-02-10,0.036480664519823985,5,0.95567954,1.4021852
2025-02-18,0.24513714463187958,10,0.9371782,1.2242606
2025-03-06,0.7632606712632096,21,1.0062183,0.9942431
2025-02-05,0.08530063201506269,1,0.9493859,1.3039892
2025-02-07,-0.7180479680019858,3,0.95575494,1.2593822
2025-02-12,0.4179974276465047,5,0.9561731,1.4821404
2025-02-19,-0.26974977015536566,10,0.9360699,1.2155148
2025-03-07,-2.1927001907380768,21,1.0427394,1.2325575
2025-02-06,0.6034852223607392,1,0.9523795,1.389577
2025-02-10,0.036480664519823985,3,0.95567954,1.1640041
2025-02-13,1.2694297724961687,5,0.9451314,1.3712432
2025-02-20,-1.2501544060140843,10,0.95033026,1.2977743
2025-03-10,0.3817817358565156,21,1.0433104,1.137267
2025-02-07,-0.7180479680019858,1,0.95575494,1.4256829
2025-02-12,0.4179974276465047,3,0.9561731,1.2065507
2025-02-14,-0.7938866176857908,5,0.94885945,1.024076
2025-02-21,0.25538034327592035,10,0.9439234,1.4818155
2025-03-11,-0.6371079900586799,21,1.0419484,1.1030735
2025-02-10,0.036480664519823985,1,0.95567954,1.2230968
2025-02-13,1.2694297724961687,3,0.9451314,1.3095208
2025-02-17,0.0633788234410511,5,0.94829977,1.2878743
2025-02-25,-1.4001507204940227,10,0.95789564,1.2421533
2025-03-12,0.07058740291549255,21,1.0415568,1.267436
2025-02-12,0.4179974276465047,1,0.9561731,1.2201118
2025-02-14,-0.7938866176857908,3,0.94885945,1.1797515
2025-02-18,0.24513714463187958,5,0.9371782,1.2221651
2025-02-26,-0.2498502705209005,10,0.9432557,1.2708669
2025-03-13,-0.07895378949712724,21,1.0382756,1.2230934
2025-02-13,1.2694297724961687,1,0.9451314,1.1505136
2025-02-17,0.0633788234410511,3,0.94829977,1.1242814
2025-02-19,-0.26974977015536566,5,0.9360699,1.2486401
2025-02-27,0.29791370619237617,10,0.9375215,1.1924781
2025-03-14,0.7125142594432475,21,1.0436285,1.1275871
2025-02-14,-0.7938866176857908,1,0.94885945,1.1579361
2025-02-18,0.24513714463187958,3,0.9371782,1.1366551
2025-02-20,-1.2501544060140843,5,0.95033026,0.92246747
2025-02-28,-2.919309480728385,10,1.0053102,1.3942118
2025-03-17,0.9225578301952647,21,1.0382814,1.102374
2025-02-17,0.0633788234410511,1,0.94829977,1.2784237
2025-02-19,-0.26974977015536566,3,0.9360699,1.2970209
2025-02-21,0.25538034327592035,5,0.9439234,1.4029537
2025-03-03,1.681279545438873,10,1.0269079,1.2530898
2025-03-18,1.1932378714208685,21,1.0455202,1.2069955
2025-02-18,0.24513714463187958,1,0.9371782,1.1215813
2025-02-20,-1.2501544060140843,3,0.95033026,1.0527195
2025-02-25,-1.4001507204940227,5,0.95789564,1.1447338
2025-03-04,-1.2095710091222194,10,1.0373685,1.331927
2025-03-19,-0.24747713350934036,21,1.0457578,0.99781024
2025-02-19,-0.26974977015536566,1,0.9360699,1.3531638
2025-02-21,0.25538034327592035,3,0.9439234,1.3220161
2025-02-26,-0.2498502705209005,5,0.9432557,0.97083884
2025-03-05,0.2329346113445994,10,1.0322367,1.2990181
2025-03-21,-0.198386294488816,21,1.0456715,1.2773229
2025-02-20,-1.2501544060140843,1,0.95033026,1.0371069
2025-02-25,-1.4001507204940227,3,0.95789564,1.2874482
2025-02-27,0.29791370619237617,5,0.9375215,0.893468
2025-03-06,0.7632606712632096,10,1.0062183,0.9902308
2025-03-24,-0.1821606783968143,21,1.042316,0.96498466
2025-02-21,0.25538034327592035,1,0.9439234,1.4896576
2025-02-26,-0.2498502705209005,3,0.9432557,1.2609634
2025-02-28,-2.919309480728385,5,1.0053102,1.4221019
2025-03-07,-2.1927001907380768,10,1.0427394,1.2859031
2025-03-25,0.45643533551508864,21,1.0411702,1.1195455
2025-02-25,-1.4001507204940227,1,0.95789564,0.9223936
2025-02-27,0.29791370619237617,3,0.9375215,1.1964334
2025-03-03,1.681279545438873,5,1.0269079,1.2983682
2025-03-10,0.3817817358565156,10,1.0433104,1.2259833
2025-03-26,0.6509904782071676,21,1.0445063,1.0262392
2025-02-26,-0.2498502705209005,1,0.9432557,1.4025427
2025-02-28,-2.919309480728385,3,1.0053102,1.4202505
2025-03-04,-1.2095710091222194,5,1.0373685,1.5080497
2025-03-11,-0.6371079900586799,10,1.0419484,1.2471536
2025-03-27,-0.5995759310167292,21,1.0348034,1.2512995
2025-02-27,0.29791370619237617,1,0.9375215,1.1767075
2025-03-03,1.681279545438873,3,1.0269079,1.2911938
2025-03-05,0.2329346113445994,5,1.0322367,1.1373974
2025-03-12,0.07058740291549255,10,1.0415568,1.4171772
2025-03-28,-1.814352845233905,21,1.0589012,1.0809255
2025-02-28,-2.919309480728385,1,1.0053102,1.3479103
2025-03-04,-1.2095710091222194,3,1.0373685,1.2928927
2025-03-06,0.7632606712632096,5,1.0062183,1.1067487
2025-03-13,-0.07895378949712724,10,1.0382756,1.3215032
2025-03-31,-4.1326012262212695,21,1.1798009,1.1370428
2025-03-03,1.681279545438873,1,1.0269079,1.3936123
2025-03-05,0.2329346113445994,3,1.0322367,1.3268057
2025-03-07,-2.1927001907380768,5,1.0427394,1.4872968
2025-03-14,0.7125142594432475,10,1.0436285,1.5164219
2025-04-01,0.019431995807162247,21,1.1682582,1.2234254
2025-03-04,-1.2095710091222194,1,1.0373685,1.3451198
2025-03-06,0.7632606712632096,3,1.0062183,1.2455548
2025-03-10,0.3817817358565156,5,1.0433104,1.4672904
2025-03-17,0.9225578301952647,10,1.0382814,1.3525436
2025-04-02,0.2842051679526607,21,1.1413043,1.4358529
2025-03-05,0.2329346113445994,1,1.0322367,1.3785388
2025-03-07,-2.1927001907380768,3,1.0427394,1.3878483
2025-03-11,-0.6371079900586799,5,1.0419484,1.5313227
2025-03-18,1.1932378714208685,10,1.0455202,1.530498
2025-04-03,-2.8100517891581385,21,1.1862426,1.2981731
2025-03-06,0.7632606712632096,1,1.0062183,1.4296142
2025-03-10,0.3817817358565156,3,1.0433104,1.1629779
2025-03-12,0.07058740291549255,5,1.0415568,1.4196151
2025-03-19,-0.24747713350934036,10,1.0457578,1.5936643
2025-04-04,-2.788856328706989,21,1.2210654,1.2403976
2025-03-07,-2.1927001907380768,1,1.0427394,1.4697361
2025-03-11,-0.6371079900586799,3,1.0419484,1.3389978
2025-03-13,-0.07895378949712724,5,1.0382756,1.4675952
2025-03-21,-0.198386294488816,10,1.0456715,1.5650914
2025-04-07,-8.150268935603673,21,1.5609938,1.4770668
2025-03-10,0.3817817358565156,1,1.0433104,1.2825041
2025-03-12,0.07058740291549255,3,1.0415568,1.2770332
2025-03-14,0.7125142594432475,5,1.0436285,1.6030321
2025-03-24,-0.1821606783968143,10,1.042316,1.5365233
2025-04-08,5.850530785429875,21,1.7585058,1.2254667
2025-03-11,-0.6371079900586799,1,1.0419484,1.5133232
2025-03-13,-0.07895378949712724,3,1.0382756,1.2586466
2025-03-17,0.9225578301952647,5,1.0382814,1.3266766
2025-03-25,0.45643533551508864,10,1.0411702,1.3681445
2025-04-09,-4.012949659767149,21,1.8205222,1.2939373
2025-03-12,0.07058740291549255,1,1.0415568,1.4464065
2025-03-14,0.7125142594432475,3,1.0436285,1.7870092
2025-03-18,1.1932378714208685,5,1.0455202,1.5780456
2025-03-26,0.6509904782071676,10,1.0445063,1.2550417
2025-04-10,8.735461629580648,21,2.1644156,1.1622643
2025-03-13,-0.07895378949712724,1,1.0382756,1.6475987
2025-03-17,0.9225578301952647,3,1.0382814,1.17125
2025-03-19,-0.24747713350934036,5,1.0457578,1.3622305
2025-03-27,-0.5995759310167292,10,1.0348034,1.1954383
2025-04-11,-3.0017011489827174,21,2.1843214,1.2509644
2025-03-14,0.7125142594432475,1,1.0436285,1.390495
2025-03-18,1.1932378714208685,3,1.0455202,1.3619688
2025-03-21,-0.198386294488816,5,1.0456715,1.1651541
2025-03-28,-1.814352845233905,10,1.0589012,1.1702387
2025-04-14,1.1744795702768298,21,2.191736,1.0863892
2025-03-17,0.9225578301952647,1,1.0382814,1.3289175
2025-03-19,-0.24747713350934036,3,1.0457578,1.0772474
2025-03-24,-0.1821606783968143,5,1.042316,1.209097
2025-03-31,-4.1326012262212695,10,1.1798009,1.2433453
2025-04-15,0.8356974991896113,21,2.1947908,1.1387415
2025-03-18,1.1932378714208685,1,1.0455202,1.1003128
2025-03-21,-0.198386294488816,3,1.0456715,1.4697752
2025-03-25,0.45643533551508864,5,1.0411702,1.2834097
2025-04-01,0.019431995807162247,10,1.1682582,0.9916303
2025-04-16,-1.0181965807977844,21,2.1973066,1.1355541
2025-03-19,-0.24747713350934036,1,1.0457578,1.078027
2025-03-24,-0.1821606783968143,3,1.042316,1.145381
2025-03-26,0.6509904782071676,5,1.0445063,1.2354093
2025-04-02,0.2842051679526607,10,1.1413043,1.1886384
2025-04-17,1.338867769791744,21,2.1992507,1.009449
2025-03-21,-0.198386294488816,1,1.0456715,1.2133087
2025-03-25,0.45643533551508864,3,1.0411702,0.9011854
2025-03-27,-0.5995759310167292,5,1.0348034,0.9847071
2025-04-03,-2.8100517891581385,10,1.1862426,1.1922207
2025-04-18,1.020672996800604,21,2.2039387,0.987622
2025-03-24,-0.1821606783968143,1,1.042316,1.419555
2025-03-26,0.6509904782071676,3,1.0445063,1.0872084
2025-03-28,-1.814352845233905,5,1.0589012,0.87378573
2025-04-04,-2.788856328706989,10,1.2210654,1.3307394
2025-04-21,-1.305215020788779,21,2.1961439,1.1249049
2025-03-25,0.45643533551508864,1,1.0411702,1.1532384
2025-03-27,-0.5995759310167292,3,1.0348034,0.93124413
2025-03-31,-4.1326012262212695,5,1.1798009,1.253948
2025-04-07,-8.150268935603673,10,1.5609938,1.142673
2025-04-22,-0.1731967125266381,21,2.1920228,1.1158763
2025-03-26,0.6509904782071676,1,1.0445063,0.9697647
2025-03-28,-1.814352845233905,3,1.0589012,0.9056727
2025-04-01,0.019431995807162247,5,1.1682582,0.9029679
2025-04-08,5.850530785429875,10,1.7585058,1.0272229
2025-04-23,1.875969218503049,21,2.2091827,1.0069801
2025-03-27,-0.5995759310167292,1,1.0348034,1.0314053
2025-03-31,-4.1326012262212695,3,1.1798009,0.8411767
2025-04-02,0.2842051679526607,5,1.1413043,1.1492949
2025-04-09,-4.012949659767149,10,1.8205222,1.1539112
2025-04-24,0.4878423429040322,21,2.2091563,1.0160176
2025-03-28,-1.814352845233905,1,1.0589012,1.2957796
2025-04-01,0.019431995807162247,3,1.1682582,0.9921268
2025-04-03,-2.8100517891581385,5,1.1862426,0.99105585
2025-04-10,8.735461629580648,10,2.1644156,1.0346413
2025-04-25,1.8845448848271582,21,2.2196774,1.0753725
2025-03-31,-4.1326012262212695,1,1.1798009,1.3401891
2025-04-02,0.2842051679526607,3,1.1413043,1.1498947
2025-04-04,-2.788856328706989,5,1.2210654,1.4487733
2025-04-11,-3.0017011489827174,10,2.1843214,1.4052879
2025-04-28,0.37528490942377,21,2.2155328,1.0702736
2025-04-01,0.019431995807162247,1,1.1682582,1.1268055
2025-04-03,-2.8100517891581385,3,1.1862426,1.2424244
2025-04-07,-8.150268935603673,5,1.5609938,1.5917857
2025-04-14,1.1744795702768298,10,2.191736,1.1401638
2025-04-30,0.5714408702235072,21,2.2169213,1.2017865
2025-04-02,0.2842051679526607,1,1.1413043,1.529192
2025-04-04,-2.788856328706989,3,1.2210654,1.3863498
2025-04-08,5.850530785429875,5,1.7585058,1.3522906
2025-04-15,0.8356974991896113,10,2.1947908,1.2447548
2025-05-01,1.1225908198369428,21,2.2227278,1.2449833
2025-04-03,-2.8100517891581385,1,1.1862426,1.1907486
2025-04-07,-8.150268935603673,3,1.5609938,1.5245147
2025-04-09,-4.012949659767149,5,1.8205222,1.1427016
2025-04-16,-1.0181965807977844,10,2.1973066,1.2537296
2025-05-02,1.032692515684885,21,2.2020051,0.9603782
2025-04-04,-2.788856328706989,1,1.2210654,1.4891418
2025-04-08,5.850530785429875,3,1.7585058,1.4962282
2025-04-10,8.735461629580648,5,2.1644156,1.4339461
2025-04-17,1.338867769791744,10,2.1992507,1.4363743
2025-05-07,-0.1386523962790353,21,2.1995423,1.1950283
2025-04-07,-8.150268935603673,1,1.5609938,1.7179927
2025-04-09,-4.012949659767149,3,1.8205222,1.5997218
2025-04-11,-3.0017011489827174,5,2.1843214,1.871633
2025-04-18,1.020672996800604,10,2.2039387,1.5350039
2025-05-08,0.4042122120184085,21,2.200356,1.3815006
2025-04-08,5.850530785429875,1,1.7585058,1.4177562
2025-04-10,8.735461629580648,3,2.1644156,1.59111
2025-04-14,1.1744795702768298,5,2.191736,1.7381601
2025-04-21,-1.305215020788779,10,2.1961439,1.4341997
2025-05-09,1.544257769084497,21,2.2086723,1.4435472
2025-04-09,-4.012949659767149,1,1.8205222,1.6177768
2025-04-11,-3.0017011489827174,3,2.1843214,1.931802
2025-04-15,0.8356974991896113,5,2.1947908,1.5299072
2025-04-22,-0.1731967125266381,10,2.1920228,1.7551098
2025-05-12,0.375085240324123,21,2.2077281,1.637287
2025-04-10,8.735461629580648,1,2.1644156,1.4914829
2025-04-14,1.1744795702768298,3,2.191736,2.012397
2025-04-16,-1.0181965807977844,5,2.1973066,1.7851583
2025-04-23,1.875969218503049,10,2.2091827,1.9416534
2025-05-13,1.4216713242464551,21,2.2158735,1.3953764
2025-04-11,-3.0017011489827174,1,2.1843214,1.8537104
2025-04-15,0.8356974991896113,3,2.1947908,1.9106331
2025-04-17,1.338867769791744,5,2.1992507,1.7650397
2025-04-24,0.4878423429040322,10,2.2091563,2.1341228
2025-05-14,-0.14449434518472204,21,2.2151499,1.7090254
2025-04-14,1.1744795702768298,1,2.191736,1.7107394
2025-04-16,-1.0181965807977844,3,2.1973066,2.2296298
2025-04-18,1.020672996800604,5,2.2039387,2.196384
2025-04-25,1.8845448848271582,10,2.2196774,1.9126132
2025-05-15,-0.9820830400248529,21,2.2117264,1.6991141
2025-04-15,0.8356974991896113,1,2.1947908,1.9397266
2025-04-17,1.338867769791744,3,2.1992507,2.003127
2025-04-21,-1.305215020788779,5,2.1961439,1.7951515
2025-04-28,0.37528490942377,10,2.2155328,2.044639
2025-05-16,-0.004749005490338649,21,2.2097163,1.9050978
2025-04-16,-1.0181965807977844,1,2.1973066,1.836638
2025-04-18,1.020672996800604,3,2.2039387,2.0136287
2025-04-22,-0.1731967125266381,5,2.1920228,1.8395737
2025-04-30,0.5714408702235072,10,2.2169213,1.7367284
2025-05-19,-0.6779610969083053,21,2.2110841,1.6772964
2025-04-17,1.338867769791744,1,2.1992507,1.8831391
2025-04-21,-1.305215020788779,3,2.1961439,1.8072001
2025-04-23,1.875969218503049,5,2.2091827,1.7773268
2025-05-01,1.1225908198369428,10,2.2227278,2.0141857
2025-05-20,0.08226083206394762,21,2.210787,1.4649279
2025-04-18,1.020672996800604,1,2.2039387,1.8514323
2025-04-22,-0.1731967125266381,3,2.1920228,1.6709636
2025-04-24,0.4878423429040322,5,2.2091563,2.0454319
2025-05-02,1.032692515684885,10,2.2020051,1.6258606
2025-05-21,-0.6160985129850894,21,2.2117546,1.6638243
2025-04-21,-1.305215020788779,1,2.1961439,1.5326453
2025-04-23,1.875969218503049,3,2.2091827,1.8790545
2025-04-25,1.8845448848271582,5,2.2196774,1.6206913
2025-05-07,-0.1386523962790353,10,2.1995423,1.6843941
2025-05-22,-0.8430015613571944,21,2.2087302,1.4636031
2025-04-22,-0.1731967125266381,1,2.1920228,1.64307
2025-04-24,0.4878423429040322,3,2.2091563,1.7977288
2025-04-28,0.37528490942377,5,2.2155328,1.9486015
2025-05-08,0.4042122120184085,10,2.200356,1.698822
2025-05-23,0.4709550851210812,21,2.2094512,1.3655329
2025-04-23,1.875969218503049,1,2.2091827,1.9322387
2025-04-25,1.8845448848271582,3,2.2196774,1.9789646
2025-04-30,0.5714408702235072,5,2.2169213,1.5407337
2025-05-09,1.544257769084497,10,2.2086723,1.6601381
2025-05-26,0.9935884771015036,21,2.2066536,1.6226814
2025-04-24,0.4878423429040322,1,2.2091563,1.9234393
2025-04-28,0.37528490942377,3,2.2155328,1.7827415
2025-05-01,1.1225908198369428,5,2.2227278,1.8663777
2025-05-12,0.375085240324123,10,2.2077281,1.5503912
2025-05-27,0.5117983017947629,21,2.2075644,1.5607666
2025-04-25,1.8845448848271582,1,2.2196774,1.507557
2025-04-30,0.5714408702235072,3,2.2169213,1.530501
2025-05-02,1.032692515684885,5,2.2020051,1.4278533
2025-05-13,1.4216713242464551,10,2.2158735,1.6287891
2025-05-28,-0.004535498195738959,21,2.207175,1.1499612
2025-04-28,0.37528490942377,1,2.2155328,1.6918123
2025-05-01,1.1225908198369428,3,2.2227278,1.8826761
2025-05-07,-0.1386523962790353,5,2.1995423,1.7585448
2025-05-14,-0.14449434518472204,10,2.2151499,1.6369348
2025-05-29,1.8661916309327409,21,2.1871288,1.5868713
2025-04-30,0.5714408702235072,1,2.2169213,1.2491379
2025-05-02,1.032692515684885,3,2.2020051,1.2258946
2025-05-08,0.4042122120184085,5,2.200356,1.5176121
2025-05-15,-0.9820830400248529,10,2.2117264,1.4516228
2025-05-30,-1.224859952974888,21,2.1827083,1.2581043
2025-05-01,1.1225908198369428,1,2.2227278,1.8430297
2025-05-07,-0.1386523962790353,3,2.1995423,1.4356402
2025-05-09,1.544257769084497,5,2.2086723,1.4636786
2025-05-16,-0.004749005490338649,10,2.2097163,1.5767764
2025-06-02,-1.3108814166638405,21,2.183705,1.4405351
2025-05-02,1.032692515684885,1,2.2020051,1.2487491
2025-05-08,0.4042122120184085,3,2.200356,1.1923509
2025-05-12,0.375085240324123,5,2.2077281,1.2871559
2025-05-19,-0.6779610969083053,10,2.2110841,1.5114197
2025-06-03,-0.06370551147141189,21,2.183519,1.2485054
2025-05-07,-0.1386523962790353,1,2.1995423,1.5932558
2025-05-09,1.544257769084497,3,2.2086723,1.421097
2025-05-13,1.4216713242464551,5,2.2158735,1.3245544
2025-05-20,0.08226083206394762,10,2.210787,1.4025881
2025-06-04,0.7996414506216273,21,2.1837392,1.3984517
2025-05-08,0.4042122120184085,1,2.200356,1.2864553
2025-05-12,0.375085240324123,3,2.2077281,1.3269883
2025-05-14,-0.14449434518472204,5,2.2151499,1.271649
2025-05-21,-0.6160985129850894,10,2.2117546,1.3896991
2025-06-05,-0.5125003851428224,21,2.1658194,1.1040411
2025-05-09,1.544257769084497,1,2.2086723,1.3563168
2025-05-13,1.4216713242464551,3,2.2158735,1.1749395
2025-05-15,-0.9820830400248529,5,2.2117264,1.2027029
2025-05-22,-0.8430015613571944,10,2.2087302,1.234858
2025-06-06,0.4970283581486142,21,2.1661878,1.3088055
2025-05-12,0.375085240324123,1,2.2077281,1.3912771
2025-05-14,-0.14449434518472204,3,2.2151499,1.1293035
2025-05-16,-0.004749005490338649,5,2.2097163,1.0579299
2025-05-23,0.4709550851210812,10,2.2094512,1.1840042
2025-06-09,0.9151062550340927,21,2.1673322,1.1644204
2025-05-13,1.4216713242464551,1,2.2158735,1.2366738
2025-05-15,-0.9820830400248529,3,2.2117264,1.1087372
2025-05-19,-0.6779610969083053,5,2.2110841,1.1384578
2025-05-26,0.9935884771015036,10,2.2066536,1.3004297
2025-06-10,0.32225787803299444,21,2.167601,1.0596265
2025-05-14,-0.14449434518472204,1,2.2151499,1.2627282
2025-05-16,-0.004749005490338649,3,2.2097163,1.3288125
2025-05-20,0.08226083206394762,5,2.210787,1.256731
2025-05-27,0.5117983017947629,10,2.2075644,1.2035313
2025-06-11,0.5472342804422343,21,2.1684191,1.266106
2025-05-15,-0.9820830400248529,1,2.2117264,1.0971441
2025-05-19,-0.6779610969083053,3,2.2110841,1.2015759
2025-05-21,-0.6160985129850894,5,2.2117546,0.98160744
2025-05-28,-0.004535498195738959,10,2.207175,1.1363931
2025-06-12,-0.6478353897089765,21,2.1687233,0.98116666
2025-05-16,-0.004749005490338649,1,2.2097163,1.486724
2025-05-20,0.08226083206394762,3,2.210787,1.2723721
2025-05-22,-0.8430015613571944,5,2.2087302,1.1453935
2025-05-29,1.8661916309327409,10,2.1871288,1.2637411
2025-06-13,-0.8916035981158483,21,2.1689932,1.224835
2025-05-19,-0.6779610969083053,1,2.2110841,1.1616118
2025-05-21,-0.6160985129850894,3,2.2117546,1.2789057
2025-05-23,0.4709550851210812,5,2.2094512,1.0959601
2025-05-30,-1.224859952974888,10,2.1827083,1.3276495
2025-06-16,1.2530848918218256,21,2.169556,1.1293414
2025-05-20,0.08226083206394762,1,2.210787,1.2934395
2025-05-22,-0.8430015613571944,3,2.2087302,1.2004997
2025-05-26,0.9935884771015036,5,2.2066536,1.1576496
2025-06-02,-1.3108814166638405,10,2.183705,1.2044569
2025-06-17,0.586640141364845,21,2.1704826,1.1261009
2025-05-21,-0.6160985129850894,1,2.2117546,1.0913056
2025-05-23,0.4709550851210812,3,2.2094512,1.058207
2025-05-27,0.5117983017947629,5,2.2075644,1.0936928
2025-06-03,-0.06370551147141189,10,2.183519,1.321643
2025-06-18,0.9000362119055761,21,2.1731176,1.0804607
2025-05-22,-0.8430015613571944,1,2.2087302,1.3496133
2025-05-26,0.9935884771015036,3,2.2066536,1.1347296
2025-05-28,-0.004535498195738959,5,2.207175,1.163438
2025-06-04,0.7996414506216273,10,2.1837392,1.4822698
2025-06-19,-1.0257055264916755,21,2.1773865,1.3022788
2025-05-23,0.4709550851210812,1,2.2094512,1.2974801
2025-05-27,0.5117983017947629,3,2.2075644,1.2470672
2025-05-29,1.8661916309327409,5,2.1871288,1.2085382
2025-06-05,-0.5125003851428224,10,2.1658194,1.4312302
2025-06-20,-0.22137513751383275,21,2.17694,1.1840348
2025-05-26,0.9935884771015036,1,2.2066536,1.3448461
2025-05-28,-0.004535498195738959,3,2.207175,1.1497122
2025-05-30,-1.224859952974888,5,2.1827083,1.1622919
2025-06-06,0.4970283581486142,10,2.1661878,1.5201925
2025-06-23,-0.12804155099115808,21,2.1754794,1.212514
2025-05-27,0.5117983017947629,1,2.2075644,1.1783274
2025-05-29,1.8661916309327409,3,2.1871288,1.160461
2025-06-02,-1.3108814166638405,5,2.183705,1.2880702
2025-06-09,0.9151062550340927,10,2.1673322,1.462903
2025-06-24,1.1315714470108107,21,2.1786778,1.1822459
2025-05-28,-0.004535498195738959,1,2.207175,1.2987063
2025-05-30,-1.224859952974888,3,2.1827083,1.1680964
2025-06-03,-0.06370551147141189,5,2.183519,1.1316001
2025-06-10,0.32225787803299444,10,2.167601,1.2336262
2025-06-25,0.3898283455838618,21,2.1653693,1.151912
2025-05-29,1.8661916309327409,1,2.1871288,1.1626732
2025-06-02,-1.3108814166638405,3,2.183705,1.1961113
2025-06-04,0.7996414506216273,5,2.1837392,1.1648328
2025-06-11,0.5472342804422343,10,2.1684191,1.4636017
2025-06-26,1.6364435858982644,21,2.1023157,1.0271205
2025-05-30,-1.224859952974888,1,2.1827083,1.2343707
2025-06-03,-0.06370551147141189,3,2.183519,1.0744952
2025-06-05,-0.5125003851428224,5,2.1658194,1.3152297
2025-06-12,-0.6478353897089765,10,2.1687233,1.1834973
2025-06-27,1.420249194331082,21,2.1083171,1.2160895
2025-06-02,-1.3108814166638405,1,2.183705,1.3979928
2025-06-04,0.7996414506216273,3,2.1837392,1.2944586
2025-06-06,0.4970283581486142,5,2.1661878,1.4251627
2025-06-13,-0.8916035981158483,10,2.1689932,1.3016639
2025-06-30,0.8348489978818867,21,2.1098907,1.2394944
2025-06-03,-0.06370551147141189,1,2.183519,1.3399491
2025-06-05,-0.5125003851428224,3,2.1658194,1.4767507
2025-06-09,0.9151062550340927,5,2.1673322,1.5163383
2025-06-16,1.2530848918218256,10,2.169556,1.4840239
2025-07-01,-1.2452984229662738,21,2.081426,1.1776583
2025-06-04,0.7996414506216273,1,2.1837392,1.679639
2025-06-06,0.4970283581486142,3,2.1661878,1.3540558
2025-06-10,0.32225787803299444,5,2.167601,1.4376132
2025-06-17,0.586640141364845,10,2.1704826,1.46458
2025-07-02,-0.5613832935665599,21,2.046151,1.4518636
2025-06-05,-0.5125003851428224,1,2.1658194,1.3459322
2025-06-09,0.9151062550340927,3,2.1673322,1.3319026
2025-06-11,0.5472342804422343,5,2.1684191,1.303574
2025-06-18,0.9000362119055761,10,2.1731176,1.4318119
2025-07-03,0.05887730145725417,21,1.7222834,1.1140931
2025-06-06,0.4970283581486142,1,2.1661878,1.3741856
2025-06-10,0.32225787803299444,3,2.167601,1.1451864
2025-06-12,-0.6478353897089765,5,2.1687233,1.2064844
2025-06-19,-1.0257055264916755,10,2.1773865,1.2858962
2025-07-04,0.06276754010343688,21,1.5674411,1.0981352
2025-06-09,0.9151062550340927,1,2.1673322,1.3159242
2025-06-11,0.5472342804422343,3,2.1684191,1.233931
2025-06-13,-0.8916035981158483,5,2.1689932,1.1691952
2025-06-20,-0.22137513751383275,10,2.17694,1.2013315
2025-07-07,-0.5622263442660111,21,1.4660882,1.1744149
2025-06-10,0.32225787803299444,1,2.167601,1.3659973
2025-06-12,-0.6478353897089765,3,2.1687233,1.0147166
2025-06-16,1.2530848918218256,5,2.169556,1.1434656
2025-06-23,-0.12804155099115808,10,2.1754794,1.0450565
2025-07-08,0.25512976999241366,21,0.97112805,1.1088264
2025-06-11,0.5472342804422343,1,2.1684191,1.2938015
2025-06-13,-0.8916035981158483,3,2.1689932,1.0787344
2025-06-17,0.586640141364845,5,2.1704826,1.1211418
2025-06-24,1.1315714470108107,10,2.1786778,1.2241795
2025-07-09,0.333222561032598,21,0.87367624,1.0216477
2025-06-12,-0.6478353897089765,1,2.1687233,1.2342441
2025-06-16,1.2530848918218256,3,2.169556,1.0470155
2025-06-18,0.9000362119055761,5,2.1731176,1.0422527
2025-06-25,0.3898283455838618,10,2.1653693,1.039062
2025-07-10,-0.4402349336985691,21,0.8706407,1.0254662
2025-06-13,-0.8916035981158483,1,2.1689932,1.2190596
2025-06-17,0.586640141364845,3,2.1704826,0.97071743
2025-06-19,-1.0257055264916755,5,2.1773865,1.2282466
2025-06-26,1.6364435858982644,10,2.1023157,1.0717435
2025-07-11,-0.19359642909904518,21,0.86918277,1.0359502
2025-06-16,1.2530848918218256,1,2.169556,1.3248816
2025-06-18,0.9000362119055761,3,2.1731176,1.2481295
2025-06-20,-0.22137513751383275,5,2.17694,1.1894327
2025-06-27,1.420249194331082,10,2.1083171,1.0376006
2025-07-14,-0.2785262271385335,21,0.8561865,1.146279
2025-06-17,0.586640141364845,1,2.1704826,1.1604719
2025-06-19,-1.0257055264916755,3,2.1773865,1.0384581
2025-06-23,-0.12804155099115808,5,2.1754794,1.0804796
2025-06-30,0.8348489978818867,10,2.1098907,1.2217606
2025-07-15,0.5519471903030928,21,0.8452138,1.0442028
2025-06-18,0.9000362119055761,1,2.1731176,1.2796015
2025-06-20,-0.22137513751383275,3,2.17694,1.0274235
2025-06-24,1.1315714470108107,5,2.1786778,1.0963783
2025-07-01,-1.2452984229662738,10,2.081426,1.0236626
2025-07-16,-0.036856144721956814,21,0.8396449,1.0160637
2025-06-19,-1.0257055264916755,1,2.1773865,1.2565607
2025-06-23,-0.12804155099115808,3,2.1754794,0.8809874
2025-06-25,0.3898283455838618,5,2.1653693,0.9904003
2025-07-02,-0.5613832935665599,10,2.046151,1.2007976
2025-07-17,0.5977374538734879,21,0.8166289,0.9546449
2025-06-20,-0.22137513751383275,1,2.17694,1.1711011
2025-06-24,1.1315714470108107,3,2.1786778,1.0840935
2025-06-26,1.6364435858982644,5,2.1023157,1.1602008
2025-07-03,0.05887730145725417,10,1.7222834,0.9773359
2025-07-18,-0.2059251143095206,21,0.8169293,1.0792838
2025-06-23,-0.12804155099115808,1,2.1754794,1.176548
2025-06-25,0.3898283455838618,3,2.1653693,0.9147757
2025-06-27,1.420249194331082,5,2.1083171,0.982486
2025-07-04,0.06276754010343688,10,1.5674411,1.1325533
2025-07-22,-0.11103220642460691,21,0.78982794,0.9983889
2025-06-24,1.1315714470108107,1,2.1786778,1.3023534
2025-06-26,1.6364435858982644,3,2.1023157,1.0384202
2025-06-30,0.8348489978818867,5,2.1098907,1.2204503
2025-07-07,-0.5622263442660111,10,1.4660882,1.0410162
2025-07-23,3.4505294990821875,21,0.8927924,1.1184403
2025-06-25,0.3898283455838618,1,2.1653693,1.0453303
2025-06-27,1.420249194331082,3,2.1083171,0.9311679
2025-07-01,-1.2452984229662738,5,2.081426,0.91660136
2025-07-08,0.25512976999241366,10,0.97112805,1.0511925
2025-07-24,1.57843758393542,21,0.88423645,0.9731947
2025-06-26,1.6364435858982644,1,2.1023157,1.043139
2025-06-30,0.8348489978818867,3,2.1098907,0.9761345
2025-07-02,-0.5613832935665599,5,2.046151,1.0984137
2025-07-09,0.333222561032598,10,0.87367624,1.0236201
2025-07-25,-0.88880977162063,21,0.89650685,0.89615536
2025-06-27,1.420249194331082,1,2.1083171,0.9501982
2025-07-01,-1.2452984229662738,3,2.081426,0.7710422
2025-07-03,0.05887730145725417,5,1.7222834,0.90039915
2025-07-10,-0.4402349336985691,10,0.8706407,1.1245818
2025-07-28,-1.1108323903707535,21,0.91221744,0.92823666
2025-06-30,0.8348489978818867,1,2.1098907,1.147083
2025-07-02,-0.5613832935665599,3,2.046151,0.9347278
2025-07-04,0.06276754010343688,5,1.5674411,1.0461121
2025-07-11,-0.19359642909904518,10,0.86918277,1.0110457
2025-07-29,-0.7927250314162804,21,0.9134156,1.051248
2025-07-01,-1.2452984229662738,1,2.081426,0.86236477
2025-07-03,0.05887730145725417,3,1.7222834,0.77623725
2025-07-07,-0.5622263442660111,5,1.4660882,0.8052008
2025-07-14,-0.2785262271385335,10,0.8561865,1.0224043
2025-07-30,-0.048817769484529566,21,0.90700567,0.7377
2025-07-02,-0.5613832935665599,1,2.046151,1.2213677
2025-07-04,0.06276754010343688,3,1.5674411,0.91894907
2025-07-08,0.25512976999241366,5,0.97112805,1.1382039
2025-07-15,0.5519471903030928,10,0.8452138,1.0483575
2025-07-31,1.015912155701701,21,0.9126917,1.0924268
2025-07-03,0.05887730145725417,1,1.7222834,0.9971702
2025-07-07,-0.5622263442660111,3,1.4660882,0.98327756
2025-07-09,0.333222561032598,5,0.87367624,1.1191001
2025-07-16,-0.036856144721956814,10,0.8396449,0.92686534
2025-08-01,-0.6601237069285059,21,0.9186604,0.9925883
2025-07-04,0.06276754010343688,1,1.5674411,1.4952564
2025-07-08,0.25512976999241366,3,0.97112805,1.3381057
2025-07-10,-0.4402349336985691,5,0.8706407,1.2531916
2025-07-17,0.5977374538734879,10,0.8166289,1.4108838
2025-08-04,-1.2551662037211067,21,0.91857094,1.1167641
2025-07-07,-0.5622263442660111,1,1.4660882,1.2289615
2025-07-09,0.333222561032598,3,0.87367624,1.3453416
2025-07-11,-0.19359642909904518,5,0.86918277,1.1665123
2025-07-18,-0.2059251143095206,10,0.8169293,1.3989298
2025-08-05,0.6403759657260385,21,0.9204587,1.1686795
2025-07-08,0.25512976999241366,1,0.97112805,1.4237736
2025-07-10,-0.4402349336985691,3,0.8706407,1.4359078
2025-07-14,-0.2785262271385335,5,0.8561865,1.5470678
2025-07-22,-0.11103220642460691,10,0.78982794,1.2117766
2025-08-06,0.6031664403724023,21,0.906864,1.3201457
2025-07-09,0.333222561032598,1,0.87367624,1.4310806
2025-07-11,-0.19359642909904518,3,0.86918277,0.8262106
2025-07-15,0.5519471903030928,5,0.8452138,1.3233888
2025-07-23,3.4505294990821875,10,0.8927924,1.3158195
2025-08-07,0.6457594147882216,21,0.9088378,1.0734687
2025-07-10,-0.4402349336985691,1,0.8706407,1.2624999
2025-07-14,-0.2785262271385335,3,0.8561865,1.2098987
2025-07-16,-0.036856144721956814,5,0.8396449,1.2972054
2025-07-24,1.57843758393542,10,0.88423645,1.3379774
2025-08-08,1.8372510995990479,21,0.9234762,1.2755044
2025-07-11,-0.19359642909904518,1,0.86918277,1.2552395
2025-07-15,0.5519471903030928,3,0.8452138,1.2578034
2025-07-17,0.5977374538734879,5,0.8166289,1.285151
2025-07-25,-0.88880977162063,10,0.89650685,1.2524357
2025-08-12,2.123821764300448,21,0.9569129,1.1058116
2025-07-14,-0.2785262271385335,1,0.8561865,1.3918134
2025-07-16,-0.036856144721956814,3,0.8396449,1.1431335
2025-07-18,-0.2059251143095206,5,0.8169293,1.3777294
2025-07-28,-1.1108323903707535,10,0.91221744,1.3635427
2025-08-13,1.2943118163087355,21,0.9599069,1.071214
2025-07-15,0.5519471903030928,1,0.8452138,1.2951912
2025-07-17,0.5977374538734879,3,0.8166289,1.4860393
2025-07-22,-0.11103220642460691,5,0.78982794,1.4240938
2025-07-29,-0.7927250314162804,10,0.9134156,1.2963995
2025-08-14,-1.4557555151910484,21,0.984381,1.2686079
2025-07-16,-0.036856144721956814,1,0.8396449,1.2536135
2025-07-18,-0.2059251143095206,3,0.8169293,1.0997748
2025-07-23,3.4505294990821875,5,0.8927924,1.3504546
2025-07-30,-0.048817769484529566,10,0.90700567,1.1995734
2025-08-15,1.6949550617126379,21,0.9965235,1.2496021
2025-07-17,0.5977374538734879,1,0.8166289,1.4796313
2025-07-22,-0.11103220642460691,3,0.78982794,1.5549045
2025-07-24,1.57843758393542,5,0.88423645,1.0972689
2025-07-31,1.015912155701701,10,0.9126917,1.2313176
2025-08-18,0.7715962106982545,21,0.98822814,1.13632
2025-07-18,-0.2059251143095206,1,0.8169293,1.2472913
2025-07-23,3.4505294990821875,3,0.8927924,1.2110043
2025-07-25,-0.88880977162063,5,0.89650685,1.4165851
2025-08-01,-0.6601237069285059,10,0.9186604,1.4187956
2025-08-19,-0.3850987579925813,21,0.99157745,1.1360888
2025-07-22,-0.11103220642460691,1,0.78982794,1.175309
2025-07-24,1.57843758393542,3,0.88423645,1.2732909
2025-07-28,-1.1108323903707535,5,0.91221744,1.5347444
2025-08-04,-1.2551662037211067,10,0.91857094,1.1237606
2025-08-20,-1.5219579944635422,21,1.0131651,1.2384167
2025-07-23,3.4505294990821875,1,0.8927924,1.4915411
2025-07-25,-0.88880977162063,3,0.89650685,1.2020551
2025-07-29,-0.7927250314162804,5,0.9134156,1.488105
2025-08-05,0.6403759657260385,10,0.9204587,1.5135301
2025-08-21,-0.6511907577581283,21,1.0186441,1.3083202
2025-07-24,1.57843758393542,1,0.88423645,1.251919
2025-07-28,-1.1108323903707535,3,0.91221744,1.3369726
2025-07-30,-0.048817769484529566,5,0.90700567,1.2289238
2025-08-06,0.6031664403724023,10,0.906864,1.3060027
2025-08-22,0.05423803260089672,21,1.0184693,1.3689084
2025-07-25,-0.88880977162063,1,0.89650685,1.3527158
2025-07-29,-0.7927250314162804,3,0.9134156,1.3008829
2025-07-31,1.015912155701701,5,0.9126917,1.2510415
2025-08-07,0.6457594147882216,10,0.9088378,1.4061651
2025-08-25,0.4085421971467714,21,0.99526817,1.1723204
2025-07-28,-1.1108323903707535,1,0.91221744,1.216259
2025-07-30,-0.048817769484529566,3,0.90700567,1.0620993
2025-08-01,-0.6601237069285059,5,0.9186604,1.6058547
2025-08-08,1.8372510995990479,10,0.9234762,1.3061526
2025-08-26,-0.9704562291505396,21,0.9897095,1.1593591
2025-07-29,-0.7927250314162804,1,0.9134156,1.4985024
2025-07-31,1.015912155701701,3,0.9126917,1.3628953
2025-08-04,-1.2551662037211067,5,0.91857094,1.2854491
2025-08-12,2.123821764300448,10,0.9569129,1.3075451
2025-08-27,0.2964651195198389,21,0.9701228,1.3042892
2025-07-30,-0.048817769484529566,1,0.90700567,1.6278858
2025-08-01,-0.6601237069285059,3,0.9186604,1.4017907
2025-08-05,0.6403759657260385,5,0.9204587,1.7169784
2025-08-13,1.2943118163087355,10,0.9599069,1.3294866
2025-08-28,0.7229625730552652,21,0.971666,1.3369619
2025-07-31,1.015912155701701,1,0.9126917,1.4997102
2025-08-04,-1.2551662037211067,3,0.91857094,1.5388726
2025-08-06,0.6031664403724023,5,0.906864,1.3193347
2025-08-14,-1.4557555151910484,10,0.984381,1.4439691
2025-08-29,-0.2579167970456886,21,0.970635,1.1692092
2025-08-01,-0.6601237069285059,1,0.9186604,1.5502398
2025-08-05,0.6403759657260385,3,0.9204587,1.5706096
2025-08-07,0.6457594147882216,5,0.9088378,1.5922786
2025-08-15,1.6949550617126379,10,0.9965235,1.3359901
2025-09-01,-1.2476826420998781,21,0.984404,1.2465756
2025-08-04,-1.2551662037211067,1,0.91857094,1.1633445
2025-08-06,0.6031664403724023,3,0.906864,1.4248323
2025-08-08,1.8372510995990479,5,0.9234762,1.3641816
2025-08-18,0.7715962106982545,10,0.98822814,1.1178775
2025-09-02,0.28804815075880896,21,0.9836829,0.98396105
2025-08-05,0.6403759657260385,1,0.9204587,1.758534
2025-08-07,0.6457594147882216,3,0.9088378,1.6274079
2025-08-12,2.123821764300448,5,0.9569129,1.6968327
2025-08-19,-0.3850987579925813,10,0.99157745,1.5020859
2025-09-03,-0.8821431583455771,21,0.98859423,1.3999606
2025-08-06,0.6031664403724023,1,0.906864,1.3095174
2025-08-08,1.8372510995990479,3,0.9234762,1.3121122
2025-08-13,1.2943118163087355,5,0.9599069,1.419039
2025-08-20,-1.5219579944635422,10,1.0131651,1.1831545
2025-09-04,1.517741579615131,21,1.0038394,1.3195562
2025-08-07,0.6457594147882216,1,0.9088378,1.4550793
2025-08-12,2.123821764300448,3,0.9569129,1.3473386
2025-08-14,-1.4557555151910484,5,0.984381,1.1919577
2025-08-21,-0.6511907577581283,10,1.0186441,1.4717939
2025-09-05,1.0245077722760878,21,1.0086746,1.1834521
2025-08-08,1.8372510995990479,1,0.9234762,1.3639712
2025-08-13,1.2943118163087355,3,0.9599069,1.0051391
2025-08-15,1.6949550617126379,5,0.9965235,1.3159963
2025-08-22,0.05423803260089672,10,1.0184693,1.5128862
2025-09-08,1.4425362992953457,21,1.0153807,1.2437563
2025-08-12,2.123821764300448,1,0.9569129,1.2604058
2025-08-14,-1.4557555151910484,3,0.984381,1.6523324
2025-08-18,0.7715962106982545,5,0.98822814,1.1124899
2025-08-25,0.4085421971467714,10,0.99526817,1.3558155
2025-09-09,-0.423681389604962,21,1.0084463,1.4154125
2025-08-13,1.2943118163087355,1,0.9599069,1.2070907
2025-08-15,1.6949550617126379,3,0.9965235,1.1490144
2025-08-19,-0.3850987579925813,5,0.99157745,1.3607687
2025-08-26,-0.9704562291505396,10,0.9897095,1.519525
2025-09-10,0.8668919927137909,21,1.0030302,1.0885834
2025-08-14,-1.4557555151910484,1,0.984381,1.1125668
2025-08-18,0.7715962106982545,3,0.98822814,1.2027194
2025-08-20,-1.5219579944635422,5,1.0131651,1.2647355
2025-08-27,0.2964651195198389,10,0.9701228,1.3027948
2025-09-11,1.2126371991785523,21,1.0100911,1.1873801
2025-08-15,1.6949550617126379,1,0.9965235,1.490051
2025-08-19,-0.3850987579925813,3,0.99157745,1.439744
2025-08-21,-0.6511907577581283,5,1.0186441,1.3934612
2025-08-28,0.7229625730552652,10,0.971666,1.2135582
2025-09-12,0.8876395216622954,21,1.009954,1.3132339
2025-08-18,0.7715962106982545,1,0.98822814,1.3732088
2025-08-20,-1.5219579944635422,3,1.0131651,1.1649185
2025-08-22,0.05423803260089672,5,1.0184693,1.294835
2025-08-29,-0.2579167970456886,10,0.970635,1.2031904
2025-09-16,0.29920364268039,21,0.99631876,1.0937935
2025-08-19,-0.3850987579925813,1,0.99157745,1.4436787
2025-08-21,-0.6511907577581283,3,1.0186441,1.4983919
2025-08-25,0.4085421971467714,5,0.99526817,1.2855762
2025-09-01,-1.2476826420998781,10,0.984404,1.2105322
2025-09-17,-0.24949800232630276,21,0.99655414,1.2274591
2025-08-20,-1.5219579944635422,1,1.0131651,1.2365942
2025-08-22,0.05423803260089672,3,1.0184693,1.3624878
2025-08-26,-0.9704562291505396,5,0.9897095,1.3397708
2025-09-02,0.28804815075880896,10,0.9836829,1.2433127
2025-09-18,1.1389380363400443,21,1.0016797,1.0770848
2025-08-21,-0.6511907577581283,1,1.0186441,1.6443089
2025-08-25,0.4085421971467714,3,0.99526817,1.704784
2025-08-27,0.2964651195198389,5,0.9701228,1.5592221
2025-09-03,-0.8821431583455771,10,0.98859423,1.1655887
2025-09-19,-0.570279942243844,21,1.0011816,1.2690202
2025-08-22,0.05423803260089672,1,1.0184693,1.4964845
2025-08-26,-0.9704562291505396,3,0.9897095,1.6307685
2025-08-28,0.7229625730552652,5,0.971666,1.630993
2025-09-04,1.517741579615131,10,1.0038394,1.4909091
2025-09-22,0.9893038281806545,21,1.0055906,1.2212795
2025-08-25,0.4085421971467714,1,0.99526817,1.5196402
2025-08-27,0.2964651195198389,3,0.9701228,1.4385338
2025-08-29,-0.2579167970456886,5,0.970635,1.4639456
2025-09-05,1.0245077722760878,10,1.0086746,1.3420212
2025-09-24,0.2999178850629623,21,0.98923457,1.3809885
2025-08-26,-0.9704562291505396,1,0.9897095,1.3832376
2025-08-28,0.7229625730552652,3,0.971666,1.5586755
2025-09-01,-1.2476826420998781,5,0.984404,1.2269487
2025-09-08,1.4425362992953457,10,1.0153807,1.4958003
2025-09-25,0.27273807749355244,21,0.9769853,1.1124982
2025-08-27,0.2964651195198389,1,0.9701228,1.4504879
2025-08-29,-0.2579167970456886,3,0.970635,1.4395252
2025-09-02,0.28804815075880896,5,0.9836829,1.4018242
2025-09-09,-0.423681389604962,10,1.0084463,1.5102571
2025-09-26,-0.8779372960336645,21,0.9836492,1.1880587
2025-08-28,0.7229625730552652,1,0.971666,1.382474
2025-09-01,-1.2476826420998781,3,0.984404,1.2961872
2025-09-03,-0.8821431583455771,5,0.98859423,1.4909358
2025-09-10,0.8668919927137909,10,1.0030302,1.487357
2025-09-29,-0.6885925997911331,21,0.97245044,1.4215362
2025-08-29,-0.2579167970456886,1,0.970635,1.410513
2025-09-02,0.28804815075880896,3,0.9836829,1.2525512
2025-09-04,1.517741579615131,5,1.0038394,1.4296368
2025-09-11,1.2126371991785523,10,1.0100911,1.2743375
2025-09-30,-0.24700071640134688,21,0.969128,1.4796821
2025-09-01,-1.2476826420998781,1,0.984404,1.4007103
2025-09-03,-0.8821431583455771,3,0.98859423,1.231315
2025-09-05,1.0245077722760878,5,1.0086746,1.1828558
2025-09-12,0.8876395216622954,10,1.009954,1.6243354
2025-10-01,-0.8532964033768974,21,0.9785478,1.2750999
2025-09-02,0.28804815075880896,1,0.9836829,1.4587069
2025-09-04,1.517741579615131,3,1.0038394,1.6528637
2025-09-08,1.4425362992953457,5,1.0153807,1.7441143
2025-09-16,0.29920364268039,10,0.99631876,1.4160575
2025-10-02,0.8624242363365872,21,0.98224455,1.425528
2025-09-03,-0.8821431583455771,1,0.98859423,1.3799279
2025-09-05,1.0245077722760878,3,1.0086746,1.2923408
2025-09-09,-0.423681389604962,5,1.0084463,1.5751698
2025-09-17,-0.24949800232630276,10,0.99655414,1.557153
2025-10-03,1.8362419563535664,21,0.999279,1.3197694
2025-09-04,1.517741579615131,1,1.0038394,1.3966415
2025-09-08,1.4425362992953457,3,1.0153807,1.6768763
2025-09-10,0.8668919927137909,5,1.0030302,1.559354
2025-09-18,1.1389380363400443,10,1.0016797,1.4902151
2025-10-06,4.643162028619044,21,1.1495435,1.3316599
2025-09-05,1.0245077722760878,1,1.0086746,1.405977
2025-09-09,-0.423681389604962,3,1.0084463,1.4831918
2025-09-11,1.2126371991785523,5,1.0100911,1.2738092
2025-09-19,-0.570279942243844,10,1.0011816,1.5320166
2025-10-07,0.012758009578814527,21,1.1502016,1.3592062
2025-09-08,1.4425362992953457,1,1.0153807,1.5794724
2025-09-10,0.8668919927137909,3,1.0030302,1.5645467
2025-09-12,0.8876395216622954,5,1.009954,1.307333
2025-09-22,0.9893038281806545,10,1.0055906,1.1572891
2025-10-08,-0.45124948477125854,21,1.1503241,1.2412877
2025-09-09,-0.423681389604962,1,1.0084463,1.1438341
2025-09-11,1.2126371991785523,3,1.0100911,1.1311691
2025-09-16,0.29920364268039,5,0.99631876,1.2858236
2025-09-24,0.2999178850629623,10,0.98923457,1.3878036
2025-10-09,1.75563737510416,21,1.163328,1.0439057
2025-09-10,0.8668919927137909,1,1.0030302,1.4013257
2025-09-12,0.8876395216622954,3,1.009954,1.5042039
2025-09-17,-0.24949800232630276,5,0.99655414,1.5362496
2025-09-25,0.27273807749355244,10,0.9769853,1.0693092
2025-10-10,-1.0171691693545497,21,1.1738657,1.3252273
2025-09-11,1.2126371991785523,1,1.0100911,1.3567457
2025-09-16,0.29920364268039,3,0.99631876,1.1963724
2025-09-18,1.1389380363400443,5,1.0016797,1.1847092
2025-09-26,-0.8779372960336645,10,0.9836492,1.509196
2025-10-14,-2.6155508134709358,21,1.2334124,1.182193
2025-09-12,0.8876395216622954,1,1.009954,1.2078303
2025-09-17,-0.24949800232630276,3,0.99655414,1.4178417
2025-09-19,-0.570279942243844,5,1.0011816,1.2702643
2025-09-29,-0.6885925997911331,10,0.97245044,1.2631762
2025-10-15,1.7464507171379249,21,1.2471354,1.0546924
2025-09-16,0.29920364268039,1,0.99631876,0.90541047
2025-09-18,1.1389380363400443,3,1.0016797,1.0076284
2025-09-22,0.9893038281806545,5,1.0055906,1.1624902
2025-09-30,-0.24700071640134688,10,0.969128,1.3154953
2025-10-16,1.2612232210831398,21,1.2526902,0.99882305
2025-09-17,-0.24949800232630276,1,0.99655414,1.3884311
2025-09-19,-0.570279942243844,3,1.0011816,1.085426
2025-09-24,0.2999178850629623,5,0.98923457,1.3130007
2025-10-01,-0.8532964033768974,10,0.9785478,1.1872524
2025-10-17,-1.451289118965002,21,1.271685,1.263706
2025-09-18,1.1389380363400443,1,1.0016797,1.2628641
2025-09-22,0.9893038281806545,3,1.0055906,1.113657
2025-09-25,0.27273807749355244,5,0.9769853,0.9956096
2025-10-02,0.8624242363365872,10,0.98224455,1.3160892
2025-10-20,3.314120654462975,21,1.3286657,1.0630286
2025-09-19,-0.570279942243844,1,1.0011816,1.2562613
2025-09-24,0.2999178850629623,3,0.98923457,1.0715497
2025-09-26,-0.8779372960336645,5,0.9836492,1.2506754
2025-10-03,1.8362419563535664,10,0.999279,1.2409852
2025-10-21,0.2650895520223743,21,1.2649492,1.1275482
2025-09-22,0.9893038281806545,1,1.0055906,1.0440959
2025-09-25,0.27273807749355244,3,0.9769853,1.079543
2025-09-29,-0.6885925997911331,5,0.97245044,1.3234135
2025-10-06,4.643162028619044,10,1.1495435,1.1691289
2025-10-22,-0.016769841100101674,21,1.2543614,1.0790594
2025-09-24,0.2999178850629623,1,0.98923457,1.3368821
2025-09-26,-0.8779372960336645,3,0.9836492,0.8777205
2025-09-30,-0.24700071640134688,5,0.969128,1.4600158
2025-10-07,0.012758009578814527,10,1.1502016,1.2641995
2025-10-23,-1.3602737133224863,21,1.2632161,1.1975837
2025-09-25,0.27273807749355244,1,0.9769853,1.1489118
2025-09-29,-0.6885925997911331,3,0.97245044,1.2450742
2025-10-01,-0.8532964033768974,5,0.9785478,1.0333589
2025-10-08,-0.45124948477125854,10,1.1503241,1.0298667
2025-10-24,1.343762534805167,21,1.257592,0.9153366
2025-09-26,-0.8779372960336645,1,0.9836492,1.2387545
2025-09-30,-0.24700071640134688,3,0.969128,1.1954085
2025-10-02,0.8624242363365872,5,0.98224455,1.1281762
2025-10-09,1.75563737510416,10,1.163328,1.2960417
2025-10-27,2.430032317243943,21,1.2784622,1.0452895
2025-09-29,-0.6885925997911331,1,0.97245044,1.2806875
2025-10-01,-0.8532964033768974,3,0.9785478,1.2524987
2025-10-03,1.8362419563535664,5,0.999279,1.293823
2025-10-10,-1.0171691693545497,10,1.1738657,0.9418864
2025-10-28,-0.5820253893166925,21,1.2832037,1.1867691
2025-09-30,-0.24700071640134688,1,0.969128,1.3999995
2025-10-02,0.8624242363365872,3,0.98224455,1.2779477
2025-10-06,4.643162028619044,5,1.1495435,1.389959
2025-10-14,-2.6155508134709358,10,1.2334124,1.2474722
2025-10-29,2.144281419519402,21,1.3012384,1.2146555
2025-10-01,-0.8532964033768974,1,0.9785478,1.4962289
2025-10-03,1.8362419563535664,3,0.999279,1.3693361
2025-10-07,0.012758009578814527,5,1.1502016,1.3723634
2025-10-15,1.7464507171379249,10,1.2471354,1.200108
2025-10-30,0.035000229099550736,21,1.2949823,1.194114
2025-10-02,0.8624242363365872,1,0.98224455,1.3624746
2025-10-06,4.643162028619044,3,1.1495435,1.7967786
2025-10-08,-0.45124948477125854,5,1.1503241,1.339583
2025-10-16,1.2612232210831398,10,1.2526902,1.2913214
2025-10-31,2.093314144227921,21,1.2953609,1.1978703
2025-10-03,1.8362419563535664,1,0.999279,1.3693724
2025-10-07,0.012758009578814527,3,1.1502016,1.2908467
2025-10-09,1.75563737510416,5,1.163328,1.4472762
2025-10-17,-1.451289118965002,10,1.271685,1.376721
2025-11-04,-1.7595555056886856,21,1.3257141,1.104113
2025-10-06,4.643162028619044,1,1.1495435,1.3508297
2025-10-08,-0.45124948477125854,3,1.1503241,1.3630869
2025-10-10,-1.0171691693545497,5,1.1738657,1.0459305
2025-10-20,3.314120654462975,10,1.3286657,1.4259346
2025-11-05,-2.5268012282073418,21,1.3780652,1.0956279
2025-10-07,0.012758009578814527,1,1.1502016,1.3203604
2025-10-09,1.75563737510416,3,1.163328,1.4767115
2025-10-14,-2.6155508134709358,5,1.2334124,1.3057023
2025-10-21,0.2650895520223743,10,1.2649492,1.2625105
2025-11-06,1.328282751215258,21,1.3833869,1.3649876
2025-10-08,-0.45124948477125854,1,1.1503241,1.0552421
2025-10-10,-1.0171691693545497,3,1.1738657,1.0247955
2025-10-15,1.7464507171379249,5,1.2471354,1.1179577
2025-10-22,-0.016769841100101674,10,1.2543614,1.1139607
2025-11-07,-1.2007030152452374,21,1.3839062,1.149156
2025-10-09,1.75563737510416,1,1.163328,1.458508
2025-10-14,-2.6155508134709358,3,1.2334124,1.1324064
2025-10-16,1.2612232210831398,5,1.2526902,1.3873075
2025-10-23,-1.3602737133224863,10,1.2632161,1.3865763
2025-11-10,1.255876472080704,21,1.369049,1.2530057
2025-10-10,-1.0171691693545497,1,1.1738657,1.1630005
2025-10-15,1.7464507171379249,3,1.2471354,1.00103
2025-10-17,-1.451289118965002,5,1.271685,1.2369319
2025-10-24,1.343762534805167,10,1.257592,1.3753178
2025-11-11,-0.13529015870933073,21,1.3637472,1.1845876
2025-10-14,-2.6155508134709358,1,1.2334124,1.3364146
2025-10-16,1.2612232210831398,3,1.2526902,1.5530816
2025-10-20,3.314120654462975,5,1.3286657,1.3797411
2025-10-27,2.430032317243943,10,1.2784622,1.4926722
2025-11-12,0.4325137567940035,21,1.3449373,1.2503586
2025-10-15,1.7464507171379249,1,1.2471354,1.2027787
2025-10-17,-1.451289118965002,3,1.271685,1.2940117
2025-10-21,0.2650895520223743,5,1.2649492,1.6123872
2025-10-28,-0.5820253893166925,10,1.2832037,1.649872
2025-11-13,0.4270253972307395,21,1.3325534,1.2408428
2025-10-16,1.2612232210831398,1,1.2526902,1.6451035
2025-10-20,3.314120654462975,3,1.3286657,1.5947127
2025-10-22,-0.016769841100101674,5,1.2543614,1.5415919
2025-10-29,2.144281419519402,10,1.3012384,1.3506948
2025-11-14,-1.781104501326844,21,1.3570831,1.4924285
2025-10-17,-1.451289118965002,1,1.271685,1.486067
2025-10-21,0.2650895520223743,3,1.2649492,1.1825111
2025-10-23,-1.3602737133224863,5,1.2632161,1.2238418
2025-10-30,0.035000229099550736,10,1.2949823,1.4113009
2025-11-17,-0.10451016461244084,21,1.3553874,1.0737567
2025-10-20,3.314120654462975,1,1.3286657,1.4455699
2025-10-22,-0.016769841100101674,3,1.2543614,1.4637539
2025-10-24,1.343762534805167,5,1.257592,1.4418628
2025-10-31,2.093314144227921,10,1.2953609,1.2323569
2025-11-18,-3.2740086374861637,21,1.4117177,1.122778
2025-10-21,0.2650895520223743,1,1.2649492,1.3237537
2025-10-23,-1.3602737133224863,3,1.2632161,1.3440801
2025-10-27,2.430032317243943,5,1.2784622,1.5148733
2025-11-04,-1.7595555056886856,10,1.3257141,1.363804
2025-11-19,-0.3399429327286165,21,1.4090618,1.1969771
2025-10-22,-0.016769841100101674,1,1.2543614,1.4254415
2025-10-24,1.343762534805167,3,1.257592,1.2936171
2025-10-28,-0.5820253893166925,5,1.2832037,1.4777776
2025-11-05,-2.5268012282073418,10,1.3780652,1.3194342
2025-11-20,2.6154820157397634,21,1.4424458,1.2043579
2025-10-23,-1.3602737133224863,1,1.2632161,1.4565655
2025-10-27,2.430032317243943,3,1.2784622,1.59549
2025-10-29,2.144281419519402,5,1.3012384,1.370307
2025-11-06,1.328282751215258,10,1.3833869,1.3594346
2025-11-21,-2.4339742668266897,21,1.4835697,1.1890202
2025-10-24,1.343762534805167,1,1.257592,1.3860456
2025-10-28,-0.5820253893166925,3,1.2832037,1.8315071
2025-10-30,0.035000229099550736,5,1.2949823,1.5794331
2025-11-07,-1.2007030152452374,10,1.3839062,1.289749
2025-11-25,0.06915863404196967,21,1.4755703,1.1551884
2025-10-27,2.430032317243943,1,1.2784622,1.587474
2025-10-29,2.144281419519402,3,1.3012384,1.4910934
2025-10-31,2.093314144227921,5,1.2953609,1.4800181
2025-11-10,1.255876472080704,10,1.369049,1.4899322
2025-11-26,1.8317834448831214,21,1.4899893,1.4346234
2025-10-28,-0.5820253893166925,1,1.2832037,1.3289841
2025-10-30,0.035000229099550736,3,1.2949823,1.5744704
2025-11-04,-1.7595555056886856,5,1.3257141,1.4820561
2025-11-11,-0.13529015870933073,10,1.3637472,1.4518975
2025-11-27,1.2194166745869577,21,1.4940034,1.1574206
2025-10-29,2.144281419519402,1,1.3012384,1.4019903
2025-10-31,2.093314144227921,3,1.2953609,1.388927
2025-11-05,-2.5268012282073418,5,1.3780652,1.3293113
2025-11-12,0.4325137567940035,10,1.3449373,1.3961054
2025-11-28,0.17288934633764144,21,1.4924891,1.2640249
2025-10-30,0.035000229099550736,1,1.2949823,1.4439765
2025-11-04,-1.7595555056886856,3,1.3257141,1.4532696
2025-11-06,1.328282751215258,5,1.3833869,1.2013723
2025-11-13,0.4270253972307395,10,1.3325534,1.5449669
2025-12-01,-1.9097722337583931,21,1.5062898,1.3866236
2025-10-31,2.093314144227921,1,1.2953609,1.392898
2025-11-05,-2.5268012282073418,3,1.3780652,1.2223456
2025-11-07,-1.2007030152452374,5,1.3839062,1.341389
2025-11-14,-1.781104501326844,10,1.3570831,1.470151
2025-12-02,0.00034068414843214955,21,1.506656,1.2549782
2025-11-04,-1.7595555056886856,1,1.3257141,1.51937
2025-11-06,1.328282751215258,3,1.3833869,1.4274293
2025-11-10,1.255876472080704,5,1.369049,1.3327345
2025-11-17,-0.10451016461244084,10,1.3553874,1.4113448
2025-12-03,1.1318887769041361,21,1.5033255,1.4148827
2025-11-05,-2.5268012282073418,1,1.3780652,1.4254448
2025-11-07,-1.2007030152452374,3,1.3839062,1.6490366
2025-11-11,-0.13529015870933073,5,1.3637472,1.3481972
2025-11-18,-3.2740086374861637,10,1.4117177,1.3242114
2025-12-04,2.3069838922164054,21,1.5176482,1.2697877
2025-11-06,1.328282751215258,1,1.3833869,1.6113786
2025-11-10,1.255876472080704,3,1.369049,1.4797254
2025-11-12,0.4325137567940035,5,1.3449373,1.7401731
2025-11-19,-0.3399429327286165,10,1.4090618,1.4083934
2025-12-05,-1.0570414277750722,21,1.5246196,1.2763836
2025-11-07,-1.2007030152452374,1,1.3839062,1.3580335
2025-11-11,-0.13529015870933073,3,1.3637472,1.3197656
2025-11-13,0.4270253972307395,5,1.3325534,1.4041282
2025-11-20,2.6154820157397634,10,1.4424458,1.2648742
2025-12-08,0.17822685048556877,21,1.5168136,1.2869257
2025-11-10,1.255876472080704,1,1.369049,1.4826437
2025-11-12,0.4325137567940035,3,1.3449373,1.5302297
2025-11-14,-1.781104501326844,5,1.3570831,1.5754247
2025-11-21,-2.4339742668266897,10,1.4835697,1.5336403
2025-12-09,0.1445324099565274,21,1.5143341,1.2571017
2025-11-11,-0.13529015870933073,1,1.3637472,1.4612646
2025-11-13,0.4270253972307395,3,1.3325534,1.3773569
2025-11-17,-0.10451016461244084,5,1.3553874,1.2800896
2025-11-25,0.06915863404196967,10,1.4755703,1.3965356
2025-12-10,-0.10330213186412003,21,1.5128726,1.2358207
2025-11-12,0.4325137567940035,1,1.3449373,1.6155683
2025-11-14,-1.781104501326844,3,1.3570831,1.6548114
2025-11-18,-3.2740086374861637,5,1.4117177,1.4895821
2025-11-26,1.8317834448831214,10,1.4899893,1.5541811
2025-12-11,-0.9011935218878356,21,1.5144314,1.3886156
2025-11-13,0.4270253972307395,1,1.3325534,1.3699313
2025-11-17,-0.10451016461244084,3,1.3553874,1.0805624
2025-11-19,-0.3399429327286165,5,1.4090618,1.4805568
2025-11-27,1.2194166745869577,10,1.4940034,1.4452605
2025-12-12,1.362060848293776,21,1.5192921,1.3156848
2025-11-14,-1.781104501326844,1,1.3570831,1.5519979
2025-11-18,-3.2740086374861637,3,1.4117177,1.3173585
2025-11-20,2.6154820157397634,5,1.4424458,1.1631718
2025-11-28,0.17288934633764144,10,1.4924891,1.3990197
2025-12-15,-1.323604602079291,21,1.5321018,1.3572564
2025-11-17,-0.10451016461244084,1,1.3553874,1.3231937
2025-11-19,-0.3399429327286165,3,1.4090618,1.5674496
2025-11-21,-2.4339742668266897,5,1.4835697,1.5674915
2025-12-01,-1.9097722337583931,10,1.5062898,1.5328707
2025-12-16,-1.5767464535062836,21,1.547978,1.3046887
2025-11-18,-3.2740086374861637,1,1.4117177,1.5256047
2025-11-20,2.6154820157397634,3,1.4424458,1.3318949
2025-11-25,0.06915863404196967,5,1.4755703,1.375867
2025-12-02,0.00034068414843214955,10,1.506656,1.3901505
2025-12-17,0.2608655984138286,21,1.542734,1.3582476
2025-11-19,-0.3399429327286165,1,1.4090618,1.7095592
2025-11-21,-2.4339742668266897,3,1.4835697,2.129878
2025-11-26,1.8317834448831214,5,1.4899893,1.8286299
2025-12-03,1.1318887769041361,10,1.5033255,1.6413888
2025-12-18,-1.0369834975052545,21,1.5475862,1.4521468
2025-11-20,2.6154820157397634,1,1.4424458,1.372572
2025-11-25,0.06915863404196967,3,1.4755703,1.5920871
2025-11-27,1.2194166745869577,5,1.4940034,1.6769631
2025-12-04,2.3069838922164054,10,1.5176482,1.749466
2025-12-19,1.0267424583069733,21,1.5479418,1.4273379
2025-11-21,-2.4339742668266897,1,1.4835697,1.9122901
2025-11-26,1.8317834448831214,3,1.4899893,2.4075098
2025-11-28,0.17288934633764144,5,1.4924891,1.5684478
2025-12-05,-1.0570414277750722,10,1.5246196,1.5685271
2025-12-22,1.7920272518077294,21,1.5624573,1.6612575
2025-11-25,0.06915863404196967,1,1.4755703,1.4171059
2025-11-27,1.2194166745869577,3,1.4940034,1.8838654
2025-12-01,-1.9097722337583931,5,1.5062898,1.7079263
2025-12-08,0.17822685048556877,10,1.5168136,1.6932814
2025-12-23,0.020791432981641173,21,1.5625036,1.1687404
2025-11-26,1.8317834448831214,1,1.4899893,1.8780339
2025-11-28,0.17288934633764144,3,1.4924891,1.5496609
2025-12-02,0.00034068414843214955,5,1.506656,1.71284
2025-12-09,0.1445324099565274,10,1.5143341,1.6697898
2025-12-24,-0.13650577248541051,21,1.5570655,1.5921371
2025-11-27,1.2194166745869577,1,1.4940034,1.5616698
2025-12-01,-1.9097722337583931,3,1.5062898,1.5114071
2025-12-03,1.1318887769041361,5,1.5033255,1.6893644
2025-12-10,-0.10330213186412003,10,1.5128726,1.5482711
2025-12-25,0.12642444342759906,21,1.552963,1.4309841
2025-11-28,0.17288934633764144,1,1.4924891,1.4952688
2025-12-02,0.00034068414843214955,3,1.506656,1.4702868
2025-12-04,2.3069838922164054,5,1.5176482,1.4039694
2025-12-11,-0.9011935218878356,10,1.5144314,1.4439163
2025-12-26,0.6773606909245069,21,1.5531644,1.3942918
2025-12-01,-1.9097722337583931,1,1.5062898,1.4462847
2025-12-03,1.1318887769041361,3,1.5033255,1.6282024
2025-12-05,-1.0570414277750722,5,1.5246196,1.4271078
2025-12-12,1.362060848293776,10,1.5192921,1.501974
2025-12-29,-0.44130142704044956,21,1.5493217,1.28281
2025-12-02,0.00034068414843214955,1,1.506656,1.3965384
2025-12-04,2.3069838922164054,3,1.5176482,1.6081941
2025-12-08,0.17822685048556877,5,1.5168136,1.723967
2025-12-15,-1.323604602079291,10,1.5321018,1.5614345
2025-12-30,-0.3716631458258871,21,1.5487022,1.3006647
