time,log_return,horizon,true_volatility,predict_volatility
2022-06-02,-0.8423087193674749,1,1.7653028,1.0041912
2022-06-06,0.15748706702276438,3,1.755574,0.964811
2022-06-08,1.2742260538287742,5,1.763038,0.92199874
2022-06-15,-1.3403139800951929,10,1.8536505,0.98111963
2022-06-30,-1.6964504060187764,21,1.9124248,1.1107794
2022-06-03,-0.0496778710829766,1,1.7551192,0.99576056
2022-06-07,0.10382125084169905,3,1.7544364,0.950097
2022-06-09,-0.008410718318539526,5,1.7560811,0.9616239
2022-06-16,1.8526907567149724,10,1.8557464,1.0211323
2022-07-01,0.1084915608189449,21,1.9135281,1.1358149
2022-06-06,0.15748706702276438,1,1.755574,0.9547866
2022-06-08,1.2742260538287742,3,1.763038,0.94071937
2022-06-10,-1.8303827522213285,5,1.7671418,0.9749075
2022-06-17,-1.5754646482575327,10,1.8588881,0.9957372
2022-07-04,-0.28148680271945464,21,1.9120574,1.0222569
2022-06-07,0.10382125084169905,1,1.7544364,0.85833925
2022-06-09,-0.008410718318539526,3,1.7560811,0.8523374
2022-06-13,-4.543774358841319,5,1.8513132,0.8690544
2022-06-20,-3.078192734676622,10,1.891503,0.9037283
2022-07-05,-1.198254001791784,21,1.9108115,0.98245203
2022-06-08,1.2742260538287742,1,1.763038,0.951767
2022-06-10,-1.8303827522213285,3,1.7671418,0.92940336
2022-06-14,0.26614051153790835,5,1.8518894,0.91093236
2022-06-21,-0.6740729429630908,10,1.891747,0.97056234
2022-07-06,-2.7184307263712895,21,1.9302874,1.0583272
2022-06-09,-0.008410718318539526,1,1.7560811,0.8924475
2022-06-13,-4.543774358841319,3,1.8513132,0.89048314
2022-06-15,-1.3403139800951929,5,1.8536505,0.900463
2022-06-22,-0.2733012197620607,10,1.8910147,0.9458858
2022-07-07,1.4567912603247133,21,1.9364266,1.0045396
2022-06-10,-1.8303827522213285,1,1.7671418,0.85290337
2022-06-14,0.26614051153790835,3,1.8518894,0.87866724
2022-06-16,1.8526907567149724,5,1.8557464,0.88503706
2022-06-23,1.663206500878098,10,1.908034,0.93505937
2022-07-08,0.41321135537656867,21,1.923741,0.9543337
2022-06-13,-4.543774358841319,1,1.8513132,1.0175211
2022-06-15,-1.3403139800951929,3,1.8536505,0.98809713
2022-06-17,-1.5754646482575327,5,1.8588881,0.9396815
2022-06-24,-0.28639316059311654,10,1.8998712,0.97250795
2022-07-11,-1.3771385870692503,21,1.9279715,1.0920563
2022-06-14,0.26614051153790835,1,1.8518894,1.1910847
2022-06-16,1.8526907567149724,3,1.8557464,1.1928902
2022-06-20,-3.078192734676622,5,1.891503,1.1339021
2022-06-27,1.4521044000056933,10,1.9146258,1.0824658
2022-07-12,1.6763549662779775,21,1.9452252,1.1984242
2022-06-15,-1.3403139800951929,1,1.8536505,1.1364632
2022-06-17,-1.5754646482575327,3,1.8588881,1.0132291
2022-06-21,-0.6740729429630908,5,1.891747,0.91824406
2022-06-28,1.2623467861473296,10,1.9251448,0.9858182
2022-07-13,-0.07663683881987095,21,1.9363666,1.273906
2022-06-16,1.8526907567149724,1,1.8557464,1.106115
2022-06-20,-3.078192734676622,3,1.891503,1.06828
2022-06-22,-0.2733012197620607,5,1.8910147,1.0585304
2022-06-29,-0.0008209540306808992,10,1.9085937,1.0450819
2022-07-14,0.7003156685748266,21,1.9305663,1.226448
2022-06-17,-1.5754646482575327,1,1.8588881,1.2815152
2022-06-21,-0.6740729429630908,3,1.891747,1.1592617
2022-06-23,1.663206500878098,5,1.908034,1.0908523
2022-06-30,-1.6964504060187764,10,1.9124248,1.0620627
2022-07-15,-0.2473089487061454,21,1.9233824,1.3061104
2022-06-20,-3.078192734676622,1,1.891503,1.1406802
2022-06-22,-0.2733012197620607,3,1.8910147,1.0772133
2022-06-24,-0.28639316059311654,5,1.8998712,1.0712934
2022-07-01,0.1084915608189449,10,1.9135281,1.1274301
2022-07-18,-0.23432138205826303,21,1.920616,1.264874
2022-06-21,-0.6740729429630908,1,1.891747,1.307512
2022-06-23,1.663206500878098,3,1.908034,1.399882
2022-06-27,1.4521044000056933,5,1.9146258,1.233721
2022-07-04,-0.28148680271945464,10,1.9120574,1.2544833
2022-07-19,0.1562752460459743,21,1.9176829,1.3091635
2022-06-22,-0.2733012197620607,1,1.8910147,1.2524308
2022-06-24,-0.28639316059311654,3,1.8998712,1.2942661
2022-06-28,1.2623467861473296,5,1.9251448,1.1602705
2022-07-05,-1.198254001791784,10,1.9108115,1.126802
2022-07-20,1.3328079206034973,21,1.8209071,1.3147188
2022-06-23,1.663206500878098,1,1.908034,1.1158615
2022-06-27,1.4521044000056933,3,1.9146258,1.1292156
2022-06-29,-0.0008209540306808992,5,1.9085937,1.3241775
2022-07-06,-2.7184307263712895,10,1.9302874,1.2850744
2022-07-21,0.36194822617565514,21,1.7937366,1.260994
2022-06-24,-0.28639316059311654,1,1.8998712,1.1136789
2022-06-28,1.2623467861473296,3,1.9251448,1.1034049
2022-06-30,-1.6964504060187764,5,1.9124248,1.0270691
2022-07-07,1.4567912603247133,10,1.9364266,1.0275953
2022-07-22,-0.3100414896927186,21,1.7878556,1.2388537
2022-06-27,1.4521044000056933,1,1.9146258,0.97050864
2022-06-29,-0.0008209540306808992,3,1.9085937,0.95304024
2022-07-01,0.1084915608189449,5,1.9135281,1.0374418
2022-07-08,0.41321135537656867,10,1.923741,1.0474668
2022-07-25,-0.5253320574863907,21,1.788324,1.1370815
2022-06-28,1.2623467861473296,1,1.9251448,1.0651145
2022-06-30,-1.6964504060187764,3,1.9124248,0.9468145
2022-07-04,-0.28148680271945464,5,1.9120574,1.0390229
2022-07-11,-1.3771385870692503,10,1.9279715,1.0854539
2022-07-26,-0.28901632457252213,21,1.779175,1.3175087
2022-06-29,-0.0008209540306808992,1,1.9085937,1.0923542
2022-07-01,0.1084915608189449,3,1.9135281,1.0798538
2022-07-05,-1.198254001791784,5,1.9108115,1.1270278
2022-07-12,1.6763549662779775,10,1.9452252,1.1475897
2022-07-27,0.5025030459307807,21,1.7757843,1.3015988
2022-06-30,-1.6964504060187764,1,1.9124248,0.9414888
2022-07-04,-0.28148680271945464,3,1.9120574,0.9121918
2022-07-06,-2.7184307263712895,5,1.9302874,1.052911
2022-07-13,-0.07663683881987095,10,1.9363666,1.0725805
2022-07-28,1.4238557295605971,21,1.7827419,1.2029272
2022-07-01,0.1084915608189449,1,1.9135281,0.98237836
2022-07-05,-1.198254001791784,3,1.9108115,0.9843868
2022-07-07,1.4567912603247133,5,1.9364266,1.0206559
2022-07-14,0.7003156685748266,10,1.9305663,1.0608193
2022-07-29,-0.14827396118746333,21,1.7605062,1.1174341
2022-07-04,-0.28148680271945464,1,1.9120574,1.005895
2022-07-06,-2.7184307263712895,3,1.9302874,0.9935693
2022-07-08,0.41321135537656867,5,1.923741,0.9702419
2022-07-15,-0.2473089487061454,10,1.9233824,0.99427235
2022-08-01,2.052843576482227,21,1.6845185,1.0768745
2022-07-05,-1.198254001791784,1,1.9108115,1.0209167
2022-07-07,1.4567912603247133,3,1.9364266,1.0248833
2022-07-11,-1.3771385870692503,5,1.9279715,1.0634378
2022-07-18,-0.23432138205826303,10,1.920616,1.0722405
2022-08-02,0.8305850084255788,21,1.6697459,1.0988482
2022-07-06,-2.7184307263712895,1,1.9302874,1.0742748
2022-07-08,0.41321135537656867,3,1.923741,1.0251504
2022-07-12,1.6763549662779775,5,1.9452252,0.99490595
2022-07-19,0.1562752460459743,10,1.9176829,1.0723796
2022-08-03,0.6534554315346626,21,1.6700253,1.2184422
2022-07-07,1.4567912603247133,1,1.9364266,1.0541173
2022-07-11,-1.3771385870692503,3,1.9279715,0.99723226
2022-07-13,-0.07663683881987095,5,1.9363666,1.127004
2022-07-20,1.3328079206034973,10,1.8209071,1.1580215
2022-08-04,0.3506519402189432,21,1.5434575,1.3033547
2022-07-08,0.41321135537656867,1,1.923741,1.178374
2022-07-12,1.6763549662779775,3,1.9452252,1.0470936
2022-07-14,0.7003156685748266,5,1.9305663,0.9951017
2022-07-21,0.36194822617565514,10,1.7937366,1.0364646
2022-08-05,-0.11248998948375191,21,1.4177366,1.3036745
2022-07-11,-1.3771385870692503,1,1.9279715,1.1467665
2022-07-13,-0.07663683881987095,3,1.9363666,1.0524043
2022-07-15,-0.2473089487061454,5,1.9233824,0.9912262
2022-07-22,-0.3100414896927186,10,1.7878556,1.0326372
2022-08-08,0.319587120334541,21,1.4117147,1.3075217
2022-07-12,1.6763549662779775,1,1.9452252,1.1685867
2022-07-14,0.7003156685748266,3,1.9305663,1.114368
2022-07-18,-0.23432138205826303,5,1.920616,1.0882572
2022-07-25,-0.5253320574863907,10,1.788324,1.0968359
2022-08-09,0.16695821973392078,21,1.2770237,1.2534713
2022-07-13,-0.07663683881987095,1,1.9363666,1.2009938
2022-07-15,-0.2473089487061454,3,1.9233824,1.0738163
2022-07-19,0.1562752460459743,5,1.9176829,1.0507977
2022-07-26,-0.28901632457252213,10,1.779175,1.152934
2022-08-10,-0.18685277863769748,21,1.271046,1.341311
2022-07-14,0.7003156685748266,1,1.9305663,1.1755568
2022-07-18,-0.23432138205826303,3,1.920616,1.0842483
2022-07-20,1.3328079206034973,5,1.8209071,1.1326317
2022-07-27,0.5025030459307807,10,1.7757843,1.1953415
2022-08-11,-0.35318963434082096,21,1.2719427,1.371533
2022-07-15,-0.2473089487061454,1,1.9233824,1.3423834
2022-07-19,0.1562752460459743,3,1.9176829,1.0994978
2022-07-21,0.36194822617565514,5,1.7937366,1.019006
2022-07-28,1.4238557295605971,10,1.7827419,1.1746587
2022-08-12,0.8161037977338002,21,1.2760824,1.50456
2022-07-18,-0.23432138205826303,1,1.920616,1.3067687
2022-07-20,1.3328079206034973,3,1.8209071,1.1933104
2022-07-22,-0.3100414896927186,5,1.7878556,1.150172
2022-07-29,-0.14827396118746333,10,1.7605062,1.1880578
2022-08-15,0.9359311064811427,21,1.2588652,1.4556991
2022-07-19,0.1562752460459743,1,1.9176829,1.127005
2022-07-21,0.36194822617565514,3,1.7937366,1.0222404
2022-07-25,-0.5253320574863907,5,1.788324,1.104018
2022-08-01,2.052843576482227,10,1.6845185,1.1167996
2022-08-16,0.03844810925824173,21,1.2503382,1.4606483
2022-07-20,1.3328079206034973,1,1.8209071,1.2144417
2022-07-22,-0.3100414896927186,3,1.7878556,1.1237396
2022-07-26,-0.28901632457252213,5,1.779175,1.1790605
2022-08-02,0.8305850084255788,10,1.6697459,1.2073891
2022-08-17,0.04627505504209142,21,1.1971967,1.4253527
2022-07-21,0.36194822617565514,1,1.7937366,1.0503228
2022-07-25,-0.5253320574863907,3,1.788324,0.9868356
2022-07-27,0.5025030459307807,5,1.7757843,0.9880084
2022-08-03,0.6534554315346626,10,1.6700253,1.043911
2022-08-18,-0.1271116792175986,21,1.1973256,1.2411923
2022-07-22,-0.3100414896927186,1,1.7878556,0.9747418
2022-07-26,-0.28901632457252213,3,1.779175,0.9426272
2022-07-28,1.4238557295605971,5,1.7827419,1.0185976
2022-08-04,0.3506519402189432,10,1.5434575,1.0678531
2022-08-19,-0.3523622906101206,21,1.1856072,1.2569063
2022-07-25,-0.5253320574863907,1,1.788324,1.1454601
2022-07-27,0.5025030459307807,3,1.7757843,1.0855048
2022-07-29,-0.14827396118746333,5,1.7605062,1.1336832
2022-08-05,-0.11248998948375191,10,1.4177366,1.1852798
2022-08-22,-0.6918090059627331,21,1.1853192,1.3026366
2022-07-26,-0.28901632457252213,1,1.779175,1.053266
2022-07-28,1.4238557295605971,3,1.7827419,0.9447372
2022-08-01,2.052843576482227,5,1.6845185,1.0208985
2022-08-08,0.319587120334541,10,1.4117147,1.0361937
2022-08-23,0.8201559855774084,21,1.1905237,1.346952
2022-07-27,0.5025030459307807,1,1.7757843,1.053892
2022-07-29,-0.14827396118746333,3,1.7605062,0.96627885
2022-08-02,0.8305850084255788,5,1.6697459,1.0293012
2022-08-09,0.16695821973392078,10,1.2770237,1.0716101
2022-08-24,0.4984370417692645,21,1.1902977,1.2803776
2022-07-28,1.4238557295605971,1,1.7827419,0.98339725
2022-08-01,2.052843576482227,3,1.6845185,0.9574106
2022-08-03,0.6534554315346626,5,1.6700253,0.99442995
2022-08-10,-0.18685277863769748,10,1.271046,1.0490849
2022-08-25,0.9134761341778054,21,1.1915442,1.2163072
2022-07-29,-0.14827396118746333,1,1.7605062,1.0913202
2022-08-02,0.8305850084255788,3,1.6697459,1.0320618
2022-08-04,0.3506519402189432,5,1.5434575,1.0792291
2022-08-11,-0.35318963434082096,10,1.2719427,1.1586322
2022-08-26,-0.4907746730603462,21,1.1932175,1.335542
2022-08-01,2.052843576482227,1,1.6845185,1.0157065
2022-08-03,0.6534554315346626,3,1.6700253,0.9751643
2022-08-05,-0.11248998948375191,5,1.4177366,1.0238132
2022-08-12,0.8161037977338002,10,1.2760824,1.0748289
2022-08-29,-0.9219254056766664,21,1.1988193,1.2172873
2022-08-02,0.8305850084255788,1,1.6697459,0.98867726
2022-08-04,0.3506519402189432,3,1.5434575,0.9791939
2022-08-08,0.319587120334541,5,1.4117147,1.0483145
2022-08-15,0.9359311064811427,10,1.2588652,1.1049966
2022-08-30,0.6736778426303008,21,1.20211,1.1193577
2022-08-03,0.6534554315346626,1,1.6700253,0.9132053
2022-08-05,-0.11248998948375191,3,1.4177366,0.8927937
2022-08-09,0.16695821973392078,5,1.2770237,0.92996466
2022-08-16,0.03844810925824173,10,1.2503382,1.0010175
2022-08-31,0.08750342368560145,21,1.1902341,1.0822885
2022-08-04,0.3506519402189432,1,1.5434575,0.96495545
2022-08-08,0.319587120334541,3,1.4117147,0.9659724
2022-08-10,-0.18685277863769748,5,1.271046,0.9985642
2022-08-17,0.04627505504209142,10,1.1971967,1.0654668
2022-09-05,-0.24708167043018997,21,1.1905415,1.1538285
2022-08-05,-0.11248998948375191,1,1.4177366,0.8824788
2022-08-09,0.16695821973392078,3,1.2770237,0.86035705
2022-08-11,-0.35318963434082096,5,1.2719427,0.80963326
2022-08-18,-0.1271116792175986,10,1.1973256,0.8821624
2022-09-06,0.0039142773270620405,21,1.1670885,0.9925008
2022-08-08,0.319587120334541,1,1.4117147,0.7660158
2022-08-10,-0.18685277863769748,3,1.271046,0.7664486
2022-08-12,0.8161037977338002,5,1.2760824,0.73867553
2022-08-19,-0.3523622906101206,10,1.1856072,0.77012396
2022-09-07,-2.7162193079400976,21,1.0662123,0.81028134
2022-08-09,0.16695821973392078,1,1.2770237,0.7967119
2022-08-11,-0.35318963434082096,3,1.2719427,0.77317417
2022-08-15,0.9359311064811427,5,1.2588652,0.69088835
2022-08-22,-0.6918090059627331,10,1.1853192,0.7360184
2022-09-08,-0.6917538088292495,21,1.0696571,0.8650179
2022-08-10,-0.18685277863769748,1,1.271046,0.8551505
2022-08-12,0.8161037977338002,3,1.2760824,0.8223314
2022-08-16,0.03844810925824173,5,1.2503382,0.7712631
2022-08-23,0.8201559855774084,10,1.1905237,0.8232795
2022-09-09,1.1420043738419698,21,1.0647037,0.89144254
2022-08-11,-0.35318963434082096,1,1.2719427,0.8164598
2022-08-15,0.9359311064811427,3,1.2588652,0.7866746
2022-08-17,0.04627505504209142,5,1.1971967,0.73906827
2022-08-24,0.4984370417692645,10,1.1902977,0.7991213
2022-09-12,0.06724303807647322,21,1.0380018,0.8802487
2022-08-12,0.8161037977338002,1,1.2760824,0.8515704
2022-08-16,0.03844810925824173,3,1.2503382,0.83213806
2022-08-18,-0.1271116792175986,5,1.1973256,0.7319744
2022-08-25,0.9134761341778054,10,1.1915442,0.79966
2022-09-13,-0.09767736823553257,21,1.0168829,0.93984735
2022-08-15,0.9359311064811427,1,1.2588652,0.8685156
2022-08-17,0.04627505504209142,3,1.1971967,0.8172314
2022-08-19,-0.3523622906101206,5,1.1856072,0.74160403
2022-08-26,-0.4907746730603462,10,1.1932175,0.7870729
2022-09-14,-0.6130576776296617,21,0.9351968,0.898748
2022-08-16,0.03844810925824173,1,1.2503382,0.8828528
2022-08-18,-0.1271116792175986,3,1.1973256,0.8481065
2022-08-22,-0.6918090059627331,5,1.1853192,0.7598156
2022-08-29,-0.9219254056766664,10,1.1988193,0.81599426
2022-09-15,0.3933355296185023,21,0.93069017,0.95207465
2022-08-17,0.04627505504209142,1,1.1971967,0.82592565
2022-08-19,-0.3523622906101206,3,1.1856072,0.81967485
2022-08-23,0.8201559855774084,5,1.1905237,0.7595942
2022-08-30,0.6736778426303008,10,1.20211,0.80696696
2022-09-16,-0.9380273563547527,21,0.9391384,0.881922
2022-08-18,-0.1271116792175986,1,1.1973256,0.790532
2022-08-22,-0.6918090059627331,3,1.1853192,0.78811926
2022-08-24,0.4984370417692645,5,1.1902977,0.74484235
2022-08-31,0.08750342368560145,10,1.1902341,0.7902488
2022-09-19,-2.3448886609740693,21,0.96744967,0.85115623
2022-08-19,-0.3523622906101206,1,1.1856072,0.8613011
2022-08-23,0.8201559855774084,3,1.1905237,0.83532786
2022-08-25,0.9134761341778054,5,1.1915442,0.80462384
2022-09-05,-0.24708167043018997,10,1.1905415,0.8568853
2022-09-20,1.1137074971089553,21,0.97670066,0.93876976
2022-08-22,-0.6918090059627331,1,1.1853192,0.78571576
2022-08-24,0.4984370417692645,3,1.1902977,0.810333
2022-08-26,-0.4907746730603462,5,1.1932175,0.72718656
2022-09-06,0.0039142773270620405,10,1.1670885,0.7717354
2022-09-21,-0.6898622943472986,21,0.9635054,0.8409147
2022-08-23,0.8201559855774084,1,1.1905237,0.87777615
2022-08-25,0.9134761341778054,3,1.1915442,0.8554399
2022-08-29,-0.9219254056766664,5,1.1988193,0.79067206
2022-09-07,-2.7162193079400976,10,1.0662123,0.8648344
2022-09-22,0.3422330935383977,21,0.9504803,0.9822556
2022-08-24,0.4984370417692645,1,1.1902977,0.90377605
2022-08-26,-0.4907746730603462,3,1.1932175,0.8678485
2022-08-30,0.6736778426303008,5,1.20211,0.81285644
2022-09-08,-0.6917538088292495,10,1.0696571,0.87812316
2022-09-23,-0.944597135926737,21,0.9581937,1.0045505
2022-08-25,0.9134761341778054,1,1.1915442,0.89154005
2022-08-29,-0.9219254056766664,3,1.1988193,0.87006164
2022-08-31,0.08750342368560145,5,1.1902341,0.87290937
2022-09-09,1.1420043738419698,10,1.0647037,0.9184104
2022-09-26,-2.433635832492504,21,0.9844167,0.9457493
2022-08-26,-0.4907746730603462,1,1.1932175,0.90946263
2022-08-30,0.6736778426303008,3,1.20211,0.8863335
2022-09-05,-0.24708167043018997,5,1.1905415,0.85308117
2022-09-12,0.06724303807647322,10,1.0380018,0.93648815
2022-09-27,-0.6672700535513119,21,0.9876205,1.0526985
2022-08-29,-0.9219254056766664,1,1.1988193,0.8617954
2022-08-31,0.08750342368560145,3,1.1902341,0.8535663
2022-09-06,0.0039142773270620405,5,1.1670885,0.7963289
2022-09-13,-0.09767736823553257,10,1.0168829,0.8545061
2022-09-28,-1.9843432558898477,21,1.0184983,0.9431269
2022-08-30,0.6736778426303008,1,1.20211,0.9432809
2022-09-05,-0.24708167043018997,3,1.1905415,0.89058
2022-09-07,-2.7162193079400976,5,1.0662123,0.8689002
2022-09-14,-0.6130576776296617,10,0.9351968,0.9298003
2022-09-29,-1.5464975197571356,21,1.0259786,1.0123638
2022-08-31,0.08750342368560145,1,1.1902341,0.9675901
2022-09-06,0.0039142773270620405,3,1.1670885,0.9125679
2022-09-08,-0.6917538088292495,5,1.0696571,0.85283154
2022-09-15,0.3933355296185023,10,0.93069017,0.92129207
2022-09-30,0.5349453456950302,21,0.9685245,1.0532501
2022-09-05,-0.24708167043018997,1,1.1905415,0.89632714
2022-09-07,-2.7162193079400976,3,1.0662123,0.8837231
2022-09-09,1.1420043738419698,5,1.0647037,0.8677458
2022-09-16,-0.9380273563547527,10,0.9391384,0.91554964
2022-10-03,-4.117685220911394,21,1.084361,1.0054352
2022-09-06,0.0039142773270620405,1,1.1670885,1.0345945
2022-09-08,-0.6917538088292495,3,1.0696571,0.9594946
2022-09-12,0.06724303807647322,5,1.0380018,0.8624449
2022-09-19,-2.3448886609740693,10,0.96744967,0.95389843
2022-10-04,-0.766896181146886,21,1.0852559,1.1769905
2022-09-07,-2.7162193079400976,1,1.0662123,0.9612502
2022-09-09,1.1420043738419698,3,1.0647037,0.92765766
2022-09-13,-0.09767736823553257,5,1.0168829,0.924572
2022-09-20,1.1137074971089553,10,0.97670066,0.98408353
2022-10-05,2.393809318952159,21,1.1208934,1.0239148
2022-09-08,-0.6917538088292495,1,1.0696571,1.2745944
2022-09-12,0.06724303807647322,3,1.0380018,1.1088961
2022-09-14,-0.6130576776296617,5,0.9351968,1.042978
2022-09-21,-0.6898622943472986,10,0.9635054,1.1520921
2022-10-06,-2.7301377138083933,21,1.1482043,1.4733756
2022-09-09,1.1420043738419698,1,1.0647037,1.3075954
2022-09-13,-0.09767736823553257,3,1.0168829,1.2334139
2022-09-15,0.3933355296185023,5,0.93069017,1.1294638
2022-09-22,0.3422330935383977,10,0.9504803,1.1496701
2022-10-07,-3.659378275894115,21,1.2343221,1.5003549
2022-09-12,0.06724303807647322,1,1.0380018,1.0640302
2022-09-14,-0.6130576776296617,3,0.9351968,1.0665246
2022-09-16,-0.9380273563547527,5,0.9391384,1.2327691
2022-09-23,-0.944597135926737,10,0.9581937,1.2433338
2022-10-10,0.6322222377736505,21,1.2335033,1.3205911
2022-09-13,-0.09767736823553257,1,1.0168829,1.1156507
2022-09-15,0.3933355296185023,3,0.93069017,1.1045513
2022-09-19,-2.3448886609740693,5,0.96744967,1.094646
2022-09-26,-2.433635832492504,10,0.9844167,1.1421381
2022-10-11,-3.5421630779432305,21,1.3063991,1.3680962
2022-09-14,-0.6130576776296617,1,0.9351968,1.1101836
2022-09-16,-0.9380273563547527,3,0.9391384,1.1327494
2022-09-20,1.1137074971089553,5,0.97670066,1.0698874
2022-09-27,-0.6672700535513119,10,0.9876205,1.0657845
2022-10-12,2.803697591109357,21,1.3651417,1.2345284
2022-09-15,0.3933355296185023,1,0.93069017,1.0683324
2022-09-19,-2.3448886609740693,3,0.96744967,0.98289263
2022-09-21,-0.6898622943472986,5,0.9635054,0.97344816
2022-09-28,-1.9843432558898477,10,1.0184983,1.0365429
2022-10-13,1.5514742115514746,21,1.3833151,1.2095677
2022-09-16,-0.9380273563547527,1,0.9391384,1.0901394
2022-09-20,1.1137074971089553,3,0.97670066,1.0024463
2022-09-22,0.3422330935383977,5,0.9504803,0.9508944
2022-09-29,-1.5464975197571356,10,1.0259786,1.0252553
2022-10-14,1.028009280448136,21,1.378176,1.2198488
2022-09-19,-2.3448886609740693,1,0.96744967,1.0855777
2022-09-21,-0.6898622943472986,3,0.9635054,1.031356
2022-09-23,-0.944597135926737,5,0.9581937,1.0215006
2022-09-30,0.5349453456950302,10,0.9685245,1.115799
2022-10-17,-0.971887485170393,21,1.3797853,1.239741
2022-09-20,1.1137074971089553,1,0.97670066,1.2889156
2022-09-22,0.3422330935383977,3,0.9504803,1.1713128
2022-09-26,-2.433635832492504,5,0.9844167,1.0930113
2022-10-03,-4.117685220911394,10,1.084361,1.1232216
2022-10-18,1.1421995926185295,21,1.3908352,1.515106
2022-09-21,-0.6898622943472986,1,0.9635054,1.2531873
2022-09-23,-0.944597135926737,3,0.9581937,1.1562077
2022-09-27,-0.6672700535513119,5,0.9876205,1.134573
2022-10-04,-0.766896181146886,10,1.0852559,1.1402518
2022-10-19,-0.3380847301222812,21,1.3902885,1.3408594
2022-09-22,0.3422330935383977,1,0.9504803,1.2508867
2022-09-26,-2.433635832492504,3,0.9844167,1.2377981
2022-09-28,-1.9843432558898477,5,1.0184983,1.1545012
2022-10-05,2.393809318952159,10,1.1208934,1.152886
2022-10-20,-0.15293698579774198,21,1.3902361,1.2838721
2022-09-23,-0.944597135926737,1,0.9581937,1.2005932
2022-09-27,-0.6672700535513119,3,0.9876205,1.0943937
2022-09-29,-1.5464975197571356,5,1.0259786,1.0766494
2022-10-06,-2.7301377138083933,10,1.1482043,1.1925976
2022-10-21,-3.7179432686273985,21,1.4597232,1.445561
2022-09-26,-2.433635832492504,1,0.9844167,1.2059488
2022-09-28,-1.9843432558898477,3,1.0184983,1.1430268
2022-09-30,0.5349453456950302,5,0.9685245,1.2289914
2022-10-07,-3.659378275894115,10,1.2343221,1.2460344
2022-10-24,-3.3572947267802746,21,1.496359,1.3929043
2022-09-27,-0.6672700535513119,1,0.9876205,1.4456673
2022-09-29,-1.5464975197571356,3,1.0259786,1.2255604
2022-10-03,-4.117685220911394,5,1.084361,1.0836178
2022-10-10,0.6322222377736505,10,1.2335033,1.3733091
2022-10-25,1.1644157069949188,21,1.5087305,1.5759951
2022-09-28,-1.9843432558898477,1,1.0184983,1.5831548
2022-09-30,0.5349453456950302,3,0.9685245,1.5069119
2022-10-04,-0.766896181146886,5,1.0852559,1.2591128
2022-10-11,-3.5421630779432305,10,1.3063991,1.4517227
2022-10-26,-0.4359493810874788,21,1.4763511,1.4936213
2022-09-29,-1.5464975197571356,1,1.0259786,1.6541321
2022-10-03,-4.117685220911394,3,1.084361,1.9415351
2022-10-05,2.393809318952159,5,1.1208934,1.5770651
2022-10-12,2.803697591109357,10,1.3651417,1.6200489
2022-10-27,3.4287037485669907,21,1.548158,1.5147882
2022-09-30,0.5349453456950302,1,0.9685245,2.0187736
2022-10-04,-0.766896181146886,3,1.0852559,2.1690345
2022-10-06,-2.7301377138083933,5,1.1482043,1.7106689
2022-10-13,1.5514742115514746,10,1.3833151,1.4818364
2022-10-28,-0.0632489548518375,21,1.5433192,1.6043813
2022-10-03,-4.117685220911394,1,1.084361,1.4641738
2022-10-05,2.393809318952159,3,1.1208934,1.5919079
2022-10-07,-3.659378275894115,5,1.2343221,1.4321971
2022-10-14,1.028009280448136,10,1.378176,1.4233291
2022-10-31,0.056439450727031965,21,1.5415974,1.2032173
2022-10-04,-0.766896181146886,1,1.0852559,1.251366
2022-10-06,-2.7301377138083933,3,1.1482043,1.140361
2022-10-10,0.6322222377736505,5,1.2335033,0.99744
2022-10-17,-0.971887485170393,10,1.3797853,1.0815527
2022-11-01,0.5636167784892596,21,1.545691,1.376281
2022-10-05,2.393809318952159,1,1.1208934,1.2497789
2022-10-07,-3.659378275894115,3,1.2343221,1.1295629
2022-10-11,-3.5421630779432305,5,1.3063991,0.99975157
2022-10-18,1.1421995926185295,10,1.3908352,1.066398
2022-11-02,-1.0267769381386394,21,1.5460179,1.3467888
2022-10-06,-2.7301377138083933,1,1.1482043,1.0561566
2022-10-10,0.6322222377736505,3,1.2335033,1.0865483
2022-10-12,2.803697591109357,5,1.3651417,1.1025662
2022-10-19,-0.3380847301222812,10,1.3902885,1.1761594
2022-11-03,-0.3308862539253212,21,1.5445716,1.2346843
2022-10-07,-3.659378275894115,1,1.2343221,1.2288876
2022-10-11,-3.5421630779432305,3,1.3063991,1.2999719
2022-10-13,1.5514742115514746,5,1.3833151,1.1168659
2022-10-20,-0.15293698579774198,10,1.3902361,1.1702238
2022-11-04,-2.2470404418030934,21,1.5636431,1.3055283
2022-10-10,0.6322222377736505,1,1.2335033,1.5471227
2022-10-12,2.803697591109357,3,1.3651417,1.6166943
2022-10-14,1.028009280448136,5,1.378176,1.3014971
2022-10-21,-3.7179432686273985,10,1.4597232,1.292555
2022-11-07,-2.226888619155334,21,1.5815979,1.2689807
2022-10-11,-3.5421630779432305,1,1.3063991,1.4407634
2022-10-13,1.5514742115514746,3,1.3833151,1.5710342
2022-10-17,-0.971887485170393,5,1.3797853,1.2801235
2022-10-24,-3.3572947267802746,10,1.496359,1.242031
2022-11-08,0.660250553708076,21,1.579666,1.2816869
2022-10-12,2.803697591109357,1,1.3651417,1.8177829
2022-10-14,1.028009280448136,3,1.378176,2.166765
2022-10-18,1.1421995926185295,5,1.3908352,1.6531429
2022-10-25,1.1644157069949188,10,1.5087305,1.5879166
2022-11-09,0.4005617279129104,21,1.5733817,1.3148434
2022-10-13,1.5514742115514746,1,1.3833151,1.8367612
2022-10-17,-0.971887485170393,3,1.3797853,2.0160959
2022-10-19,-0.3380847301222812,5,1.3902885,1.3701563
2022-10-26,-0.4359493810874788,10,1.4763511,1.4369459
2022-11-10,-3.9687953656066153,21,1.6370076,1.2953281
2022-10-14,1.028009280448136,1,1.378176,1.5731579
2022-10-18,1.1421995926185295,3,1.3908352,1.7580571
2022-10-20,-0.15293698579774198,5,1.3902361,1.452992
2022-10-27,3.4287037485669907,10,1.548158,1.5933838
2022-11-11,0.7666579772165383,21,1.6436719,1.3623928
2022-10-17,-0.971887485170393,1,1.3797853,1.5040728
2022-10-19,-0.3380847301222812,3,1.3902885,1.6248939
2022-10-21,-3.7179432686273985,5,1.4597232,1.3647913
2022-10-28,-0.0632489548518375,10,1.5433192,1.3597102
2022-11-14,-1.4233426087800674,21,1.6474314,1.3897711
2022-10-18,1.1421995926185295,1,1.3908352,1.415824
2022-10-20,-0.15293698579774198,3,1.3902361,1.6039999
2022-10-24,-3.3572947267802746,5,1.496359,1.3571223
2022-10-31,0.056439450727031965,10,1.5415974,1.2447058
2022-11-15,-3.1455311712566045,21,1.6821595,1.2645864
2022-10-19,-0.3380847301222812,1,1.3902885,1.4730544
2022-10-21,-3.7179432686273985,3,1.4597232,1.712105
2022-10-25,1.1644157069949188,5,1.5087305,1.4756259
2022-11-01,0.5636167784892596,10,1.545691,1.4598511
2022-11-16,3.3429897532011745,21,1.7554849,1.3264362
2022-10-20,-0.15293698579774198,1,1.3902361,1.3354195
2022-10-24,-3.3572947267802746,3,1.496359,1.4728425
2022-10-26,-0.4359493810874788,5,1.4763511,1.2439865
2022-11-02,-1.0267769381386394,10,1.5460179,1.2468396
2022-11-17,2.757266128179439,21,1.7971889,1.2844095
2022-10-21,-3.7179432686273985,1,1.4597232,1.2747071
2022-10-25,1.1644157069949188,3,1.5087305,1.4102583
2022-10-27,3.4287037485669907,5,1.548158,1.2638828
2022-11-03,-0.3308862539253212,10,1.5445716,1.3056309
2022-11-18,0.007221743641557603,21,1.7939042,1.2583448
2022-10-24,-3.3572947267802746,1,1.496359,1.793947
2022-10-26,-0.4359493810874788,3,1.4763511,1.972556
2022-10-28,-0.0632489548518375,5,1.5433192,1.7085719
2022-11-04,-2.2470404418030934,10,1.5636431,1.6318525
2022-11-21,-0.8994972512131266,21,1.7856332,1.466185
2022-10-25,1.1644157069949188,1,1.5087305,2.0075426
2022-10-27,3.4287037485669907,3,1.548158,2.1311958
2022-10-31,0.056439450727031965,5,1.5415974,1.7706009
2022-11-07,-2.226888619155334,10,1.5815979,1.804478
2022-11-22,-0.8919061409863668,21,1.7863874,1.6095557
2022-10-26,-0.4359493810874788,1,1.4763511,1.9409611
2022-10-28,-0.0632489548518375,3,1.5433192,2.0999508
2022-11-01,0.5636167784892596,5,1.545691,1.668946
2022-11-08,0.660250553708076,10,1.579666,1.7166334
2022-11-23,-0.6448508215968447,21,1.7856271,1.5221697
2022-10-27,3.4287037485669907,1,1.548158,1.6342455
2022-10-31,0.056439450727031965,3,1.5415974,1.7997178
2022-11-02,-1.0267769381386394,5,1.5460179,1.6851214
2022-11-09,0.4005617279129104,10,1.5733817,1.6808038
2022-11-24,0.1805979231004184,21,1.7813011,1.4534057
2022-10-28,-0.0632489548518375,1,1.5433192,1.822789
2022-11-01,0.5636167784892596,3,1.545691,1.9812047
2022-11-03,-0.3308862539253212,5,1.5445716,1.620627
2022-11-10,-3.9687953656066153,10,1.6370076,1.5083964
2022-11-25,2.475154624383381,21,1.8208821,1.4743606
2022-10-31,0.056439450727031965,1,1.5415974,1.6484532
2022-11-02,-1.0267769381386394,3,1.5460179,1.5564384
2022-11-04,-2.2470404418030934,5,1.5636431,1.5340414
2022-11-11,0.7666579772165383,10,1.6436719,1.7493904
2022-11-28,3.4629057551224967,21,1.8899294,1.3983377
2022-11-01,0.5636167784892596,1,1.545691,1.4820563
2022-11-03,-0.3308862539253212,3,1.5445716,1.5267216
2022-11-07,-2.226888619155334,5,1.5815979,1.5570179
2022-11-14,-1.4233426087800674,10,1.6474314,1.5156778
2022-11-29,2.5979820705990497,21,1.928568,1.5634978
2022-11-02,-1.0267769381386394,1,1.5460179,1.6646551
2022-11-04,-2.2470404418030934,3,1.5636431,1.599813
2022-11-08,0.660250553708076,5,1.579666,1.3704365
2022-11-15,-3.1455311712566045,10,1.6821595,1.5047206
2022-11-30,1.563057517164887,21,1.9188801,1.4321742
2022-11-03,-0.3308862539253212,1,1.5445716,1.450362
2022-11-07,-2.226888619155334,3,1.5815979,1.4675606
2022-11-09,0.4005617279129104,5,1.5733817,1.5977352
2022-11-16,3.3429897532011745,10,1.7554849,1.3758336
2022-12-01,-1.1646891382312075,21,1.9215531,1.5661328
2022-11-04,-2.2470404418030934,1,1.5636431,1.4277356
2022-11-08,0.660250553708076,3,1.579666,1.3960996
2022-11-10,-3.9687953656066153,5,1.6370076,1.3796957
2022-11-17,2.757266128179439,10,1.7971889,1.3215088
2022-12-02,4.133292276138943,21,1.9967195,1.4800353
2022-11-07,-2.226888619155334,1,1.5815979,1.4088978
2022-11-09,0.4005617279129104,3,1.5733817,1.5693786
2022-11-11,0.7666579772165383,5,1.6436719,1.472882
2022-11-18,0.007221743641557603,10,1.7939042,1.3111435
2022-12-05,1.2568712804954318,21,2.0057282,1.2167876
2022-11-08,0.660250553708076,1,1.579666,1.7269835
2022-11-10,-3.9687953656066153,3,1.6370076,1.7178483
2022-11-14,-1.4233426087800674,5,1.6474314,1.5270605
2022-11-21,-0.8994972512131266,10,1.7856332,1.4545116
2022-12-06,-4.1997246960240915,21,2.0702853,1.4473715
2022-11-09,0.4005617279129104,1,1.5733817,1.5056752
2022-11-11,0.7666579772165383,3,1.6436719,1.6760386
2022-11-15,-3.1455311712566045,5,1.6821595,1.4918591
2022-11-22,-0.8919061409863668,10,1.7863874,1.4556206
2022-12-07,-0.7340764453086848,21,2.070664,1.4187438
2022-11-10,-3.9687953656066153,1,1.6370076,1.3605636
2022-11-14,-1.4233426087800674,3,1.6474314,1.4883103
2022-11-16,3.3429897532011745,5,1.7554849,1.3787299
2022-11-23,-0.6448508215968447,10,1.7856271,1.538079
2022-12-08,0.9093796980608443,21,2.074629,1.3794806
2022-11-11,0.7666579772165383,1,1.6436719,1.8947998
2022-11-15,-3.1455311712566045,3,1.6821595,1.8778433
2022-11-17,2.757266128179439,5,1.7971889,1.7349443
2022-11-24,0.1805979231004184,10,1.7813011,1.6584214
2022-12-09,0.1217690914088294,21,2.073477,1.5638345
2022-11-14,-1.4233426087800674,1,1.6474314,1.732181
2022-11-16,3.3429897532011745,3,1.7554849,1.8007505
2022-11-18,0.007221743641557603,5,1.7939042,1.6854986
2022-11-25,2.475154624383381,10,1.8208821,1.7064279
2022-12-12,-1.8945995422422595,21,2.06663,1.523099
2022-11-15,-3.1455311712566045,1,1.6821595,1.7372024
2022-11-17,2.757266128179439,3,1.7971889,1.8369257
2022-11-21,-0.8994972512131266,5,1.7856332,1.747962
2022-11-28,3.4629057551224967,10,1.8899294,1.7253098
2022-12-13,1.479214476159536,21,2.0712776,1.3946236
2022-11-16,3.3429897532011745,1,1.7554849,1.8248639
2022-11-18,0.007221743641557603,3,1.7939042,2.057928
2022-11-22,-0.8919061409863668,5,1.7863874,1.7502427
2022-11-29,2.5979820705990497,10,1.928568,1.7104452
2022-12-14,0.2840965168950333,21,2.0716097,1.4523282
2022-11-17,2.757266128179439,1,1.7971889,1.9523572
2022-11-21,-0.8994972512131266,3,1.7856332,2.0249622
2022-11-23,-0.6448508215968447,5,1.7856271,1.9106193
2022-11-30,1.563057517164887,10,1.9188801,1.9539907
2022-12-15,0.4644434325143632,21,2.0722485,1.5257531
2022-11-18,0.007221743641557603,1,1.7939042,1.9460701
2022-11-22,-0.8919061409863668,3,1.7863874,1.8600291
2022-11-24,0.1805979231004184,5,1.7813011,1.8235487
2022-12-01,-1.1646891382312075,10,1.9215531,1.9875271
2022-12-16,-0.2694754453555723,21,2.0701587,1.5700948
2022-11-21,-0.8994972512131266,1,1.7856332,1.9065161
2022-11-23,-0.6448508215968447,3,1.7856271,2.0862675
2022-11-25,2.475154624383381,5,1.8208821,1.7716775
2022-12-02,4.133292276138943,10,1.9967195,1.7470065
2022-12-19,-1.346821705086648,21,2.0551903,1.4654373
2022-11-22,-0.8919061409863668,1,1.7863874,1.6764108
2022-11-24,0.1805979231004184,3,1.7813011,1.9230392
2022-11-28,3.4629057551224967,5,1.8899294,1.8917391
2022-12-05,1.2568712804954318,10,2.0057282,1.8043039
2022-12-20,-1.4814510847974203,21,2.0609736,1.398376
2022-11-23,-0.6448508215968447,1,1.7856271,1.8129125
2022-11-25,2.475154624383381,3,1.8208821,1.8820622
2022-11-29,2.5979820705990497,5,1.928568,1.8441588
2022-12-06,-4.1997246960240915,10,2.0702853,1.8469073
2022-12-21,-0.4162571325942675,21,2.0481055,1.6482958
2022-11-24,0.1805979231004184,1,1.7813011,1.4570966
2022-11-28,3.4629057551224967,3,1.8899294,1.472964
2022-11-30,1.563057517164887,5,1.9188801,1.5601647
2022-12-07,-0.7340764453086848,10,2.070664,1.6358602
2022-12-22,0.36541978168953787,21,2.041545,1.4872051
2022-11-25,2.475154624383381,1,1.8208821,1.264611
2022-11-29,2.5979820705990497,3,1.928568,1.4060595
2022-12-01,-1.1646891382312075,5,1.9215531,1.5890151
2022-12-08,0.9093796980608443,10,2.074629,1.449744
2022-12-23,-0.22222775243669568,21,2.0395117,1.4168838
2022-11-28,3.4629057551224967,1,1.8899294,1.600597
2022-11-30,1.563057517164887,3,1.9188801,1.5648758
2022-12-02,4.133292276138943,5,1.9967195,1.5966944
2022-12-09,0.1217690914088294,10,2.073477,1.6374838
2022-12-26,-3.503636765026257,21,2.0208383,1.6066707
2022-11-29,2.5979820705990497,1,1.928568,1.6661041
2022-12-01,-1.1646891382312075,3,1.9215531,1.7773542
2022-12-05,1.2568712804954318,5,2.0057282,1.7023008
2022-12-12,-1.8945995422422595,10,2.06663,1.7356601
2022-12-27,1.9460051819979256,21,2.0373797,1.5939336
2022-11-30,1.563057517164887,1,1.9188801,1.7303994
2022-12-02,4.133292276138943,3,1.9967195,1.7556114
2022-12-06,-4.1997246960240915,5,2.0702853,1.8198344
2022-12-13,1.479214476159536,10,2.0712776,1.9504073
2022-12-28,1.0979058224624818,21,2.0170705,1.827048
2022-12-01,-1.1646891382312075,1,1.9215531,1.8255541
2022-12-05,1.2568712804954318,3,2.0057282,1.7111108
2022-12-07,-0.7340764453086848,5,2.070664,1.8427504
2022-12-14,0.2840965168950333,10,2.0716097,1.8354349
2022-12-29,-0.6291534123978495,21,1.9893794,1.7666457
2022-12-02,4.133292276138943,1,1.9967195,1.8480614
2022-12-06,-4.1997246960240915,3,2.0702853,1.763813
2022-12-08,0.9093796980608443,5,2.074629,1.8723652
2022-12-15,0.4644434325143632,10,2.0722485,1.8928102
2022-12-30,-0.2182129234545081,21,1.9339858,1.7453688
2022-12-05,1.2568712804954318,1,2.0057282,1.7029723
2022-12-07,-0.7340764453086848,3,2.070664,1.8235407
2022-12-09,0.1217690914088294,5,2.073477,1.8007864
2022-12-16,-0.2694754453555723,10,2.0701587,1.8434145
2023-01-03,3.5898715309997895,21,1.9885163,1.5870764
2022-12-06,-4.1997246960240915,1,2.0702853,1.6810229
2022-12-08,0.9093796980608443,3,2.074629,1.6597723
2022-12-12,-1.8945995422422595,5,2.06663,1.6864033
2022-12-19,-1.346821705086648,10,2.0551903,1.845657
2023-01-04,0.23442182724255917,21,1.9334295,1.5827713
2022-12-07,-0.7340764453086848,1,2.070664,2.0473192
2022-12-09,0.1217690914088294,3,2.073477,1.9535359
2022-12-13,1.479214476159536,5,2.0712776,2.0967557
2022-12-20,-1.4814510847974203,10,2.0609736,2.209481
2023-01-05,0.9009798505046536,21,1.9031183,1.8558875
2022-12-08,0.9093796980608443,1,2.074629,1.9905624
2022-12-12,-1.8945995422422595,3,2.06663,1.9709603
2022-12-14,0.2840965168950333,5,2.0716097,2.055955
2022-12-21,-0.4162571325942675,10,2.0481055,2.036893
2023-01-06,-0.41570630179722806,21,1.8934442,1.8521571
2022-12-09,0.1217690914088294,1,2.073477,2.081031
2022-12-13,1.479214476159536,3,2.0712776,2.041476
2022-12-15,0.4644434325143632,5,2.0722485,2.1420817
2022-12-22,0.36541978168953787,10,2.041545,2.1047757
2023-01-09,0.2631018068422908,21,1.88898,1.7586571
2022-12-12,-1.8945995422422595,1,2.06663,1.9781559
2022-12-14,0.2840965168950333,3,2.0716097,1.8330247
2022-12-16,-0.2694754453555723,5,2.0701587,1.836546
2022-12-23,-0.22222775243669568,10,2.0395117,1.8265579
2023-01-10,-0.08161096696963657,21,1.8848045,1.8546354
2022-12-13,1.479214476159536,1,2.0712776,1.8624847
2022-12-15,0.4644434325143632,3,2.0722485,1.860444
2022-12-19,-1.346821705086648,5,2.0551903,1.959057
2022-12-26,-3.503636765026257,10,2.0208383,1.9671628
2023-01-11,0.2285325136094723,21,1.8791254,1.7382758
2022-12-14,0.2840965168950333,1,2.0716097,1.8506014
2022-12-16,-0.2694754453555723,3,2.0701587,1.6480967
2022-12-20,-1.4814510847974203,5,2.0609736,1.6846745
2022-12-27,1.9460051819979256,10,2.0373797,1.8386774
2023-01-12,0.0596548558277754,21,1.8786585,1.858812
2022-12-15,0.4644434325143632,1,2.0722485,1.888305
2022-12-19,-1.346821705086648,3,2.0551903,1.6244518
2022-12-21,-0.4162571325942675,5,2.0481055,1.923775
2022-12-28,1.0979058224624818,10,2.0170705,2.0002415
2023-01-13,0.3571837338677847,21,1.8791356,1.7835549
2022-12-16,-0.2694754453555723,1,2.0701587,1.6765771
2022-12-20,-1.4814510847974203,3,2.0609736,1.5540179
2022-12-22,0.36541978168953787,5,2.041545,1.8446016
2022-12-29,-0.6291534123978495,10,1.9893794,1.8970699
2023-01-16,0.6121748436054156,21,1.8159071,1.9091676
2022-12-19,-1.346821705086648,1,2.0551903,1.8273654
2022-12-21,-0.4162571325942675,3,2.0481055,1.6744287
2022-12-23,-0.22222775243669568,5,2.0395117,1.8174269
2022-12-30,-0.2182129234545081,10,1.9339858,1.9186662
2023-01-17,2.0056635975378816,21,1.7756469,1.9028218
2022-12-20,-1.4814510847974203,1,2.0609736,1.7259634
2022-12-22,0.36541978168953787,3,2.041545,1.6663634
2022-12-26,-3.503636765026257,5,2.0208383,1.815723
2023-01-03,3.5898715309997895,10,1.9885163,1.7290406
2023-01-18,0.913766265068557,21,1.7735476,1.7129936
2022-12-21,-0.4162571325942675,1,2.0481055,1.6916013
2022-12-23,-0.22222775243669568,3,2.0395117,1.7104518
2022-12-27,1.9460051819979256,5,2.0373797,1.8777713
2023-01-04,0.23442182724255917,10,1.9334295,1.8504057
2023-01-19,0.8883468199194876,21,1.7742447,1.8157318
2022-12-22,0.36541978168953787,1,2.041545,1.7100042
2022-12-26,-3.503636765026257,3,2.0208383,1.4134547
2022-12-28,1.0979058224624818,5,2.0170705,1.7001476
2023-01-05,0.9009798505046536,10,1.9031183,1.9343729
2023-01-27,0.8107253709959392,21,1.724546,1.934921
2022-12-23,-0.22222775243669568,1,2.0395117,1.7917633
2022-12-27,1.9460051819979256,3,2.0373797,1.6023091
2022-12-29,-0.6291534123978495,5,1.9893794,1.7326748
2023-01-06,-0.41570630179722806,10,1.8934442,1.7593577
2023-01-30,-1.3092223207845244,21,1.7344898,1.7383747
2022-12-26,-3.503636765026257,1,2.0208383,1.555618
2022-12-28,1.0979058224624818,3,2.0170705,1.5343417
2022-12-30,-0.2182129234545081,5,1.9339858,1.8034968
2023-01-09,0.2631018068422908,10,1.88898,1.704502
2023-01-31,0.7778695349085447,21,1.7365569,1.6931835
2022-12-27,1.9460051819979256,1,2.0373797,1.880202
2022-12-29,-0.6291534123978495,3,1.9893794,1.6751142
2023-01-03,3.5898715309997895,5,1.9885163,1.7903874
2023-01-10,-0.08161096696963657,10,1.8848045,1.9511312
2023-02-01,-3.219993342588876,21,1.7884579,1.8613454
2022-12-28,1.0979058224624818,1,2.0170705,1.8652214
2022-12-30,-0.2182129234545081,3,1.9339858,1.8384701
2023-01-04,0.23442182724255917,5,1.9334295,1.8037171
2023-01-11,0.2285325136094723,10,1.8791254,1.902471
2023-02-02,0.15044858797242164,21,1.7827064,1.717459
2022-12-29,-0.6291534123978495,1,1.9893794,1.5893639
2023-01-03,3.5898715309997895,3,1.9885163,1.580354
2023-01-05,0.9009798505046536,5,1.9031183,1.9796821
2023-01-12,0.0596548558277754,10,1.8786585,1.9470507
2023-02-03,-0.04084019474419579,21,1.781949,1.8582622
2022-12-30,-0.2182129234545081,1,1.9339858,1.5089816
2023-01-04,0.23442182724255917,3,1.9334295,1.6517925
2023-01-06,-0.41570630179722806,5,1.8934442,1.872036
2023-01-13,0.3571837338677847,10,1.8791356,1.7512302
2023-02-06,1.120744361435231,21,1.7599545,1.6545831
2023-01-03,3.5898715309997895,1,1.9885163,1.4520794
2023-01-05,0.9009798505046536,3,1.9031183,1.5755134
2023-01-09,0.2631018068422908,5,1.88898,1.4872763
2023-01-16,0.6121748436054156,10,1.8159071,1.4160112
2023-02-07,-2.176288718683224,21,1.7588093,1.4616226
2023-01-04,0.23442182724255917,1,1.9334295,1.5185353
2023-01-06,-0.41570630179722806,3,1.8934442,1.7128077
2023-01-10,-0.08161096696963657,5,1.8848045,1.7679219
2023-01-17,2.0056635975378816,10,1.7756469,1.7067162
2023-02-08,0.5968044803848023,21,1.7585152,1.4749233
2023-01-05,0.9009798505046536,1,1.9031183,1.3907388
2023-01-09,0.2631018068422908,3,1.88898,1.5376954
2023-01-11,0.2285325136094723,5,1.8791254,1.5278718
2023-01-18,0.913766265068557,10,1.7735476,1.3676162
2023-02-09,-0.7667679462978293,21,1.7621171,1.4308529
2023-01-06,-0.41570630179722806,1,1.8934442,1.4526848
2023-01-10,-0.08161096696963657,3,1.8848045,1.4621211
2023-01-12,0.0596548558277754,5,1.8786585,1.5305111
2023-01-19,0.8883468199194876,10,1.7742447,1.5718337
2023-02-10,-0.8238499315781725,21,1.6832078,1.5168898
2023-01-09,0.2631018068422908,1,1.88898,1.2178274
2023-01-11,0.2285325136094723,3,1.8791254,1.3589187
2023-01-13,0.3571837338677847,5,1.8791356,1.3664995
2023-01-27,0.8107253709959392,10,1.724546,1.3174211
2023-02-13,-1.1052994851038405,21,1.6894875,1.4961185
2023-01-10,-0.08161096696963657,1,1.8848045,1.2859406
2023-01-12,0.0596548558277754,3,1.8786585,1.2882662
2023-01-16,0.6121748436054156,5,1.8159071,1.3654641
2023-01-30,-1.3092223207845244,10,1.7344898,1.2928021
2023-02-14,-0.4859926774007952,21,1.6790044,1.4682962
2023-01-11,0.2285325136094723,1,1.8791254,1.147049
2023-01-13,0.3571837338677847,3,1.8791356,1.0795705
2023-01-17,2.0056635975378816,5,1.7756469,1.1154974
2023-01-31,0.7778695349085447,10,1.7365569,1.1349866
2023-02-15,0.9162242316067856,21,1.6242775,1.2067045
2023-01-12,0.0596548558277754,1,1.8786585,1.1465516
2023-01-16,0.6121748436054156,3,1.8159071,1.0689871
2023-01-18,0.913766265068557,5,1.7735476,1.1198965
2023-02-01,-3.219993342588876,10,1.7884579,1.1406955
2023-02-16,0.9579990570462059,21,1.5753028,1.3793154
2023-01-13,0.3571837338677847,1,1.8791356,1.1904125
2023-01-17,2.0056635975378816,3,1.7756469,1.183268
2023-01-19,0.8883468199194876,5,1.7742447,1.2324699
2023-02-02,0.15044858797242164,10,1.7827064,1.2350826
2023-02-17,0.09633548157200339,21,1.5389074,1.4141024
2023-01-16,0.6121748436054156,1,1.8159071,1.2949841
2023-01-18,0.913766265068557,3,1.7735476,1.0322573
2023-01-27,0.8107253709959392,5,1.724546,1.2322148
2023-02-03,-0.04084019474419579,10,1.781949,1.3630049
2023-02-20,2.551862610050503,21,1.5697156,1.6207339
2023-01-17,2.0056635975378816,1,1.7756469,1.2005355
2023-01-19,0.8883468199194876,3,1.7742447,1.0808761
2023-01-30,-1.3092223207845244,5,1.7344898,1.0763906
2023-02-06,1.120744361435231,10,1.7599545,1.1165137
2023-02-21,-0.4112651721900918,21,1.5652286,1.429639
2023-01-18,0.913766265068557,1,1.7735476,1.021372
2023-01-27,0.8107253709959392,3,1.724546,0.95496535
2023-01-31,0.7778695349085447,5,1.7365569,0.9944558
2023-02-07,-2.176288718683224,10,1.7588093,1.017375
2023-02-22,-2.6165657662536517,21,1.6010215,1.2727344
2023-01-19,0.8883468199194876,1,1.7742447,1.1331856
2023-01-30,-1.3092223207845244,3,1.7344898,1.0326724
2023-02-01,-3.219993342588876,5,1.7884579,0.9976181
2023-02-08,0.5968044803848023,10,1.7585152,1.0760007
2023-02-23,-0.05882520544974433,21,1.5977513,1.2727542
2023-01-27,0.8107253709959392,1,1.724546,0.9728513
2023-01-31,0.7778695349085447,3,1.7365569,0.9225854
2023-02-02,0.15044858797242164,5,1.7827064,0.98966146
2023-02-09,-0.7667679462978293,10,1.7621171,1.0314207
2023-02-24,-1.3472270725769167,21,1.6098644,1.2001765
2023-01-30,-1.3092223207845244,1,1.7344898,1.0082821
2023-02-01,-3.219993342588876,3,1.7884579,1.0042696
2023-02-03,-0.04084019474419579,5,1.781949,1.0877496
2023-02-10,-0.8238499315781725,10,1.6832078,1.1452053
2023-02-27,-1.77701795158365,21,1.5995197,1.1862938
2023-01-31,0.7778695349085447,1,1.7365569,1.1801
2023-02-02,0.15044858797242164,3,1.7827064,1.089721
2023-02-06,1.120744361435231,5,1.7599545,1.144846
2023-02-13,-1.1052994851038405,10,1.6894875,1.2050261
2023-02-28,0.3353001533302572,21,1.5372665,1.4511964
2023-02-01,-3.219993342588876,1,1.7884579,1.1111202
2023-02-03,-0.04084019474419579,3,1.781949,1.0211931
2023-02-07,-2.176288718683224,5,1.7588093,1.0962328
2023-02-14,-0.4859926774007952,10,1.6790044,1.1319411
2023-03-01,1.536905079190489,21,1.5131518,1.3941336
2023-02-02,0.15044858797242164,1,1.7827064,1.1631739
2023-02-06,1.120744361435231,3,1.7599545,1.1752247
2023-02-08,0.5968044803848023,5,1.7585152,1.3323274
2023-02-15,0.9162242316067856,10,1.6242775,1.3351384
2023-03-02,-0.28294279183383997,21,1.4998192,1.5603042
2023-02-03,-0.04084019474419579,1,1.781949,1.1820333
2023-02-07,-2.176288718683224,3,1.7588093,1.132398
2023-02-09,-0.7667679462978293,5,1.7621171,1.1756742
2023-02-16,0.9579990570462059,10,1.5753028,1.1795512
2023-03-03,-1.2451794431732965,21,1.5008985,1.5087696
2023-02-06,1.120744361435231,1,1.7599545,1.1007899
2023-02-08,0.5968044803848023,3,1.7585152,0.9930328
2023-02-10,-0.8238499315781725,5,1.6832078,1.2288672
2023-02-17,0.09633548157200339,10,1.5389074,1.2389097
2023-03-06,0.23489861918128785,21,1.3990415,1.5730563
2023-02-07,-2.176288718683224,1,1.7588093,1.2356449
2023-02-09,-0.7667679462978293,3,1.7621171,1.2091818
2023-02-13,-1.1052994851038405,5,1.6894875,1.2319185
2023-02-20,2.551862610050503,10,1.5697156,1.2023468
2023-03-07,1.0324446921595314,21,1.395693,1.3433342
2023-02-08,0.5968044803848023,1,1.7585152,1.3315564
2023-02-10,-0.8238499315781725,3,1.6832078,1.4156973
2023-02-14,-0.4859926774007952,5,1.6790044,1.3493896
2023-02-21,-0.4112651721900918,10,1.5652286,1.3428942
2023-03-08,1.0867276405691888,21,1.2949079,1.3860595
2023-02-09,-0.7667679462978293,1,1.7621171,1.2747371
2023-02-13,-1.1052994851038405,3,1.6894875,1.3311791
2023-02-15,0.9162242316067856,5,1.6242775,1.3245797
2023-02-22,-2.6165657662536517,10,1.6010215,1.2848352
2023-03-09,0.6431928991934556,21,1.2938675,1.4612744
2023-02-10,-0.8238499315781725,1,1.6832078,1.1596094
2023-02-14,-0.4859926774007952,3,1.6790044,1.3709004
2023-02-16,0.9579990570462059,5,1.5753028,1.325265
2023-02-23,-0.05882520544974433,10,1.5977513,1.2493052
2023-03-10,-0.2797602526407907,21,1.2891704,1.4009185
2023-02-13,-1.1052994851038405,1,1.6894875,1.189043
2023-02-15,0.9162242316067856,3,1.6242775,1.1176524
2023-02-17,0.09633548157200339,5,1.5389074,1.1208894
2023-02-24,-1.3472270725769167,10,1.6098644,1.1327982
2023-03-13,-0.018995156292279533,21,1.2890803,1.3880413
2023-02-14,-0.4859926774007952,1,1.6790044,1.1473973
2023-02-16,0.9579990570462059,3,1.5753028,1.0490859
2023-02-20,2.551862610050503,5,1.5697156,1.0052192
2023-02-27,-1.77701795158365,10,1.5995197,1.0778856
2023-03-14,-1.2107576247483298,21,1.2749772,1.3908824
2023-02-15,0.9162242316067856,1,1.6242775,1.1009576
2023-02-17,0.09633548157200339,3,1.5389074,1.0491693
2023-02-21,-0.4112651721900918,5,1.5652286,1.0601814
2023-02-28,0.3353001533302572,10,1.5372665,1.1123351
2023-03-15,2.098710919751753,21,1.2894783,1.2647537
2023-02-16,0.9579990570462059,1,1.5753028,1.0124187
2023-02-20,2.551862610050503,3,1.5697156,0.95215636
2023-02-22,-2.6165657662536517,5,1.6010215,0.8872861
2023-03-01,1.536905079190489,10,1.5131518,0.9577626
2023-03-16,-1.4021911675699594,21,1.3020133,1.1373717
2023-02-17,0.09633548157200339,1,1.5389074,0.94458985
2023-02-21,-0.4112651721900918,3,1.5652286,0.9319172
2023-02-23,-0.05882520544974433,5,1.5977513,0.954453
2023-03-02,-0.28294279183383997,10,1.4998192,1.0180094
2023-03-17,-0.21600551279619568,21,1.3008195,1.0518128
2023-02-20,2.551862610050503,1,1.5697156,0.946032
2023-02-22,-2.6165657662536517,3,1.6010215,0.9062845
2023-02-24,-1.3472270725769167,5,1.6098644,0.84664327
2023-03-03,-1.2451794431732965,10,1.5008985,0.9141221
2023-03-20,-2.1313613832531133,21,1.3288705,1.0427667
2023-02-21,-0.4112651721900918,1,1.5652286,0.9294393
2023-02-23,-0.05882520544974433,3,1.5977513,0.8857298
2023-02-27,-1.77701795158365,5,1.5995197,0.8426124
2023-03-06,0.23489861918128785,10,1.3990415,0.905491
2023-03-21,0.9078013041829955,21,1.3233633,1.0287582
2023-02-22,-2.6165657662536517,1,1.6010215,0.9937326
2023-02-24,-1.3472270725769167,3,1.6098644,0.9391917
2023-02-28,0.3353001533302572,5,1.5372665,0.88546324
2023-03-07,1.0324446921595314,10,1.395693,0.96075106
2023-03-22,0.7824562224272407,21,1.31292,1.0954466
2023-02-23,-0.05882520544974433,1,1.5977513,1.0887414
2023-02-27,-1.77701795158365,3,1.5995197,1.0263385
2023-03-01,1.536905079190489,5,1.5131518,1.0164022
2023-03-08,1.0867276405691888,10,1.2949079,1.0870792
2023-03-23,0.43727654494612017,21,1.3126475,1.2566608
2023-02-24,-1.3472270725769167,1,1.6098644,1.0883836
2023-02-28,0.3353001533302572,3,1.5372665,1.0114177
2023-03-02,-0.28294279183383997,5,1.4998192,0.91962826
2023-03-09,0.6431928991934556,10,1.2938675,0.9749035
2023-03-24,0.1615764086708806,21,1.3120608,1.1679807
2023-02-27,-1.77701795158365,1,1.5995197,1.0947142
2023-03-01,1.536905079190489,3,1.5131518,1.0263848
2023-03-03,-1.2451794431732965,5,1.5008985,1.0805677
2023-03-10,-0.2797602526407907,10,1.2891704,1.1122984
2023-03-27,0.5202389963513292,21,1.3130566,1.2355578
2023-02-28,0.3353001533302572,1,1.5372665,1.2503031
2023-03-02,-0.28294279183383997,3,1.4998192,1.1038718
2023-03-06,0.23489861918128785,5,1.3990415,0.9514208
2023-03-13,-0.018995156292279533,10,1.2890803,1.0091109
2023-03-28,0.1936825920913069,21,1.227355,1.335433
2023-03-01,1.536905079190489,1,1.5131518,1.1098373
2023-03-03,-1.2451794431732965,3,1.5008985,1.0200453
2023-03-07,1.0324446921595314,5,1.395693,0.9960431
2023-03-14,-1.2107576247483298,10,1.2749772,1.0683167
2023-03-29,0.19330818766589167,21,1.2036159,1.2349883
2023-03-02,-0.28294279183383997,1,1.4998192,1.1086633
2023-03-06,0.23489861918128785,3,1.3990415,1.0114455
2023-03-08,1.0867276405691888,5,1.2949079,0.9954244
2023-03-15,2.098710919751753,10,1.2894783,1.0920575
2023-03-30,0.29398301704571866,21,1.1965889,1.2268755
2023-03-03,-1.2451794431732965,1,1.5008985,0.99836606
2023-03-07,1.0324446921595314,3,1.395693,0.9408982
2023-03-09,0.6431928991934556,5,1.2938675,0.98042274
2023-03-16,-1.4021911675699594,10,1.3020133,1.0341201
2023-03-31,0.48962472114031064,21,1.1942186,1.1937735
2023-03-06,0.23489861918128785,1,1.3990415,1.0495317
2023-03-08,1.0867276405691888,3,1.2949079,0.96311843
2023-03-10,-0.2797602526407907,5,1.2891704,0.97331935
2023-03-17,-0.21600551279619568,10,1.3008195,1.0414073
2023-04-03,1.3657438300449658,21,1.2047734,1.2167168
2023-03-07,1.0324446921595314,1,1.395693,1.1286143
2023-03-09,0.6431928991934556,3,1.2938675,1.0262364
2023-03-13,-0.018995156292279533,5,1.2890803,0.980374
2023-03-20,-2.1313613832531133,10,1.3288705,1.0476826
2023-04-04,-0.07693270621785243,21,1.1152112,1.3419523
2023-03-08,1.0867276405691888,1,1.2949079,1.1365676
2023-03-10,-0.2797602526407907,3,1.2891704,1.077105
2023-03-14,-1.2107576247483298,5,1.2749772,1.0993909
2023-03-21,0.9078013041829955,10,1.3233633,1.1482849
2023-04-05,0.22321954704894986,21,1.1151816,1.2486467
2023-03-09,0.6431928991934556,1,1.2938675,1.0698245
2023-03-13,-0.018995156292279533,3,1.2890803,0.9734296
2023-03-15,2.098710919751753,5,1.2894783,0.88618404
2023-03-22,0.7824562224272407,10,1.31292,0.9455619
2023-04-06,-0.9248266235591083,21,1.11659,1.1578758
2023-03-10,-0.2797602526407907,1,1.2891704,1.0600088
2023-03-14,-1.2107576247483298,3,1.2749772,1.0015738
2023-03-16,-1.4021911675699594,5,1.3020133,0.9736624
2023-03-23,0.43727654494612017,10,1.3126475,1.0478017
2023-04-07,-0.11211706194489474,21,1.1152525,1.1817623
2023-03-13,-0.018995156292279533,1,1.2890803,1.1119442
2023-03-15,2.098710919751753,3,1.2894783,1.00623
2023-03-17,-0.21600551279619568,5,1.3008195,0.9160838
2023-03-24,0.1615764086708806,10,1.3120608,1.0039785
2023-04-10,-0.4084200032457309,21,1.1162294,1.2420272
2023-03-14,-1.2107576247483298,1,1.2749772,1.1716461
2023-03-16,-1.4021911675699594,3,1.3020133,1.0406537
2023-03-20,-2.1313613832531133,5,1.3288705,1.0328593
2023-03-27,0.5202389963513292,10,1.3130566,1.1068233
2023-04-11,0.3850464517151671,21,1.1171525,1.2842941
2023-03-15,2.098710919751753,1,1.2894783,1.1305492
2023-03-17,-0.21600551279619568,3,1.3008195,1.0400344
2023-03-21,0.9078013041829955,5,1.3233633,1.0171514
2023-03-28,0.1936825920913069,10,1.227355,1.0776217
2023-04-12,-0.0009350557059487238,21,1.1168376,1.2601594
2023-03-16,-1.4021911675699594,1,1.3020133,1.0928012
2023-03-20,-2.1313613832531133,3,1.3288705,1.0119066
2023-03-22,0.7824562224272407,5,1.31292,0.98340356
2023-03-29,0.19330818766589167,10,1.2036159,1.0534823
2023-04-13,-0.4827191564468868,21,1.1187167,1.2357469
2023-03-17,-0.21600551279619568,1,1.3008195,1.0037915
2023-03-21,0.9078013041829955,3,1.3233633,0.94713396
2023-03-23,0.43727654494612017,5,1.3126475,1.0659318
2023-03-30,0.29398301704571866,10,1.1965889,1.1002928
2023-04-14,-1.077854180750469,21,1.126534,1.2796335
2023-03-20,-2.1313613832531133,1,1.3288705,1.1024295
2023-03-22,0.7824562224272407,3,1.31292,1.0099928
2023-03-24,0.1615764086708806,5,1.3120608,1.0046358
2023-03-31,0.48962472114031064,10,1.1942186,1.0761573
2023-04-17,0.08734039573586909,21,1.1236433,1.3000436
2023-03-21,0.9078013041829955,1,1.3233633,1.2471056
2023-03-23,0.43727654494612017,3,1.3126475,1.2096753
2023-03-27,0.5202389963513292,5,1.3130566,1.1936245
2023-04-03,1.3657438300449658,10,1.2047734,1.3105174
2023-04-18,0.1147555879597569,21,1.0919292,1.409998
2023-03-22,0.7824562224272407,1,1.31292,1.212614
2023-03-24,0.1615764086708806,3,1.3120608,1.0915784
2023-03-28,0.1936825920913069,5,1.227355,1.013773
2023-04-04,-0.07693270621785243,10,1.1152112,1.07389
2023-04-19,-0.574146063883771,21,1.0865123,1.3570688
2023-03-23,0.43727654494612017,1,1.3126475,1.0339601
2023-03-27,0.5202389963513292,3,1.3130566,0.9984697
2023-03-29,0.19330818766589167,5,1.2036159,1.0781602
2023-04-05,0.22321954704894986,10,1.1151816,1.1303825
2023-04-20,0.025735977608758988,21,1.079211,1.1996807
2023-03-24,0.1615764086708806,1,1.3120608,1.1275802
2023-03-28,0.1936825920913069,3,1.227355,1.0702788
2023-03-30,0.29398301704571866,5,1.1965889,1.059223
2023-04-06,-0.9248266235591083,10,1.11659,1.1109831
2023-04-21,-0.6060740485461903,21,1.0746386,1.2615051
2023-03-27,0.5202389963513292,1,1.3130566,1.0285269
2023-03-29,0.19330818766589167,3,1.2036159,0.98892003
2023-03-31,0.48962472114031064,5,1.1942186,1.0668588
2023-04-07,-0.11211706194489474,10,1.1152525,1.0896964
2023-04-24,-0.1487331570033521,21,1.063154,1.2204237
2023-03-28,0.1936825920913069,1,1.227355,1.0030851
2023-03-30,0.29398301704571866,3,1.1965889,0.93467236
2023-04-03,1.3657438300449658,5,1.2047734,1.0724043
2023-04-10,-0.4084200032457309,10,1.1162294,1.1055584
2023-04-25,-0.6271062497977504,21,1.0590632,1.2410026
2023-03-29,0.19330818766589167,1,1.2036159,0.97962433
2023-03-31,0.48962472114031064,3,1.1942186,0.93728644
2023-04-04,-0.07693270621785243,5,1.1152112,0.9179883
2023-04-11,0.3850464517151671,10,1.1171525,0.9559895
2023-04-26,0.5733159538068141,21,0.9811412,1.0948246
2023-03-30,0.29398301704571866,1,1.1965889,0.95603245
2023-04-03,1.3657438300449658,3,1.2047734,0.92628545
2023-04-05,0.22321954704894986,5,1.1151816,0.91797453
2023-04-12,-0.0009350557059487238,10,1.1168376,0.99301
2023-04-27,-0.11247675945330968,21,0.98079336,1.1504661
2023-03-31,0.48962472114031064,1,1.1942186,0.91005343
2023-04-04,-0.07693270621785243,3,1.1152112,0.8789841
2023-04-06,-0.9248266235591083,5,1.11659,0.83313143
2023-04-13,-0.4827191564468868,10,1.1187167,0.9126506
2023-04-28,0.908683691154691,21,0.9887323,1.0363525
2023-04-03,1.3657438300449658,1,1.2047734,0.89936537
2023-04-05,0.22321954704894986,3,1.1151816,0.88796794
2023-04-07,-0.11211706194489474,5,1.1152525,0.87641954
2023-04-14,-1.077854180750469,10,1.126534,0.9275134
2023-05-04,-0.8144637864803739,21,0.9816337,0.96995175
2023-04-04,-0.07693270621785243,1,1.1152112,0.99138737
2023-04-06,-0.9248266235591083,3,1.11659,0.91366255
2023-04-10,-0.4084200032457309,5,1.1162294,0.817309
2023-04-17,0.08734039573586909,10,1.1236433,0.8882726
2023-05-05,-0.028833400811020045,21,0.9421188,1.0714791
2023-04-05,0.22321954704894986,1,1.1151816,0.94399947
2023-04-07,-0.11211706194489474,3,1.1152525,0.91832936
2023-04-11,0.3850464517151671,5,1.1171525,0.88423014
2023-04-18,0.1147555879597569,10,1.0919292,0.9474984
2023-05-08,1.254225396620032,21,0.9534106,1.0602353
2023-04-06,-0.9248266235591083,1,1.11659,1.0155385
2023-04-10,-0.4084200032457309,3,1.1162294,0.93228483
2023-04-12,-0.0009350557059487238,5,1.1168376,0.86357653
2023-04-19,-0.574146063883771,10,1.0865123,0.9317749
2023-05-09,0.03132103612812172,21,0.94850427,1.094054
2023-04-07,-0.11211706194489474,1,1.1152525,0.91827786
2023-04-11,0.3850464517151671,3,1.1171525,0.8906592
2023-04-13,-0.4827191564468868,5,1.1187167,0.92042637
2023-04-20,0.025735977608758988,10,1.079211,0.94302595
2023-05-10,0.4251839949467112,21,0.94417346,1.0122061
2023-04-10,-0.4084200032457309,1,1.1162294,1.0292208
2023-04-12,-0.0009350557059487238,3,1.1168376,0.9107784
2023-04-14,-1.077854180750469,5,1.126534,0.81598103
2023-04-21,-0.6060740485461903,10,1.0746386,0.88096225
2023-05-11,-0.10778206377684972,21,0.9330139,1.0937065
2023-04-11,0.3850464517151671,1,1.1171525,0.9858977
2023-04-13,-0.4827191564468868,3,1.1187167,0.9294437
2023-04-17,0.08734039573586909,5,1.1236433,0.8861302
2023-04-24,-0.1487331570033521,10,1.063154,0.9402811
2023-05-12,0.9209017915840176,21,0.9377158,1.1062739
2023-04-12,-0.0009350557059487238,1,1.1168376,0.9339417
2023-04-14,-1.077854180750469,3,1.126534,0.8961113
2023-04-18,0.1147555879597569,5,1.0919292,0.8451628
2023-04-25,-0.6271062497977504,10,1.0590632,0.91189635
2023-05-15,-0.11160035107295782,21,0.93088895,1.022591
2023-04-13,-0.4827191564468868,1,1.1187167,0.9565643
2023-04-17,0.08734039573586909,3,1.1236433,0.9512441
2023-04-19,-0.574146063883771,5,1.0865123,1.0261352
2023-04-26,0.5733159538068141,10,0.9811412,1.0879062
2023-05-16,0.018765070752479775,21,0.92284065,1.1341889
2023-04-14,-1.077854180750469,1,1.126534,0.99621606
2023-04-18,0.1147555879597569,3,1.0919292,0.9397911
2023-04-20,0.025735977608758988,5,1.079211,0.9130908
2023-04-27,-0.11247675945330968,10,0.98079336,0.99156654
2023-05-17,-0.5144978076297402,21,0.9252601,1.1387812
2023-04-17,0.08734039573586909,1,1.1236433,1.019052
2023-04-19,-0.574146063883771,3,1.0865123,0.97401464
2023-04-21,-0.6060740485461903,5,1.0746386,0.9425156
2023-04-28,0.908683691154691,10,0.9887323,0.97688925
2023-05-18,0.7394044256596948,21,0.868436,1.1728202
2023-04-18,0.1147555879597569,1,1.0919292,1.0759554
2023-04-20,0.025735977608758988,3,1.079211,1.0001502
2023-04-24,-0.1487331570033521,5,1.063154,0.956056
2023-05-04,-0.8144637864803739,10,0.9816337,1.0398135
2023-05-19,-0.11613859260438622,21,0.8670656,1.2432953
2023-04-19,-0.574146063883771,1,1.0865123,1.0245699
2023-04-21,-0.6060740485461903,3,1.0746386,0.9798504
2023-04-25,-0.6271062497977504,5,1.0590632,0.99785435
2023-05-05,-0.028833400811020045,10,0.9421188,1.046726
2023-05-22,0.33400258396527177,21,0.7984641,1.1930228
2023-04-20,0.025735977608758988,1,1.079211,1.0565323
2023-04-24,-0.1487331570033521,3,1.063154,0.99664307
2023-04-26,0.5733159538068141,5,0.9811412,0.99688625
2023-05-08,1.254225396620032,10,0.9534106,1.0451016
2023-05-23,-0.4483997608915694,21,0.8007435,1.1749805
2023-04-21,-0.6060740485461903,1,1.0746386,0.9767059
2023-04-25,-0.6271062497977504,3,1.0590632,0.9230899
2023-04-27,-0.11247675945330968,5,0.98079336,0.9184794
2023-05-09,0.03132103612812172,10,0.94850427,0.95673764
2023-05-24,-0.381643974346753,21,0.78230745,1.1418458
2023-04-24,-0.1487331570033521,1,1.063154,1.102869
2023-04-26,0.5733159538068141,3,0.9811412,1.0218228
2023-04-28,0.908683691154691,5,0.9887323,1.0198202
2023-05-10,0.4251839949467112,10,0.94417346,1.0834802
2023-05-25,0.26711578038549044,21,0.74569994,1.2045945
2023-04-25,-0.6271062497977504,1,1.0590632,1.1732244
2023-04-27,-0.11247675945330968,3,0.98079336,1.0402725
2023-05-04,-0.8144637864803739,5,0.9816337,0.9476921
2023-05-11,-0.10778206377684972,10,0.9330139,1.0517282
2023-05-26,-0.0817519391140361,21,0.74512225,1.3661721
2023-04-26,0.5733159538068141,1,0.9811412,1.1095573
2023-04-28,0.908683691154691,3,0.9887323,1.0698948
2023-05-05,-0.028833400811020045,5,0.9421188,1.0511695
2023-05-12,0.9209017915840176,10,0.9377158,1.072263
2023-05-29,1.0492255189081412,21,0.7312968,1.2901917
2023-04-27,-0.11247675945330968,1,0.98079336,1.078232
2023-05-04,-0.8144637864803739,3,0.9816337,0.94661397
2023-05-08,1.254225396620032,5,0.9534106,0.9130566
2023-05-15,-0.11160035107295782,10,0.93088895,1.026772
2023-05-30,0.2851796845029464,21,0.7305344,1.2401471
2023-04-28,0.908683691154691,1,0.9887323,1.0311054
2023-05-05,-0.028833400811020045,3,0.9421188,0.9638295
2023-05-09,0.03132103612812172,5,0.94850427,0.96983147
2023-05-16,0.018765070752479775,10,0.92284065,1.0244191
2023-05-31,-0.2675064988652462,21,0.71150005,1.1973429
2023-05-04,-0.8144637864803739,1,0.9816337,1.0115938
2023-05-08,1.254225396620032,3,0.9534106,0.95145327
2023-05-10,0.4251839949467112,5,0.94417346,0.9381119
2023-05-17,-0.5144978076297402,10,0.9252601,1.007892
2023-06-01,0.2990399524106781,21,0.7117848,1.1515722
2023-05-05,-0.028833400811020045,1,0.9421188,1.0367213
2023-05-09,0.03132103612812172,3,0.94850427,0.97268707
2023-05-11,-0.10778206377684972,5,0.9330139,0.9527811
2023-05-18,0.7394044256596948,10,0.868436,1.0302442
2023-06-02,1.147885351477768,21,0.7145506,1.2096441
2023-05-08,1.254225396620032,1,0.9534106,0.89862925
2023-05-10,0.4251839949467112,3,0.94417346,0.88880944
2023-05-12,0.9209017915840176,5,0.9377158,0.91937876
2023-05-19,-0.11613859260438622,10,0.8670656,0.97731876
2023-06-05,0.6378353571736437,21,0.7061641,1.002161
2023-05-09,0.03132103612812172,1,0.94850427,0.9098261
2023-05-11,-0.10778206377684972,3,0.9330139,0.89641654
2023-05-15,-0.11160035107295782,5,0.93088895,0.8789625
2023-05-22,0.33400258396527177,10,0.7984641,0.96088254
2023-06-06,0.9509937364126494,21,0.71145606,1.0345107
2023-05-10,0.4251839949467112,1,0.94417346,1.00156
2023-05-12,0.9209017915840176,3,0.9377158,0.9553176
2023-05-16,0.018765070752479775,5,0.92284065,0.9285133
2023-05-23,-0.4483997608915694,10,0.8007435,1.005762
2023-06-07,0.11091824299248382,21,0.7098876,1.1386895
2023-05-11,-0.10778206377684972,1,0.9330139,0.96965677
2023-05-15,-0.11160035107295782,3,0.93088895,0.94451976
2023-05-17,-0.5144978076297402,5,0.9252601,0.8627045
2023-05-24,-0.381643974346753,10,0.78230745,0.91007555
2023-06-08,-0.7436054636636822,21,0.7178434,1.0789685
2023-05-12,0.9209017915840176,1,0.9377158,1.0215952
2023-05-16,0.018765070752479775,3,0.92284065,0.9530102
2023-05-18,0.7394044256596948,5,0.868436,0.95340586
2023-05-25,0.26711578038549044,10,0.74569994,1.0175548
2023-06-09,0.5622850226589979,21,0.7002929,1.1036465
2023-05-15,-0.11160035107295782,1,0.93088895,1.0104557
2023-05-17,-0.5144978076297402,3,0.9252601,0.9570026
2023-05-19,-0.11613859260438622,5,0.8670656,0.92999417
2023-05-26,-0.0817519391140361,10,0.74512225,1.0116806
2023-06-12,0.7636474339093985,21,0.6556466,1.1160316
2023-05-16,0.018765070752479775,1,0.92284065,0.9901211
2023-05-18,0.7394044256596948,3,0.868436,0.91456115
2023-05-22,0.33400258396527177,5,0.7984641,0.8374828
2023-05-29,1.0492255189081412,10,0.7312968,0.91704136
2023-06-13,0.5753920309973832,21,0.62891287,1.0871425
2023-05-17,-0.5144978076297402,1,0.9252601,1.0022372
2023-05-19,-0.11613859260438622,3,0.8670656,0.9406548
2023-05-23,-0.4483997608915694,5,0.8007435,0.9111305
2023-05-30,0.2851796845029464,10,0.7305344,0.9877614
2023-06-14,-0.4500248679337444,21,0.6317221,1.1438637
2023-05-18,0.7394044256596948,1,0.868436,1.1145557
2023-05-22,0.33400258396527177,3,0.7984641,1.0134482
2023-05-24,-0.381643974346753,5,0.78230745,0.9693463
2023-05-31,-0.2675064988652462,10,0.71150005,1.0406528
2023-06-15,-0.04027945041682255,21,0.5594371,1.2163495
2023-05-19,-0.11613859260438622,1,0.8670656,1.1791294
2023-05-23,-0.4483997608915694,3,0.8007435,1.0596842
2023-05-25,0.26711578038549044,5,0.74569994,1.0515968
2023-06-01,0.2990399524106781,10,0.7117848,1.1088748
2023-06-16,-0.15679672057793825,21,0.551705,1.3491088
2023-05-22,0.33400258396527177,1,0.7984641,1.1094993
2023-05-24,-0.381643974346753,3,0.78230745,1.0393558
2023-05-26,-0.0817519391140361,5,0.74512225,1.0191379
2023-06-02,1.147885351477768,10,0.7145506,1.0753801
2023-06-19,-0.8844434449153991,21,0.56012434,1.2513455
2023-05-23,-0.4483997608915694,1,0.8007435,1.114285
2023-05-25,0.26711578038549044,3,0.74569994,1.0020657
2023-05-29,1.0492255189081412,5,0.7312968,0.95769817
2023-06-05,0.6378353571736437,10,0.7061641,1.052955
2023-06-20,0.5701105143633782,21,0.56173706,1.2556926
2023-05-24,-0.381643974346753,1,0.78230745,1.1098374
2023-05-26,-0.0817519391140361,3,0.74512225,1.003766
2023-05-30,0.2851796845029464,5,0.7305344,0.9317482
2023-06-06,0.9509937364126494,10,0.71145606,1.0299643
2023-06-21,0.6044373566412923,21,0.56541735,1.3178148
2023-05-25,0.26711578038549044,1,0.74569994,1.1882726
2023-05-29,1.0492255189081412,3,0.7312968,1.0308968
2023-05-31,-0.2675064988652462,5,0.71150005,1.0008795
2023-06-07,0.11091824299248382,10,0.7098876,1.0771985
2023-06-22,0.6096927646741997,21,0.566633,1.3848351
2023-05-26,-0.0817519391140361,1,0.74512225,0.96864134
2023-05-30,0.2851796845029464,3,0.7305344,0.91112024
2023-06-01,0.2990399524106781,5,0.7117848,0.8634527
2023-06-08,-0.7436054636636822,10,0.7178434,0.92880523
2023-06-23,0.3619142808190399,21,0.56746036,1.1266786
2023-05-29,1.0492255189081412,1,0.7312968,0.9629882
2023-05-31,-0.2675064988652462,3,0.71150005,0.9184057
2023-06-02,1.147885351477768,5,0.7145506,0.9037446
2023-06-09,0.5622850226589979,10,0.7002929,0.9748936
2023-06-26,0.23436716146054432,21,0.56758153,1.0577672
2023-05-30,0.2851796845029464,1,0.7305344,0.9032187
2023-06-01,0.2990399524106781,3,0.7117848,0.89012945
2023-06-05,0.6378353571736437,5,0.7061641,0.83215094
2023-06-12,0.7636474339093985,10,0.6556466,0.9041456
2023-06-27,0.20296870661285654,21,0.5672175,1.04204
2023-05-31,-0.2675064988652462,1,0.71150005,0.95812166
2023-06-02,1.147885351477768,3,0.7145506,0.92678505
2023-06-06,0.9509937364126494,5,0.71145606,0.9295937
2023-06-13,0.5753920309973832,10,0.62891287,1.0049354
2023-06-28,0.35376772731557277,21,0.5659618,1.067216
2023-06-01,0.2990399524106781,1,0.7117848,0.9096339
2023-06-05,0.6378353571736437,3,0.7061641,0.8650805
2023-06-07,0.11091824299248382,5,0.7098876,0.7894093
2023-06-14,-0.4500248679337444,10,0.6317221,0.8626412
2023-06-29,-1.145020328784948,21,0.5644776,1.0165725
2023-06-02,1.147885351477768,1,0.7145506,0.92842495
2023-06-06,0.9509937364126494,3,0.71145606,0.8926068
2023-06-08,-0.7436054636636822,5,0.7178434,0.89078367
2023-06-15,-0.04027945041682255,10,0.5594371,0.96238226
2023-06-30,-0.4640255568484707,21,0.5683808,1.0294182
2023-06-05,0.6378353571736437,1,0.7061641,0.89701575
2023-06-07,0.11091824299248382,3,0.7098876,0.85056686
2023-06-09,0.5622850226589979,5,0.7002929,0.83958685
2023-06-16,-0.15679672057793825,10,0.551705,0.8964338
2023-07-03,0.47379946850896243,21,0.5704926,1.0224005
2023-06-06,0.9509937364126494,1,0.71145606,0.94707835
2023-06-08,-0.7436054636636822,3,0.7178434,0.90179443
2023-06-12,0.7636474339093985,5,0.6556466,0.8665466
2023-06-19,-0.8844434449153991,10,0.56012434,0.9391314
2023-07-04,0.5758598416341376,21,0.5590334,1.0584203
2023-06-07,0.11091824299248382,1,0.7098876,0.89052004
2023-06-09,0.5622850226589979,3,0.7002929,0.8786783
2023-06-13,0.5753920309973832,5,0.62891287,0.83927727
2023-06-20,0.5701105143633782,10,0.56173706,0.88592166
2023-07-05,0.23118133316375214,21,0.55866075,0.96154547
2023-06-08,-0.7436054636636822,1,0.7178434,0.85112303
2023-06-12,0.7636474339093985,3,0.6556466,0.86427355
2023-06-14,-0.4500248679337444,5,0.6317221,0.8879367
2023-06-21,0.6044373566412923,10,0.56541735,0.9603096
2023-07-06,-0.7430900596913448,21,0.5654342,0.95074886
2023-06-09,0.5622850226589979,1,0.7002929,0.9716536
2023-06-13,0.5753920309973832,3,0.62891287,0.9238223
2023-06-15,-0.04027945041682255,5,0.5594371,0.90161943
2023-06-22,0.6096927646741997,10,0.566633,0.9755525
2023-07-07,1.0466952720223817,21,0.57755625,1.071012
2023-06-12,0.7636474339093985,1,0.6556466,0.8634271
2023-06-14,-0.4500248679337444,3,0.6317221,0.8477806
2023-06-16,-0.15679672057793825,5,0.551705,0.7774447
2023-06-23,0.3619142808190399,10,0.56746036,0.859204
2023-07-10,0.9575559919572131,21,0.5877801,0.982163
2023-06-13,0.5753920309973832,1,0.62891287,1.0107639
2023-06-15,-0.04027945041682255,3,0.5594371,1.0004717
2023-06-19,-0.8844434449153991,5,0.56012434,0.99910885
2023-06-26,0.23436716146054432,10,0.56758153,1.0214207
2023-07-11,0.23904844071415324,21,0.58260703,1.1166575
2023-06-14,-0.4500248679337444,1,0.6317221,0.88624054
2023-06-16,-0.15679672057793825,3,0.551705,0.88104296
2023-06-20,0.5701105143633782,5,0.56173706,0.8456372
2023-06-27,0.20296870661285654,10,0.5672175,0.9055349
2023-07-12,0.21075737320762866,21,0.56060106,0.988963
2023-06-15,-0.04027945041682255,1,0.5594371,0.9723033
2023-06-19,-0.8844434449153991,3,0.56012434,0.96356606
2023-06-21,0.6044373566412923,5,0.56541735,0.93751407
2023-06-28,0.35376772731557277,10,0.5659618,0.9662274
2023-07-13,0.9674073774468415,21,0.5702806,1.0626794
2023-06-16,-0.15679672057793825,1,0.551705,1.3265927
2023-06-20,0.5701105143633782,3,0.56173706,1.5378137
2023-06-22,0.6096927646741997,5,0.566633,1.3264865
2023-06-29,-1.145020328784948,10,0.5644776,1.1979645
2023-07-14,0.2553754462251395,21,0.57034796,1.194338
2023-06-19,-0.8844434449153991,1,0.56012434,1.1892216
2023-06-21,0.6044373566412923,3,0.56541735,1.2377253
2023-06-23,0.3619142808190399,5,0.56746036,1.2358838
2023-06-30,-0.4640255568484707,10,0.5683808,1.1831651
2023-07-17,0.40400989385094055,21,0.5626409,1.1810954
2023-06-20,0.5701105143633782,1,0.56173706,1.1696366
2023-06-22,0.6096927646741997,3,0.566633,1.2013094
2023-06-26,0.23436716146054432,5,0.56758153,1.0917505
2023-07-03,0.47379946850896243,10,0.5704926,1.1438153
2023-07-18,0.0817988985717793,21,0.562416,1.353565
2023-06-21,0.6044373566412923,1,0.56541735,1.3239993
2023-06-23,0.3619142808190399,3,0.56746036,1.3195345
2023-06-27,0.20296870661285654,5,0.5672175,1.1822418
2023-07-04,0.5758598416341376,10,0.5590334,1.1388147
2023-07-19,-0.09458602280759683,21,0.5539992,1.343502
2023-06-22,0.6096927646741997,1,0.566633,1.2592471
2023-06-26,0.23436716146054432,3,0.56758153,1.354031
2023-06-28,0.35376772731557277,5,0.5659618,1.2676443
2023-07-05,0.23118133316375214,10,0.55866075,1.237546
2023-07-20,-0.014494051070020527,21,0.5528537,1.2222996
2023-06-23,0.3619142808190399,1,0.56746036,1.3713636
2023-06-27,0.20296870661285654,3,0.5672175,1.4354709
2023-06-29,-1.145020328784948,5,0.5644776,1.2809715
2023-07-06,-0.7430900596913448,10,0.5654342,1.2988254
2023-07-21,1.1099401271712503,21,0.55438614,1.3999426
2023-06-26,0.23436716146054432,1,0.56758153,1.3444246
2023-06-28,0.35376772731557277,3,0.5659618,1.3348967
2023-06-30,-0.4640255568484707,5,0.5683808,1.3990359
2023-07-07,1.0466952720223817,10,0.57755625,1.3296492
2023-07-24,0.4056186187508077,21,0.55303204,1.3509716
2023-06-27,0.20296870661285654,1,0.5672175,1.3452523
2023-06-29,-1.145020328784948,3,0.5644776,1.2447863
2023-07-03,0.47379946850896243,5,0.5704926,1.3034117
2023-07-10,0.9575559919572131,10,0.5877801,1.300789
2023-07-25,0.4340873816504113,21,0.5518913,1.5282631
2023-06-28,0.35376772731557277,1,0.5659618,1.1800123
2023-06-30,-0.4640255568484707,3,0.5683808,1.1158409
2023-07-04,0.5758598416341376,5,0.5590334,1.3006599
2023-07-11,0.23904844071415324,10,0.58260703,1.2978218
2023-07-26,0.4122271915603006,21,0.5452773,1.3951682
2023-06-29,-1.145020328784948,1,0.5644776,1.1768677
2023-07-03,0.47379946850896243,3,0.5704926,1.1324961
2023-07-05,0.23118133316375214,5,0.55866075,1.2291769
2023-07-12,0.21075737320762866,10,0.56060106,1.2431151
2023-07-27,-0.2927234104624951,21,0.5324266,1.5009453
2023-06-30,-0.4640255568484707,1,0.5683808,1.4815742
2023-07-04,0.5758598416341376,3,0.5590334,1.4518827
2023-07-06,-0.7430900596913448,5,0.5654342,1.6000693
2023-07-13,0.9674073774468415,10,0.5702806,1.6067928
2023-07-28,0.8598805580945887,21,0.5373353,1.6619121
2023-07-03,0.47379946850896243,1,0.5704926,1.5200505
2023-07-05,0.23118133316375214,3,0.55866075,1.5682579
2023-07-07,1.0466952720223817,5,0.57755625,1.6684119
2023-07-14,0.2553754462251395,10,0.57034796,1.5011816
2023-07-31,1.253220382863834,21,0.5373034,1.6279638
2023-07-04,0.5758598416341376,1,0.5590334,1.6505246
2023-07-06,-0.7430900596913448,3,0.5654342,1.6938052
2023-07-10,0.9575559919572131,5,0.5877801,1.8622601
2023-07-17,0.40400989385094055,10,0.5626409,1.7708029
2023-08-01,-0.4376231138695099,21,0.54388803,1.6545877
2023-07-05,0.23118133316375214,1,0.55866075,1.5827556
2023-07-07,1.0466952720223817,3,0.57755625,1.5080036
2023-07-11,0.23904844071415324,5,0.58260703,1.509581
2023-07-18,0.0817988985717793,10,0.562416,1.5034678
2023-08-02,0.2354399587978682,21,0.543349,1.5292116
2023-07-06,-0.7430900596913448,1,0.5654342,1.4133394
2023-07-10,0.9575559919572131,3,0.5877801,1.4714944
2023-07-12,0.21075737320762866,5,0.56060106,1.6102041
2023-07-19,-0.09458602280759683,10,0.5539992,1.5396451
2023-08-03,-0.7798080135473551,21,0.55733633,1.4930891
2023-07-07,1.0466952720223817,1,0.57755625,1.446039
2023-07-11,0.23904844071415324,3,0.58260703,1.6573107
2023-07-13,0.9674073774468415,5,0.5702806,1.57543
2023-07-20,-0.014494051070020527,10,0.5528537,1.6478069
2023-08-04,1.233534864025739,21,0.56534296,1.4638699
2023-07-10,0.9575559919572131,1,0.5877801,1.7818828
2023-07-12,0.21075737320762866,3,0.56060106,1.6252126
2023-07-14,0.2553754462251395,5,0.57034796,1.6399173
2023-07-21,1.1099401271712503,10,0.55438614,1.7938658
2023-08-07,1.2515361542979622,21,0.578551,1.7627815
2023-07-11,0.23904844071415324,1,0.58260703,1.6672897
2023-07-13,0.9674073774468415,3,0.5702806,1.70272
2023-07-17,0.40400989385094055,5,0.5626409,1.925008
2023-07-24,0.4056186187508077,10,0.55303204,1.821991
2023-08-08,0.06522658415781957,21,0.5782614,1.7677681
2023-07-12,0.21075737320762866,1,0.56060106,1.6889331
2023-07-14,0.2553754462251395,3,0.57034796,1.6093298
2023-07-18,0.0817988985717793,5,0.562416,1.8226511
2023-07-25,0.4340873816504113,10,0.5518913,1.762864
2023-08-09,-0.6655329829166482,21,0.5819852,1.8381357
2023-07-13,0.9674073774468415,1,0.5702806,1.3900676
2023-07-17,0.40400989385094055,3,0.5626409,1.4892302
2023-07-19,-0.09458602280759683,5,0.5539992,1.4984697
2023-07-26,0.4122271915603006,10,0.5452773,1.2870176
2023-08-10,-1.090208793582977,21,0.60357857,1.3244526
2023-07-14,0.2553754462251395,1,0.57034796,1.5397986
2023-07-18,0.0817988985717793,3,0.562416,1.5731311
2023-07-20,-0.014494051070020527,5,0.5528537,1.4247458
2023-07-27,-0.2927234104624951,10,0.5324266,1.5866026
2023-08-11,0.9458571344241149,21,0.6090378,1.4896314
2023-07-17,0.40400989385094055,1,0.5626409,1.380117
2023-07-19,-0.09458602280759683,3,0.5539992,1.31461
2023-07-21,1.1099401271712503,5,0.55438614,1.4537033
2023-07-28,0.8598805580945887,10,0.5373353,1.622987
2023-08-14,0.37504347235074303,21,0.6091684,1.5663347
2023-07-18,0.0817988985717793,1,0.562416,1.2212603
2023-07-20,-0.014494051070020527,3,0.5528537,1.1624498
2023-07-24,0.4056186187508077,5,0.55303204,1.209734
2023-07-31,1.253220382863834,10,0.5373034,1.2950978
2023-08-15,-0.225829655365264,21,0.6055693,1.5172348
2023-07-19,-0.09458602280759683,1,0.5539992,1.1965467
2023-07-21,1.1099401271712503,3,0.55438614,1.2577513
2023-07-25,0.4340873816504113,5,0.5518913,1.3763202
2023-08-01,-0.4376231138695099,10,0.54388803,1.2167839
2023-08-16,0.743551871399729,21,0.6032774,1.4528604
2023-07-20,-0.014494051070020527,1,0.5528537,1.2607702
2023-07-24,0.4056186187508077,3,0.55303204,1.1521826
2023-07-26,0.4122271915603006,5,0.5452773,1.1886622
2023-08-02,0.2354399587978682,10,0.543349,1.1518427
2023-08-17,-0.7897519184215276,21,0.618394,1.4134824
2023-07-21,1.1099401271712503,1,0.55438614,1.3698951
2023-07-25,0.4340873816504113,3,0.5518913,1.3606544
2023-07-27,-0.2927234104624951,5,0.5324266,1.204074
2023-08-03,-0.7798080135473551,10,0.55733633,1.2448201
2023-08-18,-4.602984660167668,21,0.8793386,1.4097886
2023-07-24,0.4056186187508077,1,0.55303204,1.2189924
2023-07-26,0.4122271915603006,3,0.5452773,1.1995429
2023-07-28,0.8598805580945887,5,0.5373353,1.2305558
2023-08-04,1.233534864025739,10,0.56534296,1.2699789
2023-08-21,0.1501431731531257,21,0.87172955,1.3536483
2023-07-25,0.4340873816504113,1,0.5518913,1.365657
2023-07-27,-0.2927234104624951,3,0.5324266,1.142571
2023-07-31,1.253220382863834,5,0.5373034,1.44483
2023-08-07,1.2515361542979622,10,0.578551,1.3437626
2023-08-22,0.061857856013326266,21,0.87164116,1.6498208
2023-07-26,0.4122271915603006,1,0.5452773,1.3065608
2023-07-28,0.8598805580945887,3,0.5373353,1.287951
2023-08-01,-0.4376231138695099,5,0.54388803,1.356286
2023-08-08,0.06522658415781957,10,0.5782614,1.3968906
2023-08-23,-0.6740213783773467,21,0.8765179,1.4997838
2023-07-27,-0.2927234104624951,1,0.5324266,1.2213794
2023-07-31,1.253220382863834,3,0.5373034,1.2033311
2023-08-02,0.2354399587978682,5,0.543349,1.2704679
2023-08-09,-0.6655329829166482,10,0.5819852,1.1514401
2023-08-24,1.425117791763329,21,0.89180505,1.4103395
2023-07-28,0.8598805580945887,1,0.5373353,1.1397406
2023-08-01,-0.4376231138695099,3,0.54388803,1.1469598
2023-08-03,-0.7798080135473551,5,0.55733633,1.2912854
2023-08-10,-1.090208793582977,10,0.60357857,1.2263759
2023-08-25,-0.5074270399887418,21,0.8864174,1.415159
2023-07-31,1.253220382863834,1,0.5373034,1.2496829
2023-08-02,0.2354399587978682,3,0.543349,1.1895812
2023-08-04,1.233534864025739,5,0.56534296,1.262051
2023-08-11,0.9458571344241149,10,0.6090378,1.2237875
2023-08-28,1.538756363092557,21,0.9025512,1.4170843
2023-08-01,-0.4376231138695099,1,0.54388803,1.1376349
2023-08-03,-0.7798080135473551,3,0.55733633,1.0930519
2023-08-07,1.2515361542979622,5,0.578551,1.3369119
2023-08-14,0.37504347235074303,10,0.6091684,1.4481244
2023-08-29,0.22525620978629768,21,0.896487,1.5448647
2023-08-02,0.2354399587978682,1,0.543349,1.1573371
2023-08-04,1.233534864025739,3,0.56534296,1.3573929
2023-08-08,0.06522658415781957,5,0.5782614,1.3923383
2023-08-15,-0.225829655365264,10,0.6055693,1.2988892
2023-08-30,0.7222099649186399,21,0.8996349,1.4319401
2023-08-03,-0.7798080135473551,1,0.55733633,1.2828835
2023-08-07,1.2515361542979622,3,0.578551,1.3541617
2023-08-09,-0.6655329829166482,5,0.5819852,1.3994465
2023-08-16,0.743551871399729,10,0.6032774,1.3242711
2023-08-31,0.8936507296382815,21,0.8969341,1.4115828
2023-08-04,1.233534864025739,1,0.56534296,1.7141309
2023-08-08,0.06522658415781957,3,0.5782614,1.9887179
2023-08-10,-1.090208793582977,5,0.60357857,1.8209193
2023-08-17,-0.7897519184215276,10,0.618394,1.6807808
2023-09-05,0.888974268781542,21,0.9003034,1.4459012
2023-08-07,1.2515361542979622,1,0.578551,1.9067731
2023-08-09,-0.6655329829166482,3,0.5819852,2.0534878
2023-08-11,0.9458571344241149,5,0.6090378,1.6697345
2023-08-18,-4.602984660167668,10,0.8793386,1.7360581
2023-09-06,0.8482280103271039,21,0.901296,1.6285429
2023-08-08,0.06522658415781957,1,0.5782614,1.9150101
2023-08-10,-1.090208793582977,3,0.60357857,1.9174359
2023-08-14,0.37504347235074303,5,0.6091684,2.0392604
2023-08-21,0.1501431731531257,10,0.87172955,2.163807
2023-09-07,-0.18966188017888153,21,0.90106153,1.6859751
2023-08-09,-0.6655329829166482,1,0.5819852,1.9553668
2023-08-11,0.9458571344241149,3,0.6090378,1.9416375
2023-08-15,-0.225829655365264,5,0.6055693,1.8925431
2023-08-22,0.061857856013326266,10,0.87164116,1.9636897
2023-09-08,-0.13362206268904248,21,0.8982918,1.9179305
2023-08-10,-1.090208793582977,1,0.60357857,2.2271152
2023-08-14,0.37504347235074303,3,0.6091684,2.41397
2023-08-16,0.743551871399729,5,0.6032774,2.0632954
2023-08-23,-0.6740213783773467,10,0.8765179,2.1034377
2023-09-11,-1.4482365481084232,21,0.92209786,1.5572181
2023-08-11,0.9458571344241149,1,0.6090378,2.4069204
2023-08-15,-0.225829655365264,3,0.6055693,2.4637728
2023-08-17,-0.7897519184215276,5,0.618394,2.0864906
2023-08-24,1.425117791763329,10,0.89180505,2.1934412
2023-09-12,1.7667030325059268,21,0.94434834,1.9083388
2023-08-14,0.37504347235074303,1,0.6091684,2.4163077
2023-08-16,0.743551871399729,3,0.6032774,2.4301386
2023-08-18,-4.602984660167668,5,0.8793386,2.072715
2023-08-25,-0.5074270399887418,10,0.8864174,2.3458633
2023-09-13,-0.5676732250071096,21,0.9391446,1.7654121
2023-08-15,-0.225829655365264,1,0.6055693,2.044801
2023-08-17,-0.7897519184215276,3,0.618394,2.2063563
2023-08-21,0.1501431731531257,5,0.87172955,2.1943183
2023-08-28,1.538756363092557,10,0.9025512,2.1572134
2023-09-14,-1.1843205602589004,21,0.9542787,1.7114091
2023-08-16,0.743551871399729,1,0.6032774,2.2700634
2023-08-18,-4.602984660167668,3,0.8793386,2.393779
2023-08-22,0.061857856013326266,5,0.87164116,2.1592999
2023-08-29,0.22525620978629768,10,0.896487,2.186133
2023-09-15,0.28965779461152175,21,0.9526584,1.7842932
2023-08-17,-0.7897519184215276,1,0.618394,2.1549773
2023-08-21,0.1501431731531257,3,0.87172955,2.0293393
2023-08-23,-0.6740213783773467,5,0.8765179,1.8411022
2023-08-30,0.7222099649186399,10,0.8996349,2.0509553
2023-09-18,-1.2750411547317095,21,0.96835035,1.6228125
2023-08-18,-4.602984660167668,1,0.8793386,2.1632576
2023-08-22,0.061857856013326266,3,0.87164116,2.243295
2023-08-24,1.425117791763329,5,0.89180505,1.9589087
2023-08-31,0.8936507296382815,10,0.8969341,2.2157428
2023-09-19,-0.025584840708865336,21,0.9680251,1.7086248
2023-08-21,0.1501431731531257,1,0.87172955,0.90479904
2023-08-23,-0.6740213783773467,3,0.8765179,0.85183144
2023-08-25,-0.5074270399887418,5,0.8864174,0.7754859
2023-09-05,0.888974268781542,10,0.9003034,0.84169203
2023-09-20,1.1987294890104705,21,0.9779621,0.9949832
2023-08-22,0.061857856013326266,1,0.87164116,0.8439188
2023-08-24,1.425117791763329,3,0.89180505,0.842754
2023-08-28,1.538756363092557,5,0.9025512,0.7755797
2023-09-06,0.8482280103271039,10,0.901296,0.827023
2023-09-21,-1.09642937778869,21,0.99069214,0.90224254
2023-08-23,-0.6740213783773467,1,0.8765179,0.82705086
2023-08-25,-0.5074270399887418,3,0.8864174,0.8265575
2023-08-29,0.22525620978629768,5,0.896487,0.74880046
2023-09-07,-0.18966188017888153,10,0.90106153,0.7852015
2023-09-22,-1.6369209000764484,21,1.015462,0.86266124
2023-08-24,1.425117791763329,1,0.89180505,0.8798082
2023-08-28,1.538756363092557,3,0.9025512,0.86161304
2023-08-30,0.7222099649186399,5,0.8996349,0.7923435
2023-09-08,-0.13362206268904248,10,0.8982918,0.8190582
2023-09-25,-3.397236660378674,21,1.0995883,0.89887583
2023-08-25,-0.5074270399887418,1,0.8864174,0.8546586
2023-08-29,0.22525620978629768,3,0.896487,0.8353771
2023-08-31,0.8936507296382815,5,0.8969341,0.7742517
2023-09-11,-1.4482365481084232,10,0.92209786,0.80349934
2023-09-26,-1.3303501080610793,21,1.1119465,0.86973184
2023-08-28,1.538756363092557,1,0.9025512,0.85429937
2023-08-30,0.7222099649186399,3,0.8996349,0.87127185
2023-09-05,0.888974268781542,5,0.9003034,0.77228135
2023-09-12,1.7667030325059268,10,0.94434834,0.8080864
2023-09-27,1.3866991266951687,21,1.1243507,0.87296796
2023-08-29,0.22525620978629768,1,0.896487,0.85171646
2023-08-31,0.8936507296382815,3,0.8969341,0.8254118
2023-09-06,0.8482280103271039,5,0.901296,0.7925351
2023-09-13,-0.5676732250071096,10,0.9391446,0.8544642
2023-09-28,-0.12314204514977581,21,1.1223392,0.92461807
2023-08-30,0.7222099649186399,1,0.8996349,0.7955055
2023-09-05,0.888974268781542,3,0.9003034,0.8088658
2023-09-07,-0.18966188017888153,5,0.90106153,0.73696774
2023-09-14,-1.1843205602589004,10,0.9542787,0.78719884
2023-09-29,0.14913857909169612,21,1.1221397,0.84463954
2023-08-31,0.8936507296382815,1,0.8969341,0.846599
2023-09-06,0.8482280103271039,3,0.901296,0.8314546
2023-09-08,-0.13362206268904248,5,0.8982918,0.723004
2023-09-15,0.28965779461152175,10,0.9526584,0.76140565
2023-10-02,0.09526284603684221,21,1.1175802,0.8588518
2023-09-05,0.888974268781542,1,0.9003034,0.7580425
2023-09-07,-0.18966188017888153,3,0.90106153,0.7833278
2023-09-11,-1.4482365481084232,5,0.92209786,0.7051732
2023-09-18,-1.2750411547317095,10,0.96835035,0.741423
2023-10-03,-3.268595459705343,21,1.1884614,0.7887107
2023-09-06,0.8482280103271039,1,0.901296,0.7619068
2023-09-08,-0.13362206268904248,3,0.8982918,0.75826293
2023-09-12,1.7667030325059268,5,0.94434834,0.7081565
2023-09-19,-0.025584840708865336,10,0.9680251,0.7555331
2023-10-04,0.9409132204558597,21,1.1882291,0.80844057
2023-09-07,-0.18966188017888153,1,0.90106153,0.73743105
2023-09-11,-1.4482365481084232,3,0.92209786,0.7443403
2023-09-13,-0.5676732250071096,5,0.9391446,0.6963915
2023-09-20,1.1987294890104705,10,0.9779621,0.73825586
2023-10-05,-1.3181555013593431,21,1.1992133,0.7743924
2023-09-08,-0.13362206268904248,1,0.8982918,0.7411619
2023-09-12,1.7667030325059268,3,0.94434834,0.73579115
2023-09-14,-1.1843205602589004,5,0.9542787,0.69281685
2023-09-21,-1.09642937778869,10,0.99069214,0.73329735
2023-10-06,1.3066368566480615,21,1.2116221,0.7709756
2023-09-11,-1.4482365481084232,1,0.92209786,0.7559074
2023-09-13,-0.5676732250071096,3,0.9391446,0.7309191
2023-09-15,0.28965779461152175,5,0.9526584,0.6323936
2023-09-22,-1.6369209000764484,10,1.015462,0.67692333
2023-10-09,0.7785025416674409,21,1.2092097,0.79533523
2023-09-12,1.7667030325059268,1,0.94434834,0.8486657
2023-09-14,-1.1843205602589004,3,0.9542787,0.8179928
2023-09-18,-1.2750411547317095,5,0.96835035,0.73978484
2023-09-25,-3.397236660378674,10,1.0995883,0.79044473
2023-10-10,0.555008986987287,21,1.2110702,0.907449
2023-09-13,-0.5676732250071096,1,0.9391446,0.8324097
2023-09-15,0.28965779461152175,3,0.9526584,0.802067
2023-09-19,-0.025584840708865336,5,0.9680251,0.73900926
2023-09-26,-1.3303501080610793,10,1.1119465,0.8033798
2023-10-11,0.620616504955283,21,1.2127246,0.8943317
2023-09-14,-1.1843205602589004,1,0.9542787,0.77683955
2023-09-18,-1.2750411547317095,3,0.96835035,0.79165137
2023-09-20,1.1987294890104705,5,0.9779621,0.7627047
2023-09-27,1.3866991266951687,10,1.1243507,0.7957317
2023-10-12,0.06949210241348172,21,1.2127061,0.81024426
2023-09-15,0.28965779461152175,1,0.9526584,0.83550626
2023-09-19,-0.025584840708865336,3,0.9680251,0.7927737
2023-09-21,-1.09642937778869,5,0.99069214,0.7124401
2023-09-28,-0.12314204514977581,10,1.1223392,0.78160536
2023-10-13,0.2705587123539656,21,1.2133038,0.915789
2023-09-18,-1.2750411547317095,1,0.96835035,0.8917028
2023-09-20,1.1987294890104705,3,0.9779621,0.8349062
2023-09-22,-1.6369209000764484,5,1.015462,0.7353051
2023-09-29,0.14913857909169612,10,1.1221397,0.79264003
2023-10-16,-1.1593449104464617,21,1.2220881,0.9489474
2023-09-19,-0.025584840708865336,1,0.9680251,0.9125077
2023-09-21,-1.09642937778869,3,0.99069214,0.8706629
2023-09-25,-3.397236660378674,5,1.0995883,0.8331802
2023-10-02,0.09526284603684221,10,1.1175802,0.87341595
2023-10-17,-1.7472285830763572,21,1.2319398,0.9654162
2023-09-20,1.1987294890104705,1,0.9779621,0.9143323
2023-09-22,-1.6369209000764484,3,1.015462,0.8586329
2023-09-26,-1.3303501080610793,5,1.1119465,0.7458441
2023-10-03,-3.268595459705343,10,1.1884614,0.82457054
2023-10-18,-1.6404493620983964,21,1.2461448,1.0274212
2023-09-21,-1.09642937778869,1,0.99069214,0.8728523
2023-09-25,-3.397236660378674,3,1.0995883,0.84530616
2023-09-27,1.3866991266951687,5,1.1243507,0.8207191
2023-10-04,0.9409132204558597,10,1.1882291,0.87440336
2023-10-19,-1.419305057411908,21,1.2549424,0.92443633
2023-09-22,-1.6369209000764484,1,1.015462,0.88434035
2023-09-26,-1.3303501080610793,3,1.1119465,0.878551
2023-09-28,-0.12314204514977581,5,1.1223392,0.8054974
2023-10-05,-1.3181555013593431,10,1.1992133,0.85652405
2023-10-20,1.8380392488748791,21,1.2791853,0.9223172
2023-09-25,-3.397236660378674,1,1.0995883,0.98547244
2023-09-27,1.3866991266951687,3,1.1243507,0.94481456
2023-09-29,0.14913857909169612,5,1.1221397,0.8377407
2023-10-06,1.3066368566480615,10,1.2116221,0.889736
2023-10-23,-1.3172668170216522,21,1.288146,1.0636635
2023-09-26,-1.3303501080610793,1,1.1119465,1.0521259
2023-09-28,-0.12314204514977581,3,1.1223392,0.9920073
2023-10-02,0.09526284603684221,5,1.1175802,0.9574789
2023-10-09,0.7785025416674409,10,1.2092097,1.0443809
2023-10-24,1.1248487498570718,21,1.2921189,1.1565256
2023-09-27,1.3866991266951687,1,1.1243507,1.1724379
2023-09-29,0.14913857909169612,3,1.1221397,1.0304096
2023-10-03,-3.268595459705343,5,1.1884614,0.9560925
2023-10-10,0.555008986987287,10,1.2110702,1.0474933
2023-10-25,-0.38413499191637085,21,1.2792778,1.3225517
2023-09-28,-0.12314204514977581,1,1.1223392,1.0738814
2023-10-02,0.09526284603684221,3,1.1175802,0.9777008
2023-10-04,0.9409132204558597,5,1.1882291,0.9353049
2023-10-11,0.620616504955283,10,1.2127246,1.0142173
2023-10-26,-4.285091691007114,21,1.3847922,1.2160337
2023-09-29,0.14913857909169612,1,1.1221397,1.0780214
2023-10-03,-3.268595459705343,3,1.1884614,1.0156024
2023-10-05,-1.3181555013593431,5,1.1992133,0.9668549
2023-10-12,0.06949210241348172,10,1.2127061,1.0217831
2023-10-27,0.488642652376712,21,1.3866445,1.1907405
2023-10-02,0.09526284603684221,1,1.1175802,1.0363747
2023-10-04,0.9409132204558597,3,1.1882291,0.98004675
2023-10-06,1.3066368566480615,5,1.2116221,0.9063713
2023-10-13,0.2705587123539656,10,1.2133038,0.9444221
2023-10-30,-1.7327895965211164,21,1.3984112,1.1421864
2023-10-03,-3.268595459705343,1,1.1884614,1.0077535
2023-10-05,-1.3181555013593431,3,1.1992133,0.9305687
2023-10-09,0.7785025416674409,5,1.2092097,0.94473517
2023-10-16,-1.1593449104464617,10,1.2220881,1.002485
2023-10-31,-1.3725771970819363,21,1.3920162,1.06642
2023-10-04,0.9409132204558597,1,1.1882291,1.1380258
2023-10-06,1.3066368566480615,3,1.2116221,1.044097
2023-10-10,0.555008986987287,5,1.2110702,1.0281078
2023-10-17,-1.7472285830763572,10,1.2319398,1.1301651
2023-11-01,1.1093761767680133,21,1.3894609,1.3124176
2023-10-05,-1.3181555013593431,1,1.1992133,1.0325565
2023-10-09,0.7785025416674409,3,1.2092097,0.97352326
2023-10-11,0.620616504955283,5,1.2127246,0.9165436
2023-10-18,-1.6404493620983964,10,1.2461448,0.96553
2023-11-02,3.386403870845401,21,1.4680128,1.1778686
2023-10-06,1.3066368566480615,1,1.2116221,1.0381448
2023-10-10,0.555008986987287,3,1.2110702,1.000037
2023-10-12,0.06949210241348172,5,1.2127061,1.0261663
2023-10-19,-1.419305057411908,10,1.2549424,1.0592079
2023-11-03,0.12173308507593536,21,1.4676654,1.1630731
2023-10-09,0.7785025416674409,1,1.2092097,1.1781116
2023-10-11,0.620616504955283,3,1.2127246,1.1840103
2023-10-13,0.2705587123539656,5,1.2133038,0.98793125
2023-10-20,1.8380392488748791,10,1.2791853,0.9955387
2023-11-06,1.189061479175239,21,1.4744294,1.2509894
2023-10-10,0.555008986987287,1,1.2110702,0.9740964
2023-10-12,0.06949210241348172,3,1.2127061,0.98629165
2023-10-16,-1.1593449104464617,5,1.2220881,1.0051119
2023-10-23,-1.3172668170216522,10,1.288146,1.0213752
2023-11-07,-0.8636197366323449,21,1.4693173,1.0277594
2023-10-11,0.620616504955283,1,1.2127246,1.0176848
2023-10-13,0.2705587123539656,3,1.2133038,0.91031027
2023-10-17,-1.7472285830763572,5,1.2319398,0.9036715
2023-10-24,1.1248487498570718,10,1.2921189,0.99823064
2023-11-08,3.021581728861407,21,1.5260898,1.1576631
2023-10-12,0.06949210241348172,1,1.2127061,0.9598912
2023-10-16,-1.1593449104464617,3,1.2220881,0.93130606
2023-10-18,-1.6404493620983964,5,1.2461448,0.93003184
2023-10-25,-0.38413499191637085,10,1.2792778,0.99455786
2023-11-09,0.041305246353490886,21,1.5263292,1.0848832
2023-10-13,0.2705587123539656,1,1.2133038,0.91705966
2023-10-17,-1.7472285830763572,3,1.2319398,0.84638953
2023-10-19,-1.419305057411908,5,1.2549424,0.827472
2023-10-26,-4.285091691007114,10,1.3847922,0.8886533
2023-11-10,-1.1022105925417038,21,1.5261899,1.0321355
2023-10-16,-1.1593449104464617,1,1.2220881,1.0781777
2023-10-18,-1.6404493620983964,3,1.2461448,0.98635066
2023-10-20,1.8380392488748791,5,1.2791853,0.892973
2023-10-27,0.488642652376712,10,1.3866445,0.958575
2023-11-13,-0.14624732934797652,21,1.5242459,1.1664873
2023-10-17,-1.7472285830763572,1,1.2319398,1.0117629
2023-10-19,-1.419305057411908,3,1.2549424,0.95105535
2023-10-23,-1.3172668170216522,5,1.288146,0.96303606
2023-10-30,-1.7327895965211164,10,1.3984112,0.9844382
2023-11-14,0.8742928349309872,21,1.4156688,1.0733716
2023-10-18,-1.6404493620983964,1,1.2461448,1.0556118
2023-10-20,1.8380392488748791,3,1.2791853,0.9762459
2023-10-24,1.1248487498570718,5,1.2921189,0.8966116
2023-10-31,-1.3725771970819363,10,1.3920162,0.9474015
2023-11-15,1.1441598141708758,21,1.4244288,1.1374264
2023-10-19,-1.419305057411908,1,1.2549424,1.1309295
2023-10-23,-1.3172668170216522,3,1.288146,1.0062166
2023-10-25,-0.38413499191637085,5,1.2792778,0.9562602
2023-11-01,1.1093761767680133,10,1.3894609,1.0271231
2023-11-16,0.2695695195224218,21,1.4250389,1.2346048
2023-10-20,1.8380392488748791,1,1.2791853,1.1585357
2023-10-24,1.1248487498570718,3,1.2921189,0.9979105
2023-10-26,-4.285091691007114,5,1.3847922,0.95804524
2023-11-02,3.386403870845401,10,1.4680128,1.0257959
2023-11-17,-2.186262258695641,21,1.4489062,1.2627623
2023-10-23,-1.3172668170216522,1,1.288146,1.1333268
2023-10-25,-0.38413499191637085,3,1.2792778,0.9991523
2023-10-27,0.488642652376712,5,1.3866445,0.86572045
2023-11-03,0.12173308507593536,10,1.4676654,0.93104607
2023-11-20,0.22405161650591865,21,1.435649,1.2319447
2023-10-24,1.1248487498570718,1,1.2921189,1.1504409
2023-10-26,-4.285091691007114,3,1.3847922,1.0578988
2023-10-30,-1.7327895965211164,5,1.3984112,1.0151379
2023-11-06,1.189061479175239,10,1.4744294,1.0619438
2023-11-21,0.614241448512096,21,1.4378818,1.2842759
2023-10-25,-0.38413499191637085,1,1.2792778,1.1224772
2023-10-27,0.488642652376712,3,1.3866445,1.0038657
2023-10-31,-1.3725771970819363,5,1.3920162,0.97802
2023-11-07,-0.8636197366323449,10,1.4693173,1.0263953
2023-11-22,0.30212046646548707,21,1.4226892,1.2982922
2023-10-26,-4.285091691007114,1,1.3847922,1.0981872
2023-10-30,-1.7327895965211164,3,1.3984112,1.0104175
2023-11-01,1.1093761767680133,5,1.3894609,0.9957862
2023-11-08,3.021581728861407,10,1.5260898,1.0612488
2023-11-23,-2.3004133861634792,21,1.4492195,1.1984179
2023-10-27,0.488642652376712,1,1.3866445,1.2783918
2023-10-31,-1.3725771970819363,3,1.3920162,1.2726926
2023-11-02,3.386403870845401,5,1.4680128,1.2875578
2023-11-09,0.041305246353490886,10,1.5263292,1.2145128
2023-11-24,0.6519871088157042,21,1.448516,1.3302253
2023-10-30,-1.7327895965211164,1,1.3984112,1.2414725
2023-11-01,1.1093761767680133,3,1.3894609,1.1396197
2023-11-03,0.12173308507593536,5,1.4676654,0.98258483
2023-11-10,-1.1022105925417038,10,1.5261899,1.0184093
2023-11-27,-0.6914991811866035,21,1.4432361,1.3565454
2023-10-31,-1.3725771970819363,1,1.3920162,1.184741
2023-11-02,3.386403870845401,3,1.4680128,1.2405564
2023-11-06,1.189061479175239,5,1.4744294,1.3121967
2023-11-13,-0.14624732934797652,10,1.5242459,1.312768
2023-11-28,0.6750686276225651,21,1.4407719,1.3713661
2023-11-01,1.1093761767680133,1,1.3894609,1.3225803
2023-11-03,0.12173308507593536,3,1.4676654,1.365117
2023-11-07,-0.8636197366323449,5,1.4693173,1.0786086
2023-11-14,0.8742928349309872,10,1.4156688,1.0137461
2023-11-29,0.6705419919247732,21,1.4387623,1.2934755
2023-11-02,3.386403870845401,1,1.4680128,1.3826947
2023-11-06,1.189061479175239,3,1.4744294,1.4216588
2023-11-08,3.021581728861407,5,1.5260898,1.3455253
2023-11-15,1.1441598141708758,10,1.4244288,1.4165344
2023-11-30,-0.7892873245719569,21,1.4407506,1.3008724
2023-11-03,0.12173308507593536,1,1.4676654,1.1419151
2023-11-07,-0.8636197366323449,3,1.4693173,1.0951436
2023-11-09,0.041305246353490886,5,1.5263292,1.106282
2023-11-16,0.2695695195224218,10,1.4250389,1.1455094
2023-12-01,0.7312363832421603,21,1.4458735,1.2941766
2023-11-06,1.189061479175239,1,1.4744294,1.1276119
2023-11-08,3.021581728861407,3,1.5260898,1.1097338
2023-11-10,-1.1022105925417038,5,1.5261899,1.0907309
2023-11-17,-2.186262258695641,10,1.4489062,1.0913346
2023-12-04,1.6494198877575719,21,1.4557588,1.3649124
2023-11-07,-0.8636197366323449,1,1.4693173,1.0725749
2023-11-09,0.041305246353490886,3,1.5263292,1.1907272
2023-11-13,-0.14624732934797652,5,1.5242459,1.204881
2023-11-20,0.22405161650591865,10,1.435649,1.285822
2023-12-05,-0.4042107754413259,21,1.4342139,1.2801157
2023-11-08,3.021581728861407,1,1.5260898,1.1498406
2023-11-10,-1.1022105925417038,3,1.5261899,1.1025376
2023-11-14,0.8742928349309872,5,1.4156688,1.1057453
2023-11-21,0.614241448512096,10,1.4378818,1.0856706
2023-12-06,0.932935771233317,21,1.4404614,1.3175769
2023-11-09,0.041305246353490886,1,1.5263292,1.1186734
2023-11-13,-0.14624732934797652,3,1.5242459,1.1350975
2023-11-15,1.1441598141708758,5,1.4244288,1.2455173
2023-11-22,0.30212046646548707,10,1.4226892,1.2417951
2023-12-07,-0.43951812808437263,21,1.434664,1.3180293
2023-11-10,-1.1022105925417038,1,1.5261899,1.0122085
2023-11-14,0.8742928349309872,3,1.4156688,1.0689938
2023-11-16,0.2695695195224218,5,1.4250389,1.0485212
2023-11-23,-2.3004133861634792,10,1.4492195,1.0048993
2023-12-08,0.26269756372601527,21,1.4345297,1.1841536
2023-11-13,-0.14624732934797652,1,1.5242459,1.2460066
2023-11-15,1.1441598141708758,3,1.4244288,1.3865963
2023-11-17,-2.186262258695641,5,1.4489062,1.2699567
2023-11-24,0.6519871088157042,10,1.448516,1.1313641
2023-12-11,0.094224741853112,21,1.4271358,1.2465408
2023-11-14,0.8742928349309872,1,1.4156688,1.1464039
2023-11-16,0.2695695195224218,3,1.4250389,1.2395115
2023-11-20,0.22405161650591865,5,1.435649,1.1281947
2023-11-27,-0.6914991811866035,10,1.4432361,1.0837649
2023-12-12,0.18907037184006684,21,1.4276534,1.2043478
2023-11-15,1.1441598141708758,1,1.4244288,0.96744263
2023-11-17,-2.186262258695641,3,1.4489062,0.948179
2023-11-21,0.614241448512096,5,1.4378818,0.9932265
2023-11-28,0.6750686276225651,10,1.4407719,1.0421093
2023-12-13,-1.1981426478472483,21,1.4236687,1.0559283
2023-11-16,0.2695695195224218,1,1.4250389,1.0145521
2023-11-20,0.22405161650591865,3,1.435649,0.94600755
2023-11-22,0.30212046646548707,5,1.4226892,0.8729802
2023-11-29,0.6705419919247732,10,1.4387623,0.9360641
2023-12-14,-0.36595330208922,21,1.4186354,1.1400692
2023-11-17,-2.186262258695641,1,1.4489062,0.9453027
2023-11-21,0.614241448512096,3,1.4378818,0.93871534
2023-11-23,-2.3004133861634792,5,1.4492195,1.0045378
2023-11-30,-0.7892873245719569,10,1.4407506,1.0425049
2023-12-15,-0.7078219596553119,21,1.4071245,1.0418278
2023-11-20,0.22405161650591865,1,1.435649,1.0870016
2023-11-22,0.30212046646548707,3,1.4226892,1.0633334
2023-11-24,0.6519871088157042,5,1.448516,1.0500767
2023-12-01,0.7312363832421603,10,1.4458735,1.1276803
2023-12-18,-0.9497924812669941,21,1.344962,1.264402
2023-11-21,0.614241448512096,1,1.4378818,1.0576558
2023-11-23,-2.3004133861634792,3,1.4492195,1.0007417
2023-11-27,-0.6914991811866035,5,1.4432361,0.936471
2023-12-04,1.6494198877575719,10,1.4557588,0.9727779
2023-12-19,0.4039892523894466,21,1.3364865,1.1540096
2023-11-22,0.30212046646548707,1,1.4226892,1.0096796
2023-11-24,0.6519871088157042,3,1.448516,0.93887
2023-11-28,0.6750686276225651,5,1.4407719,0.9585845
2023-12-05,-0.4042107754413259,10,1.4342139,1.008898
2023-12-20,0.40599766290701994,21,1.3244091,1.1451938
2023-11-23,-2.3004133861634792,1,1.4492195,1.0877588
2023-11-27,-0.6914991811866035,3,1.4432361,0.9964911
2023-11-29,0.6705419919247732,5,1.4387623,0.90547925
2023-12-06,0.932935771233317,10,1.4404614,0.9853767
2023-12-21,0.15159839322380972,21,1.324727,1.2363808
2023-11-24,0.6519871088157042,1,1.448516,1.0913366
2023-11-28,0.6750686276225651,3,1.4407719,0.9926332
2023-11-30,-0.7892873245719569,5,1.4407506,0.9589951
2023-12-07,-0.43951812808437263,10,1.434664,1.0166233
2023-12-22,0.05713016310526359,21,1.3245177,1.2282958
2023-11-27,-0.6914991811866035,1,1.4432361,1.2522303
2023-11-29,0.6705419919247732,3,1.4387623,1.0964124
2023-12-01,0.7312363832421603,5,1.4458735,1.016758
2023-12-08,0.26269756372601527,10,1.4345297,1.0715374
2023-12-25,1.3149078099839049,21,1.336487,1.3399994
2023-11-28,0.6750686276225651,1,1.4407719,1.0589497
2023-11-30,-0.7892873245719569,3,1.4407506,0.97594994
2023-12-04,1.6494198877575719,5,1.4557588,0.9919934
2023-12-11,0.094224741853112,10,1.4271358,1.0293005
2023-12-26,0.4098384689347155,21,1.2692585,1.1732762
2023-11-29,0.6705419919247732,1,1.4387623,1.0731752
2023-12-01,0.7312363832421603,3,1.4458735,0.9773359
2023-12-05,-0.4042107754413259,5,1.4342139,0.9129828
2023-12-12,0.18907037184006684,10,1.4276534,1.0038698
2023-12-27,-0.02317042750892946,21,1.263313,1.2089626
2023-11-30,-0.7892873245719569,1,1.4407506,1.0366689
2023-12-04,1.6494198877575719,3,1.4557588,0.97200507
2023-12-06,0.932935771233317,5,1.4404614,0.9497085
2023-12-13,-1.1981426478472483,10,1.4236687,1.0207614
2023-12-28,0.6166387069041314,21,1.2540121,1.1501683
2023-12-01,0.7312363832421603,1,1.4458735,0.90596664
2023-12-05,-0.4042107754413259,3,1.4342139,0.8873435
2023-12-07,-0.43951812808437263,5,1.434664,1.0796998
2023-12-14,-0.36595330208922,10,1.4186354,1.0920511
2023-12-29,0.08854024289493212,21,1.242677,1.1625898
2023-12-04,1.6494198877575719,1,1.4557588,1.0114927
2023-12-06,0.932935771233317,3,1.4404614,0.95795524
2023-12-08,0.26269756372601527,5,1.4345297,0.9540023
2023-12-15,-0.7078219596553119,10,1.4071245,1.0147998
2024-01-02,0.1582915458850962,21,1.2386819,1.1800692
2023-12-05,-0.4042107754413259,1,1.4342139,0.909489
2023-12-07,-0.43951812808437263,3,1.434664,0.88523364
2023-12-11,0.094224741853112,5,1.4271358,1.0645478
2023-12-18,-0.9497924812669941,10,1.344962,1.0606911
2024-01-03,1.094088395445672,21,1.244777,1.2482301
2023-12-06,0.932935771233317,1,1.4404614,1.0093195
2023-12-08,0.26269756372601527,3,1.4345297,0.9711753
2023-12-12,0.18907037184006684,5,1.4276534,0.9630661
2023-12-19,0.4039892523894466,10,1.3364865,1.0367763
2024-01-04,0.5708350104895462,21,1.2443733,1.2148046
2023-12-07,-0.43951812808437263,1,1.434664,0.97052395
2023-12-11,0.094224741853112,3,1.4271358,1.0027165
2023-12-13,-1.1981426478472483,5,1.4236687,0.9737308
2023-12-20,0.40599766290701994,10,1.3244091,0.9762782
2024-01-05,0.34354158885108044,21,1.2451359,1.1124728
2023-12-08,0.26269756372601527,1,1.4345297,1.0393634
2023-12-12,0.18907037184006684,3,1.4276534,1.0125326
2023-12-14,-0.36595330208922,5,1.4186354,1.0443513
2023-12-21,0.15159839322380972,10,1.324727,1.0973955
2024-01-08,0.4760535499575911,21,1.2461625,1.145444
2023-12-11,0.094224741853112,1,1.4271358,0.9882109
2023-12-13,-1.1981426478472483,3,1.4236687,0.986645
2023-12-15,-0.7078219596553119,5,1.4071245,1.0109651
2023-12-22,0.05713016310526359,10,1.3245177,1.0531633
2024-01-09,-0.13800362724652007,21,1.2368896,1.1377577
2023-12-12,0.18907037184006684,1,1.4276534,0.9929248
2023-12-14,-0.36595330208922,3,1.4186354,0.9690305
2023-12-18,-0.9497924812669941,5,1.344962,1.0491699
2023-12-25,1.3149078099839049,10,1.336487,1.0680631
2024-01-10,0.2542962325145443,21,1.2150842,1.1067166
2023-12-13,-1.1981426478472483,1,1.4236687,0.9449831
2023-12-15,-0.7078219596553119,3,1.4071245,0.93382984
2023-12-19,0.4039892523894466,5,1.3364865,0.9941126
2023-12-26,0.4098384689347155,10,1.2692585,1.0400867
2024-01-11,0.058525839106444044,21,1.1944481,1.150712
2023-12-14,-0.36595330208922,1,1.4186354,1.013399
2023-12-18,-0.9497924812669941,3,1.344962,0.9925162
2023-12-20,0.40599766290701994,5,1.3244091,0.9805076
2023-12-27,-0.02317042750892946,10,1.263313,1.015816
2024-01-12,-0.6491399277167327,21,1.1820652,1.179119
2023-12-15,-0.7078219596553119,1,1.4071245,0.941061
2023-12-19,0.4039892523894466,3,1.3364865,0.9288479
2023-12-21,0.15159839322380972,5,1.324727,1.0643423
2023-12-28,0.6166387069041314,10,1.2540121,1.0880729
2024-01-15,-0.05024211607667616,21,1.1599203,1.1399993
2023-12-18,-0.9497924812669941,1,1.344962,1.0288522
2023-12-20,0.40599766290701994,3,1.3244091,0.9635504
2023-12-22,0.05713016310526359,5,1.3245177,0.87588245
2023-12-29,0.08854024289493212,10,1.242677,0.9600445
2024-01-16,0.7767900826126639,21,1.1489874,1.1863312
2023-12-19,0.4039892523894466,1,1.3364865,0.92308795
2023-12-21,0.15159839322380972,3,1.324727,0.91316575
2023-12-25,1.3149078099839049,5,1.336487,0.8651285
2024-01-02,0.1582915458850962,10,1.2386819,0.9342495
2024-01-17,-0.05073850430265768,21,1.1412613,1.0226138
2023-12-20,0.40599766290701994,1,1.3244091,0.9562093
2023-12-22,0.05713016310526359,3,1.3245177,0.8872076
2023-12-26,0.4098384689347155,5,1.2692585,0.8053059
2024-01-03,1.094088395445672,10,1.244777,0.8756794
2024-01-18,0.5601342494384376,21,1.1412178,1.0375284
2023-12-21,0.15159839322380972,1,1.324727,0.98531926
2023-12-25,1.3149078099839049,3,1.336487,0.93008554
2023-12-27,-0.02317042750892946,5,1.263313,0.8884192
2024-01-04,0.5708350104895462,10,1.2443733,0.9420045
2024-01-19,1.0584810552434751,21,0.9920453,1.0598755
2023-12-22,0.05713016310526359,1,1.3245177,0.9055675
2023-12-26,0.4098384689347155,3,1.2692585,0.8782045
2023-12-28,0.6166387069041314,5,1.2540121,0.83158875
2024-01-05,0.34354158885108044,10,1.2451359,0.8891664
2024-01-22,0.11504171530495357,21,0.9912987,0.96488214
2023-12-25,1.3149078099839049,1,1.336487,0.9638943
2023-12-27,-0.02317042750892946,3,1.263313,0.90548044
2023-12-29,0.08854024289493212,5,1.242677,0.8043454
2024-01-08,0.4760535499575911,10,1.2461625,0.88171816
2024-01-23,-0.4541687889439131,21,0.96277547,1.0493495
2023-12-26,0.4098384689347155,1,1.2692585,0.96138346
2023-12-28,0.6166387069041314,3,1.2540121,0.940645
2024-01-02,0.1582915458850962,5,1.2386819,0.872487
2024-01-09,-0.13800362724652007,10,1.2368896,0.934621
2024-01-24,-0.38545530117249877,21,0.9436373,1.0356916
2023-12-27,-0.02317042750892946,1,1.263313,0.8638377
2023-12-29,0.08854024289493212,3,1.242677,0.841666
2024-01-03,1.094088395445672,5,1.244777,0.7683097
2024-01-10,0.2542962325145443,10,1.2150842,0.8396429
2024-01-25,-0.2219055763919793,21,0.93799484,0.9672109
2023-12-28,0.6166387069041314,1,1.2540121,0.90452874
2024-01-02,0.1582915458850962,3,1.2386819,0.876964
2024-01-04,0.5708350104895462,5,1.2443733,0.81640923
2024-01-11,0.058525839106444044,10,1.1944481,0.8832194
2024-01-26,0.45182597197632113,21,0.8403142,0.9830297
2023-12-29,0.08854024289493212,1,1.242677,0.826381
2024-01-03,1.094088395445672,3,1.244777,0.82214046
2024-01-05,0.34354158885108044,5,1.2451359,0.77176577
2024-01-12,-0.6491399277167327,10,1.1820652,0.8186477
2024-01-29,0.0017011431682565617,21,0.84052175,0.8740066
2024-01-02,0.1582915458850962,1,1.2386819,0.83072263
2024-01-04,0.5708350104895462,3,1.2443733,0.79797184
2024-01-08,0.4760535499575911,5,1.2461625,0.71285814
2024-01-15,-0.05024211607667616,10,1.1599203,0.76439404
2024-01-30,0.3362575026348476,21,0.8297338,0.89506817
2024-01-03,1.094088395445672,1,1.244777,0.8506918
2024-01-05,0.34354158885108044,3,1.2451359,0.816425
2024-01-09,-0.13800362724652007,5,1.2368896,0.73422253
2024-01-16,0.7767900826126639,10,1.1489874,0.79007345
2024-01-31,-1.3089147434965525,21,0.84071124,0.92567945
2024-01-04,0.5708350104895462,1,1.2443733,0.8864707
2024-01-08,0.4760535499575911,3,1.2461625,0.8379382
2024-01-10,0.2542962325145443,5,1.2150842,0.7678652
2024-01-17,-0.05073850430265768,10,1.1412613,0.8200505
2024-02-01,0.7452982948744185,21,0.75474083,0.9481098
2024-01-05,0.34354158885108044,1,1.2451359,0.8272415
2024-01-09,-0.13800362724652007,3,1.2368896,0.826102
2024-01-11,0.058525839106444044,5,1.1944481,0.80152094
2024-01-18,0.5601342494384376,10,1.1412178,0.859905
2024-02-02,-0.040075547205189015,21,0.75489724,0.90394545
2024-01-08,0.4760535499575911,1,1.2461625,0.8412173
2024-01-10,0.2542962325145443,3,1.2150842,0.8244424
2024-01-12,-0.6491399277167327,5,1.1820652,0.785964
2024-01-19,1.0584810552434751,10,0.9920453,0.8449218
2024-02-05,1.1456025162803956,21,0.7507183,0.9005955
2024-01-09,-0.13800362724652007,1,1.2368896,0.8442024
2024-01-11,0.058525839106444044,3,1.1944481,0.82780564
2024-01-15,-0.05024211607667616,5,1.1599203,0.7898948
2024-01-22,0.11504171530495357,10,0.9912987,0.8574843
2024-02-06,0.2038290227033311,21,0.74995023,0.9521682
2024-01-10,0.2542962325145443,1,1.2150842,0.9241928
2024-01-12,-0.6491399277167327,3,1.1820652,0.8928918
2024-01-16,0.7767900826126639,5,1.1489874,0.8629703
2024-01-23,-0.4541687889439131,10,0.96277547,0.93573946
2024-02-07,0.8420626125986523,21,0.7494186,1.0395496
2024-01-11,0.058525839106444044,1,1.1944481,0.8236409
2024-01-15,-0.05024211607667616,3,1.1599203,0.82105756
2024-01-17,-0.05073850430265768,5,1.1412613,0.75781137
2024-01-24,-0.38545530117249877,10,0.9436373,0.80673194
2024-02-15,0.33069171296432576,21,0.73800033,0.92464817
2024-01-12,-0.6491399277167327,1,1.1820652,0.8341206
2024-01-16,0.7767900826126639,3,1.1489874,0.8454947
2024-01-18,0.5601342494384376,5,1.1412178,0.8168147
2024-01-25,-0.2219055763919793,10,0.93799484,0.8905534
2024-02-16,0.5969671985886261,21,0.74037105,0.93186927
2024-01-15,-0.05024211607667616,1,1.1599203,0.8492278
2024-01-17,-0.05073850430265768,3,1.1412613,0.8222796
2024-01-19,1.0584810552434751,5,0.9920453,0.70506144
2024-01-26,0.45182597197632113,10,0.8403142,0.750666
2024-02-19,1.2543958917226572,21,0.6902488,0.89989805
2024-01-16,0.7767900826126639,1,1.1489874,0.87001634
2024-01-18,0.5601342494384376,3,1.1412178,0.852437
2024-01-22,0.11504171530495357,5,0.9912987,0.7818526
2024-01-29,0.0017011431682565617,10,0.84052175,0.8345063
2024-02-20,0.41465947815096893,21,0.6909048,0.9657351
2024-01-17,-0.05073850430265768,1,1.1412613,0.87859505
2024-01-19,1.0584810552434751,3,0.9920453,0.8431467
2024-01-23,-0.4541687889439131,5,0.96277547,0.7611991
2024-01-30,0.3362575026348476,10,0.8297338,0.807336
2024-02-21,-0.0016259501646571377,21,0.68892694,0.94482875
2024-01-18,0.5601342494384376,1,1.1412178,0.8477164
2024-01-22,0.11504171530495357,3,0.9912987,0.86409104
2024-01-24,-0.38545530117249877,5,0.9436373,0.828936
2024-01-31,-1.3089147434965525,10,0.84071124,0.88537747
2024-02-22,-0.22219066255418862,21,0.6905519,0.916342
2024-01-19,1.0584810552434751,1,0.9920453,0.80296385
2024-01-23,-0.4541687889439131,3,0.96277547,0.84913635
2024-01-25,-0.2219055763919793,5,0.93799484,0.71867377
2024-02-01,0.7452982948744185,10,0.75474083,0.7349878
2024-02-23,-1.2552894908090513,21,0.63862234,0.83442384
2024-01-22,0.11504171530495357,1,0.9912987,1.0012934
2024-01-24,-0.38545530117249877,3,0.9436373,0.9404551
2024-01-26,0.45182597197632113,5,0.8403142,0.93133163
2024-02-02,-0.040075547205189015,10,0.75489724,1.0069269
2024-02-26,0.9991175687731896,21,0.64452386,1.1260388
2024-01-23,-0.4541687889439131,1,0.96277547,1.0564983
2024-01-25,-0.2219055763919793,3,0.93799484,0.980069
2024-01-29,0.0017011431682565617,5,0.84052175,0.87815964
2024-02-05,1.1456025162803956,10,0.7507183,0.9722614
2024-02-27,1.079782837112366,21,0.64426583,1.2011964
2024-01-24,-0.38545530117249877,1,0.9436373,0.95148546
2024-01-26,0.45182597197632113,3,0.8403142,0.8935778
2024-01-30,0.3362575026348476,5,0.8297338,0.8325071
2024-02-06,0.2038290227033311,10,0.74995023,0.8975373
2024-02-28,1.3716050840652327,21,0.6588175,1.0750265
2024-01-25,-0.2219055763919793,1,0.93799484,0.9007799
2024-01-29,0.0017011431682565617,3,0.84052175,0.92826605
2024-01-31,-1.3089147434965525,5,0.84071124,0.85189414
2024-02-07,0.8420626125986523,10,0.7494186,0.89368993
2024-02-29,-0.14517726936435216,21,0.6579055,0.94888496
2024-01-26,0.45182597197632113,1,0.8403142,0.9812125
2024-01-30,0.3362575026348476,3,0.8297338,0.90638244
2024-02-01,0.7452982948744185,5,0.75474083,0.8004278
2024-02-15,0.33069171296432576,10,0.73800033,0.8596421
2024-03-01,0.4420539175699456,21,0.6452105,1.0752696
2024-01-29,0.0017011431682565617,1,0.84052175,0.8879226
2024-01-31,-1.3089147434965525,3,0.84071124,0.87599456
2024-02-02,-0.040075547205189015,5,0.75489724,0.83619845
2024-02-16,0.5969671985886261,10,0.74037105,0.8990289
2024-03-04,0.24844338866850652,21,0.64189327,0.9495691
2024-01-30,0.3362575026348476,1,0.8297338,0.8822226
2024-02-01,0.7452982948744185,3,0.75474083,0.8669274
2024-02-05,1.1456025162803956,5,0.7507183,0.8260796
2024-02-19,1.2543958917226572,10,0.6902488,0.9061967
2024-03-05,0.6771009399630745,21,0.61711633,0.9899174
2024-01-31,-1.3089147434965525,1,0.84071124,0.85920626
2024-02-02,-0.040075547205189015,3,0.75489724,0.84403336
2024-02-06,0.2038290227033311,5,0.74995023,0.817507
2024-02-20,0.41465947815096893,10,0.6909048,0.8862184
2024-03-06,-0.572510852223909,21,0.6203237,0.9395842
2024-02-01,0.7452982948744185,1,0.75474083,0.87150323
2024-02-05,1.1456025162803956,3,0.7507183,0.8543718
2024-02-07,0.8420626125986523,5,0.7494186,0.8622656
2024-02-21,-0.0016259501646571377,10,0.68892694,0.9114929
2024-03-07,0.4527522460195595,21,0.6138489,0.964293
2024-02-02,-0.040075547205189015,1,0.75489724,1.0186554
2024-02-06,0.2038290227033311,3,0.74995023,0.9841068
2024-02-15,0.33069171296432576,5,0.73800033,0.94960046
2024-02-22,-0.22219066255418862,10,0.6905519,0.9909049
2024-03-08,-1.678226531985025,21,0.6550952,1.2492813
2024-02-05,1.1456025162803956,1,0.7507183,1.010204
2024-02-07,0.8420626125986523,3,0.7494186,1.0361254
2024-02-16,0.5969671985886261,5,0.74037105,1.0143232
2024-02-23,-1.2552894908090513,10,0.63862234,1.0388976
2024-03-11,-0.9553648408450272,21,0.67108154,1.1705422
2024-02-06,0.2038290227033311,1,0.74995023,1.060891
2024-02-15,0.33069171296432576,3,0.73800033,1.0043693
2024-02-19,1.2543958917226572,5,0.6902488,0.9825238
2024-02-26,0.9991175687731896,10,0.64452386,1.0283494
2024-03-12,0.7667877392012586,21,0.67561746,1.2537982
2024-02-07,0.8420626125986523,1,0.7494186,1.0247627
2024-02-16,0.5969671985886261,3,0.74037105,1.0442346
2024-02-20,0.41465947815096893,5,0.6909048,1.0599394
2024-02-27,1.079782837112366,10,0.64426583,1.0569972
2024-03-13,2.0282864747397205,21,0.71703553,1.1293321
2024-02-15,0.33069171296432576,1,0.73800033,1.116316
2024-02-19,1.2543958917226572,3,0.6902488,0.97144926
2024-02-21,-0.0016259501646571377,5,0.68892694,0.9616605
2024-02-28,1.3716050840652327,10,0.6588175,1.0293226
2024-03-14,-0.4931423889433966,21,0.69931275,1.2626044
2024-02-16,0.5969671985886261,1,0.74037105,1.0751755
2024-02-20,0.41465947815096893,3,0.6909048,1.0174487
2024-02-22,-0.22219066255418862,5,0.6905519,0.99503374
2024-02-29,-0.14517726936435216,10,0.6579055,1.0823648
2024-03-15,-0.03797408314489411,21,0.6960038,1.243032
2024-02-19,1.2543958917226572,1,0.6902488,1.0675366
2024-02-21,-0.0016259501646571377,3,0.68892694,1.0236539
2024-02-23,-1.2552894908090513,5,0.63862234,1.0270445
2024-03-01,0.4420539175699456,10,0.6452105,1.0572495
2024-03-18,-1.6128995941195843,21,0.7255474,1.2107735
2024-02-20,0.41465947815096893,1,0.6909048,0.9908172
2024-02-22,-0.22219066255418862,3,0.6905519,0.91451395
2024-02-26,0.9991175687731896,5,0.64452386,0.8577271
2024-03-04,0.24844338866850652,10,0.64189327,0.9196434
2024-03-19,-0.08849486905070593,21,0.7107635,1.0630858
2024-02-21,-0.0016259501646571377,1,0.68892694,0.92318106
2024-02-23,-1.2552894908090513,3,0.63862234,0.8858763
2024-02-27,1.079782837112366,5,0.64426583,0.8501275
2024-03-05,0.6771009399630745,10,0.61711633,0.9097347
2024-03-20,1.4081925699860653,21,0.7269211,1.0063403
2024-02-22,-0.22219066255418862,1,0.6905519,0.9287412
2024-02-26,0.9991175687731896,3,0.64452386,0.8904229
2024-02-28,1.3716050840652327,5,0.6588175,0.8581598
2024-03-06,-0.572510852223909,10,0.6203237,0.9255865
2024-03-21,1.2884073357107257,21,0.7393204,1.0094831
2024-02-23,-1.2552894908090513,1,0.63862234,0.98023915
2024-02-27,1.079782837112366,3,0.64426583,0.9149703
2024-02-29,-0.14517726936435216,5,0.6579055,0.8524162
2024-03-07,0.4527522460195595,10,0.6138489,0.9301027
2024-03-22,0.4206055719539143,21,0.7395491,1.0681994
2024-02-26,0.9991175687731896,1,0.64452386,1.3435105
2024-02-28,1.3716050840652327,3,0.6588175,1.2647357
2024-03-01,0.4420539175699456,5,0.6452105,1.1967329
2024-03-08,-1.678226531985025,10,0.6550952,1.2584262
2024-03-25,-1.0934900263235674,21,0.75932187,1.4985423
2024-02-27,1.079782837112366,1,0.64426583,1.3849255
2024-02-29,-0.14517726936435216,3,0.6579055,1.1892192
2024-03-04,0.24844338866850652,5,0.64189327,1.1035919
2024-03-11,-0.9553648408450272,10,0.67108154,1.2061031
2024-03-26,1.1254711811158316,21,0.75512534,1.481391
2024-02-28,1.3716050840652327,1,0.6588175,1.4874964
2024-03-01,0.4420539175699456,3,0.6452105,1.350769
2024-03-05,0.6771009399630745,5,0.61711633,1.2966864
2024-03-12,0.7667877392012586,10,0.67561746,1.2542408
2024-03-27,0.06860796277381129,21,0.7550246,1.4452317
2024-02-29,-0.14517726936435216,1,0.6579055,1.426372
2024-03-04,0.24844338866850652,3,0.64189327,1.4813464
2024-03-06,-0.572510852223909,5,0.6203237,1.4383111
2024-03-13,2.0282864747397205,10,0.71703553,1.3636222
2024-03-28,0.5510512259565236,21,0.7554876,1.434681
2024-03-01,0.4420539175699456,1,0.6452105,1.2625904
2024-03-05,0.6771009399630745,3,0.61711633,1.2869749
2024-03-07,0.4527522460195595,5,0.6138489,1.4687982
2024-03-14,-0.4931423889433966,10,0.69931275,1.3657861
2024-03-29,-0.47314472539336205,21,0.75919396,1.5250498
2024-03-04,0.24844338866850652,1,0.64189327,1.2368213
2024-03-06,-0.572510852223909,3,0.6203237,1.2095652
2024-03-08,-1.678226531985025,5,0.6550952,1.3592395
2024-03-15,-0.03797408314489411,10,0.6960038,1.3773788
2024-04-01,-0.20034228581906866,21,0.76092124,1.5089521
2024-03-05,0.6771009399630745,1,0.61711633,1.1258457
2024-03-07,0.4527522460195595,3,0.6138489,1.0982146
2024-03-11,-0.9553648408450272,5,0.67108154,1.215023
2024-03-18,-1.6128995941195843,10,0.7255474,1.177432
2024-04-02,0.4298134751004542,21,0.76141685,1.3983693
2024-03-06,-0.572510852223909,1,0.6203237,1.2094884
2024-03-08,-1.678226531985025,3,0.6550952,1.2571552
2024-03-12,0.7667877392012586,5,0.67561746,1.564275
2024-03-19,-0.08849486905070593,10,0.7107635,1.5315135
2024-04-03,-1.2171296740507456,21,0.7745061,1.6937454
2024-03-07,0.4527522460195595,1,0.6138489,1.4899676
2024-03-11,-0.9553648408450272,3,0.67108154,1.5929998
2024-03-13,2.0282864747397205,5,0.71703553,1.5158572
2024-03-20,1.4081925699860653,10,0.7269211,1.4467539
2024-04-04,-0.25357139569257064,21,0.7746923,1.5647218
2024-03-08,-1.678226531985025,1,0.6550952,1.5878345
2024-03-12,0.7667877392012586,3,0.67561746,1.528373
2024-03-14,-0.4931423889433966,5,0.69931275,1.5865387
2024-03-21,1.2884073357107257,10,0.7393204,1.4986974
2024-04-05,-1.0414779319509138,21,0.78968346,1.5984823
2024-03-11,-0.9553648408450272,1,0.67108154,1.4811443
2024-03-13,2.0282864747397205,3,0.71703553,1.6506184
2024-03-15,-0.03797408314489411,5,0.6960038,1.5806619
2024-03-22,0.4206055719539143,10,0.7395491,1.4686254
2024-04-08,-0.379970602362761,21,0.7912221,1.365192
2024-03-12,0.7667877392012586,1,0.67561746,1.760896
2024-03-14,-0.4931423889433966,3,0.69931275,1.7953411
2024-03-18,-1.6128995941195843,5,0.7255474,1.4866593
2024-03-25,-1.0934900263235674,10,0.75932187,1.5809939
2024-04-09,0.9923803275472878,21,0.79828626,1.6449721
2024-03-13,2.0282864747397205,1,0.71703553,1.631964
2024-03-15,-0.03797408314489411,3,0.6960038,1.7420504
2024-03-19,-0.08849486905070593,5,0.7107635,1.4952471
2024-03-26,1.1254711811158316,10,0.75512534,1.5251615
2024-04-10,-0.33791051356908197,21,0.80055195,1.4061005
2024-03-14,-0.4931423889433966,1,0.69931275,1.1669809
2024-03-18,-1.6128995941195843,3,0.7255474,1.3206058
2024-03-20,1.4081925699860653,5,0.7269211,1.3459044
2024-03-27,0.06860796277381129,10,0.7550246,1.4066643
2024-04-11,-0.028608210751534965,21,0.8007696,1.3611072
2024-03-15,-0.03797408314489411,1,0.6960038,1.2406694
2024-03-19,-0.08849486905070593,3,0.7107635,1.2645279
2024-03-21,1.2884073357107257,5,0.7393204,1.1451864
2024-03-28,0.5510512259565236,10,0.7554876,1.1974792
2024-04-12,1.4518165686027658,21,0.81188005,1.3471946
2024-03-18,-1.6128995941195843,1,0.7255474,1.0745592
2024-03-20,1.4081925699860653,3,0.7269211,1.0827479
2024-03-22,0.4206055719539143,5,0.7395491,1.1325376
2024-03-29,-0.47314472539336205,10,0.75919396,1.1207323
2024-04-15,-4.813199134066012,21,1.0355498,1.348225
2024-03-19,-0.08849486905070593,1,0.7107635,1.4454485
2024-03-21,1.2884073357107257,3,0.7393204,1.7728567
2024-03-25,-1.0934900263235674,5,0.75932187,1.5811998
2024-04-01,-0.20034228581906866,10,0.76092124,1.3675739
2024-04-16,-0.07647114820359663,21,1.0317807,1.3818288
2024-03-20,1.4081925699860653,1,0.7269211,1.3923901
2024-03-22,0.4206055719539143,3,0.7395491,1.3947895
2024-03-26,1.1254711811158316,5,0.75512534,1.2207865
2024-04-02,0.4298134751004542,10,0.76141685,1.1550447
2024-04-17,-1.882406570680224,21,1.0621735,1.2843629
2024-03-21,1.2884073357107257,1,0.7393204,1.3522607
2024-03-25,-1.0934900263235674,3,0.75932187,1.5547053
2024-03-27,0.06860796277381129,5,0.7550246,1.2787044
2024-04-03,-1.2171296740507456,10,0.7745061,1.2856514
2024-04-19,-1.5339045437844383,21,1.0791649,1.2277786
2024-03-22,0.4206055719539143,1,0.7395491,1.225148
2024-03-26,1.1254711811158316,3,0.75512534,1.4077702
2024-03-28,0.5510512259565236,5,0.7554876,1.2583667
2024-04-04,-0.25357139569257064,10,0.7746923,1.3305807
2024-04-22,1.2997684113458061,21,1.0835854,1.218191
2024-03-25,-1.0934900263235674,1,0.75932187,1.1266571
2024-03-27,0.06860796277381129,3,0.7550246,1.2222471
2024-03-29,-0.47314472539336205,5,0.75919396,1.1423397
2024-04-05,-1.0414779319509138,10,0.78968346,1.0840386
2024-04-23,-1.0829546373911196,21,1.0926588,1.1266515
2024-03-26,1.1254711811158316,1,0.75512534,1.3223813
2024-03-28,0.5510512259565236,3,0.7554876,1.4813218
2024-04-01,-0.20034228581906866,5,0.76092124,1.380562
2024-04-08,-0.379970602362761,10,0.7912221,1.412814
2024-04-24,2.3677045308807276,21,1.1330987,1.2923795
2024-03-27,0.06860796277381129,1,0.7550246,1.2908149
2024-03-29,-0.47314472539336205,3,0.75919396,1.450249
2024-04-02,0.4298134751004542,5,0.76141685,1.1928746
2024-04-09,0.9923803275472878,10,0.79828626,1.1746691
2024-04-25,-0.053099255369028014,21,1.1317985,1.3008975
2024-03-28,0.5510512259565236,1,0.7554876,1.2537326
2024-04-01,-0.20034228581906866,3,0.76092124,1.2751211
2024-04-03,-1.2171296740507456,5,0.7745061,1.2555046
2024-04-10,-0.33791051356908197,10,0.80055195,1.3202022
2024-04-26,0.376891632266772,21,1.1320465,1.2799222
2024-03-29,-0.47314472539336205,1,0.75919396,1.3775256
2024-04-02,0.4298134751004542,3,0.76141685,1.4876665
2024-04-04,-0.25357139569257064,5,0.7746923,1.2148149
2024-04-11,-0.028608210751534965,10,0.8007696,1.1728764
2024-05-02,0.563920567081261,21,1.1328049,1.3045156
2024-04-01,-0.20034228581906866,1,0.76092124,1.3116946
2024-04-03,-1.2171296740507456,3,0.7745061,1.4976002
2024-04-05,-1.0414779319509138,5,0.78968346,1.2470245
2024-04-12,1.4518165686027658,10,0.81188005,1.3162434
2024-05-03,0.3831972490678212,21,1.1335614,1.1562927
2024-04-02,0.4298134751004542,1,0.76141685,1.4180939
2024-04-04,-0.25357139569257064,3,0.7746923,1.4016901
2024-04-08,-0.379970602362761,5,0.7912221,1.2048781
2024-04-15,-4.813199134066012,10,1.0355498,1.0970407
2024-05-06,1.6689997218355825,21,1.1519145,1.2561957
2024-04-03,-1.2171296740507456,1,0.7745061,1.179213
2024-04-05,-1.0414779319509138,3,0.78968346,1.1160109
2024-04-09,0.9923803275472878,5,0.79828626,1.1071769
2024-04-16,-0.07647114820359663,10,1.0317807,1.0870876
2024-05-07,0.5662188197349258,21,1.1388102,1.2593741
2024-04-04,-0.25357139569257064,1,0.7746923,1.4044808
2024-04-08,-0.379970602362761,3,0.7912221,1.5017706
2024-04-10,-0.33791051356908197,5,0.80055195,1.3622603
2024-04-17,-1.882406570680224,10,1.0621735,1.2618656
2024-05-08,0.14645333518127351,21,1.1358265,1.3557931
2024-04-05,-1.0414779319509138,1,0.78968346,1.4476392
2024-04-09,0.9923803275472878,3,0.79828626,1.316929
2024-04-11,-0.028608210751534965,5,0.8007696,1.0696175
2024-04-19,-1.5339045437844383,10,1.0791649,1.1235378
2024-05-09,-0.14565246062624362,21,1.1361392,1.4033284
2024-04-08,-0.379970602362761,1,0.7912221,1.5958537
2024-04-10,-0.33791051356908197,3,0.80055195,1.7024133
2024-04-12,1.4518165686027658,5,0.81188005,1.6555457
2024-04-22,1.2997684113458061,10,1.0835854,1.6267796
2024-05-10,-0.3160421987759792,21,1.1290923,1.4265293
2024-04-09,0.9923803275472878,1,0.79828626,1.5568628
2024-04-11,-0.028608210751534965,3,0.8007696,1.5154271
2024-04-15,-4.813199134066012,5,1.0355498,1.2601835
2024-04-23,-1.0829546373911196,10,1.0926588,1.4816585
2024-05-13,-0.3638006652407349,21,1.1304182,1.500236
2024-04-10,-0.33791051356908197,1,0.80055195,1.7481067
2024-04-12,1.4518165686027658,3,0.81188005,1.6566978
2024-04-16,-0.07647114820359663,5,1.0317807,1.6057789
2024-04-24,2.3677045308807276,10,1.1330987,1.5853485
2024-05-14,0.24965182528318203,21,1.1261481,1.4026246
2024-04-11,-0.028608210751534965,1,0.8007696,1.328336
2024-04-15,-4.813199134066012,3,1.0355498,1.3089142
2024-04-17,-1.882406570680224,5,1.0621735,1.3605167
2024-04-25,-0.053099255369028014,10,1.1317985,1.4605898
2024-05-15,0.8896350018235512,21,1.1307186,1.5823554
2024-04-12,1.4518165686027658,1,0.81188005,1.5113876
2024-04-16,-0.07647114820359663,3,1.0317807,1.5369775
2024-04-19,-1.5339045437844383,5,1.0791649,1.295409
2024-04-26,0.376891632266772,10,1.1320465,1.2767028
2024-05-16,1.1406410205156365,21,1.1371698,1.3528923
2024-04-15,-4.813199134066012,1,1.0355498,1.6319488
2024-04-17,-1.882406570680224,3,1.0621735,1.4337198
2024-04-22,1.2997684113458061,5,1.0835854,1.4319886
2024-05-02,0.563920567081261,10,1.1328049,1.5083953
2024-05-17,0.3406917048512678,21,1.1272438,1.5739383
2024-04-16,-0.07647114820359663,1,1.0317807,1.0228686
2024-04-19,-1.5339045437844383,3,1.0791649,0.9625283
2024-04-23,-1.0829546373911196,5,1.0926588,0.91289145
2024-05-03,0.3831972490678212,10,1.1335614,1.0046561
2024-05-20,0.35049375471011274,21,1.1269361,1.1520948
2024-04-17,-1.882406570680224,1,1.0621735,0.94697607
2024-04-22,1.2997684113458061,3,1.0835854,0.92368823
2024-04-24,2.3677045308807276,5,1.1330987,0.8208066
2024-05-06,1.6689997218355825,10,1.1519145,0.8829073
2024-05-21,-0.034446045308331334,21,1.126976,1.001585
2024-04-19,-1.5339045437844383,1,1.0791649,0.9873616
2024-04-23,-1.0829546373911196,3,1.0926588,0.9549537
2024-04-25,-0.053099255369028014,5,1.1317985,0.97067225
2024-05-07,0.5662188197349258,10,1.1388102,1.0130284
2024-05-22,-0.8042338113606751,21,1.1319633,1.0760887
2024-04-22,1.2997684113458061,1,1.0835854,1.0606924
2024-04-24,2.3677045308807276,3,1.1330987,0.94644296
2024-04-26,0.376891632266772,5,1.1320465,0.8656688
2024-05-08,0.14645333518127351,10,1.1358265,0.92790246
2024-05-23,1.1083576966583808,21,1.126781,1.1525551
2024-04-23,-1.0829546373911196,1,1.0926588,0.96916276
2024-04-25,-0.053099255369028014,3,1.1317985,0.9141151
2024-05-02,0.563920567081261,5,1.1328049,0.90259516
2024-05-09,-0.14565246062624362,10,1.1361392,0.92750317
2024-05-24,-1.5022146775362688,21,1.1388701,1.0069432
2024-04-24,2.3677045308807276,1,1.1330987,0.96673644
2024-04-26,0.376891632266772,3,1.1320465,0.89616764
2024-05-03,0.3831972490678212,5,1.1335614,0.8320203
2024-05-10,-0.3160421987759792,10,1.1290923,0.8928448
2024-05-27,0.4546163166038504,21,1.1321348,1.0612661
2024-04-25,-0.053099255369028014,1,1.1317985,1.0004532
2024-05-02,0.563920567081261,3,1.1328049,0.9244555
2024-05-06,1.6689997218355825,5,1.1519145,0.8718716
2024-05-13,-0.3638006652407349,10,1.1304182,0.965187
2024-05-28,1.1022269658278039,21,1.1272892,1.1358602
2024-04-26,0.376891632266772,1,1.1320465,0.90898156
2024-05-03,0.3831972490678212,3,1.1335614,0.8702978
2024-05-07,0.5662188197349258,5,1.1388102,0.892526
2024-05-14,0.24965182528318203,10,1.1261481,0.9509887
2024-05-29,-0.7117244855883859,21,1.1311961,0.973673
2024-05-02,0.563920567081261,1,1.1328049,0.95626986
2024-05-06,1.6689997218355825,3,1.1519145,0.8705723
2024-05-08,0.14645333518127351,5,1.1358265,0.78595126
2024-05-15,0.8896350018235512,10,1.1307186,0.8461272
2024-05-30,-0.49784266418429723,21,1.1318486,1.034699
2024-05-03,0.3831972490678212,1,1.1335614,0.8431735
2024-05-07,0.5662188197349258,3,1.1388102,0.8313404
2024-05-09,-0.14565246062624362,5,1.1361392,0.80163205
2024-05-16,1.1406410205156365,10,1.1371698,0.8426637
2024-05-31,-0.3639186940668181,21,1.1324284,0.8914583
2024-05-06,1.6689997218355825,1,1.1519145,0.85751987
2024-05-08,0.14645333518127351,3,1.1358265,0.79649925
2024-05-10,-0.3160421987759792,5,1.1290923,0.72064954
2024-05-17,0.3406917048512678,10,1.1272438,0.79033184
2024-06-03,1.4384208476848113,21,1.1443417,0.9503523
2024-05-07,0.5662188197349258,1,1.1388102,0.8991623
2024-05-09,-0.14565246062624362,3,1.1361392,0.8746216
2024-05-13,-0.3638006652407349,5,1.1304182,0.835932
2024-05-20,0.35049375471011274,10,1.1269361,0.89398
2024-06-04,0.27462256680252284,21,1.142218,0.9683806
2024-05-08,0.14645333518127351,1,1.1358265,0.81630653
2024-05-10,-0.3160421987759792,3,1.1290923,0.81341
2024-05-14,0.24965182528318203,5,1.1261481,0.79027796
2024-05-21,-0.034446045308331334,10,1.126976,0.842736
2024-06-05,0.0646450193276448,21,1.1408654,0.87207276
2024-05-09,-0.14565246062624362,1,1.1361392,0.84253
2024-05-13,-0.3638006652407349,3,1.1304182,0.81691355
2024-05-15,0.8896350018235512,5,1.1307186,0.7428742
2024-05-22,-0.8042338113606751,10,1.1319633,0.80032414
2024-06-06,-0.06152863806932581,21,1.1189399,0.91312623
2024-05-10,-0.3160421987759792,1,1.1290923,0.88334596
2024-05-14,0.24965182528318203,3,1.1261481,0.83575696
2024-05-16,1.1406410205156365,5,1.1371698,0.78192437
2024-05-23,1.1083576966583808,10,1.126781,0.8241186
2024-06-07,0.31270201355934246,21,1.1116247,0.92330736
2024-05-13,-0.3638006652407349,1,1.1304182,0.8456235
2024-05-15,0.8896350018235512,3,1.1307186,0.80902547
2024-05-17,0.3406917048512678,5,1.1272438,0.75085247
2024-05-24,-1.5022146775362688,10,1.1388701,0.8073564
2024-06-10,0.2396975839786304,21,1.1080925,0.9248249
2024-05-14,0.24965182528318203,1,1.1261481,0.89124167
2024-05-16,1.1406410205156365,3,1.1371698,0.8505585
2024-05-20,0.35049375471011274,5,1.1269361,0.7871365
2024-05-27,0.4546163166038504,10,1.1321348,0.8421706
2024-06-11,-0.48619944480701854,21,1.0795739,0.9553414
2024-05-15,0.8896350018235512,1,1.1307186,0.7999067
2024-05-17,0.3406917048512678,3,1.1272438,0.7860675
2024-05-21,-0.034446045308331334,5,1.126976,0.731533
2024-05-28,1.1022269658278039,10,1.1272892,0.7904382
2024-06-12,1.2210938694768327,21,1.0884606,0.86166584
2024-05-16,1.1406410205156365,1,1.1371698,0.8844328
2024-05-20,0.35049375471011274,3,1.1269361,0.83389664
2024-05-22,-0.8042338113606751,5,1.1319633,0.7443085
2024-05-29,-0.7117244855883859,10,1.1311961,0.804142
2024-06-13,0.10147212309353983,21,1.0884255,0.9385558
2024-05-17,0.3406917048512678,1,1.1272438,0.867643
2024-05-21,-0.034446045308331334,3,1.126976,0.8199733
2024-05-23,1.1083576966583808,5,1.126781,0.710703
2024-05-30,-0.49784266418429723,10,1.1318486,0.7512684
2024-06-14,-1.673536590566142,21,1.0900217,0.8856149
2024-05-20,0.35049375471011274,1,1.1269361,0.8285867
2024-05-22,-0.8042338113606751,3,1.1319633,0.8034909
2024-05-24,-1.5022146775362688,5,1.1388701,0.73002374
2024-05-31,-0.3639186940668181,10,1.1324284,0.7943984
2024-06-17,-0.40239927785815416,21,1.0914406,0.9105391
2024-05-21,-0.034446045308331334,1,1.126976,0.81266975
2024-05-23,1.1083576966583808,3,1.126781,0.80816454
2024-05-27,0.4546163166038504,5,1.1321348,0.73107725
2024-06-03,1.4384208476848113,10,1.1443417,0.77591497
2024-06-18,0.37036064368019106,21,1.0775704,0.8562423
2024-05-22,-0.8042338113606751,1,1.1319633,0.7737355
2024-05-24,-1.5022146775362688,3,1.1388701,0.7957312
2024-05-28,1.1022269658278039,5,1.1272892,0.78853613
2024-06-04,0.27462256680252284,10,1.142218,0.847784
2024-06-19,0.022662535409508567,21,1.0647405,0.84496105
2024-05-23,1.1083576966583808,1,1.126781,0.8327868
2024-05-27,0.4546163166038504,3,1.1321348,0.82577705
2024-05-29,-0.7117244855883859,5,1.1311961,0.707119
2024-06-05,0.0646450193276448,10,1.1408654,0.77887267
2024-06-20,0.19593385111313044,21,1.0636464,0.91761965
2024-05-24,-1.5022146775362688,1,1.1388701,0.7960238
2024-05-28,1.1022269658278039,3,1.1272892,0.7974689
2024-05-30,-0.49784266418429723,5,1.1318486,0.74957633
2024-06-06,-0.06152863806932581,10,1.1189399,0.78791386
2024-06-21,-0.021838148211828005,21,1.0539153,0.84412456
2024-05-27,0.4546163166038504,1,1.1321348,0.83898777
2024-05-29,-0.7117244855883859,3,1.1311961,0.81330466
2024-05-31,-0.3639186940668181,5,1.1324284,0.7468116
2024-06-07,0.31270201355934246,10,1.1116247,0.7824862
2024-06-24,-2.2002827588539318,21,1.0817974,0.89374673
2024-05-28,1.1022269658278039,1,1.1272892,0.8555481
2024-05-30,-0.49784266418429723,3,1.1318486,0.8125083
2024-06-03,1.4384208476848113,5,1.1443417,0.7074075
2024-06-10,0.2396975839786304,10,1.1080925,0.76807654
2024-06-25,0.1943697140364327,21,1.0821271,0.94395363
2024-05-29,-0.7117244855883859,1,1.1311961,0.81737036
2024-05-31,-0.3639186940668181,3,1.1324284,0.79701763
2024-06-04,0.27462256680252284,5,1.142218,0.749216
2024-06-11,-0.48619944480701854,10,1.0795739,0.7933251
2024-06-26,0.3717535459389922,21,1.0807284,0.86418706
2024-05-30,-0.49784266418429723,1,1.1318486,0.7990597
2024-06-03,1.4384208476848113,3,1.1443417,0.78587544
2024-06-05,0.0646450193276448,5,1.1408654,0.7015982
2024-06-12,1.2210938694768327,10,1.0884606,0.77394736
2024-06-27,-0.17061261989741555,21,1.0793678,0.9114796
2024-05-31,-0.3639186940668181,1,1.1324284,0.87000024
2024-06-04,0.27462256680252284,3,1.142218,0.8398156
2024-06-06,-0.06152863806932581,5,1.1189399,0.7867475
2024-06-13,0.10147212309353983,10,1.0884255,0.84191364
2024-06-28,-1.0996712810001221,21,1.0879445,0.9477168
2024-06-03,1.4384208476848113,1,1.1443417,0.813709
2024-06-05,0.0646450193276448,3,1.1408654,0.81214577
2024-06-07,0.31270201355934246,5,1.1116247,0.7878115
2024-06-14,-1.673536590566142,10,1.0900217,0.8290695
2024-07-01,0.7392388497420312,21,1.0909759,0.87628275
2024-06-04,0.27462256680252284,1,1.142218,0.86130595
2024-06-06,-0.06152863806932581,3,1.1189399,0.8250134
2024-06-10,0.2396975839786304,5,1.1080925,0.78658485
2024-06-17,-0.40239927785815416,10,1.0914406,0.84634733
2024-07-02,1.2066618966782006,21,1.0916221,0.930585
2024-06-05,0.0646450193276448,1,1.1408654,0.7716801
2024-06-07,0.31270201355934246,3,1.1116247,0.7814318
2024-06-11,-0.48619944480701854,5,1.0795739,0.7508145
2024-06-18,0.37036064368019106,10,1.0775704,0.78999645
2024-07-03,0.5544574880404657,21,1.0934513,0.8077936
2024-06-06,-0.06152863806932581,1,1.1189399,0.8810712
2024-06-10,0.2396975839786304,3,1.1080925,0.8533916
2024-06-12,1.2210938694768327,5,1.0884606,0.7457602
2024-06-19,0.022662535409508567,10,1.0647405,0.8092896
2024-07-04,0.23780293910261133,21,1.0850157,0.95581496
2024-06-07,0.31270201355934246,1,1.1116247,0.8225889
2024-06-11,-0.48619944480701854,3,1.0795739,0.84435654
2024-06-13,0.10147212309353983,5,1.0884255,0.7795983
2024-06-20,0.19593385111313044,10,1.0636464,0.8034977
2024-07-05,0.24581253378942325,21,1.0839899,0.86436534
2024-06-10,0.2396975839786304,1,1.1080925,0.7662213
2024-06-12,1.2210938694768327,3,1.0884606,0.7796439
2024-06-14,-1.673536590566142,5,1.0900217,0.77742773
2024-06-21,-0.021838148211828005,10,1.0539153,0.8062656
2024-07-08,0.0405205335552736,21,1.0768018,0.80433166
2024-06-11,-0.48619944480701854,1,1.0795739,0.76596516
2024-06-13,0.10147212309353983,3,1.0884255,0.7871559
2024-06-17,-0.40239927785815416,5,1.0914406,0.71498954
2024-06-24,-2.2002827588539318,10,1.0817974,0.7699399
2024-07-09,0.7876592267044298,21,1.0801334,0.8423263
2024-06-12,1.2210938694768327,1,1.0884606,0.7377654
2024-06-14,-1.673536590566142,3,1.0900217,0.75638855
2024-06-18,0.37036064368019106,5,1.0775704,0.72005796
2024-06-25,0.1943697140364327,10,1.0821271,0.7547631
2024-07-10,-0.602409125079032,21,1.0833398,0.77368724
2024-06-13,0.10147212309353983,1,1.0884255,0.76352924
2024-06-17,-0.40239927785815416,3,1.0914406,0.7796777
2024-06-19,0.022662535409508567,5,1.0647405,0.72836983
2024-06-26,0.3717535459389922,10,1.0807284,0.7715925
2024-07-11,-0.16655385328476893,21,1.0675321,0.84694874
2024-06-14,-1.673536590566142,1,1.0900217,0.8283284
2024-06-18,0.37036064368019106,3,1.0775704,0.8220396
2024-06-20,0.19593385111313044,5,1.0636464,0.737494
2024-06-27,-0.17061261989741555,10,1.0793678,0.78923976
2024-07-12,-0.23785860583660964,21,0.8605563,0.8814401
2024-06-17,-0.40239927785815416,1,1.0914406,0.8271054
2024-06-19,0.022662535409508567,3,1.0647405,0.82757515
2024-06-21,-0.021838148211828005,5,1.0539153,0.8015211
2024-06-28,-1.0996712810001221,10,1.0879445,0.8545282
2024-07-15,-0.07264007942712075,21,0.8605442,0.8808445
2024-06-18,0.37036064368019106,1,1.0775704,0.84024894
2024-06-20,0.19593385111313044,3,1.0636464,0.8298726
2024-06-24,-2.2002827588539318,5,1.0817974,0.6825322
2024-07-01,0.7392388497420312,10,1.0909759,0.71313894
2024-07-16,0.10620852228371805,21,0.82083815,0.85536957
2024-06-19,0.022662535409508567,1,1.0647405,0.7937635
2024-06-21,-0.021838148211828005,3,1.0539153,0.79965764
2024-06-25,0.1943697140364327,5,1.0821271,0.7629907
2024-07-02,1.2066618966782006,10,1.0916221,0.8025887
2024-07-17,-0.9820302934445382,21,0.80494255,0.80597925
2024-06-20,0.19593385111313044,1,1.0636464,0.81999236
2024-06-24,-2.2002827588539318,3,1.0817974,0.8085033
2024-06-26,0.3717535459389922,5,1.0807284,0.6936147
2024-07-03,0.5544574880404657,10,1.0934513,0.7250888
2024-07-18,0.45456411093580684,21,0.7913706,0.86001277
2024-06-21,-0.021838148211828005,1,1.0539153,0.82024276
2024-06-25,0.1943697140364327,3,1.0821271,0.79858863
2024-06-27,-0.17061261989741555,5,1.0793678,0.73877436
2024-07-04,0.23780293910261133,10,1.0850157,0.7752006
2024-07-19,-0.760867242927472,21,0.78417367,0.85191286
2024-06-24,-2.2002827588539318,1,1.0817974,0.726856
2024-06-26,0.3717535459389922,3,1.0807284,0.76625454
2024-06-28,-1.0996712810001221,5,1.0879445,0.6909503
2024-07-05,0.24581253378942325,10,1.0839899,0.7085875
2024-07-22,-0.8049515167346113,21,0.7354467,0.73984605
2024-06-25,0.1943697140364327,1,1.0821271,0.89642894
2024-06-27,-0.17061261989741555,3,1.0793678,0.8666514
2024-07-01,0.7392388497420312,5,1.0909759,0.7363019
2024-07-08,0.0405205335552736,10,1.0768018,0.75226307
2024-07-23,-1.8364046405172203,21,0.77531344,0.96920353
2024-06-26,0.3717535459389922,1,1.0807284,0.8724922
2024-06-28,-1.0996712810001221,3,1.0879445,0.8392659
2024-07-02,1.2066618966782006,5,1.0916221,0.72129345
2024-07-09,0.7876592267044298,10,1.0801334,0.7832565
2024-07-24,0.5392114364817119,21,0.7768023,0.9484902
2024-06-27,-0.17061261989741555,1,1.0793678,0.83244866
2024-07-01,0.7392388497420312,3,1.0909759,0.81150657
2024-07-03,0.5544574880404657,5,1.0934513,0.74111634
2024-07-10,-0.602409125079032,10,1.0833398,0.7934464
2024-07-25,-0.42724387914519896,21,0.77599794,0.8829485
2024-06-28,-1.0996712810001221,1,1.0879445,0.8063875
2024-07-02,1.2066618966782006,3,1.0916221,0.81781584
2024-07-04,0.23780293910261133,5,1.0850157,0.7443402
2024-07-11,-0.16655385328476893,10,1.0675321,0.8056037
2024-07-26,0.7207238404949167,21,0.7798678,0.87012255
2024-07-01,0.7392388497420312,1,1.0909759,0.8285314
2024-07-03,0.5544574880404657,3,1.0934513,0.81745946
2024-07-05,0.24581253378942325,5,1.0839899,0.763588
2024-07-12,-0.23785860583660964,10,0.8605563,0.80913085
2024-07-29,0.36082989754389055,21,0.75097895,0.8802756
2024-07-02,1.2066618966782006,1,1.0916221,0.8868476
2024-07-04,0.23780293910261133,3,1.0850157,0.83030987
2024-07-08,0.0405205335552736,5,1.0768018,0.7576399
2024-07-15,-0.07264007942712075,10,0.8605442,0.817304
2024-07-30,-0.12361238660921468,21,0.7475408,0.9735071
2024-07-03,0.5544574880404657,1,1.0934513,0.88310343
2024-07-05,0.24581253378942325,3,1.0839899,0.87577045
2024-07-09,0.7876592267044298,5,1.0801334,0.8092578
2024-07-16,0.10620852228371805,10,0.82083815,0.8621179
2024-07-31,0.5167100742753986,21,0.7503333,0.9427142
2024-07-04,0.23780293910261133,1,1.0850157,0.8407046
2024-07-08,0.0405205335552736,3,1.0768018,0.81794286
2024-07-10,-0.602409125079032,5,1.0833398,0.7653485
2024-07-17,-0.9820302934445382,10,0.80494255,0.8258342
2024-08-01,-1.9811256908887496,21,0.7926531,0.93643045
2024-07-05,0.24581253378942325,1,1.0839899,0.90452313
2024-07-09,0.7876592267044298,3,1.0801334,0.87501645
2024-07-11,-0.16655385328476893,5,1.0675321,0.77772343
2024-07-18,0.45456411093580684,10,0.7913706,0.8334793
2024-08-02,0.782611278194394,21,0.798582,0.9856709
2024-07-08,0.0405205335552736,1,1.0768018,0.84770066
2024-07-10,-0.602409125079032,3,1.0833398,0.8262943
2024-07-12,-0.23785860583660964,5,0.8605563,0.78012115
2024-07-19,-0.760867242927472,10,0.78417367,0.8216303
2024-08-05,-4.0035536378821375,21,0.9497756,0.8689547
2024-07-09,0.7876592267044298,1,1.0801334,0.82040155
2024-07-11,-0.16655385328476893,3,1.0675321,0.8269061
2024-07-15,-0.07264007942712075,5,0.8605442,0.780401
2024-07-22,-0.8049515167346113,10,0.7354467,0.8324415
2024-08-06,1.852159603381973,21,0.9809802,0.8718065
2024-07-10,-0.602409125079032,1,1.0833398,0.7944875
2024-07-12,-0.23785860583660964,3,0.8605563,0.7878578
2024-07-16,0.10620852228371805,5,0.82083815,0.7511119
2024-07-23,-1.8364046405172203,10,0.77531344,0.8081845
2024-08-07,0.4616356666512275,21,0.9756114,0.87100315
2024-07-11,-0.16655385328476893,1,1.0675321,0.82693595
2024-07-15,-0.07264007942712075,3,0.8605442,0.8182204
2024-07-17,-0.9820302934445382,5,0.80494255,0.75285935
2024-07-24,0.5392114364817119,10,0.7768023,0.8089129
2024-08-08,-0.6237129368952555,21,0.96559393,0.9112492
2024-07-12,-0.23785860583660964,1,0.8605563,0.8332574
2024-07-16,0.10620852228371805,3,0.82083815,0.8454357
2024-07-18,0.45456411093580684,5,0.7913706,0.7503519
2024-07-25,-0.42724387914519896,10,0.77599794,0.7772447
2024-08-09,1.2599058087108186,21,0.97959465,0.89321935
2024-07-15,-0.07264007942712075,1,0.8605442,1.0748678
2024-07-17,-0.9820302934445382,3,0.80494255,1.011573
2024-07-19,-0.760867242927472,5,0.78417367,1.0396339
2024-07-26,0.7207238404949167,10,0.7798678,1.0876989
2024-08-12,0.5411762572179802,21,0.9812768,1.2060645
2024-07-16,0.10620852228371805,1,0.82083815,1.1340365
2024-07-18,0.45456411093580684,3,0.7913706,1.0403352
2024-07-22,-0.8049515167346113,5,0.7354467,1.0266484
2024-07-29,0.36082989754389055,10,0.75097895,1.1118696
2024-08-13,0.011378875941899447,21,0.98131716,1.3778317
2024-07-17,-0.9820302934445382,1,0.80494255,0.9733822
2024-07-19,-0.760867242927472,3,0.78417367,0.9114188
2024-07-23,-1.8364046405172203,5,0.77531344,0.9139365
2024-07-30,-0.12361238660921468,10,0.7475408,0.96555007
2024-08-14,-0.004876502573333678,21,0.97648543,1.1338567
2024-07-18,0.45456411093580684,1,0.7913706,0.86578757
2024-07-22,-0.8049515167346113,3,0.7354467,0.877223
2024-07-24,0.5392114364817119,5,0.7768023,0.9184733
2024-07-31,0.5167100742753986,10,0.7503333,0.97795975
2024-08-15,-0.5542167149301727,21,0.96663225,1.0017548
2024-07-19,-0.760867242927472,1,0.78417367,0.9988091
2024-07-23,-1.8364046405172203,3,0.77531344,0.9261643
2024-07-25,-0.42724387914519896,5,0.77599794,0.8058089
2024-08-01,-1.9811256908887496,10,0.7926531,0.8710817
2024-08-16,2.31613195377392,21,0.99641156,1.0956341
2024-07-22,-0.8049515167346113,1,0.7354467,0.9861509
2024-07-24,0.5392114364817119,3,0.7768023,0.9326555
2024-07-26,0.7207238404949167,5,0.7798678,0.9230225
2024-08-02,0.782611278194394,10,0.798582,0.98599523
2024-08-19,0.7470647549960541,21,0.99944776,1.094728
2024-07-23,-1.8364046405172203,1,0.77531344,1.2282119
2024-07-25,-0.42724387914519896,3,0.77599794,1.0593611
2024-07-29,0.36082989754389055,5,0.75097895,0.91311026
2024-08-05,-4.0035536378821375,10,0.9497756,1.0433922
2024-08-20,0.8626151975185544,21,0.995407,1.4310231
2024-07-24,0.5392114364817119,1,0.7768023,1.4515538
2024-07-26,0.7207238404949167,3,0.7798678,1.4320242
2024-07-30,-0.12361238660921468,5,0.7475408,1.2616609
2024-08-06,1.852159603381973,10,0.9809802,1.179908
2024-08-21,0.8996383918118266,21,0.9979419,1.3151813
2024-07-25,-0.42724387914519896,1,0.77599794,1.3517691
2024-07-29,0.36082989754389055,3,0.75097895,1.1999444
2024-07-31,0.5167100742753986,5,0.7503333,1.1112375
2024-08-07,0.4616356666512275,10,0.9756114,1.1177493
2024-08-22,-0.09895474991584495,21,0.9957947,1.4029684
2024-07-26,0.7207238404949167,1,0.7798678,1.2121055
2024-07-30,-0.12361238660921468,3,0.7475408,1.1216805
2024-08-01,-1.9811256908887496,5,0.7926531,1.1205933
2024-08-08,-0.6237129368952555,10,0.96559393,1.1875607
2024-08-23,0.1978116761995283,21,0.99474955,1.4154001
2024-07-29,0.36082989754389055,1,0.75097895,1.2044713
2024-07-31,0.5167100742753986,3,0.7503333,1.1329676
2024-08-02,0.782611278194394,5,0.798582,1.0577936
2024-08-09,1.2599058087108186,10,0.97959465,1.1080027
2024-08-26,-0.41320117729447176,21,0.9789392,1.3007812
2024-07-30,-0.12361238660921468,1,0.7475408,1.2031829
2024-08-01,-1.9811256908887496,3,0.7926531,1.0955876
2024-08-05,-4.0035536378821375,5,0.9497756,1.0746105
2024-08-12,0.5411762572179802,10,0.9812768,1.0796256
2024-08-27,0.042177944684833484,21,0.9782938,1.2877525
2024-07-31,0.5167100742753986,1,0.7503333,1.1847687
2024-08-02,0.782611278194394,3,0.798582,1.1327016
2024-08-06,1.852159603381973,5,0.9809802,1.235847
2024-08-13,0.011378875941899447,10,0.98131716,1.2427077
2024-08-28,0.06869633369301614,21,0.9782987,1.3249652
2024-08-01,-1.9811256908887496,1,0.7926531,1.2440493
2024-08-05,-4.0035536378821375,3,0.9497756,1.1725008
2024-08-07,0.4616356666512275,5,0.9756114,1.0493802
2024-08-14,-0.004876502573333678,10,0.97648543,1.1268127
2024-08-29,0.00234108884052131,21,0.9782696,1.378235
2024-08-02,0.782611278194394,1,0.798582,1.3841223
2024-08-06,1.852159603381973,3,0.9809802,1.5770779
2024-08-08,-0.6237129368952555,5,0.96559393,1.5922068
2024-08-15,-0.5542167149301727,10,0.96663225,1.3732356
2024-08-30,0.1871097554476947,21,0.97771746,1.4664127
2024-08-05,-4.0035536378821375,1,0.9497756,1.4061104
2024-08-07,0.4616356666512275,3,0.9756114,1.5288016
2024-08-09,1.2599058087108186,5,0.97959465,1.3426706
2024-08-16,2.31613195377392,10,0.99641156,1.4007508
2024-09-04,-0.6305521210399527,21,0.98047984,1.5816993
2024-08-06,1.852159603381973,1,0.9809802,0.9906299
2024-08-08,-0.6237129368952555,3,0.96559393,0.95401317
2024-08-12,0.5411762572179802,5,0.9812768,0.99563015
2024-08-19,0.7470647549960541,10,0.99944776,1.0441443
2024-09-05,-0.5966975381401426,21,0.98147494,1.0926311
2024-08-07,0.4616356666512275,1,0.9756114,1.0034395
2024-08-09,1.2599058087108186,3,0.97959465,0.9164158
2024-08-13,0.011378875941899447,5,0.98131716,0.8330153
2024-08-20,0.8626151975185544,10,0.995407,0.90037
2024-09-06,0.45237020384992993,21,0.96993345,1.1050832
2024-08-08,-0.6237129368952555,1,0.96559393,0.8900748
2024-08-12,0.5411762572179802,3,0.9812768,0.88673997
2024-08-14,-0.004876502573333678,5,0.97648543,0.9626256
2024-08-21,0.8996383918118266,10,0.9979419,1.0138232
2024-09-09,-0.49022598953352337,21,0.97153974,0.9892856
2024-08-09,1.2599058087108186,1,0.97959465,1.0041475
2024-08-13,0.011378875941899447,3,0.98131716,0.86689246
2024-08-15,-0.5542167149301727,5,0.96663225,0.8118088
2024-08-22,-0.09895474991584495,10,0.9957947,0.8948518
2024-09-10,-0.9909076862795133,21,0.95600444,1.0907606
2024-08-12,0.5411762572179802,1,0.9812768,0.9321313
2024-08-14,-0.004876502573333678,3,0.97648543,0.88769364
2024-08-16,2.31613195377392,5,0.99641156,0.84716535
2024-08-23,0.1978116761995283,10,0.99474955,0.88626516
2024-09-11,-0.15626871826657573,21,0.95491755,1.0173835
2024-08-13,0.011378875941899447,1,0.98131716,0.8976127
2024-08-15,-0.5542167149301727,3,0.96663225,0.8741074
2024-08-19,0.7470647549960541,5,0.99944776,0.8564356
2024-08-26,-0.41320117729447176,10,0.9789392,0.9158857
2024-09-12,0.24545561052086132,21,0.95416945,0.98171926
2024-08-14,-0.004876502573333678,1,0.97648543,0.95132697
2024-08-16,2.31613195377392,3,0.99641156,0.9036628
2024-08-20,0.8626151975185544,5,0.995407,0.8680287
2024-08-27,0.042177944684833484,10,0.9782938,0.93845224
2024-09-13,-0.37000751925236586,21,0.95514524,1.0434027
2024-08-15,-0.5542167149301727,1,0.96663225,0.8779335
2024-08-19,0.7470647549960541,3,0.99944776,0.8491797
2024-08-21,0.8996383918118266,5,0.9979419,0.83104855
2024-08-28,0.06869633369301614,10,0.9782987,0.88907
2024-09-16,-0.9996189171903125,21,0.9626452,0.94031554
2024-08-16,2.31613195377392,1,0.99641156,0.8962159
2024-08-20,0.8626151975185544,3,0.995407,0.83988297
2024-08-22,-0.09895474991584495,5,0.9957947,0.7430804
2024-08-29,0.00234108884052131,10,0.9782696,0.8156222
2024-09-17,1.5763612932007853,21,0.9854725,0.9657062
2024-08-19,0.7470647549960541,1,0.99944776,0.9003179
2024-08-21,0.8996383918118266,3,0.9979419,0.84206855
2024-08-23,0.1978116761995283,5,0.99474955,0.7871028
2024-08-30,0.1871097554476947,10,0.97771746,0.82473
2024-09-18,0.47150274565499456,21,0.9453008,0.9431982
2024-08-20,0.8626151975185544,1,0.995407,0.83872336
2024-08-22,-0.09895474991584495,3,0.9957947,0.80561626
2024-08-26,-0.41320117729447176,5,0.9789392,0.7205876
2024-09-04,-0.6305521210399527,10,0.98047984,0.7763939
2024-09-19,0.5023333132224256,21,0.9471296,0.9062178
2024-08-21,0.8996383918118266,1,0.9979419,0.85982543
2024-08-23,0.1978116761995283,3,0.99474955,0.8400307
2024-08-27,0.042177944684833484,5,0.9782938,0.79896647
2024-09-05,-0.5966975381401426,10,0.98147494,0.86326706
2024-09-20,0.0605510160795262,21,0.9460188,0.943817
2024-08-22,-0.09895474991584495,1,0.9957947,0.8708125
2024-08-26,-0.41320117729447176,3,0.9789392,0.83531415
2024-08-28,0.06869633369301614,5,0.9782987,0.7932496
2024-09-06,0.45237020384992993,10,0.96993345,0.8455055
2024-09-23,-0.28025776850019773,21,0.94648767,0.904794
2024-08-23,0.1978116761995283,1,0.99474955,0.8419309
2024-08-27,0.042177944684833484,3,0.9782938,0.8259782
2024-08-29,0.00234108884052131,5,0.9782696,0.7770385
2024-09-09,-0.49022598953352337,10,0.97153974,0.81692934
2024-09-24,0.6686412886801099,21,0.938773,0.91121805
2024-08-26,-0.41320117729447176,1,0.9789392,0.89459217
2024-08-28,0.06869633369301614,3,0.9782987,0.8288435
2024-08-30,0.1871097554476947,5,0.97771746,0.705553
2024-09-10,-0.9909076862795133,10,0.95600444,0.7557744
2024-09-25,0.8181073288340289,21,0.93982065,0.922883
2024-08-27,0.042177944684833484,1,0.9782938,0.8138082
2024-08-29,0.00234108884052131,3,0.9782696,0.82503515
2024-09-04,-0.6305521210399527,5,0.98047984,0.8146308
2024-09-11,-0.15626871826657573,10,0.95491755,0.87444484
2024-09-26,0.31097711346911555,21,0.92806655,0.8957387
2024-08-28,0.06869633369301614,1,0.9782987,0.86777455
2024-08-30,0.1871097554476947,3,0.97771746,0.80677456
2024-09-05,-0.5966975381401426,5,0.98147494,0.71002877
2024-09-12,0.24545561052086132,10,0.95416945,0.7769543
2024-09-27,-0.044144811184636146,21,0.9255279,0.93190676
2024-08-29,0.00234108884052131,1,0.9782696,0.7805711
2024-09-04,-0.6305521210399527,3,0.98047984,0.77916247
2024-09-06,0.45237020384992993,5,0.96993345,0.7392078
2024-09-13,-0.37000751925236586,10,0.95514524,0.7950454
2024-09-30,-0.23110997311940076,21,0.9256224,0.83907706
2024-08-30,0.1871097554476947,1,0.97771746,0.85914636
2024-09-05,-0.5966975381401426,3,0.98147494,0.82494
2024-09-09,-0.49022598953352337,5,0.97153974,0.75053746
2024-09-16,-0.9996189171903125,10,0.9626452,0.8224499
2024-10-01,0.3302149395759032,21,0.9260502,0.94219977
2024-09-04,-0.6305521210399527,1,0.98047984,0.84274596
2024-09-06,0.45237020384992993,3,0.96993345,0.8192271
2024-09-10,-0.9909076862795133,5,0.95600444,0.75380075
2024-09-17,1.5763612932007853,10,0.9854725,0.8184205
2024-10-02,-0.3379795778641433,21,0.9271402,0.9164194
2024-09-05,-0.5966975381401426,1,0.98147494,0.8121434
2024-09-09,-0.49022598953352337,3,0.97153974,0.82365704
2024-09-11,-0.15626871826657573,5,0.95491755,0.85144603
2024-09-18,0.47150274565499456,10,0.9453008,0.9031365
2024-10-03,-0.7591796207755055,21,0.92652965,0.8795462
2024-09-06,0.45237020384992993,1,0.96993345,0.81526804
2024-09-10,-0.9909076862795133,3,0.95600444,0.7932098
2024-09-12,0.24545561052086132,5,0.95416945,0.7188378
2024-09-19,0.5023333132224256,10,0.9471296,0.78011847
2024-10-04,-0.5885370305235871,21,0.9263837,0.8983754
2024-09-09,-0.49022598953352337,1,0.97153974,0.77847373
2024-09-11,-0.15626871826657573,3,0.95491755,0.78650045
2024-09-13,-0.37000751925236586,5,0.95514524,0.7809064
2024-09-20,0.0605510160795262,10,0.9460188,0.82726073
2024-10-07,-0.05274490090908634,21,0.92619497,0.8302409
2024-09-10,-0.9909076862795133,1,0.95600444,0.8122536
2024-09-12,0.24545561052086132,3,0.95416945,0.80150133
2024-09-16,-0.9996189171903125,5,0.9626452,0.7102754
2024-09-23,-0.28025776850019773,10,0.94648767,0.7766444
2024-10-08,0.1612960682673404,21,0.9260233,0.9072512
2024-09-11,-0.15626871826657573,1,0.95491755,0.89059615
2024-09-13,-0.37000751925236586,3,0.95514524,0.8582501
2024-09-17,1.5763612932007853,5,0.9854725,0.80830526
2024-09-24,0.6686412886801099,10,0.938773,0.8833791
2024-10-09,0.77296054488313,21,0.9314948,0.9801563
2024-09-12,0.24545561052086132,1,0.95416945,0.8350328
2024-09-16,-0.9996189171903125,3,0.9626452,0.79939073
2024-09-18,0.47150274565499456,5,0.9453008,0.7137648
2024-09-25,0.8181073288340289,10,0.93982065,0.7523328
2024-10-10,0.35121774590472754,21,0.93249303,0.8755851
2024-09-13,-0.37000751925236586,1,0.95514524,0.83752966
2024-09-17,1.5763612932007853,3,0.9854725,0.8203211
2024-09-19,0.5023333132224256,5,0.9471296,0.7725298
2024-09-26,0.31097711346911555,10,0.92806655,0.8390398
2024-10-11,0.15768524482975108,21,0.9235759,0.93107414
2024-09-16,-0.9996189171903125,1,0.9626452,0.8287671
2024-09-18,0.47150274565499456,3,0.9453008,0.80819535
2024-09-20,0.0605510160795262,5,0.9460188,0.75100183
2024-09-27,-0.044144811184636146,10,0.9255279,0.81697345
2024-10-14,-0.1592400316296404,21,0.9221436,0.91815275
2024-09-17,1.5763612932007853,1,0.9854725,0.85336775
2024-09-19,0.5023333132224256,3,0.9471296,0.84472734
2024-09-23,-0.28025776850019773,5,0.94648767,0.8067056
2024-09-30,-0.23110997311940076,10,0.9256224,0.87158984
2024-10-15,-0.4097504389164149,21,0.9182391,0.9606203
2024-09-18,0.47150274565499456,1,0.9453008,0.8751992
2024-09-20,0.0605510160795262,3,0.9460188,0.878922
2024-09-24,0.6686412886801099,5,0.938773,0.8349413
2024-10-01,0.3302149395759032,10,0.9260502,0.88634074
2024-10-16,-0.12497267849549841,21,0.91204333,0.9197047
2024-09-19,0.5023333132224256,1,0.9471296,0.74644125
2024-09-23,-0.28025776850019773,3,0.94648767,0.7624941
2024-09-25,0.8181073288340289,5,0.93982065,0.7583547
2024-10-02,-0.3379795778641433,10,0.9271402,0.78874415
2024-10-17,0.5487153284372991,21,0.88063526,0.78210974
2024-09-20,0.0605510160795262,1,0.9460188,0.8056374
2024-09-24,0.6686412886801099,3,0.938773,0.77894413
2024-09-26,0.31097711346911555,5,0.92806655,0.69803995
2024-10-03,-0.7591796207755055,10,0.92652965,0.7517963
2024-10-18,-0.08242677314871365,21,0.8787051,0.86543846
2024-09-23,-0.28025776850019773,1,0.94648767,0.80711365
2024-09-25,0.8181073288340289,3,0.93982065,0.83295494
2024-09-27,-0.044144811184636146,5,0.9255279,0.7520108
2024-10-04,-0.5885370305235871,10,0.9263837,0.7904521
2024-10-21,-0.4436256656731703,21,0.87886226,0.83256936
2024-09-24,0.6686412886801099,1,0.938773,0.80153537
2024-09-26,0.31097711346911555,3,0.92806655,0.80202323
2024-09-30,-0.23110997311940076,5,0.9256224,0.7551613
2024-10-07,-0.05274490090908634,10,0.92619497,0.7734136
2024-10-22,-0.7750091739745312,21,0.88106537,0.8137841
2024-09-25,0.8181073288340289,1,0.93982065,0.795275
2024-09-27,-0.044144811184636146,3,0.9255279,0.8069514
2024-10-01,0.3302149395759032,5,0.9260502,0.6756572
2024-10-08,0.1612960682673404,10,0.9260233,0.70189077
2024-10-23,0.07950283598403028,21,0.8800601,0.8256453
2024-09-26,0.31097711346911555,1,0.92806655,0.7594115
2024-09-30,-0.23110997311940076,3,0.9256224,0.7647128
2024-10-02,-0.3379795778641433,5,0.9271402,0.7375042
2024-10-09,0.77296054488313,10,0.9314948,0.77494156
2024-10-24,-1.06712610519671,21,0.89124936,0.786788
2024-09-27,-0.044144811184636146,1,0.9255279,0.7475836
2024-10-01,0.3302149395759032,3,0.9260502,0.7662618
2024-10-03,-0.7591796207755055,5,0.92652965,0.6816939
2024-10-10,0.35121774590472754,10,0.93249303,0.71962655
2024-10-25,-0.37368625988702037,21,0.8901907,0.8053214
2024-09-30,-0.23110997311940076,1,0.9256224,0.76198834
2024-10-02,-0.3379795778641433,3,0.9271402,0.75969636
2024-10-04,-0.5885370305235871,5,0.9263837,0.72216666
2024-10-11,0.15768524482975108,10,0.9235759,0.7481217
2024-10-28,0.1635101600989648,21,0.85144186,0.7877012
2024-10-01,0.3302149395759032,1,0.9260502,0.7489514
2024-10-03,-0.7591796207755055,3,0.92652965,0.7451114
2024-10-07,-0.05274490090908634,5,0.92619497,0.68769073
2024-10-14,-0.1592400316296404,10,0.9221436,0.730526
2024-10-29,0.5571133600429916,21,0.8485894,0.79296714
2024-10-02,-0.3379795778641433,1,0.9271402,0.8193442
2024-10-04,-0.5885370305235871,3,0.9263837,0.7975528
2024-10-08,0.1612960682673404,5,0.9260233,0.72954404
2024-10-15,-0.4097504389164149,10,0.9182391,0.76440775
2024-10-30,-0.24995946215835038,21,0.6642587,0.87307686
2024-10-03,-0.7591796207755055,1,0.92652965,0.7294446
2024-10-07,-0.05274490090908634,3,0.92619497,0.7521658
2024-10-09,0.77296054488313,5,0.9314948,0.70567244
2024-10-16,-0.12497267849549841,10,0.91204333,0.74243015
2024-10-31,0.4637142639641829,21,0.62507707,0.77151144
2024-10-04,-0.5885370305235871,1,0.9263837,0.7875698
2024-10-08,0.1612960682673404,3,0.9260233,0.786597
2024-10-10,0.35121774590472754,5,0.93249303,0.7030834
2024-10-17,0.5487153284372991,10,0.88063526,0.7496561
2024-11-01,-0.7613051134604667,21,0.63208956,0.8422265
2024-10-07,-0.05274490090908634,1,0.92619497,0.80558324
2024-10-09,0.77296054488313,3,0.9314948,0.77205116
2024-10-11,0.15768524482975108,5,0.9235759,0.67998195
2024-10-18,-0.08242677314871365,10,0.8787051,0.7120315
2024-11-04,-0.8145348282968377,21,0.63601816,0.82249314
2024-10-08,0.1612960682673404,1,0.9260233,0.76902336
2024-10-10,0.35121774590472754,3,0.93249303,0.8015342
2024-10-14,-0.1592400316296404,5,0.9221436,0.67691004
2024-10-21,-0.4436256656731703,10,0.87886226,0.67715406
2024-11-05,0.08432143829986125,21,0.6158859,0.78564984
2024-10-09,0.77296054488313,1,0.9314948,0.86506903
2024-10-11,0.15768524482975108,3,0.9235759,0.8377994
2024-10-15,-0.4097504389164149,5,0.9182391,0.7143278
2024-10-22,-0.7750091739745312,10,0.88106537,0.7371479
2024-11-06,1.2381292889507105,21,0.63205326,0.94724387
2024-10-10,0.35121774590472754,1,0.93249303,0.8128886
2024-10-14,-0.1592400316296404,3,0.9221436,0.85699004
2024-10-16,-0.12497267849549841,5,0.91204333,0.74640393
2024-10-23,0.07950283598403028,10,0.8800601,0.78345007
2024-11-07,-0.12137897508906523,21,0.6323927,0.8570447
2024-10-11,0.15768524482975108,1,0.9235759,0.8410531
2024-10-15,-0.4097504389164149,3,0.9182391,0.8172922
2024-10-17,0.5487153284372991,5,0.88063526,0.73148566
2024-10-24,-1.06712610519671,10,0.89124936,0.780067
2024-11-08,-0.5723831557440059,21,0.63728905,0.8872161
2024-10-14,-0.1592400316296404,1,0.9221436,0.78156215
2024-10-16,-0.12497267849549841,3,0.91204333,0.84989
2024-10-18,-0.08242677314871365,5,0.8787051,0.73524725
2024-10-25,-0.37368625988702037,10,0.8901907,0.7697757
2024-11-11,-0.17899384693293727,21,0.6332894,0.80715346
2024-10-15,-0.4097504389164149,1,0.9182391,0.81336755
2024-10-17,0.5487153284372991,3,0.88063526,0.82164747
2024-10-21,-0.4436256656731703,5,0.87886226,0.7585927
2024-10-28,0.1635101600989648,10,0.85144186,0.8136389
2024-11-12,-0.440857740083501,21,0.560936,0.87181807
2024-10-16,-0.12497267849549841,1,0.91204333,0.8005513
2024-10-18,-0.08242677314871365,3,0.8787051,0.8647343
2024-10-22,-0.7750091739745312,5,0.88106537,0.72922945
2024-10-29,0.5571133600429916,10,0.8485894,0.72002435
2024-11-13,0.09795814277457857,21,0.55228233,0.86995524
2024-10-17,0.5487153284372991,1,0.88063526,0.79472524
2024-10-21,-0.4436256656731703,3,0.87886226,0.850577
2024-10-23,0.07950283598403028,5,0.8800601,0.7718659
2024-10-30,-0.24995946215835038,10,0.6642587,0.80547017
2024-11-14,-1.142094716787596,21,0.55854213,0.8328146
2024-10-18,-0.08242677314871365,1,0.8787051,0.78683645
2024-10-22,-0.7750091739745312,3,0.88106537,0.776575
2024-10-24,-1.06712610519671,5,0.89124936,0.6741771
2024-10-31,0.4637142639641829,10,0.62507707,0.7160877
2024-11-15,-1.0871535296191033,21,0.5599318,0.83663666
2024-10-21,-0.4436256656731703,1,0.87886226,0.8231639
2024-10-23,0.07950283598403028,3,0.8800601,0.81680167
2024-10-25,-0.37368625988702037,5,0.8901907,0.73997545
2024-11-01,-0.7613051134604667,10,0.63208956,0.79303706
2024-11-18,-0.11906278477907348,21,0.5599449,0.8828441
2024-10-22,-0.7750091739745312,1,0.88106537,0.78314877
2024-10-24,-1.06712610519671,3,0.89124936,0.77495044
2024-10-28,0.1635101600989648,5,0.85144186,0.7012431
2024-11-04,-0.8145348282968377,10,0.63601816,0.749133
2024-11-19,-0.9883371743592212,21,0.5705372,0.8182495
2024-10-23,0.07950283598403028,1,0.8800601,0.79111063
2024-10-25,-0.37368625988702037,3,0.8901907,0.81153256
2024-10-29,0.5571133600429916,5,0.8485894,0.73853445
2024-11-05,0.08432143829986125,10,0.6158859,0.7693066
2024-11-20,0.9406723394208153,21,0.5848291,0.87193054
2024-10-24,-1.06712610519671,1,0.89124936,0.78153175
2024-10-28,0.1635101600989648,3,0.85144186,0.78428125
2024-10-30,-0.24995946215835038,5,0.6642587,0.7140479
2024-11-06,1.2381292889507105,10,0.63205326,0.7593474
2024-11-21,0.9644759347831843,21,0.60014284,0.83793473
2024-10-25,-0.37368625988702037,1,0.8901907,0.82181996
2024-10-29,0.5571133600429916,3,0.8485894,0.8479706
2024-10-31,0.4637142639641829,5,0.62507707,0.7876909
2024-11-07,-0.12137897508906523,10,0.6323927,0.8145906
2024-11-22,-0.018726363110051693,21,0.59990793,0.8788161
2024-10-28,0.1635101600989648,1,0.85144186,0.8673557
2024-10-30,-0.24995946215835038,3,0.6642587,0.88576365
2024-11-01,-0.7613051134604667,5,0.63208956,0.77944535
2024-11-08,-0.5723831557440059,10,0.63728905,0.8129707
2024-11-25,0.5359765957359764,21,0.60494614,0.91704965
2024-10-29,0.5571133600429916,1,0.8485894,0.7768411
2024-10-31,0.4637142639641829,3,0.62507707,0.8330105
2024-11-04,-0.8145348282968377,5,0.63601816,0.73293036
2024-11-11,-0.17899384693293727,10,0.6332894,0.7697222
2024-11-26,0.5999622329494407,21,0.6101528,0.80702555
2024-10-30,-0.24995946215835038,1,0.6642587,0.7896137
2024-11-01,-0.7613051134604667,3,0.63208956,0.87896204
2024-11-05,0.08432143829986125,5,0.6158859,0.7377655
2024-11-12,-0.440857740083501,10,0.560936,0.7418699
2024-11-27,-0.012881929086698354,21,0.6054717,0.78543824
2024-10-31,0.4637142639641829,1,0.62507707,1.0727122
2024-11-04,-0.8145348282968377,3,0.63601816,1.053094
2024-11-06,1.2381292889507105,5,0.63205326,1.06126
2024-11-13,0.09795814277457857,10,0.55228233,1.0842453
2024-11-28,0.011271778698595457,21,0.6011506,1.2118989
2024-11-01,-0.7613051134604667,1,0.63208956,0.9954387
2024-11-05,0.08432143829986125,3,0.6158859,0.9531919
2024-11-07,-0.12137897508906523,5,0.6323927,0.939793
2024-11-14,-1.142094716787596,10,0.55854213,1.017034
2024-11-29,0.6699937201642893,21,0.6047844,1.0976
2024-11-04,-0.8145348282968377,1,0.63601816,1.0446552
2024-11-06,1.2381292889507105,3,0.63205326,0.98864806
2024-11-08,-0.5723831557440059,5,0.63728905,0.9741502
2024-11-15,-1.0871535296191033,10,0.5599318,1.0442994
2024-12-02,0.05995994855195957,21,0.60186803,1.1550096
2024-11-05,0.08432143829986125,1,0.6158859,1.148438
2024-11-07,-0.12137897508906523,3,0.6323927,1.0495311
2024-11-11,-0.17899384693293727,5,0.6332894,1.0652272
2024-11-18,-0.11906278477907348,10,0.5599449,1.1162759
2024-12-03,-0.11035410389657396,21,0.5884239,1.2399181
2024-11-06,1.2381292889507105,1,0.63205326,1.1203034
2024-11-08,-0.5723831557440059,3,0.63728905,0.99329877
2024-11-12,-0.440857740083501,5,0.560936,0.90877736
2024-11-19,-0.9883371743592212,10,0.5705372,0.97522473
2024-12-04,-0.7565571938200137,21,0.5960555,1.237571
2024-11-07,-0.12137897508906523,1,0.6323927,1.1138473
2024-11-11,-0.17899384693293727,3,0.6332894,1.0415465
2024-11-13,0.09795814277457857,5,0.55228233,1.0591587
2024-11-20,0.9406723394208153,10,0.5848291,1.1139033
2024-12-05,2.1628154714985537,21,0.6585013,1.2308652
2024-11-08,-0.5723831557440059,1,0.63728905,1.1244956
2024-11-12,-0.440857740083501,3,0.560936,0.9996942
2024-11-14,-1.142094716787596,5,0.55854213,0.92871535
2024-11-21,0.9644759347831843,10,0.60014284,1.0282156
2024-12-06,0.20570057732501104,21,0.6569924,1.2352262
2024-11-11,-0.17899384693293727,1,0.6332894,1.1280531
2024-11-13,0.09795814277457857,3,0.55228233,0.99955666
2024-11-15,-1.0871535296191033,5,0.5599318,0.9963578
2024-11-22,-0.018726363110051693,10,0.59990793,1.055006
2024-12-09,0.29088299506266724,21,0.643895,1.307903
2024-11-12,-0.440857740083501,1,0.560936,1.1625084
2024-11-14,-1.142094716787596,3,0.55854213,1.04632
2024-11-18,-0.11906278477907348,5,0.5599449,0.97724605
2024-11-25,0.5359765957359764,10,0.60494614,1.048793
2024-12-10,-0.13904657157367484,21,0.6120843,1.2650248
2024-11-13,0.09795814277457857,1,0.55228233,1.4439832
2024-11-15,-1.0871535296191033,3,0.5599318,1.4353036
2024-11-19,-0.9883371743592212,5,0.5705372,1.3652506
2024-11-26,0.5999622329494407,10,0.6101528,1.330961
2024-12-11,-0.252663529313225,21,0.6101125,1.4163235
2024-11-14,-1.142094716787596,1,0.55854213,1.3552375
2024-11-18,-0.11906278477907348,3,0.5599449,1.2010005
2024-11-20,0.9406723394208153,5,0.5848291,1.264028
2024-11-27,-0.012881929086698354,10,0.6054717,1.2678952
2024-12-12,-0.1190753272338045,21,0.6067959,1.4972796
2024-11-15,-1.0871535296191033,1,0.5599318,1.3163027
2024-11-19,-0.9883371743592212,3,0.5705372,1.3942924
2024-11-21,0.9644759347831843,5,0.60014284,1.4490918
2024-11-28,0.011271778698595457,10,0.6011506,1.3749639
2024-12-13,-0.37787801099414764,21,0.6086284,1.3606452
2024-11-18,-0.11906278477907348,1,0.5599449,1.4797174
2024-11-20,0.9406723394208153,3,0.5848291,1.5670532
2024-11-22,-0.018726363110051693,5,0.59990793,1.366595
2024-11-29,0.6699937201642893,10,0.6047844,1.3057518
2024-12-16,0.09658165066219467,21,0.60776174,1.4962438
2024-11-19,-0.9883371743592212,1,0.5705372,1.3343078
2024-11-21,0.9644759347831843,3,0.60014284,1.3861897
2024-11-25,0.5359765957359764,5,0.60494614,1.4612154
2024-12-02,0.05995994855195957,10,0.60186803,1.4092611
2024-12-17,-0.1639273226829303,21,0.6015664,1.4588746
2024-11-20,0.9406723394208153,1,0.5848291,1.5375733
2024-11-22,-0.018726363110051693,3,0.59990793,1.7435981
2024-11-26,0.5999622329494407,5,0.6101528,1.5223894
2024-12-03,-0.11035410389657396,10,0.5884239,1.5922205
2024-12-18,0.33864542673068865,21,0.5933726,1.6149284
2024-11-21,0.9644759347831843,1,0.60014284,1.6394234
2024-11-25,0.5359765957359764,3,0.60494614,1.6309553
2024-11-27,-0.012881929086698354,5,0.6054717,1.4843533
2024-12-04,-0.7565571938200137,10,0.5960555,1.4873655
2024-12-19,-0.8989733922349722,21,0.6021509,1.4929929
2024-11-22,-0.018726363110051693,1,0.59990793,1.6398559
2024-11-26,0.5999622329494407,3,0.6101528,1.5023526
2024-11-28,0.011271778698595457,5,0.6011506,1.6781045
2024-12-05,2.1628154714985537,10,0.6585013,1.7795503
2024-12-20,0.2253033192122547,21,0.6031856,1.512973
2024-11-25,0.5359765957359764,1,0.60494614,1.6042551
2024-11-27,-0.012881929086698354,3,0.6054717,1.5566448
2024-11-29,0.6699937201642893,5,0.6047844,1.4885042
2024-12-06,0.20570057732501104,10,0.6569924,1.5480199
2024-12-23,0.4174178566826865,21,0.60557663,1.6884446
2024-11-26,0.5999622329494407,1,0.6101528,1.691213
2024-11-28,0.011271778698595457,3,0.6011506,1.7537355
2024-12-02,0.05995994855195957,5,0.60186803,1.6229694
2024-12-09,0.29088299506266724,10,0.643895,1.7046252
2024-12-24,-0.19024071180368515,21,0.60401255,1.5020815
2024-11-27,-0.012881929086698354,1,0.6054717,1.4114883
2024-11-29,0.6699937201642893,3,0.6047844,1.3504424
2024-12-03,-0.11035410389657396,5,0.5884239,1.5154266
2024-12-10,-0.13904657157367484,10,0.6120843,1.5914179
2024-12-25,1.0795559390797762,21,0.6197409,1.8629873
2024-11-28,0.011271778698595457,1,0.6011506,1.3401918
2024-12-02,0.05995994855195957,3,0.60186803,1.2244525
2024-12-04,-0.7565571938200137,5,0.5960555,1.3010728
2024-12-11,-0.252663529313225,10,0.6101125,1.3272578
2024-12-26,-0.09187604448542243,21,0.6121548,1.4927685
2024-11-29,0.6699937201642893,1,0.6047844,1.1795276
2024-12-03,-0.11035410389657396,3,0.5884239,1.1619532
2024-12-05,2.1628154714985537,5,0.6585013,1.1910211
2024-12-12,-0.1190753272338045,10,0.6067959,1.13307
2024-12-27,0.17817831174581888,21,0.60779303,1.372922
2024-12-02,0.05995994855195957,1,0.60186803,1.3405076
2024-12-04,-0.7565571938200137,3,0.5960555,1.4138479
2024-12-06,0.20570057732501104,5,0.6569924,1.358356
2024-12-13,-0.37787801099414764,10,0.6086284,1.2935953
2024-12-30,-0.24497884391874997,21,0.6086138,1.4613668
2024-12-03,-0.11035410389657396,1,0.5884239,1.2628988
2024-12-05,2.1628154714985537,3,0.6585013,1.2496221
2024-12-09,0.29088299506266724,5,0.643895,1.2858565
2024-12-16,0.09658165066219467,10,0.60776174,1.289747
2024-12-31,-0.4127940318851804,21,0.6105883,1.4223673
2024-12-04,-0.7565571938200137,1,0.5960555,1.1658195
2024-12-06,0.20570057732501104,3,0.6569924,1.145093
2024-12-10,-0.13904657157367484,5,0.6120843,1.1587658
2024-12-17,-0.1639273226829303,10,0.6015664,1.2802068
2025-01-02,0.23102801928758118,21,0.6028166,1.3658684
2024-12-05,2.1628154714985537,1,0.6585013,1.268678
2024-12-09,0.29088299506266724,3,0.643895,1.1950376
2024-12-11,-0.252663529313225,5,0.6101125,1.2301363
2024-12-18,0.33864542673068865,10,0.5933726,1.3251194
2025-01-03,-1.1979701957987536,21,0.6197665,1.5315425
2024-12-06,0.20570057732501104,1,0.6569924,1.3474761
2024-12-10,-0.13904657157367484,3,0.6120843,1.1989069
2024-12-12,-0.1190753272338045,5,0.6067959,1.3468137
2024-12-19,-0.8989733922349722,10,0.6021509,1.3406471
2025-01-06,-0.6589546183834899,21,0.62426484,1.6344613
2024-12-09,0.29088299506266724,1,0.643895,1.108037
2024-12-11,-0.252663529313225,3,0.6101125,1.1105926
2024-12-13,-0.37787801099414764,5,0.6086284,1.290936
2024-12-20,0.2253033192122547,10,0.6031856,1.2888256
2025-01-07,0.04812898661067636,21,0.6242536,1.4443079
2024-12-10,-0.13904657157367484,1,0.6120843,1.0909647
2024-12-12,-0.1190753272338045,3,0.6067959,1.1892407
2024-12-16,0.09658165066219467,5,0.60776174,1.2248707
2024-12-23,0.4174178566826865,10,0.60557663,1.097781
2025-01-08,0.3258648904141989,21,0.62432873,1.3256638
2024-12-11,-0.252663529313225,1,0.6101125,1.0266314
2024-12-13,-0.37787801099414764,3,0.6086284,1.0455794
2024-12-17,-0.1639273226829303,5,0.6015664,1.1630816
2024-12-24,-0.19024071180368515,10,0.60401255,1.1162268
2025-01-09,-0.42054059311174347,21,0.62617725,1.2870309
2024-12-12,-0.1190753272338045,1,0.6067959,1.2208247
2024-12-16,0.09658165066219467,3,0.60776174,1.0990496
2024-12-18,0.33864542673068865,5,0.5933726,1.292225
2024-12-25,1.0795559390797762,10,0.6197409,1.3061903
2025-01-10,-1.234947547467657,21,0.63973004,1.4225821
2024-12-13,-0.37787801099414764,1,0.6086284,1.1063645
2024-12-17,-0.1639273226829303,3,0.6015664,1.0813372
2024-12-19,-0.8989733922349722,5,0.6021509,1.1640719
2024-12-26,-0.09187604448542243,10,0.6121548,1.1983169
2025-01-13,0.4192810252420064,21,0.6428921,1.2833254
2024-12-16,0.09658165066219467,1,0.60776174,1.1103146
2024-12-18,0.33864542673068865,3,0.5933726,1.0820956
2024-12-20,0.2253033192122547,5,0.6031856,1.1011181
2024-12-27,0.17817831174581888,10,0.60779303,1.1122446
2025-01-14,-0.5339361576412889,21,0.64389646,1.3286362
2024-12-17,-0.1639273226829303,1,0.6015664,1.0433694
2024-12-19,-0.8989733922349722,3,0.6021509,0.9409912
2024-12-23,0.4174178566826865,5,0.60557663,0.96165
2024-12-30,-0.24497884391874997,10,0.6086138,1.0040737
2025-01-15,0.5768193662860586,21,0.6423649,1.2358626
2024-12-18,0.33864542673068865,1,0.5933726,1.0442994
2024-12-20,0.2253033192122547,3,0.6031856,0.9908297
2024-12-24,-0.19024071180368515,5,0.60401255,1.0053626
2024-12-31,-0.4127940318851804,10,0.6105883,1.0550545
2025-01-16,0.49868170835991765,21,0.6460093,1.1731402
2024-12-19,-0.8989733922349722,1,0.6021509,1.0748076
2024-12-23,0.4174178566826865,3,0.60557663,1.0163343
2024-12-25,1.0795559390797762,5,0.6197409,1.0319607
2025-01-02,0.23102801928758118,10,0.6028166,1.0863361
2025-01-17,0.5418501137945779,21,0.63587475,1.1777132
2024-12-20,0.2253033192122547,1,0.6031856,1.0361904
2024-12-24,-0.19024071180368515,3,0.60401255,0.98665595
2024-12-26,-0.09187604448542243,5,0.6121548,1.0165727
2025-01-03,-1.1979701957987536,10,0.6197665,1.0613303
2025-01-20,0.035218877682287056,21,0.6341109,1.2168498
2024-12-23,0.4174178566826865,1,0.60557663,1.0397393
2024-12-25,1.0795559390797762,3,0.6197409,0.9566458
2024-12-27,0.17817831174581888,5,0.60779303,0.9666646
2025-01-06,-0.6589546183834899,10,0.62426484,1.0374737
2025-01-21,-0.27728376022884543,21,0.6346879,1.2465307
2024-12-24,-0.19024071180368515,1,0.60401255,1.0810882
2024-12-26,-0.09187604448542243,3,0.6121548,1.0220315
2024-12-30,-0.24497884391874997,5,0.6086138,1.0688683
2025-01-07,0.04812898661067636,10,0.6242536,1.1201391
2025-01-22,-0.286102532998573,21,0.6312083,1.2346206
2024-12-25,1.0795559390797762,1,0.6197409,1.0776681
2024-12-27,0.17817831174581888,3,0.60779303,0.99987704
2024-12-31,-0.4127940318851804,5,0.6105883,0.98055863
2025-01-08,0.3258648904141989,10,0.62432873,1.051397
2025-01-23,1.3668403479519928,21,0.6555121,1.2307215
2024-12-26,-0.09187604448542243,1,0.6121548,0.98531175
2024-12-30,-0.24497884391874997,3,0.6086138,0.9759191
2025-01-02,0.23102801928758118,5,0.6028166,1.086445
2025-01-09,-0.42054059311174347,10,0.62617725,1.0873234
2025-01-24,0.4293620044164451,21,0.6551163,1.1873889
2024-12-27,0.17817831174581888,1,0.60779303,0.9909247
2024-12-31,-0.4127940318851804,3,0.6105883,0.9664707
2025-01-03,-1.1979701957987536,5,0.6197665,0.9727139
2025-01-10,-1.234947547467657,10,0.63973004,1.0288546
2025-02-03,-0.9547028924841259,21,0.65939116,1.069325
2024-12-30,-0.24497884391874997,1,0.6086138,1.0146191
2025-01-02,0.23102801928758118,3,0.6028166,0.97076064
2025-01-06,-0.6589546183834899,5,0.62426484,0.96461076
2025-01-13,0.4192810252420064,10,0.6428921,1.0286531
2025-02-04,0.925450758648638,21,0.6613307,1.16058
2024-12-31,-0.4127940318851804,1,0.6105883,0.9345019
2025-01-03,-1.1979701957987536,3,0.6197665,0.9207487
2025-01-07,0.04812898661067636,5,0.6242536,0.98869616
2025-01-14,-0.5339361576412889,10,0.64389646,1.0268471
2025-02-05,0.38906409438684164,21,0.66295034,1.0331709
2025-01-02,0.23102801928758118,1,0.6028166,0.9272148
2025-01-06,-0.6589546183834899,3,0.62426484,0.9277022
2025-01-08,0.3258648904141989,5,0.62432873,1.043893
2025-01-15,0.5768193662860586,10,0.6423649,1.0707914
2025-02-06,0.14718096073495174,21,0.64398795,1.0976291
2025-01-03,-1.1979701957987536,1,0.6197665,0.8963896
2025-01-07,0.04812898661067636,3,0.6242536,0.88656723
2025-01-09,-0.42054059311174347,5,0.62617725,0.8680835
2025-01-16,0.49868170835991765,10,0.6460093,0.93192136
2025-02-07,0.2921452750886857,21,0.6447332,0.9780829
2025-01-06,-0.6589546183834899,1,0.62426484,0.9058858
2025-01-08,0.3258648904141989,3,0.62432873,0.91873205
2025-01-10,-1.234947547467657,5,0.63973004,1.0822731
2025-01-17,0.5418501137945779,10,0.63587475,1.09095
2025-02-10,-0.9407347805812961,21,0.65218323,1.1908404
2025-01-07,0.04812898661067636,1,0.6242536,1.1264127
2025-01-09,-0.42054059311174347,3,0.62617725,1.110999
2025-01-13,0.4192810252420064,5,0.6428921,1.0314468
2025-01-20,0.035218877682287056,10,0.6341109,1.0508851
2025-02-11,0.41000013985235795,21,0.65365744,1.2937708
2025-01-08,0.3258648904141989,1,0.62432873,1.0861881
2025-01-10,-1.234947547467657,3,0.63973004,1.0612093
2025-01-14,-0.5339361576412889,5,0.64389646,1.0102665
2025-01-21,-0.27728376022884543,10,0.6346879,1.0360583
2025-02-12,-0.12148177689889879,21,0.65110326,1.2101734
2025-01-09,-0.42054059311174347,1,0.62617725,1.1036912
2025-01-13,0.4192810252420064,3,0.6428921,1.0559516
2025-01-15,0.5768193662860586,5,0.6423649,1.0988246
2025-01-22,-0.286102532998573,10,0.6312083,1.1324418
2025-02-13,0.271158817604544,21,0.65179634,1.2340405
2025-01-10,-1.234947547467657,1,0.63973004,1.1884694
2025-01-14,-0.5339361576412889,3,0.64389646,1.0860243
2025-01-16,0.49868170835991765,5,0.6460093,1.043812
2025-01-23,1.3668403479519928,10,0.6555121,1.1007144
2025-02-14,0.45004258284751025,21,0.63538104,1.2979476
2025-01-13,0.4192810252420064,1,0.6428921,1.2391787
2025-01-15,0.5768193662860586,3,0.6423649,1.2289057
2025-01-17,0.5418501137945779,5,0.63587475,1.1719948
2025-01-24,0.4293620044164451,10,0.6551163,1.2756696
2025-02-17,-0.2636536367208424,21,0.6188891,1.370141
2025-01-14,-0.5339361576412889,1,0.64389646,1.3311921
2025-01-16,0.49868170835991765,3,0.6460093,1.2693335
2025-01-20,0.035218877682287056,5,0.6341109,1.1975061
2025-02-03,-0.9547028924841259,10,0.65939116,1.208212
2025-02-18,0.42495536066371153,21,0.6200196,1.3779229
2025-01-15,0.5768193662860586,1,0.6423649,1.2098291
2025-01-17,0.5418501137945779,3,0.63587475,1.1525738
2025-01-21,-0.27728376022884543,5,0.6346879,1.2479978
2025-02-04,0.925450758648638,10,0.6613307,1.3025012
2025-02-19,0.8119419678802444,21,0.61086076,1.3839273
2025-01-16,0.49868170835991765,1,0.6460093,1.2594129
2025-01-20,0.035218877682287056,3,0.6341109,1.1182269
2025-01-22,-0.286102532998573,5,0.6312083,1.0163517
2025-02-05,0.38906409438684164,10,0.66295034,1.0848103
2025-02-20,0.34243159657054595,21,0.60191476,1.4234381
2025-01-17,0.5418501137945779,1,0.63587475,1.2073565
2025-01-21,-0.27728376022884543,3,0.6346879,1.1046987
2025-01-23,1.3668403479519928,5,0.6555121,1.102476
2025-02-06,0.14718096073495174,10,0.64398795,1.1687248
2025-02-21,0.29115024833802267,21,0.5917448,1.3759828
2025-01-20,0.035218877682287056,1,0.6341109,1.157099
2025-01-22,-0.286102532998573,3,0.6312083,1.0438465
2025-01-24,0.4293620044164451,5,0.6551163,1.0706341
2025-02-07,0.2921452750886857,10,0.6447332,1.1650077
2025-02-24,0.6004684921512197,21,0.59519964,1.3236068
2025-01-21,-0.27728376022884543,1,0.6346879,1.106602
2025-01-23,1.3668403479519928,3,0.6555121,1.0350523
2025-02-03,-0.9547028924841259,5,0.65939116,0.9909311
2025-02-10,-0.9407347805812961,10,0.65218323,1.0500265
2025-02-25,-0.10737350133493796,21,0.5930155,1.218629
2025-01-22,-0.286102532998573,1,0.6312083,0.99648786
2025-01-24,0.4293620044164451,3,0.6551163,0.94595444
2025-02-04,0.925450758648638,5,0.6613307,1.1041753
2025-02-11,0.41000013985235795,10,0.65365744,1.136175
2025-02-26,-0.015348487436704234,21,0.5893552,1.3265347
2025-01-23,1.3668403479519928,1,0.6555121,1.0523481
2025-02-03,-0.9547028924841259,3,0.65939116,0.9837884
2025-02-05,0.38906409438684164,5,0.66295034,0.897817
2025-02-12,-0.12148177689889879,10,0.65110326,0.9533136
2025-02-27,0.37077368618702145,21,0.5904141,1.1316571
2025-01-24,0.4293620044164451,1,0.6551163,1.089022
2025-02-04,0.925450758648638,3,0.6613307,1.019855
2025-02-06,0.14718096073495174,5,0.64398795,1.0830379
2025-02-13,0.271158817604544,10,0.65179634,1.1398371
2025-02-28,-0.18674713443605873,21,0.591392,1.1792022
2025-02-03,-0.9547028924841259,1,0.65939116,1.0846611
2025-02-05,0.38906409438684164,3,0.66295034,1.036963
2025-02-07,0.2921452750886857,5,0.6447332,1.015995
2025-02-14,0.45004258284751025,10,0.63538104,1.0723822
2025-03-03,0.30672407046448247,21,0.5871225,1.2901416
2025-02-04,0.925450758648638,1,0.6613307,1.0975966
2025-02-06,0.14718096073495174,3,0.64398795,1.0793259
2025-02-10,-0.9407347805812961,5,0.65218323,1.2327232
2025-02-17,-0.2636536367208424,10,0.6188891,1.2206717
2025-03-04,0.1937985102678713,21,0.5873119,1.4127637
2025-02-05,0.38906409438684164,1,0.66295034,1.1287291
2025-02-07,0.2921452750886857,3,0.6447332,1.0852549
2025-02-11,0.41000013985235795,5,0.65365744,1.2499228
2025-02-18,0.42495536066371153,10,0.6200196,1.2557673
2025-03-05,-0.5503296750583484,21,0.5924399,1.4328675
2025-02-06,0.14718096073495174,1,0.64398795,0.99565816
2025-02-10,-0.9407347805812961,3,0.65218323,0.9872285
2025-02-12,-0.12148177689889879,5,0.65110326,1.1422052
2025-02-19,0.8119419678802444,10,0.61086076,1.1503116
2025-03-06,1.0301547868489258,21,0.59500486,1.293155
2025-02-07,0.2921452750886857,1,0.6447332,1.1103928
2025-02-11,0.41000013985235795,3,0.65365744,1.0741173
2025-02-13,0.271158817604544,5,0.65179634,1.039082
2025-02-20,0.34243159657054595,10,0.60191476,1.0585876
2025-03-07,0.5922256717506452,21,0.53422177,1.3377401
2025-02-10,-0.9407347805812961,1,0.65218323,1.0566498
2025-02-12,-0.12148177689889879,3,0.65110326,1.0308276
2025-02-14,0.45004258284751025,5,0.63538104,1.0974671
2025-02-21,0.29115024833802267,10,0.5917448,1.1033986
2025-03-10,0.3184847948483239,21,0.53488666,1.2460767
2025-02-11,0.41000013985235795,1,0.65365744,1.1552052
2025-02-13,0.271158817604544,3,0.65179634,1.113327
2025-02-17,-0.2636536367208424,5,0.6188891,1.2996098
2025-02-24,0.6004684921512197,10,0.59519964,1.3102777
2025-03-11,0.16974489771378384,21,0.53429437,1.3413703
2025-02-12,-0.12148177689889879,1,0.65110326,1.3275975
2025-02-14,0.45004258284751025,3,0.63538104,1.142626
2025-02-18,0.42495536066371153,5,0.6200196,1.1164912
2025-02-25,-0.10737350133493796,10,0.5930155,1.2532562
2025-03-12,0.1402351230026883,21,0.5336134,1.4466461
2025-02-13,0.271158817604544,1,0.65179634,1.0765177
2025-02-17,-0.2636536367208424,3,0.6188891,1.0227737
2025-02-19,0.8119419678802444,5,0.61086076,1.1843637
2025-02-26,-0.015348487436704234,10,0.5893552,1.1793073
2025-03-13,-0.6118755653608704,21,0.5393898,1.4658837
2025-02-14,0.45004258284751025,1,0.63538104,1.2406039
2025-02-18,0.42495536066371153,3,0.6200196,1.157973
2025-02-20,0.34243159657054595,5,0.60191476,1.1693959
2025-02-27,0.37077368618702145,10,0.5904141,1.1285326
2025-03-14,-0.00904834076667908,21,0.5389099,1.4762355
2025-02-17,-0.2636536367208424,1,0.6188891,1.1158199
2025-02-19,0.8119419678802444,3,0.61086076,1.0795853
2025-02-21,0.29115024833802267,5,0.5917448,1.1185855
2025-02-28,-0.18674713443605873,10,0.591392,1.1044645
2025-03-17,0.7594659420889907,21,0.5426787,1.1981457
2025-02-18,0.42495536066371153,1,0.6200196,1.0735329
2025-02-20,0.34243159657054595,3,0.60191476,1.0313352
2025-02-24,0.6004684921512197,5,0.59519964,1.0672257
2025-03-03,0.30672407046448247,10,0.5871225,1.1359146
2025-03-18,-0.39666672437456113,21,0.54637074,1.2735491
2025-02-19,0.8119419678802444,1,0.61086076,1.0696373
2025-02-21,0.29115024833802267,3,0.5917448,1.0044281
2025-02-25,-0.10737350133493796,5,0.5930155,0.99803233
2025-03-04,0.1937985102678713,10,0.5873119,1.0162952
2025-03-19,-0.47748245559876384,21,0.5502904,1.3112023
2025-02-20,0.34243159657054595,1,0.60191476,0.981796
2025-02-24,0.6004684921512197,3,0.59519964,0.9401744
2025-02-26,-0.015348487436704234,5,0.5893552,1.0360602
2025-03-05,-0.5503296750583484,10,0.5924399,1.0894492
2025-03-20,-0.052858913243332126,21,0.5495053,1.177147
2025-02-21,0.29115024833802267,1,0.5917448,1.0823243
2025-02-25,-0.10737350133493796,3,0.5930155,1.0118555
2025-02-27,0.37077368618702145,5,0.5904141,0.9711567
2025-03-06,1.0301547868489258,10,0.59500486,1.0330943
2025-03-21,-0.1549620275247285,21,0.53537697,1.2155933
2025-02-24,0.6004684921512197,1,0.59519964,0.90339833
2025-02-26,-0.015348487436704234,3,0.5893552,0.8589553
2025-02-28,-0.18674713443605873,5,0.591392,0.92876875
2025-03-07,0.5922256717506452,10,0.53422177,0.9632181
2025-03-24,0.6364549046259511,21,0.53979063,1.0768907
2025-02-25,-0.10737350133493796,1,0.5930155,0.93431073
2025-02-27,0.37077368618702145,3,0.5904141,0.88802004
2025-03-03,0.30672407046448247,5,0.5871225,0.87934464
2025-03-10,0.3184847948483239,10,0.53488666,0.92907065
2025-03-25,0.12019954569378458,21,0.5381319,1.0292404
2025-02-26,-0.015348487436704234,1,0.5893552,0.9309734
2025-02-28,-0.18674713443605873,3,0.591392,0.91764265
2025-03-04,0.1937985102678713,5,0.5873119,0.91316986
2025-03-11,0.16974489771378384,10,0.53429437,0.96222746
2025-03-26,-0.4386747490910047,21,0.5412625,1.0080279
2025-02-27,0.37077368618702145,1,0.5904141,0.9387962
2025-03-03,0.30672407046448247,3,0.5871225,0.94703066
2025-03-05,-0.5503296750583484,5,0.5924399,0.98595154
2025-03-12,0.1402351230026883,10,0.5336134,1.0520991
2025-03-27,-0.1720820078215814,21,0.52618074,1.0597752
2025-02-28,-0.18674713443605873,1,0.591392,0.8931248
2025-03-04,0.1937985102678713,3,0.5873119,0.88986653
2025-03-06,1.0301547868489258,5,0.59500486,0.87768877
2025-03-13,-0.6118755653608704,10,0.5393898,0.93263954
2025-03-28,-0.4808302244153061,21,0.5305102,1.0330012
2025-03-03,0.30672407046448247,1,0.5871225,0.86021364
2025-03-05,-0.5503296750583484,3,0.5924399,0.8771106
2025-03-07,0.5922256717506452,5,0.53422177,0.9614644
2025-03-14,-0.00904834076667908,10,0.5389099,0.98604524
2025-03-31,-0.8078327068126383,21,0.5418554,0.96270335
2025-03-04,0.1937985102678713,1,0.5873119,0.90122837
2025-03-06,1.0301547868489258,3,0.59500486,0.9090096
2025-03-10,0.3184847948483239,5,0.53488666,0.93537813
2025-03-17,0.7594659420889907,10,0.5426787,0.98224056
2025-04-01,0.7979647476883305,21,0.5492061,1.01197
2025-03-05,-0.5503296750583484,1,0.5924399,0.94225085
2025-03-07,0.5922256717506452,3,0.53422177,0.9101317
2025-03-11,0.16974489771378384,5,0.53429437,0.88881844
2025-03-18,-0.39666672437456113,10,0.54637074,0.95153487
2025-04-02,0.0379483603272903,21,0.5457242,1.0636215
2025-03-06,1.0301547868489258,1,0.59500486,0.94561815
2025-03-10,0.3184847948483239,3,0.53488666,0.9514414
2025-03-12,0.1402351230026883,5,0.5336134,1.0382366
2025-03-19,-0.47748245559876384,10,0.5502904,1.0940676
2025-04-03,-6.9102364831003795,21,1.0525157,1.12408
2025-03-07,0.5922256717506452,1,0.53422177,0.96461487
2025-03-11,0.16974489771378384,3,0.53429437,0.92659855
2025-03-13,-0.6118755653608704,5,0.5393898,0.9188418
2025-03-20,-0.052858913243332126,10,0.5495053,0.9747218
2025-04-04,-1.571015425109519,21,1.0604647,1.0987349
2025-03-10,0.3184847948483239,1,0.53488666,1.1308511
2025-03-12,0.1402351230026883,3,0.5336134,1.1482062
2025-03-14,-0.00904834076667908,5,0.5389099,1.3019892
2025-03-21,-0.1549620275247285,10,0.53537697,1.295593
2025-04-08,-6.649030913637342,21,1.3580669,1.2848699
2025-03-11,0.16974489771378384,1,0.53429437,1.1232342
2025-03-13,-0.6118755653608704,3,0.5393898,1.1556674
2025-03-17,0.7594659420889907,5,0.5426787,1.0330302
2025-03-24,0.6364549046259511,10,0.53979063,0.96859
2025-04-09,-3.456872679247795,21,1.4228351,1.2052573
2025-03-12,0.1402351230026883,1,0.5336134,1.040845
2025-03-14,-0.00904834076667908,3,0.5389099,1.0540316
2025-03-18,-0.39666672437456113,5,0.54637074,1.1059884
2025-03-25,0.12019954569378458,10,0.5381319,1.0879258
2025-04-10,6.546904849399772,21,1.6685618,1.1948469
2025-03-13,-0.6118755653608704,1,0.5393898,1.1408103
2025-03-17,0.7594659420889907,3,0.5426787,1.0619245
2025-03-19,-0.47748245559876384,5,0.5502904,1.0971174
2025-03-26,-0.4386747490910047,10,0.5412625,1.1360991
2025-04-11,4.528128405892582,21,1.7722371,1.2634399
2025-03-14,-0.00904834076667908,1,0.5389099,1.1801462
2025-03-18,-0.39666672437456113,3,0.54637074,1.0746129
2025-03-20,-0.052858913243332126,5,0.5495053,1.0893717
2025-03-27,-0.1720820078215814,10,0.52618074,1.155279
2025-04-14,1.5406774168318333,21,1.7765114,1.3972347
2025-03-17,0.7594659420889907,1,0.5426787,1.1114886
2025-03-19,-0.47748245559876384,3,0.5502904,1.0778401
2025-03-21,-0.1549620275247285,5,0.53537697,1.1119633
2025-03-28,-0.4808302244153061,10,0.5305102,1.14733
2025-04-15,-1.1056190834376738,21,1.7815272,1.2880566
2025-03-18,-0.39666672437456113,1,0.54637074,1.1041372
2025-03-20,-0.052858913243332126,3,0.5495053,1.0395865
2025-03-24,0.6364549046259511,5,0.53979063,1.0109825
2025-03-31,-0.8078327068126383,10,0.5418554,1.0624576
2025-04-16,-1.4347542566704405,21,1.7897885,1.2183348
2025-03-19,-0.47748245559876384,1,0.5502904,1.0701475
2025-03-21,-0.1549620275247285,3,0.53537697,1.0333365
2025-03-25,0.12019954569378458,5,0.5381319,1.0697515
2025-04-01,0.7979647476883305,10,0.5492061,1.127142
2025-04-17,0.5725953318252279,21,1.7897645,1.2062382
2025-03-20,-0.052858913243332126,1,0.5495053,1.1349499
2025-03-24,0.6364549046259511,3,0.53979063,1.1540656
2025-03-26,-0.4386747490910047,5,0.5412625,1.0859147
2025-04-02,0.0379483603272903,10,0.5457242,1.1449913
2025-04-18,0.15350709187948455,21,1.7886047,1.2689654
2025-03-21,-0.1549620275247285,1,0.53537697,1.206037
2025-03-25,0.12019954569378458,3,0.5381319,1.0830084
2025-03-27,-0.1720820078215814,5,0.52618074,1.1009774
2025-04-03,-6.9102364831003795,10,1.0525157,1.127249
2025-04-21,-0.9933351536722876,21,1.7912428,1.41019
2025-03-24,0.6364549046259511,1,0.53979063,1.1452131
2025-03-26,-0.4386747490910047,3,0.5412625,1.0709977
2025-03-28,-0.4808302244153061,5,0.5305102,1.1147654
2025-04-04,-1.571015425109519,10,1.0604647,1.1486162
2025-04-22,-0.8268909938541404,21,1.7939458,1.3439178
2025-03-25,0.12019954569378458,1,0.5381319,1.1207203
2025-03-27,-0.1720820078215814,3,0.52618074,1.0503875
2025-03-31,-0.8078327068126383,5,0.5418554,1.084256
2025-04-08,-6.649030913637342,10,1.3580669,1.1228386
2025-04-23,1.151943904675142,21,1.8006424,1.3586558
2025-03-26,-0.4386747490910047,1,0.5412625,1.0996852
2025-03-28,-0.4808302244153061,3,0.5305102,1.0668647
2025-04-01,0.7979647476883305,5,0.5492061,1.0891881
2025-04-09,-3.456872679247795,10,1.4228351,1.0893157
2025-04-24,1.0146532712810061,21,1.8055459,1.3316118
2025-03-27,-0.1720820078215814,1,0.52618074,1.1239238
2025-03-31,-0.8078327068126383,3,0.5418554,1.11638
2025-04-02,0.0379483603272903,5,0.5457242,1.1632082
2025-04-10,6.546904849399772,10,1.6685618,1.0907753
2025-04-25,0.4794959810403022,21,1.797561,1.2931409
2025-03-28,-0.4808302244153061,1,0.5305102,1.2371496
2025-04-01,0.7979647476883305,3,0.5492061,1.1678815
2025-04-03,-6.9102364831003795,5,1.0525157,1.2016768
2025-04-11,4.528128405892582,10,1.7722371,1.2361307
2025-04-28,-0.19788038362088656,21,1.7966045,1.3267534
2025-03-31,-0.8078327068126383,1,0.5418554,1.2408333
2025-04-02,0.0379483603272903,3,0.5457242,1.2610788
2025-04-04,-1.571015425109519,5,1.0604647,1.2504086
2025-04-14,1.5406774168318333,10,1.7765114,1.264842
2025-04-29,-0.040764747211609616,21,1.7926842,1.4391737
2025-04-01,0.7979647476883305,1,0.5492061,1.4038393
2025-04-03,-6.9102364831003795,3,1.0525157,1.4741696
2025-04-08,-6.649030913637342,5,1.3580669,1.3720949
2025-04-15,-1.1056190834376738,10,1.7815272,1.3396814
2025-05-05,1.115019559881397,21,1.7945734,1.5412817
2025-04-02,0.0379483603272903,1,0.5457242,1.6843677
2025-04-04,-1.571015425109519,3,1.0604647,1.7025433
2025-04-09,-3.456872679247795,5,1.4228351,1.527617
2025-04-16,-1.4347542566704405,10,1.7897885,1.7168487
2025-05-06,0.15310236673155708,21,1.7938917,1.5389036
2025-04-03,-6.9102364831003795,1,1.0525157,1.4522722
2025-04-08,-6.649030913637342,3,1.3580669,1.513626
2025-04-10,6.546904849399772,5,1.6685618,1.4441714
2025-04-17,0.5725953318252279,10,1.7897645,1.4805293
2025-05-07,0.6756782462879687,21,1.7961061,1.520569
2025-04-04,-1.571015425109519,1,1.0604647,0.77927214
2025-04-09,-3.456872679247795,3,1.4228351,0.8511132
2025-04-11,4.528128405892582,5,1.7722371,0.7471442
2025-04-18,0.15350709187948455,10,1.7886047,0.7636502
2025-05-08,1.5419900239359994,21,1.8070949,0.78800356
2025-04-08,-6.649030913637342,1,1.3580669,0.7993516
2025-04-10,6.546904849399772,3,1.6685618,0.82991856
2025-04-14,1.5406774168318333,5,1.7765114,0.68289787
2025-04-21,-0.9933351536722876,10,1.7912428,0.69970596
2025-05-09,-0.19707546483310223,21,1.8031286,0.80567867
2025-04-09,-3.456872679247795,1,1.4228351,1.0056921
2025-04-11,4.528128405892582,3,1.7722371,0.96954334
2025-04-15,-1.1056190834376738,5,1.7815272,0.9180738
2025-04-22,-0.8268909938541404,10,1.7939458,0.96109414
2025-05-12,1.25150620358436,21,1.8095907,1.0589361
2025-04-10,6.546904849399772,1,1.6685618,1.1122448
2025-04-14,1.5406774168318333,3,1.7765114,1.0283041
2025-04-16,-1.4347542566704405,5,1.7897885,0.9181417
2025-04-23,1.151943904675142,10,1.8006424,0.9938952
2025-05-13,0.7893889300324413,21,1.8122082,1.2263829
2025-04-11,4.528128405892582,1,1.7722371,0.8394327
2025-04-15,-1.1056190834376738,3,1.7815272,0.93707234
2025-04-17,0.5725953318252279,5,1.7897645,0.82859194
2025-04-24,1.0146532712810061,10,1.8055459,0.8191235
2025-05-14,1.2523404657841675,21,1.8187946,0.82240516
2025-04-14,1.5406774168318333,1,1.7765114,0.8243028
2025-04-16,-1.4347542566704405,3,1.7897885,0.950698
2025-04-18,0.15350709187948455,5,1.7886047,0.8363439
2025-04-25,0.4794959810403022,10,1.797561,0.840902
2025-05-15,0.26458975454094175,21,1.8182623,0.82121855
2025-04-15,-1.1056190834376738,1,1.7815272,0.8604514
2025-04-17,0.5725953318252279,3,1.7897645,0.89107895
2025-04-21,-0.9933351536722876,5,1.7912428,0.7975404
2025-04-28,-0.19788038362088656,10,1.7966045,0.8275113
2025-05-16,-0.9033982628656522,21,1.8219916,0.89785266
2025-04-16,-1.4347542566704405,1,1.7897885,0.83278704
2025-04-18,0.15350709187948455,3,1.7886047,0.87422043
2025-04-22,-0.8268909938541404,5,1.7939458,0.8025892
2025-04-29,-0.040764747211609616,10,1.7926842,0.8140072
2025-05-19,-0.39265856862126264,21,1.8220993,0.86086154
2025-04-17,0.5725953318252279,1,1.7897645,0.885159
2025-04-21,-0.9933351536722876,3,1.7912428,0.862106
2025-04-23,1.151943904675142,5,1.8006424,0.7917631
2025-05-05,1.115019559881397,10,1.7945734,0.8463493
2025-05-20,1.4444389235051251,21,1.8285563,0.9471962
2025-04-18,0.15350709187948455,1,1.7886047,0.7942732
2025-04-22,-0.8268909938541404,3,1.7939458,0.8197242
2025-04-24,1.0146532712810061,5,1.8055459,0.7481497
2025-05-06,0.15310236673155708,10,1.7938917,0.785783
2025-05-21,0.5988949748138295,21,1.8295888,0.8409188
2025-04-21,-0.9933351536722876,1,1.7912428,0.7814461
2025-04-23,1.151943904675142,3,1.8006424,0.7817796
2025-04-25,0.4794959810403022,5,1.797561,0.68792367
2025-05-07,0.6756782462879687,10,1.7961061,0.707769
2025-05-22,-0.6985530266452458,21,1.8317308,0.8232865
2025-04-22,-0.8268909938541404,1,1.7939458,0.7817843
2025-04-24,1.0146532712810061,3,1.8055459,0.79041576
2025-04-28,-0.19788038362088656,5,1.7966045,0.7345148
2025-05-08,1.5419900239359994,10,1.8070949,0.78293943
2025-05-23,0.04717878564092997,21,1.8301605,0.8472919
2025-04-23,1.151943904675142,1,1.8006424,0.79250574
2025-04-25,0.4794959810403022,3,1.797561,0.79497164
2025-04-29,-0.040764747211609616,5,1.7926842,0.73974
2025-05-09,-0.19707546483310223,10,1.8031286,0.77024055
2025-05-26,1.3638446816556433,21,1.838363,0.8242118
2025-04-24,1.0146532712810061,1,1.8055459,0.7761617
2025-04-28,-0.19788038362088656,3,1.7966045,0.7651218
2025-05-05,1.115019559881397,5,1.7945734,0.68076116
2025-05-12,1.25150620358436,10,1.8095907,0.7169329
2025-05-27,0.5463431144609242,21,1.8395212,0.82235515
2025-04-25,0.4794959810403022,1,1.797561,0.80958563
2025-04-29,-0.040764747211609616,3,1.7926842,0.79328644
2025-05-06,0.15310236673155708,5,1.7938917,0.7083665
2025-05-13,0.7893889300324413,10,1.8122082,0.75272125
2025-05-28,0.1536350649739883,21,1.8390858,0.85838014
2025-04-28,-0.19788038362088656,1,1.7966045,0.77099574
2025-05-05,1.115019559881397,3,1.7945734,0.77168554
2025-05-07,0.6756782462879687,5,1.7961061,0.6896534
2025-05-14,1.2523404657841675,10,1.8187946,0.72764504
2025-05-29,-0.0007452314502582065,21,1.8388491,0.8302155
2025-04-29,-0.040764747211609616,1,1.7926842,0.7763928
2025-05-06,0.15310236673155708,3,1.7938917,0.78445685
2025-05-08,1.5419900239359994,5,1.8070949,0.71696675
2025-05-15,0.26458975454094175,10,1.8182623,0.7547374
2025-05-30,-0.6924790053681066,21,1.8409709,0.80088454
2025-05-05,1.115019559881397,1,1.7945734,0.75429356
2025-05-07,0.6756782462879687,3,1.7961061,0.7703978
2025-05-09,-0.19707546483310223,5,1.8031286,0.71286035
2025-05-16,-0.9033982628656522,10,1.8219916,0.751444
2025-06-02,0.2772679658578426,21,1.8411287,0.7736932
2025-05-06,0.15310236673155708,1,1.7938917,0.76508033
2025-05-08,1.5419900239359994,3,1.8070949,0.7674859
2025-05-12,1.25150620358436,5,1.8095907,0.6724639
2025-05-19,-0.39265856862126264,10,1.8220993,0.70811075
2025-06-03,0.8160877026590848,21,1.8422705,0.79770356
2025-05-07,0.6756782462879687,1,1.7961061,0.7311709
2025-05-09,-0.19707546483310223,3,1.8031286,0.7670698
2025-05-13,0.7893889300324413,5,1.8122082,0.67911595
2025-05-20,1.4444389235051251,10,1.8285563,0.701051
2025-06-04,-0.11214302008167268,21,1.8379034,0.76141423
2025-05-08,1.5419900239359994,1,1.8070949,0.7542728
2025-05-12,1.25150620358436,3,1.8095907,0.7795432
2025-05-14,1.2523404657841675,5,1.8187946,0.67829186
2025-05-21,0.5988949748138295,10,1.8295888,0.67900485
2025-06-05,-0.27159472463998563,21,1.836843,0.8153008
2025-05-09,-0.19707546483310223,1,1.8031286,0.73574036
2025-05-13,0.7893889300324413,3,1.8122082,0.7553763
2025-05-15,0.26458975454094175,5,1.8182623,0.685649
2025-05-22,-0.6985530266452458,10,1.8317308,0.70591354
2025-06-06,-0.9131868337900455,21,1.8403301,0.7643716
2025-05-12,1.25150620358436,1,1.8095907,0.7394575
2025-05-14,1.2523404657841675,3,1.8187946,0.7562374
2025-05-16,-0.9033982628656522,5,1.8219916,0.6878818
2025-05-23,0.04717878564092997,10,1.8301605,0.71892583
2025-06-09,-1.463407496434039,21,1.8498226,0.76222694
2025-05-13,0.7893889300324413,1,1.8122082,0.7321997
2025-05-15,0.26458975454094175,3,1.8182623,0.7559138
2025-05-19,-0.39265856862126264,5,1.8220993,0.662305
2025-05-26,1.3638446816556433,10,1.838363,0.6948258
2025-06-10,0.43094325867348815,21,1.8506505,0.7613211
2025-05-14,1.2523404657841675,1,1.8187946,0.7113468
2025-05-16,-0.9033982628656522,3,1.8219916,0.742832
2025-05-20,1.4444389235051251,5,1.8285563,0.6785559
2025-05-27,0.5463431144609242,10,1.8395212,0.68578684
2025-06-11,-0.07828443489680717,21,1.8490535,0.714561
2025-05-15,0.26458975454094175,1,1.8182623,0.7404602
2025-05-19,-0.39265856862126264,3,1.8220993,0.7391993
2025-05-21,0.5988949748138295,5,1.8295888,0.6443596
2025-05-28,0.1536350649739883,10,1.8390858,0.673792
2025-06-12,0.5905581205486942,21,1.8507001,0.75841737
2025-05-16,-0.9033982628656522,1,1.8219916,0.72161716
2025-05-20,1.4444389235051251,3,1.8285563,0.73791057
2025-05-22,-0.6985530266452458,5,1.8317308,0.6535608
2025-05-29,-0.0007452314502582065,10,1.8388491,0.673801
2025-06-13,-0.5685106728315642,21,1.8493555,0.7307236
2025-05-19,-0.39265856862126264,1,1.8220993,0.75291455
2025-05-21,0.5988949748138295,3,1.8295888,0.75206864
2025-05-23,0.04717878564092997,5,1.8301605,0.64598846
2025-05-30,-0.6924790053681066,10,1.8409709,0.6609449
2025-06-16,1.704895078694469,21,1.8620759,0.77761567
2025-05-20,1.4444389235051251,1,1.8285563,0.7517441
2025-05-22,-0.6985530266452458,3,1.8317308,0.7549558
2025-05-26,1.3638446816556433,5,1.838363,0.6467174
2025-06-02,0.2772679658578426,10,1.8411287,0.6782544
2025-06-17,0.7133845132581198,21,1.86315,0.80270875
2025-05-21,0.5988949748138295,1,1.8295888,0.72831935
2025-05-23,0.04717878564092997,3,1.8301605,0.740765
2025-05-27,0.5463431144609242,5,1.8395212,0.68390834
2025-06-03,0.8160877026590848,10,1.8422705,0.7225392
2025-06-18,-0.06383326375027833,21,1.8631586,0.76047117
2025-05-22,-0.6985530266452458,1,1.8317308,0.72666436
2025-05-26,1.3638446816556433,3,1.838363,0.7355211
2025-05-28,0.1536350649739883,5,1.8390858,0.6711463
2025-06-04,-0.11214302008167268,10,1.8379034,0.69515365
2025-06-19,0.3860879902965109,21,1.8635645,0.7577949
2025-05-23,0.04717878564092997,1,1.8301605,0.7132779
2025-05-27,0.5463431144609242,3,1.8395212,0.7306685
2025-05-29,-0.0007452314502582065,5,1.8388491,0.70120734
2025-06-05,-0.27159472463998563,10,1.836843,0.72451806
2025-06-20,-0.19915679625095284,21,1.862135,0.72180986
2025-05-26,1.3638446816556433,1,1.838363,0.7062563
2025-05-28,0.1536350649739883,3,1.8390858,0.75415635
2025-05-30,-0.6924790053681066,5,1.8409709,0.7223407
2025-06-06,-0.9131868337900455,10,1.8403301,0.69702345
2025-06-23,0.6522573197890774,21,1.8638686,0.7313875
2025-05-27,0.5463431144609242,1,1.8395212,0.73247916
2025-05-29,-0.0007452314502582065,3,1.8388491,0.75122494
2025-06-02,0.2772679658578426,5,1.8411287,0.6635417
2025-06-09,-1.463407496434039,10,1.8498226,0.6914735
2025-06-24,0.6304723722657403,21,1.8643979,0.7602951
2025-05-28,0.1536350649739883,1,1.8390858,0.7195065
2025-05-30,-0.6924790053681066,3,1.8409709,0.7508983
2025-06-03,0.8160877026590848,5,1.8422705,0.6873307
2025-06-10,0.43094325867348815,10,1.8506505,0.7217464
2025-06-25,-0.0014633147004843468,21,1.864183,0.73465276
2025-05-29,-0.0007452314502582065,1,1.8388491,0.7235476
2025-06-02,0.2772679658578426,3,1.8411287,0.7508948
2025-06-04,-0.11214302008167268,5,1.8379034,0.6783573
2025-06-11,-0.07828443489680717,10,1.8490535,0.7145109
2025-06-26,-0.07905080889769431,21,1.8629533,0.730041
2025-05-30,-0.6924790053681066,1,1.8409709,0.7160358
2025-06-03,0.8160877026590848,3,1.8422705,0.75198114
2025-06-05,-0.27159472463998563,5,1.836843,0.6984758
2025-06-12,0.5905581205486942,10,1.8507001,0.7198873
2025-06-27,0.42161320130940355,21,1.8600065,0.7113956
2025-06-02,0.2772679658578426,1,1.8411287,0.7229332
2025-06-04,-0.11214302008167268,3,1.8379034,0.77097875
2025-06-06,-0.9131868337900455,5,1.8403301,0.6859085
2025-06-13,-0.5685106728315642,10,1.8493555,0.7059065
2025-06-30,0.3370327593145392,21,1.8579432,0.719444
2025-06-03,0.8160877026590848,1,1.8422705,0.72710574
2025-06-05,-0.27159472463998563,3,1.836843,0.80401385
2025-06-09,-1.463407496434039,5,1.8498226,0.72919345
2025-06-16,1.704895078694469,10,1.8620759,0.7422301
2025-07-01,0.12854452351198964,21,1.8579513,0.754884
2025-06-04,-0.11214302008167268,1,1.8379034,0.74155885
2025-06-06,-0.9131868337900455,3,1.8403301,0.77851456
2025-06-10,0.43094325867348815,5,1.8506505,0.70744413
2025-06-17,0.7133845132581198,10,1.86315,0.7147515
2025-07-02,0.4887011387882989,21,1.6163559,0.74204093
2025-06-05,-0.27159472463998563,1,1.836843,0.7275012
2025-06-09,-1.463407496434039,3,1.8498226,0.7835405
2025-06-11,-0.07828443489680717,5,1.8490535,0.71190006
2025-06-18,-0.06383326375027833,10,1.8631586,0.7090769
2025-07-03,-0.1901285566689609,21,1.6005006,0.75502175
2025-06-06,-0.9131868337900455,1,1.8403301,0.7313149
2025-06-10,0.43094325867348815,3,1.8506505,0.7646536
2025-06-12,0.5905581205486942,5,1.8507001,0.6775003
2025-06-19,0.3860879902965109,10,1.8635645,0.6993068
2025-07-04,0.3618730316222306,21,1.3221974,0.71548665
2025-06-09,-1.463407496434039,1,1.8498226,0.73064405
2025-06-11,-0.07828443489680717,3,1.8490535,0.75331277
2025-06-13,-0.5685106728315642,5,1.8493555,0.67876047
2025-06-20,-0.19915679625095284,10,1.862135,0.6989197
2025-07-07,1.0821072019612015,21,1.2279161,0.7335164
2025-06-10,0.43094325867348815,1,1.8506505,0.74371946
2025-06-12,0.5905581205486942,3,1.8507001,0.810745
2025-06-16,1.704895078694469,5,1.8620759,0.6974295
2025-06-23,0.6522573197890774,10,1.8638686,0.69896245
2025-07-08,0.9511982902277095,21,0.93066794,0.7618764
2025-06-11,-0.07828443489680717,1,1.8490535,0.74243534
2025-06-13,-0.5685106728315642,3,1.8493555,0.80503935
2025-06-17,0.7133845132581198,5,1.86315,0.7155825
2025-06-24,0.6304723722657403,10,1.8643979,0.69582635
2025-07-09,1.11425288167255,21,0.75721616,0.76103455
2025-06-12,0.5905581205486942,1,1.8507001,0.73409945
2025-06-16,1.704895078694469,3,1.8620759,0.77429575
2025-06-18,-0.06383326375027833,5,1.8631586,0.67892146
2025-06-25,-0.0014633147004843468,10,1.864183,0.7111658
2025-07-10,0.9955034663240618,21,0.7447924,0.7731762
2025-06-13,-0.5685106728315642,1,1.8493555,0.75058407
2025-06-17,0.7133845132581198,3,1.86315,0.7743955
2025-06-19,0.3860879902965109,5,1.8635645,0.66361654
2025-06-26,-0.07905080889769431,10,1.8629533,0.689495
2025-07-11,0.8348880898786613,21,0.72667235,0.7682039
2025-06-16,1.704895078694469,1,1.8620759,0.7551221
2025-06-18,-0.06383326375027833,3,1.8631586,0.762234
2025-06-20,-0.19915679625095284,5,1.862135,0.67172986
2025-06-27,0.42161320130940355,10,1.8600065,0.7061517
2025-07-14,0.8647063284394308,21,0.6942895,0.79903775
2025-06-17,0.7133845132581198,1,1.86315,0.8146335
2025-06-19,0.3860879902965109,3,1.8635645,0.8343898
2025-06-23,0.6522573197890774,5,1.8638686,0.7403928
2025-06-30,0.3370327593145392,10,1.8579432,0.73921317
2025-07-15,-0.6666532142663247,21,0.7051312,0.8865788
2025-06-18,-0.06383326375027833,1,1.8631586,0.75938225
2025-06-20,-0.19915679625095284,3,1.862135,0.7891053
2025-06-24,0.6304723722657403,5,1.8643979,0.7186647
2025-07-01,0.12854452351198964,10,1.8579513,0.76402307
2025-07-16,1.009504097819824,21,0.7106763,0.81207514
2025-06-19,0.3860879902965109,1,1.8635645,0.76380813
2025-06-23,0.6522573197890774,3,1.8638686,0.7840997
2025-06-25,-0.0014633147004843468,5,1.864183,0.75613904
2025-07-02,0.4887011387882989,10,1.6163559,0.8064028
2025-07-17,0.980624824090173,21,0.6944429,0.8133895
2025-06-20,-0.19915679625095284,1,1.862135,0.76203173
2025-06-24,0.6304723722657403,3,1.8643979,0.80359167
2025-06-26,-0.07905080889769431,5,1.8629533,0.722597
2025-07-03,-0.1901285566689609,10,1.6005006,0.75311303
2025-07-18,0.48672973514721374,21,0.67717135,0.78375584
2025-06-23,0.6522573197890774,1,1.8638686,0.80750155
2025-06-25,-0.0014633147004843468,3,1.864183,0.8121826
2025-06-27,0.42161320130940355,5,1.8600065,0.72311276
2025-07-04,0.3618730316222306,10,1.3221974,0.7553365
2025-07-21,-0.8201686974204269,21,0.6865126,0.8461684
2025-06-24,0.6304723722657403,1,1.8643979,0.82570285
2025-06-26,-0.07905080889769431,3,1.8629533,0.8295775
2025-06-30,0.3370327593145392,5,1.8579432,0.7422875
2025-07-07,1.0821072019612015,10,1.2279161,0.75916386
2025-07-22,1.635652693283406,21,0.7013764,0.9116145
2025-06-25,-0.0014633147004843468,1,1.864183,0.7658367
2025-06-27,0.42161320130940355,3,1.8600065,0.81512654
2025-07-01,0.12854452351198964,5,1.8579513,0.75933975
2025-07-08,0.9511982902277095,10,0.93066794,0.7643193
2025-07-23,0.18333145429722916,21,0.7014942,0.8014389
2025-06-26,-0.07905080889769431,1,1.8629533,0.8100647
2025-06-30,0.3370327593145392,3,1.8579432,0.8074847
2025-07-02,0.4887011387882989,5,1.6163559,0.71112496
2025-07-09,1.11425288167255,10,0.75721616,0.7250653
2025-07-24,0.5742879237307202,21,0.6984344,0.8725065
2025-06-27,0.42161320130940355,1,1.8600065,0.8071626
2025-07-01,0.12854452351198964,3,1.8579513,0.839438
2025-07-03,-0.1901285566689609,5,1.6005006,0.75689656
2025-07-10,0.9955034663240618,10,0.7447924,0.7439554
2025-07-25,0.6624862458456714,21,0.6975244,0.869762
2025-06-30,0.3370327593145392,1,1.8579432,0.81655216
2025-07-02,0.4887011387882989,3,1.6163559,0.81953424
2025-07-04,0.3618730316222306,5,1.3221974,0.75355774
2025-07-11,0.8348880898786613,10,0.72667235,0.7599785
2025-07-28,1.7024581101225524,21,0.7121287,0.87352765
2025-07-01,0.12854452351198964,1,1.8579513,0.8433685
2025-07-03,-0.1901285566689609,3,1.6005006,0.85034204
2025-07-07,1.0821072019612015,5,1.2279161,0.77949405
2025-07-14,0.8647063284394308,10,0.6942895,0.81197304
2025-07-29,-4.196851026762351,21,0.9251612,0.9080585
2025-07-02,0.4887011387882989,1,1.6163559,0.79486483
2025-07-04,0.3618730316222306,3,1.3221974,0.88571686
2025-07-08,0.9511982902277095,5,0.93066794,0.8284686
2025-07-15,-0.6666532142663247,10,0.7051312,0.78570604
2025-07-30,0.9476785663675668,21,0.92765987,0.85559523
2025-07-03,-0.1901285566689609,1,1.6005006,0.73962665
2025-07-07,1.0821072019612015,3,1.2279161,0.86940604
2025-07-09,1.11425288167255,5,0.75721616,0.7546161
2025-07-16,1.009504097819824,10,0.7106763,0.69952977
2025-07-31,-0.3395182903638471,21,0.9171122,0.76570666
2025-07-04,0.3618730316222306,1,1.3221974,0.7557826
2025-07-08,0.9511982902277095,3,0.93066794,0.8883164
2025-07-10,0.9955034663240618,5,0.7447924,0.71743214
2025-07-17,0.980624824090173,10,0.6944429,0.69225264
2025-08-01,-0.48770332813827644,21,0.9204386,0.7690583
2025-07-07,1.0821072019612015,1,1.2279161,0.83379376
2025-07-09,1.11425288167255,3,0.75721616,0.87597275
2025-07-11,0.8348880898786613,5,0.72667235,0.7691187
2025-07-18,0.48672973514721374,10,0.67717135,0.78816414
2025-08-04,2.181736335846301,21,0.9446702,0.8645896
2025-07-08,0.9511982902277095,1,0.93066794,0.92406154
2025-07-10,0.9955034663240618,3,0.7447924,0.92653084
2025-07-14,0.8647063284394308,5,0.6942895,0.8780642
2025-07-21,-0.8201686974204269,10,0.6865126,0.8831756
2025-08-05,1.233050018829957,21,0.95035565,1.0436397
2025-07-09,1.11425288167255,1,0.75721616,0.94668466
2025-07-11,0.8348880898786613,3,0.72667235,0.92755485
2025-07-15,-0.6666532142663247,5,0.7051312,0.9215834
2025-07-22,1.635652693283406,10,0.7013764,0.96934545
2025-08-06,1.7021360303685944,21,0.9597348,1.0779803
2025-07-10,0.9955034663240618,1,0.7447924,1.3977453
2025-07-14,0.8647063284394308,3,0.6942895,1.3417176
2025-07-16,1.009504097819824,5,0.7106763,1.787696
2025-07-23,0.18333145429722916,10,0.7014942,1.5933397
2025-08-07,0.5133871939157273,21,0.9600901,1.7481208
2025-07-11,0.8348880898786613,1,0.72667235,1.4130764
2025-07-15,-0.6666532142663247,3,0.7051312,1.5528498
2025-07-17,0.980624824090173,5,0.6944429,1.6479388
2025-07-24,0.5742879237307202,10,0.6984344,1.619087
2025-08-08,0.19831000953990202,21,0.9469321,1.7414546
2025-07-14,0.8647063284394308,1,0.6942895,1.4550414
2025-07-16,1.009504097819824,3,0.7106763,1.5836772
2025-07-18,0.48672973514721374,5,0.67717135,1.4820695
2025-07-25,0.6624862458456714,10,0.6975244,1.4172853
2025-08-11,0.7486339929092991,21,0.9436568,1.4604343
2025-07-15,-0.6666532142663247,1,0.7051312,1.1053201
2025-07-17,0.980624824090173,3,0.6944429,1.1208366
2025-07-21,-0.8201686974204269,5,0.6865126,1.1513592
2025-07-28,1.7024581101225524,10,0.7121287,1.1580157
2025-08-12,0.7088776299293459,21,0.9338927,1.4159541
2025-07-16,1.009504097819824,1,0.7106763,1.3517377
2025-07-18,0.48672973514721374,3,0.67717135,1.4336514
2025-07-22,1.635652693283406,5,0.7013764,1.615705
2025-07-29,-4.196851026762351,10,0.9251612,1.4946194
2025-08-13,0.2099497016326832,21,0.93338174,1.5048333
2025-07-17,0.980624824090173,1,0.6944429,1.5779376
2025-07-21,-0.8201686974204269,3,0.6865126,1.6511763
2025-07-23,0.18333145429722916,5,0.7014942,1.4893905
2025-07-30,0.9476785663675668,10,0.92765987,1.3929459
2025-08-14,1.7889410725601722,21,0.9421779,1.5057119
2025-07-18,0.48672973514721374,1,0.67717135,1.39041
2025-07-22,1.635652693283406,3,0.7013764,1.6476946
2025-07-24,0.5742879237307202,5,0.6984344,1.482628
2025-07-31,-0.3395182903638471,10,0.9171122,1.3608099
2025-08-15,-0.6536870241985933,21,0.9505589,1.321737
2025-07-21,-0.8201686974204269,1,0.6865126,1.1201572
2025-07-23,0.18333145429722916,3,0.7014942,1.3570704
2025-07-25,0.6624862458456714,5,0.6975244,1.1910832
2025-08-01,-0.48770332813827644,10,0.9204386,1.1476058
2025-08-18,0.39003591604502225,21,0.9413731,1.2159557
2025-07-22,1.635652693283406,1,0.7013764,1.3282868
2025-07-24,0.5742879237307202,3,0.6984344,1.4284486
2025-07-28,1.7024581101225524,5,0.7121287,1.339238
2025-08-04,2.181736335846301,10,0.9446702,1.2419988
2025-08-19,1.0837134296547801,21,0.9458921,1.2765436
2025-07-23,0.18333145429722916,1,0.7014942,1.2154642
2025-07-25,0.6624862458456714,3,0.6975244,1.3427916
2025-07-29,-4.196851026762351,5,0.9251612,1.3506192
2025-08-05,1.233050018829957,10,0.95035565,1.3730013
2025-08-20,0.6123156877739688,21,0.94612086,1.3600445
2025-07-24,0.5742879237307202,1,0.6984344,1.2849004
2025-07-28,1.7024581101225524,3,0.7121287,1.3625712
2025-07-30,0.9476785663675668,5,0.92765987,1.4437871
2025-08-06,1.7021360303685944,10,0.9597348,1.3170575
2025-08-21,1.4103731020356762,21,0.95452917,1.3686353
2025-07-25,0.6624862458456714,1,0.6975244,1.3991091
2025-07-29,-4.196851026762351,3,0.9251612,1.6542146
2025-07-31,-0.3395182903638471,5,0.9171122,1.4247029
2025-08-07,0.5133871939157273,10,0.9600901,1.3314186
2025-08-22,-2.5518338479269462,21,1.0180862,1.3317759
2025-07-28,1.7024581101225524,1,0.7121287,1.2651896
2025-07-30,0.9476785663675668,3,0.92765987,1.5254002
2025-08-01,-0.48770332813827644,5,0.9204386,1.3563303
2025-08-08,0.19831000953990202,10,0.9469321,1.3330117
2025-08-25,-1.9291900658886858,21,1.0598074,1.2706109
2025-07-29,-4.196851026762351,1,0.9251612,1.1320658
2025-07-31,-0.3395182903638471,3,0.9171122,1.2836009
2025-08-04,2.181736335846301,5,0.9446702,1.5399545
2025-08-11,0.7486339929092991,10,0.9436568,1.4504989
2025-08-26,3.2669299752720695,21,1.1247026,1.3796712
2025-07-30,0.9476785663675668,1,0.92765987,0.84757006
2025-08-01,-0.48770332813827644,3,0.9204386,0.8855249
2025-08-05,1.233050018829957,5,0.95035565,0.81132585
2025-08-12,0.7088776299293459,10,0.9338927,0.856401
2025-08-27,0.3083456270570452,21,1.1230477,0.9033238
2025-07-31,-0.3395182903638471,1,0.9171122,0.86040545
2025-08-04,2.181736335846301,3,0.9446702,0.8453999
2025-08-06,1.7021360303685944,5,0.9597348,0.7404686
2025-08-13,0.2099497016326832,10,0.93338174,0.7966233
2025-08-28,0.4818654139626495,21,1.120045,0.9214489
2025-08-01,-0.48770332813827644,1,0.9204386,0.8683634
2025-08-05,1.233050018829957,3,0.95035565,0.8806257
2025-08-07,0.5133871939157273,5,0.9600901,0.8402683
2025-08-14,1.7889410725601722,10,0.9421779,0.8795172
2025-08-29,0.08028379263659936,21,1.1079547,0.9143995
2025-08-04,2.181736335846301,1,0.9446702,0.8833365
2025-08-06,1.7021360303685944,3,0.9597348,0.861998
2025-08-08,0.19831000953990202,5,0.9469321,0.7883202
2025-08-15,-0.6536870241985933,10,0.9505589,0.81868535
2025-09-03,-0.054110142214737825,21,1.0826092,0.907964
2025-08-05,1.233050018829957,1,0.95035565,0.8463639
2025-08-07,0.5133871939157273,3,0.9600901,0.84065056
2025-08-11,0.7486339929092991,5,0.9436568,0.75034106
2025-08-18,0.39003591604502225,10,0.9413731,0.7852147
2025-09-04,0.8876209615783106,21,1.0843259,0.86627805
2025-08-06,1.7021360303685944,1,0.9597348,0.81560796
2025-08-08,0.19831000953990202,3,0.9469321,0.82139534
2025-08-12,0.7088776299293459,5,0.9338927,0.7748767
2025-08-19,1.0837134296547801,10,0.9458921,0.81065273
2025-09-05,-1.7435906112528505,21,1.1181545,0.8387681
2025-08-07,0.5133871939157273,1,0.9600901,0.84248143
2025-08-11,0.7486339929092991,3,0.9436568,0.81737477
2025-08-13,0.2099497016326832,5,0.93338174,0.77846134
2025-08-20,0.6123156877739688,10,0.94612086,0.85515475
2025-09-08,-2.578906402881577,21,1.1818153,0.92423606
2025-08-08,0.19831000953990202,1,0.9469321,0.84225684
2025-08-12,0.7088776299293459,3,0.9338927,0.826617
2025-08-14,1.7889410725601722,5,0.9421779,0.767819
2025-08-21,1.4103731020356762,10,0.95452917,0.82713616
2025-09-09,0.7842215643914728,21,1.1770403,0.90908134
2025-08-11,0.7486339929092991,1,0.9436568,0.83380985
2025-08-13,0.2099497016326832,3,0.93338174,0.79766345
2025-08-15,-0.6536870241985933,5,0.9505589,0.714775
2025-08-22,-2.5518338479269462,10,1.0180862,0.76089025
2025-09-10,0.36213148232261494,21,1.163819,0.8787876
2025-08-12,0.7088776299293459,1,0.9338927,0.75315595
2025-08-14,1.7889410725601722,3,0.9421779,0.77587605
2025-08-18,0.39003591604502225,5,0.9413731,0.6966585
2025-08-25,-1.9291900658886858,10,1.0598074,0.72382
2025-09-11,0.8779187622514888,21,1.1649013,0.7779535
2025-08-13,0.2099497016326832,1,0.93338174,0.7378497
2025-08-15,-0.6536870241985933,3,0.9505589,0.733865
2025-08-19,1.0837134296547801,5,0.9458921,0.69575685
2025-08-26,3.2669299752720695,10,1.1247026,0.7372885
2025-09-12,0.5720299146186038,21,1.1640098,0.77246064
2025-08-14,1.7889410725601722,1,0.9421779,0.74377054
2025-08-18,0.39003591604502225,3,0.9413731,0.752665
2025-08-20,0.6123156877739688,5,0.94612086,0.697321
2025-08-27,0.3083456270570452,10,1.1230477,0.75335675
2025-09-15,1.052465444917656,21,1.1674786,0.7943702
2025-08-15,-0.6536870241985933,1,0.9505589,0.76376605
2025-08-19,1.0837134296547801,3,0.9458921,0.7608656
2025-08-21,1.4103731020356762,5,0.95452917,0.719329
2025-08-28,0.4818654139626495,10,1.120045,0.7588571
2025-09-16,-0.23768506049910926,21,1.1678057,0.7949337
2025-08-18,0.39003591604502225,1,0.9413731,0.73280495
2025-08-20,0.6123156877739688,3,0.94612086,0.7422117
2025-08-22,-2.5518338479269462,5,1.0180862,0.6932867
2025-08-29,0.08028379263659936,10,1.1079547,0.7318088
2025-09-17,-0.5925068126482078,21,1.1736791,0.7737649
2025-08-19,1.0837134296547801,1,0.9458921,0.79282147
2025-08-21,1.4103731020356762,3,0.95452917,0.7683265
2025-08-25,-1.9291900658886858,5,1.0598074,0.6975014
2025-09-03,-0.054110142214737825,10,1.0826092,0.7503041
2025-09-18,-0.3471070433474516,21,1.1764373,0.8448536
2025-08-20,0.6123156877739688,1,0.94612086,0.74547666
2025-08-22,-2.5518338479269462,3,1.0180862,0.75197077
2025-08-26,3.2669299752720695,5,1.1247026,0.7090717
2025-09-04,0.8876209615783106,10,1.0843259,0.7630676
2025-09-19,-0.39472943725157333,21,1.1794022,0.79709655
2025-08-21,1.4103731020356762,1,0.95452917,0.780084
2025-08-25,-1.9291900658886858,3,1.0598074,0.7767492
2025-08-27,0.3083456270570452,5,1.1230477,0.7366438
2025-09-05,-1.7435906112528505,10,1.1181545,0.7782555
2025-09-22,-1.4679575005122598,21,1.200854,0.8354652
2025-08-22,-2.5518338479269462,1,1.0180862,0.7531449
2025-08-26,3.2669299752720695,3,1.1247026,0.75784504
2025-08-28,0.4818654139626495,5,1.120045,0.709028
2025-09-08,-2.578906402881577,10,1.1818153,0.757952
2025-09-23,0.04954567937644783,21,1.201173,0.80517113
2025-08-25,-1.9291900658886858,1,1.0598074,0.9390893
2025-08-27,0.3083456270570452,3,1.1230477,0.8928336
2025-08-29,0.08028379263659936,5,1.1079547,0.8700745
2025-09-09,0.7842215643914728,10,1.1770403,0.9271649
2025-09-24,1.3484496943285584,21,1.2088703,1.0258116
2025-08-26,3.2669299752720695,1,1.1247026,1.0832963
2025-08-28,0.4818654139626495,3,1.120045,0.9378509
2025-09-03,-0.054110142214737825,5,1.0826092,0.8349371
2025-09-10,0.36213148232261494,10,1.163819,0.9346942
2025-09-25,0.5193253837513363,21,1.2089283,1.2016143
2025-08-27,0.3083456270570452,1,1.1230477,1.0064378
2025-08-29,0.08028379263659936,3,1.1079547,0.9566041
2025-09-04,0.8876209615783106,5,1.0843259,0.9219951
2025-09-11,0.8779187622514888,10,1.1649013,0.9868294
2025-09-26,-0.3240363663609446,21,1.2115178,1.0727688
2025-08-28,0.4818654139626495,1,1.120045,0.95533705
2025-09-03,-0.054110142214737825,3,1.0826092,0.8909159
2025-09-05,-1.7435906112528505,5,1.1181545,0.8204752
2025-09-12,0.5720299146186038,10,1.1640098,0.88781327
2025-09-29,0.34744172629520537,21,1.2097952,1.0299561
2025-08-29,0.08028379263659936,1,1.1079547,0.954392
2025-09-04,0.8876209615783106,3,1.0843259,0.93293315
2025-09-08,-2.578906402881577,5,1.1818153,0.8652015
2025-09-15,1.052465444917656,10,1.1674786,0.9271546
2025-09-30,-0.2872442768491479,21,1.2122418,1.0165019
2025-09-03,-0.054110142214737825,1,1.0826092,0.84478396
2025-09-05,-1.7435906112528505,3,1.1181545,0.86965394
2025-09-09,0.7842215643914728,5,1.1770403,0.81922215
2025-09-16,-0.23768506049910926,10,1.1678057,0.8580528
2025-10-01,0.20139782865139308,21,1.2079504,0.8694054
2025-09-04,0.8876209615783106,1,1.0843259,0.87694985
2025-09-08,-2.578906402881577,3,1.1818153,0.8474899
2025-09-10,0.36213148232261494,5,1.163819,0.8137493
2025-09-17,-0.5925068126482078,10,1.1736791,0.8795233
2025-10-02,-0.7438788160299684,21,1.2119569,0.9547839
2025-09-05,-1.7435906112528505,1,1.1181545,0.8752302
2025-09-09,0.7842215643914728,3,1.1770403,0.8283574
2025-09-11,0.8779187622514888,5,1.1649013,0.78214884
2025-09-18,-0.3471070433474516,10,1.1764373,0.844076
2025-10-03,-0.4177624590752905,21,1.2097536,0.93928766
2025-09-08,-2.578906402881577,1,1.1818153,0.9085243
2025-09-10,0.36213148232261494,3,1.163819,0.8613503
2025-09-12,0.5720299146186038,5,1.1640098,0.8078276
2025-09-19,-0.39472943725157333,10,1.1794022,0.89054585
2025-10-06,2.9738942323063964,21,1.2569375,1.0531713
2025-09-09,0.7842215643914728,1,1.1770403,1.1029712
2025-09-11,0.8779187622514888,3,1.1649013,0.9982443
2025-09-15,1.052465444917656,5,1.1674786,0.89486414
2025-09-22,-1.4679575005122598,10,1.200854,0.96842027
2025-10-07,-0.6034093083719112,21,1.2596109,1.1972024
2025-09-10,0.36213148232261494,1,1.163819,0.9765575
2025-09-12,0.5720299146186038,3,1.1640098,0.9152677
2025-09-16,-0.23768506049910926,5,1.1678057,0.8847088
2025-09-23,0.04954567937644783,10,1.201173,0.944185
2025-10-08,0.7407375591568051,21,1.258673,1.0384012
2025-09-11,0.8779187622514888,1,1.1649013,1.0059195
2025-09-15,1.052465444917656,3,1.1674786,0.93397546
2025-09-17,-0.5925068126482078,5,1.1736791,0.9334067
2025-09-24,1.3484496943285584,10,1.2088703,1.0107164
2025-10-09,1.0918891246479627,21,1.257685,1.1025326
2025-09-12,0.5720299146186038,1,1.1640098,0.92962235
2025-09-16,-0.23768506049910926,3,1.1678057,0.89089596
2025-09-18,-0.3471070433474516,5,1.1764373,0.8676782
2025-09-25,0.5193253837513363,10,1.2089283,0.9358295
2025-10-10,1.7944950681909482,21,1.2695459,1.0240796
2025-09-15,1.052465444917656,1,1.1674786,0.86127484
2025-09-17,-0.5925068126482078,3,1.1736791,0.8338969
2025-09-19,-0.39472943725157333,5,1.1794022,0.83368254
2025-09-26,-0.3240363663609446,10,1.2115178,0.89576226
2025-10-13,1.0003869722896006,21,1.2697328,0.94262457
2025-09-16,-0.23768506049910926,1,1.1678057,0.9479807
2025-09-18,-0.3471070433474516,3,1.1764373,0.86695576
2025-09-22,-1.4679575005122598,5,1.200854,0.8231844
2025-09-29,0.34744172629520537,10,1.2097952,0.8962042
2025-10-14,-0.23027762587880196,21,1.2711504,1.01533
2025-09-17,-0.5925068126482078,1,1.1736791,0.9087714
2025-09-19,-0.39472943725157333,3,1.1794022,0.8748073
2025-09-23,0.04954567937644783,5,1.201173,0.83845264
2025-09-30,-0.2872442768491479,10,1.2122418,0.89859885
2025-10-15,-0.17675430360757946,21,1.2644904,0.9835336
2025-09-18,-0.3471070433474516,1,1.1764373,0.89245343
2025-09-22,-1.4679575005122598,3,1.200854,0.86516505
2025-09-24,1.3484496943285584,5,1.2088703,0.78690445
2025-10-01,0.20139782865139308,10,1.2079504,0.8482014
2025-10-16,0.5049942642939396,21,1.2523292,0.98527217
2025-09-19,-0.39472943725157333,1,1.1794022,0.9191555
2025-09-23,0.04954567937644783,3,1.201173,0.8963405
2025-09-25,0.5193253837513363,5,1.2089283,0.87102324
2025-10-02,-0.7438788160299684,10,1.2119569,0.9495679
2025-10-17,-2.038926677753471,21,1.2870843,0.9960934
2025-09-22,-1.4679575005122598,1,1.200854,0.88018435
2025-09-24,1.3484496943285584,3,1.2088703,0.85182166
2025-09-26,-0.3240363663609446,5,1.2115178,0.81567717
2025-10-03,-0.4177624590752905,10,1.2097536,0.8671807
2025-10-20,-5.629199348223595,21,1.4915035,0.9648301
2025-09-23,0.04954567937644783,1,1.201173,0.9419334
2025-09-25,0.5193253837513363,3,1.2089283,0.8833759
2025-09-29,0.34744172629520537,5,1.2097952,0.8172779
2025-10-06,2.9738942323063964,10,1.2569375,0.86863184
2025-10-21,1.636469580810429,21,1.5027447,0.99631894
2025-09-24,1.3484496943285584,1,1.2088703,0.96714675
2025-09-26,-0.3240363663609446,3,1.2115178,0.90414906
2025-09-30,-0.2872442768491479,5,1.2122418,0.88363576
2025-10-07,-0.6034093083719112,10,1.2596109,0.94598615
2025-10-22,0.9018801798852792,21,1.4921362,1.052969
2025-09-25,0.5193253837513363,1,1.2089283,1.0048504
2025-09-29,0.34744172629520537,3,1.2097952,0.90543324
2025-10-01,0.20139782865139308,5,1.2079504,0.8096556
2025-10-08,0.7407375591568051,10,1.258673,0.87508214
2025-10-23,0.5086831587077469,21,1.3806385,1.0924037
2025-09-26,-0.3240363663609446,1,1.2115178,0.9701878
2025-09-30,-0.2872442768491479,3,1.2122418,0.90526825
2025-10-02,-0.7438788160299684,5,1.2119569,0.8494946
2025-10-09,1.0918891246479627,10,1.257685,0.9205816
2025-10-24,-0.23025076636470299,21,1.3782457,1.0566053
2025-09-29,0.34744172629520537,1,1.2097952,0.96254724
2025-10-01,0.20139782865139308,3,1.2079504,0.9233515
2025-10-03,-0.4177624590752905,5,1.2097536,0.8195168
2025-10-10,1.7944950681909482,10,1.2695459,0.8773819
2025-10-27,-1.8371363161767844,21,1.4012487,1.0313162
2025-09-30,-0.2872442768491479,1,1.2122418,0.96272457
2025-10-02,-0.7438788160299684,3,1.2119569,0.9002695
2025-10-06,2.9738942323063964,5,1.2569375,0.8631441
2025-10-13,1.0003869722896006,10,1.2697328,0.93020034
2025-10-28,1.6777869983408067,21,1.4121649,1.0313189
2025-10-01,0.20139782865139308,1,1.2079504,0.94905686
2025-10-03,-0.4177624590752905,3,1.2097536,0.88478446
2025-10-07,-0.6034093083719112,5,1.2596109,0.7900895
2025-10-14,-0.23027762587880196,10,1.2711504,0.8398011
2025-10-29,0.3166655945182927,21,1.3880055,0.9792334
2025-10-02,-0.7438788160299684,1,1.2119569,0.9160777
2025-10-06,2.9738942323063964,3,1.2569375,0.8664371
2025-10-08,0.7407375591568051,5,1.258673,0.78067607
2025-10-15,-0.17675430360757946,10,1.2644904,0.85709053
2025-10-30,-0.9691915884444288,21,1.3883642,1.0233803
2025-10-03,-0.4177624590752905,1,1.2097536,0.93522155
2025-10-07,-0.6034093083719112,3,1.2596109,0.880005
2025-10-09,1.0918891246479627,5,1.257685,0.76286155
2025-10-16,0.5049942642939396,10,1.2523292,0.83022183
2025-10-31,-1.8083303817944703,21,1.3948103,1.0112653
2025-10-06,2.9738942323063964,1,1.2569375,0.9158128
2025-10-08,0.7407375591568051,3,1.258673,0.8564878
2025-10-10,1.7944950681909482,5,1.2695459,0.79320747
2025-10-17,-2.038926677753471,10,1.2870843,0.8509578
2025-11-03,-1.39102238308474,21,1.4061352,0.9820571
2025-10-07,-0.6034093083719112,1,1.2596109,0.9725618
2025-10-09,1.0918891246479627,3,1.257685,0.8751566
2025-10-13,1.0003869722896006,5,1.2697328,0.7945794
2025-10-20,-5.629199348223595,10,1.4915035,0.8693464
2025-11-04,2.1401987893001584,21,1.4320283,1.0565314
2025-10-08,0.7407375591568051,1,1.258673,0.95941764
2025-10-10,1.7944950681909482,3,1.2695459,0.9038244
2025-10-14,-0.23027762587880196,5,1.2711504,0.8687569
2025-10-21,1.636469580810429,10,1.5027447,0.9282304
2025-11-05,0.17599728753443533,21,1.429328,1.0334561
2025-10-09,1.0918891246479627,1,1.257685,0.95148915
2025-10-13,1.0003869722896006,3,1.2697328,0.9012435
2025-10-15,-0.17675430360757946,5,1.2644904,0.80374944
2025-10-22,0.9018801798852792,10,1.4921362,0.8756692
2025-11-06,-0.7429837698209416,21,1.4304371,1.0484654
2025-10-10,1.7944950681909482,1,1.2695459,0.91016436
2025-10-14,-0.23027762587880196,3,1.2711504,0.8833154
2025-10-16,0.5049942642939396,5,1.2523292,0.88631755
2025-10-23,0.5086831587077469,10,1.3806385,0.9464179
2025-11-07,-2.6863732681847003,21,1.4726894,0.99241877
2025-10-13,1.0003869722896006,1,1.2697328,1.0023334
2025-10-15,-0.17675430360757946,3,1.2644904,0.9345388
2025-10-17,-2.038926677753471,5,1.2870843,0.90975124
2025-10-24,-0.23025076636470299,10,1.3782457,0.9625014
2025-11-10,-1.1674410183283226,21,1.4607881,1.0644392
2025-10-14,-0.23027762587880196,1,1.2711504,0.9483367
2025-10-16,0.5049942642939396,3,1.2523292,0.8809669
2025-10-20,-5.629199348223595,5,1.4915035,0.77809054
2025-10-27,-1.8371363161767844,10,1.4012487,0.8551215
2025-11-11,0.8235322128933896,21,1.4630979,1.0682216
2025-10-15,-0.17675430360757946,1,1.2644904,0.92205167
2025-10-17,-2.038926677753471,3,1.2870843,0.8797822
2025-10-21,1.636469580810429,5,1.5027447,0.8580024
2025-10-28,1.6777869983408067,10,1.4121649,0.91014606
2025-11-12,2.3718585619595154,21,1.4949403,1.0359824
2025-10-16,0.5049942642939396,1,1.2523292,0.95542365
2025-10-20,-5.629199348223595,3,1.4915035,0.89643264
2025-10-22,0.9018801798852792,5,1.4921362,0.8443918
2025-10-29,0.3166655945182927,10,1.3880055,0.9217857
2025-11-13,-0.025740814655038996,21,1.4880966,1.0691885
2025-10-17,-2.038926677753471,1,1.2870843,0.9864186
2025-10-21,1.636469580810429,3,1.5027447,0.92819166
2025-10-23,0.5086831587077469,5,1.3806385,0.87788856
2025-10-30,-0.9691915884444288,10,1.3883642,0.9555776
2025-11-14,0.2461049942769355,21,1.486196,1.0854443
2025-10-20,-5.629199348223595,1,1.4915035,0.9753473
2025-10-22,0.9018801798852792,3,1.4921362,0.9181545
2025-10-24,-0.23025076636470299,5,1.3782457,0.91190535
2025-10-31,-1.8083303817944703,10,1.3948103,0.98582315
2025-11-17,1.1526383889032839,21,1.4823322,1.0580682
2025-10-21,1.636469580810429,1,1.5027447,1.034414
2025-10-23,0.5086831587077469,3,1.3806385,0.9539035
2025-10-27,-1.8371363161767844,5,1.4012487,0.94333506
2025-11-03,-1.39102238308474,10,1.4061352,1.0153193
2025-11-18,0.33189142023017154,21,1.4455898,1.135092
2025-10-22,0.9018801798852792,1,1.4921362,0.94624716
2025-10-24,-0.23025076636470299,3,1.3782457,0.8933697
2025-10-28,1.6777869983408067,5,1.4121649,0.86029196
2025-11-04,2.1401987893001584,10,1.4320283,0.9261283
2025-11-19,-0.6600364858596777,21,1.4258158,1.0355835
2025-10-23,0.5086831587077469,1,1.3806385,1.013594
2025-10-27,-1.8371363161767844,3,1.4012487,0.94950914
2025-10-29,0.3166655945182927,5,1.3880055,0.92022055
2025-11-05,0.17599728753443533,10,1.429328,0.98240566
2025-11-20,0.4229973720030429,21,1.3624417,1.1117449
2025-10-24,-0.23025076636470299,1,1.3782457,0.9108147
2025-10-28,1.6777869983408067,3,1.4121649,0.8981018
2025-10-30,-0.9691915884444288,5,1.3883642,0.79080665
2025-11-06,-0.7429837698209416,10,1.4304371,0.84428596
2025-11-21,-0.06403054354776623,21,1.3618072,0.97732043
2025-10-27,-1.8371363161767844,1,1.4012487,0.83427596
2025-10-29,0.3166655945182927,3,1.3880055,0.83110666
2025-10-31,-1.8083303817944703,5,1.3948103,0.7576247
2025-11-07,-2.6863732681847003,10,1.4726894,0.79932445
2025-11-24,0.7854601594981003,21,1.3642573,0.85428554
2025-10-28,1.6777869983408067,1,1.4121649,1.001306
2025-10-30,-0.9691915884444288,3,1.3883642,0.9353812
2025-11-03,-1.39102238308474,5,1.4061352,0.87238455
2025-11-10,-1.1674410183283226,10,1.4607881,0.946262
2025-11-25,-0.457886713101474,21,1.3654035,1.0885885
2025-10-29,0.3166655945182927,1,1.3880055,0.9772998
2025-10-31,-1.8083303817944703,3,1.3948103,0.9230393
2025-11-04,2.1401987893001584,5,1.4320283,0.80576444
2025-11-11,0.8235322128933896,10,1.4630979,0.8650779
2025-11-26,1.1973609847567992,21,1.3744303,1.0735543
2025-10-30,-0.9691915884444288,1,1.3883642,0.8943494
2025-11-03,-1.39102238308474,3,1.4061352,0.8619242
2025-11-05,0.17599728753443533,5,1.429328,0.813505
2025-11-12,2.3718585619595154,10,1.4949403,0.86335945
2025-11-27,0.2353865347328747,21,1.3698552,0.94237584
2025-10-31,-1.8083303817944703,1,1.3948103,0.9423001
2025-11-04,2.1401987893001584,3,1.4320283,0.89715976
2025-11-06,-0.7429837698209416,5,1.4304371,0.8304999
2025-11-13,-0.025740814655038996,10,1.4880966,0.8931049
2025-11-28,0.39522347175239697,21,1.3517348,1.013246
2025-11-03,-1.39102238308474,1,1.4061352,0.9132927
2025-11-05,0.17599728753443533,3,1.429328,0.881071
2025-11-07,-2.6863732681847003,5,1.4726894,0.8404636
2025-11-14,0.2461049942769355,10,1.486196,0.88464195
2025-12-01,0.629596557205811,21,1.3098394,0.9452941
2025-11-04,2.1401987893001584,1,1.4320283,0.95040953
2025-11-06,-0.7429837698209416,3,1.4304371,0.8764442
2025-11-10,-1.1674410183283226,5,1.4607881,0.78292567
2025-11-17,1.1526383889032839,10,1.4823322,0.85612726
2025-12-02,0.9003404165265816,21,1.3109869,1.0356741
2025-11-05,0.17599728753443533,1,1.429328,0.91882116
2025-11-07,-2.6863732681847003,3,1.4726894,0.8921653
2025-11-11,0.8235322128933896,5,1.4630979,0.8628131
2025-11-18,0.33189142023017154,10,1.4455898,0.9181054
2025-12-03,0.853048088927859,21,1.31431,1.0045779
2025-11-06,-0.7429837698209416,1,1.4304371,0.8098348
2025-11-10,-1.1674410183283226,3,1.4607881,0.81192124
2025-11-12,2.3718585619595154,5,1.4949403,0.79424393
2025-11-19,-0.6600364858596777,10,1.4258158,0.8558257
2025-12-04,0.3153640106811488,21,1.3105766,0.8861253
2025-11-07,-2.6863732681847003,1,1.4726894,0.9012112
2025-11-11,0.8235322128933896,3,1.4630979,0.8423623
2025-11-13,-0.025740814655038996,5,1.4880966,0.7416456
2025-11-20,0.4229973720030429,10,1.3624417,0.80833447
2025-12-05,0.23457993370493893,21,1.309144,0.9767704
2025-11-10,-1.1674410183283226,1,1.4607881,0.9365232
2025-11-12,2.3718585619595154,3,1.4949403,0.91500616
2025-11-14,0.2461049942769355,5,1.486196,0.85238314
2025-11-21,-0.06403054354776623,10,1.3618072,0.89280796
2025-12-08,0.7107204042412724,21,1.3055464,0.98521227
2025-11-11,0.8235322128933896,1,1.4630979,1.0200124
2025-11-13,-0.025740814655038996,3,1.4880966,0.8933737
2025-11-17,1.1526383889032839,5,1.4823322,0.81512415
2025-11-24,0.7854601594981003,10,1.3642573,0.90513605
2025-12-09,-0.37533142599107067,21,1.3062112,1.1348021
2025-11-12,2.3718585619595154,1,1.4949403,0.99065495
2025-11-14,0.2461049942769355,3,1.486196,0.92313606
2025-11-18,0.33189142023017154,5,1.4455898,0.86269945
2025-11-25,-0.457886713101474,10,1.3654035,0.9318873
2025-12-10,-1.6266244429658419,21,1.3217566,1.0635715
2025-11-13,-0.025740814655038996,1,1.4880966,0.92972463
2025-11-17,1.1526383889032839,3,1.4823322,0.8976935
2025-11-19,-0.6600364858596777,5,1.4258158,0.8727182
2025-11-26,1.1973609847567992,10,1.3744303,0.9630098
2025-12-11,-1.1750108855976362,21,1.330237,1.0502309
2025-11-14,0.2461049942769355,1,1.486196,0.9347696
2025-11-18,0.33189142023017154,3,1.4455898,0.8831104
2025-11-20,0.4229973720030429,5,1.3624417,0.8371854
2025-11-27,0.2353865347328747,10,1.3698552,0.9110879
2025-12-12,-3.109232194022805,21,1.389869,1.0182679
2025-11-17,1.1526383889032839,1,1.4823322,0.91549605
2025-11-19,-0.6600364858596777,3,1.4258158,0.8952568
2025-11-21,-0.06403054354776623,5,1.3618072,0.9056742
2025-11-28,0.39522347175239697,10,1.3517348,0.94709027
2025-12-15,-0.05344832949372659,21,1.3766853,0.96421516
2025-11-18,0.33189142023017154,1,1.4455898,0.8908838
2025-11-20,0.4229973720030429,3,1.3624417,0.8647813
2025-11-24,0.7854601594981003,5,1.3642573,0.8224975
2025-12-01,0.629596557205811,10,1.3098394,0.90797246
2025-12-16,1.995140144925003,21,1.4003015,0.99492276
2025-11-19,-0.6600364858596777,1,1.4258158,0.84048676
2025-11-21,-0.06403054354776623,3,1.3618072,0.82804847
2025-11-25,-0.457886713101474,5,1.3654035,0.7583897
2025-12-02,0.9003404165265816,10,1.3109869,0.82283336
2025-12-17,-0.3292733913555967,21,1.3905323,0.9056983
2025-11-20,0.4229973720030429,1,1.3624417,0.7814921
2025-11-24,0.7854601594981003,3,1.3642573,0.7885837
2025-11-26,1.1973609847567992,5,1.3744303,0.7041531
2025-12-03,0.853048088927859,10,1.31431,0.7529269
2025-12-18,0.19817116052574962,21,1.3891803,0.8395444
2025-11-21,-0.06403054354776623,1,1.3618072,0.7924466
2025-11-25,-0.457886713101474,3,1.3654035,0.75977993
2025-11-27,0.2353865347328747,5,1.3698552,0.6758791
2025-12-04,0.3153640106811488,10,1.3105766,0.7218522
2025-12-19,1.616578003191025,21,1.4037656,0.8491042
2025-11-24,0.7854601594981003,1,1.3642573,0.8180837
2025-11-26,1.1973609847567992,3,1.3744303,0.80256736
2025-11-28,0.39522347175239697,5,1.3517348,0.76974314
2025-12-05,0.23457993370493893,10,1.309144,0.81639695
2025-12-22,2.7043849480335997,21,1.4448016,0.8589266
2025-11-25,-0.457886713101474,1,1.3654035,0.86718535
2025-11-27,0.2353865347328747,3,1.3698552,0.8033403
2025-12-01,0.629596557205811,5,1.3098394,0.6741992
2025-12-08,0.7107204042412724,10,1.3055464,0.73219204
2025-12-23,1.1989312489372992,21,1.4510814,0.9191064
2025-11-26,1.1973609847567992,1,1.3744303,0.85437375
2025-11-28,0.39522347175239697,3,1.3517348,0.81434023
2025-12-02,0.9003404165265816,5,1.3109869,0.75631374
2025-12-09,-0.37533142599107067,10,1.3062112,0.811953
2025-12-24,0.6002881622480574,21,1.4524331,0.8943064
2025-11-27,0.2353865347328747,1,1.3698552,0.8376542
2025-12-01,0.629596557205811,3,1.3098394,0.7988946
2025-12-03,0.853048088927859,5,1.31431,0.7336196
2025-12-10,-1.6266244429658419,10,1.3217566,0.7893264
2025-12-25,-2.267467602077457,21,1.4807271,0.9011874
2025-11-28,0.39522347175239697,1,1.3517348,0.82592565
2025-12-02,0.9003404165265816,3,1.3109869,0.8073461
2025-12-04,0.3153640106811488,5,1.3105766,0.7357325
2025-12-11,-1.1750108855976362,10,1.330237,0.7987403
2025-12-26,-0.7515909424569065,21,1.4832866,0.9047233
2025-12-01,0.629596557205811,1,1.3098394,0.8623417
2025-12-03,0.853048088927859,3,1.31431,0.8661139
2025-12-05,0.23457993370493893,5,1.309144,0.80511737
2025-12-12,-3.109232194022805,10,1.389869,0.8607654
2025-12-29,1.4371889780323606,21,1.4453036,0.911867
2025-12-02,0.9003404165265816,1,1.3109869,0.8004543
2025-12-04,0.3153640106811488,3,1.3105766,0.7772535
2025-12-08,0.7107204042412724,5,1.3055464,0.6909355
2025-12-15,-0.05344832949372659,10,1.3766853,0.7424225
2025-12-30,0.6848913969869385,21,1.4448906,0.85325027
2025-12-03,0.853048088927859,1,1.31431,0.7416514
2025-12-05,0.23457993370493893,3,1.309144,0.75854355
2025-12-09,-0.37533142599107067,5,1.3062112,0.7237117
2025-12-16,1.995140144925003,10,1.4003015,0.7627391
2025-12-31,0.9906061481318014,21,1.447189,0.7778818
