time,close,open,high,low,volume,return_1_day
2008-01-02,1853.449951171875,1891.449951171875,1892.5,1852.780029296875,247100,
2008-01-03,1852.72998046875,1834.43994140625,1858.0799560546875,1821.6099853515625,253700,-0.000388524424319
2008-01-04,1863.9000244140625,1853.5400390625,1869.760009765625,1824.4100341796875,299100,0.0060108633693443
2008-01-07,1831.1400146484373,1815.72998046875,1840.989990234375,1814.3499755859373,268100,-0.0177323481346846
2008-01-08,1826.22998046875,1838.6400146484373,1840.6199951171875,1818.68994140625,296600,-0.0026850097945019
2008-01-09,1844.469970703125,1802.06005859375,1844.469970703125,1794.1500244140625,277700,0.0099382355435417
2008-01-10,1824.780029296875,1847.93994140625,1855.0699462890625,1824.780029296875,315500,-0.0107325095905722
2008-01-11,1782.27001953125,1844.5699462890625,1847.1099853515625,1776.260009765625,280800,-0.0235716041962708
2008-01-14,1765.8800048828125,1781.0,1790.68994140625,1754.1300048828125,249300,-0.0092386912132455
2008-01-15,1746.949951171875,1781.530029296875,1781.530029296875,1723.1400146484375,295500,-0.0107777701686896
2008-01-16,1704.969970703125,1715.969970703125,1735.510009765625,1701.3199462890625,295600,-0.0243238842100304
2008-01-17,1723.550048828125,1726.030029296875,1732.6400146484375,1687.0999755859375,296000,0.0108386475283813
2008-01-18,1734.719970703125,1689.280029296875,1737.4200439453125,1684.3900146484375,287700,0.0064598545833796
2008-01-21,1683.56005859375,1723.949951171875,1724.3900146484375,1673.4200439453125,286100,-0.0299353663782812
2008-01-22,1609.02001953125,1628.9200439453125,1636.06005859375,1578.3699951171875,316900,-0.0452853236706337
2008-01-23,1628.4200439453125,1652.6199951171875,1659.280029296875,1604.5400390625,272100,0.0119849363999436
2008-01-24,1663.0,1663.3599853515625,1675.68994140625,1649.0,270600,0.0210129536584583
2008-01-25,1692.4100341796875,1682.9300537109375,1692.6600341796875,1674.2099609375,272600,0.0175303686000075
2008-01-28,1627.18994140625,1668.0699462890625,1674.469970703125,1620.9000244140625,259300,-0.0392990040527443
2008-01-29,1637.9100341796875,1657.9000244140625,1662.9000244140625,1622.52001953125,275300,0.0065664949762102
2008-01-30,1589.06005859375,1653.0,1653.199951171875,1578.2900390625,380500,-0.0302783764221163
2008-01-31,1624.6800537109375,1582.18994140625,1630.1199951171875,1570.8699951171875,334100,0.0221682230601289
2008-02-01,1634.530029296875,1645.050048828125,1648.969970703125,1619.6500244140625,308100,0.006044412801914
2008-02-04,1690.1300048828125,1655.780029296875,1696.56005859375,1655.780029296875,333100,0.0334501327683018
2008-02-05,1696.5699462890625,1686.199951171875,1697.989990234375,1680.3900146484375,253900,0.0038030822104523
2008-02-11,1640.6700439453125,1648.510009765625,1651.719970703125,1633.4599609375,234300,-0.0335038123748422
2008-02-12,1643.2900390625,1653.5999755859375,1654.6199951171875,1641.050048828125,291300,0.0015956318632669
2008-02-13,1631.780029296875,1663.2900390625,1663.949951171875,1629.5699462890625,319000,-0.0070288921539519
2008-02-14,1697.449951171875,1660.449951171875,1697.449951171875,1660.449951171875,503900,0.0394556346829099
2008-02-15,1694.77001953125,1672.3900146484375,1696.3699951171875,1668.4100341796875,485500,-0.0015800462359858
2008-02-18,1696.239990234375,1701.75,1714.199951171875,1681.02001953125,374000,0.000866981100597
2008-02-19,1720.52001953125,1717.0999755859375,1722.7099609375,1708.9300537109375,362800,0.0142125510325939
2008-02-20,1687.9100341796875,1704.6600341796875,1718.1500244140625,1683.699951171875,321600,-0.0191354846010335
2008-02-21,1704.3599853515625,1708.010009765625,1713.6400146484375,1694.5799560546875,241900,0.0096985676377152
2008-02-22,1686.449951171875,1687.6300048828125,1687.6300048828125,1670.68994140625,281400,-0.0105639661756744
2008-02-25,1709.1300048828125,1701.75,1715.0,1701.6400146484375,299200,0.0133587730447496
2008-02-26,1709.1300048828125,1724.550048828125,1726.469970703125,1704.5,283700,0.0
2008-02-27,1720.8900146484375,1725.9599609375,1732.800048828125,1715.81005859375,306600,0.0068571353977892
2008-02-28,1736.1700439453125,1726.0799560546875,1739.5999755859375,1713.25,257400,0.0088399556515375
2008-02-29,1711.6199951171875,1717.68994140625,1721.8499755859375,1708.2099609375,315800,-0.0142412754099795
2008-03-03,1671.72998046875,1676.300048828125,1676.300048828125,1657.7900390625,237100,-0.0235812809267966
2008-03-04,1676.1800537109375,1677.0999755859375,1686.5899658203125,1665.0999755859375,278600,0.0026584202189133
2008-03-05,1677.0999755859375,1680.6300048828125,1687.199951171875,1667.8699951171875,263600,0.0005486698933822
2008-03-06,1697.43994140625,1681.3900146484375,1705.969970703125,1680.1099853515625,359700,0.0120551024117944
2008-03-07,1663.969970703125,1682.1700439453125,1682.1700439453125,1650.739990234375,304200,-0.0199149034262018
2008-03-10,1625.1700439453125,1634.4200439453125,1650.56005859375,1621.4000244140625,318100,-0.0235938430487802
2008-03-11,1641.47998046875,1605.31005859375,1643.6600341796875,1602.3499755859375,279800,0.0099858092737065
2008-03-12,1658.8299560546875,1685.43994140625,1687.6300048828125,1658.1700439453125,325300,0.0105142460890567
2008-03-13,1615.6199951171875,1657.2099609375,1657.2099609375,1609.1700439453125,309600,-0.0263937271876597
2008-03-14,1600.260009765625,1637.780029296875,1638.6600341796875,1578.449951171875,297700,-0.0095526587634874
2008-03-17,1574.43994140625,1588.530029296875,1588.530029296875,1537.530029296875,298700,-0.0162665058650013
2008-03-18,1588.75,1585.3199462890625,1590.280029296875,1566.9599609375,243100,0.0090479272399633
2008-03-19,1622.22998046875,1626.280029296875,1632.6800537109375,1614.9599609375,280400,0.0208541903258448
2008-03-20,1623.3900146484375,1602.2900390625,1624.47998046875,1592.93994140625,243400,0.00071483059066
2008-03-21,1645.68994140625,1644.050048828125,1645.780029296875,1634.510009765625,283900,0.0136431491167036
2008-03-24,1655.300048828125,1653.8199462890625,1663.5699462890625,1645.8900146484375,258100,0.0058225772272986
2008-03-25,1674.9300537109375,1676.739990234375,1680.77001953125,1667.9300537109375,320000,0.0117891146445204
2008-03-26,1679.6700439453125,1676.81005859375,1681.9100341796875,1670.31005859375,280400,0.0028259662856288
2008-03-27,1676.239990234375,1671.97998046875,1677.31005859375,1660.449951171875,257900,-0.0020441876393788
2008-03-28,1701.8299560546875,1671.06005859375,1704.280029296875,1670.8900146484375,350500,0.0151509327762156
2008-03-31,1703.989990234375,1705.1700439453125,1709.31005859375,1685.18994140625,291700,0.0012684372652485
2008-04-01,1702.25,1701.6400146484375,1717.8299560546875,1694.530029296875,320400,-0.0010216487333299
2008-04-02,1742.18994140625,1738.6400146484375,1743.5400390625,1734.4200439453125,326500,0.0231920035038721
2008-04-03,1763.6300048828125,1745.719970703125,1765.530029296875,1742.4300537109375,253800,0.0122312789007832
2008-04-04,1766.489990234375,1762.93994140625,1768.06005859375,1756.739990234375,256800,0.0016203335757735
2008-04-07,1773.56005859375,1769.739990234375,1786.5699462890625,1763.3800048828125,275300,0.00399433774209
2008-04-08,1754.7099609375,1770.97998046875,1770.97998046875,1749.6400146484375,267200,-0.0106852802663752
2008-04-10,1764.6400146484375,1745.5999755859375,1764.6400146484375,1735.780029296875,214900,0.0056431330397082
2008-04-11,1779.7099609375,1768.1300048828125,1779.9200439453125,1759.2900390625,272400,0.0085036958569629
2008-04-14,1746.7099609375,1746.8800048828125,1755.280029296875,1739.030029296875,223500,-0.0187164115798215
2008-04-15,1742.1700439453125,1749.2900390625,1754.300048828125,1734.1300048828125,238500,-0.0026025082824613
2008-04-16,1758.56005859375,1757.8299560546875,1765.81005859375,1753.7900390625,286300,0.0093638377861464
2008-04-17,1768.6700439453125,1782.510009765625,1783.8499755859375,1765.5899658203125,265000,0.0057325508934515
2008-04-18,1771.9000244140625,1772.8900146484375,1778.81005859375,1762.93994140625,237600,0.0018245544092828
2008-04-21,1800.47998046875,1793.18994140625,1802.81005859375,1791.4000244140625,299000,0.0160008542113964
2008-04-22,1787.489990234375,1799.719970703125,1803.3499755859373,1785.469970703125,346700,-0.0072408894702828
2008-04-23,1800.7900390625,1784.22998046875,1809.02001953125,1784.22998046875,340400,0.0074130834978535
2008-04-24,1799.3399658203125,1808.8800048828125,1812.6199951171875,1794.6400146484375,497200,-0.0008055671982056
2008-04-25,1824.6800537109373,1809.0,1825.8299560546875,1809.0,328000,0.0139847466291126
2008-04-28,1823.1700439453125,1829.449951171875,1831.8399658203125,1814.199951171875,371600,-0.0008278902978178
2008-04-29,1811.510009765625,1829.010009765625,1831.22998046875,1803.0799560546875,272400,-0.006416011316719
2008-04-30,1825.469970703125,1808.739990234375,1825.5799560546875,1803.489990234375,245000,0.0076767150601406
2008-05-02,1848.27001953125,1851.6400146484373,1851.6400146484373,1843.1400146484373,267800,0.0124126049349463
2008-05-06,1859.06005859375,1849.81005859375,1859.27001953125,1843.3599853515625,303700,0.005820938142526
2008-05-07,1854.010009765625,1863.77001953125,1868.0899658203125,1839.760009765625,384100,-0.0027201490136277
2008-05-08,1848.0,1831.1700439453125,1854.550048828125,1830.4599609375,319200,-0.0032468929201816
2008-05-09,1823.699951171875,1854.72998046875,1854.72998046875,1818.27001953125,280100,-0.0132365955530523
2008-05-13,1842.800048828125,1829.3699951171875,1842.800048828125,1813.97998046875,265300,0.0104188029098877
2008-05-14,1843.75,1841.43994140625,1848.02001953125,1828.0699462890625,297700,0.000515360529665
2008-05-15,1885.7099609375,1852.739990234375,1886.949951171875,1852.6700439453125,414800,0.0225028459861541
2008-05-16,1888.8800048828125,1893.989990234375,1899.5699462890625,1882.68994140625,301700,0.0016796763194544
2008-05-19,1885.3699951171875,1893.5400390625,1901.1300048828125,1875.050048828125,356000,-0.0018599778909911
2008-05-20,1873.1500244140625,1886.52001953125,1889.8499755859373,1857.050048828125,336300,-0.0065025668071794
2008-05-21,1847.510009765625,1848.969970703125,1861.5799560546875,1844.949951171875,316000,-0.0137827268821374
2008-05-22,1835.4200439453125,1826.06005859375,1836.6300048828125,1810.6800537109373,357300,-0.0065654297377332
2008-05-23,1827.93994140625,1836.4200439453125,1840.780029296875,1826.1600341796875,299100,-0.0040837444119184
2008-05-26,1800.5799560546875,1813.6300048828125,1820.739990234375,1791.4000244140625,281800,-0.0150808068659302
2008-05-27,1825.22998046875,1806.199951171875,1825.47998046875,1806.199951171875,260300,0.0135971849745119
2008-05-28,1805.6400146484373,1835.3800048828125,1835.7099609375,1802.010009765625,299600,-0.0107908881009723
2008-05-29,1841.219970703125,1819.3299560546875,1842.56005859375,1819.3299560546875,299000,0.0195132717820278
2008-05-30,1852.02001953125,1846.97998046875,1852.3599853515625,1833.4200439453125,287600,0.0058485663763849
2008-06-02,1847.530029296875,1848.300048828125,1853.5,1831.6600341796875,234500,-0.0024273181222862
2008-06-03,1819.3900146484373,1832.31005859375,1836.7099609375,1814.5,258900,-0.015348339600835
2008-06-04,1833.81005859375,1821.300048828125,1836.1300048828125,1813.1199951171875,235900,0.0078945136035496
2008-06-05,1832.31005859375,1830.1400146484373,1832.8199462890625,1816.3499755859373,275000,-0.0008183038393479
2008-06-09,1808.9599609375,1787.9000244140625,1810.2099609375,1785.1600341796875,249300,-0.0128254249778549
2008-06-10,1774.3800048828125,1813.3599853515625,1814.06005859375,1765.3499755859375,322800,-0.0193010040242951
2008-06-11,1781.6700439453125,1781.1400146484375,1786.97998046875,1760.6600341796875,282800,0.0041000824931809
2008-06-12,1739.3599853515625,1755.9000244140625,1761.2900390625,1739.3599853515625,379800,-0.024033930327962
2008-06-13,1747.3499755859375,1753.6700439453125,1760.719970703125,1730.25,402000,0.0045831195078947
2008-06-16,1760.8199462890625,1763.8599853515625,1768.6300048828125,1755.550048828125,375400,0.0076792385759542
2008-06-17,1750.7099609375,1766.3399658203125,1767.5,1738.7099609375,334900,-0.0057581815066884
2008-06-18,1774.1300048828125,1745.5,1775.1099853515625,1742.6800537109375,343000,0.0132887670472755
2008-06-19,1740.719970703125,1756.3599853515625,1757.260009765625,1731.510009765625,401500,-0.0190113607654401
2008-06-20,1731.0,1752.949951171875,1755.5999755859375,1723.4100341796875,331000,-0.005599527716737
2008-06-23,1715.5899658203125,1705.6099853515625,1720.739990234375,1694.7900390625,303200,-0.008942251338002
2008-06-24,1710.8399658203125,1706.9200439453125,1717.22998046875,1699.81005859375,364200,-0.0027725668626448
2008-06-25,1717.7900390625,1710.449951171875,1717.81005859375,1695.010009765625,345400,0.0040541456801271
2008-06-26,1717.6600341796875,1717.5699462890625,1734.8599853515625,1714.3800048828125,328800,-7.568433835615438e-05
2008-06-27,1684.449951171875,1673.27001953125,1685.8800048828125,1669.68994140625,285300,-0.0195238472971723
2008-06-30,1674.9200439453125,1682.8599853515625,1689.6099853515625,1671.1099853515625,261900,-0.0056736428583656
2008-07-01,1666.4599609375,1675.699951171875,1681.449951171875,1652.030029296875,278000,-0.0050638365427097
2008-07-02,1623.5999755859375,1665.52001953125,1667.969970703125,1607.8800048828125,336000,-0.0260557016913361
2008-07-03,1606.5400390625,1591.2099609375,1616.6500244140625,1580.8299560546875,352000,-0.0105630685187029
2008-07-04,1577.93994140625,1604.469970703125,1610.6500244140625,1574.5999755859375,247000,-0.0179626606728669
2008-07-07,1579.719970703125,1568.25,1583.489990234375,1560.0,250000,0.0011274358448799
2008-07-08,1533.469970703125,1577.0400390625,1577.0400390625,1509.199951171875,332000,-0.029714475414036
2008-07-09,1519.3800048828125,1557.0699462890625,1563.0699462890625,1519.050048828125,328800,-0.0092307620615423
2008-07-10,1537.4300537109375,1498.780029296875,1542.3399658203125,1495.43994140625,354200,0.0118098660189891
2008-07-11,1567.510009765625,1543.010009765625,1573.06005859375,1526.6700439453125,326500,0.0193761531776073
2008-07-14,1558.6199951171875,1562.8800048828125,1581.699951171875,1554.010009765625,257100,-0.0056875680789821
2008-07-15,1509.3299560546875,1550.949951171875,1550.949951171875,1506.4100341796875,297900,-0.0321349966069653
2008-07-16,1507.4000244140625,1518.5699462890625,1529.8699951171875,1488.75,296900,-0.0012794860106197
2008-07-17,1525.56005859375,1541.3800048828125,1546.8399658203125,1524.8499755859375,319700,0.0119752655525477
2008-07-18,1509.989990234375,1542.72998046875,1542.9100341796875,1504.0,304100,-0.0102585723549173
2008-07-21,1562.9200439453125,1530.6800537109375,1569.449951171875,1530.050048828125,296100,0.0344528728046101
2008-07-22,1561.22998046875,1551.0899658203125,1563.75,1549.0,252500,-0.0010819350083822
2008-07-23,1591.760009765625,1586.27001953125,1598.8900146484375,1577.93994140625,351600,0.0193663688067354
2008-07-24,1626.1400146484375,1603.52001953125,1627.8699951171875,1603.239990234375,347700,0.0213687888642976
2008-07-25,1597.9300537109375,1595.280029296875,1610.449951171875,1589.47998046875,266600,-0.017500042046761
2008-07-28,1598.2900390625,1609.5699462890625,1611.1500244140625,1588.56005859375,252300,0.0002252569238886
2008-07-29,1567.199951171875,1572.1600341796875,1573.6199951171875,1542.8900146484375,261600,-0.0196437756734807
2008-07-30,1577.699951171875,1594.0400390625,1595.8399658203125,1572.1700439453125,265700,0.0066775028404303
2008-07-31,1594.6700439453125,1583.989990234375,1600.1500244140625,1577.81005859375,233000,0.010698786504319
2008-08-01,1573.77001953125,1578.550048828125,1587.489990234375,1562.2900390625,231200,-0.0131928186316991
2008-08-04,1543.050048828125,1567.010009765625,1571.22998046875,1531.52001953125,246500,-0.0197130182980471
2008-08-05,1535.5400390625,1540.3199462890625,1556.9599609375,1533.4300537109375,244800,-0.0048788727620083
2008-08-06,1578.7099609375,1567.300048828125,1580.25,1560.8800048828125,276600,0.0277258969729839
2008-08-07,1564.0,1577.3599853515625,1582.510009765625,1553.2099609375,219000,-0.0093613909947707
2008-08-08,1568.719970703125,1547.699951171875,1573.1800537109375,1544.0999755859375,221300,0.0030133394103488
2008-08-11,1581.0899658203125,1592.300048828125,1597.31005859375,1581.0899658203125,254500,0.0078544794520483
2008-08-12,1577.1199951171875,1581.0999755859375,1590.1199951171875,1570.8800048828125,251600,-0.0025140651465558
2008-08-13,1562.719970703125,1572.8699951171875,1581.4599609375,1553.93994140625,231600,-0.0091725218692913
2008-08-14,1572.18994140625,1553.6500244140625,1578.300048828125,1553.6500244140625,247600,0.0060416406048181
2008-08-18,1567.7099609375,1579.1300048828125,1582.760009765625,1561.5699462890625,260800,-0.002853583647952
2008-08-19,1541.4100341796875,1554.2099609375,1554.9200439453125,1528.31005859375,261100,-0.0169183268028569
2008-08-20,1540.7099609375,1531.8699951171875,1549.530029296875,1524.8699951171875,243700,-0.0004542803364801
2008-08-21,1512.5899658203125,1539.550048828125,1540.449951171875,1511.68994140625,259500,-0.0184199330992041
2008-08-22,1496.9100341796875,1508.6700439453125,1508.6700439453125,1477.550048828125,226300,-0.0104203844647827
2008-08-25,1502.1099853515625,1505.1300048828125,1510.97998046875,1496.6300048828125,198300,0.0034677703709746
2008-08-26,1490.25,1477.0400390625,1502.3299560546875,1474.6400146484375,213100,-0.0079268854762872
2008-08-27,1493.9200439453125,1487.780029296875,1498.3800048828125,1466.4599609375,241600,0.0024596760516875
2008-08-28,1474.1500244140625,1503.260009765625,1503.739990234375,1473.0,216100,-0.0133219981108523
2008-08-29,1474.239990234375,1488.25,1496.1400146484375,1470.8699951171875,242100,6.102708250489326e-05
2008-09-01,1414.4300537109375,1453.1400146484375,1456.68994140625,1413.4300537109375,316600,-0.0414159350841392
2008-09-02,1407.1400146484375,1418.260009765625,1430.4300537109375,1392.550048828125,373400,-0.0051673749772517
2008-09-03,1426.8900146484375,1403.8900146484375,1430.93994140625,1396.1300048828125,367100,0.0139379749163824
2008-09-04,1426.4300537109375,1421.1600341796875,1436.6199951171875,1409.3299560546875,372900,-0.0003224040279145
2008-09-05,1404.3800048828125,1394.3900146484375,1415.239990234375,1393.3299560546875,298500,-0.015578929237726
2008-09-08,1476.6500244140625,1437.5899658203125,1481.4100341796875,1437.5899658203125,399100,0.0501800974463454
2008-09-09,1454.5,1469.5400390625,1469.5400390625,1446.530029296875,443700,-0.0151138262238163
2008-09-10,1464.97998046875,1432.9000244140625,1466.260009765625,1430.050048828125,421200,0.0071793782134972
2008-09-11,1443.239990234375,1459.68994140625,1467.9000244140625,1439.3800048828125,363000,-0.0149509978046874
2008-09-12,1477.9200439453125,1468.4100341796875,1480.77001953125,1463.5799560546875,311700,0.0237451442348012
2008-09-16,1387.75,1381.239990234375,1401.7900390625,1372.550048828125,392800,-0.0629519930085966
2008-09-17,1425.260009765625,1420.489990234375,1441.239990234375,1412.5999755859375,398300,0.0266705294815538
2008-09-18,1392.4200439453125,1385.469970703125,1400.3499755859375,1366.8800048828125,413400,-0.0233109879687169
2008-09-19,1455.780029296875,1441.31005859375,1464.5899658203125,1435.719970703125,468700,0.0444985874803564
2008-09-22,1460.3399658203125,1472.0799560546875,1488.93994140625,1457.0999755859375,354300,0.0031274023343797
2008-09-23,1481.3699951171875,1447.9000244140625,1484.010009765625,1445.5,470400,0.0142980700663308
2008-09-24,1495.97998046875,1479.0400390625,1501.0899658203125,1472.31005859375,498500,0.009814165441102
2008-09-25,1501.6300048828125,1487.72998046875,1503.8299560546875,1469.22998046875,419100,0.0037696906085238
2008-09-26,1476.3299560546875,1492.4200439453125,1498.739990234375,1469.8299560546875,405900,-0.0169919393738681
2008-09-29,1456.3599853515625,1491.1099853515625,1496.300048828125,1449.3299560546875,365900,-0.0136190867562244
2008-09-30,1448.06005859375,1383.969970703125,1448.06005859375,1376.719970703125,412800,-0.0057153918688049
2008-10-01,1439.6700439453125,1453.4000244140625,1453.4000244140625,1429.5699462890625,314200,-0.0058108188496434
2008-10-02,1419.6500244140625,1450.1600341796875,1458.6800537109375,1410.3499755859375,317900,-0.0140035716268619
2008-10-06,1358.75,1389.6800537109375,1389.6800537109375,1351.719970703125,312400,-0.0438452201029784
2008-10-07,1366.0999755859375,1340.9200439453125,1371.239990234375,1321.81005859375,349600,0.0053947875866637
2008-10-08,1286.68994140625,1323.9599609375,1334.3399658203125,1281.469970703125,431500,-0.0598869632190813
2008-10-09,1294.8900146484375,1289.6700439453125,1324.3599853515625,1274.4599609375,451800,0.0063527769504067
2008-10-10,1241.469970703125,1248.530029296875,1248.530029296875,1178.510009765625,461300,-0.0421296230130436
2008-10-13,1288.530029296875,1272.949951171875,1294.18994140625,1252.43994140625,384700,0.0372059187047556
2008-10-14,1367.68994140625,1342.31005859375,1367.699951171875,1339.8599853515625,460900,0.0596210860293284
2008-10-15,1340.280029296875,1338.4599609375,1353.43994140625,1327.4200439453125,347700,-0.0202445732749414
2008-10-16,1213.780029296875,1258.3800048828125,1265.8499755859375,1205.1400146484375,409100,-0.0991390879757195
2008-10-17,1180.6700439453125,1245.1500244140625,1245.1500244140625,1166.8800048828125,420200,-0.0276573700687554
2008-10-20,1207.6300048828125,1195.9000244140625,1211.0899658203125,1149.3900146484375,373000,0.0225776540755126
2008-10-21,1196.0999755859375,1223.75,1232.72998046875,1181.8800048828125,389200,-0.0095935215865154
2008-10-22,1134.5899658203125,1190.5,1195.280029296875,1095.56005859375,374900,-0.0527949215943779
2008-10-23,1049.7099609375,1089.5699462890625,1089.5699462890625,1028.5,401500,-0.0777574237345463
2008-10-24,938.75,1051.5799560546875,1051.9200439453125,925.5700073242188,443200,-0.1117199742367608
2008-10-27,946.4500122070312,937.1799926757812,966.4099731445312,892.1599731445312,540700,0.008168952871587
2008-10-28,999.1599731445312,916.8499755859376,1012.72998046875,901.489990234375,649400,0.0541967431564661
2008-10-29,968.969970703125,1047.47998046875,1078.3299560546875,920.3499755859376,763400,-0.0306812776822862
2008-10-30,1084.719970703125,1036.8299560546875,1094.8900146484375,992.8900146484376,621600,0.1128435197212437
2008-10-31,1113.06005859375,1083.1400146484375,1158.6600341796875,1061.4599609375,864800,0.025791169675021
2008-11-03,1129.0799560546875,1117.1300048828125,1158.8699951171875,1109.3199462890625,568200,0.0142900710649524
2008-11-04,1153.3499755859375,1135.530029296875,1154.449951171875,1114.4100341796875,603600,0.0212676270930142
2008-11-05,1181.5,1184.9200439453125,1217.8199462890625,1159.6700439453125,790200,0.0241140876486196
2008-11-06,1092.219970703125,1133.780029296875,1140.8499755859375,1081.7900390625,657600,-0.0785725222352719
2008-11-07,1134.489990234375,1054.3499755859375,1134.5,1038.719970703125,846300,0.037970906725708
2008-11-10,1152.4599609375,1152.260009765625,1165.5699462890625,1124.1300048828125,717500,0.0157155520978597
2008-11-11,1128.72998046875,1133.3399658203125,1160.300048828125,1114.5,600700,-0.0208056646601745
2008-11-12,1123.8599853515625,1103.8800048828125,1143.1800537109375,1096.6300048828125,605700,-0.0043239140532693
2008-11-13,1088.43994140625,1074.75,1088.4599609375,1040.3399658203125,566800,-0.0320237509063986
2008-11-14,1088.260009765625,1126.93994140625,1129.4000244140625,1078.43994140625,440500,-0.0001653251666017
2008-11-17,1078.3199462890625,1074.3299560546875,1104.6600341796875,1050.4000244140625,413400,-0.0091758748086326
2008-11-18,1036.1600341796875,1053.2900390625,1075.6800537109375,1036.0999755859375,377400,-0.0398826195840845
2008-11-19,1016.8200073242188,1038.739990234375,1038.739990234375,994.5700073242188,404600,-0.0188414875996982
2008-11-20,948.6900024414062,967.4600219726562,984.510009765625,947.4400024414062,424100,-0.0693533082596314
2008-11-21,1003.72998046875,929.739990234375,1013.1199951171876,914.02001953125,602100,0.0563962321468246
2008-11-24,970.1400146484376,996.22998046875,1014.489990234375,969.489990234375,464200,-0.0340379142445108
2008-11-25,983.3200073242188,1016.0900268554688,1029.4599609375,966.280029296875,486200,0.0134942026211716
2008-11-26,1029.780029296875,993.0700073242188,1030.699951171875,993.0700073242188,515500,0.0461658859259937
2008-11-27,1063.47998046875,1058.6300048828125,1070.6700439453125,1046.4599609375,563600,0.0322013156419928
2008-11-28,1076.0699462890625,1066.8399658203125,1084.030029296875,1061.52001953125,555200,0.0117689341855559
2008-12-01,1058.6199951171875,1074.0,1083.010009765625,1058.6199951171875,627300,-0.0163492969434224
2008-12-02,1023.2000122070312,1007.7100219726562,1038.4100341796875,1007.260009765625,421100,-0.0340311853154901
2008-12-03,1022.6699829101562,1038.4100341796875,1038.4100341796875,1013.5599975585938,478700,-0.0005181456397506
2008-12-04,1006.5399780273438,1042.1600341796875,1042.1600341796875,997.0,402200,-0.0158981524157681
2008-12-05,1028.1300048828125,1017.47998046875,1032.6800537109375,1008.2999877929688,401600,0.0212229377736492
2008-12-08,1105.050048828125,1041.4100341796875,1111.27001953125,1037.6400146484375,541800,0.0721490040702674
2008-12-09,1105.8399658203125,1116.0899658203125,1120.6600341796875,1092.489990234375,486500,0.0007145692644731
2008-12-10,1145.8699951171875,1112.43994140625,1155.0799560546875,1105.7099609375,562100,0.0355589732857473
2008-12-11,1154.4300537109375,1145.06005859375,1166.27001953125,1135.5,576700,0.0074425926404139
2008-12-12,1103.8199462890625,1128.6600341796875,1152.989990234375,1089.93994140625,622300,-0.044829919767314
2008-12-15,1158.18994140625,1138.4200439453125,1164.719970703125,1138.4200439453125,485400,0.0480815486696439
2008-12-16,1161.56005859375,1148.6800537109375,1165.2900390625,1137.050048828125,626700,0.0029055885836853
2008-12-17,1169.75,1190.0899658203125,1196.3699951171875,1146.0400390625,647800,0.0070260710863955
2008-12-18,1175.9100341796875,1183.3800048828125,1189.8299560546875,1164.5999755859375,557800,0.0052522942379692
2008-12-19,1180.969970703125,1174.239990234375,1194.52001953125,1171.3800048828125,685000,0.0042937648814341
2008-12-22,1179.6099853515625,1189.8499755859375,1201.1400146484375,1167.6300048828125,450600,-0.0011522469285925
2008-12-23,1144.31005859375,1168.1500244140625,1175.3199462890625,1140.1300048828125,436400,-0.0303819764801614
2008-12-24,1128.510009765625,1140.0799560546875,1143.6800537109375,1113.1700439453125,407800,-0.0139036992647526
2008-12-26,1117.8599853515625,1128.5400390625,1134.5699462890625,1108.8599853515625,345500,-0.0094820570359049
2008-12-29,1117.5899658203125,1109.4000244140625,1118.3499755859375,1084.260009765625,312500,-0.0002415795821522
2008-12-30,1124.469970703125,1124.5999755859375,1144.239990234375,1121.3199462890625,357900,0.0061372368915975
2009-01-02,1157.4000244140625,1132.8699951171875,1157.4000244140625,1118.8399658203125,340800,0.0288643437678605
2009-01-05,1173.5699462890625,1180.97998046875,1185.219970703125,1166.6600341796875,414800,0.0138742081291008
2009-01-06,1194.280029296875,1183.52001953125,1203.5899658203125,1179.93994140625,444200,0.0174931784912612
2009-01-07,1228.1700439453125,1198.8499755859375,1228.56005859375,1195.199951171875,568600,0.0279817745348726
2009-01-08,1205.699951171875,1212.699951171875,1218.4300537109375,1195.1500244140625,472300,-0.0184650217633335
2009-01-09,1180.9599609375,1214.5,1220.5899658203125,1179.06005859375,443500,-0.0207326366806862
2009-01-12,1156.75,1170.68994140625,1177.18994140625,1150.4100341796875,352700,-0.0207132851577291
2009-01-13,1167.7099609375,1147.989990234375,1168.0400390625,1133.93994140625,381500,0.0094301836491161
2009-01-14,1182.6800537109375,1161.010009765625,1184.52001953125,1151.800048828125,358900,0.0127385626333412
2009-01-15,1111.3399658203125,1138.469970703125,1145.4100341796875,1108.1500244140625,366500,-0.0622166314000731
2009-01-16,1135.199951171875,1120.68994140625,1135.7900390625,1109.68994140625,335700,0.0212423401635435
2009-01-19,1150.6500244140625,1146.0899658203125,1159.8800048828125,1141.31005859375,370300,0.0135182174580048
2009-01-20,1126.81005859375,1136.1600341796875,1136.47998046875,1115.0699462890625,319500,-0.0209363376391479
2009-01-21,1103.6099853515625,1087.4300537109375,1118.4000244140625,1085.719970703125,334600,-0.0208040723689394
2009-01-22,1116.22998046875,1125.219970703125,1127.3499755859375,1106.739990234375,346800,0.0113703071164678
2009-01-23,1093.4000244140625,1105.4300537109375,1105.4300537109375,1087.6600341796875,268200,-0.0206647886099499
2009-01-28,1157.97998046875,1123.22998046875,1160.18994140625,1122.3299560546875,345300,0.0573849611704965
2009-01-29,1166.56005859375,1165.8199462890625,1179.1500244140625,1160.75,384700,0.0073822063259564
2009-01-30,1162.1099853515625,1147.5699462890625,1163.760009765625,1144.52001953125,377000,-0.0038219915877203
2009-02-02,1146.949951171875,1145.8699951171875,1170.699951171875,1136.3699951171875,374600,-0.0131311030702169
2009-02-03,1163.199951171875,1152.93994140625,1174.280029296875,1137.8299560546875,347700,0.0140685831738543
2009-02-04,1195.3699951171875,1183.219970703125,1195.52001953125,1176.0999755859375,450200,0.0272809709865174
2009-02-05,1177.8800048828125,1187.050048828125,1206.72998046875,1177.8800048828125,463600,-0.0147395401924132
2009-02-06,1210.260009765625,1199.1700439453125,1210.260009765625,1190.6700439453125,570800,0.0271190040143802
2009-02-09,1202.68994140625,1224.43994140625,1227.72998046875,1199.9300537109375,476000,-0.0062745546726633
2009-02-10,1198.8699951171875,1215.050048828125,1219.760009765625,1186.3299560546875,468800,-0.003181223547673
2009-02-11,1190.1800537109375,1168.4200439453125,1193.550048828125,1162.5699462890625,469800,-0.0072748410905158
2009-02-12,1179.8399658203125,1183.6800537109375,1187.3499755859375,1162.5799560546875,488100,-0.0087257942234603
2009-02-13,1192.43994140625,1179.6300048828125,1192.47998046875,1165.25,574800,0.0106227718175643
2009-02-16,1175.469970703125,1183.52001953125,1199.5,1174.72998046875,509500,-0.0143335362175339
2009-02-17,1127.18994140625,1167.219970703125,1167.219970703125,1121.4100341796875,546400,-0.0419402846531688
2009-02-18,1113.18994140625,1111.3499755859375,1120.6500244140625,1096.0,598200,-0.0124980431591331
2009-02-19,1107.0999755859375,1109.989990234375,1121.27001953125,1092.9599609375,641500,-0.0054857530505867
2009-02-20,1065.949951171875,1095.25,1102.43994140625,1056.3399658203125,587400,-0.0378775873097498
2009-02-23,1099.550048828125,1058.5400390625,1099.550048828125,1051.52001953125,396100,0.0310346750808209
2009-02-24,1063.8800048828125,1061.56005859375,1071.9300537109375,1055.8599853515625,576300,-0.0329784424082604
2009-02-25,1067.0799560546875,1094.699951171875,1095.72998046875,1061.5999755859375,735400,0.0030032977022331
2009-02-26,1054.7900390625,1077.7099609375,1100.449951171875,1036.6700439453125,575100,-0.0115841728808021
2009-02-27,1063.030029296875,1056.7099609375,1076.81005859375,1048.050048828125,498300,0.0077816165192685
2009-03-02,1018.8099975585938,1044.280029296875,1044.280029296875,1010.8699951171876,413900,-0.0424880713866874
2009-03-03,1025.5699462890625,993.8499755859376,1029.1800537109375,992.6900024414062,543400,0.006613226066764
2009-03-04,1059.260009765625,1018.9000244140624,1062.68994140625,1008.6699829101562,490800,0.0323220571266166
2009-03-05,1058.1800537109375,1068.25,1074.56005859375,1050.9000244140625,509900,-0.001020058292991
2009-03-06,1055.030029296875,1036.2900390625,1059.3299560546875,1036.2900390625,465700,-0.0029812717367804
2009-03-09,1071.72998046875,1068.97998046875,1077.1300048828125,1052.4100341796875,457900,0.0157049167179926
2009-03-10,1092.199951171875,1060.6099853515625,1096.5899658203125,1060.6099853515625,614100,0.0189198190002594
2009-03-11,1127.510009765625,1122.9100341796875,1127.8800048828125,1118.1199951171875,574400,0.0318177041664945
2009-03-12,1128.3900146484375,1126.5999755859375,1132.300048828125,1107.5999755859375,536900,0.0007801807863166
2009-03-13,1126.030029296875,1137.3499755859375,1147.8299560546875,1124.7099609375,506200,-0.0020936526180737
2009-03-16,1125.4599609375,1126.0899658203125,1142.5799560546875,1119.3299560546875,436000,-0.0005063920994804
2009-03-17,1163.8800048828125,1140.3199462890625,1166.5999755859375,1132.75,727000,0.0335674491416432
2009-03-18,1169.949951171875,1176.8599853515625,1176.8599853515625,1157.1099853515625,520400,0.0052017157119338
2009-03-19,1161.81005859375,1180.3900146484375,1186.9100341796875,1158.18994140625,532600,-0.0069817868126778
2009-03-20,1170.93994140625,1165.030029296875,1180.3800048828125,1163.5899658203125,374700,0.0078276106991709
2009-03-23,1199.5,1179.5999755859375,1201.22998046875,1179.1300048828125,461600,0.024098008292582
2009-03-24,1221.699951171875,1225.93994140625,1225.93994140625,1205.0799560546875,512500,0.018338488162903
2009-03-25,1229.02001953125,1216.2900390625,1229.02001953125,1211.199951171875,495100,0.0059738282757012
2009-03-26,1243.800048828125,1226.510009765625,1243.969970703125,1216.489990234375,588100,0.0119541292086503
2009-03-27,1237.510009765625,1248.699951171875,1256.699951171875,1233.949951171875,702300,-0.0050699448173769
2009-03-30,1197.4599609375,1239.800048828125,1244.780029296875,1196.3199462890625,527800,-0.0328986899263343
2009-03-31,1206.260009765625,1205.97998046875,1228.2099609375,1203.1600341796875,503600,0.0073220576867681
2009-04-01,1233.3599853515625,1214.06005859375,1238.0400390625,1201.7099609375,586100,0.0222174686051683
2009-04-02,1276.969970703125,1254.3800048828125,1278.56005859375,1249.93994140625,732200,0.0347479207781735
2009-04-03,1283.75,1288.56005859375,1292.5999755859375,1274.449951171875,618700,0.0052954209893653
2009-04-06,1297.8499755859375,1292.4200439453125,1315.300048828125,1292.4200439453125,726400,0.0109235481285612
2009-04-07,1300.0999755859375,1296.3199462890625,1304.280029296875,1282.4100341796875,686800,0.0017321354181899
2009-04-08,1262.0699462890625,1284.97998046875,1287.5899658203125,1260.72998046875,751400,-0.0296879782725531
2009-04-09,1316.3499755859375,1274.030029296875,1317.2900390625,1272.02001953125,933700,0.0421095489079057
2009-04-10,1336.0400390625,1340.8699951171875,1355.68994140625,1319.52001953125,920400,0.0148473075808054
2009-04-13,1338.260009765625,1341.739990234375,1353.27001953125,1328.989990234375,815400,0.0016602259825077
2009-04-14,1342.6300048828125,1353.25,1356.31005859375,1323.6400146484375,933400,0.0032601106078838
2009-04-15,1333.0899658203125,1321.5999755859375,1341.3199462890625,1305.1600341796875,815700,-0.0071308504567477
2009-04-16,1336.719970703125,1356.8800048828125,1371.280029296875,1334.6500244140625,746700,0.0027193000295792
2009-04-17,1329.0,1354.9300537109375,1360.9000244140625,1316.1099853515625,794000,-0.0057920504556552
2009-04-20,1336.3900146484375,1331.760009765625,1338.9000244140625,1311.72998046875,566900,0.0055451799129755
2009-04-21,1336.81005859375,1307.949951171875,1338.47998046875,1303.219970703125,639600,0.0003142630085746
2009-04-22,1356.02001953125,1347.7900390625,1360.4100341796875,1336.4100341796875,730200,0.014267730422677
2009-04-23,1368.800048828125,1367.300048828125,1371.949951171875,1353.1600341796875,747000,0.0093805261927234
2009-04-24,1354.0999755859375,1371.81005859375,1375.800048828125,1343.550048828125,683400,-0.0107974702911515
2009-04-27,1339.8299560546875,1358.199951171875,1366.6600341796875,1334.02001953125,547300,-0.0105943015330301
2009-04-28,1300.239990234375,1344.77001953125,1353.800048828125,1298.8599853515625,759000,-0.0299938521417264
2009-04-29,1338.4200439453125,1310.6199951171875,1338.4300537109375,1299.97998046875,599300,0.0289409913261809
2009-04-30,1369.3599853515625,1353.6700439453125,1377.8199462890625,1350.4599609375,811800,0.0228536200796526
2009-05-04,1397.9200439453125,1386.02001953125,1397.9200439453125,1381.1199951171875,749100,0.0206419822958768
2009-05-06,1393.449951171875,1399.8199462890625,1408.5699462890625,1385.3499755859375,738900,-0.003202797624398
2009-05-07,1401.0799560546875,1414.550048828125,1415.47998046875,1389.8199462890625,770600,0.0054606850497825
2009-05-08,1412.1300048828125,1400.469970703125,1412.1400146484375,1390.8299560546875,732200,0.0078558698502404
2009-05-11,1415.1600341796875,1416.4200439453125,1420.31005859375,1405.4200439453125,681600,0.0021434167807808
2009-05-12,1403.510009765625,1406.43994140625,1411.2099609375,1395.9100341796875,770700,-0.0082663742633164
2009-05-13,1414.52001953125,1409.5899658203125,1414.6300048828125,1400.3499755859375,714000,0.0078140159420907
2009-05-14,1380.949951171875,1395.5999755859375,1400.3800048828125,1380.9100341796875,700900,-0.0240186319737664
2009-05-15,1391.72998046875,1395.1500244140625,1399.8399658203125,1385.8299560546875,702800,0.0077759307821754
2009-05-18,1386.6800537109375,1385.7099609375,1387.199951171875,1366.5799560546875,552500,-0.0036351238705241
2009-05-19,1428.2099609375,1416.949951171875,1428.2099609375,1411.8900146484375,767800,0.029509444901237
2009-05-20,1435.699951171875,1427.97998046875,1436.9200439453125,1424.5999755859375,698900,0.0052306165633697
2009-05-21,1421.6500244140625,1431.030029296875,1433.0699462890625,1412.72998046875,867600,-0.0098343150910974
2009-05-22,1403.75,1406.27001953125,1431.3199462890625,1402.800048828125,676800,-0.0126709589799195
2009-05-25,1400.9000244140625,1393.989990234375,1414.1400146484375,1315.2099609375,825400,-0.0020323224231721
2009-05-26,1372.0400390625,1407.5799560546875,1409.2900390625,1361.5799560546875,684600,-0.0208161927793051
2009-05-27,1362.02001953125,1394.739990234375,1396.77001953125,1360.300048828125,786700,-0.0073298056208049
2009-05-28,1392.1700439453125,1355.8900146484375,1392.1700439453125,1345.0999755859375,657900,0.0218948062110025
2009-05-29,1395.8900146484375,1393.25,1398.43994140625,1380.6800537109375,549700,0.0026685027097045
2009-06-01,1415.0999755859375,1394.9200439453125,1415.0999755859375,1384.449951171875,559000,0.0136679675557124
2009-06-02,1412.8499755859375,1437.1500244140625,1437.760009765625,1411.6199951171875,705300,-0.0015912590488649
2009-06-03,1414.8900146484375,1423.800048828125,1427.050048828125,1402.760009765625,731500,0.0014428762357739
2009-06-04,1378.1400146484375,1410.239990234375,1411.1099853515625,1375.93994140625,583300,-0.0263170253338452
2009-06-05,1394.7099609375,1392.6300048828125,1394.7099609375,1373.239990234375,511500,0.0119517057731924
2009-06-08,1393.300048828125,1394.22998046875,1411.27001953125,1387.4100341796875,516700,-0.0010114111675538
2009-06-09,1371.8399658203125,1406.6600341796875,1410.0,1371.52001953125,485700,-0.015522189670095
2009-06-10,1414.8800048828125,1379.6099853515625,1414.8800048828125,1376.4599609375,501900,0.0308918457840708
2009-06-11,1419.3900146484375,1411.9200439453125,1435.280029296875,1407.5,490800,0.0031824868774515
2009-06-12,1428.5899658203125,1428.8699951171875,1436.22998046875,1416.5,508600,0.0064607077549795
2009-06-15,1412.4200439453125,1427.75,1427.75,1401.18994140625,434600,-0.0113833435489028
2009-06-16,1399.1500244140625,1394.699951171875,1410.010009765625,1389.3299560546875,473900,-0.0094396495524402
2009-06-17,1391.1700439453125,1391.969970703125,1397.2099609375,1384.1300048828125,456100,-0.0057197755305578
2009-06-18,1375.760009765625,1390.219970703125,1396.75,1371.3800048828125,502200,-0.0111388385047054
2009-06-19,1383.3399658203125,1386.52001953125,1388.75,1369.760009765625,471000,0.0054945273397476
2009-06-22,1399.7099609375,1381.8499755859375,1399.9200439453125,1379.75,410200,0.0117642042675542
2009-06-23,1360.5400390625,1369.8699951171875,1374.43994140625,1354.97998046875,509200,-0.0283833359239368
2009-06-24,1363.7900390625,1366.010009765625,1370.0,1350.31005859375,436500,0.0023859087911782
2009-06-25,1392.72998046875,1366.780029296875,1402.3499755859375,1366.780029296875,449200,0.0209982184462844
2009-06-26,1394.530029296875,1401.5699462890625,1404.010009765625,1388.3800048828125,425900,0.001291626236569
2009-06-29,1388.449951171875,1399.6400146484375,1408.93994140625,1386.030029296875,426300,-0.0043694800834014
2009-06-30,1390.0699462890625,1402.300048828125,1409.0999755859375,1385.760009765625,473100,0.0011660850816538
2009-07-01,1411.6600341796875,1386.3299560546875,1414.7900390625,1381.0899658203125,505500,0.0154122741391813
2009-07-02,1411.47998046875,1419.1500244140625,1419.1500244140625,1403.1800537109375,464100,-0.0001275556368067
2009-07-03,1420.0400390625,1389.9300537109375,1420.0400390625,1389.3900146484375,398600,0.0060462822883618
2009-07-06,1428.93994140625,1419.1700439453125,1434.31005859375,1416.199951171875,384600,0.0062478019188669
2009-07-07,1434.199951171875,1434.469970703125,1439.5699462890625,1426.949951171875,456800,0.0036742987633796
2009-07-08,1431.02001953125,1424.9200439453125,1431.02001953125,1412.6800537109375,435400,-0.0022196780552689
2009-07-09,1430.8900146484375,1428.739990234375,1443.81005859375,1426.4100341796875,437300,-9.085183066502998e-05
2009-07-10,1428.6199951171875,1435.52001953125,1436.5,1415.989990234375,456500,-0.0015876985919619
2009-07-13,1378.1199951171875,1426.31005859375,1426.31005859375,1378.1199951171875,446700,-0.0359886919574113
2009-07-14,1385.56005859375,1400.530029296875,1402.0,1377.5999755859375,426800,0.0053841843524328
2009-07-15,1420.8599853515625,1402.760009765625,1422.4100341796875,1402.280029296875,398400,0.0251578794463765
2009-07-16,1432.219970703125,1438.02001953125,1442.0999755859375,1426.510009765625,424000,0.0079633557834325
2009-07-17,1440.0999755859375,1443.489990234375,1445.5999755859375,1432.800048828125,403700,0.0054868711004432
2009-07-20,1478.510009765625,1447.8499755859375,1480.489990234375,1447.1099853515625,505000,0.0263222918361684
2009-07-21,1488.989990234375,1489.449951171875,1496.8699951171875,1480.6400146484375,514700,0.0070632006997056
2009-07-22,1494.0400390625,1492.3699951171875,1496.489990234375,1485.0400390625,506900,0.0033858550554386
2009-07-23,1496.489990234375,1495.3900146484375,1504.699951171875,1484.8299560546875,642900,0.0016384732445204
2009-07-24,1502.5899658203125,1508.3199462890625,1510.8199462890625,1496.8900146484375,533000,0.0040679035484898
2009-07-27,1524.050048828125,1510.75,1529.260009765625,1505.8499755859375,504100,0.0141810341111315
2009-07-28,1526.030029296875,1521.489990234375,1528.550048828125,1518.5,431400,0.001298313943345
2009-07-29,1524.3199462890625,1524.0799560546875,1529.800048828125,1516.030029296875,486400,-0.0011212373666336
2009-07-30,1534.739990234375,1524.56005859375,1535.3599853515625,1511.1300048828125,431300,0.0068126054816874
2009-07-31,1557.2900390625,1543.050048828125,1559.0699462890625,1536.8599853515625,466500,0.0145861769898368
2009-08-03,1564.97998046875,1561.93994140625,1570.010009765625,1554.77001953125,490200,0.0049258756656931
2009-08-04,1566.3699951171875,1576.949951171875,1586.1199951171875,1558.469970703125,589900,0.0008878054197555
2009-08-05,1559.469970703125,1571.7099609375,1575.030029296875,1557.7900390625,494900,-0.0044148361379628
2009-08-06,1565.0400390625,1555.6400146484375,1572.1700439453125,1546.5,492300,0.0035654065710022
2009-08-07,1576.0,1563.1300048828125,1576.800048828125,1559.1800537109375,477600,0.0069785837053421
2009-08-10,1576.1099853515625,1585.3499755859375,1588.1500244140625,1573.219970703125,490600,6.978522457552919e-05
2009-08-11,1579.2099609375,1572.3299560546875,1580.43994140625,1570.510009765625,574000,0.0019649206014609
2009-08-12,1565.3499755859375,1571.739990234375,1571.739990234375,1552.510009765625,510500,-0.0088152716978181
2009-08-13,1564.6400146484375,1578.949951171875,1581.3399658203125,1564.6400146484375,562800,-0.0004536506199002
2009-08-14,1591.4100341796875,1582.2099609375,1594.4599609375,1579.1700439453125,606500,0.0169646622504535
2009-08-17,1547.06005859375,1588.72998046875,1588.72998046875,1541.739990234375,594900,-0.0282640437367141
2009-08-18,1550.239990234375,1534.219970703125,1560.72998046875,1530.6500244140625,598300,0.0020533578973842
2009-08-19,1545.9599609375,1555.030029296875,1564.9000244140625,1545.9300537109375,521600,-0.0027647000133041
2009-08-20,1576.3900146484375,1559.989990234375,1577.0799560546875,1544.5,454900,0.0194923807015379
2009-08-21,1580.97998046875,1582.6099853515625,1590.1500244140625,1564.449951171875,514700,0.0029074635286902
2009-08-24,1612.219970703125,1604.31005859375,1614.050048828125,1602.3399658203125,541300,0.0195671974553619
2009-08-25,1601.3800048828125,1603.030029296875,1610.3299560546875,1596.0,461100,-0.0067463324719417
2009-08-26,1614.1199951171875,1607.699951171875,1615.050048828125,1602.4000244140625,451600,0.0079241529458184
2009-08-27,1599.3299560546875,1608.8299560546875,1614.0699462890625,1590.97998046875,426300,-0.0092051494331482
2009-08-28,1607.93994140625,1612.9300537109375,1616.2900390625,1599.6800537109375,455500,0.005369056119372
2009-08-31,1591.8499755859375,1607.6099853515625,1611.6500244140625,1580.280029296875,443600,-0.0100569736468509
2009-09-01,1623.06005859375,1592.2900390625,1624.3399658203125,1583.1099853515625,444400,0.0194164459859686
2009-09-02,1613.1600341796875,1598.6600341796875,1622.8199462890625,1592.47998046875,561700,-0.0061182830665759
2009-09-03,1613.530029296875,1614.530029296875,1620.06005859375,1605.9599609375,493300,0.000229334154524
2009-09-04,1608.9000244140625,1623.0699462890625,1623.0699462890625,1597.199951171875,594800,-0.0028736127653478
2009-09-07,1608.5699462890625,1618.7900390625,1619.97998046875,1601.0400390625,411200,-0.0002051786833527
2009-09-08,1619.68994140625,1616.47998046875,1622.72998046875,1610.9100341796875,523900,0.0068891845665329
2009-09-09,1607.77001953125,1622.25,1622.81005859375,1602.68994140625,518400,-0.0073865988839287
2009-09-10,1644.6800537109375,1615.7099609375,1644.6800537109375,1613.760009765625,581100,0.0226977312276526
2009-09-11,1651.699951171875,1644.31005859375,1653.77001953125,1639.8299560546875,514700,0.0042591619064246
2009-09-14,1634.9100341796875,1653.1700439453125,1653.5899658203125,1628.9599609375,432400,-0.0102172531138265
2009-09-15,1653.4000244140625,1646.2900390625,1654.9200439453125,1640.8699951171875,550500,0.011246010733677
2009-09-16,1683.3299560546875,1660.4300537109375,1693.8399658203125,1660.4300537109375,568400,0.0179401597105874
2009-09-17,1695.469970703125,1700.18994140625,1704.8800048828125,1682.0400390625,527900,0.0071860229389105
2009-09-18,1699.7099609375,1695.1700439453125,1713.219970703125,1691.6400146484375,500100,0.0024976540412757
2009-09-21,1695.5,1700.56005859375,1709.3399658203125,1691.9200439453125,517300,-0.0024799427096301
2009-09-22,1718.8800048828125,1701.9599609375,1720.72998046875,1701.5699462890625,448400,0.0136952361932332
2009-09-23,1711.469970703125,1723.030029296875,1723.1700439453125,1705.97998046875,503200,-0.0043202855440583
2009-09-24,1693.8800048828125,1706.18994140625,1715.550048828125,1680.9599609375,421200,-0.0103308748820521
2009-09-25,1691.47998046875,1686.4100341796875,1691.7099609375,1662.52001953125,391900,-0.0014178845538027
2009-09-28,1675.550048828125,1678.5699462890625,1685.3399658203125,1668.969970703125,351400,-0.0094623750670994
2009-09-29,1690.050048828125,1695.93994140625,1696.7099609375,1680.68994140625,343700,0.0086166444578974
2009-09-30,1673.1400146484375,1688.5999755859375,1704.239990234375,1665.9000244140625,369900,-0.010056033920705
2009-10-01,1644.6300048828125,1680.4599609375,1685.010009765625,1629.550048828125,337400,-0.0171866713920483
2009-10-05,1606.9000244140625,1622.0999755859375,1629.010009765625,1603.7099609375,319000,-0.0232085656160823
2009-10-06,1598.43994140625,1620.31005859375,1626.02001953125,1590.469970703125,390400,-0.0052787552916169
2009-10-07,1598.0,1619.0699462890625,1625.1099853515625,1598.0,411300,-0.0002752696231385
2009-10-08,1615.4599609375,1607.8599853515625,1615.4599609375,1591.1500244140625,377000,0.0108668743151953
2009-10-09,1646.7900390625,1622.1199951171875,1648.97998046875,1614.6099853515625,440500,0.0192082405734833
2009-10-12,1639.81005859375,1660.18994140625,1661.3699951171875,1631.5899658203125,413700,-0.0042475450347092
2009-10-13,1628.9300537109375,1634.489990234375,1642.780029296875,1614.4599609375,420300,-0.0066570266762342
2009-10-14,1649.0899658203125,1642.0999755859375,1653.219970703125,1637.780029296875,412100,0.0123002093723404
2009-10-15,1658.989990234375,1661.68994140625,1672.0799560546875,1653.3299560546875,374200,0.0059853776819472
2009-10-16,1640.3599853515625,1656.0699462890625,1667.489990234375,1638.489990234375,373000,-0.0112932565641673
2009-10-19,1649.0699462890625,1633.3399658203125,1649.68994140625,1614.8499755859375,279900,0.0052957390637857
2009-10-20,1659.1500244140625,1663.949951171875,1665.6500244140625,1649.27001953125,402300,0.0060939776733127
2009-10-21,1653.8599853515625,1649.81005859375,1664.52001953125,1645.56005859375,366300,-0.0031934968760997
2009-10-22,1630.3299560546875,1638.010009765625,1650.030029296875,1623.9599609375,386900,-0.0143295195124368
2009-10-23,1640.1700439453125,1643.6199951171875,1647.27001953125,1633.1099853515625,331300,0.0060175004331617
2009-10-26,1657.1099853515625,1634.3299560546875,1663.030029296875,1633.9200439453125,314200,0.0102751906408176
2009-10-27,1649.530029296875,1646.760009765625,1651.6300048828125,1637.1500244140625,334700,-0.0045846958231337
2009-10-28,1609.7099609375,1648.800048828125,1652.4599609375,1604.010009765625,370000,-0.0244364023296869
2009-10-29,1585.8499755859375,1584.52001953125,1587.18994140625,1564.4100341796875,372500,-0.0149334884902738
2009-10-30,1580.68994140625,1605.1199951171875,1605.1199951171875,1580.68994140625,272700,-0.0032591022897761
2009-11-02,1559.0899658203125,1543.239990234375,1570.1500244140625,1543.239990234375,289900,-0.0137591277014243
2009-11-03,1549.9200439453125,1562.0999755859375,1565.010009765625,1549.0999755859375,274500,-0.0058989507509694
2009-11-04,1579.9300537109375,1556.02001953125,1579.9300537109375,1550.72998046875,267400,0.0191772312065193
2009-11-05,1552.239990234375,1568.6700439453125,1571.800048828125,1551.93994140625,204400,-0.017681533566166
2009-11-06,1572.4599609375,1577.6400146484375,1577.6400146484375,1565.47998046875,254300,0.0129422045358011
2009-11-09,1576.7900390625,1577.9200439453125,1592.0999755859375,1573.3599853515625,246200,0.0027499124259281
2009-11-10,1582.300048828125,1595.3299560546875,1600.4100341796875,1580.030029296875,276900,0.0034883559504572
2009-11-11,1594.8199462890625,1590.43994140625,1594.8199462890625,1574.780029296875,263300,0.0078813279237645
2009-11-12,1572.72998046875,1598.550048828125,1603.010009765625,1572.719970703125,282800,-0.0139478931363067
2009-11-13,1571.989990234375,1581.5999755859375,1587.0699462890625,1561.9300537109375,260000,-0.0004706239378559
2009-11-16,1592.469970703125,1577.6300048828125,1592.47998046875,1566.8299560546875,246300,0.0129439251336999
2009-11-17,1585.97998046875,1599.7900390625,1602.6700439453125,1585.969970703125,296000,-0.0040837511073321
2009-11-18,1603.969970703125,1595.8800048828125,1612.6300048828125,1594.8599853515625,280000,0.0112792872845681
2009-11-19,1620.5400390625,1608.93994140625,1625.3499755859375,1608.5799560546875,281500,0.0102776633767391
2009-11-20,1620.5999755859375,1613.280029296875,1624.9000244140625,1612.3199462890625,262300,3.698484062600173e-05
2009-11-23,1619.050048828125,1623.800048828125,1630.4100341796875,1611.72998046875,257000,-0.0009568483412629
2009-11-24,1606.4200439453125,1626.9300537109375,1627.1099853515625,1601.1400146484375,397900,-0.0078314596453685
2009-11-25,1611.8800048828125,1608.8299560546875,1614.9000244140625,1599.0799560546875,287000,0.0033930746624104
2009-11-26,1599.52001953125,1606.72998046875,1621.2099609375,1599.510009765625,282600,-0.0076976062080093
2009-11-27,1524.5,1574.56005859375,1581.43994140625,1519.4000244140625,390000,-0.0480371090012554
2009-11-30,1555.5999755859375,1547.6500244140625,1566.510009765625,1547.6500244140625,311500,0.0201948201589766
2009-12-01,1569.719970703125,1550.3499755859375,1569.719970703125,1541.0899658203125,304900,0.0090359332370911
2009-12-02,1591.6300048828125,1582.6199951171875,1597.1199951171875,1579.989990234375,329400,0.0138614105755874
2009-12-03,1615.0,1597.31005859375,1615.0,1594.5,282300,0.0145763052567921
2009-12-04,1624.760009765625,1609.0699462890625,1629.800048828125,1608.3900146484375,281900,0.0060251619023088
2009-12-07,1632.6500244140625,1633.300048828125,1635.719970703125,1625.43994140625,267000,0.0048443579382097
2009-12-08,1627.780029296875,1630.780029296875,1638.219970703125,1622.31005859375,355500,-0.0029873352034445
2009-12-09,1634.1700439453125,1615.6500244140625,1634.1700439453125,1609.81005859375,354600,0.003917915773623
2009-12-10,1652.72998046875,1635.5799560546875,1652.72998046875,1612.7099609375,470000,0.0112933972117318
2009-12-11,1656.9000244140625,1650.5699462890625,1664.050048828125,1641.5400390625,438800,0.0025199470308491
2009-12-14,1664.77001953125,1662.739990234375,1664.8499755859375,1644.75,412000,0.0047385861565209
2009-12-15,1665.8499755859375,1659.77001953125,1667.72998046875,1657.8499755859375,366100,0.0006485015367224
2009-12-16,1664.239990234375,1666.1600341796875,1670.0999755859375,1652.0999755859375,370500,-0.0009669321210695
2009-12-17,1647.8399658203125,1663.6500244140625,1664.6500244140625,1647.6600341796875,376800,-0.0099032382468326
2009-12-18,1647.0400390625,1639.25,1651.02001953125,1632.0899658203125,264000,-0.0004855574541975
2009-12-21,1644.22998046875,1646.3199462890625,1650.8900146484375,1637.22998046875,288600,-0.0017075835527814
2009-12-22,1655.5400390625,1656.1800537109375,1658.0999755859375,1647.2099609375,472100,0.0068550855466575
2009-12-23,1661.3499755859375,1661.43994140625,1661.6800537109375,1654.8699951171875,371800,0.0035032469812169
2009-12-24,1682.3399658203125,1663.6600341796875,1687.0799560546875,1662.31005859375,330900,0.0125551509414244
2009-12-28,1685.5899658203125,1695.18994140625,1695.3299560546875,1679.56005859375,389500,0.0019299694915042
2009-12-29,1672.47998046875,1674.9599609375,1683.050048828125,1662.0699462890625,318000,-0.0078080874828199
2009-12-30,1682.77001953125,1670.18994140625,1682.77001953125,1661.1099853515625,326500,0.0061337136272093
2010-01-04,1696.1400146484375,1681.7099609375,1696.1400146484375,1681.7099609375,296500,0.0079138330175777
2010-01-05,1690.6199951171875,1701.6199951171875,1702.3900146484375,1686.449951171875,408900,-0.0032597670950094
2010-01-06,1705.3199462890625,1697.8800048828125,1706.8900146484375,1696.0999755859375,426000,0.0086574222395075
2010-01-07,1683.449951171875,1702.9200439453125,1707.9000244140625,1683.449951171875,462400,-0.0129075147700876
2010-01-08,1695.260009765625,1694.06005859375,1695.260009765625,1668.8399658203125,380000,0.006990897016503
2010-01-11,1694.1199951171875,1700.7900390625,1705.72998046875,1694.1199951171875,407700,-0.0006726980685466
2010-01-12,1698.6400146484375,1695.8299560546875,1701.1600341796875,1683.2900390625,383800,0.0026645104236311
2010-01-13,1671.4100341796875,1683.510009765625,1687.5799560546875,1671.1099853515625,361900,-0.0161603374898582
2010-01-14,1685.77001953125,1680.6800537109375,1692.780029296875,1677.4599609375,433800,0.008554842278378
2010-01-15,1701.800048828125,1694.6500244140625,1704.4300537109375,1686.1199951171875,415900,0.0094640988218181
2010-01-18,1711.780029296875,1696.1400146484375,1716.6199951171875,1688.8900146484375,420800,0.0058472387787139
2010-01-19,1710.219970703125,1719.4100341796875,1723.219970703125,1706.72998046875,384400,-0.000911781824564
2010-01-20,1714.3800048828125,1723.010009765625,1723.010009765625,1708.5799560546875,695700,0.002429501988877
2010-01-21,1722.010009765625,1700.530029296875,1722.010009765625,1695.1800537109375,543500,0.004440716792275
2010-01-22,1684.3499755859375,1696.2099609375,1706.0899658203125,1665.5999755859375,615100,-0.0221125006507972
2010-01-25,1670.199951171875,1662.77001953125,1681.8299560546875,1660.5799560546875,585000,-0.0084363677077763
2010-01-26,1637.3399658203125,1670.469970703125,1671.6600341796875,1626.97998046875,576900,-0.0198703975475458
2010-01-27,1625.47998046875,1641.8800048828125,1643.6400146484375,1620.550048828125,446500,-0.0072698081905912
2010-01-28,1642.4300537109375,1632.5799560546875,1649.4599609375,1619.260009765625,479600,0.01037374044619
2010-01-29,1602.4300537109375,1621.0,1626.5699462890625,1595.3900146484375,473900,-0.0246556245803752
2010-02-01,1606.43994140625,1603.8699951171875,1611.989990234375,1590.800048828125,382200,0.0024992534996121
2010-02-02,1595.81005859375,1618.5999755859375,1618.5999755859375,1591.239990234375,435000,-0.0066390330902987
2010-02-03,1615.02001953125,1614.1600341796875,1618.8599853515625,1602.550048828125,438200,0.0119658715532867
2010-02-04,1616.4200439453125,1615.47998046875,1619.3699951171875,1607.8699951171875,396800,0.0008665019150342
2010-02-05,1567.1199951171875,1567.5899658203125,1575.1600341796875,1560.989990234375,460800,-0.0309743177301857
2010-02-08,1552.7900390625,1565.239990234375,1566.300048828125,1548.780029296875,445700,-0.0091861987483548
2010-02-09,1570.489990234375,1550.800048828125,1571.9599609375,1549.1099853515625,433900,0.0113343283303061
2010-02-10,1570.1199951171875,1578.8299560546875,1581.56005859375,1565.7900390625,436100,-0.0002356199086323
2010-02-11,1597.81005859375,1574.949951171875,1600.4100341796875,1574.77001953125,393800,0.0174819318725494
2010-02-12,1593.6600341796875,1595.949951171875,1598.4100341796875,1577.8900146484375,292300,-0.0026006991339595
2010-02-16,1601.050048828125,1589.969970703125,1608.8599853515625,1586.8699951171875,275300,0.0046264153162997
2010-02-17,1627.4300537109375,1619.0400390625,1628.31005859375,1618.27001953125,383600,0.0163424219210118
2010-02-18,1621.18994140625,1630.8900146484375,1631.7099609375,1618.81005859375,314000,-0.0038417050862987
2010-02-19,1593.9000244140625,1611.0899658203125,1623.25,1592.9200439453125,345800,-0.0169765528800865
2010-02-22,1627.0999755859375,1617.1600341796875,1630.510009765625,1617.1600341796875,307200,0.0206154156984324
2010-02-23,1628.9000244140625,1626.75,1630.449951171875,1616.0400390625,352000,0.001105681211001
2010-02-24,1612.8299560546875,1616.550048828125,1618.4599609375,1606.239990234375,390700,-0.0099145827044318
2010-02-25,1587.510009765625,1620.25,1621.8399658203125,1582.219970703125,403200,-0.0158236155360533
2010-02-26,1594.5799560546875,1593.72998046875,1596.550048828125,1580.699951171875,331800,0.0044435939890557
2010-03-02,1615.1199951171875,1612.4300537109375,1620.1500244140625,1608.969970703125,415100,0.0127989031785826
2010-03-03,1622.43994140625,1615.25,1622.6300048828125,1611.3499755859375,403500,0.0045218985319187
2010-03-04,1618.199951171875,1625.3499755859375,1631.0999755859375,1612.469970703125,383000,-0.0026167626113045
2010-03-05,1634.5699462890625,1624.800048828125,1634.5699462890625,1624.739990234375,344100,0.0100653497409345
2010-03-08,1660.0400390625,1653.5400390625,1660.280029296875,1649.6700439453125,367800,0.0154619820365485
2010-03-09,1660.8299560546875,1657.93994140625,1661.260009765625,1653.97998046875,634700,0.0004757289555126
2010-03-10,1662.239990234375,1662.0,1662.8800048828125,1653.68994140625,500100,0.0008486335148529
2010-03-11,1656.6199951171875,1670.8199462890625,1672.47998046875,1656.47998046875,529000,-0.0033867053829712
2010-03-12,1662.739990234375,1666.5899658203125,1666.8599853515625,1653.030029296875,369500,0.0036874590757488
2010-03-15,1649.5,1663.8599853515625,1667.43994140625,1643.510009765625,343800,-0.007994626471384
2010-03-16,1648.010009765625,1654.52001953125,1655.27001953125,1642.8599853515625,512600,-0.0009037063307567
2010-03-17,1682.8599853515625,1663.300048828125,1682.8599853515625,1659.6400146484375,606000,0.0209262128993232
2010-03-18,1675.1700439453125,1679.2099609375,1687.699951171875,1675.0999755859375,434500,-0.0045800393573968
2010-03-19,1686.1099853515625,1682.52001953125,1687.6800537109375,1677.6199951171875,441800,0.0065094130451617
2010-03-22,1672.6700439453125,1678.510009765625,1680.93994140625,1664.8800048828125,347600,-0.0080029135703149
2010-03-23,1681.8199462890625,1685.0699462890625,1689.4599609375,1677.9100341796875,414300,0.0054553300576907
2010-03-24,1681.010009765625,1693.56005859375,1695.030029296875,1678.0699462890625,371500,-0.0004816993720662
2010-03-25,1688.3900146484375,1680.4200439453125,1688.3900146484375,1677.050048828125,389700,0.00438061175939
2010-03-26,1697.719970703125,1683.9599609375,1699.93994140625,1680.9100341796875,397600,0.0055107363353306
2010-03-29,1691.989990234375,1681.989990234375,1699.81005859375,1681.43994140625,339600,-0.0033808119234588
2010-03-30,1700.18994140625,1705.510009765625,1705.5699462890625,1693.8299560546875,321000,0.004834629830381
2010-03-31,1692.8499755859375,1702.5799560546875,1704.81005859375,1689.9200439453125,328300,-0.0043264903740102
2010-04-01,1719.1700439453125,1695.300048828125,1719.739990234375,1695.300048828125,297000,0.0154281570933404
2010-04-02,1723.489990234375,1723.2900390625,1725.3900146484375,1715.56005859375,355100,0.0025096573658516
2010-04-05,1724.989990234375,1728.27001953125,1731.0,1711.1600341796875,426900,0.0008699485588415
2010-04-06,1726.0899658203125,1732.97998046875,1732.97998046875,1719.1400146484375,420900,0.0006374674810166
2010-04-07,1726.5999755859375,1725.31005859375,1729.22998046875,1722.18994140625,399700,0.0002954274944981
2010-04-08,1733.780029296875,1722.1300048828125,1733.780029296875,1719.510009765625,362600,0.0041498702483723
2010-04-09,1724.469970703125,1735.0,1737.449951171875,1710.1099853515625,452500,-0.0053842730199356
2010-04-12,1710.300048828125,1730.3699951171875,1733.300048828125,1707.9200439453125,416600,-0.0082509176347987
2010-04-13,1710.5899658203125,1714.9599609375,1716.0899658203125,1699.5799560546875,369600,0.0001694979912479
2010-04-14,1735.3299560546875,1720.4200439453125,1735.3299560546875,1720.4200439453125,431600,0.0143592514537728
2010-04-15,1743.9100341796875,1745.52001953125,1747.3800048828125,1729.5899658203125,464900,0.0049321665320672
2010-04-16,1734.489990234375,1742.239990234375,1743.6500244140625,1723.280029296875,381100,-0.0054163218195015
2010-04-19,1705.300048828125,1708.3900146484375,1720.030029296875,1700.68994140625,367600,-0.0169723394606558
2010-04-20,1718.030029296875,1715.8299560546875,1721.3599853515625,1710.1800537109375,522300,0.0074372256576186
2010-04-21,1747.5799560546875,1730.3699951171875,1748.18994140625,1729.77001953125,535000,0.0170536459893456
2010-04-22,1739.52001953125,1737.2900390625,1740.0400390625,1727.6099853515625,528100,-0.0046227242883677
2010-04-23,1737.030029296875,1747.9200439453125,1748.4599609375,1732.8800048828125,463200,-0.0014324491954223
2010-04-26,1752.199951171875,1745.97998046875,1757.760009765625,1745.800048828125,420600,0.008695338250309
2010-04-27,1749.550048828125,1748.8399658203125,1756.1500244140625,1742.27001953125,432400,-0.0015134734630242
2010-04-28,1733.9100341796875,1716.1700439453125,1733.9100341796875,1714.530029296875,399800,-0.0089796463107063
2010-04-29,1728.4200439453125,1738.77001953125,1738.77001953125,1720.6700439453125,446700,-0.0031712717803037
2010-04-30,1741.56005859375,1742.3199462890625,1749.68994140625,1739.81005859375,412100,0.0075735751032008
2010-05-03,1721.2099609375,1735.6800537109375,1740.1500244140625,1709.81005859375,414100,-0.0117537877618298
2010-05-04,1718.75,1730.5699462890625,1734.469970703125,1714.1700439453125,381000,-0.0014302267379649
2010-05-06,1684.7099609375,1679.7900390625,1689.1600341796875,1674.1099853515625,448600,-0.0200038634519076
2010-05-07,1647.5,1632.449951171875,1658.300048828125,1625.8299560546875,456400,-0.0223344315863114
2010-05-10,1677.6300048828125,1661.6099853515625,1679.5799560546875,1654.4100341796875,383500,0.018123098651253
2010-05-11,1670.239990234375,1692.4000244140625,1692.4000244140625,1661.7099609375,457100,-0.0044147632147663
2010-05-12,1663.030029296875,1678.7900390625,1680.1600341796875,1657.6700439453125,453200,-0.0043260654790581
2010-05-13,1694.5799560546875,1683.760009765625,1700.0,1682.9100341796875,400400,0.0187936392325539
2010-05-14,1695.6300048828125,1685.75,1699.5899658203125,1677.43994140625,432900,0.0006194594870534
2010-05-17,1651.510009765625,1668.5699462890625,1673.010009765625,1644.7099609375,402500,-0.0263643292266137
2010-05-18,1643.239990234375,1662.31005859375,1663.1500244140625,1629.3499755859375,493300,-0.0050201301461172
2010-05-19,1630.0799560546875,1621.3199462890625,1630.31005859375,1601.5400390625,417500,-0.0080408302889212
2010-05-20,1600.1800537109375,1624.1700439453125,1640.469970703125,1591.9300537109375,358200,-0.0185129099262644
2010-05-24,1604.9300537109375,1589.8299560546875,1612.9100341796875,1585.6199951171875,270800,0.0029640189062819
2010-05-25,1560.8299560546875,1585.1700439453125,1585.5999755859375,1532.6800537109375,475200,-0.0278624724906211
2010-05-26,1582.1199951171875,1575.2900390625,1582.1199951171875,1549.6500244140625,358200,0.0135480138333802
2010-05-27,1607.5,1565.5899658203125,1611.5899658203125,1565.4000244140625,357600,0.015914460396952
2010-05-28,1622.780029296875,1630.1400146484375,1630.1800537109375,1606.760009765625,315900,0.0094605688204627
2010-05-31,1641.25,1625.0799560546875,1641.25,1621.0899658203125,299400,0.0113174006847686
2010-06-01,1630.4000244140625,1634.550048828125,1643.0799560546875,1623.4000244140625,314100,-0.0066327481742679
2010-06-03,1661.8399658203125,1643.739990234375,1663.6700439453125,1641.77001953125,308800,0.0191000032163154
2010-06-04,1664.1300048828125,1660.989990234375,1670.93994140625,1658.52001953125,286100,0.001377065604655
2010-06-07,1637.969970703125,1628.06005859375,1638.8800048828125,1618.5699462890625,300900,-0.0158448149228184
2010-06-08,1651.47998046875,1635.010009765625,1656.3699951171875,1630.4300537109375,280300,0.0082141913872661
2010-06-09,1647.219970703125,1653.1199951171875,1655.6099853515625,1638.3800048828125,315100,-0.0025828430575199
2010-06-10,1651.699951171875,1651.9200439453125,1662.3199462890625,1643.7099609375,307900,0.0027160302940632
2010-06-11,1675.3399658203125,1674.6099853515625,1681.699951171875,1662.75,369400,0.0142110783687688
2010-06-14,1690.5999755859375,1683.2900390625,1698.2099609375,1681.949951171875,373900,0.0090673717202949
2010-06-15,1690.030029296875,1687.8499755859375,1696.739990234375,1684.52001953125,347800,-0.0003371834797888
2010-06-16,1705.3299560546875,1707.97998046875,1710.5699462890625,1694.9200439453125,380000,0.0090123170332771
2010-06-17,1707.9200439453125,1707.2900390625,1711.47998046875,1701.280029296875,369800,0.0015176669671273
2010-06-18,1711.949951171875,1710.4000244140625,1712.3499755859375,1701.9200439453125,293700,0.0023567615714051
2010-06-21,1739.6800537109375,1728.3699951171875,1741.47998046875,1723.77001953125,391900,0.0160681759776874
2010-06-22,1731.47998046875,1727.9599609375,1734.4200439453125,1723.9599609375,404700,-0.0047246963063969
2010-06-23,1725.8199462890625,1722.52001953125,1731.780029296875,1721.4100341796875,371800,-0.0032742541036298
2010-06-24,1739.8699951171875,1724.8499755859375,1739.8699951171875,1721.719970703125,313800,0.0081081262538992
2010-06-25,1729.8399658203125,1721.530029296875,1733.699951171875,1719.0799560546875,303700,-0.005781496060577
2010-06-28,1732.030029296875,1734.530029296875,1735.27001953125,1726.25,347000,0.0012652489965342
2010-06-29,1707.760009765625,1735.31005859375,1739.969970703125,1703.469970703125,381300,-0.0141115719320749
2010-06-30,1698.2900390625,1678.5400390625,1699.550048828125,1675.469970703125,341700,-0.0055606905179434
2010-07-01,1686.239990234375,1687.0,1693.9000244140625,1664.5400390625,327700,-0.0071206930590177
2010-07-02,1671.8199462890625,1688.949951171875,1693.75,1667.3800048828125,344900,-0.0085883711745059
2010-07-05,1675.3699951171875,1675.4300537109375,1680.3900146484375,1664.219970703125,356600,0.0021212122535037
2010-07-06,1684.93994140625,1664.8699951171875,1684.93994140625,1650.300048828125,337500,0.0056958865956251
2010-07-07,1675.6500244140625,1685.77001953125,1685.77001953125,1668.6099853515625,345700,-0.0055287558140154
2010-07-08,1698.6400146484375,1699.1700439453125,1702.6500244140625,1692.9300537109375,330700,0.0136267752422924
2010-07-09,1723.010009765625,1708.719970703125,1723.1400146484375,1697.6099853515625,471800,0.0142448275122207
2010-07-12,1734.050048828125,1731.72998046875,1734.050048828125,1724.5999755859375,345900,0.0063869741372451
2010-07-13,1735.0799560546875,1737.9200439453125,1750.47998046875,1732.8499755859375,412100,0.0005937553538613
2010-07-14,1758.010009765625,1754.4300537109375,1764.81005859375,1754.1199951171875,534500,0.0131289965655218
2010-07-15,1751.2900390625,1754.7099609375,1759.18994140625,1748.97998046875,392900,-0.0038298115426788
2010-07-16,1738.449951171875,1751.199951171875,1754.280029296875,1736.6600341796875,376500,-0.0073587980018239
2010-07-19,1731.949951171875,1719.1400146484375,1737.9000244140625,1717.969970703125,282100,-0.0037459703686796
2010-07-20,1736.77001953125,1727.3800048828125,1740.8199462890625,1724.5999755859375,308000,0.0027791643617839
2010-07-21,1748.780029296875,1752.68994140625,1755.6600341796875,1740.1099853515625,375900,0.0068913411814714
2010-07-22,1735.530029296875,1744.699951171875,1752.5799560546875,1732.489990234375,405200,-0.0076055595782971
2010-07-23,1758.06005859375,1756.3800048828125,1760.6199951171875,1745.0400390625,372800,0.0128981025664002
2010-07-26,1769.0699462890625,1760.0999755859375,1774.050048828125,1758.989990234375,320600,0.0062429927103377
2010-07-27,1768.31005859375,1775.469970703125,1778.719970703125,1765.4200439453125,361500,-0.0004296330651228
2010-07-28,1773.469970703125,1773.68994140625,1775.8199462890625,1764.5400390625,325700,0.0029137415182664
2010-07-29,1770.8800048828125,1770.43994140625,1776.9599609375,1767.9599609375,348600,-0.0014614619318852
2010-07-30,1759.3299560546875,1768.239990234375,1774.739990234375,1754.5799560546875,370900,-0.0065435711579255
2010-08-02,1782.27001953125,1771.3800048828125,1784.0999755859375,1767.5999755859375,332900,0.0129548139057844
2010-08-03,1790.5999755859375,1796.0,1796.280029296875,1784.5699462890625,349300,0.0046629019018391
2010-08-04,1789.260009765625,1795.22998046875,1795.22998046875,1774.47998046875,335400,-0.0007486135705722
2010-08-05,1783.8599853515625,1796.6300048828125,1797.4200439453125,1773.489990234375,338100,-0.0030225844822829
2010-08-06,1783.8299560546875,1782.469970703125,1785.97998046875,1769.4599609375,336300,-1.6834028387504595e-05
2010-08-09,1790.1700439453125,1779.3800048828125,1790.2099609375,1776.719970703125,290700,0.0035478984561588
2010-08-10,1781.1300048828125,1792.1199951171875,1794.550048828125,1779.5699462890625,301100,-0.005062614872434
2010-08-11,1758.18994140625,1775.3399658203125,1776.989990234375,1754.1800537109375,380400,-0.0129631596283214
2010-08-12,1721.75,1731.3399658203125,1742.800048828125,1721.75,359800,-0.0209436220148376
2010-08-13,1746.239990234375,1731.1500244140625,1747.1099853515625,1725.239990234375,278600,0.0141236839806866
2010-08-16,1743.31005859375,1735.3599853515625,1746.02001953125,1716.8599853515625,314500,-0.001679260814799
2010-08-17,1755.030029296875,1737.3599853515625,1757.219970703125,1734.510009765625,427000,0.0067003288733545
2010-08-18,1761.989990234375,1763.8399658203125,1765.010009765625,1753.6800537109375,371500,0.0039578791046873
2010-08-19,1779.6400146484375,1763.5999755859375,1781.0699462890625,1762.97998046875,344900,0.0099672583027853
2010-08-20,1775.5400390625,1769.02001953125,1776.3499755859375,1765.5799560546875,362000,-0.0023064808766935
2010-08-23,1767.7099609375,1780.5899658203125,1788.7099609375,1766.77001953125,330300,-0.0044197224982845
2010-08-24,1760.530029296875,1757.0999755859375,1771.760009765625,1749.1099853515625,401700,-0.0040699847922241
2010-08-25,1734.7900390625,1745.77001953125,1753.5699462890625,1734.7900390625,346300,-0.014728525595828
2010-08-26,1729.760009765625,1744.0799560546875,1744.4000244140625,1729.760009765625,303000,-0.0029037149183776
2010-08-27,1729.56005859375,1724.0,1732.8399658203125,1719.199951171875,245600,-0.0001156014292672
2010-08-30,1760.1300048828125,1749.02001953125,1760.3499755859375,1746.2099609375,247400,0.0175205979540503
2010-08-31,1742.75,1746.8499755859375,1752.0699462890625,1736.22998046875,289500,-0.0099233473483893
2010-09-01,1764.68994140625,1751.9599609375,1767.2099609375,1748.300048828125,305300,0.0125106789776435
2010-09-02,1775.72998046875,1783.219970703125,1783.8499755859375,1767.6700439453125,292800,0.0062365906246591
2010-09-03,1780.02001953125,1780.800048828125,1786.0400390625,1774.949951171875,312000,0.0024130161817422
2010-09-06,1792.4200439453125,1791.760009765625,1794.0699462890625,1784.489990234375,328100,0.0069420754401003
2010-09-07,1787.739990234375,1792.0699462890625,1796.5,1786.3699951171875,316900,-0.0026144397636153
2010-09-08,1779.219970703125,1780.47998046875,1785.47998046875,1770.780029296875,322500,-0.0047771972928945
2010-09-09,1784.3599853515625,1786.8299560546875,1790.469970703125,1775.0699462890625,367900,0.0028847497608185
2010-09-10,1802.5799560546875,1792.75,1808.1800537109373,1791.949951171875,340700,0.0101591483017993
2010-09-13,1818.8599853515625,1812.030029296875,1819.1199951171875,1807.5899658203125,386800,0.0089909755401526
2010-09-14,1815.25,1824.780029296875,1827.030029296875,1810.780029296875,387000,-0.0019867238765583
2010-09-15,1823.8800048828125,1817.300048828125,1827.0,1813.0899658203125,338900,0.0047429034131707
2010-09-16,1811.8499755859373,1822.3499755859373,1824.6099853515625,1811.8499755859373,336300,-0.0066176934287898
2010-09-17,1827.3499755859373,1823.6400146484373,1828.5400390625,1812.050048828125,317400,0.0085184073067727
2010-09-20,1832.6300048828125,1821.52001953125,1833.780029296875,1818.5999755859373,242700,0.002885279694425
2010-09-24,1846.5999755859373,1830.219970703125,1846.5999755859373,1825.800048828125,274200,0.0075940008715039
2010-09-27,1860.8299560546875,1856.4200439453125,1862.030029296875,1851.969970703125,383600,0.00767650399905
2010-09-28,1855.969970703125,1859.0400390625,1862.719970703125,1852.52001953125,357100,-0.0026151464792912
2010-09-29,1866.449951171875,1865.27001953125,1873.7900390625,1864.4300537109373,359900,0.0056307500915914
2010-09-30,1872.81005859375,1870.2099609375,1872.81005859375,1861.1800537109373,353500,0.0034018033186608
2010-10-01,1876.72998046875,1872.3900146484373,1884.0,1868.9000244140625,366200,0.0020908822214199
2010-10-04,1879.2900390625,1884.489990234375,1889.5,1875.9300537109373,392500,0.0013631764350953
2010-10-05,1878.93994140625,1874.0999755859373,1885.0,1868.8900146484373,342700,-0.0001863098634634
2010-10-06,1903.949951171875,1897.0699462890625,1905.72998046875,1894.02001953125,392100,0.0132228930160967
2010-10-07,1900.8499755859373,1901.199951171875,1906.02001953125,1893.1400146484373,399000,-0.0016295081641917
2010-10-08,1897.0699462890625,1900.8599853515625,1900.8599853515625,1887.97998046875,374100,-0.0019905793817664
2010-10-11,1889.9100341796875,1908.550048828125,1909.010009765625,1885.0799560546875,341200,-0.0037813353530421
2010-10-12,1868.0400390625,1892.27001953125,1893.1300048828125,1857.9300537109373,315500,-0.0116394532108851
2010-10-13,1876.1500244140625,1878.5799560546875,1881.199951171875,1866.4100341796875,318800,0.0043320439919668
2010-10-14,1899.760009765625,1886.6800537109373,1899.760009765625,1884.449951171875,375100,0.0125057497883191
2010-10-15,1902.2900390625,1898.8499755859373,1903.25,1893.760009765625,369300,0.0013308765733338
2010-10-18,1875.4200439453125,1904.5699462890625,1904.7900390625,1875.4200439453125,372200,-0.0142257863478248
2010-10-19,1857.3199462890625,1878.97998046875,1885.22998046875,1857.3199462890625,426800,-0.009698098216102
2010-10-20,1870.43994140625,1844.4100341796875,1875.760009765625,1837.0799560546875,367900,0.0070391064263682
2010-10-21,1874.68994140625,1878.510009765625,1879.0799560546875,1858.3800048828125,414900,0.0022696151841734
2010-10-22,1897.31005859375,1882.0799560546875,1897.31005859375,1880.25,348400,0.0119938432395514
2010-10-25,1915.7099609375,1902.510009765625,1918.8699951171875,1899.0799560546875,408200,0.0096511663043314
2010-10-26,1919.4100341796875,1913.25,1919.56005859375,1909.27001953125,351900,0.0019295742479637
2010-10-27,1909.5400390625,1919.47998046875,1924.6099853515625,1902.1800537109373,392900,-0.0051554691440118
2010-10-28,1907.8699951171875,1909.3800048828125,1914.8900146484373,1901.800048828125,348400,-0.0008749618389969
2010-10-29,1882.949951171875,1913.6099853515625,1913.949951171875,1875.31005859375,375800,-0.0131477639551749
2010-11-01,1914.739990234375,1889.5699462890625,1914.739990234375,1880.25,343300,0.0167421680613005
2010-11-02,1918.0400390625,1912.280029296875,1920.2900390625,1907.1800537109373,340800,0.0017220135872021
2010-11-03,1935.969970703125,1931.1300048828125,1943.22998046875,1930.1099853515625,359000,0.0093046260666603
2010-11-04,1942.5,1941.56005859375,1945.5799560546875,1936.0400390625,324800,0.0033673255260289
2010-11-05,1938.9599609375,1962.3399658203125,1966.989990234375,1938.5699462890625,401400,-0.0018240765483491
2010-11-08,1942.4100341796875,1946.760009765625,1948.43994140625,1930.2900390625,312700,0.0017777610251905
2010-11-09,1947.4599609375,1943.56005859375,1947.6600341796875,1935.3800048828125,298800,0.0025964516043897
2010-11-10,1967.8499755859373,1945.72998046875,1967.8499755859373,1945.280029296875,366000,0.0104156244656501
2010-11-11,1914.72998046875,1966.5,1976.4599609375,1914.72998046875,373200,-0.0273649534818933
2010-11-12,1913.1199951171875,1951.3499755859373,1958.219970703125,1899.489990234375,465500,-0.0008411956877974
2010-11-15,1913.81005859375,1918.68994140625,1925.4300537109373,1900.25,303800,0.0003606355351972
2010-11-16,1899.1300048828125,1912.1099853515625,1916.0699462890625,1890.0,336300,-0.0077001610312297
2010-11-17,1897.1099853515625,1877.22998046875,1908.1700439453125,1875.3399658203125,293300,-0.0010642212963863
2010-11-18,1927.8599853515625,1908.3800048828125,1929.239990234375,1904.3699951171875,271400,0.0160789040012121
2010-11-19,1940.9599609375,1936.739990234375,1940.9599609375,1927.81005859375,292700,0.0067721040694727
2010-11-22,1944.3399658203125,1947.010009765625,1954.780029296875,1939.510009765625,330600,0.0017398943706797
2010-11-23,1928.93994140625,1938.9100341796875,1943.47998046875,1919.1500244140625,377800,-0.0079519714211615
2010-11-24,1925.97998046875,1883.9200439453125,1928.449951171875,1882.52001953125,451500,-0.0015356798995553
2010-11-25,1927.6800537109373,1934.969970703125,1935.5899658203125,1916.1600341796875,323400,0.0008823162071372
2010-11-26,1901.800048828125,1932.780029296875,1936.719970703125,1893.93994140625,459200,-0.0135164033743255
2010-11-29,1895.5400390625,1904.949951171875,1912.530029296875,1880.5799560546875,299800,-0.0032970528272686
2010-11-30,1904.6300048828125,1889.8900146484373,1917.5699462890625,1889.8599853515625,443700,0.0047839875856478
2010-12-01,1929.3199462890625,1907.699951171875,1929.3199462890625,1904.7099609375,339200,0.0128798148316272
2010-12-02,1950.260009765625,1943.7099609375,1950.260009765625,1940.22998046875,439000,0.0107951206403323
2010-12-03,1957.260009765625,1960.6099853515625,1960.6099853515625,1948.510009765625,438600,0.0035828389633861
2010-12-06,1953.6400146484373,1961.22998046875,1961.469970703125,1946.3499755859373,460300,-0.0018512343084305
2010-12-07,1962.52001953125,1955.6300048828125,1964.6400146484373,1952.56005859375,639200,0.0045350649742375
2010-12-08,1955.719970703125,1960.300048828125,1970.9100341796875,1953.969970703125,496400,-0.0034709745559897
2010-12-09,1988.9599609375,1963.8800048828125,1988.9599609375,1961.6800537109373,448300,0.0168534723201686
2010-12-10,1986.1400146484373,1984.1099853515625,1991.9599609375,1979.72998046875,373900,-0.0014188054536641
2010-12-13,1996.5899658203125,1993.4200439453125,1997.3599853515625,1983.9300537109373,385600,0.0052476443061957
2010-12-14,2009.050048828125,2000.5999755859373,2009.050048828125,1996.8199462890625,396600,0.0062212895570256
2010-12-15,2017.47998046875,2009.199951171875,2017.47998046875,2004.06005859375,490300,0.0041872003416688
2010-12-16,2009.239990234375,2009.8599853515625,2019.489990234375,2002.3299560546875,362500,-0.0040926619163461
2010-12-17,2026.300048828125,2018.280029296875,2027.550048828125,2010.75,503500,0.0084549577298436
2010-12-20,2020.280029296875,2008.1400146484373,2021.699951171875,1996.43994140625,409200,-0.0029753638164515
2010-12-21,2037.0899658203125,2035.1099853515625,2043.81005859375,2032.6600341796875,370500,0.0082861719415853
2010-12-22,2038.1099853515625,2039.3499755859373,2045.3900146484373,2035.25,335400,0.0005005985300221
2010-12-23,2037.530029296875,2042.4100341796875,2043.6199951171875,2028.780029296875,341100,-0.0002845963119988
2010-12-24,2029.5999755859373,2040.6400146484373,2042.8900146484373,2027.9599609375,317400,-0.0038995870555548
2010-12-27,2022.18994140625,2024.56005859375,2034.6199951171875,2018.75,282900,-0.0036576636956786
2010-12-28,2033.3199462890625,2028.4100341796875,2041.8299560546875,2026.5699462890625,360200,0.005488845118964
2010-12-29,2043.489990234375,2028.5699462890625,2043.489990234375,2027.52001953125,282600,0.0049892269691455
2010-12-30,2051.0,2047.8199462890625,2052.969970703125,2041.6600341796875,305900,0.0036683534238797
2011-01-03,2070.080078125,2063.68994140625,2070.090087890625,2054.830078125,354100,0.0092598125233265
2011-01-04,2085.139892578125,2074.56005859375,2085.139892578125,2069.1201171875,415900,0.0072486561481323
2011-01-05,2082.550048828125,2083.10009765625,2087.139892578125,2076.919921875,386100,-0.0012428199409106
2011-01-06,2077.610107421875,2094.35009765625,2096.64990234375,2066.10009765625,407800,-0.0023748815153792
2011-01-07,2086.199951171875,2073.679931640625,2086.199951171875,2068.659912109375,335600,0.0041259595490265
2011-01-10,2080.81005859375,2082.2900390625,2088.639892578125,2069.300048828125,342600,-0.0025869367106702
2011-01-11,2088.320068359375,2079.85009765625,2088.320068359375,2059.669921875,410900,0.0036026785731421
2011-01-12,2094.949951171875,2091.699951171875,2098.0,2085.989990234375,433300,0.0031697157163981
2011-01-13,2089.47998046875,2097.0400390625,2109.340087890625,2083.800048828125,424200,-0.0026144415885693
2011-01-14,2108.169921875,2089.699951171875,2108.169921875,2076.43994140625,424700,0.0089050136858126
2011-01-17,2099.85009765625,2112.3701171875,2118.860107421875,2099.840087890625,428400,-0.0039542754174485
2011-01-18,2096.47998046875,2095.85009765625,2111.39990234375,2093.320068359375,454900,-0.0016062215551767
2011-01-19,2115.68994140625,2106.530029296875,2119.239990234375,2084.080078125,425500,0.0091212341751326
2011-01-20,2106.659912109375,2111.409912109375,2114.199951171875,2102.610107421875,335500,-0.0042772595247387
2011-01-21,2069.919921875,2103.739990234375,2104.389892578125,2066.820068359375,395400,-0.0175937917638713
2011-01-24,2082.159912109375,2067.320068359375,2082.969970703125,2064.0,340200,0.0058958527677835
2011-01-25,2086.669921875,2092.27001953125,2105.330078125,2083.800048828125,421000,0.0021636822344412
2011-01-26,2110.4599609375,2093.590087890625,2112.330078125,2092.409912109375,369400,0.0113364582503625
2011-01-27,2115.010009765625,2115.0400390625,2121.06005859375,2108.530029296875,358900,0.0021536305397094
2011-01-28,2107.8701171875,2115.68994140625,2119.489990234375,2095.360107421875,413000,-0.0033815306932943
2011-01-31,2069.72998046875,2080.60009765625,2089.719970703125,2069.72998046875,320900,-0.0182598599927563
2011-02-01,2072.030029296875,2079.919921875,2086.56005859375,2071.72998046875,290800,0.001110662645417
2011-02-07,2081.739990234375,2102.760009765625,2107.830078125,2081.72998046875,285900,0.0046752605842789
2011-02-08,2069.699951171875,2090.469970703125,2092.429931640625,2066.7099609375,300300,-0.0058004321342417
2011-02-09,2045.5799560546875,2077.1201171875,2077.1201171875,2037.300048828125,333200,-0.0117222992646824
2011-02-10,2008.5,2041.0699462890625,2043.0699462890625,2008.5,309800,-0.0182931715642677
2011-02-11,1977.18994140625,2010.2900390625,2021.4200439453125,1975.469970703125,317300,-0.0157115596714768
2011-02-14,2014.5899658203125,1999.0899658203125,2015.8399658203125,1986.93994140625,279500,0.0187390686378056
2011-02-15,2010.52001953125,2018.4000244140625,2029.989990234375,2003.5799560546875,275000,-0.0020222789891038
2011-02-16,1989.1099853515625,2007.0799560546875,2021.68994140625,1989.1099853515625,297600,-0.0107061096431754
2011-02-17,1977.219970703125,2002.0,2006.5899658203125,1959.7099609375,340300,-0.005995492254361
2011-02-18,2013.1400146484373,1989.239990234375,2015.780029296875,1981.75,494000,0.0180038965572332
2011-02-21,2005.300048828125,2014.1500244140625,2014.97998046875,1991.699951171875,324200,-0.0039019996037348
2011-02-22,1969.9200439453125,1978.3399658203125,1982.699951171875,1958.77001953125,346100,-0.0178007447539478
2011-02-23,1961.6300048828125,1962.699951171875,1977.989990234375,1951.75,308600,-0.0042171923266226
2011-02-24,1949.8800048828125,1957.6300048828125,1970.6600341796875,1945.4100341796875,281600,-0.0060079280451074
2011-02-25,1963.4300537109373,1956.02001953125,1965.47998046875,1941.1500244140625,306900,0.0069251364075007
2011-02-28,1939.300048828125,1954.4000244140625,1958.5899658203125,1935.9300537109373,263900,-0.0123658627339301
2011-03-02,1928.239990234375,1922.3800048828125,1940.780029296875,1921.3399658203125,207700,-0.0057194436938098
2011-03-03,1970.6600341796875,1942.239990234375,1970.6600341796875,1941.22998046875,284800,0.0217608646619513
2011-03-04,2004.6800537109373,1989.8800048828125,2008.8900146484373,1984.1500244140625,334600,0.0171159444497842
2011-03-07,1980.27001953125,1996.47998046875,2005.4300537109373,1978.1300048828125,255900,-0.0122512649071503
2011-03-08,1996.3199462890625,1984.0799560546875,2007.239990234375,1974.72998046875,304800,0.0080722498665453
2011-03-09,2001.469970703125,2007.7900390625,2016.6800537109373,1991.52001953125,315400,0.0025764371664485
2011-03-10,1981.5799560546875,1999.3800048828125,2001.27001953125,1973.8800048828125,288400,-0.009987411831134
2011-03-11,1955.5400390625,1956.3399658203125,1970.699951171875,1949.3199462890625,267200,-0.0132280940048192
2011-03-14,1971.22998046875,1949.0799560546875,1971.22998046875,1928.989990234375,388600,0.0079913133828483
2011-03-15,1923.9200439453125,1966.8199462890625,1985.8199462890625,1882.0899658203125,403900,-0.0242929093099344
2011-03-16,1957.969970703125,1951.6800537109373,1965.1500244140625,1931.3800048828125,284400,0.0175434130921526
2011-03-17,1959.030029296875,1921.5899658203125,1961.0899658203125,1919.1300048828125,305700,0.0005412604644523
2011-03-18,1981.1300048828125,1963.1700439453125,1988.0400390625,1960.489990234375,291300,0.0112179237148513
2011-03-21,2003.4200439453125,1985.469970703125,2005.3199462890625,1985.1500244140625,292300,0.011188350659229
2011-03-22,2013.6600341796875,2012.47998046875,2016.27001953125,2004.3599853515625,304100,0.005098236637084
2011-03-23,2012.1800537109373,2019.1800537109373,2022.1400146484373,2005.5899658203125,312600,-0.0007352405972965
2011-03-24,2036.780029296875,2022.260009765625,2036.9300537109373,2022.0799560546875,295500,0.0121514056827997
2011-03-25,2054.0400390625,2058.35009765625,2060.2900390625,2041.719970703125,311200,0.008438460698554
2011-03-28,2056.389892578125,2054.280029296875,2059.919921875,2043.989990234375,285400,0.0011433615513203
2011-03-29,2072.1298828125,2052.8701171875,2072.1298828125,2050.090087890625,250500,0.0076250411055408
2011-03-30,2091.3798828125,2075.909912109375,2100.199951171875,2074.260009765625,316900,0.0092470719431794
2011-03-31,2106.699951171875,2098.090087890625,2106.739990234375,2089.1201171875,317900,0.0072986398418699
2011-04-01,2121.010009765625,2107.669921875,2121.02001953125,2101.830078125,337900,0.0067696759601077
2011-04-04,2115.8701171875,2124.3701171875,2125.530029296875,2103.820068359375,301800,-0.0024262641120614
2011-04-05,2130.429931640625,2118.080078125,2130.429931640625,2107.780029296875,327700,0.0068576743730791
2011-04-06,2126.7099609375,2129.1298828125,2136.2900390625,2119.659912109375,423000,-0.0017476389048985
2011-04-07,2122.139892578125,2133.31005859375,2135.72998046875,2111.5400390625,382800,-0.0021512033982528
2011-04-08,2127.969970703125,2119.010009765625,2135.97998046875,2118.719970703125,392800,0.0027434969774197
2011-04-11,2122.389892578125,2127.199951171875,2135.330078125,2115.889892578125,316100,-0.0026256982986764
2011-04-12,2089.39990234375,2117.2099609375,2117.2099609375,2088.669921875,311100,-0.0156658648870906
2011-04-13,2121.919921875,2091.679931640625,2121.929931640625,2081.97998046875,348100,0.0154444056979215
2011-04-14,2141.06005859375,2116.489990234375,2141.070068359375,2109.6298828125,371700,0.0089797584889953
2011-04-15,2140.5,2136.27001953125,2142.7099609375,2126.590087890625,356700,-0.0002616142664262
2011-04-18,2137.719970703125,2146.830078125,2149.449951171875,2128.02001953125,358300,-0.0012996197985163
2011-04-19,2122.679931640625,2117.93994140625,2136.949951171875,2111.60009765625,375000,-0.0070604177473456
2011-04-20,2169.909912109375,2146.3798828125,2169.93994140625,2138.800048828125,374300,0.0220062424766183
2011-04-21,2198.5400390625,2190.639892578125,2211.360107421875,2183.52001953125,416000,0.0131078699304016
2011-04-22,2197.820068359375,2203.0400390625,2208.06005859375,2190.8701171875,390800,-0.0003275303623767
2011-04-25,2216.0,2205.199951171875,2218.070068359375,2199.27001953125,354000,0.0082377777833924
2011-04-26,2206.300048828125,2219.469970703125,2222.56005859375,2196.760009765625,439300,-0.0043868424216223
2011-04-27,2206.699951171875,2225.949951171875,2231.469970703125,2191.820068359375,423200,0.0001812383162677
2011-04-28,2208.35009765625,2215.419921875,2225.35009765625,2194.14990234375,354900,0.0007475097871885
2011-04-29,2192.360107421875,2211.330078125,2219.60009765625,2177.800048828125,364100,-0.0072670363910357
2011-05-02,2228.9599609375,2203.090087890625,2229.090087890625,2202.919921875,302500,0.0165564532749529
2011-05-03,2200.72998046875,2224.39990234375,2228.0400390625,2188.110107421875,375100,-0.0127459768190739
2011-05-04,2180.639892578125,2196.89990234375,2201.68994140625,2173.2099609375,393700,-0.0091707521962771
2011-05-06,2147.449951171875,2153.5,2156.81005859375,2133.969970703125,344200,-0.0153372934550166
2011-05-09,2139.169921875,2157.949951171875,2161.929931640625,2136.590087890625,253900,-0.003863202168571
2011-05-11,2166.6298828125,2161.43994140625,2166.6298828125,2144.93994140625,378000,0.0127550441140568
2011-05-12,2122.64990234375,2139.239990234375,2149.419921875,2122.60009765625,382300,-0.0205076488483149
2011-05-13,2120.080078125,2133.989990234375,2134.530029296875,2103.06005859375,397100,-0.0012114014065691
2011-05-16,2104.179931640625,2104.669921875,2115.25,2097.159912109375,273600,-0.0075280506114852
2011-05-17,2102.409912109375,2103.820068359375,2111.43994140625,2092.320068359375,300800,-0.0008415460986007
2011-05-18,2135.780029296875,2110.699951171875,2138.719970703125,2106.409912109375,260000,0.0157476692950301
2011-05-19,2095.510009765625,2141.2900390625,2143.409912109375,2092.610107421875,283400,-0.0190349680933457
2011-05-20,2111.5,2101.449951171875,2112.47998046875,2084.06005859375,282800,0.0076016302292406
2011-05-23,2055.7099609375,2100.43994140625,2100.43994140625,2055.7099609375,293000,-0.02677732733312
2011-05-24,2061.760009765625,2052.43994140625,2070.639892578125,2048.550048828125,268500,0.0029387236459473
2011-05-25,2035.8699951171875,2073.530029296875,2082.1201171875,2030.6800537109373,345000,-0.012636748140968
2011-05-26,2091.909912109375,2059.929931640625,2094.35009765625,2056.489990234375,296700,0.0271542386664846
2011-05-27,2100.239990234375,2087.360107421875,2111.360107421875,2085.239990234375,272800,0.003974137033577
2011-05-30,2093.7900390625,2115.27001953125,2116.1298828125,2085.75,213200,-0.003075779721059
2011-05-31,2142.469970703125,2104.159912109375,2146.7900390625,2102.77001953125,303300,0.0229835158409733
2011-06-01,2141.340087890625,2142.669921875,2152.949951171875,2132.85009765625,294700,-0.0005275130424769
2011-06-02,2114.199951171875,2098.3701171875,2126.800048828125,2093.969970703125,248800,-0.0127553750841138
2011-06-03,2113.469970703125,2123.469970703125,2131.929931640625,2108.75,264100,-0.0003453346592777
2011-06-07,2099.7099609375,2093.449951171875,2106.85009765625,2091.260009765625,246600,-0.0065319112463309
2011-06-08,2083.35009765625,2102.969970703125,2109.110107421875,2068.780029296875,281400,-0.0078219994286725
2011-06-09,2071.419921875,2076.699951171875,2088.820068359375,2067.580078125,283700,-0.0057428972068788
2011-06-10,2046.6700439453125,2085.85009765625,2093.93994140625,2045.239990234375,265900,-0.0120202210902195
2011-06-13,2048.739990234375,2030.5400390625,2057.64990234375,2025.4200439453125,218500,0.0010108616465995
2011-06-14,2076.830078125,2045.219970703125,2082.25,2040.68994140625,209500,0.013617765068864
2011-06-15,2086.530029296875,2087.9599609375,2091.0,2064.820068359375,229200,0.0046596827910909
2011-06-16,2046.6300048828125,2057.159912109375,2068.169921875,2043.81005859375,234200,-0.0193078727254845
2011-06-17,2031.9300537109373,2057.4599609375,2058.669921875,2008.8399658203125,282500,-0.007208433669374
2011-06-20,2019.6500244140625,2034.3499755859373,2047.1199951171875,2017.52001953125,229200,-0.0060618655752944
2011-06-21,2048.169921875,2041.1500244140625,2051.18994140625,2015.8599853515625,278600,0.0140224322388691
2011-06-22,2063.89990234375,2066.909912109375,2074.4599609375,2059.360107421875,263800,0.0076506761158283
2011-06-23,2055.860107421875,2048.06005859375,2064.9599609375,2048.06005859375,259600,-0.0039030453760294
2011-06-24,2090.81005859375,2063.919921875,2090.820068359375,2062.260009765625,294100,0.0168572745870582
2011-06-27,2070.2900390625,2076.010009765625,2076.93994140625,2058.39990234375,246500,-0.0098628657767037
2011-06-28,2062.909912109375,2092.93994140625,2099.93994140625,2062.909912109375,328600,-0.003571148206523
2011-06-29,2094.419921875,2097.8701171875,2098.949951171875,2081.7099609375,256100,0.0151590633560357
2011-06-30,2100.68994140625,2103.590087890625,2105.469970703125,2091.090087890625,257300,0.0029892061968941
2011-07-01,2125.739990234375,2120.030029296875,2131.669921875,2116.679931640625,273400,0.0118541381591155
2011-07-04,2145.300048828125,2143.239990234375,2153.2900390625,2141.97998046875,290500,0.0091594530441617
2011-07-05,2161.75,2149.39990234375,2163.3701171875,2145.8701171875,284900,0.0076386533575685
2011-07-06,2171.18994140625,2156.93994140625,2171.18994140625,2155.330078125,275900,0.004357298494556
2011-07-07,2180.590087890625,2167.179931640625,2184.93994140625,2165.14990234375,355600,0.004320145338771
2011-07-08,2180.35009765625,2192.830078125,2192.830078125,2173.9599609375,323000,-0.0001100635296089
2011-07-11,2157.159912109375,2167.93994140625,2171.2900390625,2151.840087890625,240700,-0.0106929581519405
2011-07-12,2109.72998046875,2131.070068359375,2136.97998046875,2107.949951171875,286400,-0.0222325330530604
2011-07-13,2129.639892578125,2117.1201171875,2129.639892578125,2107.6298828125,306100,0.0093929329538854
2011-07-14,2130.070068359375,2119.06005859375,2130.080078125,2105.239990234375,307400,0.0002019742126374
2011-07-15,2145.199951171875,2123.570068359375,2145.199951171875,2123.0,272100,0.0070778902414178
2011-07-18,2130.47998046875,2149.969970703125,2149.969970703125,2121.72998046875,329000,-0.006885468086559
2011-07-19,2130.2099609375,2127.1298828125,2140.43994140625,2123.429931640625,303500,-0.0001267492050934
2011-07-20,2154.949951171875,2158.8798828125,2164.219970703125,2149.25,373900,0.0115469506983986
2011-07-21,2145.0400390625,2153.93994140625,2155.489990234375,2135.659912109375,362300,-0.0046092803364346
2011-07-22,2171.22998046875,2162.0,2171.239990234375,2153.489990234375,413000,0.0121355998160814
2011-07-25,2150.47998046875,2154.0,2158.35009765625,2146.989990234375,342000,-0.0096027542980739
2011-07-26,2168.699951171875,2163.080078125,2168.699951171875,2148.219970703125,330200,0.0084368232239158
2011-07-27,2174.31005859375,2152.659912109375,2174.72998046875,2151.840087890625,297100,0.0025835126005539
2011-07-28,2155.85009765625,2138.610107421875,2160.43994140625,2138.610107421875,299500,-0.0085262771370336
2011-07-29,2133.2099609375,2159.27001953125,2159.27001953125,2133.2099609375,328800,-0.0105572534261119
2011-08-01,2172.31005859375,2160.090087890625,2173.280029296875,2158.239990234375,262800,0.0181632752441971
2011-08-02,2121.27001953125,2152.85009765625,2155.43994140625,2114.75,350300,-0.0237761693266469
2011-08-03,2066.260009765625,2079.18994140625,2080.760009765625,2056.530029296875,434500,-0.0262747605792156
2011-08-04,2018.469970703125,2067.169921875,2071.030029296875,2015.22998046875,356400,-0.0234004303887001
2011-08-05,1943.75,1937.1700439453125,1966.72998046875,1920.6700439453125,481000,-0.0377206872189312
2011-08-08,1869.449951171875,1916.5699462890625,1939.9200439453125,1800.0,571100,-0.0389748531060279
2011-08-09,1801.3499755859375,1807.8800048828125,1828.6300048828125,1684.6800537109375,685000,-0.0371078735999175
2011-08-10,1806.239990234375,1877.4000244140625,1877.4000244140625,1802.2900390625,486300,0.0027109608850337
2011-08-11,1817.43994140625,1733.9200439453125,1832.47998046875,1733.9200439453125,438900,0.0061815541367622
2011-08-12,1793.31005859375,1844.1300048828125,1847.1199951171875,1788.969970703125,468900,-0.013365778319217
2011-08-16,1879.8699951171875,1850.530029296875,1879.8699951171875,1848.8199462890625,423500,0.0471395159753287
2011-08-17,1892.6700439453125,1868.8499755859373,1906.6099853515625,1868.5999755859373,431000,0.0067859308659515
2011-08-18,1860.5799560546875,1891.8199462890625,1894.93994140625,1833.3399658203125,503400,-0.0171003103286018
2011-08-19,1744.8800048828125,1789.780029296875,1797.1800537109375,1744.8599853515625,503800,-0.0642024552748934
2011-08-22,1710.699951171875,1756.5899658203125,1763.6400146484375,1704.5400390625,420300,-0.0197831732464919
2011-08-23,1776.6800537109375,1735.22998046875,1781.9200439453125,1719.969970703125,428500,0.0378438694696506
2011-08-24,1754.780029296875,1788.3900146484375,1799.1099853515625,1744.0699462890625,412600,-0.0124029747727784
2011-08-25,1764.5799560546875,1791.0799560546875,1803.77001953125,1762.7900390625,398200,0.0055691671939362
2011-08-26,1778.949951171875,1754.3900146484375,1782.9000244140625,1754.3900146484375,311000,0.0081105983395147
2011-08-29,1829.5,1807.5999755859373,1836.6600341796875,1787.2900390625,339100,0.0280194303134674
2011-08-30,1843.8199462890625,1853.77001953125,1863.510009765625,1835.6500244140625,493200,0.0077967718796187
2011-08-31,1880.1099853515625,1846.8900146484373,1880.1099853515625,1837.8199462890625,410400,0.0194908006204656
2011-09-01,1880.699951171875,1887.2099609375,1928.4000244140625,1877.4000244140625,500400,0.0003137440259463
2011-09-02,1867.75,1872.6199951171875,1890.8599853515625,1853.699951171875,442600,-0.0069095241293816
2011-09-05,1785.8299560546875,1829.300048828125,1829.75,1785.8199462890625,414000,-0.0448512293280414
2011-09-06,1766.7099609375,1752.97998046875,1790.469970703125,1744.030029296875,505300,-0.0107642307649996
2011-09-07,1833.4599609375,1811.5999755859373,1833.5400390625,1798.7900390625,417900,0.0370858330066607
2011-09-08,1846.6400146484373,1858.050048828125,1858.050048828125,1826.43994140625,416700,0.0071629086986937
2011-09-09,1812.9300537109373,1817.0999755859373,1847.050048828125,1812.9000244140625,331900,-0.0184234288707783
2011-09-14,1749.1600341796875,1804.0899658203125,1807.469970703125,1743.780029296875,339700,-0.0358086583761339
2011-09-15,1774.0799560546875,1797.1800537109375,1806.6300048828125,1742.9100341796875,392100,0.0141462616893008
2011-09-16,1840.0999755859373,1819.449951171875,1844.52001953125,1807.6199951171875,430100,0.0365379507739247
2011-09-19,1820.93994140625,1818.9000244140625,1839.8199462890625,1813.0999755859373,335600,-0.0104670856066664
2011-09-20,1837.969970703125,1819.8399658203125,1840.72998046875,1793.75,321200,0.0093088666755266
2011-09-21,1854.280029296875,1842.1700439453125,1869.77001953125,1831.949951171875,297600,0.008834810580119
2011-09-22,1800.550048828125,1807.239990234375,1819.81005859375,1785.68994140625,295400,-0.0294042954478471
2011-09-23,1697.43994140625,1736.3800048828125,1743.489990234375,1697.3900146484375,411800,-0.0589710016936018
2011-09-26,1652.7099609375,1720.5,1721.030029296875,1644.1099853515625,424300,-0.0267048579941087
2011-09-27,1735.7099609375,1704.25,1735.7099609375,1695.050048828125,339800,0.0490001878713715
2011-09-28,1723.0899658203125,1751.0400390625,1762.6700439453125,1723.0799560546875,344400,-0.0072973582670957
2011-09-29,1769.2900390625,1713.0999755859375,1769.75,1706.9000244140625,373900,0.0264591874260652
2011-09-30,1769.6500244140625,1759.52001953125,1774.2900390625,1742.8900146484375,354200,0.0002034424694101
2011-10-05,1666.52001953125,1718.52001953125,1718.52001953125,1659.31005859375,336300,-0.0600441691020284
2011-10-06,1710.3199462890625,1714.8399658203125,1733.699951171875,1707.77001953125,352600,0.025942824492442
2011-10-07,1759.77001953125,1751.550048828125,1765.4300537109375,1747.4200439453125,334700,0.0285026736850305
2011-10-10,1766.43994140625,1763.300048828125,1783.3699951171875,1761.6800537109375,274600,0.0037830588102355
2011-10-11,1795.02001953125,1810.3599853515625,1811.1400146484373,1792.780029296875,400000,0.0160499862189963
2011-10-12,1809.5,1789.6500244140625,1810.510009765625,1778.969970703125,355300,0.0080343892014109
2011-10-13,1823.0999755859373,1831.949951171875,1837.489990234375,1823.0999755859373,431600,0.0074877714141114
2011-10-14,1835.4000244140625,1816.18994140625,1839.18994140625,1803.4200439453125,349000,0.0067241192687706
2011-10-17,1865.1800537109373,1855.719970703125,1865.1800537109373,1845.4300537109373,367700,0.0160951372759468
2011-10-18,1838.9000244140625,1826.43994140625,1845.1800537109373,1822.9100341796875,323500,-0.0141900119393697
2011-10-19,1855.9200439453125,1851.8399658203125,1855.9300537109373,1834.3800048828125,340000,0.0092129736240846
2011-10-20,1805.0899658203125,1857.4599609375,1870.5,1804.1099853515625,349100,-0.0277701205627292
2011-10-21,1838.3800048828125,1831.8900146484373,1843.510009765625,1809.4200439453125,355200,0.0182743185815037
2011-10-24,1898.3199462890625,1858.260009765625,1898.3199462890625,1858.22998046875,373900,0.0320845045234535
2011-10-25,1888.6500244140625,1900.989990234375,1905.780029296875,1883.6800537109373,354800,-0.0051069551470235
2011-10-26,1894.31005859375,1871.68994140625,1896.02001953125,1864.989990234375,384800,0.0029923860040795
2011-10-27,1922.0400390625,1906.1600341796875,1923.97998046875,1891.22998046875,418300,0.0145324552450376
2011-10-28,1929.47998046875,1961.0899658203125,1963.739990234375,1920.81005859375,508800,0.0038633841301114
2011-10-31,1909.030029296875,1922.31005859375,1941.3199462890625,1902.0400390625,393700,-0.0106552514389858
2011-11-01,1909.6300048828125,1891.219970703125,1925.0799560546875,1891.219970703125,353600,0.0003142335717263
2011-11-02,1898.010009765625,1870.510009765625,1899.3499755859373,1859.8299560546875,389600,-0.0061035345494309
2011-11-03,1869.9599609375,1895.1400146484373,1895.1400146484373,1863.5699462890625,436400,-0.014888954649045
2011-11-04,1928.4100341796875,1911.56005859375,1929.010009765625,1906.3299560546875,466600,0.0307788275323986
2011-11-07,1919.0999755859373,1932.949951171875,1932.949951171875,1915.3800048828125,349700,-0.004839533485857
2011-11-08,1903.1400146484373,1927.8900146484373,1928.0699462890625,1900.0899658203125,403200,-0.0083511520649972
2011-11-09,1907.530029296875,1925.8599853515625,1929.6500244140625,1897.469970703125,434600,0.0023040654477681
2011-11-10,1813.25,1860.9599609375,1862.27001953125,1813.25,401900,-0.0506884115418297
2011-11-11,1863.449951171875,1840.97998046875,1863.4599609375,1823.8699951171875,296900,0.0273087668811958
2011-11-14,1902.81005859375,1889.3299560546875,1907.6199951171875,1889.3299560546875,327300,0.0209021896259481
2011-11-15,1886.1199951171875,1888.6700439453125,1900.5799560546875,1878.4200439453125,361400,-0.0088099654469467
2011-11-16,1856.0699462890625,1898.1400146484373,1911.3299560546875,1853.1300048828125,407800,-0.0160604860895358
2011-11-17,1876.6700439453125,1862.8699951171875,1876.8800048828125,1835.72998046875,353100,0.0110376328654432
2011-11-18,1839.1700439453125,1839.6300048828125,1850.0400390625,1832.1700439453125,337100,-0.020184546309344
2011-11-21,1820.030029296875,1833.9000244140625,1833.9000244140625,1811.68994140625,299700,-0.0104614062218909
2011-11-22,1826.280029296875,1798.4100341796875,1830.8399658203125,1797.9300537109375,271100,0.0034281265281478
2011-11-23,1783.0999755859375,1820.8599853515625,1820.8599853515625,1780.239990234375,411200,-0.0239277182284585
2011-11-24,1795.06005859375,1775.8199462890625,1800.010009765625,1769.4300537109375,280400,0.0066850713411659
2011-11-25,1776.4000244140625,1780.06005859375,1790.81005859375,1766.72998046875,306400,-0.0104496220277383
2011-11-28,1815.280029296875,1804.800048828125,1816.6500244140625,1795.3900146484375,277700,0.021650883750545
2011-11-29,1856.52001953125,1828.300048828125,1856.760009765625,1823.9300537109373,329500,0.0224640361272793
2011-11-30,1847.510009765625,1847.1700439453125,1858.0999755859373,1838.699951171875,334600,-0.0048649862259022
2011-12-01,1916.1800537109373,1911.5,1926.3299560546875,1908.3299560546875,500500,0.0364948570552175
2011-12-02,1916.0400390625,1914.4100341796875,1920.6400146484373,1905.68994140625,389300,-7.307234193753405e-05
2011-12-05,1922.9000244140625,1928.4599609375,1929.1800537109373,1911.6099853515625,330200,0.0035738993263115
2011-12-06,1902.8199462890625,1914.489990234375,1920.699951171875,1892.010009765625,383400,-0.0104975077510029
2011-12-07,1919.4200439453125,1914.5,1921.52001953125,1904.52001953125,402800,0.0086861118452133
2011-12-08,1912.3900146484373,1911.0699462890625,1925.56005859375,1898.3399658203125,426900,-0.0036693035807847
2011-12-09,1874.75,1883.8599853515625,1894.5899658203125,1872.6700439453125,372800,-0.0198784591849488
2011-12-12,1899.760009765625,1902.75,1903.18994140625,1890.1800537109373,409600,0.0132522503455001
2011-12-13,1864.06005859375,1877.4000244140625,1880.4000244140625,1863.77001953125,450100,-0.0189706315249073
2011-12-14,1857.75,1852.199951171875,1864.7900390625,1851.8900146484373,401900,-0.0033908579645128
2011-12-15,1819.1099853515625,1834.8199462890625,1840.93994140625,1817.6099853515625,409600,-0.0210187156131457
2011-12-16,1839.9599609375,1827.8299560546875,1842.93994140625,1823.6800537109373,490000,0.0113964485817839
2011-12-19,1776.9300537109375,1829.489990234375,1829.489990234375,1750.5999755859375,684300,-0.0348566246347461
2011-12-20,1793.06005859375,1791.6199951171875,1797.5899658203125,1780.0999755859375,389800,0.0090365038208939
2011-12-21,1848.4100341796875,1837.989990234375,1850.6700439453125,1831.260009765625,516900,0.0304021383649086
2011-12-22,1847.489990234375,1841.22998046875,1847.489990234375,1835.9100341796875,406400,-0.0004978727553449
2011-12-23,1867.219970703125,1861.0699462890625,1872.31005859375,1859.4000244140625,466300,0.010622722208259
2011-12-26,1856.699951171875,1873.0699462890625,1873.7900390625,1851.989990234375,434700,-0.0056499858951006
2011-12-27,1842.02001953125,1856.780029296875,1864.7099609375,1813.47998046875,529900,-0.0079378859923096
2011-12-28,1825.1199951171875,1833.260009765625,1833.260009765625,1817.969970703125,378700,-0.0092170705185271
2011-12-29,1825.739990234375,1815.6300048828125,1835.18994140625,1806.8800048828125,344600,0.0003396433309605
2012-01-02,1826.3699951171875,1831.68994140625,1837.81005859375,1814.550048828125,323400,0.0003450087163795
2012-01-03,1875.4100341796875,1846.56005859375,1875.4100341796875,1846.56005859375,443500,0.0264969327406981
2012-01-04,1866.219970703125,1883.47998046875,1884.68994140625,1866.219970703125,494500,-0.0049123413833483
2012-01-05,1863.739990234375,1869.4200439453125,1875.969970703125,1860.5699462890625,533800,-0.0013297627106785
2012-01-06,1843.1400146484373,1867.1199951171875,1867.1199951171875,1824.2900390625,472700,-0.0111145694623085
2012-01-09,1826.489990234375,1832.0400390625,1832.0400390625,1810.47998046875,395500,-0.0090745599143595
2012-01-10,1853.219970703125,1841.1300048828125,1859.550048828125,1840.469970703125,388600,0.0145285638973517
2012-01-11,1845.550048828125,1857.5400390625,1857.8199462890625,1843.1199951171875,448000,-0.0041472883299318
2012-01-12,1864.5699462890625,1853.0999755859373,1864.5699462890625,1837.9599609375,476300,0.010253072196414
2012-01-13,1875.6800537109373,1865.719970703125,1881.8399658203125,1861.530029296875,475000,0.0059408542735384
2012-01-16,1859.27001953125,1860.77001953125,1863.3199462890625,1843.8599853515625,391900,-0.0087873409029354
2012-01-17,1892.739990234375,1878.1600341796875,1892.760009765625,1878.1600341796875,432000,0.0178415614359876
2012-01-18,1892.3900146484373,1891.1700439453125,1898.699951171875,1884.3299560546875,428000,-0.0001849213033547
2012-01-19,1914.969970703125,1912.4300537109373,1914.97998046875,1902.02001953125,374400,0.0118613532081593
2012-01-20,1949.8900146484373,1922.1300048828125,1952.0899658203125,1922.1300048828125,404800,0.0180710268258838
2012-01-25,1952.22998046875,1947.739990234375,1973.3499755859373,1945.1400146484373,375900,0.0011993306734408
2012-01-26,1957.1800537109373,1959.18994140625,1962.7099609375,1949.510009765625,408000,0.0025323902298867
2012-01-27,1964.8299560546875,1960.699951171875,1966.199951171875,1949.4599609375,448900,0.0039010160739029
2012-01-30,1940.550048828125,1956.6300048828125,1961.5999755859373,1936.1400146484373,411700,-0.0124342420059139
2012-01-31,1955.7900390625,1943.25,1960.43994140625,1936.6800537109373,469200,0.0078227606465884
2012-02-01,1959.239990234375,1948.5699462890625,1969.800048828125,1947.4599609375,501100,0.0017624141010671
2012-02-02,1984.300048828125,1982.22998046875,1993.8800048828125,1977.3199462890625,641000,0.0127095937567566
2012-02-03,1972.3399658203125,1982.239990234375,1982.6199951171875,1961.949951171875,535900,-0.006045593933812
2012-02-06,1973.1300048828125,1994.2099609375,1996.050048828125,1964.77001953125,523200,0.0004004790703898
2012-02-07,1981.5899658203125,1976.77001953125,1983.8199462890625,1971.3299560546875,539400,0.0042784186516563
2012-02-08,2003.72998046875,1985.2099609375,2003.72998046875,1982.989990234375,587900,0.0111108983547433
2012-02-09,2014.6199951171875,1998.199951171875,2014.6199951171875,1978.510009765625,557600,0.0054201557232391
2012-02-10,1993.7099609375,2010.0400390625,2011.52001953125,1986.9599609375,696700,-0.0104333845215505
2012-02-13,2005.739990234375,2000.6600341796875,2010.6600341796875,1991.280029296875,452800,0.0060158600431867
2012-02-14,2002.6400146484373,1999.530029296875,2008.6500244140625,1995.5999755859373,515900,-0.0015467476637447
2012-02-15,2025.3199462890625,2012.0,2026.75,2009.6800537109373,681500,0.0112613688051384
2012-02-16,1997.449951171875,2005.3699951171875,2012.43994140625,1995.989990234375,696700,-0.0138563436348819
2012-02-17,2023.469970703125,2025.56005859375,2031.4000244140625,2019.7900390625,731100,0.0129425023377984
2012-02-20,2024.9000244140625,2041.510009765625,2047.4300537109373,2024.5899658203125,733900,0.0007064837315477
2012-02-21,2024.239990234375,2022.050048828125,2030.4599609375,2007.4599609375,709000,-0.0003260120337383
2012-02-22,2028.6500244140625,2018.0699462890625,2028.9300537109373,2015.300048828125,883700,0.0021762425845524
2012-02-23,2007.800048828125,2016.4599609375,2016.4599609375,2001.25,690100,-0.0103309396363167
2012-02-24,2019.8900146484373,2010.5999755859373,2019.9000244140625,1998.3900146484373,717900,0.0060034421424074
2012-02-27,1991.1600341796875,2013.6099853515625,2013.68994140625,1987.739990234375,636000,-0.0143256610906381
2012-02-28,2003.68994140625,1995.9300537109373,2006.260009765625,1992.6600341796875,607900,0.0062730507488302
2012-02-29,2030.25,2015.3800048828125,2033.6300048828125,2015.3800048828125,562600,0.0131684867852773
2012-03-02,2034.6300048828125,2041.52001953125,2046.8199462890625,2033.5,483200,0.0021550484012802
2012-03-05,2016.06005859375,2028.969970703125,2030.5699462890625,2011.5,548000,-0.0091688458471614
2012-03-06,2000.3599853515625,2019.280029296875,2023.8299560546875,1988.8599853515625,554700,-0.0078179836955136
2012-03-07,1982.1500244140625,1968.719970703125,1987.969970703125,1966.68994140625,511300,-0.0091450305477327
2012-03-08,2000.760009765625,1989.300048828125,2004.719970703125,1978.7900390625,456100,0.0093449867679329
2012-03-09,2018.300048828125,2017.6700439453125,2022.949951171875,2001.6700439453125,416400,0.0087284838574469
2012-03-12,2002.5,2018.72998046875,2019.1400146484373,2001.5,375500,-0.0078591971562581
2012-03-13,2025.0400390625,2012.9100341796875,2028.97998046875,2012.9100341796875,448900,0.0111930727791976
2012-03-14,2045.0799560546875,2050.5,2057.280029296875,2045.0799560546875,541100,0.0098474143061217
2012-03-15,2043.760009765625,2044.010009765625,2050.47998046875,2038.5999755859373,476100,-0.0006456336496155
2012-03-16,2034.43994140625,2054.6298828125,2054.989990234375,2034.2099609375,464200,-0.0045706854477706
2012-03-19,2047.0,2040.0699462890625,2050.8701171875,2036.3499755859373,555800,0.0061547387308422
2012-03-20,2042.1500244140625,2046.3800048828125,2055.340087890625,2035.260009765625,540300,-0.0023721202847519
2012-03-21,2027.22998046875,2031.5799560546875,2039.800048828125,2022.969970703125,517100,-0.0073328668164407
2012-03-22,2026.1199951171875,2026.75,2031.4200439453125,2017.9300537109373,541700,-0.0005476879055567
2012-03-23,2026.8299560546875,2015.0699462890625,2029.77001953125,2013.719970703125,506800,0.0003503428136616
2012-03-26,2019.18994140625,2035.1700439453125,2041.050048828125,2012.8599853515625,437000,-0.0037765626084329
2012-03-27,2039.760009765625,2042.469970703125,2043.75,2028.3900146484373,606400,0.0101357467863461
2012-03-28,2031.739990234375,2034.3499755859373,2038.449951171875,2028.1099853515625,533800,-0.0039395946968328
2012-03-29,2014.4100341796875,2019.4100341796875,2025.22998046875,2004.93994140625,470300,-0.0085661984465819
2012-03-30,2014.0400390625,2011.5,2018.0899658203125,2002.6099853515625,449900,-0.000183691053135
2012-04-02,2029.2900390625,2022.4200439453125,2031.7900390625,2015.719970703125,409900,0.0075433229629411
2012-04-03,2049.280029296875,2040.81005859375,2051.800048828125,2038.52001953125,593300,0.0098025288119138
2012-04-04,2018.6099853515625,2046.9000244140625,2048.110107421875,2015.5699462890625,621500,-0.0150793777601615
2012-04-05,2028.77001953125,2006.27001953125,2030.68994140625,1997.1199951171875,549300,0.0050205592302109
2012-04-06,2029.030029296875,2026.3199462890625,2033.489990234375,2022.81005859375,536300,0.0001281530695708
2012-04-09,1997.0799560546875,2008.030029296875,2009.3599853515625,1995.800048828125,466700,-0.0158717690652573
2012-04-10,1994.4100341796875,2000.77001953125,2011.27001953125,1990.1300048828125,543700,-0.0013378073249514
2012-04-12,1986.6300048828125,1985.1600341796875,1986.6300048828125,1969.0899658203125,391500,-0.0039085460708687
2012-04-13,2008.9100341796875,2001.7099609375,2011.3699951171875,1996.22998046875,495300,0.0111525651153713
2012-04-16,1992.6300048828125,1985.280029296875,1998.3499755859373,1982.9300537109373,452500,-0.0081369267643655
2012-04-17,1985.300048828125,1995.3299560546875,1999.5,1982.43994140625,445700,-0.0036853158561011
2012-04-18,2004.530029296875,2014.22998046875,2014.949951171875,2001.5899658203125,382900,0.0096395731138005
2012-04-19,1999.8599853515625,2000.4000244140625,2008.8199462890625,1994.6099853515625,412100,-0.0023324631444314
2012-04-20,1974.6500244140625,1988.219970703125,1988.219970703125,1970.5400390625,518700,-0.0126859909626132
2012-04-23,1972.6300048828125,1971.3900146484373,1980.93994140625,1964.1199951171875,585200,-0.0010234995706394
2012-04-24,1963.4200439453125,1956.75,1972.239990234375,1954.010009765625,630800,-0.0046798072340934
2012-04-25,1961.97998046875,1980.510009765625,1980.510009765625,1961.969970703125,681800,-0.0007337155613234
2012-04-26,1964.0400390625,1976.8199462890625,1979.4300537109373,1955.050048828125,607400,0.0010494387560772
2012-04-27,1975.3499755859373,1972.050048828125,1983.260009765625,1967.8399658203125,484700,0.005741989270334
2012-04-30,1981.989990234375,1989.52001953125,1991.1199951171875,1975.4599609375,837900,0.0033558000763669
2012-05-02,1999.0699462890625,1994.1700439453125,2001.1099853515625,1989.550048828125,653000,0.0085806599867478
2012-05-03,1995.1099853515625,1995.780029296875,1998.9000244140625,1990.449951171875,685800,-0.0019828662217232
2012-05-04,1989.1500244140625,1987.030029296875,1992.0999755859373,1981.5799560546875,608800,-0.0029917552410366
2012-05-07,1956.43994140625,1956.06005859375,1960.510009765625,1952.4200439453125,533700,-0.0165809588416878
2012-05-08,1967.010009765625,1967.280029296875,1969.6400146484373,1961.43994140625,492700,0.0053881630012835
2012-05-09,1950.2900390625,1958.31005859375,1962.0400390625,1945.31005859375,468000,-0.0085365287467639
2012-05-10,1944.9300537109373,1944.800048828125,1951.510009765625,1937.1400146484373,425100,-0.002752085174616
2012-05-11,1917.1300048828125,1939.0,1939.0,1915.68994140625,535900,-0.0143967357170846
2012-05-14,1913.72998046875,1917.260009765625,1921.6500244140625,1900.4300537109373,399000,-0.0017750715608604
2012-05-15,1898.9599609375,1897.739990234375,1904.989990234375,1881.800048828125,524600,-0.0077478597233777
2012-05-16,1840.530029296875,1886.68994140625,1889.2900390625,1840.22998046875,426200,-0.0312527577798625
2012-05-17,1845.239990234375,1842.8299560546875,1856.3399658203125,1833.0799560546875,444300,0.0025557555009048
2012-05-18,1782.4599609375,1813.7900390625,1813.7900390625,1779.469970703125,547800,-0.0346149342942517
2012-05-21,1799.1300048828125,1801.47998046875,1804.47998046875,1788.3299560546875,414100,0.0093088066926848
2012-05-22,1828.68994140625,1825.8199462890625,1831.06005859375,1813.530029296875,428400,0.0162966140370486
2012-05-23,1808.6199951171875,1815.3299560546875,1815.3299560546875,1796.5,447600,-0.0110357106361372
2012-05-24,1814.469970703125,1807.0699462890625,1816.97998046875,1800.739990234375,407900,0.0032292770672908
2012-05-25,1824.1700439453125,1818.6199951171875,1831.780029296875,1815.5400390625,386500,0.0053317152463243
2012-05-29,1849.9100341796875,1821.6300048828125,1851.93994140625,1817.9000244140625,328000,0.0140118945805151
2012-05-30,1844.8599853515625,1846.1199951171875,1846.5999755859373,1828.8299560546875,417000,-0.0027336218201489
2012-05-31,1843.469970703125,1819.989990234375,1843.489990234375,1813.010009765625,447900,-0.0007537366400549
2012-06-01,1834.510009765625,1832.0799560546875,1842.0,1821.97998046875,334400,-0.0048722280761842
2012-06-04,1783.1300048828125,1782.5799560546875,1794.02001953125,1776.8499755859375,395100,-0.0284071714122887
2012-06-05,1801.8499755859373,1799.8800048828125,1806.1099853515625,1791.8399658203125,338800,0.0104436515425557
2012-06-07,1847.949951171875,1839.489990234375,1853.199951171875,1839.489990234375,403400,0.0252629888250624
2012-06-08,1835.6400146484373,1854.0,1854.5899658203125,1832.8299560546875,379800,-0.006683687632494
2012-06-11,1867.0400390625,1860.9000244140625,1869.3299560546875,1859.739990234375,382200,0.016961107476761
2012-06-12,1854.739990234375,1840.56005859375,1857.9300537109373,1840.0999755859373,421400,-0.006609790752282
2012-06-13,1859.3199462890625,1867.449951171875,1867.449951171875,1849.7099609375,558300,0.0024662813494907
2012-06-14,1871.47998046875,1856.5699462890625,1871.47998046875,1855.06005859375,426600,0.0065187506589472
2012-06-15,1858.1600341796875,1871.47998046875,1871.47998046875,1847.18994140625,452500,-0.0071427820743735
2012-06-18,1891.7099609375,1892.9100341796875,1901.1099853515625,1887.050048828125,376300,0.017894392097067
2012-06-19,1891.77001953125,1885.56005859375,1895.3199462890625,1883.56005859375,380900,3.1747805758269554e-05
2012-06-20,1904.1199951171875,1908.18994140625,1908.18994140625,1895.27001953125,367700,0.0065070479464895
2012-06-21,1889.1500244140625,1895.510009765625,1900.43994140625,1879.6500244140625,390200,-0.0078929516451099
2012-06-22,1847.3900146484373,1861.43994140625,1863.5699462890625,1843.5699462890625,300700,-0.0223531653057017
2012-06-25,1825.3800048828125,1842.760009765625,1842.760009765625,1813.4100341796875,291200,-0.0119856528652107
2012-06-26,1817.81005859375,1818.510009765625,1826.6600341796875,1814.4599609375,313300,-0.0041556751370913
2012-06-27,1817.6500244140625,1815.699951171875,1821.469970703125,1795.1600341796875,319500,-8.80406749830141e-05
2012-06-28,1819.1800537109373,1826.3699951171875,1827.3499755859373,1806.0799560546875,309700,0.000841408234245
2012-06-29,1854.010009765625,1808.6099853515625,1854.010009765625,1801.6300048828125,320600,0.018964986504614
2012-07-02,1851.6500244140625,1864.72998046875,1865.9300537109373,1851.280029296875,273600,-0.0012737194717578
2012-07-03,1867.8199462890625,1858.699951171875,1871.0799560546875,1858.43994140625,348200,0.0086947999968459
2012-07-04,1874.449951171875,1875.52001953125,1881.6800537109373,1871.8399658203125,336100,0.0035433103443333
2012-07-05,1875.489990234375,1870.530029296875,1878.1300048828125,1866.9100341796875,324200,0.000554696398032
2012-07-06,1858.199951171875,1877.739990234375,1880.3599853515625,1850.0999755859373,340700,-0.0092617024591622
2012-07-09,1836.1300048828125,1840.300048828125,1844.3199462890625,1833.1099853515625,282000,-0.0119481524967865
2012-07-10,1829.449951171875,1843.77001953125,1845.93994140625,1823.7900390625,368900,-0.003644749909129
2012-07-11,1826.3900146484373,1825.530029296875,1827.5999755859373,1813.7900390625,336700,-0.0016739995550194
2012-07-12,1785.3900146484375,1827.8199462890625,1830.77001953125,1785.3199462890625,320800,-0.0227044620207496
2012-07-13,1812.8900146484373,1790.97998046875,1820.6600341796875,1773.6700439453125,348500,0.0152853781280996
2012-07-16,1817.7900390625,1820.3399658203125,1821.8399658203125,1807.1099853515625,268400,0.0026992339267845
2012-07-17,1821.9599609375,1808.6300048828125,1835.6400146484373,1802.0699462890625,412600,0.0022913242389717
2012-07-18,1794.9100341796875,1821.280029296875,1827.949951171875,1790.3599853515625,454700,-0.0149579228101123
2012-07-19,1822.9599609375,1820.8399658203125,1830.0899658203125,1815.7099609375,488700,0.0155066317236272
2012-07-20,1822.9300537109373,1823.949951171875,1830.260009765625,1818.8399658203125,412100,-1.6405994938489756e-05
2012-07-23,1789.43994140625,1799.239990234375,1799.239990234375,1780.010009765625,502100,-0.0185424371797512
2012-07-24,1793.9300537109375,1784.469970703125,1796.02001953125,1781.5999755859375,490600,0.0025060848646963
2012-07-25,1769.31005859375,1760.219970703125,1785.8399658203125,1758.989990234375,468000,-0.0138191006733372
2012-07-26,1782.469970703125,1778.010009765625,1787.199951171875,1766.81005859375,409600,0.007410353243721
2012-07-27,1829.1600341796875,1812.97998046875,1829.1600341796875,1805.9200439453125,397600,0.0258568373315737
2012-07-30,1843.7900390625,1847.010009765625,1850.27001953125,1841.4000244140625,337200,0.0079663932062813
2012-07-31,1881.989990234375,1845.4599609375,1896.8299560546875,1842.510009765625,359200,0.0205064654919051
2012-08-01,1879.9300537109373,1870.5799560546875,1886.3199462890625,1867.280029296875,291300,-0.0010951517869905
2012-08-02,1869.4000244140625,1883.6800537109373,1885.8900146484373,1864.8599853515625,270500,-0.0056170338506266
2012-08-03,1848.6800537109373,1846.5799560546875,1864.1300048828125,1843.8699951171875,257900,-0.0111456368677112
2012-08-06,1885.8800048828125,1883.6199951171875,1894.9200439453125,1881.8599853515625,245600,0.0199226580944455
2012-08-07,1886.800048828125,1883.8199462890625,1891.5999755859373,1881.6600341796875,325300,0.000487740253853
2012-08-08,1903.22998046875,1896.5799560546875,1919.6099853515625,1896.56005859375,485600,0.0086701342390445
2012-08-09,1940.5899658203125,1907.1300048828125,1947.0799560546875,1907.1300048828125,495300,0.0194396003914794
2012-08-10,1946.4000244140625,1937.8900146484373,1948.050048828125,1933.9300537109373,326500,0.0029894920930684
2012-08-13,1932.43994140625,1945.3299560546875,1946.199951171875,1932.4000244140625,352700,-0.0071981022195016
2012-08-14,1956.9599609375,1942.6099853515625,1957.1500244140625,1939.449951171875,341100,0.0126088059852464
2012-08-16,1957.9100341796875,1956.3499755859373,1959.9200439453125,1947.260009765625,430500,0.0004853664423208
2012-08-17,1946.5400390625,1964.0699462890625,1964.0699462890625,1941.7900390625,372500,-0.0058241376089424
2012-08-20,1946.31005859375,1944.6700439453125,1949.8900146484373,1938.25,357900,-0.0001181553171831
2012-08-21,1943.219970703125,1954.510009765625,1961.0699462890625,1942.6099853515625,407500,-0.0015889264345435
2012-08-22,1935.18994140625,1939.5999755859373,1947.4300537109373,1917.47998046875,422800,-0.0041408932800221
2012-08-23,1942.5400390625,1934.56005859375,1942.969970703125,1924.5,604400,0.003790932579487
2012-08-24,1919.81005859375,1921.0799560546875,1927.0999755859373,1913.75,631300,-0.0117701618469696
2012-08-27,1917.8699951171875,1909.02001953125,1925.1500244140625,1907.5,572900,-0.0010110606484532
2012-08-28,1916.3299560546875,1922.02001953125,1925.699951171875,1910.5799560546875,611900,-0.0008033170752335
2012-08-29,1928.5400390625,1920.489990234375,1931.0,1914.8199462890625,592400,0.0063513846083786
2012-08-30,1906.3800048828125,1922.8199462890625,1922.8199462890625,1897.0699462890625,747800,-0.0115571018840413
2012-08-31,1905.1199951171875,1897.1600341796875,1912.239990234375,1896.8399658203125,659100,-0.000661162173173
2012-09-03,1912.7099609375,1909.06005859375,1921.8399658203125,1885.030029296875,597100,0.0039760680317857
2012-09-04,1907.1300048828125,1911.469970703125,1916.1600341796875,1906.219970703125,881500,-0.0029215674340383
2012-09-05,1874.030029296875,1894.699951171875,1894.699951171875,1874.030029296875,624100,-0.017508288896411
2012-09-06,1881.239990234375,1881.5400390625,1888.1800537109373,1873.489990234375,752900,0.0038399208361759
2012-09-07,1929.5799560546875,1918.3599853515625,1929.5799560546875,1915.56005859375,597700,0.0253712111847658
2012-09-10,1924.699951171875,1934.6300048828125,1937.8499755859373,1924.699951171875,620800,-0.0025322538102837
2012-09-11,1920.0,1920.4599609375,1923.0899658203125,1912.469970703125,718700,-0.0024449000300372
2012-09-12,1950.030029296875,1931.43994140625,1953.030029296875,1927.75,708400,0.015519586056815
2012-09-13,1950.68994140625,1948.27001953125,1955.030029296875,1938.739990234375,983100,0.0003383540067614
2012-09-14,2007.5799560546875,1994.4200439453125,2008.969970703125,1991.1300048828125,1023900,0.0287468686122044
2012-09-17,2002.3499755859373,2005.5400390625,2011.5,1997.7900390625,881700,-0.0026085161204621
2012-09-18,2004.9599609375,1998.300048828125,2005.72998046875,1995.8299560546875,855300,0.0013026123568962
2012-09-19,2007.8800048828125,2000.199951171875,2012.739990234375,1993.9100341796875,959900,0.0014553505674699
2012-09-20,1990.3299560546875,1997.6500244140625,2004.5400390625,1987.93994140625,618400,-0.0087790094647889
2012-09-21,2002.3699951171875,2000.050048828125,2005.1099853515625,1991.56005859375,649200,0.0060310445085187
2012-09-24,2003.43994140625,1996.4200439453125,2005.449951171875,1977.699951171875,483000,0.0005341972442332
2012-09-25,1991.4100341796875,1994.0799560546875,2004.260009765625,1988.8800048828125,529000,-0.0060227260916891
2012-09-26,1980.43994140625,1973.1099853515625,1986.280029296875,1968.8499755859373,1209800,-0.0055239350609123
2012-09-27,1988.699951171875,1969.6500244140625,1991.260009765625,1969.5999755859373,693700,0.0041621217257957
2012-09-28,1996.2099609375,2000.010009765625,2000.010009765625,1988.4100341796875,678200,0.0037692288270211
2012-10-02,1996.030029296875,1998.52001953125,2003.6300048828125,1995.1199951171875,496300,-9.014069353891654e-05
2012-10-04,1992.6800537109373,1998.72998046875,1998.989990234375,1983.030029296875,596900,-0.0016797291875732
2012-10-05,1995.1700439453125,2004.6199951171875,2007.8399658203125,1991.2099609375,681200,0.0012487884433911
2012-10-08,1981.8900146484373,1994.050048828125,1994.050048828125,1979.239990234375,508300,-0.0066783395065038
2012-10-09,1979.0400390625,1982.0899658203125,1992.3199462890625,1979.0,516900,-0.0014390438806609
2012-10-10,1948.219970703125,1961.9000244140625,1962.719970703125,1948.219970703125,449400,-0.0156957782319493
2012-10-11,1933.0899658203125,1934.489990234375,1949.739990234375,1919.8199462890625,464100,-0.007796378938089
2012-10-12,1933.260009765625,1937.8499755859373,1940.3199462890625,1927.3900146484373,398800,8.796096912901003e-05
2012-10-15,1925.5899658203125,1927.8199462890625,1937.1500244140625,1921.3199462890625,567900,-0.0039753056452986
2012-10-16,1941.5400390625,1942.510009765625,1944.219970703125,1931.0899658203125,538400,0.0082490961870671
2012-10-17,1955.1500244140625,1955.780029296875,1965.530029296875,1949.7099609375,499800,0.0069854366002515
2012-10-18,1959.1199951171875,1960.3900146484373,1963.530029296875,1954.0999755859373,495000,0.0020284610129452
2012-10-19,1943.8399658203125,1954.3299560546875,1958.6400146484373,1938.9599609375,383200,-0.0078300097960195
2012-10-22,1941.5899658203125,1910.97998046875,1942.6400146484373,1910.22998046875,458100,-0.00115817311911
2012-10-23,1926.81005859375,1943.7900390625,1944.3800048828125,1926.81005859375,539000,-0.0076413912991621
2012-10-24,1913.9599609375,1907.1600341796875,1922.02001953125,1901.6199951171875,564600,-0.0066914423608934
2012-10-25,1924.5,1906.9100341796875,1924.510009765625,1904.949951171875,438100,0.0054918199801256
2012-10-26,1891.4300537109373,1917.6400146484373,1921.25,1890.1500244140625,437500,-0.0173330086043917
2012-10-29,1891.52001953125,1901.8299560546875,1905.219970703125,1884.77001953125,371700,4.756384228599562e-05
2012-10-30,1899.5799560546875,1894.050048828125,1913.52001953125,1893.75,334100,0.0042520369912978
2012-10-31,1912.06005859375,1912.8299560546875,1918.4000244140625,1909.0799560546875,397200,0.0065484395634309
2012-11-01,1898.43994140625,1903.5699462890625,1904.989990234375,1887.56005859375,402400,-0.0071487601059518
2012-11-02,1918.719970703125,1920.550048828125,1921.97998046875,1915.1099853515625,441200,0.0106258163546831
2012-11-05,1908.219970703125,1905.4599609375,1914.3800048828125,1903.3199462890625,343400,-0.0054874267736741
2012-11-06,1928.1700439453125,1911.8299560546875,1928.1700439453125,1908.489990234375,545800,0.0104005343569482
2012-11-07,1937.550048828125,1933.7900390625,1937.550048828125,1916.81005859375,556700,0.0048529241986674
2012-11-08,1914.4100341796875,1912.6400146484373,1918.68994140625,1905.6199951171875,659700,-0.0120148145439322
2012-11-09,1904.4100341796875,1893.0899658203125,1907.5699462890625,1879.06005859375,636200,-0.0052372317512458
2012-11-12,1900.8699951171875,1899.300048828125,1903.81005859375,1892.6800537109373,473300,-0.0018605937310737
2012-11-13,1889.699951171875,1904.18994140625,1904.969970703125,1881.8499755859373,494900,-0.0058936130639402
2012-11-14,1894.0400390625,1891.449951171875,1895.47998046875,1880.6099853515625,533900,0.002294074014195
2012-11-15,1870.719970703125,1870.2900390625,1875.489990234375,1859.7900390625,450900,-0.0123887666490215
2012-11-16,1860.8299560546875,1865.81005859375,1872.68994140625,1856.81005859375,465000,-0.0053007667055893
2012-11-19,1878.0999755859373,1869.760009765625,1884.1099853515625,1869.22998046875,349400,0.0092380133710617
2012-11-20,1890.1800537109373,1896.5799560546875,1897.56005859375,1886.3399658203125,372300,0.0064114765422949
2012-11-21,1884.0400390625,1895.719970703125,1899.5999755859373,1878.25,380800,-0.0032536629630444
2012-11-22,1899.5,1894.6600341796875,1903.27001953125,1893.1800537109373,412800,0.0081722655608794
2012-11-23,1911.3299560546875,1901.72998046875,1911.3299560546875,1894.5799560546875,330000,0.0062086181707395
2012-11-26,1908.510009765625,1918.010009765625,1918.1099853515625,1905.949951171875,276800,-0.001476473792923
2012-11-27,1925.199951171875,1917.1400146484373,1930.239990234375,1913.969970703125,588300,0.0087069950608324
2012-11-28,1912.780029296875,1916.31005859375,1916.760009765625,1906.199951171875,408900,-0.0064721365366948
2012-11-29,1934.8499755859373,1922.8599853515625,1935.0999755859373,1922.510009765625,388800,0.0114720949315554
2012-11-30,1932.9000244140625,1932.7099609375,1941.8399658203125,1927.97998046875,337300,-0.0010083130176891
2012-12-03,1940.02001953125,1937.280029296875,1944.75,1933.6700439453125,314900,0.003676813906634
2012-12-04,1935.1800537109373,1932.6600341796875,1938.280029296875,1928.0899658203125,294800,-0.0024979192018254
2012-12-05,1947.0400390625,1933.449951171875,1949.699951171875,1930.1500244140625,492600,0.0061099175026854
2012-12-06,1949.6199951171875,1948.550048828125,1955.0699462890625,1946.030029296875,345300,0.0013241886174561
2012-12-07,1957.449951171875,1953.1700439453125,1963.06005859375,1952.8299560546875,413400,0.0040081015413588
2012-12-10,1957.4200439453125,1965.7099609375,1970.18994140625,1955.3900146484373,367600,-1.527878402113685e-05
2012-12-11,1964.6199951171875,1962.52001953125,1965.6800537109373,1956.75,404800,0.0036715378671419
2012-12-12,1975.43994140625,1972.3299560546875,1975.43994140625,1966.9100341796875,459700,0.0054922887784538
2012-12-13,2002.77001953125,1976.1800537109373,2002.780029296875,1976.1800537109373,421500,0.0137401033949778
2012-12-14,1995.0400390625,1989.4200439453125,1999.6500244140625,1985.18994140625,350500,-0.0038671122382785
2012-12-17,1983.0699462890625,1993.1800537109373,1999.3800048828125,1981.1300048828125,366700,-0.0060179979656327
2012-12-18,1993.0899658203125,1990.719970703125,1993.0899658203125,1979.219970703125,454300,0.0050400592348415
2012-12-20,1999.5,2002.1099853515625,2006.0799560546875,1991.81005859375,421900,0.0032109681895804
2012-12-21,1980.4200439453125,2004.6099853515625,2004.6700439453125,1976.0899658203125,553700,-0.0095881836907991
2012-12-24,1981.8199462890625,1984.1800537109373,1985.5699462890625,1977.0,348200,0.000706621711683
2012-12-26,1982.25,1992.0999755859373,2000.9200439453125,1982.25,458000,0.0002169758447512
2012-12-27,1987.3499755859373,1979.4599609375,1987.9100341796875,1971.530029296875,376100,0.0025695175450011
2012-12-28,1997.050048828125,1984.8399658203125,2002.6700439453125,1984.8399658203125,302900,0.004869035411332
2013-01-02,2031.0999755859373,2013.739990234375,2033.6600341796875,2012.300048828125,364100,0.0169063900684798
2013-01-03,2019.4100341796875,2041.239990234375,2042.47998046875,2018.489990234375,491000,-0.0057720997278503
2013-01-04,2011.93994140625,2017.8800048828125,2018.6300048828125,2001.530029296875,378900,-0.0037060048710679
2013-01-07,2011.25,2012.1500244140625,2014.0,1996.469970703125,536200,-0.00034298227181
2013-01-08,1997.93994140625,2003.219970703125,2009.989990234375,1997.9100341796875,493700,-0.0066397989061169
2013-01-09,1991.81005859375,2001.97998046875,2007.719970703125,1989.47998046875,607600,-0.0030728179138054
2013-01-10,2006.800048828125,1993.8699951171875,2008.469970703125,1988.0400390625,500800,0.0074976354547628
2013-01-11,1996.6700439453125,2017.3800048828125,2017.9200439453125,1984.1600341796875,472600,-0.0050606230430584
2013-01-14,2007.0400390625,1993.8199462890625,2007.0400390625,1989.239990234375,454800,0.0051802044062449
2013-01-15,1983.739990234375,2006.8900146484373,2016.3699951171875,1983.739990234375,546200,-0.0116770723573239
2013-01-16,1977.449951171875,1988.43994140625,1996.4599609375,1970.010009765625,457600,-0.0031758357676777
2013-01-17,1974.27001953125,1983.6700439453125,1986.3399658203125,1964.6199951171875,828700,-0.0016093915310662
2013-01-18,1987.8499755859373,1987.6500244140625,1988.469970703125,1976.719970703125,583300,0.0068549207233278
2013-01-21,1986.8599853515625,1987.9599609375,1991.97998046875,1972.6400146484373,446600,-0.0004981446518493
2013-01-22,1996.52001953125,1986.5799560546875,1999.3499755859373,1981.8800048828125,553400,0.004850179046396
2013-01-23,1980.4100341796875,2003.3699951171875,2008.06005859375,1980.4100341796875,491400,-0.0081017635480598
2013-01-24,1964.47998046875,1970.8499755859373,1980.030029296875,1960.75,558400,-0.0080763419214334
2013-01-25,1946.68994140625,1966.4000244140625,1966.8299560546875,1934.8900146484373,401800,-0.0090971050124039
2013-01-28,1939.7099609375,1940.3299560546875,1943.489990234375,1930.3699951171875,349500,-0.0035920070754843
2013-01-29,1955.9599609375,1946.1099853515625,1958.8800048828125,1944.81005859375,465000,0.0083426443078535
2013-01-30,1964.4300537109373,1961.9200439453125,1967.2900390625,1950.6700439453125,523300,0.0043210527120483
2013-01-31,1961.93994140625,1960.780029296875,1965.9200439453125,1954.530029296875,399600,-0.0012684044762135
2013-02-01,1957.7900390625,1964.75,1966.5400390625,1942.43994140625,385900,-0.0021174437601359
2013-02-04,1953.2099609375,1968.949951171875,1969.1300048828125,1952.8299560546875,345400,-0.0023421530139283
2013-02-05,1938.1800537109373,1936.9200439453125,1944.0,1928.75,366700,-0.0077247368719547
2013-02-06,1936.18994140625,1943.3299560546875,1944.43994140625,1935.43994140625,349200,-0.0010273218521845
2013-02-07,1931.77001953125,1939.4200439453125,1946.6700439453125,1931.0999755859373,412200,-0.0022854030772978
2013-02-08,1950.9000244140625,1930.0,1955.8599853515625,1929.81005859375,291200,0.0098541258802403
2013-02-12,1945.7900390625,1958.4599609375,1958.6500244140625,1943.6300048828125,307500,-0.0026227327282919
2013-02-13,1976.0699462890625,1952.8599853515625,1976.0699462890625,1950.5799560546875,331000,0.0154419122717074
2013-02-14,1979.6099853515625,1977.4200439453125,1986.1400146484373,1972.800048828125,336000,0.0017898515899868
2013-02-15,1981.1800537109373,1981.06005859375,1982.760009765625,1976.1199951171875,598800,0.0007928056908485
2013-02-18,1981.9100341796875,1979.4200439453125,1985.4100341796875,1973.6500244140625,420700,0.0003683895449343
2013-02-19,1985.8299560546875,1981.9599609375,1990.0899658203125,1979.8499755859373,344300,0.0019758971908364
2013-02-20,2024.6400146484373,1997.0400390625,2024.6400146484373,1995.31005859375,407700,0.0193549735761083
2013-02-21,2015.219970703125,2014.5,2021.239990234375,2010.9100341796875,391200,-0.0046635581690111
2013-02-22,2018.8900146484373,2007.3399658203125,2029.43994140625,2006.5899658203125,409100,0.0018195066426765
2013-02-25,2009.52001953125,2022.510009765625,2022.77001953125,2008.780029296875,338200,-0.0046519653836202
2013-02-26,2000.010009765625,1993.1199951171875,2005.8599853515625,1991.9599609375,433400,-0.0047437118712764
2013-02-27,2004.0400390625,2008.93994140625,2014.9599609375,1999.6500244140625,417100,0.0020129771649017
2013-02-28,2026.489990234375,2019.050048828125,2030.8499755859373,2016.1500244140625,422000,0.0111400650435972
2013-03-04,2013.1500244140625,2028.550048828125,2029.3199462890625,2011.0899658203125,357400,-0.0066045559816505
2013-03-05,2016.6099853515625,2022.4100341796875,2031.6500244140625,2016.5999755859373,491900,0.0017172048853235
2013-03-06,2020.739990234375,2033.1700439453125,2033.8900146484373,2016.6500244140625,395400,0.0020458995867925
2013-03-07,2004.4000244140625,2018.6300048828125,2018.6300048828125,1998.2900390625,386500,-0.0081189998455308
2013-03-08,2006.010009765625,2001.969970703125,2007.3699951171875,1994.25,312100,0.0008029031567002
2013-03-11,2003.3499755859373,2000.5699462890625,2006.300048828125,1982.3800048828125,398300,-0.0013269123150323
2013-03-12,1993.3399658203125,2006.8399658203125,2007.43994140625,1990.1700439453125,390200,-0.005009160501835
2013-03-13,1999.72998046875,1994.7900390625,1999.72998046875,1988.18994140625,353000,0.0032005550561815
2013-03-14,2002.1300048828125,2000.0699462890625,2002.1300048828125,1978.5699462890625,330900,0.0011994546089013
2013-03-15,1986.5,2009.7099609375,2009.7099609375,1985.9100341796875,307400,-0.0078373200160661
2013-03-18,1968.1800537109373,1974.7099609375,1982.9200439453125,1968.1800537109373,304300,-0.0092650111206972
2013-03-19,1978.56005859375,1978.4100341796875,1989.4599609375,1973.22998046875,326800,0.0052600518505878
2013-03-20,1959.4100341796875,1969.18994140625,1978.1700439453125,1959.4000244140625,332900,-0.0097259120400149
2013-03-21,1950.8199462890625,1969.300048828125,1973.260009765625,1950.8199462890625,262900,-0.0043936554894544
2013-03-22,1948.7099609375,1949.030029296875,1956.3299560546875,1946.050048828125,259600,-0.0010821743172527
2013-03-25,1977.6700439453125,1968.8499755859373,1981.75,1968.1400146484373,276300,0.0147518111599905
2013-03-26,1983.699951171875,1976.81005859375,1990.22998046875,1975.5999755859373,298800,0.0030443568215779
2013-03-27,1993.43994140625,1991.9100341796875,1996.56005859375,1973.719970703125,362600,0.0048979970378771
2013-03-28,1993.52001953125,1989.699951171875,1995.31005859375,1985.449951171875,367700,4.017001715350385e-05
2013-03-29,2004.8900146484373,2007.1199951171875,2013.2099609375,2003.9599609375,341600,0.0056872735246892
2013-04-01,1995.989990234375,2009.93994140625,2010.1500244140625,1994.5400390625,269200,-0.0044490407529137
2013-04-02,1986.1500244140625,1996.81005859375,2001.780029296875,1973.27001953125,496100,-0.0049420592001669
2013-04-03,1983.219970703125,1990.7099609375,1992.4000244140625,1972.02001953125,396400,-0.0014763321367
2013-04-04,1959.449951171875,1963.3900146484373,1965.18994140625,1938.8900146484373,415400,-0.0120579749279494
2013-04-05,1927.22998046875,1948.3299560546875,1952.0999755859373,1916.77001953125,372700,-0.0165800680110856
2013-04-08,1918.68994140625,1927.0400390625,1933.949951171875,1918.68994140625,313300,-0.0044410977204361
2013-04-09,1920.739990234375,1918.1300048828125,1934.739990234375,1901.9599609375,356600,0.0010678924004068
2013-04-10,1935.5799560546875,1933.72998046875,1939.18994140625,1923.4300537109373,320200,0.0076964770981938
2013-04-11,1949.800048828125,1944.530029296875,1949.800048828125,1926.5400390625,386600,0.0073198277893441
2013-04-12,1924.22998046875,1954.219970703125,1956.2099609375,1919.9000244140625,407400,-0.0132009506874225
2013-04-15,1920.449951171875,1916.06005859375,1927.719970703125,1907.3499755859373,332900,-0.0019663694154395
2013-04-16,1922.2099609375,1900.1800537109373,1926.6500244140625,1896.68994140625,393100,0.0009160372913309
2013-04-17,1923.8399658203125,1934.6099853515625,1934.8199462890625,1910.780029296875,415300,0.00084762549184
2013-04-18,1900.06005859375,1916.550048828125,1919.530029296875,1900.050048828125,343500,-0.0124376754769751
2013-04-19,1906.75,1899.3499755859373,1910.239990234375,1888.300048828125,331300,0.0035147266032106
2013-04-22,1926.31005859375,1903.969970703125,1926.31005859375,1901.97998046875,258800,0.0102060641272834
2013-04-23,1918.6300048828125,1924.4300537109373,1924.7900390625,1908.77001953125,260500,-0.0039948939635411
2013-04-24,1935.31005859375,1931.06005859375,1939.3499755859373,1921.030029296875,341100,0.0086561584185693
2013-04-25,1951.5999755859373,1937.8800048828125,1951.6600341796875,1935.81005859375,335000,0.0083819858052547
2013-04-26,1944.56005859375,1949.9200439453125,1951.8599853515625,1942.3699951171875,280200,-0.0036137759187699
2013-04-29,1940.699951171875,1948.8699951171875,1948.969970703125,1934.6800537109373,266000,-0.0019870529551534
2013-04-30,1963.949951171875,1947.0699462890625,1967.06005859375,1946.989990234375,403100,0.0119090189216769
2013-05-02,1957.2099609375,1961.6700439453125,1966.6800537109373,1954.280029296875,349700,-0.0034377566961359
2013-05-03,1965.7099609375,1967.8800048828125,1968.0400390625,1953.4000244140625,312500,0.0043335135415994
2013-05-06,1961.47998046875,1977.43994140625,1983.6400146484373,1960.1400146484373,294900,-0.0021542029632698
2013-05-07,1954.3499755859373,1962.280029296875,1962.8699951171875,1951.27001953125,299900,-0.0036416355369765
2013-05-08,1956.449951171875,1961.72998046875,1964.0799560546875,1952.3800048828125,337900,0.0010739367020039
2013-05-09,1979.449951171875,1963.6099853515625,1982.3199462890625,1961.5,332600,0.0116874221289994
2013-05-10,1944.75,1975.47998046875,1975.47998046875,1944.75,283800,-0.0176855695690052
2013-05-13,1948.699951171875,1936.8599853515625,1948.699951171875,1935.5699462890625,251600,0.0020290244264363
2013-05-14,1968.8299560546875,1954.3900146484373,1972.5,1954.1300048828125,328500,0.0102769768351604
2013-05-15,1971.260009765625,1971.9599609375,1972.43994140625,1963.52001953125,247000,0.001233501793174
2013-05-16,1986.81005859375,1980.030029296875,1991.97998046875,1980.030029296875,322200,0.0078574297894914
2013-05-20,1982.4300537109373,1990.3599853515625,1991.27001953125,1982.4300537109373,274400,-0.0022069749053759
2013-05-21,1981.0899658203125,1994.02001953125,1995.0999755859373,1976.1700439453125,245800,-0.0006762110119718
2013-05-22,1993.8299560546875,1991.760009765625,1998.699951171875,1987.22998046875,326400,0.0064102090655521
2013-05-23,1969.18994140625,1985.9100341796875,1991.3499755859373,1969.18994140625,342900,-0.0124351291678009
2013-05-24,1973.449951171875,1979.3499755859373,1979.9300537109373,1961.5899658203125,273600,0.0021609944298801
2013-05-27,1979.969970703125,1974.5899658203125,1984.1300048828125,1971.530029296875,256100,0.0032984229205888
2013-05-28,1986.219970703125,1983.5799560546875,1991.199951171875,1978.8900146484373,311400,0.0031516418858854
2013-05-29,2001.199951171875,1993.68994140625,2009.4300537109373,1992.6800537109373,362600,0.0075136560667232
2013-05-30,2000.0999755859373,1999.8299560546875,2008.22998046875,1997.8399658203125,435700,-0.0005498091289239
2013-05-31,2001.050048828125,2009.25,2013.2900390625,2000.8199462890625,397500,0.0004749000933463
2013-06-03,1989.5699462890625,1993.1099853515625,2000.56005859375,1989.510009765625,333500,-0.0057535592075094
2013-06-04,1989.510009765625,1998.3800048828125,1999.72998046875,1979.4200439453125,334900,-3.012582009104419e-05
2013-06-05,1959.18994140625,1988.93994140625,1989.2900390625,1959.18994140625,340500,-0.0153572895577796
2013-06-07,1923.8499755859373,1953.8299560546875,1954.8199462890625,1923.8399658203125,341100,-0.0182027186754308
2013-06-10,1932.699951171875,1927.18994140625,1934.9200439453125,1923.5899658203125,271700,0.0045895898089806
2013-06-11,1920.6800537109373,1933.0999755859373,1933.3399658203125,1910.050048828125,288200,-0.0062386457763925
2013-06-12,1909.9100341796875,1913.5999755859373,1921.5400390625,1907.2900390625,253400,-0.0056231795432332
2013-06-13,1882.72998046875,1905.0999755859373,1911.0400390625,1881.239990234375,306400,-0.0143332976157141
2013-06-14,1889.239990234375,1895.77001953125,1896.5999755859373,1881.5,279300,0.003451785820136
2013-06-17,1883.0999755859373,1889.449951171875,1897.699951171875,1878.4000244140625,264400,-0.0032552845852448
2013-06-18,1900.6199951171875,1887.719970703125,1900.6300048828125,1872.699951171875,278600,0.0092608041187544
2013-06-19,1888.31005859375,1899.5,1899.5,1883.4100341796875,279800,-0.0064978659736043
2013-06-20,1850.489990234375,1864.3699951171875,1873.1800537109373,1844.4100341796875,355800,-0.0202318165825092
2013-06-21,1822.8299560546875,1806.4000244140625,1823.989990234375,1806.02001953125,290500,-0.0150602492472258
2013-06-24,1799.010009765625,1821.219970703125,1821.219970703125,1798.97998046875,220900,-0.0131536953350776
2013-06-25,1780.6300048828125,1790.3299560546875,1807.6199951171875,1770.530029296875,332200,-0.0102692820138867
2013-06-26,1783.449951171875,1799.739990234375,1799.739990234375,1772.489990234375,296900,0.0015824262711715
2013-06-27,1834.699951171875,1809.550048828125,1839.52001953125,1809.4000244140625,286300,0.0283312905065978
2013-06-28,1863.3199462890625,1844.5999755859373,1864.0899658203125,1844.5999755859373,251100,0.0154788602239838
2013-07-01,1855.72998046875,1851.5699462890625,1866.6300048828125,1850.030029296875,220900,-0.0040816748939819
2013-07-02,1855.02001953125,1861.260009765625,1867.1800537109373,1850.2900390625,483200,-0.0003826509175572
2013-07-03,1824.6600341796875,1854.2900390625,1860.4599609375,1823.0999755859373,405800,-0.0165018011608763
2013-07-04,1839.1400146484373,1830.489990234375,1840.3800048828125,1825.6199951171875,313000,0.0079043919795926
2013-07-05,1833.31005859375,1848.969970703125,1857.3900146484373,1828.75,285600,-0.0031749708427846
2013-07-08,1816.8499755859373,1830.81005859375,1840.5699462890625,1809.719970703125,303600,-0.0090188892683927
2013-07-09,1830.3499755859373,1828.6300048828125,1831.3499755859373,1815.030029296875,257900,0.007402973149371
2013-07-10,1824.1600341796875,1835.93994140625,1836.9100341796875,1818.93994140625,267900,-0.0033875662177152
2013-07-11,1877.5999755859373,1840.3399658203125,1877.5999755859373,1840.3399658203125,331500,0.0288747267113812
2013-07-12,1869.97998046875,1873.6600341796875,1873.6600341796875,1863.4000244140625,266000,-0.0040666273743686
2013-07-15,1875.1600341796875,1870.260009765625,1877.4599609375,1847.8199462890625,330000,0.0027662821651315
2013-07-16,1866.3599853515625,1875.530029296875,1875.6800537109373,1860.3699951171875,303300,-0.0047040053289714
2013-07-17,1887.489990234375,1871.2900390625,1894.699951171875,1856.550048828125,382900,0.0112578969262293
2013-07-18,1875.47998046875,1883.0699462890625,1885.010009765625,1870.780029296875,380300,-0.0063832826939299
2013-07-19,1871.4100341796875,1880.43994140625,1881.4000244140625,1861.4300537109373,319600,-0.0021724405433979
2013-07-22,1880.3499755859373,1880.81005859375,1894.4100341796875,1873.1700439453125,356900,0.0047657410407471
2013-07-23,1904.1500244140625,1890.550048828125,1904.1500244140625,1885.5699462890625,352400,0.0125778108568659
2013-07-24,1912.0799560546875,1904.0699462890625,1914.4100341796875,1901.1500244140625,322200,0.0041559041749146
2013-07-25,1909.6099853515625,1906.5699462890625,1913.9100341796875,1904.43994140625,312000,-0.001292606718443
2013-07-26,1910.81005859375,1912.050048828125,1915.969970703125,1902.469970703125,320200,0.0006282415377651
2013-07-29,1899.8900146484373,1908.6600341796875,1912.5699462890625,1899.02001953125,337600,-0.0057312691246789
2013-07-30,1917.050048828125,1901.8800048828125,1917.1099853515625,1900.5400390625,366900,0.0089915741445267
2013-07-31,1914.030029296875,1915.469970703125,1920.5999755859373,1910.8199462890625,384100,-0.0015765894187642
2013-08-01,1920.739990234375,1916.56005859375,1925.3199462890625,1906.739990234375,336100,0.003499541172628
2013-08-02,1923.3800048828125,1936.260009765625,1939.280029296875,1920.97998046875,298200,0.0013735341596227
2013-08-05,1916.219970703125,1920.8299560546875,1925.5999755859373,1915.68994140625,234000,-0.0037295773126026
2013-08-06,1906.6199951171875,1914.06005859375,1914.06005859375,1895.8699951171875,294600,-0.0050224418765359
2013-08-07,1878.3299560546875,1892.469970703125,1895.5,1878.3299560546875,312400,-0.0149489775353988
2013-08-08,1883.969970703125,1884.5799560546875,1896.0699462890625,1879.1300048828125,338200,0.0029981761066913
2013-08-09,1880.7099609375,1884.5699462890625,1888.7900390625,1876.0699462890625,283500,-0.0017318925590882
2013-08-12,1884.8299560546875,1878.5,1894.4200439453125,1878.3299560546875,297500,0.0021882634905259
2013-08-13,1913.030029296875,1893.4200439453125,1913.030029296875,1890.780029296875,362600,0.0148507799827871
2013-08-14,1923.9100341796875,1912.5899658203125,1925.0999755859373,1908.9200439453125,363300,0.0056712035442448
2013-08-16,1920.1099853515625,1903.719970703125,1927.5899658203125,1901.699951171875,348500,-0.0019771229320803
2013-08-19,1917.6400146484373,1917.3199462890625,1918.7099609375,1909.800048828125,302100,-0.0012871974694347
2013-08-20,1887.8499755859373,1910.300048828125,1923.4200439453125,1885.9300537109373,350400,-0.015656668484549
2013-08-21,1867.4599609375,1891.010009765625,1894.739990234375,1863.5999755859373,411200,-0.010859404613686
2013-08-22,1849.1199951171875,1847.93994140625,1858.5,1838.52001953125,425900,-0.0098693502642446
2013-08-23,1870.1600341796875,1861.5799560546875,1876.1400146484373,1854.6700439453125,375000,0.0113141593756092
2013-08-26,1887.8599853515625,1876.5899658203125,1890.3800048828125,1876.5899658203125,316300,0.0094198976922296
2013-08-27,1885.8399658203125,1883.7099609375,1896.6300048828125,1881.43994140625,409300,-0.0010705778150473
2013-08-28,1884.52001953125,1862.510009765625,1885.3499755859373,1861.56005859375,378300,-0.0007001699297227
2013-08-29,1907.5400390625,1892.030029296875,1914.9000244140625,1891.5899658203125,301700,0.0121413173629394
2013-08-30,1926.3599853515625,1918.9100341796875,1926.3699951171875,1910.3699951171875,300900,0.0098177299025925
2013-09-02,1924.81005859375,1925.3199462890625,1932.4599609375,1921.010009765625,244000,-0.0008049121819122
2013-09-03,1933.739990234375,1934.239990234375,1940.989990234375,1928.0899658203125,300100,0.0046286545312872
2013-09-04,1933.030029296875,1929.5999755859373,1938.260009765625,1921.9300537109373,284200,-0.0003672113634334
2013-09-05,1951.6500244140625,1943.6600341796875,1954.2099609375,1937.8199462890625,286700,0.0095864459659825
2013-09-06,1955.31005859375,1954.1099853515625,1962.1500244140625,1949.010009765625,325000,0.0018735974632951
2013-09-09,1974.6700439453125,1964.0899658203125,1974.6700439453125,1962.6199951171875,270700,0.0098525394309433
2013-09-10,1994.06005859375,1978.0799560546875,1994.06005859375,1974.5899658203125,264300,0.0097714727027584
2013-09-11,2003.8499755859373,1995.9599609375,2003.8499755859373,1987.4000244140625,299400,0.0048975271963141
2013-09-12,2004.06005859375,2004.6700439453125,2017.47998046875,1995.1600341796875,359300,0.0001048341934891
2013-09-13,1994.3199462890625,1994.949951171875,2004.8699951171875,1992.260009765625,253900,-0.0048720389554505
2013-09-16,2013.3699951171875,2011.68994140625,2018.02001953125,2004.449951171875,248500,0.0095068194318605
2013-09-17,2005.5799560546875,2009.31005859375,2009.31005859375,1994.31005859375,264700,-0.0038766587855942
2013-09-23,2009.4100341796875,2000.719970703125,2015.1800537109373,1994.77001953125,249500,0.0019078898309187
2013-09-24,2007.0999755859373,2001.510009765625,2011.1099853515625,1990.3599853515625,309400,-0.0011502816339787
2013-09-25,1998.06005859375,2004.530029296875,2006.8800048828125,1988.8699951171875,294800,-0.0045141428886409
2013-09-26,2007.3199462890625,1992.0999755859373,2007.3199462890625,1991.0999755859373,255600,0.0046237331694915
2013-09-27,2011.800048828125,2012.260009765625,2016.3399658203125,2008.25,282300,0.0022293956886536
2013-09-30,1996.9599609375,2002.02001953125,2005.4100341796875,1994.219970703125,292800,-0.0074038633619412
2013-10-01,1998.8699951171875,1997.6199951171875,2012.52001953125,1991.219970703125,281300,0.0009560138174891
2013-10-02,1999.469970703125,2012.0699462890625,2012.8199462890625,1999.02001953125,238300,0.0003001123444076
2013-10-04,1996.97998046875,1999.9200439453125,2004.6500244140625,1985.6300048828125,241100,-0.0012461012083201
2013-10-07,1994.4200439453125,1997.1700439453125,2002.6099853515625,1991.02001953125,249800,-0.0012827262909187
2013-10-08,2002.760009765625,1987.969970703125,2002.780029296875,1981.2099609375,329600,0.0041729308214655
2013-10-10,2001.4000244140625,2000.9100341796875,2010.0,1997.6600341796875,222700,-0.0006792862384362
2013-10-11,2024.9000244140625,2018.010009765625,2028.1099853515625,2012.6600341796875,254300,0.0116733808072981
2013-10-14,2020.27001953125,2026.0699462890625,2026.7900390625,2019.6500244140625,220700,-0.0022891531650675
2013-10-15,2040.9599609375,2034.68994140625,2045.5,2033.8399658203125,233600,0.0101890907452816
2013-10-16,2034.6099853515625,2040.030029296875,2049.5,2033.75,267500,-0.0031161191234183
2013-10-17,2040.6099853515625,2051.18994140625,2052.43994140625,2035.9599609375,306900,0.0029446284512501
2013-10-18,2052.39990234375,2046.56005859375,2052.39990234375,2041.3599853515625,257600,0.0057610169161264
2013-10-21,2053.010009765625,2054.159912109375,2060.179931640625,2047.8299560546875,281900,0.0002972211980913
2013-10-22,2056.1201171875,2051.010009765625,2056.1201171875,2045.449951171875,378800,0.0015137549406692
2013-10-23,2035.75,2062.81005859375,2063.280029296875,2035.75,368000,-0.0099564672778383
2013-10-24,2046.68994140625,2034.9599609375,2046.68994140625,2027.9300537109373,254900,0.0053595240837744
2013-10-25,2034.3900146484373,2047.4599609375,2047.4599609375,2023.8199462890625,234800,-0.0060277985889665
2013-10-28,2048.139892578125,2037.280029296875,2048.139892578125,2030.9000244140625,257500,0.0067359849074506
2013-10-29,2051.760009765625,2046.6700439453125,2053.780029296875,2039.4599609375,307700,0.0017659543962217
2013-10-30,2059.580078125,2055.0,2059.580078125,2043.9300537109373,263400,0.003804150288185
2013-10-31,2030.0899658203125,2050.9599609375,2055.590087890625,2030.0899658203125,254500,-0.0144220062420079
2013-11-01,2039.4200439453125,2037.25,2041.22998046875,2030.5699462890625,294200,0.0045853650440099
2013-11-04,2025.1700439453125,2035.0799560546875,2035.8399658203125,2022.9100341796875,235200,-0.0070118059020736
2013-11-05,2013.9300537109373,2027.6199951171875,2029.5999755859373,2010.199951171875,257800,-0.0055656056927198
2013-11-06,2013.6700439453125,2015.3199462890625,2023.52001953125,2011.4100341796875,273700,-0.000129113993287
2013-11-07,2004.0400390625,2014.8499755859373,2017.550048828125,2000.5999755859373,310900,-0.0047937870705553
2013-11-08,1984.8699951171875,1987.2099609375,1998.5899658203125,1984.8599853515625,287300,-0.009611744244518
2013-11-11,1977.300048828125,1995.8599853515625,1995.8599853515625,1973.050048828125,286200,-0.0038211159116272
2013-11-12,1995.47998046875,1983.93994140625,2000.4100341796875,1983.8900146484373,247400,0.009152310678951
2013-11-13,1963.56005859375,1993.1600341796875,1993.1600341796875,1963.56005859375,251500,-0.0161254310307037
2013-11-14,1967.56005859375,1980.199951171875,1981.8900146484373,1963.4200439453125,323100,0.0020350440898406
2013-11-15,2005.6400146484373,1980.989990234375,2006.31005859375,1980.989990234375,264700,0.0191689929459713
2013-11-18,2010.81005859375,2014.239990234375,2018.1700439453125,2009.760009765625,314000,0.0025744359852611
2013-11-19,2031.6400146484373,2009.949951171875,2033.9100341796875,2009.469970703125,402800,0.0103057007681131
2013-11-20,2017.239990234375,2028.3399658203125,2029.6099853515625,2010.739990234375,334800,-0.0071131202270865
2013-11-21,1993.780029296875,2013.7099609375,2013.7099609375,1985.6500244140625,292700,-0.0116978864954447
2013-11-22,2006.22998046875,2002.1500244140625,2011.199951171875,1992.47998046875,351000,0.0062249801099558
2013-11-25,2015.97998046875,2020.0,2031.1099853515625,2015.97998046875,295500,0.0048480905729275
2013-11-26,2022.6400146484373,2008.18994140625,2022.6600341796875,1998.9000244140625,275300,0.0032981762211054
2013-11-27,2028.81005859375,2016.280029296875,2028.81005859375,2010.8399658203125,284100,0.0030458470936689
2013-11-28,2045.77001953125,2039.72998046875,2047.6600341796875,2037.72998046875,276300,0.0083248131387903
2013-11-29,2044.8699951171875,2044.8499755859373,2050.699951171875,2038.4599609375,245400,-0.0004400408862
2013-12-02,2030.780029296875,2050.449951171875,2052.8798828125,2029.0999755859373,229700,-0.0069142452707498
2013-12-03,2009.3599853515625,2023.6199951171875,2028.0699462890625,2008.550048828125,294900,-0.0106037140152838
2013-12-04,1986.800048828125,1998.68994140625,2006.7099609375,1986.800048828125,230300,-0.0112909272907827
2013-12-05,1984.77001953125,1993.72998046875,1994.3199462890625,1971.43994140625,217700,-0.0010222805785748
2013-12-06,1980.4100341796875,1982.989990234375,1990.550048828125,1980.4000244140625,201900,-0.0021991370125197
2013-12-09,2000.3800048828125,2000.52001953125,2003.969970703125,1997.5799560546875,230300,0.0100332537169444
2013-12-10,1993.449951171875,2000.030029296875,2001.3299560546875,1989.4100341796875,201000,-0.0034703834376526
2013-12-11,1977.969970703125,1987.219970703125,2000.1500244140625,1972.8699951171875,231400,-0.0077957300767926
2013-12-12,1967.9300537109373,1966.43994140625,1970.510009765625,1958.989990234375,255100,-0.0050887952538401
2013-12-13,1962.9100341796875,1963.0400390625,1963.81005859375,1947.43994140625,234100,-0.002554172720405
2013-12-16,1961.1500244140625,1960.5999755859373,1970.25,1956.6300048828125,213500,-0.0008970351408306
2013-12-17,1965.739990234375,1977.93994140625,1979.6199951171875,1962.219970703125,253900,0.0023377114681069
2013-12-18,1974.6300048828125,1971.8499755859373,1982.4200439453125,1966.1800537109373,258700,0.0045122817112853
2013-12-19,1975.6500244140625,1996.7900390625,1997.02001953125,1969.949951171875,255800,0.0005164289854669
2013-12-20,1983.3499755859373,1973.1199951171875,1984.43994140625,1972.5899658203125,247100,0.0038898514174454
2013-12-23,1996.8900146484373,1993.449951171875,2000.0699462890625,1989.0,223000,0.0068036557223073
2013-12-24,2001.5899658203125,2000.239990234375,2007.3399658203125,1994.3399658203125,214700,0.0023508700102995
2013-12-26,1999.300048828125,2004.25,2009.9599609375,1997.3399658203125,230500,-0.0011447039203038
2013-12-27,2002.280029296875,1994.050048828125,2004.550048828125,1987.5799560546875,207800,0.0014894021668685
2013-12-30,2011.3399658203125,2004.3199462890625,2011.3399658203125,1998.6099853515625,172200,0.0045146037355254
2014-01-02,1967.18994140625,2013.1099853515625,2013.8900146484373,1967.18994140625,207800,-0.0221950508664578
2014-01-03,1946.1400146484373,1963.719970703125,1964.6300048828125,1936.1500244140625,188500,-0.0107581676051548
2014-01-06,1953.280029296875,1947.6199951171875,1961.8499755859373,1943.739990234375,193600,0.0036620946435592
2014-01-07,1959.43994140625,1947.6500244140625,1965.739990234375,1947.0799560546875,193000,0.0031486624366934
2014-01-08,1958.9599609375,1965.5,1966.949951171875,1950.02001953125,217100,-0.0002449879966889
2014-01-09,1946.1099853515625,1962.300048828125,1964.5899658203125,1946.1099853515625,276400,-0.0065811993857671
2014-01-10,1938.5400390625,1949.530029296875,1956.969970703125,1931.1600341796875,263000,-0.0038973682691859
2014-01-13,1948.9200439453125,1947.3800048828125,1954.0699462890625,1942.8299560546875,267900,0.0053402629632685
2014-01-14,1946.0699462890625,1942.7900390625,1961.72998046875,1939.31005859375,244100,-0.0014634688007294
2014-01-15,1953.280029296875,1956.4300537109373,1956.8399658203125,1945.8699951171875,250900,0.0036980990524094
2014-01-16,1957.3199462890625,1957.9100341796875,1965.27001953125,1955.7900390625,379600,0.0020661373981402
2014-01-17,1944.47998046875,1958.5,1962.6400146484373,1943.1300048828125,260900,-0.006581584094847
2014-01-20,1953.780029296875,1945.989990234375,1955.280029296875,1934.3800048828125,279500,0.0047713936211109
2014-01-21,1963.8900146484373,1955.260009765625,1965.4300537109373,1949.56005859375,289300,0.005161234959004
2014-01-22,1970.4200439453125,1960.4599609375,1970.4200439453125,1959.5699462890625,243900,0.0033195326224842
2014-01-23,1947.5899658203125,1968.77001953125,1969.0400390625,1947.010009765625,229400,-0.0116540470595435
2014-01-24,1940.56005859375,1941.550048828125,1947.010009765625,1924.489990234375,279200,-0.0036160718298731
2014-01-27,1910.3399658203125,1905.9100341796875,1918.6800537109373,1899.760009765625,340400,-0.0156954026132569
2014-01-28,1916.9300537109373,1907.1800537109373,1919.260009765625,1904.050048828125,270500,0.0034437572316048
2014-01-29,1941.1500244140625,1925.9300537109373,1941.7099609375,1925.52001953125,219900,0.0125556175033404
2014-02-03,1919.9599609375,1930.0899658203125,1931.81005859375,1917.6400146484373,229600,-0.0109762613869006
2014-02-04,1886.8499755859373,1894.9599609375,1898.0799560546875,1885.530029296875,251000,-0.0173955731120684
2014-02-05,1891.3199462890625,1897.949951171875,1901.4000244140625,1888.469970703125,244000,0.0023662105628657
2014-02-06,1907.8900146484373,1897.3499755859373,1910.9100341796875,1897.3499755859373,259400,0.0087229574557001
2014-02-07,1922.5,1922.449951171875,1923.25,1910.9000244140625,273000,0.0076284953473007
2014-02-10,1923.300048828125,1928.1300048828125,1928.3900146484373,1916.4000244140625,208000,0.0004160636692019
2014-02-11,1932.06005859375,1924.449951171875,1935.2900390625,1920.550048828125,226400,0.0045443354689446
2014-02-12,1935.8399658203125,1942.22998046875,1942.22998046875,1933.5400390625,225400,0.0019545016189654
2014-02-13,1926.9599609375,1936.6199951171875,1944.72998046875,1924.3900146484373,187900,-0.0045977118639407
2014-02-14,1940.280029296875,1930.1400146484373,1946.81005859375,1930.1400146484373,216600,0.0068886963660557
2014-02-17,1946.3599853515625,1951.739990234375,1955.0400390625,1942.93994140625,215500,0.0031286463326709
2014-02-18,1946.9100341796875,1946.8800048828125,1951.06005859375,1935.5999755859373,200400,0.000282563926481
2014-02-19,1942.9300537109373,1944.699951171875,1944.699951171875,1932.43994140625,213600,-0.002046347288157
2014-02-20,1930.5699462890625,1932.9000244140625,1941.1300048828125,1927.530029296875,232300,-0.0063819023481341
2014-02-21,1957.8299560546875,1948.030029296875,1957.8299560546875,1946.6800537109373,216300,0.0140214263242094
2014-02-24,1949.050048828125,1958.06005859375,1961.4100341796875,1943.8599853515625,193800,-0.004494595173698
2014-02-25,1964.8599853515625,1958.300048828125,1964.8599853515625,1955.699951171875,226000,0.008078889078243
2014-02-26,1970.77001953125,1963.449951171875,1973.8800048828125,1955.9200439453125,209100,0.0030033507289998
2014-02-27,1978.4300537109373,1969.8499755859373,1980.3699951171875,1965.699951171875,201100,0.0038792887895608
2014-02-28,1979.989990234375,1976.47998046875,1981.1500244140625,1972.6500244140625,252800,0.0007881612294157
2014-03-03,1964.68994140625,1967.9000244140625,1969.1600341796875,1955.1099853515625,222600,-0.0077573470184594
2014-03-04,1954.1099853515625,1954.5799560546875,1963.56005859375,1952.6099853515625,200400,-0.0053996029182028
2014-03-05,1971.239990234375,1973.280029296875,1977.300048828125,1970.280029296875,197700,0.0087279420851015
2014-03-06,1975.6199951171875,1973.6700439453125,1975.6199951171875,1968.1700439453125,193700,0.0022194892634188
2014-03-07,1974.6800537109373,1979.699951171875,1983.530029296875,1968.6600341796875,231600,-0.0004758835594109
2014-03-10,1954.4200439453125,1967.6300048828125,1967.6600341796875,1951.9599609375,214900,-0.0103128903951141
2014-03-11,1963.8699951171875,1957.219970703125,1963.8699951171875,1951.199951171875,247500,0.0048235170953598
2014-03-12,1932.5400390625,1957.6700439453125,1958.0899658203125,1930.47998046875,329900,-0.0160817937539378
2014-03-13,1934.3800048828125,1940.3499755859373,1946.280029296875,1931.75,259600,0.00095164417069
2014-03-14,1919.9000244140625,1916.0699462890625,1927.8900146484373,1913.6400146484373,254000,-0.0075137501596331
2014-03-17,1927.530029296875,1921.1500244140625,1928.4300537109373,1919.6099853515625,214900,0.0039662916694481
2014-03-18,1940.2099609375,1941.1199951171875,1946.1400146484373,1931.8299560546875,274300,0.0065567887707166
2014-03-19,1937.6800537109373,1947.3399658203125,1948.1500244140625,1935.27001953125,249100,-0.001304785631325
2014-03-20,1919.52001953125,1934.1500244140625,1934.6300048828125,1919.3699951171875,220600,-0.0094162439155818
2014-03-21,1934.93994140625,1930.239990234375,1935.1800537109373,1927.8499755859373,252900,0.008001123007559
2014-03-24,1945.550048828125,1937.06005859375,1950.5400390625,1937.06005859375,228300,0.0054684505765551
2014-03-25,1941.25,1940.9000244140625,1946.0899658203125,1936.6199951171875,225200,-0.0022126430629051
2014-03-26,1964.31005859375,1954.5999755859373,1965.43994140625,1953.68994140625,248900,0.0118089729656178
2014-03-27,1977.969970703125,1963.6600341796875,1979.699951171875,1963.0999755859373,218100,0.0069299829923508
2014-03-28,1981.0,1972.6300048828125,1985.5,1971.25,244600,0.0015307162776853
2014-03-31,1985.6099853515625,1988.72998046875,1989.800048828125,1973.050048828125,241000,0.0023243966228911
2014-04-01,1991.97998046875,1983.780029296875,1991.97998046875,1976.06005859375,214600,0.003202944807113
2014-04-02,1997.25,2000.1300048828125,2001.260009765625,1995.0799560546875,220900,0.0026421252335959
2014-04-03,1993.699951171875,1999.4200439453125,2007.8800048828125,1992.1600341796875,225700,-0.0017790500045802
2014-04-04,1988.0899658203125,1987.8399658203125,1993.9599609375,1985.760009765625,225600,-0.0028178227282259
2014-04-07,1989.699951171875,1984.2900390625,1992.1800537109373,1978.6300048828125,186400,0.0008094874154111
2014-04-08,1993.030029296875,1977.6099853515625,1994.5799560546875,1977.6099853515625,218100,0.0016722594388092
2014-04-09,1998.949951171875,1997.97998046875,2001.1500244140625,1992.1199951171875,233700,0.0029659097708768
2014-04-10,2008.6099853515625,2007.7099609375,2008.97998046875,1995.7900390625,232400,0.0048209149916344
2014-04-11,1997.43994140625,1985.280029296875,1997.43994140625,1985.1600341796875,218100,-0.00557660193814
2014-04-14,1997.02001953125,1993.81005859375,2001.0,1993.0699462890625,205700,-0.0002102521395399
2014-04-15,1992.27001953125,2008.489990234375,2009.0400390625,1990.3399658203125,194500,-0.0023813772366724
2014-04-16,1992.2099609375,1994.31005859375,1995.8599853515625,1986.25,230700,-3.014626453089441e-05
2014-04-17,1992.050048828125,2000.469970703125,2001.2900390625,1984.97998046875,200200,-8.027192455755731e-05
2014-04-18,2004.280029296875,1998.52001953125,2005.219970703125,1998.260009765625,206500,0.0061206248781505
2014-04-21,1999.219970703125,2006.2099609375,2006.949951171875,1993.530029296875,205600,-0.0025278188026353
2014-04-22,2004.219970703125,2000.93994140625,2004.4200439453125,1991.469970703125,212000,0.0024978531827003
2014-04-23,2000.3699951171875,2010.06005859375,2013.0899658203125,1999.780029296875,241700,-0.0019227820101132
2014-04-24,1998.3399658203125,2006.3800048828125,2007.1700439453125,1993.1800537109373,235100,-0.0010153421934101
2014-04-25,1971.6600341796875,1996.6099853515625,1996.6400146484373,1971.6600341796875,208400,-0.0134409739573296
2014-04-28,1969.260009765625,1969.0400390625,1976.56005859375,1969.0400390625,168800,-0.0012180022350155
2014-04-29,1964.77001953125,1974.6700439453125,1976.1700439453125,1960.3599853515625,177600,-0.0022826425576382
2014-04-30,1961.7900390625,1973.56005859375,1974.3299560546875,1955.1500244140625,227300,-0.0015178583780262
2014-05-02,1959.43994140625,1966.2900390625,1968.5,1956.3199462890625,179500,-0.0011986534578867
2014-05-07,1939.8800048828125,1964.18994140625,1964.18994140625,1939.550048828125,193000,-0.010032570220232
2014-05-08,1950.5999755859373,1945.93994140625,1950.5999755859373,1934.719970703125,222400,0.0055108870305343
2014-05-09,1956.550048828125,1953.47998046875,1958.3399658203125,1949.6400146484373,205200,0.0030457380979345
2014-05-12,1964.93994140625,1956.260009765625,1966.6400146484373,1950.9100341796875,201600,0.0042789375467525
2014-05-13,1982.9300537109373,1973.0799560546875,1988.4100341796875,1969.5999755859373,242200,0.0091138952665381
2014-05-14,2010.8299560546875,1990.989990234375,2010.8499755859373,1990.7900390625,233900,0.013971974354903
2014-05-15,2010.199951171875,2007.8800048828125,2015.3699951171875,2006.3800048828125,259400,-0.0003133549874053
2014-05-16,2013.43994140625,2003.47998046875,2013.43994140625,1997.27001953125,232500,0.0016104775880324
2014-05-19,2015.1400146484373,2013.7900390625,2015.530029296875,2002.8900146484373,265600,0.0008440062561262
2014-05-20,2011.260009765625,2011.8499755859373,2014.4599609375,2004.3199462890625,248300,-0.0019272829625883
2014-05-21,2008.3299560546875,2003.47998046875,2015.6300048828125,2001.739990234375,224100,-0.0014578871252155
2014-05-22,2015.5899658203125,2015.4100341796875,2022.5899658203125,2011.5999755859373,231100,0.0036084304778197
2014-05-23,2017.1700439453125,2013.0899658203125,2017.9599609375,2011.760009765625,241800,0.0007836212430342
2014-05-26,2010.3499755859373,2016.2099609375,2020.9599609375,2008.1400146484373,196600,-0.0033867366742515
2014-05-27,1997.6300048828125,2014.8699951171875,2016.72998046875,1988.43994140625,221800,-0.006347343784691
2014-05-28,2017.06005859375,2000.260009765625,2017.06005859375,1997.8900146484373,210700,0.0096795543913687
2014-05-29,2012.260009765625,2020.6700439453125,2021.9599609375,2009.22998046875,228500,-0.0023825613340971
2014-05-30,1994.9599609375,2015.3699951171875,2019.1700439453125,1994.9599609375,247300,-0.0086344929589436
2014-06-02,2002.0,1998.81005859375,2006.9300537109373,1995.68994140625,265600,0.0035227004581149
2014-06-03,2008.56005859375,2006.31005859375,2008.56005859375,1990.719970703125,266700,0.0032713956895807
2014-06-05,1995.47998046875,2007.199951171875,2007.199951171875,1986.949951171875,222100,-0.0065334634646686
2014-06-09,1990.0400390625,2004.72998046875,2008.8599853515625,1986.530029296875,209600,-0.0027298544520374
2014-06-10,2011.800048828125,2000.8900146484373,2011.8699951171875,1996.2099609375,234900,0.0108751093230614
2014-06-11,2014.6700439453125,2009.510009765625,2016.780029296875,2006.72998046875,238000,0.0014255640981315
2014-06-12,2011.6500244140625,2013.5999755859373,2015.800048828125,2003.5699462890625,251900,-0.0015001391078375
2014-06-13,1990.8499755859373,2005.550048828125,2005.550048828125,1984.0400390625,223100,-0.010393622024077
2014-06-16,1993.5899658203125,1986.8599853515625,1995.8599853515625,1985.300048828125,233600,0.0013753454470774
2014-06-17,2001.550048828125,1994.8900146484373,2002.9599609375,1991.530029296875,236600,0.0039848883954134
2014-06-18,1989.489990234375,2002.260009765625,2002.260009765625,1987.030029296875,216900,-0.0060435852226057
2014-06-19,1992.030029296875,1994.22998046875,1999.1099853515625,1985.8900146484373,257900,0.0012759144219442
2014-06-20,1968.0699462890625,1990.7099609375,1990.72998046875,1965.1199951171875,232700,-0.0121008941849966
2014-06-23,1974.9200439453125,1975.0999755859373,1980.31005859375,1971.6099853515625,231700,0.0034745736432455
2014-06-24,1994.3499755859373,1976.239990234375,1998.31005859375,1976.239990234375,250600,0.009790257019524
2014-06-25,1981.77001953125,1992.68994140625,1993.5999755859373,1980.780029296875,336700,-0.006327775844799
2014-06-26,1995.050048828125,1983.0,1997.0799560546875,1982.47998046875,273500,0.0066787425290571
2014-06-27,1988.510009765625,1990.9000244140625,1997.010009765625,1983.8800048828125,218800,-0.003283517678784
2014-06-30,2002.2099609375,1996.1300048828125,2002.2099609375,1992.6500244140625,201100,0.0068659315068669
2014-07-01,1999.0,1993.2900390625,1999.0,1987.8900146484373,238900,-0.0016044954688621
2014-07-02,2015.280029296875,2008.0,2016.3599853515625,2002.4000244140625,318400,0.0081111025803893
2014-07-03,2010.969970703125,2015.989990234375,2015.989990234375,2007.8599853515625,259900,-0.0021409799392083
2014-07-04,2009.6600341796875,2018.3499755859373,2018.3499755859373,2005.8399658203125,241500,-0.000651607617809
2014-07-07,2005.1199951171875,2007.530029296875,2009.3199462890625,1998.030029296875,228300,-0.002261663635172
2014-07-08,2006.6600341796875,2003.550048828125,2009.219970703125,1997.8699951171875,259400,0.0007677585146253
2014-07-09,2000.5,1997.5699462890625,2000.8900146484373,1992.4200439453125,272700,-0.0030745161059356
2014-07-10,2002.8399658203125,2004.6300048828125,2006.5,1999.9599609375,327600,0.001169006932596
2014-07-11,1988.739990234375,1988.9300537109373,1993.4599609375,1985.530029296875,277000,-0.0070648887850873
2014-07-14,1993.8800048828125,1998.260009765625,2001.1099853515625,1993.5699462890625,270400,0.0025812241733389
2014-07-15,2012.719970703125,2004.9300537109373,2015.5400390625,2004.489990234375,361200,0.0094045349142626
2014-07-16,2013.47998046875,2015.6700439453125,2018.050048828125,2008.989990234375,315200,0.0003775320569613
2014-07-17,2020.9000244140625,2020.52001953125,2025.4100341796875,2018.77001953125,322700,0.0036784102156283
2014-07-18,2019.4200439453125,2007.1199951171875,2019.4200439453125,2006.010009765625,304500,-0.0007326055905983
2014-07-21,2018.5,2028.02001953125,2030.6099853515625,2016.4200439453125,274600,-0.0004557019213957
2014-07-22,2028.9300537109373,2021.1800537109373,2028.9300537109373,2017.760009765625,265900,0.0051539256566589
2014-07-23,2028.3199462890625,2032.72998046875,2035.239990234375,2025.0,353500,-0.0003007492397429
2014-07-24,2026.6199951171875,2032.93994140625,2034.719970703125,2021.219970703125,323600,-0.0008384594080455
2014-07-25,2033.8499755859373,2030.0400390625,2036.199951171875,2027.3299560546875,282800,0.0035611582706959
2014-07-28,2048.81005859375,2035.9599609375,2053.840087890625,2035.9599609375,349000,0.0073286288056561
2014-07-29,2061.969970703125,2054.030029296875,2065.9599609375,2053.409912109375,408800,0.0064026569030818
2014-07-30,2082.610107421875,2064.469970703125,2093.080078125,2062.8798828125,343300,0.00996014407357
2014-07-31,2076.1201171875,2081.75,2090.570068359375,2070.780029296875,383700,-0.0031211428260034
2014-08-01,2073.10009765625,2063.7099609375,2079.81005859375,2062.5400390625,272000,-0.0014557048834141
2014-08-04,2080.419921875,2080.77001953125,2083.050048828125,2067.169921875,253200,0.0035246401905998
2014-08-05,2066.260009765625,2076.169921875,2077.72998046875,2058.919921875,346800,-0.0068295443008764
2014-08-06,2060.72998046875,2062.929931640625,2068.080078125,2055.679931640625,377300,-0.002679935071181
2014-08-07,2054.510009765625,2062.239990234375,2063.530029296875,2047.75,292900,-0.0030228980347911
2014-08-08,2031.0999755859373,2049.510009765625,2051.06005859375,2026.56005859375,354800,-0.011459875251882
2014-08-11,2039.3699951171875,2048.179931640625,2048.179931640625,2037.800048828125,285800,0.0040634280414477
2014-08-12,2041.469970703125,2048.389892578125,2055.85009765625,2038.1400146484373,312800,0.001029188004866
2014-08-13,2062.360107421875,2046.6800537109373,2062.360107421875,2043.1099853515625,280700,0.0101808879803202
2014-08-14,2063.219970703125,2065.68994140625,2073.419921875,2056.06005859375,270800,0.000416844796328
2014-08-18,2053.1298828125,2070.949951171875,2073.050048828125,2053.1298828125,300400,-0.0049024540957376
2014-08-19,2071.139892578125,2065.18994140625,2074.429931640625,2064.340087890625,327100,0.0087337275333282
2014-08-20,2072.780029296875,2080.77001953125,2082.2099609375,2063.610107421875,315400,0.0007915871133202
2014-08-21,2044.2099609375,2067.6298828125,2068.219970703125,2041.9100341796875,307800,-0.0138793278877855
2014-08-22,2056.699951171875,2048.239990234375,2058.4599609375,2046.5400390625,277900,0.0060913451509993
2014-08-25,2060.889892578125,2049.159912109375,2062.22998046875,2044.199951171875,272000,0.0020351433782414
2014-08-26,2068.050048828125,2069.070068359375,2072.419921875,2065.14990234375,288900,0.0034682817038054
2014-08-27,2074.929931640625,2075.449951171875,2081.830078125,2070.77001953125,337600,0.0033212273141591
2014-08-28,2075.760009765625,2083.030029296875,2088.860107421875,2072.139892578125,305900,0.0003999711603535
2014-08-29,2068.5400390625,2070.72998046875,2073.030029296875,2060.139892578125,301400,-0.0034842930880684
2014-09-01,2067.860107421875,2067.800048828125,2072.590087890625,2062.300048828125,272500,-0.000328755257069
2014-09-02,2051.580078125,2065.969970703125,2066.0,2049.14990234375,323100,-0.0079040419668129
2014-09-03,2051.199951171875,2050.090087890625,2054.080078125,2040.43994140625,338000,-0.0001853021373304
2014-09-04,2056.260009765625,2059.050048828125,2065.27001953125,2050.7900390625,376400,0.0024638395512706
2014-09-05,2049.409912109375,2053.179931640625,2059.0400390625,2044.6800537109373,343400,-0.0033368995281443
2014-09-11,2034.1600341796875,2046.969970703125,2052.159912109375,2034.1300048828125,333400,-0.0074689298936781
2014-09-12,2041.8599853515625,2042.510009765625,2048.2099609375,2037.3699951171875,362700,0.0037781759139857
2014-09-15,2035.8199462890625,2039.030029296875,2040.0799560546875,2028.800048828125,297600,-0.0029624902303337
2014-09-16,2042.9200439453125,2039.9200439453125,2045.6500244140625,2036.22998046875,365700,0.0034815187263333
2014-09-17,2062.610107421875,2052.06005859375,2062.6201171875,2051.110107421875,351700,0.0095920447394311
2014-09-18,2047.739990234375,2058.2099609375,2063.260009765625,2044.1700439453125,394300,-0.0072354819943608
2014-09-19,2053.820068359375,2057.56005859375,2062.3701171875,2053.659912109375,397700,0.0029647658411508
2014-09-22,2039.27001953125,2053.300048828125,2053.300048828125,2032.3599853515625,323900,-0.0071095968098993
2014-09-23,2028.9100341796875,2028.9000244140625,2036.25,2025.1600341796875,427800,-0.005093190375114
2014-09-24,2035.6400146484373,2024.75,2036.260009765625,2019.9100341796875,332600,0.0033115530812493
2014-09-25,2034.1099853515625,2045.6600341796875,2046.260009765625,2030.0899658203125,325400,-0.0007519033694744
2014-09-26,2031.6400146484373,2019.1700439453125,2031.6500244140625,2018.699951171875,313500,-0.0012150137155431
2014-09-29,2026.5999755859373,2035.9300537109373,2036.43994140625,2021.3699951171875,339600,-0.0024838558911522
2014-09-30,2020.0899658203125,2023.1800537109373,2029.1700439453125,2007.300048828125,322800,-0.0032174520291161
2014-10-01,1991.5400390625,2013.469970703125,2013.469970703125,1989.8399658203125,351600,-0.0142338195412915
2014-10-02,1976.1600341796875,1984.4300537109373,1985.06005859375,1966.1700439453125,322700,-0.0077526434112841
2014-10-06,1968.3900146484373,1987.8900146484373,1988.3900146484373,1968.300048828125,325100,-0.003939627833199
2014-10-07,1972.9100341796875,1979.8299560546875,1982.9599609375,1966.219970703125,328200,0.0022936703406871
2014-10-08,1965.25,1957.9000244140625,1974.27001953125,1957.9000244140625,266200,-0.0038901638193386
2014-10-10,1940.9200439453125,1953.97998046875,1953.97998046875,1931.8800048828125,342800,-0.0124573535808765
2014-10-13,1927.2099609375,1919.47998046875,1932.3699951171875,1918.47998046875,308900,-0.0070887691996762
2014-10-14,1929.25,1933.449951171875,1940.2099609375,1926.8699951171875,335500,0.0010579854443993
2014-10-15,1925.9100341796875,1932.1099853515625,1938.8499755859373,1918.77001953125,310300,-0.0017327252961445
2014-10-16,1918.8299560546875,1911.449951171875,1922.93994140625,1904.77001953125,313600,-0.0036829986662883
2014-10-17,1900.6600341796875,1923.510009765625,1923.510009765625,1896.5400390625,362100,-0.0095143901350747
2014-10-20,1930.06005859375,1918.8399658203125,1933.1199951171875,1917.5400390625,344700,0.0153499086169152
2014-10-21,1915.280029296875,1923.6199951171875,1923.6199951171875,1911.030029296875,405900,-0.007687279535004
2014-10-22,1936.969970703125,1936.9100341796875,1936.989990234375,1924.2099609375,399100,0.0112610399719993
2014-10-23,1931.6500244140625,1932.4300537109373,1944.449951171875,1924.1400146484373,372800,-0.0027503087143239
2014-10-24,1925.68994140625,1942.4599609375,1942.719970703125,1916.8399658203125,419400,-0.0030902579516996
2014-10-27,1931.969970703125,1933.9100341796875,1939.25,1929.260009765625,408800,0.0032558779092515
2014-10-28,1925.6800537109373,1935.4599609375,1936.280029296875,1924.3699951171875,414600,-0.0032610125472246
2014-10-29,1961.1700439453125,1938.800048828125,1961.489990234375,1931.5899658203125,396600,0.0182620763205769
2014-10-30,1958.9300537109373,1956.9200439453125,1959.489990234375,1944.239990234375,311000,-0.0011428231026592
2014-10-31,1964.4300537109373,1963.260009765625,1967.0799560546875,1951.0699462890625,349400,0.0028037210209102
2014-11-03,1952.969970703125,1959.6600341796875,1961.0400390625,1947.8299560546875,344500,-0.0058508784545424
2014-11-04,1935.18994140625,1950.1500244140625,1956.72998046875,1928.52001953125,391700,-0.0091457931945287
2014-11-05,1931.4300537109373,1938.6099853515625,1944.5,1928.989990234375,332300,-0.0019447935846406
2014-11-06,1936.47998046875,1933.449951171875,1939.3199462890625,1923.050048828125,360600,0.0026111929091037
2014-11-07,1939.8699951171875,1935.75,1943.260009765625,1932.1700439453125,255400,0.0017490760813832
2014-11-10,1958.22998046875,1952.7900390625,1965.3499755859373,1952.7900390625,313300,0.0094200360349785
2014-11-11,1963.0,1957.8699951171875,1965.4100341796875,1956.22998046875,311400,0.0024329212557604
2014-11-12,1967.27001953125,1965.2099609375,1974.68994140625,1961.6600341796875,348500,0.0021728894910968
2014-11-13,1960.510009765625,1970.6400146484373,1973.3299560546875,1954.8800048828125,332600,-0.0034421563274075
2014-11-14,1945.1400146484373,1959.6400146484373,1959.6400146484373,1940.489990234375,314800,-0.0078706870127635
2014-11-17,1943.6300048828125,1941.8299560546875,1948.3299560546875,1935.949951171875,277500,-0.0007766002278007
2014-11-18,1967.010009765625,1951.9300537109373,1967.010009765625,1951.9300537109373,251300,0.0119572670253427
2014-11-19,1966.8699951171875,1974.4100341796875,1974.4100341796875,1959.2099609375,279600,-7.118399560878748e-05
2014-11-20,1958.0400390625,1960.719970703125,1962.68994140625,1952.43994140625,339200,-0.0044994513885441
2014-11-21,1964.8399658203125,1966.8900146484373,1969.4300537109373,1959.81005859375,345900,0.0034668068153492
2014-11-24,1978.5400390625,1982.47998046875,1985.1800537109373,1974.3699951171875,325400,0.0069484190444453
2014-11-25,1980.2099609375,1981.52001953125,1981.8499755859373,1973.800048828125,283200,0.0008436612435991
2014-11-26,1980.8399658203125,1984.8299560546875,1985.4300537109373,1972.949951171875,253300,0.000318099948132
2014-11-27,1982.0899658203125,1993.6500244140625,1994.8199462890625,1982.0799560546875,295500,0.0006308464005254
2014-11-28,1980.780029296875,1983.219970703125,1984.72998046875,1975.6600341796875,340700,-0.0006611049934827
2014-12-01,1965.219970703125,1971.949951171875,1971.969970703125,1962.1500244140625,334000,-0.0078865378831064
2014-12-02,1965.8299560546875,1959.4000244140625,1965.8299560546875,1954.4000244140625,317900,0.0003103422077172
2014-12-03,1969.9100341796875,1969.5699462890625,1973.9599609375,1964.77001953125,271100,0.0020733481361748
2014-12-04,1986.6099853515625,1976.300048828125,1988.56005859375,1976.0999755859373,244400,0.0084417873608355
2014-12-05,1986.6199951171875,1986.5999755859373,1989.1700439453125,1983.3599853515625,305500,5.038603692336671e-06
2014-12-08,1978.949951171875,1988.800048828125,1990.0400390625,1976.8900146484373,295100,-0.0038683234005165
2014-12-09,1970.949951171875,1977.050048828125,1977.1500244140625,1968.8499755859373,541200,-0.0040507411006807
2014-12-10,1945.56005859375,1964.0400390625,1966.1099853515625,1943.27001953125,367900,-0.0129657517568326
2014-12-11,1916.5899658203125,1930.4599609375,1937.22998046875,1916.489990234375,343600,-0.0150023359769566
2014-12-12,1921.7099609375,1921.6099853515625,1926.6700439453125,1915.0,363500,0.0026678468340899
2014-12-15,1920.3599853515625,1903.1199951171875,1920.4300537109373,1899.6099853515625,294400,-0.0007027335058263
2014-12-16,1904.1300048828125,1909.010009765625,1919.5999755859373,1901.1300048828125,369400,-0.008487446922162
2014-12-17,1900.1600341796875,1913.280029296875,1913.280029296875,1900.1600341796875,307300,-0.0020871027726382
2014-12-18,1897.5,1917.6700439453125,1919.239990234375,1881.72998046875,337300,-0.0014008808533496
2014-12-19,1929.97998046875,1920.75,1930.0799560546875,1914.27001953125,291800,0.0169723997612291
2014-12-22,1943.1199951171875,1938.1600341796875,1944.199951171875,1928.8900146484373,324500,0.006785296091167
2014-12-23,1939.02001953125,1942.1199951171875,1944.75,1936.75,300800,-0.0021122252648292
2014-12-24,1946.6099853515625,1940.760009765625,1947.3499755859373,1936.739990234375,283900,0.0039066897589765
2014-12-26,1948.1600341796875,1947.5999755859373,1954.77001953125,1944.219970703125,297000,0.0007959642814283
2014-12-29,1927.8599853515625,1937.27001953125,1941.3299560546875,1927.8299560546875,265800,-0.0104747830699704
2014-12-30,1915.5899658203125,1934.510009765625,1937.550048828125,1910.780029296875,256400,-0.006384920512374
2015-01-02,1926.43994140625,1914.239990234375,1929.1500244140625,1909.6700439453125,258800,0.00564805828756
2015-01-05,1915.75,1921.9599609375,1921.9599609375,1903.3699951171875,313400,-0.0055645187524584
2015-01-06,1882.449951171875,1895.47998046875,1900.02001953125,1877.3800048828125,303700,-0.0175350968927704
2015-01-07,1883.8299560546875,1878.9000244140625,1887.5999755859373,1876.27001953125,280500,0.0007328212339835
2015-01-08,1904.6500244140625,1895.8499755859373,1907.22998046875,1891.77001953125,262200,0.0109913622732104
2015-01-09,1924.699951171875,1919.800048828125,1929.0999755859373,1915.8499755859373,308800,0.0104718085869271
2015-01-12,1920.949951171875,1918.1800537109373,1924.6600341796875,1917.8800048828125,311900,-0.0019502561511426
2015-01-13,1917.1400146484373,1915.030029296875,1920.77001953125,1910.27001953125,339000,-0.0019853301036627
2015-01-14,1913.6600341796875,1919.31005859375,1925.6800537109373,1913.510009765625,297500,-0.0018168431563403
2015-01-15,1914.1400146484373,1914.06005859375,1919.68994140625,1908.5999755859373,266500,0.000250786595508
2015-01-16,1888.1300048828125,1907.0699462890625,1907.0699462890625,1885.6199951171875,298700,-0.0136815193829808
2015-01-19,1902.6199951171875,1902.81005859375,1912.4200439453125,1900.260009765625,281100,0.0076449572285401
2015-01-20,1918.31005859375,1908.6199951171875,1918.8499755859373,1907.969970703125,280900,0.008212739540347
2015-01-21,1921.22998046875,1917.3299560546875,1921.8800048828125,1909.8599853515625,300800,0.0015209751210807
2015-01-22,1920.8199462890625,1926.010009765625,1932.5,1916.56005859375,343100,-0.0002134455246864
2015-01-23,1936.0899658203125,1945.3599853515625,1945.3599853515625,1930.6500244140625,367700,0.0079183074868088
2015-01-26,1935.6800537109373,1928.260009765625,1936.4000244140625,1924.1400146484373,330600,-0.0002117440389481
2015-01-27,1952.4000244140625,1941.9000244140625,1952.4100341796875,1940.719970703125,467000,0.0086006838512459
2015-01-28,1961.5799560546875,1946.7099609375,1963.530029296875,1943.5899658203125,400900,0.0046908510106981
2015-01-29,1951.02001953125,1950.8299560546875,1960.1199951171875,1946.199951171875,391000,-0.0053979257937198
2015-01-30,1949.260009765625,1964.1300048828125,1964.1300048828125,1948.5999755859373,441500,-0.0009025043698746
2015-02-02,1952.6800537109373,1947.9100341796875,1956.0999755859373,1944.5799560546875,364800,0.0017529971068191
2015-02-03,1951.9599609375,1960.1099853515625,1960.3499755859373,1940.739990234375,370000,-0.0003688395236945
2015-02-04,1962.7900390625,1963.3699951171875,1970.27001953125,1961.5699462890625,348000,0.005532974393841
2015-02-05,1952.8399658203125,1961.1500244140625,1962.1500244140625,1945.4200439453125,395700,-0.0050822445668502
2015-02-06,1955.52001953125,1955.1300048828125,1955.52001953125,1945.8199462890625,309800,0.0013714469194499
2015-02-09,1947.0,1949.5,1952.8599853515625,1944.7900390625,310200,-0.0043664263221035
2015-02-10,1935.8599853515625,1949.300048828125,1954.199951171875,1935.8599853515625,329200,-0.00573806176694
2015-02-11,1945.699951171875,1942.3399658203125,1948.8900146484373,1937.949951171875,307500,0.0050701197766675
2015-02-12,1941.6300048828125,1947.2099609375,1947.469970703125,1932.75,334800,-0.0020939553998139
2015-02-13,1957.5,1949.3199462890625,1957.5,1946.93994140625,351100,0.0081403198828447
2015-02-16,1958.22998046875,1960.030029296875,1963.43994140625,1955.3900146484373,350900,0.0003728451557423
2015-02-17,1961.449951171875,1955.77001953125,1962.969970703125,1952.3299560546875,304500,0.0016429767142248
2015-02-23,1968.3900146484373,1974.43994140625,1976.9599609375,1966.77001953125,347600,0.0035319864175918
2015-02-24,1976.1199951171875,1975.6500244140625,1980.3800048828125,1972.6099853515625,309500,0.0039193665854107
2015-02-25,1990.469970703125,1988.469970703125,1992.030029296875,1984.530029296875,369500,0.0072354532802421
2015-02-26,1993.0799560546875,1993.27001953125,1993.4300537109373,1983.93994140625,385700,0.0013103818317919
2015-02-27,1985.800048828125,1992.760009765625,1993.3399658203125,1982.5,424500,-0.0036592786618265
2015-03-02,1996.81005859375,1996.719970703125,1999.1300048828125,1988.3299560546875,373400,0.0055290563309313
2015-03-03,2001.3800048828125,2002.5,2003.050048828125,1995.9300537109373,444900,0.0022860085221848
2015-03-04,1998.2900390625,2001.760009765625,2003.8499755859373,1996.5,374500,-0.0015451106721817
2015-03-05,1998.3800048828125,1996.81005859375,2002.47998046875,1993.9200439453125,373700,4.502038914330092e-05
2015-03-06,2012.93994140625,2003.969970703125,2013.72998046875,2003.1800537109373,393300,0.0072594560695053
2015-03-09,1992.8199462890625,2004.93994140625,2005.81005859375,1990.8699951171875,296700,-0.0100456167522687
2015-03-10,1984.77001953125,2000.6600341796875,2003.18994140625,1982.219970703125,433400,-0.0040476458445635
2015-03-11,1980.8299560546875,1971.0400390625,1984.5999755859373,1969.1300048828125,399500,-0.0019871216448024
2015-03-12,1970.5899658203125,1979.219970703125,1988.77001953125,1970.5899658203125,384000,-0.0051829536520555
2015-03-13,1985.7900390625,1987.1700439453125,1991.8699951171875,1982.9599609375,326700,0.007683866569946
2015-03-16,1987.3299560546875,1985.5899658203125,1991.7900390625,1982.260009765625,319200,0.0007751676622852
2015-03-17,2029.9100341796875,1998.260009765625,2029.9100341796875,1997.27001953125,356600,0.0211994667494107
2015-03-18,2028.449951171875,2032.18994140625,2036.1300048828125,2026.719970703125,362000,-0.0007195433998354
2015-03-19,2037.8900146484373,2047.1300048828125,2047.1300048828125,2031.0699462890625,468300,0.0046430355134126
2015-03-20,2037.239990234375,2037.1300048828125,2040.0,2027.81005859375,351700,-0.0003190202122614
2015-03-23,2036.5899658203125,2043.219970703125,2043.9200439453125,2032.3499755859373,314900,-0.0003191220186364
2015-03-24,2041.3699951171875,2035.0799560546875,2041.77001953125,2028.5400390625,328800,0.002344324874133
2015-03-25,2042.81005859375,2043.1600341796875,2046.969970703125,2038.1400146484373,423400,0.0007051910137663
2015-03-26,2022.56005859375,2027.199951171875,2036.699951171875,2019.510009765625,342300,-0.0099622749689094
2015-03-27,2019.800048828125,2026.75,2027.25,2016.8800048828125,449000,-0.0013655439501505
2015-03-30,2030.0400390625,2026.5999755859373,2033.27001953125,2018.1199951171875,439600,0.0050569957502434
2015-03-31,2041.030029296875,2042.31005859375,2046.9000244140625,2032.239990234375,555900,0.005399080215473
2015-04-01,2028.449951171875,2035.4000244140625,2039.0400390625,2024.6400146484373,542800,-0.0061826662170702
2015-04-02,2029.0699462890625,2036.9000244140625,2040.449951171875,2028.219970703125,655900,0.0003056029977329
2015-04-03,2045.4200439453125,2035.8299560546875,2045.93994140625,2031.27001953125,498600,0.008025635333803
2015-04-06,2046.4300537109373,2049.8701171875,2055.449951171875,2043.260009765625,460500,0.0004936690064554
2015-04-07,2047.030029296875,2059.050048828125,2059.090087890625,2043.7900390625,436200,0.0002931386055159
2015-04-08,2059.260009765625,2048.75,2060.18994140625,2046.0899658203125,552700,0.0059567232294662
2015-04-09,2058.8701171875,2060.300048828125,2064.4599609375,2054.169921875,529900,-0.0001893541812766
2015-04-10,2087.760009765625,2066.320068359375,2089.090087890625,2065.389892578125,658400,0.0139343800374244
2015-04-13,2098.919921875,2094.10009765625,2099.969970703125,2088.820068359375,561800,0.0053311639404919
2015-04-14,2111.719970703125,2101.760009765625,2111.72998046875,2095.969970703125,648800,0.00607987792072
2015-04-15,2119.9599609375,2114.56005859375,2122.719970703125,2110.25,451400,0.0038944347313049
2015-04-16,2139.89990234375,2134.139892578125,2139.89990234375,2125.5400390625,476400,0.009361851178734
2015-04-17,2143.5,2142.719970703125,2144.760009765625,2134.10009765625,464600,0.0016809537218249
2015-04-20,2146.7099609375,2126.550048828125,2146.72998046875,2126.550048828125,509000,0.0014964123274705
2015-04-21,2144.7900390625,2153.419921875,2153.840087890625,2140.1201171875,561800,-0.0008947556812717
2015-04-22,2143.889892578125,2146.590087890625,2161.22998046875,2125.8798828125,769400,-0.000419777885942
2015-04-23,2173.409912109375,2156.93994140625,2174.719970703125,2139.330078125,521600,0.0136754364666879
2015-04-24,2159.800048828125,2181.239990234375,2189.5400390625,2154.27001953125,508400,-0.0062816748586107
2015-04-27,2157.5400390625,2169.139892578125,2169.139892578125,2152.090087890625,392300,-0.0010469455387108
2015-04-28,2147.669921875,2162.5,2164.52001953125,2144.85009765625,415100,-0.0045852047029427
2015-04-29,2142.6298828125,2155.010009765625,2156.239990234375,2126.360107421875,458100,-0.0023495054473745
2015-04-30,2127.169921875,2134.93994140625,2136.89990234375,2121.2900390625,509100,-0.0072415706614361
2015-05-04,2132.22998046875,2134.510009765625,2139.300048828125,2128.719970703125,355600,0.0023759501761551
2015-05-06,2104.580078125,2122.030029296875,2123.219970703125,2095.60009765625,428100,-0.0130524118425213
2015-05-07,2091.0,2098.47998046875,2099.43994140625,2067.989990234375,423200,-0.0064735389609017
2015-05-08,2085.52001953125,2090.18994140625,2094.06005859375,2082.719970703125,309500,-0.0026241864460747
2015-05-11,2097.3798828125,2106.1201171875,2110.7900390625,2097.3798828125,329700,0.0056706568834762
2015-05-12,2096.77001953125,2100.6298828125,2101.719970703125,2088.639892578125,391900,-0.0002908161604845
2015-05-13,2114.159912109375,2100.10009765625,2115.360107421875,2100.080078125,377000,0.0082594541917366
2015-05-14,2120.330078125,2115.590087890625,2121.679931640625,2111.719970703125,430800,0.0029142448779891
2015-05-15,2106.5,2132.530029296875,2134.360107421875,2104.77001953125,491700,-0.0065439713562049
2015-05-18,2113.719970703125,2108.14990234375,2113.719970703125,2099.47998046875,445200,0.0034216120473274
2015-05-19,2120.85009765625,2114.2900390625,2126.889892578125,2107.6201171875,418500,0.0033675832853665
2015-05-20,2139.5400390625,2128.010009765625,2140.239990234375,2125.489990234375,452100,0.0087738731447672
2015-05-21,2122.81005859375,2139.679931640625,2140.60009765625,2121.489990234375,398100,-0.0078501605925385
2015-05-22,2146.10009765625,2131.110107421875,2146.10009765625,2126.8798828125,444600,0.0109115766274949
2015-05-26,2143.5,2146.469970703125,2148.699951171875,2130.300048828125,381400,-0.0012122798934571
2015-05-27,2107.5,2133.489990234375,2134.949951171875,2103.639892578125,439000,-0.0169375961620213
2015-05-28,2110.889892578125,2117.77001953125,2123.52001953125,2110.889892578125,416100,0.0016071977195789
2015-05-29,2114.800048828125,2109.3798828125,2123.389892578125,2106.699951171875,456100,0.0018506598544727
2015-06-01,2102.3701171875,2110.1201171875,2110.8798828125,2086.0,426900,-0.0058949329273098
2015-06-02,2078.639892578125,2102.6201171875,2107.169921875,2076.159912109375,520100,-0.0113515535107768
2015-06-03,2063.159912109375,2078.510009765625,2087.949951171875,2059.340087890625,541200,-0.0074750365922246
2015-06-04,2072.860107421875,2070.489990234375,2082.60009765625,2062.75,400400,0.0046906025849946
2015-06-05,2068.10009765625,2062.219970703125,2075.02001953125,2060.909912109375,394300,-0.0022989894258413
2015-06-08,2065.18994140625,2068.510009765625,2068.510009765625,2056.5,393600,-0.0014081551032597
2015-06-09,2064.030029296875,2063.39990234375,2073.75,2057.2099609375,421900,-0.0005618069020845
2015-06-10,2051.320068359375,2079.1298828125,2080.030029296875,2049.1298828125,427400,-0.0061768748937322
2015-06-11,2056.610107421875,2065.070068359375,2065.070068359375,2051.10009765625,457000,0.0025755267301795
2015-06-12,2052.169921875,2068.449951171875,2074.780029296875,2044.8699951171875,388300,-0.0021613166164478
2015-06-15,2042.3199462890625,2041.0699462890625,2049.679931640625,2033.719970703125,313900,-0.0048113415368037
2015-06-16,2028.719970703125,2045.010009765625,2045.77001953125,2008.4599609375,381400,-0.0066813524090374
2015-06-17,2034.8599853515625,2035.47998046875,2037.1199951171875,2021.5,354700,0.0030219753948785
2015-06-18,2041.8800048828125,2046.18994140625,2052.0,2036.780029296875,391000,0.0034439412307931
2015-06-19,2046.9599609375,2056.5400390625,2057.7099609375,2044.7099609375,400300,0.0024847921223968
2015-06-22,2055.159912109375,2059.60009765625,2068.070068359375,2050.300048828125,267000,0.0039979144186499
2015-06-23,2081.199951171875,2071.300048828125,2086.090087890625,2066.2099609375,329800,0.012590965940187
2015-06-24,2085.530029296875,2086.68994140625,2087.679931640625,2076.780029296875,400800,0.0020784066661595
2015-06-25,2085.06005859375,2077.840087890625,2088.159912109375,2073.949951171875,575900,-0.0002253737218044
2015-06-26,2090.260009765625,2083.39990234375,2097.010009765625,2080.7900390625,492800,0.0024908049084438
2015-06-29,2060.489990234375,2056.43994140625,2068.85009765625,2054.330078125,503800,-0.0143446509707676
2015-06-30,2074.199951171875,2054.830078125,2075.02001953125,2049.43994140625,392400,0.0066316997782763
2015-07-01,2097.889892578125,2077.27001953125,2100.340087890625,2072.5400390625,471600,0.011356512875482
2015-07-02,2107.330078125,2107.110107421875,2110.81005859375,2098.760009765625,565300,0.0044897539108487
2015-07-03,2104.409912109375,2107.510009765625,2109.679931640625,2094.02001953125,419500,-0.0013866793725743
2015-07-06,2053.929931640625,2076.06005859375,2089.860107421875,2052.22998046875,474000,-0.024280103247354
2015-07-07,2040.2900390625,2067.0400390625,2067.929931640625,2028.97998046875,502800,-0.006663024038093
2015-07-08,2016.2099609375,2045.8800048828125,2046.3299560546875,2010.8299560546875,453100,-0.0118724816845069
2015-07-09,2027.81005859375,2000.18994140625,2027.81005859375,1983.780029296875,408500,0.0057369297954809
2015-07-10,2031.1700439453125,2036.8900146484373,2037.8399658203125,2024.760009765625,381300,0.0016555814683217
2015-07-13,2061.52001953125,2033.25,2063.280029296875,2030.2099609375,426300,0.014831580925095
2015-07-14,2059.22998046875,2070.43994140625,2070.43994140625,2052.2099609375,503100,-0.0011114672320581
2015-07-15,2072.909912109375,2068.3798828125,2079.89990234375,2060.659912109375,619100,0.0066212577380118
2015-07-16,2087.889892578125,2073.2900390625,2088.330078125,2071.02001953125,697900,0.0072005604188925
2015-07-17,2076.7900390625,2101.219970703125,2101.219970703125,2068.360107421875,819200,-0.0053304839653777
2015-07-20,2073.31005859375,2077.090087890625,2081.429931640625,2068.18994140625,870700,-0.0016770589636348
2015-07-21,2083.6201171875,2082.179931640625,2088.239990234375,2069.2099609375,727400,0.0049604295951207
2015-07-22,2064.72998046875,2071.06005859375,2075.93994140625,2059.449951171875,1160800,-0.0091073640568539
2015-07-23,2065.070068359375,2068.929931640625,2069.199951171875,2053.52001953125,739800,0.0001646994466427
2015-07-24,2045.9599609375,2060.659912109375,2060.659912109375,2040.300048828125,611900,-0.0092970593425482
2015-07-27,2038.81005859375,2034.8199462890625,2048.14990234375,2032.43994140625,543200,-0.0035007648467895
2015-07-28,2039.0999755859373,2026.3299560546875,2045.550048828125,2015.9100341796875,498500,0.0001421890087059
2015-07-29,2037.6199951171875,2053.6201171875,2055.949951171875,2037.6199951171875,520600,-0.0007260643578181
2015-07-30,2019.030029296875,2040.239990234375,2044.9300537109373,2019.030029296875,509300,-0.0091652451360963
2015-07-31,2030.1600341796875,2026.97998046875,2030.1600341796875,2004.699951171875,448200,0.0054974119459984
2015-08-03,2008.489990234375,2026.25,2026.25,2005.2099609375,358700,-0.0107314334149865
2015-08-04,2027.989990234375,2007.75,2027.989990234375,2007.6600341796875,388800,0.0096619588321867
2015-08-05,2029.760009765625,2027.219970703125,2035.25,2022.97998046875,319200,0.0008724143397273
2015-08-06,2013.2900390625,2037.260009765625,2038.4100341796875,2011.5999755859373,340500,-0.0081473450041163
2015-08-07,2010.22998046875,2009.3900146484373,2012.9000244140625,2001.1300048828125,334600,-0.0015210856011157
2015-08-10,2003.1700439453125,2008.43994140625,2008.550048828125,1993.9599609375,308300,-0.0035181859583384
2015-08-11,1986.6500244140625,2020.1500244140625,2021.81005859375,1986.4599609375,366400,-0.0082811323097718
2015-08-12,1975.469970703125,1980.0400390625,1989.0999755859373,1948.9100341796875,524300,-0.00564348550646
2015-08-13,1983.4599609375,1975.469970703125,1990.699951171875,1966.02001953125,376600,0.0040364448073949
2015-08-17,1968.52001953125,1991.050048828125,1991.050048828125,1968.43994140625,561600,-0.0075607734100528
2015-08-18,1956.260009765625,1977.6099853515625,1979.3299560546875,1954.3499755859373,472800,-0.006247509185822
2015-08-19,1939.3800048828125,1954.56005859375,1959.510009765625,1915.9100341796875,506800,-0.0086661552212547
2015-08-20,1914.550048828125,1929.4300537109373,1933.7900390625,1912.550048828125,397500,-0.0128857033076902
2015-08-21,1876.0699462890625,1862.7900390625,1886.489990234375,1856.9100341796875,512300,-0.0203034988861453
2015-08-24,1829.81005859375,1860.030029296875,1872.8599853515625,1800.75,415200,-0.0249669663429623
2015-08-25,1846.6300048828125,1840.93994140625,1864.300048828125,1806.7900390625,451600,0.009150190594183
2015-08-26,1894.0899658203125,1843.699951171875,1895.449951171875,1835.5799560546875,453400,0.0253761351264229
2015-08-27,1908.0,1912.4200439453125,1920.3900146484373,1898.97998046875,482700,0.0073170789572069
2015-08-28,1937.6700439453125,1932.3900146484373,1938.6099853515625,1927.3900146484373,446800,0.015430669985117
2015-08-31,1941.489990234375,1934.1199951171875,1941.489990234375,1925.52001953125,350900,0.0019694714784355
2015-09-01,1914.22998046875,1934.43994140625,1939.6700439453125,1914.219970703125,324500,-0.0141402716924392
2015-09-02,1915.219970703125,1886.1400146484373,1920.6199951171875,1883.5,342000,0.0005170404465668
2015-09-03,1915.530029296875,1929.780029296875,1931.18994140625,1911.1700439453125,297300,0.0001618787936706
2015-09-04,1886.0400390625,1921.81005859375,1923.06005859375,1879.93994140625,361100,-0.0155149484319598
2015-09-07,1883.219970703125,1883.3599853515625,1895.989990234375,1870.5899658203125,288200,-0.0014963514739031
2015-09-08,1878.6800537109373,1889.1400146484373,1894.56005859375,1868.47998046875,391900,-0.0024136309666434
2015-09-09,1934.199951171875,1903.280029296875,1934.199951171875,1902.9300537109373,516200,0.0291243478911761
2015-09-10,1962.1099853515625,1918.4200439453125,1962.1099853515625,1915.43994140625,460300,0.0143266382893551
2015-09-11,1941.3699951171875,1942.8800048828125,1951.260009765625,1939.72998046875,503000,-0.0106265104500593
2015-09-14,1931.4599609375,1947.6500244140625,1948.02001953125,1921.449951171875,362900,-0.0051177335032861
2015-09-15,1937.56005859375,1930.43994140625,1938.9000244140625,1927.6199951171875,390800,0.0031533063566833
2015-09-16,1975.449951171875,1949.489990234375,1978.6800537109373,1949.1500244140625,584800,0.0193667160346365
2015-09-17,1976.489990234375,1989.0699462890625,1989.0699462890625,1972.9300537109373,510200,0.0005263435689464
2015-09-18,1995.949951171875,1978.3900146484373,1996.469970703125,1964.1199951171875,523800,0.0097975636593199
2015-09-21,1964.6800537109373,1973.239990234375,1980.800048828125,1960.1099853515625,376400,-0.0157906934864785
2015-09-22,1982.06005859375,1973.5400390625,1983.989990234375,1966.050048828125,696400,0.0088073279384768
2015-09-23,1944.6400146484373,1960.3299560546875,1968.1600341796875,1944.510009765625,857000,-0.0190598599661318
2015-09-24,1947.0999755859373,1956.93994140625,1958.72998046875,1944.31005859375,921300,0.0012641961031811
2015-09-25,1942.8499755859373,1948.300048828125,1951.93994140625,1932.489990234375,796600,-0.0021851189575202
2015-09-30,1962.81005859375,1915.4599609375,1962.8399658203125,1915.0400390625,547000,0.0102211951919504
2015-10-01,1979.3199462890625,1963.550048828125,1986.010009765625,1958.6300048828125,679000,0.0083761744046844
2015-10-02,1969.6800537109373,1979.4100341796875,1985.5699462890625,1969.6800537109373,1031000,-0.0048822039635805
2015-10-05,1978.25,1981.5999755859373,1994.6500244140625,1975.550048828125,545600,0.0043414952308725
2015-10-06,1990.6500244140625,1996.2900390625,1998.02001953125,1985.1700439453125,661600,0.0062486153264323
2015-10-07,2005.8399658203125,1995.8699951171875,2006.239990234375,1994.550048828125,761700,0.0076016777671573
2015-10-08,2019.530029296875,2016.3599853515625,2020.18994140625,1998.6600341796875,701000,0.006801916979186
2015-10-12,2021.6300048828125,2022.3299560546875,2030.9200439453125,2015.4300537109373,635100,0.0010392935479895
2015-10-13,2019.050048828125,2021.199951171875,2024.5,2010.1600341796875,605000,-0.0012769911851417
2015-10-14,2009.550048828125,2014.469970703125,2016.1400146484373,2002.6300048828125,644800,-0.0047162872357826
2015-10-15,2033.27001953125,2008.2900390625,2035.800048828125,2007.4599609375,498900,0.0117345033839029
2015-10-16,2030.260009765625,2037.97998046875,2038.06005859375,2025.18994140625,550800,-0.0014814756108343
2015-10-19,2030.27001953125,2032.3599853515625,2036.300048828125,2022.25,726800,4.930275384179849e-06
2015-10-20,2039.3599853515625,2031.5,2040.239990234375,2026.6700439453125,958100,0.0044672272054728
2015-10-21,2042.97998046875,2039.25,2053.949951171875,2035.5899658203125,668900,0.0017734907412503
2015-10-22,2023.0,2040.4300537109373,2042.5699462890625,2019.530029296875,695800,-0.009827958516574
2015-10-23,2040.4000244140625,2043.6700439453125,2054.820068359375,2036.9200439453125,649000,0.0085643208463575
2015-10-26,2048.080078125,2049.409912109375,2049.60009765625,2039.969970703125,460000,0.0037569280278577
2015-10-27,2044.6500244140625,2043.52001953125,2045.81005859375,2036.219970703125,449200,-0.0016761694165385
2015-10-28,2042.510009765625,2045.6700439453125,2045.6700439453125,2032.3900146484373,402200,-0.0010471891612286
2015-10-29,2034.1600341796875,2050.969970703125,2064.719970703125,2032.56005859375,481300,-0.0040964744130578
2015-10-30,2029.469970703125,2034.780029296875,2038.56005859375,2027.800048828125,380700,-0.002308313283166
2015-11-02,2035.239990234375,2033.1500244140625,2036.050048828125,2028.199951171875,366400,0.0028390824744777
2015-11-03,2048.39990234375,2042.5999755859373,2053.239990234375,2040.75,591700,0.0064452096715425
2015-11-04,2052.77001953125,2053.510009765625,2056.1201171875,2042.3800048828125,545100,0.0021311571696738
2015-11-05,2049.409912109375,2049.300048828125,2050.43994140625,2039.9300537109373,349100,-0.0016382061388499
2015-11-06,2041.0699462890625,2048.169921875,2055.139892578125,2038.4599609375,465000,-0.0040777501249056
2015-11-09,2025.699951171875,2038.5899658203125,2038.5899658203125,2022.52001953125,435400,-0.0075588581044697
2015-11-10,1996.5899658203125,2015.449951171875,2015.449951171875,1988.5400390625,417500,-0.0144745874591627
2015-11-11,1997.27001953125,1993.81005859375,2001.72998046875,1983.1400146484373,286600,0.0003405496036436
2015-11-12,1993.3599853515625,1997.3199462890625,1998.6600341796875,1991.280029296875,389400,-0.00195960809503
2015-11-13,1973.2900390625,1975.969970703125,1981.27001953125,1969.7099609375,342300,-0.0101194294598991
2015-11-16,1943.02001953125,1945.6800537109373,1956.0899658203125,1942.8499755859373,433400,-0.0154587465677372
2015-11-17,1963.5799560546875,1967.3599853515625,1974.0799560546875,1959.219970703125,417600,0.0105258416407702
2015-11-18,1962.8800048828125,1967.25,1973.1600341796875,1961.4300537109373,541900,-0.0003565304046153
2015-11-19,1988.9100341796875,1976.93994140625,1988.9200439453125,1972.8499755859373,422500,0.0131739821731605
2015-11-20,1989.8599853515625,1988.9599609375,1993.969970703125,1985.9300537109373,413700,0.0004775099768332
2015-11-23,2003.699951171875,1995.9200439453125,2008.3399658203125,1992.8599853515625,383200,0.0069311699073184
2015-11-24,2016.2900390625,2004.2900390625,2019.949951171875,2003.06005859375,417000,0.0062637613950366
2015-11-25,2009.4200439453125,2018.239990234375,2018.9300537109373,2007.9100341796875,391600,-0.0034130633575589
2015-11-26,2030.6800537109373,2014.8800048828125,2033.1800537109373,2014.8800048828125,454500,0.0105245936950998
2015-11-27,2028.989990234375,2038.7099609375,2038.719970703125,2026.4000244140625,482000,-0.0008326112989
2015-11-30,1991.969970703125,2022.3800048828125,2022.3800048828125,1987.1199951171875,452900,-0.0184140433817124
2015-12-01,2023.9300537109373,2001.510009765625,2026.3299560546875,2001.510009765625,573300,0.0159171082843017
2015-12-02,2009.2900390625,2026.0799560546875,2026.18994140625,2009.2900390625,631300,-0.0072597471055293
2015-12-03,1994.0699462890625,2000.199951171875,2000.199951171875,1981.5899658203125,365900,-0.0076036959752353
2015-12-04,1974.4000244140625,1972.1600341796875,1983.02001953125,1970.47998046875,379500,-0.0099131822098461
2015-12-07,1963.6700439453125,1987.6199951171875,1988.0400390625,1963.6600341796875,382100,-0.005449373340397
2015-12-08,1949.0400390625,1964.219970703125,1971.0699462890625,1948.4300537109373,406200,-0.0074782300517957
2015-12-09,1948.239990234375,1951.3900146484373,1956.699951171875,1944.780029296875,378100,-0.00041056779772
2015-12-10,1952.0699462890625,1947.2099609375,1956.8399658203125,1940.4000244140625,377800,0.0019639245844718
2015-12-11,1948.6199951171875,1952.8199462890625,1961.0,1943.6700439453125,380700,-0.0017688932590223
2015-12-14,1927.8199462890625,1926.3599853515625,1930.4000244140625,1919.219970703125,439700,-0.0107316242566526
2015-12-15,1932.969970703125,1935.8199462890625,1938.0400390625,1925.75,434700,0.0026678620590044
2015-12-16,1969.4000244140625,1950.1500244140625,1975.6300048828125,1950.050048828125,475100,0.0186712751961382
2015-12-17,1977.9599609375,1984.06005859375,1987.8299560546875,1967.6400146484373,379600,0.0043370505719797
2015-12-18,1975.3199462890625,1960.3199462890625,1981.4200439453125,1958.1199951171875,677700,-0.0013356074463941
2015-12-21,1981.18994140625,1974.260009765625,1986.6600341796875,1968.1400146484373,539600,0.0029672613443354
2015-12-22,1992.56005859375,1984.3699951171875,1992.719970703125,1971.3199462890625,577200,0.0057226288603907
2015-12-23,1999.219970703125,1994.199951171875,2007.4200439453125,1989.300048828125,502400,0.0033368162774367
2015-12-24,1990.6500244140625,2009.3399658203125,2009.989990234375,1990.6500244140625,504600,-0.0042958590024157
2015-12-28,1964.06005859375,1990.5899658203125,1991.18994140625,1964.06005859375,396600,-0.0134474416368223
2015-12-29,1966.31005859375,1956.489990234375,1968.5699462890625,1946.2099609375,401400,0.0011449304664454
2015-12-30,1961.31005859375,1973.030029296875,1974.6700439453125,1958.780029296875,304500,-0.0025460724570356
2016-01-04,1918.760009765625,1954.469970703125,1954.52001953125,1918.760009765625,359000,-0.0219334980504617
2016-01-05,1930.530029296875,1911.9300537109373,1937.5699462890625,1911.9300537109373,446500,0.0061154426367861
2016-01-06,1925.4300537109373,1934.25,1934.25,1911.6099853515625,594600,-0.0026452444786748
2016-01-07,1904.3299560546875,1915.7099609375,1926.4100341796875,1901.239990234375,393000,-0.0110191297115115
2016-01-08,1917.6199951171875,1889.4200439453125,1918.25,1883.8199462890625,430200,0.0069546136388339
2016-01-11,1894.8399658203125,1897.1800537109373,1907.4300537109373,1892.68994140625,328800,-0.0119504470273856
2016-01-12,1890.8599853515625,1907.6099853515625,1910.5899658203125,1888.93994140625,295100,-0.0021026399273087
2016-01-13,1916.280029296875,1904.3299560546875,1921.0,1902.489990234375,265200,0.0133540776605866
2016-01-14,1900.010009765625,1893.1800537109373,1900.47998046875,1882.02001953125,311000,-0.0085266674908345
2016-01-15,1878.8699951171875,1915.8299560546875,1918.300048828125,1873.3499755859373,312400,-0.0111886247542268
2016-01-18,1878.449951171875,1856.030029296875,1882.2099609375,1854.550048828125,276900,-0.000223586999812
2016-01-19,1889.6400146484373,1879.800048828125,1889.9000244140625,1866.760009765625,335300,0.0059393997879779
2016-01-20,1845.449951171875,1885.3599853515625,1885.3599853515625,1830.06005859375,407300,-0.0236632187566586
2016-01-21,1840.530029296875,1848.0999755859373,1860.02001953125,1838.0400390625,433700,-0.0026695341932686
2016-01-22,1879.4300537109373,1860.300048828125,1879.4300537109373,1859.5400390625,408500,0.0209149784187494
2016-01-25,1893.4300537109373,1890.1500244140625,1901.219970703125,1882.739990234375,315300,0.0074214595076761
2016-01-26,1871.68994140625,1881.8699951171875,1884.1300048828125,1862.97998046875,298800,-0.0115482927200255
2016-01-27,1897.8699951171875,1888.0699462890625,1902.030029296875,1883.3900146484373,348900,0.0138904673718761
2016-01-28,1906.93994140625,1885.3800048828125,1907.56005859375,1877.780029296875,354300,0.0047676302472856
2016-01-29,1912.06005859375,1905.010009765625,1912.0699462890625,1888.47998046875,386600,0.0026813931684983
2016-02-01,1924.8199462890625,1919.6199951171875,1926.1099853515625,1912.8499755859373,440300,0.0066512034355543
2016-02-02,1906.5999755859373,1914.9599609375,1920.02001953125,1906.06005859375,412300,-0.0095108906975264
2016-02-03,1890.6700439453125,1893.8299560546875,1894.719970703125,1882.75,408600,-0.0083902514223594
2016-02-04,1916.260009765625,1900.47998046875,1917.0899658203125,1897.1800537109373,365800,0.0134440879622716
2016-02-05,1917.7900390625,1914.550048828125,1921.760009765625,1910.31005859375,305800,0.0007981269720579
2016-02-11,1861.5400390625,1872.6800537109373,1877.77001953125,1858.9000244140625,386400,-0.0297693786532712
2016-02-12,1835.280029296875,1850.6700439453125,1857.1199951171875,1817.969970703125,470500,-0.0142070487459076
2016-02-15,1862.199951171875,1857.3299560546875,1864.6199951171875,1847.5999755859373,284600,0.0145614838665198
2016-02-16,1888.300048828125,1870.0999755859373,1892.1500244140625,1868.1099853515625,388300,0.0139184210120147
2016-02-17,1883.93994140625,1889.4100341796875,1897.3699951171875,1881.030029296875,344600,-0.0023116818520652
2016-02-18,1908.8399658203125,1909.4000244140625,1910.1199951171875,1898.489990234375,332600,0.013130412398558
2016-02-19,1916.239990234375,1904.5,1916.239990234375,1902.239990234375,312200,0.0038692177581275
2016-02-22,1916.3599853515625,1911.56005859375,1921.1400146484373,1905.8499755859373,267900,6.261812763714538e-05
2016-02-23,1914.219970703125,1928.8499755859373,1929.530029296875,1909.7900390625,326800,-0.0011173320466491
2016-02-24,1912.530029296875,1908.7099609375,1918.6300048828125,1906.18994140625,281600,-0.0008832254608262
2016-02-25,1918.5699462890625,1919.0799560546875,1928.489990234375,1906.989990234375,305800,0.0031531006941975
2016-02-26,1920.1600341796875,1927.0999755859373,1927.800048828125,1917.0699462890625,280200,0.0008284448188113
2016-02-29,1916.6600341796875,1921.760009765625,1927.050048828125,1916.6600341796875,275100,-0.0018244279942582
2016-03-02,1947.4200439453125,1944.27001953125,1949.93994140625,1942.239990234375,323400,0.0159213364722505
2016-03-03,1958.1700439453125,1957.8299560546875,1958.1700439453125,1946.5699462890625,421000,0.0055049438910729
2016-03-04,1955.6300048828125,1956.010009765625,1958.4599609375,1949.469970703125,316400,-0.0012979914085688
2016-03-07,1957.8699951171875,1961.260009765625,1963.4300537109373,1955.969970703125,344600,0.0011447504683746
2016-03-08,1946.1199951171875,1958.93994140625,1958.93994140625,1935.550048828125,358700,-0.0060195008229415
2016-03-09,1952.949951171875,1940.550048828125,1952.949951171875,1938.3199462890625,355400,0.0035033806187081
2016-03-10,1969.3299560546875,1958.8699951171875,1976.18994140625,1955.6700439453125,352300,0.0083523361384914
2016-03-11,1971.4100341796875,1968.300048828125,1975.8699951171875,1966.6500244140625,303400,0.0010556790467449
2016-03-14,1972.27001953125,1985.739990234375,1985.9000244140625,1970.56005859375,357100,0.0004361334355128
2016-03-15,1969.969970703125,1975.6099853515625,1979.4599609375,1966.43994140625,264600,-0.0011668742110072
2016-03-16,1974.9000244140625,1971.5799560546875,1982.0799560546875,1969.6600341796875,294500,0.0024994771861693
2016-03-17,1987.989990234375,1984.68994140625,2000.300048828125,1984.3299560546875,291600,0.0066062966063533
2016-03-18,1992.1199951171875,1996.31005859375,1996.31005859375,1986.0400390625,385800,0.002075322732451
2016-03-21,1989.760009765625,1999.25,2003.1199951171875,1982.699951171875,323300,-0.001185362504646
2016-03-22,1996.81005859375,1993.3699951171875,1997.760009765625,1986.8699951171875,383800,0.0035369031807912
2016-03-23,1995.1199951171875,1996.469970703125,2001.6700439453125,1989.8399658203125,367600,-0.0008467400755022
2016-03-24,1985.969970703125,1988.4599609375,1992.760009765625,1981.1700439453125,341200,-0.004596751444643
2016-03-25,1983.81005859375,1991.06005859375,1991.06005859375,1981.530029296875,463400,-0.0010881773330359
2016-03-28,1982.5400390625,1984.9300537109373,1992.4599609375,1981.3699951171875,410500,-0.0006403971124003
2016-03-29,1994.9100341796875,1986.9300537109373,1997.3299560546875,1984.0699462890625,385500,0.0062200831043597
2016-03-30,2002.1400146484373,2005.239990234375,2009.0999755859373,1998.510009765625,368300,0.0036176621586476
2016-03-31,1995.8499755859373,2005.719970703125,2007.4300537109373,1986.739990234375,335100,-0.0031466033020235
2016-04-01,1973.5699462890625,1994.77001953125,1994.77001953125,1970.1700439453125,392300,-0.011225954278531
2016-04-04,1978.969970703125,1974.72998046875,1979.030029296875,1969.3499755859373,363300,0.0027324342763248
2016-04-05,1962.739990234375,1972.3800048828125,1973.1700439453125,1959.260009765625,368200,-0.0082350413147536
2016-04-06,1971.3199462890625,1963.1700439453125,1975.0899658203125,1961.510009765625,358000,0.0043618906659822
2016-04-07,1973.8900146484373,1978.75,1980.4300537109373,1964.989990234375,434100,0.0013028805809468
2016-04-08,1972.050048828125,1961.2900390625,1972.1199951171875,1954.1099853515625,400600,-0.0009325868736311
2016-04-11,1970.3699951171875,1972.25,1973.9000244140625,1963.2099609375,379500,-0.0008522956934627
2016-04-12,1981.3199462890625,1970.5,1981.72998046875,1968.5,387300,0.0055419222457328
2016-04-14,2015.9300537109373,2004.1500244140625,2016.030029296875,2000.8299560546875,473500,0.017317391886384
2016-04-15,2014.7099609375,2013.3800048828125,2016.949951171875,2008.6800537109373,317700,-0.0006054089704209
2016-04-18,2009.0999755859373,2001.3499755859373,2009.550048828125,1998.489990234375,339200,-0.0027883966066672
2016-04-19,2011.3599853515625,2015.0999755859373,2020.2900390625,2007.6800537109373,401200,0.0011242544512956
2016-04-20,2005.8299560546875,2017.050048828125,2023.77001953125,2005.8199462890625,424000,-0.0027531846244171
2016-04-21,2022.0999755859373,2014.5999755859373,2022.0999755859373,2009.449951171875,392100,0.0080786450088143
2016-04-22,2015.489990234375,2014.9300537109373,2017.9000244140625,2010.93994140625,480500,-0.0032742261164428
2016-04-25,2014.550048828125,2016.050048828125,2016.6500244140625,2007.1800537109373,397700,-0.0004664675358969
2016-04-26,2019.6300048828125,2013.260009765625,2021.5899658203125,2011.8499755859373,509300,0.0025184591030042
2016-04-27,2015.4000244140625,2019.31005859375,2019.8599853515625,2012.75,412800,-0.0020966297586732
2016-04-28,2000.9300537109373,2020.8299560546875,2022.989990234375,1998.5999755859373,341100,-0.0072055996539854
2016-04-29,1994.1500244140625,1998.6800537109373,1999.3399658203125,1983.300048828125,401100,-0.0033941926937249
2016-05-02,1978.1500244140625,1991.8399658203125,1991.8399658203125,1977.030029296875,328200,-0.0080558297871538
2016-05-03,1986.4100341796875,1988.3399658203125,1989.4100341796875,1979.6600341796875,310500,0.0041669297956386
2016-05-04,1976.7099609375,1978.239990234375,1982.3800048828125,1969.219970703125,352700,-0.0048951798705039
2016-05-09,1967.81005859375,1974.52001953125,1976.1400146484373,1962.9200439453125,342200,-0.0045125477381959
2016-05-10,1982.5,1965.8599853515625,1982.5,1964.9000244140625,369100,0.0074373954968712
2016-05-11,1980.0999755859373,1989.1700439453125,1989.1700439453125,1970.47998046875,398500,-0.0012113383749663
2016-05-12,1977.489990234375,1973.280029296875,1981.489990234375,1970.5400390625,462900,-0.0013189773334206
2016-05-13,1966.989990234375,1979.969970703125,1980.449951171875,1962.77001953125,509100,-0.0053239082733231
2016-05-16,1967.9100341796875,1961.9100341796875,1970.530029296875,1961.3199462890625,526700,0.000467632700384
2016-05-17,1968.06005859375,1973.8599853515625,1975.0999755859373,1962.5699462890625,597600,7.623249699505311e-05
2016-05-18,1956.72998046875,1962.780029296875,1964.3399658203125,1945.56005859375,696300,-0.0057736131033047
2016-05-19,1946.780029296875,1953.9100341796875,1954.2900390625,1942.47998046875,505900,-0.0050979619349042
2016-05-20,1947.6700439453125,1943.8399658203125,1951.5,1940.3599853515625,388100,0.0004570682110148
2016-05-23,1955.25,1954.260009765625,1956.77001953125,1940.43994140625,399500,0.0038842535842428
2016-05-24,1937.6800537109373,1951.1800537109373,1951.3900146484373,1937.6700439453125,517100,-0.0090266536244511
2016-05-25,1960.510009765625,1953.6300048828125,1964.9100341796875,1951.1700439453125,656900,0.0117132395828809
2016-05-26,1957.06005859375,1965.81005859375,1967.449951171875,1955.969970703125,558300,-0.0017612714021751
2016-05-27,1969.1700439453125,1962.3299560546875,1971.27001953125,1959.75,523500,0.0061687794336489
2016-05-30,1967.1300048828125,1969.719970703125,1970.5400390625,1955.489990234375,550500,-0.0010365262911075
2016-05-31,1983.4000244140625,1962.469970703125,1984.1800537109373,1958.1600341796875,657000,0.0082369258807056
2016-06-01,1982.719970703125,1976.8699951171875,1986.760009765625,1975.8199462890625,502300,-0.0003429314889308
2016-06-02,1985.1099853515625,1983.8599853515625,1988.0,1978.8199462890625,474200,0.0012046962515826
2016-06-03,1985.8399658203125,1991.5799560546875,1991.5799560546875,1979.6600341796875,540900,0.0003676603764586
2016-06-07,2011.6300048828125,1993.0799560546875,2011.6700439453125,1992.77001953125,481300,0.0129033599152537
2016-06-08,2027.0799560546875,2013.719970703125,2027.0899658203125,2008.5899658203125,497900,0.0076509710713793
2016-06-09,2024.1700439453125,2028.02001953125,2035.27001953125,2012.1400146484373,599700,-0.001436550501599
2016-06-10,2017.6300048828125,2022.77001953125,2022.77001953125,2014.1500244140625,404300,-0.0032362040137157
2016-06-13,1979.06005859375,2001.030029296875,2001.7900390625,1976.68994140625,443000,-0.019301543579221
2016-06-14,1972.030029296875,1976.800048828125,1982.3199462890625,1965.3399658203125,439900,-0.0035585302076193
2016-06-15,1968.8299560546875,1972.0,1975.8699951171875,1960.969970703125,376800,-0.00162404853633
2016-06-16,1951.989990234375,1971.530029296875,1974.010009765625,1944.800048828125,438800,-0.0085900753422917
2016-06-17,1953.4000244140625,1966.22998046875,1970.5400390625,1949.5999755859373,485300,0.0007220965054283
2016-06-20,1981.1199951171875,1974.4300537109373,1984.0699462890625,1969.56005859375,391300,0.0140908823545776
2016-06-21,1982.699951171875,1977.800048828125,1983.8699951171875,1971.989990234375,557400,0.0007971886512351
2016-06-22,1992.5799560546875,1981.780029296875,1994.760009765625,1979.3699951171875,407400,0.0049707318510667
2016-06-23,1986.7099609375,1989.4200439453125,1990.7099609375,1980.1400146484373,455400,-0.0029502747964573
2016-06-24,1925.239990234375,2001.550048828125,2001.550048828125,1892.75,750500,-0.0314293543692211
2016-06-27,1926.8499755859373,1901.8499755859373,1926.8699951171875,1900.8299560546875,394300,0.0008359023073674
2016-06-28,1936.219970703125,1907.7099609375,1937.989990234375,1907.489990234375,373500,0.0048510711028867
2016-06-29,1956.3599853515625,1946.31005859375,1966.2099609375,1941.9000244140625,451200,0.0103479926388929
2016-06-30,1970.3499755859373,1971.5400390625,1972.81005859375,1959.280029296875,349900,0.0071255832834119
2016-07-01,1987.3199462890625,1977.3599853515625,1993.97998046875,1975.8900146484373,448100,0.0085757908272036
2016-07-04,1995.300048828125,1989.43994140625,1997.3699951171875,1985.1099853515625,468600,0.0040074690674748
2016-07-05,1989.8499755859373,1995.68994140625,1996.77001953125,1985.93994140625,405500,-0.0027351927062177
2016-07-06,1953.1199951171875,1980.1099853515625,1982.800048828125,1944.3299560546875,457400,-0.0186311553023545
2016-07-07,1974.0799560546875,1963.300048828125,1976.489990234375,1959.8299560546875,378800,0.0106743533386295
2016-07-08,1963.0999755859373,1972.280029296875,1979.75,1956.9100341796875,356500,-0.0055776007826096
2016-07-11,1988.5400390625,1979.3599853515625,1990.949951171875,1977.81005859375,337800,0.0128758767768079
2016-07-12,1991.22998046875,1991.1300048828125,1998.030029296875,1986.449951171875,432700,0.0013518076686233
2016-07-13,2005.550048828125,2007.6500244140625,2013.5999755859373,1995.8399658203125,357600,0.0071658332614348
2016-07-14,2008.77001953125,2004.1199951171875,2009.6700439453125,1997.93994140625,340200,0.0016042424813504
2016-07-15,2017.260009765625,2015.3699951171875,2022.3399658203125,2011.0999755859373,477800,0.0042175556354162
2016-07-18,2021.1099853515625,2018.219970703125,2022.1099853515625,2012.300048828125,380100,0.0019066983743312
2016-07-19,2016.8900146484373,2022.800048828125,2023.219970703125,2010.27001953125,380800,-0.0020901298857951
2016-07-20,2015.4599609375,2013.4000244140625,2015.469970703125,2003.8699951171875,316300,-0.0007092905028331
2016-07-21,2012.219970703125,2019.3599853515625,2020.550048828125,2007.5899658203125,391000,-0.0016088621679187
2016-07-22,2010.3399658203125,2005.3699951171875,2014.43994140625,2002.6600341796875,321000,-0.0009347306438499
2016-07-25,2012.3199462890625,2014.739990234375,2020.68994140625,2006.6300048828125,350200,0.0009844136327233
2016-07-26,2027.3399658203125,2009.4000244140625,2027.3399658203125,2008.25,338600,0.0074363134886003
2016-07-27,2025.050048828125,2027.0699462890625,2030.68994140625,2021.1500244140625,411700,-0.0011301563904972
2016-07-28,2021.0999755859373,2029.0699462890625,2029.3800048828125,2014.3599853515625,350900,-0.0019525101507642
2016-07-29,2016.18994140625,2023.239990234375,2028.989990234375,2016.18994140625,366400,-0.0024323428346266
2016-08-01,2029.6099853515625,2024.7099609375,2031.5799560546875,2024.5699462890625,369600,0.0066340864142904
2016-08-02,2019.030029296875,2023.550048828125,2026.0999755859373,2017.5899658203125,409900,-0.0052264365809682
2016-08-03,1994.7900390625,2008.6800537109373,2008.6800537109373,1993.0,485900,-0.0120784113460519
2016-08-04,2000.030029296875,2006.0799560546875,2006.47998046875,1994.72998046875,326500,0.0026233938700253
2016-08-05,2017.93994140625,2006.22998046875,2018.1600341796875,2004.3699951171875,289300,0.0089149649489925
2016-08-08,2031.1199951171875,2025.550048828125,2031.1400146484373,2018.81005859375,270500,0.0065102025991666
2016-08-09,2043.780029296875,2033.52001953125,2046.030029296875,2032.1800537109373,436700,0.0062136861456038
2016-08-10,2044.6400146484373,2043.030029296875,2049.360107421875,2039.8599853515625,331100,0.0004206932531403
2016-08-11,2048.800048828125,2042.6400146484373,2048.800048828125,2035.25,346100,0.0020325376931591
2016-08-12,2050.469970703125,2053.820068359375,2060.840087890625,2046.1500244140625,376500,0.0008147411414316
2016-08-16,2047.760009765625,2056.0,2063.090087890625,2047.72998046875,374900,-0.001322503297958
2016-08-17,2043.75,2045.3699951171875,2048.2900390625,2032.530029296875,391700,-0.0019601619157737
2016-08-18,2055.469970703125,2048.14990234375,2056.090087890625,2041.9000244140625,353100,0.0057181623436808
2016-08-19,2056.239990234375,2057.89990234375,2059.300048828125,2049.52001953125,392300,0.0003745495414645
2016-08-22,2042.1600341796875,2054.3701171875,2054.7099609375,2040.510009765625,343500,-0.0068709795842701
2016-08-23,2049.929931640625,2044.27001953125,2051.429931640625,2041.8599853515625,360400,0.0037975249143764
2016-08-24,2043.760009765625,2050.820068359375,2052.739990234375,2039.530029296875,285200,-0.0030143594825971
2016-08-25,2042.9200439453125,2041.5799560546875,2046.0,2035.010009765625,277400,-0.000411074917097
2016-08-26,2037.5,2036.739990234375,2039.9100341796875,2027.6800537109373,288200,-0.002656612346103
2016-08-29,2032.3499755859373,2028.6400146484373,2034.6300048828125,2024.9300537109373,317000,-0.0025308191671935
2016-08-30,2039.739990234375,2038.5999755859373,2049.989990234375,2036.760009765625,378600,0.0036295969997979
2016-08-31,2034.6500244140625,2038.5799560546875,2041.1700439453125,2027.239990234375,401000,-0.0024985180357768
2016-09-01,2032.719970703125,2022.9599609375,2032.719970703125,2016.469970703125,300500,-0.0009490426777589
2016-09-02,2038.31005859375,2033.9200439453125,2039.1800537109373,2030.1700439453125,342600,0.0027462786389624
2016-09-05,2060.080078125,2049.18994140625,2061.0,2047.489990234375,573000,0.0106237930312608
2016-09-06,2066.530029296875,2058.2099609375,2067.77001953125,2057.260009765625,462600,0.0031260314187292
2016-09-07,2061.8798828125,2068.81005859375,2073.889892578125,2061.8798828125,687200,-0.002252755201136
2016-09-08,2063.72998046875,2064.9599609375,2070.659912109375,2053.199951171875,656700,0.0008968845051175
2016-09-09,2037.8699951171875,2048.93994140625,2049.300048828125,2029.4599609375,392700,-0.0126098733024083
2016-09-12,1991.47998046875,2003.6700439453125,2011.0400390625,1991.469970703125,422900,-0.0230270712421418
2016-09-13,1999.3599853515625,2011.9300537109373,2013.030029296875,1997.5799560546875,437400,0.0039490509221234
2016-09-19,2015.780029296875,1997.4300537109373,2019.449951171875,1997.0999755859373,434400,0.0081791097815217
2016-09-20,2025.7099609375,2014.5,2026.56005859375,2010.25,362300,0.0049140053032356
2016-09-21,2035.989990234375,2022.81005859375,2035.989990234375,2021.780029296875,525100,0.0050619451811449
2016-09-22,2049.699951171875,2050.31005859375,2060.260009765625,2048.800048828125,447600,0.0067112348675021
2016-09-23,2054.070068359375,2053.219970703125,2057.35009765625,2048.9599609375,494100,0.0021298068939698
2016-09-26,2047.1099853515625,2052.760009765625,2060.7099609375,2042.699951171875,359600,-0.0033941887937805
2016-09-27,2062.820068359375,2037.3199462890625,2064.889892578125,2031.1300048828125,664000,0.0076449765898456
2016-09-28,2053.06005859375,2062.570068359375,2062.97998046875,2051.679931640625,546500,-0.0047426201728171
2016-09-29,2068.719970703125,2063.739990234375,2072.090087890625,2063.739990234375,416200,0.0075986526925979
2016-09-30,2043.6300048828125,2054.25,2056.330078125,2042.77001953125,326400,-0.012202403633125
2016-10-04,2054.860107421875,2056.93994140625,2059.25,2050.4599609375,318900,0.0054801306512262
2016-10-05,2053.0,2043.3699951171875,2056.010009765625,2036.8699951171875,292300,-0.0009056333469818
2016-10-06,2065.300048828125,2069.300048828125,2070.429931640625,2055.830078125,337700,0.0059733799168167
2016-10-07,2053.800048828125,2065.949951171875,2067.489990234375,2051.60009765625,422400,-0.0055837583970282
2016-10-10,2056.820068359375,2047.18994140625,2058.72998046875,2039.989990234375,314900,0.0014693744440113
2016-10-11,2031.9300537109373,2053.2900390625,2060.780029296875,2030.510009765625,343200,-0.0121750272631746
2016-10-12,2033.72998046875,2022.969970703125,2037.02001953125,2022.3900146484373,297400,0.0008854291112753
2016-10-13,2015.43994140625,2033.989990234375,2035.9300537109373,2014.8900146484373,440300,-0.0090340310771818
2016-10-14,2022.6600341796875,2021.6600341796875,2028.760009765625,2021.1099853515625,458900,0.0035759889607081
2016-10-17,2027.6099853515625,2028.9300537109373,2033.56005859375,2011.81005859375,333400,0.0024442585864255
2016-10-18,2040.4300537109373,2027.81005859375,2040.719970703125,2026.469970703125,305900,0.0063028439626512
2016-10-19,2040.93994140625,2036.1800537109373,2050.510009765625,2035.9000244140625,321900,0.0002498610508604
2016-10-20,2040.5999755859373,2044.1199951171875,2048.25,2036.5400390625,276000,-0.0001665870372521
2016-10-21,2033.0,2039.4000244140625,2040.4000244140625,2029.7900390625,260400,-0.003731335648699
2016-10-24,2047.739990234375,2037.18994140625,2047.739990234375,2036.77001953125,252000,0.0072242065778446
2016-10-25,2037.1700439453125,2042.2900390625,2042.6500244140625,2031.25,299100,-0.0051751298270663
2016-10-26,2013.8900146484373,2030.3699951171875,2030.3699951171875,2002.2900390625,392400,-0.0114934289947803
2016-10-27,2024.1199951171875,2018.239990234375,2026.3299560546875,2015.6600341796875,298700,0.0050668533907512
2016-10-28,2019.4200439453125,2021.969970703125,2026.8499755859373,2015.719970703125,270500,-0.0023246725607046
2016-10-31,2008.18994140625,2011.2900390625,2016.010009765625,2005.949951171875,400700,-0.0055765735425543
2016-11-01,2007.3900146484373,2003.4100341796875,2010.510009765625,1990.449951171875,321800,-0.0003984115754875
2016-11-02,1978.93994140625,1995.4100341796875,1997.4599609375,1976.3399658203125,333500,-0.0142740599046457
2016-11-03,1983.800048828125,1974.9300537109373,1988.8199462890625,1973.5799560546875,272700,0.0024529037336206
2016-11-04,1982.02001953125,1983.8699951171875,1985.2900390625,1976.5699462890625,227800,-0.0008976854147324
2016-11-07,1997.5799560546875,1997.5799560546875,2001.739990234375,1992.1400146484373,210300,0.0078198893911581
2016-11-08,2003.3800048828125,2009.56005859375,2010.1700439453125,1994.3299560546875,239600,0.0028993306345192
2016-11-09,1958.3800048828125,2008.0799560546875,2015.22998046875,1931.0699462890625,709000,-0.0227181531954185
2016-11-10,2002.5999755859373,1989.8499755859373,2002.5999755859373,1983.260009765625,433900,0.0223287207416687
2016-11-11,1984.4300537109373,1988.8699951171875,1994.050048828125,1982.1500244140625,386900,-0.0091145777839476
2016-11-14,1974.4000244140625,1982.9300537109373,1988.6500244140625,1974.27001953125,352100,-0.0050671792221961
2016-11-15,1967.530029296875,1977.3299560546875,1978.93994140625,1967.2099609375,375700,-0.0034856032345182
2016-11-16,1979.6500244140625,1980.8199462890625,1985.6700439453125,1976.6300048828125,306500,0.0061411098772231
2016-11-17,1980.550048828125,1976.2099609375,1983.8699951171875,1968.800048828125,272200,0.0004545348279948
2016-11-18,1974.5799560546875,1983.0699462890625,1983.260009765625,1968.1300048828125,307000,-0.0030189133101926
2016-11-21,1966.050048828125,1971.030029296875,1976.22998046875,1962.4200439453125,223500,-0.0043292166675711
2016-11-22,1983.469970703125,1976.0699462890625,1986.8199462890625,1974.050048828125,231400,0.0088213427207464
2016-11-23,1987.949951171875,1987.6400146484373,1996.6500244140625,1981.219970703125,308200,0.0022561111426902
2016-11-24,1971.260009765625,1985.1099853515625,1988.9599609375,1968.5,235400,-0.0084309952910938
2016-11-25,1974.4599609375,1972.5999755859373,1978.449951171875,1969.0899658203125,201900,0.0016219863027183
2016-11-28,1978.1300048828125,1976.5799560546875,1983.4300537109373,1966.780029296875,213600,0.0018570329995013
2016-11-29,1978.3900146484373,1977.0999755859373,1982.530029296875,1972.31005859375,214600,0.0001314335652115
2016-11-30,1983.47998046875,1980.3800048828125,1988.43994140625,1977.0899658203125,233100,0.0025694778612155
2016-12-01,1983.75,1987.47998046875,1989.0799560546875,1979.6700439453125,217900,0.0001361249703175
2016-12-02,1970.6099853515625,1980.1400146484373,1981.6400146484373,1966.4200439453125,243200,-0.0066458608020041
2016-12-05,1963.3599853515625,1965.7099609375,1971.239990234375,1960.6500244140625,237200,-0.0036858482712795
2016-12-06,1989.8599853515625,1976.510009765625,1993.469970703125,1976.510009765625,214600,0.0134069933560661
2016-12-07,1991.8900146484373,1995.68994140625,1997.6199951171875,1987.260009765625,204400,0.0010196669669182
2016-12-08,2031.0699462890625,2008.31005859375,2031.0699462890625,2007.5699462890625,239400,0.0194787772318861
2016-12-09,2024.68994140625,2024.52001953125,2026.8299560546875,2019.7900390625,225700,-0.003146147859857
2016-12-12,2027.239990234375,2031.949951171875,2031.949951171875,2020.969970703125,289800,0.0012586837422233
2016-12-13,2035.97998046875,2026.3900146484373,2035.989990234375,2023.6099853515625,383400,0.0043020086418363
2016-12-14,2036.8699951171875,2043.0699462890625,2044.4200439453125,2031.1800537109373,384000,0.0004370476044732
2016-12-15,2036.6500244140625,2022.1400146484373,2040.6199951171875,2021.760009765625,300200,-0.0001080003055265
2016-12-16,2042.239990234375,2037.3499755859373,2043.5999755859373,2033.22998046875,289700,0.0027409267226486
2016-12-19,2038.3900146484373,2039.4000244140625,2046.030029296875,2037.0400390625,249900,-0.001886952124392
2016-12-20,2041.93994140625,2044.8699951171875,2047.3800048828125,2040.81005859375,314200,0.001740019896289
2016-12-21,2037.9599609375,2049.469970703125,2053.4599609375,2037.9599609375,284600,-0.0019510193026738
2016-12-22,2035.72998046875,2041.6099853515625,2042.9000244140625,2033.989990234375,275100,-0.0010948210215155
2016-12-23,2035.9000244140625,2036.1700439453125,2037.7099609375,2031.5400390625,310900,8.35262266992104e-05
2016-12-26,2037.75,2038.3299560546875,2039.760009765625,2034.800048828125,366600,0.0009082644321567
2016-12-27,2042.1700439453125,2040.739990234375,2044.4300537109373,2037.1199951171875,384000,0.0021667315177477
2016-12-28,2024.489990234375,2021.8599853515625,2029.68994140625,2020.8599853515625,356600,-0.0086951773472761
2016-12-29,2026.4599609375,2020.4200439453125,2026.5699462890625,2016.25,264500,0.0009725969869587
2017-01-02,2026.1600341796875,2022.22998046875,2031.7900390625,2015.6800537109373,229900,-0.0001480162259089
2017-01-03,2043.969970703125,2034.31005859375,2044.0699462890625,2028.469970703125,268100,0.0087515878727593
2017-01-04,2045.6400146484373,2046.2900390625,2046.2900390625,2040.6099853515625,371500,0.0008167253327951
2017-01-05,2041.949951171875,2045.52001953125,2046.5,2039.489990234375,541300,-0.001805496397549
2017-01-06,2049.1201171875,2048.110107421875,2051.840087890625,2045.6600341796875,455400,0.00350528015285
2017-01-09,2048.780029296875,2053.179931640625,2053.179931640625,2046.469970703125,398300,-0.0001659815413987
2017-01-10,2045.1199951171875,2043.300048828125,2046.780029296875,2039.5,512700,-0.0017880432511711
2017-01-11,2075.169921875,2048.080078125,2079.699951171875,2047.56005859375,335500,0.014586575297858
2017-01-12,2087.139892578125,2077.68994140625,2087.139892578125,2073.889892578125,555800,0.0057516159224114
2017-01-13,2076.7900390625,2077.1201171875,2080.93994140625,2073.43994140625,518300,-0.0049712050875436
2017-01-16,2064.169921875,2077.030029296875,2080.050048828125,2058.929931640625,683900,-0.00609528050446
2017-01-17,2071.8701171875,2067.52001953125,2078.800048828125,2065.530029296875,601400,0.0037234669568953
2017-01-18,2070.5400390625,2073.77001953125,2075.22998046875,2058.35009765625,530100,-0.0006421759895998
2017-01-19,2072.7900390625,2085.610107421875,2091.02001953125,2065.030029296875,415700,0.0010860830195738
2017-01-20,2065.610107421875,2065.5400390625,2072.320068359375,2064.0,392600,-0.0034699103955687
2017-01-23,2065.989990234375,2067.6201171875,2073.800048828125,2058.909912109375,444900,0.0001838913760245
2017-01-24,2065.760009765625,2070.219970703125,2072.659912109375,2058.590087890625,312400,-0.0001113235161795
2017-01-25,2066.93994140625,2075.330078125,2077.719970703125,2062.9599609375,310200,0.0005710221824121
2017-01-26,2083.590087890625,2074.77001953125,2088.60009765625,2068.5,257900,0.008023185319946
2017-01-31,2067.570068359375,2077.659912109375,2079.969970703125,2067.570068359375,288300,-0.0077183719531792
2017-02-01,2080.47998046875,2075.31005859375,2082.699951171875,2073.969970703125,452500,0.0062245892121882
2017-02-02,2071.010009765625,2080.22998046875,2092.449951171875,2067.760009765625,825500,-0.0045622112306084
2017-02-03,2073.159912109375,2075.89990234375,2079.85009765625,2064.050048828125,392600,0.001037555205094
2017-02-06,2077.659912109375,2085.72998046875,2088.3701171875,2073.030029296875,315300,0.0021682472155162
2017-02-07,2075.2099609375,2077.800048828125,2079.22998046875,2071.050048828125,271800,-0.0011798835653366
2017-02-08,2065.080078125,2072.580078125,2072.580078125,2052.2900390625,266700,-0.0048933301435338
2017-02-09,2065.8798828125,2067.14990234375,2072.68994140625,2062.1201171875,236000,0.000387224618518
2017-02-10,2075.080078125,2075.800048828125,2080.739990234375,2072.22998046875,314700,0.0044435157728201
2017-02-13,2078.64990234375,2074.93994140625,2078.659912109375,2070.360107421875,289700,0.0017188527489473
2017-02-14,2074.570068359375,2079.300048828125,2081.590087890625,2068.159912109375,332400,-0.0019646613112066
2017-02-15,2083.860107421875,2073.60009765625,2087.68994140625,2069.889892578125,338000,0.0044680584379064
2017-02-16,2081.840087890625,2088.090087890625,2092.590087890625,2078.35009765625,330500,-0.000969834407121
2017-02-17,2080.580078125,2072.570068359375,2081.179931640625,2072.570068359375,301500,-0.000605421727676
2017-02-20,2084.389892578125,2084.159912109375,2085.590087890625,2077.1298828125,297200,0.0018294564150599
2017-02-21,2102.929931640625,2085.969970703125,2108.47998046875,2085.0,292500,0.0088553829162391
2017-02-22,2106.610107421875,2106.419921875,2108.97998046875,2101.56005859375,312200,0.0017484935098346
2017-02-23,2107.6298828125,2106.14990234375,2108.989990234375,2103.110107421875,430900,0.0004839664627039
2017-02-24,2094.1201171875,2106.429931640625,2107.830078125,2090.050048828125,385400,-0.0064305644932706
2017-02-27,2085.52001953125,2095.469970703125,2097.239990234375,2084.080078125,343700,-0.0041152393564799
2017-02-28,2091.639892578125,2087.260009765625,2094.409912109375,2084.360107421875,399800,0.0029301619063351
2017-03-02,2102.64990234375,2105.18994140625,2112.580078125,2096.31005859375,434700,0.0052500116075296
2017-03-03,2078.75,2090.919921875,2091.590087890625,2072.090087890625,425900,-0.011431655989286
2017-03-06,2081.360107421875,2073.199951171875,2083.800048828125,2067.679931640625,431400,0.0012548262891914
2017-03-07,2094.050048828125,2080.77001953125,2096.7900390625,2079.159912109375,277800,0.0060784354125794
2017-03-08,2095.409912109375,2092.27001953125,2101.56005859375,2088.18994140625,381400,0.0006491831127102
2017-03-09,2091.06005859375,2098.2900390625,2100.080078125,2090.72998046875,408200,-0.0020780538789953
2017-03-10,2097.35009765625,2088.669921875,2102.050048828125,2082.31005859375,500900,0.0030035471964487
2017-03-13,2117.590087890625,2102.3701171875,2122.8798828125,2100.909912109375,382100,0.0096040014405301
2017-03-14,2133.780029296875,2127.1201171875,2135.5,2124.419921875,365100,0.0076163774142003
2017-03-15,2133.0,2128.419921875,2135.3798828125,2127.260009765625,374700,-0.000365629022452
2017-03-16,2150.080078125,2154.97998046875,2156.85009765625,2143.010009765625,402400,0.0079756475962912
2017-03-17,2164.580078125,2150.469970703125,2164.590087890625,2148.860107421875,302800,0.0067212962607995
2017-03-20,2157.010009765625,2160.320068359375,2160.570068359375,2151.510009765625,264900,-0.0035033753540279
2017-03-21,2178.3798828125,2162.949951171875,2181.989990234375,2160.25,303900,0.009858419496966
2017-03-22,2168.300048828125,2159.969970703125,2170.0,2158.9599609375,394400,-0.004637954582126
2017-03-23,2172.719970703125,2174.090087890625,2182.419921875,2170.56005859375,358600,0.0020363524620785
2017-03-24,2168.949951171875,2171.360107421875,2179.340087890625,2163.340087890625,358700,-0.0017366684002356
2017-03-27,2155.659912109375,2161.169921875,2165.25,2153.139892578125,395900,-0.0061462565735136
2017-03-28,2163.31005859375,2166.580078125,2169.139892578125,2157.7099609375,394000,0.0035425828551608
2017-03-29,2166.97998046875,2172.31005859375,2172.31005859375,2162.0400390625,626800,0.0016950008985743
2017-03-30,2164.639892578125,2170.179931640625,2174.159912109375,2159.159912109375,643600,-0.0010804679020149
2017-03-31,2160.22998046875,2166.6201171875,2166.929931640625,2159.800048828125,441600,-0.0020393277796438
2017-04-03,2167.510009765625,2166.0400390625,2171.330078125,2161.260009765625,398500,0.003364359310003
2017-04-04,2161.10009765625,2165.22998046875,2166.93994140625,2156.889892578125,522100,-0.0029616512624675
2017-04-05,2160.85009765625,2161.89990234375,2164.85009765625,2146.97998046875,571700,-0.000115688515129
2017-04-06,2152.75,2152.639892578125,2153.830078125,2143.300048828125,510200,-0.0037556134057908
2017-04-07,2151.72998046875,2154.8701171875,2155.699951171875,2142.510009765625,408500,-0.0004739339269648
2017-04-10,2133.320068359375,2148.830078125,2148.830078125,2128.35009765625,512900,-0.0085926769455307
2017-04-11,2123.85009765625,2129.22998046875,2136.550048828125,2117.820068359375,489300,-0.0044489583239244
2017-04-12,2128.909912109375,2128.169921875,2129.820068359375,2122.93994140625,427400,0.0023795449679707
2017-04-13,2148.610107421875,2130.639892578125,2148.610107421875,2125.8701171875,357600,0.0092111010631987
2017-04-14,2134.8798828125,2138.280029296875,2141.610107421875,2127.800048828125,383700,-0.006410787308759
2017-04-17,2145.760009765625,2140.8701171875,2150.699951171875,2138.699951171875,259300,0.0050834224114914
2017-04-18,2148.4599609375,2155.360107421875,2155.360107421875,2139.31005859375,291400,0.0012574817061409
2017-04-19,2138.39990234375,2144.97998046875,2148.030029296875,2133.820068359375,344200,-0.0046934480630951
2017-04-20,2149.14990234375,2138.18994140625,2150.429931640625,2134.050048828125,268300,0.0050145295172642
2017-04-21,2165.0400390625,2161.239990234375,2169.4599609375,2156.639892578125,281500,0.0073664853848181
2017-04-24,2173.739990234375,2175.5,2177.889892578125,2166.830078125,374700,0.0040103267614554
2017-04-25,2196.85009765625,2175.699951171875,2196.85009765625,2174.110107421875,275900,0.0105753787659375
2017-04-26,2207.840087890625,2202.3701171875,2210.610107421875,2200.72998046875,397500,0.004990141225387
2017-04-27,2209.4599609375,2201.719970703125,2211.590087890625,2199.760009765625,386100,0.0007334222722392
2017-04-28,2205.43994140625,2214.360107421875,2217.0400390625,2202.199951171875,268600,-0.0018211151922767
2017-05-02,2219.669921875,2213.610107421875,2229.739990234375,2212.8701171875,295100,0.0064314920800698
2017-05-04,2241.239990234375,2224.909912109375,2241.239990234375,2224.909912109375,261900,0.0096707787845769
2017-05-08,2292.760009765625,2245.610107421875,2292.760009765625,2244.22998046875,281800,0.0227270565071279
2017-05-10,2270.1201171875,2294.10009765625,2323.219970703125,2264.31005859375,422900,-0.0099235911273332
2017-05-11,2296.3701171875,2278.469970703125,2297.669921875,2271.659912109375,463500,0.0114969211775609
2017-05-12,2286.02001953125,2296.06005859375,2296.510009765625,2283.3798828125,335300,-0.0045173435469792
2017-05-15,2290.64990234375,2288.22998046875,2297.31005859375,2280.60009765625,251600,0.0020232546680991
2017-05-16,2295.330078125,2306.72998046875,2309.0,2283.840087890625,368100,0.0020410806091554
2017-05-17,2293.080078125,2291.56005859375,2295.8701171875,2283.010009765625,394800,-0.000980731932728
2017-05-18,2286.820068359375,2271.27001953125,2288.85009765625,2267.080078125,378300,-0.0027336900211166
2017-05-19,2288.47998046875,2286.780029296875,2293.820068359375,2282.1298828125,421100,0.0007255970819345
2017-05-22,2304.030029296875,2300.679931640625,2305.2099609375,2292.949951171875,340100,0.0067719431078419
2017-05-23,2311.739990234375,2308.68994140625,2326.570068359375,2303.14990234375,341100,0.003340707216931
2017-05-24,2317.340087890625,2319.3701171875,2322.5400390625,2312.929931640625,409600,0.0024195305735527
2017-05-25,2342.929931640625,2325.489990234375,2343.719970703125,2321.260009765625,369300,0.0109822395872373
2017-05-26,2355.300048828125,2344.389892578125,2364.800048828125,2341.610107421875,312900,0.0052658749459315
2017-05-29,2352.969970703125,2362.590087890625,2371.669921875,2344.25,316200,-0.0009897810896822
2017-05-30,2343.679931640625,2356.5400390625,2358.68994140625,2332.159912109375,508800,-0.0039560330753089
2017-05-31,2347.3798828125,2339.25,2355.22998046875,2338.25,555900,0.0015774482037958
2017-06-01,2344.610107421875,2348.31005859375,2351.31005859375,2335.6298828125,336700,-0.0011806400772912
2017-06-02,2371.719970703125,2353.77001953125,2372.64990234375,2353.449951171875,399500,0.0114962953874476
2017-06-05,2368.6201171875,2376.659912109375,2376.830078125,2363.610107421875,326400,-0.0013078614192269
2017-06-07,2360.139892578125,2364.9599609375,2369.429931640625,2356.7099609375,376200,-0.0035866627541962
2017-06-08,2363.570068359375,2361.639892578125,2365.52001953125,2347.6201171875,417100,0.001452323031066
2017-06-09,2381.68994140625,2371.219970703125,2385.14990234375,2367.81005859375,520600,0.0076370782969021
2017-06-12,2357.8701171875,2370.68994140625,2374.699951171875,2353.35009765625,327200,-0.0100515762962435
2017-06-13,2374.699951171875,2358.919921875,2375.81005859375,2358.919921875,322100,0.0071123743281968
2017-06-14,2372.639892578125,2384.5400390625,2387.2900390625,2366.919921875,393000,-0.0008678791874433
2017-06-15,2361.64990234375,2373.360107421875,2378.0400390625,2350.3701171875,334900,-0.0046427280336138
2017-06-16,2361.830078125,2364.199951171875,2365.3701171875,2355.2900390625,329200,7.62894230873497e-05
2017-06-19,2370.89990234375,2364.02001953125,2377.199951171875,2356.840087890625,290900,0.0038328133485323
2017-06-20,2369.22998046875,2382.5400390625,2382.5400390625,2365.449951171875,360700,-0.0007045891084717
2017-06-21,2357.530029296875,2358.22998046875,2359.969970703125,2346.18994140625,360300,-0.0049505263828125
2017-06-22,2370.3701171875,2364.219970703125,2370.389892578125,2354.10009765625,299200,0.0054316373277237
2017-06-23,2378.60009765625,2371.5400390625,2380.93994140625,2369.169921875,256300,0.003466009823382
2017-06-26,2388.659912109375,2381.090087890625,2390.699951171875,2377.8798828125,325700,0.0042203820913132
2017-06-27,2391.949951171875,2386.760009765625,2397.139892578125,2383.469970703125,358000,0.0013764099878494
2017-06-28,2382.56005859375,2382.909912109375,2390.889892578125,2380.75,361200,-0.0039333479938306
2017-06-29,2395.659912109375,2396.81005859375,2402.800048828125,2393.570068359375,445100,0.0054831658720768
2017-06-30,2391.7900390625,2382.14990234375,2391.81005859375,2381.39990234375,343500,-0.0016166744004488
2017-07-03,2394.47998046875,2397.659912109375,2399.89990234375,2384.550048828125,311000,0.0011240242102872
2017-07-04,2380.52001953125,2395.239990234375,2398.02001953125,2376.409912109375,411800,-0.0058471207163814
2017-07-05,2388.35009765625,2377.010009765625,2390.2900390625,2375.6298828125,333700,0.0032838324252609
2017-07-06,2387.81005859375,2390.31005859375,2392.5,2380.820068359375,301500,-0.0002261394288023
2017-07-07,2379.8701171875,2376.2900390625,2385.02001953125,2372.830078125,314400,-0.0033307388305697
2017-07-10,2382.10009765625,2386.300048828125,2389.8701171875,2378.0400390625,296300,0.0009365789919502
2017-07-11,2396.0,2386.419921875,2396.4599609375,2382.68994140625,284500,0.0058181876773024
2017-07-12,2391.77001953125,2395.409912109375,2399.280029296875,2390.449951171875,268900,-0.0017669944680254
2017-07-13,2409.489990234375,2405.760009765625,2422.260009765625,2402.919921875,289300,0.0073814170128375
2017-07-14,2414.6298828125,2418.27001953125,2421.47998046875,2411.340087890625,258800,0.002130914926794
2017-07-17,2425.10009765625,2427.760009765625,2430.340087890625,2419.909912109375,254200,0.0043267831967702
2017-07-18,2426.0400390625,2425.070068359375,2426.159912109375,2419.169921875,260700,0.0003875136118612
2017-07-19,2429.93994140625,2430.090087890625,2430.090087890625,2419.639892578125,271000,0.0016062270429053
2017-07-20,2441.840087890625,2436.06005859375,2443.68994140625,2427.949951171875,251900,0.0048853478937184
2017-07-21,2450.06005859375,2438.780029296875,2451.590087890625,2437.840087890625,250100,0.0033606484978499
2017-07-24,2451.530029296875,2451.409912109375,2451.530029296875,2443.64990234375,233400,0.0005997934224755
2017-07-25,2439.89990234375,2450.760009765625,2453.169921875,2437.139892578125,275200,-0.0047553165563818
2017-07-26,2434.510009765625,2446.820068359375,2446.9599609375,2429.6201171875,336100,-0.0022115065708601
2017-07-27,2443.239990234375,2443.280029296875,2448.239990234375,2435.489990234375,426500,0.0035795150592516
2017-07-28,2400.989990234375,2433.4599609375,2434.3798828125,2399.06005859375,318700,-0.0174438750905676
2017-07-31,2402.7099609375,2392.02001953125,2403.89990234375,2388.389892578125,277600,0.0007161025018666
2017-08-01,2422.9599609375,2397.1201171875,2432.6201171875,2394.27001953125,264000,0.0083926663820284
2017-08-02,2427.6298828125,2431.93994140625,2434.469970703125,2424.179931640625,261600,0.0019255073994182
2017-08-03,2386.85009765625,2423.2099609375,2423.550048828125,2374.110107421875,303600,-0.0169408786041332
2017-08-04,2395.449951171875,2389.739990234375,2400.330078125,2383.449951171875,273600,0.0035965383592855
2017-08-07,2398.75,2402.570068359375,2412.1298828125,2395.739990234375,244100,0.0013766840694754
2017-08-08,2394.72998046875,2404.679931640625,2410.219970703125,2383.93994140625,252900,-0.001677286852177
2017-08-09,2368.389892578125,2379.699951171875,2387.530029296875,2366.330078125,234100,-0.0110601274372771
2017-08-10,2359.469970703125,2360.949951171875,2371.5,2339.06005859375,283900,-0.0037733489217316
2017-08-11,2319.7099609375,2323.06005859375,2335.1201171875,2310.199951171875,318600,-0.0169948441029087
2017-08-14,2334.219970703125,2336.02001953125,2341.780029296875,2327.800048828125,214000,0.0062356146287767
2017-08-16,2348.260009765625,2355.739990234375,2358.4599609375,2343.719970703125,270500,0.005996856877995
2017-08-17,2361.669921875,2351.610107421875,2364.5,2346.739990234375,255800,0.0056943302932867
2017-08-18,2358.3701171875,2340.18994140625,2362.429931640625,2340.18994140625,201500,-0.00139821069219
2017-08-21,2355.0,2363.3798828125,2363.3798828125,2351.9599609375,207200,-0.0014300246651654
2017-08-22,2365.330078125,2360.2900390625,2369.02001953125,2359.969970703125,251900,0.0043768526543671
2017-08-23,2366.39990234375,2376.530029296875,2379.590087890625,2360.7099609375,228600,0.000452191583795
2017-08-24,2375.840087890625,2370.1201171875,2382.719970703125,2368.2900390625,295500,0.0039813244525652
2017-08-25,2378.510009765625,2381.469970703125,2384.590087890625,2372.669921875,342000,0.0011231491584869
2017-08-28,2370.300048828125,2376.3798828125,2383.4599609375,2366.22998046875,226900,-0.0034576953029587
2017-08-29,2364.739990234375,2356.199951171875,2364.739990234375,2332.85009765625,223100,-0.0023484748189438
2017-08-30,2372.2900390625,2368.1298828125,2372.2900390625,2363.429931640625,305600,0.0031876746292942
2017-08-31,2363.18994140625,2373.9599609375,2377.02001953125,2355.2900390625,265100,-0.003843373383748
2017-09-01,2357.68994140625,2367.449951171875,2370.25,2351.3701171875,280100,-0.0023300751660427
2017-09-04,2329.64990234375,2316.889892578125,2344.820068359375,2316.889892578125,248500,-0.011964301492055
2017-09-05,2326.6201171875,2340.6201171875,2340.6201171875,2319.93994140625,320400,-0.0013013788165813
2017-09-06,2319.820068359375,2324.840087890625,2325.56005859375,2314.31005859375,252700,-0.0029269950376696
2017-09-07,2346.18994140625,2328.93994140625,2349.7900390625,2328.919921875,277000,0.0113030849662734
2017-09-08,2343.719970703125,2350.18994140625,2351.72998046875,2340.6298828125,214600,-0.0010533127406606
2017-09-11,2359.080078125,2354.860107421875,2369.719970703125,2354.35009765625,243600,0.0065323474875983
2017-09-12,2365.469970703125,2372.02001953125,2372.449951171875,2359.1201171875,333600,0.0027049756731394
2017-09-13,2360.179931640625,2370.5400390625,2373.610107421875,2360.169921875,318900,-0.0022388629634085
2017-09-14,2377.659912109375,2365.5400390625,2377.659912109375,2358.429931640625,314300,0.0073789154375099
2017-09-15,2386.070068359375,2368.43994140625,2386.070068359375,2365.3701171875,298700,0.0035309159092511
2017-09-18,2418.2099609375,2390.580078125,2418.239990234375,2389.64990234375,273500,0.0133798912046415
2017-09-19,2416.050048828125,2419.300048828125,2422.050048828125,2411.679931640625,254600,-0.000893585470676
2017-09-20,2412.199951171875,2420.820068359375,2429.1201171875,2405.780029296875,303300,-0.0015948215077082
2017-09-21,2406.5,2412.010009765625,2415.1298828125,2401.889892578125,335300,-0.0023657641638238
2017-09-25,2380.39990234375,2388.77001953125,2392.43994140625,2374.68994140625,339300,-0.0109049099976106
2017-09-26,2374.320068359375,2371.6201171875,2381.31005859375,2365.340087890625,319100,-0.0025573902713388
2017-09-27,2372.570068359375,2376.889892578125,2377.179931640625,2368.919921875,202600,-0.0007373248711804
2017-09-28,2373.139892578125,2374.10009765625,2379.5400390625,2365.669921875,194800,0.0002401428769051
2017-09-29,2394.469970703125,2378.659912109375,2394.469970703125,2378.659912109375,184200,0.0089479722773857
2017-10-10,2433.81005859375,2425.6298828125,2443.199951171875,2421.10009765625,221700,0.0162960550128923
2017-10-11,2458.159912109375,2442.489990234375,2458.159912109375,2439.81005859375,201800,0.0099551120546376
2017-10-12,2474.760009765625,2461.699951171875,2474.760009765625,2459.47998046875,256200,0.0067303587251906
2017-10-13,2473.6201171875,2473.64990234375,2479.72998046875,2468.139892578125,234800,-0.0004607134331005
2017-10-16,2480.050048828125,2483.169921875,2487.7099609375,2470.239990234375,224400,0.0025960288175322
2017-10-17,2484.3701171875,2484.9599609375,2487.8798828125,2478.760009765625,199000,0.0017404124974829
2017-10-18,2482.909912109375,2481.530029296875,2490.580078125,2475.669921875,244200,-0.000587929454983
2017-10-19,2473.06005859375,2485.719970703125,2490.93994140625,2468.669921875,236600,-0.0039749500271426
2017-10-20,2489.5400390625,2477.300048828125,2489.5400390625,2476.8798828125,313200,0.0066416961774021
2017-10-23,2490.050048828125,2497.64990234375,2500.330078125,2485.47998046875,274200,0.0002048400604896
2017-10-24,2490.489990234375,2489.31005859375,2497.35009765625,2487.169921875,232000,0.0001766641384041
2017-10-25,2492.5,2495.8701171875,2497.409912109375,2481.47998046875,599400,0.0008067485098628
2017-10-26,2480.6298828125,2489.60009765625,2495.989990234375,2480.6298828125,646900,-0.0047737099206563
2017-10-27,2496.6298828125,2485.43994140625,2499.14990234375,2479.669921875,511200,0.0064292626333693
2017-10-30,2501.929931640625,2513.8701171875,2513.8701171875,2497.419921875,342000,0.0021206311462062
2017-10-31,2523.429931640625,2500.2099609375,2528.320068359375,2498.050048828125,313800,0.0085566533597599
2017-11-01,2556.469970703125,2535.969970703125,2556.469970703125,2535.830078125,361800,0.0130083291429709
2017-11-02,2546.360107421875,2560.340087890625,2561.6298828125,2542.02001953125,527700,-0.0039624586178425
2017-11-03,2557.969970703125,2558.3701171875,2558.3701171875,2539.719970703125,292800,0.0045490331246089
2017-11-06,2549.409912109375,2557.2900390625,2559.89990234375,2529.93994140625,221200,-0.0033520383466043
2017-11-07,2545.43994140625,2548.300048828125,2554.1298828125,2540.669921875,253900,-0.0015584253199811
2017-11-08,2552.39990234375,2534.47998046875,2558.739990234375,2533.72998046875,277000,0.0027305546958078
2017-11-09,2550.570068359375,2559.929931640625,2559.929931640625,2536.5400390625,293500,-0.0007171643467658
2017-11-10,2542.949951171875,2541.179931640625,2547.610107421875,2534.60009765625,291500,-0.0029920851761655
2017-11-13,2530.35009765625,2548.27001953125,2552.280029296875,2527.199951171875,266500,-0.0049671335423025
2017-11-14,2526.639892578125,2532.550048828125,2532.949951171875,2520.989990234375,287800,-0.001467357361199
2017-11-15,2518.25,2525.60009765625,2526.610107421875,2511.760009765625,398200,-0.0033260984844089
2017-11-16,2534.7900390625,2522.419921875,2538.280029296875,2514.510009765625,302900,0.0065465929449115
2017-11-17,2533.989990234375,2546.050048828125,2559.10009765625,2533.989990234375,362200,-0.0003156770781705
2017-11-20,2527.669921875,2536.800048828125,2542.6201171875,2523.52001953125,404300,-0.0024972328262015
2017-11-21,2530.699951171875,2533.85009765625,2539.8798828125,2525.9599609375,484900,0.0011980261370085
2017-11-22,2540.510009765625,2546.610107421875,2553.219970703125,2535.18994140625,485700,0.0038689271026886
2017-11-23,2537.14990234375,2542.340087890625,2544.580078125,2532.449951171875,391300,-0.0013234867913584
2017-11-24,2544.330078125,2539.7900390625,2544.330078125,2533.97998046875,297900,0.0028260194224851
2017-11-27,2507.81005859375,2544.739990234375,2546.7099609375,2506.68994140625,284900,-0.0144574990623412
2017-11-28,2514.18994140625,2512.52001953125,2521.06005859375,2500.929931640625,348200,0.0025407750874674
2017-11-29,2512.89990234375,2517.260009765625,2524.409912109375,2508.659912109375,301200,-0.0005132349454312
2017-11-30,2476.3701171875,2502.219970703125,2506.320068359375,2474.280029296875,339000,-0.0146436002794163
2017-12-01,2475.409912109375,2488.919921875,2488.919921875,2472.75,288600,-0.0003878221910016
2017-12-04,2501.669921875,2486.719970703125,2501.669921875,2476.2900390625,323800,0.0105524742710311
2017-12-05,2510.1201171875,2490.72998046875,2513.679931640625,2487.14990234375,395400,0.0033721298195189
2017-12-06,2474.3701171875,2510.18994140625,2510.469970703125,2474.2900390625,507600,-0.0143447419273897
2017-12-07,2461.97998046875,2479.550048828125,2480.85009765625,2452.39990234375,404900,-0.0050199692051837
2017-12-08,2464.0,2470.090087890625,2473.169921875,2459.02001953125,406400,0.0008201493520026
2017-12-11,2471.489990234375,2467.81005859375,2471.989990234375,2457.97998046875,240100,0.0030351580082727
2017-12-12,2461.0,2471.22998046875,2471.429931640625,2455.389892578125,281200,-0.0042534322706272
2017-12-13,2480.550048828125,2462.419921875,2481.919921875,2457.699951171875,255000,0.0079125580576535
2017-12-14,2469.47998046875,2486.570068359375,2514.610107421875,2469.47998046875,317800,-0.0044727352153053
2017-12-15,2482.070068359375,2488.389892578125,2495.080078125,2475.989990234375,340800,0.005085322736772
2017-12-18,2481.8798828125,2488.830078125,2488.830078125,2477.2900390625,324400,-7.662669802834462e-05
2017-12-19,2478.530029296875,2487.830078125,2498.669921875,2470.489990234375,308400,-0.0013506359692918
2017-12-21,2429.830078125,2471.340087890625,2471.72998046875,2429.830078125,247300,-0.019844326110778
2017-12-22,2440.5400390625,2437.590087890625,2444.570068359375,2426.93994140625,230400,0.0043980140904865
2017-12-26,2427.340087890625,2447.669921875,2457.18994140625,2427.340087890625,224600,-0.0054232985122354
2017-12-27,2436.669921875,2420.860107421875,2436.679931640625,2411.47998046875,194900,0.0038362772313059
2017-12-28,2467.489990234375,2439.31005859375,2467.510009765625,2437.260009765625,220300,0.0125691146551699
2018-01-02,2479.64990234375,2474.860107421875,2481.02001953125,2465.93994140625,262200,0.0049159461272471
2018-01-03,2486.35009765625,2484.6298828125,2493.39990234375,2481.909912109375,331100,0.0026984290689218
2018-01-04,2466.4599609375,2502.5,2502.5,2466.449951171875,333800,-0.008031902460139
2018-01-05,2497.52001953125,2476.85009765625,2497.52001953125,2475.510009765625,308800,0.0125143389260755
2018-01-08,2513.280029296875,2510.699951171875,2515.3701171875,2494.179931640625,311400,0.0062904372875086
2018-01-09,2510.22998046875,2510.72998046875,2524.72998046875,2498.409912109375,374300,-0.0012143099932051
2018-01-10,2499.75,2516.330078125,2516.820068359375,2493.97998046875,444000,-0.004183647757255
2018-01-11,2487.909912109375,2496.860107421875,2502.52001953125,2483.820068359375,444300,-0.0047477616117033
2018-01-12,2496.419921875,2499.8701171875,2500.8701171875,2482.14990234375,438800,0.0034147090253382
2018-01-15,2503.72998046875,2510.969970703125,2513.300048828125,2496.179931640625,404600,0.0029239378596957
2018-01-16,2521.739990234375,2504.159912109375,2524.550048828125,2498.550048828125,341600,0.0071675234250699
2018-01-17,2515.429931640625,2517.18994140625,2521.969970703125,2506.489990234375,336700,-0.0025053996558852
2018-01-18,2515.81005859375,2527.669921875,2532.080078125,2512.68994140625,333100,0.0001511066673766
2018-01-19,2520.260009765625,2519.669921875,2524.330078125,2513.090087890625,351800,0.0017672320955078
2018-01-22,2502.110107421875,2516.89990234375,2517.1201171875,2488.43994140625,343000,-0.0072276558402752
2018-01-23,2536.60009765625,2510.35009765625,2536.60009765625,2507.9599609375,370000,0.0136902213111217
2018-01-24,2538.0,2533.860107421875,2547.219970703125,2531.31005859375,371100,0.000551729142128
2018-01-25,2562.22998046875,2536.9599609375,2564.429931640625,2536.72998046875,514600,0.0095015961445462
2018-01-26,2574.760009765625,2560.68994140625,2574.760009765625,2553.530029296875,400600,0.0048783642445396
2018-01-29,2598.18994140625,2588.8701171875,2607.10009765625,2587.550048828125,437500,0.0090586965206369
2018-01-30,2567.739990234375,2590.409912109375,2599.169921875,2567.070068359375,397000,-0.0117888954090542
2018-01-31,2566.4599609375,2557.3701171875,2597.139892578125,2553.010009765625,403100,-0.0004986285441041
2018-02-01,2568.5400390625,2578.909912109375,2583.739990234375,2564.590087890625,595100,0.0008101570550233
2018-02-02,2525.389892578125,2565.989990234375,2565.989990234375,2519.60009765625,481800,-0.0169421955946776
2018-02-05,2491.75,2487.340087890625,2503.989990234375,2476.239990234375,442400,-0.0134101888436772
2018-02-06,2453.31005859375,2437.02001953125,2460.280029296875,2409.3798828125,582800,-0.0155471178239983
2018-02-07,2396.56005859375,2483.719970703125,2484.179931640625,2396.56005859375,460100,-0.0234037567766042
2018-02-08,2407.6201171875,2400.169921875,2423.8798828125,2393.4599609375,362400,0.0046043560934801
2018-02-09,2363.77001953125,2346.72998046875,2372.89990234375,2346.72998046875,489100,-0.0183809460091408
2018-02-12,2385.3798828125,2380.489990234375,2397.89990234375,2367.31005859375,352300,0.009100581312667
2018-02-13,2395.18994140625,2402.889892578125,2421.800048828125,2388.5400390625,423400,0.0041041435328879
2018-02-14,2421.830078125,2412.469970703125,2426.6298828125,2408.02001953125,305700,0.0110609498057341
2018-02-19,2442.820068359375,2452.52001953125,2455.1201171875,2428.14990234375,322100,0.0086296526426865
2018-02-20,2415.1201171875,2433.35009765625,2438.47998046875,2411.22998046875,421500,-0.011404113809658
2018-02-21,2429.64990234375,2417.72998046875,2432.449951171875,2404.02001953125,432300,0.0059981500298788
2018-02-22,2414.280029296875,2417.179931640625,2422.6201171875,2405.22998046875,349500,-0.0063460557215247
2018-02-23,2451.52001953125,2427.1298828125,2451.52001953125,2427.1298828125,300600,0.0153071301714779
2018-02-26,2457.64990234375,2465.35009765625,2466.080078125,2447.860107421875,321300,0.0024973207674043
2018-02-27,2456.139892578125,2474.080078125,2480.7900390625,2456.139892578125,271200,-0.0006146008991745
2018-02-28,2427.360107421875,2447.110107421875,2460.1201171875,2426.2099609375,367600,-0.0117866769092882
2018-03-02,2402.159912109375,2406.570068359375,2410.340087890625,2387.25,320400,-0.0104359952636856
2018-03-05,2375.06005859375,2405.919921875,2407.97998046875,2374.800048828125,312300,-0.0113455710127507
2018-03-06,2411.409912109375,2400.669921875,2413.010009765625,2392.8701171875,400100,0.0151888772174051
2018-03-07,2401.820068359375,2413.389892578125,2429.429931640625,2395.239990234375,413000,-0.0039847904539428
2018-03-08,2433.080078125,2420.669921875,2433.080078125,2407.590087890625,394800,0.0129311648276396
2018-03-09,2459.449951171875,2443.429931640625,2476.429931640625,2436.030029296875,437300,0.0107797512711908
2018-03-12,2484.1201171875,2485.639892578125,2489.4599609375,2474.909912109375,391300,0.0099807913996649
2018-03-13,2494.489990234375,2483.050048828125,2494.489990234375,2478.760009765625,350200,0.0041657763188606
2018-03-14,2486.080078125,2477.429931640625,2486.97998046875,2474.77001953125,360900,-0.0033770913717459
2018-03-15,2492.3798828125,2486.0,2496.510009765625,2471.0400390625,344000,0.0025308260383704
2018-03-16,2493.969970703125,2495.110107421875,2497.800048828125,2476.8798828125,377800,0.0006377763258639
2018-03-19,2475.030029296875,2491.989990234375,2493.56005859375,2470.909912109375,477200,-0.0076232775728357
2018-03-20,2485.52001953125,2456.800048828125,2485.52001953125,2456.800048828125,291500,0.0042293720526283
2018-03-21,2484.969970703125,2488.219970703125,2492.8798828125,2483.780029296875,399100,-0.0002213257974368
2018-03-22,2496.02001953125,2494.840087890625,2508.7099609375,2485.340087890625,482100,0.0044368958690661
2018-03-23,2416.760009765625,2446.72998046875,2450.39990234375,2412.6201171875,458000,-0.0322696669373873
2018-03-26,2437.080078125,2414.679931640625,2437.080078125,2399.43994140625,306900,0.0083728292245251
2018-03-27,2452.06005859375,2455.0,2456.550048828125,2444.919921875,332100,0.0061278780831758
2018-03-28,2419.2900390625,2425.93994140625,2430.77001953125,2409.469970703125,501300,-0.0134543866525589
2018-03-29,2436.3701171875,2421.699951171875,2439.469970703125,2413.7099609375,333400,0.0070351499162444
2018-03-30,2445.85009765625,2454.10009765625,2458.239990234375,2445.719970703125,395300,0.0038834759457159
2018-04-02,2444.159912109375,2454.719970703125,2467.52001953125,2440.889892578125,390300,-0.0006912810447451
2018-04-03,2442.429931640625,2422.260009765625,2442.429931640625,2416.43994140625,497100,-0.0007080522803599
2018-04-04,2408.06005859375,2447.969970703125,2447.969970703125,2405.909912109375,551700,-0.0141719489631386
2018-04-05,2437.52001953125,2426.919921875,2446.780029296875,2420.919921875,591000,0.0121596685851428
2018-04-06,2429.580078125,2420.8798828125,2433.969970703125,2417.239990234375,454300,-0.0032627019335846
2018-04-09,2444.080078125,2424.14990234375,2446.280029296875,2424.14990234375,334400,0.005950370899265
2018-04-10,2450.739990234375,2439.93994140625,2454.360107421875,2419.550048828125,356400,0.0027212098202081
2018-04-11,2444.219970703125,2456.530029296875,2458.989990234375,2441.199951171875,355200,-0.0026639741445066
2018-04-12,2442.7099609375,2450.949951171875,2454.949951171875,2441.580078125,441600,-0.0006179789089686
2018-04-13,2455.070068359375,2449.419921875,2457.85009765625,2442.35009765625,395900,0.0050472391928669
2018-04-16,2457.489990234375,2466.0400390625,2466.159912109375,2449.969970703125,347200,0.0009851979586493
2018-04-17,2453.77001953125,2459.389892578125,2465.6298828125,2449.080078125,394700,-0.0015148745564781
2018-04-18,2479.97998046875,2467.550048828125,2486.72998046875,2467.550048828125,647300,0.0106248624280612
2018-04-19,2486.10009765625,2483.260009765625,2490.570068359375,2476.510009765625,727000,0.0024647690691947
2018-04-20,2476.330078125,2478.590087890625,2485.14990234375,2472.3701171875,531700,-0.0039375998487022
2018-04-23,2474.110107421875,2473.699951171875,2478.570068359375,2466.570068359375,701400,-0.0008968781638515
2018-04-24,2464.139892578125,2478.469970703125,2479.320068359375,2454.43994140625,524300,-0.004037960164381
2018-04-25,2448.81005859375,2444.18994140625,2453.5400390625,2436.510009765625,466100,-0.0062406024439702
2018-04-26,2475.639892578125,2460.6201171875,2484.090087890625,2456.199951171875,520900,0.0108966888591552
2018-04-27,2492.39990234375,2497.75,2508.1298828125,2484.18994140625,465000,0.0067471574461963
2018-04-30,2515.3798828125,2502.2900390625,2515.3798828125,2500.219970703125,746300,0.0091777764828959
2018-05-02,2505.610107421875,2515.75,2516.570068359375,2501.7099609375,807600,-0.0038915782502616
2018-05-03,2487.25,2506.93994140625,2507.909912109375,2487.25,614100,-0.0073545782516192
2018-05-04,2461.3798828125,2486.469970703125,2487.77001953125,2461.3798828125,612000,-0.0104555618317894
2018-05-08,2449.81005859375,2468.449951171875,2479.75,2444.080078125,714700,-0.0047116262088801
2018-05-09,2443.97998046875,2450.7099609375,2451.860107421875,2428.7900390625,593400,-0.0023826444684278
2018-05-10,2464.159912109375,2458.669921875,2464.719970703125,2448.010009765625,490000,0.0082230929822028
2018-05-11,2477.7099609375,2469.300048828125,2483.85009765625,2468.409912109375,599900,0.0054837877696262
2018-05-14,2476.110107421875,2482.969970703125,2486.169921875,2471.909912109375,650700,-0.0006459070168755
2018-05-15,2458.5400390625,2476.8701171875,2480.219970703125,2456.199951171875,712600,-0.0071211300038084
2018-05-16,2459.820068359375,2446.639892578125,2465.550048828125,2444.669921875,691800,0.0005205106164728
2018-05-17,2448.449951171875,2468.719970703125,2472.820068359375,2448.429931640625,596800,-0.0046330529822995
2018-05-18,2460.64990234375,2459.72998046875,2461.949951171875,2452.340087890625,431400,0.0049703516538424
2018-05-21,2465.570068359375,2464.070068359375,2472.300048828125,2447.68994140625,588100,0.0019975428141307
2018-05-23,2471.909912109375,2462.97998046875,2476.860107421875,2460.070068359375,752700,0.002568049798394
2018-05-24,2466.010009765625,2477.47998046875,2481.31005859375,2457.840087890625,638100,-0.0023896317658577
2018-05-25,2460.800048828125,2452.800048828125,2466.570068359375,2444.77001953125,653600,-0.0021149436724963
2018-05-28,2478.9599609375,2465.0,2482.39990234375,2463.139892578125,708400,0.0073525814551683
2018-05-29,2457.25,2476.699951171875,2479.679931640625,2457.179931640625,571800,-0.0087962631621327
2018-05-30,2409.030029296875,2446.81005859375,2449.8798828125,2399.580078125,575900,-0.0198186494480101
2018-05-31,2423.010009765625,2428.830078125,2430.14990234375,2415.5,816900,0.0057863839547963
2018-06-01,2438.9599609375,2419.6298828125,2445.31005859375,2418.110107421875,603000,0.0065611299478614
2018-06-04,2447.760009765625,2444.6201171875,2452.669921875,2441.25,438900,0.0036016216986027
2018-06-05,2453.760009765625,2450.389892578125,2455.780029296875,2432.81005859375,501400,0.0024482213570423
2018-06-07,2470.580078125,2468.260009765625,2478.669921875,2466.010009765625,474100,0.0068314265354972
2018-06-08,2451.580078125,2467.8798828125,2468.27001953125,2449.110107421875,530200,-0.0077202259846984
2018-06-11,2470.14990234375,2454.25,2470.989990234375,2448.0,427900,0.0075460914806727
2018-06-12,2468.830078125,2474.780029296875,2479.56005859375,2462.840087890625,613200,-0.0005344521562692
2018-06-14,2423.47998046875,2450.860107421875,2451.949951171875,2422.3701171875,533400,-0.0185398701673675
2018-06-15,2404.0400390625,2432.179931640625,2433.510009765625,2403.969970703125,502400,-0.0080538439643962
2018-06-18,2376.239990234375,2404.679931640625,2405.56005859375,2365.31005859375,564800,-0.0116312693277979
2018-06-19,2340.110107421875,2373.1201171875,2379.489990234375,2336.5400390625,606300,-0.0153214196741586
2018-06-20,2363.909912109375,2350.239990234375,2374.52001953125,2345.219970703125,456000,0.0101190078565723
2018-06-21,2337.830078125,2364.159912109375,2370.580078125,2337.830078125,438300,-0.0110938084683742
2018-06-22,2357.219970703125,2323.080078125,2357.39990234375,2320.760009765625,537300,0.0082597640552781
2018-06-25,2357.8798828125,2351.889892578125,2361.389892578125,2337.219970703125,415100,0.0002799143747471
2018-06-26,2350.919921875,2334.75,2358.010009765625,2326.610107421875,470900,-0.0029561528604675
2018-06-27,2342.030029296875,2349.3798828125,2358.7099609375,2342.02001953125,526600,-0.0037886205069938
2018-06-28,2314.239990234375,2327.3701171875,2335.35009765625,2310.800048828125,414400,-0.0119367514854259
2018-06-29,2326.1298828125,2325.679931640625,2329.580078125,2296.389892578125,396700,0.0051245564140444
2018-07-02,2271.5400390625,2322.22998046875,2327.590087890625,2271.530029296875,393300,-0.0237478593278635
2018-07-03,2272.760009765625,2285.8798828125,2287.389892578125,2252.360107421875,366000,0.0005369234950707
2018-07-04,2265.4599609375,2270.949951171875,2280.81005859375,2261.340087890625,315100,-0.0032171446829613
2018-07-05,2257.550048828125,2264.739990234375,2274.739990234375,2243.89990234375,346900,-0.0034976354932182
2018-07-06,2272.8701171875,2261.43994140625,2283.75,2247.35009765625,344400,0.0067632255704687
2018-07-09,2285.800048828125,2276.919921875,2294.610107421875,2267.25,352600,0.0056726921856104
2018-07-10,2294.159912109375,2299.090087890625,2305.840087890625,2292.1298828125,339900,0.0036506312880244
2018-07-11,2280.6201171875,2277.219970703125,2287.080078125,2262.77001953125,423000,-0.0059193379221386
2018-07-12,2285.06005859375,2285.929931640625,2298.56005859375,2277.72998046875,364400,0.0019449206404725
2018-07-13,2310.89990234375,2293.070068359375,2313.800048828125,2293.070068359375,291600,0.0112447089367015
2018-07-16,2301.989990234375,2312.260009765625,2317.840087890625,2299.7900390625,297100,-0.0038630547865748
2018-07-17,2297.919921875,2302.949951171875,2306.070068359375,2290.239990234375,379000,-0.001769630057671
2018-07-18,2290.110107421875,2313.780029296875,2319.389892578125,2287.10009765625,402800,-0.0034044336878106
2018-07-19,2282.2900390625,2298.909912109375,2300.179931640625,2278.93994140625,464500,-0.0034205562652194
2018-07-20,2289.18994140625,2281.360107421875,2293.340087890625,2269.550048828125,353200,0.003018675620493
2018-07-23,2269.31005859375,2289.610107421875,2289.610107421875,2264.419921875,334300,-0.0087221712601164
2018-07-24,2280.199951171875,2273.14990234375,2284.429931640625,2263.1298828125,436100,0.004787290654492
2018-07-25,2273.030029296875,2284.3798828125,2292.610107421875,2269.669921875,309300,-0.0031493809151102
2018-07-26,2289.06005859375,2284.510009765625,2297.159912109375,2276.5400390625,303300,0.0070275224555743
2018-07-27,2294.989990234375,2292.330078125,2295.27001953125,2284.43994140625,262100,0.0025872034053673
2018-07-30,2293.510009765625,2290.179931640625,2296.909912109375,2283.2900390625,206500,-0.0006450824975797
2018-07-31,2295.260009765625,2292.22998046875,2296.60009765625,2286.02001953125,223900,0.0007627316589812
2018-08-01,2307.070068359375,2301.169921875,2312.64990234375,2301.1298828125,219000,0.0051322196869949
2018-08-02,2270.199951171875,2304.139892578125,2306.719970703125,2265.4599609375,352100,-0.0161104389669346
2018-08-03,2287.679931640625,2278.330078125,2288.929931640625,2272.93994140625,270500,0.0076702618840115
2018-08-06,2286.5,2288.510009765625,2300.3798828125,2283.260009765625,244500,-0.0005159095988482
2018-08-07,2300.159912109375,2290.85009765625,2301.27001953125,2279.550048828125,230300,0.0059563834063172
2018-08-08,2301.449951171875,2305.72998046875,2308.60009765625,2298.409912109375,299700,0.000560690338653
2018-08-09,2303.7099609375,2303.0400390625,2303.7099609375,2291.909912109375,244900,0.0009815120387533
2018-08-10,2282.7900390625,2295.2099609375,2295.6201171875,2277.889892578125,286200,-0.0091224537023853
2018-08-13,2248.449951171875,2266.429931640625,2271.820068359375,2238.550048828125,335400,-0.0151573279792021
2018-08-14,2258.909912109375,2249.860107421875,2262.52001953125,2247.3701171875,255200,0.0046412889282245
2018-08-16,2240.800048828125,2233.050048828125,2244.080078125,2218.090087890625,312500,-0.008049390392084
2018-08-17,2247.050048828125,2244.610107421875,2250.919921875,2240.139892578125,238400,0.0027852998226629
2018-08-20,2247.8798828125,2257.35009765625,2264.419921875,2245.06005859375,271600,0.0003692311143545
2018-08-21,2270.06005859375,2248.0400390625,2272.860107421875,2244.590087890625,294300,0.0098187909823365
2018-08-22,2273.330078125,2273.679931640625,2280.31005859375,2268.909912109375,269300,0.0014394626028083
2018-08-23,2282.60009765625,2282.570068359375,2282.8798828125,2268.06005859375,338400,0.004069435643851
2018-08-24,2293.2099609375,2276.159912109375,2295.219970703125,2271.35009765625,347300,0.0046373788069833
2018-08-27,2299.300048828125,2297.320068359375,2302.8701171875,2289.409912109375,307000,0.0026521842946546
2018-08-28,2303.1201171875,2312.139892578125,2314.60009765625,2299.449951171875,276900,0.0016600262900051
2018-08-29,2309.030029296875,2304.659912109375,2309.8798828125,2300.2099609375,268200,0.0025627593015118
2018-08-30,2307.35009765625,2313.110107421875,2320.85009765625,2305.4599609375,286900,-0.0007278134246239
2018-08-31,2322.8798828125,2298.1298828125,2322.8798828125,2295.719970703125,255900,0.0067080224763167
2018-09-03,2307.030029296875,2317.929931640625,2318.719970703125,2302.169921875,230500,-0.0068467489579166
2018-09-04,2315.719970703125,2308.9599609375,2317.739990234375,2302.169921875,277000,0.0037596459433147
2018-09-05,2291.77001953125,2310.89990234375,2315.429931640625,2288.010009765625,358200,-0.010396188351114
2018-09-06,2287.610107421875,2288.800048828125,2298.469970703125,2284.5,387500,-0.0018168018982014
2018-09-07,2281.580078125,2278.080078125,2286.820068359375,2264.89990234375,357600,-0.0026394317385527
2018-09-10,2288.659912109375,2277.35009765625,2289.3798828125,2276.60009765625,312600,0.0030982353936845
2018-09-11,2283.199951171875,2286.909912109375,2295.760009765625,2275.1298828125,368200,-0.0023885087017192
2018-09-12,2282.919921875,2286.280029296875,2289.659912109375,2271.0,336800,-0.0001226552543567
2018-09-13,2286.22998046875,2285.280029296875,2291.510009765625,2281.6298828125,301300,0.0014488730917322
2018-09-14,2318.25,2304.699951171875,2318.64990234375,2304.14990234375,292200,0.0139084265062171
2018-09-17,2303.010009765625,2314.550048828125,2314.550048828125,2295.260009765625,343200,-0.0065956234663059
2018-09-18,2308.97998046875,2287.72998046875,2310.969970703125,2287.419921875,309200,0.002588892885794
2018-09-19,2308.4599609375,2319.219970703125,2319.219970703125,2301.7900390625,350900,-0.0002252414931422
2018-09-20,2323.449951171875,2314.409912109375,2334.0400390625,2311.56005859375,289100,0.0064725104117171
2018-09-21,2339.169921875,2332.0400390625,2339.169921875,2325.1201171875,321700,0.0067430031588212
2018-09-27,2355.429931640625,2331.699951171875,2355.429931640625,2331.699951171875,279200,0.0069271398172396
2018-09-28,2343.070068359375,2356.1298828125,2356.6201171875,2337.469970703125,317900,-0.0052612075307588
2018-10-01,2338.8798828125,2349.639892578125,2352.110107421875,2333.320068359375,278300,-0.0017899322757843
2018-10-02,2309.570068359375,2338.280029296875,2341.550048828125,2308.89990234375,287900,-0.0126107425874495
2018-10-04,2274.489990234375,2311.06005859375,2311.06005859375,2270.219970703125,309500,-0.0153055424642924
2018-10-05,2267.52001953125,2269.93994140625,2278.1201171875,2250.989990234375,282100,-0.0030691152856363
2018-10-08,2253.830078125,2258.72998046875,2273.7099609375,2253.830078125,214600,-0.0060557059048782
2018-10-10,2228.610107421875,2256.030029296875,2257.52001953125,2222.949951171875,365700,-0.011252905019525
2018-10-11,2129.669921875,2176.159912109375,2186.68994140625,2129.669921875,411900,-0.0454111194870429
2018-10-12,2161.85009765625,2131.659912109375,2173.010009765625,2129.1298828125,292600,0.0149973803221657
2018-10-15,2145.1201171875,2155.340087890625,2159.22998046875,2141.280029296875,259200,-0.0077688322781965
2018-10-16,2145.1201171875,2156.0,2161.760009765625,2140.18994140625,222500,0.0
2018-10-17,2167.510009765625,2169.43994140625,2182.77001953125,2159.3701171875,275200,0.0103834982766015
2018-10-18,2148.31005859375,2158.800048828125,2168.010009765625,2146.610107421875,321800,-0.0088975339717819
2018-10-19,2156.260009765625,2130.06005859375,2158.780029296875,2117.6201171875,351800,0.0036937301911597
2018-10-22,2161.7099609375,2143.080078125,2163.2099609375,2136.919921875,308700,0.0025243130928872
2018-10-23,2106.10009765625,2147.300048828125,2148.800048828125,2094.68994140625,373500,-0.0260616147562032
2018-10-24,2097.580078125,2119.18994140625,2121.360107421875,2092.10009765625,399700,-0.004053605812774
2018-10-25,2063.300048828125,2046.6700439453125,2066.06005859375,2033.81005859375,376000,-0.0164776700467025
2018-10-26,2027.1500244140625,2066.570068359375,2066.570068359375,2008.8599853515625,449200,-0.0176757887119652
2018-10-29,1996.050048828125,2026.6800537109373,2045.760009765625,1993.77001953125,427300,-0.0154606256240454
2018-10-30,2014.68994140625,1985.949951171875,2028.8399658203125,1985.949951171875,441600,0.0092950561879083
2018-10-31,2029.68994140625,2022.8399658203125,2030.5,2006.6300048828125,373000,0.0074177348384955
2018-11-01,2024.4599609375,2035.1099853515625,2054.219970703125,2023.4300537109373,343800,-0.0025800641298145
2018-11-02,2096.0,2046.6099853515625,2096.6298828125,2044.93994140625,372000,0.0347277874241068
2018-11-05,2076.919921875,2079.81005859375,2080.489990234375,2052.669921875,361300,-0.0091447770143794
2018-11-06,2089.6201171875,2085.81005859375,2092.610107421875,2068.590087890625,315800,0.0060962979003247
2018-11-07,2078.68994140625,2090.320068359375,2107.6298828125,2072.47998046875,485200,-0.0052444279238243
2018-11-08,2092.6298828125,2109.969970703125,2120.8798828125,2092.360107421875,328000,0.0066837326734617
2018-11-09,2086.090087890625,2093.889892578125,2101.919921875,2082.469970703125,298100,-0.003130049540068
2018-11-12,2080.43994140625,2065.919921875,2087.239990234375,2065.52001953125,295500,-0.0027121609147656
2018-11-13,2071.22998046875,2047.6199951171875,2072.030029296875,2032.050048828125,383400,-0.00443675736214
2018-11-14,2068.050048828125,2071.409912109375,2075.1201171875,2060.860107421875,339000,-0.0015364663630862
2018-11-15,2088.06005859375,2061.469970703125,2088.610107421875,2058.72998046875,351000,0.0096292753867314
2018-11-16,2092.39990234375,2097.93994140625,2103.110107421875,2086.5400390625,301600,0.002076252541384
2018-11-19,2100.56005859375,2096.1298828125,2111.389892578125,2089.3701171875,273200,0.003892317898721
2018-11-20,2082.580078125,2074.669921875,2089.5400390625,2074.669921875,281700,-0.0085964565404349
2018-11-21,2076.550048828125,2057.070068359375,2077.489990234375,2049.760009765625,267900,-0.00289966090883
2018-11-22,2069.949951171875,2079.010009765625,2081.75,2066.199951171875,242500,-0.0031834574847473
2018-11-23,2057.47998046875,2073.260009765625,2075.909912109375,2047.9599609375,227200,-0.0060425053127309
2018-11-26,2083.02001953125,2060.169921875,2083.9599609375,2060.169921875,237700,0.0123368496509846
2018-11-27,2099.419921875,2091.75,2102.2900390625,2079.489990234375,239200,0.0078423057475172
2018-11-28,2108.219970703125,2104.1298828125,2108.64990234375,2094.320068359375,300100,0.0041828967705024
2018-11-29,2114.10009765625,2133.949951171875,2136.739990234375,2108.89990234375,307200,0.0027852605483565
2018-11-30,2096.860107421875,2116.830078125,2122.330078125,2093.830078125,427400,-0.0081881973318116
2018-12-03,2131.929931640625,2127.780029296875,2136.639892578125,2113.60009765625,436600,0.0165866017994337
2018-12-04,2114.35009765625,2125.669921875,2128.93994140625,2105.449951171875,507500,-0.0082801578341067
2018-12-05,2101.31005859375,2086.570068359375,2107.68994140625,2086.570068359375,492700,-0.0061864951959931
2018-12-06,2068.68994140625,2094.6201171875,2094.6201171875,2064.0,537400,-0.0156454592718873
2018-12-07,2075.760009765625,2081.679931640625,2086.840087890625,2065.6201171875,371600,0.0034118280114238
2018-12-10,2053.7900390625,2048.449951171875,2061.780029296875,2043.2099609375,344200,-0.0106404706221866
2018-12-11,2052.969970703125,2058.159912109375,2060.93994140625,2047.1700439453125,273900,-0.0003993748689112
2018-12-12,2082.570068359375,2062.77001953125,2084.77001953125,2061.1298828125,457100,0.0143152298661128
2018-12-13,2095.550048828125,2087.429931640625,2104.429931640625,2084.3701171875,379800,0.0062133312891276
2018-12-14,2069.3798828125,2095.639892578125,2095.639892578125,2061.39990234375,448200,-0.0125670831773381
2018-12-17,2071.090087890625,2071.2099609375,2075.929931640625,2065.510009765625,444500,0.0008260922974849
2018-12-18,2062.110107421875,2057.389892578125,2074.31005859375,2054.260009765625,429500,-0.0043452986422699
2018-12-19,2078.840087890625,2068.949951171875,2080.64990234375,2063.010009765625,418800,0.0080803055851723
2018-12-20,2060.1201171875,2063.699951171875,2071.080078125,2047.52001953125,421100,-0.0090457977001347
2018-12-21,2061.489990234375,2052.699951171875,2061.510009765625,2049.760009765625,311400,0.0006647271632266
2018-12-24,2055.010009765625,2050.3798828125,2059.93994140625,2046.1800537109373,285300,-0.0031482987106021
2018-12-26,2028.010009765625,2028.81005859375,2037.8299560546875,2014.280029296875,321500,-0.0132256973698904
2018-12-27,2028.43994140625,2032.0899658203125,2035.5699462890625,2021.3900146484373,398000,0.0002119743358897
2018-12-28,2041.0400390625,2036.699951171875,2046.969970703125,2035.4100341796875,352700,0.0061925051758387
2019-01-02,2010.0,2050.550048828125,2053.449951171875,2004.27001953125,326400,-0.0153247789393664
2019-01-03,1993.699951171875,2011.81005859375,2014.719970703125,1991.6500244140625,428000,-0.0081425376955504
2019-01-04,2010.25,1992.4000244140625,2011.56005859375,1984.530029296875,409000,0.0082669080706873
2019-01-07,2037.0999755859373,2034.239990234375,2048.06005859375,2030.9000244140625,440200,0.0132681234105384
2019-01-08,2025.27001953125,2038.6800537109373,2042.699951171875,2023.5899658203125,397800,-0.005824181209147
2019-01-09,2064.7099609375,2034.18994140625,2068.22998046875,2034.18994140625,386200,0.0192867271489748
2019-01-10,2063.280029296875,2065.72998046875,2072.81005859375,2057.159912109375,382900,-0.000692798045151
2019-01-11,2075.570068359375,2070.360107421875,2076.989990234375,2063.989990234375,380100,0.0059388839389288
2019-01-14,2064.52001953125,2070.489990234375,2073.93994140625,2059.4599609375,432900,-0.0053380843570665
2019-01-15,2097.179931640625,2069.139892578125,2098.010009765625,2067.580078125,439500,0.0156957892168227
2019-01-16,2106.10009765625,2098.64990234375,2106.35009765625,2091.919921875,500100,0.0042443897835648
2019-01-17,2107.06005859375,2110.139892578125,2117.429931640625,2101.699951171875,475900,0.0004556963981955
2019-01-18,2124.280029296875,2116.429931640625,2124.5,2113.43994140625,456700,0.0081392964929625
2019-01-21,2124.610107421875,2133.8701171875,2134.169921875,2114.449951171875,398000,0.0001553714570361
2019-01-22,2117.77001953125,2126.030029296875,2129.3701171875,2108.909912109375,419400,-0.003224649188935
2019-01-23,2127.780029296875,2108.719970703125,2131.050048828125,2106.739990234375,408600,0.0047155389522193
2019-01-24,2145.030029296875,2127.8798828125,2145.080078125,2125.47998046875,413700,0.0080743555091235
2019-01-25,2177.72998046875,2147.919921875,2178.010009765625,2146.639892578125,410000,0.0151294889612669
2019-01-28,2177.300048828125,2184.409912109375,2188.14990234375,2169.169921875,371600,-0.0001974414133218
2019-01-29,2183.360107421875,2172.830078125,2183.360107421875,2162.530029296875,552600,0.0027794243430446
2019-01-30,2206.199951171875,2183.489990234375,2206.199951171875,2177.8798828125,480400,0.0104065325757359
2019-01-31,2204.85009765625,2222.8798828125,2222.8798828125,2201.219970703125,545200,-0.0006120327553843
2019-02-01,2203.4599609375,2211.929931640625,2218.780029296875,2201.409912109375,479400,-0.0006306891966999
2019-02-07,2203.419921875,2215.77001953125,2215.7900390625,2196.77001953125,427800,-1.8171161259629666e-05
2019-02-08,2177.050048828125,2192.010009765625,2192.47998046875,2171.9599609375,391000,-0.0120398915040222
2019-02-11,2180.72998046875,2180.5400390625,2181.580078125,2167.360107421875,406100,0.0016889023725851
2019-02-12,2190.469970703125,2182.7099609375,2195.050048828125,2178.590087890625,429900,0.0044564451238903
2019-02-13,2201.47998046875,2200.0,2203.7099609375,2194.75,422000,0.0050137332855415
2019-02-14,2225.85009765625,2195.919921875,2225.85009765625,2186.090087890625,573400,0.0110090564262303
2019-02-15,2196.090087890625,2210.93994140625,2210.93994140625,2187.7099609375,400600,-0.013460362576347
2019-02-18,2210.889892578125,2207.360107421875,2217.320068359375,2203.0,314400,0.0067165543708276
2019-02-19,2205.6298828125,2208.9599609375,2213.8701171875,2193.340087890625,389100,-0.0023819715613861
2019-02-20,2229.760009765625,2216.739990234375,2234.679931640625,2213.830078125,374300,0.0108808314966218
2019-02-21,2228.659912109375,2224.260009765625,2234.31005859375,2213.18994140625,382500,-0.0004934921778805
2019-02-22,2230.5,2222.320068359375,2230.5,2217.080078125,409300,0.0008253070225506
2019-02-25,2232.56005859375,2241.1298828125,2241.760009765625,2224.639892578125,339200,0.0009231597661725
2019-02-26,2226.60009765625,2230.3701171875,2235.699951171875,2221.760009765625,332000,-0.0026731331809756
2019-02-27,2234.7900390625,2234.4599609375,2237.77001953125,2228.159912109375,301500,0.0036714792273879
2019-02-28,2195.43994140625,2231.580078125,2233.929931640625,2195.43994140625,510000,-0.0177648260681441
2019-03-04,2190.659912109375,2210.969970703125,2216.02001953125,2188.56005859375,373200,-0.0021796271625904
2019-03-05,2179.22998046875,2183.35009765625,2185.739990234375,2171.330078125,313100,-0.0052312337323649
2019-03-06,2175.60009765625,2177.110107421875,2179.010009765625,2168.4599609375,328900,-0.0016670609819573
2019-03-07,2165.7900390625,2173.18994140625,2181.18994140625,2155.18994140625,292600,-0.004519324447592
2019-03-08,2137.43994140625,2152.800048828125,2159.669921875,2137.43994140625,313300,-0.0131763851598039
2019-03-11,2138.10009765625,2140.2900390625,2145.31005859375,2125.5400390625,272100,0.000308806021796
2019-03-12,2157.179931640625,2154.610107421875,2161.68994140625,2150.9599609375,355300,0.0088841516030326
2019-03-13,2148.409912109375,2152.659912109375,2154.110107421875,2134.159912109375,285600,-0.0040737887157248
2019-03-14,2155.679931640625,2154.35009765625,2158.340087890625,2142.31005859375,341000,0.0033781945587005
2019-03-15,2176.110107421875,2152.9599609375,2181.77001953125,2152.590087890625,387100,0.0094327412366571
2019-03-18,2179.489990234375,2179.68994140625,2183.89990234375,2172.340087890625,258000,0.0015519714460112
2019-03-19,2177.6201171875,2183.030029296875,2183.760009765625,2171.050048828125,319700,-0.0008583088861966
2019-03-20,2177.10009765625,2171.409912109375,2177.18994140625,2152.2099609375,317600,-0.0002388302844114
2019-03-21,2184.8798828125,2183.110107421875,2200.320068359375,2173.699951171875,342700,0.0035670926690841
2019-03-22,2186.949951171875,2192.719970703125,2195.419921875,2178.77001953125,333600,0.000947003242436
2019-03-25,2144.860107421875,2158.800048828125,2159.25,2143.699951171875,307100,-0.0194335244696438
2019-03-26,2148.800048828125,2152.97998046875,2153.89990234375,2143.6298828125,301300,0.0018352372422192
2019-03-27,2145.6201171875,2147.18994140625,2152.909912109375,2132.419921875,363200,-0.0014809599894237
2019-03-28,2128.10009765625,2131.25,2136.39990234375,2120.929931640625,288000,-0.0081990007754244
2019-03-29,2140.669921875,2138.449951171875,2143.300048828125,2124.070068359375,364600,0.005889218904296
2019-04-01,2168.280029296875,2153.31005859375,2171.489990234375,2153.31005859375,263300,0.0128154123914537
2019-04-02,2177.179931640625,2177.199951171875,2181.3701171875,2171.840087890625,257500,0.0040961899858104
2019-04-03,2203.27001953125,2176.81005859375,2203.2900390625,2172.830078125,358600,0.0119121992932595
2019-04-04,2206.530029296875,2201.0400390625,2216.14990234375,2198.659912109375,431000,0.0014785297852087
2019-04-05,2209.610107421875,2206.360107421875,2214.820068359375,2205.260009765625,517200,0.0013949188789661
2019-04-08,2210.60009765625,2217.659912109375,2217.8701171875,2202.489990234375,347900,0.0004479380866508
2019-04-09,2213.56005859375,2212.320068359375,2221.6201171875,2203.5400390625,414800,0.0013380896145747
2019-04-10,2224.389892578125,2206.199951171875,2225.02001953125,2203.820068359375,399700,0.004880566748467
2019-04-11,2224.43994140625,2227.68994140625,2230.409912109375,2217.179931640625,402000,2.2499771847853344e-05
2019-04-12,2233.449951171875,2221.10009765625,2233.449951171875,2212.8798828125,449600,0.0040422811022227
2019-04-15,2242.8798828125,2242.31005859375,2251.219970703125,2240.2900390625,404200,0.004213248772966
2019-04-16,2248.6298828125,2241.06005859375,2249.889892578125,2235.719970703125,569100,0.0025603876831012
2019-04-17,2245.889892578125,2249.050048828125,2252.050048828125,2242.010009765625,452500,-0.0012192584350455
2019-04-18,2213.77001953125,2248.800048828125,2250.110107421875,2210.429931640625,573300,-0.0144048779886735
2019-04-19,2216.14990234375,2223.419921875,2225.3701171875,2215.580078125,525300,0.0010744587186351
2019-04-22,2216.64990234375,2218.5,2227.93994140625,2207.25,494000,0.0002255910594436
2019-04-23,2220.510009765625,2217.610107421875,2223.919921875,2212.139892578125,481200,0.0017399005093929
2019-04-24,2201.030029296875,2229.75,2229.75,2190.2900390625,575100,-0.0088114576979342
2019-04-25,2190.5,2195.469970703125,2200.889892578125,2187.43994140625,441100,-0.0047956176582535
2019-04-26,2179.31005859375,2178.1298828125,2186.52001953125,2168.14990234375,570200,-0.0051214884469625
2019-04-29,2216.429931640625,2183.409912109375,2216.429931640625,2181.820068359375,380800,0.0168894227154039
2019-04-30,2203.590087890625,2213.429931640625,2215.77001953125,2186.330078125,381400,-0.0058098740776125
2019-05-02,2212.75,2192.93994140625,2217.030029296875,2191.300048828125,369100,0.0041481974042042
2019-05-03,2196.320068359375,2209.43994140625,2211.360107421875,2192.360107421875,617900,-0.0074528222211313
2019-05-07,2176.989990234375,2172.389892578125,2179.510009765625,2160.43994140625,484100,-0.0088400793669581
2019-05-08,2168.010009765625,2151.340087890625,2179.340087890625,2151.340087890625,456300,-0.0041334836614535
2019-05-09,2102.010009765625,2159.7900390625,2164.97998046875,2102.010009765625,743500,-0.0309156661540827
2019-05-10,2108.0400390625,2118.419921875,2124.919921875,2090.389892578125,714800,0.0028645898981771
2019-05-13,2079.010009765625,2091.800048828125,2101.090087890625,2077.719970703125,505800,-0.0138668007950352
2019-05-14,2081.840087890625,2060.239990234375,2093.409912109375,2056.739990234375,696200,0.0013603367076452
2019-05-15,2092.780029296875,2081.919921875,2100.010009765625,2076.4599609375,577800,0.0052411793851666
2019-05-16,2067.68994140625,2094.8798828125,2095.580078125,2062.43994140625,745200,-0.0120613258755998
2019-05-17,2055.800048828125,2081.570068359375,2082.830078125,2053.7900390625,537400,-0.0057669234354947
2019-05-20,2055.7099609375,2066.530029296875,2077.10009765625,2051.68994140625,640200,-4.382228934163955e-05
2019-05-21,2061.25,2056.949951171875,2076.469970703125,2053.68994140625,526900,0.0026913268329303
2019-05-22,2064.860107421875,2068.64990234375,2070.800048828125,2048.010009765625,510000,0.0017498846366651
2019-05-23,2059.590087890625,2063.25,2065.860107421875,2046.8199462890625,509300,-0.002555502988141
2019-05-24,2045.31005859375,2047.300048828125,2057.3798828125,2035.97998046875,480600,-0.0069575806440074
2019-05-27,2044.2099609375,2044.25,2055.1298828125,2035.8699951171875,351600,-0.0005380082149159
2019-05-28,2048.830078125,2044.77001953125,2058.419921875,2038.52001953125,494500,0.0022575489639094
2019-05-29,2023.3199462890625,2046.7099609375,2046.7099609375,2016.25,380900,-0.0125292365953724
2019-05-30,2038.800048828125,2024.3299560546875,2040.6600341796875,2023.9100341796875,461900,0.0076217233833834
2019-05-31,2041.739990234375,2029.030029296875,2048.89990234375,2022.969970703125,439200,0.0014409572687947
2019-06-03,2067.85009765625,2031.030029296875,2070.580078125,2029.1700439453125,387100,0.0127070866903413
2019-06-04,2066.969970703125,2066.780029296875,2072.18994140625,2060.97998046875,436000,-0.0004257147599491
2019-06-05,2069.110107421875,2084.159912109375,2086.489990234375,2065.7099609375,380200,0.0010348624152927
2019-06-07,2072.330078125,2070.780029296875,2081.159912109375,2057.969970703125,368400,0.0015550007763936
2019-06-10,2099.489990234375,2087.3701171875,2099.64990234375,2075.510009765625,457600,0.0130208376164557
2019-06-11,2111.81005859375,2096.090087890625,2114.570068359375,2094.60009765625,550700,0.0058509739811954
2019-06-12,2108.75,2111.659912109375,2118.889892578125,2104.409912109375,693500,-0.0014500725436761
2019-06-13,2103.14990234375,2104.4599609375,2108.010009765625,2081.919921875,553400,-0.002659180458255
2019-06-14,2095.409912109375,2096.320068359375,2103.02001953125,2087.469970703125,473400,-0.0036869780803043
2019-06-17,2090.72998046875,2091.7099609375,2103.590087890625,2087.25,561600,-0.0022359183928052
2019-06-18,2098.7099609375,2089.31005859375,2103.02001953125,2089.31005859375,601000,0.0038095737050197
2019-06-19,2124.780029296875,2119.5400390625,2126.739990234375,2117.639892578125,863000,0.0123454297415719
2019-06-20,2131.2900390625,2121.780029296875,2131.77001953125,2120.419921875,1007200,0.0030591671368462
2019-06-21,2125.6201171875,2132.3798828125,2132.679931640625,2120.14990234375,692000,-0.0026638688719244
2019-06-24,2126.330078125,2130.320068359375,2134.47998046875,2123.8798828125,669600,0.0003339460301676
2019-06-25,2121.639892578125,2125.739990234375,2136.239990234375,2115.110107421875,643000,-0.002208201792885
2019-06-26,2121.85009765625,2120.199951171875,2128.25,2115.719970703125,736900,9.9071791747219e-05
2019-06-27,2134.320068359375,2120.72998046875,2141.27001953125,2118.219970703125,644900,0.0058597311187805
2019-06-28,2130.6201171875,2135.06005859375,2139.239990234375,2123.969970703125,537300,-0.0017350546263754
2019-07-01,2129.739990234375,2147.239990234375,2147.239990234375,2126.8701171875,412300,-0.0004131702219783
2019-07-02,2122.02001953125,2122.070068359375,2130.860107421875,2112.52001953125,460800,-0.0036314275354992
2019-07-03,2096.02001953125,2120.75,2127.7099609375,2093.320068359375,522700,-0.0123281567058878
2019-07-04,2108.72998046875,2102.360107421875,2108.800048828125,2088.969970703125,446900,0.0060455435630717
2019-07-05,2110.590087890625,2111.0,2115.429931640625,2096.22998046875,459400,0.0008817096177792
2019-07-08,2064.169921875,2091.909912109375,2092.5400390625,2063.780029296875,516000,-0.0222394001766083
2019-07-09,2052.030029296875,2070.35009765625,2075.300048828125,2052.030029296875,440100,-0.0058986093587871
2019-07-10,2058.780029296875,2061.550048828125,2068.199951171875,2056.47998046875,355700,0.0032840272210376
2019-07-11,2080.580078125,2070.590087890625,2088.239990234375,2070.2099609375,376700,0.0105331499635816
2019-07-12,2086.659912109375,2083.530029296875,2090.429931640625,2077.35009765625,403900,0.002917920884037
2019-07-15,2082.47998046875,2083.389892578125,2088.340087890625,2073.10009765625,463500,-0.0020051776380063
2019-07-16,2091.8701171875,2084.4599609375,2096.669921875,2078.739990234375,682800,0.0044989770085019
2019-07-17,2072.919921875,2079.909912109375,2080.010009765625,2063.489990234375,761600,-0.0091002551936853
2019-07-18,2066.550048828125,2068.659912109375,2073.199951171875,2061.330078125,446600,-0.0030776298027556
2019-07-19,2094.360107421875,2080.2099609375,2096.72998046875,2076.510009765625,394900,0.0133674949292077
2019-07-22,2093.340087890625,2090.35009765625,2099.340087890625,2087.510009765625,332600,-0.000487150227499
2019-07-23,2101.449951171875,2095.760009765625,2106.389892578125,2095.3798828125,648100,0.0038666409092619
2019-07-24,2082.300048828125,2097.159912109375,2105.679931640625,2080.659912109375,851400,-0.0091544839347558
2019-07-25,2074.47998046875,2085.669921875,2088.81005859375,2061.080078125,598600,-0.003762565028659
2019-07-26,2066.260009765625,2063.35009765625,2068.159912109375,2054.639892578125,589100,-0.0039702958989435
2019-07-29,2029.47998046875,2059.1298828125,2063.1298828125,2025.010009765625,608700,-0.017960621572552
2019-07-30,2038.6800537109373,2035.3199462890625,2044.5899658203125,2032.6099853515625,547000,0.0045229729651379
2019-07-31,2024.550048828125,2036.4599609375,2041.1600341796875,2010.949951171875,589400,-0.0069550881863472
2019-08-01,2017.3399658203125,2015.0899658203125,2032.22998046875,2009.3299560546875,461700,-0.0035676827570228
2019-08-02,1998.1300048828125,1995.31005859375,2005.31005859375,1987.1199951171875,438500,-0.0095680493837759
2019-08-05,1946.97998046875,1985.9300537109373,1987.6400146484373,1945.3900146484373,639600,-0.0259323015263991
2019-08-06,1917.5,1900.3599853515625,1948.530029296875,1891.81005859375,739600,-0.0152571898328051
2019-08-07,1909.7099609375,1925.3299560546875,1929.2900390625,1901.6099853515625,760800,-0.0040708766438601
2019-08-08,1920.6099853515625,1926.280029296875,1937.949951171875,1915.81005859375,777200,0.0056914586720326
2019-08-09,1937.75,1940.06005859375,1946.93994140625,1936.1400146484373,654300,0.0088846698920371
2019-08-12,1942.2900390625,1941.530029296875,1949.18994140625,1933.25,427100,0.0023402032395401
2019-08-13,1925.8299560546875,1928.760009765625,1937.6800537109373,1923.5799560546875,660000,-0.0085106885935727
2019-08-14,1938.3699951171875,1946.1800537109373,1952.219970703125,1937.22998046875,699600,0.006490390374133
2019-08-16,1927.1700439453125,1921.489990234375,1927.699951171875,1911.719970703125,421700,-0.0057947828243483
2019-08-19,1939.9000244140625,1936.6400146484373,1943.0899658203125,1931.43994140625,481000,0.0065838095649042
2019-08-20,1960.25,1942.989990234375,1964.1600341796875,1937.530029296875,463600,0.010435578188754
2019-08-21,1964.6500244140625,1954.5699462890625,1971.1199951171875,1954.469970703125,391600,0.0022421087059314
2019-08-22,1951.010009765625,1966.5999755859373,1967.9599609375,1951.010009765625,435600,-0.0069669326249396
2019-08-23,1948.300048828125,1942.4200439453125,1953.8499755859373,1940.5999755859373,381100,-0.0013899696782689
2019-08-26,1916.31005859375,1915.3399658203125,1924.489990234375,1909.9200439453125,324900,-0.0165557300869737
2019-08-27,1924.5999755859373,1928.97998046875,1937.4200439453125,1919.280029296875,427000,0.0043166488102541
2019-08-28,1941.0899658203125,1929.9599609375,1943.6199951171875,1926.4300537109373,284300,0.0085315121001406
2019-08-29,1933.4100341796875,1943.550048828125,1947.1500244140625,1928.489990234375,285100,-0.0039643524061584
2019-08-30,1967.7900390625,1951.6600341796875,1971.2099609375,1951.300048828125,317700,0.0176258045214273
2019-09-02,1969.18994140625,1961.18994140625,1973.25,1958.5899658203125,262200,0.0007111554591052
2019-09-03,1965.68994140625,1966.5,1976.3699951171875,1960.1500244140625,342100,-0.0017789620152457
2019-09-04,1988.530029296875,1962.4300537109373,1988.530029296875,1962.0799560546875,348700,0.0115523881193743
2019-09-05,2004.75,1993.6199951171875,2015.3900146484373,1992.510009765625,488100,0.0081236776714602
2019-09-06,2009.1300048828125,2016.1099853515625,2017.199951171875,2005.68994140625,384400,0.0021824302749369
2019-09-09,2019.550048828125,2013.3800048828125,2029.800048828125,2013.280029296875,511800,0.0051729435162431
2019-09-10,2032.0799560546875,2024.7900390625,2034.280029296875,2021.5799560546875,504400,0.0061851388980342
2019-09-11,2049.199951171875,2043.719970703125,2050.800048828125,2040.0400390625,429100,0.0083895718607982
2019-09-16,2062.219970703125,2056.260009765625,2062.219970703125,2044.800048828125,493500,0.0063336089735597
2019-09-17,2062.330078125,2058.719970703125,2066.330078125,2055.169921875,508000,5.339124054623876e-05
2019-09-18,2070.72998046875,2064.419921875,2075.6298828125,2058.52001953125,613100,0.0040647432120629
2019-09-19,2080.35009765625,2070.530029296875,2089.81005859375,2070.530029296875,493000,0.0046350030493543
2019-09-20,2091.52001953125,2080.860107421875,2092.3701171875,2077.300048828125,589900,0.0053548879771042
2019-09-23,2091.699951171875,2087.699951171875,2095.5400390625,2085.60009765625,420900,8.60254263442602e-05
2019-09-24,2101.0400390625,2090.18994140625,2101.6298828125,2085.909912109375,535800,0.0044553696926996
2019-09-25,2073.389892578125,2093.469970703125,2095.27001953125,2072.409912109375,651600,-0.0132475817372654
2019-09-26,2074.52001953125,2082.659912109375,2087.330078125,2064.340087890625,430600,0.000544913947041
2019-09-27,2049.929931640625,2066.9599609375,2066.9599609375,2044.75,285900,-0.0119241981577828
2019-09-30,2063.050048828125,2045.77001953125,2064.989990234375,2042.010009765625,327600,0.0063798811333825
2019-10-01,2072.419921875,2062.43994140625,2077.47998046875,2057.909912109375,389300,0.0045314748489865
2019-10-02,2031.9100341796875,2058.22998046875,2058.22998046875,2031.9100341796875,414500,-0.0197407146428274
2019-10-04,2020.68994140625,2028.4000244140625,2039.4300537109373,2020.68994140625,402900,-0.0055372459701797
2019-10-07,2021.72998046875,2031.530029296875,2034.93994140625,2016.18994140625,322200,0.0005145626162288
2019-10-08,2046.25,2029.3699951171875,2046.81005859375,2024.6300048828125,437500,0.0120552788389386
2019-10-10,2028.1500244140625,2030.1300048828125,2040.8800048828125,2010.9000244140625,445800,-0.008884790174866
2019-10-11,2044.6099853515625,2048.080078125,2053.93994140625,2040.47998046875,381100,0.0080829955682698
2019-10-14,2067.39990234375,2068.1298828125,2075.10009765625,2065.530029296875,511200,0.0110846768193719
2019-10-15,2068.169921875,2064.780029296875,2073.2099609375,2064.340087890625,464500,0.0003723886056229
2019-10-16,2082.830078125,2080.919921875,2090.010009765625,2073.800048828125,524500,0.007063462877674
2019-10-17,2077.93994140625,2081.760009765625,2087.14990234375,2072.489990234375,314200,-0.0023505932543316
2019-10-18,2060.68994140625,2082.22998046875,2088.5400390625,2057.889892578125,516700,-0.0083361404049084
2019-10-21,2064.840087890625,2067.969970703125,2067.969970703125,2059.330078125,606100,0.0020119343962324
2019-10-22,2088.860107421875,2076.2900390625,2093.81005859375,2073.080078125,504100,0.0115657299066205
2019-10-23,2080.6201171875,2086.81005859375,2088.25,2074.8798828125,429500,-0.0039525314993358
2019-10-24,2085.659912109375,2089.85009765625,2089.85009765625,2067.89990234375,367700,0.0024193272390026
2019-10-25,2087.889892578125,2091.159912109375,2091.239990234375,2079.300048828125,348700,0.00106862540778
2019-10-28,2093.60009765625,2096.669921875,2104.389892578125,2089.760009765625,269200,0.0027311836885903
2019-10-29,2092.68994140625,2103.919921875,2105.169921875,2088.0400390625,357700,-0.0004348271409041
2019-10-30,2080.27001953125,2093.510009765625,2093.510009765625,2075.5400390625,415600,-0.0059525893679764
2019-10-31,2083.47998046875,2089.219970703125,2103.7099609375,2083.47998046875,461300,0.0015418608578466
2019-11-01,2100.199951171875,2084.7900390625,2100.419921875,2081.530029296875,418300,0.007992991812585
2019-11-04,2130.239990234375,2111.320068359375,2130.830078125,2111.320068359375,476300,0.014202089805436
2019-11-05,2142.639892578125,2133.659912109375,2143.1201171875,2128.699951171875,400600,0.0058040185977864
2019-11-06,2144.14990234375,2142.68994140625,2156.22998046875,2138.830078125,410100,0.000704494458705
2019-11-07,2144.2900390625,2141.050048828125,2147.010009765625,2135.449951171875,425700,6.535557019084544e-05
2019-11-08,2137.22998046875,2154.179931640625,2155.93994140625,2133.75,574100,-0.0032979245503883
2019-11-11,2124.090087890625,2139.070068359375,2139.070068359375,2119.070068359375,617300,-0.006167072180856
2019-11-12,2140.919921875,2131.260009765625,2140.93994140625,2121.800048828125,610400,0.0078920899597971
2019-11-13,2122.449951171875,2132.47998046875,2133.3701171875,2118.669921875,664400,-0.0086645479068399
2019-11-14,2139.22998046875,2127.5400390625,2139.22998046875,2121.320068359375,521100,0.0078748832770376
2019-11-15,2162.179931640625,2137.9599609375,2165.02001953125,2135.260009765625,556200,0.0106709983083247
2019-11-18,2160.68994140625,2161.889892578125,2165.889892578125,2151.969970703125,489200,-0.0006893523687444
2019-11-19,2153.239990234375,2151.0400390625,2154.409912109375,2137.010009765625,826900,-0.0034539080124608
2019-11-20,2125.320068359375,2140.06005859375,2145.969970703125,2123.800048828125,581100,-0.0130512685597924
2019-11-21,2096.60009765625,2123.64990234375,2125.360107421875,2088.18994140625,579600,-0.0136053798239547
2019-11-22,2101.9599609375,2098.889892578125,2106.419921875,2093.989990234375,519900,0.0025531925794092
2019-11-25,2123.5,2117.139892578125,2130.0400390625,2116.070068359375,397700,0.0101954465770567
2019-11-26,2121.35009765625,2129.27001953125,2139.639892578125,2120.85009765625,532600,-0.0010129462657653
2019-11-27,2127.85009765625,2134.469970703125,2136.300048828125,2118.070068359375,367800,0.0030594016620523
2019-11-28,2118.60009765625,2116.929931640625,2127.75,2116.580078125,335200,-0.0043565868925092
2019-11-29,2087.9599609375,2125.530029296875,2125.530029296875,2085.10009765625,433300,-0.0145680452346485
2019-12-02,2091.919921875,2097.550048828125,2103.8701171875,2088.919921875,385300,0.0018947731672988
2019-12-03,2084.070068359375,2075.02001953125,2085.7099609375,2066.60009765625,450000,-0.0037595218282619
2019-12-04,2068.889892578125,2070.840087890625,2072.909912109375,2057.449951171875,347000,-0.0073105657323387
2019-12-05,2060.739990234375,2078.31005859375,2084.2900390625,2053.56005859375,472200,-0.0039470427886903
2019-12-06,2081.85009765625,2072.43994140625,2084.43994140625,2070.169921875,440200,0.0101918315378934
2019-12-09,2088.64990234375,2091.93994140625,2093.81005859375,2084.31005859375,393100,0.0032609091058587
2019-12-10,2098.0,2081.219970703125,2100.47998046875,2080.159912109375,500100,0.0044666324720275
2019-12-11,2105.6201171875,2098.280029296875,2109.219970703125,2092.47998046875,668700,0.0036255062645159
2019-12-12,2137.35009765625,2120.1298828125,2138.929931640625,2120.1298828125,584600,0.0149567733794889
2019-12-13,2170.25,2164.6298828125,2170.25,2159.449951171875,540000,0.0152755786716701
2019-12-16,2168.14990234375,2168.050048828125,2175.010009765625,2166.2900390625,377100,-0.0009681439551716
2019-12-17,2195.679931640625,2179.39990234375,2196.010009765625,2171.090087890625,599500,0.0126175380709986
2019-12-18,2194.760009765625,2194.919921875,2204.0400390625,2187.320068359375,591100,-0.0004190568146879
2019-12-19,2196.56005859375,2199.419921875,2204.72998046875,2186.590087890625,643100,0.0008198213297698
2019-12-20,2204.179931640625,2205.570068359375,2206.820068359375,2194.800048828125,646700,0.003462999713143
2019-12-23,2203.7099609375,2208.219970703125,2209.199951171875,2196.429931640625,502000,-0.0002132406735917
2019-12-24,2190.080078125,2206.22998046875,2206.22998046875,2187.580078125,570000,-0.0062041774464461
2019-12-26,2197.929931640625,2192.219970703125,2198.010009765625,2183.89990234375,571300,0.0035778687250389
2019-12-27,2204.2099609375,2183.699951171875,2215.550048828125,2177.39990234375,490200,0.0028531730978054
2019-12-30,2197.669921875,2202.6201171875,2208.0400390625,2195.64990234375,416400,-0.0029714776635498
2020-01-02,2175.169921875,2201.2099609375,2202.320068359375,2171.840087890625,494700,-0.0102908861840403
2020-01-03,2176.4599609375,2192.580078125,2203.3798828125,2165.389892578125,631600,0.0005928992745389
2020-01-06,2155.070068359375,2154.969970703125,2164.419921875,2149.949951171875,592700,-0.0098764484165597
2020-01-07,2175.5400390625,2166.60009765625,2181.6201171875,2164.27001953125,568200,0.0094536901956492
2020-01-08,2151.31005859375,2156.27001953125,2162.320068359375,2137.719970703125,913800,-0.011199941390508
2020-01-09,2186.449951171875,2182.199951171875,2186.449951171875,2172.159912109375,592600,0.016202215528438
2020-01-10,2206.389892578125,2189.47998046875,2206.919921875,2188.10009765625,594500,0.0090784454095484
2020-01-13,2229.260009765625,2204.489990234375,2230.429931640625,2204.489990234375,488300,0.0103120491269072
2020-01-14,2238.8798828125,2243.06005859375,2250.7900390625,2232.93994140625,835900,0.0043059922661828
2020-01-15,2230.97998046875,2229.800048828125,2238.2099609375,2223.389892578125,746200,-0.0035347464174631
2020-01-16,2248.050048828125,2231.929931640625,2249.090087890625,2225.409912109375,808300,0.0076222534314081
2020-01-17,2250.570068359375,2261.570068359375,2268.7099609375,2245.580078125,580800,0.0011203523432502
2020-01-20,2262.639892578125,2261.39990234375,2277.22998046875,2258.090087890625,545500,0.0053486778138043
2020-01-21,2239.68994140625,2259.81005859375,2266.31005859375,2238.25,770300,-0.0101947883831596
2020-01-22,2267.25,2238.530029296875,2269.27001953125,2235.1298828125,608500,0.0122302060744546
2020-01-23,2246.1298828125,2254.5400390625,2260.6298828125,2241.93994140625,509600,-0.009358960200624
2020-01-28,2176.719970703125,2192.219970703125,2199.929931640625,2166.22998046875,808500,-0.0313895399869561
2020-01-29,2185.280029296875,2188.179931640625,2195.449951171875,2172.330078125,692300,0.0039248370390902
2020-01-30,2148.0,2181.5400390625,2187.449951171875,2139.719970703125,602700,-0.0172068035504318
2020-01-31,2119.010009765625,2160.60009765625,2167.22998046875,2119.010009765625,710500,-0.0135881735558394
2020-02-03,2118.8798828125,2086.610107421875,2126.72998046875,2082.739990234375,836700,-6.141120060429386e-05
2020-02-04,2157.89990234375,2121.219970703125,2162.320068359375,2120.530029296875,624600,0.0182478894138826
2020-02-05,2165.6298828125,2177.260009765625,2181.52001953125,2154.8798828125,574400,0.0035757767792867
2020-02-06,2227.93994140625,2184.77001953125,2229.989990234375,2182.25,695000,0.0283661073375093
2020-02-07,2211.949951171875,2221.489990234375,2223.919921875,2198.139892578125,800200,-0.0072029080692355
2020-02-10,2201.070068359375,2185.6298828125,2203.389892578125,2180.510009765625,609600,-0.0049308205301039
2020-02-11,2223.1201171875,2213.5,2233.320068359375,2211.25,526000,0.0099680305233084
2020-02-12,2238.3798828125,2225.949951171875,2242.239990234375,2214.77001953125,632500,0.0068406702370898
2020-02-13,2232.9599609375,2245.719970703125,2255.489990234375,2230.300048828125,638700,-0.0024242954992904
2020-02-14,2243.590087890625,2232.7099609375,2251.5,2221.89990234375,597200,0.0047492586111104
2020-02-17,2242.169921875,2243.070068359375,2250.050048828125,2230.260009765625,458200,-0.0006331886057131
2020-02-18,2208.8798828125,2225.97998046875,2232.929931640625,2205.2099609375,470400,-0.0149585654016823
2020-02-19,2210.340087890625,2222.510009765625,2226.0,2191.199951171875,590800,0.0006608429274605
2020-02-20,2195.5,2223.550048828125,2228.179931640625,2186.719970703125,709600,-0.0067365785941619
2020-02-21,2162.840087890625,2165.64990234375,2184.429931640625,2160.280029296875,635500,-0.0149875974841611
2020-02-24,2079.0400390625,2114.0400390625,2120.06005859375,2079.030029296875,948600,-0.0395159460367251
2020-02-25,2103.610107421875,2075.550048828125,2105.489990234375,2071.5,1565600,0.0117487000439596
2020-02-26,2076.77001953125,2064.070068359375,2089.639892578125,2059.1298828125,810900,-0.0128411560152428
2020-02-27,2054.889892578125,2073.8701171875,2085.39990234375,2049.14990234375,562500,-0.0105915452686944
2020-02-28,1987.010009765625,2020.1700439453125,2031.010009765625,1980.8199462890625,671600,-0.0335912650743895
2020-03-02,2002.510009765625,1997.030029296875,2017.0699462890625,1969.3399658203125,528100,0.0077703973980219
2020-03-03,2014.1500244140625,2051.85009765625,2051.85009765625,2009.3900146484373,615700,0.0057958837112972
2020-03-04,2059.330078125,2005.81005859375,2063.590087890625,2005.81005859375,606300,0.0221834428235537
2020-03-05,2085.260009765625,2078.110107421875,2089.080078125,2059.989990234375,675200,0.0125128272820591
2020-03-06,2040.219970703125,2053.090087890625,2062.570068359375,2032.1300048828125,865600,-0.0218359215802512
2020-03-09,1954.77001953125,1981.02001953125,1989.5,1946.9000244140625,666900,-0.0427850813699299
2020-03-10,1962.9300537109373,1942.8499755859373,1968.1700439453125,1934.719970703125,638600,0.0041657328674702
2020-03-11,1908.27001953125,1965.6700439453125,1967.699951171875,1898.27001953125,679700,-0.028241199633005
2020-03-12,1834.3299560546875,1887.969970703125,1897.22998046875,1808.56005859375,850300,-0.0395178144235064
2020-03-13,1771.43994140625,1722.6800537109375,1809.31005859375,1680.5999755859375,1035300,-0.0348865261892254
2020-03-16,1714.8599853515625,1805.4300537109373,1805.4300537109373,1714.3800048828125,682000,-0.0324613059802101
2020-03-17,1672.43994140625,1640.8399658203125,1722.969970703125,1637.8800048828125,649800,-0.0250478331882636
2020-03-18,1591.199951171875,1686.1199951171875,1693.949951171875,1591.1199951171875,728000,-0.0497951850311199
2020-03-19,1457.6400146484375,1626.0899658203125,1626.0899658203125,1439.4300537109375,977700,-0.0876697183038086
2020-03-20,1566.1500244140625,1498.489990234375,1566.8199462890625,1466.47998046875,817000,0.0718016944432136
2020-03-23,1482.4599609375,1474.449951171875,1516.75,1458.4100341796875,647200,-0.0549175502849761
2020-03-24,1609.969970703125,1523.68994140625,1609.969970703125,1508.6800537109375,679300,0.0825126833595356
2020-03-25,1704.760009765625,1668.18994140625,1707.6400146484375,1645.280029296875,872800,0.057208817007381
2020-03-26,1686.239990234375,1699.1099853515625,1735.75,1679.22998046875,992500,-0.010923151680489
2020-03-27,1717.72998046875,1756.0699462890625,1759.050048828125,1668.2099609375,1077500,0.0185024479409282
2020-03-30,1717.1199951171875,1670.3399658203125,1729.6300048828125,1659.949951171875,767800,-0.0003551743815948
2020-03-31,1754.6400146484375,1739.2900390625,1757.81005859375,1722.6199951171875,1037500,0.0216152500479719
2020-04-01,1685.4599609375,1737.280029296875,1762.43994140625,1685.3699951171875,1243600,-0.0402252156155428
2020-04-02,1724.8599853515625,1693.530029296875,1726.760009765625,1664.1300048828125,766300,0.0231073788730013
2020-04-03,1725.43994140625,1731.1700439453125,1743.9100341796875,1706.6800537109375,1000100,0.000336177186019
2020-04-06,1791.8800048828125,1745.25,1794.18994140625,1742.6700439453125,1219400,0.0377832942868715
2020-04-07,1823.5999755859373,1826.719970703125,1838.969970703125,1791.9200439453125,951400,0.0175472052195275
2020-04-08,1807.1400146484373,1815.75,1842.1600341796875,1801.800048828125,907500,-0.0090670627741449
2020-04-09,1836.2099609375,1838.0899658203125,1839.3299560546875,1818.300048828125,920600,0.0159581502738731
2020-04-10,1860.699951171875,1835.760009765625,1861.0999755859373,1824.4300537109373,992500,0.0132490913006152
2020-04-13,1825.760009765625,1853.300048828125,1853.300048828125,1825.760009765625,1017800,-0.0189563907166217
2020-04-14,1857.0799560546875,1846.4100341796875,1864.4599609375,1837.1700439453125,886800,0.0170089939628889
2020-04-16,1857.0699462890625,1839.510009765625,1862.22998046875,1828.1300048828125,878300,-5.390070884651381e-06
2020-04-17,1914.530029296875,1893.31005859375,1926.02001953125,1893.18994140625,1667500,0.0304722290574878
2020-04-20,1898.3599853515625,1908.3399658203125,1925.25,1893.1700439453125,1087500,-0.0084818291765084
2020-04-21,1879.3800048828125,1886.780029296875,1898.3199462890625,1841.6600341796875,1174300,-0.010048410011872
2020-04-22,1896.1500244140625,1855.510009765625,1897.9000244140625,1844.8499755859373,820400,0.0088835896889915
2020-04-23,1914.72998046875,1907.449951171875,1923.530029296875,1895.97998046875,683700,0.0097510828215174
2020-04-24,1889.010009765625,1906.0699462890625,1908.2900390625,1880.7099609375,933900,-0.0135237228433407
2020-04-27,1922.77001953125,1897.06005859375,1929.8199462890625,1894.6199951171875,735700,0.0177139773457874
2020-04-28,1934.0899658203125,1931.25,1941.7900390625,1911.6300048828125,1173500,0.005870049126372
2020-04-29,1947.56005859375,1936.8900146484373,1957.510009765625,1934.31005859375,1984200,0.0069404231495774
2020-05-04,1895.3699951171875,1906.4200439453125,1918.6600341796875,1894.2900390625,1146900,-0.0271632695441373
2020-05-06,1928.760009765625,1919.449951171875,1928.760009765625,1905.550048828125,1082200,0.0174632468911631
2020-05-07,1928.6099853515625,1922.0,1938.5,1918.5699462890625,775700,-7.77858563363345e-05
2020-05-08,1945.8199462890625,1944.93994140625,1956.8900146484373,1942.5400390625,784500,0.0088839258580554
2020-05-11,1935.4000244140625,1953.510009765625,1960.4599609375,1932.8699951171875,591100,-0.0053694183726104
2020-05-12,1922.1700439453125,1938.6199951171875,1938.6199951171875,1905.1700439453125,799900,-0.0068592570484304
2020-05-13,1940.4200439453125,1897.5,1940.4200439453125,1897.239990234375,618800,0.0094496881055366
2020-05-14,1924.9599609375,1922.43994140625,1931.4300537109373,1913.489990234375,760600,-0.0079992991258423
2020-05-15,1927.280029296875,1937.6300048828125,1938.5899658203125,1913.2099609375,866400,0.0012045296480855
2020-05-18,1937.1099853515625,1934.510009765625,1943.0699462890625,1921.1400146484373,761700,0.005087466440629
2020-05-19,1980.6099853515625,1977.469970703125,1983.77001953125,1968.5899658203125,773400,0.0222077065722927
2020-05-20,1989.6400146484373,1972.1199951171875,1992.199951171875,1972.1199951171875,699400,0.0045488545394915
2020-05-21,1998.31005859375,2003.199951171875,2004.949951171875,1993.0,600900,0.0043481274569053
2020-05-22,1970.1300048828125,2001.5999755859373,2002.6500244140625,1961.4000244140625,847500,-0.0142023197690519
2020-05-25,1994.5999755859373,1980.510009765625,1994.9000244140625,1967.8399658203125,641500,0.0123439838467506
2020-05-26,2029.780029296875,2001.0,2029.8900146484373,1997.93994140625,1017800,0.0174839104845029
2020-05-27,2031.199951171875,2027.9000244140625,2043.43994140625,2019.8199462890625,1178800,0.0006993001392241
2020-05-28,2028.5400390625,2047.0799560546875,2054.52001953125,2003.75,1172100,-0.0013103856386798
2020-05-29,2029.5999755859373,2018.3699951171875,2038.8900146484373,2006.6199951171875,1086200,0.0005223755433344
2020-06-01,2065.080078125,2037.0400390625,2065.3798828125,2035.6300048828125,997300,0.0173302871402134
2020-06-02,2087.18994140625,2061.449951171875,2089.429931640625,2059.139892578125,1000300,0.0106496312340222
2020-06-03,2147.0,2108.550048828125,2156.550048828125,2107.68994140625,1152000,0.0282528832484755
2020-06-04,2151.179931640625,2181.639892578125,2191.0,2139.679931640625,1393300,0.0019449781185554
2020-06-05,2181.8701171875,2151.169921875,2187.25,2138.179931640625,854600,0.0141658639620094
2020-06-08,2184.2900390625,2215.60009765625,2217.2099609375,2174.9599609375,854000,0.0011084898566196
2020-06-09,2188.919921875,2206.22998046875,2212.169921875,2166.010009765625,817100,0.0021173849797404
2020-06-10,2195.68994140625,2187.909912109375,2200.679931640625,2178.1201171875,706300,0.0030880854271694
2020-06-11,2176.780029296875,2184.360107421875,2200.719970703125,2148.510009765625,827400,-0.0086495871358373
2020-06-12,2132.300048828125,2088.239990234375,2137.1201171875,2084.6298828125,689900,-0.0206455018555744
2020-06-15,2030.8199462890625,2114.409912109375,2129.669921875,2030.8199462890625,1071600,-0.0487616063189942
2020-06-16,2138.050048828125,2091.090087890625,2138.080078125,2079.02001953125,973300,0.0514545955791318
2020-06-17,2141.050048828125,2133.179931640625,2154.3701171875,2105.260009765625,927200,0.0014021642041788
2020-06-18,2133.47998046875,2134.35009765625,2145.1298828125,2120.2900390625,767100,-0.0035419455339434
2020-06-19,2141.320068359375,2153.090087890625,2153.570068359375,2108.909912109375,1079300,0.0036680530511446
2020-06-22,2126.72998046875,2126.3798828125,2142.8798828125,2122.10009765625,789400,-0.0068369136051241
2020-06-23,2131.239990234375,2149.1298828125,2158.14990234375,2110.510009765625,917600,0.0021183857487175
2020-06-24,2161.510009765625,2145.929931640625,2171.860107421875,2143.909912109375,913900,0.0141030906752142
2020-06-25,2112.3701171875,2130.449951171875,2143.330078125,2112.3701171875,1017700,-0.0229964606787821
2020-06-26,2134.64990234375,2137.469970703125,2142.0400390625,2115.25,761000,0.0104920576966388
2020-06-29,2093.47998046875,2105.5400390625,2120.5,2087.840087890625,643200,-0.0194749093451506
2020-06-30,2108.330078125,2124.3798828125,2134.3798828125,2108.260009765625,708600,0.0070684582495924
2020-07-01,2106.699951171875,2128.81005859375,2133.550048828125,2101.330078125,1116200,-0.0007734829992036
2020-07-02,2135.3701171875,2116.719970703125,2135.3701171875,2113.97998046875,1092000,0.0135172696797407
2020-07-03,2152.409912109375,2147.889892578125,2153.5400390625,2135.300048828125,770100,0.0079481151128424
2020-07-06,2187.929931640625,2158.949951171875,2191.280029296875,2157.7099609375,666900,0.0163677563513836
2020-07-07,2164.169921875,2202.0400390625,2206.7900390625,2164.030029296875,847400,-0.010918980091796
2020-07-08,2158.8798828125,2166.760009765625,2173.830078125,2150.889892578125,677800,-0.0024473656061967
2020-07-09,2167.89990234375,2171.14990234375,2181.47998046875,2166.739990234375,619400,0.0041693975871384
2020-07-10,2150.25,2171.43994140625,2171.52001953125,2140.2900390625,887000,-0.0081747975564069
2020-07-13,2186.06005859375,2170.510009765625,2188.800048828125,2163.070068359375,650200,0.0165167491240781
2020-07-14,2183.610107421875,2176.429931640625,2183.610107421875,2165.60009765625,811000,-0.0011213438705949
2020-07-15,2201.8798828125,2208.72998046875,2216.969970703125,2190.659912109375,830300,0.0083319679782239
2020-07-16,2183.760009765625,2203.300048828125,2207.340087890625,2177.820068359375,784600,-0.0082633214748194
2020-07-17,2201.18994140625,2187.85009765625,2204.199951171875,2187.85009765625,569300,0.007949930391125
2020-07-20,2198.199951171875,2209.590087890625,2209.590087890625,2183.830078125,686800,-0.0013592751575781
2020-07-21,2228.830078125,2219.18994140625,2234.860107421875,2214.280029296875,918500,0.0138379977228854
2020-07-22,2228.659912109375,2228.199951171875,2238.860107421875,2221.6201171875,856200,-7.635059914007688e-05
2020-07-23,2216.18994140625,2227.239990234375,2227.239990234375,2202.989990234375,934400,-0.0056109897208185
2020-07-24,2200.43994140625,2196.72998046875,2219.570068359375,2195.489990234375,1001000,-0.0071321651040742
2020-07-27,2217.860107421875,2203.47998046875,2231.25,2203.47998046875,928600,0.0078855017043473
2020-07-28,2256.989990234375,2238.18994140625,2266.0,2237.2099609375,866700,0.0174892473954929
2020-07-29,2263.159912109375,2258.35009765625,2276.7900390625,2252.239990234375,899300,0.0027299650853112
2020-07-30,2267.010009765625,2275.330078125,2281.330078125,2263.81005859375,712900,0.0016997590154964
2020-07-31,2249.3701171875,2278.530029296875,2281.409912109375,2248.489990234375,739700,-0.0078115578324575
2020-08-03,2251.0400390625,2251.64990234375,2254.3798828125,2237.0400390625,648500,0.0007421198929266
2020-08-04,2279.969970703125,2272.330078125,2284.659912109375,2269.68994140625,722800,0.0127699231355149
2020-08-05,2311.860107421875,2289.22998046875,2312.139892578125,2283.949951171875,841200,0.013890169673658
2020-08-06,2342.610107421875,2322.639892578125,2352.47998046875,2322.639892578125,797000,0.0132132964523389
2020-08-07,2351.669921875,2349.25,2362.239990234375,2333.6201171875,812600,0.0038599425876653
2020-08-10,2386.3798828125,2353.919921875,2390.510009765625,2349.330078125,784400,0.0146518434027684
2020-08-11,2418.669921875,2396.110107421875,2429.360107421875,2396.110107421875,843400,0.0134402457609542
2020-08-12,2432.35009765625,2414.780029296875,2432.85009765625,2393.27001953125,752900,0.0056401383590833
2020-08-13,2437.530029296875,2455.280029296875,2458.169921875,2412.489990234375,907200,0.0021273351536769
2020-08-14,2407.489990234375,2427.85009765625,2435.0,2383.68994140625,968100,-0.0124005365867475
2020-08-18,2348.239990234375,2405.840087890625,2419.64990234375,2336.780029296875,909800,-0.0249185997044136
2020-08-19,2360.5400390625,2370.8701171875,2380.10009765625,2353.169921875,638000,0.0052243157367755
2020-08-20,2274.219970703125,2339.909912109375,2357.080078125,2270.85009765625,903700,-0.0372532993821865
2020-08-21,2304.590087890625,2306.159912109375,2329.340087890625,2280.969970703125,865700,0.013265700988833
2020-08-24,2329.830078125,2309.3798828125,2332.330078125,2283.47998046875,649300,0.0108925124971197
2020-08-25,2366.72998046875,2352.14990234375,2369.780029296875,2340.969970703125,771600,0.0157139102571657
2020-08-26,2369.320068359375,2367.739990234375,2374.679931640625,2336.97998046875,956500,0.0010937756662795
2020-08-27,2344.449951171875,2371.949951171875,2373.360107421875,2344.3798828125,913700,-0.0105522110142152
2020-08-28,2353.800048828125,2362.219970703125,2379.260009765625,2345.280029296875,1297300,0.0039802522216789
2020-08-31,2326.169921875,2377.090087890625,2381.5,2326.06005859375,1647800,-0.0118079595209287
2020-09-01,2349.550048828125,2340.18994140625,2355.89990234375,2331.22998046875,1085200,0.0100007365549644
2020-09-02,2364.3701171875,2363.429931640625,2369.570068359375,2341.2900390625,1429300,0.0062878100032565
2020-09-03,2395.89990234375,2383.260009765625,2401.780029296875,2382.22998046875,981500,0.0132472511523429
2020-09-04,2368.25,2332.679931640625,2371.02001953125,2332.679931640625,1351000,-0.0116076166219342
2020-09-07,2384.219970703125,2369.85009765625,2387.489990234375,2362.419921875,1197400,0.0067207287632567
2020-09-08,2401.909912109375,2402.659912109375,2407.56005859375,2391.429931640625,979400,0.0073922030510629
2020-09-09,2375.81005859375,2372.530029296875,2388.85009765625,2369.1201171875,946200,-0.0109257609522306
2020-09-10,2396.47998046875,2404.830078125,2406.679931640625,2388.56005859375,1064600,0.0086625292932951
2020-09-11,2396.68994140625,2389.760009765625,2397.56005859375,2374.0,882900,8.760838487127785e-05
2020-09-14,2427.909912109375,2418.330078125,2429.070068359375,2410.7900390625,963100,0.0129421744510492
2020-09-15,2443.580078125,2434.590087890625,2444.570068359375,2423.7900390625,850000,0.0064334403210972
2020-09-16,2435.919921875,2442.719970703125,2450.530029296875,2429.93994140625,772900,-0.003139732572094
2020-09-17,2406.169921875,2430.77001953125,2437.02001953125,2398.68994140625,853700,-0.0122882372344019
2020-09-18,2412.39990234375,2413.530029296875,2417.81005859375,2396.330078125,756500,0.0025858228343286
2020-09-21,2389.389892578125,2412.43994140625,2427.169921875,2379.3798828125,1042000,-0.0095840038304634
2020-09-22,2332.590087890625,2388.139892578125,2388.489990234375,2323.580078125,1051000,-0.0240587823998891
2020-09-23,2333.239990234375,2352.56005859375,2354.4599609375,2287.43994140625,735000,0.0002785795183583
2020-09-24,2272.699951171875,2295.6201171875,2309.739990234375,2268.8798828125,714900,-0.0262893248885504
2020-09-25,2278.7900390625,2295.18994140625,2296.360107421875,2267.6298828125,698000,0.0026760869685202
2020-09-28,2308.080078125,2301.159912109375,2314.81005859375,2291.320068359375,606000,0.0127714264569616
2020-09-29,2327.889892578125,2331.510009765625,2339.830078125,2320.0400390625,646200,0.0085461878094507
2020-10-05,2358.0,2330.550048828125,2364.72998046875,2327.830078125,763600,0.0128515703670499
2020-10-06,2365.89990234375,2369.169921875,2378.280029296875,2355.389892578125,861800,0.0033446558443503
2020-10-07,2386.93994140625,2350.820068359375,2387.449951171875,2347.820068359375,735800,0.0088537283794337
2020-10-08,2391.9599609375,2408.489990234375,2409.010009765625,2383.820068359375,961700,0.0021009108708243
2020-10-12,2403.72998046875,2404.179931640625,2409.419921875,2393.739990234375,843600,0.0049085922182446
2020-10-13,2403.14990234375,2416.85009765625,2418.889892578125,2385.8701171875,724900,-0.0002413532861055
2020-10-14,2380.47998046875,2403.739990234375,2405.56005859375,2375.5400390625,901200,-0.0094781963258401
2020-10-15,2361.2099609375,2375.909912109375,2376.72998046875,2348.739990234375,1165500,-0.0081279568494052
2020-10-16,2341.530029296875,2363.8798828125,2370.72998046875,2325.030029296875,920200,-0.0083696085956399
2020-10-19,2346.739990234375,2352.919921875,2364.25,2344.77001953125,930800,0.0022225524811707
2020-10-20,2358.409912109375,2333.56005859375,2358.409912109375,2322.06005859375,870300,0.0049604990476022
2020-10-21,2370.860107421875,2363.030029296875,2371.739990234375,2356.320068359375,810400,0.0052651779336758
2020-10-22,2355.050048828125,2355.610107421875,2360.219970703125,2339.72998046875,814000,-0.0066908244346167
2020-10-23,2360.81005859375,2364.840087890625,2368.570068359375,2344.489990234375,890400,0.0024428259103427
2020-10-26,2343.909912109375,2366.5,2374.5,2342.580078125,822300,-0.0071843677334693
2020-10-27,2330.840087890625,2328.659912109375,2349.330078125,2321.22998046875,666900,-0.0055916822389007
2020-10-28,2345.260009765625,2324.179931640625,2345.4599609375,2316.469970703125,705200,0.006167518779717
2020-10-29,2326.669921875,2312.340087890625,2330.169921875,2299.909912109375,509100,-0.0079582469246943
2020-10-30,2267.14990234375,2319.56005859375,2320.199951171875,2266.929931640625,795600,-0.0259145341896694
2020-11-02,2300.159912109375,2276.610107421875,2302.639892578125,2267.949951171875,678500,0.0144551545200906
2020-11-03,2343.31005859375,2315.81005859375,2344.77001953125,2315.300048828125,887400,0.0185858372615465
2020-11-04,2357.320068359375,2361.320068359375,2371.139892578125,2339.949951171875,986800,0.0059609247575702
2020-11-05,2413.7900390625,2373.409912109375,2413.7900390625,2370.85009765625,702000,0.0236727329894223
2020-11-06,2416.5,2421.7900390625,2431.110107421875,2404.969970703125,825600,0.0011220697721726
2020-11-09,2447.199951171875,2438.6298828125,2459.14990234375,2434.52001953125,1354900,0.0126242815989048
2020-11-10,2452.830078125,2453.949951171875,2457.93994140625,2435.590087890625,1464200,0.0022979979294376
2020-11-11,2485.8701171875,2459.5,2488.0400390625,2459.5,1272000,0.0133802541913957
2020-11-12,2475.6201171875,2482.679931640625,2488.7900390625,2467.0400390625,1278100,-0.0041318289861069
2020-11-13,2493.8701171875,2470.1201171875,2495.77001953125,2460.9599609375,1072400,0.0073448507526296
2020-11-16,2543.030029296875,2507.4599609375,2546.3701171875,2507.4599609375,1239100,0.0195205271916455
2020-11-17,2539.14990234375,2544.1201171875,2556.090087890625,2533.340087890625,1266400,-0.0015269540863255
2020-11-18,2545.639892578125,2548.85009765625,2553.949951171875,2536.780029296875,923500,0.0025527087727775
2020-11-19,2547.419921875,2536.889892578125,2548.949951171875,2529.530029296875,976500,0.0006990019493983
2020-11-20,2553.5,2544.06005859375,2558.2099609375,2539.7900390625,1128900,0.0023839154888028
2020-11-23,2602.590087890625,2560.0400390625,2605.580078125,2553.699951171875,1648900,0.0190421697064874
2020-11-24,2617.760009765625,2616.280029296875,2628.52001953125,2605.030029296875,1364500,0.0058118571711076
2020-11-25,2601.5400390625,2637.340087890625,2642.260009765625,2583.409912109375,1410100,-0.0062154015932336
2020-11-26,2625.909912109375,2605.72998046875,2625.969970703125,2592.429931640625,1387400,0.009323876774785
2020-11-27,2633.449951171875,2624.800048828125,2635.0,2618.469970703125,1196000,0.0028672859147374
2020-11-30,2591.340087890625,2648.050048828125,2648.659912109375,2591.340087890625,1311800,-0.0161196047256193
2020-12-01,2634.25,2613.419921875,2638.8701171875,2611.669921875,1150300,0.0164233611436736
2020-12-02,2675.89990234375,2645.8798828125,2677.260009765625,2644.530029296875,1076200,0.0156872243677315
2020-12-03,2696.219970703125,2686.3798828125,2696.219970703125,2672.85009765625,817100,0.0075650453635168
2020-12-04,2731.449951171875,2705.340087890625,2742.77001953125,2705.340087890625,1778900,0.0129818046204391
2020-12-07,2745.43994140625,2738.110107421875,2754.010009765625,2711.419921875,1499300,0.0051087463637786
2020-12-08,2700.929931640625,2745.1298828125,2747.449951171875,2700.919921875,1414300,-0.0163451993751772
2020-12-09,2755.469970703125,2703.300048828125,2755.469970703125,2703.300048828125,1252300,0.0199918834955595
2020-12-10,2746.4599609375,2750.340087890625,2765.4599609375,2718.699951171875,1227700,-0.0032752208522541
2020-12-11,2770.06005859375,2754.159912109375,2781.0400390625,2754.159912109375,1215200,0.0085562062859036
2020-12-14,2762.199951171875,2769.429931640625,2782.7900390625,2755.2900390625,1113600,-0.002841555782566
2020-12-15,2756.820068359375,2763.64990234375,2769.3701171875,2735.080078125,1092700,-0.0019495796346005
2020-12-16,2771.7900390625,2763.639892578125,2781.080078125,2761.5,1166600,0.0054154686251962
2020-12-17,2770.429931640625,2769.889892578125,2772.7099609375,2742.25,1015500,-0.000490816841038
2020-12-18,2772.179931640625,2770.949951171875,2782.14990234375,2762.800048828125,1058300,0.0006314714913439
2020-12-21,2778.64990234375,2771.97998046875,2780.239990234375,2747.090087890625,1139500,0.00233117347375
2020-12-22,2733.679931640625,2772.030029296875,2774.219970703125,2733.639892578125,1260800,-0.016316501277201
2020-12-23,2759.820068359375,2737.739990234375,2769.080078125,2716.280029296875,1121300,0.0095168231586298
2020-12-24,2806.860107421875,2762.60009765625,2812.159912109375,2762.60009765625,1030900,0.0169009741148878
2020-12-28,2808.60009765625,2820.949951171875,2834.590087890625,2799.56005859375,1006200,0.0006197142269792
2020-12-29,2820.510009765625,2810.550048828125,2823.43994140625,2792.06005859375,1046800,0.0042315498022518
2020-12-30,2873.469970703125,2820.360107421875,2878.2099609375,2809.35009765625,1074000,0.0186026253612
2021-01-04,2944.449951171875,2874.5,2946.5400390625,2869.110107421875,1026500,0.0244016773776931
2021-01-05,2990.570068359375,2943.669921875,2990.570068359375,2921.840087890625,1519900,0.0155420016802564
2021-01-06,2968.2099609375,2993.340087890625,3027.159912109375,2961.3701171875,1793400,-0.0075049631849511
2021-01-07,3031.679931640625,2980.75,3055.280029296875,2980.75,1524700,0.0211578344060176
2021-01-08,3152.179931640625,3040.110107421875,3161.110107421875,3040.110107421875,1297900,0.0389773565128698
2021-01-11,3148.449951171875,3161.89990234375,3266.22998046875,3096.18994140625,1712500,-0.0011840025438308
2021-01-12,3125.949951171875,3145.8701171875,3154.7900390625,3047.56005859375,1388600,-0.0071720313644102
2021-01-13,3148.2900390625,3128.260009765625,3164.3701171875,3109.6298828125,1578000,0.0071212393324517
2021-01-14,3149.929931640625,3148.64990234375,3159.030029296875,3128.719970703125,1233200,0.0005207479646032
2021-01-15,3085.89990234375,3153.840087890625,3189.89990234375,3085.89990234375,1331100,-0.0205368913035499
2021-01-18,3013.929931640625,3079.89990234375,3079.89990234375,3003.889892578125,1472000,-0.0235984650597552
2021-01-19,3092.659912109375,3013.050048828125,3092.659912109375,3013.050048828125,1353300,0.0257866812997983
2021-01-20,3114.550048828125,3115.0400390625,3145.010009765625,3077.14990234375,1192700,0.0070531615988436
2021-01-21,3160.840087890625,3123.27001953125,3163.2099609375,3123.27001953125,1360100,0.0147531476632435
2021-01-22,3140.6298828125,3163.830078125,3185.260009765625,3140.60009765625,1111200,-0.0064144634405479
2021-01-25,3208.989990234375,3144.010009765625,3212.219970703125,3142.800048828125,1093700,0.0215328634195051
2021-01-26,3140.31005859375,3203.9599609375,3209.179931640625,3132.669921875,873000,-0.0216347030237713
2021-01-27,3122.56005859375,3143.4599609375,3182.530029296875,3118.889892578125,924600,-0.0056683428503653
2021-01-28,3069.050048828125,3114.97998046875,3114.97998046875,3046.639892578125,1310500,-0.0172851136034194
2021-01-29,2976.2099609375,3078.72998046875,3100.219970703125,2962.699951171875,995100,-0.0307174174940102
2021-02-01,3056.530029296875,2976.81005859375,3056.8701171875,2947.239990234375,969300,0.0266296292990292
2021-02-02,3096.81005859375,3065.56005859375,3138.949951171875,3065.56005859375,887300,0.0130922731649928
2021-02-03,3129.679931640625,3108.419921875,3142.260009765625,3091.85009765625,901800,0.0105581727250238
2021-02-04,3087.550048828125,3135.02001953125,3135.02001953125,3068.4599609375,1460900,-0.0135528290920744
2021-02-05,3120.6298828125,3098.489990234375,3124.6201171875,3081.780029296875,1193500,0.0106569549926056
2021-02-08,3091.239990234375,3113.6298828125,3128.5400390625,3085.590087890625,1277200,-0.0094625652102746
2021-02-09,3084.669921875,3102.25,3129.659912109375,3084.669921875,2145400,-0.0021276446487603
2021-02-10,3100.580078125,3088.1298828125,3111.8798828125,3064.25,2152900,0.0051445588587293
2021-02-15,3147.0,3108.699951171875,3156.56005859375,3108.699951171875,1604700,0.0148604021204959
2021-02-16,3163.25,3151.85009765625,3180.93994140625,3145.840087890625,1944400,0.0051503620049662
2021-02-17,3133.72998046875,3162.949951171875,3162.949951171875,3115.47998046875,1784100,-0.0093759979798602
2021-02-18,3086.659912109375,3131.739990234375,3140.39990234375,3086.659912109375,1860600,-0.01513441042129
2021-02-19,3107.6201171875,3089.9599609375,3109.669921875,3040.280029296875,3455500,0.0067676259317865
2021-02-22,3079.75,3114.030029296875,3142.47998046875,3079.159912109375,1832000,-0.0090087727579258
2021-02-23,3070.090087890625,3069.260009765625,3094.2900390625,3035.4599609375,2357800,-0.0031415191016045
2021-02-24,2994.97998046875,3070.580078125,3092.050048828125,2993.4599609375,1560900,-0.024769358530882
2021-02-25,3099.68994140625,3026.469970703125,3099.800048828125,3026.469970703125,1280100,0.0343645403602072
2021-02-26,3012.949951171875,3089.489990234375,3089.489990234375,2988.280029296875,1361300,-0.0283824385393399
2021-03-02,3043.8701171875,3021.679931640625,3096.5,3020.739990234375,1749900,0.0102101215741316
2021-03-03,3082.989990234375,3041.199951171875,3083.0400390625,3029.3701171875,2236700,0.0127701315148096
2021-03-04,3043.489990234375,3076.8798828125,3076.8798828125,3022.5400390625,1279000,-0.0128950220903336
2021-03-05,3026.260009765625,3036.159912109375,3036.97998046875,2982.449951171875,1187200,-0.0056773431356401
2021-03-08,2996.110107421875,3031.989990234375,3055.64990234375,2992.639892578125,1928300,-0.0100127204557142
2021-03-09,2976.1201171875,2989.9599609375,3000.489990234375,2929.360107421875,1534200,-0.0066943383410914
2021-03-10,2958.1201171875,2980.760009765625,3013.949951171875,2951.530029296875,905600,-0.0060665070818873
2021-03-11,3013.699951171875,2964.300048828125,3028.3701171875,2964.300048828125,1349200,0.0186145725146677
2021-03-12,3054.389892578125,3030.72998046875,3061.429931640625,3030.72998046875,1669100,0.0134113213016242
2021-03-15,3045.7099609375,3057.06005859375,3065.169921875,3036.139892578125,1161800,-0.0028458345624257
2021-03-16,3067.169921875,3049.22998046875,3071.5400390625,3049.22998046875,1123900,0.0070212565959104
2021-03-17,3047.5,3067.760009765625,3069.570068359375,3027.199951171875,815000,-0.0064337045090886
2021-03-18,3066.010009765625,3054.929931640625,3090.18994140625,3054.929931640625,1232600,0.0060554628347429
2021-03-19,3039.530029296875,3063.010009765625,3063.010009765625,3022.489990234375,1068500,-0.0086741373670656
2021-03-22,3035.4599609375,3040.010009765625,3048.110107421875,3019.60009765625,915700,-0.0013399426089205
2021-03-23,3004.739990234375,3038.25,3058.7900390625,3003.050048828125,1331200,-0.010171926700795
2021-03-24,2996.35009765625,2996.320068359375,3006.5400390625,2971.0400390625,978400,-0.002796124677844
2021-03-25,3008.330078125,2995.669921875,3024.6298828125,2987.830078125,940400,0.0039902196331304
2021-03-26,3041.010009765625,3012.7900390625,3041.860107421875,3012.7900390625,1036400,0.0108045668065694
2021-03-29,3036.0400390625,3047.7099609375,3054.2099609375,3025.389892578125,1288800,-0.001635652749683
2021-03-30,3070.0,3038.43994140625,3074.570068359375,3038.43994140625,1023100,0.0111235140556819
2021-03-31,3061.419921875,3073.389892578125,3093.889892578125,3061.39990234375,1147000,-0.0027987265054025
2021-04-01,3087.39990234375,3073.77001953125,3090.8798828125,3069.679931640625,922700,0.008450446041321
2021-04-02,3112.800048828125,3104.719970703125,3121.580078125,3101.60009765625,792700,0.0081933772394215
2021-04-05,3120.830078125,3121.22998046875,3127.199951171875,3101.860107421875,1084800,0.0025763587428286
2021-04-06,3127.080078125,3123.800048828125,3139.2900390625,3110.18994140625,1279000,0.0020006696410243
2021-04-07,3137.409912109375,3129.070068359375,3146.18994140625,3125.330078125,1984800,0.0032979040154574
2021-04-08,3143.260009765625,3137.25,3145.81005859375,3122.090087890625,1357300,0.001862890239687
2021-04-09,3131.8798828125,3146.510009765625,3156.0400390625,3125.239990234375,1823200,-0.0036270552127605
2021-04-12,3135.590087890625,3134.8798828125,3147.27001953125,3127.909912109375,1048800,0.0011839563743799
2021-04-13,3169.080078125,3138.2099609375,3173.260009765625,3136.989990234375,1741300,0.01062396742399
2021-04-14,3182.3798828125,3169.949951171875,3188.320068359375,3162.1201171875,1776300,0.0041879581098065
2021-04-15,3194.330078125,3180.72998046875,3204.47998046875,3178.989990234375,1313000,0.0037480799269527
2021-04-16,3198.6201171875,3194.080078125,3206.760009765625,3185.669921875,985300,0.001342115791738
2021-04-19,3198.840087890625,3201.110107421875,3214.449951171875,3193.39990234375,1060600,6.8768134903557e-05
2021-04-20,3220.699951171875,3198.31005859375,3220.820068359375,3195.9599609375,1296200,0.0068104405114276
2021-04-21,3171.659912109375,3214.239990234375,3214.239990234375,3165.489990234375,1767100,-0.0153436296516237
2021-04-22,3177.52001953125,3174.52001953125,3196.969970703125,3174.52001953125,1752700,0.0018459420425931
2021-04-23,3181.080078125,3173.469970703125,3185.969970703125,3146.5400390625,1829400,0.0011197618692984
2021-04-26,3217.530029296875,3191.340087890625,3217.530029296875,3191.340087890625,1298300,0.0113932072252444
2021-04-27,3215.419921875,3218.300048828125,3223.050048828125,3203.25,1534200,-0.0006560310630642
2021-04-28,3181.469970703125,3217.2099609375,3219.68994140625,3176.550048828125,1412600,-0.0106146175730544
2021-04-29,3174.070068359375,3184.75,3200.409912109375,3161.06005859375,1222400,-0.0023286473351311
2021-04-30,3147.860107421875,3176.429931640625,3179.429931640625,3143.3798828125,1358200,-0.0082918065776274
2021-05-03,3127.199951171875,3149.050048828125,3174.260009765625,3120.699951171875,1040300,-0.0065848711279158
2021-05-04,3147.3701171875,3131.389892578125,3147.3798828125,3109.780029296875,1282900,0.0064292008131275
2021-05-06,3160.429931640625,3147.719970703125,3174.159912109375,3133.639892578125,1238600,0.0041408519651973
2021-05-07,3197.199951171875,3179.6298828125,3205.110107421875,3179.6298828125,988900,0.0115673388366495
2021-05-10,3249.300048828125,3201.4599609375,3255.89990234375,3201.4599609375,1010200,0.0161641920573645
2021-05-11,3209.429931640625,3239.919921875,3239.919921875,3192.25,1095700,-0.0123462735734459
2021-05-12,3161.659912109375,3209.360107421875,3212.830078125,3138.0400390625,1423200,-0.0149961516562489
2021-05-13,3122.110107421875,3146.969970703125,3161.929931640625,3103.8798828125,1094900,-0.0125880886214101
2021-05-14,3153.320068359375,3131.35009765625,3162.31005859375,3131.35009765625,835600,0.0099467980316341
2021-05-17,3134.52001953125,3163.2099609375,3173.010009765625,3121.320068359375,770700,-0.0059798291899532
2021-05-18,3173.050048828125,3135.3798828125,3176.39990234375,3135.3798828125,785400,0.0122172272775449
2021-05-20,3162.280029296875,3174.530029296875,3174.530029296875,3140.47998046875,773600,-0.0033999901421061
2021-05-21,3156.419921875,3171.909912109375,3198.010009765625,3149.4599609375,796800,-0.001854846454897
2021-05-24,3144.300048828125,3155.909912109375,3163.27001953125,3137.81005859375,587500,-0.0038471438348602
2021-05-25,3171.320068359375,3152.929931640625,3173.10009765625,3148.300048828125,612700,0.0085566211669806
2021-05-26,3168.429931640625,3171.909912109375,3183.969970703125,3160.300048828125,1269000,-0.0009117510687209
2021-05-27,3165.510009765625,3170.840087890625,3173.860107421875,3142.3701171875,1081100,-0.0009219923487927
2021-05-28,3188.72998046875,3172.090087890625,3198.659912109375,3171.85009765625,966000,0.0073085291382874
2021-05-31,3203.919921875,3192.06005859375,3204.2900390625,3179.8701171875,1123100,0.0047523234422306
2021-06-01,3221.8701171875,3207.1201171875,3233.169921875,3199.179931640625,1471800,0.005586936981944
2021-06-02,3224.22998046875,3224.39990234375,3241.070068359375,3216.10009765625,1495200,0.0007321832894073
2021-06-03,3247.429931640625,3224.9599609375,3258.5,3224.9599609375,1584000,0.007169737245131
2021-06-04,3240.080078125,3246.169921875,3246.18994140625,3218.669921875,1391800,-0.0022658482681691
2021-06-07,3252.1201171875,3244.590087890625,3264.409912109375,3233.39990234375,1731900,0.0037090824384574
2021-06-08,3247.830078125,3251.830078125,3264.669921875,3242.56005859375,1950600,-0.0013200223252567
2021-06-09,3216.179931640625,3245.080078125,3246.489990234375,3216.179931640625,1964500,-0.0097928064378273
2021-06-10,3224.639892578125,3216.93994140625,3235.389892578125,3210.31005859375,1896200,0.0026269841522047
2021-06-11,3249.320068359375,3226.97998046875,3251.580078125,3226.97998046875,1643800,0.0076244819215869
2021-06-14,3252.1298828125,3249.60009765625,3254.489990234375,3238.510009765625,1663900,0.0008643655335867
2021-06-15,3258.6298828125,3253.169921875,3262.800048828125,3247.89990234375,1733900,0.0019966954375527
2021-06-16,3278.679931640625,3259.06005859375,3281.9599609375,3256.679931640625,2345200,0.0061340558318824
2021-06-17,3264.9599609375,3276.199951171875,3276.199951171875,3251.320068359375,1848200,-0.0041933819810372
2021-06-18,3267.929931640625,3265.679931640625,3275.760009765625,3262.580078125,1626400,0.0009092364808131
2021-06-21,3240.7900390625,3264.179931640625,3264.179931640625,3225.56005859375,1508100,-0.0083395967243486
2021-06-22,3263.8798828125,3245.7900390625,3267.6298828125,3245.7900390625,1666300,0.007099496518677
2021-06-23,3276.18994140625,3265.72998046875,3281.8798828125,3263.070068359375,1068300,0.0037645081665181
2021-06-24,3286.10009765625,3281.469970703125,3292.27001953125,3277.85009765625,1300300,0.0030203370240382
2021-06-25,3302.840087890625,3289.179931640625,3316.080078125,3289.179931640625,1197600,0.0050812500282535
2021-06-28,3301.889892578125,3305.4599609375,3311.68994140625,3291.300048828125,1427400,-0.0002877317685554
2021-06-29,3286.679931640625,3305.260009765625,3305.419921875,3276.6298828125,1211800,-0.0046170833316176
2021-06-30,3296.679931640625,3288.6298828125,3305.72998046875,3288.6298828125,1608900,0.0030379647774684
2021-07-01,3282.06005859375,3297.919921875,3300.1201171875,3278.10009765625,1157700,-0.004444588822713
2021-07-02,3281.780029296875,3282.81005859375,3295.679931640625,3278.18994140625,1019400,-8.532483829438589e-05
2021-07-05,3293.2099609375,3285.2900390625,3298.929931640625,3285.2900390625,849700,0.0034767940852968
2021-07-06,3305.2099609375,3295.43994140625,3313.510009765625,3295.43994140625,1028800,0.0036372384211916
2021-07-07,3285.340087890625,3303.590087890625,3303.590087890625,3277.659912109375,1146800,-0.0060298254632302
2021-07-08,3252.679931640625,3287.679931640625,3295.7099609375,3252.409912109375,1515200,-0.0099909231926761
2021-07-09,3217.949951171875,3245.52001953125,3245.52001953125,3188.800048828125,1307500,-0.0107347552266533
2021-07-12,3246.469970703125,3227.510009765625,3251.449951171875,3227.510009765625,1134600,0.0088237475038946
2021-07-13,3271.3798828125,3253.239990234375,3273.89990234375,3253.239990234375,1149500,0.0076436352323418
2021-07-14,3264.81005859375,3270.090087890625,3270.090087890625,3250.449951171875,908300,-0.0020102923844576
2021-07-15,3286.219970703125,3269.330078125,3286.580078125,3263.090087890625,1171900,0.0065363731322576
2021-07-16,3276.909912109375,3282.889892578125,3282.889892578125,3259.320068359375,1066100,-0.0028370807845425
2021-07-19,3244.0400390625,3258.8701171875,3258.8701171875,3236.389892578125,1095100,-0.0100813996996202
2021-07-20,3232.699951171875,3223.239990234375,3234.800048828125,3214.419921875,979300,-0.0035017924128252
2021-07-21,3215.909912109375,3251.1298828125,3252.25,3215.909912109375,990300,-0.0052073477412973
2021-07-22,3250.2099609375,3235.169921875,3253.75,3235.169921875,713000,0.0106092590997592
2021-07-23,3254.419921875,3253.43994140625,3264.010009765625,3246.090087890625,804600,0.0012944507531399
2021-07-26,3224.949951171875,3265.989990234375,3265.989990234375,3224.949951171875,826100,-0.0090966172626214
2021-07-27,3232.530029296875,3244.429931640625,3252.85009765625,3230.75,991600,0.0023476903155681
2021-07-28,3236.860107421875,3226.06005859375,3243.2099609375,3210.89990234375,868200,0.0013386358466863
2021-07-29,3242.64990234375,3248.489990234375,3252.260009765625,3232.5,694500,0.0017871093505784
2021-07-30,3202.320068359375,3234.3701171875,3234.659912109375,3202.320068359375,687500,-0.0125152981567089
2021-08-02,3223.0400390625,3218.419921875,3223.0400390625,3194.0,560800,0.0064494572064842
2021-08-03,3237.139892578125,3221.570068359375,3237.139892578125,3213.199951171875,653200,0.0043651650739818
2021-08-04,3280.3798828125,3246.64990234375,3283.139892578125,3237.550048828125,632000,0.0132690428728819
2021-08-05,3276.1298828125,3283.25,3296.169921875,3273.330078125,680000,-0.0012964216472408
2021-08-06,3270.360107421875,3277.06005859375,3288.169921875,3261.929931640625,939900,-0.0017627085333334
2021-08-09,3260.419921875,3258.10009765625,3275.14990234375,3251.739990234375,706500,-0.0030441059653651
2021-08-10,3243.18994140625,3272.43994140625,3272.43994140625,3232.4599609375,729000,-0.0052986022046775
2021-08-11,3220.6201171875,3235.360107421875,3250.2099609375,3217.64990234375,616700,-0.0069834712776166
2021-08-12,3208.3798828125,3213.580078125,3229.590087890625,3202.110107421875,642600,-0.0038078236630241
2021-08-13,3171.2900390625,3205.75,3209.719970703125,3146.760009765625,695600,-0.0116276428368839
2021-08-17,3143.090087890625,3169.739990234375,3179.489990234375,3134.47998046875,690800,-0.0089320370615478
2021-08-18,3158.929931640625,3141.97998046875,3175.8798828125,3124.56005859375,622800,0.0050269205927225
2021-08-19,3097.830078125,3140.010009765625,3158.0,3097.830078125,655600,-0.0195314494273735
2021-08-20,3060.510009765625,3111.10009765625,3122.090087890625,3049.030029296875,672100,-0.0121203196615141
2021-08-23,3090.2099609375,3086.81005859375,3111.81005859375,3064.64990234375,570400,0.0096574651902614
2021-08-24,3138.300048828125,3119.699951171875,3142.580078125,3115.22998046875,586500,0.015442230469749
2021-08-25,3146.81005859375,3148.1298828125,3161.0,3124.25,600400,0.0027079923249261
2021-08-26,3128.530029296875,3151.300048828125,3159.3701171875,3121.0400390625,727700,-0.0058260048846405
2021-08-27,3133.89990234375,3116.2900390625,3143.010009765625,3106.969970703125,520700,0.0017149491240876
2021-08-30,3144.18994140625,3160.8701171875,3164.8701171875,3132.77001953125,602900,0.0032780825165546
2021-08-31,3199.27001953125,3144.489990234375,3199.889892578125,3130.300048828125,660500,0.0173663782107259
2021-09-01,3207.02001953125,3195.669921875,3215.1298828125,3185.800048828125,746700,0.0024194982535707
2021-09-02,3175.85009765625,3198.030029296875,3204.010009765625,3171.780029296875,753900,-0.0097668193396418
2021-09-03,3201.06005859375,3189.7099609375,3203.080078125,3181.639892578125,638300,0.0079066794589431
2021-09-06,3203.330078125,3196.300048828125,3206.25,3186.7900390625,726200,0.0007088948605107
2021-09-07,3187.419921875,3200.070068359375,3201.760009765625,3176.81005859375,758700,-0.004979130499558
2021-09-08,3162.989990234375,3178.739990234375,3187.550048828125,3157.070068359375,858500,-0.0076940079443859
2021-09-09,3114.699951171875,3146.639892578125,3158.60009765625,3111.489990234375,927400,-0.0153849559369434
2021-09-10,3125.760009765625,3121.090087890625,3131.5400390625,3103.3798828125,723100,0.0035446330056597
2021-09-13,3127.860107421875,3117.35009765625,3139.1298828125,3109.010009765625,731200,0.0006716422474798
2021-09-14,3148.830078125,3137.320068359375,3164.31005859375,3137.320068359375,712400,0.0066818810884793
2021-09-15,3153.39990234375,3147.2099609375,3164.010009765625,3138.800048828125,615200,0.0014502247724477
2021-09-16,3130.090087890625,3165.3798828125,3167.679931640625,3126.64990234375,612000,-0.0074194186411381
2021-09-17,3140.510009765625,3127.75,3142.1298828125,3112.510009765625,587500,0.0033234240115839
2021-09-23,3127.580078125,3123.639892578125,3131.6298828125,3107.97998046875,623000,-0.0041256426756059
2021-09-24,3125.239990234375,3140.72998046875,3146.860107421875,3119.39990234375,752800,-0.0007484904328902
2021-09-27,3133.639892578125,3121.699951171875,3146.35009765625,3119.260009765625,882600,0.0026841567642306
2021-09-28,3097.919921875,3133.39990234375,3134.4599609375,3095.719970703125,894100,-0.0114643405478307
2021-09-29,3060.27001953125,3055.5,3069.0400390625,3030.60009765625,820700,-0.0122277395829348
2021-09-30,3068.820068359375,3054.8701171875,3079.429931640625,3046.429931640625,885400,0.0027899914185257
2021-10-01,3019.179931640625,3056.2099609375,3062.60009765625,3015.010009765625,854800,-0.0163078964694511
2021-10-05,2962.169921875,2998.169921875,2998.169921875,2940.590087890625,839400,-0.01906316721983
2021-10-06,2908.31005859375,2986.06005859375,2993.469970703125,2908.300048828125,900500,-0.0183499048647744
2021-10-07,2959.4599609375,2936.8701171875,2961.530029296875,2927.60009765625,594600,0.0174346294489468
2021-10-08,2956.300048828125,2977.820068359375,2978.080078125,2949.010009765625,668200,-0.0010683031105674
2021-10-12,2916.3798828125,2950.219970703125,2950.93994140625,2901.510009765625,659600,-0.0135954219767014
2021-10-13,2944.409912109375,2913.340087890625,2953.330078125,2909.469970703125,751600,0.0095653466500814
2021-10-14,2988.639892578125,2968.8701171875,2988.969970703125,2962.330078125,616600,0.0149099708611277
2021-10-15,3015.06005859375,3012.6201171875,3021.89990234375,2999.330078125,857300,0.0088013514268837
2021-10-18,3006.679931640625,3017.47998046875,3021.169921875,2990.43994140625,926000,-0.0027832926617847
2021-10-19,3029.0400390625,3022.22998046875,3034.530029296875,3014.18994140625,845400,0.0074092932817909
2021-10-20,3013.1298828125,3043.1298828125,3047.239990234375,3012.969970703125,679900,-0.005266383841495
2021-10-21,3007.330078125,3012.280029296875,3025.8798828125,3002.739990234375,887000,-0.0019266987968642
2021-10-22,3006.159912109375,3005.360107421875,3018.699951171875,2996.260009765625,695000,-0.0003891803369739
2021-10-25,3020.5400390625,3001.10009765625,3025.27001953125,2983.2900390625,791500,0.0047721487248382
2021-10-26,3049.080078125,3039.820068359375,3051.64990234375,3030.530029296875,564100,0.0094042951133903
2021-10-27,3025.489990234375,3045.830078125,3049.02001953125,3019.0,607500,-0.0077668727870527
2021-10-28,3009.550048828125,3023.169921875,3034.419921875,3009.550048828125,616900,-0.0052824764606289
2021-10-29,2970.679931640625,3025.669921875,3030.169921875,2965.39990234375,545300,-0.0129997223218305
2021-11-01,2978.93994140625,2984.179931640625,2991.81005859375,2976.8701171875,475000,0.0027766530463447
2021-11-02,3013.489990234375,2995.580078125,3034.300048828125,2995.580078125,525400,0.0115313594222131
2021-11-03,2975.7099609375,3020.360107421875,3020.8701171875,2969.010009765625,658300,-0.0126162194353146
2021-11-04,2983.219970703125,3000.919921875,3011.56005859375,2978.070068359375,771700,0.0025205913907163
2021-11-05,2969.27001953125,3003.530029296875,3003.530029296875,2953.9599609375,687400,-0.0046871063146968
2021-11-08,2960.199951171875,2965.360107421875,2968.179931640625,2930.89990234375,559600,-0.0030593208089157
2021-11-09,2962.4599609375,2958.14990234375,2987.280029296875,2949.169921875,707800,0.0007631739484809
2021-11-10,2930.169921875,2947.4599609375,2958.610107421875,2924.360107421875,567300,-0.0109595759131656
2021-11-11,2924.919921875,2911.409912109375,2925.18994140625,2903.719970703125,571900,-0.0017933119890858
2021-11-12,2968.800048828125,2945.949951171875,2973.840087890625,2938.27001953125,665000,0.0148907440390351
2021-11-15,2999.52001953125,2989.679931640625,3003.7099609375,2979.9599609375,638900,0.0102944351668606
2021-11-16,2997.2099609375,2995.679931640625,3011.8798828125,2985.340087890625,579000,-0.0007704394613532
2021-11-17,2962.419921875,3004.02001953125,3004.669921875,2957.699951171875,540700,-0.0116753674116501
2021-11-18,2947.3798828125,2959.260009765625,2964.47998046875,2937.530029296875,541100,-0.0050898751326679
2021-11-19,2971.02001953125,2951.06005859375,2974.639892578125,2948.070068359375,656300,0.0079887343993566
2021-11-22,3013.25,2983.3798828125,3018.010009765625,2980.72998046875,531000,0.0141138957144279
2021-11-23,2997.330078125,3013.159912109375,3016.360107421875,2992.139892578125,524200,-0.0052973120384887
2021-11-24,2994.2900390625,3006.340087890625,3017.89990234375,2981.02001953125,556600,-0.0010147637079499
2021-11-25,2980.27001953125,2996.739990234375,2996.739990234375,2973.239990234375,595400,-0.0046932477464984
2021-11-26,2936.43994140625,2973.0400390625,2985.77001953125,2930.31005859375,594700,-0.0148159636633521
2021-11-29,2909.320068359375,2906.14990234375,2930.219970703125,2890.780029296875,841700,-0.0092785429326044
2021-11-30,2839.010009765625,2932.7099609375,2942.929931640625,2822.72998046875,982400,-0.0244639971059614
2021-12-01,2899.719970703125,2860.1201171875,2905.739990234375,2837.030029296875,563100,0.0211587672120658
2021-12-02,2945.27001953125,2874.639892578125,2945.27001953125,2874.639892578125,533700,0.0155863298439306
2021-12-03,2968.330078125,2935.929931640625,2975.43994140625,2927.550048828125,486100,0.0077990310803138
2021-12-06,2973.25,2954.820068359375,2983.5,2932.489990234375,479400,0.0016560991974467
2021-12-07,2991.719970703125,2973.840087890625,2992.31005859375,2960.89990234375,540900,0.0061928324275082
2021-12-08,3001.800048828125,3017.929931640625,3036.1298828125,2995.340087890625,487800,0.0033636619536333
2021-12-09,3029.570068359375,3007.0,3029.570068359375,3001.550048828125,513000,0.0092085928167795
2021-12-10,3010.22998046875,3008.699951171875,3017.639892578125,2998.2900390625,451200,-0.0064042365097582
2021-12-13,3001.659912109375,3019.669921875,3043.830078125,3000.510009765625,375400,-0.0028510416250504
2021-12-14,2987.949951171875,2983.949951171875,3001.699951171875,2976.159912109375,581200,-0.0045779225005192
2021-12-15,2989.389892578125,2979.830078125,2992.300048828125,2973.0,432500,0.0004818000889175
2021-12-16,3006.409912109375,3013.260009765625,3018.199951171875,2989.6298828125,402400,0.0056773293977525
2021-12-17,3017.72998046875,2985.199951171875,3017.72998046875,2984.18994140625,451400,0.0037582399762613
2021-12-20,2963.0,3001.330078125,3001.330078125,2962.070068359375,377100,-0.0183026180593141
2021-12-21,2975.030029296875,2981.669921875,2984.56005859375,2955.89990234375,410500,0.0040518642365245
2021-12-22,2984.47998046875,2993.5,3000.7900390625,2976.64990234375,461400,0.0031713879418903
2021-12-23,2998.169921875,2998.02001953125,3000.699951171875,2980.909912109375,483300,0.0045765557150094
2021-12-24,3012.429931640625,3009.47998046875,3025.77001953125,3009.47998046875,537500,0.0047449628549896
2021-12-27,2999.550048828125,3013.93994140625,3017.31005859375,2999.300048828125,475000,-0.0042847456443744
2021-12-28,3020.239990234375,3006.77001953125,3020.2900390625,2991.550048828125,607000,0.0068740014990031
2021-12-29,2993.2900390625,3002.89990234375,3007.719970703125,2988.669921875,545800,-0.0089631652179373
2021-12-30,2977.64990234375,2999.75,3005.360107421875,2975.739990234375,460600,-0.0052387639608001
2022-01-04,2989.239990234375,2991.969970703125,2995.25,2973.080078125,621200,0.0038848052085646
2022-01-05,2953.969970703125,2984.050048828125,2986.199951171875,2936.72998046875,786900,-0.0118691528055332
2022-01-06,2920.530029296875,2925.39990234375,2952.5400390625,2915.3798828125,785500,-0.0113849017282792
2022-01-07,2954.889892578125,2933.780029296875,2959.030029296875,2933.10009765625,545800,0.011696272078471
2022-01-10,2926.719970703125,2947.3701171875,2951.1201171875,2910.89990234375,477000,-0.0095790567315977
2022-01-11,2927.3798828125,2930.929931640625,2943.570068359375,2909.820068359375,565800,0.0002254529743881
2022-01-12,2972.47998046875,2950.780029296875,2972.580078125,2950.31005859375,519000,0.0152888296345796
2022-01-13,2962.090087890625,2979.909912109375,2982.139892578125,2958.389892578125,604600,-0.003501484715419
2022-01-14,2921.919921875,2937.610107421875,2944.969970703125,2914.72998046875,532300,-0.0136542222226262
2022-01-17,2890.10009765625,2918.550048828125,2919.669921875,2875.97998046875,592900,-0.0109497703165342
2022-01-18,2864.239990234375,2898.97998046875,2902.7900390625,2857.260009765625,553700,-0.0089880963310965
2022-01-19,2842.280029296875,2840.340087890625,2871.7900390625,2832.179931640625,463400,-0.0076964837637184
2022-01-20,2862.679931640625,2842.280029296875,2862.699951171875,2830.969970703125,395400,0.0071516678229962
2022-01-21,2834.2900390625,2837.489990234375,2847.949951171875,2817.110107421875,532500,-0.0099667464407731
2022-01-24,2792.0,2823.760009765625,2828.110107421875,2780.679931640625,473600,-0.0150332937790294
2022-01-25,2720.389892578125,2786.409912109375,2789.6201171875,2703.989990234375,639400,-0.0259829720052213
2022-01-26,2709.239990234375,2729.75,2744.139892578125,2708.10009765625,471800,-0.0041070637437226
2022-01-27,2614.489990234375,2709.239990234375,2722.860107421875,2614.489990234375,487100,-0.0355991030707434
2022-01-28,2663.340087890625,2617.8701171875,2668.590087890625,2591.530029296875,433700,0.0185119611555648
2022-02-03,2707.820068359375,2706.340087890625,2735.340087890625,2702.780029296875,435300,0.0165629011306346
2022-02-04,2750.260009765625,2714.830078125,2751.800048828125,2712.8701171875,535900,0.0155515478480482
2022-02-07,2745.06005859375,2750.699951171875,2750.699951171875,2718.93994140625,417600,-0.0018925022234143
2022-02-08,2746.469970703125,2767.760009765625,2779.85009765625,2726.719970703125,559600,0.000513486089608
2022-02-09,2768.85009765625,2772.6298828125,2773.3798828125,2753.510009765625,538700,0.0081156667293077
2022-02-10,2771.929931640625,2787.43994140625,2788.27001953125,2761.760009765625,509300,0.0011116970120741
2022-02-11,2747.7099609375,2739.139892578125,2766.699951171875,2735.080078125,480300,-0.0087759805428492
2022-02-14,2704.47998046875,2715.10009765625,2724.719970703125,2688.239990234375,616000,-0.0158581732814953
2022-02-15,2676.5400390625,2712.449951171875,2716.449951171875,2665.469970703125,588700,-0.0103847197731748
2022-02-16,2729.679931640625,2719.610107421875,2730.429931640625,2711.340087890625,422100,0.0196594309415641
2022-02-17,2744.090087890625,2735.110107421875,2770.659912109375,2711.989990234375,611000,0.0052651790223417
2022-02-18,2744.52001953125,2714.52001953125,2747.080078125,2711.8798828125,512900,0.0001566632109367
2022-02-21,2743.800048828125,2706.64990234375,2746.6201171875,2694.89990234375,495000,-0.0002623646938543
2022-02-22,2706.7900390625,2705.080078125,2721.840087890625,2690.090087890625,648100,-0.0135803933046117
2022-02-23,2719.530029296875,2727.429931640625,2729.56005859375,2705.31005859375,537700,0.0046956366312878
2022-02-24,2648.800048828125,2689.280029296875,2694.550048828125,2642.6298828125,925900,-0.0263523563474523
2022-02-25,2676.760009765625,2678.469970703125,2694.81005859375,2665.9599609375,664100,0.0105003858863376
2022-02-28,2699.179931640625,2663.0,2699.179931640625,2658.25,613300,0.0083408862819992
2022-03-02,2703.52001953125,2698.31005859375,2716.4599609375,2692.239990234375,527800,0.0016066370012891
2022-03-03,2747.080078125,2729.860107421875,2748.2099609375,2726.35009765625,614300,0.0159839229530738
2022-03-04,2713.429931640625,2736.580078125,2736.580078125,2702.340087890625,765300,-0.0123250657532739
2022-03-07,2651.31005859375,2680.169921875,2680.169921875,2644.10009765625,571300,-0.0231596124792625
2022-03-08,2622.39990234375,2617.330078125,2647.179931640625,2605.81005859375,540100,-0.0109639878069557
2022-03-10,2680.320068359375,2660.860107421875,2682.7900390625,2660.860107421875,613500,0.0218463241158927
2022-03-11,2661.280029296875,2665.949951171875,2672.6201171875,2647.280029296875,796500,-0.0071289948154016
2022-03-14,2645.64990234375,2654.929931640625,2661.760009765625,2633.31005859375,635900,-0.0058904761692983
2022-03-15,2621.530029296875,2630.31005859375,2641.969970703125,2615.080078125,603700,-0.0091586169290289
2022-03-16,2659.22998046875,2649.85009765625,2659.89990234375,2630.030029296875,736000,0.0142784718887757
2022-03-17,2694.510009765625,2703.27001953125,2714.0,2694.510009765625,545500,0.0131797734133786
2022-03-18,2707.02001953125,2695.639892578125,2708.159912109375,2688.7099609375,643500,0.004632032800106
2022-03-21,2686.050048828125,2717.81005859375,2717.81005859375,2683.68994140625,502000,-0.0077766749254329
2022-03-22,2710.0,2686.679931640625,2712.139892578125,2686.580078125,489100,0.0088769037444559
2022-03-23,2735.050048828125,2727.1201171875,2742.27001953125,2720.830078125,883000,0.0092011002036143
2022-03-24,2729.659912109375,2716.25,2729.659912109375,2705.139892578125,959600,-0.0019727079772907
2022-03-25,2729.97998046875,2740.830078125,2740.949951171875,2722.360107421875,599800,0.0001172488904173
2022-03-28,2729.56005859375,2721.219970703125,2737.4599609375,2707.739990234375,768000,-0.0001538304959112
2022-03-29,2741.070068359375,2745.6201171875,2754.179931640625,2733.219970703125,726700,0.0042079345458267
2022-03-30,2746.739990234375,2758.31005859375,2760.60009765625,2740.02001953125,837800,0.0020663703123668
2022-03-31,2757.64990234375,2743.239990234375,2765.199951171875,2743.199951171875,1029500,0.0039640819813881
2022-04-01,2739.85009765625,2745.85009765625,2745.85009765625,2729.679931640625,1305000,-0.0064756223332082
2022-04-04,2757.89990234375,2729.860107421875,2758.3798828125,2722.449951171875,1022500,0.0065662751272267
2022-04-05,2759.199951171875,2765.5,2769.179931640625,2750.5,1605600,0.0004712797979753
2022-04-06,2735.030029296875,2739.070068359375,2747.85009765625,2730.659912109375,1321300,-0.0087983494971193
2022-04-07,2695.860107421875,2714.699951171875,2718.5,2693.360107421875,998200,-0.014425112681586
2022-04-08,2700.389892578125,2706.639892578125,2712.0,2685.52001953125,948000,0.0016788644781897
2022-04-11,2693.10009765625,2687.5400390625,2711.02001953125,2683.9599609375,742100,-0.0027031845332342
2022-04-12,2666.760009765625,2674.169921875,2685.080078125,2658.39990234375,870000,-0.0098287266490431
2022-04-13,2716.489990234375,2677.530029296875,2717.6298828125,2672.60009765625,732000,0.0184763461390649
2022-04-14,2716.7099609375,2719.340087890625,2720.300048828125,2702.610107421875,664800,8.097279880070886e-05
2022-04-15,2696.06005859375,2695.52001953125,2705.409912109375,2685.010009765625,693700,-0.0076301052706886
2022-04-18,2693.2099609375,2685.0400390625,2701.110107421875,2681.3701171875,1024600,-0.0010576934952693
2022-04-19,2718.889892578125,2707.760009765625,2723.97998046875,2705.320068359375,1256100,0.0094898930393572
2022-04-20,2718.68994140625,2718.489990234375,2724.4599609375,2702.840087890625,1735700,-7.354417887000392e-05
2022-04-21,2728.2099609375,2725.7099609375,2737.5400390625,2725.0400390625,1002600,0.003495577078976
2022-04-22,2704.7099609375,2704.719970703125,2708.580078125,2690.47998046875,1239400,-0.008651018936287
2022-04-25,2657.1298828125,2676.669921875,2680.35009765625,2657.0400390625,1017600,-0.0177481343968845
2022-04-26,2668.31005859375,2674.0,2678.050048828125,2663.830078125,889600,0.0041987863273713
2022-04-27,2639.06005859375,2630.580078125,2641.820068359375,2615.5,1071800,-0.0110225198167494
2022-04-28,2667.489990234375,2656.5400390625,2667.489990234375,2638.3701171875,898900,0.0107151363472314
2022-04-29,2695.050048828125,2669.179931640625,2696.10009765625,2664.06005859375,975000,0.0102788234849858
2022-05-02,2687.449951171875,2669.2099609375,2689.909912109375,2667.85009765625,873400,-0.0028240047216531
2022-05-03,2680.4599609375,2690.159912109375,2702.10009765625,2680.4599609375,883100,-0.002604363448622
2022-05-04,2677.570068359375,2690.449951171875,2696.030029296875,2667.22998046875,1180500,-0.0010787146927332
2022-05-06,2644.510009765625,2650.889892578125,2652.510009765625,2635.969970703125,1333600,-0.0124238956765484
2022-05-10,2596.56005859375,2590.1298828125,2602.75,2553.010009765625,840900,-0.0182982820114984
2022-05-11,2592.27001953125,2586.52001953125,2599.110107421875,2579.090087890625,679300,-0.0016535673650603
2022-05-12,2550.080078125,2569.5,2591.570068359375,2546.800048828125,899900,-0.0164091854026044
2022-05-13,2604.239990234375,2570.010009765625,2605.840087890625,2565.9599609375,788300,0.0210161203844909
2022-05-16,2596.580078125,2624.68994140625,2629.199951171875,2593.610107421875,780000,-0.00294565762606
2022-05-17,2620.43994140625,2603.580078125,2621.840087890625,2603.580078125,873000,0.0091469956218973
2022-05-18,2625.97998046875,2634.75,2644.1298828125,2618.0,869300,0.0021119320238042
2022-05-19,2592.340087890625,2576.239990234375,2597.7900390625,2568.5400390625,676900,-0.0128931756365698
2022-05-20,2639.2900390625,2605.780029296875,2641.679931640625,2605.3798828125,752400,0.0179489797628809
2022-05-23,2647.3798828125,2651.6298828125,2653.8701171875,2634.2900390625,641900,0.003060471027697
2022-05-24,2605.8701171875,2638.93994140625,2646.989990234375,2605.8701171875,850700,-0.0158037898737778
2022-05-25,2617.219970703125,2621.75,2630.169921875,2602.93994140625,710200,0.0043460369970022
2022-05-26,2612.449951171875,2616.989990234375,2641.909912109375,2602.010009765625,595300,-0.0018242148836536
2022-05-27,2638.050048828125,2640.75,2644.7099609375,2631.489990234375,590500,0.0097515667162681
2022-05-30,2669.659912109375,2662.31005859375,2672.739990234375,2654.179931640625,469300,0.011911064180108
2022-05-31,2685.89990234375,2666.8798828125,2685.89990234375,2654.320068359375,670700,0.0060647404095996
2022-06-02,2658.989990234375,2670.739990234375,2674.0,2653.590087890625,524900,-0.0100694831984334
2022-06-03,2670.64990234375,2679.570068359375,2681.510009765625,2663.0,562200,0.0043755041416812
2022-06-07,2626.340087890625,2659.27001953125,2662.0400390625,2622.780029296875,524300,-0.0167305764599986
2022-06-08,2626.14990234375,2633.530029296875,2639.52001953125,2621.9599609375,576000,-7.241729058473402e-05
2022-06-09,2625.43994140625,2618.919921875,2627.8798828125,2606.610107421875,814500,-0.0002703794328759
2022-06-10,2595.8701171875,2596.3701171875,2602.800048828125,2583.739990234375,723800,-0.0113267130368474
2022-06-13,2504.510009765625,2550.2099609375,2550.320068359375,2504.510009765625,659800,-0.035828655170452
2022-06-14,2492.969970703125,2472.9599609375,2503.169921875,2457.389892578125,671200,-0.0046183514968406
2022-06-15,2447.3798828125,2490.010009765625,2495.5400390625,2436.0400390625,713800,-0.0184567423072403
2022-06-16,2451.409912109375,2481.659912109375,2500.360107421875,2447.330078125,583800,0.0016453166495049
2022-06-17,2440.929931640625,2409.719970703125,2441.340087890625,2396.469970703125,634200,-0.0042842471427814
2022-06-20,2391.030029296875,2449.889892578125,2449.889892578125,2372.35009765625,592100,-0.020654838520615
2022-06-21,2408.929931640625,2402.989990234375,2423.47998046875,2385.60009765625,479400,0.0074583894310319
2022-06-22,2342.81005859375,2417.110107421875,2418.050048828125,2342.81005859375,531800,-0.027831548501574
2022-06-23,2314.320068359375,2347.840087890625,2361.22998046875,2306.47998046875,749200,-0.012235151205536
2022-06-24,2366.60009765625,2327.110107421875,2373.47998046875,2319.989990234375,654100,0.022338429807022
2022-06-27,2401.919921875,2383.199951171875,2418.93994140625,2365.860107421875,509700,0.014814017765714
2022-06-28,2422.090087890625,2405.199951171875,2422.10009765625,2393.9599609375,564700,0.0083624551016269
2022-06-29,2377.989990234375,2387.10009765625,2393.25,2375.449951171875,422100,-0.0183752511614179
2022-06-30,2332.639892578125,2368.570068359375,2368.570068359375,2332.590087890625,515000,-0.0192549616158669
2022-07-01,2305.419921875,2342.919921875,2354.969970703125,2291.489990234375,530100,-0.0117377887790178
2022-07-04,2300.340087890625,2310.72998046875,2318.31005859375,2276.6298828125,467700,-0.0022058622391978
2022-07-05,2341.780029296875,2322.110107421875,2344.080078125,2309.6201171875,323600,0.0178543601630267
2022-07-06,2292.010009765625,2330.110107421875,2332.139892578125,2290.330078125,410600,-0.0214821703621085
2022-07-07,2334.27001953125,2308.969970703125,2344.139892578125,2307.89990234375,340000,0.0182700506694705
2022-07-08,2350.610107421875,2352.489990234375,2367.840087890625,2348.739990234375,411200,0.0069756978651855
2022-07-11,2340.27001953125,2357.429931640625,2363.260009765625,2337.820068359375,376900,-0.0044085989656749
2022-07-12,2317.760009765625,2330.8798828125,2333.02001953125,2303.739990234375,379000,-0.0096651094362135
2022-07-13,2328.610107421875,2324.449951171875,2341.18994140625,2312.489990234375,308400,0.0046703629305078
2022-07-14,2322.320068359375,2316.409912109375,2338.2900390625,2307.68994140625,348900,-0.0027048537216074
2022-07-15,2330.97998046875,2335.1201171875,2337.300048828125,2293.449951171875,319300,0.0037220561821314
2022-07-18,2375.25,2350.47998046875,2376.5,2344.1201171875,324100,0.0188139234754767
2022-07-19,2370.969970703125,2367.52001953125,2372.739990234375,2359.590087890625,339200,-0.0018035533470715
2022-07-20,2386.85009765625,2406.2900390625,2410.06005859375,2382.64990234375,333000,0.0066754041533615
2022-07-21,2409.159912109375,2387.909912109375,2411.9599609375,2387.909912109375,295500,0.0093035566349802
2022-07-22,2393.139892578125,2405.3701171875,2417.909912109375,2391.47998046875,381400,-0.0066718362485527
2022-07-25,2403.68994140625,2385.64990234375,2412.469970703125,2385.64990234375,322900,0.0043987659368585
2022-07-26,2412.9599609375,2397.27001953125,2415.389892578125,2395.169921875,415100,0.0038491612073167
2022-07-27,2415.530029296875,2412.52001953125,2415.530029296875,2396.18994140625,333400,0.0010645434109978
2022-07-28,2435.27001953125,2437.570068359375,2443.429931640625,2429.070068359375,490900,0.0081389045119169
2022-07-29,2451.5,2453.530029296875,2463.050048828125,2442.010009765625,499000,0.0066424407446217
2022-08-01,2452.25,2444.050048828125,2461.39990234375,2437.1298828125,487000,0.0003058883531371
2022-08-02,2439.6201171875,2451.0,2451.070068359375,2428.760009765625,549800,-0.0051636329553274
2022-08-03,2461.449951171875,2438.56005859375,2461.449951171875,2433.1201171875,475200,0.0089082498483229
2022-08-04,2473.110107421875,2478.43994140625,2478.949951171875,2465.320068359375,398500,0.0047259240189109
2022-08-05,2490.800048828125,2481.429931640625,2497.580078125,2480.050048828125,409400,0.0071274522453554
2022-08-08,2493.10009765625,2481.169921875,2494.0,2477.760009765625,418100,0.0009229916024839
2022-08-09,2503.4599609375,2493.570068359375,2506.489990234375,2481.360107421875,454200,0.0041468042034633
2022-08-10,2480.8798828125,2493.699951171875,2494.14990234375,2478.2099609375,479300,-0.0090604707155596
2022-08-11,2523.780029296875,2507.739990234375,2523.780029296875,2506.409912109375,505100,0.0171445005454614
2022-08-12,2527.93994140625,2519.659912109375,2533.199951171875,2514.31005859375,445100,0.0016469293918786
2022-08-16,2533.52001953125,2543.050048828125,2546.35009765625,2532.199951171875,398100,0.0022049291820117
2022-08-17,2516.469970703125,2536.570068359375,2543.14990234375,2512.010009765625,417800,-0.0067525336274165
2022-08-18,2508.050048828125,2499.300048828125,2515.3701171875,2488.090087890625,381400,-0.0033515359572146
2022-08-19,2492.68994140625,2510.719970703125,2510.719970703125,2492.68994140625,459700,-0.0061431531162351
2022-08-22,2462.5,2467.3798828125,2475.77001953125,2457.080078125,422400,-0.0121853310643165
2022-08-23,2435.340087890625,2449.31005859375,2454.550048828125,2431.830078125,471000,-0.011090680797153
2022-08-24,2447.449951171875,2446.179931640625,2454.010009765625,2430.68994140625,423300,0.0049602329870943
2022-08-25,2477.260009765625,2459.7900390625,2477.260009765625,2455.320068359375,426000,0.0121064683710652
2022-08-26,2481.030029296875,2489.139892578125,2497.760009765625,2476.75,519900,0.0015206937182237
2022-08-29,2426.889892578125,2432.06005859375,2432.889892578125,2417.010009765625,447200,-0.0220632503337766
2022-08-30,2450.929931640625,2441.2099609375,2453.909912109375,2433.47998046875,336200,0.0098569584658562
2022-08-31,2472.050048828125,2433.469970703125,2473.75,2426.139892578125,435900,0.0085802692047687
2022-09-01,2415.610107421875,2443.0,2443.610107421875,2415.610107421875,579300,-0.023095898009033
2022-09-02,2409.409912109375,2427.699951171875,2432.3701171875,2402.669921875,391400,-0.0025700198963294
2022-09-05,2403.679931640625,2410.070068359375,2424.77001953125,2392.6298828125,354700,-0.0023809998823127
2022-09-06,2410.02001953125,2409.719970703125,2422.530029296875,2399.260009765625,294100,0.0026341864349913
2022-09-07,2376.4599609375,2395.659912109375,2398.39990234375,2365.35009765625,377900,-0.0140230853093474
2022-09-08,2384.280029296875,2393.27001953125,2394.06005859375,2379.06005859375,423600,0.0032852352402211
2022-09-13,2449.5400390625,2418.590087890625,2453.949951171875,2418.590087890625,366900,0.027003063514895
2022-09-14,2411.419921875,2390.469970703125,2418.419921875,2381.5,461300,-0.0156845145673835
2022-09-15,2401.830078125,2416.010009765625,2421.6298828125,2401.830078125,423900,-0.0039847738801417
2022-09-16,2382.780029296875,2387.56005859375,2395.10009765625,2371.110107421875,440300,-0.0079630937799802
2022-09-19,2355.659912109375,2388.72998046875,2389.85009765625,2352.760009765625,403700,-0.0114469798747523
2022-09-20,2367.85009765625,2373.639892578125,2382.52001953125,2359.840087890625,419200,0.0051615059923805
2022-09-21,2347.2099609375,2351.5400390625,2360.27001953125,2341.7900390625,378000,-0.0087550395126223
2022-09-22,2332.31005859375,2319.699951171875,2335.110107421875,2309.10009765625,446600,-0.0063681542700909
2022-09-23,2290.0,2331.330078125,2334.06005859375,2285.7099609375,446300,-0.0183074003145315
2022-09-26,2220.93994140625,2260.800048828125,2260.800048828125,2215.360107421875,621400,-0.0306213142593482
2022-09-27,2223.860107421875,2224.389892578125,2227.35009765625,2197.89990234375,487600,0.0013139697640788
2022-09-28,2169.2900390625,2206.14990234375,2223.56005859375,2151.60009765625,595700,-0.0248445299895387
2022-09-29,2170.929931640625,2197.75,2210.610107421875,2170.139892578125,508200,0.0007556726005739
2022-09-30,2155.489990234375,2161.110107421875,2177.199951171875,2134.77001953125,950000,-0.0071375443130328
2022-10-04,2209.3798828125,2189.510009765625,2212.3798828125,2180.840087890625,420700,0.02469380877391
2022-10-05,2215.219970703125,2248.85009765625,2253.929931640625,2204.030029296875,855400,0.0026398279959555
2022-10-06,2237.860107421875,2230.429931640625,2250.8701171875,2223.360107421875,642700,0.0101683919428992
2022-10-07,2232.840087890625,2217.840087890625,2245.8798828125,2215.080078125,428500,-0.0022457429135273
2022-10-11,2192.070068359375,2193.02001953125,2193.050048828125,2174.06005859375,859100,-0.0184280231008195
2022-10-12,2202.469970703125,2191.35009765625,2205.02001953125,2181.64990234375,658000,0.0047331104809484
2022-10-13,2162.8701171875,2198.2900390625,2198.340087890625,2162.8701171875,792200,-0.0181433469126136
2022-10-14,2212.550048828125,2200.659912109375,2220.5400390625,2193.6298828125,512900,0.0227096209477295
2022-10-17,2219.7099609375,2187.169921875,2221.050048828125,2177.659912109375,498500,0.0032308205392503
2022-10-18,2249.949951171875,2249.14990234375,2251.739990234375,2220.7099609375,580700,0.013531432922704
2022-10-19,2237.43994140625,2249.35009765625,2266.800048828125,2234.590087890625,895000,-0.0055756430683018
2022-10-20,2218.090087890625,2225.530029296875,2231.52001953125,2200.43994140625,1108000,-0.0086858241511233
2022-10-21,2213.1201171875,2210.590087890625,2224.0400390625,2204.639892578125,637400,-0.0022431672419514
2022-10-24,2236.159912109375,2248.260009765625,2256.669921875,2229.85009765625,444700,0.0103567321952384
2022-10-25,2235.070068359375,2237.0400390625,2253.239990234375,2230.75,456700,-0.0004874917086993
2022-10-26,2249.56005859375,2240.699951171875,2258.110107421875,2234.489990234375,563300,0.0064620895135721
2022-10-27,2288.780029296875,2266.070068359375,2290.56005859375,2262.02001953125,587700,0.0172842697283218
2022-10-28,2268.39990234375,2276.72998046875,2292.64990234375,2266.43994140625,427100,-0.0089442432053578
2022-10-31,2293.610107421875,2293.75,2295.510009765625,2273.72998046875,401300,0.0110523482639291
2022-11-01,2335.219970703125,2301.580078125,2335.570068359375,2297.570068359375,597100,0.0179790501813971
2022-11-02,2336.8701171875,2326.050048828125,2346.320068359375,2323.3701171875,450200,0.0007063847322925
2022-11-03,2329.169921875,2297.449951171875,2342.860107421875,2296.43994140625,550300,-0.0033005298875306
2022-11-04,2348.429931640625,2325.85009765625,2348.429931640625,2316.2900390625,436200,0.0082350432757352
2022-11-07,2371.7900390625,2360.219970703125,2373.280029296875,2354.219970703125,392300,0.009897970129358
2022-11-08,2399.0400390625,2387.199951171875,2400.389892578125,2375.669921875,499800,0.0114237128129169
2022-11-09,2424.409912109375,2408.5400390625,2429.64990234375,2403.639892578125,680500,0.0105194859508863
2022-11-10,2402.22998046875,2405.77001953125,2426.10009765625,2401.989990234375,899000,-0.0091906950840353
2022-11-11,2483.159912109375,2466.89990234375,2486.4599609375,2463.510009765625,758000,0.0331344427529657
2022-11-14,2474.64990234375,2485.179931640625,2499.429931640625,2470.60009765625,730900,-0.0034329748182666
2022-11-15,2480.330078125,2482.760009765625,2485.199951171875,2463.64990234375,617100,0.0022927149218817
2022-11-16,2477.449951171875,2487.0,2487.0,2446.7900390625,657600,-0.0011618616639306
2022-11-17,2442.89990234375,2466.5,2467.389892578125,2442.89990234375,914400,-0.0140439674910999
2022-11-18,2444.47998046875,2448.1298828125,2471.8701171875,2442.8701171875,589500,0.0006465951974011
2022-11-21,2419.5,2446.050048828125,2448.139892578125,2409.360107421875,544500,-0.0102715061296809
2022-11-22,2405.27001953125,2405.9599609375,2426.39990234375,2401.5,539200,-0.0058987357624237
2022-11-23,2418.010009765625,2424.360107421875,2427.280029296875,2407.580078125,474800,0.0052827203832369
2022-11-24,2441.330078125,2437.510009765625,2441.330078125,2428.1201171875,481200,0.0095981128980595
2022-11-25,2437.860107421875,2442.2099609375,2449.659912109375,2433.570068359375,438400,-0.0014223554139825
2022-11-28,2408.27001953125,2425.050048828125,2425.64990234375,2401.949951171875,350100,-0.0122119938393073
2022-11-29,2433.389892578125,2405.5400390625,2433.8701171875,2401.10009765625,550000,0.010376647224547
2022-11-30,2472.530029296875,2424.43994140625,2472.530029296875,2421.419921875,593900,0.0159566270168499
2022-12-01,2479.840087890625,2501.429931640625,2501.429931640625,2474.330078125,491200,0.0029521476504417
2022-12-02,2434.330078125,2471.5,2471.5,2434.330078125,468500,-0.0185224806470007
2022-12-05,2419.320068359375,2442.169921875,2442.219970703125,2413.050048828125,385200,-0.0061850595585588
2022-12-06,2393.159912109375,2397.699951171875,2416.8798828125,2390.199951171875,367800,-0.0108719055578673
2022-12-07,2382.81005859375,2385.8701171875,2394.8798828125,2377.97998046875,332100,-0.004334143548125
2022-12-08,2371.080078125,2386.89990234375,2387.949951171875,2357.199951171875,351600,-0.0049349075963966
2022-12-09,2389.0400390625,2382.72998046875,2390.080078125,2367.25,315300,0.0075460474607872
2022-12-12,2373.02001953125,2373.580078125,2381.8701171875,2368.469970703125,498900,-0.0067282141628195
2022-12-13,2372.39990234375,2385.050048828125,2388.27001953125,2364.8701171875,447100,-0.0002613539797274
2022-12-14,2399.25,2380.81005859375,2400.179931640625,2379.43994140625,409400,0.0112541286966507
2022-12-15,2360.969970703125,2383.830078125,2392.110107421875,2360.949951171875,374300,-0.0160836493820869
2022-12-16,2360.02001953125,2329.75,2360.43994140625,2326.830078125,414200,-0.0004024372797488
2022-12-19,2352.169921875,2350.780029296875,2358.760009765625,2342.280029296875,323600,-0.0033318287318251
2022-12-20,2333.2900390625,2344.72998046875,2353.860107421875,2324.659912109375,358100,-0.0080589675943757
2022-12-21,2328.949951171875,2346.389892578125,2347.0,2325.780029296875,329400,-0.0018618042629259
2022-12-22,2356.72998046875,2340.0,2356.72998046875,2335.75,552800,0.0118575554431783
2022-12-23,2313.68994140625,2325.860107421875,2333.080078125,2311.89990234375,367000,-0.0184314293919771
2022-12-26,2317.139892578125,2312.5400390625,2321.919921875,2304.199951171875,427600,0.0014899929100483
2022-12-27,2332.7900390625,2327.52001953125,2335.989990234375,2321.47998046875,448300,0.006731372647996
2022-12-28,2280.449951171875,2296.449951171875,2296.449951171875,2276.89990234375,405700,-0.0226922223726839
2022-12-29,2236.39990234375,2265.72998046875,2272.669921875,2236.3798828125,361000,-0.0195053839975657
2023-01-02,2225.669921875,2249.949951171875,2259.8798828125,2222.3701171875,346100,-0.0048094277203248
2023-01-03,2218.679931640625,2230.97998046875,2230.97998046875,2180.669921875,410000,-0.0031455651460154
2023-01-04,2255.97998046875,2205.97998046875,2260.06005859375,2198.820068359375,412700,0.01667206605345
2023-01-05,2264.64990234375,2268.199951171875,2281.389892578125,2252.969970703125,430800,0.0038357187956566
2023-01-06,2289.969970703125,2253.39990234375,2300.6201171875,2253.27001953125,398300,0.0111185257636928
2023-01-09,2350.18994140625,2315.8701171875,2351.06005859375,2312.56005859375,341100,0.0259574467700384
2023-01-10,2351.31005859375,2348.0400390625,2370.179931640625,2344.179931640625,359600,0.0004764935483114
2023-01-11,2359.530029296875,2364.050048828125,2369.659912109375,2350.360107421875,368800,0.0034898145096052
2023-01-12,2365.10009765625,2376.719970703125,2377.800048828125,2358.330078125,580100,0.0023578865605689
2023-01-13,2386.090087890625,2377.340087890625,2397.010009765625,2375.780029296875,861700,0.0088357341938343
2023-01-16,2399.860107421875,2390.06005859375,2410.219970703125,2387.610107421875,517800,0.0057543672483853
2023-01-17,2379.389892578125,2400.919921875,2404.0,2374.64990234375,536000,-0.0085663399163796
2023-01-18,2368.320068359375,2380.360107421875,2383.0,2356.840087890625,536200,-0.0046632352734137
2023-01-19,2380.340087890625,2354.56005859375,2380.340087890625,2354.56005859375,369900,0.0050624996556463
2023-01-20,2395.260009765625,2380.0,2395.969970703125,2372.570068359375,302300,0.0062484170000521
2023-01-25,2428.570068359375,2426.580078125,2432.7099609375,2421.510009765625,549800,0.0138108463666883
2023-01-26,2468.64990234375,2436.179931640625,2468.64990234375,2426.39990234375,486600,0.0163687680457825
2023-01-27,2484.02001953125,2474.52001953125,2497.39990234375,2464.530029296875,509100,0.0062068204721559
2023-01-30,2450.469970703125,2484.639892578125,2491.1298828125,2446.590087890625,475100,-0.013598392493967
2023-01-31,2425.080078125,2449.919921875,2457.47998046875,2423.3701171875,616900,-0.0104152851859494
2023-02-01,2449.800048828125,2446.030029296875,2453.2900390625,2433.3701171875,666100,0.0101418627514699
2023-02-02,2468.8798828125,2481.93994140625,2486.199951171875,2454.60009765625,692800,0.0077581505399693
2023-02-03,2480.39990234375,2466.5400390625,2485.080078125,2460.2099609375,496600,0.0046552390795238
2023-02-06,2438.18994140625,2461.820068359375,2469.419921875,2438.0400390625,566600,-0.0171638613998445
2023-02-07,2451.7099609375,2440.139892578125,2456.169921875,2432.39990234375,446600,0.0055297876247471
2023-02-08,2483.639892578125,2469.419921875,2487.35009765625,2465.9599609375,414800,0.0129394584328817
2023-02-09,2481.52001953125,2470.659912109375,2487.139892578125,2466.610107421875,609400,-0.0008538992552939
2023-02-10,2469.72998046875,2470.64990234375,2473.800048828125,2454.739990234375,656900,-0.0047624585091274
2023-02-13,2452.699951171875,2461.9599609375,2462.580078125,2440.860107421875,485500,-0.006919386351932
2023-02-14,2465.639892578125,2471.330078125,2480.340087890625,2459.830078125,348800,0.0052619264523974
2023-02-15,2427.89990234375,2473.090087890625,2473.43994140625,2424.159912109375,386500,-0.0154247191511329
2023-02-16,2475.47998046875,2444.06005859375,2475.989990234375,2442.070068359375,387600,0.0194076627557853
2023-02-17,2451.2099609375,2447.659912109375,2471.510009765625,2445.739990234375,513600,-0.0098525444666249
2023-02-20,2455.1201171875,2453.25,2463.169921875,2430.27001953125,390000,0.0015939233665814
2023-02-21,2458.9599609375,2457.510009765625,2466.070068359375,2446.0,494300,0.0015627928200046
2023-02-22,2417.679931640625,2430.8701171875,2435.97998046875,2416.159912109375,426700,-0.0169301060583541
2023-02-23,2439.090087890625,2430.010009765625,2449.6201171875,2422.6201171875,400300,0.0088166805736683
2023-02-24,2423.610107421875,2442.489990234375,2452.969970703125,2421.469970703125,369200,-0.0063668464594867
2023-02-27,2402.639892578125,2405.419921875,2405.56005859375,2383.760009765625,356700,-0.0086901204094183
2023-02-28,2412.85009765625,2417.580078125,2431.669921875,2407.2900390625,529200,0.0042405738145922
2023-03-02,2427.85009765625,2414.610107421875,2440.590087890625,2411.85009765625,427900,0.0061974703681475
2023-03-03,2432.070068359375,2438.72998046875,2442.10009765625,2423.080078125,371500,0.0017366424219179
2023-03-06,2462.6201171875,2452.4599609375,2464.449951171875,2441.070068359375,417900,0.0124830967358474
2023-03-07,2463.35009765625,2457.0400390625,2475.72998046875,2455.64990234375,449800,0.0002963803848809
2023-03-08,2431.909912109375,2435.580078125,2442.610107421875,2426.52001953125,437300,-0.0128453311130147
2023-03-09,2419.090087890625,2440.7900390625,2444.199951171875,2416.25,473500,-0.0052854479749513
2023-03-10,2394.590087890625,2389.820068359375,2400.8701171875,2383.18994140625,412900,-0.0101794097917781
2023-03-13,2410.60009765625,2400.449951171875,2413.239990234375,2369.7900390625,380400,0.006663656750377
2023-03-14,2348.969970703125,2390.360107421875,2390.780029296875,2348.18994140625,484800,-0.0258987979523679
2023-03-15,2379.719970703125,2380.090087890625,2395.360107421875,2370.77001953125,443500,0.0130058996616248
2023-03-16,2377.909912109375,2357.97998046875,2382.7900390625,2346.110107421875,317300,-0.0007609077316507
2023-03-17,2395.68994140625,2403.699951171875,2405.35009765625,2382.800048828125,363400,0.0074493514598744
2023-03-20,2379.199951171875,2391.8701171875,2405.989990234375,2378.699951171875,344700,-0.0069069889199296
2023-03-21,2388.35009765625,2396.5400390625,2399.52001953125,2383.169921875,354700,0.0038385156424863
2023-03-22,2416.9599609375,2411.25,2417.469970703125,2402.780029296875,500900,0.0119077441377922
2023-03-23,2424.47998046875,2398.27001953125,2424.47998046875,2397.909912109375,567400,0.0031065243687492
2023-03-24,2414.9599609375,2421.27001953125,2423.760009765625,2399.489990234375,470100,-0.0039343527047125
2023-03-27,2409.219970703125,2423.93994140625,2423.93994140625,2395.969970703125,472200,-0.0023796761416201
2023-03-28,2434.93994140625,2418.68994140625,2434.93994140625,2415.340087890625,523500,0.0106190600066169
2023-03-29,2443.919921875,2432.6298828125,2443.949951171875,2428.610107421875,496600,0.0036811840721484
2023-03-30,2453.159912109375,2452.969970703125,2462.699951171875,2439.429931640625,621300,0.0037736779929683
2023-03-31,2476.860107421875,2459.93994140625,2481.239990234375,2456.5400390625,721300,0.0096147187209753
2023-04-03,2472.340087890625,2485.81005859375,2485.81005859375,2467.590087890625,807400,-0.0018265661559724
2023-04-04,2480.510009765625,2475.8701171875,2489.7099609375,2472.7900390625,830500,0.0032990819927882
2023-04-05,2495.2099609375,2482.610107421875,2497.610107421875,2478.669921875,630400,0.0059086902101487
2023-04-06,2459.22998046875,2488.0,2488.0,2458.5,749100,-0.0145245934683022
2023-04-07,2490.409912109375,2478.639892578125,2493.06005859375,2473.889892578125,584000,0.0125990353898776
2023-04-10,2512.080078125,2491.679931640625,2519.989990234375,2490.169921875,716200,0.0086638060675465
2023-04-11,2547.860107421875,2523.330078125,2550.969970703125,2514.419921875,766800,0.0141427069747177
2023-04-12,2550.639892578125,2546.360107421875,2561.3701171875,2536.22998046875,899800,0.0010904326494813
2023-04-13,2561.659912109375,2534.7099609375,2561.659912109375,2531.070068359375,840300,0.0043111855801605
2023-04-14,2571.489990234375,2580.10009765625,2581.739990234375,2560.530029296875,890500,0.0038300421100667
2023-04-17,2575.909912109375,2570.300048828125,2577.080078125,2561.139892578125,774600,0.001717341976589
2023-04-18,2571.090087890625,2582.22998046875,2582.22998046875,2557.18994140625,895200,-0.0018728679337859
2023-04-19,2575.080078125,2570.06005859375,2582.110107421875,2568.4599609375,956000,0.0015506642435721
2023-04-20,2563.110107421875,2566.06005859375,2573.93994140625,2552.06005859375,950400,-0.004659225106475
2023-04-21,2544.39990234375,2556.699951171875,2559.43994140625,2532.320068359375,969000,-0.0073265793849977
2023-04-24,2523.5,2538.360107421875,2541.889892578125,2518.72998046875,925900,-0.0082480006434753
2023-04-25,2489.02001953125,2531.35009765625,2531.35009765625,2472.330078125,885200,-0.01375776024248
2023-04-26,2484.830078125,2489.489990234375,2498.56005859375,2481.3798828125,1088100,-0.0016847883692048
2023-04-27,2495.81005859375,2484.31005859375,2499.010009765625,2465.830078125,732600,0.0044090711052503
2023-04-28,2501.530029296875,2511.7900390625,2517.1298828125,2489.580078125,776400,0.0022892070983638
2023-05-02,2524.389892578125,2504.010009765625,2524.419921875,2503.2099609375,700300,0.0090968504390462
2023-05-03,2501.39990234375,2510.18994140625,2514.3701171875,2497.830078125,887300,-0.0091488707371246
2023-05-04,2500.93994140625,2494.820068359375,2502.139892578125,2486.090087890625,809100,-0.000183898316853
2023-05-08,2513.2099609375,2518.530029296875,2525.840087890625,2511.1298828125,653900,0.004894167211617
2023-05-09,2510.06005859375,2512.340087890625,2514.81005859375,2495.6298828125,750500,-0.0012541244027723
2023-05-10,2496.510009765625,2505.9599609375,2510.1298828125,2488.419921875,634400,-0.0054129201139564
2023-05-11,2491.0,2505.570068359375,2513.820068359375,2490.080078125,646300,-0.0022095241900228
2023-05-12,2475.419921875,2487.35009765625,2487.35009765625,2472.449951171875,797200,-0.0062741892468962
2023-05-15,2479.35009765625,2469.800048828125,2479.35009765625,2455.989990234375,483300,0.0015864214040306
2023-05-16,2480.239990234375,2494.39990234375,2498.5400390625,2474.89990234375,627900,0.0003588573135702
2023-05-17,2494.659912109375,2479.64990234375,2498.3701171875,2475.02001953125,563300,0.0057970863901918
2023-05-18,2515.39990234375,2511.090087890625,2515.39990234375,2500.010009765625,571500,0.0082793856666294
2023-05-19,2537.7900390625,2530.830078125,2538.31005859375,2524.889892578125,569300,0.0088618411368369
2023-05-22,2557.080078125,2540.030029296875,2564.090087890625,2533.5,590500,0.0075723740917118
2023-05-23,2567.550048828125,2565.800048828125,2577.320068359375,2561.10009765625,573800,0.0040861428089274
2023-05-24,2567.449951171875,2557.110107421875,2572.2099609375,2555.0400390625,1071600,-3.898642892415358e-05
2023-05-25,2554.68994140625,2570.639892578125,2575.050048828125,2551.489990234375,916700,-0.0049823067814494
2023-05-26,2558.81005859375,2561.93994140625,2567.5,2553.7900390625,631800,0.0016114669322782
2023-05-30,2585.52001953125,2582.409912109375,2586.219970703125,2574.820068359375,638500,0.0103843262590493
2023-05-31,2577.1201171875,2586.030029296875,2596.31005859375,2575.97998046875,683900,-0.003254113993497
2023-06-01,2569.169921875,2572.56005859375,2580.14990234375,2565.0,674200,-0.0030896826943783
2023-06-02,2601.360107421875,2586.27001953125,2601.3798828125,2583.8798828125,566500,0.0124515673498479
2023-06-05,2615.409912109375,2617.429931640625,2618.6201171875,2608.010009765625,542700,0.0053864128969906
2023-06-07,2615.60009765625,2623.4599609375,2629.919921875,2613.679931640625,535300,7.271465610043874e-05
2023-06-08,2610.85009765625,2609.2099609375,2612.389892578125,2595.330078125,578700,-0.0018176778234965
2023-06-09,2641.159912109375,2624.14990234375,2644.699951171875,2618.449951171875,581500,0.0115423050975216
2023-06-12,2629.35009765625,2647.489990234375,2650.449951171875,2623.429931640625,554300,-0.0044814768197267
2023-06-13,2637.949951171875,2644.429931640625,2645.6201171875,2633.52001953125,692500,0.0032653773574188
2023-06-14,2619.080078125,2640.81005859375,2642.860107421875,2614.25,648800,-0.0071789409546212
2023-06-15,2608.5400390625,2629.239990234375,2634.219970703125,2602.52001953125,579000,-0.0040324480771489
2023-06-16,2625.7900390625,2623.570068359375,2625.7900390625,2612.2099609375,668400,0.0065911252029211
2023-06-19,2609.5,2618.06005859375,2619.43994140625,2600.489990234375,708800,-0.0062231859225998
2023-06-20,2604.909912109375,2602.830078125,2610.030029296875,2596.820068359375,715800,-0.0017605401775367
2023-06-21,2582.6298828125,2599.18994140625,2600.969970703125,2579.52001953125,655400,-0.0085898777353776
2023-06-22,2593.699951171875,2575.64990234375,2597.760009765625,2575.64990234375,610200,0.004277194688551
2023-06-23,2570.10009765625,2599.0400390625,2600.81005859375,2568.070068359375,526500,-0.0091405622239349
2023-06-26,2582.199951171875,2568.64990234375,2585.31005859375,2562.030029296875,479200,0.004696883195943
2023-06-27,2581.389892578125,2581.02001953125,2582.0,2568.52001953125,535400,-0.0003137579183892
2023-06-28,2564.18994140625,2590.52001953125,2590.52001953125,2559.4599609375,484200,-0.0066853555043167
2023-06-29,2550.02001953125,2564.02001953125,2577.68994140625,2550.02001953125,602500,-0.0055414064901834
2023-06-30,2564.280029296875,2558.429931640625,2571.030029296875,2541.719970703125,508800,0.0055765389531399
2023-07-03,2602.469970703125,2580.889892578125,2604.6298828125,2580.489990234375,615500,0.0147832339164642
2023-07-04,2593.31005859375,2604.719970703125,2607.659912109375,2591.860107421875,673100,-0.0035259081590885
2023-07-05,2579.0,2593.469970703125,2601.989990234375,2578.659912109375,599400,-0.0055333477473937
2023-07-06,2556.2900390625,2574.75,2575.449951171875,2550.669921875,530800,-0.0088447230099655
2023-07-07,2526.7099609375,2547.409912109375,2547.409912109375,2515.070068359375,612100,-0.0116389581141868
2023-07-10,2520.699951171875,2528.080078125,2539.6298828125,2517.669921875,560600,-0.0023814244179089
2023-07-11,2562.489990234375,2538.840087890625,2562.489990234375,2534.47998046875,592400,0.0164428168497508
2023-07-12,2574.719970703125,2557.610107421875,2574.72998046875,2554.260009765625,695500,0.0047613407536699
2023-07-13,2591.22998046875,2589.889892578125,2602.2099609375,2587.75,584300,0.0063918799573732
2023-07-14,2628.300048828125,2607.469970703125,2628.300048828125,2603.360107421875,568100,0.0142046090181856
2023-07-17,2619.0,2617.669921875,2627.1201171875,2611.550048828125,548800,-0.0035447024105512
2023-07-18,2607.6201171875,2624.590087890625,2626.889892578125,2600.669921875,491100,-0.004354592658317
2023-07-19,2608.239990234375,2622.239990234375,2622.5400390625,2598.52001953125,434900,0.0002376877588842
2023-07-20,2600.22998046875,2595.3798828125,2611.340087890625,2589.2900390625,369700,-0.00307576548409
2023-07-21,2609.760009765625,2581.06005859375,2609.760009765625,2570.580078125,499300,0.0036583716834941
2023-07-24,2628.530029296875,2608.469970703125,2636.06005859375,2595.2099609375,525900,0.0071664988860375
2023-07-25,2636.4599609375,2643.35009765625,2646.7099609375,2621.60009765625,721500,0.003012327716391
2023-07-26,2592.360107421875,2638.760009765625,2639.2099609375,2580.97998046875,830100,-0.0168683942553576
2023-07-27,2603.81005859375,2599.820068359375,2617.610107421875,2586.360107421875,591900,0.0044070803449977
2023-07-28,2608.320068359375,2593.669921875,2609.5400390625,2586.330078125,497300,0.0017305826145415
2023-07-31,2632.580078125,2628.8701171875,2639.449951171875,2622.2099609375,454200,0.0092580214720232
2023-08-01,2667.070068359375,2644.340087890625,2668.2099609375,2639.10009765625,493600,0.0130161336013072
2023-08-02,2616.469970703125,2651.530029296875,2660.89990234375,2611.77001953125,704700,-0.0191544473366447
2023-08-03,2605.389892578125,2624.760009765625,2625.449951171875,2591.300048828125,789400,-0.0042437350077505
2023-08-04,2602.800048828125,2606.169921875,2612.300048828125,2598.3798828125,645800,-0.0009945274625546
2023-08-07,2580.7099609375,2591.580078125,2607.360107421875,2580.7099609375,504100,-0.0085232676617676
2023-08-08,2573.97998046875,2598.2900390625,2601.409912109375,2568.14990234375,637000,-0.0026112081887481
2023-08-09,2605.1201171875,2580.60009765625,2608.97998046875,2576.2099609375,466000,0.0120254528389861
2023-08-10,2601.56005859375,2592.39990234375,2601.56005859375,2590.02001953125,566500,-0.0013674967650594
2023-08-11,2591.260009765625,2611.25,2616.840087890625,2589.93994140625,672200,-0.0039670399515228
2023-08-14,2570.8701171875,2586.510009765625,2592.909912109375,2561.8798828125,622800,-0.0078998390651426
2023-08-16,2525.639892578125,2550.1298828125,2550.530029296875,2520.8701171875,683200,-0.0177499551808758
2023-08-17,2519.85009765625,2512.919921875,2520.56005859375,2482.06005859375,733900,-0.0022950387274244
2023-08-18,2504.5,2495.179931640625,2519.60009765625,2489.6298828125,556400,-0.0061103008814476
2023-08-21,2508.800048828125,2511.699951171875,2524.409912109375,2505.590087890625,398600,0.0017154568211581
2023-08-22,2515.739990234375,2528.389892578125,2533.429931640625,2509.530029296875,471000,0.0027624203471364
2023-08-23,2505.5,2510.0,2517.510009765625,2499.889892578125,546200,-0.0040786755661869
2023-08-24,2537.679931640625,2531.780029296875,2539.43994140625,2520.72998046875,440300,0.0127619354572735
2023-08-25,2519.139892578125,2505.389892578125,2526.3701171875,2502.050048828125,576400,-0.0073327200809397
2023-08-28,2543.409912109375,2519.139892578125,2543.409912109375,2519.139892578125,483000,0.0095881349914959
2023-08-29,2552.159912109375,2550.760009765625,2556.97998046875,2545.27001953125,440700,0.0034343592187873
2023-08-30,2561.219970703125,2575.419921875,2578.6201171875,2561.219970703125,363000,0.0035436710287277
2023-08-31,2556.27001953125,2564.449951171875,2568.06005859375,2547.719970703125,471900,-0.001934523653212
2023-09-01,2563.7099609375,2551.929931640625,2568.419921875,2551.0400390625,492400,0.0029062405209608
2023-09-04,2584.550048828125,2566.929931640625,2584.550048828125,2560.320068359375,342100,0.00809601756016
2023-09-05,2582.179931640625,2578.909912109375,2586.64990234375,2575.18994140625,383400,-0.0009174535393596
2023-09-06,2563.340087890625,2577.409912109375,2585.97998046875,2560.090087890625,421500,-0.007322847007701
2023-09-07,2548.260009765625,2554.8701171875,2562.419921875,2539.239990234375,376600,-0.0059003527611299
2023-09-08,2547.679931640625,2546.070068359375,2550.9599609375,2530.050048828125,395800,-0.0002276628587366
2023-09-11,2556.8798828125,2549.8798828125,2556.889892578125,2540.43994140625,410300,0.0036046050855187
2023-09-12,2536.580078125,2566.419921875,2568.550048828125,2535.14990234375,358700,-0.0079709715299318
2023-09-13,2534.699951171875,2536.219970703125,2549.3798828125,2528.179931640625,417000,-0.0007414802686514
2023-09-14,2572.889892578125,2544.889892578125,2572.889892578125,2541.110107421875,411800,0.014954471401611
2023-09-15,2601.280029296875,2574.97998046875,2611.0,2572.3701171875,441100,0.0109739038560395
2023-09-18,2574.719970703125,2588.68994140625,2596.550048828125,2573.260009765625,415900,-0.0102628638779875
2023-09-19,2559.2099609375,2579.360107421875,2583.25,2555.4599609375,461800,-0.0060421771074447
2023-09-20,2559.739990234375,2556.550048828125,2566.6201171875,2551.1201171875,414700,0.0002070851654441
2023-09-21,2514.969970703125,2544.81005859375,2549.6298828125,2514.9599609375,394700,-0.0176448236164275
2023-09-22,2508.1298828125,2491.449951171875,2513.260009765625,2486.139892578125,433200,-0.002723454567083
2023-09-25,2495.760009765625,2504.10009765625,2509.3798828125,2486.43994140625,438600,-0.0049441128842197
2023-09-26,2462.969970703125,2493.639892578125,2495.0,2461.590087890625,427500,-0.0132253690495191
2023-09-27,2465.070068359375,2447.989990234375,2469.719970703125,2445.510009765625,366200,0.0008523054872661
2023-10-04,2405.68994140625,2435.780029296875,2435.780029296875,2402.840087890625,424900,-0.0243834920488653
2023-10-05,2403.60009765625,2423.35009765625,2426.610107421875,2402.5,451700,-0.0008690862329224
2023-10-06,2408.72998046875,2408.81005859375,2421.179931640625,2403.919921875,289400,0.0021319754348928
2023-10-10,2402.580078125,2436.580078125,2448.239990234375,2402.43994140625,415500,-0.0025564370693961
2023-10-11,2450.080078125,2436.52001953125,2463.56005859375,2436.52001953125,446900,0.0195775164991816
2023-10-12,2479.820068359375,2465.18994140625,2479.820068359375,2464.840087890625,515500,0.0120652954924176
2023-10-13,2456.14990234375,2460.85009765625,2466.6201171875,2452.830078125,582400,-0.0095909608853148
2023-10-16,2436.239990234375,2442.429931640625,2453.77001953125,2422.52001953125,788400,-0.0081391804249107
2023-10-17,2460.169921875,2454.139892578125,2466.8701171875,2449.419921875,508800,0.009774558338038
2023-10-18,2462.60009765625,2452.050048828125,2465.330078125,2450.780029296875,911500,0.0009873205406792
2023-10-19,2415.800048828125,2431.919921875,2433.449951171875,2412.550048828125,756900,-0.0191872266313527
2023-10-20,2375.0,2391.5400390625,2394.669921875,2364.010009765625,520600,-0.017033077914426
2023-10-23,2357.02001953125,2370.070068359375,2375.7900390625,2354.699951171875,395900,-0.007599319919445
2023-10-24,2383.510009765625,2371.550048828125,2384.139892578125,2326.669921875,444200,0.0111760776947473
2023-10-25,2363.169921875,2389.22998046875,2389.89990234375,2362.68994140625,440800,-0.0085702902582346
2023-10-26,2299.080078125,2325.820068359375,2330.550048828125,2299.080078125,531100,-0.0274948281089248
2023-10-27,2302.81005859375,2311.590087890625,2321.840087890625,2293.050048828125,514900,0.0016210648993149
2023-10-30,2310.550048828125,2292.340087890625,2317.75,2292.340087890625,444800,0.0033554707702467
2023-10-31,2277.989990234375,2318.389892578125,2322.449951171875,2273.969970703125,395000,-0.0141921416515299
2023-11-01,2301.56005859375,2292.889892578125,2312.14990234375,2288.639892578125,358200,0.0102937084352179
2023-11-02,2343.1201171875,2334.9599609375,2351.909912109375,2333.409912109375,377500,0.017896245268834
2023-11-03,2368.340087890625,2365.590087890625,2370.280029296875,2351.830078125,578700,0.0107059002898768
2023-11-06,2502.3701171875,2399.800048828125,2502.3701171875,2395.030029296875,528600,0.0550490047298393
2023-11-07,2443.9599609375,2476.35009765625,2476.35009765625,2418.739990234375,457700,-0.0236186710565255
2023-11-08,2421.6201171875,2460.219970703125,2468.429931640625,2418.139892578125,467200,-0.0091828724942519
2023-11-09,2427.080078125,2425.929931640625,2437.89990234375,2413.0400390625,395000,0.0022521348094784
2023-11-10,2409.659912109375,2406.39990234375,2413.6201171875,2393.639892578125,312500,-0.0072032986576996
2023-11-13,2403.760009765625,2431.239990234375,2435.320068359375,2399.0400390625,307100,-0.0024514400962973
2023-11-14,2433.25,2424.929931640625,2442.3701171875,2422.969970703125,307000,0.0121936301832147
2023-11-15,2486.669921875,2482.2099609375,2487.419921875,2468.429931640625,419800,0.0217166222872504
2023-11-16,2488.179931640625,2483.47998046875,2491.97998046875,2472.68994140625,407400,0.0006070574415145
2023-11-17,2469.85009765625,2477.429931640625,2481.10009765625,2463.590087890625,388200,-0.0073940324630055
2023-11-20,2491.199951171875,2464.719970703125,2499.75,2464.0400390625,323800,0.0086070429071283
2023-11-21,2510.419921875,2504.699951171875,2517.739990234375,2500.909912109375,345100,0.0076855362051221
2023-11-22,2511.699951171875,2493.169921875,2516.719970703125,2490.429931640625,439500,0.0005097565796717
2023-11-23,2514.9599609375,2515.830078125,2522.199951171875,2507.300048828125,360900,0.0012970880384547
2023-11-24,2496.6298828125,2517.8798828125,2521.56005859375,2496.6298828125,359400,-0.0073151077540331
2023-11-27,2495.659912109375,2501.830078125,2511.3701171875,2489.179931640625,364700,-0.0003885875040014
2023-11-28,2521.760009765625,2506.139892578125,2522.449951171875,2502.260009765625,442400,0.0104038862550693
2023-11-29,2519.81005859375,2518.800048828125,2523.97998046875,2501.43994140625,579300,-0.0007735492089446
2023-11-30,2535.2900390625,2512.110107421875,2535.2900390625,2507.800048828125,664300,0.0061245192210515
2023-12-01,2505.010009765625,2520.489990234375,2520.489990234375,2504.06005859375,516600,-0.0120153138864786
2023-12-04,2514.949951171875,2522.219970703125,2525.6298828125,2510.52001953125,498900,0.0039601727799595
2023-12-05,2494.280029296875,2507.449951171875,2509.739990234375,2492.550048828125,427100,-0.0082527810748271
2023-12-06,2495.3798828125,2503.570068359375,2509.669921875,2495.3798828125,391000,0.0004408531053465
2023-12-07,2492.070068359375,2493.139892578125,2499.72998046875,2481.0,446900,-0.0013272574046507
2023-12-08,2517.85009765625,2510.239990234375,2521.580078125,2507.139892578125,431800,0.010291683696039
2023-12-11,2525.360107421875,2524.7900390625,2528.889892578125,2512.449951171875,435000,0.0029782678141238
2023-12-12,2535.27001953125,2535.110107421875,2543.06005859375,2529.739990234375,378000,0.0039164785917764
2023-12-13,2510.659912109375,2531.22998046875,2531.22998046875,2509.889892578125,377900,-0.0097545161719709
2023-12-14,2544.179931640625,2547.739990234375,2549.64990234375,2532.159912109375,530100,0.013262739043875
2023-12-15,2563.56005859375,2558.43994140625,2574.22998046875,2555.300048828125,465300,0.0075885695014677
2023-12-18,2566.860107421875,2568.77001953125,2573.1298828125,2556.050048828125,383000,0.0012864635552126
2023-12-19,2568.550048828125,2564.81005859375,2570.06005859375,2556.52001953125,392500,0.0006581524808472
2023-12-20,2614.300048828125,2586.989990234375,2615.3798828125,2584.85009765625,570400,0.0176548375748637
2023-12-21,2600.02001953125,2598.3701171875,2610.81005859375,2587.159912109375,578300,-0.0054772491178242
2023-12-22,2599.510009765625,2617.719970703125,2621.3701171875,2599.510009765625,466000,-0.0001961753329192
2023-12-26,2602.590087890625,2609.43994140625,2612.139892578125,2594.64990234375,439500,0.0011841673274637
2023-12-27,2613.5,2599.35009765625,2613.5,2590.080078125,349700,0.0041831823587904
2023-12-28,2655.280029296875,2616.27001953125,2655.280029296875,2611.719970703125,460100,0.0158598023894386
2024-01-02,2669.81005859375,2645.469970703125,2675.800048828125,2641.8798828125,409900,0.0054572092179094
2024-01-03,2607.31005859375,2643.5400390625,2643.719970703125,2607.31005859375,463100,-0.0236882697980172
2024-01-04,2587.02001953125,2592.43994140625,2602.639892578125,2580.090087890625,770200,-0.0078124192939476
2024-01-05,2578.080078125,2586.889892578125,2592.2900390625,2572.60009765625,520500,-0.0034616755395421
2024-01-08,2567.820068359375,2584.22998046875,2591.679931640625,2566.340087890625,320100,-0.0039876496120111
2024-01-09,2561.239990234375,2598.31005859375,2599.3701171875,2556.0,790300,-0.0025658041277516
2024-01-10,2541.97998046875,2563.969970703125,2568.18994140625,2539.820068359375,570000,-0.0075482151746996
2024-01-11,2540.27001953125,2543.030029296875,2557.300048828125,2540.27001953125,788400,-0.0006729149498842
2024-01-12,2525.050048828125,2536.550048828125,2543.830078125,2517.760009765625,790200,-0.0060094984333811
2024-01-15,2525.989990234375,2525.68994140625,2536.06005859375,2515.840087890625,800000,0.000372177377265
2024-01-16,2497.590087890625,2516.27001953125,2524.35009765625,2491.1298828125,659600,-0.0113067591087199
2024-01-17,2435.89990234375,2501.22998046875,2503.909912109375,2435.340087890625,965600,-0.0250100441059977
2024-01-18,2440.0400390625,2439.9599609375,2453.969970703125,2429.1201171875,570000,0.001698190610821
2024-01-19,2472.739990234375,2468.429931640625,2479.0,2455.5,518800,0.0133123949775241
2024-01-22,2464.35009765625,2489.570068359375,2490.68994140625,2464.35009765625,386600,-0.0033987229339381
2024-01-23,2478.610107421875,2478.320068359375,2482.840087890625,2464.239990234375,472300,0.0057698418497782
2024-01-24,2469.68994140625,2476.219970703125,2476.219970703125,2454.340087890625,395500,-0.0036053495503641
2024-01-25,2470.340087890625,2467.72998046875,2474.010009765625,2452.360107421875,357200,0.0002632156016351
2024-01-26,2478.56005859375,2458.050048828125,2502.610107421875,2453.449951171875,292700,0.0033219414491977
2024-01-29,2500.64990234375,2490.929931640625,2516.919921875,2483.81005859375,421800,0.0088728890115112
2024-01-30,2498.81005859375,2523.679931640625,2528.5400390625,2498.81005859375,481800,-0.0007360170288119
2024-01-31,2497.090087890625,2487.89990234375,2502.449951171875,2486.969970703125,437600,-0.0006885529016384
2024-02-01,2542.4599609375,2491.929931640625,2542.4599609375,2491.929931640625,751100,0.0180060118088421
2024-02-02,2615.31005859375,2559.39990234375,2615.340087890625,2559.389892578125,588700,0.0282505588339628
2024-02-05,2591.31005859375,2612.77001953125,2612.77001953125,2562.5,511700,-0.0092190977805583
2024-02-06,2576.199951171875,2584.199951171875,2599.179931640625,2563.8701171875,411600,-0.0058481359331573
2024-02-07,2609.580078125,2592.590087890625,2625.239990234375,2588.090087890625,518200,0.0128738927568967
2024-02-08,2620.320068359375,2620.260009765625,2629.510009765625,2610.2099609375,430000,0.0041071550243967
2024-02-13,2649.639892578125,2644.169921875,2656.8701171875,2640.9599609375,559400,0.0111272673635452
2024-02-14,2620.419921875,2609.60009765625,2627.31005859375,2601.989990234375,543500,-0.0110891607160781
2024-02-15,2613.800048828125,2643.81005859375,2643.860107421875,2613.800048828125,621400,-0.0025294605933709
2024-02-16,2648.760009765625,2635.6298828125,2648.760009765625,2625.010009765625,593800,0.0132864897841564
2024-02-19,2680.260009765625,2653.1201171875,2683.389892578125,2653.1201171875,422700,0.0118221987401809
2024-02-20,2657.7900390625,2671.550048828125,2673.840087890625,2643.929931640625,612700,-0.0084188432908249
2024-02-21,2653.31005859375,2656.919921875,2670.949951171875,2644.0400390625,562100,-0.0016870258322752
2024-02-22,2664.27001953125,2671.68994140625,2671.68994140625,2653.989990234375,456400,0.004122166961669
2024-02-23,2667.699951171875,2681.030029296875,2694.800048828125,2665.2099609375,415400,0.001286553424936
2024-02-26,2647.080078125,2657.35009765625,2659.60009765625,2629.780029296875,530500,-0.0077594844537801
2024-02-27,2625.050048828125,2654.760009765625,2654.760009765625,2619.3798828125,574300,-0.008357213113689
2024-02-28,2652.2900390625,2629.110107421875,2657.320068359375,2623.14990234375,421600,0.0103234704238365
2024-02-29,2642.360107421875,2643.47998046875,2647.56005859375,2628.6201171875,496100,-0.0037509346258337
2024-03-04,2674.27001953125,2664.52001953125,2682.800048828125,2662.320068359375,404000,0.0120039553318174
2024-03-05,2649.39990234375,2660.800048828125,2684.830078125,2649.35009765625,457200,-0.0093432908036246
2024-03-06,2641.489990234375,2638.840087890625,2649.780029296875,2630.159912109375,379000,-0.0029900142180151
2024-03-07,2647.6201171875,2653.97998046875,2660.260009765625,2633.570068359375,462900,0.0023180193164805
2024-03-08,2680.35009765625,2676.7900390625,2688.0,2668.3798828125,454300,0.0122862519380552
2024-03-11,2659.840087890625,2665.580078125,2677.2099609375,2658.739990234375,389800,-0.0076814157926464
2024-03-12,2681.81005859375,2673.469970703125,2686.139892578125,2659.719970703125,404000,0.0082259578917386
2024-03-13,2693.570068359375,2694.7099609375,2701.449951171875,2679.5400390625,497200,0.0043755151264178
2024-03-14,2718.760009765625,2698.3701171875,2718.760009765625,2696.31005859375,609300,0.0093084209306597
2024-03-15,2666.840087890625,2701.909912109375,2705.590087890625,2666.840087890625,582100,-0.0192816137447937
2024-03-18,2685.840087890625,2678.52001953125,2688.070068359375,2665.280029296875,408200,0.0070992770632854
2024-03-19,2656.169921875,2673.570068359375,2673.570068359375,2645.139892578125,695900,-0.0111083547421101
2024-03-20,2690.139892578125,2680.699951171875,2692.52001953125,2674.090087890625,720500,0.0127079907600996
2024-03-21,2754.860107421875,2731.179931640625,2755.449951171875,2724.25,823700,0.0237734666729035
2024-03-22,2748.56005859375,2751.14990234375,2763.06005859375,2738.179931640625,509500,-0.0022895041229125
2024-03-25,2737.570068359375,2756.590087890625,2763.6298828125,2731.699951171875,489600,-0.0040064689246548
2024-03-26,2757.090087890625,2756.419921875,2779.39990234375,2752.27001953125,448300,0.0071051170025737
2024-03-27,2755.110107421875,2745.0,2762.030029296875,2745.0,510600,-0.0007183993627767
2024-03-28,2745.820068359375,2753.219970703125,2756.860107421875,2742.679931640625,419300,-0.0033776280002305
2024-03-29,2746.6298828125,2757.27001953125,2757.550048828125,2739.1201171875,495500,0.0002948827813425
2024-04-01,2747.860107421875,2766.239990234375,2769.8701171875,2747.39990234375,397600,0.0004478030288959
2024-04-02,2753.159912109375,2744.14990234375,2760.330078125,2737.18994140625,630400,0.0019268449518133
2024-04-03,2706.969970703125,2730.679931640625,2732.2900390625,2706.969970703125,640800,-0.016919393595408
2024-04-04,2742.0,2738.239990234375,2746.389892578125,2727.10009765625,478000,0.0128576637711416
2024-04-05,2714.2099609375,2713.9599609375,2730.469970703125,2705.31005859375,621000,-0.0101866605467519
2024-04-08,2717.64990234375,2718.760009765625,2725.580078125,2706.739990234375,620700,0.0012665797545232
2024-04-09,2705.159912109375,2733.22998046875,2741.22998046875,2703.9599609375,470200,-0.0046064725659812
2024-04-11,2706.9599609375,2665.39990234375,2718.070068359375,2661.919921875,561300,0.0006651918053268
2024-04-12,2681.820068359375,2710.889892578125,2712.449951171875,2678.2099609375,513700,-0.0093305255840453
2024-04-15,2670.429931640625,2661.360107421875,2673.260009765625,2641.159912109375,562000,-0.0042562114674854
2024-04-16,2609.6298828125,2644.169921875,2647.60009765625,2601.449951171875,570200,-0.0230310786082525
2024-04-17,2584.179931640625,2619.14990234375,2626.6298828125,2584.179931640625,414300,-0.0098001874435069
2024-04-18,2634.699951171875,2595.4599609375,2642.030029296875,2593.260009765625,478800,0.0193610885026283
2024-04-19,2591.860107421875,2600.68994140625,2609.89990234375,2553.550048828125,809500,-0.0163934988550854
2024-04-22,2629.43994140625,2615.719970703125,2629.43994140625,2604.3701171875,401900,0.0143950673454562
2024-04-23,2623.02001953125,2632.14990234375,2641.780029296875,2619.719970703125,430300,-0.0024445403181543
2024-04-24,2675.75,2662.840087890625,2677.85009765625,2662.840087890625,325100,0.0199033817235538
2024-04-25,2628.6201171875,2646.800048828125,2656.510009765625,2628.6201171875,334100,-0.0177706766511963
2024-04-26,2656.330078125,2650.93994140625,2662.10009765625,2641.35009765625,450500,0.0104864620638485
2024-04-29,2687.43994140625,2675.4599609375,2687.43994140625,2665.2099609375,470500,0.0116435455253538
2024-04-30,2692.06005859375,2693.219970703125,2710.22998046875,2687.2900390625,460100,0.0017176757406587
2024-05-02,2683.64990234375,2679.0400390625,2692.469970703125,2678.840087890625,351100,-0.0031289497285477
2024-05-03,2676.6298828125,2704.31005859375,2705.260009765625,2676.6298828125,338600,-0.002619275047602
2024-05-07,2734.360107421875,2718.169921875,2734.360107421875,2716.6201171875,532200,0.0213389473355763
2024-05-08,2745.050048828125,2732.110107421875,2745.050048828125,2727.929931640625,436300,0.0039018633991123
2024-05-09,2712.139892578125,2743.2900390625,2749.139892578125,2710.25,423800,-0.0120613559627063
2024-05-10,2727.6298828125,2737.949951171875,2743.580078125,2723.2099609375,586100,0.0056951057640664
2024-05-13,2727.2099609375,2735.199951171875,2738.3798828125,2713.919921875,625300,-0.0001539630448767
2024-05-14,2730.340087890625,2732.97998046875,2735.820068359375,2722.739990234375,443300,0.0011470814810079
2024-05-16,2753.0,2770.27001953125,2773.4599609375,2748.219970703125,521800,0.0082650504034276
2024-05-17,2724.6201171875,2751.469970703125,2752.169921875,2724.6201171875,575900,-0.0103622142999545
2024-05-20,2742.139892578125,2741.239990234375,2756.409912109375,2734.639892578125,582100,0.0064095864239159
2024-05-21,2724.179931640625,2733.030029296875,2734.47998046875,2719.739990234375,560800,-0.0065711579787126
2024-05-22,2723.4599609375,2723.4599609375,2733.070068359375,2707.8701171875,484700,-0.0002643238986107
2024-05-23,2721.81005859375,2719.030029296875,2734.27001953125,2704.0,427400,-0.0006059947030443
2024-05-24,2687.60009765625,2693.64990234375,2696.989990234375,2681.169921875,501600,-0.0126484833043495
2024-05-27,2722.989990234375,2697.159912109375,2725.080078125,2693.659912109375,556700,0.0130818992786788
2024-05-28,2722.85009765625,2715.52001953125,2730.1201171875,2714.340087890625,441000,-5.137594049700934e-05
2024-05-29,2677.300048828125,2719.56005859375,2721.6298828125,2677.070068359375,439000,-0.0168703194955169
2024-05-30,2635.43994140625,2666.6298828125,2666.6298828125,2635.43994140625,371900,-0.015758713499954
2024-05-31,2636.52001953125,2657.8701171875,2664.47998046875,2635.77001953125,613700,0.0004097444396823
2024-06-03,2682.52001953125,2657.81005859375,2690.72998046875,2657.81005859375,782300,0.0172967853253419
2024-06-04,2662.10009765625,2668.72998046875,2679.469970703125,2659.429931640625,773500,-0.0076413368161453
2024-06-05,2689.5,2681.110107421875,2697.429931640625,2667.6298828125,881500,0.0102399810398556
2024-06-07,2722.669921875,2718.25,2729.6298828125,2705.22998046875,783900,0.0122576850579967
2024-06-10,2701.169921875,2698.7099609375,2718.889892578125,2689.18994140625,506900,-0.007928004229967
2024-06-11,2705.320068359375,2716.719970703125,2718.8798828125,2702.169921875,558900,0.0015352464563969
2024-06-12,2728.169921875,2709.64990234375,2730.300048828125,2707.43994140625,511000,0.008410796103153
2024-06-13,2754.889892578125,2764.179931640625,2776.719970703125,2752.610107421875,700000,0.0097464492911353
2024-06-14,2758.419921875,2759.219970703125,2769.159912109375,2750.860107421875,645000,0.0012805483087494
2024-06-17,2744.10009765625,2754.830078125,2759.860107421875,2741.030029296875,594000,-0.0052048357826183
2024-06-18,2763.919921875,2765.699951171875,2772.35009765625,2759.030029296875,561500,0.0071967457244724
2024-06-19,2797.330078125,2786.159912109375,2799.320068359375,2786.159912109375,645700,0.0120154850820565
2024-06-20,2807.6298828125,2802.10009765625,2812.6201171875,2796.3701171875,758200,0.0036752506183699
2024-06-21,2784.260009765625,2794.8701171875,2797.0,2777.330078125,631100,-0.0083585369373438
2024-06-24,2764.72998046875,2772.85009765625,2782.89990234375,2758.090087890625,592800,-0.0070391584679451
2024-06-25,2774.389892578125,2765.760009765625,2780.419921875,2765.760009765625,714200,0.0034878905399465
2024-06-26,2792.050048828125,2767.429931640625,2792.070068359375,2762.97998046875,534300,0.0063452460419372
2024-06-27,2784.06005859375,2767.6201171875,2784.330078125,2761.550048828125,396700,-0.0028657955272719
2024-06-28,2797.820068359375,2792.7900390625,2797.820068359375,2782.39990234375,610600,0.0049302519313009
2024-07-01,2804.31005859375,2792.9599609375,2805.949951171875,2783.97998046875,458800,0.0023169733621633
2024-07-02,2780.860107421875,2798.64990234375,2805.419921875,2776.6201171875,538400,-0.0083972692937735
2024-07-03,2794.010009765625,2797.139892578125,2799.699951171875,2774.7099609375,339800,0.0047175724117143
2024-07-04,2824.93994140625,2817.06005859375,2824.93994140625,2808.8798828125,393200,0.0110092612715777
2024-07-05,2862.22998046875,2836.2099609375,2871.9599609375,2836.2099609375,377600,0.0131139297705474
2024-07-08,2857.760009765625,2862.580078125,2868.989990234375,2855.530029296875,424600,-0.0015629298724909
2024-07-09,2867.3798828125,2872.6298828125,2875.3701171875,2854.1298828125,455800,0.0033605753853528
2024-07-10,2867.989990234375,2863.050048828125,2871.56005859375,2858.8701171875,471800,0.0002127525992852
2024-07-11,2891.35009765625,2888.760009765625,2896.429931640625,2879.280029296875,461700,0.0081121222810976
2024-07-12,2857.0,2867.75,2872.25,2844.8798828125,407400,-0.0119514316083665
2024-07-15,2860.919921875,2869.14990234375,2872.89990234375,2848.929931640625,424500,0.0013711008697752
2024-07-16,2866.090087890625,2861.7099609375,2872.2099609375,2857.070068359375,677300,0.001805538111984
2024-07-17,2843.2900390625,2865.89990234375,2868.580078125,2841.330078125,548100,-0.0079869161008194
2024-07-18,2824.35009765625,2805.639892578125,2824.35009765625,2799.02001953125,657700,-0.0066835619246265
2024-07-19,2795.4599609375,2800.2099609375,2802.679931640625,2776.989990234375,425600,-0.0102816255067343
2024-07-22,2763.510009765625,2790.989990234375,2795.1201171875,2752.6298828125,463400,-0.0114950442802035
2024-07-23,2774.2900390625,2788.830078125,2796.919921875,2765.81005859375,422700,0.0038932582680161
2024-07-24,2758.7099609375,2755.5,2778.31005859375,2748.64990234375,468500,-0.0056317076823768
2024-07-25,2710.64990234375,2721.2900390625,2725.14990234375,2703.860107421875,439600,-0.0175747425003811
2024-07-26,2731.89990234375,2724.989990234375,2738.39990234375,2715.75,513000,0.0078088795676342
2024-07-29,2765.530029296875,2748.320068359375,2776.860107421875,2742.68994140625,456500,0.0122350068643673
2024-07-30,2738.18994140625,2744.39990234375,2754.530029296875,2732.820068359375,392900,-0.0099352121573204
2024-07-31,2770.68994140625,2745.580078125,2770.699951171875,2733.6298828125,556400,0.0117992687268854
2024-08-01,2777.679931640625,2787.27001953125,2794.110107421875,2772.969970703125,480800,0.0025196567973688
2024-08-02,2676.18994140625,2719.389892578125,2725.050048828125,2666.39990234375,531800,-0.0372219029564075
2024-08-05,2441.550048828125,2611.300048828125,2611.300048828125,2386.9599609375,761900,-0.0917610158234955
2024-08-06,2522.14990234375,2533.340087890625,2578.77001953125,2491.469970703125,566300,0.0324785701381842
2024-08-07,2568.409912109375,2515.27001953125,2594.830078125,2510.820068359375,476300,0.0181753225243683
2024-08-08,2556.72998046875,2530.2099609375,2570.340087890625,2518.52001953125,494700,-0.0045579055814379
2024-08-09,2588.429931640625,2603.080078125,2603.080078125,2575.89990234375,474200,0.0123223972923357
2024-08-12,2618.300048828125,2602.159912109375,2622.860107421875,2602.010009765625,293100,0.011473782966726
2024-08-13,2621.5,2624.5,2636.1201171875,2607.52001953125,378500,0.0012214021679717
2024-08-14,2644.5,2649.110107421875,2653.7099609375,2632.43994140625,328700,0.0087353384934472
2024-08-16,2697.22998046875,2695.489990234375,2699.610107421875,2680.739990234375,385900,0.0197433016970175
2024-08-19,2674.360107421875,2697.969970703125,2699.840087890625,2664.280029296875,395600,-0.0085151736674802
2024-08-20,2696.6298828125,2699.739990234375,2706.050048828125,2686.06005859375,484200,0.0082926622660213
2024-08-21,2701.1298828125,2687.199951171875,2704.97998046875,2684.610107421875,417300,0.0016673587702771
2024-08-22,2707.669921875,2710.949951171875,2711.3798828125,2690.35009765625,441800,0.002418297029259
2024-08-23,2701.68994140625,2690.800048828125,2712.840087890625,2689.5400390625,330600,-0.0022109761805253
2024-08-26,2698.010009765625,2716.8798828125,2718.469970703125,2688.7900390625,333700,-0.001363013590984
2024-08-27,2689.25,2696.239990234375,2700.179931640625,2681.919921875,264100,-0.003252123517505
2024-08-28,2689.830078125,2690.590087890625,2695.510009765625,2671.590087890625,280800,0.0002156793053175
2024-08-29,2662.280029296875,2657.179931640625,2672.89990234375,2649.56005859375,288800,-0.0102951141172754
2024-08-30,2674.31005859375,2676.719970703125,2686.510009765625,2668.659912109375,278800,0.0045085155413171
2024-09-02,2681.0,2683.800048828125,2686.97998046875,2658.31005859375,267000,0.0024984341944853
2024-09-03,2664.6298828125,2683.1201171875,2695.590087890625,2664.6298828125,303500,-0.0061246920266167
2024-09-04,2580.800048828125,2589.93994140625,2608.1298828125,2578.070068359375,455500,-0.031965719918635
2024-09-05,2575.5,2598.360107421875,2615.800048828125,2560.64990234375,379000,-0.0020557572850675
2024-09-06,2544.280029296875,2576.659912109375,2576.93994140625,2529.31005859375,374800,-0.0121959761942214
2024-09-09,2535.929931640625,2498.669921875,2543.219970703125,2491.300048828125,270200,-0.0032873071152518
2024-09-10,2523.429931640625,2542.68994140625,2544.830078125,2522.47998046875,347700,-0.0049413466414941
2024-09-11,2513.3701171875,2524.860107421875,2526.1298828125,2493.3701171875,302600,-0.0039945313421354
2024-09-12,2572.090087890625,2572.090087890625,2572.090087890625,2572.090087890625,0,0.0230943034276068
2024-09-13,2575.409912109375,2571.81005859375,2584.110107421875,2562.909912109375,358300,0.0012898784571306
2024-09-19,2580.800048828125,2594.669921875,2598.679931640625,2550.090087890625,385100,0.0020907366934328
2024-09-20,2593.3701171875,2603.830078125,2619.550048828125,2591.39990234375,496000,0.0048587861184908
2024-09-23,2602.010009765625,2596.469970703125,2603.570068359375,2588.489990234375,339100,0.0033259936065156
2024-09-24,2631.679931640625,2612.449951171875,2631.679931640625,2597.81005859375,355100,0.011338172515302
2024-09-25,2596.320068359375,2652.7099609375,2663.360107421875,2596.320068359375,454500,-0.0135273154104565
2024-09-26,2671.570068359375,2630.909912109375,2671.570068359375,2630.300048828125,324900,0.0285712560296568
2024-09-27,2649.780029296875,2674.580078125,2681.449951171875,2649.780029296875,413000,-0.0081897114277877
2024-09-30,2593.27001953125,2665.239990234375,2668.659912109375,2593.27001953125,358900,-0.0215569935786292
2024-10-02,2561.68994140625,2566.550048828125,2591.610107421875,2555.4599609375,351000,-0.0122524611005599
2024-10-04,2569.7099609375,2563.699951171875,2585.590087890625,2555.570068359375,414300,0.0031258628110036
2024-10-07,2610.3798828125,2579.199951171875,2611.929931640625,2561.4599609375,343700,0.0157027228415787
2024-10-08,2594.360107421875,2592.64990234375,2601.9599609375,2581.7900390625,318200,-0.006155860238649
2024-10-10,2599.159912109375,2611.64990234375,2613.610107421875,2596.860107421875,618600,0.001848382613719
2024-10-11,2596.909912109375,2612.02001953125,2621.929931640625,2594.429931640625,491300,-0.0008660392245471
2024-10-14,2623.2900390625,2602.6298828125,2628.5400390625,2602.6298828125,401700,0.0101070272268198
2024-10-15,2633.449951171875,2632.3701171875,2635.320068359375,2615.469970703125,438300,0.0038654849884179
2024-10-16,2610.360107421875,2606.699951171875,2622.330078125,2601.35009765625,437600,-0.0088065710698417
2024-10-17,2609.300048828125,2620.739990234375,2622.7099609375,2603.52001953125,331300,-0.0004061791674521
2024-10-18,2593.820068359375,2616.0400390625,2618.320068359375,2587.9599609375,265200,-0.0059502859029312
2024-10-21,2604.919921875,2600.77001953125,2618.7099609375,2594.050048828125,240700,0.0042702156304734
2024-10-22,2570.699951171875,2600.8701171875,2604.159912109375,2564.4599609375,343300,-0.0132237182027452
2024-10-23,2599.6201171875,2575.25,2607.7900390625,2567.419921875,352400,0.0111871092115225
2024-10-24,2581.030029296875,2591.68994140625,2600.260009765625,2578.800048828125,343100,-0.0071767701569169
2024-10-25,2583.27001953125,2597.43994140625,2611.27001953125,2577.0,462900,0.0008674904067035
2024-10-28,2612.429931640625,2588.449951171875,2612.9599609375,2587.199951171875,333700,0.0112247506783565
2024-10-29,2617.800048828125,2606.93994140625,2617.800048828125,2595.860107421875,363300,0.0020534925212187
2024-10-30,2593.7900390625,2606.989990234375,2613.469970703125,2586.8798828125,487400,-0.0092141474031189
2024-10-31,2556.14990234375,2575.239990234375,2579.64990234375,2552.360107421875,406600,-0.0146179595897689
2024-11-01,2542.360107421875,2542.9599609375,2559.300048828125,2536.840087890625,319800,-0.0054093562710936
2024-11-04,2588.969970703125,2549.0400390625,2588.969970703125,2542.679931640625,373900,0.0181672761368631
2024-11-05,2576.8798828125,2570.239990234375,2586.72998046875,2564.659912109375,310900,-0.0046807825653693
2024-11-06,2563.510009765625,2591.89990234375,2592.75,2544.0400390625,548500,-0.0052019023751459
2024-11-07,2564.6298828125,2557.22998046875,2579.81005859375,2540.47998046875,465100,0.0004367560511747
2024-11-08,2561.14990234375,2586.699951171875,2593.14990234375,2553.419921875,448700,-0.0013578347682832
2024-11-11,2531.659912109375,2562.050048828125,2562.050048828125,2525.56005859375,572200,-0.0115811588949198
2024-11-12,2482.570068359375,2527.93994140625,2532.43994140625,2481.530029296875,735800,-0.0195808378911183
2024-11-13,2417.080078125,2468.27001953125,2478.8701171875,2415.77001953125,619200,-0.0267341090784921
2024-11-14,2418.860107421875,2430.260009765625,2441.429931640625,2410.929931640625,640000,0.0007361668295999
2024-11-15,2416.860107421875,2413.050048828125,2433.179931640625,2390.56005859375,623300,-0.0008271777626414
2024-11-18,2469.070068359375,2440.31005859375,2480.010009765625,2437.530029296875,443900,0.0213723677612459
2024-11-19,2471.949951171875,2469.1298828125,2479.389892578125,2465.14990234375,410900,0.0011657038940262
2024-11-20,2482.2900390625,2475.760009765625,2489.14990234375,2471.7900390625,408800,0.0041742438497443
2024-11-21,2480.6298828125,2474.6201171875,2496.969970703125,2474.6201171875,451100,-0.0006690240173352
2024-11-22,2501.239990234375,2493.419921875,2511.22998046875,2492.2099609375,543500,0.0082740920693009
2024-11-25,2534.340087890625,2524.110107421875,2541.760009765625,2517.97998046875,564700,0.0131466777926914
2024-11-26,2520.360107421875,2521.389892578125,2526.6201171875,2512.2099609375,441700,-0.0055314917104749
2024-11-27,2503.06005859375,2518.820068359375,2526.320068359375,2498.320068359375,414300,-0.00688778427902
2024-11-28,2504.669921875,2499.68994140625,2513.6298828125,2495.639892578125,342600,0.0006429513344316
2024-11-29,2455.909912109375,2496.929931640625,2496.929931640625,2446.9599609375,384300,-0.019659629265213
2024-12-02,2454.47998046875,2479.02001953125,2483.2900390625,2448.449951171875,328100,-0.0005824106485743
2024-12-03,2500.10009765625,2472.06005859375,2500.669921875,2471.550048828125,324100,0.0184158519087712
2024-12-04,2464.0,2450.760009765625,2483.0400390625,2442.4599609375,670300,-0.0145447244638398
2024-12-05,2441.85009765625,2471.449951171875,2471.449951171875,2434.780029296875,519400,-0.0090300569380517
2024-12-06,2428.159912109375,2451.60009765625,2459.239990234375,2397.72998046875,630400,-0.0056222560452088
2024-12-09,2360.580078125,2392.3701171875,2399.52001953125,2360.179931640625,591600,-0.0282263480376586
2024-12-10,2417.840087890625,2384.510009765625,2419.06005859375,2384.510009765625,598800,0.0239672313150237
2024-12-11,2442.510009765625,2412.14990234375,2443.340087890625,2411.3798828125,617700,0.0101515871250479
2024-12-12,2482.1201171875,2456.6298828125,2487.949951171875,2448.760009765625,664200,0.0160868778422873
2024-12-13,2494.4599609375,2473.75,2500.320068359375,2470.239990234375,577700,0.0049591763203626
2024-12-16,2488.969970703125,2511.080078125,2515.6201171875,2483.429931640625,526700,-0.0022032987442882
2024-12-17,2456.81005859375,2487.31005859375,2487.31005859375,2455.050048828125,559000,-0.013005174187676
2024-12-18,2484.429931640625,2463.06005859375,2492.0,2462.820068359375,441700,0.0111794451440635
2024-12-19,2435.929931640625,2426.550048828125,2450.050048828125,2423.590087890625,504500,-0.0197146437255321
2024-12-20,2404.14990234375,2429.6298828125,2430.68994140625,2389.860107421875,617800,-0.0131322156264425
2024-12-23,2442.010009765625,2423.360107421875,2446.969970703125,2413.6201171875,428200,0.015625104570034
2024-12-24,2440.52001953125,2450.550048828125,2452.85009765625,2432.419921875,386800,-0.0006103353268438
2024-12-26,2429.669921875,2449.52001953125,2449.52001953125,2428.820068359375,322800,-0.0044557258496325
2024-12-27,2404.77001953125,2419.4599609375,2423.860107421875,2388.330078125,311300,-0.0103011404960208
2024-12-30,2399.489990234375,2397.489990234375,2429.75,2390.43994140625,304000,-0.0021980623080366
2025-01-02,2398.93994140625,2400.8701171875,2410.989990234375,2386.840087890625,350700,-0.000229262003768
2025-01-03,2441.919921875,2402.580078125,2454.669921875,2402.580078125,407500,0.0177576344269305
2025-01-06,2488.639892578125,2453.300048828125,2489.10009765625,2446.820068359375,302800,0.0189517502336859
2025-01-07,2492.10009765625,2513.489990234375,2521.860107421875,2492.090087890625,407700,0.0013894343577773
2025-01-08,2521.050048828125,2481.25,2526.77001953125,2481.25,362900,0.0115497330593913
2025-01-09,2521.89990234375,2526.10009765625,2535.8701171875,2515.820068359375,404300,0.0003370461860217
2025-01-10,2515.780029296875,2528.419921875,2535.239990234375,2506.2900390625,377600,-0.0024296406839914
2025-01-13,2489.56005859375,2508.14990234375,2513.929931640625,2483.72998046875,578600,-0.0104768947081469
2025-01-14,2497.39990234375,2501.489990234375,2504.889892578125,2482.739990234375,414500,0.0031441400251383
2025-01-15,2496.81005859375,2511.070068359375,2524.360107421875,2493.10009765625,538500,-0.0002362110353213
2025-01-16,2527.489990234375,2528.27001953125,2534.010009765625,2519.860107421875,451100,0.0122127710017462
2025-01-17,2523.550048828125,2520.85009765625,2528.47998046875,2513.840087890625,445900,-0.0015600518605489
2025-01-20,2520.050048828125,2533.679931640625,2536.719970703125,2516.280029296875,437500,-0.0013878977294223
2025-01-21,2518.030029296875,2533.22998046875,2548.43994140625,2507.949951171875,572000,-0.000801900568539
2025-01-22,2547.06005859375,2535.800048828125,2552.570068359375,2526.889892578125,583700,0.0114629144466954
2025-01-23,2515.489990234375,2541.239990234375,2541.60009765625,2515.489990234375,609700,-0.0124721641440235
2025-01-24,2536.800048828125,2529.2900390625,2542.830078125,2522.639892578125,602000,0.0084358517835948
2025-01-31,2517.3701171875,2534.330078125,2537.97998046875,2496.949951171875,454400,-0.0076887111913847
2025-02-03,2453.949951171875,2468.739990234375,2468.739990234375,2437.610107421875,522800,-0.0255158010132801
2025-02-04,2481.68994140625,2481.43994140625,2508.35009765625,2471.6298828125,479400,0.0112408048113941
2025-02-05,2509.27001953125,2503.93994140625,2514.7099609375,2498.739990234375,437300,0.0110521258761126
2025-02-06,2536.75,2521.820068359375,2536.75,2515.340087890625,479700,0.0108918522042924
2025-02-07,2521.919921875,2532.090087890625,2537.6298828125,2519.010009765625,419900,-0.0058632489722895
2025-02-10,2521.27001953125,2510.639892578125,2527.330078125,2499.179931640625,393600,-0.0002577346302235
2025-02-11,2539.050048828125,2532.8701171875,2549.43994140625,2527.739990234375,451100,0.0070272639774004
2025-02-12,2548.389892578125,2534.7099609375,2549.580078125,2528.739990234375,464900,0.0036717305169494
2025-02-13,2583.169921875,2558.949951171875,2583.739990234375,2555.97998046875,680300,0.0135555515791186
2025-02-14,2591.050048828125,2588.199951171875,2600.570068359375,2582.840087890625,499400,0.0030459211591908
2025-02-17,2610.419921875,2595.989990234375,2612.800048828125,2592.570068359375,366300,0.0074478801933354
2025-02-18,2626.81005859375,2613.25,2628.469970703125,2605.14990234375,422000,0.0062591065462997
2025-02-19,2671.52001953125,2633.909912109375,2680.699951171875,2633.909912109375,525800,0.016877401582586
2025-02-20,2654.06005859375,2661.719970703125,2667.590087890625,2645.530029296875,529300,-0.0065570410128457
2025-02-21,2654.580078125,2653.760009765625,2656.0400390625,2638.43994140625,444700,0.0001959144035085
2025-02-24,2645.27001953125,2636.1201171875,2645.27001953125,2626.8798828125,536400,-0.0035133326410228
2025-02-25,2630.2900390625,2617.639892578125,2641.489990234375,2617.1201171875,410300,-0.0056790257575358
2025-02-26,2641.090087890625,2629.860107421875,2648.06005859375,2620.159912109375,386800,0.0040976228917467
2025-02-27,2621.75,2637.6298828125,2638.469970703125,2610.469970703125,513900,-0.0073497102808961
2025-02-28,2532.780029296875,2585.610107421875,2586.780029296875,2531.239990234375,588600,-0.0345245084511031
2025-03-04,2528.919921875,2522.199951171875,2548.780029296875,2513.31005859375,484100,-0.0015252220429605
2025-03-05,2558.1298828125,2548.449951171875,2561.469970703125,2535.179931640625,569400,0.0114841737710355
2025-03-06,2576.159912109375,2573.550048828125,2583.64990234375,2565.570068359375,609600,0.007023406988229
2025-03-07,2563.47998046875,2553.43994140625,2575.47998046875,2541.489990234375,567200,-0.0049341812388628
2025-03-10,2570.389892578125,2555.39990234375,2579.760009765625,2549.989990234375,435700,0.0026918938161075
2025-03-11,2537.60009765625,2516.68994140625,2547.8798828125,2505.909912109375,399000,-0.0128388056327269
2025-03-12,2574.820068359375,2552.60009765625,2579.68994140625,2541.659912109375,401600,0.0145608643668451
2025-03-13,2573.639892578125,2598.06005859375,2600.070068359375,2561.02001953125,427300,-0.0004584577954865
2025-03-14,2566.360107421875,2565.179931640625,2576.739990234375,2559.239990234375,362300,-0.0028326031220936
2025-03-17,2610.68994140625,2588.320068359375,2610.68994140625,2587.52001953125,396600,0.0171259373765402
2025-03-18,2612.340087890625,2627.27001953125,2638.56005859375,2606.909912109375,555500,0.0006318732728023
2025-03-19,2628.6201171875,2613.47998046875,2642.830078125,2613.47998046875,653300,0.006212633190448
2025-03-20,2637.10009765625,2648.159912109375,2650.719970703125,2629.199951171875,455000,0.0032208273335888
2025-03-21,2643.1298828125,2633.89990234375,2645.820068359375,2617.780029296875,497500,0.0022839110416121
2025-03-24,2632.070068359375,2636.429931640625,2648.820068359375,2629.3798828125,372400,-0.0041931417805455
2025-03-25,2615.81005859375,2653.0400390625,2654.6298828125,2612.739990234375,439300,-0.0061968114381083
2025-03-26,2643.93994140625,2628.090087890625,2649.14990234375,2618.050048828125,507900,0.0106963832931645
2025-03-27,2607.14990234375,2620.280029296875,2633.030029296875,2603.409912109375,403300,-0.0140125734424912
2025-03-28,2557.97998046875,2592.6298828125,2592.6298828125,2549.260009765625,513600,-0.0190397563559933
2025-03-31,2481.1201171875,2513.43994140625,2514.219970703125,2479.4599609375,391600,-0.0305077585169839
2025-04-01,2521.389892578125,2511.239990234375,2530.610107421875,2494.429931640625,453400,0.0161001757869367
2025-04-02,2505.860107421875,2525.6201171875,2532.14990234375,2499.830078125,515600,-0.0061782622925352
2025-04-03,2486.699951171875,2437.429931640625,2488.919921875,2437.429931640625,480100,-0.0076755212120549
2025-04-04,2465.419921875,2450.489990234375,2506.7099609375,2438.02001953125,695100,-0.0085943639598062
2025-04-07,2328.199951171875,2359.25,2369.39990234375,2327.010009765625,619500,-0.0572667308284102
2025-04-08,2334.22998046875,2381.199951171875,2381.31005859375,2328.93994140625,557000,0.0025866480558003
2025-04-09,2293.699951171875,2329.989990234375,2337.580078125,2284.719970703125,699600,-0.0175158509852222
2025-04-10,2445.06005859375,2395.1298828125,2445.06005859375,2391.389892578125,670400,0.0639034735370708
2025-04-11,2432.719970703125,2400.739990234375,2433.179931640625,2394.25,369700,-0.0050597255894541
2025-04-14,2455.889892578125,2454.280029296875,2465.56005859375,2449.47998046875,488600,0.0094792163900276
2025-04-15,2477.409912109375,2464.510009765625,2482.56005859375,2461.22998046875,560300,0.0087244468751179
2025-04-16,2447.429931640625,2472.780029296875,2475.830078125,2442.719970703125,613200,-0.0121751576732975
2025-04-17,2470.409912109375,2451.699951171875,2473.239990234375,2447.39990234375,601700,0.0093456267206765
2025-04-18,2483.419921875,2473.300048828125,2486.3701171875,2466.89990234375,451000,0.0052525177943716
2025-04-21,2488.419921875,2486.3798828125,2498.840087890625,2479.22998046875,429000,0.0020113285394284
2025-04-22,2486.639892578125,2481.179931640625,2494.590087890625,2476.139892578125,416700,-0.000715581094185
2025-04-23,2525.56005859375,2520.56005859375,2526.719970703125,2507.10009765625,538100,0.0155304850859499
2025-04-24,2522.330078125,2525.340087890625,2530.610107421875,2507.2099609375,327900,-0.001279735026748
2025-04-25,2546.300048828125,2544.590087890625,2553.330078125,2534.93994140625,403500,0.0094582357737953
2025-04-28,2548.860107421875,2551.22998046875,2558.68994140625,2541.969970703125,454100,0.0010048982684255
2025-04-29,2565.419921875,2550.25,2571.409912109375,2542.25,547100,0.0064759349240343
2025-04-30,2556.610107421875,2561.0400390625,2570.830078125,2544.4599609375,487500,-0.003439973248985
2025-05-02,2559.7900390625,2556.52001953125,2567.0400390625,2540.570068359375,585500,0.0012430349304334
2025-05-07,2573.800048828125,2577.0400390625,2581.85009765625,2559.169921875,546800,0.0054581859118818
2025-05-08,2579.47998046875,2581.27001953125,2590.89990234375,2575.780029296875,471600,0.0022043956114952
2025-05-09,2577.27001953125,2587.929931640625,2589.580078125,2571.199951171875,485600,-0.0008571139080988
2025-05-12,2607.330078125,2593.93994140625,2607.330078125,2585.60009765625,409700,0.011596032430544
2025-05-13,2608.419921875,2601.760009765625,2620.639892578125,2601.580078125,422500,0.0004179049094997
2025-05-14,2640.570068359375,2625.360107421875,2646.010009765625,2619.14990234375,390500,0.0122501847401466
2025-05-15,2621.360107421875,2634.5,2643.830078125,2618.080078125,339600,-0.0073015207877989
2025-05-16,2626.8701171875,2630.639892578125,2633.97998046875,2619.10009765625,359700,0.0020997599397426
2025-05-19,2603.419921875,2613.699951171875,2619.429931640625,2593.43994140625,313300,-0.0089671327104091
2025-05-20,2601.800048828125,2622.679931640625,2622.909912109375,2598.10009765625,457000,-0.0006224033213909
2025-05-21,2625.580078125,2615.89990234375,2633.409912109375,2614.72998046875,371500,0.0090983218211099
2025-05-22,2593.669921875,2614.659912109375,2616.530029296875,2588.090087890625,358100,-0.0122280227471876
2025-05-23,2592.090087890625,2603.570068359375,2604.139892578125,2589.510009765625,434000,-0.000609297009609
2025-05-26,2644.39990234375,2598.449951171875,2644.39990234375,2595.9599609375,380200,0.0199796255311404
2025-05-27,2637.219970703125,2630.2900390625,2642.6298828125,2625.659912109375,318300,-0.0027188386275782
2025-05-28,2670.14990234375,2648.860107421875,2692.469970703125,2643.5,405500,0.0124092931158417
2025-05-29,2720.639892578125,2691.06005859375,2720.639892578125,2686.639892578125,448300,0.0187324932280925
2025-05-30,2697.669921875,2713.239990234375,2717.5400390625,2689.8701171875,525700,-0.0084786987439376
2025-06-02,2698.969970703125,2692.909912109375,2719.8701171875,2685.139892578125,323600,0.0004817993711463
2025-06-04,2770.840087890625,2737.919921875,2771.030029296875,2734.02001953125,489900,0.0262803471544586
2025-06-05,2812.050048828125,2790.330078125,2831.110107421875,2787.760009765625,556000,0.0147632170472082
2025-06-09,2855.77001953125,2841.56005859375,2867.27001953125,2841.389892578125,537600,0.0154277437677215
2025-06-10,2871.85009765625,2872.6201171875,2885.669921875,2849.669921875,508200,0.0056149395536347
2025-06-11,2907.0400390625,2887.320068359375,2908.159912109375,2879.919921875,393900,0.0121789393947824
2025-06-12,2920.030029296875,2909.989990234375,2934.31005859375,2909.989990234375,713700,0.0044585054238885
2025-06-13,2894.6201171875,2930.570068359375,2932.3798828125,2877.070068359375,931700,-0.0087400181334683
2025-06-16,2946.659912109375,2903.5,2947.070068359375,2886.1298828125,726400,0.0178184136086197
2025-06-17,2950.300048828125,2959.929931640625,2998.6201171875,2925.7900390625,939600,0.0012345809383879
2025-06-18,2972.18994140625,2933.6298828125,2979.320068359375,2933.6298828125,576500,0.0073921584649075
2025-06-19,2977.739990234375,2989.56005859375,2996.0400390625,2954.469970703125,433300,0.0018655851418732
2025-06-20,3021.840087890625,2986.52001953125,3022.06005859375,2972.3701171875,484900,0.0147013262111428
2025-06-23,3014.469970703125,2992.199951171875,3019.81005859375,2971.360107421875,625700,-0.0024419291846522
2025-06-24,3103.639892578125,3061.139892578125,3105.0400390625,3061.139892578125,579200,0.0291515643219224
2025-06-25,3108.25,3127.7900390625,3129.090087890625,3084.860107421875,644800,0.0014842852490869
2025-06-26,3079.56005859375,3108.340087890625,3113.030029296875,3036.550048828125,460600,-0.0092731181866747
2025-06-27,3055.93994140625,3077.8701171875,3093.56005859375,3041.85009765625,381600,-0.0076995302342784
2025-06-30,3071.699951171875,3072.75,3086.0,3063.419921875,464200,0.0051439199406625
2025-07-01,3089.64990234375,3089.639892578125,3133.52001953125,3088.449951171875,576000,0.0058266459077023
2025-07-02,3075.06005859375,3083.820068359375,3090.610107421875,3032.469970703125,696800,-0.0047333519605726
2025-07-03,3116.27001953125,3100.330078125,3116.27001953125,3085.97998046875,539100,0.0133123477551125
2025-07-04,3054.280029296875,3122.280029296875,3123.840087890625,3052.909912109375,520800,-0.0200928848483433
2025-07-07,3059.469970703125,3044.780029296875,3068.429931640625,3032.989990234375,359400,0.0016977935482865
2025-07-08,3114.949951171875,3071.739990234375,3115.860107421875,3066.030029296875,745800,0.0179713962980092
2025-07-09,3133.739990234375,3123.219970703125,3137.169921875,3111.02001953125,643000,0.0060140912331585
2025-07-10,3183.22998046875,3144.139892578125,3183.22998046875,3133.81005859375,596600,0.0156692221250412
2025-07-11,3175.77001953125,3186.35009765625,3216.68994140625,3170.4599609375,465300,-0.0023462696523808
2025-07-14,3202.030029296875,3175.590087890625,3202.06005859375,3170.719970703125,444000,0.0082348640477542
2025-07-15,3215.280029296875,3194.820068359375,3216.010009765625,3183.830078125,419700,0.0041294619420809
2025-07-16,3186.3798828125,3207.47998046875,3209.199951171875,3178.419921875,531500,-0.0090290153543704
2025-07-17,3192.2900390625,3201.419921875,3201.419921875,3152.419921875,424800,0.0018531004154993
2025-07-18,3188.070068359375,3200.43994140625,3204.75,3169.68994140625,393400,-0.0013228003584182
2025-07-21,3210.81005859375,3191.110107421875,3211.139892578125,3188.8701171875,343900,0.0071075205387566
2025-07-22,3169.93994140625,3210.1201171875,3220.27001953125,3155.25,378500,-0.0128106182268501
2025-07-23,3183.77001953125,3189.64990234375,3199.860107421875,3141.929931640625,664800,0.0043533935456179
2025-07-24,3190.449951171875,3209.429931640625,3237.969970703125,3183.050048828125,425500,0.0020959220474588
2025-07-25,3196.050048828125,3184.3701171875,3205.820068359375,3184.3701171875,389300,0.0017537302408333
2025-07-28,3209.52001953125,3228.610107421875,3228.610107421875,3180.179931640625,502700,0.0042057117209298
2025-07-29,3230.570068359375,3192.169921875,3232.31005859375,3169.030029296875,373200,0.0065372140779313
2025-07-30,3254.469970703125,3233.31005859375,3269.39990234375,3227.280029296875,338100,0.0073708135660822
2025-07-31,3245.43994140625,3275.780029296875,3288.260009765625,3227.4599609375,540300,-0.0027785108496542
2025-08-01,3119.409912109375,3210.320068359375,3210.320068359375,3117.919921875,507800,-0.0396070629305411
2025-08-04,3147.75,3114.27001953125,3157.449951171875,3105.6298828125,293500,0.0090440586999292
2025-08-05,3198.0,3187.14990234375,3212.31005859375,3174.22998046875,273400,0.0158377025120896
2025-08-06,3198.139892578125,3182.06005859375,3200.14990234375,3176.610107421875,327400,4.374281378991419e-05
2025-08-07,3227.679931640625,3214.81005859375,3227.679931640625,3200.280029296875,327000,0.0091942344992456
2025-08-08,3210.010009765625,3220.580078125,3227.280029296875,3198.31005859375,341400,-0.005489536280687
2025-08-11,3206.77001953125,3220.719970703125,3223.22998046875,3199.89990234375,305000,-0.0010098493309498
2025-08-12,3189.909912109375,3209.75,3242.169921875,3189.580078125,373200,-0.0052715304332486
2025-08-13,3224.3701171875,3225.39990234375,3226.3701171875,3192.169921875,320100,0.0107449429918532
2025-08-14,3225.659912109375,3226.52001953125,3239.550048828125,3210.830078125,441500,0.0003999345532372
2025-08-18,3177.280029296875,3202.6298828125,3206.77001953125,3177.280029296875,326100,-0.0151120591411699
2025-08-19,3151.56005859375,3185.0400390625,3185.47998046875,3142.47998046875,285300,-0.0081279071489833
2025-08-20,3130.090087890625,3121.52001953125,3132.830078125,3079.27001953125,335300,-0.0068358007233016
2025-08-21,3141.739990234375,3140.7099609375,3166.5400390625,3134.860107421875,276900,0.0037149972487095
2025-08-22,3168.72998046875,3165.409912109375,3181.949951171875,3159.449951171875,236800,0.0085540870763523
2025-08-25,3209.860107421875,3195.139892578125,3209.860107421875,3180.1201171875,220200,0.0128964854132616
2025-08-26,3179.360107421875,3199.919921875,3199.919921875,3175.31005859375,325400,-0.0095474034872393
2025-08-27,3187.159912109375,3185.8701171875,3189.31005859375,3165.77001953125,281700,0.0024502580894807
2025-08-28,3196.320068359375,3175.330078125,3211.340087890625,3164.080078125,312200,0.0028699588830711
2025-08-29,3186.010009765625,3208.800048828125,3212.68994140625,3184.47998046875,245100,-0.0032308161551427
2025-09-01,3142.929931640625,3164.580078125,3177.39990234375,3135.02001953125,260100,-0.0136138891777576
2025-09-02,3172.35009765625,3155.72998046875,3174.159912109375,3151.929931640625,310700,0.0093172048460145
2025-09-03,3184.419921875,3177.75,3187.47998046875,3167.22998046875,335800,0.0037974753487671
2025-09-04,3200.830078125,3188.840087890625,3205.610107421875,3185.489990234375,286300,0.0051400312844667
2025-09-05,3205.1201171875,3208.830078125,3214.639892578125,3196.18994140625,323800,0.0013393921504384
2025-09-08,3219.590087890625,3209.81005859375,3221.139892578125,3206.340087890625,372300,0.0045044818234504
2025-09-09,3260.050048828125,3231.31005859375,3260.050048828125,3221.97998046875,439900,0.0124884981066133
2025-09-10,3314.530029296875,3272.199951171875,3317.77001953125,3272.070068359375,564700,0.016573294974171
2025-09-11,3344.199951171875,3336.60009765625,3344.699951171875,3311.860107421875,435600,0.0089116448093871
2025-09-12,3395.5400390625,3374.64990234375,3395.5400390625,3362.860107421875,448900,0.0152353298582427
2025-09-15,3407.31005859375,3407.780029296875,3420.22998046875,3391.330078125,378900,0.0034603235722225
2025-09-16,3449.6201171875,3421.1298828125,3452.5,3418.10009765625,406200,0.0123409731444087
2025-09-17,3413.39990234375,3433.830078125,3433.830078125,3406.75,326600,-0.010555280627618
2025-09-18,3461.300048828125,3432.77001953125,3461.300048828125,3422.77001953125,391200,0.0139354217609716
2025-09-19,3445.239990234375,3461.22998046875,3467.889892578125,3434.610107421875,348800,-0.0046506897664271
2025-09-22,3468.64990234375,3463.840087890625,3482.25,3458.8701171875,287900,0.0067718757268619
2025-09-23,3486.18994140625,3489.4599609375,3494.489990234375,3467.830078125,358300,0.0050439914201137
2025-09-24,3472.139892578125,3492.030029296875,3497.949951171875,3442.409912109375,287100,-0.0040383449067862
2025-09-25,3471.110107421875,3458.97998046875,3479.419921875,3454.080078125,293100,-0.0002966291473879
2025-09-26,3386.050048828125,3440.389892578125,3441.909912109375,3365.72998046875,399200,-0.0248103937715426
2025-09-29,3431.2099609375,3414.429931640625,3439.1201171875,3413.330078125,416500,0.0132488925554355
2025-09-30,3424.60009765625,3436.0,3443.3798828125,3421.889892578125,526400,-0.0019282521752499
2025-10-01,3455.830078125,3444.06005859375,3459.739990234375,3440.419921875,493600,0.0090779774350235
2025-10-02,3549.2099609375,3525.47998046875,3565.9599609375,3512.159912109375,402100,0.0266623499815912
2025-10-10,3610.60009765625,3598.110107421875,3617.860107421875,3569.43994140625,407400,0.0171489580620654
2025-10-13,3584.550048828125,3550.080078125,3584.550048828125,3522.5400390625,408000,-0.0072410337853306
2025-10-14,3561.81005859375,3604.1201171875,3646.77001953125,3535.52001953125,734100,-0.0063640977065989
2025-10-15,3657.280029296875,3580.639892578125,3659.909912109375,3577.06005859375,543600,0.0264508506620718
2025-10-16,3748.3701171875,3675.820068359375,3748.3701171875,3675.820068359375,495800,0.0246014003466426
2025-10-17,3748.889892578125,3732.760009765625,3794.8701171875,3722.070068359375,420800,0.0001386574270548
2025-10-20,3814.68994140625,3775.39990234375,3814.68994140625,3728.3798828125,410100,0.017399620372058
2025-10-21,3823.840087890625,3851.010009765625,3893.06005859375,3816.18994140625,526900,0.0023957884111075
2025-10-22,3883.679931640625,3827.22998046875,3883.679931640625,3794.52001953125,597200,0.0155279638492777
2025-10-23,3845.56005859375,3835.7900390625,3902.2099609375,3822.330078125,423600,-0.0098638888613711
2025-10-24,3941.590087890625,3893.22998046875,3951.070068359375,3886.639892578125,426900,0.024664966219439
2025-10-27,4042.830078125,3999.7900390625,4042.830078125,3999.7900390625,517000,0.025360743612888
2025-10-28,4010.409912109375,4010.469970703125,4018.219970703125,3972.56005859375,408200,-0.008051502549474
2025-10-29,4081.14990234375,4061.5400390625,4084.090087890625,4014.840087890625,466900,0.0174853289514337
2025-10-30,4086.889892578125,4105.9501953125,4146.72021484375,4070.7900390625,566500,0.0014054758114238
2025-10-31,4107.5,4083.25,4122.08984375,4059.739990234375,408300,0.0050303076011458
2025-11-03,4221.8701171875,4123.35986328125,4221.919921875,4123.35986328125,472700,0.0274636146857686
2025-11-04,4121.740234375,4219.240234375,4226.75,4117.91015625,423500,-0.024002724449667
2025-11-05,4004.419921875,4055.469970703125,4055.469970703125,3867.81005859375,594200,-0.0288767296183171
2025-11-06,4026.449951171875,4092.4599609375,4111.9599609375,3985.2900390625,423400,0.0054863507699268
2025-11-07,3953.760009765625,3963.719970703125,4037.610107421875,3887.320068359375,377100,-0.0182180549681269
2025-11-10,4073.239990234375,3991.8701171875,4092.909912109375,3984.239990234375,339500,0.029771721809493
2025-11-11,4106.39013671875,4124.2998046875,4187.4599609375,4066.580078125,377600,0.0081055811737073
2025-11-12,4150.39013671875,4097.43994140625,4154.6201171875,4088.860107421875,334600,0.0106580083398729
2025-11-13,4170.6298828125,4127.56982421875,4188.5400390625,4123.83984375,424200,0.0048647367658803
2025-11-14,4011.570068359375,4061.909912109375,4092.760009765625,4011.39990234375,400000,-0.0388843725062092
2025-11-17,4089.25,4078.570068359375,4089.8798828125,4045.39990234375,344100,0.0191788762248832
2025-11-18,3953.6201171875,4044.469970703125,4072.409912109375,3953.260009765625,319700,-0.0337299345958315
2025-11-19,3929.510009765625,3966.639892578125,3966.639892578125,3854.949951171875,338200,-0.0061169059015754
2025-11-20,4004.85009765625,4030.969970703125,4059.3701171875,4001.31005859375,360300,0.0189914123608191
2025-11-21,3853.260009765625,3908.699951171875,3911.550048828125,3838.4599609375,319300,-0.0385866052323712
2025-11-24,3846.06005859375,3915.159912109375,3917.159912109375,3838.199951171875,373100,-0.0018702828838676
2025-11-25,3857.780029296875,3942.360107421875,3946.610107421875,3833.35009765625,279300,0.003042633183191
2025-11-26,3960.8701171875,3891.8798828125,3960.8701171875,3866.659912109375,295300,0.0263718316056815
2025-11-27,3986.909912109375,3989.449951171875,4023.419921875,3968.429931640625,257900,0.0065527450436629
2025-11-28,3926.590087890625,3995.300048828125,3995.300048828125,3921.889892578125,241900,-0.0152450856060317
2025-12-01,3920.3701171875,3967.919921875,3977.31005859375,3892.080078125,296900,-0.0015853201349968
2025-12-02,3994.929931640625,3939.090087890625,3994.929931640625,3935.139892578125,319000,0.0188399730556389
2025-12-03,4036.300048828125,4010.260009765625,4052.830078125,3987.760009765625,290900,0.0103024027961935
2025-12-04,4028.510009765625,4018.909912109375,4028.530029296875,3982.5400390625,352000,-0.0019318598773333
2025-12-05,4100.0498046875,4023.5,4100.0498046875,4003.2900390625,478500,0.017602538151561
2025-12-08,4154.85009765625,4109.25,4154.85009765625,4081.260009765625,395600,0.0132772289556385
2025-12-09,4143.5498046875,4129.77001953125,4152.18017578125,4121.2099609375,400600,-0.0027234888862006
2025-12-10,4135.0,4159.0498046875,4172.64013671875,4123.60009765625,317900,-0.0020655327150215
2025-12-11,4110.6201171875,4163.31982421875,4170.77001953125,4103.2001953125,539800,-0.0059134312544858
2025-12-12,4167.16015625,4123.830078125,4168.169921875,4120.72998046875,426600,0.0136608889058099
2025-12-15,4090.590087890625,4053.739990234375,4123.18994140625,4052.64990234375,346800,-0.018545550711137
2025-12-16,3999.1298828125,4093.320068359375,4099.009765625,3996.22998046875,374000,-0.0226124272557552
2025-12-17,4056.409912109375,4019.429931640625,4060.239990234375,3994.64990234375,361000,0.0142215161655972
2025-12-18,3994.510009765625,3989.60009765625,4030.64990234375,3975.5,581400,-0.0153774035018628
2025-12-19,4020.550048828125,4055.780029296875,4055.780029296875,3997.050048828125,442700,0.0064978005137006
2025-12-22,4105.93017578125,4096.259765625,4105.93017578125,4083.1298828125,315600,0.0210135917033385
2025-12-23,4117.31982421875,4127.39990234375,4140.83984375,4110.25,385800,0.0027701105331142
2025-12-24,4108.6201171875,4136.240234375,4137.2001953125,4106.6201171875,363600,-0.0021151893490051
2025-12-26,4129.68017578125,4130.3701171875,4143.14013671875,4116.52978515625,510200,0.0051127304712489
2025-12-29,4220.56005859375,4146.47998046875,4220.56005859375,4146.47998046875,502400,0.021767869852381
2025-12-30,4214.169921875,4193.75,4226.35986328125,4186.9501953125,408200,-0.0015151968008692
