time,log_return,horizon,true_volatility,predict_volatility
2022-03-04,-4.799493811246069,1,1.2904538,1.3906294
2022-03-04,-4.799493811246069,3,1.4205518,1.4277458
2022-03-04,-4.799493811246069,5,1.6020676,1.453058
2022-03-04,-4.799493811246069,10,1.6788876,1.5435567
2022-03-04,-4.799493811246069,21,1.6997113,1.668363
2022-03-07,-0.8077301629930034,1,1.4204633,1.4689835
2022-03-07,-0.8077301629930034,3,1.4189295,1.5202928
2022-03-07,-0.8077301629930034,5,1.6205496,1.5330447
2022-03-07,-0.8077301629930034,10,1.6749531,1.6322191
2022-03-07,-0.8077301629930034,21,1.7010118,1.7785369
2022-03-08,-0.5220351133891299,1,1.4205518,1.4090146
2022-03-08,-0.5220351133891299,3,1.6020676,1.4532259
2022-03-08,-0.5220351133891299,5,1.6235658,1.4785296
2022-03-08,-0.5220351133891299,10,1.6803122,1.5738873
2022-03-08,-0.5220351133891299,21,1.6986742,1.7425675
2022-03-09,5.593630340064593,1,1.4189295,1.3373092
2022-03-09,5.593630340064593,3,1.6205496,1.3921603
2022-03-09,5.593630340064593,5,1.623145,1.3990861
2022-03-09,5.593630340064593,10,1.6764437,1.4776707
2022-03-09,5.593630340064593,21,1.696307,1.5895535
2022-03-10,-2.322935310875618,1,1.6020676,1.7783011
2022-03-10,-2.322935310875618,3,1.6235658,1.8189509
2022-03-10,-2.322935310875618,5,1.6044716,1.8402292
2022-03-10,-2.322935310875618,10,1.6821167,1.9404588
2022-03-10,-2.322935310875618,21,1.713071,2.0505145
2022-03-11,0.8102461576068087,1,1.6205496,1.6674832
2022-03-11,0.8102461576068087,3,1.623145,1.6939424
2022-03-11,0.8102461576068087,5,1.6788876,1.6954798
2022-03-11,0.8102461576068087,10,1.6863371,1.7670131
2022-03-11,0.8102461576068087,21,1.714178,1.833969
2022-03-14,0.6463368306300232,1,1.6235658,1.6128134
2022-03-14,0.6463368306300232,3,1.6044716,1.6462636
2022-03-14,0.6463368306300232,5,1.6749531,1.6486198
2022-03-14,0.6463368306300232,10,1.6850837,1.72153
2022-03-14,0.6463368306300232,21,1.7231532,1.8136905
2022-03-15,-0.22361294257216002,1,1.623145,1.5723195
2022-03-15,-0.22361294257216002,3,1.6788876,1.5964152
2022-03-15,-0.22361294257216002,5,1.6803122,1.6185648
2022-03-15,-0.22361294257216002,10,1.6853806,1.6746023
2022-03-15,-0.22361294257216002,21,1.7228409,1.7823032
2022-03-16,3.8621037654228196,1,1.6044716,1.63384
2022-03-16,3.8621037654228196,3,1.6749531,1.6734684
2022-03-16,3.8621037654228196,5,1.6764437,1.7042823
2022-03-16,3.8621037654228196,10,1.6816099,1.7953131
2022-03-16,3.8621037654228196,21,1.7188754,1.89777
2022-03-17,0.6089274484031293,1,1.6788876,1.6869245
2022-03-17,0.6089274484031293,3,1.6803122,1.7070117
2022-03-17,0.6089274484031293,5,1.6821167,1.7361888
2022-03-17,0.6089274484031293,10,1.7048925,1.822403
2022-03-17,0.6089274484031293,21,1.719332,1.9438921
2022-03-18,0.9302392662313252,1,1.6749531,1.5934404
2022-03-18,0.9302392662313252,3,1.6764437,1.6276876
2022-03-18,0.9302392662313252,5,1.6863371,1.643251
2022-03-18,0.9302392662313252,10,1.7040848,1.7072499
2022-03-18,0.9302392662313252,21,1.7184052,1.7747205
2022-03-21,-0.09105125230686184,1,1.6803122,1.6331596
2022-03-21,-0.09105125230686184,3,1.6821167,1.6575539
2022-03-21,-0.09105125230686184,5,1.6850837,1.6710409
2022-03-21,-0.09105125230686184,10,1.6997113,1.7400999
2022-03-21,-0.09105125230686184,21,1.7058235,1.8257791
2022-03-22,1.0762110680824222,1,1.6764437,1.6417948
2022-03-22,1.0762110680824222,3,1.6863371,1.667416
2022-03-22,1.0762110680824222,5,1.6853806,1.6777405
2022-03-22,1.0762110680824222,10,1.7010118,1.7507119
2022-03-22,1.0762110680824222,21,1.6387582,1.7985481
2022-03-23,-1.0841324876049718,1,1.6821167,1.7089825
2022-03-23,-1.0841324876049718,3,1.6850837,1.7333453
2022-03-23,-1.0841324876049718,5,1.6816099,1.7114965
2022-03-23,-1.0841324876049718,10,1.6986742,1.7502365
2022-03-23,-1.0841324876049718,21,1.6408727,1.7463586
2022-03-24,-0.1815724350244352,1,1.6863371,1.7788199
2022-03-24,-0.1815724350244352,3,1.6853806,1.7977434
2022-03-24,-0.1815724350244352,5,1.7048925,1.8091727
2022-03-24,-0.1815724350244352,10,1.696307,1.8872869
2022-03-24,-0.1815724350244352,21,1.6362642,1.9355543
2022-03-25,0.1506729018369235,1,1.6850837,1.6595584
2022-03-25,0.1506729018369235,3,1.6816099,1.6561536
2022-03-25,0.1506729018369235,5,1.7040848,1.6513342
2022-03-25,0.1506729018369235,10,1.713071,1.7074375
2022-03-25,0.1506729018369235,21,1.6586193,1.7179215
2022-03-28,0.048325827926110065,1,1.6853806,1.7825438
2022-03-28,0.048325827926110065,3,1.7048925,1.7932329
2022-03-28,0.048325827926110065,5,1.6997113,1.7976989
2022-03-28,0.048325827926110065,10,1.714178,1.865726
2022-03-28,0.048325827926110065,21,1.657112,1.8733033
2022-03-29,2.249239253177926,1,1.6816099,1.7734238
2022-03-29,2.249239253177926,3,1.7040848,1.7859979
2022-03-29,2.249239253177926,5,1.7010118,1.7781824
2022-03-29,2.249239253177926,10,1.7231532,1.8350315
2022-03-29,2.249239253177926,21,1.654319,1.8373502
2022-03-30,-0.31879397323324454,1,1.7048925,1.6590455
2022-03-30,-0.31879397323324454,3,1.6997113,1.6594801
2022-03-30,-0.31879397323324454,5,1.6986742,1.6571511
2022-03-30,-0.31879397323324454,10,1.7228409,1.7160106
2022-03-30,-0.31879397323324454,21,1.6470362,1.736928
2022-03-31,-1.3358141446195404,1,1.7040848,1.5853404
2022-03-31,-1.3358141446195404,3,1.7010118,1.6053414
2022-03-31,-1.3358141446195404,5,1.696307,1.5912791
2022-03-31,-1.3358141446195404,10,1.7188754,1.6334496
2022-03-31,-1.3358141446195404,21,1.6499896,1.6097324
2022-04-01,0.40152334020815417,1,1.6997113,1.8129963
2022-04-01,0.40152334020815417,3,1.6986742,1.8281449
2022-04-01,0.40152334020815417,5,1.713071,1.8168241
2022-04-01,0.40152334020815417,10,1.719332,1.8465242
2022-04-01,0.40152334020815417,21,1.6512635,1.7479786
2022-04-04,1.0305790553669425,1,1.7010118,1.8198701
2022-04-04,1.0305790553669425,3,1.696307,1.8454105
2022-04-04,1.0305790553669425,5,1.714178,1.8153243
2022-04-04,1.0305790553669425,10,1.7184052,1.8056378
2022-04-04,1.0305790553669425,21,1.6584991,1.6904129
2022-04-05,-0.905188172094995,1,1.6986742,1.67569
2022-04-05,-0.905188172094995,3,1.713071,1.6783707
2022-04-05,-0.905188172094995,5,1.7231532,1.6394442
2022-04-05,-0.905188172094995,10,1.7058235,1.6152396
2022-04-05,-0.905188172094995,21,1.6561201,1.4979126
2022-04-06,-2.255812169239846,1,1.696307,1.6013151
2022-04-06,-2.255812169239846,3,1.714178,1.6030927
2022-04-06,-2.255812169239846,5,1.7228409,1.583161
2022-04-06,-2.255812169239846,10,1.6387582,1.5776653
2022-04-06,-2.255812169239846,21,1.6568012,1.5372673
2022-04-07,-0.6566254519475123,1,1.713071,1.6569031
2022-04-07,-0.6566254519475123,3,1.7231532,1.6751128
2022-04-07,-0.6566254519475123,5,1.7188754,1.6610018
2022-04-07,-0.6566254519475123,10,1.6408727,1.6850209
2022-04-07,-0.6566254519475123,21,1.6529664,1.6659366
2022-04-08,1.4250957719280422,1,1.714178,1.5129731
2022-04-08,1.4250957719280422,3,1.7228409,1.5396957
2022-04-08,1.4250957719280422,5,1.719332,1.517629
2022-04-08,1.4250957719280422,10,1.6362642,1.5530968
2022-04-08,1.4250957719280422,21,1.6939713,1.5782965
2022-04-11,-0.5787966697620384,1,1.7231532,1.6033759
2022-04-11,-0.5787966697620384,3,1.7188754,1.6191487
2022-04-11,-0.5787966697620384,5,1.7184052,1.5962905
2022-04-11,-0.5787966697620384,10,1.6586193,1.6419942
2022-04-11,-0.5787966697620384,21,1.6940029,1.66615
2022-04-12,0.08711324072665505,1,1.7228409,1.6921095
2022-04-12,0.08711324072665505,3,1.719332,1.700851
2022-04-12,0.08711324072665505,5,1.7058235,1.6731511
2022-04-12,0.08711324072665505,10,1.657112,1.686331
2022-04-12,0.08711324072665505,21,1.7077832,1.6494175
2022-04-13,0.28558228698001287,1,1.7188754,1.692454
2022-04-13,0.28558228698001287,3,1.7184052,1.6875228
2022-04-13,0.28558228698001287,5,1.6387582,1.647991
2022-04-13,0.28558228698001287,10,1.654319,1.6559775
2022-04-13,0.28558228698001287,21,1.7023224,1.5873816
2022-04-14,0.5679373776269259,1,1.719332,1.7773516
2022-04-14,0.5679373776269259,3,1.7058235,1.7735116
2022-04-14,0.5679373776269259,5,1.6408727,1.7279664
2022-04-14,0.5679373776269259,10,1.6470362,1.714937
2022-04-14,0.5679373776269259,21,1.733754,1.6036388
2022-04-19,-0.5217465289646839,1,1.7184052,1.763169
2022-04-19,-0.5217465289646839,3,1.6387582,1.7487283
2022-04-19,-0.5217465289646839,5,1.6362642,1.7220603
2022-04-19,-0.5217465289646839,10,1.6499896,1.7357926
2022-04-19,-0.5217465289646839,21,1.7331173,1.6297392
2022-04-20,1.3617595135062999,1,1.7058235,1.7464048
2022-04-20,1.3617595135062999,3,1.6408727,1.6987667
2022-04-20,1.3617595135062999,5,1.6586193,1.6667017
2022-04-20,1.3617595135062999,10,1.6512635,1.6475894
2022-04-20,1.3617595135062999,21,1.7416316,1.5506893
2022-04-21,0.742619314516979,1,1.6387582,1.6277071
2022-04-21,0.742619314516979,3,1.6362642,1.6384461
2022-04-21,0.742619314516979,5,1.657112,1.6115615
2022-04-21,0.742619314516979,10,1.6584991,1.6183894
2022-04-21,0.742619314516979,21,1.7288593,1.5771326
2022-04-22,-1.8967836355338719,1,1.6408727,1.7259328
2022-04-22,-1.8967836355338719,3,1.6586193,1.7246232
2022-04-22,-1.8967836355338719,5,1.654319,1.6924227
2022-04-22,-1.8967836355338719,10,1.6561201,1.693795
2022-04-22,-1.8967836355338719,21,1.7385738,1.6038883
2022-04-25,-2.253136598895633,1,1.6362642,1.6673951
2022-04-25,-2.253136598895633,3,1.657112,1.6672046
2022-04-25,-2.253136598895633,5,1.6470362,1.6621416
2022-04-25,-2.253136598895633,10,1.6568012,1.6885464
2022-04-25,-2.253136598895633,21,1.7396917,1.6610452
2022-04-26,-0.6514362329258283,1,1.6586193,1.681021
2022-04-26,-0.6514362329258283,3,1.654319,1.6860006
2022-04-26,-0.6514362329258283,5,1.6499896,1.6600794
2022-04-26,-0.6514362329258283,10,1.6529664,1.6874838
2022-04-26,-0.6514362329258283,21,1.7027129,1.6041273
2022-04-27,0.4187436481293716,1,1.657112,1.7159175
2022-04-27,0.4187436481293716,3,1.6470362,1.7399471
2022-04-27,0.4187436481293716,5,1.6512635,1.716236
2022-04-27,0.4187436481293716,10,1.6939713,1.7510345
2022-04-27,0.4187436481293716,21,1.6649421,1.6973222
2022-04-28,0.8249928153753139,1,1.654319,1.6321155
2022-04-28,0.8249928153753139,3,1.6499896,1.6377878
2022-04-28,0.8249928153753139,5,1.6584991,1.6069967
2022-04-28,0.8249928153753139,10,1.6940029,1.6020193
2022-04-28,0.8249928153753139,21,1.6695607,1.5639751
2022-04-29,0.651436626839974,1,1.6470362,1.5578474
2022-04-29,0.651436626839974,3,1.6512635,1.5612428
2022-04-29,0.651436626839974,5,1.6561201,1.5255922
2022-04-29,0.651436626839974,10,1.7077832,1.5265765
2022-04-29,0.651436626839974,21,1.6336112,1.4744691
2022-05-02,-1.846106579706408,1,1.6499896,1.6278105
2022-05-02,-1.846106579706408,3,1.6584991,1.6264296
2022-05-02,-1.846106579706408,5,1.6568012,1.5857815
2022-05-02,-1.846106579706408,10,1.7023224,1.5721331
2022-05-02,-1.846106579706408,21,1.6370399,1.5360376
2022-05-03,1.1768953349738709,1,1.6512635,1.5677428
2022-05-03,1.1768953349738709,3,1.6561201,1.5731432
2022-05-03,1.1768953349738709,5,1.6529664,1.5381262
2022-05-03,1.1768953349738709,10,1.733754,1.5314951
2022-05-03,1.1768953349738709,21,1.6140974,1.4573773
2022-05-04,-0.927029936248136,1,1.6584991,1.5420392
2022-05-04,-0.927029936248136,3,1.6568012,1.5502536
2022-05-04,-0.927029936248136,5,1.6939713,1.5226077
2022-05-04,-0.927029936248136,10,1.7331173,1.5251637
2022-05-04,-0.927029936248136,21,1.4895203,1.4678105
2022-05-05,-0.5134715504547138,1,1.6561201,1.6025168
2022-05-05,-0.5134715504547138,3,1.6529664,1.6165819
2022-05-05,-0.5134715504547138,5,1.6940029,1.5844553
2022-05-05,-0.5134715504547138,10,1.7416316,1.5932274
2022-05-05,-0.5134715504547138,21,1.4927936,1.562581
2022-05-06,-1.6605539989355655,1,1.6568012,1.6396538
2022-05-06,-1.6605539989355655,3,1.6939713,1.652587
2022-05-06,-1.6605539989355655,5,1.7077832,1.6231159
2022-05-06,-1.6605539989355655,10,1.7288593,1.6361036
2022-05-06,-1.6605539989355655,21,1.4922981,1.535891
2022-05-09,-3.0781816492010172,1,1.6529664,1.7207012
2022-05-09,-3.0781816492010172,3,1.6940029,1.7130067
2022-05-09,-3.0781816492010172,5,1.7023224,1.6738969
2022-05-09,-3.0781816492010172,10,1.7385738,1.6449656
2022-05-09,-3.0781816492010172,21,1.3122113,1.5167898
2022-05-10,0.48359393550043706,1,1.6939713,1.7884902
2022-05-10,0.48359393550043706,3,1.7077832,1.7858518
2022-05-10,0.48359393550043706,5,1.733754,1.7467645
2022-05-10,0.48359393550043706,10,1.7396917,1.7279067
2022-05-10,0.48359393550043706,21,1.283373,1.623974
2022-05-11,2.2631561196912564,1,1.6940029,1.7460351
2022-05-11,2.2631561196912564,3,1.7023224,1.730005
2022-05-11,2.2631561196912564,5,1.7331173,1.6968571
2022-05-11,2.2631561196912564,10,1.7027129,1.6782029
2022-05-11,2.2631561196912564,21,1.2824899,1.5284967
2022-05-12,-1.0930448926457004,1,1.7077832,1.7244276
2022-05-12,-1.0930448926457004,3,1.733754,1.7147856
2022-05-12,-1.0930448926457004,5,1.7416316,1.6880573
2022-05-12,-1.0930448926457004,10,1.6649421,1.6792779
2022-05-12,-1.0930448926457004,21,1.2810241,1.6034123
2022-05-13,2.41305625056798,1,1.7023224,1.7771767
2022-05-13,2.41305625056798,3,1.7331173,1.7660162
2022-05-13,2.41305625056798,5,1.7288593,1.7302344
2022-05-13,2.41305625056798,10,1.6695607,1.6307607
2022-05-13,2.41305625056798,21,1.2931527,1.4986845
2022-05-16,-0.10899363631429182,1,1.733754,1.9161886
2022-05-16,-0.10899363631429182,3,1.7416316,1.880554
2022-05-16,-0.10899363631429182,5,1.7385738,1.8408123
2022-05-16,-0.10899363631429182,10,1.6336112,1.7881293
2022-05-16,-0.10899363631429182,21,1.2396427,1.545363
2022-05-17,1.3229790492577997,1,1.7331173,1.7820628
2022-05-17,1.3229790492577997,3,1.7288593,1.7541058
2022-05-17,1.3229790492577997,5,1.7396917,1.7186466
2022-05-17,1.3229790492577997,10,1.6370399,1.681021
2022-05-17,1.3229790492577997,21,1.2884505,1.5199243
2022-05-18,-1.0029418233758136,1,1.7416316,1.6858934
2022-05-18,-1.0029418233758136,3,1.7385738,1.6538584
2022-05-18,-1.0029418233758136,5,1.7027129,1.6115037
2022-05-18,-1.0029418233758136,10,1.6140974,1.5731089
2022-05-18,-1.0029418233758136,21,1.2841743,1.4464432
2022-05-19,-1.5293825109170989,1,1.7288593,1.7272764
2022-05-19,-1.5293825109170989,3,1.7396917,1.708518
2022-05-19,-1.5293825109170989,5,1.6649421,1.652358
2022-05-19,-1.5293825109170989,10,1.4895203,1.5950155
2022-05-19,-1.5293825109170989,21,1.300298,1.4372863
2022-05-20,0.38558528134551295,1,1.7385738,1.7851442
2022-05-20,0.38558528134551295,3,1.7027129,1.7844605
2022-05-20,0.38558528134551295,5,1.6695607,1.72496
2022-05-20,0.38558528134551295,10,1.4927936,1.649725
2022-05-20,0.38558528134551295,21,1.3447477,1.572496
2022-05-23,1.2269381499810272,1,1.7396917,1.6360761
2022-05-23,1.2269381499810272,3,1.6649421,1.6240196
2022-05-23,1.2269381499810272,5,1.6336112,1.5745778
2022-05-23,1.2269381499810272,10,1.4922981,1.5220315
2022-05-23,1.2269381499810272,21,1.3401891,1.3926016
2022-05-24,-1.6777691926667337,1,1.7027129,1.6543742
2022-05-24,-1.6777691926667337,3,1.6695607,1.6376228
2022-05-24,-1.6777691926667337,5,1.6370399,1.5872086
2022-05-24,-1.6777691926667337,10,1.3122113,1.525114
2022-05-24,-1.6777691926667337,21,1.346322,1.4100384
2022-05-25,0.9651290477216357,1,1.6649421,1.5786215
2022-05-25,0.9651290477216357,3,1.6336112,1.5644443
2022-05-25,0.9651290477216357,5,1.6140974,1.521612
2022-05-25,0.9651290477216357,10,1.283373,1.4716594
2022-05-25,0.9651290477216357,21,1.3492354,1.347339
2022-05-26,1.5051730500519334,1,1.6695607,1.4673078
2022-05-26,1.5051730500519334,3,1.6370399,1.4551615
2022-05-26,1.5051730500519334,5,1.4895203,1.4171237
2022-05-26,1.5051730500519334,10,1.2824899,1.3827884
2022-05-26,1.5051730500519334,21,1.3548704,1.2661475
2022-05-27,1.4096328415381443,1,1.6336112,1.6042527
2022-05-27,1.4096328415381443,3,1.6140974,1.5994918
2022-05-27,1.4096328415381443,5,1.4927936,1.5395364
2022-05-27,1.4096328415381443,10,1.2810241,1.5182643
2022-05-27,1.4096328415381443,21,1.3183352,1.4338202
2022-05-30,0.709023735615677,1,1.6370399,1.6727072
2022-05-30,0.709023735615677,3,1.4895203,1.63464
2022-05-30,0.709023735615677,5,1.4922981,1.5810503
2022-05-30,0.709023735615677,10,1.2931527,1.5701454
2022-05-30,0.709023735615677,21,1.3808609,1.4801193
2022-05-31,-0.7049992506485303,1,1.6140974,1.6862353
2022-05-31,-0.7049992506485303,3,1.4927936,1.6597424
2022-05-31,-0.7049992506485303,5,1.3122113,1.6012561
2022-05-31,-0.7049992506485303,10,1.2396427,1.5703201
2022-05-31,-0.7049992506485303,21,1.3758806,1.4997874
2022-06-01,-1.0843986753362067,1,1.4895203,1.3587456
2022-06-01,-1.0843986753362067,3,1.4922981,1.362928
2022-06-01,-1.0843986753362067,5,1.283373,1.3241428
2022-06-01,-1.0843986753362067,10,1.2884505,1.3223245
2022-06-01,-1.0843986753362067,21,1.3784796,1.3262622
2022-06-02,0.6892273101782642,1,1.4927936,1.4431348
2022-06-02,0.6892273101782642,3,1.3122113,1.4449718
2022-06-02,0.6892273101782642,5,1.2824899,1.3959979
2022-06-02,0.6892273101782642,10,1.2841743,1.3905616
2022-06-02,0.6892273101782642,21,1.3714011,1.3617564
2022-06-03,-0.18845725455918227,1,1.4922981,1.346941
2022-06-03,-0.18845725455918227,3,1.283373,1.3533195
2022-06-03,-0.18845725455918227,5,1.2810241,1.3118287
2022-06-03,-0.18845725455918227,10,1.300298,1.3210781
2022-06-03,-0.18845725455918227,21,1.3817793,1.3210137
2022-06-06,1.159069310976335,1,1.3122113,1.3631037
2022-06-06,1.159069310976335,3,1.2824899,1.3508685
2022-06-06,1.159069310976335,5,1.2931527,1.3145138
2022-06-06,1.159069310976335,10,1.3447477,1.3144927
2022-06-06,1.159069310976335,21,1.3553197,1.2852448
2022-06-07,-0.548883151779922,1,1.283373,1.261511
2022-06-07,-0.548883151779922,3,1.2810241,1.2622135
2022-06-07,-0.548883151779922,5,1.2396427,1.2425373
2022-06-07,-0.548883151779922,10,1.3401891,1.2615173
2022-06-07,-0.548883151779922,21,1.3574373,1.2649117
2022-06-08,-0.2796100176674088,1,1.2824899,1.277016
2022-06-08,-0.2796100176674088,3,1.2931527,1.2863815
2022-06-08,-0.2796100176674088,5,1.2884505,1.2561425
2022-06-08,-0.2796100176674088,10,1.346322,1.271147
2022-06-08,-0.2796100176674088,21,1.3797925,1.2746859
2022-06-09,-1.3501752667431255,1,1.2810241,1.3151361
2022-06-09,-1.3501752667431255,3,1.2396427,1.3139775
2022-06-09,-1.3501752667431255,5,1.2841743,1.2877765
2022-06-09,-1.3501752667431255,10,1.3492354,1.2883813
2022-06-09,-1.3501752667431255,21,1.3992571,1.2565302
2022-06-10,-2.6521037922214497,1,1.2931527,1.2920403
2022-06-10,-2.6521037922214497,3,1.2884505,1.3101916
2022-06-10,-2.6521037922214497,5,1.300298,1.2920972
2022-06-10,-2.6521037922214497,10,1.3548704,1.3286676
2022-06-10,-2.6521037922214497,21,1.4309934,1.3413051
2022-06-13,-2.915280736695358,1,1.2396427,1.4133145
2022-06-13,-2.915280736695358,3,1.2841743,1.4610991
2022-06-13,-2.915280736695358,5,1.3447477,1.4793344
2022-06-13,-2.915280736695358,10,1.3183352,1.6004181
2022-06-13,-2.915280736695358,21,1.4323744,1.7521172
2022-06-14,-0.854520496796507,1,1.2884505,1.2749095
2022-06-14,-0.854520496796507,3,1.300298,1.3202764
2022-06-14,-0.854520496796507,5,1.3401891,1.3505113
2022-06-14,-0.854520496796507,10,1.3808609,1.4503608
2022-06-14,-0.854520496796507,21,1.430848,1.5825286
2022-06-15,1.4330676418973454,1,1.2841743,1.2944778
2022-06-15,1.4330676418973454,3,1.3447477,1.3376551
2022-06-15,1.4330676418973454,5,1.346322,1.366427
2022-06-15,1.4330676418973454,10,1.3758806,1.4950714
2022-06-15,1.4330676418973454,21,1.4315493,1.6930298
2022-06-16,-3.105782748493091,1,1.300298,1.3092992
2022-06-16,-3.105782748493091,3,1.3401891,1.3595392
2022-06-16,-3.105782748493091,5,1.3492354,1.3888743
2022-06-16,-3.105782748493091,10,1.3784796,1.4933574
2022-06-16,-3.105782748493091,21,1.4201547,1.6342834
2022-06-17,0.03280796287548071,1,1.3447477,1.4240569
2022-06-17,0.03280796287548071,3,1.346322,1.4643946
2022-06-17,0.03280796287548071,5,1.3548704,1.4854478
2022-06-17,0.03280796287548071,10,1.3714011,1.5976038
2022-06-17,0.03280796287548071,21,1.4238037,1.7223674
2022-06-20,0.8149615773877628,1,1.3401891,1.4133657
2022-06-20,0.8149615773877628,3,1.3492354,1.4477303
2022-06-20,0.8149615773877628,5,1.3183352,1.4685153
2022-06-20,0.8149615773877628,10,1.3817793,1.5885789
2022-06-20,0.8149615773877628,21,1.4267124,1.7307084
2022-06-21,0.5891911306102671,1,1.346322,1.4487206
2022-06-21,0.5891911306102671,3,1.3548704,1.4849449
2022-06-21,0.5891911306102671,5,1.3808609,1.5079236
2022-06-21,0.5891911306102671,10,1.3553197,1.6171288
2022-06-21,0.5891911306102671,21,1.4112786,1.8057139
2022-06-22,-1.155340193915233,1,1.3492354,1.4281384
2022-06-22,-1.155340193915233,3,1.3183352,1.4587564
2022-06-22,-1.155340193915233,5,1.3758806,1.4561317
2022-06-22,-1.155340193915233,10,1.3574373,1.5244372
2022-06-22,-1.155340193915233,21,1.4243081,1.6133019
2022-06-23,-0.6280903875286903,1,1.3548704,1.3627867
2022-06-23,-0.6280903875286903,3,1.3808609,1.3919177
2022-06-23,-0.6280903875286903,5,1.3784796,1.3819026
2022-06-23,-0.6280903875286903,10,1.3797925,1.4278731
2022-06-23,-0.6280903875286903,21,1.4233725,1.4995776
2022-06-24,2.9800089727855195,1,1.3183352,1.3411852
2022-06-24,2.9800089727855195,3,1.3758806,1.3486631
2022-06-24,2.9800089727855195,5,1.3714011,1.339244
2022-06-24,2.9800089727855195,10,1.3992571,1.4038038
2022-06-24,2.9800089727855195,21,1.4196721,1.4619418
2022-06-27,0.5856632994058586,1,1.3808609,1.4621385
2022-06-27,0.5856632994058586,3,1.3784796,1.4906974
2022-06-27,0.5856632994058586,5,1.3817793,1.4810101
2022-06-27,0.5856632994058586,10,1.4309934,1.5397093
2022-06-27,0.5856632994058586,21,1.4172021,1.6236153
2022-06-28,0.7093836572418688,1,1.3758806,1.5262755
2022-06-28,0.7093836572418688,3,1.3714011,1.5495977
2022-06-28,0.7093836572418688,5,1.3553197,1.5378765
2022-06-28,0.7093836572418688,10,1.4323744,1.5989401
2022-06-28,0.7093836572418688,21,1.3984814,1.6583203
2022-06-29,-0.6372744601951474,1,1.3784796,1.5169995
2022-06-29,-0.6372744601951474,3,1.3817793,1.5038033
2022-06-29,-0.6372744601951474,5,1.3574373,1.5135823
2022-06-29,-0.6372744601951474,10,1.430848,1.5771039
2022-06-29,-0.6372744601951474,21,1.3900433,1.646596
2022-06-30,-1.6735561278846234,1,1.3714011,1.4255469
2022-06-30,-1.6735561278846234,3,1.3553197,1.4334599
2022-06-30,-1.6735561278846234,5,1.3797925,1.4195381
2022-06-30,-1.6735561278846234,10,1.4315493,1.4722102
2022-06-30,-1.6735561278846234,21,1.3903553,1.4834191
2022-07-01,0.04623793424984868,1,1.3817793,1.4459646
2022-07-01,0.04623793424984868,3,1.3574373,1.42922
2022-07-01,0.04623793424984868,5,1.3992571,1.4184023
2022-07-01,0.04623793424984868,10,1.4201547,1.4578598
2022-07-01,0.04623793424984868,21,1.3972455,1.4185579
2022-07-04,0.6572279349328802,1,1.3553197,1.4826486
2022-07-04,0.6572279349328802,3,1.3797925,1.5056878
2022-07-04,0.6572279349328802,5,1.4309934,1.5047637
2022-07-04,0.6572279349328802,10,1.4238037,1.5632863
2022-07-04,0.6572279349328802,21,1.3882979,1.6029398
2022-07-05,-2.6365486798204607,1,1.3574373,1.4382603
2022-07-05,-2.6365486798204607,3,1.3992571,1.4709101
2022-07-05,-2.6365486798204607,5,1.4323744,1.4737436
2022-07-05,-2.6365486798204607,10,1.4267124,1.5438426
2022-07-05,-2.6365486798204607,21,1.3270773,1.5878743
2022-07-06,1.6788287255242729,1,1.3797925,1.4227484
2022-07-06,1.6788287255242729,3,1.4309934,1.4504962
2022-07-06,1.6788287255242729,5,1.430848,1.4717717
2022-07-06,1.6788287255242729,10,1.4112786,1.6001441
2022-07-06,1.6788287255242729,21,1.3277501,1.7272278
2022-07-07,2.199469169769408,1,1.3992571,1.3863212
2022-07-07,2.199469169769408,3,1.4323744,1.4211593
2022-07-07,2.199469169769408,5,1.4315493,1.4238414
2022-07-07,2.199469169769408,10,1.4243081,1.5182414
2022-07-07,2.199469169769408,21,1.3045349,1.619021
2022-07-08,0.5164264602615098,1,1.4309934,1.4830167
2022-07-08,0.5164264602615098,3,1.430848,1.4986038
2022-07-08,0.5164264602615098,5,1.4201547,1.4926772
2022-07-08,0.5164264602615098,10,1.4233725,1.5839989
2022-07-08,0.5164264602615098,21,1.2954447,1.6280953
2022-07-11,-0.5806324695812215,1,1.4323744,1.5273738
2022-07-11,-0.5806324695812215,3,1.4315493,1.5487144
2022-07-11,-0.5806324695812215,5,1.4238037,1.554216
2022-07-11,-0.5806324695812215,10,1.4196721,1.6480219
2022-07-11,-0.5806324695812215,21,1.2635279,1.7333229
2022-07-12,0.406796445165547,1,1.430848,1.534945
2022-07-12,0.406796445165547,3,1.4201547,1.5666435
2022-07-12,0.406796445165547,5,1.4267124,1.5550332
2022-07-12,0.406796445165547,10,1.4172021,1.616003
2022-07-12,0.406796445165547,21,1.266587,1.6631992
2022-07-13,-0.6605993355094597,1,1.4315493,1.5013411
2022-07-13,-0.6605993355094597,3,1.4238037,1.528713
2022-07-13,-0.6605993355094597,5,1.4112786,1.5310038
2022-07-13,-0.6605993355094597,10,1.3984814,1.6295366
2022-07-13,-0.6605993355094597,21,1.2597463,1.7423638
2022-07-14,-1.3692449801209428,1,1.4201547,1.4778384
2022-07-14,-1.3692449801209428,3,1.4267124,1.4836166
2022-07-14,-1.3692449801209428,5,1.4243081,1.4662579
2022-07-14,-1.3692449801209428,10,1.3900433,1.4775944
2022-07-14,-1.3692449801209428,21,1.2543141,1.5332257
2022-07-15,1.7274686442787512,1,1.4238037,1.5124285
2022-07-15,1.7274686442787512,3,1.4112786,1.5333492
2022-07-15,1.7274686442787512,5,1.4233725,1.5171238
2022-07-15,1.7274686442787512,10,1.3903553,1.5608704
2022-07-15,1.7274686442787512,21,1.2380759,1.5765394
2022-07-18,1.3341348961720456,1,1.4267124,1.4159218
2022-07-18,1.3341348961720456,3,1.4243081,1.4142516
2022-07-18,1.3341348961720456,5,1.4196721,1.3954127
2022-07-18,1.3341348961720456,10,1.3972455,1.4273098
2022-07-18,1.3341348961720456,21,1.2375172,1.4172672
2022-07-19,1.5628589696381034,1,1.4112786,1.4577874
2022-07-19,1.5628589696381034,3,1.4233725,1.4855101
2022-07-19,1.5628589696381034,5,1.4172021,1.4683288
2022-07-19,1.5628589696381034,10,1.3882979,1.5068884
2022-07-19,1.5628589696381034,21,1.2288545,1.5444711
2022-07-20,0.17187627481849432,1,1.4243081,1.5125626
2022-07-20,0.17187627481849432,3,1.4196721,1.505842
2022-07-20,0.17187627481849432,5,1.3984814,1.4725581
2022-07-20,0.17187627481849432,10,1.3270773,1.4744396
2022-07-20,0.17187627481849432,21,1.2078555,1.4424419
2022-07-21,0.294077657852565,1,1.4233725,1.4686805
2022-07-21,0.294077657852565,3,1.4172021,1.4475911
2022-07-21,0.294077657852565,5,1.3900433,1.4183186
2022-07-21,0.294077657852565,10,1.3277501,1.3974204
2022-07-21,0.294077657852565,21,1.2086219,1.329909
2022-07-22,0.20575373834930133,1,1.4196721,1.4330816
2022-07-22,0.20575373834930133,3,1.3984814,1.418652
2022-07-22,0.20575373834930133,5,1.3903553,1.384832
2022-07-22,0.20575373834930133,10,1.3045349,1.3750784
2022-07-22,0.20575373834930133,21,1.1952395,1.3200608
2022-07-25,0.3469207087078985,1,1.4172021,1.5034357
2022-07-25,0.3469207087078985,3,1.3900433,1.4833645
2022-07-25,0.3469207087078985,5,1.3972455,1.4486784
2022-07-25,0.3469207087078985,10,1.2954447,1.4227104
2022-07-25,0.3469207087078985,21,1.1873182,1.3358725
2022-07-26,-0.17784222840386832,1,1.3984814,1.4547316
2022-07-26,-0.17784222840386832,3,1.3903553,1.449652
2022-07-26,-0.17784222840386832,5,1.3882979,1.4171067
2022-07-26,-0.17784222840386832,10,1.2635279,1.3807588
2022-07-26,-0.17784222840386832,21,1.1979485,1.3040519
2022-07-27,0.9203651248978595,1,1.3900433,1.5027076
2022-07-27,0.9203651248978595,3,1.3972455,1.5037057
2022-07-27,0.9203651248978595,5,1.3270773,1.4817661
2022-07-27,0.9203651248978595,10,1.266587,1.468512
2022-07-27,0.9203651248978595,21,1.1946868,1.3888539
2022-07-28,1.2076696519342178,1,1.3903553,1.4305831
2022-07-28,1.2076696519342178,3,1.3882979,1.4452978
2022-07-28,1.2076696519342178,5,1.3277501,1.4033654
2022-07-28,1.2076696519342178,10,1.2597463,1.4051206
2022-07-28,1.2076696519342178,21,1.1875986,1.3499807
2022-07-29,1.2482474789476505,1,1.3972455,1.4305604
2022-07-29,1.2482474789476505,3,1.3270773,1.4263585
2022-07-29,1.2482474789476505,5,1.3045349,1.3923882
2022-07-29,1.2482474789476505,10,1.2543141,1.3801484
2022-07-29,1.2482474789476505,21,1.1848476,1.3100852
2022-08-01,-0.24569056958219093,1,1.3882979,1.4731488
2022-08-01,-0.24569056958219093,3,1.3277501,1.4521255
2022-08-01,-0.24569056958219093,5,1.2954447,1.4031631
2022-08-01,-0.24569056958219093,10,1.2380759,1.389087
2022-08-01,-0.24569056958219093,21,1.2013093,1.3113033
2022-08-02,-0.3776880724992715,1,1.3270773,1.3731931
2022-08-02,-0.3776880724992715,3,1.3045349,1.3667796
2022-08-02,-0.3776880724992715,5,1.2635279,1.3408684
2022-08-02,-0.3776880724992715,10,1.2375172,1.3747997
2022-08-02,-0.3776880724992715,21,1.197873,1.3568718
2022-08-03,1.1081991752573295,1,1.3277501,1.2972885
2022-08-03,1.1081991752573295,3,1.2954447,1.3010249
2022-08-03,1.1081991752573295,5,1.266587,1.2729064
2022-08-03,1.1081991752573295,10,1.2288545,1.2915797
2022-08-03,1.1081991752573295,21,1.2007684,1.2914613
2022-08-04,0.061031916830245336,1,1.3045349,1.29769
2022-08-04,0.061031916830245336,3,1.2635279,1.295722
2022-08-04,0.061031916830245336,5,1.2597463,1.263322
2022-08-04,0.061031916830245336,10,1.2078555,1.2849252
2022-08-04,0.061031916830245336,21,1.2122885,1.3105234
2022-08-05,-0.6462892789063979,1,1.2954447,1.3360676
2022-08-05,-0.6462892789063979,3,1.266587,1.3234272
2022-08-05,-0.6462892789063979,5,1.2543141,1.2904727
2022-08-05,-0.6462892789063979,10,1.2086219,1.2896852
2022-08-05,-0.6462892789063979,21,1.2184513,1.28762
2022-08-08,0.7674500613966018,1,1.2635279,1.3326666
2022-08-08,0.7674500613966018,3,1.2597463,1.3384519
2022-08-08,0.7674500613966018,5,1.2380759,1.3123763
2022-08-08,0.7674500613966018,10,1.1952395,1.3370562
2022-08-08,0.7674500613966018,21,1.1959859,1.3799986
2022-08-09,-0.7012779557056703,1,1.266587,1.2481958
2022-08-09,-0.7012779557056703,3,1.2543141,1.2498403
2022-08-09,-0.7012779557056703,5,1.2375172,1.2291042
2022-08-09,-0.7012779557056703,10,1.1873182,1.2344973
2022-08-09,-0.7012779557056703,21,1.1369708,1.2355024
2022-08-10,0.5912098845231917,1,1.2597463,1.3116876
2022-08-10,0.5912098845231917,3,1.2380759,1.3058288
2022-08-10,0.5912098845231917,5,1.2288545,1.2753899
2022-08-10,0.5912098845231917,10,1.1979485,1.2574725
2022-08-10,0.5912098845231917,21,1.1316586,1.2258925
2022-08-11,0.488441990645061,1,1.2543141,1.3062061
2022-08-11,0.488441990645061,3,1.2375172,1.2874842
2022-08-11,0.488441990645061,5,1.2078555,1.2555205
2022-08-11,0.488441990645061,10,1.1946868,1.2356517
2022-08-11,0.488441990645061,21,1.1190841,1.1871309
2022-08-12,0.059902896046892806,1,1.2380759,1.258381
2022-08-12,0.059902896046892806,3,1.2288545,1.2267957
2022-08-12,0.059902896046892806,5,1.2086219,1.2157433
2022-08-12,0.059902896046892806,10,1.1875986,1.2244363
2022-08-12,0.059902896046892806,21,1.0428578,1.20692
2022-08-15,0.23768122568883499,1,1.2375172,1.180794
2022-08-15,0.23768122568883499,3,1.2078555,1.1683557
2022-08-15,0.23768122568883499,5,1.1952395,1.1403459
2022-08-15,0.23768122568883499,10,1.1848476,1.1505985
2022-08-15,0.23768122568883499,21,1.0573803,1.1208075
2022-08-16,0.3491993551155481,1,1.2288545,1.2666296
2022-08-16,0.3491993551155481,3,1.2086219,1.2454159
2022-08-16,0.3491993551155481,5,1.1873182,1.2105651
2022-08-16,0.3491993551155481,10,1.2013093,1.1841562
2022-08-16,0.3491993551155481,21,1.0726496,1.0987086
2022-08-17,-0.8369763707797517,1,1.2078555,1.2295996
2022-08-17,-0.8369763707797517,3,1.1952395,1.2165126
2022-08-17,-0.8369763707797517,5,1.1979485,1.1908906
2022-08-17,-0.8369763707797517,10,1.197873,1.1541829
2022-08-17,-0.8369763707797517,21,1.0906738,1.0597291
2022-08-18,0.4272298086184456,1,1.2086219,1.35263
2022-08-18,0.4272298086184456,3,1.1873182,1.3474519
2022-08-18,0.4272298086184456,5,1.1946868,1.3146594
2022-08-18,0.4272298086184456,10,1.2007684,1.2836895
2022-08-18,0.4272298086184456,21,1.0804586,1.1419832
2022-08-19,-0.8134620753133426,1,1.1952395,1.312852
2022-08-19,-0.8134620753133426,3,1.1979485,1.3115791
2022-08-19,-0.8134620753133426,5,1.1875986,1.2633375
2022-08-19,-0.8134620753133426,10,1.2122885,1.2250254
2022-08-19,-0.8134620753133426,21,1.0852576,1.0515058
2022-08-22,-1.4119272097881996,1,1.1873182,1.1877797
2022-08-22,-1.4119272097881996,3,1.1946868,1.1823046
2022-08-22,-1.4119272097881996,5,1.1848476,1.1503162
2022-08-22,-1.4119272097881996,10,1.2184513,1.1537447
2022-08-22,-1.4119272097881996,21,1.0346544,1.0725409
2022-08-23,0.15189082855755487,1,1.1979485,1.305803
2022-08-23,0.15189082855755487,3,1.1875986,1.2934107
2022-08-23,0.15189082855755487,5,1.2013093,1.2665639
2022-08-23,0.15189082855755487,10,1.1959859,1.2398582
2022-08-23,0.15189082855755487,21,1.0321168,1.1489643
2022-08-24,0.4630861939094899,1,1.1946868,1.2666305
2022-08-24,0.4630861939094899,3,1.1848476,1.2351503
2022-08-24,0.4630861939094899,5,1.197873,1.2023481
2022-08-24,0.4630861939094899,10,1.1369708,1.2168965
2022-08-24,0.4630861939094899,21,1.0381107,1.1386219
2022-08-25,0.24589260182086292,1,1.1875986,1.1801832
2022-08-25,0.24589260182086292,3,1.2013093,1.1605883
2022-08-25,0.24589260182086292,5,1.2007684,1.1291641
2022-08-25,0.24589260182086292,10,1.1316586,1.111835
2022-08-25,0.24589260182086292,21,1.0415562,1.021205
2022-08-26,-1.5371258531109433,1,1.1848476,1.1641763
2022-08-26,-1.5371258531109433,3,1.197873,1.158557
2022-08-26,-1.5371258531109433,5,1.2122885,1.1272506
2022-08-26,-1.5371258531109433,10,1.1190841,1.0932034
2022-08-26,-1.5371258531109433,21,1.0432305,1.006667
2022-08-29,-0.9617023383092338,1,1.2013093,1.2211813
2022-08-29,-0.9617023383092338,3,1.2007684,1.1975125
2022-08-29,-0.9617023383092338,5,1.2184513,1.1646707
2022-08-29,-0.9617023383092338,10,1.0428578,1.1425254
2022-08-29,-0.9617023383092338,21,1.1031849,1.0868075
2022-08-30,-0.8613063078471761,1,1.197873,1.2607961
2022-08-30,-0.8613063078471761,3,1.2122885,1.2469614
2022-08-30,-0.8613063078471761,5,1.1959859,1.2173921
2022-08-30,-0.8613063078471761,10,1.0573803,1.179553
2022-08-30,-0.8613063078471761,21,1.0994529,1.0701622
2022-08-31,-1.3616044579126019,1,1.2007684,1.2083175
2022-08-31,-1.3616044579126019,3,1.2184513,1.1810246
2022-08-31,-1.3616044579126019,5,1.1369708,1.1466144
2022-08-31,-1.3616044579126019,10,1.0726496,1.1403904
2022-08-31,-1.3616044579126019,21,1.046707,1.0876021
2022-09-01,-1.6613315912625382,1,1.2122885,1.2456383
2022-09-01,-1.6613315912625382,3,1.1959859,1.2258356
2022-09-01,-1.6613315912625382,5,1.1316586,1.1795021
2022-09-01,-1.6613315912625382,10,1.0906738,1.134567
2022-09-01,-1.6613315912625382,21,1.0234586,1.0179937
2022-09-02,1.8817725622939818,1,1.2184513,1.2277188
2022-09-02,1.8817725622939818,3,1.1369708,1.1827666
2022-09-02,1.8817725622939818,5,1.1190841,1.1501894
2022-09-02,1.8817725622939818,10,1.0804586,1.1103101
2022-09-02,1.8817725622939818,21,1.001226,0.99366045
2022-09-05,-0.6157778568742778,1,1.1959859,1.2228801
2022-09-05,-0.6157778568742778,3,1.1316586,1.1835912
2022-09-05,-0.6157778568742778,5,1.0428578,1.1444726
2022-09-05,-0.6157778568742778,10,1.0852576,1.1210682
2022-09-05,-0.6157778568742778,21,1.0109761,1.0598922
2022-09-06,-0.26723378677342424,1,1.1369708,1.1530274
2022-09-06,-0.26723378677342424,3,1.1190841,1.1476591
2022-09-06,-0.26723378677342424,5,1.0573803,1.1037625
2022-09-06,-0.26723378677342424,10,1.0346544,1.1015277
2022-09-06,-0.26723378677342424,21,1.0170637,1.1219307
2022-09-07,-0.43684026998604963,1,1.1316586,1.2081326
2022-09-07,-0.43684026998604963,3,1.0428578,1.2005155
2022-09-07,-0.43684026998604963,5,1.0726496,1.1656414
2022-09-07,-0.43684026998604963,10,1.0321168,1.1654096
2022-09-07,-0.43684026998604963,21,1.1282582,1.1675875
2022-09-08,0.40401709821553666,1,1.1190841,1.1760418
2022-09-08,0.40401709821553666,3,1.0573803,1.12726
2022-09-08,0.40401709821553666,5,1.0906738,1.1013905
2022-09-08,0.40401709821553666,10,1.0381107,1.0606915
2022-09-08,0.40401709821553666,21,1.1312332,0.9875251
2022-09-09,1.4532066529894472,1,1.0428578,1.0129507
2022-09-09,1.4532066529894472,3,1.0726496,1.0221304
2022-09-09,1.4532066529894472,5,1.0804586,1.0135435
2022-09-09,1.4532066529894472,10,1.0415562,1.0171722
2022-09-09,1.4532066529894472,21,1.1200827,1.0341415
2022-09-12,1.6790664172042113,1,1.0573803,1.0500598
2022-09-12,1.6790664172042113,3,1.0906738,1.0392904
2022-09-12,1.6790664172042113,5,1.0852576,1.0138217
2022-09-12,1.6790664172042113,10,1.0432305,0.9918341
2022-09-12,1.6790664172042113,21,1.1126214,0.919739
2022-09-13,-1.4958896169996017,1,1.0726496,1.0415703
2022-09-13,-1.4958896169996017,3,1.0804586,1.032186
2022-09-13,-1.4958896169996017,5,1.0346544,1.0024554
2022-09-13,-1.4958896169996017,10,1.1031849,0.99065274
2022-09-13,-1.4958896169996017,21,1.1002576,0.9594638
2022-09-14,-0.38996431882107885,1,1.0906738,1.053595
2022-09-14,-0.38996431882107885,3,1.0852576,1.0487571
2022-09-14,-0.38996431882107885,5,1.0321168,1.0230279
2022-09-14,-0.38996431882107885,10,1.0994529,1.0156233
2022-09-14,-0.38996431882107885,21,1.0806633,0.9722772
2022-09-15,-0.9740607982094751,1,1.0804586,1.0230837
2022-09-15,-0.9740607982094751,3,1.0346544,1.012939
2022-09-15,-0.9740607982094751,5,1.0381107,0.98724425
2022-09-15,-0.9740607982094751,10,1.046707,0.9907612
2022-09-15,-0.9740607982094751,21,1.081085,0.9797555
2022-09-16,-1.3828883580861984,1,1.0852576,1.0768404
2022-09-16,-1.3828883580861984,3,1.0321168,1.0815796
2022-09-16,-1.3828883580861984,5,1.0415562,1.0707996
2022-09-16,-1.3828883580861984,10,1.0234586,1.0708619
2022-09-16,-1.3828883580861984,21,1.0879431,1.0737528
2022-09-19,-0.05959881659904909,1,1.0346544,1.0059615
2022-09-19,-0.05959881659904909,3,1.0381107,1.0152422
2022-09-19,-0.05959881659904909,5,1.0432305,1.0034332
2022-09-19,-0.05959881659904909,10,1.001226,0.9988374
2022-09-19,-0.05959881659904909,21,1.0885874,1.0163822
2022-09-20,-1.1193683360567697,1,1.0321168,0.94067043
2022-09-20,-1.1193683360567697,3,1.0415562,0.93070984
2022-09-20,-1.1193683360567697,5,1.1031849,0.9151396
2022-09-20,-1.1193683360567697,10,1.0109761,0.8923432
2022-09-20,-1.1193683360567697,21,1.1119744,0.8679943
2022-09-21,0.9079319396894547,1,1.0381107,1.014612
2022-09-21,0.9079319396894547,3,1.0432305,1.013743
2022-09-21,0.9079319396894547,5,1.0994529,1.0098199
2022-09-21,0.9079319396894547,10,1.0170637,1.0167565
2022-09-21,0.9079319396894547,21,1.1132164,1.0097386
2022-09-22,-1.7346974073266352,1,1.0415562,0.9702597
2022-09-22,-1.7346974073266352,3,1.1031849,0.95812726
2022-09-22,-1.7346974073266352,5,1.046707,0.94745
2022-09-22,-1.7346974073266352,10,1.1282582,0.9533203
2022-09-22,-1.7346974073266352,21,1.1055689,0.97419727
2022-09-23,-2.7950079041795917,1,1.0432305,1.0922288
2022-09-23,-2.7950079041795917,3,1.0994529,1.0858846
2022-09-23,-2.7950079041795917,5,1.0234586,1.0570785
2022-09-23,-2.7950079041795917,10,1.1312332,1.09174
2022-09-23,-2.7950079041795917,21,1.1003696,1.1039697
2022-09-26,-0.06253070908108782,1,1.1031849,1.1308438
2022-09-26,-0.06253070908108782,3,1.046707,1.1324934
2022-09-26,-0.06253070908108782,5,1.001226,1.1149366
2022-09-26,-0.06253070908108782,10,1.1200827,1.1662743
2022-09-26,-0.06253070908108782,21,1.08657,1.1901208
2022-09-27,0.06253070908108782,1,1.0994529,1.2175573
2022-09-27,0.06253070908108782,3,1.0234586,1.2254637
2022-09-27,0.06253070908108782,5,1.0109761,1.2107805
2022-09-27,0.06253070908108782,10,1.1126214,1.2477136
2022-09-27,0.06253070908108782,21,1.0936171,1.2982043
2022-09-28,-0.044660801957085994,1,1.046707,1.0855527
2022-09-28,-0.044660801957085994,3,1.001226,1.1033218
2022-09-28,-0.044660801957085994,5,1.0170637,1.1017371
2022-09-28,-0.044660801957085994,10,1.1002576,1.1313391
2022-09-28,-0.044660801957085994,21,1.1195393,1.1658446
2022-09-29,-1.62757529902251,1,1.0234586,1.0880977
2022-09-29,-1.62757529902251,3,1.0109761,1.1116042
2022-09-29,-1.62757529902251,5,1.1282582,1.1201001
2022-09-29,-1.62757529902251,10,1.0806633,1.1562824
2022-09-29,-1.62757529902251,21,1.1105663,1.2391975
2022-09-30,1.1511451099705639,1,1.001226,1.0017705
2022-09-30,1.1511451099705639,3,1.0170637,1.0165447
2022-09-30,1.1511451099705639,5,1.1312332,1.0105888
2022-09-30,1.1511451099705639,10,1.081085,1.0222509
2022-09-30,1.1511451099705639,21,1.1108861,1.0936402
2022-10-03,0.9221431751011977,1,1.0109761,1.026787
2022-10-03,0.9221431751011977,3,1.1282582,1.0469062
2022-10-03,0.9221431751011977,5,1.1200827,1.0452212
2022-10-03,0.9221431751011977,10,1.0879431,1.0664523
2022-10-03,0.9221431751011977,21,1.1087353,1.1208853
2022-10-04,3.7738351442405005,1,1.0170637,0.9955625
2022-10-04,3.7738351442405005,3,1.1312332,1.0038745
2022-10-04,3.7738351442405005,5,1.1126214,0.99717623
2022-10-04,3.7738351442405005,10,1.0885874,1.0271068
2022-10-04,3.7738351442405005,21,1.1037567,1.0738306
2022-10-05,-0.9189532918759902,1,1.1282582,1.0967745
2022-10-05,-0.9189532918759902,3,1.1200827,1.1121736
2022-10-05,-0.9189532918759902,5,1.1002576,1.0999285
2022-10-05,-0.9189532918759902,10,1.1119744,1.1365876
2022-10-05,-0.9189532918759902,21,1.1085389,1.168055
2022-10-06,-0.6008367339908283,1,1.1312332,1.0857784
2022-10-06,-0.6008367339908283,3,1.1126214,1.098399
2022-10-06,-0.6008367339908283,5,1.0806633,1.0945156
2022-10-06,-0.6008367339908283,10,1.1132164,1.1424093
2022-10-06,-0.6008367339908283,21,1.1104873,1.185371
2022-10-07,-1.4646757454429782,1,1.1200827,1.1050553
2022-10-07,-1.4646757454429782,3,1.1002576,1.1297386
2022-10-07,-1.4646757454429782,5,1.081085,1.1412475
2022-10-07,-1.4646757454429782,10,1.1055689,1.2092912
2022-10-07,-1.4646757454429782,21,1.1102422,1.2418863
2022-10-10,-0.6382783785385371,1,1.1126214,1.1337174
2022-10-10,-0.6382783785385371,3,1.0806633,1.1720948
2022-10-10,-0.6382783785385371,5,1.0879431,1.1993049
2022-10-10,-0.6382783785385371,10,1.1003696,1.2874994
2022-10-10,-0.6382783785385371,21,1.1588844,1.377236
2022-10-11,-0.5592875665705321,1,1.1002576,1.0349735
2022-10-11,-0.5592875665705321,3,1.081085,1.0588971
2022-10-11,-0.5592875665705321,5,1.0885874,1.0864512
2022-10-11,-0.5592875665705321,10,1.08657,1.1810021
2022-10-11,-0.5592875665705321,21,1.1589161,1.2704737
2022-10-12,-0.5040725863893591,1,1.0806633,1.0128628
2022-10-12,-0.5040725863893591,3,1.0879431,1.0409142
2022-10-12,-0.5040725863893591,5,1.1119744,1.0514549
2022-10-12,-0.5040725863893591,10,1.0936171,1.1116581
2022-10-12,-0.5040725863893591,21,1.1591506,1.1578964
2022-10-13,0.9078218480779832,1,1.081085,1.0091915
2022-10-13,0.9078218480779832,3,1.0885874,1.0437777
2022-10-13,0.9078218480779832,5,1.1132164,1.070691
2022-10-13,0.9078218480779832,10,1.1195393,1.1336162
2022-10-13,0.9078218480779832,21,1.1567227,1.2242146
2022-10-14,0.3161552503312848,1,1.0879431,0.9720889
2022-10-14,0.3161552503312848,3,1.1119744,1.0067382
2022-10-14,0.3161552503312848,5,1.1055689,1.0218647
2022-10-14,0.3161552503312848,10,1.1105663,1.0800128
2022-10-14,0.3161552503312848,21,1.1956258,1.1549506
2022-10-17,1.7072641976919378,1,1.0885874,1.0798383
2022-10-17,1.7072641976919378,3,1.1132164,1.100685
2022-10-17,1.7072641976919378,5,1.1003696,1.1016706
2022-10-17,1.7072641976919378,10,1.1108861,1.1539955
2022-10-17,1.7072641976919378,21,1.1951991,1.2298096
2022-10-18,0.32373471607352045,1,1.1119744,1.0797377
2022-10-18,0.32373471607352045,3,1.1055689,1.1133986
2022-10-18,0.32373471607352045,5,1.08657,1.1230657
2022-10-18,0.32373471607352045,10,1.1087353,1.217432
2022-10-18,0.32373471607352045,21,1.1813732,1.3197232
2022-10-19,-0.23399352189485967,1,1.1132164,1.1523174
2022-10-19,-0.23399352189485967,3,1.1003696,1.1742821
2022-10-19,-0.23399352189485967,5,1.0936171,1.1863585
2022-10-19,-0.23399352189485967,10,1.1037567,1.2450793
2022-10-19,-0.23399352189485967,21,1.1849048,1.3102357
2022-10-20,0.9137233822359647,1,1.1055689,1.0390989
2022-10-20,0.9137233822359647,3,1.08657,1.0638378
2022-10-20,0.9137233822359647,5,1.1195393,1.0639924
2022-10-20,0.9137233822359647,10,1.1085389,1.1118705
2022-10-20,0.9137233822359647,21,1.1879345,1.1729312
2022-10-21,-0.4055502745956119,1,1.1003696,1.1032418
2022-10-21,-0.4055502745956119,3,1.0936171,1.1078641
2022-10-21,-0.4055502745956119,5,1.1105663,1.1025152
2022-10-21,-0.4055502745956119,10,1.1104873,1.1355536
2022-10-21,-0.4055502745956119,21,1.1888126,1.1827501
2022-10-24,0.8361029073330251,1,1.08657,1.0367244
2022-10-24,0.8361029073330251,3,1.1195393,1.0494101
2022-10-24,0.8361029073330251,5,1.1108861,1.0484235
2022-10-24,0.8361029073330251,10,1.1102422,1.0869389
2022-10-24,0.8361029073330251,21,1.1748961,1.1437489
2022-10-25,1.7714651620295285,1,1.0936171,1.0090251
2022-10-25,1.7714651620295285,3,1.1105663,1.0315808
2022-10-25,1.7714651620295285,5,1.1087353,1.0403551
2022-10-25,1.7714651620295285,10,1.1588844,1.0967646
2022-10-25,1.7714651620295285,21,1.168364,1.1612538
2022-10-26,0.3976550363752551,1,1.1195393,0.9654364
2022-10-26,0.3976550363752551,3,1.1108861,0.97183037
2022-10-26,0.3976550363752551,5,1.1037567,0.9700305
2022-10-26,0.3976550363752551,10,1.1589161,1.0125728
2022-10-26,0.3976550363752551,21,1.1654359,1.0750483
2022-10-27,0.16298552701075053,1,1.1105663,1.0192312
2022-10-27,0.16298552701075053,3,1.1087353,1.0314392
2022-10-27,0.16298552701075053,5,1.1085389,1.0313207
2022-10-27,0.16298552701075053,10,1.1591506,1.0706961
2022-10-27,0.16298552701075053,21,1.1519686,1.117858
2022-10-28,0.06042194843196569,1,1.1108861,1.0341245
2022-10-28,0.06042194843196569,3,1.1037567,1.0513024
2022-10-28,0.06042194843196569,5,1.1104873,1.0538048
2022-10-28,0.06042194843196569,10,1.1567227,1.0836744
2022-10-28,0.06042194843196569,21,1.1294084,1.1078758
2022-10-31,0.18104710492385934,1,1.1087353,1.1780919
2022-10-31,0.18104710492385934,3,1.1085389,1.1759632
2022-10-31,0.18104710492385934,5,1.1102422,1.1842548
2022-10-31,0.18104710492385934,10,1.1956258,1.2419758
2022-10-31,0.18104710492385934,21,1.106383,1.2466388
2022-11-01,0.9293940859976146,1,1.1037567,1.0814514
2022-11-01,0.9293940859976146,3,1.1104873,1.101411
2022-11-01,0.9293940859976146,5,1.1588844,1.1132419
2022-11-01,0.9293940859976146,10,1.1951991,1.1615312
2022-11-01,0.9293940859976146,21,1.1058893,1.1922818
2022-11-02,-0.921857565270745,1,1.1085389,1.0659682
2022-11-02,-0.921857565270745,3,1.1102422,1.0676553
2022-11-02,-0.921857565270745,5,1.1589161,1.0733788
2022-11-02,-0.921857565270745,10,1.1813732,1.1272116
2022-11-02,-0.921857565270745,21,1.1048083,1.1742797
2022-11-03,-0.6637118157444277,1,1.1104873,1.0308872
2022-11-03,-0.6637118157444277,3,1.1588844,1.040776
2022-11-03,-0.6637118157444277,5,1.1591506,1.0363283
2022-11-03,-0.6637118157444277,10,1.1849048,1.0608096
2022-11-03,-0.6637118157444277,21,1.1089894,1.0601425
2022-11-04,2.4866735625901804,1,1.1102422,1.0363097
2022-11-04,2.4866735625901804,3,1.1589161,1.0558062
2022-11-04,2.4866735625901804,5,1.1567227,1.0564655
2022-11-04,2.4866735625901804,10,1.1879345,1.095941
2022-11-04,2.4866735625901804,21,1.1092002,1.1288055
2022-11-07,0.24472579123475668,1,1.1588844,1.0888121
2022-11-07,0.24472579123475668,3,1.1591506,1.1048534
2022-11-07,0.24472579123475668,5,1.1956258,1.1054969
2022-11-07,0.24472579123475668,10,1.1888126,1.1302149
2022-11-07,0.24472579123475668,21,1.0969,1.161155
2022-11-08,0.3863979789936245,1,1.1589161,1.239726
2022-11-08,0.3863979789936245,3,1.1567227,1.2543883
2022-11-08,0.3863979789936245,5,1.1951991,1.235141
2022-11-08,0.3863979789936245,10,1.1748961,1.2458537
2022-11-08,0.3863979789936245,21,1.0813969,1.2348028
2022-11-09,-0.5719404976387565,1,1.1591506,1.1481372
2022-11-09,-0.5719404976387565,3,1.1956258,1.1734959
2022-11-09,-0.5719404976387565,5,1.1813732,1.1873358
2022-11-09,-0.5719404976387565,10,1.168364,1.2321236
2022-11-09,-0.5719404976387565,21,1.063612,1.3034885
2022-11-10,2.341468174960859,1,1.1567227,1.192839
2022-11-10,2.341468174960859,3,1.1951991,1.2103226
2022-11-10,2.341468174960859,5,1.1849048,1.1884397
2022-11-10,2.341468174960859,10,1.1654359,1.2012239
2022-11-10,2.341468174960859,21,1.0664102,1.1723951
2022-11-11,0.7318129954748009,1,1.1956258,1.164304
2022-11-11,0.7318129954748009,3,1.1813732,1.1710858
2022-11-11,0.7318129954748009,5,1.1879345,1.1597358
2022-11-11,0.7318129954748009,10,1.1519686,1.0606229
2022-11-11,0.7318129954748009,21,1.0574068,1.040891
2022-11-14,0.19743028687573272,1,1.1951991,1.1397716
2022-11-14,0.19743028687573272,3,1.1849048,1.1315529
2022-11-14,0.19743028687573272,5,1.1888126,1.1068965
2022-11-14,0.19743028687573272,10,1.1294084,1.0612307
2022-11-14,0.19743028687573272,21,1.0400969,1.0576202
2022-11-15,0.743226855732626,1,1.1813732,1.1087067
2022-11-15,0.743226855732626,3,1.1879345,1.1188462
2022-11-15,0.743226855732626,5,1.1748961,1.1143148
2022-11-15,0.743226855732626,10,1.106383,1.127192
2022-11-15,0.743226855732626,21,1.0424074,1.1498233
2022-11-16,-0.7750440977643436,1,1.1849048,1.147844
2022-11-16,-0.7750440977643436,3,1.1888126,1.1400807
2022-11-16,-0.7750440977643436,5,1.168364,1.1144141
2022-11-16,-0.7750440977643436,10,1.1058893,1.0897186
2022-11-16,-0.7750440977643436,21,1.0456688,1.0526996
2022-11-17,-0.4273306351466388,1,1.1879345,1.0825162
2022-11-17,-0.4273306351466388,3,1.1748961,1.0723361
2022-11-17,-0.4273306351466388,5,1.1654359,1.0521413
2022-11-17,-0.4273306351466388,10,1.1048083,1.0310209
2022-11-17,-0.4273306351466388,21,1.0426878,1.0034523
2022-11-18,0.6752370662411522,1,1.1888126,1.1832904
2022-11-18,0.6752370662411522,3,1.168364,1.1599505
2022-11-18,0.6752370662411522,5,1.1519686,1.1407392
2022-11-18,0.6752370662411522,10,1.1089894,1.088156
2022-11-18,0.6752370662411522,21,1.0897384,0.9959661
2022-11-21,-0.2502931323950186,1,1.1748961,1.0890353
2022-11-21,-0.2502931323950186,3,1.1654359,1.0944661
2022-11-21,-0.2502931323950186,5,1.1294084,1.0726997
2022-11-21,-0.2502931323950186,10,1.1092002,1.0713463
2022-11-21,-0.2502931323950186,21,1.0346278,1.0527103
2022-11-22,0.718996981594966,1,1.168364,1.1766331
2022-11-22,0.718996981594966,3,1.1519686,1.1648462
2022-11-22,0.718996981594966,5,1.106383,1.1423602
2022-11-22,0.718996981594966,10,1.0969,1.1242955
2022-11-22,0.718996981594966,21,1.0343202,1.0512488
2022-11-23,0.5655295040290831,1,1.1654359,1.0919529
2022-11-23,0.5655295040290831,3,1.1294084,1.0866375
2022-11-23,0.5655295040290831,5,1.1058893,1.0596119
2022-11-23,0.5655295040290831,10,1.0813969,1.0304642
2022-11-23,0.5655295040290831,21,1.0368288,0.98166037
2022-11-24,0.4201028218214553,1,1.1519686,1.1009786
2022-11-24,0.4201028218214553,3,1.106383,1.0802014
2022-11-24,0.4201028218214553,5,1.1048083,1.0607036
2022-11-24,0.4201028218214553,10,1.063612,1.0303807
2022-11-24,0.4201028218214553,21,1.0581484,0.9565275
2022-11-25,0.06958534453840315,1,1.1294084,1.0546044
2022-11-25,0.06958534453840315,3,1.1058893,1.0557598
2022-11-25,0.06958534453840315,5,1.1089894,1.030536
2022-11-25,0.06958534453840315,10,1.0664102,1.0054884
2022-11-25,0.06958534453840315,21,1.0424275,0.96533585
2022-11-28,-0.5690473257033979,1,1.106383,1.0445364
2022-11-28,-0.5690473257033979,3,1.1048083,1.0441781
2022-11-28,-0.5690473257033979,5,1.1092002,1.0256597
2022-11-28,-0.5690473257033979,10,1.0574068,1.0167758
2022-11-28,-0.5690473257033979,21,1.0360625,0.99162483
2022-11-29,0.0895691313535174,1,1.1058893,1.1117647
2022-11-29,0.0895691313535174,3,1.1089894,1.09304
2022-11-29,0.0895691313535174,5,1.0969,1.06376
2022-11-29,0.0895691313535174,10,1.0400969,1.0282817
2022-11-29,0.0895691313535174,21,1.0323168,0.95557016
2022-11-30,1.062402093450654,1,1.1048083,1.1207478
2022-11-30,1.062402093450654,3,1.1092002,1.1101024
2022-11-30,1.062402093450654,5,1.0813969,1.0816499
2022-11-30,1.062402093450654,10,1.0424074,1.0586636
2022-11-30,1.062402093450654,21,0.9262182,0.9909683
2022-12-01,0.4527665989491503,1,1.1089894,1.1256167
2022-12-01,0.4527665989491503,3,1.0969,1.1188387
2022-12-01,0.4527665989491503,5,1.063612,1.0991648
2022-12-01,0.4527665989491503,10,1.0456688,1.0801806
2022-12-01,0.4527665989491503,21,0.9228405,1.0286019
2022-12-02,-0.23543089286874874,1,1.1092002,1.1014833
2022-12-02,-0.23543089286874874,3,1.0813969,1.0934212
2022-12-02,-0.23543089286874874,5,1.0664102,1.0693843
2022-12-02,-0.23543089286874874,10,1.0426878,1.0409496
2022-12-02,-0.23543089286874874,21,0.9418851,0.9588474
2022-12-05,-0.6042737377551788,1,1.0969,1.042536
2022-12-05,-0.6042737377551788,3,1.063612,1.0209187
2022-12-05,-0.6042737377551788,5,1.0574068,0.9930725
2022-12-05,-0.6042737377551788,10,1.0897384,0.9539513
2022-12-05,-0.6042737377551788,21,0.93910843,0.8684492
2022-12-06,-0.3712145308511161,1,1.0813969,0.9478327
2022-12-06,-0.3712145308511161,3,1.0664102,0.9389505
2022-12-06,-0.3712145308511161,5,1.0400969,0.9241504
2022-12-06,-0.3712145308511161,10,1.0346278,0.9044492
2022-12-06,-0.3712145308511161,21,0.9337806,0.88561606
2022-12-07,-0.6764081237488284,1,1.063612,0.98768145
2022-12-07,-0.6764081237488284,3,1.0574068,0.9881278
2022-12-07,-0.6764081237488284,5,1.0424074,0.97840387
2022-12-07,-0.6764081237488284,10,1.0343202,0.98119205
2022-12-07,-0.6764081237488284,21,0.94886094,0.9834213
2022-12-08,0.07170690308875294,1,1.0664102,0.96638036
2022-12-08,0.07170690308875294,3,1.0400969,0.95987415
2022-12-08,0.07170690308875294,5,1.0456688,0.93614596
2022-12-08,0.07170690308875294,10,1.0368288,0.9225539
2022-12-08,0.07170690308875294,21,0.9462927,0.8942646
2022-12-09,0.40955474013717463,1,1.0574068,0.9024198
2022-12-09,0.40955474013717463,3,1.0424074,0.8876973
2022-12-09,0.40955474013717463,5,1.0426878,0.8701298
2022-12-09,0.40955474013717463,10,1.0581484,0.8497253
2022-12-09,0.40955474013717463,21,0.9552216,0.82593626
2022-12-12,-0.43791615934365424,1,1.0400969,1.0137526
2022-12-12,-0.43791615934365424,3,1.0456688,0.9827958
2022-12-12,-0.43791615934365424,5,1.0897384,0.9542809
2022-12-12,-0.43791615934365424,10,1.0424275,0.8999734
2022-12-12,-0.43791615934365424,21,0.9607483,0.80197835
2022-12-13,1.5752050378171845,1,1.0424074,0.99189717
2022-12-13,1.5752050378171845,3,1.0426878,0.96929455
2022-12-13,1.5752050378171845,5,1.0346278,0.9391795
2022-12-13,1.5752050378171845,10,1.0360625,0.8938794
2022-12-13,1.5752050378171845,21,0.94751894,0.8227458
2022-12-14,-0.2578361839695731,1,1.0456688,1.1114155
2022-12-14,-0.2578361839695731,3,1.0897384,1.0768687
2022-12-14,-0.2578361839695731,5,1.0343202,1.041775
2022-12-14,-0.2578361839695731,10,1.0323168,0.9930552
2022-12-14,-0.2578361839695731,21,0.9502776,0.89652884
2022-12-15,-2.945810590099285,1,1.0426878,0.9875173
2022-12-15,-2.945810590099285,3,1.0346278,0.9663418
2022-12-15,-2.945810590099285,5,1.0368288,0.9348531
2022-12-15,-2.945810590099285,10,0.9262182,0.8935846
2022-12-15,-2.945810590099285,21,0.9498397,0.82273173
2022-12-16,-1.1324036538516324,1,1.0897384,1.1802742
2022-12-16,-1.1324036538516324,3,1.0343202,1.1607735
2022-12-16,-1.1324036538516324,5,1.0581484,1.1327945
2022-12-16,-1.1324036538516324,10,0.9228405,1.1180458
2022-12-16,-1.1324036538516324,21,0.9471486,1.0611632
2022-12-19,0.28309383644291586,1,1.0346278,1.0163765
2022-12-19,0.28309383644291586,3,1.0368288,1.027865
2022-12-19,0.28309383644291586,5,1.0424275,1.0132741
2022-12-19,0.28309383644291586,10,0.9418851,1.0201526
2022-12-19,0.28309383644291586,21,0.94364905,1.029544
2022-12-20,-0.40304360160492436,1,1.0343202,0.9584993
2022-12-20,-0.40304360160492436,3,1.0581484,0.95817554
2022-12-20,-0.40304360160492436,5,1.0360625,0.94844544
2022-12-20,-0.40304360160492436,10,0.93910843,0.95087343
2022-12-20,-0.40304360160492436,21,0.9409218,0.9495785
2022-12-21,1.8281163361343111,1,1.0368288,1.0440767
2022-12-21,1.8281163361343111,3,1.0424275,1.037304
2022-12-21,1.8281163361343111,5,1.0323168,1.0124664
2022-12-21,1.8281163361343111,10,0.9337806,1.0069422
2022-12-21,1.8281163361343111,21,0.9196437,0.98844737
2022-12-22,-0.9641347332046912,1,1.0581484,0.96998125
2022-12-22,-0.9641347332046912,3,1.0360625,0.9643131
2022-12-22,-0.9641347332046912,5,0.9262182,0.9393541
2022-12-22,-0.9641347332046912,10,0.94886094,0.9379156
2022-12-22,-0.9641347332046912,21,0.95551383,0.93669844
2022-12-23,-0.16334153672517004,1,1.0424275,0.963675
2022-12-23,-0.16334153672517004,3,1.0323168,0.957361
2022-12-23,-0.16334153672517004,5,0.9228405,0.93582433
2022-12-23,-0.16334153672517004,10,0.9462927,0.9287625
2022-12-23,-0.16334153672517004,21,0.95689857,0.9155924
2022-12-27,0.47720516347631303,1,1.0360625,0.9643652
2022-12-27,0.47720516347631303,3,0.9262182,0.95383924
2022-12-27,0.47720516347631303,5,0.9418851,0.9327393
2022-12-27,0.47720516347631303,10,0.9552216,0.91568434
2022-12-27,0.47720516347631303,21,0.96005124,0.8936484
2022-12-28,-0.7392693296506714,1,1.0323168,0.90900075
2022-12-28,-0.7392693296506714,3,0.9228405,0.90127146
2022-12-28,-0.7392693296506714,5,0.93910843,0.88443834
2022-12-28,-0.7392693296506714,10,0.9607483,0.8790271
2022-12-28,-0.7392693296506714,21,0.9604222,0.8750205
2022-12-29,0.9458330014686211,1,0.9262182,1.0037591
2022-12-29,0.9458330014686211,3,0.9418851,1.0125206
2022-12-29,0.9458330014686211,5,0.9337806,1.0034095
2022-12-29,0.9458330014686211,10,0.94751894,1.0085971
2022-12-29,0.9458330014686211,21,0.9577634,1.0326474
2022-12-30,-1.5069385450608763,1,0.9228405,0.91189104
2022-12-30,-1.5069385450608763,3,0.93910843,0.906545
2022-12-30,-1.5069385450608763,5,0.94886094,0.8950775
2022-12-30,-1.5069385450608763,10,0.9502776,0.8902243
2022-12-30,-1.5069385450608763,21,0.94960785,0.88277483
2023-01-02,1.6444109923003936,1,0.9418851,0.97851366
2023-01-02,1.6444109923003936,3,0.9337806,0.985021
2023-01-02,1.6444109923003936,5,0.9462927,0.9743473
2023-01-02,1.6444109923003936,10,0.9498397,0.98616344
2023-01-02,1.6444109923003936,21,0.94320583,0.99662
2023-01-03,0.4256037794725387,1,0.93910843,0.9122752
2023-01-03,0.4256037794725387,3,0.94886094,0.92461574
2023-01-03,0.4256037794725387,5,0.9552216,0.9168668
2023-01-03,0.4256037794725387,10,0.9471486,0.94492394
2023-01-03,0.4256037794725387,21,0.89939725,0.9710471
2023-01-04,1.7142420837273242,1,0.9337806,0.8868151
2023-01-04,1.7142420837273242,3,0.9462927,0.8918929
2023-01-04,1.7142420837273242,5,0.9607483,0.8848031
2023-01-04,1.7142420837273242,10,0.94364905,0.9199923
2023-01-04,1.7142420837273242,21,0.89945924,0.9496326
2023-01-05,-0.26381418368668363,1,0.94886094,0.9249217
2023-01-05,-0.26381418368668363,3,0.9552216,0.9300654
2023-01-05,-0.26381418368668363,5,0.94751894,0.9198542
2023-01-05,-0.26381418368668363,10,0.9409218,0.9482679
2023-01-05,-0.26381418368668363,21,0.8989859,0.9649506
2023-01-06,1.4459170834102864,1,0.9462927,0.94899744
2023-01-06,1.4459170834102864,3,0.9607483,0.95412385
2023-01-06,1.4459170834102864,5,0.9502776,0.94871
2023-01-06,1.4459170834102864,10,0.9196437,0.9776721
2023-01-06,1.4459170834102864,21,0.90427965,1.0015044
2023-01-09,1.0414479046907843,1,0.9552216,0.96869326
2023-01-09,1.0414479046907843,3,0.94751894,0.96530944
2023-01-09,1.0414479046907843,5,0.9498397,0.94607335
2023-01-09,1.0414479046907843,10,0.95551383,0.9659994
2023-01-09,1.0414479046907843,21,0.8644496,0.97408694
2023-01-10,-0.5935645767648268,1,0.9607483,1.0164429
2023-01-10,-0.5935645767648268,3,0.9502776,1.024365
2023-01-10,-0.5935645767648268,5,0.9471486,1.0159934
2023-01-10,-0.5935645767648268,10,0.95689857,1.0506518
2023-01-10,-0.5935645767648268,21,0.8819656,1.0730406
2023-01-11,0.7837709200836152,1,0.94751894,1.007405
2023-01-11,0.7837709200836152,3,0.9498397,1.0305136
2023-01-11,0.7837709200836152,5,0.94364905,1.0265621
2023-01-11,0.7837709200836152,10,0.96005124,1.0677902
2023-01-11,0.7837709200836152,21,0.8820989,1.1146283
2023-01-12,0.6223202580368792,1,0.9502776,0.9453592
2023-01-12,0.6223202580368792,3,0.9471486,0.95382917
2023-01-12,0.6223202580368792,5,0.9409218,0.9521539
2023-01-12,0.6223202580368792,10,0.9604222,0.98562676
2023-01-12,0.6223202580368792,21,0.87832475,1.0093508
2023-01-13,0.63279148793427,1,0.9498397,1.0008811
2023-01-13,0.63279148793427,3,0.94364905,1.0043292
2023-01-13,0.63279148793427,5,0.9196437,0.99432784
2023-01-13,0.63279148793427,10,0.9577634,1.028595
2023-01-13,0.63279148793427,21,0.8782876,1.0485598
2023-01-16,0.14459358174185866,1,0.9471486,0.963949
2023-01-16,0.14459358174185866,3,0.9409218,0.95900404
2023-01-16,0.14459358174185866,5,0.95551383,0.9395446
2023-01-16,0.14459358174185866,10,0.94960785,0.9584294
2023-01-16,0.14459358174185866,21,0.8816001,0.9697645
2023-01-17,0.4699884772737306,1,0.94364905,0.9507677
2023-01-17,0.4699884772737306,3,0.9196437,0.9477855
2023-01-17,0.4699884772737306,5,0.95689857,0.9320182
2023-01-17,0.4699884772737306,10,0.94320583,0.92983246
2023-01-17,0.4699884772737306,21,0.88735086,0.9172119
2023-01-18,-0.010486812842547266,1,0.9409218,0.968131
2023-01-18,-0.010486812842547266,3,0.95551383,0.95739454
2023-01-18,-0.010486812842547266,5,0.96005124,0.9344549
2023-01-18,-0.010486812842547266,10,0.89939725,0.94108313
2023-01-18,-0.010486812842547266,21,0.8862484,0.92073387
2023-01-19,-1.840129939872437,1,0.9196437,0.8305287
2023-01-19,-1.840129939872437,3,0.95689857,0.82242984
2023-01-19,-1.840129939872437,5,0.9604222,0.8090465
2023-01-19,-1.840129939872437,10,0.89945924,0.8124406
2023-01-19,-1.840129939872437,21,0.88982344,0.82004094
2023-01-20,0.5637975681686669,1,0.95551383,0.96176
2023-01-20,0.5637975681686669,3,0.96005124,0.97419333
2023-01-20,0.5637975681686669,5,0.9577634,0.96726364
2023-01-20,0.5637975681686669,10,0.8989859,1.0056753
2023-01-20,0.5637975681686669,21,0.8894853,1.0496649
2023-01-23,0.7874770519672225,1,0.95689857,0.8976643
2023-01-23,0.7874770519672225,3,0.9604222,0.9044008
2023-01-23,0.7874770519672225,5,0.94960785,0.8852126
2023-01-23,0.7874770519672225,10,0.90427965,0.9035932
2023-01-23,0.7874770519672225,21,0.89345104,0.94007164
2023-01-24,-0.027856306810303266,1,0.96005124,0.95482093
2023-01-24,-0.027856306810303266,3,0.9577634,0.9649044
2023-01-24,-0.027856306810303266,5,0.94320583,0.9505812
2023-01-24,-0.027856306810303266,10,0.8644496,0.9686687
2023-01-24,-0.027856306810303266,21,0.8939192,0.9782354
2023-01-25,-0.35906139596484365,1,0.9604222,1.0287074
2023-01-25,-0.35906139596484365,3,0.94960785,1.0403345
2023-01-25,-0.35906139596484365,5,0.89939725,1.0240172
2023-01-25,-0.35906139596484365,10,0.8819656,1.057759
2023-01-25,-0.35906139596484365,21,0.8933467,1.0877835
2023-01-26,0.6755637482616095,1,0.9577634,0.9558117
2023-01-26,0.6755637482616095,3,0.94320583,0.962637
2023-01-26,0.6755637482616095,5,0.89945924,0.9523094
2023-01-26,0.6755637482616095,10,0.8820989,0.97598726
2023-01-26,0.6755637482616095,21,0.8943444,1.0018669
2023-01-27,0.16799289981204168,1,0.94960785,1.0257704
2023-01-27,0.16799289981204168,3,0.89939725,1.0228839
2023-01-27,0.16799289981204168,5,0.8989859,1.0026468
2023-01-27,0.16799289981204168,10,0.87832475,1.0285434
2023-01-27,0.16799289981204168,21,0.88573545,1.0219569
2023-01-30,-0.5500258071324815,1,0.94320583,0.9982737
2023-01-30,-0.5500258071324815,3,0.89945924,1.0036851
2023-01-30,-0.5500258071324815,5,0.90427965,0.9891353
2023-01-30,-0.5500258071324815,10,0.8782876,1.0074296
2023-01-30,-0.5500258071324815,21,0.91002244,1.0239773
2023-01-31,0.013561569546371999,1,0.89939725,0.92048466
2023-01-31,0.013561569546371999,3,0.8989859,0.9250088
2023-01-31,0.013561569546371999,5,0.8644496,0.9121303
2023-01-31,0.013561569546371999,10,0.8816001,0.94197243
2023-01-31,0.013561569546371999,21,0.9252359,0.9742552
2023-02-01,0.03766137945424575,1,0.89945924,0.9197984
2023-02-01,0.03766137945424575,3,0.90427965,0.93984556
2023-02-01,0.03766137945424575,5,0.8819656,0.9376288
2023-02-01,0.03766137945424575,10,0.88735086,0.9731409
2023-02-01,0.03766137945424575,21,0.9233694,1.0167389
2023-02-02,1.196991531228253,1,0.8989859,0.9410766
2023-02-02,1.196991531228253,3,0.8644496,0.960413
2023-02-02,1.196991531228253,5,0.8820989,0.95013106
2023-02-02,1.196991531228253,10,0.8862484,0.9745659
2023-02-02,1.196991531228253,21,0.92375463,1.0146774
2023-02-03,0.9022617599637073,1,0.90427965,0.9301382
2023-02-03,0.9022617599637073,3,0.8819656,0.9387456
2023-02-03,0.9022617599637073,5,0.87832475,0.92729175
2023-02-03,0.9022617599637073,10,0.88982344,0.9395989
2023-02-03,0.9022617599637073,21,0.9225323,0.9598582
2023-02-06,-1.3609490799062485,1,0.8644496,0.92002976
2023-02-06,-1.3609490799062485,3,0.8820989,0.93715787
2023-02-06,-1.3609490799062485,5,0.8782876,0.93083256
2023-02-06,-1.3609490799062485,10,0.8894853,0.9643864
2023-02-06,-1.3609490799062485,21,0.92661685,1.0081289
2023-02-07,-0.046358607081220526,1,0.8819656,0.93349373
2023-02-07,-0.046358607081220526,3,0.87832475,0.94358325
2023-02-07,-0.046358607081220526,5,0.8816001,0.92894435
2023-02-07,-0.046358607081220526,10,0.89345104,0.9419157
2023-02-07,-0.046358607081220526,21,0.9258648,0.9614542
2023-02-08,-0.04712835081903677,1,0.8820989,0.96463007
2023-02-08,-0.04712835081903677,3,0.8782876,0.9609346
2023-02-08,-0.04712835081903677,5,0.88735086,0.9411971
2023-02-08,-0.04712835081903677,10,0.8939192,0.97298956
2023-02-08,-0.04712835081903677,21,0.93021995,0.9915097
2023-02-09,0.9806153580961485,1,0.87832475,0.9251244
2023-02-09,0.9806153580961485,3,0.8816001,0.91481537
2023-02-09,0.9806153580961485,5,0.8862484,0.9010114
2023-02-09,0.9806153580961485,10,0.8933467,0.91022015
2023-02-09,0.9806153580961485,21,0.9105993,0.90655804
2023-02-10,-0.6869864417476279,1,0.8782876,0.89093316
2023-02-10,-0.6869864417476279,3,0.88735086,0.88794255
2023-02-10,-0.6869864417476279,5,0.88982344,0.87935394
2023-02-10,-0.6869864417476279,10,0.8943444,0.89897543
2023-02-10,-0.6869864417476279,21,0.9104942,0.9258557
2023-02-13,1.0774415067882792,1,0.8816001,0.9629714
2023-02-13,1.0774415067882792,3,0.8862484,0.97466767
2023-02-13,1.0774415067882792,5,0.8894853,0.97163945
2023-02-13,1.0774415067882792,10,0.88573545,0.99820644
2023-02-13,1.0774415067882792,21,0.83722246,1.0237627
2023-02-14,-0.02509706672748635,1,0.88735086,0.83807075
2023-02-14,-0.02509706672748635,3,0.88982344,0.8540107
2023-02-14,-0.02509706672748635,5,0.89345104,0.8420872
2023-02-14,-0.02509706672748635,10,0.91002244,0.86319613
2023-02-14,-0.02509706672748635,21,0.8925519,0.9006094
2023-02-15,0.9821897795140977,1,0.8862484,1.0219557
2023-02-15,0.9821897795140977,3,0.8894853,1.0338798
2023-02-15,0.9821897795140977,5,0.8939192,1.0143856
2023-02-15,0.9821897795140977,10,0.9252359,1.0369911
2023-02-15,0.9821897795140977,21,0.9130467,1.0475811
2023-02-16,0.5220497157388593,1,0.88982344,0.9345683
2023-02-16,0.5220497157388593,3,0.89345104,0.9431981
2023-02-16,0.5220497157388593,5,0.8933467,0.9345124
2023-02-16,0.5220497157388593,10,0.9233694,0.9571479
2023-02-16,0.5220497157388593,21,1.0107744,0.96063787
2023-02-17,-0.5973737772924537,1,0.8894853,0.9796508
2023-02-17,-0.5973737772924537,3,0.8939192,0.9808724
2023-02-17,-0.5973737772924537,5,0.8943444,0.9739689
2023-02-17,-0.5973737772924537,10,0.92375463,0.9893631
2023-02-17,-0.5973737772924537,21,1.0066632,0.990563
2023-02-20,-0.1178533265268733,1,0.89345104,0.94627106
2023-02-20,-0.1178533265268733,3,0.8933467,0.94367445
2023-02-20,-0.1178533265268733,5,0.88573545,0.9260561
2023-02-20,-0.1178533265268733,10,0.9225323,0.93838996
2023-02-20,-0.1178533265268733,21,1.0080817,0.9355654
2023-02-21,-0.5221253724027264,1,0.8939192,0.9311817
2023-02-21,-0.5221253724027264,3,0.8943444,0.91651845
2023-02-21,-0.5221253724027264,5,0.91002244,0.8949477
2023-02-21,-0.5221253724027264,10,0.92661685,0.888712
2023-02-21,-0.5221253724027264,21,1.0162399,0.86749995
2023-02-22,-0.22112650807653011,1,0.8933467,0.9669799
2023-02-22,-0.22112650807653011,3,0.88573545,0.96289194
2023-02-22,-0.22112650807653011,5,0.9252359,0.9365058
2023-02-22,-0.22112650807653011,10,0.9258648,0.9446028
2023-02-22,-0.22112650807653011,21,1.025061,0.9417203
2023-02-23,0.21081814061822968,1,0.8943444,0.85933304
2023-02-23,0.21081814061822968,3,0.91002244,0.84933037
2023-02-23,0.21081814061822968,5,0.9233694,0.8488564
2023-02-23,0.21081814061822968,10,0.93021995,0.85103565
2023-02-23,0.21081814061822968,21,1.0203195,0.83348715
2023-02-24,-1.5890844983284858,1,0.88573545,0.962036
2023-02-24,-1.5890844983284858,3,0.9252359,0.97606003
2023-02-24,-1.5890844983284858,5,0.92375463,0.96078485
2023-02-24,-1.5890844983284858,10,0.9105993,0.93933123
2023-02-24,-1.5890844983284858,21,1.0149206,0.86680156
2023-02-27,1.3989255330399075,1,0.91002244,0.9831757
2023-02-27,1.3989255330399075,3,0.9233694,0.99629575
2023-02-27,1.3989255330399075,5,0.9225323,0.97936374
2023-02-27,1.3989255330399075,10,0.9104942,1.0087055
2023-02-27,1.3989255330399075,21,1.0190185,1.0394318
2023-02-28,-0.4325186311564089,1,0.9252359,0.94725114
2023-02-28,-0.4325186311564089,3,0.92375463,0.94737434
2023-02-28,-0.4325186311564089,5,0.92661685,0.92323035
2023-02-28,-0.4325186311564089,10,0.83722246,0.9563461
2023-02-28,-0.4325186311564089,21,1.0017195,0.99301076
2023-03-01,-0.4157948402890632,1,0.9233694,1.0364656
2023-03-01,-0.4157948402890632,3,0.9225323,1.0193193
2023-03-01,-0.4157948402890632,5,0.9258648,0.99491936
2023-03-01,-0.4157948402890632,10,0.8925519,1.0026093
2023-03-01,-0.4157948402890632,21,1.0007364,1.0086006
2023-03-02,0.7774642371222384,1,0.92375463,0.9475273
2023-03-02,0.7774642371222384,3,0.92661685,0.9404436
2023-03-02,0.7774642371222384,5,0.93021995,0.92009795
2023-03-02,0.7774642371222384,10,0.9130467,0.9161424
2023-03-02,0.7774642371222384,21,0.9951982,0.915342
2023-03-03,0.7897796736285656,1,0.9225323,0.9440602
2023-03-03,0.7897796736285656,3,0.9258648,0.9341149
2023-03-03,0.7897796736285656,5,0.9105993,0.9055985
2023-03-03,0.7897796736285656,10,1.0107744,0.8866344
2023-03-03,0.7897796736285656,21,1.0006435,0.88709843
2023-03-06,0.1478488990356297,1,0.92661685,0.9597135
2023-03-06,0.1478488990356297,3,0.93021995,0.95567095
2023-03-06,0.1478488990356297,5,0.9104942,0.9186782
2023-03-06,0.1478488990356297,10,1.0066632,0.9038927
2023-03-06,0.1478488990356297,21,0.98852885,0.93973887
2023-03-07,-0.7746028987474673,1,0.9258648,0.9598957
2023-03-07,-0.7746028987474673,3,0.9105993,0.9563352
2023-03-07,-0.7746028987474673,5,0.83722246,0.93309575
2023-03-07,-0.7746028987474673,10,1.0080817,0.9316844
2023-03-07,-0.7746028987474673,21,0.9814478,0.9516551
2023-03-08,-0.026538104450501976,1,0.93021995,0.9315831
2023-03-08,-0.026538104450501976,3,0.9104942,0.91892374
2023-03-08,-0.026538104450501976,5,0.8925519,0.89790887
2023-03-08,-0.026538104450501976,10,1.0162399,0.8838938
2023-03-08,-0.026538104450501976,21,0.9780207,0.8923661
2023-03-09,-0.2406384721041377,1,0.9105993,0.90788954
2023-03-09,-0.2406384721041377,3,0.83722246,0.90544766
2023-03-09,-0.2406384721041377,5,0.9130467,0.8826069
2023-03-09,-0.2406384721041377,10,1.025061,0.8793345
2023-03-09,-0.2406384721041377,21,0.9759754,0.8957675
2023-03-10,-1.161848665753329,1,0.9104942,0.9868732
2023-03-10,-1.161848665753329,3,0.8925519,0.93935645
2023-03-10,-1.161848665753329,5,1.0107744,0.90996426
2023-03-10,-1.161848665753329,10,1.0203195,0.8880666
2023-03-10,-1.161848665753329,21,0.973256,0.8663511
2023-03-13,-2.593397133136488,1,0.83722246,0.8776439
2023-03-13,-2.593397133136488,3,0.9130467,0.8904859
2023-03-13,-2.593397133136488,5,1.0066632,0.86665994
2023-03-13,-2.593397133136488,10,1.0149206,0.8804058
2023-03-13,-2.593397133136488,21,0.97343546,0.91811454
2023-03-14,1.6023117219971184,1,0.8925519,0.96414804
2023-03-14,1.6023117219971184,3,1.0107744,0.981385
2023-03-14,1.6023117219971184,5,1.0080817,0.9674278
2023-03-14,1.6023117219971184,10,1.0190185,1.0105176
2023-03-14,1.6023117219971184,21,0.9744162,1.074376
2023-03-15,-3.306397161348773,1,0.9130467,0.8883085
2023-03-15,-3.306397161348773,3,1.0066632,0.90186346
2023-03-15,-3.306397161348773,5,1.0162399,0.89575106
2023-03-15,-3.306397161348773,10,1.0017195,0.9247062
2023-03-15,-3.306397161348773,21,0.9793109,0.9898155
2023-03-16,1.681063061498822,1,1.0107744,1.0876814
2023-03-16,1.681063061498822,3,1.0080817,1.1000684
2023-03-16,1.681063061498822,5,1.025061,1.0731064
2023-03-16,1.681063061498822,10,1.0007364,1.1068974
2023-03-16,1.681063061498822,21,0.98016804,1.1590986
2023-03-17,-1.0446336200941708,1,1.0066632,1.0729926
2023-03-17,-1.0446336200941708,3,1.0162399,1.0747646
2023-03-17,-1.0446336200941708,5,1.0203195,1.0509638
2023-03-17,-1.0446336200941708,10,0.9951982,1.071893
2023-03-17,-1.0446336200941708,21,0.9494012,1.1126794
2023-03-20,1.0929744932429486,1,1.0080817,1.0218612
2023-03-20,1.0929744932429486,3,1.025061,1.0427274
2023-03-20,1.0929744932429486,5,1.0149206,1.029781
2023-03-20,1.0929744932429486,10,1.0006435,1.0513225
2023-03-20,1.0929744932429486,21,0.94806695,1.0982589
2023-03-21,1.1971990087819684,1,1.0162399,1.0634906
2023-03-21,1.1971990087819684,3,1.0203195,1.0807666
2023-03-21,1.1971990087819684,5,1.0190185,1.0668982
2023-03-21,1.1971990087819684,10,0.98852885,1.0888922
2023-03-21,1.1971990087819684,21,0.9436527,1.137756
2023-03-22,0.4598056955310348,1,1.025061,0.9941907
2023-03-22,0.4598056955310348,3,1.0149206,0.98945
2023-03-22,0.4598056955310348,5,1.0017195,0.9687124
2023-03-22,0.4598056955310348,10,0.9814478,1.0041183
2023-03-22,0.4598056955310348,21,0.94368804,1.0824393
2023-03-23,0.31564660257146215,1,1.0203195,1.0347358
2023-03-23,0.31564660257146215,3,1.0190185,1.0412503
2023-03-23,0.31564660257146215,5,1.0007364,1.019819
2023-03-23,0.31564660257146215,10,0.9780207,1.0357094
2023-03-23,0.31564660257146215,21,0.9428261,1.0752419
2023-03-24,-1.655562739004779,1,1.0149206,0.9627046
2023-03-24,-1.655562739004779,3,1.0017195,0.96189797
2023-03-24,-1.655562739004779,5,0.9951982,0.9422637
2023-03-24,-1.655562739004779,10,0.9759754,0.98168445
2023-03-24,-1.655562739004779,21,0.93985724,1.0522044
2023-03-27,0.6516915535728529,1,1.0190185,1.079576
2023-03-27,0.6516915535728529,3,1.0007364,1.0951002
2023-03-27,0.6516915535728529,5,1.0006435,1.0849926
2023-03-27,0.6516915535728529,10,0.973256,1.115653
2023-03-27,0.6516915535728529,21,0.9447139,1.1749023
2023-03-28,0.10934190934248633,1,1.0017195,1.0221578
2023-03-28,0.10934190934248633,3,0.9951982,1.0256604
2023-03-28,0.10934190934248633,5,0.98852885,1.017204
2023-03-28,0.10934190934248633,10,0.97343546,1.0571209
2023-03-28,0.10934190934248633,21,0.9480474,1.1172608
2023-03-29,1.4974331307645805,1,1.0007364,1.0570921
2023-03-29,1.4974331307645805,3,1.0006435,1.0760392
2023-03-29,1.4974331307645805,5,0.9814478,1.0671762
2023-03-29,1.4974331307645805,10,0.9744162,1.0995437
2023-03-29,1.4974331307645805,21,0.94827497,1.1330618
2023-03-30,0.9642573131504406,1,0.9951982,0.98828095
2023-03-30,0.9642573131504406,3,0.98852885,0.97830725
2023-03-30,0.9642573131504406,5,0.9780207,0.9793785
2023-03-30,0.9642573131504406,10,0.9793109,1.003135
2023-03-30,0.9642573131504406,21,0.9488354,1.0259421
2023-03-31,0.7178749948033136,1,1.0006435,0.9769216
2023-03-31,0.7178749948033136,3,0.9814478,0.98864436
2023-03-31,0.7178749948033136,5,0.9759754,0.9755601
2023-03-31,0.7178749948033136,10,0.98016804,1.0084286
2023-03-31,0.7178749948033136,21,0.9560903,1.0603334
2023-04-03,0.3815510256751864,1,0.98852885,0.9670566
2023-04-03,0.3815510256751864,3,0.9780207,0.95594144
2023-04-03,0.3815510256751864,5,0.973256,0.9527773
2023-04-03,0.3815510256751864,10,0.9494012,0.95684433
2023-04-03,0.3815510256751864,21,0.9492638,0.9653298
2023-04-04,-0.1363106921797197,1,0.9814478,0.95535976
2023-04-04,-0.1363106921797197,3,0.9759754,0.96594644
2023-04-04,-0.1363106921797197,5,0.97343546,0.95687205
2023-04-04,-0.1363106921797197,10,0.94806695,0.9898312
2023-04-04,-0.1363106921797197,21,0.93401664,1.0569183
2023-04-05,-0.45129548198046265,1,0.9780207,1.0542189
2023-04-05,-0.45129548198046265,3,0.973256,1.0601871
2023-04-05,-0.45129548198046265,5,0.9744162,1.0376775
2023-04-05,-0.45129548198046265,10,0.9436527,1.0888593
2023-04-05,-0.45129548198046265,21,0.9498041,1.186392
2023-04-06,0.11926937884512157,1,0.9759754,0.97890925
2023-04-06,0.11926937884512157,3,0.97343546,0.9837137
2023-04-06,0.11926937884512157,5,0.9793109,0.9646516
2023-04-06,0.11926937884512157,10,0.94368804,0.9797614
2023-04-06,0.11926937884512157,21,0.9502982,1.0204084
2023-04-11,0.6505268574541923,1,0.973256,1.1489838
2023-04-11,0.6505268574541923,3,0.9744162,1.1609776
2023-04-11,0.6505268574541923,5,0.98016804,1.146033
2023-04-11,0.6505268574541923,10,0.9428261,1.1716757
2023-04-11,0.6505268574541923,21,0.9472455,1.1891289
2023-04-12,-0.3053012734792304,1,0.97343546,1.073846
2023-04-12,-0.3053012734792304,3,0.9793109,1.068138
2023-04-12,-0.3053012734792304,5,0.9494012,1.0372555
2023-04-12,-0.3053012734792304,10,0.93985724,1.0346408
2023-04-12,-0.3053012734792304,21,0.94329506,1.0351478
2023-04-13,0.914574874468066,1,0.9744162,1.0288131
2023-04-13,0.914574874468066,3,0.98016804,1.0270516
2023-04-13,0.914574874468066,5,0.94806695,1.004404
2023-04-13,0.914574874468066,10,0.9447139,1.0104315
2023-04-13,0.914574874468066,21,0.93329334,1.0140815
2023-04-14,0.37783374595896646,1,0.9793109,0.99025506
2023-04-14,0.37783374595896646,3,0.9494012,0.99748653
2023-04-14,0.37783374595896646,5,0.9436527,0.98325026
2023-04-14,0.37783374595896646,10,0.9480474,1.0420346
2023-04-14,0.37783374595896646,21,0.93492734,1.1102103
2023-04-17,-0.2275445744279736,1,0.98016804,0.9359266
2023-04-17,-0.2275445744279736,3,0.94806695,0.9350964
2023-04-17,-0.2275445744279736,5,0.94368804,0.923883
2023-04-17,-0.2275445744279736,10,0.94827497,0.95210505
2023-04-17,-0.2275445744279736,21,0.92675644,1.0136434
2023-04-18,0.3649797664442289,1,0.9494012,0.97716767
2023-04-18,0.3649797664442289,3,0.9436527,0.9906142
2023-04-18,0.3649797664442289,5,0.9428261,0.9845845
2023-04-18,0.3649797664442289,10,0.9488354,1.0128562
2023-04-18,0.3649797664442289,21,0.92471325,1.0297433
2023-04-19,-0.0151809241137002,1,0.94806695,0.9112014
2023-04-19,-0.0151809241137002,3,0.94368804,0.9127118
2023-04-19,-0.0151809241137002,5,0.93985724,0.9057544
2023-04-19,-0.0151809241137002,10,0.9560903,0.89328456
2023-04-19,-0.0151809241137002,21,0.9215596,0.8911542
2023-04-20,-0.04700318623509503,1,0.9436527,0.95989764
2023-04-20,-0.04700318623509503,3,0.9428261,0.96467406
2023-04-20,-0.04700318623509503,5,0.9447139,0.95544046
2023-04-20,-0.04700318623509503,10,0.9492638,0.9635739
2023-04-20,-0.04700318623509503,21,0.92418694,0.9800782
2023-04-21,0.3718053426391421,1,0.94368804,0.9682625
2023-04-21,0.3718053426391421,3,0.93985724,0.9802146
2023-04-21,0.3718053426391421,5,0.9480474,0.9734995
2023-04-21,0.3718053426391421,10,0.93401664,0.9966034
2023-04-21,0.3718053426391421,21,0.92318964,1.0498669
2023-04-24,-0.09444471180843905,1,0.9428261,0.9725506
2023-04-24,-0.09444471180843905,3,0.9447139,0.9821722
2023-04-24,-0.09444471180843905,5,0.94827497,0.9718551
2023-04-24,-0.09444471180843905,10,0.9498041,0.9947712
2023-04-24,-0.09444471180843905,21,0.92282176,1.0265983
2023-04-25,-0.689765226309369,1,0.93985724,0.95031625
2023-04-25,-0.689765226309369,3,0.9480474,0.9360163
2023-04-25,-0.689765226309369,5,0.9488354,0.9294215
2023-04-25,-0.689765226309369,10,0.9502982,0.92867464
2023-04-25,-0.689765226309369,21,0.93030065,0.92265314
2023-04-26,-0.8094435001181566,1,0.9447139,0.9258394
2023-04-26,-0.8094435001181566,3,0.94827497,0.9270162
2023-04-26,-0.8094435001181566,5,0.9560903,0.90040624
2023-04-26,-0.8094435001181566,10,0.9472455,0.8929263
2023-04-26,-0.8094435001181566,21,0.93121946,0.90571564
2023-04-27,0.21430120800998154,1,0.9480474,0.9051836
2023-04-27,0.21430120800998154,3,0.9488354,0.87849617
2023-04-27,0.21430120800998154,5,0.9492638,0.8652193
2023-04-27,0.21430120800998154,10,0.94329506,0.8652695
2023-04-27,0.21430120800998154,21,0.91405225,0.865868
2023-04-28,0.3063906686338491,1,0.94827497,0.9304753
2023-04-28,0.3063906686338491,3,0.9560903,0.9218215
2023-04-28,0.3063906686338491,5,0.93401664,0.88693136
2023-04-28,0.3063906686338491,10,0.93329334,0.89336413
2023-04-28,0.3063906686338491,21,0.9265487,0.91285634
2023-05-02,-1.443835332496679,1,0.9488354,0.9099149
2023-05-02,-1.443835332496679,3,0.9492638,0.9069364
2023-05-02,-1.443835332496679,5,0.9498041,0.89549565
2023-05-02,-1.443835332496679,10,0.93492734,0.92230767
2023-05-02,-1.443835332496679,21,0.9259145,0.9349494
2023-05-03,0.16022982003791597,1,0.9560903,0.96607965
2023-05-03,0.16022982003791597,3,0.93401664,0.9633154
2023-05-03,0.16022982003791597,5,0.9502982,0.9466041
2023-05-03,0.16022982003791597,10,0.92675644,0.96981615
2023-05-03,0.16022982003791597,21,0.9318633,0.98436683
2023-05-04,-0.37920692974759973,1,0.9492638,1.0647739
2023-05-04,-0.37920692974759973,3,0.9498041,1.0582979
2023-05-04,-0.37920692974759973,5,0.9472455,1.0412233
2023-05-04,-0.37920692974759973,10,0.92471325,1.0718416
2023-05-04,-0.37920692974759973,21,0.9445095,1.0499588
2023-05-05,1.3651888328142014,1,0.93401664,0.9138306
2023-05-05,1.3651888328142014,3,0.9502982,0.92015
2023-05-05,1.3651888328142014,5,0.94329506,0.9143576
2023-05-05,1.3651888328142014,10,0.9215596,0.937259
2023-05-05,1.3651888328142014,21,0.9498893,0.9608593
2023-05-08,0.2954384300070778,1,0.9498041,0.9757684
2023-05-08,0.2954384300070778,3,0.9472455,0.97853637
2023-05-08,0.2954384300070778,5,0.93329334,0.9585289
2023-05-08,0.2954384300070778,10,0.92418694,0.95970756
2023-05-08,0.2954384300070778,21,0.97141325,0.94106126
2023-05-09,-0.7141921532911155,1,0.9502982,0.94112486
2023-05-09,-0.7141921532911155,3,0.94329506,0.9384225
2023-05-09,-0.7141921532911155,5,0.93492734,0.93239045
2023-05-09,-0.7141921532911155,10,0.92318964,0.93852526
2023-05-09,-0.7141921532911155,21,0.97499985,0.93058395
2023-05-10,-0.20856596480038903,1,0.9472455,0.9400264
2023-05-10,-0.20856596480038903,3,0.93329334,0.9186941
2023-05-10,-0.20856596480038903,5,0.92675644,0.9006725
2023-05-10,-0.20856596480038903,10,0.92282176,0.8938438
2023-05-10,-0.20856596480038903,21,0.9746164,0.8804729
2023-05-11,0.04262981946885347,1,0.94329506,0.9617898
2023-05-11,0.04262981946885347,3,0.93492734,0.9548385
2023-05-11,0.04262981946885347,5,0.92471325,0.9270285
2023-05-11,0.04262981946885347,10,0.93030065,0.9198138
2023-05-11,0.04262981946885347,21,0.96307695,0.9298012
2023-05-12,0.44066662454547156,1,0.93329334,0.9307855
2023-05-12,0.44066662454547156,3,0.92675644,0.9209812
2023-05-12,0.44066662454547156,5,0.9215596,0.8980157
2023-05-12,0.44066662454547156,10,0.93121946,0.86587745
2023-05-12,0.44066662454547156,21,0.9018035,0.85094553
2023-05-15,0.1966094647709582,1,0.93492734,0.9825595
2023-05-15,0.1966094647709582,3,0.92471325,0.9666927
2023-05-15,0.1966094647709582,5,0.92418694,0.94018775
2023-05-15,0.1966094647709582,10,0.91405225,0.91091436
2023-05-15,0.1966094647709582,21,0.87914443,0.8722518
2023-05-16,-0.22807360871190951,1,0.92675644,0.9472986
2023-05-16,-0.22807360871190951,3,0.9215596,0.9176917
2023-05-16,-0.22807360871190951,5,0.92318964,0.8949631
2023-05-16,-0.22807360871190951,10,0.9265487,0.85962486
2023-05-16,-0.22807360871190951,21,0.76531786,0.8065082
2023-05-17,0.028537664422501052,1,0.92471325,1.0014118
2023-05-17,0.028537664422501052,3,0.92418694,0.9847009
2023-05-17,0.028537664422501052,5,0.92282176,0.96438324
2023-05-17,0.028537664422501052,10,0.9259145,0.9465855
2023-05-17,0.028537664422501052,21,0.7429459,0.9150383
2023-05-18,0.5588644674766385,1,0.9215596,0.9161676
2023-05-18,0.5588644674766385,3,0.92318964,0.88579035
2023-05-18,0.5588644674766385,5,0.93030065,0.8743319
2023-05-18,0.5588644674766385,10,0.9318633,0.85688674
2023-05-18,0.5588644674766385,21,0.73040855,0.79688334
2023-05-19,0.44644713710937367,1,0.92418694,0.8703735
2023-05-19,0.44644713710937367,3,0.92282176,0.84502715
2023-05-19,0.44644713710937367,5,0.93121946,0.82493806
2023-05-19,0.44644713710937367,10,0.9445095,0.7857215
2023-05-19,0.44644713710937367,21,0.7195816,0.7257876
2023-05-22,-0.11813264842208682,1,0.92318964,0.8289329
2023-05-22,-0.11813264842208682,3,0.93030065,0.7973562
2023-05-22,-0.11813264842208682,5,0.91405225,0.7908442
2023-05-22,-0.11813264842208682,10,0.9498893,0.7401406
2023-05-22,-0.11813264842208682,21,0.7101089,0.65194273
2023-05-23,-0.9120574905075784,1,0.92282176,0.9283326
2023-05-23,-0.9120574905075784,3,0.93121946,0.8965111
2023-05-23,-0.9120574905075784,5,0.9265487,0.8626326
2023-05-23,-0.9120574905075784,10,0.97141325,0.83936816
2023-05-23,-0.9120574905075784,21,0.7187711,0.78408575
2023-05-24,-1.620857552139654,1,0.93030065,0.96792734
2023-05-24,-1.620857552139654,3,0.91405225,0.9468523
2023-05-24,-1.620857552139654,5,0.9259145,0.92985964
2023-05-24,-1.620857552139654,10,0.97499985,0.913201
2023-05-24,-1.620857552139654,21,0.7226457,0.83322275
2023-05-25,-0.2643878730121507,1,0.93121946,1.0092666
2023-05-25,-0.2643878730121507,3,0.9265487,0.98898757
2023-05-25,-0.2643878730121507,5,0.9318633,0.9639788
2023-05-25,-0.2643878730121507,10,0.9746164,0.9669724
2023-05-25,-0.2643878730121507,21,0.690748,0.89645195
2023-05-26,1.2465330079924009,1,0.91405225,0.9529203
2023-05-26,1.2465330079924009,3,0.9259145,0.92200655
2023-05-26,1.2465330079924009,5,0.9445095,0.90839535
2023-05-26,1.2465330079924009,10,0.96307695,0.8975205
2023-05-26,1.2465330079924009,21,0.6894085,0.7799791
2023-05-29,-0.3231092086474874,1,0.9265487,0.9798535
2023-05-29,-0.3231092086474874,3,0.9318633,0.9717201
2023-05-29,-0.3231092086474874,5,0.9498893,0.9393129
2023-05-29,-0.3231092086474874,10,0.9018035,0.93928415
2023-05-29,-0.3231092086474874,21,0.6962609,0.9094984
2023-05-30,-1.133196597604158,1,0.9259145,1.0178128
2023-05-30,-1.133196597604158,3,0.9445095,0.99563277
2023-05-30,-1.133196597604158,5,0.97141325,0.97062665
2023-05-30,-1.133196597604158,10,0.87914443,0.9582636
2023-05-30,-1.133196597604158,21,0.6701458,0.92842615
2023-05-31,-1.4922391293730186,1,0.9318633,0.95603627
2023-05-31,-1.4922391293730186,3,0.9498893,0.9403967
2023-05-31,-1.4922391293730186,5,0.97499985,0.9045602
2023-05-31,-1.4922391293730186,10,0.76531786,0.8887169
2023-05-31,-1.4922391293730186,21,0.6610249,0.8785164
2023-06-01,0.7541730435982608,1,0.9445095,0.9271937
2023-06-01,0.7541730435982608,3,0.97141325,0.8952162
2023-06-01,0.7541730435982608,5,0.9746164,0.86999255
2023-06-01,0.7541730435982608,10,0.7429459,0.85160667
2023-06-01,0.7541730435982608,21,0.6650206,0.815671
2023-06-02,1.7159762596990369,1,0.9498893,0.9516731
2023-06-02,1.7159762596990369,3,0.97499985,0.9313047
2023-06-02,1.7159762596990369,5,0.96307695,0.9049315
2023-06-02,1.7159762596990369,10,0.73040855,0.89494544
2023-06-02,1.7159762596990369,21,0.66456425,0.9014215
2023-06-05,-0.6593185705794369,1,0.97141325,1.000287
2023-06-05,-0.6593185705794369,3,0.9746164,0.9790393
2023-06-05,-0.6593185705794369,5,0.9018035,0.9428533
2023-06-05,-0.6593185705794369,10,0.7195816,0.8905552
2023-06-05,-0.6593185705794369,21,0.6748384,0.85442406
2023-06-06,0.06404337295542462,1,0.97499985,0.9885565
2023-06-06,0.06404337295542462,3,0.96307695,0.9602187
2023-06-06,0.06404337295542462,5,0.87914443,0.93700767
2023-06-06,0.06404337295542462,10,0.7101089,0.8961027
2023-06-06,0.06404337295542462,21,0.6724375,0.85443556
2023-06-07,0.05879441845673128,1,0.9746164,0.9845914
2023-06-07,0.05879441845673128,3,0.9018035,0.9489825
2023-06-07,0.05879441845673128,5,0.76531786,0.9293732
2023-06-07,0.05879441845673128,10,0.7187711,0.8963187
2023-06-07,0.05879441845673128,21,0.67233527,0.8760044
2023-06-08,0.21775895340576668,1,0.96307695,0.97863764
2023-06-08,0.21775895340576668,3,0.87914443,0.94069123
2023-06-08,0.21775895340576668,5,0.7429459,0.90990096
2023-06-08,0.21775895340576668,10,0.7226457,0.8863602
2023-06-08,0.21775895340576668,21,0.6764636,0.85144573
2023-06-09,-0.08764112266259616,1,0.9018035,0.91377085
2023-06-09,-0.08764112266259616,3,0.76531786,0.87969524
2023-06-09,-0.08764112266259616,5,0.73040855,0.85579586
2023-06-09,-0.08764112266259616,10,0.690748,0.83122265
2023-06-09,-0.08764112266259616,21,0.76532656,0.8198481
2023-06-12,0.3464022541926681,1,0.87914443,0.90977675
2023-06-12,0.3464022541926681,3,0.7429459,0.8732213
2023-06-12,0.3464022541926681,5,0.7195816,0.8556339
2023-06-12,0.3464022541926681,10,0.6894085,0.83943975
2023-06-12,0.3464022541926681,21,0.75828236,0.8172351
2023-06-13,0.8134293133957193,1,0.76531786,0.81787497
2023-06-13,0.8134293133957193,3,0.73040855,0.8015462
2023-06-13,0.8134293133957193,5,0.7101089,0.7870643
2023-06-13,0.8134293133957193,10,0.6962609,0.796224
2023-06-13,0.8134293133957193,21,0.7582713,0.81495607
2023-06-14,0.49893320294804866,1,0.7429459,0.75080615
2023-06-14,0.49893320294804866,3,0.7195816,0.75181824
2023-06-14,0.49893320294804866,5,0.7187711,0.7458994
2023-06-14,0.49893320294804866,10,0.6701458,0.7609795
2023-06-14,0.49893320294804866,21,0.7661278,0.7965966
2023-06-15,-0.17042694968480987,1,0.73040855,0.7493216
2023-06-15,-0.17042694968480987,3,0.7101089,0.7479032
2023-06-15,-0.17042694968480987,5,0.7226457,0.74361277
2023-06-15,-0.17042694968480987,10,0.6610249,0.7438502
2023-06-15,-0.17042694968480987,21,0.79308057,0.75420725
2023-06-16,0.7439370896556774,1,0.7195816,0.73974967
2023-06-16,0.7439370896556774,3,0.7187711,0.7466516
2023-06-16,0.7439370896556774,5,0.690748,0.7464649
2023-06-16,0.7439370896556774,10,0.6650206,0.76943773
2023-06-16,0.7439370896556774,21,0.7979518,0.79856837
2023-06-19,-0.8911914816970068,1,0.7101089,0.74443626
2023-06-19,-0.8911914816970068,3,0.7226457,0.74536073
2023-06-19,-0.8911914816970068,5,0.6894085,0.73895293
2023-06-19,-0.8911914816970068,10,0.66456425,0.76639986
2023-06-19,-0.8911914816970068,21,0.79802597,0.79487044
2023-06-20,-0.6007834850512594,1,0.7187711,0.71058863
2023-06-20,-0.6007834850512594,3,0.690748,0.7244591
2023-06-20,-0.6007834850512594,5,0.6962609,0.7260813
2023-06-20,-0.6007834850512594,10,0.6748384,0.7770073
2023-06-20,-0.6007834850512594,21,0.8031826,0.8470442
2023-06-21,-0.3820507519859184,1,0.7226457,0.7838837
2023-06-21,-0.3820507519859184,3,0.6894085,0.76871955
2023-06-21,-0.3820507519859184,5,0.6701458,0.75922924
2023-06-21,-0.3820507519859184,10,0.6724375,0.80370045
2023-06-21,-0.3820507519859184,21,0.80436414,0.85063624
2023-06-22,-0.46307373179876876,1,0.690748,0.6296614
2023-06-22,-0.46307373179876876,3,0.6962609,0.6369683
2023-06-22,-0.46307373179876876,5,0.6610249,0.65089977
2023-06-22,-0.46307373179876876,10,0.67233527,0.6665693
2023-06-22,-0.46307373179876876,21,0.80001897,0.69659483
2023-06-23,-0.7308702527753397,1,0.6894085,0.6790529
2023-06-23,-0.7308702527753397,3,0.6701458,0.687133
2023-06-23,-0.7308702527753397,5,0.6650206,0.70062524
2023-06-23,-0.7308702527753397,10,0.6764636,0.7186857
2023-06-23,-0.7308702527753397,21,0.7938013,0.7507975
2023-06-26,0.2723675950293547,1,0.6962609,0.64729965
2023-06-26,0.2723675950293547,3,0.6610249,0.65477806
2023-06-26,0.2723675950293547,5,0.66456425,0.66885805
2023-06-26,0.2723675950293547,10,0.76532656,0.68983954
2023-06-26,0.2723675950293547,21,0.7957575,0.717827
2023-06-27,0.4525518707526821,1,0.6701458,0.6945657
2023-06-27,0.4525518707526821,3,0.6650206,0.7058778
2023-06-27,0.4525518707526821,5,0.6748384,0.7188148
2023-06-27,0.4525518707526821,10,0.75828236,0.7385418
2023-06-27,0.4525518707526821,21,0.7950286,0.7889779
2023-06-28,0.9115374395250342,1,0.6610249,0.692005
2023-06-28,0.9115374395250342,3,0.66456425,0.71894234
2023-06-28,0.9115374395250342,5,0.6724375,0.7255204
2023-06-28,0.9115374395250342,10,0.7582713,0.7593099
2023-06-28,0.9115374395250342,21,0.77232903,0.83524823
2023-06-29,0.3311553715113824,1,0.6650206,0.65254825
2023-06-29,0.3311553715113824,3,0.6748384,0.66455287
2023-06-29,0.3311553715113824,5,0.67233527,0.6719077
2023-06-29,0.3311553715113824,10,0.7661278,0.69984
2023-06-29,0.3311553715113824,21,0.78607035,0.75026715
2023-06-30,0.9228989626449469,1,0.66456425,0.60326535
2023-06-30,0.9228989626449469,3,0.6724375,0.6068742
2023-06-30,0.9228989626449469,5,0.6764636,0.61681205
2023-06-30,0.9228989626449469,10,0.79308057,0.626908
2023-06-30,0.9228989626449469,21,0.8196802,0.6551775
2023-07-03,0.17818510505485108,1,0.6748384,0.6673327
2023-07-03,0.17818510505485108,3,0.67233527,0.6681366
2023-07-03,0.17818510505485108,5,0.76532656,0.6706188
2023-07-03,0.17818510505485108,10,0.7979518,0.6833181
2023-07-03,0.17818510505485108,21,0.80203736,0.71602035
2023-07-04,-0.013807085963790655,1,0.6724375,0.6880806
2023-07-04,-0.013807085963790655,3,0.6764636,0.6823496
2023-07-04,-0.013807085963790655,5,0.75828236,0.6947431
2023-07-04,-0.013807085963790655,10,0.79802597,0.7183189
2023-07-04,-0.013807085963790655,21,0.8013416,0.73550975
2023-07-05,-0.8561189979725548,1,0.67233527,0.76558167
2023-07-05,-0.8561189979725548,3,0.76532656,0.7446992
2023-07-05,-0.8561189979725548,5,0.7582713,0.73936576
2023-07-05,-0.8561189979725548,10,0.8031826,0.7299315
2023-07-05,-0.8561189979725548,21,0.80613273,0.7004568
2023-07-06,-2.812061623916229,1,0.6764636,0.78855544
2023-07-06,-2.812061623916229,3,0.75828236,0.78390765
2023-07-06,-2.812061623916229,5,0.7661278,0.79149014
2023-07-06,-2.812061623916229,10,0.80436414,0.8487651
2023-07-06,-2.812061623916229,21,0.8275307,0.9014781
2023-07-07,0.4850818920118627,1,0.76532656,0.88457507
2023-07-07,0.4850818920118627,3,0.7582713,0.9082217
2023-07-07,0.4850818920118627,5,0.79308057,0.9401174
2023-07-07,0.4850818920118627,10,0.80001897,1.063464
2023-07-07,0.4850818920118627,21,0.8299088,1.1772602
2023-07-10,0.37666238187430423,1,0.75828236,0.74820656
2023-07-10,0.37666238187430423,3,0.7661278,0.760479
2023-07-10,0.37666238187430423,5,0.7979518,0.77573067
2023-07-10,0.37666238187430423,10,0.7938013,0.83726317
2023-07-10,0.37666238187430423,21,0.83184075,0.8825179
2023-07-11,0.8225107872251058,1,0.7582713,0.7425418
2023-07-11,0.8225107872251058,3,0.79308057,0.75012463
2023-07-11,0.8225107872251058,5,0.79802597,0.7571781
2023-07-11,0.8225107872251058,10,0.7957575,0.8366967
2023-07-11,0.8225107872251058,21,0.8315145,0.9068285
2023-07-12,1.6096823467202093,1,0.7661278,0.7735426
2023-07-12,1.6096823467202093,3,0.7979518,0.7838856
2023-07-12,1.6096823467202093,5,0.8031826,0.79393667
2023-07-12,1.6096823467202093,10,0.7950286,0.8533867
2023-07-12,1.6096823467202093,21,0.8378568,0.90745926
2023-07-13,0.6724877124321793,1,0.79308057,0.7809693
2023-07-13,0.6724877124321793,3,0.79802597,0.7869795
2023-07-13,0.6724877124321793,5,0.80436414,0.7867588
2023-07-13,0.6724877124321793,10,0.77232903,0.8320863
2023-07-13,0.6724877124321793,21,0.84351075,0.89520895
2023-07-14,0.09270257623823497,1,0.7979518,0.77288514
2023-07-14,0.09270257623823497,3,0.8031826,0.7881859
2023-07-14,0.09270257623823497,5,0.80001897,0.794612
2023-07-14,0.09270257623823497,10,0.78607035,0.8372132
2023-07-14,0.09270257623823497,21,0.8525921,0.9125168
2023-07-17,-0.812616678331679,1,0.79802597,0.8625384
2023-07-17,-0.812616678331679,3,0.80436414,0.88555944
2023-07-17,-0.812616678331679,5,0.7938013,0.89389616
2023-07-17,-0.812616678331679,10,0.8196802,0.9351639
2023-07-17,-0.812616678331679,21,0.8671259,1.0208615
2023-07-18,0.3286037310889611,1,0.8031826,0.7878197
2023-07-18,0.3286037310889611,3,0.80001897,0.8066079
2023-07-18,0.3286037310889611,5,0.7957575,0.81449753
2023-07-18,0.3286037310889611,10,0.80203736,0.85429734
2023-07-18,0.3286037310889611,21,0.86704946,0.9198575
2023-07-19,0.21363182082136944,1,0.80436414,0.89618915
2023-07-19,0.21363182082136944,3,0.7938013,0.9206655
2023-07-19,0.21363182082136944,5,0.7950286,0.918444
2023-07-19,0.21363182082136944,10,0.8013416,0.97106564
2023-07-19,0.21363182082136944,21,0.8652951,1.0686289
2023-07-20,0.2877532962490825,1,0.80001897,0.8978016
2023-07-20,0.2877532962490825,3,0.7957575,0.91373575
2023-07-20,0.2877532962490825,5,0.77232903,0.91292745
2023-07-20,0.2877532962490825,10,0.80613273,0.9584573
2023-07-20,0.2877532962490825,21,0.8407383,1.0521606
2023-07-21,0.4945626351204879,1,0.7938013,0.88618124
2023-07-21,0.4945626351204879,3,0.7950286,0.90827656
2023-07-21,0.4945626351204879,5,0.78607035,0.90633434
2023-07-21,0.4945626351204879,10,0.8275307,0.9521769
2023-07-21,0.4945626351204879,21,0.853346,1.063292
2023-07-24,-0.08934554983444087,1,0.7957575,0.78857166
2023-07-24,-0.08934554983444087,3,0.77232903,0.7975775
2023-07-24,-0.08934554983444087,5,0.8196802,0.7942237
2023-07-24,-0.08934554983444087,10,0.8299088,0.82749
2023-07-24,-0.08934554983444087,21,0.8391783,0.8961166
2023-07-25,0.23472160998263547,1,0.7950286,0.8462697
2023-07-25,0.23472160998263547,3,0.78607035,0.84262466
2023-07-25,0.23472160998263547,5,0.80203736,0.83458996
2023-07-25,0.23472160998263547,10,0.83184075,0.86748976
2023-07-25,0.23472160998263547,21,0.8398818,0.9285631
2023-07-26,-1.1056868003799458,1,0.77232903,0.7429734
2023-07-26,-1.1056868003799458,3,0.8196802,0.7478044
2023-07-26,-1.1056868003799458,5,0.8013416,0.7536171
2023-07-26,-1.1056868003799458,10,0.8315145,0.7811294
2023-07-26,-1.1056868003799458,21,0.8327061,0.8294779
2023-07-27,1.8915102776436932,1,0.78607035,0.80964345
2023-07-27,1.8915102776436932,3,0.80203736,0.8168508
2023-07-27,1.8915102776436932,5,0.80613273,0.81295854
2023-07-27,1.8915102776436932,10,0.8378568,0.8386941
2023-07-27,1.8915102776436932,21,0.8095656,0.88881344
2023-07-28,-0.06209650853152837,1,0.8196802,0.8834205
2023-07-28,-0.06209650853152837,3,0.8013416,0.8885076
2023-07-28,-0.06209650853152837,5,0.8275307,0.8846072
2023-07-28,-0.06209650853152837,10,0.84351075,0.94537014
2023-07-28,-0.06209650853152837,21,0.8082381,1.01231
2023-07-31,0.05210656981864403,1,0.80203736,0.9589405
2023-07-31,0.05210656981864403,3,0.80613273,0.97779065
2023-07-31,0.05210656981864403,5,0.8299088,0.98907167
2023-07-31,0.05210656981864403,10,0.8525921,1.0847545
2023-07-31,0.05210656981864403,21,0.77737474,1.1790375
2023-08-01,-0.9774015171864825,1,0.8013416,0.8549585
2023-08-01,-0.9774015171864825,3,0.8275307,0.85365605
2023-08-01,-0.9774015171864825,5,0.83184075,0.85076624
2023-08-01,-0.9774015171864825,10,0.8671259,0.90866023
2023-08-01,-0.9774015171864825,21,0.7896868,0.9482281
2023-08-02,-1.4465918983151305,1,0.80613273,0.77124065
2023-08-02,-1.4465918983151305,3,0.8299088,0.7756376
2023-08-02,-1.4465918983151305,5,0.8315145,0.78474027
2023-08-02,-1.4465918983151305,10,0.86704946,0.85870045
2023-08-02,-1.4465918983151305,21,0.7943785,0.92036426
2023-08-03,-0.48296703955710285,1,0.8275307,0.83850735
2023-08-03,-0.48296703955710285,3,0.83184075,0.84713817
2023-08-03,-0.48296703955710285,5,0.8378568,0.8516479
2023-08-03,-0.48296703955710285,10,0.8652951,0.92085105
2023-08-03,-0.48296703955710285,21,0.7948229,0.97737783
2023-08-04,0.622511970456241,1,0.8299088,0.8271028
2023-08-04,0.622511970456241,3,0.8315145,0.8372697
2023-08-04,0.622511970456241,5,0.84351075,0.8401784
2023-08-04,0.622511970456241,10,0.8407383,0.8687376
2023-08-04,0.622511970456241,21,0.7966435,0.90035796
2023-08-07,-0.07376651407948742,1,0.83184075,0.824598
2023-08-07,-0.07376651407948742,3,0.8378568,0.8396215
2023-08-07,-0.07376651407948742,5,0.8525921,0.8500673
2023-08-07,-0.07376651407948742,10,0.853346,0.8962497
2023-08-07,-0.07376651407948742,21,0.796571,0.96607685
2023-08-08,-0.8334604373235521,1,0.8315145,0.93768775
2023-08-08,-0.8334604373235521,3,0.84351075,0.95269436
2023-08-08,-0.8334604373235521,5,0.8671259,0.95196885
2023-08-08,-0.8334604373235521,10,0.8391783,0.96340686
2023-08-08,-0.8334604373235521,21,0.7954904,0.98987544
2023-08-09,0.7508650367730851,1,0.8378568,0.83853054
2023-08-09,0.7508650367730851,3,0.8525921,0.84808797
2023-08-09,0.7508650367730851,5,0.86704946,0.8576229
2023-08-09,0.7508650367730851,10,0.8398818,0.8754013
2023-08-09,0.7508650367730851,21,0.7890003,0.9001689
2023-08-10,1.1147463305307248,1,0.84351075,0.9025275
2023-08-10,1.1147463305307248,3,0.8671259,0.93218124
2023-08-10,1.1147463305307248,5,0.8652951,0.9415536
2023-08-10,1.1147463305307248,10,0.8327061,0.990171
2023-08-10,1.1147463305307248,21,0.79097295,1.0700886
2023-08-11,-1.3094441713087157,1,0.8525921,0.93166023
2023-08-11,-1.3094441713087157,3,0.86704946,0.9495282
2023-08-11,-1.3094441713087157,5,0.8407383,0.94905823
2023-08-11,-1.3094441713087157,10,0.8095656,0.9729926
2023-08-11,-1.3094441713087157,21,0.79239196,1.0256809
2023-08-14,0.02783719653454142,1,0.8671259,0.87471473
2023-08-14,0.02783719653454142,3,0.8652951,0.8934532
2023-08-14,0.02783719653454142,5,0.853346,0.894301
2023-08-14,0.02783719653454142,10,0.8082381,0.9312074
2023-08-14,0.02783719653454142,21,0.787612,1.0039247
2023-08-15,-0.8037960478004536,1,0.86704946,0.85329217
2023-08-15,-0.8037960478004536,3,0.8407383,0.86427826
2023-08-15,-0.8037960478004536,5,0.8391783,0.8662439
2023-08-15,-0.8037960478004536,10,0.77737474,0.89103645
2023-08-15,-0.8037960478004536,21,0.78175855,0.9494149
2023-08-16,-0.32096583461065364,1,0.8652951,0.94049853
2023-08-16,-0.32096583461065364,3,0.853346,0.9455576
2023-08-16,-0.32096583461065364,5,0.8398818,0.93713987
2023-08-16,-0.32096583461065364,10,0.7896868,0.96755594
2023-08-16,-0.32096583461065364,21,0.779153,1.0384994
2023-08-17,-1.1630333860869868,1,0.8407383,0.8522609
2023-08-17,-1.1630333860869868,3,0.8391783,0.87415737
2023-08-17,-1.1630333860869868,5,0.8327061,0.8737156
2023-08-17,-1.1630333860869868,10,0.7943785,0.89328414
2023-08-17,-1.1630333860869868,21,0.7793426,0.95309234
2023-08-18,-0.4356029088646629,1,0.853346,0.87745064
2023-08-18,-0.4356029088646629,3,0.8398818,0.89609736
2023-08-18,-0.4356029088646629,5,0.8095656,0.89677763
2023-08-18,-0.4356029088646629,10,0.7948229,0.9168572
2023-08-18,-0.4356029088646629,21,0.7970191,0.9667063
2023-08-21,0.3651339123057262,1,0.8391783,0.84418434
2023-08-21,0.3651339123057262,3,0.8327061,0.85360575
2023-08-21,0.3651339123057262,5,0.8082381,0.8469395
2023-08-21,0.3651339123057262,10,0.7966435,0.8707388
2023-08-21,0.3651339123057262,21,0.7922503,0.9079115
2023-08-22,0.727781322191845,1,0.8398818,0.95425475
2023-08-22,0.727781322191845,3,0.8095656,0.95916533
2023-08-22,0.727781322191845,5,0.77737474,0.959729
2023-08-22,0.727781322191845,10,0.796571,1.0104327
2023-08-22,0.727781322191845,21,0.80537546,1.0481915
2023-08-23,0.09078732577743054,1,0.8327061,0.910536
2023-08-23,0.09078732577743054,3,0.8082381,0.8934833
2023-08-23,0.09078732577743054,5,0.7896868,0.8790932
2023-08-23,0.09078732577743054,10,0.7954904,0.935173
2023-08-23,0.09078732577743054,21,0.8034187,0.9886472
2023-08-24,-0.6177879333758796,1,0.8095656,0.78957224
2023-08-24,-0.6177879333758796,3,0.77737474,0.79974735
2023-08-24,-0.6177879333758796,5,0.7943785,0.80850583
2023-08-24,-0.6177879333758796,10,0.7890003,0.84225297
2023-08-24,-0.6177879333758796,21,0.7979493,0.8778119
2023-08-25,0.13761641601934826,1,0.8082381,0.8254128
2023-08-25,0.13761641601934826,3,0.7896868,0.83712167
2023-08-25,0.13761641601934826,5,0.7948229,0.8490315
2023-08-25,0.13761641601934826,10,0.79097295,0.89337057
2023-08-25,0.13761641601934826,21,0.8143979,0.93714976
2023-08-28,1.2611013351818912,1,0.77737474,0.7556526
2023-08-28,1.2611013351818912,3,0.7943785,0.76523113
2023-08-28,1.2611013351818912,5,0.7966435,0.7758607
2023-08-28,1.2611013351818912,10,0.79239196,0.79137367
2023-08-28,1.2611013351818912,21,0.80522114,0.80890214
2023-08-29,0.6898912361646303,1,0.7896868,0.8152157
2023-08-29,0.6898912361646303,3,0.7948229,0.8253261
2023-08-29,0.6898912361646303,5,0.796571,0.8337101
2023-08-29,0.6898912361646303,10,0.787612,0.8563477
2023-08-29,0.6898912361646303,21,0.8111369,0.8818064
2023-08-30,-0.1848768381497834,1,0.7943785,0.89103097
2023-08-30,-0.1848768381497834,3,0.7966435,0.889743
2023-08-30,-0.1848768381497834,5,0.7954904,0.8824949
2023-08-30,-0.1848768381497834,10,0.78175855,0.87556
2023-08-30,-0.1848768381497834,21,0.81584287,0.9066225
2023-08-31,-0.44672665412930357,1,0.7948229,0.79940856
2023-08-31,-0.44672665412930357,3,0.796571,0.7996606
2023-08-31,-0.44672665412930357,5,0.7890003,0.8030552
2023-08-31,-0.44672665412930357,10,0.779153,0.8117531
2023-08-31,-0.44672665412930357,21,0.8099416,0.82912934
2023-09-01,-0.04205230040090768,1,0.7966435,0.7886868
2023-09-01,-0.04205230040090768,3,0.7954904,0.79877096
2023-09-01,-0.04205230040090768,5,0.79097295,0.7974048
2023-09-01,-0.04205230040090768,10,0.7793426,0.83514625
2023-09-01,-0.04205230040090768,21,0.72907174,0.88060665
2023-09-04,-0.09892950234693387,1,0.796571,0.8048643
2023-09-04,-0.09892950234693387,3,0.7890003,0.80786127
2023-09-04,-0.09892950234693387,5,0.79239196,0.80823004
2023-09-04,-0.09892950234693387,10,0.7970191,0.8281656
2023-09-04,-0.09892950234693387,21,0.7285665,0.86308336
2023-09-05,-0.23294433552880633,1,0.7954904,0.8527012
2023-09-05,-0.23294433552880633,3,0.79097295,0.8565583
2023-09-05,-0.23294433552880633,5,0.787612,0.8532854
2023-09-05,-0.23294433552880633,10,0.7922503,0.88647264
2023-09-05,-0.23294433552880633,21,0.7383786,0.9160131
2023-09-06,-0.7013610134531056,1,0.7890003,0.8228911
2023-09-06,-0.7013610134531056,3,0.79239196,0.8224543
2023-09-06,-0.7013610134531056,5,0.78175855,0.8147417
2023-09-06,-0.7013610134531056,10,0.80537546,0.83606344
2023-09-06,-0.7013610134531056,21,0.74216956,0.83815265
2023-09-07,-0.4266342390987887,1,0.79097295,0.8453101
2023-09-07,-0.4266342390987887,3,0.787612,0.8403443
2023-09-07,-0.4266342390987887,5,0.779153,0.8329467
2023-09-07,-0.4266342390987887,10,0.8034187,0.8592727
2023-09-07,-0.4266342390987887,21,0.70934165,0.8763817
2023-09-08,0.36249390381764,1,0.79239196,0.8143199
2023-09-08,0.36249390381764,3,0.78175855,0.8115686
2023-09-08,0.36249390381764,5,0.7793426,0.80580527
2023-09-08,0.36249390381764,10,0.7979493,0.8263868
2023-09-08,0.36249390381764,21,0.7028677,0.8493385
2023-09-11,0.3968598963939307,1,0.787612,0.8109914
2023-09-11,0.3968598963939307,3,0.779153,0.8107122
2023-09-11,0.3968598963939307,5,0.7970191,0.80800325
2023-09-11,0.3968598963939307,10,0.8143979,0.80836326
2023-09-11,0.3968598963939307,21,0.7113292,0.8078401
2023-09-12,-0.3252640518607741,1,0.78175855,0.77480173
2023-09-12,-0.3252640518607741,3,0.7793426,0.7844157
2023-09-12,-0.3252640518607741,5,0.7922503,0.78487676
2023-09-12,-0.3252640518607741,10,0.80522114,0.7830494
2023-09-12,-0.3252640518607741,21,0.705187,0.78284246
2023-09-13,-0.40564067200525855,1,0.779153,0.852464
2023-09-13,-0.40564067200525855,3,0.7970191,0.8472665
2023-09-13,-0.40564067200525855,5,0.80537546,0.8391618
2023-09-13,-0.40564067200525855,10,0.8111369,0.83570665
2023-09-13,-0.40564067200525855,21,0.7515876,0.8025459
2023-09-14,1.3694159523059746,1,0.7793426,0.8345716
2023-09-14,1.3694159523059746,3,0.7922503,0.8123343
2023-09-14,1.3694159523059746,5,0.8034187,0.8092577
2023-09-14,1.3694159523059746,10,0.81584287,0.7981785
2023-09-14,1.3694159523059746,21,0.75283563,0.759949
2023-09-15,0.3545279688426106,1,0.7970191,0.7606754
2023-09-15,0.3545279688426106,3,0.80537546,0.7547951
2023-09-15,0.3545279688426106,5,0.7979493,0.75474316
2023-09-15,0.3545279688426106,10,0.8099416,0.7412848
2023-09-15,0.3545279688426106,21,0.75161093,0.7253927
2023-09-18,-1.1313518057776584,1,0.7922503,0.8240012
2023-09-18,-1.1313518057776584,3,0.8034187,0.8201517
2023-09-18,-1.1313518057776584,5,0.8143979,0.8226642
2023-09-18,-1.1313518057776584,10,0.72907174,0.8333919
2023-09-18,-1.1313518057776584,21,0.76060927,0.84376013
2023-09-19,0.114530511842581,1,0.80537546,0.8107882
2023-09-19,0.114530511842581,3,0.7979493,0.8178647
2023-09-19,0.114530511842581,5,0.80522114,0.81578577
2023-09-19,0.114530511842581,10,0.7285665,0.8150593
2023-09-19,0.114530511842581,21,0.7627623,0.8069325
2023-09-20,0.553693622487561,1,0.8034187,0.81872594
2023-09-20,0.553693622487561,3,0.8143979,0.826576
2023-09-20,0.553693622487561,5,0.8111369,0.8186576
2023-09-20,0.553693622487561,10,0.7383786,0.8404781
2023-09-20,0.553693622487561,21,0.7618129,0.9006814
2023-09-21,-1.327459705945877,1,0.7979493,0.80236524
2023-09-21,-1.327459705945877,3,0.80522114,0.80679274
2023-09-21,-1.327459705945877,5,0.81584287,0.7987638
2023-09-21,-1.327459705945877,10,0.74216956,0.78083843
2023-09-21,-1.327459705945877,21,0.7578322,0.8131402
2023-09-22,-0.23998451619160477,1,0.8143979,0.8031834
2023-09-22,-0.23998451619160477,3,0.8111369,0.80841535
2023-09-22,-0.23998451619160477,5,0.8099416,0.80734
2023-09-22,-0.23998451619160477,10,0.70934165,0.8066443
2023-09-22,-0.23998451619160477,21,0.7165837,0.8291731
2023-09-25,-0.8543548014168678,1,0.80522114,0.7929198
2023-09-25,-0.8543548014168678,3,0.81584287,0.79570836
2023-09-25,-0.8543548014168678,5,0.72907174,0.794184
2023-09-25,-0.8543548014168678,10,0.7028677,0.7986082
2023-09-25,-0.8543548014168678,21,0.73621935,0.8238834
2023-09-26,-0.755598340724184,1,0.8111369,0.8243601
2023-09-26,-0.755598340724184,3,0.8099416,0.82436323
2023-09-26,-0.755598340724184,5,0.7285665,0.805934
2023-09-26,-0.755598340724184,10,0.7113292,0.8412408
2023-09-26,-0.755598340724184,21,0.738581,0.89363873
2023-09-27,0.1204874549044277,1,0.81584287,0.82308096
2023-09-27,0.1204874549044277,3,0.72907174,0.80862004
2023-09-27,0.1204874549044277,5,0.7383786,0.79515195
2023-09-27,0.1204874549044277,10,0.705187,0.8278066
2023-09-27,0.1204874549044277,21,0.7361748,0.8641955
2023-09-28,0.4402965231681044,1,0.8099416,0.8133282
2023-09-28,0.4402965231681044,3,0.7285665,0.7996739
2023-09-28,0.4402965231681044,5,0.74216956,0.7848318
2023-09-28,0.4402965231681044,10,0.7515876,0.81550694
2023-09-28,0.4402965231681044,21,0.71601987,0.8619406
2023-09-29,0.4383664080104488,1,0.72907174,0.6941434
2023-09-29,0.4383664080104488,3,0.7383786,0.7062214
2023-09-29,0.4383664080104488,5,0.70934165,0.718354
2023-09-29,0.4383664080104488,10,0.75283563,0.7279261
2023-09-29,0.4383664080104488,21,0.7152442,0.756033
2023-10-02,-1.0350196240173304,1,0.7285665,0.7787846
2023-10-02,-1.0350196240173304,3,0.74216956,0.7861812
2023-10-02,-1.0350196240173304,5,0.7028677,0.79118365
2023-10-02,-1.0350196240173304,10,0.75161093,0.80181944
2023-10-02,-1.0350196240173304,21,0.7158782,0.82560325
2023-10-03,-1.0998525963054284,1,0.7383786,0.80740535
2023-10-03,-1.0998525963054284,3,0.70934165,0.8168692
2023-10-03,-1.0998525963054284,5,0.7113292,0.8161166
2023-10-03,-1.0998525963054284,10,0.76060927,0.83549714
2023-10-03,-1.0998525963054284,21,0.71794456,0.8573772
2023-10-04,-0.11119434672322015,1,0.74216956,0.74081737
2023-10-04,-0.11119434672322015,3,0.7028677,0.74977744
2023-10-04,-0.11119434672322015,5,0.705187,0.75397336
2023-10-04,-0.11119434672322015,10,0.7627623,0.76937526
2023-10-04,-0.11119434672322015,21,0.72432166,0.7860932
2023-10-05,0.12045496364132546,1,0.70934165,0.6837979
2023-10-05,0.12045496364132546,3,0.7113292,0.6860573
2023-10-05,0.12045496364132546,5,0.7515876,0.68757856
2023-10-05,0.12045496364132546,10,0.7618129,0.6938054
2023-10-05,0.12045496364132546,21,0.7228633,0.68914723
2023-10-06,0.7694858761732704,1,0.7028677,0.69083744
2023-10-06,0.7694858761732704,3,0.705187,0.6965552
2023-10-06,0.7694858761732704,5,0.75283563,0.7054549
2023-10-06,0.7694858761732704,10,0.7578322,0.7300255
2023-10-06,0.7694858761732704,21,0.74299735,0.7586565
2023-10-09,-0.14176736437985227,1,0.7113292,0.717736
2023-10-09,-0.14176736437985227,3,0.7515876,0.73074746
2023-10-09,-0.14176736437985227,5,0.75161093,0.7478549
2023-10-09,-0.14176736437985227,10,0.7165837,0.77281815
2023-10-09,-0.14176736437985227,21,0.72602504,0.81873256
2023-10-10,1.9839766375192802,1,0.705187,0.71943223
2023-10-10,1.9839766375192802,3,0.75283563,0.7239992
2023-10-10,1.9839766375192802,5,0.76060927,0.73476976
2023-10-10,1.9839766375192802,10,0.73621935,0.74235886
2023-10-10,1.9839766375192802,21,0.72642374,0.7611019
2023-10-11,-0.49439386846668043,1,0.7515876,0.80814564
2023-10-11,-0.49439386846668043,3,0.75161093,0.82122886
2023-10-11,-0.49439386846668043,5,0.7627623,0.8227076
2023-10-11,-0.49439386846668043,10,0.738581,0.8406108
2023-10-11,-0.49439386846668043,21,0.7227854,0.87207323
2023-10-12,0.059667900818283215,1,0.75283563,0.8010005
2023-10-12,0.059667900818283215,3,0.76060927,0.8177627
2023-10-12,0.059667900818283215,5,0.7618129,0.821289
2023-10-12,0.059667900818283215,10,0.7361748,0.8548033
2023-10-12,0.059667900818283215,21,0.7226474,0.90559983
2023-10-13,-1.157390441975803,1,0.75161093,0.773228
2023-10-13,-1.157390441975803,3,0.7627623,0.7924615
2023-10-13,-1.157390441975803,5,0.7578322,0.80272627
2023-10-13,-1.157390441975803,10,0.71601987,0.81362534
2023-10-13,-1.157390441975803,21,0.72024745,0.86485934
2023-10-16,0.34923478428243726,1,0.76060927,0.7277449
2023-10-16,0.34923478428243726,3,0.7618129,0.7410612
2023-10-16,0.34923478428243726,5,0.7165837,0.7559163
2023-10-16,0.34923478428243726,10,0.7152442,0.7723579
2023-10-16,0.34923478428243726,21,0.7209301,0.8089986
2023-10-17,0.04946520604187654,1,0.7627623,0.7197681
2023-10-17,0.04946520604187654,3,0.7578322,0.7318747
2023-10-17,0.04946520604187654,5,0.73621935,0.7434806
2023-10-17,0.04946520604187654,10,0.7158782,0.75641376
2023-10-17,0.04946520604187654,21,0.72880334,0.78925496
2023-10-18,-0.9071899397889105,1,0.7618129,0.71236056
2023-10-18,-0.9071899397889105,3,0.7165837,0.717958
2023-10-18,-0.9071899397889105,5,0.738581,0.72777957
2023-10-18,-0.9071899397889105,10,0.71794456,0.7333759
2023-10-18,-0.9071899397889105,21,0.73480326,0.75701547
2023-10-19,-0.7173405289957913,1,0.7578322,0.7561849
2023-10-19,-0.7173405289957913,3,0.73621935,0.76560175
2023-10-19,-0.7173405289957913,5,0.7361748,0.77296007
2023-10-19,-0.7173405289957913,10,0.72432166,0.79437524
2023-10-19,-0.7173405289957913,21,0.7362819,0.83262515
2023-10-20,-1.45658220351077,1,0.7165837,0.7235307
2023-10-20,-1.45658220351077,3,0.738581,0.7288838
2023-10-20,-1.45658220351077,5,0.71601987,0.73465925
2023-10-20,-1.45658220351077,10,0.7228633,0.7449596
2023-10-20,-1.45658220351077,21,0.74059457,0.7781369
2023-10-23,0.34698460069035875,1,0.73621935,0.7732696
2023-10-23,0.34698460069035875,3,0.7361748,0.7980065
2023-10-23,0.34698460069035875,5,0.7152442,0.8162945
2023-10-23,0.34698460069035875,10,0.74299735,0.85208684
2023-10-23,0.34698460069035875,21,0.7490325,0.9079566
2023-10-24,0.5598367863883347,1,0.738581,0.7443072
2023-10-24,0.5598367863883347,3,0.71601987,0.75151956
2023-10-24,0.5598367863883347,5,0.7158782,0.763649
2023-10-24,0.5598367863883347,10,0.72602504,0.79468495
2023-10-24,0.5598367863883347,21,0.7315842,0.8356824
2023-10-25,0.020991335320363902,1,0.7361748,0.7794511
2023-10-25,0.020991335320363902,3,0.7152442,0.79420966
2023-10-25,0.020991335320363902,5,0.71794456,0.80332106
2023-10-25,0.020991335320363902,10,0.72642374,0.83066195
2023-10-25,0.020991335320363902,21,0.7274716,0.88794285
2023-10-26,-0.38242155763832386,1,0.71601987,0.73020077
2023-10-26,-0.38242155763832386,3,0.7158782,0.7433421
2023-10-26,-0.38242155763832386,5,0.72432166,0.7609941
2023-10-26,-0.38242155763832386,10,0.7227854,0.7919826
2023-10-26,-0.38242155763832386,21,0.7275657,0.8347231
2023-10-27,-0.8849233770747311,1,0.7152442,0.73097825
2023-10-27,-0.8849233770747311,3,0.71794456,0.74820983
2023-10-27,-0.8849233770747311,5,0.7228633,0.762289
2023-10-27,-0.8849233770747311,10,0.7226474,0.80640393
2023-10-27,-0.8849233770747311,21,0.72724915,0.8747741
2023-10-30,0.30186329029842085,1,0.7158782,0.7116134
2023-10-30,0.30186329029842085,3,0.72432166,0.7116252
2023-10-30,0.30186329029842085,5,0.74299735,0.7209932
2023-10-30,0.30186329029842085,10,0.72024745,0.7644919
2023-10-30,0.30186329029842085,21,0.7290715,0.81003195
2023-10-31,0.9359370201550199,1,0.71794456,0.69596857
2023-10-31,0.9359370201550199,3,0.7228633,0.7053565
2023-10-31,0.9359370201550199,5,0.72602504,0.71392274
2023-10-31,0.9359370201550199,10,0.7209301,0.73920715
2023-10-31,0.9359370201550199,21,0.73073363,0.80270654
2023-11-01,0.6719210607520232,1,0.72432166,0.7077452
2023-11-01,0.6719210607520232,3,0.74299735,0.7148596
2023-11-01,0.6719210607520232,5,0.72642374,0.7282329
2023-11-01,0.6719210607520232,10,0.72880334,0.741334
2023-11-01,0.6719210607520232,21,0.7303804,0.77431345
2023-11-02,1.7062620545370777,1,0.7228633,0.7159302
2023-11-02,1.7062620545370777,3,0.72602504,0.727437
2023-11-02,1.7062620545370777,5,0.7227854,0.7363994
2023-11-02,1.7062620545370777,10,0.73480326,0.75735885
2023-11-02,1.7062620545370777,21,0.7248359,0.8058066
2023-11-03,0.13506952821407125,1,0.74299735,0.75918883
2023-11-03,0.13506952821407125,3,0.72642374,0.7670784
2023-11-03,0.13506952821407125,5,0.7226474,0.7749105
2023-11-03,0.13506952821407125,10,0.7362819,0.79326504
2023-11-03,0.13506952821407125,21,0.72375214,0.82138526
2023-11-06,-0.2657596971851639,1,0.72602504,0.77297884
2023-11-06,-0.2657596971851639,3,0.7227854,0.79479045
2023-11-06,-0.2657596971851639,5,0.72024745,0.81068456
2023-11-06,-0.2657596971851639,10,0.74059457,0.84509814
2023-11-06,-0.2657596971851639,21,0.72863644,0.91414666
2023-11-07,-0.546643173603556,1,0.72642374,0.75811094
2023-11-07,-0.546643173603556,3,0.7226474,0.7714418
2023-11-07,-0.546643173603556,5,0.7209301,0.783186
2023-11-07,-0.546643173603556,10,0.7490325,0.8204579
2023-11-07,-0.546643173603556,21,0.7284509,0.87633544
2023-11-08,0.19017728875043716,1,0.7227854,0.74682707
2023-11-08,0.19017728875043716,3,0.72024745,0.7621958
2023-11-08,0.19017728875043716,5,0.72880334,0.77456146
2023-11-08,0.19017728875043716,10,0.7315842,0.8243221
2023-11-08,0.19017728875043716,21,0.72929734,0.8975453
2023-11-09,1.0044384136121742,1,0.7226474,0.7236721
2023-11-09,1.0044384136121742,3,0.7209301,0.74222904
2023-11-09,1.0044384136121742,5,0.73480326,0.7567006
2023-11-09,1.0044384136121742,10,0.7274716,0.79198223
2023-11-09,1.0044384136121742,21,0.7290672,0.8531612
2023-11-10,-0.5005784890066423,1,0.72024745,0.66497153
2023-11-10,-0.5005784890066423,3,0.72880334,0.6710875
2023-11-10,-0.5005784890066423,5,0.7362819,0.68702
2023-11-10,-0.5005784890066423,10,0.7275657,0.71776456
2023-11-10,-0.5005784890066423,21,0.70863456,0.76403815
2023-11-13,0.898642976275621,1,0.7209301,0.6903355
2023-11-13,0.898642976275621,3,0.73480326,0.7013942
2023-11-13,0.898642976275621,5,0.74059457,0.7187226
2023-11-13,0.898642976275621,10,0.72724915,0.73477167
2023-11-13,0.898642976275621,21,0.7165947,0.7780631
2023-11-14,1.0270166323115504,1,0.72880334,0.71224076
2023-11-14,1.0270166323115504,3,0.7362819,0.7210165
2023-11-14,1.0270166323115504,5,0.7490325,0.7294726
2023-11-14,1.0270166323115504,10,0.7290715,0.74381155
2023-11-14,1.0270166323115504,21,0.7008519,0.7672847
2023-11-15,0.37389612388940563,1,0.73480326,0.7085385
2023-11-15,0.37389612388940563,3,0.74059457,0.7067857
2023-11-15,0.37389612388940563,5,0.7315842,0.71036404
2023-11-15,0.37389612388940563,10,0.73073363,0.7202972
2023-11-15,0.37389612388940563,21,0.70116526,0.7422551
2023-11-16,-0.8733614885920282,1,0.7362819,0.7065478
2023-11-16,-0.8733614885920282,3,0.7490325,0.70969355
2023-11-16,-0.8733614885920282,5,0.7274716,0.71762687
2023-11-16,-0.8733614885920282,10,0.7303804,0.7321523
2023-11-16,-0.8733614885920282,21,0.69857085,0.76806545
2023-11-17,0.8844900344364248,1,0.74059457,0.7099053
2023-11-17,0.8844900344364248,3,0.7315842,0.7195821
2023-11-17,0.8844900344364248,5,0.7275657,0.72869223
2023-11-17,0.8844900344364248,10,0.7248359,0.74543303
2023-11-17,0.8844900344364248,21,0.68254185,0.7724527
2023-11-20,0.1815911586065866,1,0.7490325,0.66732305
2023-11-20,0.1815911586065866,3,0.7274716,0.672179
2023-11-20,0.1815911586065866,5,0.72724915,0.6817055
2023-11-20,0.1815911586065866,10,0.72375214,0.6928644
2023-11-20,0.1815911586065866,21,0.68130326,0.71740896
2023-11-21,-0.3835814248179581,1,0.7315842,0.6785275
2023-11-21,-0.3835814248179581,3,0.7275657,0.6922503
2023-11-21,-0.3835814248179581,5,0.7290715,0.70514137
2023-11-21,-0.3835814248179581,10,0.72863644,0.7325833
2023-11-21,-0.3835814248179581,21,0.67282784,0.7653692
2023-11-22,0.16711668259725698,1,0.7274716,0.6748185
2023-11-22,0.16711668259725698,3,0.72724915,0.6834289
2023-11-22,0.16711668259725698,5,0.73073363,0.6923615
2023-11-22,0.16711668259725698,10,0.7284509,0.70548326
2023-11-22,0.16711668259725698,21,0.66391313,0.73405147
2023-11-23,0.39255238760169675,1,0.7275657,0.68875146
2023-11-23,0.39255238760169675,3,0.7290715,0.69694054
2023-11-23,0.39255238760169675,5,0.7303804,0.7061121
2023-11-23,0.39255238760169675,10,0.72929734,0.7235165
2023-11-23,0.39255238760169675,21,0.66415393,0.7544273
2023-11-24,0.4013255012123018,1,0.72724915,0.7262309
2023-11-24,0.4013255012123018,3,0.73073363,0.73898506
2023-11-24,0.4013255012123018,5,0.7248359,0.7517142
2023-11-24,0.4013255012123018,10,0.7290672,0.7598638
2023-11-24,0.4013255012123018,21,0.66470015,0.79283077
2023-11-27,-0.3931944884162597,1,0.7290715,0.7104353
2023-11-27,-0.3931944884162597,3,0.7303804,0.71951294
2023-11-27,-0.3931944884162597,5,0.72375214,0.72402173
2023-11-27,-0.3931944884162597,10,0.70863456,0.73902184
2023-11-27,-0.3931944884162597,21,0.6632272,0.7616251
2023-11-28,-0.15238154546022287,1,0.73073363,0.7782096
2023-11-28,-0.15238154546022287,3,0.7248359,0.7865577
2023-11-28,-0.15238154546022287,5,0.72863644,0.79147655
2023-11-28,-0.15238154546022287,10,0.7165947,0.8097914
2023-11-28,-0.15238154546022287,21,0.64726555,0.8343471
2023-11-29,0.14129363681325557,1,0.7303804,0.73396945
2023-11-29,0.14129363681325557,3,0.72375214,0.7428273
2023-11-29,0.14129363681325557,5,0.7284509,0.75198436
2023-11-29,0.14129363681325557,10,0.7008519,0.7711832
2023-11-29,0.14129363681325557,21,0.6311284,0.8043444
2023-11-30,0.34610154134178117,1,0.7248359,0.68349457
2023-11-30,0.34610154134178117,3,0.72863644,0.6925401
2023-11-30,0.34610154134178117,5,0.72929734,0.7039141
2023-11-30,0.34610154134178117,10,0.70116526,0.71970624
2023-11-30,0.34610154134178117,21,0.630479,0.74104017
2023-12-01,0.7624969518352565,1,0.72375214,0.6902788
2023-12-01,0.7624969518352565,3,0.7284509,0.7012234
2023-12-01,0.7624969518352565,5,0.7290672,0.70872164
2023-12-01,0.7624969518352565,10,0.69857085,0.71738154
2023-12-01,0.7624969518352565,21,0.63079065,0.7376475
2023-12-04,-0.3185287410030213,1,0.72863644,0.6686629
2023-12-04,-0.3185287410030213,3,0.72929734,0.674007
2023-12-04,-0.3185287410030213,5,0.70863456,0.6868349
2023-12-04,-0.3185287410030213,10,0.68254185,0.7071015
2023-12-04,-0.3185287410030213,21,0.64166987,0.7384864
2023-12-05,0.4748586727606252,1,0.7284509,0.73235726
2023-12-05,0.4748586727606252,3,0.7290672,0.72106165
2023-12-05,0.4748586727606252,5,0.7165947,0.72183007
2023-12-05,0.4748586727606252,10,0.68130326,0.74233365
2023-12-05,0.4748586727606252,21,0.6446307,0.7623718
2023-12-06,0.4675287794895233,1,0.72929734,0.7405085
2023-12-06,0.4675287794895233,3,0.70863456,0.7406584
2023-12-06,0.4675287794895233,5,0.7008519,0.74123996
2023-12-06,0.4675287794895233,10,0.67282784,0.75099176
2023-12-06,0.4675287794895233,21,0.59718615,0.7676692
2023-12-07,-0.06540983124905253,1,0.7290672,0.72879285
2023-12-07,-0.06540983124905253,3,0.7165947,0.72325784
2023-12-07,-0.06540983124905253,5,0.70116526,0.72976273
2023-12-07,-0.06540983124905253,10,0.66391313,0.7282503
2023-12-07,-0.06540983124905253,21,0.5926417,0.74234605
2023-12-08,0.916909794385834,1,0.70863456,0.74250805
2023-12-08,0.916909794385834,3,0.7008519,0.73576504
2023-12-08,0.916909794385834,5,0.69857085,0.7350268
2023-12-08,0.916909794385834,10,0.66415393,0.747272
2023-12-08,0.916909794385834,21,0.5936602,0.7711656
2023-12-11,0.2690591034900436,1,0.7165947,0.7462976
2023-12-11,0.2690591034900436,3,0.70116526,0.74388605
2023-12-11,0.2690591034900436,5,0.68254185,0.74015725
2023-12-11,0.2690591034900436,10,0.66470015,0.75286895
2023-12-11,0.2690591034900436,21,0.57343537,0.7718982
2023-12-12,-0.11573617759497168,1,0.7008519,0.7091124
2023-12-12,-0.11573617759497168,3,0.69857085,0.7057216
2023-12-12,-0.11573617759497168,5,0.68130326,0.699429
2023-12-12,-0.11573617759497168,10,0.6632272,0.7230328
2023-12-12,-0.11573617759497168,21,0.5755231,0.7657028
2023-12-13,-0.1432381416648809,1,0.70116526,0.6589525
2023-12-13,-0.1432381416648809,3,0.68254185,0.6570654
2023-12-13,-0.1432381416648809,5,0.67282784,0.6639572
2023-12-13,-0.1432381416648809,10,0.64726555,0.66127586
2023-12-13,-0.1432381416648809,21,0.5861586,0.6669025
2023-12-14,0.8356544639108954,1,0.69857085,0.6928537
2023-12-14,0.8356544639108954,3,0.68130326,0.69825435
2023-12-14,0.8356544639108954,5,0.66391313,0.7054094
2023-12-14,0.8356544639108954,10,0.6311284,0.7036801
2023-12-14,0.8356544639108954,21,0.57582825,0.7104388
2023-12-15,0.13206033863593092,1,0.68254185,0.6457167
2023-12-15,0.13206033863593092,3,0.67282784,0.64710665
2023-12-15,0.13206033863593092,5,0.66415393,0.65281004
2023-12-15,0.13206033863593092,10,0.630479,0.66079193
2023-12-15,0.13206033863593092,21,0.5671482,0.68674177
2023-12-18,-0.3601856275237125,1,0.68130326,0.75678176
2023-12-18,-0.3601856275237125,3,0.66391313,0.75822204
2023-12-18,-0.3601856275237125,5,0.66470015,0.7618914
2023-12-18,-0.3601856275237125,10,0.63079065,0.75663954
2023-12-18,-0.3601856275237125,21,0.54913896,0.7754668
2023-12-19,0.24455309763364852,1,0.67282784,0.6449
2023-12-19,0.24455309763364852,3,0.66415393,0.6404024
2023-12-19,0.24455309763364852,5,0.6632272,0.6478605
2023-12-19,0.24455309763364852,10,0.64166987,0.6391752
2023-12-19,0.24455309763364852,21,0.5591998,0.65353006
2023-12-20,-0.030000643095995372,1,0.66391313,0.75042963
2023-12-20,-0.030000643095995372,3,0.66470015,0.7453661
2023-12-20,-0.030000643095995372,5,0.64726555,0.73743355
2023-12-20,-0.030000643095995372,10,0.6446307,0.7240946
2023-12-20,-0.030000643095995372,21,0.5571041,0.72800386
2023-12-21,-0.29620323726318176,1,0.66415393,0.71642923
2023-12-21,-0.29620323726318176,3,0.6632272,0.71405613
2023-12-21,-0.29620323726318176,5,0.6311284,0.7156644
2023-12-21,-0.29620323726318176,10,0.59718615,0.70566815
2023-12-21,-0.29620323726318176,21,0.5601928,0.70250475
2023-12-22,0.042266184458483735,1,0.66470015,0.6687707
2023-12-22,0.042266184458483735,3,0.64726555,0.66853523
2023-12-22,0.042266184458483735,5,0.630479,0.67302316
2023-12-22,0.042266184458483735,10,0.5926417,0.6791686
2023-12-22,0.042266184458483735,21,0.55749774,0.692551
2023-12-27,0.2810808795365993,1,0.6632272,0.6620158
2023-12-27,0.2810808795365993,3,0.6311284,0.65618616
2023-12-27,0.2810808795365993,5,0.63079065,0.65700954
2023-12-27,0.2810808795365993,10,0.5936602,0.6485941
2023-12-27,0.2810808795365993,21,0.5688803,0.64220196
2023-12-28,-0.3756672503876679,1,0.64726555,0.6560707
2023-12-28,-0.3756672503876679,3,0.630479,0.6597322
2023-12-28,-0.3756672503876679,5,0.64166987,0.6706706
2023-12-28,-0.3756672503876679,10,0.57343537,0.6779566
2023-12-28,-0.3756672503876679,21,0.5696787,0.70261264
2023-12-29,0.0451546554595339,1,0.6311284,0.6765085
2023-12-29,0.0451546554595339,3,0.63079065,0.6713923
2023-12-29,0.0451546554595339,5,0.6446307,0.6719145
2023-12-29,0.0451546554595339,10,0.5755231,0.67291945
2023-12-29,0.0451546554595339,21,0.5633013,0.66508025
2024-01-02,-0.02938404610786094,1,0.630479,0.5855659
2024-01-02,-0.02938404610786094,3,0.64166987,0.58064264
2024-01-02,-0.02938404610786094,5,0.59718615,0.58670765
2024-01-02,-0.02938404610786094,10,0.5861586,0.58029896
2024-01-02,-0.02938404610786094,21,0.55955523,0.57406837
2024-01-03,-1.0179873148132401,1,0.63079065,0.6307253
2024-01-03,-1.0179873148132401,3,0.6446307,0.6215277
2024-01-03,-1.0179873148132401,5,0.5926417,0.6249963
2024-01-03,-1.0179873148132401,10,0.57582825,0.6143324
2024-01-03,-1.0179873148132401,21,0.5223712,0.60355544
2024-01-04,0.6352069171698282,1,0.64166987,0.6524792
2024-01-04,0.6352069171698282,3,0.59718615,0.64887464
2024-01-04,0.6352069171698282,5,0.5936602,0.6567806
2024-01-04,0.6352069171698282,10,0.5671482,0.654754
2024-01-04,0.6352069171698282,21,0.5235538,0.6623608
2024-01-05,-0.15337923314513446,1,0.6446307,0.5994426
2024-01-05,-0.15337923314513446,3,0.5926417,0.59819716
2024-01-05,-0.15337923314513446,5,0.57343537,0.60941637
2024-01-05,-0.15337923314513446,10,0.54913896,0.6053979
2024-01-05,-0.15337923314513446,21,0.5251751,0.6178384
2024-01-08,0.0907597953216488,1,0.59718615,0.5364945
2024-01-08,0.0907597953216488,3,0.5936602,0.5350931
2024-01-08,0.0907597953216488,5,0.5755231,0.5488237
2024-01-08,0.0907597953216488,10,0.5591998,0.5460852
2024-01-08,0.0907597953216488,21,0.5193855,0.5661434
2024-01-09,-0.19170071740770567,1,0.5926417,0.5876246
2024-01-09,-0.19170071740770567,3,0.57343537,0.5867789
2024-01-09,-0.19170071740770567,5,0.5861586,0.5982741
2024-01-09,-0.19170071740770567,10,0.5571041,0.5973123
2024-01-09,-0.19170071740770567,21,0.51940805,0.61542785
2024-01-10,-0.2679872594416821,1,0.5936602,0.5579966
2024-01-10,-0.2679872594416821,3,0.5755231,0.54849476
2024-01-10,-0.2679872594416821,5,0.57582825,0.55096877
2024-01-10,-0.2679872594416821,10,0.5601928,0.55159366
2024-01-10,-0.2679872594416821,21,0.5143339,0.5763271
2024-01-11,-0.37755446371967594,1,0.57343537,0.59625465
2024-01-11,-0.37755446371967594,3,0.5861586,0.59689605
2024-01-11,-0.37755446371967594,5,0.5671482,0.6033721
2024-01-11,-0.37755446371967594,10,0.55749774,0.60393083
2024-01-11,-0.37755446371967594,21,0.51033795,0.6160919
2024-01-12,0.9480593306156138,1,0.5755231,0.6075581
2024-01-12,0.9480593306156138,3,0.57582825,0.616071
2024-01-12,0.9480593306156138,5,0.54913896,0.62564397
2024-01-12,0.9480593306156138,10,0.5688803,0.6367405
2024-01-12,0.9480593306156138,21,0.5023945,0.68128014
2024-01-15,-0.44039439922611834,1,0.5861586,0.598047
2024-01-15,-0.44039439922611834,3,0.5671482,0.59513414
2024-01-15,-0.44039439922611834,5,0.5591998,0.6022465
2024-01-15,-0.44039439922611834,10,0.5696787,0.5956961
2024-01-15,-0.44039439922611834,21,0.48927385,0.6036166
2024-01-16,-0.18147841158562272,1,0.57582825,0.57472473
2024-01-16,-0.18147841158562272,3,0.54913896,0.5726245
2024-01-16,-0.18147841158562272,5,0.5571041,0.586487
2024-01-16,-0.18147841158562272,10,0.5633013,0.5832928
2024-01-16,-0.18147841158562272,21,0.48949277,0.5993637
2024-01-17,-1.0088128642078864,1,0.5671482,0.60488427
2024-01-17,-1.0088128642078864,3,0.5591998,0.59616196
2024-01-17,-1.0088128642078864,5,0.5601928,0.5939334
2024-01-17,-1.0088128642078864,10,0.55955523,0.5950648
2024-01-17,-1.0088128642078864,21,0.4950026,0.61236715
2024-01-18,0.9711745247724224,1,0.54913896,0.56007355
2024-01-18,0.9711745247724224,3,0.5571041,0.5591884
2024-01-18,0.9711745247724224,5,0.55749774,0.57116485
2024-01-18,0.9711745247724224,10,0.5223712,0.56636536
2024-01-18,0.9711745247724224,21,0.48555204,0.57277495
2024-01-19,-0.1021291479139208,1,0.5591998,0.5756441
2024-01-19,-0.1021291479139208,3,0.5601928,0.5800232
2024-01-19,-0.1021291479139208,5,0.5688803,0.5888657
2024-01-19,-0.1021291479139208,10,0.5235538,0.5933467
2024-01-19,-0.1021291479139208,21,0.4892855,0.60960287
2024-01-22,0.5881647337802498,1,0.5571041,0.5841868
2024-01-22,0.5881647337802498,3,0.55749774,0.5939529
2024-01-22,0.5881647337802498,5,0.5696787,0.60593706
2024-01-22,0.5881647337802498,10,0.5251751,0.602415
2024-01-22,0.5881647337802498,21,0.48715013,0.6195619
2024-01-23,-0.1550147574401528,1,0.5601928,0.56905365
2024-01-23,-0.1550147574401528,3,0.5688803,0.56835324
2024-01-23,-0.1550147574401528,5,0.5633013,0.5787306
2024-01-23,-0.1550147574401528,10,0.5193855,0.5717549
2024-01-23,-0.1550147574401528,21,0.48824924,0.5803791
2024-01-24,1.5074600760961232,1,0.55749774,0.5394062
2024-01-24,1.5074600760961232,3,0.5696787,0.540386
2024-01-24,1.5074600760961232,5,0.55955523,0.55377555
2024-01-24,1.5074600760961232,10,0.51940805,0.5509204
2024-01-24,1.5074600760961232,21,0.488953,0.5637478
2024-01-25,0.43899690015125614,1,0.5688803,0.54723537
2024-01-25,0.43899690015125614,3,0.5633013,0.54683155
2024-01-25,0.43899690015125614,5,0.5223712,0.55986255
2024-01-25,0.43899690015125614,10,0.5143339,0.5603229
2024-01-25,0.43899690015125614,21,0.48772547,0.5770941
2024-01-26,0.5617080487197335,1,0.5696787,0.58590055
2024-01-26,0.5617080487197335,3,0.55955523,0.58484507
2024-01-26,0.5617080487197335,5,0.5235538,0.5953045
2024-01-26,0.5617080487197335,10,0.51033795,0.60274196
2024-01-26,0.5617080487197335,21,0.50411737,0.61686796
2024-01-29,0.07104696080704187,1,0.5633013,0.57943606
2024-01-29,0.07104696080704187,3,0.5223712,0.58487326
2024-01-29,0.07104696080704187,5,0.5251751,0.5971565
2024-01-29,0.07104696080704187,10,0.5023945,0.6092046
2024-01-29,0.07104696080704187,21,0.5031465,0.63582873
2024-01-30,0.3012124489507606,1,0.55955523,0.5545869
2024-01-30,0.3012124489507606,3,0.5235538,0.5633456
2024-01-30,0.3012124489507606,5,0.5193855,0.57857805
2024-01-30,0.3012124489507606,10,0.48927385,0.5889889
2024-01-30,0.3012124489507606,21,0.50907016,0.6139131
2024-01-31,-0.1417166185911256,1,0.5223712,0.5781146
2024-01-31,-0.1417166185911256,3,0.5251751,0.5807665
2024-01-31,-0.1417166185911256,5,0.51940805,0.5971368
2024-01-31,-0.1417166185911256,10,0.48949277,0.6125182
2024-01-31,-0.1417166185911256,21,0.50887275,0.6352045
2024-02-01,-0.3791307054231474,1,0.5235538,0.526919
2024-02-01,-0.3791307054231474,3,0.5193855,0.5298669
2024-02-01,-0.3791307054231474,5,0.5143339,0.5488138
2024-02-01,-0.3791307054231474,10,0.4950026,0.5566761
2024-02-01,-0.3791307054231474,21,0.5032835,0.57754886
2024-02-02,-0.17775023724695416,1,0.5251751,0.531061
2024-02-02,-0.17775023724695416,3,0.51940805,0.5370529
2024-02-02,-0.17775023724695416,5,0.51033795,0.54547036
2024-02-02,-0.17775023724695416,10,0.48555204,0.555038
2024-02-02,-0.17775023724695416,21,0.502235,0.5804008
2024-02-05,0.06210741959824517,1,0.5193855,0.5944071
2024-02-05,0.06210741959824517,3,0.5143339,0.58416945
2024-02-05,0.06210741959824517,5,0.5023945,0.595015
2024-02-05,0.06210741959824517,10,0.4892855,0.6001218
2024-02-05,0.06210741959824517,21,0.5037409,0.61192316
2024-02-06,0.8011061507888328,1,0.51940805,0.5497607
2024-02-06,0.8011061507888328,3,0.51033795,0.545264
2024-02-06,0.8011061507888328,5,0.48927385,0.5575883
2024-02-06,0.8011061507888328,10,0.48715013,0.56307524
2024-02-06,0.8011061507888328,21,0.5018896,0.5864757
2024-02-07,-0.2593053475187901,1,0.5143339,0.48158878
2024-02-07,-0.2593053475187901,3,0.5023945,0.48452973
2024-02-07,-0.2593053475187901,5,0.48949277,0.49874604
2024-02-07,-0.2593053475187901,10,0.48824924,0.49783897
2024-02-07,-0.2593053475187901,21,0.50209254,0.5209237
2024-02-08,0.4620756782882651,1,0.51033795,0.53418845
2024-02-08,0.4620756782882651,3,0.48927385,0.5321482
2024-02-08,0.4620756782882651,5,0.4950026,0.538104
2024-02-08,0.4620756782882651,10,0.488953,0.53300804
2024-02-08,0.4620756782882651,21,0.49466133,0.5461408
2024-02-09,0.3312381211515003,1,0.5023945,0.49688512
2024-02-09,0.3312381211515003,3,0.48949277,0.49818313
2024-02-09,0.3312381211515003,5,0.48555204,0.5115682
2024-02-09,0.3312381211515003,10,0.48772547,0.5186328
2024-02-09,0.3312381211515003,21,0.5038286,0.52976346
2024-02-12,0.397429739723254,1,0.48927385,0.48666924
2024-02-12,0.397429739723254,3,0.4950026,0.4884289
2024-02-12,0.397429739723254,5,0.4892855,0.50522196
2024-02-12,0.397429739723254,10,0.50411737,0.51373494
2024-02-12,0.397429739723254,21,0.50495213,0.5457965
2024-02-13,-1.026672292647568,1,0.48949277,0.49473274
2024-02-13,-1.026672292647568,3,0.48555204,0.4966907
2024-02-13,-1.026672292647568,5,0.48715013,0.51881737
2024-02-13,-1.026672292647568,10,0.5031465,0.51950896
2024-02-13,-1.026672292647568,21,0.5113738,0.5422437
2024-02-14,0.33082852634951365,1,0.4950026,0.51265734
2024-02-14,0.33082852634951365,3,0.4892855,0.5300117
2024-02-14,0.33082852634951365,5,0.48824924,0.55129117
2024-02-14,0.33082852634951365,10,0.50907016,0.5682182
2024-02-14,0.33082852634951365,21,0.5114509,0.5994556
2024-02-15,0.5778914053710338,1,0.48555204,0.4747197
2024-02-15,0.5778914053710338,3,0.48715013,0.48444712
2024-02-15,0.5778914053710338,5,0.488953,0.5072553
2024-02-15,0.5778914053710338,10,0.50887275,0.52106035
2024-02-15,0.5778914053710338,21,0.5119058,0.5480874
2024-02-16,0.4654489379878335,1,0.4892855,0.52231985
2024-02-16,0.4654489379878335,3,0.48824924,0.53048885
2024-02-16,0.4654489379878335,5,0.48772547,0.549393
2024-02-16,0.4654489379878335,10,0.5032835,0.56184196
2024-02-16,0.4654489379878335,21,0.5089581,0.58668643
2024-02-19,-0.1389921565279728,1,0.48715013,0.5192474
2024-02-19,-0.1389921565279728,3,0.488953,0.52855366
2024-02-19,-0.1389921565279728,5,0.50411737,0.5490707
2024-02-19,-0.1389921565279728,10,0.502235,0.5675523
2024-02-19,-0.1389921565279728,21,0.50950515,0.5954249
2024-02-20,-0.23555178479339745,1,0.48824924,0.5043756
2024-02-20,-0.23555178479339745,3,0.48772547,0.5141953
2024-02-20,-0.23555178479339745,5,0.5031465,0.53345776
2024-02-20,-0.23555178479339745,10,0.5037409,0.5488753
2024-02-20,-0.23555178479339745,21,0.5092035,0.5777977
2024-02-21,0.23139979425934598,1,0.488953,0.50542194
2024-02-21,0.23139979425934598,3,0.50411737,0.5119329
2024-02-21,0.23139979425934598,5,0.50907016,0.53019774
2024-02-21,0.23139979425934598,10,0.5018896,0.5358623
2024-02-21,0.23139979425934598,21,0.51017183,0.5555363
2024-02-22,1.2283595189208185,1,0.48772547,0.5310204
2024-02-22,1.2283595189208185,3,0.5031465,0.53729796
2024-02-22,1.2283595189208185,5,0.50887275,0.5574387
2024-02-22,1.2283595189208185,10,0.50209254,0.5731875
2024-02-22,1.2283595189208185,21,0.51097924,0.5985406
2024-02-23,0.2866857023524183,1,0.50411737,0.5146353
2024-02-23,0.2866857023524183,3,0.50907016,0.5166991
2024-02-23,0.2866857023524183,5,0.5032835,0.5383939
2024-02-23,0.2866857023524183,10,0.49466133,0.55138254
2024-02-23,0.2866857023524183,21,0.5220628,0.58452785
2024-02-26,-0.4673097251870928,1,0.5031465,0.59582293
2024-02-26,-0.4673097251870928,3,0.50887275,0.6057539
2024-02-26,-0.4673097251870928,5,0.502235,0.61098826
2024-02-26,-0.4673097251870928,10,0.5038286,0.63027364
2024-02-26,-0.4673097251870928,21,0.51864064,0.67201084
2024-02-27,0.31656089802485354,1,0.50907016,0.54276615
2024-02-27,0.31656089802485354,3,0.5032835,0.54260117
2024-02-27,0.31656089802485354,5,0.5037409,0.55934066
2024-02-27,0.31656089802485354,10,0.50495213,0.5739976
2024-02-27,0.31656089802485354,21,0.51865834,0.5937065
2024-02-28,-0.15302744499718912,1,0.50887275,0.53457844
2024-02-28,-0.15302744499718912,3,0.502235,0.53208643
2024-02-28,-0.15302744499718912,5,0.5018896,0.5513793
2024-02-28,-0.15302744499718912,10,0.5113738,0.5625335
2024-02-28,-0.15302744499718912,21,0.5185679,0.58370703
2024-02-29,-0.2375192346918631,1,0.5032835,0.48154545
2024-02-29,-0.2375192346918631,3,0.5037409,0.48872757
2024-02-29,-0.2375192346918631,5,0.50209254,0.5080094
2024-02-29,-0.2375192346918631,10,0.5114509,0.5163201
2024-02-29,-0.2375192346918631,21,0.4959758,0.5378637
2024-03-01,0.5842275624228677,1,0.502235,0.51113516
2024-03-01,0.5842275624228677,3,0.5018896,0.511541
2024-03-01,0.5842275624228677,5,0.49466133,0.5307859
2024-03-01,0.5842275624228677,10,0.5119058,0.53675985
2024-03-01,0.5842275624228677,21,0.49224988,0.5521049
2024-03-04,0.23137919064017964,1,0.5037409,0.54199326
2024-03-04,0.23137919064017964,3,0.50209254,0.5429627
2024-03-04,0.23137919064017964,5,0.5038286,0.56262165
2024-03-04,0.23137919064017964,10,0.5089581,0.5723797
2024-03-04,0.23137919064017964,21,0.49495503,0.59055364
2024-03-05,-0.09725014112849095,1,0.5018896,0.5069426
2024-03-05,-0.09725014112849095,3,0.49466133,0.5111994
2024-03-05,-0.09725014112849095,5,0.50495213,0.5303696
2024-03-05,-0.09725014112849095,10,0.50950515,0.537692
2024-03-05,-0.09725014112849095,21,0.49954224,0.5550039
2024-03-06,0.5665276246276996,1,0.50209254,0.5210571
2024-03-06,0.5665276246276996,3,0.5038286,0.52273744
2024-03-06,0.5665276246276996,5,0.5113738,0.5422017
2024-03-06,0.5665276246276996,10,0.5092035,0.5461816
2024-03-06,0.5665276246276996,21,0.49861157,0.56774217
2024-03-07,0.8676317976177295,1,0.49466133,0.49078053
2024-03-07,0.8676317976177295,3,0.50495213,0.50889754
2024-03-07,0.8676317976177295,5,0.5114509,0.5351405
2024-03-07,0.8676317976177295,10,0.51017183,0.5532597
2024-03-07,0.8676317976177295,21,0.50627315,0.58045065
2024-03-08,-0.233681051268686,1,0.5038286,0.46977603
2024-03-08,-0.233681051268686,3,0.5113738,0.4788788
2024-03-08,-0.233681051268686,5,0.5119058,0.4972285
2024-03-08,-0.233681051268686,10,0.51097924,0.501038
2024-03-08,-0.233681051268686,21,0.5062846,0.5224151
2024-03-11,-0.5656417299466199,1,0.50495213,0.50720817
2024-03-11,-0.5656417299466199,3,0.5114509,0.5187702
2024-03-11,-0.5656417299466199,5,0.5089581,0.52441746
2024-03-11,-0.5656417299466199,10,0.5220628,0.5350394
2024-03-11,-0.5656417299466199,21,0.5088131,0.5715775
2024-03-12,0.8388870384430369,1,0.5113738,0.5194743
2024-03-12,0.8388870384430369,3,0.5119058,0.5255369
2024-03-12,0.8388870384430369,5,0.50950515,0.5469538
2024-03-12,0.8388870384430369,10,0.51864064,0.5654286
2024-03-12,0.8388870384430369,21,0.5032809,0.58513224
2024-03-13,0.2758437742645725,1,0.5114509,0.5373423
2024-03-13,0.2758437742645725,3,0.5089581,0.53470635
2024-03-13,0.2758437742645725,5,0.5092035,0.5404701
2024-03-13,0.2758437742645725,10,0.51865834,0.5598818
2024-03-13,0.2758437742645725,21,0.5068604,0.6172496
2024-03-14,-0.09164033484685419,1,0.5119058,0.474496
2024-03-14,-0.09164033484685419,3,0.50950515,0.48041433
2024-03-14,-0.09164033484685419,5,0.51017183,0.49642372
2024-03-14,-0.09164033484685419,10,0.5185679,0.4909643
2024-03-14,-0.09164033484685419,21,0.483645,0.51355183
2024-03-15,-0.11785110610640359,1,0.5089581,0.5232471
2024-03-15,-0.11785110610640359,3,0.5092035,0.52783686
2024-03-15,-0.11785110610640359,5,0.51097924,0.53933644
2024-03-15,-0.11785110610640359,10,0.4959758,0.549444
2024-03-15,-0.11785110610640359,21,0.47292048,0.5729064
2024-03-18,0.13123449332788084,1,0.50950515,0.5455812
2024-03-18,0.13123449332788084,3,0.51017183,0.5467332
2024-03-18,0.13123449332788084,5,0.5220628,0.55780023
2024-03-18,0.13123449332788084,10,0.49224988,0.5680264
2024-03-18,0.13123449332788084,21,0.50746065,0.6078989
2024-03-19,0.5957501333806015,1,0.5092035,0.57317525
2024-03-19,0.5957501333806015,3,0.51097924,0.5742947
2024-03-19,0.5957501333806015,5,0.51864064,0.57740045
2024-03-19,0.5957501333806015,10,0.49495503,0.5710433
2024-03-19,0.5957501333806015,21,0.51015437,0.5989112
2024-03-20,-0.11380540506138459,1,0.51017183,0.5350647
2024-03-20,-0.11380540506138459,3,0.5220628,0.5327383
2024-03-20,-0.11380540506138459,5,0.51865834,0.5435416
2024-03-20,-0.11380540506138459,10,0.49954224,0.5500537
2024-03-20,-0.11380540506138459,21,0.51011246,0.560287
2024-03-21,0.9701672484448309,1,0.51097924,0.50815296
2024-03-21,0.9701672484448309,3,0.51864064,0.5037537
2024-03-21,0.9701672484448309,5,0.5185679,0.5170057
2024-03-21,0.9701672484448309,10,0.49861157,0.51935625
2024-03-21,0.9701672484448309,21,0.48096338,0.53940856
2024-03-22,-0.0824687902386323,1,0.5220628,0.507461
2024-03-22,-0.0824687902386323,3,0.51865834,0.5095755
2024-03-22,-0.0824687902386323,5,0.4959758,0.5253762
2024-03-22,-0.0824687902386323,10,0.50627315,0.5318172
2024-03-22,-0.0824687902386323,21,0.4811612,0.5630933
2024-03-25,0.23930159120801875,1,0.51864064,0.5509044
2024-03-25,0.23930159120801875,3,0.5185679,0.54802614
2024-03-25,0.23930159120801875,5,0.49224988,0.5566705
2024-03-25,0.23930159120801875,10,0.5062846,0.55466145
2024-03-25,0.23930159120801875,21,0.49294925,0.5685774
2024-03-26,0.29980101481674737,1,0.51865834,0.5070008
2024-03-26,0.29980101481674737,3,0.4959758,0.50830406
2024-03-26,0.29980101481674737,5,0.49495503,0.5219636
2024-03-26,0.29980101481674737,10,0.5088131,0.5229817
2024-03-26,0.29980101481674737,21,0.49440774,0.5314913
2024-03-27,0.10432489947795887,1,0.5185679,0.5020441
2024-03-27,0.10432489947795887,3,0.49224988,0.50492966
2024-03-27,0.10432489947795887,5,0.49954224,0.51471287
2024-03-27,0.10432489947795887,10,0.5032809,0.51805234
2024-03-27,0.10432489947795887,21,0.5048115,0.5442966
2024-03-28,0.09569943245173462,1,0.4959758,0.5205793
2024-03-28,0.09569943245173462,3,0.49495503,0.5161155
2024-03-28,0.09569943245173462,5,0.49861157,0.5367081
2024-03-28,0.09569943245173462,10,0.5068604,0.5316454
2024-03-28,0.09569943245173462,21,0.515956,0.54745847
2024-04-02,-0.3504699486041929,1,0.49224988,0.47901565
2024-04-02,-0.3504699486041929,3,0.49954224,0.48516393
2024-04-02,-0.3504699486041929,5,0.50627315,0.5029039
2024-04-02,-0.3504699486041929,10,0.483645,0.5047166
2024-04-02,-0.3504699486041929,21,0.51251775,0.5189735
2024-04-03,0.685351548766544,1,0.49495503,0.47707677
2024-04-03,0.685351548766544,3,0.49861157,0.4787376
2024-04-03,0.685351548766544,5,0.5062846,0.4963405
2024-04-03,0.685351548766544,10,0.47292048,0.49284256
2024-04-03,0.685351548766544,21,0.5304807,0.50497466
2024-04-04,-0.1019154973624481,1,0.49954224,0.4907912
2024-04-04,-0.1019154973624481,3,0.50627315,0.50215644
2024-04-04,-0.1019154973624481,5,0.5088131,0.5084908
2024-04-04,-0.1019154973624481,10,0.50746065,0.51576364
2024-04-04,-0.1019154973624481,21,0.534967,0.54737264
2024-04-05,-0.6426251623359747,1,0.49861157,0.51101804
2024-04-05,-0.6426251623359747,3,0.5062846,0.51266277
2024-04-05,-0.6426251623359747,5,0.5032809,0.52779585
2024-04-05,-0.6426251623359747,10,0.51015437,0.5288682
2024-04-05,-0.6426251623359747,21,0.52999544,0.55677426
2024-04-08,0.7125399279800604,1,0.50627315,0.52322364
2024-04-08,0.7125399279800604,3,0.5088131,0.52501637
2024-04-08,0.7125399279800604,5,0.5068604,0.5387044
2024-04-08,0.7125399279800604,10,0.51011246,0.53830135
2024-04-08,0.7125399279800604,21,0.53440875,0.5543561
2024-04-09,-0.7158292393630639,1,0.5062846,0.5289618
2024-04-09,-0.7158292393630639,3,0.5032809,0.526615
2024-04-09,-0.7158292393630639,5,0.483645,0.54544157
2024-04-09,-0.7158292393630639,10,0.48096338,0.5447067
2024-04-09,-0.7158292393630639,21,0.5404316,0.56455684
2024-04-10,0.2890460215741797,1,0.5088131,0.56071746
2024-04-10,0.2890460215741797,3,0.5068604,0.5624744
2024-04-10,0.2890460215741797,5,0.47292048,0.56816703
2024-04-10,0.2890460215741797,10,0.4811612,0.5817868
2024-04-10,0.2890460215741797,21,0.5408514,0.6145953
2024-04-11,-0.4180723516256535,1,0.5032809,0.535307
2024-04-11,-0.4180723516256535,3,0.483645,0.53618413
2024-04-11,-0.4180723516256535,5,0.50746065,0.55217147
2024-04-11,-0.4180723516256535,10,0.49294925,0.56228167
2024-04-11,-0.4180723516256535,21,0.5413857,0.595083
2024-04-12,0.2197716313323994,1,0.5068604,0.58454335
2024-04-12,0.2197716313323994,3,0.47292048,0.59059393
2024-04-12,0.2197716313323994,5,0.51015437,0.5924758
2024-04-12,0.2197716313323994,10,0.49440774,0.5993675
2024-04-12,0.2197716313323994,21,0.52636236,0.63572395
2024-04-15,0.002629070952231416,1,0.483645,0.51352525
2024-04-15,0.002629070952231416,3,0.50746065,0.5158149
2024-04-15,0.002629070952231416,5,0.51011246,0.5313799
2024-04-15,0.002629070952231416,10,0.5048115,0.5347159
2024-04-15,0.002629070952231416,21,0.5265714,0.54440653
2024-04-16,-1.2965974445152462,1,0.47292048,0.49217623
2024-04-16,-1.2965974445152462,3,0.51015437,0.4964044
2024-04-16,-1.2965974445152462,5,0.48096338,0.5140781
2024-04-16,-1.2965974445152462,10,0.515956,0.52042806
2024-04-16,-1.2965974445152462,21,0.5235537,0.5406415
2024-04-17,-0.47787902381868363,1,0.50746065,0.5537851
2024-04-17,-0.47787902381868363,3,0.51011246,0.55904406
2024-04-17,-0.47787902381868363,5,0.4811612,0.571919
2024-04-17,-0.47787902381868363,10,0.51251775,0.5850523
2024-04-17,-0.47787902381868363,21,0.5228313,0.6034248
2024-04-18,0.4066091176824216,1,0.51015437,0.5744183
2024-04-18,0.4066091176824216,3,0.48096338,0.57958055
2024-04-18,0.4066091176824216,5,0.49294925,0.59110045
2024-04-18,0.4066091176824216,10,0.5304807,0.6073346
2024-04-18,0.4066091176824216,21,0.5233968,0.6217628
2024-04-19,-0.3283636838587789,1,0.51011246,0.49014485
2024-04-19,-0.3283636838587789,3,0.4811612,0.49870324
2024-04-19,-0.3283636838587789,5,0.49440774,0.517128
2024-04-19,-0.3283636838587789,10,0.534967,0.5273441
2024-04-19,-0.3283636838587789,21,0.5222099,0.55157405
2024-04-22,0.45554822843936194,1,0.48096338,0.5636201
2024-04-22,0.45554822843936194,3,0.49294925,0.57767
2024-04-22,0.45554822843936194,5,0.5048115,0.59317344
2024-04-22,0.45554822843936194,10,0.52999544,0.61446476
2024-04-22,0.45554822843936194,21,0.52204543,0.6424337
2024-04-23,1.0531883019666566,1,0.4811612,0.5273902
2024-04-23,1.0531883019666566,3,0.49440774,0.5338845
2024-04-23,1.0531883019666566,5,0.515956,0.55400133
2024-04-23,1.0531883019666566,10,0.53440875,0.5671566
2024-04-23,1.0531883019666566,21,0.50602716,0.5905814
2024-04-24,-0.1878467064583944,1,0.49294925,0.5197573
2024-04-24,-0.1878467064583944,3,0.5048115,0.52314955
2024-04-24,-0.1878467064583944,5,0.51251775,0.5384665
2024-04-24,-0.1878467064583944,10,0.5404316,0.54672825
2024-04-24,-0.1878467064583944,21,0.5077714,0.5621247
2024-04-25,-0.7177175179478468,1,0.49440774,0.48805892
2024-04-25,-0.7177175179478468,3,0.515956,0.4913013
2024-04-25,-0.7177175179478468,5,0.5304807,0.51441884
2024-04-25,-0.7177175179478468,10,0.5408514,0.524458
2024-04-25,-0.7177175179478468,21,0.5034018,0.5443383
2024-04-26,0.9588879036869002,1,0.5048115,0.5268075
2024-04-26,0.9588879036869002,3,0.51251775,0.5357409
2024-04-26,0.9588879036869002,5,0.534967,0.55647945
2024-04-26,0.9588879036869002,10,0.5413857,0.5772329
2024-04-26,0.9588879036869002,21,0.5028544,0.6026951
2024-04-29,-0.055299176529910454,1,0.515956,0.5294733
2024-04-29,-0.055299176529910454,3,0.5304807,0.5372312
2024-04-29,-0.055299176529910454,5,0.52999544,0.55812675
2024-04-29,-0.055299176529910454,10,0.52636236,0.57786727
2024-04-29,-0.055299176529910454,21,0.50350046,0.61140347
2024-04-30,-0.9913389372058212,1,0.51251775,0.54478717
2024-04-30,-0.9913389372058212,3,0.534967,0.55297756
2024-04-30,-0.9913389372058212,5,0.53440875,0.5700996
2024-04-30,-0.9913389372058212,10,0.5265714,0.5890584
2024-04-30,-0.9913389372058212,21,0.50836957,0.6163838
2024-05-02,-0.4412458002285291,1,0.5304807,0.5699134
2024-05-02,-0.4412458002285291,3,0.52999544,0.57861894
2024-05-02,-0.4412458002285291,5,0.5404316,0.59322315
2024-05-02,-0.4412458002285291,10,0.5235537,0.60992736
2024-05-02,-0.4412458002285291,21,0.5294771,0.6341575
2024-05-03,0.5243445229633714,1,0.534967,0.6168708
2024-05-03,0.5243445229633714,3,0.53440875,0.623284
2024-05-03,0.5243445229633714,5,0.5408514,0.62936825
2024-05-03,0.5243445229633714,10,0.5228313,0.6505386
2024-05-03,0.5243445229633714,21,0.52926517,0.678329
2024-05-06,0.732924139354818,1,0.52999544,0.5598628
2024-05-06,0.732924139354818,3,0.5404316,0.5717724
2024-05-06,0.732924139354818,5,0.5413857,0.58713907
2024-05-06,0.732924139354818,10,0.5233968,0.6142827
2024-05-06,0.732924139354818,21,0.5288729,0.6536926
2024-05-07,0.8238123059118863,1,0.53440875,0.6495754
2024-05-07,0.8238123059118863,3,0.5408514,0.6582959
2024-05-07,0.8238123059118863,5,0.52636236,0.66269034
2024-05-07,0.8238123059118863,10,0.5222099,0.6960626
2024-05-07,0.8238123059118863,21,0.5256756,0.7467713
2024-05-08,0.3859155580482998,1,0.5404316,0.52872056
2024-05-08,0.3859155580482998,3,0.5413857,0.53650445
2024-05-08,0.3859155580482998,5,0.5265714,0.551933
2024-05-08,0.3859155580482998,10,0.52204543,0.5735216
2024-05-08,0.3859155580482998,21,0.5339843,0.6096849
2024-05-09,0.4525777300885103,1,0.5408514,0.556736
2024-05-09,0.4525777300885103,3,0.52636236,0.56541103
2024-05-09,0.4525777300885103,5,0.5235537,0.57443357
2024-05-09,0.4525777300885103,10,0.50602716,0.5945265
2024-05-09,0.4525777300885103,21,0.5555387,0.6372139
2024-05-10,0.7298099277535997,1,0.5413857,0.5643896
2024-05-10,0.7298099277535997,3,0.5265714,0.56770986
2024-05-10,0.7298099277535997,5,0.5228313,0.5819737
2024-05-10,0.7298099277535997,10,0.5077714,0.5943298
2024-05-10,0.7298099277535997,21,0.55282664,0.6208154
2024-05-13,-0.08892096929846716,1,0.52636236,0.54535985
2024-05-13,-0.08892096929846716,3,0.5235537,0.552049
2024-05-13,-0.08892096929846716,5,0.5233968,0.570491
2024-05-13,-0.08892096929846716,10,0.5034018,0.58533895
2024-05-13,-0.08892096929846716,21,0.5467662,0.6110891
2024-05-14,0.019981887452402702,1,0.5265714,0.5413829
2024-05-14,0.019981887452402702,3,0.5228313,0.55280256
2024-05-14,0.019981887452402702,5,0.5222099,0.5717975
2024-05-14,0.019981887452402702,10,0.5028544,0.59144783
2024-05-14,0.019981887452402702,21,0.5518216,0.62364
2024-05-15,0.3910978869065218,1,0.5235537,0.5909021
2024-05-15,0.3910978869065218,3,0.5233968,0.5971014
2024-05-15,0.3910978869065218,5,0.52204543,0.60857373
2024-05-15,0.3910978869065218,10,0.50350046,0.6216441
2024-05-15,0.3910978869065218,21,0.572244,0.64803296
2024-05-16,-0.19986061399102084,1,0.5228313,0.5301894
2024-05-16,-0.19986061399102084,3,0.5222099,0.5373215
2024-05-16,-0.19986061399102084,5,0.50602716,0.55783504
2024-05-16,-0.19986061399102084,10,0.50836957,0.5732914
2024-05-16,-0.19986061399102084,21,0.59186524,0.60085434
2024-05-17,-0.10941765161467387,1,0.5233968,0.5363447
2024-05-17,-0.10941765161467387,3,0.52204543,0.5371583
2024-05-17,-0.10941765161467387,5,0.5077714,0.55448854
2024-05-17,-0.10941765161467387,10,0.5294771,0.5626185
2024-05-17,-0.10941765161467387,21,0.64011174,0.5877234
2024-05-20,0.08303964171467726,1,0.5222099,0.55260146
2024-05-20,0.08303964171467726,3,0.50602716,0.55518264
2024-05-20,0.08303964171467726,5,0.5034018,0.5661203
2024-05-20,0.08303964171467726,10,0.52926517,0.57308036
2024-05-20,0.08303964171467726,21,0.682157,0.5845318
2024-05-21,-0.41007446532645986,1,0.52204543,0.5356954
2024-05-21,-0.41007446532645986,3,0.5077714,0.542305
2024-05-21,-0.41007446532645986,5,0.5028544,0.5597924
2024-05-21,-0.41007446532645986,10,0.5288729,0.5750364
2024-05-21,-0.41007446532645986,21,0.68824613,0.5976063
2024-05-22,-0.2918142096225651,1,0.50602716,0.5204293
2024-05-22,-0.2918142096225651,3,0.5034018,0.5271152
2024-05-22,-0.2918142096225651,5,0.50350046,0.54845876
2024-05-22,-0.2918142096225651,10,0.5256756,0.56276166
2024-05-22,-0.2918142096225651,21,0.6885259,0.5831171
2024-05-23,0.3060272895563543,1,0.5077714,0.52407295
2024-05-23,0.3060272895563543,3,0.5028544,0.5283442
2024-05-23,0.3060272895563543,5,0.50836957,0.5509544
2024-05-23,0.3060272895563543,10,0.5339843,0.56674784
2024-05-23,0.3060272895563543,21,0.69174534,0.58032787
2024-05-24,-0.03359780870519913,1,0.5034018,0.5442091
2024-05-24,-0.03359780870519913,3,0.50350046,0.554582
2024-05-24,-0.03359780870519913,5,0.5294771,0.5747738
2024-05-24,-0.03359780870519913,10,0.5555387,0.5953321
2024-05-24,-0.03359780870519913,21,0.711028,0.61948204
2024-05-27,0.414015178623206,1,0.5028544,0.5315275
2024-05-27,0.414015178623206,3,0.50836957,0.54152167
2024-05-27,0.414015178623206,5,0.52926517,0.561093
2024-05-27,0.414015178623206,10,0.55282664,0.5730319
2024-05-27,0.414015178623206,21,0.71908206,0.5951122
2024-05-28,-0.540754629657858,1,0.50350046,0.49635184
2024-05-28,-0.540754629657858,3,0.5294771,0.5079203
2024-05-28,-0.540754629657858,5,0.5288729,0.5229019
2024-05-28,-0.540754629657858,10,0.5467662,0.53324276
2024-05-28,-0.540754629657858,21,0.72541434,0.56430244
2024-05-29,-1.170852390300503,1,0.50836957,0.5451822
2024-05-29,-1.170852390300503,3,0.52926517,0.55261415
2024-05-29,-1.170852390300503,5,0.5256756,0.5674846
2024-05-29,-1.170852390300503,10,0.5518216,0.5920007
2024-05-29,-1.170852390300503,21,0.7273535,0.61856616
2024-05-30,0.18379051752326347,1,0.5294771,0.54709804
2024-05-30,0.18379051752326347,3,0.5288729,0.55963284
2024-05-30,0.18379051752326347,5,0.5339843,0.57994944
2024-05-30,0.18379051752326347,10,0.572244,0.6054652
2024-05-30,0.18379051752326347,21,0.7297849,0.637633
2024-05-31,0.022215107671286205,1,0.52926517,0.49632317
2024-05-31,0.022215107671286205,3,0.5256756,0.502573
2024-05-31,0.022215107671286205,5,0.5555387,0.52246696
2024-05-31,0.022215107671286205,10,0.59186524,0.52805895
2024-05-31,0.022215107671286205,21,0.72481847,0.5615561
2024-06-03,0.28639388595905757,1,0.5288729,0.520112
2024-06-03,0.28639388595905757,3,0.5339843,0.5305221
2024-06-03,0.28639388595905757,5,0.55282664,0.5498021
2024-06-03,0.28639388595905757,10,0.64011174,0.56340057
2024-06-03,0.28639388595905757,21,0.72533953,0.5891238
2024-06-04,-1.0490980544536121,1,0.5256756,0.493717
2024-06-04,-1.0490980544536121,3,0.5555387,0.4973058
2024-06-04,-1.0490980544536121,5,0.5467662,0.51505226
2024-06-04,-1.0490980544536121,10,0.682157,0.52783614
2024-06-04,-1.0490980544536121,21,0.73004967,0.5519043
2024-06-05,1.2625439183092446,1,0.5339843,0.53777
2024-06-05,1.2625439183092446,3,0.55282664,0.5527716
2024-06-05,1.2625439183092446,5,0.5518216,0.56105304
2024-06-05,1.2625439183092446,10,0.68824613,0.5815982
2024-06-05,1.2625439183092446,21,0.72369635,0.6241531
2024-06-06,0.5316299159810356,1,0.5555387,0.6334887
2024-06-06,0.5316299159810356,3,0.5467662,0.644108
2024-06-06,0.5316299159810356,5,0.572244,0.65609896
2024-06-06,0.5316299159810356,10,0.6885259,0.6808611
2024-06-06,0.5316299159810356,21,0.7332496,0.71037024
2024-06-07,-0.38352697037282724,1,0.55282664,0.531427
2024-06-07,-0.38352697037282724,3,0.5518216,0.5439093
2024-06-07,-0.38352697037282724,5,0.59186524,0.559679
2024-06-07,-0.38352697037282724,10,0.69174534,0.58866495
2024-06-07,-0.38352697037282724,21,0.73704535,0.631004
2024-06-10,-0.5741455688553998,1,0.5467662,0.5090751
2024-06-10,-0.5741455688553998,3,0.572244,0.50518554
2024-06-10,-0.5741455688553998,5,0.64011174,0.5365017
2024-06-10,-0.5741455688553998,10,0.711028,0.5518856
2024-06-10,-0.5741455688553998,21,0.7356775,0.58422554
2024-06-11,-1.149030395726669,1,0.5518216,0.60177034
2024-06-11,-1.149030395726669,3,0.59186524,0.6013044
2024-06-11,-1.149030395726669,5,0.682157,0.6186363
2024-06-11,-1.149030395726669,10,0.71908206,0.63366014
2024-06-11,-1.149030395726669,21,0.73566276,0.65339255
2024-06-12,1.2136397885249117,1,0.572244,0.5825454
2024-06-12,1.2136397885249117,3,0.64011174,0.594286
2024-06-12,1.2136397885249117,5,0.68824613,0.6082322
2024-06-12,1.2136397885249117,10,0.72541434,0.63507366
2024-06-12,1.2136397885249117,21,0.7467527,0.6587422
2024-06-13,-1.8635756586001584,1,0.59186524,0.5718835
2024-06-13,-1.8635756586001584,3,0.682157,0.58196497
2024-06-13,-1.8635756586001584,5,0.6885259,0.60309786
2024-06-13,-1.8635756586001584,10,0.7273535,0.63286334
2024-06-13,-1.8635756586001584,21,0.7369036,0.66066486
2024-06-14,-1.934197620703948,1,0.64011174,0.6564793
2024-06-14,-1.934197620703948,3,0.68824613,0.6567409
2024-06-14,-1.934197620703948,5,0.69174534,0.6709959
2024-06-14,-1.934197620703948,10,0.7297849,0.7040755
2024-06-14,-1.934197620703948,21,0.7344692,0.7189335
2024-06-17,0.688838186627283,1,0.682157,0.7734622
2024-06-17,0.688838186627283,3,0.6885259,0.79191756
2024-06-17,0.688838186627283,5,0.711028,0.8087944
2024-06-17,0.688838186627283,10,0.72481847,0.8611019
2024-06-17,0.688838186627283,21,0.7423318,0.89508766
2024-06-18,0.9817985493962844,1,0.68824613,0.6941594
2024-06-18,0.9817985493962844,3,0.69174534,0.71263903
2024-06-18,0.9817985493962844,5,0.71908206,0.7272467
2024-06-18,0.9817985493962844,10,0.72533953,0.7771637
2024-06-18,0.9817985493962844,21,0.75039065,0.8130914
2024-06-19,-0.5412751191842702,1,0.6885259,0.63985306
2024-06-19,-0.5412751191842702,3,0.711028,0.6516816
2024-06-19,-0.5412751191842702,5,0.72541434,0.67322457
2024-06-19,-0.5412751191842702,10,0.73004967,0.7315888
2024-06-19,-0.5412751191842702,21,0.7507453,0.801636
2024-06-20,1.2829266773534798,1,0.69174534,0.7321256
2024-06-20,1.2829266773534798,3,0.71908206,0.74486303
2024-06-20,1.2829266773534798,5,0.7273535,0.7648749
2024-06-20,1.2829266773534798,10,0.72369635,0.81161106
2024-06-20,1.2829266773534798,21,0.75335765,0.8602833
2024-06-21,-0.9077318684752811,1,0.711028,0.6920604
2024-06-21,-0.9077318684752811,3,0.72541434,0.70456076
2024-06-21,-0.9077318684752811,5,0.7297849,0.7223187
2024-06-21,-0.9077318684752811,10,0.7332496,0.762137
2024-06-21,-0.9077318684752811,21,0.7530705,0.8038995
2024-06-24,0.7289641261753133,1,0.71908206,0.69646233
2024-06-24,0.7289641261753133,3,0.7273535,0.70561534
2024-06-24,0.7289641261753133,5,0.72481847,0.7149751
2024-06-24,0.7289641261753133,10,0.73704535,0.73864025
2024-06-24,0.7289641261753133,21,0.75372344,0.78086036
2024-06-25,-0.44965388709545806,1,0.72541434,0.7281887
2024-06-25,-0.44965388709545806,3,0.7297849,0.7473203
2024-06-25,-0.44965388709545806,5,0.72533953,0.75448984
2024-06-25,-0.44965388709545806,10,0.7356775,0.7949434
2024-06-25,-0.44965388709545806,21,0.75370145,0.8486482
2024-06-26,-0.5908702958785206,1,0.7273535,0.7338263
2024-06-26,-0.5908702958785206,3,0.72481847,0.7428521
2024-06-26,-0.5908702958785206,5,0.73004967,0.75848645
2024-06-26,-0.5908702958785206,10,0.73566276,0.7848815
2024-06-26,-0.5908702958785206,21,0.75373733,0.82960266
2024-06-27,-0.3414220277005775,1,0.7297849,0.76510125
2024-06-27,-0.3414220277005775,3,0.72533953,0.7861861
2024-06-27,-0.3414220277005775,5,0.72369635,0.7817577
2024-06-27,-0.3414220277005775,10,0.7467527,0.83840096
2024-06-27,-0.3414220277005775,21,0.7503053,0.92579687
2024-06-28,-0.268454730839629,1,0.72481847,0.7789648
2024-06-28,-0.268454730839629,3,0.73004967,0.7899514
2024-06-28,-0.268454730839629,5,0.7332496,0.7930694
2024-06-28,-0.268454730839629,10,0.7369036,0.82698375
2024-06-28,-0.268454730839629,21,0.7731653,0.87621546
2024-07-01,0.8433037246730279,1,0.72533953,0.72501445
2024-07-01,0.8433037246730279,3,0.72369635,0.7342213
2024-07-01,0.8433037246730279,5,0.73704535,0.7337353
2024-07-01,0.8433037246730279,10,0.7344692,0.7700897
2024-07-01,0.8433037246730279,21,0.7821151,0.8327937
2024-07-02,-0.044102023393932654,1,0.73004967,0.7641749
2024-07-02,-0.044102023393932654,3,0.7332496,0.76653326
2024-07-02,-0.044102023393932654,5,0.7356775,0.7721591
2024-07-02,-0.044102023393932654,10,0.7423318,0.81768924
2024-07-02,-0.044102023393932654,21,0.7793963,0.8816999
2024-07-03,1.123857494589764,1,0.72369635,0.7423739
2024-07-03,1.123857494589764,3,0.73704535,0.7480306
2024-07-03,1.123857494589764,5,0.73566276,0.74578685
2024-07-03,1.123857494589764,10,0.75039065,0.7736652
2024-07-03,1.123857494589764,21,0.77476215,0.81704545
2024-07-04,0.644271003255259,1,0.7332496,0.769851
2024-07-04,0.644271003255259,3,0.7356775,0.78451765
2024-07-04,0.644271003255259,5,0.7467527,0.7936831
2024-07-04,0.644271003255259,10,0.7507453,0.8286847
2024-07-04,0.644271003255259,21,0.786206,0.86972487
2024-07-05,-0.2320651875560742,1,0.73704535,0.7492445
2024-07-05,-0.2320651875560742,3,0.73566276,0.7559805
2024-07-05,-0.2320651875560742,5,0.7369036,0.77334714
2024-07-05,-0.2320651875560742,10,0.75335765,0.82215387
2024-07-05,-0.2320651875560742,21,0.81261903,0.86933374
2024-07-08,-0.22139063388770808,1,0.7356775,0.73300517
2024-07-08,-0.22139063388770808,3,0.7467527,0.73848975
2024-07-08,-0.22139063388770808,5,0.7344692,0.7430554
2024-07-08,-0.22139063388770808,10,0.7530705,0.7742544
2024-07-08,-0.22139063388770808,21,0.8732836,0.79521215
2024-07-09,-1.007698795035683,1,0.73566276,0.7937052
2024-07-09,-1.007698795035683,3,0.7369036,0.8066451
2024-07-09,-1.007698795035683,5,0.7423318,0.818385
2024-07-09,-1.007698795035683,10,0.75372344,0.84429806
2024-07-09,-1.007698795035683,21,0.89858097,0.8569341
2024-07-10,0.8855926135026948,1,0.7467527,0.7455854
2024-07-10,0.8855926135026948,3,0.7344692,0.76160514
2024-07-10,0.8855926135026948,5,0.75039065,0.78054655
2024-07-10,0.8855926135026948,10,0.75370145,0.8104024
2024-07-10,0.8855926135026948,21,0.89996165,0.84255874
2024-07-11,0.19859407248192795,1,0.7369036,0.6892998
2024-07-11,0.19859407248192795,3,0.7423318,0.70352894
2024-07-11,0.19859407248192795,5,0.7507453,0.71152335
2024-07-11,0.19859407248192795,10,0.75373733,0.76690596
2024-07-11,0.19859407248192795,21,0.94498,0.83775496
2024-07-12,0.9453186939873959,1,0.7344692,0.7450606
2024-07-12,0.9453186939873959,3,0.75039065,0.7510798
2024-07-12,0.9453186939873959,5,0.75335765,0.76894695
2024-07-12,0.9453186939873959,10,0.7503053,0.801099
2024-07-12,0.9453186939873959,21,0.94494814,0.8329251
2024-07-15,-0.8926024904417851,1,0.7423318,0.7534246
2024-07-15,-0.8926024904417851,3,0.7507453,0.76499844
2024-07-15,-0.8926024904417851,5,0.7530705,0.778616
2024-07-15,-0.8926024904417851,10,0.7731653,0.80535686
2024-07-15,-0.8926024904417851,21,0.94607013,0.8495003
2024-07-16,-0.4569172690168877,1,0.75039065,0.73464376
2024-07-16,-0.4569172690168877,3,0.75335765,0.7452187
2024-07-16,-0.4569172690168877,5,0.75372344,0.7537813
2024-07-16,-0.4569172690168877,10,0.7821151,0.78026986
2024-07-16,-0.4569172690168877,21,0.94631207,0.8146891
2024-07-17,-1.1776237064167638,1,0.7507453,0.7081258
2024-07-17,-1.1776237064167638,3,0.7530705,0.71829295
2024-07-17,-1.1776237064167638,5,0.75370145,0.7232699
2024-07-17,-1.1776237064167638,10,0.7793963,0.74946207
2024-07-17,-1.1776237064167638,21,0.9471832,0.8051568
2024-07-18,-0.03147781677101946,1,0.75335765,0.76008606
2024-07-18,-0.03147781677101946,3,0.75372344,0.7779299
2024-07-18,-0.03147781677101946,5,0.75373733,0.78289014
2024-07-18,-0.03147781677101946,10,0.77476215,0.8177648
2024-07-18,-0.03147781677101946,21,0.9506771,0.8841493
2024-07-19,-0.7591304816122246,1,0.7530705,0.6939974
2024-07-19,-0.7591304816122246,3,0.75370145,0.7085262
2024-07-19,-0.7591304816122246,5,0.7503053,0.7229242
2024-07-19,-0.7591304816122246,10,0.786206,0.7432905
2024-07-19,-0.7591304816122246,21,0.96393734,0.78573656
2024-07-22,0.9578771718540047,1,0.75372344,0.6973024
2024-07-22,0.9578771718540047,3,0.75373733,0.71143496
2024-07-22,0.9578771718540047,5,0.7731653,0.7138042
2024-07-22,0.9578771718540047,10,0.81261903,0.7615346
2024-07-22,0.9578771718540047,21,0.9666235,0.8276943
2024-07-23,-0.09029044036408251,1,0.75370145,0.7453981
2024-07-23,-0.09029044036408251,3,0.7503053,0.7551082
2024-07-23,-0.09029044036408251,5,0.7821151,0.7573239
2024-07-23,-0.09029044036408251,10,0.8732836,0.8022189
2024-07-23,-0.09029044036408251,21,0.9669925,0.8699697
2024-07-24,-0.8149544410402498,1,0.75373733,0.82388777
2024-07-24,-0.8149544410402498,3,0.7731653,0.82613504
2024-07-24,-0.8149544410402498,5,0.7793963,0.8347016
2024-07-24,-0.8149544410402498,10,0.89858097,0.8855722
2024-07-24,-0.8149544410402498,21,0.9668112,0.94868636
2024-07-25,-1.5349568572981198,1,0.7503053,0.7197989
2024-07-25,-1.5349568572981198,3,0.7821151,0.7248323
2024-07-25,-1.5349568572981198,5,0.77476215,0.72960305
2024-07-25,-1.5349568572981198,10,0.89996165,0.7485119
2024-07-25,-1.5349568572981198,21,0.9593807,0.7641468
2024-07-26,1.0351840619348351,1,0.7731653,0.7535034
2024-07-26,1.0351840619348351,3,0.7793963,0.7716654
2024-07-26,1.0351840619348351,5,0.786206,0.77470475
2024-07-26,1.0351840619348351,10,0.94498,0.81722414
2024-07-26,1.0351840619348351,21,0.9589261,0.840439
2024-07-29,-0.6366069244991834,1,0.7821151,0.79997414
2024-07-29,-0.6366069244991834,3,0.77476215,0.79467714
2024-07-29,-0.6366069244991834,5,0.81261903,0.8081838
2024-07-29,-0.6366069244991834,10,0.94494814,0.85401297
2024-07-29,-0.6366069244991834,21,0.9608873,0.87904716
2024-07-30,0.5301081133927354,1,0.7793963,0.80167913
2024-07-30,0.5301081133927354,3,0.786206,0.8040945
2024-07-30,0.5301081133927354,5,0.8732836,0.8100196
2024-07-30,0.5301081133927354,10,0.94607013,0.8442833
2024-07-30,0.5301081133927354,21,0.95987695,0.85522807
2024-07-31,1.0699910026683135,1,0.77476215,0.72736365
2024-07-31,1.0699910026683135,3,0.81261903,0.7443749
2024-07-31,1.0699910026683135,5,0.89858097,0.75752133
2024-07-31,1.0699910026683135,10,0.94631207,0.78783125
2024-07-31,1.0699910026683135,21,0.9512971,0.8139018
2024-08-01,-1.74280265494966,1,0.786206,0.7005767
2024-08-01,-1.74280265494966,3,0.8732836,0.71212685
2024-08-01,-1.74280265494966,5,0.89996165,0.7262706
2024-08-01,-1.74280265494966,10,0.9471832,0.7598955
2024-08-01,-1.74280265494966,21,0.9368349,0.7900627
2024-08-02,-2.7325334556902448,1,0.81261903,0.7542567
2024-08-02,-2.7325334556902448,3,0.89858097,0.7818821
2024-08-02,-2.7325334556902448,5,0.94498,0.8038606
2024-08-02,-2.7325334556902448,10,0.9506771,0.84989303
2024-08-02,-2.7325334556902448,21,0.9428428,0.9121691
2024-08-05,-1.7997056478071372,1,0.8732836,0.9309258
2024-08-05,-1.7997056478071372,3,0.89996165,0.9563678
2024-08-05,-1.7997056478071372,5,0.94494814,0.9804428
2024-08-05,-1.7997056478071372,10,0.96393734,1.0446224
2024-08-05,-1.7997056478071372,21,0.9421141,1.0983418
2024-08-06,0.2599073223185755,1,0.89858097,0.93569726
2024-08-06,0.2599073223185755,3,0.94498,0.9733747
2024-08-06,0.2599073223185755,5,0.94607013,1.0034662
2024-08-06,0.2599073223185755,10,0.9666235,1.0697789
2024-08-06,0.2599073223185755,21,0.93992215,1.1419057
2024-08-07,2.1439747788972063,1,0.89996165,1.0972421
2024-08-07,2.1439747788972063,3,0.94494814,1.1124563
2024-08-07,2.1439747788972063,5,0.94631207,1.1523616
2024-08-07,2.1439747788972063,10,0.9669925,1.256819
2024-08-07,2.1439747788972063,21,0.9466497,1.4009933
2024-08-08,-0.14877992748925095,1,0.94498,0.95125633
2024-08-08,-0.14877992748925095,3,0.94607013,0.99006736
2024-08-08,-0.14877992748925095,5,0.9471832,1.00698
2024-08-08,-0.14877992748925095,10,0.9668112,1.0730869
2024-08-08,-0.14877992748925095,21,0.9387333,1.1684396
2024-08-09,0.22204077075382855,1,0.94494814,1.0087311
2024-08-09,0.22204077075382855,3,0.94631207,1.037902
2024-08-09,0.22204077075382855,5,0.9506771,1.0583067
2024-08-09,0.22204077075382855,10,0.9593807,1.1310208
2024-08-09,0.22204077075382855,21,0.9104459,1.237202
2024-08-12,0.1393961585111292,1,0.94607013,1.0294046
2024-08-12,0.1393961585111292,3,0.9471832,1.0641665
2024-08-12,0.1393961585111292,5,0.96393734,1.0812659
2024-08-12,0.1393961585111292,10,0.9589261,1.145006
2024-08-12,0.1393961585111292,21,0.8939267,1.2404264
2024-08-13,0.2976565241008089,1,0.94631207,0.9953949
2024-08-13,0.2976565241008089,3,0.9506771,1.0204309
2024-08-13,0.2976565241008089,5,0.9666235,1.0273615
2024-08-13,0.2976565241008089,10,0.9608873,1.064187
2024-08-13,0.2976565241008089,21,0.8969176,1.1185163
2024-08-14,0.5422619947731633,1,0.9471832,0.9647563
2024-08-14,0.5422619947731633,3,0.96393734,0.98397523
2024-08-14,0.5422619947731633,5,0.9669925,0.97910315
2024-08-14,0.5422619947731633,10,0.95987695,1.0252755
2024-08-14,0.5422619947731633,21,0.8886114,1.1102114
2024-08-15,1.2000610857301197,1,0.9506771,1.0510439
2024-08-15,1.2000610857301197,3,0.9666235,1.0563856
2024-08-15,1.2000610857301197,5,0.9668112,1.0695543
2024-08-15,1.2000610857301197,10,0.9512971,1.119595
2024-08-15,1.2000610857301197,21,0.8875043,1.2184591
2024-08-16,0.47316821043015267,1,0.96393734,1.0075426
2024-08-16,0.47316821043015267,3,0.9669925,1.0226284
2024-08-16,0.47316821043015267,5,0.9593807,1.0198416
2024-08-16,0.47316821043015267,10,0.9368349,1.0768502
2024-08-16,0.47316821043015267,21,0.8786776,1.1618994
2024-08-19,0.4553902398446219,1,0.9666235,1.0253739
2024-08-19,0.4553902398446219,3,0.9668112,1.041348
2024-08-19,0.4553902398446219,5,0.9589261,1.0403969
2024-08-19,0.4553902398446219,10,0.9428428,1.1027424
2024-08-19,0.4553902398446219,21,0.8752317,1.1663556
2024-08-20,-0.5172174043210909,1,0.9669925,0.91762644
2024-08-20,-0.5172174043210909,3,0.9593807,0.91775465
2024-08-20,-0.5172174043210909,5,0.9608873,0.9149771
2024-08-20,-0.5172174043210909,10,0.9421141,0.97980314
2024-08-20,-0.5172174043210909,21,0.87034076,1.0675684
2024-08-21,0.5307389576977073,1,0.9668112,0.95835656
2024-08-21,0.5307389576977073,3,0.9589261,0.965371
2024-08-21,0.5307389576977073,5,0.95987695,0.96212894
2024-08-21,0.5307389576977073,10,0.93992215,1.0028174
2024-08-21,0.5307389576977073,21,0.8707175,1.0312976
2024-08-22,-0.12852863560519623,1,0.9593807,0.9583677
2024-08-22,-0.12852863560519623,3,0.9608873,0.96761906
2024-08-22,-0.12852863560519623,5,0.9512971,0.9686747
2024-08-22,-0.12852863560519623,10,0.9466497,1.0024424
2024-08-22,-0.12852863560519623,21,0.8705117,1.0167477
2024-08-23,0.42621520473193897,1,0.9589261,0.84886485
2024-08-23,0.42621520473193897,3,0.95987695,0.85041344
2024-08-23,0.42621520473193897,5,0.9368349,0.8489117
2024-08-23,0.42621520473193897,10,0.9387333,0.86312896
2024-08-23,0.42621520473193897,21,0.90269804,0.8581182
2024-08-26,-0.062029304091826276,1,0.9608873,0.9326591
2024-08-26,-0.062029304091826276,3,0.9512971,0.9440204
2024-08-26,-0.062029304091826276,5,0.9428428,0.9457939
2024-08-26,-0.062029304091826276,10,0.9104459,0.99026155
2024-08-26,-0.062029304091826276,21,0.91570145,1.0275356
2024-08-27,0.08426957322331674,1,0.95987695,0.9608848
2024-08-27,0.08426957322331674,3,0.9368349,0.96345806
2024-08-27,0.08426957322331674,5,0.9421141,0.9637453
2024-08-27,0.08426957322331674,10,0.8939267,0.9734925
2024-08-27,0.08426957322331674,21,0.9093002,0.97529197
2024-08-28,0.23154390830422145,1,0.9512971,0.99603206
2024-08-28,0.23154390830422145,3,0.9428428,1.0035815
2024-08-28,0.23154390830422145,5,0.93992215,1.003313
2024-08-28,0.23154390830422145,10,0.8969176,1.0155365
2024-08-28,0.23154390830422145,21,0.9143842,1.0389841
2024-08-29,0.9568170417034949,1,0.9368349,0.9195712
2024-08-29,0.9568170417034949,3,0.9421141,0.9274347
2024-08-29,0.9568170417034949,5,0.9466497,0.9277068
2024-08-29,0.9568170417034949,10,0.8886114,0.9386707
2024-08-29,0.9568170417034949,21,0.90363926,0.9657338
2024-08-30,-0.22199491128995774,1,0.9428428,0.9872157
2024-08-30,-0.22199491128995774,3,0.93992215,0.9944237
2024-08-30,-0.22199491128995774,5,0.9387333,0.98085856
2024-08-30,-0.22199491128995774,10,0.8875043,0.974534
2024-08-30,-0.22199491128995774,21,0.9096105,1.0048233
2024-09-02,0.15338244577725035,1,0.9421141,1.0087888
2024-09-02,0.15338244577725035,3,0.9466497,1.0027571
2024-09-02,0.15338244577725035,5,0.9104459,0.9908865
2024-09-02,0.15338244577725035,10,0.8786776,0.9826489
2024-09-02,0.15338244577725035,21,0.9124985,0.98480403
2024-09-03,-1.4504924191847124,1,0.93992215,1.0401992
2024-09-03,-1.4504924191847124,3,0.9387333,1.0289533
2024-09-03,-1.4504924191847124,5,0.8939267,1.0026113
2024-09-03,-1.4504924191847124,10,0.8752317,0.98772234
2024-09-03,-1.4504924191847124,21,0.92878103,0.9803535
2024-09-04,-0.9046516464056076,1,0.9466497,0.9264968
2024-09-04,-0.9046516464056076,3,0.9104459,0.92836785
2024-09-04,-0.9046516464056076,5,0.8969176,0.9142411
2024-09-04,-0.9046516464056076,10,0.87034076,0.9105124
2024-09-04,-0.9046516464056076,21,0.92029196,0.9056358
2024-09-05,-0.3882703626824302,1,0.9387333,0.97174925
2024-09-05,-0.3882703626824302,3,0.8939267,0.9648762
2024-09-05,-0.3882703626824302,5,0.8886114,0.9443492
2024-09-05,-0.3882703626824302,10,0.8707175,0.96853584
2024-09-05,-0.3882703626824302,21,0.91383415,0.9989004
2024-09-06,-1.3792751379698487,1,0.9104459,0.8573958
2024-09-06,-1.3792751379698487,3,0.8969176,0.8539281
2024-09-06,-1.3792751379698487,5,0.8875043,0.84763694
2024-09-06,-1.3792751379698487,10,0.8705117,0.85224897
2024-09-06,-1.3792751379698487,21,0.92095715,0.87998825
2024-09-09,0.8835482138967343,1,0.8939267,0.84592456
2024-09-09,0.8835482138967343,3,0.8886114,0.85096335
2024-09-09,0.8835482138967343,5,0.8786776,0.84484357
2024-09-09,0.8835482138967343,10,0.90269804,0.8941432
2024-09-09,0.8835482138967343,21,0.91730523,0.952204
2024-09-10,-0.4663814284734613,1,0.8969176,0.8960237
2024-09-10,-0.4663814284734613,3,0.8875043,0.89651746
2024-09-10,-0.4663814284734613,5,0.8752317,0.89933497
2024-09-10,-0.4663814284734613,10,0.91570145,0.9594856
2024-09-10,-0.4663814284734613,21,0.91095054,1.0002036
2024-09-11,0.29001939979105273,1,0.8886114,0.88964313
2024-09-11,0.29001939979105273,3,0.8786776,0.8974023
2024-09-11,0.29001939979105273,5,0.87034076,0.8830166
2024-09-11,0.29001939979105273,10,0.9093002,0.95620364
2024-09-11,0.29001939979105273,21,0.9107934,1.0438112
2024-09-12,0.8677797144230226,1,0.8875043,0.9259706
2024-09-12,0.8677797144230226,3,0.8752317,0.94356513
2024-09-12,0.8677797144230226,5,0.8707175,0.9396671
2024-09-12,0.8677797144230226,10,0.9143842,0.99072045
2024-09-12,0.8677797144230226,21,0.9021935,1.0530522
2024-09-13,0.5793482537673533,1,0.8786776,0.91360813
2024-09-13,0.5793482537673533,3,0.87034076,0.93367463
2024-09-13,0.5793482537673533,5,0.8705117,0.93564874
2024-09-13,0.5793482537673533,10,0.90363926,0.9660143
2024-09-13,0.5793482537673533,21,0.90254074,1.0383502
2024-09-16,-0.3158398922597172,1,0.8752317,0.88415694
2024-09-16,-0.3158398922597172,3,0.8707175,0.8967103
2024-09-16,-0.3158398922597172,5,0.90269804,0.9043115
2024-09-16,-0.3158398922597172,10,0.9096105,0.92103946
2024-09-16,-0.3158398922597172,21,0.9008228,0.93593216
2024-09-17,0.41501457688193355,1,0.87034076,0.8543209
2024-09-17,0.41501457688193355,3,0.8705117,0.87597096
2024-09-17,0.41501457688193355,5,0.91570145,0.8812276
2024-09-17,0.41501457688193355,10,0.9124985,0.8906016
2024-09-17,0.41501457688193355,21,0.8990606,0.8979351
2024-09-18,-0.5712608773509764,1,0.8707175,0.9535236
2024-09-18,-0.5712608773509764,3,0.90269804,0.9587767
2024-09-18,-0.5712608773509764,5,0.9093002,0.9591772
2024-09-18,-0.5712608773509764,10,0.92878103,0.97824365
2024-09-18,-0.5712608773509764,21,0.93487626,0.96677697
2024-09-19,1.8650656456896009,1,0.8705117,0.89068526
2024-09-19,1.8650656456896009,3,0.91570145,0.89841217
2024-09-19,1.8650656456896009,5,0.9143842,0.9009154
2024-09-19,1.8650656456896009,10,0.92029196,0.92853206
2024-09-19,1.8650656456896009,21,0.9300235,0.9387524
2024-09-20,-1.22389818918327,1,0.90269804,0.96453947
2024-09-20,-1.22389818918327,3,0.9093002,0.9695808
2024-09-20,-1.22389818918327,5,0.90363926,0.9756473
2024-09-20,-1.22389818918327,10,0.91383415,1.0059054
2024-09-20,-1.22389818918327,21,0.91621715,1.0191932
2024-09-23,0.18166417468510332,1,0.91570145,0.9958063
2024-09-23,0.18166417468510332,3,0.9143842,1.0124428
2024-09-23,0.18166417468510332,5,0.9096105,1.0178663
2024-09-23,0.18166417468510332,10,0.92095715,1.0322984
2024-09-23,0.18166417468510332,21,0.9086342,1.0554104
2024-09-24,0.7300977100295647,1,0.9093002,1.0015678
2024-09-24,0.7300977100295647,3,0.90363926,1.006641
2024-09-24,0.7300977100295647,5,0.9124985,1.0044287
2024-09-24,0.7300977100295647,10,0.91730523,1.0180383
2024-09-24,0.7300977100295647,21,0.9081894,1.0317873
2024-09-25,-0.3994764296407105,1,0.9143842,1.0561949
2024-09-25,-0.3994764296407105,3,0.9096105,1.0587895
2024-09-25,-0.3994764296407105,5,0.92878103,1.0405364
2024-09-25,-0.3994764296407105,10,0.91095054,1.050128
2024-09-25,-0.3994764296407105,21,0.9057884,1.0396032
2024-09-26,1.0201052145958123,1,0.90363926,0.8955869
2024-09-26,1.0201052145958123,3,0.9124985,0.90646064
2024-09-26,1.0201052145958123,5,0.92029196,0.90759945
2024-09-26,1.0201052145958123,10,0.9107934,0.9247288
2024-09-26,1.0201052145958123,21,0.8968041,0.94869864
2024-09-27,0.5776146052396847,1,0.9096105,0.9581124
2024-09-27,0.5776146052396847,3,0.92878103,0.9582294
2024-09-27,0.5776146052396847,5,0.91383415,0.9505393
2024-09-27,0.5776146052396847,10,0.9021935,0.9576276
2024-09-27,0.5776146052396847,21,0.86809045,0.959776
2024-09-30,-1.380605466364937,1,0.9124985,0.9154008
2024-09-30,-1.380605466364937,3,0.92029196,0.9048023
2024-09-30,-1.380605466364937,5,0.92095715,0.89411026
2024-09-30,-1.380605466364937,10,0.90254074,0.8878282
2024-09-30,-1.380605466364937,21,0.79105914,0.87241435
2024-10-01,-0.16380351289964068,1,0.92878103,0.93372035
2024-10-01,-0.16380351289964068,3,0.91383415,0.94638467
2024-10-01,-0.16380351289964068,5,0.91730523,0.9425523
2024-10-01,-0.16380351289964068,10,0.9008228,0.9895453
2024-10-01,-0.16380351289964068,21,0.75290585,1.049723
2024-10-02,0.3199420771878181,1,0.92029196,0.9548837
2024-10-02,0.3199420771878181,3,0.92095715,0.9596815
2024-10-02,0.3199420771878181,5,0.91095054,0.96393013
2024-10-02,0.3199420771878181,10,0.8990606,1.0191383
2024-10-02,0.3199420771878181,21,0.7553847,1.0609068
2024-10-03,-0.9568028450811283,1,0.91383415,0.9253568
2024-10-03,-0.9568028450811283,3,0.91730523,0.9381287
2024-10-03,-0.9568028450811283,5,0.9107934,0.92482674
2024-10-03,-0.9568028450811283,10,0.93487626,0.97752756
2024-10-03,-0.9568028450811283,21,0.7240179,1.0419421
2024-10-04,0.7171108286786243,1,0.92095715,0.95194423
2024-10-04,0.7171108286786243,3,0.91095054,0.96033424
2024-10-04,0.7171108286786243,5,0.9021935,0.94487387
2024-10-04,0.7171108286786243,10,0.9300235,0.9866883
2024-10-04,0.7171108286786243,21,0.7335073,1.0279042
2024-10-07,0.10173729077278537,1,0.91730523,0.98933154
2024-10-07,0.10173729077278537,3,0.9107934,1.0033095
2024-10-07,0.10173729077278537,5,0.90254074,0.9940147
2024-10-07,0.10173729077278537,10,0.91621715,1.0389216
2024-10-07,0.10173729077278537,21,0.74329,1.1057101
2024-10-08,-0.4359746131107123,1,0.91095054,0.9424149
2024-10-08,-0.4359746131107123,3,0.9021935,0.95053387
2024-10-08,-0.4359746131107123,5,0.9008228,0.952457
2024-10-08,-0.4359746131107123,10,0.9086342,0.9842466
2024-10-08,-0.4359746131107123,21,0.7452638,1.0407927
2024-10-09,0.6122536909733078,1,0.9107934,0.926428
2024-10-09,0.6122536909733078,3,0.90254074,0.9219538
2024-10-09,0.6122536909733078,5,0.8990606,0.91300106
2024-10-09,0.6122536909733078,10,0.9081894,0.94100577
2024-10-09,0.6122536909733078,21,0.745645,0.9808036
2024-10-10,-0.20321927751769664,1,0.9021935,0.97439295
2024-10-10,-0.20321927751769664,3,0.9008228,0.9605514
2024-10-10,-0.20321927751769664,5,0.93487626,0.9480722
2024-10-10,-0.20321927751769664,10,0.9057884,0.931115
2024-10-10,-0.20321927751769664,21,0.7524965,0.8645048
2024-10-11,0.6298450914598241,1,0.90254074,0.95278627
2024-10-11,0.6298450914598241,3,0.8990606,0.94747746
2024-10-11,0.6298450914598241,5,0.9300235,0.93546885
2024-10-11,0.6298450914598241,10,0.8968041,0.92779046
2024-10-11,0.6298450914598241,21,0.739341,0.8844398
2024-10-14,0.8511483831171951,1,0.9008228,0.9727998
2024-10-14,0.8511483831171951,3,0.93487626,0.9624833
2024-10-14,0.8511483831171951,5,0.91621715,0.9457403
2024-10-14,0.8511483831171951,10,0.86809045,0.93994814
2024-10-14,0.8511483831171951,21,0.7404987,0.9041035
2024-10-15,-1.9908558360643092,1,0.8990606,0.9602478
2024-10-15,-1.9908558360643092,3,0.9300235,0.95284706
2024-10-15,-1.9908558360643092,5,0.9086342,0.94576967
2024-10-15,-1.9908558360643092,10,0.79105914,0.9371405
2024-10-15,-1.9908558360643092,21,0.75184625,0.91049874
2024-10-16,-0.3255078758063412,1,0.93487626,1.0102006
2024-10-16,-0.3255078758063412,3,0.91621715,1.0050914
2024-10-16,-0.3255078758063412,5,0.9081894,0.99059296
2024-10-16,-0.3255078758063412,10,0.75290585,0.99263674
2024-10-16,-0.3255078758063412,21,0.78731245,0.97364813
2024-10-17,0.93366688561769,1,0.9300235,1.0024482
2024-10-17,0.93366688561769,3,0.9086342,0.9908371
2024-10-17,0.93366688561769,5,0.9057884,0.96981525
2024-10-17,0.93366688561769,10,0.7553847,0.9605202
2024-10-17,0.93366688561769,21,0.7838484,0.94752693
2024-10-18,0.4612402560320916,1,0.91621715,0.914258
2024-10-18,0.4612402560320916,3,0.9081894,0.92532325
2024-10-18,0.4612402560320916,5,0.8968041,0.9195171
2024-10-18,0.4612402560320916,10,0.7240179,0.92757297
2024-10-18,0.4612402560320916,21,0.8118836,0.951164
2024-10-21,-0.5986130899398034,1,0.9086342,0.9118281
2024-10-21,-0.5986130899398034,3,0.9057884,0.91541505
2024-10-21,-0.5986130899398034,5,0.86809045,0.90415186
2024-10-21,-0.5986130899398034,10,0.7335073,0.9174927
2024-10-21,-0.5986130899398034,21,0.8171535,0.9383472
2024-10-22,-0.038417340846752523,1,0.9081894,0.8633484
2024-10-22,-0.038417340846752523,3,0.8968041,0.8638984
2024-10-22,-0.038417340846752523,5,0.79105914,0.85364455
2024-10-22,-0.038417340846752523,10,0.74329,0.84537566
2024-10-22,-0.038417340846752523,21,0.8172113,0.8649769
2024-10-23,-0.42018287732714654,1,0.9057884,0.9037679
2024-10-23,-0.42018287732714654,3,0.86809045,0.9050537
2024-10-23,-0.42018287732714654,5,0.75290585,0.89995974
2024-10-23,-0.42018287732714654,10,0.7452638,0.93348354
2024-10-23,-0.42018287732714654,21,0.81946796,0.96739864
2024-10-24,0.0358722545497514,1,0.8968041,0.91450465
2024-10-24,0.0358722545497514,3,0.79105914,0.8969601
2024-10-24,0.0358722545497514,5,0.7553847,0.8948882
2024-10-24,0.0358722545497514,10,0.745645,0.96292573
2024-10-24,0.0358722545497514,21,0.81895727,1.0323691
2024-10-25,0.18457237533926474,1,0.86809045,0.92185205
2024-10-25,0.18457237533926474,3,0.75290585,0.91965604
2024-10-25,0.18457237533926474,5,0.7240179,0.8969456
2024-10-25,0.18457237533926474,10,0.7524965,0.9530634
2024-10-25,0.18457237533926474,21,0.81227,1.0486039
2024-10-28,0.11948602186420132,1,0.79105914,0.8859691
2024-10-28,0.11948602186420132,3,0.7553847,0.9009724
2024-10-28,0.11948602186420132,5,0.7335073,0.8890609
2024-10-28,0.11948602186420132,10,0.739341,0.9529924
2024-10-28,0.11948602186420132,21,0.8169053,1.055781
2024-10-29,-0.41171378850792806,1,0.75290585,0.80814177
2024-10-29,-0.41171378850792806,3,0.7240179,0.81974596
2024-10-29,-0.41171378850792806,5,0.74329,0.81982636
2024-10-29,-0.41171378850792806,10,0.7404987,0.8472552
2024-10-29,-0.41171378850792806,21,0.81642467,0.87796015
2024-10-30,-1.1946645195020977,1,0.7553847,0.7692762
2024-10-30,-1.1946645195020977,3,0.7335073,0.7684113
2024-10-30,-1.1946645195020977,5,0.7452638,0.7693158
2024-10-30,-1.1946645195020977,10,0.75184625,0.7825286
2024-10-30,-1.1946645195020977,21,0.80572075,0.8029305
2024-10-31,-0.9035563004814229,1,0.7240179,0.72736484
2024-10-31,-0.9035563004814229,3,0.74329,0.7360337
2024-10-31,-0.9035563004814229,5,0.745645,0.75112504
2024-10-31,-0.9035563004814229,10,0.78731245,0.774095
2024-10-31,-0.9035563004814229,21,0.80014056,0.7970357
2024-11-01,0.9755167459036151,1,0.7335073,0.7379296
2024-11-01,0.9755167459036151,3,0.7452638,0.738307
2024-11-01,0.9755167459036151,5,0.7524965,0.74141854
2024-11-01,0.9755167459036151,10,0.7838484,0.75645876
2024-11-01,0.9755167459036151,21,0.8029996,0.77698493
2024-11-04,-0.4098380459860884,1,0.74329,0.7520818
2024-11-04,-0.4098380459860884,3,0.745645,0.7609602
2024-11-04,-0.4098380459860884,5,0.739341,0.7689604
2024-11-04,-0.4098380459860884,10,0.8118836,0.787478
2024-11-04,-0.4098380459860884,21,0.7887352,0.8182907
2024-11-05,0.3536447945502452,1,0.7452638,0.83095914
2024-11-05,0.3536447945502452,3,0.7524965,0.8270588
2024-11-05,0.3536447945502452,5,0.7404987,0.8342065
2024-11-05,0.3536447945502452,10,0.8171535,0.8607852
2024-11-05,0.3536447945502452,21,0.7802866,0.88697726
2024-11-06,-0.9393879082217893,1,0.745645,0.74475735
2024-11-06,-0.9393879082217893,3,0.739341,0.7438922
2024-11-06,-0.9393879082217893,5,0.75184625,0.7447756
2024-11-06,-0.9393879082217893,10,0.8172113,0.76496875
2024-11-06,-0.9393879082217893,21,0.78189147,0.7816482
2024-11-07,0.5238125289941387,1,0.7524965,0.77125114
2024-11-07,0.5238125289941387,3,0.7404987,0.7898717
2024-11-07,0.5238125289941387,5,0.78731245,0.79923826
2024-11-07,0.5238125289941387,10,0.81946796,0.84260356
2024-11-07,0.5238125289941387,21,0.7835429,0.8846022
2024-11-08,-0.6144985297610539,1,0.739341,0.69844764
2024-11-08,-0.6144985297610539,3,0.75184625,0.7005274
2024-11-08,-0.6144985297610539,5,0.7838484,0.7040394
2024-11-08,-0.6144985297610539,10,0.81895727,0.7447277
2024-11-08,-0.6144985297610539,21,0.77760184,0.7818886
2024-11-11,1.0903776222354722,1,0.7404987,0.8036164
2024-11-11,1.0903776222354722,3,0.78731245,0.820824
2024-11-11,1.0903776222354722,5,0.8118836,0.8294354
2024-11-11,1.0903776222354722,10,0.81227,0.8594528
2024-11-11,1.0903776222354722,21,0.7748135,0.8951682
2024-11-12,-1.9067824849980042,1,0.75184625,0.7444004
2024-11-12,-1.9067824849980042,3,0.7838484,0.7510532
2024-11-12,-1.9067824849980042,5,0.8171535,0.7605366
2024-11-12,-1.9067824849980042,10,0.8169053,0.7939809
2024-11-12,-1.9067824849980042,21,0.7746654,0.8292068
2024-11-13,-0.15862869893057407,1,0.78731245,0.84425277
2024-11-13,-0.15862869893057407,3,0.8118836,0.84549916
2024-11-13,-0.15862869893057407,5,0.8172113,0.8567915
2024-11-13,-0.15862869893057407,10,0.81642467,0.8803849
2024-11-13,-0.15862869893057407,21,0.7753876,0.9102895
2024-11-14,1.5984799905966796,1,0.7838484,0.7874013
2024-11-14,1.5984799905966796,3,0.8171535,0.8066203
2024-11-14,1.5984799905966796,5,0.81946796,0.8193345
2024-11-14,1.5984799905966796,10,0.80572075,0.8542616
2024-11-14,1.5984799905966796,21,0.77324384,0.8833108
2024-11-15,-0.8939155453362879,1,0.8118836,0.86950177
2024-11-15,-0.8939155453362879,3,0.8172113,0.88690436
2024-11-15,-0.8939155453362879,5,0.81895727,0.8894059
2024-11-15,-0.8939155453362879,10,0.80014056,0.91791064
2024-11-15,-0.8939155453362879,21,0.7342795,0.971258
2024-11-18,-0.12646970582483874,1,0.8171535,0.89031374
2024-11-18,-0.12646970582483874,3,0.81946796,0.9143572
2024-11-18,-0.12646970582483874,5,0.81227,0.9078174
2024-11-18,-0.12646970582483874,10,0.8029996,0.9307569
2024-11-18,-0.12646970582483874,21,0.7175814,1.010141
2024-11-19,-0.5473276599675891,1,0.8172113,0.87514585
2024-11-19,-0.5473276599675891,3,0.81895727,0.8903027
2024-11-19,-0.5473276599675891,5,0.8169053,0.8817535
2024-11-19,-0.5473276599675891,10,0.7887352,0.9070812
2024-11-19,-0.5473276599675891,21,0.7200264,0.9705298
2024-11-20,-0.2604204599626847,1,0.81946796,0.8763176
2024-11-20,-0.2604204599626847,3,0.81227,0.88315505
2024-11-20,-0.2604204599626847,5,0.81642467,0.8689452
2024-11-20,-0.2604204599626847,10,0.7802866,0.8918884
2024-11-20,-0.2604204599626847,21,0.71409494,0.9567635
2024-11-21,0.5640866746947637,1,0.81895727,0.81805164
2024-11-21,0.5640866746947637,3,0.8169053,0.8238111
2024-11-21,0.5640866746947637,5,0.80572075,0.8109671
2024-11-21,0.5640866746947637,10,0.78189147,0.80897063
2024-11-21,0.5640866746947637,21,0.71422577,0.85007036
2024-11-22,0.6212063280383262,1,0.81227,0.85278124
2024-11-22,0.6212063280383262,3,0.81642467,0.8565396
2024-11-22,0.6212063280383262,5,0.80014056,0.8453225
2024-11-22,0.6212063280383262,10,0.7835429,0.8678226
2024-11-22,0.6212063280383262,21,0.7210099,0.9214555
2024-11-25,-0.07553367671055966,1,0.8169053,0.862789
2024-11-25,-0.07553367671055966,3,0.80572075,0.85768497
2024-11-25,-0.07553367671055966,5,0.8029996,0.83962685
2024-11-25,-0.07553367671055966,10,0.77760184,0.8492215
2024-11-25,-0.07553367671055966,21,0.7166901,0.8938111
2024-11-26,-1.0032690121814625,1,0.81642467,0.86708444
2024-11-26,-1.0032690121814625,3,0.80014056,0.87444526
2024-11-26,-1.0032690121814625,5,0.7887352,0.8693779
2024-11-26,-1.0032690121814625,10,0.7748135,0.8933384
2024-11-26,-1.0032690121814625,21,0.69632643,0.9474373
2024-11-27,-0.48432363198029904,1,0.80572075,0.8586415
2024-11-27,-0.48432363198029904,3,0.8029996,0.87124074
2024-11-27,-0.48432363198029904,5,0.7802866,0.86045676
2024-11-27,-0.48432363198029904,10,0.7746654,0.888678
2024-11-27,-0.48432363198029904,21,0.6969871,0.9342798
2024-11-28,0.5844051752908364,1,0.80014056,0.7346708
2024-11-28,0.5844051752908364,3,0.7887352,0.7392459
2024-11-28,0.5844051752908364,5,0.78189147,0.7412881
2024-11-28,0.5844051752908364,10,0.7753876,0.7612484
2024-11-28,0.5844051752908364,21,0.7037166,0.80626976
2024-11-29,0.6824965754431922,1,0.8029996,0.8128186
2024-11-29,0.6824965754431922,3,0.7802866,0.8267577
2024-11-29,0.6824965754431922,5,0.7835429,0.82627225
2024-11-29,0.6824965754431922,10,0.77324384,0.853376
2024-11-29,0.6824965754431922,21,0.6960739,0.8863405
2024-12-02,-0.010421986231623492,1,0.7887352,0.8106918
2024-12-02,-0.010421986231623492,3,0.78189147,0.8146244
2024-12-02,-0.010421986231623492,5,0.77760184,0.81241757
2024-12-02,-0.010421986231623492,10,0.7342795,0.84894615
2024-12-02,-0.010421986231623492,21,0.69616497,0.8979691
2024-12-03,0.594398624271264,1,0.7802866,0.82947946
2024-12-03,0.594398624271264,3,0.7835429,0.83865726
2024-12-03,0.594398624271264,5,0.7748135,0.8271411
2024-12-03,0.594398624271264,10,0.7175814,0.8774324
2024-12-03,0.594398624271264,21,0.7032382,0.943103
2024-12-04,0.4905854822812472,1,0.78189147,0.73252124
2024-12-04,0.4905854822812472,3,0.77760184,0.7387881
2024-12-04,0.4905854822812472,5,0.7746654,0.7290458
2024-12-04,0.4905854822812472,10,0.7200264,0.7641693
2024-12-04,0.4905854822812472,21,0.70571214,0.8355638
2024-12-05,0.44166835621473055,1,0.7835429,0.8130147
2024-12-05,0.44166835621473055,3,0.7748135,0.8302285
2024-12-05,0.44166835621473055,5,0.7753876,0.8227539
2024-12-05,0.44166835621473055,10,0.71409494,0.8413294
2024-12-05,0.44166835621473055,21,0.73784,0.90587795
2024-12-06,0.28017348070816794,1,0.77760184,0.734255
2024-12-06,0.28017348070816794,3,0.7746654,0.7391784
2024-12-06,0.28017348070816794,5,0.77324384,0.74338955
2024-12-06,0.28017348070816794,10,0.71422577,0.77097636
2024-12-06,0.28017348070816794,21,0.73858297,0.7929885
2024-12-09,0.2895975258358163,1,0.7748135,0.76785463
2024-12-09,0.2895975258358163,3,0.7753876,0.7740053
2024-12-09,0.2895975258358163,5,0.7342795,0.76862246
2024-12-09,0.2895975258358163,10,0.7210099,0.78609604
2024-12-09,0.2895975258358163,21,0.7358097,0.83164483
2024-12-10,-0.4972606398574442,1,0.7746654,0.8555338
2024-12-10,-0.4972606398574442,3,0.77324384,0.8503412
2024-12-10,-0.4972606398574442,5,0.7175814,0.81889266
2024-12-10,-0.4972606398574442,10,0.7166901,0.80820775
2024-12-10,-0.4972606398574442,21,0.7303983,0.8470602
2024-12-11,0.345411696943998,1,0.7753876,0.8080475
2024-12-11,0.345411696943998,3,0.7342795,0.8133533
2024-12-11,0.345411696943998,5,0.7200264,0.8073235
2024-12-11,0.345411696943998,10,0.69632643,0.83573604
2024-12-11,0.345411696943998,21,0.6898151,0.8831496
2024-12-12,-0.010903862022448862,1,0.77324384,0.8165563
2024-12-12,-0.010903862022448862,3,0.7175814,0.80401933
2024-12-12,-0.010903862022448862,5,0.71409494,0.77598536
2024-12-12,-0.010903862022448862,10,0.6969871,0.7864689
2024-12-12,-0.010903862022448862,21,0.6910726,0.8259919
2024-12-13,-0.01499475186497179,1,0.7342795,0.7447666
2024-12-13,-0.01499475186497179,3,0.7200264,0.7334156
2024-12-13,-0.01499475186497179,5,0.71422577,0.7135419
2024-12-13,-0.01499475186497179,10,0.7037166,0.7105981
2024-12-13,-0.01499475186497179,21,0.6813944,0.7351132
2024-12-16,-0.5125342657930965,1,0.7175814,0.72879666
2024-12-16,-0.5125342657930965,3,0.71409494,0.7150717
2024-12-16,-0.5125342657930965,5,0.7210099,0.7114386
2024-12-16,-0.5125342657930965,10,0.6960739,0.72760564
2024-12-16,-0.5125342657930965,21,0.6911545,0.76277494
2024-12-17,-0.28061286659530893,1,0.7200264,0.7660106
2024-12-17,-0.28061286659530893,3,0.71422577,0.741297
2024-12-17,-0.28061286659530893,5,0.7166901,0.73063105
2024-12-17,-0.28061286659530893,10,0.69616497,0.7314769
2024-12-17,-0.28061286659530893,21,0.7003527,0.7332819
2024-12-18,0.35457989984903904,1,0.71409494,0.73360103
2024-12-18,0.35457989984903904,3,0.7210099,0.70878905
2024-12-18,0.35457989984903904,5,0.69632643,0.704374
2024-12-18,0.35457989984903904,10,0.7032382,0.7174682
2024-12-18,0.35457989984903904,21,0.70741457,0.74856484
2024-12-19,-1.353034595355318,1,0.71422577,0.73726815
2024-12-19,-1.353034595355318,3,0.7166901,0.7300409
2024-12-19,-1.353034595355318,5,0.6969871,0.74221164
2024-12-19,-1.353034595355318,10,0.70571214,0.75536954
2024-12-19,-1.353034595355318,21,0.7054806,0.7858382
2024-12-20,-0.2877099868520361,1,0.7210099,0.7067035
2024-12-20,-0.2877099868520361,3,0.69632643,0.6850736
2024-12-20,-0.2877099868520361,5,0.7037166,0.6796029
2024-12-20,-0.2877099868520361,10,0.73784,0.6799634
2024-12-20,-0.2877099868520361,21,0.7062952,0.6976251
2024-12-23,-0.07031590229669149,1,0.7166901,0.7364562
2024-12-23,-0.07031590229669149,3,0.6969871,0.74394804
2024-12-23,-0.07031590229669149,5,0.6960739,0.75307775
2024-12-23,-0.07031590229669149,10,0.73858297,0.78600734
2024-12-23,-0.07031590229669149,21,0.7066607,0.8174876
2024-12-24,0.20732461369616928,1,0.69632643,0.7511249
2024-12-24,0.20732461369616928,3,0.7037166,0.73183775
2024-12-24,0.20732461369616928,5,0.69616497,0.72917706
2024-12-24,0.20732461369616928,10,0.7358097,0.74510294
2024-12-24,0.20732461369616928,21,0.70661974,0.7381961
2024-12-27,0.7905562577618319,1,0.6969871,0.775605
2024-12-27,0.7905562577618319,3,0.6960739,0.7694427
2024-12-27,0.7905562577618319,5,0.7032382,0.76875144
2024-12-27,0.7905562577618319,10,0.7303983,0.7960263
2024-12-27,0.7905562577618319,21,0.7046145,0.8437413
2024-12-30,-0.4879946645902855,1,0.7037166,0.695425
2024-12-30,-0.4879946645902855,3,0.69616497,0.6950239
2024-12-30,-0.4879946645902855,5,0.70571214,0.69173455
2024-12-30,-0.4879946645902855,10,0.6898151,0.7180044
2024-12-30,-0.4879946645902855,21,0.6968145,0.7787831
2024-12-31,0.7221593893163458,1,0.6960739,0.71198505
2024-12-31,0.7221593893163458,3,0.7032382,0.7224118
2024-12-31,0.7221593893163458,5,0.73784,0.7339478
2024-12-31,0.7221593893163458,10,0.6910726,0.7619923
2024-12-31,0.7221593893163458,21,0.6855655,0.810869
2025-01-02,0.7531740380651186,1,0.69616497,0.7075996
2025-01-02,0.7531740380651186,3,0.70571214,0.71361136
2025-01-02,0.7531740380651186,5,0.73858297,0.7073685
2025-01-02,0.7531740380651186,10,0.6813944,0.7091082
2025-01-02,0.7531740380651186,21,0.6808884,0.7492581
2025-01-03,-0.6397325908997331,1,0.7032382,0.7439779
2025-01-03,-0.6397325908997331,3,0.73784,0.7616992
2025-01-03,-0.6397325908997331,5,0.7358097,0.7570338
2025-01-03,-0.6397325908997331,10,0.6911545,0.7519953
2025-01-03,-0.6397325908997331,21,0.6889824,0.8023232
2025-01-06,1.7660518187708085,1,0.70571214,0.76810604
2025-01-06,1.7660518187708085,3,0.73858297,0.76522535
2025-01-06,1.7660518187708085,5,0.7303983,0.74338186
2025-01-06,1.7660518187708085,10,0.7003527,0.76193887
2025-01-06,1.7660518187708085,21,0.68905926,0.8014401
2025-01-07,0.32285379323866437,1,0.73784,0.8461754
2025-01-07,0.32285379323866437,3,0.7358097,0.84703887
2025-01-07,0.32285379323866437,5,0.6898151,0.8202798
2025-01-07,0.32285379323866437,10,0.70741457,0.8401081
2025-01-07,0.32285379323866437,21,0.6901326,0.88241607
2025-01-08,-0.40727760576677596,1,0.73858297,0.7749974
2025-01-08,-0.40727760576677596,3,0.7303983,0.7658062
2025-01-08,-0.40727760576677596,5,0.6910726,0.7404069
2025-01-08,-0.40727760576677596,10,0.7054806,0.7615691
2025-01-08,-0.40727760576677596,21,0.69609505,0.8087218
2025-01-09,0.5108550728055938,1,0.7358097,0.66813093
2025-01-09,0.5108550728055938,3,0.6898151,0.64653623
2025-01-09,0.5108550728055938,5,0.6813944,0.63698584
2025-01-09,0.5108550728055938,10,0.7062952,0.6480408
2025-01-09,0.5108550728055938,21,0.69070387,0.65908885
2025-01-10,-0.6914234047441958,1,0.7303983,0.7254427
2025-01-10,-0.6914234047441958,3,0.6910726,0.7073938
2025-01-10,-0.6914234047441958,5,0.6911545,0.6931584
2025-01-10,-0.6914234047441958,10,0.7066607,0.73968357
2025-01-10,-0.6914234047441958,21,0.68846905,0.79004276
2025-01-13,-0.45863237215337804,1,0.6898151,0.71442413
2025-01-13,-0.45863237215337804,3,0.6813944,0.7170257
2025-01-13,-0.45863237215337804,5,0.7003527,0.71791995
2025-01-13,-0.45863237215337804,10,0.70661974,0.72630996
2025-01-13,-0.45863237215337804,21,0.6385097,0.72732085
2025-01-14,0.28994285966161826,1,0.6910726,0.68148375
2025-01-14,0.28994285966161826,3,0.6911545,0.6777911
2025-01-14,0.28994285966161826,5,0.70741457,0.6832135
2025-01-14,0.28994285966161826,10,0.7046145,0.7029974
2025-01-14,0.28994285966161826,21,0.64052075,0.7122996
2025-01-15,1.003867350348564,1,0.6813944,0.7032065
2025-01-15,1.003867350348564,3,0.7003527,0.70607454
2025-01-15,1.003867350348564,5,0.7054806,0.70930415
2025-01-15,1.003867350348564,10,0.6968145,0.7234817
2025-01-15,1.003867350348564,21,0.6148913,0.7224361
2025-01-16,1.0775980733925827,1,0.6911545,0.6960278
2025-01-16,1.0775980733925827,3,0.70741457,0.7144486
2025-01-16,1.0775980733925827,5,0.7062952,0.72470444
2025-01-16,1.0775980733925827,10,0.6855655,0.7582229
2025-01-16,1.0775980733925827,21,0.6002878,0.8139896
2025-01-17,0.8069040314886422,1,0.7003527,0.7349985
2025-01-17,0.8069040314886422,3,0.7054806,0.74053633
2025-01-17,0.8069040314886422,5,0.7066607,0.7458369
2025-01-17,0.8069040314886422,10,0.6808884,0.7576057
2025-01-17,0.8069040314886422,21,0.61451685,0.7655762
2025-01-20,0.27168835065873864,1,0.70741457,0.64088917
2025-01-20,0.27168835065873864,3,0.7062952,0.6417827
2025-01-20,0.27168835065873864,5,0.70661974,0.6454346
2025-01-20,0.27168835065873864,10,0.6889824,0.66488165
2025-01-20,0.27168835065873864,21,0.60741,0.71203107
2025-01-21,-0.21505313916652113,1,0.7054806,0.6929477
2025-01-21,-0.21505313916652113,3,0.7066607,0.692614
2025-01-21,-0.21505313916652113,5,0.7046145,0.6918459
2025-01-21,-0.21505313916652113,10,0.68905926,0.69289184
2025-01-21,-0.21505313916652113,21,0.6060232,0.7034489
2025-01-22,0.27022156846259193,1,0.7062952,0.6984552
2025-01-22,0.27022156846259193,3,0.70661974,0.70265543
2025-01-22,0.27022156846259193,5,0.6968145,0.7057548
2025-01-22,0.27022156846259193,10,0.6901326,0.7138042
2025-01-22,0.27022156846259193,21,0.6041759,0.75038224
2025-01-23,0.08925583544696636,1,0.7066607,0.64704734
2025-01-23,0.08925583544696636,3,0.7046145,0.64867115
2025-01-23,0.08925583544696636,5,0.6855655,0.65990305
2025-01-23,0.08925583544696636,10,0.69609505,0.6684527
2025-01-23,0.08925583544696636,21,0.61055,0.686502
2025-01-24,-0.15690705985411668,1,0.70661974,0.69245666
2025-01-24,-0.15690705985411668,3,0.6968145,0.68809205
2025-01-24,-0.15690705985411668,5,0.6808884,0.6821048
2025-01-24,-0.15690705985411668,10,0.69070387,0.6865763
2025-01-24,-0.15690705985411668,21,0.61186785,0.6992931
2025-01-27,-0.8962514042858416,1,0.7046145,0.7425794
2025-01-27,-0.8962514042858416,3,0.6855655,0.7446059
2025-01-27,-0.8962514042858416,5,0.6889824,0.73646504
2025-01-27,-0.8962514042858416,10,0.68846905,0.74942964
2025-01-27,-0.8962514042858416,21,0.5927731,0.8000795
2025-01-28,0.12985293993699187,1,0.6968145,0.6790418
2025-01-28,0.12985293993699187,3,0.6808884,0.6706821
2025-01-28,0.12985293993699187,5,0.68905926,0.6594614
2025-01-28,0.12985293993699187,10,0.6385097,0.6924245
2025-01-28,0.12985293993699187,21,0.5912772,0.73553205
2025-01-29,0.7302552711971444,1,0.6855655,0.7069117
2025-01-29,0.7302552711971444,3,0.6889824,0.6994987
2025-01-29,0.7302552711971444,5,0.6901326,0.7038005
2025-01-29,0.7302552711971444,10,0.64052075,0.71236676
2025-01-29,0.7302552711971444,21,0.5919492,0.72918403
2025-01-30,1.033127834346459,1,0.6808884,0.71799046
2025-01-30,1.033127834346459,3,0.68905926,0.69727176
2025-01-30,1.033127834346459,5,0.69609505,0.684227
2025-01-30,1.033127834346459,10,0.6148913,0.69539136
2025-01-30,1.033127834346459,21,0.60000914,0.73757446
2025-01-31,0.3655693928495296,1,0.6889824,0.69042253
2025-01-31,0.3655693928495296,3,0.6901326,0.67535514
2025-01-31,0.3655693928495296,5,0.69070387,0.66677445
2025-01-31,0.3655693928495296,10,0.6002878,0.67059594
2025-01-31,0.3655693928495296,21,0.6116617,0.6914516
2025-02-03,-0.9815462316895562,1,0.68905926,0.7253936
2025-02-03,-0.9815462316895562,3,0.69609505,0.6997626
2025-02-03,-0.9815462316895562,5,0.68846905,0.6852599
2025-02-03,-0.9815462316895562,10,0.61451685,0.68750453
2025-02-03,-0.9815462316895562,21,0.61126393,0.71398854
2025-02-04,0.9199541057542504,1,0.6901326,0.7588909
2025-02-04,0.9199541057542504,3,0.69070387,0.7437185
2025-02-04,0.9199541057542504,5,0.6385097,0.73290926
2025-02-04,0.9199541057542504,10,0.60741,0.74386007
2025-02-04,0.9199541057542504,21,0.62692666,0.7461606
2025-02-05,-0.15447125882692703,1,0.69609505,0.6989404
2025-02-05,-0.15447125882692703,3,0.68846905,0.6843984
2025-02-05,-0.15447125882692703,5,0.64052075,0.6761286
2025-02-05,-0.15447125882692703,10,0.6060232,0.66642857
2025-02-05,-0.15447125882692703,21,0.69731486,0.6591333
2025-02-06,0.9914637646883051,1,0.69070387,0.65926236
2025-02-06,0.9914637646883051,3,0.6385097,0.6477139
2025-02-06,0.9914637646883051,5,0.6148913,0.6481795
2025-02-06,0.9914637646883051,10,0.6041759,0.6318295
2025-02-06,0.9914637646883051,21,0.71421725,0.6244153
2025-02-07,-0.2369532031702093,1,0.68846905,0.70415276
2025-02-07,-0.2369532031702093,3,0.64052075,0.70386255
2025-02-07,-0.2369532031702093,5,0.6002878,0.69324857
2025-02-07,-0.2369532031702093,10,0.61055,0.729804
2025-02-07,-0.2369532031702093,21,0.71564317,0.78553224
2025-02-10,0.6329806146544215,1,0.6385097,0.66404146
2025-02-10,0.6329806146544215,3,0.6148913,0.674163
2025-02-10,0.6329806146544215,5,0.61451685,0.6836374
2025-02-10,0.6329806146544215,10,0.61186785,0.6979508
2025-02-10,0.6329806146544215,21,0.7155448,0.720831
2025-02-11,0.5882501402546758,1,0.64052075,0.6081419
2025-02-11,0.5882501402546758,3,0.6002878,0.6113542
2025-02-11,0.5882501402546758,5,0.60741,0.6231014
2025-02-11,0.5882501402546758,10,0.5927731,0.625415
2025-02-11,0.5882501402546758,21,0.73521984,0.65052503
2025-02-12,0.1298296486674566,1,0.6148913,0.5752728
2025-02-12,0.1298296486674566,3,0.61451685,0.58175474
2025-02-12,0.1298296486674566,5,0.6060232,0.59343815
2025-02-12,0.1298296486674566,10,0.5912772,0.6013377
2025-02-12,0.1298296486674566,21,0.754096,0.6324004
2025-02-13,1.2149942120463386,1,0.6002878,0.58420855
2025-02-13,1.2149942120463386,3,0.60741,0.58283406
2025-02-13,1.2149942120463386,5,0.6041759,0.58999544
2025-02-13,1.2149942120463386,10,0.5919492,0.6030086
2025-02-13,1.2149942120463386,21,0.7641423,0.63585126
2025-02-14,0.15633096370279986,1,0.61451685,0.59091026
2025-02-14,0.15633096370279986,3,0.6060232,0.59324473
2025-02-14,0.15633096370279986,5,0.61055,0.59745955
2025-02-14,0.15633096370279986,10,0.60000914,0.6030761
2025-02-14,0.15633096370279986,21,0.76299816,0.6376774
2025-02-17,0.5018689782713359,1,0.60741,0.6557966
2025-02-17,0.5018689782713359,3,0.6041759,0.661217
2025-02-17,0.5018689782713359,5,0.61186785,0.6541946
2025-02-17,0.5018689782713359,10,0.6116617,0.6754033
2025-02-17,0.5018689782713359,21,0.7731604,0.7290176
2025-02-18,0.11104665724115392,1,0.6060232,0.66161644
2025-02-18,0.11104665724115392,3,0.61055,0.65656507
2025-02-18,0.11104665724115392,5,0.5927731,0.6431466
2025-02-18,0.11104665724115392,10,0.61126393,0.6669242
2025-02-18,0.11104665724115392,21,0.7786991,0.7493465
2025-02-19,-0.6392675847680884,1,0.6041759,0.613681
2025-02-19,-0.6392675847680884,3,0.61186785,0.5969788
2025-02-19,-0.6392675847680884,5,0.5912772,0.583043
2025-02-19,-0.6392675847680884,10,0.62692666,0.6088598
2025-02-19,-0.6392675847680884,21,0.75664157,0.6643125
2025-02-20,-0.2286749165209656,1,0.61055,0.6658179
2025-02-20,-0.2286749165209656,3,0.5927731,0.6575664
2025-02-20,-0.2286749165209656,5,0.5919492,0.65510124
2025-02-20,-0.2286749165209656,10,0.69731486,0.673577
2025-02-20,-0.2286749165209656,21,0.756909,0.67971635
2025-02-21,0.2167515149486654,1,0.61186785,0.58500147
2025-02-21,0.2167515149486654,3,0.5912772,0.58313775
2025-02-21,0.2167515149486654,5,0.60000914,0.5833498
2025-02-21,0.2167515149486654,10,0.71421725,0.6036104
2025-02-21,0.2167515149486654,21,0.77008563,0.6394117
2025-02-24,-0.39931258195107233,1,0.5927731,0.6162672
2025-02-24,-0.39931258195107233,3,0.5919492,0.6203363
2025-02-24,-0.39931258195107233,5,0.6116617,0.63549703
2025-02-24,-0.39931258195107233,10,0.71564317,0.6554659
2025-02-24,-0.39931258195107233,21,0.77549416,0.6804091
2025-02-25,-0.2858415810485404,1,0.5912772,0.5796311
2025-02-25,-0.2858415810485404,3,0.60000914,0.5756349
2025-02-25,-0.2858415810485404,5,0.61126393,0.5909937
2025-02-25,-0.2858415810485404,10,0.7155448,0.59836215
2025-02-25,-0.2858415810485404,21,0.7716087,0.60541487
2025-02-26,1.0872541398327051,1,0.5919492,0.5966965
2025-02-26,1.0872541398327051,3,0.6116617,0.6001378
2025-02-26,1.0872541398327051,5,0.62692666,0.6061852
2025-02-26,1.0872541398327051,10,0.73521984,0.62119377
2025-02-26,1.0872541398327051,21,0.77295357,0.6247164
2025-02-27,-0.768023050969191,1,0.60000914,0.5942332
2025-02-27,-0.768023050969191,3,0.61126393,0.5943226
2025-02-27,-0.768023050969191,5,0.69731486,0.61034983
2025-02-27,-0.768023050969191,10,0.754096,0.63104576
2025-02-27,-0.768023050969191,21,0.7783686,0.6452331
2025-02-28,-0.24658903097289908,1,0.6116617,0.56110895
2025-02-28,-0.24658903097289908,3,0.62692666,0.5665472
2025-02-28,-0.24658903097289908,5,0.71421725,0.5814865
2025-02-28,-0.24658903097289908,10,0.7641423,0.5948118
2025-02-28,-0.24658903097289908,21,0.7773735,0.6182278
2025-03-03,1.2855236084328148,1,0.61126393,0.6133996
2025-03-03,1.2855236084328148,3,0.69731486,0.62370354
2025-03-03,1.2855236084328148,5,0.71564317,0.6286135
2025-03-03,1.2855236084328148,10,0.76299816,0.6441187
2025-03-03,1.2855236084328148,21,0.78518116,0.67476976
2025-03-04,-2.2435737373696973,1,0.62692666,0.6050131
2025-03-04,-2.2435737373696973,3,0.71421725,0.59888786
2025-03-04,-2.2435737373696973,5,0.7155448,0.61187303
2025-03-04,-2.2435737373696973,10,0.7731604,0.6247269
2025-03-04,-2.2435737373696973,21,0.7794749,0.6575923
2025-03-05,1.333053325773914,1,0.69731486,0.7367763
2025-03-05,1.333053325773914,3,0.71564317,0.7464162
2025-03-05,1.333053325773914,5,0.73521984,0.7539926
2025-03-05,1.333053325773914,10,0.7786991,0.8037012
2025-03-05,1.333053325773914,21,0.78922486,0.8681848
2025-03-06,0.5188982413451448,1,0.71421725,0.7304649
2025-03-06,0.5188982413451448,3,0.7155448,0.7343013
2025-03-06,0.5188982413451448,5,0.754096,0.7368614
2025-03-06,0.5188982413451448,10,0.75664157,0.7859692
2025-03-06,0.5188982413451448,21,0.7889839,0.85585433
2025-03-07,-0.49059377313867003,1,0.71564317,0.73639286
2025-03-07,-0.49059377313867003,3,0.73521984,0.7518392
2025-03-07,-0.49059377313867003,5,0.7641423,0.75133604
2025-03-07,-0.49059377313867003,10,0.756909,0.78965497
2025-03-07,-0.49059377313867003,21,0.89819586,0.86822474
2025-03-10,-1.2001953513440355,1,0.7155448,0.76509494
2025-03-10,-1.2001953513440355,3,0.754096,0.7804905
2025-03-10,-1.2001953513440355,5,0.76299816,0.77553004
2025-03-10,-1.2001953513440355,10,0.77008563,0.8085901
2025-03-10,-1.2001953513440355,21,1.1145108,0.8951087
2025-03-11,-1.1999580508751606,1,0.73521984,0.7828118
2025-03-11,-1.1999580508751606,3,0.7641423,0.7949891
2025-03-11,-1.1999580508751606,5,0.7731604,0.7911218
2025-03-11,-1.1999580508751606,10,0.77549416,0.82389057
2025-03-11,-1.1999580508751606,21,1.2619963,0.8901552
2025-03-12,1.066842523262057,1,0.754096,0.7858258
2025-03-12,1.066842523262057,3,0.76299816,0.80003184
2025-03-12,1.066842523262057,5,0.7786991,0.7970458
2025-03-12,1.066842523262057,10,0.7716087,0.82656586
2025-03-12,1.066842523262057,21,1.3063186,0.88437366
2025-03-13,-0.4221719672771407,1,0.7641423,0.8147756
2025-03-13,-0.4221719672771407,3,0.7731604,0.82418936
2025-03-13,-0.4221719672771407,5,0.75664157,0.81713015
2025-03-13,-0.4221719672771407,10,0.77295357,0.8482588
2025-03-13,-0.4221719672771407,21,1.3749945,0.89025885
2025-03-14,1.1752153048933955,1,0.76299816,0.76010257
2025-03-14,1.1752153048933955,3,0.7786991,0.7601283
2025-03-14,1.1752153048933955,5,0.756909,0.7550873
2025-03-14,1.1752153048933955,10,0.7783686,0.7768344
2025-03-14,1.1752153048933955,21,1.4441845,0.79197735
2025-03-17,0.8910890818944139,1,0.7731604,0.77130514
2025-03-17,0.8910890818944139,3,0.75664157,0.7725113
2025-03-17,0.8910890818944139,5,0.77008563,0.76687616
2025-03-17,0.8910890818944139,10,0.7773735,0.80856246
2025-03-17,0.8910890818944139,21,1.4392887,0.858598
2025-03-18,0.68167100889438,1,0.7786991,0.79300267
2025-03-18,0.68167100889438,3,0.756909,0.7954118
2025-03-18,0.68167100889438,5,0.77549416,0.7977665
2025-03-18,0.68167100889438,10,0.78518116,0.8388441
2025-03-18,0.68167100889438,21,1.481776,0.894026
2025-03-19,0.69004307316618,1,0.75664157,0.7525882
2025-03-19,0.69004307316618,3,0.77008563,0.7588744
2025-03-19,0.69004307316618,5,0.7716087,0.7614457
2025-03-19,0.69004307316618,10,0.7794749,0.78204185
2025-03-19,0.69004307316618,21,1.5045786,0.81113887
2025-03-20,-0.9394290896700852,1,0.756909,0.7190698
2025-03-20,-0.9394290896700852,3,0.77549416,0.7249379
2025-03-20,-0.9394290896700852,5,0.77295357,0.7249711
2025-03-20,-0.9394290896700852,10,0.78922486,0.7486267
2025-03-20,-0.9394290896700852,21,1.5039833,0.7657083
2025-03-21,-0.5326469310253934,1,0.77008563,0.7425727
2025-03-21,-0.5326469310253934,3,0.7716087,0.7509593
2025-03-21,-0.5326469310253934,5,0.7783686,0.75610393
2025-03-21,-0.5326469310253934,10,0.7889839,0.78803086
2025-03-21,-0.5326469310253934,21,1.5047445,0.8190179
2025-03-24,-0.01757369974839662,1,0.77549416,0.7817444
2025-03-24,-0.01757369974839662,3,0.77295357,0.7820784
2025-03-24,-0.01757369974839662,5,0.7773735,0.7837222
2025-03-24,-0.01757369974839662,10,0.89819586,0.8154694
2025-03-24,-0.01757369974839662,21,1.5056278,0.8411563
2025-03-25,0.9134937246926711,1,0.7716087,0.74378306
2025-03-25,0.9134937246926711,3,0.7783686,0.7445529
2025-03-25,0.9134937246926711,5,0.78518116,0.744632
2025-03-25,0.9134937246926711,10,1.1145108,0.7640687
2025-03-25,0.9134937246926711,21,1.5189162,0.7851459
2025-03-26,-0.7328829857010888,1,0.77295357,0.738543
2025-03-26,-0.7328829857010888,3,0.7773735,0.7457216
2025-03-26,-0.7328829857010888,5,0.7794749,0.7532696
2025-03-26,-0.7328829857010888,10,1.2619963,0.77529657
2025-03-26,-0.7328829857010888,21,1.5193083,0.8160882
2025-03-27,-0.3785279611296488,1,0.7783686,0.8344993
2025-03-27,-0.3785279611296488,3,0.78518116,0.8454684
2025-03-27,-0.3785279611296488,5,0.78922486,0.84609014
2025-03-27,-0.3785279611296488,10,1.3063186,0.8722639
2025-03-27,-0.3785279611296488,21,1.5186589,0.9089639
2025-03-28,-1.0196461769828247,1,0.7773735,0.78193974
2025-03-28,-1.0196461769828247,3,0.7794749,0.79581976
2025-03-28,-1.0196461769828247,5,0.7889839,0.79937524
2025-03-28,-1.0196461769828247,10,1.3749945,0.8261468
2025-03-28,-1.0196461769828247,21,1.5128947,0.8752992
2025-03-31,-1.3877160044930115,1,0.78518116,0.81371224
2025-03-31,-1.3877160044930115,3,0.78922486,0.8329277
2025-03-31,-1.3877160044930115,5,0.89819586,0.8448845
2025-03-31,-1.3877160044930115,10,1.4441845,0.8744777
2025-03-31,-1.3877160044930115,21,1.5128883,0.9303437
2025-04-01,1.0714342439390734,1,0.7794749,0.85133153
2025-04-01,1.0714342439390734,3,0.7889839,0.8712029
2025-04-01,1.0714342439390734,5,1.1145108,0.8850963
2025-04-01,1.0714342439390734,10,1.4392887,0.9267948
2025-04-01,1.0714342439390734,21,1.5082554,1.0065569
2025-04-02,-0.3838065373250821,1,0.78922486,0.856376
2025-04-02,-0.3838065373250821,3,0.89819586,0.8804294
2025-04-02,-0.3838065373250821,5,1.2619963,0.8846006
2025-04-02,-0.3838065373250821,10,1.481776,0.9287575
2025-04-02,-0.3838065373250821,21,1.5311034,1.0013758
2025-04-03,-3.296451448146076,1,0.7889839,0.8172813
2025-04-03,-3.296451448146076,3,1.1145108,0.8404705
2025-04-03,-3.296451448146076,5,1.3063186,0.845352
2025-04-03,-3.296451448146076,10,1.5045786,0.8701292
2025-04-03,-3.296451448146076,21,1.5312687,0.9324203
2025-04-04,-5.166194104599597,1,0.89819586,0.97481936
2025-04-04,-5.166194104599597,3,1.2619963,1.0096924
2025-04-04,-5.166194104599597,5,1.3749945,1.0218862
2025-04-04,-5.166194104599597,10,1.5039833,1.0794058
2025-04-04,-5.166194104599597,21,1.5261023,1.1494385
2025-04-07,-4.683673691237189,1,1.1145108,1.1601561
2025-04-07,-4.683673691237189,3,1.3063186,1.1915607
2025-04-07,-4.683673691237189,5,1.4441845,1.2269723
2025-04-07,-4.683673691237189,10,1.5047445,1.31264
2025-04-07,-4.683673691237189,21,1.5275416,1.4021896
2025-04-08,2.543346433328697,1,1.2619963,1.0592477
2025-04-08,2.543346433328697,3,1.3749945,1.0902195
2025-04-08,2.543346433328697,5,1.4392887,1.117485
2025-04-08,2.543346433328697,10,1.5056278,1.1956024
2025-04-08,2.543346433328697,21,1.530972,1.271262
2025-04-09,-3.627015946074774,1,1.3063186,1.1428622
2025-04-09,-3.627015946074774,3,1.4441845,1.1801627
2025-04-09,-3.627015946074774,5,1.481776,1.2042972
2025-04-09,-3.627015946074774,10,1.5189162,1.2855456
2025-04-09,-3.627015946074774,21,1.5307099,1.4013499
2025-04-10,3.493181425272329,1,1.3749945,1.2937971
2025-04-10,3.493181425272329,3,1.4392887,1.3282813
2025-04-10,3.493181425272329,5,1.5045786,1.3567611
2025-04-10,3.493181425272329,10,1.5193083,1.4270542
2025-04-10,3.493181425272329,21,1.5454636,1.5058473
2025-04-11,-0.278922300209139,1,1.4441845,1.3663919
2025-04-11,-0.278922300209139,3,1.481776,1.3913387
2025-04-11,-0.278922300209139,5,1.5039833,1.4193733
2025-04-11,-0.278922300209139,10,1.5186589,1.4994805
2025-04-11,-0.278922300209139,21,1.538601,1.5950016
2025-04-14,2.6407850659571075,1,1.4392887,1.3776133
2025-04-14,2.6407850659571075,3,1.5045786,1.4133129
2025-04-14,2.6407850659571075,5,1.5047445,1.4510725
2025-04-14,2.6407850659571075,10,1.5128947,1.5407228
2025-04-14,2.6407850659571075,21,1.5384634,1.6753907
2025-04-15,1.9484312232120438,1,1.481776,1.3363142
2025-04-15,1.9484312232120438,3,1.5039833,1.3641752
2025-04-15,1.9484312232120438,5,1.5056278,1.3900633
2025-04-15,1.9484312232120438,10,1.5128883,1.4821937
2025-04-15,1.9484312232120438,21,1.537062,1.5968798
2025-04-16,-0.12152494804897884,1,1.5045786,1.2846125
2025-04-16,-0.12152494804897884,3,1.5047445,1.3084342
2025-04-16,-0.12152494804897884,5,1.5189162,1.3272239
2025-04-16,-0.12152494804897884,10,1.5082554,1.3804681
2025-04-16,-0.12152494804897884,21,1.5379537,1.434651
2025-04-17,-0.4745397900252968,1,1.5039833,1.2899765
2025-04-17,-0.4745397900252968,3,1.5056278,1.3258536
2025-04-17,-0.4745397900252968,5,1.5193083,1.342505
2025-04-17,-0.4745397900252968,10,1.5311034,1.409059
2025-04-17,-0.4745397900252968,21,1.5360513,1.5233959
2025-04-22,0.3371344054957426,1,1.5047445,1.3144808
2025-04-22,0.3371344054957426,3,1.5189162,1.3457608
2025-04-22,0.3371344054957426,5,1.5186589,1.363347
2025-04-22,0.3371344054957426,10,1.5312687,1.4454327
2025-04-22,0.3371344054957426,21,1.5379585,1.549454
2025-04-23,1.7253266149632296,1,1.5056278,1.2989022
2025-04-23,1.7253266149632296,3,1.5193083,1.3114864
2025-04-23,1.7253266149632296,5,1.5128947,1.3172415
2025-04-23,1.7253266149632296,10,1.5261023,1.4058938
2025-04-23,1.7253266149632296,21,1.5377674,1.5227417
2025-04-24,0.2853528727525756,1,1.5189162,1.2454576
2025-04-24,0.2853528727525756,3,1.5186589,1.2629902
2025-04-24,0.2853528727525756,5,1.5128883,1.2683469
2025-04-24,0.2853528727525756,10,1.5275416,1.3253946
2025-04-24,0.2853528727525756,21,1.5391581,1.4121114
2025-04-25,0.6469097309016902,1,1.5193083,1.3333412
2025-04-25,0.6469097309016902,3,1.5128947,1.3312212
2025-04-25,0.6469097309016902,5,1.5082554,1.3306558
2025-04-25,0.6469097309016902,10,1.530972,1.3689802
2025-04-25,0.6469097309016902,21,1.5498201,1.3811316
2025-04-28,0.25281267415460107,1,1.5186589,1.2017907
2025-04-28,0.25281267415460107,3,1.5128883,1.215487
2025-04-28,0.25281267415460107,5,1.5311034,1.2183601
2025-04-28,0.25281267415460107,10,1.5307099,1.2739251
2025-04-28,0.25281267415460107,21,1.5504878,1.3501998
2025-04-29,0.36412274476482764,1,1.5128947,1.2330521
2025-04-29,0.36412274476482764,3,1.5082554,1.239986
2025-04-29,0.36412274476482764,5,1.5312687,1.230332
2025-04-29,0.36412274476482764,10,1.5454636,1.2540631
2025-04-29,0.36412274476482764,21,1.5476894,1.2551384
2025-04-30,0.2486181819636002,1,1.5128883,1.2711979
2025-04-30,0.2486181819636002,3,1.5311034,1.286283
2025-04-30,0.2486181819636002,5,1.5261023,1.2950815
2025-04-30,0.2486181819636002,10,1.538601,1.367363
2025-04-30,0.2486181819636002,21,1.548054,1.4174875
2025-05-02,2.236659962004506,1,1.5082554,1.5611373
2025-05-02,2.236659962004506,3,1.5312687,1.5836045
2025-05-02,2.236659962004506,5,1.5275416,1.6180732
2025-05-02,2.236659962004506,10,1.5384634,1.6852016
2025-05-02,2.236659962004506,21,1.5390108,1.6644628
2025-05-05,-0.23081334740142623,1,1.5311034,1.3866751
2025-05-05,-0.23081334740142623,3,1.5261023,1.4057018
2025-05-05,-0.23081334740142623,5,1.530972,1.416284
2025-05-05,-0.23081334740142623,10,1.537062,1.4590354
2025-05-05,-0.23081334740142623,21,1.5123773,1.4664798
2025-05-06,-0.2131830844150251,1,1.5312687,1.3882874
2025-05-06,-0.2131830844150251,3,1.5275416,1.4048518
2025-05-06,-0.2131830844150251,5,1.5307099,1.4088174
2025-05-06,-0.2131830844150251,10,1.5379537,1.4501832
2025-05-06,-0.2131830844150251,21,1.5025666,1.4513195
2025-05-07,-0.5757218097024897,1,1.5261023,1.4550327
2025-05-07,-0.5757218097024897,3,1.530972,1.4528307
2025-05-07,-0.5757218097024897,5,1.5454636,1.4524417
2025-05-07,-0.5757218097024897,10,1.5360513,1.4896379
2025-05-07,-0.5757218097024897,21,1.5013248,1.4827238
2025-05-08,1.0087392017863905,1,1.5275416,1.3549703
2025-05-08,1.0087392017863905,3,1.5307099,1.3360076
2025-05-08,1.0087392017863905,5,1.538601,1.3309363
2025-05-08,1.0087392017863905,10,1.5379585,1.3494914
2025-05-08,1.0087392017863905,21,1.5005867,1.3224567
2025-05-09,0.5468383711160207,1,1.530972,1.4267497
2025-05-09,0.5468383711160207,3,1.5454636,1.4344867
2025-05-09,0.5468383711160207,5,1.5384634,1.4258949
2025-05-09,0.5468383711160207,10,1.5377674,1.4544184
2025-05-09,0.5468383711160207,21,1.4926162,1.4772476
2025-05-12,1.6537620735008751,1,1.5307099,1.4862919
2025-05-12,1.6537620735008751,3,1.538601,1.4913216
2025-05-12,1.6537620735008751,5,1.537062,1.4809766
2025-05-12,1.6537620735008751,10,1.5391581,1.5071607
2025-05-12,1.6537620735008751,21,1.4845767,1.5129547
2025-05-13,0.4463195562571798,1,1.5454636,1.3599694
2025-05-13,0.4463195562571798,3,1.5384634,1.3617605
2025-05-13,0.4463195562571798,5,1.5379537,1.3560251
2025-05-13,0.4463195562571798,10,1.5498201,1.3725536
2025-05-13,0.4463195562571798,21,1.4786018,1.3583243
2025-05-14,-0.0012579882252339303,1,1.538601,1.4099578
2025-05-14,-0.0012579882252339303,3,1.537062,1.4206023
2025-05-14,-0.0012579882252339303,5,1.5360513,1.410472
2025-05-14,-0.0012579882252339303,10,1.5504878,1.4246814
2025-05-14,-0.0012579882252339303,21,1.4775313,1.4182853
2025-05-15,0.03270255171941017,1,1.5384634,1.3699037
2025-05-15,0.03270255171941017,3,1.5379537,1.3809866
2025-05-15,0.03270255171941017,5,1.5379585,1.3576093
2025-05-15,0.03270255171941017,10,1.5476894,1.3512561
2025-05-15,0.03270255171941017,21,1.4704081,1.2584511
2025-05-16,0.4135180288327156,1,1.537062,1.3259498
2025-05-16,0.4135180288327156,3,1.5360513,1.3312212
2025-05-16,0.4135180288327156,5,1.5377674,1.3096416
2025-05-16,0.4135180288327156,10,1.548054,1.2949016
2025-05-16,0.4135180288327156,21,1.4663061,1.2246553
2025-05-19,-0.2338449100978579,1,1.5379537,1.2401686
2025-05-19,-0.2338449100978579,3,1.5379585,1.2493144
2025-05-19,-0.2338449100978579,5,1.5391581,1.2195989
2025-05-19,-0.2338449100978579,10,1.5390108,1.1884108
2025-05-19,-0.2338449100978579,21,1.4676701,1.0760094
2025-05-20,0.6450363807696036,1,1.5360513,1.2822102
2025-05-20,0.6450363807696036,3,1.5377674,1.2673562
2025-05-20,0.6450363807696036,5,1.5498201,1.2544543
2025-05-20,0.6450363807696036,10,1.5123773,1.232374
2025-05-20,0.6450363807696036,21,1.4671595,1.1532462
2025-05-21,-0.07049480782654882,1,1.5379585,1.254282
2025-05-21,-0.07049480782654882,3,1.5391581,1.2593825
2025-05-21,-0.07049480782654882,5,1.5504878,1.2469975
2025-05-21,-0.07049480782654882,10,1.5025666,1.2516668
2025-05-21,-0.07049480782654882,21,1.4654944,1.2356167
2025-05-22,-0.6423522331164833,1,1.5377674,1.2633561
2025-05-22,-0.6423522331164833,3,1.5498201,1.2584382
2025-05-22,-0.6423522331164833,5,1.5476894,1.224868
2025-05-22,-0.6423522331164833,10,1.5013248,1.1992044
2025-05-22,-0.6423522331164833,21,1.4641956,1.1196748
2025-05-23,-1.4379361668556356,1,1.5391581,1.2990526
2025-05-23,-1.4379361668556356,3,1.5504878,1.2962955
2025-05-23,-1.4379361668556356,5,1.548054,1.2703809
2025-05-23,-1.4379361668556356,10,1.5005867,1.2639849
2025-05-23,-1.4379361668556356,21,1.4705676,1.1986717
2025-05-26,1.142297561309391,1,1.5498201,1.6198112
2025-05-26,1.142297561309391,3,1.5476894,1.6362522
2025-05-26,1.142297561309391,5,1.5390108,1.6068155
2025-05-26,1.142297561309391,10,1.4926162,1.6205518
2025-05-26,1.142297561309391,21,1.4660817,1.435861
2025-05-27,0.24600722744514414,1,1.5504878,1.5019844
2025-05-27,0.24600722744514414,3,1.548054,1.499814
2025-05-27,0.24600722744514414,5,1.5123773,1.4806255
2025-05-27,0.24600722744514414,10,1.4845767,1.5112793
2025-05-27,0.24600722744514414,21,1.4635514,1.4708084
2025-05-28,-0.3575704156045134,1,1.5476894,1.5757567
2025-05-28,-0.3575704156045134,3,1.5390108,1.5811499
2025-05-28,-0.3575704156045134,5,1.5025666,1.5451537
2025-05-28,-0.3575704156045134,10,1.4786018,1.5363216
2025-05-28,-0.3575704156045134,21,1.4670047,1.4532857
2025-05-29,-0.03090673444496872,1,1.548054,1.5680134
2025-05-29,-0.03090673444496872,3,1.5123773,1.5415498
2025-05-29,-0.03090673444496872,5,1.5013248,1.50643
2025-05-29,-0.03090673444496872,10,1.4775313,1.477567
2025-05-29,-0.03090673444496872,21,1.4640006,1.3576674
2025-05-30,-0.37606028410781533,1,1.5390108,1.4409183
2025-05-30,-0.37606028410781533,3,1.5025666,1.4076451
2025-05-30,-0.37606028410781533,5,1.5005867,1.3719997
2025-05-30,-0.37606028410781533,10,1.4704081,1.3544188
2025-05-30,-0.37606028410781533,21,1.4531456,1.2629575
2025-06-02,-0.0563728221925075,1,1.5123773,1.5651479
2025-06-02,-0.0563728221925075,3,1.5013248,1.5629332
2025-06-02,-0.0563728221925075,5,1.4926162,1.5193776
2025-06-02,-0.0563728221925075,10,1.4663061,1.4885874
2025-06-02,-0.0563728221925075,21,1.4553982,1.4232856
2025-06-03,0.23162221776846792,1,1.5025666,1.4240284
2025-06-03,0.23162221776846792,3,1.5005867,1.4226656
2025-06-03,0.23162221776846792,5,1.4845767,1.3879181
2025-06-03,0.23162221776846792,10,1.4676701,1.3448865
2025-06-03,0.23162221776846792,21,1.4555947,1.2414086
2025-06-04,0.30295594337834686,1,1.5013248,1.3874997
2025-06-04,0.30295594337834686,3,1.4926162,1.394953
2025-06-04,0.30295594337834686,5,1.4786018,1.3521572
2025-06-04,0.30295594337834686,10,1.4671595,1.2955356
2025-06-04,0.30295594337834686,21,1.3911598,1.1632916
2025-06-05,0.1763013698140803,1,1.5005867,1.4214207
2025-06-05,0.1763013698140803,3,1.4845767,1.4233367
2025-06-05,0.1763013698140803,5,1.4775313,1.3844923
2025-06-05,0.1763013698140803,10,1.4654944,1.3376048
2025-06-05,0.1763013698140803,21,1.2162957,1.2153033
2025-06-06,0.31844260245836864,1,1.4926162,1.373542
2025-06-06,0.31844260245836864,3,1.4786018,1.3470652
2025-06-06,0.31844260245836864,5,1.4704081,1.2986401
2025-06-06,0.31844260245836864,10,1.4641956,1.2358327
2025-06-06,0.31844260245836864,21,1.0403457,1.0802613
2025-06-09,0.026961360771515785,1,1.4845767,1.2827582
2025-06-09,0.026961360771515785,3,1.4775313,1.2661666
2025-06-09,0.026961360771515785,5,1.4663061,1.2238182
2025-06-09,0.026961360771515785,10,1.4705676,1.1765795
2025-06-09,0.026961360771515785,21,1.0031285,1.0584008
2025-06-10,0.16161569059818248,1,1.4786018,1.203921
2025-06-10,0.16161569059818248,3,1.4704081,1.1796038
2025-06-10,0.16161569059818248,5,1.4676701,1.1456256
2025-06-10,0.16161569059818248,10,1.4660817,1.098366
2025-06-10,0.16161569059818248,21,0.87211514,0.9656645
2025-06-11,-0.22307311132099272,1,1.4775313,1.2233285
2025-06-11,-0.22307311132099272,3,1.4663061,1.1952084
2025-06-11,-0.22307311132099272,5,1.4671595,1.1647782
2025-06-11,-0.22307311132099272,10,1.4635514,1.1241469
2025-06-11,-0.22307311132099272,21,0.76418483,0.9838372
2025-06-12,-0.24746580141767893,1,1.4704081,1.2078872
2025-06-12,-0.24746580141767893,3,1.4676701,1.193841
2025-06-12,-0.24746580141767893,5,1.4654944,1.1688457
2025-06-12,-0.24746580141767893,10,1.4670047,1.1495843
2025-06-12,-0.24746580141767893,21,0.7685273,1.0491014
2025-06-13,-0.8722537009496101,1,1.4663061,1.224486
2025-06-13,-0.8722537009496101,3,1.4671595,1.201955
2025-06-13,-0.8722537009496101,5,1.4641956,1.1636349
2025-06-13,-0.8722537009496101,10,1.4640006,1.1281908
2025-06-13,-0.8722537009496101,21,0.7013054,0.99745035
2025-06-16,0.6248044103782213,1,1.4676701,1.1813143
2025-06-16,0.6248044103782213,3,1.4654944,1.146453
2025-06-16,0.6248044103782213,5,1.4705676,1.1188861
2025-06-16,0.6248044103782213,10,1.4531456,1.068249
2025-06-16,0.6248044103782213,21,0.6740642,0.8986787
2025-06-17,-0.7606524338601872,1,1.4671595,1.2860942
2025-06-17,-0.7606524338601872,3,1.4641956,1.2575402
2025-06-17,-0.7606524338601872,5,1.4660817,1.2247343
2025-06-17,-0.7606524338601872,10,1.4553982,1.138407
2025-06-17,-0.7606524338601872,21,0.67435455,0.8708682
2025-06-18,-0.19393467620467675,1,1.4654944,1.3170004
2025-06-18,-0.19393467620467675,3,1.4705676,1.2912157
2025-06-18,-0.19393467620467675,5,1.4635514,1.2746913
2025-06-18,-0.19393467620467675,10,1.4555947,1.2535582
2025-06-18,-0.19393467620467675,21,0.6716324,1.1039497
2025-06-19,-1.0917530238327977,1,1.4641956,1.554921
2025-06-19,-1.0917530238327977,3,1.4660817,1.5260621
2025-06-19,-1.0917530238327977,5,1.4670047,1.4788901
2025-06-19,-1.0917530238327977,10,1.3911598,1.3797302
2025-06-19,-1.0917530238327977,21,0.69425184,1.112463
2025-06-20,0.31543842186261273,1,1.4705676,1.4075586
2025-06-20,0.31543842186261273,3,1.4635514,1.3661257
2025-06-20,0.31543842186261273,5,1.4640006,1.3244916
2025-06-20,0.31543842186261273,10,1.2162957,1.2290616
2025-06-20,0.31543842186261273,21,0.67909515,1.0037508
2025-06-23,-0.20739635212247975,1,1.4660817,1.2947142
2025-06-23,-0.20739635212247975,3,1.4670047,1.2401509
2025-06-23,-0.20739635212247975,5,1.4531456,1.197065
2025-06-23,-0.20739635212247975,10,1.0403457,1.10697
2025-06-23,-0.20739635212247975,21,0.67870116,0.90920997
2025-06-24,0.8200046587932164,1,1.4635514,1.3426278
2025-06-24,0.8200046587932164,3,1.4640006,1.2980185
2025-06-24,0.8200046587932164,5,1.4553982,1.2519141
2025-06-24,0.8200046587932164,10,1.0031285,1.1568091
2025-06-24,0.8200046587932164,21,0.67718065,0.9837653
2025-06-25,-0.7063007584481973,1,1.4670047,1.2675887
2025-06-25,-0.7063007584481973,3,1.4531456,1.2237451
2025-06-25,-0.7063007584481973,5,1.4555947,1.1763839
2025-06-25,-0.7063007584481973,10,0.87211514,1.0774531
2025-06-25,-0.7063007584481973,21,0.68208134,0.88707626
2025-06-26,-0.09378031686200217,1,1.4640006,1.1957233
2025-06-26,-0.09378031686200217,3,1.4553982,1.1665715
2025-06-26,-0.09378031686200217,5,1.3911598,1.1204451
2025-06-26,-0.09378031686200217,10,0.76418483,1.027559
2025-06-26,-0.09378031686200217,21,0.6942715,0.88604116
2025-06-27,1.2421726625129637,1,1.4531456,1.2894635
2025-06-27,1.2421726625129637,3,1.4555947,1.2609837
2025-06-27,1.2421726625129637,5,1.2162957,1.2157067
2025-06-27,1.2421726625129637,10,0.7685273,1.1170936
2025-06-27,1.2421726625129637,21,0.69399154,0.91715646
2025-06-30,-0.42551767068461643,1,1.4553982,1.3032066
2025-06-30,-0.42551767068461643,3,1.3911598,1.2519324
2025-06-30,-0.42551767068461643,5,1.0403457,1.2056074
2025-06-30,-0.42551767068461643,10,0.7013054,1.1037256
2025-06-30,-0.42551767068461643,21,0.63488746,0.8911705
2025-07-01,-0.23611857735552633,1,1.4555947,1.3099207
2025-07-01,-0.23611857735552633,3,1.2162957,1.2709191
2025-07-01,-0.23611857735552633,5,1.0031285,1.2181283
2025-07-01,-0.23611857735552633,10,0.6740642,1.140434
2025-07-01,-0.23611857735552633,21,0.63456666,0.9834425
2025-07-02,0.7764508287819716,1,1.3911598,1.1566447
2025-07-02,0.7764508287819716,3,1.0403457,1.1166914
2025-07-02,0.7764508287819716,5,0.87211514,1.0715759
2025-07-02,0.7764508287819716,10,0.67435455,0.9948806
2025-07-02,0.7764508287819716,21,0.63825995,0.87377816
2025-07-03,0.24504617164851084,1,1.2162957,1.1075058
2025-07-03,0.24504617164851084,3,1.0031285,1.0662661
2025-07-03,0.24504617164851084,5,0.76418483,1.018893
2025-07-03,0.24504617164851084,10,0.6716324,0.9501049
2025-07-03,0.24504617164851084,21,0.6330654,0.844568
2025-07-04,-0.7242062086449508,1,1.0403457,0.95708543
2025-07-04,-0.7242062086449508,3,0.87211514,0.91149473
2025-07-04,-0.7242062086449508,5,0.7685273,0.8819048
2025-07-04,-0.7242062086449508,10,0.69425184,0.8422026
2025-07-04,-0.7242062086449508,21,0.6429033,0.78920245
2025-07-07,0.42272072202864663,1,1.0031285,0.9747563
2025-07-07,0.42272072202864663,3,0.76418483,0.94849694
2025-07-07,0.42272072202864663,5,0.7013054,0.9113102
2025-07-07,0.42272072202864663,10,0.67909515,0.87567157
2025-07-07,0.42272072202864663,21,0.7231946,0.82501674
2025-07-08,0.49860582540208753,1,0.87211514,0.7491508
2025-07-08,0.49860582540208753,3,0.7685273,0.7439394
2025-07-08,0.49860582540208753,5,0.6740642,0.7333832
2025-07-08,0.49860582540208753,10,0.67870116,0.7410242
2025-07-08,0.49860582540208753,21,0.7049582,0.7375587
2025-07-09,1.0129355674515672,1,0.76418483,0.6936447
2025-07-09,1.0129355674515672,3,0.7013054,0.69156706
2025-07-09,1.0129355674515672,5,0.67435455,0.6935484
2025-07-09,1.0129355674515672,10,0.67718065,0.697783
2025-07-09,1.0129355674515672,21,0.70239335,0.70104563
2025-07-10,0.30755914184075195,1,0.7685273,0.7292537
2025-07-10,0.30755914184075195,3,0.6740642,0.73935086
2025-07-10,0.30755914184075195,5,0.6716324,0.7409922
2025-07-10,0.30755914184075195,10,0.68208134,0.7567393
2025-07-10,0.30755914184075195,21,0.7030445,0.7576856
2025-07-11,-0.8111744527846021,1,0.7013054,0.6503454
2025-07-11,-0.8111744527846021,3,0.67435455,0.6489105
2025-07-11,-0.8111744527846021,5,0.69425184,0.6544394
2025-07-11,-0.8111744527846021,10,0.6942715,0.66749185
2025-07-11,-0.8111744527846021,21,0.7106307,0.6797306
2025-07-14,-0.16340489074035958,1,0.6740642,0.6503576
2025-07-14,-0.16340489074035958,3,0.6716324,0.6506994
2025-07-14,-0.16340489074035958,5,0.67909515,0.65893614
2025-07-14,-0.16340489074035958,10,0.69399154,0.66434103
2025-07-14,-0.16340489074035958,21,0.7097006,0.67231303
2025-07-15,-0.2569594561630417,1,0.67435455,0.61459535
2025-07-15,-0.2569594561630417,3,0.69425184,0.6158594
2025-07-15,-0.2569594561630417,5,0.67870116,0.6248397
2025-07-15,-0.2569594561630417,10,0.63488746,0.63599724
2025-07-15,-0.2569594561630417,21,0.7092125,0.6442643
2025-07-16,-1.2494491234373406,1,0.6716324,0.6632631
2025-07-16,-1.2494491234373406,3,0.67909515,0.66428417
2025-07-16,-1.2494491234373406,5,0.67718065,0.67142105
2025-07-16,-1.2494491234373406,10,0.63456666,0.6748428
2025-07-16,-1.2494491234373406,21,0.70798033,0.6839342
2025-07-17,1.275931339523062,1,0.69425184,0.7440197
2025-07-17,1.275931339523062,3,0.67870116,0.7467824
2025-07-17,1.275931339523062,5,0.68208134,0.74702793
2025-07-17,1.275931339523062,10,0.63825995,0.75242287
2025-07-17,1.275931339523062,21,0.7128462,0.7597817
2025-07-18,0.09263256728404556,1,0.67909515,0.72913563
2025-07-18,0.09263256728404556,3,0.67718065,0.73795485
2025-07-18,0.09263256728404556,5,0.6942715,0.7456242
2025-07-18,0.09263256728404556,10,0.6330654,0.7573436
2025-07-18,0.09263256728404556,21,0.7127269,0.7940886
2025-07-21,-0.32806565495349105,1,0.67870116,0.69711345
2025-07-21,-0.32806565495349105,3,0.68208134,0.7050147
2025-07-21,-0.32806565495349105,5,0.69399154,0.69699126
2025-07-21,-0.32806565495349105,10,0.6429033,0.7061233
2025-07-21,-0.32806565495349105,21,0.6880629,0.7438011
2025-07-22,-0.5741751730512057,1,0.67718065,0.6936466
2025-07-22,-0.5741751730512057,3,0.6942715,0.69717634
2025-07-22,-0.5741751730512057,5,0.63488746,0.7018026
2025-07-22,-0.5741751730512057,10,0.7231946,0.7095034
2025-07-22,-0.5741751730512057,21,0.67369777,0.7325964
2025-07-23,1.1230782751310286,1,0.68208134,0.6945469
2025-07-23,1.1230782751310286,3,0.69399154,0.7057347
2025-07-23,1.1230782751310286,5,0.63456666,0.7084698
2025-07-23,1.1230782751310286,10,0.7049582,0.72008234
2025-07-23,1.1230782751310286,21,0.67999685,0.76303786
2025-07-24,0.025764045474652164,1,0.6942715,0.7798072
2025-07-24,0.025764045474652164,3,0.63488746,0.7899478
2025-07-24,0.025764045474652164,5,0.63825995,0.7796711
2025-07-24,0.025764045474652164,10,0.70239335,0.79120153
2025-07-24,0.025764045474652164,21,0.67810327,0.83340347
2025-07-25,-0.019479519860077232,1,0.69399154,0.6712545
2025-07-25,-0.019479519860077232,3,0.63456666,0.6814592
2025-07-25,-0.019479519860077232,5,0.6330654,0.68800145
2025-07-25,-0.019479519860077232,10,0.7030445,0.6965744
2025-07-25,-0.019479519860077232,21,0.6780921,0.72580874
2025-07-28,-0.18241178531539504,1,0.63488746,0.65760976
2025-07-28,-0.18241178531539504,3,0.63825995,0.6574753
2025-07-28,-0.18241178531539504,5,0.6429033,0.6645646
2025-07-28,-0.18241178531539504,10,0.7106307,0.6720883
2025-07-28,-0.18241178531539504,21,0.67919123,0.6845426
2025-07-29,0.6476251361734242,1,0.63456666,0.64184594
2025-07-29,0.6476251361734242,3,0.6330654,0.6465404
2025-07-29,0.6476251361734242,5,0.7231946,0.6509289
2025-07-29,0.6476251361734242,10,0.7097006,0.6582583
2025-07-29,0.6476251361734242,21,0.68754023,0.6754236
2025-07-30,0.19684369160666293,1,0.63825995,0.6377049
2025-07-30,0.19684369160666293,3,0.6429033,0.63855934
2025-07-30,0.19684369160666293,5,0.7049582,0.6418748
2025-07-30,0.19684369160666293,10,0.7092125,0.6489938
2025-07-30,0.19684369160666293,21,0.70794773,0.65522105
2025-07-31,-1.2349403177079665,1,0.6330654,0.66268927
2025-07-31,-1.2349403177079665,3,0.7231946,0.66808647
2025-07-31,-1.2349403177079665,5,0.70239335,0.67015225
2025-07-31,-1.2349403177079665,10,0.70798033,0.6832132
2025-07-31,-1.2349403177079665,21,0.70709294,0.68906057
2025-08-01,-2.611271575289109,1,0.6429033,0.66107124
2025-08-01,-2.611271575289109,3,0.7049582,0.66973215
2025-08-01,-2.611271575289109,5,0.7030445,0.68530786
2025-08-01,-2.611271575289109,10,0.7128462,0.71152526
2025-08-01,-2.611271575289109,21,0.7067983,0.7299732
2025-08-04,1.0936545406211806,1,0.7231946,0.82270104
2025-08-04,1.0936545406211806,3,0.70239335,0.84454167
2025-08-04,1.0936545406211806,5,0.7106307,0.8628857
2025-08-04,1.0936545406211806,10,0.7127269,0.8967014
2025-08-04,1.0936545406211806,21,0.7112112,0.9298098
2025-08-05,0.06799797551071407,1,0.7049582,0.74066275
2025-08-05,0.06799797551071407,3,0.7030445,0.7601454
2025-08-05,0.06799797551071407,5,0.7097006,0.77986467
2025-08-05,0.06799797551071407,10,0.6880629,0.82574564
2025-08-05,0.06799797551071407,21,0.71149486,0.862604
2025-08-06,0.20563682570928776,1,0.70239335,0.73020196
2025-08-06,0.20563682570928776,3,0.7106307,0.75791943
2025-08-06,0.20563682570928776,5,0.7092125,0.7729518
2025-08-06,0.20563682570928776,10,0.67369777,0.81955594
2025-08-06,0.20563682570928776,21,0.7242947,0.8933425
2025-08-07,0.7815229038013349,1,0.7030445,0.72661376
2025-08-07,0.7815229038013349,3,0.7097006,0.74597067
2025-08-07,0.7815229038013349,5,0.70798033,0.7463274
2025-08-07,0.7815229038013349,10,0.67999685,0.75631946
2025-08-07,0.7815229038013349,21,0.7270403,0.8075856
2025-08-08,0.3087547347398356,1,0.7106307,0.7423378
2025-08-08,0.3087547347398356,3,0.7092125,0.75839067
2025-08-08,0.3087547347398356,5,0.7128462,0.75467163
2025-08-08,0.3087547347398356,10,0.67810327,0.76922435
2025-08-08,0.3087547347398356,21,0.7271544,0.83348644
2025-08-11,-0.091195811313316,1,0.7097006,0.7757345
2025-08-11,-0.091195811313316,3,0.70798033,0.7959324
2025-08-11,-0.091195811313316,5,0.7127269,0.783127
2025-08-11,-0.091195811313316,10,0.6780921,0.796957
2025-08-11,-0.091195811313316,21,0.71943647,0.8699664
2025-08-12,0.5604237737429685,1,0.7092125,0.78788334
2025-08-12,0.5604237737429685,3,0.7128462,0.8097261
2025-08-12,0.5604237737429685,5,0.6880629,0.8003007
2025-08-12,0.5604237737429685,10,0.67919123,0.8289211
2025-08-12,0.5604237737429685,21,0.7211473,0.91883796
2025-08-13,0.6355887069309674,1,0.70798033,0.66943634
2025-08-13,0.6355887069309674,3,0.7127269,0.67770445
2025-08-13,0.6355887069309674,5,0.67369777,0.6743308
2025-08-13,0.6355887069309674,10,0.68754023,0.7044881
2025-08-13,0.6355887069309674,21,0.71587,0.766695
2025-08-14,0.6452601547861647,1,0.7128462,0.7039154
2025-08-14,0.6452601547861647,3,0.6880629,0.6976253
2025-08-14,0.6452601547861647,5,0.67999685,0.6997974
2025-08-14,0.6452601547861647,10,0.70794773,0.735614
2025-08-14,0.6452601547861647,21,0.7154386,0.78662443
2025-08-15,0.321075411757743,1,0.7127269,0.7304645
2025-08-15,0.321075411757743,3,0.67369777,0.7237022
2025-08-15,0.321075411757743,5,0.67810327,0.7117863
2025-08-15,0.321075411757743,10,0.70709294,0.7396466
2025-08-15,0.321075411757743,21,0.70427525,0.79538393
2025-08-18,-0.19798852672705536,1,0.6880629,0.69000524
2025-08-18,-0.19798852672705536,3,0.67999685,0.69789535
2025-08-18,-0.19798852672705536,5,0.6780921,0.70043236
2025-08-18,-0.19798852672705536,10,0.7067983,0.72258216
2025-08-18,-0.19798852672705536,21,0.7036918,0.7558048
2025-08-19,0.7754351534397408,1,0.67369777,0.7034597
2025-08-19,0.7754351534397408,3,0.67810327,0.70440304
2025-08-19,0.7754351534397408,5,0.67919123,0.7153063
2025-08-19,0.7754351534397408,10,0.7112112,0.7451429
2025-08-19,0.7754351534397408,21,0.7152262,0.79030436
2025-08-20,0.038213812909226874,1,0.67999685,0.6550283
2025-08-20,0.038213812909226874,3,0.6780921,0.6586211
2025-08-20,0.038213812909226874,5,0.68754023,0.66888744
2025-08-20,0.038213812909226874,10,0.71149486,0.6947929
2025-08-20,0.038213812909226874,21,0.719062,0.71010244
2025-08-21,-0.02403601716283177,1,0.67810327,0.60275656
2025-08-21,-0.02403601716283177,3,0.67919123,0.598685
2025-08-21,-0.02403601716283177,5,0.70794773,0.60619056
2025-08-21,-0.02403601716283177,10,0.7242947,0.61966115
2025-08-21,-0.02403601716283177,21,0.7140386,0.62191296
2025-08-22,0.5642440106328195,1,0.6780921,0.59728867
2025-08-22,0.5642440106328195,3,0.68754023,0.5885276
2025-08-22,0.5642440106328195,5,0.70709294,0.6072776
2025-08-22,0.5642440106328195,10,0.7270403,0.65504915
2025-08-22,0.5642440106328195,21,0.72738886,0.6981018
2025-08-25,-0.785770411331832,1,0.67919123,0.63825434
2025-08-25,-0.785770411331832,3,0.70794773,0.63157976
2025-08-25,-0.785770411331832,5,0.7067983,0.6499024
2025-08-25,-0.785770411331832,10,0.7271544,0.679517
2025-08-25,-0.785770411331832,21,0.7115707,0.68970764
2025-08-26,-1.2932447491307286,1,0.68754023,0.71911484
2025-08-26,-1.2932447491307286,3,0.70709294,0.7258254
2025-08-26,-1.2932447491307286,5,0.7112112,0.7396425
2025-08-26,-1.2932447491307286,10,0.71943647,0.77519804
2025-08-26,-1.2932447491307286,21,0.708782,0.7883476
2025-08-27,0.11632926241960106,1,0.70794773,0.7580693
2025-08-27,0.11632926241960106,3,0.7067983,0.7810215
2025-08-27,0.11632926241960106,5,0.71149486,0.79887265
2025-08-27,0.11632926241960106,10,0.7211473,0.8551394
2025-08-27,0.11632926241960106,21,0.7097293,0.8996045
2025-08-28,0.05499037806977469,1,0.70709294,0.71099067
2025-08-28,0.05499037806977469,3,0.7112112,0.7195676
2025-08-28,0.05499037806977469,5,0.7242947,0.7299982
2025-08-28,0.05499037806977469,10,0.71587,0.80499655
2025-08-28,0.05499037806977469,21,0.7045362,0.86885595
2025-08-29,-0.6857886147122905,1,0.7067983,0.6740584
2025-08-29,-0.6857886147122905,3,0.71149486,0.68902653
2025-08-29,-0.6857886147122905,5,0.7270403,0.6993682
2025-08-29,-0.6857886147122905,10,0.7154386,0.7242835
2025-08-29,-0.6857886147122905,21,0.7054508,0.77300036
2025-09-01,0.15461879498506192,1,0.7112112,0.73720866
2025-09-01,0.15461879498506192,3,0.7242947,0.7421106
2025-09-01,0.15461879498506192,5,0.7271544,0.74522305
2025-09-01,0.15461879498506192,10,0.70427525,0.7875247
2025-09-01,0.15461879498506192,21,0.7062695,0.8439361
2025-09-02,-1.077862686802078,1,0.71149486,0.6481065
2025-09-02,-1.077862686802078,3,0.7270403,0.6589189
2025-09-02,-1.077862686802078,5,0.71943647,0.6793113
2025-09-02,-1.077862686802078,10,0.7036918,0.7025567
2025-09-02,-1.077862686802078,21,0.70552933,0.74694335
2025-09-03,0.5129125617611585,1,0.7242947,0.7500866
2025-09-03,0.5129125617611585,3,0.7271544,0.7604684
2025-09-03,0.5129125617611585,5,0.7211473,0.75551
2025-09-03,0.5129125617611585,10,0.7152262,0.7729306
2025-09-03,0.5129125617611585,21,0.7035456,0.83026326
2025-09-04,0.2529530925658996,1,0.7270403,0.71915764
2025-09-04,0.2529530925658996,3,0.71943647,0.7265519
2025-09-04,0.2529530925658996,5,0.71587,0.72179985
2025-09-04,0.2529530925658996,10,0.719062,0.7545215
2025-09-04,0.2529530925658996,21,0.70327467,0.8204808
2025-09-05,-0.30475805436536163,1,0.7271544,0.6534224
2025-09-05,-0.30475805436536163,3,0.7211473,0.65745544
2025-09-05,-0.30475805436536163,5,0.7154386,0.6555166
2025-09-05,-0.30475805436536163,10,0.7140386,0.6765208
2025-09-05,-0.30475805436536163,21,0.71152174,0.73726416
2025-09-08,0.7347580882686167,1,0.71943647,0.74692494
2025-09-08,0.7347580882686167,3,0.71587,0.75107086
2025-09-08,0.7347580882686167,5,0.70427525,0.73923475
2025-09-08,0.7347580882686167,10,0.72738886,0.7650814
2025-09-08,0.7347580882686167,21,0.70260775,0.82488143
2025-09-09,0.4069194343889748,1,0.7211473,0.67855185
2025-09-09,0.4069194343889748,3,0.7154386,0.6836773
2025-09-09,0.4069194343889748,5,0.7036918,0.68224853
2025-09-09,0.4069194343889748,10,0.7115707,0.69563216
2025-09-09,0.4069194343889748,21,0.70677555,0.73287976
2025-09-10,0.14608659163535265,1,0.71587,0.75256866
2025-09-10,0.14608659163535265,3,0.70427525,0.7431372
2025-09-10,0.14608659163535265,5,0.7152262,0.72663426
2025-09-10,0.14608659163535265,10,0.708782,0.740435
2025-09-10,0.14608659163535265,21,0.7060362,0.7780512
2025-09-11,0.6374062753919496,1,0.7154386,0.6956591
2025-09-11,0.6374062753919496,3,0.7036918,0.6925625
2025-09-11,0.6374062753919496,5,0.719062,0.69348145
2025-09-11,0.6374062753919496,10,0.7097293,0.72121567
2025-09-11,0.6374062753919496,21,0.6871381,0.7581421
2025-09-12,0.1851731959937375,1,0.70427525,0.68653005
2025-09-12,0.1851731959937375,3,0.7152262,0.6808933
2025-09-12,0.1851731959937375,5,0.7140386,0.67383355
2025-09-12,0.1851731959937375,10,0.7045362,0.67862576
2025-09-12,0.1851731959937375,21,0.6756348,0.69167626
2025-09-15,1.1002240030441257,1,0.7036918,0.70663154
2025-09-15,1.1002240030441257,3,0.719062,0.70041317
2025-09-15,1.1002240030441257,5,0.72738886,0.68912953
2025-09-15,1.1002240030441257,10,0.7054508,0.68865925
2025-09-15,1.1002240030441257,21,0.71650827,0.69137764
2025-09-16,-0.8789617294485019,1,0.7152262,0.6756601
2025-09-16,-0.8789617294485019,3,0.7140386,0.64359546
2025-09-16,-0.8789617294485019,5,0.7115707,0.64909124
2025-09-16,-0.8789617294485019,10,0.7062695,0.64720964
2025-09-16,-0.8789617294485019,21,0.7161203,0.6364925
2025-09-17,-0.3308384353412741,1,0.719062,0.7089431
2025-09-17,-0.3308384353412741,3,0.72738886,0.7101501
2025-09-17,-0.3308384353412741,5,0.708782,0.71504796
2025-09-17,-0.3308384353412741,10,0.70552933,0.7327521
2025-09-17,-0.3308384353412741,21,0.71237534,0.7459166
2025-09-18,1.157157308617407,1,0.7140386,0.7516586
2025-09-18,1.157157308617407,3,0.7115707,0.75707245
2025-09-18,1.157157308617407,5,0.7097293,0.7658785
2025-09-18,1.157157308617407,10,0.7035456,0.81277066
2025-09-18,1.157157308617407,21,0.718144,0.8419242
2025-09-19,-0.019595115980042266,1,0.72738886,0.7158452
2025-09-19,-0.019595115980042266,3,0.708782,0.7287513
2025-09-19,-0.019595115980042266,5,0.7045362,0.7379784
2025-09-19,-0.019595115980042266,10,0.70327467,0.76973116
2025-09-19,-0.019595115980042266,21,0.7261882,0.80496526
2025-09-22,0.10894914132597577,1,0.7115707,0.672617
2025-09-22,0.10894914132597577,3,0.7097293,0.6772222
2025-09-22,0.10894914132597577,5,0.7054508,0.68277854
2025-09-22,0.10894914132597577,10,0.71152174,0.72050864
2025-09-22,0.10894914132597577,21,0.7312571,0.7828784
2025-09-23,0.4955036560879478,1,0.708782,0.74073404
2025-09-23,0.4955036560879478,3,0.7045362,0.74253035
2025-09-23,0.4955036560879478,5,0.7062695,0.7478151
2025-09-23,0.4955036560879478,10,0.70260775,0.76377875
2025-09-23,0.4955036560879478,21,0.7366376,0.7817842
2025-09-24,-0.16022080997490917,1,0.7097293,0.7290035
2025-09-24,-0.16022080997490917,3,0.7054508,0.72960645
2025-09-24,-0.16022080997490917,5,0.70552933,0.7267255
2025-09-24,-0.16022080997490917,10,0.70677555,0.73975796
2025-09-24,-0.16022080997490917,21,0.7338286,0.78766394
2025-09-25,-0.27290477181747264,1,0.7045362,0.72397465
2025-09-25,-0.27290477181747264,3,0.7062695,0.72454417
2025-09-25,-0.27290477181747264,5,0.7035456,0.7238348
2025-09-25,-0.27290477181747264,10,0.7060362,0.7224233
2025-09-25,-0.27290477181747264,21,0.7357281,0.7524086
2025-09-26,0.9068010894104361,1,0.7054508,0.701226
2025-09-26,0.9068010894104361,3,0.70552933,0.7022352
2025-09-26,0.9068010894104361,5,0.70327467,0.6944935
2025-09-26,0.9068010894104361,10,0.6871381,0.6888673
2025-09-26,0.9068010894104361,21,0.7170223,0.712893
2025-09-29,0.3127299251777238,1,0.7062695,0.7297932
2025-09-29,0.3127299251777238,3,0.7035456,0.7422625
2025-09-29,0.3127299251777238,5,0.71152174,0.73156
2025-09-29,0.3127299251777238,10,0.6756348,0.7363411
2025-09-29,0.3127299251777238,21,0.6219666,0.7801089
2025-09-30,0.17016864073289284,1,0.70552933,0.7788784
2025-09-30,0.17016864073289284,3,0.70327467,0.7868258
2025-09-30,0.17016864073289284,5,0.70260775,0.76929384
2025-09-30,0.17016864073289284,10,0.71650827,0.78936607
2025-09-30,0.17016864073289284,21,0.61091673,0.8443649
2025-10-01,1.0006502480965906,1,0.7035456,0.703698
2025-10-01,1.0006502480965906,3,0.71152174,0.7032702
2025-10-01,1.0006502480965906,5,0.70677555,0.6895437
2025-10-01,1.0006502480965906,10,0.7161203,0.68848425
2025-10-01,1.0006502480965906,21,0.6127112,0.7227308
2025-10-02,0.9481728543617507,1,0.70327467,0.77017754
2025-10-02,0.9481728543617507,3,0.70260775,0.75722086
2025-10-02,0.9481728543617507,5,0.7060362,0.7380858
2025-10-02,0.9481728543617507,10,0.71237534,0.7226016
2025-10-02,0.9481728543617507,21,0.6126856,0.7013527
2025-10-03,0.3565003037914849,1,0.71152174,0.7301528
2025-10-03,0.3565003037914849,3,0.70677555,0.71622455
2025-10-03,0.3565003037914849,5,0.6871381,0.7076004
2025-10-03,0.3565003037914849,10,0.718144,0.72044533
2025-10-03,0.3565003037914849,21,0.60874027,0.7621193
2025-10-06,-0.5476681724285726,1,0.70260775,0.71879905
2025-10-06,-0.5476681724285726,3,0.7060362,0.69899076
2025-10-06,-0.5476681724285726,5,0.6756348,0.68483514
2025-10-06,-0.5476681724285726,10,0.7261882,0.6860388
2025-10-06,-0.5476681724285726,21,0.61320275,0.7124523
2025-10-07,-0.15474051448522985,1,0.70677555,0.7503558
2025-10-07,-0.15474051448522985,3,0.6871381,0.73555136
2025-10-07,-0.15474051448522985,5,0.71650827,0.7142866
2025-10-07,-0.15474051448522985,10,0.7312571,0.6948371
2025-10-07,-0.15474051448522985,21,0.61255825,0.6874143
2025-10-08,0.6546735980657914,1,0.7060362,0.7257436
2025-10-08,0.6546735980657914,3,0.6756348,0.6949614
2025-10-08,0.6546735980657914,5,0.7161203,0.6889667
2025-10-08,0.6546735980657914,10,0.7366376,0.6841371
2025-10-08,0.6546735980657914,21,0.61179805,0.6661675
2025-10-09,-0.5135596043658097,1,0.6871381,0.7190127
2025-10-09,-0.5135596043658097,3,0.71650827,0.7191942
2025-10-09,-0.5135596043658097,5,0.71237534,0.7178904
2025-10-09,-0.5135596043658097,10,0.7338286,0.7287936
2025-10-09,-0.5135596043658097,21,0.6081121,0.7172178
2025-10-10,-1.7597059075738386,1,0.6756348,0.705357
2025-10-10,-1.7597059075738386,3,0.7161203,0.6971396
2025-10-10,-1.7597059075738386,5,0.718144,0.7007353
2025-10-10,-1.7597059075738386,10,0.7357281,0.70154876
2025-10-10,-1.7597059075738386,21,0.6180598,0.6717994
2025-10-13,0.4428380110709895,1,0.71650827,0.7099971
2025-10-13,0.4428380110709895,3,0.71237534,0.7173578
2025-10-13,0.4428380110709895,5,0.7261882,0.7300541
2025-10-13,0.4428380110709895,10,0.7170223,0.763007
2025-10-13,0.4428380110709895,21,0.62163043,0.795702
2025-10-14,-0.2548736930381601,1,0.7161203,0.7124396
2025-10-14,-0.2548736930381601,3,0.718144,0.7120496
2025-10-14,-0.2548736930381601,5,0.7312571,0.70386386
2025-10-14,-0.2548736930381601,10,0.6219666,0.7276421
2025-10-14,-0.2548736930381601,21,0.64796686,0.7720028
2025-10-15,1.3404000620134582,1,0.71237534,0.7448334
2025-10-15,1.3404000620134582,3,0.7261882,0.73856544
2025-10-15,1.3404000620134582,5,0.7366376,0.7364446
2025-10-15,1.3404000620134582,10,0.61091673,0.75778013
2025-10-15,1.3404000620134582,21,0.65620035,0.78627867
2025-10-16,0.9404115232401367,1,0.718144,0.75141066
2025-10-16,0.9404115232401367,3,0.7312571,0.7496828
2025-10-16,0.9404115232401367,5,0.7338286,0.7332104
2025-10-16,0.9404115232401367,10,0.6127112,0.7296315
2025-10-16,0.9404115232401367,21,0.66168845,0.7745341
2025-10-17,-0.5722965830324611,1,0.7261882,0.75109154
2025-10-17,-0.5722965830324611,3,0.7366376,0.75413334
2025-10-17,-0.5722965830324611,5,0.7357281,0.741706
2025-10-17,-0.5722965830324611,10,0.6126856,0.7213344
2025-10-17,-0.5722965830324611,21,0.6639132,0.75810933
2025-10-20,0.8566346902393995,1,0.7312571,0.80522937
2025-10-20,0.8566346902393995,3,0.7338286,0.80031484
2025-10-20,0.8566346902393995,5,0.7170223,0.76836795
2025-10-20,0.8566346902393995,10,0.60874027,0.7574901
2025-10-20,0.8566346902393995,21,0.67458344,0.78303903
2025-10-21,0.30458898210099505,1,0.7366376,0.7843681
2025-10-21,0.30458898210099505,3,0.7357281,0.7969123
2025-10-21,0.30458898210099505,5,0.6219666,0.77129495
2025-10-21,0.30458898210099505,10,0.61320275,0.77985126
2025-10-21,0.30458898210099505,21,0.67024237,0.84452504
2025-10-22,-0.3110422414391856,1,0.7338286,0.777711
2025-10-22,-0.3110422414391856,3,0.7170223,0.77728343
2025-10-22,-0.3110422414391856,5,0.61091673,0.7623567
2025-10-22,-0.3110422414391856,10,0.61255825,0.7670612
2025-10-22,-0.3110422414391856,21,0.6930572,0.79444563
2025-10-23,0.5674653688918063,1,0.7357281,0.78755325
2025-10-23,0.5674653688918063,3,0.6219666,0.7727295
2025-10-23,0.5674653688918063,5,0.6127112,0.75653356
2025-10-23,0.5674653688918063,10,0.61179805,0.76722896
2025-10-23,0.5674653688918063,21,0.6933593,0.8109578
2025-10-24,0.019832242624939767,1,0.7170223,0.7162569
2025-10-24,0.019832242624939767,3,0.61091673,0.69075423
2025-10-24,0.019832242624939767,5,0.6126856,0.68461424
2025-10-24,0.019832242624939767,10,0.6081121,0.69251084
2025-10-24,0.019832242624939767,21,0.6948899,0.7033036
2025-10-27,0.353984731443191,1,0.6219666,0.6122804
2025-10-27,0.353984731443191,3,0.6127112,0.6039577
2025-10-27,0.353984731443191,5,0.60874027,0.62151796
2025-10-27,0.353984731443191,10,0.6180598,0.63400984
2025-10-27,0.353984731443191,21,0.6952551,0.65420103
2025-10-28,-0.21235692074741408,1,0.61091673,0.66671497
2025-10-28,-0.21235692074741408,3,0.6126856,0.65579486
2025-10-28,-0.21235692074741408,5,0.61320275,0.66866875
2025-10-28,-0.21235692074741408,10,0.62163043,0.6857868
2025-10-28,-0.21235692074741408,21,0.69657344,0.7215558
2025-10-29,0.14549859105228435,1,0.6127112,0.69917285
2025-10-29,0.14549859105228435,3,0.60874027,0.6885903
2025-10-29,0.14549859105228435,5,0.61255825,0.6980282
2025-10-29,0.14549859105228435,10,0.64796686,0.724598
2025-10-29,0.14549859105228435,21,0.683888,0.7490677
2025-10-30,-0.17695410796854105,1,0.6126856,0.62435955
2025-10-30,-0.17695410796854105,3,0.61320275,0.6103834
2025-10-30,-0.17695410796854105,5,0.61179805,0.6197801
2025-10-30,-0.17695410796854105,10,0.65620035,0.64101875
2025-10-30,-0.17695410796854105,21,0.6936309,0.6522964
2025-10-31,-0.4601467973098572,1,0.60874027,0.60587996
2025-10-31,-0.4601467973098572,3,0.61255825,0.61064017
2025-10-31,-0.4601467973098572,5,0.6081121,0.6185502
2025-10-31,-0.4601467973098572,10,0.66168845,0.63681203
2025-10-31,-0.4601467973098572,21,0.69356924,0.6510098
2025-11-03,0.08249160194333527,1,0.61320275,0.6176832
2025-11-03,0.08249160194333527,3,0.61179805,0.6119187
2025-11-03,0.08249160194333527,5,0.6180598,0.61489594
2025-11-03,0.08249160194333527,10,0.6639132,0.6136469
2025-11-03,0.08249160194333527,21,0.6917488,0.60386294
2025-11-04,-0.23654099263472617,1,0.61255825,0.6238598
2025-11-04,-0.23654099263472617,3,0.6081121,0.63188773
2025-11-04,-0.23654099263472617,5,0.62163043,0.6470995
2025-11-04,-0.23654099263472617,10,0.67458344,0.6800454
2025-11-04,-0.23654099263472617,21,0.6874266,0.70402825
2025-11-05,0.09491780362713698,1,0.61179805,0.6042131
2025-11-05,0.09491780362713698,3,0.6180598,0.6096875
2025-11-05,0.09491780362713698,5,0.64796686,0.62198734
2025-11-05,0.09491780362713698,10,0.67024237,0.64139426
2025-11-05,0.09491780362713698,21,0.68681186,0.66860515
2025-11-06,-0.9171974368300084,1,0.6081121,0.6214705
2025-11-06,-0.9171974368300084,3,0.62163043,0.62542963
2025-11-06,-0.9171974368300084,5,0.65620035,0.64348
2025-11-06,-0.9171974368300084,10,0.6930572,0.660093
2025-11-06,-0.9171974368300084,21,0.6872016,0.6805612
2025-11-07,-0.4911685620823114,1,0.6180598,0.6188489
2025-11-07,-0.4911685620823114,3,0.64796686,0.6202633
2025-11-07,-0.4911685620823114,5,0.66168845,0.6261077
2025-11-07,-0.4911685620823114,10,0.6933593,0.62931436
2025-11-07,-0.4911685620823114,21,0.68370014,0.65081775
2025-11-10,1.5306887413178316,1,0.62163043,0.63118917
2025-11-10,1.5306887413178316,3,0.65620035,0.6366021
2025-11-10,1.5306887413178316,5,0.6639132,0.6493531
2025-11-10,1.5306887413178316,10,0.6948899,0.65752393
2025-11-10,1.5306887413178316,21,0.68479925,0.6819562
2025-11-11,1.1503270146840272,1,0.64796686,0.69259423
2025-11-11,1.1503270146840272,3,0.66168845,0.6923447
2025-11-11,1.1503270146840272,5,0.67458344,0.68586797
2025-11-11,1.1503270146840272,10,0.6952551,0.72032756
2025-11-11,1.1503270146840272,21,0.67204595,0.7896836
2025-11-12,0.7758562783364731,1,0.65620035,0.72302574
2025-11-12,0.7758562783364731,3,0.6639132,0.7362893
2025-11-12,0.7758562783364731,5,0.67024237,0.7224384
2025-11-12,0.7758562783364731,10,0.69657344,0.75062007
2025-11-12,0.7758562783364731,21,0.6641427,0.84180886
2025-11-13,-0.3270033286678853,1,0.66168845,0.6886263
2025-11-13,-0.3270033286678853,3,0.67458344,0.69251776
2025-11-13,-0.3270033286678853,5,0.6930572,0.6879091
2025-11-13,-0.3270033286678853,10,0.683888,0.69720304
2025-11-13,-0.3270033286678853,21,0.6650053,0.7492943
2025-11-14,-0.9334241605361449,1,0.6639132,0.6725107
2025-11-14,-0.9334241605361449,3,0.67024237,0.6695429
2025-11-14,-0.9334241605361449,5,0.6933593,0.6687444
2025-11-14,-0.9334241605361449,10,0.6936309,0.6750169
2025-11-14,-0.9334241605361449,21,0.65392077,0.7119392
2025-11-17,-0.5558515497484429,1,0.67458344,0.6711295
2025-11-17,-0.5558515497484429,3,0.6930572,0.6596964
2025-11-17,-0.5558515497484429,5,0.6948899,0.6536976
2025-11-17,-0.5558515497484429,10,0.69356924,0.6671338
2025-11-17,-0.5558515497484429,21,0.6571032,0.7033774
2025-11-18,-1.854640536188068,1,0.67024237,0.68689615
2025-11-18,-1.854640536188068,3,0.6933593,0.67256594
2025-11-18,-1.854640536188068,5,0.6952551,0.66966814
2025-11-18,-1.854640536188068,10,0.6917488,0.6699859
2025-11-18,-1.854640536188068,21,0.6620159,0.6863277
2025-11-19,-0.080386095748608,1,0.6930572,0.7550506
2025-11-19,-0.080386095748608,3,0.6948899,0.7562978
2025-11-19,-0.080386095748608,5,0.69657344,0.7528737
2025-11-19,-0.080386095748608,10,0.6874266,0.7732461
2025-11-19,-0.080386095748608,21,0.6639711,0.8252623
2025-11-20,0.44162253374615545,1,0.6933593,0.6907131
2025-11-20,0.44162253374615545,3,0.6952551,0.69048095
2025-11-20,0.44162253374615545,5,0.683888,0.69060105
2025-11-20,0.44162253374615545,10,0.68681186,0.72526234
2025-11-20,0.44162253374615545,21,0.66481996,0.7759911
2025-11-21,-0.7052656113417655,1,0.6948899,0.6921944
2025-11-21,-0.7052656113417655,3,0.69657344,0.695055
2025-11-21,-0.7052656113417655,5,0.6936309,0.6976898
2025-11-21,-0.7052656113417655,10,0.6872016,0.719109
2025-11-21,-0.7052656113417655,21,0.67065084,0.7437161
2025-11-24,-0.25655530456729636,1,0.6952551,0.6981818
2025-11-24,-0.25655530456729636,3,0.683888,0.710399
2025-11-24,-0.25655530456729636,5,0.69356924,0.71164936
2025-11-24,-0.25655530456729636,10,0.68370014,0.73947763
2025-11-24,-0.25655530456729636,21,0.66347027,0.7766732
2025-11-25,0.6618726622187765,1,0.69657344,0.72171885
2025-11-25,0.6618726622187765,3,0.6936309,0.7206825
2025-11-25,0.6618726622187765,5,0.6917488,0.72196466
2025-11-25,0.6618726622187765,10,0.68479925,0.73938924
2025-11-25,0.6618726622187765,21,0.66485244,0.75157535
2025-11-26,1.0956355607107504,1,0.683888,0.68110836
2025-11-26,1.0956355607107504,3,0.69356924,0.6941867
2025-11-26,1.0956355607107504,5,0.6874266,0.7067094
2025-11-26,1.0956355607107504,10,0.67204595,0.7370929
2025-11-26,1.0956355607107504,21,0.66471815,0.76618654
2025-11-27,-0.0005883685422425344,1,0.6936309,0.69914424
2025-11-27,-0.0005883685422425344,3,0.6917488,0.70459616
2025-11-27,-0.0005883685422425344,5,0.68681186,0.71052086
2025-11-27,-0.0005883685422425344,10,0.6641427,0.73353976
2025-11-27,-0.0005883685422425344,21,0.653132,0.7668716
2025-11-28,0.28671327769353994,1,0.69356924,0.70634836
2025-11-28,0.28671327769353994,3,0.6874266,0.70931387
2025-11-28,0.28671327769353994,5,0.6872016,0.71966815
2025-11-28,0.28671327769353994,10,0.6650053,0.7360536
2025-11-28,0.28671327769353994,21,0.6422155,0.76624197
2025-12-01,-0.03579423633661705,1,0.6917488,0.7378555
2025-12-01,-0.03579423633661705,3,0.68681186,0.7457673
2025-12-01,-0.03579423633661705,5,0.68370014,0.7478693
2025-12-01,-0.03579423633661705,10,0.65392077,0.7632877
2025-12-01,-0.03579423633661705,21,0.6478645,0.8054984
2025-12-02,-0.09159768123261358,1,0.6874266,0.7160445
2025-12-02,-0.09159768123261358,3,0.6872016,0.7221643
2025-12-02,-0.09159768123261358,5,0.68479925,0.7233536
2025-12-02,-0.09159768123261358,10,0.6571032,0.7254338
2025-12-02,-0.09159768123261358,21,0.6436666,0.75903803
2025-12-03,0.2880147464702887,1,0.68681186,0.75086075
2025-12-03,0.2880147464702887,3,0.68370014,0.76269567
2025-12-03,0.2880147464702887,5,0.67204595,0.76043564
2025-12-03,0.2880147464702887,10,0.6620159,0.7802913
2025-12-03,0.2880147464702887,21,0.6436666,0.8260746
2025-12-04,0.11064441247619072,1,0.6872016,0.691902
2025-12-04,0.11064441247619072,3,0.68479925,0.70688653
2025-12-04,0.11064441247619072,5,0.6641427,0.7119006
2025-12-04,0.11064441247619072,10,0.6639711,0.73634297
2025-12-04,0.11064441247619072,21,0.6436666,0.8033241
2025-12-05,-0.22141138242792735,1,0.68370014,0.69054395
2025-12-05,-0.22141138242792735,3,0.67204595,0.69791174
2025-12-05,-0.22141138242792735,5,0.6650053,0.69619745
2025-12-05,-0.22141138242792735,10,0.66481996,0.71045953
2025-12-05,-0.22141138242792735,21,0.6436666,0.7570065
2025-12-08,0.04631434625670394,1,0.68479925,0.7021704
2025-12-08,0.04631434625670394,3,0.6641427,0.7010838
2025-12-08,0.04631434625670394,5,0.65392077,0.6998727
2025-12-08,0.04631434625670394,10,0.67065084,0.7140143
2025-12-08,0.04631434625670394,21,0.6436666,0.7356757
2025-12-09,-0.45115773615354016,1,0.67204595,0.64316005
2025-12-09,-0.45115773615354016,3,0.6650053,0.64425457
2025-12-09,-0.45115773615354016,5,0.6571032,0.6489955
2025-12-09,-0.45115773615354016,10,0.66347027,0.66301006
2025-12-09,-0.45115773615354016,21,0.6436666,0.6792505
2025-12-10,-0.40767138369810496,1,0.6641427,0.6422268
2025-12-10,-0.40767138369810496,3,0.65392077,0.64013755
2025-12-10,-0.40767138369810496,5,0.6620159,0.645632
2025-12-10,-0.40767138369810496,10,0.66485244,0.6630133
2025-12-10,-0.40767138369810496,21,0.6436666,0.68909264
2025-12-11,0.6188175028612797,1,0.6650053,0.7335345
2025-12-11,0.6188175028612797,3,0.6571032,0.73731714
2025-12-11,0.6188175028612797,5,0.6639711,0.74272287
2025-12-11,0.6188175028612797,10,0.66471815,0.7651064
2025-12-11,0.6188175028612797,21,0.6436666,0.7958323
2025-12-12,-0.44221153918408973,1,0.65392077,0.660363
2025-12-12,-0.44221153918408973,3,0.6620159,0.6558894
2025-12-12,-0.44221153918408973,5,0.66481996,0.6662824
2025-12-12,-0.44221153918408973,10,0.653132,0.68270963
2025-12-12,-0.44221153918408973,21,0.6436666,0.6863425
2025-12-15,0.6916006653976403,1,0.6571032,0.6819075
2025-12-15,0.6916006653976403,3,0.6639711,0.6850711
2025-12-15,0.6916006653976403,5,0.67065084,0.69223034
2025-12-15,0.6916006653976403,10,0.6422155,0.704452
2025-12-15,0.6916006653976403,21,0.6436666,0.7124133
2025-12-16,-0.5223754346348919,1,0.6620159,0.68137354
2025-12-16,-0.5223754346348919,3,0.66481996,0.6806384
2025-12-16,-0.5223754346348919,5,0.66347027,0.694668
2025-12-16,-0.5223754346348919,10,0.6478645,0.7384076
2025-12-16,-0.5223754346348919,21,0.6436666,0.77645403
2025-12-17,-0.2831860299570721,1,0.6639711,0.6717332
2025-12-17,-0.2831860299570721,3,0.67065084,0.67056984
2025-12-17,-0.2831860299570721,5,0.66485244,0.67669815
2025-12-17,-0.2831860299570721,10,0.6436666,0.68643326
2025-12-17,-0.2831860299570721,21,0.6436666,0.7018134
2025-12-18,0.8225559590027132,1,0.66481996,0.6943231
2025-12-18,0.8225559590027132,3,0.66347027,0.6947807
2025-12-18,0.8225559590027132,5,0.66471815,0.7016234
2025-12-18,0.8225559590027132,10,0.6436666,0.70895743
2025-12-18,0.8225559590027132,21,0.6436666,0.706432
2025-12-19,0.42859422016015003,1,0.67065084,0.6968121
2025-12-19,0.42859422016015003,3,0.66485244,0.68783414
2025-12-19,0.42859422016015003,5,0.653132,0.6985522
2025-12-19,0.42859422016015003,10,0.6436666,0.69964695
2025-12-19,0.42859422016015003,21,0.6436666,0.7020661
2025-12-22,-0.3618162544065662,1,0.66347027,0.6568019
2025-12-22,-0.3618162544065662,3,0.66471815,0.6564114
2025-12-22,-0.3618162544065662,5,0.6422155,0.66414124
2025-12-22,-0.3618162544065662,10,0.6436666,0.66441625
2025-12-22,-0.3618162544065662,21,0.6436666,0.6792885
2025-12-23,-0.011126564684627027,1,0.66485244,0.6984114
2025-12-23,-0.011126564684627027,3,0.653132,0.6999446
2025-12-23,-0.011126564684627027,5,0.6478645,0.70064455
2025-12-23,-0.011126564684627027,10,0.6436666,0.71081007
2025-12-23,-0.011126564684627027,21,0.6436666,0.73965365
2025-12-24,-0.045104546658514266,1,0.66471815,0.68641126
2025-12-24,-0.045104546658514266,3,0.6422155,0.67903346
2025-12-24,-0.045104546658514266,5,0.6436666,0.68142855
2025-12-24,-0.045104546658514266,10,0.6436666,0.6734845
2025-12-24,-0.045104546658514266,21,0.6436666,0.6534398
2025-12-29,0.09955435611210817,1,0.653132,0.7087406
2025-12-29,0.09955435611210817,3,0.6478645,0.7107928
2025-12-29,0.09955435611210817,5,0.6436666,0.7099443
2025-12-29,0.09955435611210817,10,0.6436666,0.7116043
2025-12-29,0.09955435611210817,21,0.6436666,0.7104591
2025-12-30,0.7621050358271653,1,0.6422155,0.6698632
2025-12-30,0.7621050358271653,3,0.6436666,0.6757038
2025-12-30,0.7621050358271653,5,0.6436666,0.67717546
2025-12-30,0.7621050358271653,10,0.6436666,0.68935996
2025-12-30,0.7621050358271653,21,0.6436666,0.7352909
2025-12-31,-0.04880571356125074,1,0.6478645,0.6657592
2025-12-31,-0.04880571356125074,3,0.6436666,0.6692116
2025-12-31,-0.04880571356125074,5,0.6436666,0.67166907
2025-12-31,-0.04880571356125074,10,0.6436666,0.6862963
2025-12-31,-0.04880571356125074,21,0.6436666,0.73499894
