time,log_return,horizon,true_volatility,predict_volatility
2022-04-22,1.215538843311581,1,1.06288,1.0803428
2022-04-22,1.215538843311581,3,1.2774234,1.0725074
2022-04-22,1.215538843311581,5,1.2252349,1.0659418
2022-04-22,1.215538843311581,10,1.2770592,1.0638998
2022-04-22,1.215538843311581,21,1.7672709,1.0947689
2022-04-25,-5.5466397043490545,1,1.0711927,1.0640588
2022-04-25,-5.5466397043490545,3,1.287932,1.0547767
2022-04-25,-5.5466397043490545,5,1.2215468,1.0539386
2022-04-25,-5.5466397043490545,10,1.3847958,1.0487423
2022-04-25,-5.5466397043490545,21,1.7778846,1.0549135
2022-04-26,2.2083270227151175,1,1.2774234,1.2640561
2022-04-26,2.2083270227151175,3,1.2252349,1.2654523
2022-04-26,2.2083270227151175,5,1.2315519,1.2781234
2022-04-26,2.2083270227151175,10,1.4254773,1.2717545
2022-04-26,2.2083270227151175,21,1.8242832,1.2554165
2022-04-27,0.3665690634949037,1,1.287932,1.2610999
2022-04-27,0.3665690634949037,3,1.2215468,1.2637441
2022-04-27,0.3665690634949037,5,1.2451237,1.2612447
2022-04-27,0.3665690634949037,10,1.4272629,1.2439513
2022-04-27,0.3665690634949037,21,1.8237963,1.2281735
2022-04-28,-0.08205758048092093,1,1.2252349,1.1750984
2022-04-28,-0.08205758048092093,3,1.2315519,1.1860282
2022-04-28,-0.08205758048092093,5,1.2518982,1.193535
2022-04-28,-0.08205758048092093,10,1.5391796,1.195365
2022-04-28,-0.08205758048092093,21,1.8451656,1.2443132
2022-04-29,1.1660098253553741,1,1.2215468,1.1326058
2022-04-29,1.1660098253553741,3,1.2451237,1.1473279
2022-04-29,1.1660098253553741,5,1.2770592,1.1504958
2022-04-29,1.1660098253553741,10,1.6134924,1.1470838
2022-04-29,1.1660098253553741,21,1.8408203,1.1783553
2022-05-04,-1.9751969231683653,1,1.2315519,1.1168951
2022-05-04,-1.9751969231683653,3,1.2518982,1.1371737
2022-05-04,-1.9751969231683653,5,1.3847958,1.1288182
2022-05-04,-1.9751969231683653,10,1.6140873,1.1125343
2022-05-04,-1.9751969231683653,21,1.8278271,1.153496
2022-05-05,1.0943150282083813,1,1.2451237,1.2476525
2022-05-05,1.0943150282083813,3,1.2770592,1.2562504
2022-05-05,1.0943150282083813,5,1.4254773,1.2641263
2022-05-05,1.0943150282083813,10,1.7520624,1.2543545
2022-05-05,1.0943150282083813,21,1.8279445,1.3133168
2022-05-06,-2.280082505016434,1,1.2518982,1.2237599
2022-05-06,-2.280082505016434,3,1.3847958,1.238432
2022-05-06,-2.280082505016434,5,1.4272629,1.2463623
2022-05-06,-2.280082505016434,10,1.7549776,1.2453601
2022-05-06,-2.280082505016434,21,1.825942,1.2861712
2022-05-09,-4.404470383590464,1,1.2770592,1.3463032
2022-05-09,-4.404470383590464,3,1.4254773,1.3521774
2022-05-09,-4.404470383590464,5,1.5391796,1.3670048
2022-05-09,-4.404470383590464,10,1.7541659,1.3780272
2022-05-09,-4.404470383590464,21,1.821371,1.3723156
2022-05-10,2.3629601018142488,1,1.3847958,1.4609932
2022-05-10,2.3629601018142488,3,1.4272629,1.4730303
2022-05-10,2.3629601018142488,5,1.6134924,1.4861984
2022-05-10,2.3629601018142488,10,1.754138,1.5132954
2022-05-10,2.3629601018142488,21,1.8214179,1.4972961
2022-05-11,0.32352882097903546,1,1.4254773,1.4188805
2022-05-11,0.32352882097903546,3,1.5391796,1.4144286
2022-05-11,0.32352882097903546,5,1.6140873,1.4350876
2022-05-11,0.32352882097903546,10,1.7672709,1.4580436
2022-05-11,0.32352882097903546,21,1.8211067,1.4557298
2022-05-12,-5.32986898761223,1,1.4272629,1.3775443
2022-05-12,-5.32986898761223,3,1.6134924,1.3599268
2022-05-12,-5.32986898761223,5,1.7520624,1.3809695
2022-05-12,-5.32986898761223,10,1.7778846,1.3873136
2022-05-12,-5.32986898761223,21,1.8291528,1.4193413
2022-05-13,-4.474447391833092,1,1.5391796,1.487083
2022-05-13,-4.474447391833092,3,1.6140873,1.4754812
2022-05-13,-4.474447391833092,5,1.7549776,1.4850229
2022-05-13,-4.474447391833092,10,1.8242832,1.5180945
2022-05-13,-4.474447391833092,21,1.8253231,1.5391659
2022-05-16,-0.7118168186558194,1,1.6134924,1.4329304
2022-05-16,-0.7118168186558194,3,1.7520624,1.4562848
2022-05-16,-0.7118168186558194,5,1.7541659,1.473482
2022-05-16,-0.7118168186558194,10,1.8237963,1.5187085
2022-05-16,-0.7118168186558194,21,1.8290485,1.5032971
2022-05-17,5.169853537262803,1,1.6140873,1.5422148
2022-05-17,5.169853537262803,3,1.7549776,1.5245687
2022-05-17,5.169853537262803,5,1.754138,1.5483239
2022-05-17,5.169853537262803,10,1.8451656,1.5843003
2022-05-17,5.169853537262803,21,1.9301951,1.5757121
2022-05-18,0.5346939425248998,1,1.7520624,1.451239
2022-05-18,0.5346939425248998,3,1.7541659,1.44981
2022-05-18,0.5346939425248998,5,1.7672709,1.475045
2022-05-18,0.5346939425248998,10,1.8408203,1.4992805
2022-05-18,0.5346939425248998,21,1.9305172,1.4987864
2022-05-19,-0.2225716494154817,1,1.7549776,1.4578766
2022-05-19,-0.2225716494154817,3,1.754138,1.4444525
2022-05-19,-0.2225716494154817,5,1.7778846,1.4593395
2022-05-19,-0.2225716494154817,10,1.8278271,1.4577608
2022-05-19,-0.2225716494154817,21,1.9287604,1.4442883
2022-05-20,-0.08105812466929763,1,1.7541659,1.6284927
2022-05-20,-0.08105812466929763,3,1.7672709,1.6346531
2022-05-20,-0.08105812466929763,5,1.8242832,1.6652659
2022-05-20,-0.08105812466929763,10,1.8279445,1.6925364
2022-05-20,-0.08105812466929763,21,1.9368918,1.701327
2022-05-23,-2.1404677138487926,1,1.754138,1.6609567
2022-05-23,-2.1404677138487926,3,1.7778846,1.6549599
2022-05-23,-2.1404677138487926,5,1.8237963,1.6593713
2022-05-23,-2.1404677138487926,10,1.825942,1.6561007
2022-05-23,-2.1404677138487926,21,1.9419243,1.5984824
2022-05-24,1.3734067131368377,1,1.7672709,1.6599189
2022-05-24,1.3734067131368377,3,1.8242832,1.6606146
2022-05-24,1.3734067131368377,5,1.8451656,1.685527
2022-05-24,1.3734067131368377,10,1.821371,1.6974354
2022-05-24,1.3734067131368377,21,1.9641317,1.6999165
2022-05-25,2.941286034713908,1,1.7778846,1.7011025
2022-05-25,2.941286034713908,3,1.8237963,1.7105976
2022-05-25,2.941286034713908,5,1.8408203,1.7338878
2022-05-25,2.941286034713908,10,1.8214179,1.7481186
2022-05-25,2.941286034713908,21,1.9642335,1.7432684
2022-05-26,-0.0915960677733807,1,1.8242832,1.5304936
2022-05-26,-0.0915960677733807,3,1.8451656,1.545713
2022-05-26,-0.0915960677733807,5,1.8278271,1.5490245
2022-05-26,-0.0915960677733807,10,1.8211067,1.5484798
2022-05-26,-0.0915960677733807,21,1.9648505,1.5470945
2022-05-27,1.9795140501014608,1,1.8237963,1.6287264
2022-05-27,1.9795140501014608,3,1.8408203,1.6229744
2022-05-27,1.9795140501014608,5,1.8279445,1.635957
2022-05-27,1.9795140501014608,10,1.8291528,1.6242962
2022-05-27,1.9795140501014608,21,1.9714553,1.619483
2022-05-30,0.5368589176250715,1,1.8451656,1.7014511
2022-05-30,0.5368589176250715,3,1.8278271,1.7139895
2022-05-30,0.5368589176250715,5,1.825942,1.7338266
2022-05-30,0.5368589176250715,10,1.8253231,1.7709026
2022-05-30,0.5368589176250715,21,1.9630654,1.7706888
2022-05-31,-0.7684697652020844,1,1.8408203,1.8095952
2022-05-31,-0.7684697652020844,3,1.8279445,1.828664
2022-05-31,-0.7684697652020844,5,1.821371,1.8513806
2022-05-31,-0.7684697652020844,10,1.8290485,1.8784003
2022-05-31,-0.7684697652020844,21,1.9798121,1.8772752
2022-06-01,0.21738487166977905,1,1.8278271,1.74748
2022-06-01,0.21738487166977905,3,1.825942,1.7765702
2022-06-01,0.21738487166977905,5,1.8214179,1.8058205
2022-06-01,0.21738487166977905,10,1.9301951,1.8464227
2022-06-01,0.21738487166977905,21,1.9877617,1.8486578
2022-06-02,-0.7516063311983956,1,1.8279445,1.8324403
2022-06-02,-0.7516063311983956,3,1.821371,1.8462214
2022-06-02,-0.7516063311983956,5,1.8211067,1.8694808
2022-06-02,-0.7516063311983956,10,1.9305172,1.9305336
2022-06-02,-0.7516063311983956,21,1.9612148,1.9093516
2022-06-03,0.14399393340998046,1,1.825942,1.6861705
2022-06-03,0.14399393340998046,3,1.8214179,1.6909124
2022-06-03,0.14399393340998046,5,1.8291528,1.7198194
2022-06-03,0.14399393340998046,10,1.9287604,1.7334964
2022-06-03,0.14399393340998046,21,1.9700292,1.7113342
2022-06-06,-0.02712436538079288,1,1.821371,1.8910218
2022-06-06,-0.02712436538079288,3,1.8211067,1.903225
2022-06-06,-0.02712436538079288,5,1.8253231,1.9335233
2022-06-06,-0.02712436538079288,10,1.9368918,1.9783762
2022-06-06,-0.02712436538079288,21,1.9714276,1.9689813
2022-06-07,-0.2014023408318799,1,1.8214179,1.717232
2022-06-07,-0.2014023408318799,3,1.8291528,1.7267772
2022-06-07,-0.2014023408318799,5,1.8290485,1.7423517
2022-06-07,-0.2014023408318799,10,1.9419243,1.7782686
2022-06-07,-0.2014023408318799,21,1.9617368,1.772556
2022-06-08,1.324651832655288,1,1.8211067,1.7098997
2022-06-08,1.324651832655288,3,1.8253231,1.7021222
2022-06-08,1.324651832655288,5,1.9301951,1.7181126
2022-06-08,1.324651832655288,10,1.9641317,1.765594
2022-06-08,1.324651832655288,21,1.9602253,1.7442102
2022-06-09,0.06629546416849763,1,1.8291528,1.659761
2022-06-09,0.06629546416849763,3,1.8290485,1.6533719
2022-06-09,0.06629546416849763,5,1.9305172,1.6693105
2022-06-09,0.06629546416849763,10,1.9642335,1.7059052
2022-06-09,0.06629546416849763,21,1.9760169,1.6825545
2022-06-10,-1.291326902631429,1,1.8253231,1.6931642
2022-06-10,-1.291326902631429,3,1.9301951,1.6955798
2022-06-10,-1.291326902631429,5,1.9287604,1.6946917
2022-06-10,-1.291326902631429,10,1.9648505,1.6560647
2022-06-10,-1.291326902631429,21,1.9868261,1.581831
2022-06-13,-5.0146981913933075,1,1.8290485,1.7426351
2022-06-13,-5.0146981913933075,3,1.9305172,1.7417325
2022-06-13,-5.0146981913933075,5,1.9368918,1.766577
2022-06-13,-5.0146981913933075,10,1.9714553,1.8029177
2022-06-13,-5.0146981913933075,21,1.9779621,1.7083633
2022-06-14,0.02458356640628878,1,1.9301951,1.9350618
2022-06-14,0.02458356640628878,3,1.9287604,1.9522752
2022-06-14,0.02458356640628878,5,1.9419243,1.9695367
2022-06-14,0.02458356640628878,10,1.9630654,1.9941978
2022-06-14,0.02458356640628878,21,1.9870813,1.887232
2022-06-15,-0.6419431411435639,1,1.9305172,1.8709066
2022-06-15,-0.6419431411435639,3,1.9368918,1.8862131
2022-06-15,-0.6419431411435639,5,1.9641317,1.8919119
2022-06-15,-0.6419431411435639,10,1.9798121,1.8722837
2022-06-15,-0.6419431411435639,21,1.9867073,1.7343794
2022-06-16,2.153659771283234,1,1.9287604,1.8829496
2022-06-16,2.153659771283234,3,1.9419243,1.8947024
2022-06-16,2.153659771283234,5,1.9642335,1.9074603
2022-06-16,2.153659771283234,10,1.9877617,1.9185338
2022-06-16,2.153659771283234,21,1.978581,1.8211353
2022-06-17,-1.760209329031781,1,1.9368918,1.7468258
2022-06-17,-1.760209329031781,3,1.9641317,1.7644606
2022-06-17,-1.760209329031781,5,1.9648505,1.7699901
2022-06-17,-1.760209329031781,10,1.9612148,1.7790065
2022-06-17,-1.760209329031781,21,1.9697725,1.7783265
2022-06-20,-2.6149122974822525,1,1.9419243,1.7855035
2022-06-20,-2.6149122974822525,3,1.9642335,1.7712679
2022-06-20,-2.6149122974822525,5,1.9714553,1.7919939
2022-06-20,-2.6149122974822525,10,1.9700292,1.7773745
2022-06-20,-2.6149122974822525,21,1.9698099,1.756421
2022-06-21,-0.0832619124873979,1,1.9641317,1.9423059
2022-06-21,-0.0832619124873979,3,1.9648505,1.943574
2022-06-21,-0.0832619124873979,5,1.9630654,1.9671069
2022-06-21,-0.0832619124873979,10,1.9714276,1.9783227
2022-06-21,-0.0832619124873979,21,1.9695297,1.9542451
2022-06-22,0.21535909649958995,1,1.9642335,2.0064547
2022-06-22,0.21535909649958995,3,1.9714553,2.0237796
2022-06-22,0.21535909649958995,5,1.9798121,2.030359
2022-06-22,0.21535909649958995,10,1.9617368,2.0165932
2022-06-22,0.21535909649958995,21,1.9600531,1.8778484
2022-06-23,1.0860157959276862,1,1.9648505,1.9788256
2022-06-23,1.0860157959276862,3,1.9630654,1.970123
2022-06-23,1.0860157959276862,5,1.9877617,1.9983736
2022-06-23,1.0860157959276862,10,1.9602253,2.019135
2022-06-23,1.0860157959276862,21,1.8448933,1.9276185
2022-06-24,-0.41275477108868586,1,1.9714553,2.0462635
2022-06-24,-0.41275477108868586,3,1.9798121,2.0342035
2022-06-24,-0.41275477108868586,5,1.9612148,2.0540273
2022-06-24,-0.41275477108868586,10,1.9760169,2.0896127
2022-06-24,-0.41275477108868586,21,1.8230156,1.9880366
2022-06-27,1.7013900823803496,1,1.9630654,1.8986951
2022-06-27,1.7013900823803496,3,1.9877617,1.8943863
2022-06-27,1.7013900823803496,5,1.9700292,1.9152802
2022-06-27,1.7013900823803496,10,1.9868261,1.8954909
2022-06-27,1.7013900823803496,21,1.8219166,1.6862372
2022-06-28,1.32329762537573,1,1.9798121,2.2403638
2022-06-28,1.32329762537573,3,1.9612148,2.2525923
2022-06-28,1.32329762537573,5,1.9714276,2.259962
2022-06-28,1.32329762537573,10,1.9779621,2.2720165
2022-06-28,1.32329762537573,21,1.8221989,2.114389
2022-06-29,-0.0007852961155130345,1,1.9877617,2.1235895
2022-06-29,-0.0007852961155130345,3,1.9700292,2.140784
2022-06-29,-0.0007852961155130345,5,1.9617368,2.1577446
2022-06-29,-0.0007852961155130345,10,1.9870813,2.1269898
2022-06-29,-0.0007852961155130345,21,1.8131871,1.9778581
2022-06-30,-1.9411310749708477,1,1.9612148,1.9104471
2022-06-30,-1.9411310749708477,3,1.9714276,1.9026713
2022-06-30,-1.9411310749708477,5,1.9602253,1.9211074
2022-06-30,-1.9411310749708477,10,1.9867073,1.9272864
2022-06-30,-1.9411310749708477,21,1.799663,1.745149
2022-07-01,0.2654769746750496,1,1.9700292,1.945183
2022-07-01,0.2654769746750496,3,1.9617368,1.9486694
2022-07-01,0.2654769746750496,5,1.9760169,1.9652175
2022-07-01,0.2654769746750496,10,1.978581,1.9385386
2022-07-01,0.2654769746750496,21,1.8032237,1.8114958
2022-07-04,-0.30952472314584867,1,1.9714276,1.9260885
2022-07-04,-0.30952472314584867,3,1.9602253,1.9260418
2022-07-04,-0.30952472314584867,5,1.9868261,1.8964188
2022-07-04,-0.30952472314584867,10,1.9697725,1.8048313
2022-07-04,-0.30952472314584867,21,1.7831485,1.6113169
2022-07-05,-0.5075460016448652,1,1.9617368,2.0801115
2022-07-05,-0.5075460016448652,3,1.9760169,2.087817
2022-07-05,-0.5075460016448652,5,1.9779621,2.103595
2022-07-05,-0.5075460016448652,10,1.9698099,2.0457253
2022-07-05,-0.5075460016448652,21,1.7165983,1.5786927
2022-07-06,-2.454085887870594,1,1.9602253,2.2009785
2022-07-06,-2.454085887870594,3,1.9868261,2.2201135
2022-07-06,-2.454085887870594,5,1.9870813,2.2112434
2022-07-06,-2.454085887870594,10,1.9695297,2.1662242
2022-07-06,-2.454085887870594,21,1.6908189,1.8790617
2022-07-07,1.4165575622951287,1,1.9760169,2.2331274
2022-07-07,1.4165575622951287,3,1.9779621,2.217308
2022-07-07,1.4165575622951287,5,1.9867073,2.2400749
2022-07-07,1.4165575622951287,10,1.9600531,2.1548402
2022-07-07,1.4165575622951287,21,1.6907407,1.8366234
2022-07-08,0.1877461671376146,1,1.9868261,2.0997524
2022-07-08,0.1877461671376146,3,1.9870813,2.092044
2022-07-08,0.1877461671376146,5,1.978581,2.0756247
2022-07-08,0.1877461671376146,10,1.8448933,1.9671674
2022-07-08,0.1877461671376146,21,1.5498115,1.7098669
2022-07-11,-1.8455304672528428,1,1.9779621,2.0142655
2022-07-11,-1.8455304672528428,3,1.9867073,1.9920763
2022-07-11,-1.8455304672528428,5,1.9697725,1.9665056
2022-07-11,-1.8455304672528428,10,1.8230156,1.8765695
2022-07-11,-1.8455304672528428,21,1.4378383,1.6569407
2022-07-12,0.8581622878432782,1,1.9870813,1.9439939
2022-07-12,0.8581622878432782,3,1.978581,1.9135839
2022-07-12,0.8581622878432782,5,1.9698099,1.9105872
2022-07-12,0.8581622878432782,10,1.8219166,1.8227928
2022-07-12,0.8581622878432782,21,1.4347503,1.6931064
2022-07-13,-0.20522257426369706,1,1.9867073,2.0605838
2022-07-13,-0.20522257426369706,3,1.9697725,2.0454113
2022-07-13,-0.20522257426369706,5,1.9695297,2.0397632
2022-07-13,-0.20522257426369706,10,1.8221989,1.981766
2022-07-13,-0.20522257426369706,21,1.2736297,1.8529743
2022-07-14,0.4100248478821733,1,1.978581,1.8951181
2022-07-14,0.4100248478821733,3,1.9698099,1.8858492
2022-07-14,0.4100248478821733,5,1.9600531,1.8651983
2022-07-14,0.4100248478821733,10,1.8131871,1.7626307
2022-07-14,0.4100248478821733,21,1.2724397,1.54896
2022-07-15,-0.14741534478552865,1,1.9697725,1.9569352
2022-07-15,-0.14741534478552865,3,1.9695297,1.9166662
2022-07-15,-0.14741534478552865,5,1.8448933,1.8964553
2022-07-15,-0.14741534478552865,10,1.799663,1.7935221
2022-07-15,-0.14741534478552865,21,1.2730243,1.4812052
2022-07-18,-0.4814297712246507,1,1.9698099,2.0107508
2022-07-18,-0.4814297712246507,3,1.9600531,1.9761226
2022-07-18,-0.4814297712246507,5,1.8230156,1.9382071
2022-07-18,-0.4814297712246507,10,1.8032237,1.8609996
2022-07-18,-0.4814297712246507,21,1.2760515,1.6453221
2022-07-19,-0.2126976292192495,1,1.9695297,1.9462159
2022-07-19,-0.2126976292192495,3,1.8448933,1.9091994
2022-07-19,-0.2126976292192495,5,1.8219166,1.877403
2022-07-19,-0.2126976292192495,10,1.7831485,1.754473
2022-07-19,-0.2126976292192495,21,1.2513906,1.5012355
2022-07-20,1.1422506153563106,1,1.9600531,2.025526
2022-07-20,1.1422506153563106,3,1.8230156,1.9857235
2022-07-20,1.1422506153563106,5,1.8221989,1.9664057
2022-07-20,1.1422506153563106,10,1.7165983,1.886056
2022-07-20,1.1422506153563106,21,1.2395135,1.5975001
2022-07-21,0.7826540334820109,1,1.8448933,1.8262652
2022-07-21,0.7826540334820109,3,1.8219166,1.8083379
2022-07-21,0.7826540334820109,5,1.8131871,1.7944423
2022-07-21,0.7826540334820109,10,1.6908189,1.7256465
2022-07-21,0.7826540334820109,21,1.1813804,1.5332272
2022-07-22,-0.5202743778926155,1,1.8230156,1.8378727
2022-07-22,-0.5202743778926155,3,1.8221989,1.8207959
2022-07-22,-0.5202743778926155,5,1.799663,1.7878896
2022-07-22,-0.5202743778926155,10,1.6907407,1.6932077
2022-07-22,-0.5202743778926155,21,1.1813403,1.3814149
2022-07-25,-0.509089635230886,1,1.8219166,1.8813299
2022-07-25,-0.509089635230886,3,1.8131871,1.8548746
2022-07-25,-0.509089635230886,5,1.8032237,1.8324009
2022-07-25,-0.509089635230886,10,1.5498115,1.7122874
2022-07-25,-0.509089635230886,21,1.1533495,1.5386707
2022-07-26,-0.33673513746936834,1,1.8221989,2.0320232
2022-07-26,-0.33673513746936834,3,1.799663,2.0019433
2022-07-26,-0.33673513746936834,5,1.7831485,1.9420218
2022-07-26,-0.33673513746936834,10,1.4378383,1.7529719
2022-07-26,-0.33673513746936834,21,1.1540241,1.3635068
2022-07-27,0.07711492145618948,1,1.8131871,1.7774915
2022-07-27,0.07711492145618948,3,1.8032237,1.7528327
2022-07-27,0.07711492145618948,5,1.7165983,1.6928705
2022-07-27,0.07711492145618948,10,1.4347503,1.5201197
2022-07-27,0.07711492145618948,21,1.1527712,1.2042782
2022-07-28,1.3610084777153197,1,1.799663,1.8583554
2022-07-28,1.3610084777153197,3,1.7831485,1.8499187
2022-07-28,1.3610084777153197,5,1.6908189,1.8226937
2022-07-28,1.3610084777153197,10,1.2736297,1.7201278
2022-07-28,1.3610084777153197,21,1.1533589,1.380101
2022-07-29,-0.3354756118181257,1,1.8032237,1.9310232
2022-07-29,-0.3354756118181257,3,1.7165983,1.9085951
2022-07-29,-0.3354756118181257,5,1.6907407,1.8800687
2022-07-29,-0.3354756118181257,10,1.2724397,1.7280779
2022-07-29,-0.3354756118181257,21,1.1599265,1.3803902
2022-08-01,1.9492227713921118,1,1.7831485,1.6981701
2022-08-01,1.9492227713921118,3,1.6908189,1.6709234
2022-08-01,1.9492227713921118,5,1.5498115,1.6221436
2022-08-01,1.9492227713921118,10,1.2730243,1.4737945
2022-08-01,1.9492227713921118,21,1.1605604,1.235404
2022-08-02,0.7707533933499988,1,1.7165983,1.6848665
2022-08-02,0.7707533933499988,3,1.6907407,1.6450192
2022-08-02,0.7707533933499988,5,1.4378383,1.5866301
2022-08-02,0.7707533933499988,10,1.2760515,1.467592
2022-08-02,0.7707533933499988,21,1.1678407,1.3146573
2022-08-03,0.30444064842169993,1,1.6908189,1.6060369
2022-08-03,0.30444064842169993,3,1.5498115,1.572078
2022-08-03,0.30444064842169993,5,1.4347503,1.5258087
2022-08-03,0.30444064842169993,10,1.2513906,1.4166088
2022-08-03,0.30444064842169993,21,1.1688824,1.2877322
2022-08-04,0.6202032786599254,1,1.6907407,1.5942785
2022-08-04,0.6202032786599254,3,1.4378383,1.5619037
2022-08-04,0.6202032786599254,5,1.2736297,1.530651
2022-08-04,0.6202032786599254,10,1.2395135,1.4290123
2022-08-04,0.6202032786599254,21,1.1561172,1.2844774
2022-08-05,-0.4447432412774788,1,1.5498115,1.4945308
2022-08-05,-0.4447432412774788,3,1.4347503,1.459131
2022-08-05,-0.4447432412774788,5,1.2724397,1.4302787
2022-08-05,-0.4447432412774788,10,1.1813804,1.3426383
2022-08-05,-0.4447432412774788,21,1.1562994,1.2578263
2022-08-08,0.36409902273781825,1,1.4378383,1.3915066
2022-08-08,0.36409902273781825,3,1.2736297,1.3868408
2022-08-08,0.36409902273781825,5,1.2730243,1.3529428
2022-08-08,0.36409902273781825,10,1.1813403,1.2945855
2022-08-08,0.36409902273781825,21,1.1451496,1.2733967
2022-08-09,0.3705821749066196,1,1.4347503,1.369974
2022-08-09,0.3705821749066196,3,1.2724397,1.3391185
2022-08-09,0.3705821749066196,5,1.2760515,1.290923
2022-08-09,0.3705821749066196,10,1.1533495,1.1923556
2022-08-09,0.3705821749066196,21,0.9924398,1.0929214
2022-08-10,-0.3353412637602027,1,1.2736297,1.2424141
2022-08-10,-0.3353412637602027,3,1.2730243,1.2202301
2022-08-10,-0.3353412637602027,5,1.2513906,1.1957229
2022-08-10,-0.3353412637602027,10,1.1540241,1.1452229
2022-08-10,-0.3353412637602027,21,0.9930722,1.1157165
2022-08-11,-0.3781167722609169,1,1.2724397,1.3290892
2022-08-11,-0.3781167722609169,3,1.2760515,1.2967588
2022-08-11,-0.3781167722609169,5,1.2395135,1.2834772
2022-08-11,-0.3781167722609169,10,1.1527712,1.2604017
2022-08-11,-0.3781167722609169,21,0.9944562,1.2413256
2022-08-12,0.6759931589048307,1,1.2730243,1.3557184
2022-08-12,0.6759931589048307,3,1.2513906,1.3108909
2022-08-12,0.6759931589048307,5,1.1813804,1.3001705
2022-08-12,0.6759931589048307,10,1.1533589,1.2731721
2022-08-12,0.6759931589048307,21,0.9552403,1.1830575
2022-08-15,0.9966098605918461,1,1.2760515,1.3524152
2022-08-15,0.9966098605918461,3,1.2395135,1.3178043
2022-08-15,0.9966098605918461,5,1.1813403,1.3009294
2022-08-15,0.9966098605918461,10,1.1599265,1.2467978
2022-08-15,0.9966098605918461,21,0.9281815,1.0932914
2022-08-16,0.10120168194145407,1,1.2513906,1.2203342
2022-08-16,0.10120168194145407,3,1.1813804,1.2082999
2022-08-16,0.10120168194145407,5,1.1533495,1.2055541
2022-08-16,0.10120168194145407,10,1.1605604,1.1865859
2022-08-16,0.10120168194145407,21,0.8715824,1.1778959
2022-08-17,0.4083997200208245,1,1.2395135,1.2523109
2022-08-17,0.4083997200208245,3,1.1813403,1.2305677
2022-08-17,0.4083997200208245,5,1.1540241,1.201523
2022-08-17,0.4083997200208245,10,1.1678407,1.1391904
2022-08-17,0.4083997200208245,21,0.87151855,1.0314062
2022-08-18,-0.0361492583724754,1,1.1813804,1.2542657
2022-08-18,-0.0361492583724754,3,1.1533495,1.2437669
2022-08-18,-0.0361492583724754,5,1.1527712,1.2367595
2022-08-18,-0.0361492583724754,10,1.1688824,1.1698859
2022-08-18,-0.0361492583724754,21,0.87797433,0.9706667
2022-08-19,-0.38537772274143123,1,1.1813403,1.3306029
2022-08-19,-0.38537772274143123,3,1.1540241,1.297647
2022-08-19,-0.38537772274143123,5,1.1533589,1.2721139
2022-08-19,-0.38537772274143123,10,1.1561172,1.2417605
2022-08-19,-0.38537772274143123,21,0.89937854,0.9492151
2022-08-22,-0.7347788040561909,1,1.1533495,1.31418
2022-08-22,-0.7347788040561909,3,1.1527712,1.3055978
2022-08-22,-0.7347788040561909,5,1.1599265,1.309141
2022-08-22,-0.7347788040561909,10,1.1562994,1.2846909
2022-08-22,-0.7347788040561909,21,0.90546477,1.1001184
2022-08-23,0.5082553764498066,1,1.1540241,1.2274302
2022-08-23,0.5082553764498066,3,1.1533589,1.2421992
2022-08-23,0.5082553764498066,5,1.1605604,1.2268976
2022-08-23,0.5082553764498066,10,1.1451496,1.217926
2022-08-23,0.5082553764498066,21,0.8878794,1.1179273
2022-08-24,0.34075005637159705,1,1.1527712,1.2046224
2022-08-24,0.34075005637159705,3,1.1599265,1.1808753
2022-08-24,0.34075005637159705,5,1.1678407,1.1657076
2022-08-24,0.34075005637159705,10,0.9924398,1.1259892
2022-08-24,0.34075005637159705,21,0.8701459,1.0659544
2022-08-25,1.1610737959122375,1,1.1533589,1.1311171
2022-08-25,1.1610737959122375,3,1.1605604,1.11876
2022-08-25,1.1610737959122375,5,1.1688824,1.1166464
2022-08-25,1.1610737959122375,10,0.9930722,1.0918391
2022-08-25,1.1610737959122375,21,0.8803723,1.0452764
2022-08-26,-0.3620590887369879,1,1.1599265,1.174509
2022-08-26,-0.3620590887369879,3,1.1678407,1.1682601
2022-08-26,-0.3620590887369879,5,1.1561172,1.1722728
2022-08-26,-0.3620590887369879,10,0.9944562,1.1514821
2022-08-26,-0.3620590887369879,21,0.896071,1.0838085
2022-08-29,-1.0430623094391578,1,1.1605604,1.1140056
2022-08-29,-1.0430623094391578,3,1.1688824,1.1016637
2022-08-29,-1.0430623094391578,5,1.1562994,1.0687112
2022-08-29,-1.0430623094391578,10,0.9552403,1.001745
2022-08-29,-1.0430623094391578,21,0.8957996,0.9770725
2022-08-30,0.377404080758037,1,1.1678407,1.1987423
2022-08-30,0.377404080758037,3,1.1561172,1.178512
2022-08-30,0.377404080758037,5,1.1451496,1.1512631
2022-08-30,0.377404080758037,10,0.9281815,1.0758071
2022-08-30,0.377404080758037,21,0.9235589,1.0332468
2022-08-31,0.25388730276549865,1,1.1688824,1.1688787
2022-08-31,0.25388730276549865,3,1.1562994,1.1301136
2022-08-31,0.25388730276549865,5,0.9924398,1.0968748
2022-08-31,0.25388730276549865,10,0.8715824,1.0216823
2022-08-31,0.25388730276549865,21,0.93158126,0.9711606
2022-09-05,-0.2531169727946647,1,1.1561172,1.1321539
2022-09-05,-0.2531169727946647,3,1.1451496,1.0798125
2022-09-05,-0.2531169727946647,5,0.9930722,1.051956
2022-09-05,-0.2531169727946647,10,0.87151855,0.96095103
2022-09-05,-0.2531169727946647,21,0.88339925,0.8843315
2022-09-06,0.07007519894335346,1,1.1562994,1.1384814
2022-09-06,0.07007519894335346,3,0.9924398,1.0799953
2022-09-06,0.07007519894335346,5,0.9944562,1.0665065
2022-09-06,0.07007519894335346,10,0.87797433,0.9909634
2022-09-06,0.07007519894335346,21,1.0243144,0.9074973
2022-09-07,-2.345113914543351,1,1.1451496,1.1663117
2022-09-07,-2.345113914543351,3,0.9930722,1.110963
2022-09-07,-2.345113914543351,5,0.9552403,1.0878986
2022-09-07,-2.345113914543351,10,0.89937854,0.986732
2022-09-07,-2.345113914543351,21,1.0235049,0.8840049
2022-09-08,-0.26671732744061316,1,0.9924398,1.0307297
2022-09-08,-0.26671732744061316,3,0.9944562,0.9998994
2022-09-08,-0.26671732744061316,5,0.9281815,0.9942491
2022-09-08,-0.26671732744061316,10,0.90546477,0.96366554
2022-09-08,-0.26671732744061316,21,1.0309273,0.93762064
2022-09-09,0.7925399876161698,1,0.9930722,0.972288
2022-09-09,0.7925399876161698,3,0.9552403,0.95712066
2022-09-09,0.7925399876161698,5,0.8715824,0.9404769
2022-09-09,0.7925399876161698,10,0.8878794,0.9037525
2022-09-09,0.7925399876161698,21,1.0984664,0.8778903
2022-09-12,-0.003135730076575527,1,0.9944562,1.0057337
2022-09-12,-0.003135730076575527,3,0.9281815,0.97302836
2022-09-12,-0.003135730076575527,5,0.87151855,0.95148325
2022-09-12,-0.003135730076575527,10,0.8701459,0.8957774
2022-09-12,-0.003135730076575527,21,1.1984781,0.8838718
2022-09-13,-0.2448903927077417,1,0.9552403,1.004499
2022-09-13,-0.2448903927077417,3,0.8715824,0.963082
2022-09-13,-0.2448903927077417,5,0.87797433,0.9399954
2022-09-13,-0.2448903927077417,10,0.8803723,0.8707506
2022-09-13,-0.2448903927077417,21,1.1955924,0.8142292
2022-09-14,-0.9157862341539591,1,0.9281815,0.939456
2022-09-14,-0.9157862341539591,3,0.87151855,0.9038195
2022-09-14,-0.9157862341539591,5,0.89937854,0.88779557
2022-09-14,-0.9157862341539591,10,0.896071,0.84105307
2022-09-14,-0.9157862341539591,21,1.271331,0.8379455
2022-09-15,0.1537425511849655,1,0.8715824,0.85863984
2022-09-15,0.1537425511849655,3,0.87797433,0.83868325
2022-09-15,0.1537425511849655,5,0.90546477,0.8367548
2022-09-15,0.1537425511849655,10,0.8957996,0.81094164
2022-09-15,0.1537425511849655,21,1.351782,0.79825014
2022-09-16,-0.7982233510128722,1,0.87151855,0.91784227
2022-09-16,-0.7982233510128722,3,0.89937854,0.9090273
2022-09-16,-0.7982233510128722,5,0.8878794,0.888028
2022-09-16,-0.7982233510128722,10,0.9235589,0.8588429
2022-09-16,-0.7982233510128722,21,1.3719354,0.8372815
2022-09-19,-1.844847823753426,1,0.87797433,0.97033536
2022-09-19,-1.844847823753426,3,0.90546477,0.9552591
2022-09-19,-1.844847823753426,5,0.8701459,0.9433756
2022-09-19,-1.844847823753426,10,0.93158126,0.9046259
2022-09-19,-1.844847823753426,21,1.3690907,0.92513776
2022-09-20,0.9057307106462353,1,0.89937854,0.9301885
2022-09-20,0.9057307106462353,3,0.8878794,0.9196519
2022-09-20,0.9057307106462353,5,0.8803723,0.92046607
2022-09-20,0.9057307106462353,10,0.88339925,0.9157141
2022-09-20,0.9057307106462353,21,1.3697157,0.904175
2022-09-21,-1.0424227842635858,1,0.90546477,0.82693297
2022-09-21,-1.0424227842635858,3,0.8701459,0.80270356
2022-09-21,-1.0424227842635858,5,0.896071,0.7980356
2022-09-21,-1.0424227842635858,10,1.0243144,0.7739455
2022-09-21,-1.0424227842635858,21,1.3809783,0.7326494
2022-09-22,0.06023262999850232,1,0.8878794,0.89264584
2022-09-22,0.06023262999850232,3,0.8803723,0.8909843
2022-09-22,0.06023262999850232,5,0.8957996,0.8777201
2022-09-22,0.06023262999850232,10,1.0235049,0.862354
2022-09-22,0.06023262999850232,21,1.380988,0.8632759
2022-09-23,-1.1070540783924443,1,0.8701459,0.89984214
2022-09-23,-1.1070540783924443,3,0.896071,0.8957206
2022-09-23,-1.1070540783924443,5,0.9235589,0.88819027
2022-09-23,-1.1070540783924443,10,1.0309273,0.88456076
2022-09-23,-1.1070540783924443,21,1.3811996,0.8974445
2022-09-26,-2.3467028778955346,1,0.8803723,0.9592497
2022-09-26,-2.3467028778955346,3,0.8957996,0.9343389
2022-09-26,-2.3467028778955346,5,0.93158126,0.9316218
2022-09-26,-2.3467028778955346,10,1.0984664,0.90027565
2022-09-26,-2.3467028778955346,21,1.4676108,0.87451506
2022-09-27,-0.40174254769276274,1,0.896071,0.93380463
2022-09-27,-0.40174254769276274,3,0.9235589,0.920919
2022-09-27,-0.40174254769276274,5,0.88339925,0.90776074
2022-09-27,-0.40174254769276274,10,1.1984781,0.8798136
2022-09-27,-0.40174254769276274,21,1.5136172,0.85857064
2022-09-28,-1.8608205337335093,1,0.8957996,0.8980738
2022-09-28,-1.8608205337335093,3,0.93158126,0.8702897
2022-09-28,-1.8608205337335093,5,1.0243144,0.867931
2022-09-28,-1.8608205337335093,10,1.1955924,0.8562841
2022-09-28,-1.8608205337335093,21,1.539426,0.8449007
2022-09-29,-1.1455434832183364,1,0.9235589,0.9103751
2022-09-29,-1.1455434832183364,3,0.88339925,0.89171696
2022-09-29,-1.1455434832183364,5,1.0235049,0.8983885
2022-09-29,-1.1455434832183364,10,1.271331,0.9003679
2022-09-29,-1.1455434832183364,21,1.5101887,0.88441795
2022-09-30,0.39748687877585454,1,0.93158126,0.93653053
2022-09-30,0.39748687877585454,3,1.0243144,0.9136356
2022-09-30,0.39748687877585454,5,1.0309273,0.9332119
2022-09-30,0.39748687877585454,10,1.351782,0.9377126
2022-09-30,0.39748687877585454,21,1.5953957,0.89704686
2022-10-03,-4.438153206085715,1,0.88339925,0.7953837
2022-10-03,-4.438153206085715,3,1.0235049,0.7896272
2022-10-03,-4.438153206085715,5,1.0984664,0.7960082
2022-10-03,-4.438153206085715,10,1.3719354,0.81088245
2022-10-03,-4.438153206085715,21,1.5942025,0.7953628
2022-10-04,-0.3891409271203017,1,1.0243144,0.90584064
2022-10-04,-0.3891409271203017,3,1.0309273,0.90868527
2022-10-04,-0.3891409271203017,5,1.1984781,0.92212355
2022-10-04,-0.3891409271203017,10,1.3690907,0.9355305
2022-10-04,-0.3891409271203017,21,1.5892545,0.9586592
2022-10-05,1.77513577298134,1,1.0235049,0.9787617
2022-10-05,1.77513577298134,3,1.0984664,0.97390807
2022-10-05,1.77513577298134,5,1.1955924,0.9750581
2022-10-05,1.77513577298134,10,1.3697157,0.95736045
2022-10-05,1.77513577298134,21,1.6000631,0.951177
2022-10-06,-3.276715099589733,1,1.0309273,0.97969
2022-10-06,-3.276715099589733,3,1.1984781,0.9939914
2022-10-06,-3.276715099589733,5,1.271331,1.006486
2022-10-06,-3.276715099589733,10,1.3809783,1.0184475
2022-10-06,-3.276715099589733,21,1.6016011,1.0705643
2022-10-07,-3.944120057936207,1,1.0984664,1.1327205
2022-10-07,-3.944120057936207,3,1.1955924,1.1555264
2022-10-07,-3.944120057936207,5,1.351782,1.1752304
2022-10-07,-3.944120057936207,10,1.380988,1.2024586
2022-10-07,-3.944120057936207,21,1.599034,1.2519026
2022-10-10,-0.05869702401417598,1,1.1984781,1.1565561
2022-10-10,-0.05869702401417598,3,1.271331,1.184512
2022-10-10,-0.05869702401417598,5,1.3719354,1.1931466
2022-10-10,-0.05869702401417598,10,1.3811996,1.2384701
2022-10-10,-0.05869702401417598,21,1.6233205,1.2783881
2022-10-11,-3.6512746995376766,1,1.1955924,1.0968488
2022-10-11,-3.6512746995376766,3,1.351782,1.1202277
2022-10-11,-3.6512746995376766,5,1.3690907,1.1293336
2022-10-11,-3.6512746995376766,10,1.4676108,1.1708295
2022-10-11,-3.6512746995376766,21,1.6461122,1.2113042
2022-10-12,3.265520120133214,1,1.271331,1.1660142
2022-10-12,3.265520120133214,3,1.3719354,1.1724286
2022-10-12,3.265520120133214,5,1.3697157,1.2040516
2022-10-12,3.265520120133214,10,1.5136172,1.2554514
2022-10-12,3.265520120133214,21,1.6468778,1.2422898
2022-10-13,1.5636628194752866,1,1.351782,1.2103957
2022-10-13,1.5636628194752866,3,1.3690907,1.2371023
2022-10-13,1.5636628194752866,5,1.3809783,1.2563589
2022-10-13,1.5636628194752866,10,1.539426,1.2917776
2022-10-13,1.5636628194752866,21,1.6370513,1.3083622
2022-10-14,0.9608950073886291,1,1.3719354,1.2773491
2022-10-14,0.9608950073886291,3,1.3697157,1.2830126
2022-10-14,0.9608950073886291,5,1.380988,1.2893913
2022-10-14,0.9608950073886291,10,1.5101887,1.2982976
2022-10-14,0.9608950073886291,21,1.7137932,1.2900553
2022-10-17,-1.3459434234972534,1,1.3690907,1.2374696
2022-10-17,-1.3459434234972534,3,1.3809783,1.261142
2022-10-17,-1.3459434234972534,5,1.3811996,1.278712
2022-10-17,-1.3459434234972534,10,1.5953957,1.3118436
2022-10-17,-1.3459434234972534,21,1.7254083,1.3536999
2022-10-18,1.126178662455235,1,1.3697157,1.1920114
2022-10-18,1.126178662455235,3,1.380988,1.1971459
2022-10-18,1.126178662455235,5,1.4676108,1.216218
2022-10-18,1.126178662455235,10,1.5942025,1.2404983
2022-10-18,1.126178662455235,21,1.7272558,1.2611878
2022-10-19,-0.5121395577020849,1,1.3809783,1.2861031
2022-10-19,-0.5121395577020849,3,1.3811996,1.2843916
2022-10-19,-0.5121395577020849,5,1.5136172,1.3092359
2022-10-19,-0.5121395577020849,10,1.5892545,1.3278062
2022-10-19,-0.5121395577020849,21,1.7659621,1.3154917
2022-10-20,-0.0370210407140803,1,1.380988,1.1672174
2022-10-20,-0.0370210407140803,3,1.4676108,1.1570414
2022-10-20,-0.0370210407140803,5,1.539426,1.1781006
2022-10-20,-0.0370210407140803,10,1.6000631,1.2071838
2022-10-20,-0.0370210407140803,21,1.8553324,1.2032017
2022-10-21,-4.13755881543354,1,1.3811996,1.1366585
2022-10-21,-4.13755881543354,3,1.5136172,1.1293356
2022-10-21,-4.13755881543354,5,1.5101887,1.1317235
2022-10-21,-4.13755881543354,10,1.6016011,1.1600649
2022-10-21,-4.13755881543354,21,1.9119539,1.1789356
2022-10-24,-3.69817143147797,1,1.4676108,1.3975619
2022-10-24,-3.69817143147797,3,1.539426,1.3903997
2022-10-24,-3.69817143147797,5,1.5953957,1.4212389
2022-10-24,-3.69817143147797,10,1.599034,1.467082
2022-10-24,-3.69817143147797,21,1.910095,1.4429662
2022-10-25,1.7951026446831442,1,1.5136172,1.3177936
2022-10-25,1.7951026446831442,3,1.5101887,1.3212065
2022-10-25,1.7951026446831442,5,1.5942025,1.3543315
2022-10-25,1.7951026446831442,10,1.6233205,1.3844042
2022-10-25,1.7951026446831442,21,1.9021899,1.3513992
2022-10-26,-0.11201204039066326,1,1.539426,1.4191059
2022-10-26,-0.11201204039066326,3,1.5953957,1.4255795
2022-10-26,-0.11201204039066326,5,1.5892545,1.4589692
2022-10-26,-0.11201204039066326,10,1.6461122,1.4913251
2022-10-26,-0.11201204039066326,21,1.9039751,1.4793378
2022-10-27,3.7737710283121118,1,1.5101887,1.3590561
2022-10-27,3.7737710283121118,3,1.5942025,1.3618528
2022-10-27,3.7737710283121118,5,1.6000631,1.3897904
2022-10-27,3.7737710283121118,10,1.6468778,1.4346769
2022-10-27,3.7737710283121118,21,1.9030042,1.4076437
2022-10-28,0.09621038745235566,1,1.5953957,1.4697483
2022-10-28,0.09621038745235566,3,1.5892545,1.4859886
2022-10-28,0.09621038745235566,5,1.6016011,1.5194162
2022-10-28,0.09621038745235566,10,1.6370513,1.5605276
2022-10-28,0.09621038745235566,21,1.9018277,1.5900351
2022-10-31,-0.2577408749571575,1,1.5942025,1.5992739
2022-10-31,-0.2577408749571575,3,1.6000631,1.6103734
2022-10-31,-0.2577408749571575,5,1.599034,1.6437523
2022-10-31,-0.2577408749571575,10,1.7137932,1.6982
2022-10-31,-0.2577408749571575,21,1.9469141,1.6964312
2022-11-01,1.0896360951503148,1,1.5892545,1.5916744
2022-11-01,1.0896360951503148,3,1.6016011,1.610967
2022-11-01,1.0896360951503148,5,1.6233205,1.6414305
2022-11-01,1.0896360951503148,10,1.7254083,1.7043831
2022-11-01,1.0896360951503148,21,2.0207963,1.7098973
2022-11-02,-1.2514279258449612,1,1.6000631,1.5095929
2022-11-02,-1.2514279258449612,3,1.599034,1.5178356
2022-11-02,-1.2514279258449612,5,1.6461122,1.5370923
2022-11-02,-1.2514279258449612,10,1.7272558,1.5754359
2022-11-02,-1.2514279258449612,21,2.0528047,1.5649287
2022-11-03,-0.13470118875344994,1,1.6016011,1.6556839
2022-11-03,-0.13470118875344994,3,1.6233205,1.6570822
2022-11-03,-0.13470118875344994,5,1.6468778,1.7022289
2022-11-03,-0.13470118875344994,10,1.7659621,1.7625232
2022-11-03,-0.13470118875344994,21,2.0580401,1.7351323
2022-11-04,-2.5603361245670975,1,1.599034,1.6493461
2022-11-04,-2.5603361245670975,3,1.6461122,1.6670775
2022-11-04,-2.5603361245670975,5,1.6370513,1.6881495
2022-11-04,-2.5603361245670975,10,1.8553324,1.7358897
2022-11-04,-2.5603361245670975,21,2.0584135,1.7170489
2022-11-07,-2.5443204860427393,1,1.6233205,1.6817757
2022-11-07,-2.5443204860427393,3,1.6468778,1.6809978
2022-11-07,-2.5443204860427393,5,1.7137932,1.708444
2022-11-07,-2.5443204860427393,10,1.9119539,1.7437012
2022-11-07,-2.5443204860427393,21,2.1529636,1.7090123
2022-11-08,0.7414496265192305,1,1.6461122,1.7309078
2022-11-08,0.7414496265192305,3,1.6370513,1.7363728
2022-11-08,0.7414496265192305,5,1.7254083,1.7719659
2022-11-08,0.7414496265192305,10,1.910095,1.8218923
2022-11-08,0.7414496265192305,21,2.1662753,1.7763133
2022-11-09,-0.04184164529323908,1,1.6468778,1.6998988
2022-11-09,-0.04184164529323908,3,1.7137932,1.7001851
2022-11-09,-0.04184164529323908,5,1.7272558,1.736168
2022-11-09,-0.04184164529323908,10,1.9021899,1.7875917
2022-11-09,-0.04184164529323908,21,2.2597952,1.7732868
2022-11-10,-4.475617544613719,1,1.6370513,1.754423
2022-11-10,-4.475617544613719,3,1.7254083,1.758733
2022-11-10,-4.475617544613719,5,1.7659621,1.7894609
2022-11-10,-4.475617544613719,10,1.9039751,1.8355026
2022-11-10,-4.475617544613719,21,2.2587914,1.787646
2022-11-11,1.2791451734559978,1,1.7137932,1.7139053
2022-11-11,1.2791451734559978,3,1.7272558,1.7056601
2022-11-11,1.2791451734559978,5,1.8553324,1.7521138
2022-11-11,1.2791451734559978,10,1.9030042,1.7949817
2022-11-11,1.2791451734559978,21,2.2691076,1.7640932
2022-11-14,-1.3314645792759983,1,1.7254083,1.5813353
2022-11-14,-1.3314645792759983,3,1.7659621,1.5783427
2022-11-14,-1.3314645792759983,5,1.9119539,1.6021239
2022-11-14,-1.3314645792759983,10,1.9018277,1.6314499
2022-11-14,-1.3314645792759983,21,2.2690353,1.614635
2022-11-15,-3.426585047175923,1,1.7272558,1.8144321
2022-11-15,-3.426585047175923,3,1.8553324,1.8055048
2022-11-15,-3.426585047175923,5,1.910095,1.8618262
2022-11-15,-3.426585047175923,10,1.9469141,1.912817
2022-11-15,-3.426585047175923,21,2.2803354,1.8080001
2022-11-16,3.850757056917775,1,1.7659621,1.9355525
2022-11-16,3.850757056917775,3,1.9119539,1.9554825
2022-11-16,3.850757056917775,5,1.9021899,2.0001526
2022-11-16,3.850757056917775,10,2.0207963,2.0512977
2022-11-16,3.850757056917775,21,2.2911975,2.0169954
2022-11-17,3.217932376481869,1,1.8553324,1.997744
2022-11-17,3.217932376481869,3,1.910095,2.0174663
2022-11-17,3.217932376481869,5,1.9039751,2.0602167
2022-11-17,3.217932376481869,10,2.0528047,2.1082027
2022-11-17,3.217932376481869,21,2.2891715,2.0685961
2022-11-18,0.01647582176893536,1,1.9119539,1.828205
2022-11-18,0.01647582176893536,3,1.9021899,1.8398991
2022-11-18,0.01647582176893536,5,1.9030042,1.8759325
2022-11-18,0.01647582176893536,10,2.0580401,1.8801892
2022-11-18,0.01647582176893536,21,2.2956014,1.7993258
2022-11-21,-1.4843977987414547,1,1.910095,2.0195239
2022-11-21,-1.4843977987414547,3,1.9039751,2.016731
2022-11-21,-1.4843977987414547,5,1.9018277,2.0433521
2022-11-21,-1.4843977987414547,10,2.0584135,2.0779035
2022-11-21,-1.4843977987414547,21,2.292873,2.076077
2022-11-22,-1.193224945578475,1,1.9021899,2.1188047
2022-11-22,-1.193224945578475,3,1.9030042,2.1321144
2022-11-22,-1.193224945578475,5,1.9469141,2.1645982
2022-11-22,-1.193224945578475,10,2.1529636,2.192559
2022-11-22,-1.193224945578475,21,2.2806687,2.1517868
2022-11-23,-0.7228294937407398,1,1.9039751,2.018283
2022-11-23,-0.7228294937407398,3,1.9018277,2.0306895
2022-11-23,-0.7228294937407398,5,2.0207963,2.0585492
2022-11-23,-0.7228294937407398,10,2.1662753,2.0816233
2022-11-23,-0.7228294937407398,21,2.291671,2.0436783
2022-11-24,0.21601613090584948,1,1.9030042,1.9384896
2022-11-24,0.21601613090584948,3,1.9469141,1.9542255
2022-11-24,0.21601613090584948,5,2.0528047,1.9700254
2022-11-24,0.21601613090584948,10,2.2597952,1.9717524
2022-11-24,0.21601613090584948,21,2.2828043,1.9164608
2022-11-25,2.8017029699522134,1,1.9018277,2.1189458
2022-11-25,2.8017029699522134,3,2.0207963,2.101803
2022-11-25,2.8017029699522134,5,2.0580401,2.1586323
2022-11-25,2.8017029699522134,10,2.2587914,2.1853638
2022-11-25,2.8017029699522134,21,2.2811213,2.0611799
2022-11-28,3.7380799409375776,1,1.9469141,2.1066792
2022-11-28,3.7380799409375776,3,2.0528047,2.1064546
2022-11-28,3.7380799409375776,5,2.0584135,2.1132917
2022-11-28,3.7380799409375776,10,2.2691076,2.1711528
2022-11-28,3.7380799409375776,21,2.2801297,2.120269
2022-11-29,2.4295719427875895,1,2.0207963,2.1753163
2022-11-29,2.4295719427875895,3,2.0580401,2.1714673
2022-11-29,2.4295719427875895,5,2.1529636,2.1920116
2022-11-29,2.4295719427875895,10,2.2690353,2.1769426
2022-11-29,2.4295719427875895,21,2.2848241,2.086962
2022-11-30,1.9411171248131076,1,2.0528047,2.1315534
2022-11-30,1.9411171248131076,3,2.0584135,2.1207364
2022-11-30,1.9411171248131076,5,2.1662753,2.1537898
2022-11-30,1.9411171248131076,10,2.2803354,2.1575124
2022-11-30,1.9411171248131076,21,2.3010743,2.0595875
2022-12-01,-0.6281541796126611,1,2.0580401,2.1257746
2022-12-01,-0.6281541796126611,3,2.1529636,2.1333282
2022-12-01,-0.6281541796126611,5,2.2597952,2.1588838
2022-12-01,-0.6281541796126611,10,2.2911975,2.1819112
2022-12-01,-0.6281541796126611,21,2.2899346,2.1069536
2022-12-02,4.716110178138866,1,2.0584135,2.0174634
2022-12-02,4.716110178138866,3,2.1662753,2.0118766
2022-12-02,4.716110178138866,5,2.2587914,2.0382407
2022-12-02,4.716110178138866,10,2.2891715,2.0377574
2022-12-02,4.716110178138866,21,2.2544782,1.914052
2022-12-05,1.628944377689301,1,2.1529636,2.0188854
2022-12-05,1.628944377689301,3,2.2597952,2.025447
2022-12-05,1.628944377689301,5,2.2691076,2.0544357
2022-12-05,1.628944377689301,10,2.2956014,2.071808
2022-12-05,1.628944377689301,21,2.1989658,1.9857198
2022-12-06,-5.255712930345613,1,2.1662753,2.0492127
2022-12-06,-5.255712930345613,3,2.2587914,2.0587904
2022-12-06,-5.255712930345613,5,2.2690353,2.0715015
2022-12-06,-5.255712930345613,10,2.292873,2.0619912
2022-12-06,-5.255712930345613,21,2.2623878,1.9519067
2022-12-07,-0.6166632282178064,1,2.2597952,2.274667
2022-12-07,-0.6166632282178064,3,2.2691076,2.2870579
2022-12-07,-0.6166632282178064,5,2.2803354,2.2971184
2022-12-07,-0.6166632282178064,10,2.2806687,2.3232515
2022-12-07,-0.6166632282178064,21,2.2116623,2.242228
2022-12-08,1.4358326765318452,1,2.2587914,2.2935116
2022-12-08,1.4358326765318452,3,2.2690353,2.3144426
2022-12-08,1.4358326765318452,5,2.2911975,2.3229415
2022-12-08,1.4358326765318452,10,2.291671,2.365683
2022-12-08,1.4358326765318452,21,2.1768603,2.3377218
2022-12-09,0.22088447328192373,1,2.2691076,2.3528042
2022-12-09,0.22088447328192373,3,2.2803354,2.3525364
2022-12-09,0.22088447328192373,5,2.2891715,2.3825552
2022-12-09,0.22088447328192373,10,2.2828043,2.4170182
2022-12-09,0.22088447328192373,21,2.1685755,2.1807666
2022-12-12,-2.631305199513889,1,2.2690353,2.2361724
2022-12-12,-2.631305199513889,3,2.2911975,2.235463
2022-12-12,-2.631305199513889,5,2.2956014,2.2700653
2022-12-12,-2.631305199513889,10,2.2811213,2.2250144
2022-12-12,-2.631305199513889,21,2.1655262,2.0551388
2022-12-13,1.815843765560654,1,2.2803354,2.3288457
2022-12-13,1.815843765560654,3,2.2891715,2.3406537
2022-12-13,1.815843765560654,5,2.292873,2.3472264
2022-12-13,1.815843765560654,10,2.2801297,2.3201902
2022-12-13,1.815843765560654,21,2.1584535,2.1868196
2022-12-14,-0.024614219569585316,1,2.2911975,2.4419343
2022-12-14,-0.024614219569585316,3,2.2956014,2.4410214
2022-12-14,-0.024614219569585316,5,2.2806687,2.462608
2022-12-14,-0.024614219569585316,10,2.2848241,2.3997624
2022-12-14,-0.024614219569585316,21,2.1543863,2.2051268
2022-12-15,1.1213486923818294,1,2.2891715,2.3263626
2022-12-15,1.1213486923818294,3,2.292873,2.3177984
2022-12-15,1.1213486923818294,5,2.291671,2.3276613
2022-12-15,1.1213486923818294,10,2.3010743,2.2849262
2022-12-15,1.1213486923818294,21,2.1533375,2.096677
2022-12-16,-0.3761465870598002,1,2.2956014,2.2371228
2022-12-16,-0.3761465870598002,3,2.2806687,2.221082
2022-12-16,-0.3761465870598002,5,2.2828043,2.2136738
2022-12-16,-0.3761465870598002,10,2.2899346,2.1580784
2022-12-16,-0.3761465870598002,21,2.1537101,1.9940214
2022-12-19,-1.3101512197196463,1,2.292873,2.2914636
2022-12-19,-1.3101512197196463,3,2.291671,2.268788
2022-12-19,-1.3101512197196463,5,2.2811213,2.2685297
2022-12-19,-1.3101512197196463,10,2.2544782,2.2134767
2022-12-19,-1.3101512197196463,21,2.0851715,1.9979267
2022-12-20,-1.9644768072573981,1,2.2806687,2.3785737
2022-12-20,-1.9644768072573981,3,2.2828043,2.341641
2022-12-20,-1.9644768072573981,5,2.2801297,2.300753
2022-12-20,-1.9644768072573981,10,2.1989658,2.2520735
2022-12-20,-1.9644768072573981,21,2.0487869,2.1385522
2022-12-21,0.32090929139290125,1,2.291671,2.3938015
2022-12-21,0.32090929139290125,3,2.2811213,2.3832269
2022-12-21,0.32090929139290125,5,2.2848241,2.3516247
2022-12-21,0.32090929139290125,10,2.2623878,2.2174726
2022-12-21,0.32090929139290125,21,2.0415938,2.0283916
2022-12-22,0.5059293223178329,1,2.2828043,2.4086266
2022-12-22,0.5059293223178329,3,2.2801297,2.4148092
2022-12-22,0.5059293223178329,5,2.3010743,2.4093955
2022-12-22,0.5059293223178329,10,2.2116623,2.3061516
2022-12-22,0.5059293223178329,21,2.041696,2.1048229
2022-12-23,-0.4062790574480779,1,2.2811213,2.299021
2022-12-23,-0.4062790574480779,3,2.2848241,2.2830095
2022-12-23,-0.4062790574480779,5,2.2899346,2.2755625
2022-12-23,-0.4062790574480779,10,2.1768603,2.1976027
2022-12-23,-0.4062790574480779,21,1.9898375,2.0206892
2022-12-26,-4.58658953791149,1,2.2801297,2.1489093
2022-12-26,-4.58658953791149,3,2.3010743,2.1273315
2022-12-26,-4.58658953791149,5,2.2544782,2.1008558
2022-12-26,-4.58658953791149,10,2.1685755,1.9522905
2022-12-26,-4.58658953791149,21,2.0009599,1.7161479
2022-12-27,1.963844922394653,1,2.2848241,2.3457577
2022-12-27,1.963844922394653,3,2.2899346,2.3417454
2022-12-27,1.963844922394653,5,2.1989658,2.3281028
2022-12-27,1.963844922394653,10,2.1655262,2.273384
2022-12-27,1.963844922394653,21,2.0033128,2.061392
2022-12-28,0.6520546921743531,1,2.3010743,2.265179
2022-12-28,0.6520546921743531,3,2.2544782,2.2666013
2022-12-28,0.6520546921743531,5,2.2623878,2.2267506
2022-12-28,0.6520546921743531,10,2.1584535,2.1531136
2022-12-28,0.6520546921743531,21,2.0485792,1.9413489
2022-12-29,-0.5587849871503181,1,2.2899346,2.4075577
2022-12-29,-0.5587849871503181,3,2.1989658,2.3944318
2022-12-29,-0.5587849871503181,5,2.2116623,2.3936915
2022-12-29,-0.5587849871503181,10,2.1543863,2.3351352
2022-12-29,-0.5587849871503181,21,2.0418708,2.0868614
2022-12-30,-0.30891660482179617,1,2.2544782,2.3497183
2022-12-30,-0.30891660482179617,3,2.2623878,2.3455575
2022-12-30,-0.30891660482179617,5,2.1768603,2.3606038
2022-12-30,-0.30891660482179617,10,2.1533375,2.3408682
2022-12-30,-0.30891660482179617,21,2.0443616,2.1557672
2023-01-03,4.099110247619286,1,2.1989658,2.3112879
2023-01-03,4.099110247619286,3,2.2116623,2.292693
2023-01-03,4.099110247619286,5,2.1685755,2.269662
2023-01-03,4.099110247619286,10,2.1537101,2.2128625
2023-01-03,4.099110247619286,21,2.016589,2.002223
2023-01-04,0.2765330264171695,1,2.2623878,2.2288384
2023-01-04,0.2765330264171695,3,2.1768603,2.2014768
2023-01-04,0.2765330264171695,5,2.1655262,2.1839962
2023-01-04,0.2765330264171695,10,2.0851715,2.0653877
2023-01-04,0.2765330264171695,21,2.0113513,1.9137725
2023-01-05,1.1126745318484232,1,2.2116623,2.2347648
2023-01-05,1.1126745318484232,3,2.1685755,2.2091234
2023-01-05,1.1126745318484232,5,2.1584535,2.1682065
2023-01-05,1.1126745318484232,10,2.0487869,2.0845978
2023-01-05,1.1126745318484232,21,2.010103,1.9631952
2023-01-06,-0.42466916084507034,1,2.1768603,2.299024
2023-01-06,-0.42466916084507034,3,2.1655262,2.29949
2023-01-06,-0.42466916084507034,5,2.1543863,2.2529938
2023-01-06,-0.42466916084507034,10,2.0415938,2.144137
2023-01-06,-0.42466916084507034,21,2.0181224,1.9606586
2023-01-09,0.35307370974999586,1,2.1685755,2.147568
2023-01-09,0.35307370974999586,3,2.1584535,2.1443822
2023-01-09,0.35307370974999586,5,2.1533375,2.098633
2023-01-09,0.35307370974999586,10,2.041696,1.9558506
2023-01-09,0.35307370974999586,21,1.9337769,1.7544324
2023-01-10,-0.05750187510855653,1,2.1655262,2.0905674
2023-01-10,-0.05750187510855653,3,2.1543863,2.0745099
2023-01-10,-0.05750187510855653,5,2.1537101,2.0451195
2023-01-10,-0.05750187510855653,10,1.9898375,1.9916701
2023-01-10,-0.05750187510855653,21,1.932531,1.8606017
2023-01-11,0.4412567432497738,1,2.1584535,2.062418
2023-01-11,0.4412567432497738,3,2.1533375,2.0288396
2023-01-11,0.4412567432497738,5,2.0851715,1.9904504
2023-01-11,0.4412567432497738,10,2.0009599,1.9186766
2023-01-11,0.4412567432497738,21,1.9249587,1.7338893
2023-01-12,0.09570905181064404,1,2.1543863,2.1104095
2023-01-12,0.09570905181064404,3,2.1537101,2.085645
2023-01-12,0.09570905181064404,5,2.0487869,2.0283878
2023-01-12,0.09570905181064404,10,2.0033128,1.9454284
2023-01-12,0.09570905181064404,21,1.8687271,1.7601749
2023-01-13,0.33893576756423016,1,2.1533375,2.0658917
2023-01-13,0.33893576756423016,3,2.0851715,2.034145
2023-01-13,0.33893576756423016,5,2.0415938,1.9756982
2023-01-13,0.33893576756423016,10,2.0485792,1.8437014
2023-01-13,0.33893576756423016,21,1.8127204,1.587121
2023-01-16,0.5453109892934016,1,2.1537101,2.1788564
2023-01-16,0.5453109892934016,3,2.0487869,2.1580806
2023-01-16,0.5453109892934016,5,2.041696,2.1229575
2023-01-16,0.5453109892934016,10,2.0418708,2.0174978
2023-01-16,0.5453109892934016,21,1.7697855,1.7449274
2023-01-17,2.571444404175516,1,2.0851715,1.9591801
2023-01-17,2.571444404175516,3,2.0415938,1.9362973
2023-01-17,2.571444404175516,5,1.9898375,1.9014727
2023-01-17,2.571444404175516,10,2.0443616,1.8034513
2023-01-17,2.571444404175516,21,1.8110298,1.5006119
2023-01-18,1.0804583695527725,1,2.0487869,1.9025556
2023-01-18,1.0804583695527725,3,2.041696,1.9033432
2023-01-18,1.0804583695527725,5,2.0009599,1.8654308
2023-01-18,1.0804583695527725,10,2.016589,1.7452142
2023-01-18,1.0804583695527725,21,1.800896,1.482481
2023-01-19,0.5541566888587646,1,2.0415938,1.9850473
2023-01-19,0.5541566888587646,3,1.9898375,1.9708555
2023-01-19,0.5541566888587646,5,2.0033128,1.9636736
2023-01-19,0.5541566888587646,10,2.0113513,1.900882
2023-01-19,0.5541566888587646,21,1.8330532,1.6342614
2023-01-27,0.7751185276188011,1,2.041696,1.9305704
2023-01-27,0.7751185276188011,3,2.0009599,1.9352883
2023-01-27,0.7751185276188011,5,2.0485792,1.8774611
2023-01-27,0.7751185276188011,10,2.010103,1.751101
2023-01-27,0.7751185276188011,21,1.8294978,1.4648392
2023-01-30,-1.4880431392469973,1,1.9898375,2.0104823
2023-01-30,-1.4880431392469973,3,2.0033128,2.0018342
2023-01-30,-1.4880431392469973,5,2.0418708,2.003299
2023-01-30,-1.4880431392469973,10,2.0181224,1.9120553
2023-01-30,-1.4880431392469973,21,1.850284,1.6391747
2023-01-31,0.993299874848752,1,2.0009599,1.9961369
2023-01-31,0.993299874848752,3,2.0485792,1.9837087
2023-01-31,0.993299874848752,5,2.0443616,1.9971601
2023-01-31,0.993299874848752,10,1.9337769,1.9533274
2023-01-31,0.993299874848752,21,1.835141,1.7401862
2023-02-01,-3.3421390342057045,1,2.0033128,2.0680635
2023-02-01,-3.3421390342057045,3,2.0418708,2.0398717
2023-02-01,-3.3421390342057045,5,2.016589,1.9965215
2023-02-01,-3.3421390342057045,10,1.932531,1.8819342
2023-02-01,-3.3421390342057045,21,1.7725754,1.6594722
2023-02-02,0.49414054717633604,1,2.0485792,1.9537288
2023-02-02,0.49414054717633604,3,2.0443616,1.9202268
2023-02-02,0.49414054717633604,5,2.0113513,1.9023787
2023-02-02,0.49414054717633604,10,1.9249587,1.7996593
2023-02-02,0.49414054717633604,21,1.7618314,1.7088524
2023-02-03,-0.7140330816920226,1,2.0418708,2.0577106
2023-02-03,-0.7140330816920226,3,2.016589,2.0226054
2023-02-03,-0.7140330816920226,5,2.010103,1.9785818
2023-02-03,-0.7140330816920226,10,1.8687271,1.8786626
2023-02-03,-0.7140330816920226,21,1.745089,1.7337322
2023-02-06,0.7953914974054399,1,2.0443616,2.1072578
2023-02-06,0.7953914974054399,3,2.0113513,2.088839
2023-02-06,0.7953914974054399,5,2.0181224,2.0348973
2023-02-06,0.7953914974054399,10,1.8127204,1.8690057
2023-02-06,0.7953914974054399,21,1.7536821,1.6458724
2023-02-07,-2.2987605689400503,1,2.016589,1.9844083
2023-02-07,-2.2987605689400503,3,2.010103,1.9452068
2023-02-07,-2.2987605689400503,5,1.9337769,1.8815621
2023-02-07,-2.2987605689400503,10,1.7697855,1.704313
2023-02-07,-2.2987605689400503,21,1.6406009,1.5026908
2023-02-08,0.362129866360128,1,2.0113513,1.99082
2023-02-08,0.362129866360128,3,2.0181224,1.9489801
2023-02-08,0.362129866360128,5,1.932531,1.9215219
2023-02-08,0.362129866360128,10,1.8110298,1.8467295
2023-02-08,0.362129866360128,21,1.6347524,1.7211454
2023-02-09,-1.2628549345016005,1,2.010103,1.9657946
2023-02-09,-1.2628549345016005,3,1.9337769,1.901767
2023-02-09,-1.2628549345016005,5,1.9249587,1.8750116
2023-02-09,-1.2628549345016005,10,1.800896,1.7971456
2023-02-09,-1.2628549345016005,21,1.502259,1.6673062
2023-02-10,-1.0594555265996064,1,2.0181224,1.9441227
2023-02-10,-1.0594555265996064,3,1.932531,1.8878767
2023-02-10,-1.0594555265996064,5,1.8687271,1.8419784
2023-02-10,-1.0594555265996064,10,1.8330532,1.7109466
2023-02-10,-1.0594555265996064,21,1.5050596,1.5050652
2023-02-13,-0.7984189000553421,1,1.9337769,1.8727885
2023-02-13,-0.7984189000553421,3,1.9249587,1.8336504
2023-02-13,-0.7984189000553421,5,1.8127204,1.8022505
2023-02-13,-0.7984189000553421,10,1.8294978,1.7277966
2023-02-13,-0.7984189000553421,21,1.493887,1.6069307
2023-02-14,-0.5271463012472388,1,1.932531,1.9157938
2023-02-14,-0.5271463012472388,3,1.8687271,1.88523
2023-02-14,-0.5271463012472388,5,1.7697855,1.8468908
2023-02-14,-0.5271463012472388,10,1.850284,1.7487803
2023-02-14,-0.5271463012472388,21,1.4940468,1.5583867
2023-02-15,0.8093314060008794,1,1.9249587,1.7227575
2023-02-15,0.8093314060008794,3,1.8127204,1.6883085
2023-02-15,0.8093314060008794,5,1.8110298,1.6518002
2023-02-15,0.8093314060008794,10,1.835141,1.4962435
2023-02-15,0.8093314060008794,21,1.4635897,1.22194
2023-02-16,1.1360076423061471,1,1.8687271,1.7092716
2023-02-16,1.1360076423061471,3,1.7697855,1.6958535
2023-02-16,1.1360076423061471,5,1.800896,1.6524297
2023-02-16,1.1360076423061471,10,1.7725754,1.5439801
2023-02-16,1.1360076423061471,21,1.4823169,1.3612436
2023-02-17,-0.14604218851896889,1,1.8127204,1.6878818
2023-02-17,-0.14604218851896889,3,1.8110298,1.6723166
2023-02-17,-0.14604218851896889,5,1.8330532,1.6157033
2023-02-17,-0.14604218851896889,10,1.7618314,1.5079753
2023-02-17,-0.14604218851896889,21,1.4974728,1.3027011
2023-02-20,3.1425979883607624,1,1.7697855,1.6521058
2023-02-20,3.1425979883607624,3,1.800896,1.6445482
2023-02-20,3.1425979883607624,5,1.8294978,1.5913591
2023-02-20,3.1425979883607624,10,1.745089,1.4855666
2023-02-20,3.1425979883607624,21,1.4902108,1.2898784
2023-02-21,-0.59587126213545,1,1.8110298,1.8085784
2023-02-21,-0.59587126213545,3,1.8330532,1.7838895
2023-02-21,-0.59587126213545,5,1.850284,1.7584883
2023-02-21,-0.59587126213545,10,1.7536821,1.6159425
2023-02-21,-0.59587126213545,21,1.516263,1.3111631
2023-02-22,-2.7975820459159806,1,1.800896,1.7614137
2023-02-22,-2.7975820459159806,3,1.8294978,1.7382371
2023-02-22,-2.7975820459159806,5,1.835141,1.693695
2023-02-22,-2.7975820459159806,10,1.6406009,1.6002405
2023-02-22,-2.7975820459159806,21,1.5137061,1.4573011
2023-02-23,-0.012368995700917651,1,1.8330532,1.8192288
2023-02-23,-0.012368995700917651,3,1.850284,1.8027995
2023-02-23,-0.012368995700917651,5,1.7725754,1.7609538
2023-02-23,-0.012368995700917651,10,1.6347524,1.6784742
2023-02-23,-0.012368995700917651,21,1.4957415,1.5124276
2023-02-24,-1.97280309063812,1,1.8294978,1.637965
2023-02-24,-1.97280309063812,3,1.835141,1.6175444
2023-02-24,-1.97280309063812,5,1.7618314,1.5899814
2023-02-24,-1.97280309063812,10,1.502259,1.5119181
2023-02-24,-1.97280309063812,21,1.4957762,1.421665
2023-02-27,-1.8571654503596768,1,1.850284,1.8060216
2023-02-27,-1.8571654503596768,3,1.7725754,1.7663072
2023-02-27,-1.8571654503596768,5,1.745089,1.7463866
2023-02-27,-1.8571654503596768,10,1.5050596,1.6826487
2023-02-27,-1.8571654503596768,21,1.4955374,1.5815346
2023-02-28,0.34543712363319656,1,1.835141,1.8202595
2023-02-28,0.34543712363319656,3,1.7618314,1.7886872
2023-02-28,0.34543712363319656,5,1.7536821,1.7475182
2023-02-28,0.34543712363319656,10,1.493887,1.6700261
2023-02-28,0.34543712363319656,21,1.4956089,1.5261537
2023-03-01,1.9001347524931766,1,1.7725754,1.7149298
2023-03-01,1.9001347524931766,3,1.745089,1.6770738
2023-03-01,1.9001347524931766,5,1.6406009,1.6295574
2023-03-01,1.9001347524931766,10,1.4940468,1.5065033
2023-03-01,1.9001347524931766,21,1.3692822,1.3864728
2023-03-02,-0.5525518624233783,1,1.7618314,1.7687296
2023-03-02,-0.5525518624233783,3,1.7536821,1.7296729
2023-03-02,-0.5525518624233783,5,1.6347524,1.725509
2023-03-02,-0.5525518624233783,10,1.4635897,1.678868
2023-03-02,-0.5525518624233783,21,1.3481412,1.6169856
2023-03-03,-1.5063357767718166,1,1.745089,1.7335904
2023-03-03,-1.5063357767718166,3,1.6406009,1.6862715
2023-03-03,-1.5063357767718166,5,1.502259,1.6709257
2023-03-03,-1.5063357767718166,10,1.4823169,1.6155188
2023-03-03,-1.5063357767718166,21,1.3474574,1.5797125
2023-03-06,0.0897608574724984,1,1.7536821,1.8038656
2023-03-06,0.0897608574724984,3,1.6347524,1.7668495
2023-03-06,0.0897608574724984,5,1.5050596,1.7531179
2023-03-06,0.0897608574724984,10,1.4974728,1.692522
2023-03-06,0.0897608574724984,21,1.3464003,1.5363964
2023-03-07,1.2638429827467768,1,1.6406009,1.7532679
2023-03-07,1.2638429827467768,3,1.502259,1.726299
2023-03-07,1.2638429827467768,5,1.493887,1.7349046
2023-03-07,1.2638429827467768,10,1.4902108,1.7273667
2023-03-07,1.2638429827467768,21,1.3552557,1.6490872
2023-03-08,1.299014760203665,1,1.6347524,1.8247114
2023-03-08,1.299014760203665,3,1.5050596,1.7954901
2023-03-08,1.299014760203665,5,1.4940468,1.7809883
2023-03-08,1.299014760203665,10,1.516263,1.7181726
2023-03-08,1.299014760203665,21,1.2531079,1.601527
2023-03-09,0.9268935299448167,1,1.502259,1.5193568
2023-03-09,0.9268935299448167,3,1.493887,1.497626
2023-03-09,0.9268935299448167,5,1.4635897,1.4854823
2023-03-09,0.9268935299448167,10,1.5137061,1.456882
2023-03-09,0.9268935299448167,21,1.2528409,1.3836136
2023-03-10,-0.29368596733094776,1,1.5050596,1.5732766
2023-03-10,-0.29368596733094776,3,1.4940468,1.5641037
2023-03-10,-0.29368596733094776,5,1.4823169,1.5451707
2023-03-10,-0.29368596733094776,10,1.4957415,1.5112615
2023-03-10,-0.29368596733094776,21,1.2526604,1.4113715
2023-03-13,0.27368930004216807,1,1.493887,1.5895628
2023-03-13,0.27368930004216807,3,1.4635897,1.5785215
2023-03-13,0.27368930004216807,5,1.4974728,1.5499244
2023-03-13,0.27368930004216807,10,1.4957762,1.5180614
2023-03-13,0.27368930004216807,21,1.2512898,1.3488245
2023-03-14,-1.2187444256963609,1,1.4940468,1.5702585
2023-03-14,-1.2187444256963609,3,1.4823169,1.5892423
2023-03-14,-1.2187444256963609,5,1.4902108,1.5458056
2023-03-14,-1.2187444256963609,10,1.4955374,1.4725454
2023-03-14,-1.2187444256963609,21,1.2507753,1.2443321
2023-03-15,2.5723085659254075,1,1.4635897,1.6261879
2023-03-15,2.5723085659254075,3,1.4974728,1.6426716
2023-03-15,2.5723085659254075,5,1.516263,1.6194941
2023-03-15,2.5723085659254075,10,1.4956089,1.5351822
2023-03-15,2.5723085659254075,21,1.2516329,1.3274033
2023-03-16,-1.6473089271854313,1,1.4823169,1.4838823
2023-03-16,-1.6473089271854313,3,1.4902108,1.5007674
2023-03-16,-1.6473089271854313,5,1.5137061,1.4841155
2023-03-16,-1.6473089271854313,10,1.3692822,1.444437
2023-03-16,-1.6473089271854313,21,1.2505985,1.3829019
2023-03-17,0.06874493038191432,1,1.4974728,1.4905659
2023-03-17,0.06874493038191432,3,1.516263,1.4808605
2023-03-17,0.06874493038191432,5,1.4957415,1.4683696
2023-03-17,0.06874493038191432,10,1.3481412,1.4406354
2023-03-17,0.06874493038191432,21,1.252777,1.4166542
2023-03-20,-2.240214135141283,1,1.4902108,1.517125
2023-03-20,-2.240214135141283,3,1.5137061,1.516413
2023-03-20,-2.240214135141283,5,1.4957762,1.4989883
2023-03-20,-2.240214135141283,10,1.3474574,1.4681406
2023-03-20,-2.240214135141283,21,1.2593772,1.4079304
2023-03-21,1.0235384616720467,1,1.516263,1.5844454
2023-03-21,1.0235384616720467,3,1.4957415,1.5773947
2023-03-21,1.0235384616720467,5,1.4955374,1.5708174
2023-03-21,1.0235384616720467,10,1.3464003,1.5319989
2023-03-21,1.0235384616720467,21,1.257486,1.5063032
2023-03-22,0.7795321885219586,1,1.5137061,1.6040136
2023-03-22,0.7795321885219586,3,1.4957762,1.5896227
2023-03-22,0.7795321885219586,5,1.4956089,1.5774994
2023-03-22,0.7795321885219586,10,1.3552557,1.5365698
2023-03-22,0.7795321885219586,21,1.2115059,1.462293
2023-03-23,0.3311419757212164,1,1.4957415,1.529843
2023-03-23,0.3311419757212164,3,1.4955374,1.5058777
2023-03-23,0.3311419757212164,5,1.3692822,1.4952377
2023-03-23,0.3311419757212164,10,1.2531079,1.4539902
2023-03-23,0.3311419757212164,21,1.2058346,1.4573655
2023-03-24,0.45948165223599347,1,1.4957762,1.6021386
2023-03-24,0.45948165223599347,3,1.4956089,1.5724921
2023-03-24,0.45948165223599347,5,1.3481412,1.5730126
2023-03-24,0.45948165223599347,10,1.2528409,1.5579503
2023-03-24,0.45948165223599347,21,1.2030303,1.5653119
2023-03-27,0.47725993990619386,1,1.4955374,1.6374413
2023-03-27,0.47725993990619386,3,1.3692822,1.6045574
2023-03-27,0.47725993990619386,5,1.3474574,1.5984445
2023-03-27,0.47725993990619386,10,1.2526604,1.574733
2023-03-27,0.47725993990619386,21,1.1999291,1.5512868
2023-03-28,0.22408496236678843,1,1.4956089,1.6795424
2023-03-28,0.22408496236678843,3,1.3481412,1.6509252
2023-03-28,0.22408496236678843,5,1.3464003,1.6403588
2023-03-28,0.22408496236678843,10,1.2512898,1.6178653
2023-03-28,0.22408496236678843,21,1.1868976,1.5555627
2023-03-29,0.24808173948143164,1,1.3692822,1.3944169
2023-03-29,0.24808173948143164,3,1.3474574,1.3717585
2023-03-29,0.24808173948143164,5,1.3552557,1.3670605
2023-03-29,0.24808173948143164,10,1.2507753,1.333576
2023-03-29,0.24808173948143164,21,1.1821991,1.3261772
2023-03-30,0.5439978840313664,1,1.3481412,1.41045
2023-03-30,0.5439978840313664,3,1.3464003,1.3915888
2023-03-30,0.5439978840313664,5,1.2531079,1.3679862
2023-03-30,0.5439978840313664,10,1.2516329,1.3478358
2023-03-30,0.5439978840313664,21,1.1116312,1.285167
2023-03-31,0.6016123371225923,1,1.3474574,1.3009015
2023-03-31,0.6016123371225923,3,1.3552557,1.2829919
2023-03-31,0.6016123371225923,5,1.2528409,1.2672609
2023-03-31,0.6016123371225923,10,1.2505985,1.2345223
2023-03-31,0.6016123371225923,21,1.1097997,1.2226387
2023-04-03,1.391069416251156,1,1.3464003,1.2881176
2023-04-03,1.391069416251156,3,1.2531079,1.2729403
2023-04-03,1.391069416251156,5,1.2526604,1.2582017
2023-04-03,1.391069416251156,10,1.252777,1.2294812
2023-04-03,1.391069416251156,21,1.1143452,1.198982
2023-04-04,-0.034909465412891194,1,1.3552557,1.2896231
2023-04-04,-0.034909465412891194,3,1.2528409,1.2789016
2023-04-04,-0.034909465412891194,5,1.2512898,1.2619245
2023-04-04,-0.034909465412891194,10,1.2593772,1.2245057
2023-04-04,-0.034909465412891194,21,1.1171217,1.1608396
2023-04-05,0.13681211589631204,1,1.2531079,1.2549133
2023-04-05,0.13681211589631204,3,1.2526604,1.2654166
2023-04-05,0.13681211589631204,5,1.2507753,1.2552698
2023-04-05,0.13681211589631204,10,1.257486,1.26091
2023-04-05,0.13681211589631204,21,1.0793545,1.2235537
2023-04-06,-1.0116792685295195,1,1.2528409,1.3522451
2023-04-06,-1.0116792685295195,3,1.2512898,1.3517402
2023-04-06,-1.0116792685295195,5,1.2516329,1.3419492
2023-04-06,-1.0116792685295195,10,1.2115059,1.3637695
2023-04-06,-1.0116792685295195,21,1.0877659,1.3206077
2023-04-07,0.001853791467087973,1,1.2526604,1.2706698
2023-04-07,0.001853791467087973,3,1.2507753,1.2838699
2023-04-07,0.001853791467087973,5,1.2505985,1.2852817
2023-04-07,0.001853791467087973,10,1.2058346,1.2822964
2023-04-07,0.001853791467087973,21,1.0759988,1.2826596
2023-04-10,-0.13634531790511772,1,1.2512898,1.2752603
2023-04-10,-0.13634531790511772,3,1.2516329,1.2859046
2023-04-10,-0.13634531790511772,5,1.252777,1.284227
2023-04-10,-0.13634531790511772,10,1.2030303,1.2785971
2023-04-10,-0.13634531790511772,21,1.0693406,1.2588618
2023-04-11,0.39831094936957356,1,1.2507753,1.2867655
2023-04-11,0.39831094936957356,3,1.2505985,1.2716103
2023-04-11,0.39831094936957356,5,1.2593772,1.2633973
2023-04-11,0.39831094936957356,10,1.1999291,1.2482617
2023-04-11,0.39831094936957356,21,1.0641564,1.1532134
2023-04-12,-0.09433962963827369,1,1.2516329,1.3928279
2023-04-12,-0.09433962963827369,3,1.252777,1.3796412
2023-04-12,-0.09433962963827369,5,1.257486,1.3667462
2023-04-12,-0.09433962963827369,10,1.1868976,1.3200142
2023-04-12,-0.09433962963827369,21,1.0702614,1.1763191
2023-04-13,-0.5586088313962456,1,1.2505985,1.2533067
2023-04-13,-0.5586088313962456,3,1.2593772,1.2487593
2023-04-13,-0.5586088313962456,5,1.2115059,1.2536403
2023-04-13,-0.5586088313962456,10,1.1821991,1.2314563
2023-04-13,-0.5586088313962456,21,1.066797,1.1456677
2023-04-14,-1.0514104620862774,1,1.252777,1.29427
2023-04-14,-1.0514104620862774,3,1.257486,1.2854967
2023-04-14,-1.0514104620862774,5,1.2058346,1.2830607
2023-04-14,-1.0514104620862774,10,1.1116312,1.2496188
2023-04-14,-1.0514104620862774,21,1.0574297,1.2061641
2023-04-17,0.1494045240209907,1,1.2593772,1.3801919
2023-04-17,0.1494045240209907,3,1.2115059,1.3529788
2023-04-17,0.1494045240209907,5,1.2030303,1.3630508
2023-04-17,0.1494045240209907,10,1.1097997,1.3370223
2023-04-17,0.1494045240209907,21,1.0613562,1.2905288
2023-04-18,-0.044140367081713094,1,1.257486,1.2809511
2023-04-18,-0.044140367081713094,3,1.2058346,1.2661283
2023-04-18,-0.044140367081713094,5,1.1999291,1.2513143
2023-04-18,-0.044140367081713094,10,1.1143452,1.1885004
2023-04-18,-0.044140367081713094,21,0.9860963,1.143608
2023-04-19,-0.7931422402707611,1,1.2115059,1.2080885
2023-04-19,-0.7931422402707611,3,1.2030303,1.1982037
2023-04-19,-0.7931422402707611,5,1.1868976,1.1926134
2023-04-19,-0.7931422402707611,10,1.1171217,1.1665707
2023-04-19,-0.7931422402707611,21,0.9835206,1.1323459
2023-04-20,-0.23983895843313618,1,1.2058346,1.2392076
2023-04-20,-0.23983895843313618,3,1.1999291,1.2211593
2023-04-20,-0.23983895843313618,5,1.1821991,1.2150849
2023-04-20,-0.23983895843313618,10,1.0793545,1.1469302
2023-04-20,-0.23983895843313618,21,0.916212,1.0672253
2023-04-21,-0.7076927701950453,1,1.2030303,1.2645253
2023-04-21,-0.7076927701950453,3,1.1868976,1.2379887
2023-04-21,-0.7076927701950453,5,1.1116312,1.212085
2023-04-21,-0.7076927701950453,10,1.0877659,1.1515567
2023-04-21,-0.7076927701950453,21,0.9190687,1.0813266
2023-04-24,-0.0009558630248207578,1,1.1999291,1.2309344
2023-04-24,-0.0009558630248207578,3,1.1821991,1.1876829
2023-04-24,-0.0009558630248207578,5,1.1097997,1.1787013
2023-04-24,-0.0009558630248207578,10,1.0759988,1.1311007
2023-04-24,-0.0009558630248207578,21,0.8856043,1.0757372
2023-04-25,-0.8765375028076505,1,1.1868976,1.207508
2023-04-25,-0.8765375028076505,3,1.1116312,1.1596415
2023-04-25,-0.8765375028076505,5,1.1143452,1.1538124
2023-04-25,-0.8765375028076505,10,1.0693406,1.1388762
2023-04-25,-0.8765375028076505,21,0.8501072,1.0935187
2023-04-26,0.7876022809909067,1,1.1821991,1.1746838
2023-04-26,0.7876022809909067,3,1.1097997,1.1283555
2023-04-26,0.7876022809909067,5,1.1171217,1.1138933
2023-04-26,0.7876022809909067,10,1.0641564,1.0423281
2023-04-26,0.7876022809909067,21,0.84981096,0.9517128
2023-04-27,-0.3546136993183957,1,1.1116312,1.060405
2023-04-27,-0.3546136993183957,3,1.1143452,1.0414062
2023-04-27,-0.3546136993183957,5,1.0793545,1.0183665
2023-04-27,-0.3546136993183957,10,1.0702614,0.97683305
2023-04-27,-0.3546136993183957,21,0.8222421,0.94193465
2023-04-28,0.9450755253824994,1,1.1097997,1.2054977
2023-04-28,0.9450755253824994,3,1.1171217,1.1811147
2023-04-28,0.9450755253824994,5,1.0877659,1.1544231
2023-04-28,0.9450755253824994,10,1.066797,1.0808864
2023-04-28,0.9450755253824994,21,0.8185732,0.99587303
2023-05-04,-1.1276642998145014,1,1.1143452,1.1823727
2023-05-04,-1.1276642998145014,3,1.0793545,1.1541224
2023-05-04,-1.1276642998145014,5,1.0759988,1.1157938
2023-05-04,-1.1276642998145014,10,1.0574297,1.0325286
2023-05-04,-1.1276642998145014,21,0.7963057,0.98423725
2023-05-05,-0.11356528817874079,1,1.1171217,1.0747452
2023-05-05,-0.11356528817874079,3,1.0877659,1.0584891
2023-05-05,-0.11356528817874079,5,1.0693406,1.0387493
2023-05-05,-0.11356528817874079,10,1.0613562,0.98777086
2023-05-05,-0.11356528817874079,21,0.7963714,0.9435725
2023-05-08,1.0784615440619483,1,1.0793545,1.1109017
2023-05-08,1.0784615440619483,3,1.0759988,1.087196
2023-05-08,1.0784615440619483,5,1.0641564,1.0668843
2023-05-08,1.0784615440619483,10,0.9860963,1.0515485
2023-05-08,1.0784615440619483,21,0.8107008,1.00879
2023-05-09,-0.004763288384612707,1,1.0877659,1.0578144
2023-05-09,-0.004763288384612707,3,1.0693406,1.0406221
2023-05-09,-0.004763288384612707,5,1.0702614,1.0022393
2023-05-09,-0.004763288384612707,10,0.9835206,0.9375575
2023-05-09,-0.004763288384612707,21,0.7963393,0.84934694
2023-05-10,0.5055459153079589,1,1.0759988,1.0094801
2023-05-10,0.5055459153079589,3,1.0641564,0.9967618
2023-05-10,0.5055459153079589,5,1.066797,0.9717816
2023-05-10,0.5055459153079589,10,0.916212,0.9321073
2023-05-10,0.5055459153079589,21,0.7981753,0.87416536
2023-05-11,-0.005687419429722951,1,1.0693406,1.0144886
2023-05-11,-0.005687419429722951,3,1.0702614,1.0002005
2023-05-11,-0.005687419429722951,5,1.0574297,0.98486674
2023-05-11,-0.005687419429722951,10,0.9190687,0.95513564
2023-05-11,-0.005687419429722951,21,0.7971725,0.94669956
2023-05-12,1.0851584540423787,1,1.0641564,1.056196
2023-05-12,1.0851584540423787,3,1.066797,1.0369104
2023-05-12,1.0851584540423787,5,1.0613562,1.0159763
2023-05-12,1.0851584540423787,10,0.8856043,0.9593178
2023-05-12,1.0851584540423787,21,0.8137577,0.93940306
2023-05-15,0.4173417868445384,1,1.0702614,1.006938
2023-05-15,0.4173417868445384,3,1.0574297,0.97624373
2023-05-15,0.4173417868445384,5,0.9860963,0.9517487
2023-05-15,0.4173417868445384,10,0.8501072,0.88078696
2023-05-15,0.4173417868445384,21,0.8010907,0.86863405
2023-05-16,-0.11772731605361741,1,1.066797,1.033883
2023-05-16,-0.11772731605361741,3,1.0613562,1.0190885
2023-05-16,-0.11772731605361741,5,0.9835206,0.98837376
2023-05-16,-0.11772731605361741,10,0.84981096,0.9091601
2023-05-16,-0.11772731605361741,21,0.73957765,0.8582881
2023-05-17,-0.7074062918800195,1,1.0574297,1.014659
2023-05-17,-0.7074062918800195,3,0.9860963,0.9780714
2023-05-17,-0.7074062918800195,5,0.916212,0.94870293
2023-05-17,-0.7074062918800195,10,0.8222421,0.8485551
2023-05-17,-0.7074062918800195,21,0.7070402,0.8139319
2023-05-18,0.8120596372567235,1,1.0613562,1.0231087
2023-05-18,0.8120596372567235,3,0.9835206,0.983554
2023-05-18,0.8120596372567235,5,0.9190687,0.9559884
2023-05-18,0.8120596372567235,10,0.8185732,0.8830529
2023-05-18,0.8120596372567235,21,0.7103518,0.84974533
2023-05-19,-0.1794728468282436,1,0.9860963,0.9501729
2023-05-19,-0.1794728468282436,3,0.916212,0.91909415
2023-05-19,-0.1794728468282436,5,0.8856043,0.8955239
2023-05-19,-0.1794728468282436,10,0.7963057,0.8520734
2023-05-19,-0.1794728468282436,21,0.64317703,0.81697166
2023-05-22,0.4573932868487951,1,0.9835206,1.0349458
2023-05-22,0.4573932868487951,3,0.9190687,0.9912666
2023-05-22,0.4573932868487951,5,0.8501072,0.9678676
2023-05-22,0.4573932868487951,10,0.7963714,0.9252992
2023-05-22,0.4573932868487951,21,0.63267154,0.8736206
2023-05-23,-0.5313325196582674,1,0.916212,0.938278
2023-05-23,-0.5313325196582674,3,0.8856043,0.8979008
2023-05-23,-0.5313325196582674,5,0.84981096,0.8900374
2023-05-23,-0.5313325196582674,10,0.8107008,0.85979825
2023-05-23,-0.5313325196582674,21,0.6402031,0.83501405
2023-05-24,-0.6104451713779824,1,0.9190687,0.8729829
2023-05-24,-0.6104451713779824,3,0.8501072,0.8359177
2023-05-24,-0.6104451713779824,5,0.8222421,0.8250524
2023-05-24,-0.6104451713779824,10,0.7963393,0.78447443
2023-05-24,-0.6104451713779824,21,0.64147145,0.776328
2023-05-25,0.05650515759887398,1,0.8856043,0.8654011
2023-05-25,0.05650515759887398,3,0.84981096,0.83748066
2023-05-25,0.05650515759887398,5,0.8185732,0.8353467
2023-05-25,0.05650515759887398,10,0.7981753,0.8162112
2023-05-25,0.05650515759887398,21,0.6445767,0.81733614
2023-05-26,-0.1262388531064751,1,0.8501072,0.818928
2023-05-26,-0.1262388531064751,3,0.8222421,0.80667347
2023-05-26,-0.1262388531064751,5,0.7963057,0.79466283
2023-05-26,-0.1262388531064751,10,0.7971725,0.77462876
2023-05-26,-0.1262388531064751,21,0.6447676,0.76695234
2023-05-29,0.8410904844330602,1,0.84981096,0.7857472
2023-05-29,0.8410904844330602,3,0.8185732,0.7607286
2023-05-29,0.8410904844330602,5,0.7963714,0.7483295
2023-05-29,0.8410904844330602,10,0.8137577,0.7173521
2023-05-29,0.8410904844330602,21,0.6511871,0.6825302
2023-05-30,0.19144660052905493,1,0.8222421,0.8576502
2023-05-30,0.19144660052905493,3,0.7963057,0.8297579
2023-05-30,0.19144660052905493,5,0.8107008,0.81217885
2023-05-30,0.19144660052905493,10,0.8010907,0.77412426
2023-05-30,0.19144660052905493,21,0.65200824,0.76557577
2023-05-31,-0.513529178479466,1,0.8185732,0.8039446
2023-05-31,-0.513529178479466,3,0.7963714,0.77528954
2023-05-31,-0.513529178479466,5,0.7963393,0.76075506
2023-05-31,-0.513529178479466,10,0.73957765,0.71469367
2023-05-31,-0.513529178479466,21,0.6499291,0.68457395
2023-06-01,0.1649160332918953,1,0.7963057,0.775735
2023-06-01,0.1649160332918953,3,0.8107008,0.7591851
2023-06-01,0.1649160332918953,5,0.7981753,0.74674356
2023-06-01,0.1649160332918953,10,0.7070402,0.72373885
2023-06-01,0.1649160332918953,21,0.64977884,0.7005878
2023-06-02,1.7512802283494722,1,0.7963714,0.79752505
2023-06-02,1.7512802283494722,3,0.7963393,0.7753752
2023-06-02,1.7512802283494722,5,0.7971725,0.7601619
2023-06-02,1.7512802283494722,10,0.7103518,0.72708505
2023-06-02,1.7512802283494722,21,0.6555624,0.7051082
2023-06-05,0.3783222451424706,1,0.8107008,0.8010443
2023-06-05,0.3783222451424706,3,0.7981753,0.8018472
2023-06-05,0.3783222451424706,5,0.8137577,0.7978116
2023-06-05,0.3783222451424706,10,0.64317703,0.7762758
2023-06-05,0.3783222451424706,21,0.6562307,0.8167762
2023-06-06,1.0249018318154945,1,0.7963393,0.77083445
2023-06-06,1.0249018318154945,3,0.7971725,0.76278263
2023-06-06,1.0249018318154945,5,0.8010907,0.74649036
2023-06-06,1.0249018318154945,10,0.63267154,0.72438586
2023-06-06,1.0249018318154945,21,0.65614974,0.720051
2023-06-07,0.30434806101240497,1,0.7981753,0.82229894
2023-06-07,0.30434806101240497,3,0.8137577,0.8112723
2023-06-07,0.30434806101240497,5,0.73957765,0.7873597
2023-06-07,0.30434806101240497,10,0.6402031,0.72879076
2023-06-07,0.30434806101240497,21,0.6429114,0.7258199
2023-06-08,-1.2028496268619904,1,0.7971725,0.8034762
2023-06-08,-1.2028496268619904,3,0.8010907,0.7930145
2023-06-08,-1.2028496268619904,5,0.7070402,0.77578247
2023-06-08,-1.2028496268619904,10,0.64147145,0.7460801
2023-06-08,-1.2028496268619904,21,0.6429248,0.78067935
2023-06-09,0.7650574632029894,1,0.8137577,0.8190112
2023-06-09,0.7650574632029894,3,0.73957765,0.8121246
2023-06-09,0.7650574632029894,5,0.7103518,0.8029735
2023-06-09,0.7650574632029894,10,0.6445767,0.79010534
2023-06-09,0.7650574632029894,21,0.6549109,0.79516304
2023-06-12,0.794401774596043,1,0.8010907,0.7468586
2023-06-12,0.794401774596043,3,0.7070402,0.73976684
2023-06-12,0.794401774596043,5,0.64317703,0.73299456
2023-06-12,0.794401774596043,10,0.6447676,0.7361397
2023-06-12,0.794401774596043,21,0.6620507,0.75234157
2023-06-13,0.5177493116541143,1,0.73957765,0.70479465
2023-06-13,0.5177493116541143,3,0.7103518,0.68874013
2023-06-13,0.5177493116541143,5,0.63267154,0.6857594
2023-06-13,0.5177493116541143,10,0.6511871,0.6906126
2023-06-13,0.5177493116541143,21,0.67742264,0.70893145
2023-06-14,-0.43037097141764846,1,0.7070402,0.6767427
2023-06-14,-0.43037097141764846,3,0.64317703,0.67843544
2023-06-14,-0.43037097141764846,5,0.6402031,0.6809226
2023-06-14,-0.43037097141764846,10,0.65200824,0.69312054
2023-06-14,-0.43037097141764846,21,0.6725758,0.7329257
2023-06-15,-0.18295133461796453,1,0.7103518,0.72147167
2023-06-15,-0.18295133461796453,3,0.63267154,0.71550524
2023-06-15,-0.18295133461796453,5,0.64147145,0.7105527
2023-06-15,-0.18295133461796453,10,0.6499291,0.7203803
2023-06-15,-0.18295133461796453,21,0.6556587,0.7452082
2023-06-16,0.0441913220847745,1,0.64317703,0.605213
2023-06-16,0.0441913220847745,3,0.6402031,0.6084094
2023-06-16,0.0441913220847745,5,0.6445767,0.62551415
2023-06-16,0.0441913220847745,10,0.64977884,0.6513006
2023-06-16,0.0441913220847745,21,0.6618552,0.7134575
2023-06-19,-0.9166730855361571,1,0.63267154,0.64586586
2023-06-19,-0.9166730855361571,3,0.64147145,0.6491287
2023-06-19,-0.9166730855361571,5,0.6447676,0.66752946
2023-06-19,-0.9166730855361571,10,0.6555624,0.6843063
2023-06-19,-0.9166730855361571,21,0.66219085,0.74781233
2023-06-20,0.48384043264206866,1,0.6402031,0.60207474
2023-06-20,0.48384043264206866,3,0.6445767,0.59700507
2023-06-20,0.48384043264206866,5,0.6511871,0.6084275
2023-06-20,0.48384043264206866,10,0.6562307,0.6208412
2023-06-20,0.48384043264206866,21,0.65127844,0.6262732
2023-06-21,0.7038660316336376,1,0.64147145,0.6659034
2023-06-21,0.7038660316336376,3,0.6447676,0.672228
2023-06-21,0.7038660316336376,5,0.65200824,0.6797221
2023-06-21,0.7038660316336376,10,0.65614974,0.6922863
2023-06-21,0.7038660316336376,21,0.6491708,0.7595005
2023-06-22,0.4960385473181894,1,0.6445767,0.6889844
2023-06-22,0.4960385473181894,3,0.6511871,0.7013612
2023-06-22,0.4960385473181894,5,0.6499291,0.7038436
2023-06-22,0.4960385473181894,10,0.6429114,0.71485096
2023-06-22,0.4960385473181894,21,0.640384,0.753424
2023-06-23,0.8162728671826436,1,0.6447676,0.6582
2023-06-23,0.8162728671826436,3,0.65200824,0.6584259
2023-06-23,0.8162728671826436,5,0.64977884,0.66500604
2023-06-23,0.8162728671826436,10,0.6429248,0.6709388
2023-06-23,0.8162728671826436,21,0.6400356,0.7340719
2023-06-26,0.3959278685260692,1,0.6511871,0.6248052
2023-06-26,0.3959278685260692,3,0.6499291,0.63685215
2023-06-26,0.3959278685260692,5,0.6555624,0.6558324
2023-06-26,0.3959278685260692,10,0.6549109,0.65773284
2023-06-26,0.3959278685260692,21,0.6486184,0.7391892
2023-06-27,0.28071556718920476,1,0.65200824,0.70081526
2023-06-27,0.28071556718920476,3,0.64977884,0.7099358
2023-06-27,0.28071556718920476,5,0.6562307,0.724228
2023-06-27,0.28071556718920476,10,0.6620507,0.725256
2023-06-27,0.28071556718920476,21,0.64588517,0.8020848
2023-06-28,0.5897544262989385,1,0.6499291,0.64373124
2023-06-28,0.5897544262989385,3,0.6555624,0.6542592
2023-06-28,0.5897544262989385,5,0.65614974,0.6639855
2023-06-28,0.5897544262989385,10,0.67742264,0.66787606
2023-06-28,0.5897544262989385,21,0.64192975,0.71680593
2023-06-29,-1.3969456037405514,1,0.64977884,0.66195387
2023-06-29,-1.3969456037405514,3,0.6562307,0.67059433
2023-06-29,-1.3969456037405514,5,0.6429114,0.68701315
2023-06-29,-1.3969456037405514,10,0.6725758,0.68105704
2023-06-29,-1.3969456037405514,21,0.6352582,0.7533059
2023-06-30,-0.19213498051833255,1,0.6555624,0.71458215
2023-06-30,-0.19213498051833255,3,0.65614974,0.72759134
2023-06-30,-0.19213498051833255,5,0.6429248,0.73030555
2023-06-30,-0.19213498051833255,10,0.6556587,0.7450875
2023-06-30,-0.19213498051833255,21,0.6125118,0.76247406
2023-07-03,0.021366570301672994,1,0.6562307,0.6552954
2023-07-03,0.021366570301672994,3,0.6429114,0.6649782
2023-07-03,0.021366570301672994,5,0.6549109,0.6694279
2023-07-03,0.021366570301672994,10,0.6618552,0.68892884
2023-07-03,0.021366570301672994,21,0.6196236,0.70887214
2023-07-04,0.4113056962856021,1,0.65614974,0.6197942
2023-07-04,0.4113056962856021,3,0.6429248,0.62634814
2023-07-04,0.4113056962856021,5,0.6620507,0.63342285
2023-07-04,0.4113056962856021,10,0.66219085,0.630963
2023-07-04,0.4113056962856021,21,0.63126284,0.6662469
2023-07-05,0.15590677100316697,1,0.6429114,0.622043
2023-07-05,0.15590677100316697,3,0.6549109,0.62998617
2023-07-05,0.15590677100316697,5,0.67742264,0.6319417
2023-07-05,0.15590677100316697,10,0.65127844,0.6432815
2023-07-05,0.15590677100316697,21,0.64248544,0.67878944
2023-07-06,-0.917666052057875,1,0.6429248,0.69271386
2023-07-06,-0.917666052057875,3,0.6620507,0.68810356
2023-07-06,-0.917666052057875,5,0.6725758,0.68355703
2023-07-06,-0.917666052057875,10,0.6491708,0.68877774
2023-07-06,-0.917666052057875,21,0.6429518,0.6933543
2023-07-07,0.8884520415190167,1,0.6549109,0.6341238
2023-07-07,0.8884520415190167,3,0.67742264,0.6396077
2023-07-07,0.8884520415190167,5,0.6556587,0.6494217
2023-07-07,0.8884520415190167,10,0.640384,0.6631416
2023-07-07,0.8884520415190167,21,0.65775704,0.70218945
2023-07-10,1.2083276837714152,1,0.6620507,0.7044201
2023-07-10,1.2083276837714152,3,0.6725758,0.70461094
2023-07-10,1.2083276837714152,5,0.6618552,0.70657265
2023-07-10,1.2083276837714152,10,0.6400356,0.7285303
2023-07-10,1.2083276837714152,21,0.6751468,0.7644624
2023-07-11,0.3065732171491753,1,0.67742264,0.64986914
2023-07-11,0.3065732171491753,3,0.6556587,0.6580672
2023-07-11,0.3065732171491753,5,0.66219085,0.6677189
2023-07-11,0.3065732171491753,10,0.6486184,0.6731437
2023-07-11,0.3065732171491753,21,0.6954408,0.7463055
2023-07-12,-0.011337819051870923,1,0.6725758,0.644849
2023-07-12,-0.011337819051870923,3,0.6618552,0.64193094
2023-07-12,-0.011337819051870923,5,0.65127844,0.6533179
2023-07-12,-0.011337819051870923,10,0.64588517,0.65707517
2023-07-12,-0.011337819051870923,21,0.69659805,0.69280314
2023-07-13,0.8312209933312609,1,0.6556587,0.71931374
2023-07-13,0.8312209933312609,3,0.66219085,0.7403455
2023-07-13,0.8312209933312609,5,0.6491708,0.7429769
2023-07-13,0.8312209933312609,10,0.64192975,0.75220066
2023-07-13,0.8312209933312609,21,0.69511145,0.81314653
2023-07-14,0.3867575071757834,1,0.6618552,0.6777264
2023-07-14,0.3867575071757834,3,0.65127844,0.6811658
2023-07-14,0.3867575071757834,5,0.640384,0.6842241
2023-07-14,0.3867575071757834,10,0.6352582,0.68492514
2023-07-14,0.3867575071757834,21,0.7127787,0.73509103
2023-07-17,0.34320104907727966,1,0.66219085,0.70655537
2023-07-17,0.34320104907727966,3,0.6491708,0.7048106
2023-07-17,0.34320104907727966,5,0.6400356,0.71229255
2023-07-17,0.34320104907727966,10,0.6125118,0.7178919
2023-07-17,0.34320104907727966,21,0.72111726,0.7797444
2023-07-18,0.19215927676681233,1,0.65127844,0.7126279
2023-07-18,0.19215927676681233,3,0.640384,0.71572876
2023-07-18,0.19215927676681233,5,0.6486184,0.71655715
2023-07-18,0.19215927676681233,10,0.6196236,0.71142
2023-07-18,0.19215927676681233,21,0.7206156,0.73234373
2023-07-19,-0.1397935914039472,1,0.6491708,0.7020765
2023-07-19,-0.1397935914039472,3,0.6400356,0.7141861
2023-07-19,-0.1397935914039472,5,0.64588517,0.7157459
2023-07-19,-0.1397935914039472,10,0.63126284,0.7132562
2023-07-19,-0.1397935914039472,21,0.71566075,0.7638349
2023-07-20,0.26312985247782805,1,0.640384,0.6630417
2023-07-20,0.26312985247782805,3,0.6486184,0.66165
2023-07-20,0.26312985247782805,5,0.64192975,0.65615094
2023-07-20,0.26312985247782805,10,0.64248544,0.654252
2023-07-20,0.26312985247782805,21,0.7181629,0.66227263
2023-07-21,1.5576612468957585,1,0.6400356,0.7096593
2023-07-21,1.5576612468957585,3,0.64588517,0.7125349
2023-07-21,1.5576612468957585,5,0.6352582,0.7049465
2023-07-21,1.5576612468957585,10,0.6429518,0.69286937
2023-07-21,1.5576612468957585,21,0.7292217,0.71566635
2023-07-24,0.5496412603681833,1,0.6486184,0.6954287
2023-07-24,0.5496412603681833,3,0.64192975,0.7033305
2023-07-24,0.5496412603681833,5,0.6125118,0.70176363
2023-07-24,0.5496412603681833,10,0.65775704,0.7158685
2023-07-24,0.5496412603681833,21,0.96989363,0.7487554
2023-07-25,0.40733594577408994,1,0.64588517,0.6654583
2023-07-25,0.40733594577408994,3,0.6352582,0.6647417
2023-07-25,0.40733594577408994,5,0.6196236,0.675738
2023-07-25,0.40733594577408994,10,0.6751468,0.6805778
2023-07-25,0.40733594577408994,21,0.96642464,0.713663
2023-07-26,0.28506670856502936,1,0.64192975,0.6397284
2023-07-26,0.28506670856502936,3,0.6125118,0.65226454
2023-07-26,0.28506670856502936,5,0.63126284,0.65328705
2023-07-26,0.28506670856502936,10,0.6954408,0.66099995
2023-07-26,0.28506670856502936,21,0.9664916,0.69137424
2023-07-27,-0.14576594240685026,1,0.6352582,0.66347134
2023-07-27,-0.14576594240685026,3,0.6196236,0.65693444
2023-07-27,-0.14576594240685026,5,0.64248544,0.65955603
2023-07-27,-0.14576594240685026,10,0.69659805,0.6548496
2023-07-27,-0.14576594240685026,21,0.97212,0.6976332
2023-07-28,1.0588251300416296,1,0.6125118,0.6476442
2023-07-28,1.0588251300416296,3,0.63126284,0.6626851
2023-07-28,1.0588251300416296,5,0.6429518,0.66942227
2023-07-28,1.0588251300416296,10,0.69511145,0.6799401
2023-07-28,1.0588251300416296,21,0.9887999,0.7333256
2023-07-31,1.5029383363796889,1,0.6196236,0.62217146
2023-07-31,1.5029383363796889,3,0.64248544,0.61884093
2023-07-31,1.5029383363796889,5,0.65775704,0.6341293
2023-07-31,1.5029383363796889,10,0.7127787,0.6409061
2023-07-31,1.5029383363796889,21,0.9737366,0.69827145
2023-08-01,-0.7036339818725423,1,0.63126284,0.6627148
2023-08-01,-0.7036339818725423,3,0.6429518,0.67717063
2023-08-01,-0.7036339818725423,5,0.6751468,0.69158065
2023-08-01,-0.7036339818725423,10,0.72111726,0.70915693
2023-08-01,-0.7036339818725423,21,0.9912107,0.79555094
2023-08-02,-0.07039083572824012,1,0.64248544,0.6418734
2023-08-02,-0.07039083572824012,3,0.65775704,0.65079594
2023-08-02,-0.07039083572824012,5,0.6954408,0.6624627
2023-08-02,-0.07039083572824012,10,0.7206156,0.6676505
2023-08-02,-0.07039083572824012,21,0.9850467,0.7373852
2023-08-03,-0.8650942888189128,1,0.6429518,0.67325675
2023-08-03,-0.8650942888189128,3,0.6751468,0.6791272
2023-08-03,-0.8650942888189128,5,0.69659805,0.69083226
2023-08-03,-0.8650942888189128,10,0.71566075,0.69967896
2023-08-03,-0.8650942888189128,21,0.9885608,0.765233
2023-08-04,1.6886676873792972,1,0.65775704,0.71547294
2023-08-04,1.6886676873792972,3,0.6954408,0.7234001
2023-08-04,1.6886676873792972,5,0.69511145,0.72217333
2023-08-04,1.6886676873792972,10,0.7181629,0.73622054
2023-08-04,1.6886676873792972,21,0.97463614,0.7727373
2023-08-07,1.5519428360631693,1,0.6751468,0.70457655
2023-08-07,1.5519428360631693,3,0.69659805,0.71420515
2023-08-07,1.5519428360631693,5,0.7127787,0.7125838
2023-08-07,1.5519428360631693,10,0.7292217,0.71930736
2023-08-07,1.5519428360631693,21,0.9751426,0.76627403
2023-08-08,-0.22973886325905468,1,0.6954408,0.7589474
2023-08-08,-0.22973886325905468,3,0.69511145,0.774619
2023-08-08,-0.22973886325905468,5,0.72111726,0.78026056
2023-08-08,-0.22973886325905468,10,0.96989363,0.8046165
2023-08-08,-0.22973886325905468,21,0.9810912,0.8780356
2023-08-09,-0.6407675733757223,1,0.69659805,0.75010747
2023-08-09,-0.6407675733757223,3,0.7127787,0.7661478
2023-08-09,-0.6407675733757223,5,0.7206156,0.7760743
2023-08-09,-0.6407675733757223,10,0.96642464,0.78806907
2023-08-09,-0.6407675733757223,21,0.98317957,0.8602508
2023-08-10,-1.1062382687052619,1,0.69511145,0.7503745
2023-08-10,-1.1062382687052619,3,0.72111726,0.77154136
2023-08-10,-1.1062382687052619,5,0.71566075,0.78593266
2023-08-10,-1.1062382687052619,10,0.9664916,0.7936848
2023-08-10,-1.1062382687052619,21,0.98379153,0.8792675
2023-08-11,1.1812198291740295,1,0.7127787,0.7269818
2023-08-11,1.1812198291740295,3,0.7206156,0.7367991
2023-08-11,1.1812198291740295,5,0.7181629,0.7459786
2023-08-11,1.1812198291740295,10,0.97212,0.7581793
2023-08-11,1.1812198291740295,21,1.0060576,0.8009362
2023-08-14,0.21415353164817574,1,0.72111726,0.77443945
2023-08-14,0.21415353164817574,3,0.71566075,0.79759145
2023-08-14,0.21415353164817574,5,0.7292217,0.80151165
2023-08-14,0.21415353164817574,10,0.9887999,0.81316775
2023-08-14,0.21415353164817574,21,1.0332482,0.86810416
2023-08-15,-0.17628100046440665,1,0.7206156,0.76049274
2023-08-15,-0.17628100046440665,3,0.7181629,0.7809855
2023-08-15,-0.17628100046440665,5,0.96989363,0.7967552
2023-08-15,-0.17628100046440665,10,0.9737366,0.81225276
2023-08-15,-0.17628100046440665,21,1.0286858,0.9101128
2023-08-16,1.2577271619531594,1,0.71566075,0.76668143
2023-08-16,1.2577271619531594,3,0.7292217,0.76872456
2023-08-16,1.2577271619531594,5,0.96642464,0.7738323
2023-08-16,1.2577271619531594,10,0.9912107,0.78164035
2023-08-16,1.2577271619531594,21,1.0420091,0.8181062
2023-08-17,-0.7290122793812692,1,0.7181629,0.7539492
2023-08-17,-0.7290122793812692,3,0.96989363,0.7716727
2023-08-17,-0.7290122793812692,5,0.9664916,0.7699088
2023-08-17,-0.7290122793812692,10,0.9850467,0.7852483
2023-08-17,-0.7290122793812692,21,1.040159,0.8242984
2023-08-18,-4.736069156949085,1,0.7292217,0.7690088
2023-08-18,-4.736069156949085,3,0.96642464,0.7824194
2023-08-18,-4.736069156949085,5,0.97212,0.77865076
2023-08-18,-4.736069156949085,10,0.9885608,0.7918371
2023-08-18,-4.736069156949085,21,1.0547221,0.8368549
2023-08-21,0.018484133104834655,1,0.96989363,1.0451553
2023-08-21,0.018484133104834655,3,0.9664916,1.0545374
2023-08-21,0.018484133104834655,5,0.9887999,1.0605987
2023-08-21,0.018484133104834655,10,0.97463614,1.0815907
2023-08-21,0.018484133104834655,21,1.0511621,1.1001087
2023-08-22,0.2676366942397479,1,0.96642464,0.8891473
2023-08-22,0.2676366942397479,3,0.97212,0.9110664
2023-08-22,0.2676366942397479,5,0.9737366,0.91581154
2023-08-22,0.2676366942397479,10,0.9751426,0.932711
2023-08-22,0.2676366942397479,21,1.053454,0.97574776
2023-08-23,-0.8870320061132198,1,0.9664916,0.8850813
2023-08-23,-0.8870320061132198,3,0.9887999,0.9100566
2023-08-23,-0.8870320061132198,5,0.9912107,0.9091929
2023-08-23,-0.8870320061132198,10,0.9810912,0.9168473
2023-08-23,-0.8870320061132198,21,1.0683826,0.9785444
2023-08-24,1.5858772100090235,1,0.97212,0.99298465
2023-08-24,1.5858772100090235,3,0.9737366,1.013577
2023-08-24,1.5858772100090235,5,0.9850467,1.0219702
2023-08-24,1.5858772100090235,10,0.98317957,1.0220746
2023-08-24,1.5858772100090235,21,1.093769,1.0910934
2023-08-25,-0.6636610732510206,1,0.9887999,0.94657147
2023-08-25,-0.6636610732510206,3,0.9912107,0.962348
2023-08-25,-0.6636610732510206,5,0.9885608,0.96954393
2023-08-25,-0.6636610732510206,10,0.98379153,0.9868325
2023-08-25,-0.6636610732510206,21,1.1570233,1.0465124
2023-08-28,1.6175949739910322,1,0.9737366,0.98910546
2023-08-28,1.6175949739910322,3,0.9850467,1.006361
2023-08-28,1.6175949739910322,5,0.97463614,1.0075536
2023-08-28,1.6175949739910322,10,1.0060576,1.03163
2023-08-28,1.6175949739910322,21,1.1593356,1.0700595
2023-08-29,0.17044967422430446,1,0.9912107,1.0157673
2023-08-29,0.17044967422430446,3,0.9885608,1.0415936
2023-08-29,0.17044967422430446,5,0.9751426,1.0456115
2023-08-29,0.17044967422430446,10,1.0332482,1.0657783
2023-08-29,0.17044967422430446,21,1.1706264,1.1346457
2023-08-30,0.8267049127566928,1,0.9850467,1.0557408
2023-08-30,0.8267049127566928,3,0.97463614,1.0556852
2023-08-30,0.8267049127566928,5,0.9810912,1.0709078
2023-08-30,0.8267049127566928,10,1.0286858,1.0931804
2023-08-30,0.8267049127566928,21,1.1709716,1.1368982
2023-08-31,0.7292448448527722,1,0.9885608,1.0058655
2023-08-31,0.7292448448527722,3,0.9751426,1.0109304
2023-08-31,0.7292448448527722,5,0.98317957,1.0153745
2023-08-31,0.7292448448527722,10,1.0420091,1.03215
2023-08-31,0.7292448448527722,21,1.1709708,1.0579205
2023-09-05,0.8156000631928784,1,0.97463614,0.96057963
2023-09-05,0.8156000631928784,3,0.9810912,0.9851408
2023-09-05,0.8156000631928784,5,0.98379153,0.9842104
2023-09-05,0.8156000631928784,10,1.040159,0.9999828
2023-09-05,0.8156000631928784,21,1.1641322,1.0300968
2023-09-06,1.228919872742651,1,0.9751426,0.92428666
2023-09-06,1.228919872742651,3,0.98317957,0.95018303
2023-09-06,1.228919872742651,5,1.0060576,0.9497714
2023-09-06,1.228919872742651,10,1.0547221,0.9606821
2023-09-06,1.228919872742651,21,1.2299199,0.99951345
2023-09-07,-0.382467417826593,1,0.9810912,0.97234905
2023-09-07,-0.382467417826593,3,0.98379153,0.9966957
2023-09-07,-0.382467417826593,5,1.0332482,1.0087043
2023-09-07,-0.382467417826593,10,1.0511621,1.0226386
2023-09-07,-0.382467417826593,21,1.2230712,1.0764359
2023-09-08,-0.4855541491887827,1,0.98317957,0.9889653
2023-09-08,-0.4855541491887827,3,1.0060576,1.0039636
2023-09-08,-0.4855541491887827,5,1.0286858,1.0152361
2023-09-08,-0.4855541491887827,10,1.053454,1.0301615
2023-09-08,-0.4855541491887827,21,1.2324998,1.0896913
2023-09-11,-1.486407591340022,1,0.98379153,0.99058145
2023-09-11,-1.486407591340022,3,1.0332482,0.99842656
2023-09-11,-1.486407591340022,5,1.0420091,1.0074036
2023-09-11,-1.486407591340022,10,1.0683826,1.0196311
2023-09-11,-1.486407591340022,21,1.2451738,1.0644386
2023-09-12,2.020546994665473,1,1.0060576,1.0663757
2023-09-12,2.020546994665473,3,1.0286858,1.0923648
2023-09-12,2.020546994665473,5,1.040159,1.0932131
2023-09-12,2.020546994665473,10,1.093769,1.12116
2023-09-12,2.020546994665473,21,1.246285,1.1673241
2023-09-13,-0.6294503524769901,1,1.0332482,1.0213348
2023-09-13,-0.6294503524769901,3,1.0420091,1.0503304
2023-09-13,-0.6294503524769901,5,1.0547221,1.048441
2023-09-13,-0.6294503524769901,10,1.1570233,1.0842435
2023-09-13,-0.6294503524769901,21,1.2502258,1.1250682
2023-09-14,-1.1192658374628905,1,1.0286858,1.2265307
2023-09-14,-1.1192658374628905,3,1.040159,1.2538294
2023-09-14,-1.1192658374628905,5,1.0511621,1.2717822
2023-09-14,-1.1192658374628905,10,1.1593356,1.3017051
2023-09-14,-1.1192658374628905,21,1.251852,1.3038597
2023-09-15,0.3841694744933122,1,1.0420091,1.0780734
2023-09-15,0.3841694744933122,3,1.0547221,1.1134769
2023-09-15,0.3841694744933122,5,1.053454,1.1204695
2023-09-15,0.3841694744933122,10,1.1706264,1.1514571
2023-09-15,0.3841694744933122,21,1.2517694,1.1920137
2023-09-18,-1.227218540290309,1,1.040159,1.0591941
2023-09-18,-1.227218540290309,3,1.0511621,1.0972395
2023-09-18,-1.227218540290309,5,1.0683826,1.0995729
2023-09-18,-1.227218540290309,10,1.1709716,1.1272674
2023-09-18,-1.227218540290309,21,1.251706,1.1793102
2023-09-19,0.1469867976545025,1,1.0547221,1.161586
2023-09-19,0.1469867976545025,3,1.053454,1.183379
2023-09-19,0.1469867976545025,5,1.093769,1.1993825
2023-09-19,0.1469867976545025,10,1.1709708,1.227004
2023-09-19,0.1469867976545025,21,1.2599845,1.254235
2023-09-20,0.7373807328177051,1,1.0511621,1.0662006
2023-09-20,0.7373807328177051,3,1.0683826,1.0884935
2023-09-20,0.7373807328177051,5,1.1570233,1.0930616
2023-09-20,0.7373807328177051,10,1.1641322,1.1147096
2023-09-20,0.7373807328177051,21,1.249848,1.1463289
2023-09-21,-1.253602749733762,1,1.053454,1.1259638
2023-09-21,-1.253602749733762,3,1.093769,1.1402202
2023-09-21,-1.253602749733762,5,1.1593356,1.1561962
2023-09-21,-1.253602749733762,10,1.2299199,1.1864223
2023-09-21,-1.253602749733762,21,1.2581564,1.2161922
2023-09-22,-1.7792002216629577,1,1.0683826,1.1116427
2023-09-22,-1.7792002216629577,3,1.1570233,1.1304537
2023-09-22,-1.7792002216629577,5,1.1706264,1.146093
2023-09-22,-1.7792002216629577,10,1.2230712,1.1760066
2023-09-22,-1.7792002216629577,21,1.2762077,1.219304
2023-09-25,-3.202642195763783,1,1.093769,1.1132902
2023-09-25,-3.202642195763783,3,1.1593356,1.1213937
2023-09-25,-3.202642195763783,5,1.1709716,1.1377715
2023-09-25,-3.202642195763783,10,1.2324998,1.1462529
2023-09-25,-3.202642195763783,21,1.2963616,1.1803681
2023-09-26,-0.5680187838916773,1,1.1570233,1.1913493
2023-09-26,-0.5680187838916773,3,1.1706264,1.2148185
2023-09-26,-0.5680187838916773,5,1.1709708,1.2286915
2023-09-26,-0.5680187838916773,10,1.2451738,1.2561355
2023-09-26,-0.5680187838916773,21,1.3086684,1.2836518
2023-09-27,1.3118359334513663,1,1.1593356,1.0850403
2023-09-27,1.3118359334513663,3,1.1709716,1.107182
2023-09-27,1.3118359334513663,5,1.1641322,1.1189584
2023-09-27,1.3118359334513663,10,1.246285,1.1465392
2023-09-27,1.3118359334513663,21,1.3067266,1.1849921
2023-09-28,-0.35575786005379584,1,1.1706264,1.0515273
2023-09-28,-0.35575786005379584,3,1.1709708,1.0693431
2023-09-28,-0.35575786005379584,5,1.2299199,1.0814285
2023-09-28,-0.35575786005379584,10,1.2502258,1.0934412
2023-09-28,-0.35575786005379584,21,1.289376,1.1386633
2023-09-29,0.15531750958839297,1,1.1709716,1.1267036
2023-09-29,0.15531750958839297,3,1.1641322,1.1280816
2023-09-29,0.15531750958839297,5,1.2230712,1.1494142
2023-09-29,0.15531750958839297,10,1.251852,1.1769214
2023-09-29,0.15531750958839297,21,1.3994135,1.2069168
2023-10-02,0.07456962105045761,1,1.1709708,1.1318978
2023-10-02,0.07456962105045761,3,1.2299199,1.1457486
2023-10-02,0.07456962105045761,5,1.2324998,1.1542978
2023-10-02,0.07456962105045761,10,1.2517694,1.1750462
2023-10-02,0.07456962105045761,21,1.4005971,1.2336936
2023-10-03,-3.154281050281238,1,1.1641322,1.2211331
2023-10-03,-3.154281050281238,3,1.2230712,1.2271482
2023-10-03,-3.154281050281238,5,1.2451738,1.2426745
2023-10-03,-3.154281050281238,10,1.251706,1.2725348
2023-10-03,-3.154281050281238,21,1.4144017,1.282484
2023-10-04,0.6741806511413984,1,1.2299199,1.1728245
2023-10-04,0.6741806511413984,3,1.2324998,1.2095083
2023-10-04,0.6741806511413984,5,1.246285,1.2139713
2023-10-04,0.6741806511413984,10,1.2599845,1.250015
2023-10-04,0.6741806511413984,21,1.393477,1.2892936
2023-10-05,-1.2426033276111248,1,1.2230712,1.1554323
2023-10-05,-1.2426033276111248,3,1.2451738,1.1897057
2023-10-05,-1.2426033276111248,5,1.2502258,1.2005112
2023-10-05,-1.2426033276111248,10,1.249848,1.2283001
2023-10-05,-1.2426033276111248,21,1.3859972,1.2820923
2023-10-06,1.3514554750212682,1,1.2324998,1.3825439
2023-10-06,1.3514554750212682,3,1.246285,1.3933588
2023-10-06,1.3514554750212682,5,1.251852,1.4196615
2023-10-06,1.3514554750212682,10,1.2581564,1.4658611
2023-10-06,1.3514554750212682,21,1.4622971,1.4183941
2023-10-09,0.9248368431904908,1,1.2451738,1.2473203
2023-10-09,0.9248368431904908,3,1.2502258,1.2927866
2023-10-09,0.9248368431904908,5,1.2517694,1.29652
2023-10-09,0.9248368431904908,10,1.2762077,1.3209782
2023-10-09,0.9248368431904908,21,1.461373,1.3482332
2023-10-10,0.8577725542661341,1,1.246285,1.2541074
2023-10-10,0.8577725542661341,3,1.251852,1.2884419
2023-10-10,0.8577725542661341,5,1.251706,1.2918454
2023-10-10,0.8577725542661341,10,1.2963616,1.3114984
2023-10-10,0.8577725542661341,21,1.474697,1.3391216
2023-10-11,0.602346756043115,1,1.2502258,1.4589735
2023-10-11,0.602346756043115,3,1.2517694,1.4583995
2023-10-11,0.602346756043115,5,1.2599845,1.4855801
2023-10-11,0.602346756043115,10,1.3086684,1.5190394
2023-10-11,0.602346756043115,21,1.4675294,1.4914229
2023-10-12,-0.15432234134644673,1,1.251852,1.2583286
2023-10-12,-0.15432234134644673,3,1.251706,1.278203
2023-10-12,-0.15432234134644673,5,1.249848,1.2805287
2023-10-12,-0.15432234134644673,10,1.3067266,1.2930439
2023-10-12,-0.15432234134644673,21,1.5360575,1.3312314
2023-10-13,0.10033660769313002,1,1.2517694,1.3130146
2023-10-13,0.10033660769313002,3,1.2599845,1.3365712
2023-10-13,0.10033660769313002,5,1.2581564,1.3343395
2023-10-13,0.10033660769313002,10,1.289376,1.3407214
2023-10-13,0.10033660769313002,21,1.5371952,1.3799732
2023-10-16,-1.159560725798503,1,1.251706,1.3180808
2023-10-16,-1.159560725798503,3,1.249848,1.3343245
2023-10-16,-1.159560725798503,5,1.2762077,1.3314523
2023-10-16,-1.159560725798503,10,1.3994135,1.3324039
2023-10-16,-1.159560725798503,21,1.5319241,1.3365936
2023-10-17,-1.0617995007262238,1,1.2599845,1.2931644
2023-10-17,-1.0617995007262238,3,1.2581564,1.2971883
2023-10-17,-1.0617995007262238,5,1.2963616,1.3051233
2023-10-17,-1.0617995007262238,10,1.4005971,1.306278
2023-10-17,-1.0617995007262238,21,1.530426,1.2991219
2023-10-18,-1.365067367606887,1,1.249848,1.3207861
2023-10-18,-1.365067367606887,3,1.2762077,1.3163486
2023-10-18,-1.365067367606887,5,1.3086684,1.3320951
2023-10-18,-1.365067367606887,10,1.4144017,1.347981
2023-10-18,-1.365067367606887,21,1.4209617,1.3255837
2023-10-19,-1.853490708067973,1,1.2581564,1.3382257
2023-10-19,-1.853490708067973,3,1.2963616,1.3261814
2023-10-19,-1.853490708067973,5,1.3067266,1.3436079
2023-10-19,-1.853490708067973,10,1.393477,1.3619275
2023-10-19,-1.853490708067973,21,1.42951,1.3308969
2023-10-20,1.6872130216523118,1,1.2762077,1.4206679
2023-10-20,1.6872130216523118,3,1.3086684,1.4234337
2023-10-20,1.6872130216523118,5,1.289376,1.44901
2023-10-20,1.6872130216523118,10,1.3859972,1.4704664
2023-10-20,1.6872130216523118,21,1.4289092,1.47078
2023-10-23,-1.5099769529396845,1,1.2963616,1.3636231
2023-10-23,-1.5099769529396845,3,1.3067266,1.3510649
2023-10-23,-1.5099769529396845,5,1.3994135,1.3638636
2023-10-23,-1.5099769529396845,10,1.4622971,1.3901613
2023-10-23,-1.5099769529396845,21,1.4613516,1.3952186
2023-10-24,0.9235801744186034,1,1.3086684,1.3263341
2023-10-24,0.9235801744186034,3,1.289376,1.3159248
2023-10-24,0.9235801744186034,5,1.4005971,1.3176388
2023-10-24,0.9235801744186034,10,1.461373,1.3145728
2023-10-24,0.9235801744186034,21,1.4444995,1.3287628
2023-10-25,-0.3407402733651921,1,1.3067266,1.3977984
2023-10-25,-0.3407402733651921,3,1.3994135,1.3948113
2023-10-25,-0.3407402733651921,5,1.4144017,1.40339
2023-10-25,-0.3407402733651921,10,1.474697,1.4113078
2023-10-25,-0.3407402733651921,21,1.445341,1.4354463
2023-10-26,-4.441869249840913,1,1.289376,1.3212115
2023-10-26,-4.441869249840913,3,1.4005971,1.3245823
2023-10-26,-4.441869249840913,5,1.393477,1.3320147
2023-10-26,-4.441869249840913,10,1.4675294,1.3582594
2023-10-26,-4.441869249840913,21,1.4278461,1.3528244
2023-10-27,0.2457188038795799,1,1.3994135,1.4881297
2023-10-27,0.2457188038795799,3,1.4144017,1.4954331
2023-10-27,0.2457188038795799,5,1.3859972,1.5151031
2023-10-27,0.2457188038795799,10,1.5360575,1.5344441
2023-10-27,0.2457188038795799,21,1.4578135,1.5590608
2023-10-30,-1.8854567615569806,1,1.4005971,1.6116918
2023-10-30,-1.8854567615569806,3,1.393477,1.615813
2023-10-30,-1.8854567615569806,5,1.4622971,1.6327465
2023-10-30,-1.8854567615569806,10,1.5371952,1.6593795
2023-10-30,-1.8854567615569806,21,1.4540657,1.4664007
2023-10-31,-0.7906088588931048,1,1.4144017,1.6078929
2023-10-31,-0.7906088588931048,3,1.3859972,1.6156306
2023-10-31,-0.7906088588931048,5,1.461373,1.6120254
2023-10-31,-0.7906088588931048,10,1.5319241,1.6104288
2023-10-31,-0.7906088588931048,21,1.4511232,1.5048839
2023-11-01,1.1735977802181274,1,1.393477,1.5051941
2023-11-01,1.1735977802181274,3,1.4622971,1.5126561
2023-11-01,1.1735977802181274,5,1.474697,1.4998428
2023-11-01,1.1735977802181274,10,1.530426,1.474725
2023-11-01,1.1735977802181274,21,1.452581,1.4039422
2023-11-02,3.3521124641753275,1,1.3859972,1.5450457
2023-11-02,3.3521124641753275,3,1.461373,1.5392839
2023-11-02,3.3521124641753275,5,1.4675294,1.5568341
2023-11-02,3.3521124641753275,10,1.4209617,1.5590041
2023-11-02,3.3521124641753275,21,1.4428076,1.5370291
2023-11-03,-0.12053238121332299,1,1.4622971,1.5364014
2023-11-03,-0.12053238121332299,3,1.474697,1.5299661
2023-11-03,-0.12053238121332299,5,1.5360575,1.5315498
2023-11-03,-0.12053238121332299,10,1.42951,1.5124755
2023-11-03,-0.12053238121332299,21,1.446493,1.528521
2023-11-06,1.5828910532275309,1,1.461373,1.5715925
2023-11-06,1.5828910532275309,3,1.4675294,1.5841558
2023-11-06,1.5828910532275309,5,1.5371952,1.560027
2023-11-06,1.5828910532275309,10,1.4289092,1.5091734
2023-11-06,1.5828910532275309,21,1.4523262,1.4680257
2023-11-07,-0.9844221505438178,1,1.474697,1.5632879
2023-11-07,-0.9844221505438178,3,1.5360575,1.5690659
2023-11-07,-0.9844221505438178,5,1.5319241,1.5654993
2023-11-07,-0.9844221505438178,10,1.4613516,1.5537922
2023-11-07,-0.9844221505438178,21,1.4599593,1.5485022
2023-11-08,3.3512534762270008,1,1.4675294,1.5349561
2023-11-08,3.3512534762270008,3,1.5371952,1.539517
2023-11-08,3.3512534762270008,5,1.530426,1.5458196
2023-11-08,3.3512534762270008,10,1.4444995,1.5494854
2023-11-08,3.3512534762270008,21,1.4325726,1.5610905
2023-11-09,-0.6214232790081375,1,1.5360575,1.5276699
2023-11-09,-0.6214232790081375,3,1.5319241,1.5199916
2023-11-09,-0.6214232790081375,5,1.4209617,1.5300838
2023-11-09,-0.6214232790081375,10,1.445341,1.5459893
2023-11-09,-0.6214232790081375,21,1.4374578,1.5199435
2023-11-10,-1.2455358152933194,1,1.5371952,1.5748793
2023-11-10,-1.2455358152933194,3,1.530426,1.5569286
2023-11-10,-1.2455358152933194,5,1.42951,1.5658449
2023-11-10,-1.2455358152933194,10,1.4278461,1.5671887
2023-11-10,-1.2455358152933194,21,1.4332018,1.5206665
2023-11-13,-0.210310714452433,1,1.5319241,1.660128
2023-11-13,-0.210310714452433,3,1.4209617,1.6503873
2023-11-13,-0.210310714452433,5,1.4289092,1.6639558
2023-11-13,-0.210310714452433,10,1.4578135,1.6826599
2023-11-13,-0.210310714452433,21,1.432797,1.621694
2023-11-14,1.1284935572756005,1,1.530426,1.6011065
2023-11-14,1.1284935572756005,3,1.42951,1.5715007
2023-11-14,1.1284935572756005,5,1.4613516,1.5863516
2023-11-14,1.1284935572756005,10,1.4540657,1.5902987
2023-11-14,1.1284935572756005,21,1.4270594,1.5486665
2023-11-15,1.1212015213343918,1,1.4209617,1.3682915
2023-11-15,1.1212015213343918,3,1.4289092,1.3670948
2023-11-15,1.1212015213343918,5,1.4444995,1.3842827
2023-11-15,1.1212015213343918,10,1.4511232,1.3995135
2023-11-15,1.1212015213343918,21,1.4279791,1.4164612
2023-11-16,0.061823804132998816,1,1.42951,1.4337369
2023-11-16,0.061823804132998816,3,1.4613516,1.4328592
2023-11-16,0.061823804132998816,5,1.445341,1.4391395
2023-11-16,0.061823804132998816,10,1.452581,1.4655206
2023-11-16,0.061823804132998816,21,1.4306183,1.4528221
2023-11-17,-2.600174212680617,1,1.4289092,1.3838624
2023-11-17,-2.600174212680617,3,1.4444995,1.3744385
2023-11-17,-2.600174212680617,5,1.4278461,1.3894963
2023-11-17,-2.600174212680617,10,1.4428076,1.3881059
2023-11-17,-2.600174212680617,21,1.4238133,1.3278298
2023-11-20,-0.06163942943011591,1,1.4613516,1.5055379
2023-11-20,-0.06163942943011591,3,1.445341,1.5180111
2023-11-20,-0.06163942943011591,5,1.4578135,1.5280136
2023-11-20,-0.06163942943011591,10,1.446493,1.5364747
2023-11-20,-0.06163942943011591,21,1.4097058,1.4963536
2023-11-21,0.5200219727107047,1,1.4444995,1.5642396
2023-11-21,0.5200219727107047,3,1.4278461,1.5700767
2023-11-21,0.5200219727107047,5,1.4540657,1.5796969
2023-11-21,0.5200219727107047,10,1.4523262,1.5985773
2023-11-21,0.5200219727107047,21,1.3593203,1.5593816
2023-11-22,0.10818609060967432,1,1.445341,1.617939
2023-11-22,0.10818609060967432,3,1.4578135,1.6054466
2023-11-22,0.10818609060967432,5,1.4511232,1.6177782
2023-11-22,0.10818609060967432,10,1.4599593,1.6359389
2023-11-22,0.10818609060967432,21,1.3615553,1.579735
2023-11-23,-2.474037008323826,1,1.4278461,1.5176562
2023-11-23,-2.474037008323826,3,1.4540657,1.5041034
2023-11-23,-2.474037008323826,5,1.452581,1.5074624
2023-11-23,-2.474037008323826,10,1.4325726,1.5133436
2023-11-23,-2.474037008323826,21,1.3513201,1.4952997
2023-11-24,0.42948978933390336,1,1.4578135,1.5151147
2023-11-24,0.42948978933390336,3,1.4511232,1.5055825
2023-11-24,0.42948978933390336,5,1.4428076,1.5219266
2023-11-24,0.42948978933390336,10,1.4374578,1.5355484
2023-11-24,0.42948978933390336,21,1.3510448,1.5238597
2023-11-27,-0.8237339721768322,1,1.4540657,1.5540687
2023-11-27,-0.8237339721768322,3,1.452581,1.5463254
2023-11-27,-0.8237339721768322,5,1.446493,1.5472139
2023-11-27,-0.8237339721768322,10,1.4332018,1.5409529
2023-11-27,-0.8237339721768322,21,1.3507065,1.5321574
2023-11-28,0.9312781606793941,1,1.4511232,1.5329422
2023-11-28,0.9312781606793941,3,1.4428076,1.5278803
2023-11-28,0.9312781606793941,5,1.4523262,1.510563
2023-11-28,0.9312781606793941,10,1.432797,1.4980836
2023-11-28,0.9312781606793941,21,1.3625022,1.4697889
2023-11-29,0.4262795969533606,1,1.452581,1.5766981
2023-11-29,0.4262795969533606,3,1.446493,1.5731465
2023-11-29,0.4262795969533606,5,1.4599593,1.5732034
2023-11-29,0.4262795969533606,10,1.4270594,1.571213
2023-11-29,0.4262795969533606,21,1.3032287,1.5507833
2023-11-30,-1.0538706920216967,1,1.4428076,1.5764021
2023-11-30,-1.0538706920216967,3,1.4523262,1.56666
2023-11-30,-1.0538706920216967,5,1.4325726,1.5772439
2023-11-30,-1.0538706920216967,10,1.4279791,1.5879774
2023-11-30,-1.0538706920216967,21,1.3000988,1.5553695
2023-12-01,0.8001552757583852,1,1.446493,1.5220094
2023-12-01,0.8001552757583852,3,1.4599593,1.503644
2023-12-01,0.8001552757583852,5,1.4374578,1.5107212
2023-12-01,0.8001552757583852,10,1.4306183,1.5271139
2023-12-01,0.8001552757583852,21,1.2986586,1.4748257
2023-12-04,1.5262747649345876,1,1.4523262,1.5023175
2023-12-04,1.5262747649345876,3,1.4325726,1.4812491
2023-12-04,1.5262747649345876,5,1.4332018,1.4847187
2023-12-04,1.5262747649345876,10,1.4238133,1.4756331
2023-12-04,1.5262747649345876,21,1.2872825,1.4250065
2023-12-05,-0.610625294890621,1,1.4599593,1.5860306
2023-12-05,-0.610625294890621,3,1.4374578,1.5711849
2023-12-05,-0.610625294890621,5,1.432797,1.5689334
2023-12-05,-0.610625294890621,10,1.4097058,1.583745
2023-12-05,-0.610625294890621,21,1.2815013,1.5188031
2023-12-06,0.8010216202795739,1,1.4325726,1.6198101
2023-12-06,0.8010216202795739,3,1.4332018,1.6051286
2023-12-06,0.8010216202795739,5,1.4270594,1.6171689
2023-12-06,0.8010216202795739,10,1.3593203,1.6230855
2023-12-06,0.8010216202795739,21,1.2855668,1.595639
2023-12-07,0.18733512337121283,1,1.4374578,1.5865682
2023-12-07,0.18733512337121283,3,1.432797,1.5772343
2023-12-07,0.18733512337121283,5,1.4279791,1.586522
2023-12-07,0.18733512337121283,10,1.3615553,1.5848842
2023-12-07,0.18733512337121283,21,1.2898041,1.5426824
2023-12-08,0.31802527882280884,1,1.4332018,1.6125506
2023-12-08,0.31802527882280884,3,1.4270594,1.6174295
2023-12-08,0.31802527882280884,5,1.4306183,1.6293631
2023-12-08,0.31802527882280884,10,1.3513201,1.6356871
2023-12-08,0.31802527882280884,21,1.2908248,1.5652761
2023-12-11,0.21951151841728134,1,1.432797,1.5205652
2023-12-11,0.21951151841728134,3,1.4279791,1.5283945
2023-12-11,0.21951151841728134,5,1.4238133,1.5292822
2023-12-11,0.21951151841728134,10,1.3510448,1.5238595
2023-12-11,0.21951151841728134,21,1.2910377,1.3562015
2023-12-12,0.34575987630240945,1,1.4270594,1.5366887
2023-12-12,0.34575987630240945,3,1.4306183,1.5445793
2023-12-12,0.34575987630240945,5,1.4097058,1.5377675
2023-12-12,0.34575987630240945,10,1.3507065,1.5257015
2023-12-12,0.34575987630240945,21,1.2828249,1.3859257
2023-12-13,-1.2908385552715451,1,1.4279791,1.5863656
2023-12-13,-1.2908385552715451,3,1.4238133,1.5791063
2023-12-13,-1.2908385552715451,5,1.3593203,1.5561979
2023-12-13,-1.2908385552715451,10,1.3625022,1.4940658
2023-12-13,-1.2908385552715451,21,1.2754307,1.3021407
2023-12-14,-0.21163837648288109,1,1.4306183,1.5740741
2023-12-14,-0.21163837648288109,3,1.4097058,1.5582225
2023-12-14,-0.21163837648288109,5,1.3615553,1.5506526
2023-12-14,-0.21163837648288109,10,1.3032287,1.5353606
2023-12-14,-0.21163837648288109,21,1.2624108,1.4758598
2023-12-15,-0.6439944323780367,1,1.4238133,1.4745957
2023-12-15,-0.6439944323780367,3,1.3593203,1.445405
2023-12-15,-0.6439944323780367,5,1.3513201,1.4254042
2023-12-15,-0.6439944323780367,10,1.3000988,1.3751283
2023-12-15,-0.6439944323780367,21,1.2377508,1.2938306
2023-12-18,-1.1667952377973911,1,1.4097058,1.4979569
2023-12-18,-1.1667952377973911,3,1.3615553,1.4766195
2023-12-18,-1.1667952377973911,5,1.3510448,1.4906164
2023-12-18,-1.1667952377973911,10,1.2986586,1.4742513
2023-12-18,-1.1667952377973911,21,1.2205404,1.4439182
2023-12-19,0.6616029352170649,1,1.3593203,1.4384578
2023-12-19,0.6616029352170649,3,1.3513201,1.4187787
2023-12-19,0.6616029352170649,5,1.3507065,1.4217268
2023-12-19,0.6616029352170649,10,1.2872825,1.3786187
2023-12-19,0.6616029352170649,21,1.2065737,1.3674566
2023-12-20,0.46964744048922924,1,1.3615553,1.3965875
2023-12-20,0.46964744048922924,3,1.3510448,1.3826728
2023-12-20,0.46964744048922924,5,1.3625022,1.375222
2023-12-20,0.46964744048922924,10,1.2815013,1.3183589
2023-12-20,0.46964744048922924,21,1.2027262,1.3052783
2023-12-21,0.038278559006243995,1,1.3513201,1.4243404
2023-12-21,0.038278559006243995,3,1.3507065,1.420635
2023-12-21,0.038278559006243995,5,1.3032287,1.4116992
2023-12-21,0.038278559006243995,10,1.2855668,1.3783631
2023-12-21,0.038278559006243995,21,1.2035445,1.3974303
2023-12-22,0.0018224230937669006,1,1.3510448,1.4874629
2023-12-22,0.0018224230937669006,3,1.3625022,1.4660516
2023-12-22,0.0018224230937669006,5,1.3000988,1.4620279
2023-12-22,0.0018224230937669006,10,1.2898041,1.4444962
2023-12-22,0.0018224230937669006,21,1.0540518,1.3976662
2023-12-25,1.3044981779008147,1,1.3507065,1.4087161
2023-12-25,1.3044981779008147,3,1.3032287,1.3867292
2023-12-25,1.3044981779008147,5,1.2986586,1.3742744
2023-12-25,1.3044981779008147,10,1.2908248,1.3506744
2023-12-25,1.3044981779008147,21,1.0542885,1.2930498
2023-12-26,0.3286375287628651,1,1.3625022,1.4026698
2023-12-26,0.3286375287628651,3,1.3000988,1.3600419
2023-12-26,0.3286375287628651,5,1.2872825,1.3556081
2023-12-26,0.3286375287628651,10,1.2910377,1.3159087
2023-12-26,0.3286375287628651,21,1.0233009,1.2622778
2023-12-27,0.0376435163489397,1,1.3032287,1.3602695
2023-12-27,0.0376435163489397,3,1.2986586,1.3355685
2023-12-27,0.0376435163489397,5,1.2815013,1.3392764
2023-12-27,0.0376435163489397,10,1.2828249,1.3304234
2023-12-27,0.0376435163489397,21,1.0179139,1.2826048
2023-12-28,1.1201079483575072,1,1.3000988,1.4351617
2023-12-28,1.1201079483575072,3,1.2872825,1.4125209
2023-12-28,1.1201079483575072,5,1.2855668,1.4055841
2023-12-28,1.1201079483575072,10,1.2754307,1.37917
2023-12-28,1.1201079483575072,21,1.0112056,1.3094404
2023-12-29,0.26106556064746655,1,1.2986586,1.3466779
2023-12-29,0.26106556064746655,3,1.2815013,1.3448464
2023-12-29,0.26106556064746655,5,1.2898041,1.3317095
2023-12-29,0.26106556064746655,10,1.2624108,1.2754531
2023-12-29,0.26106556064746655,21,0.9243982,1.1767874
2024-01-02,0.01590738371080036,1,1.2872825,1.3307191
2024-01-02,0.01590738371080036,3,1.2855668,1.3019314
2024-01-02,0.01590738371080036,5,1.2908248,1.2921994
2024-01-02,0.01590738371080036,10,1.2377508,1.2342691
2024-01-02,0.01590738371080036,21,0.92559814,1.1222701
2024-01-03,1.1605716057457194,1,1.2815013,1.3246809
2024-01-03,1.1605716057457194,3,1.2898041,1.330224
2024-01-03,1.1605716057457194,5,1.2910377,1.3071886
2024-01-03,1.1605716057457194,10,1.2205404,1.2288945
2024-01-03,1.1605716057457194,21,0.9063475,1.0560515
2024-01-04,1.00121641855484,1,1.2855668,1.319027
2024-01-04,1.00121641855484,3,1.2908248,1.3109362
2024-01-04,1.00121641855484,5,1.2828249,1.2880981
2024-01-04,1.00121641855484,10,1.2065737,1.2437663
2024-01-04,1.00121641855484,21,0.9138529,0.9906805
2024-01-05,0.41164929047470267,1,1.2898041,1.4020542
2024-01-05,0.41164929047470267,3,1.2910377,1.4110587
2024-01-05,0.41164929047470267,5,1.2754307,1.3759007
2024-01-05,0.41164929047470267,10,1.2027262,1.2606971
2024-01-05,0.41164929047470267,21,0.81351715,0.9354668
2024-01-08,0.20476119790036051,1,1.2908248,1.3435439
2024-01-08,0.20476119790036051,3,1.2828249,1.3296646
2024-01-08,0.20476119790036051,5,1.2624108,1.3148934
2024-01-08,0.20476119790036051,10,1.2035445,1.2572546
2024-01-08,0.20476119790036051,21,0.80864644,1.1074351
2024-01-09,-0.28488699106006266,1,1.2910377,1.374217
2024-01-09,-0.28488699106006266,3,1.2754307,1.3620226
2024-01-09,-0.28488699106006266,5,1.2377508,1.3340403
2024-01-09,-0.28488699106006266,10,1.0540518,1.1890593
2024-01-09,-0.28488699106006266,21,0.8233566,0.8934653
2024-01-10,0.21266619865087932,1,1.2828249,1.3572849
2024-01-10,0.21266619865087932,3,1.2624108,1.3307143
2024-01-10,0.21266619865087932,5,1.2205404,1.3073753
2024-01-10,0.21266619865087932,10,1.0542885,1.2438171
2024-01-10,0.21266619865087932,21,0.822183,1.0805256
2024-01-11,0.0756585771010343,1,1.2754307,1.2978638
2024-01-11,0.0756585771010343,3,1.2377508,1.263947
2024-01-11,0.0756585771010343,5,1.2065737,1.2378914
2024-01-11,0.0756585771010343,10,1.0233009,1.1581473
2024-01-11,0.0756585771010343,21,0.8220517,1.0645281
2024-01-12,0.008593944711865475,1,1.2624108,1.2940639
2024-01-12,0.008593944711865475,3,1.2205404,1.2548821
2024-01-12,0.008593944711865475,5,1.2027262,1.2281338
2024-01-12,0.008593944711865475,10,1.0179139,1.1240971
2024-01-12,0.008593944711865475,21,0.8125498,1.0212195
2024-01-15,-0.20301431513294332,1,1.2377508,1.2640357
2024-01-15,-0.20301431513294332,3,1.2065737,1.2246792
2024-01-15,-0.20301431513294332,5,1.2035445,1.194956
2024-01-15,-0.20301431513294332,10,1.0112056,1.1354468
2024-01-15,-0.20301431513294332,21,0.81488997,1.0996819
2024-01-16,0.7626061518140048,1,1.2205404,1.231402
2024-01-16,0.7626061518140048,3,1.2027262,1.1889809
2024-01-16,0.7626061518140048,5,1.0540518,1.1587951
2024-01-16,0.7626061518140048,10,0.9243982,1.0845242
2024-01-16,0.7626061518140048,21,0.74654543,1.0184511
2024-01-17,-0.30640215686590366,1,1.2065737,1.2225659
2024-01-17,-0.30640215686590366,3,1.2035445,1.1906645
2024-01-17,-0.30640215686590366,5,1.0542885,1.1389788
2024-01-17,-0.30640215686590366,10,0.92559814,1.0329404
2024-01-17,-0.30640215686590366,21,0.74587375,0.9400783
2024-01-18,0.6237950260169711,1,1.2027262,1.1850661
2024-01-18,0.6237950260169711,3,1.0540518,1.1412561
2024-01-18,0.6237950260169711,5,1.0233009,1.1047238
2024-01-18,0.6237950260169711,10,0.9063475,1.0248709
2024-01-18,0.6237950260169711,21,0.74496436,0.97574323
2024-01-19,0.9596791101296631,1,1.2035445,1.1790407
2024-01-19,0.9596791101296631,3,1.0542885,1.1365192
2024-01-19,0.9596791101296631,5,1.0179139,1.0964775
2024-01-19,0.9596791101296631,10,0.9138529,1.0166306
2024-01-19,0.9596791101296631,21,0.74636555,0.9514267
2024-01-22,0.36466422701462164,1,1.0540518,1.0712156
2024-01-22,0.36466422701462164,3,1.0233009,1.0473096
2024-01-22,0.36466422701462164,5,1.0112056,1.0216225
2024-01-22,0.36466422701462164,10,0.81351715,0.9704806
2024-01-22,0.36466422701462164,21,0.6920484,0.9567885
2024-01-23,-0.48116516037977064,1,1.0542885,1.0165062
2024-01-23,-0.48116516037977064,3,1.0179139,0.9854797
2024-01-23,-0.48116516037977064,5,0.9243982,0.95147777
2024-01-23,-0.48116516037977064,10,0.80864644,0.86744815
2024-01-23,-0.48116516037977064,21,0.69614965,0.84083176
2024-01-24,-0.37236111233731606,1,1.0233009,1.0184845
2024-01-24,-0.37236111233731606,3,1.0112056,0.98814094
2024-01-24,-0.37236111233731606,5,0.92559814,0.9583566
2024-01-24,-0.37236111233731606,10,0.8233566,0.8926862
2024-01-24,-0.37236111233731606,21,0.69374794,0.8526939
2024-01-25,-0.16376962213042745,1,1.0179139,1.0714996
2024-01-25,-0.16376962213042745,3,0.9243982,1.045958
2024-01-25,-0.16376962213042745,5,0.9063475,1.010835
2024-01-25,-0.16376962213042745,10,0.822183,0.9318864
2024-01-25,-0.16376962213042745,21,0.7036857,0.86772823
2024-01-26,0.44908859804566603,1,1.0112056,1.0012544
2024-01-26,0.44908859804566603,3,0.92559814,0.959777
2024-01-26,0.44908859804566603,5,0.9138529,0.9195374
2024-01-26,0.44908859804566603,10,0.8220517,0.8404868
2024-01-26,0.44908859804566603,21,0.70386016,0.7398398
2024-01-29,-0.3090616730275997,1,0.9243982,0.9950405
2024-01-29,-0.3090616730275997,3,0.9063475,0.96584016
2024-01-29,-0.3090616730275997,5,0.81351715,0.9341606
2024-01-29,-0.3090616730275997,10,0.8125498,0.83696324
2024-01-29,-0.3090616730275997,21,0.6835827,0.65300286
2024-01-30,0.21517408593529908,1,0.92559814,0.984081
2024-01-30,0.21517408593529908,3,0.9138529,0.9501162
2024-01-30,0.21517408593529908,5,0.80864644,0.9372034
2024-01-30,0.21517408593529908,10,0.81488997,0.88951296
2024-01-30,0.21517408593529908,21,0.6802386,0.82598937
2024-01-31,-1.3100475257787458,1,0.9063475,0.9526547
2024-01-31,-1.3100475257787458,3,0.81351715,0.937166
2024-01-31,-1.3100475257787458,5,0.8233566,0.9185536
2024-01-31,-1.3100475257787458,10,0.74654543,0.8141491
2024-01-31,-1.3100475257787458,21,0.6654717,0.67671114
2024-02-01,0.6000838632527206,1,0.9138529,0.89478135
2024-02-01,0.6000838632527206,3,0.80864644,0.8570775
2024-02-01,0.6000838632527206,5,0.822183,0.8564385
2024-02-01,0.6000838632527206,10,0.74587375,0.8222164
2024-02-01,0.6000838632527206,21,0.6677919,0.7622575
2024-02-02,0.12009660275476008,1,0.81351715,0.8722419
2024-02-02,0.12009660275476008,3,0.8233566,0.84565175
2024-02-02,0.12009660275476008,5,0.8220517,0.8441899
2024-02-02,0.12009660275476008,10,0.74496436,0.800038
2024-02-02,0.12009660275476008,21,0.6642843,0.6971666
2024-02-05,1.905526182473949,1,0.80864644,0.8325158
2024-02-05,1.905526182473949,3,0.822183,0.793958
2024-02-05,1.905526182473949,5,0.8125498,0.7961657
2024-02-05,1.905526182473949,10,0.74636555,0.7470836
2024-02-05,1.905526182473949,21,0.72770745,0.6886994
2024-02-06,0.15105175767891055,1,0.8233566,0.86333805
2024-02-06,0.15105175767891055,3,0.8220517,0.8569416
2024-02-06,0.15105175767891055,5,0.81488997,0.85188246
2024-02-06,0.15105175767891055,10,0.6920484,0.8312994
2024-02-06,0.15105175767891055,21,0.7495216,0.8504044
2024-02-07,1.1219627865065362,1,0.822183,0.83505523
2024-02-07,1.1219627865065362,3,0.8125498,0.8115256
2024-02-07,1.1219627865065362,5,0.74654543,0.80240476
2024-02-07,1.1219627865065362,10,0.69614965,0.7683913
2024-02-07,1.1219627865065362,21,0.7512783,0.7741681
2024-02-15,0.3638133586244763,1,0.8220517,0.8474263
2024-02-15,0.3638133586244763,3,0.81488997,0.83032835
2024-02-15,0.3638133586244763,5,0.74587375,0.8092474
2024-02-15,0.3638133586244763,10,0.69374794,0.7428359
2024-02-15,0.3638133586244763,21,0.80277735,0.6864876
2024-02-16,0.6077851004143042,1,0.8125498,0.7806246
2024-02-16,0.6077851004143042,3,0.74654543,0.7644351
2024-02-16,0.6077851004143042,5,0.74496436,0.7556038
2024-02-16,0.6077851004143042,10,0.7036857,0.72968256
2024-02-16,0.6077851004143042,21,0.7931473,0.7342537
2024-02-19,1.2707393662643618,1,0.81488997,0.8623438
2024-02-19,1.2707393662643618,3,0.74587375,0.82448566
2024-02-19,1.2707393662643618,5,0.74636555,0.8014958
2024-02-19,1.2707393662643618,10,0.70386016,0.7304738
2024-02-19,1.2707393662643618,21,0.7941306,0.7050899
2024-02-20,0.11684833208942536,1,0.74654543,0.7513355
2024-02-20,0.11684833208942536,3,0.74496436,0.74961835
2024-02-20,0.11684833208942536,5,0.6920484,0.74280715
2024-02-20,0.11684833208942536,10,0.6835827,0.72779816
2024-02-20,0.11684833208942536,21,0.8225715,0.73493284
2024-02-21,0.034625342069816156,1,0.74587375,0.7701047
2024-02-21,0.034625342069816156,3,0.74636555,0.75555545
2024-02-21,0.034625342069816156,5,0.69614965,0.73920166
2024-02-21,0.034625342069816156,10,0.6802386,0.7086094
2024-02-21,0.034625342069816156,21,0.8040854,0.7028361
2024-02-22,-0.17566624715730228,1,0.74496436,0.74765784
2024-02-22,-0.17566624715730228,3,0.6920484,0.72502476
2024-02-22,-0.17566624715730228,5,0.69374794,0.707734
2024-02-22,-0.17566624715730228,10,0.6654717,0.6751527
2024-02-22,-0.17566624715730228,21,0.8324212,0.6721944
2024-02-23,-1.365028767226839,1,0.74636555,0.8211634
2024-02-23,-1.365028767226839,3,0.69614965,0.7823262
2024-02-23,-1.365028767226839,5,0.7036857,0.77122045
2024-02-23,-1.365028767226839,10,0.6677919,0.73400706
2024-02-23,-1.365028767226839,21,0.8548713,0.708267
2024-02-26,0.8321168352793507,1,0.6920484,0.7378147
2024-02-26,0.8321168352793507,3,0.69374794,0.736203
2024-02-26,0.8321168352793507,5,0.70386016,0.73407567
2024-02-26,0.8321168352793507,10,0.6642843,0.7306748
2024-02-26,0.8321168352793507,21,0.854425,0.7359349
2024-02-27,1.1768540077996548,1,0.69614965,0.7759503
2024-02-27,1.1768540077996548,3,0.7036857,0.7487975
2024-02-27,1.1768540077996548,5,0.6835827,0.7367085
2024-02-27,1.1768540077996548,10,0.72770745,0.71278644
2024-02-27,1.1768540077996548,21,0.871673,0.6927002
2024-02-28,1.387861179039085,1,0.69374794,0.71665514
2024-02-28,1.387861179039085,3,0.70386016,0.7119
2024-02-28,1.387861179039085,5,0.6802386,0.7200452
2024-02-28,1.387861179039085,10,0.7495216,0.72676617
2024-02-28,1.387861179039085,21,0.87098116,0.74998236
2024-02-29,0.03160681153095979,1,0.7036857,0.68275326
2024-02-29,0.03160681153095979,3,0.6835827,0.6838776
2024-02-29,0.03160681153095979,5,0.6654717,0.69304144
2024-02-29,0.03160681153095979,10,0.7512783,0.6976793
2024-02-29,0.03160681153095979,21,0.87092775,0.7428816
2024-03-01,0.10423165637556409,1,0.70386016,0.6547066
2024-03-01,0.10423165637556409,3,0.6802386,0.65501034
2024-03-01,0.10423165637556409,5,0.6677919,0.6669949
2024-03-01,0.10423165637556409,10,0.80277735,0.6684406
2024-03-01,0.10423165637556409,21,0.87761295,0.7178077
2024-03-04,0.11516013261969604,1,0.6835827,0.6912669
2024-03-04,0.11516013261969604,3,0.6654717,0.6947984
2024-03-04,0.11516013261969604,5,0.6642843,0.69933295
2024-03-04,0.11516013261969604,10,0.7931473,0.70380217
2024-03-04,0.11516013261969604,21,0.8753981,0.7508995
2024-03-05,0.9134131854891869,1,0.6802386,0.7138213
2024-03-05,0.9134131854891869,3,0.6677919,0.7165322
2024-03-05,0.9134131854891869,5,0.72770745,0.71532714
2024-03-05,0.9134131854891869,10,0.7941306,0.712097
2024-03-05,0.9134131854891869,21,0.87834,0.74172443
2024-03-06,-0.7133816177671726,1,0.6654717,0.7703658
2024-03-06,-0.7133816177671726,3,0.6642843,0.7961836
2024-03-06,-0.7133816177671726,5,0.7495216,0.8124051
2024-03-06,-0.7133816177671726,10,0.8225715,0.81576276
2024-03-06,-0.7133816177671726,21,0.8785144,0.917882
2024-03-07,0.4309894684980442,1,0.6677919,0.72243696
2024-03-07,0.4309894684980442,3,0.72770745,0.7363862
2024-03-07,0.4309894684980442,5,0.7512783,0.7446501
2024-03-07,0.4309894684980442,10,0.8040854,0.7529074
2024-03-07,0.4309894684980442,21,0.8940544,0.82905054
2024-03-08,-2.0865421604460366,1,0.6642843,0.7002844
2024-03-08,-2.0865421604460366,3,0.7495216,0.72599345
2024-03-08,-2.0865421604460366,5,0.80277735,0.72457945
2024-03-08,-2.0865421604460366,10,0.8324212,0.73679286
2024-03-08,-2.0865421604460366,21,0.8919421,0.7788908
2024-03-11,-1.2135407164040934,1,0.72770745,0.73124015
2024-03-11,-1.2135407164040934,3,0.7512783,0.74311
2024-03-11,-1.2135407164040934,5,0.7931473,0.7495034
2024-03-11,-1.2135407164040934,10,0.8548713,0.75558764
2024-03-11,-1.2135407164040934,21,0.8992302,0.7994958
2024-03-12,0.5740020200279083,1,0.7495216,0.7576937
2024-03-12,0.5740020200279083,3,0.80277735,0.77701265
2024-03-12,0.5740020200279083,5,0.7941306,0.7761766
2024-03-12,0.5740020200279083,10,0.854425,0.78478754
2024-03-12,0.5740020200279083,21,0.9004668,0.81636304
2024-03-13,2.390241492815548,1,0.7512783,0.75433373
2024-03-13,2.390241492815548,3,0.7931473,0.77258533
2024-03-13,2.390241492815548,5,0.8225715,0.78168476
2024-03-13,2.390241492815548,10,0.871673,0.78509647
2024-03-13,2.390241492815548,21,0.9052106,0.83767366
2024-03-14,-0.9444909507091204,1,0.80277735,0.8128787
2024-03-14,-0.9444909507091204,3,0.7941306,0.8340819
2024-03-14,-0.9444909507091204,5,0.8040854,0.8534621
2024-03-14,-0.9444909507091204,10,0.87098116,0.86745006
2024-03-14,-0.9444909507091204,21,0.90654933,0.95288813
2024-03-15,-0.30992499199262724,1,0.7931473,0.75847316
2024-03-15,-0.30992499199262724,3,0.8225715,0.7676058
2024-03-15,-0.30992499199262724,5,0.8324212,0.7795044
2024-03-15,-0.30992499199262724,10,0.87092775,0.790411
2024-03-15,-0.30992499199262724,21,0.9069338,0.84894395
2024-03-18,-1.6596426132430508,1,0.7941306,0.832535
2024-03-18,-1.6596426132430508,3,0.8040854,0.83829725
2024-03-18,-1.6596426132430508,5,0.8548713,0.8445139
2024-03-18,-1.6596426132430508,10,0.87761295,0.8584239
2024-03-18,-1.6596426132430508,21,0.92904097,0.90825313
2024-03-19,-0.08095593201451479,1,0.8225715,0.81923634
2024-03-19,-0.08095593201451479,3,0.8324212,0.8362427
2024-03-19,-0.08095593201451479,5,0.854425,0.8469552
2024-03-19,-0.08095593201451479,10,0.8753981,0.8710993
2024-03-19,-0.08095593201451479,21,1.1055697,0.9190473
2024-03-20,1.9504989196814648,1,0.8040854,0.80295026
2024-03-20,1.9504989196814648,3,0.8548713,0.8434686
2024-03-20,1.9504989196814648,5,0.871673,0.8663225
2024-03-20,1.9504989196814648,10,0.87834,0.91250724
2024-03-20,1.9504989196814648,21,1.1028345,1.011361
2024-03-21,1.7720478021090003,1,0.8324212,0.8349167
2024-03-21,1.7720478021090003,3,0.854425,0.86289775
2024-03-21,1.7720478021090003,5,0.87098116,0.8883265
2024-03-21,1.7720478021090003,10,0.8785144,0.9375318
2024-03-21,1.7720478021090003,21,1.1279289,1.0466535
2024-03-22,0.20033447735992027,1,0.8548713,0.7996053
2024-03-22,0.20033447735992027,3,0.871673,0.8230409
2024-03-22,0.20033447735992027,5,0.87092775,0.85195124
2024-03-22,0.20033447735992027,10,0.8940544,0.9096363
2024-03-22,0.20033447735992027,21,1.1405946,1.0202872
2024-03-25,-1.1072333121378897,1,0.854425,0.80747706
2024-03-25,-1.1072333121378897,3,0.87098116,0.8322406
2024-03-25,-1.1072333121378897,5,0.87761295,0.85339475
2024-03-25,-1.1072333121378897,10,0.8919421,0.88519007
2024-03-25,-1.1072333121378897,21,1.1418898,0.9890505
2024-03-26,1.26985584979602,1,0.871673,0.92790157
2024-03-26,1.26985584979602,3,0.87092775,0.96547526
2024-03-26,1.26985584979602,5,0.8753981,0.97238505
2024-03-26,1.26985584979602,10,0.8992302,1.0070169
2024-03-26,1.26985584979602,21,1.1431898,1.0625794
2024-03-27,0.1972816173831049,1,0.87098116,0.93898535
2024-03-27,0.1972816173831049,3,0.87761295,0.9671247
2024-03-27,0.1972816173831049,5,0.87834,0.9807311
2024-03-27,0.1972816173831049,10,0.9004668,1.0069385
2024-03-27,0.1972816173831049,21,1.1885916,1.0779104
2024-03-28,1.113450316340714,1,0.87092775,0.9269452
2024-03-28,1.113450316340714,3,0.8753981,0.9666993
2024-03-28,1.113450316340714,5,0.8785144,0.98258066
2024-03-28,1.113450316340714,10,0.9052106,1.0056894
2024-03-28,1.113450316340714,21,1.1872349,1.1149796
2024-03-29,-0.48459769461395297,1,0.87761295,0.9048883
2024-03-29,-0.48459769461395297,3,0.87834,0.92827713
2024-03-29,-0.48459769461395297,5,0.8940544,0.9451829
2024-03-29,-0.48459769461395297,10,0.90654933,0.9745133
2024-03-29,-0.48459769461395297,21,1.1883459,1.0753826
2024-04-01,-0.3305634941900948,1,0.8753981,0.8625221
2024-04-01,-0.3305634941900948,3,0.8785144,0.89660144
2024-04-01,-0.3305634941900948,5,0.8919421,0.90304184
2024-04-01,-0.3305634941900948,10,0.9069338,0.94583553
2024-04-01,-0.3305634941900948,21,1.1888613,1.0191075
2024-04-02,-0.024758986864892307,1,0.87834,0.8766489
2024-04-02,-0.024758986864892307,3,0.8940544,0.89725745
2024-04-02,-0.024758986864892307,5,0.8992302,0.9088712
2024-04-02,-0.024758986864892307,10,0.92904097,0.93077934
2024-04-02,-0.024758986864892307,21,1.1900293,0.9892585
2024-04-03,-1.4050110927007253,1,0.8785144,0.8955007
2024-04-03,-1.4050110927007253,3,0.8919421,0.91839194
2024-04-03,-1.4050110927007253,5,0.9004668,0.9217292
2024-04-03,-1.4050110927007253,10,1.1055697,0.9496162
2024-04-03,-1.4050110927007253,21,1.2033458,0.97618383
2024-04-04,-0.5208672945538062,1,0.8940544,0.91771543
2024-04-04,-0.5208672945538062,3,0.8992302,0.9452365
2024-04-04,-0.5208672945538062,5,0.9052106,0.95925236
2024-04-04,-0.5208672945538062,10,1.1028345,0.9830047
2024-04-04,-0.5208672945538062,21,1.1916299,1.0469571
2024-04-05,-0.7816530454754833,1,0.8919421,0.9225071
2024-04-05,-0.7816530454754833,3,0.9004668,0.96168256
2024-04-05,-0.7816530454754833,5,0.90654933,0.9778464
2024-04-05,-0.7816530454754833,10,1.1279289,1.0258741
2024-04-05,-0.7816530454754833,21,1.1904229,1.1261935
2024-04-08,-0.2435822099879026,1,0.8992302,0.87091947
2024-04-08,-0.2435822099879026,3,0.9052106,0.878921
2024-04-08,-0.2435822099879026,5,0.9069338,0.8959613
2024-04-08,-0.2435822099879026,10,1.1405946,0.91653824
2024-04-08,-0.2435822099879026,21,1.1916022,0.97165304
2024-04-09,0.9676317945066515,1,0.9004668,0.91493434
2024-04-09,0.9676317945066515,3,0.90654933,0.9375997
2024-04-09,0.9676317945066515,5,0.92904097,0.94651985
2024-04-09,0.9676317945066515,10,1.1418898,0.9797907
2024-04-09,0.9676317945066515,21,1.1706302,1.05817
2024-04-10,-0.24498775460859434,1,0.9052106,0.95951617
2024-04-10,-0.24498775460859434,3,0.9069338,0.9723273
2024-04-10,-0.24498775460859434,5,1.1055697,0.98715913
2024-04-10,-0.24498775460859434,10,1.1431898,1.0111115
2024-04-10,-0.24498775460859434,21,1.1723284,1.0681626
2024-04-11,-0.07598904856918054,1,0.90654933,0.9725411
2024-04-11,-0.07598904856918054,3,0.92904097,0.98780596
2024-04-11,-0.07598904856918054,5,1.1028345,0.9999199
2024-04-11,-0.07598904856918054,10,1.1885916,1.0268114
2024-04-11,-0.07598904856918054,21,1.1653436,1.0605575
2024-04-12,1.7177373209301017,1,0.9069338,0.9413564
2024-04-12,1.7177373209301017,3,1.1055697,0.94678736
2024-04-12,1.7177373209301017,5,1.1279289,0.9528737
2024-04-12,1.7177373209301017,10,1.1872349,0.9771895
2024-04-12,1.7177373209301017,21,1.1705252,1.0225005
2024-04-15,-4.525097006008938,1,0.92904097,0.91123533
2024-04-15,-4.525097006008938,3,1.1028345,0.926152
2024-04-15,-4.525097006008938,5,1.1405946,0.9282236
2024-04-15,-4.525097006008938,10,1.1883459,0.9656985
2024-04-15,-4.525097006008938,21,1.1807965,1.0163219
2024-04-16,0.3901492391006123,1,1.1055697,1.1053556
2024-04-16,0.3901492391006123,3,1.1279289,1.1201215
2024-04-16,0.3901492391006123,5,1.1418898,1.1369115
2024-04-16,0.3901492391006123,10,1.1888613,1.1488883
2024-04-16,0.3901492391006123,21,1.1711105,1.2010224
2024-04-17,-1.7975142651625475,1,1.1028345,1.0306182
2024-04-17,-1.7975142651625475,3,1.1405946,1.0696557
2024-04-17,-1.7975142651625475,5,1.1431898,1.0694085
2024-04-17,-1.7975142651625475,10,1.1900293,1.0854704
2024-04-17,-1.7975142651625475,21,1.1711651,1.126816
2024-04-19,-1.3897602640803086,1,1.1279289,1.2198185
2024-04-19,-1.3897602640803086,3,1.1418898,1.2437217
2024-04-19,-1.3897602640803086,5,1.1885916,1.2567146
2024-04-19,-1.3897602640803086,10,1.2033458,1.2690847
2024-04-19,-1.3897602640803086,21,1.1722232,1.3292863
2024-04-22,1.0505497194952085,1,1.1405946,1.1716951
2024-04-22,1.0505497194952085,3,1.1431898,1.2022549
2024-04-22,1.0505497194952085,5,1.1872349,1.1973621
2024-04-22,1.0505497194952085,10,1.1916299,1.2047741
2024-04-22,1.0505497194952085,21,1.185574,1.2424726
2024-04-23,-0.5209794875525198,1,1.1418898,1.0807146
2024-04-23,-0.5209794875525198,3,1.1885916,1.0910398
2024-04-23,-0.5209794875525198,5,1.1883459,1.0961062
2024-04-23,-0.5209794875525198,10,1.1904229,1.1019819
2024-04-23,-0.5209794875525198,21,1.1768737,1.1548655
2024-04-24,2.614700000264847,1,1.1431898,1.1599292
2024-04-24,2.614700000264847,3,1.1872349,1.1764961
2024-04-24,2.614700000264847,5,1.1888613,1.1650996
2024-04-24,2.614700000264847,10,1.1916022,1.1776857
2024-04-24,2.614700000264847,21,1.1940843,1.2127073
2024-04-25,0.125715275550764,1,1.1885916,1.1523279
2024-04-25,0.125715275550764,3,1.1883459,1.155993
2024-04-25,0.125715275550764,5,1.1900293,1.1690372
2024-04-25,0.125715275550764,10,1.1706302,1.1729925
2024-04-25,0.125715275550764,21,1.1853284,1.2241402
2024-04-26,0.548052878922789,1,1.1872349,1.1415101
2024-04-26,0.548052878922789,3,1.1888613,1.156351
2024-04-26,0.548052878922789,5,1.2033458,1.1566957
2024-04-26,0.548052878922789,10,1.1723284,1.1621897
2024-04-26,0.548052878922789,21,1.1812437,1.1897507
2024-05-02,0.5394532539797936,1,1.1883459,1.2089947
2024-05-02,0.5394532539797936,3,1.1900293,1.2175841
2024-05-02,0.5394532539797936,5,1.1916299,1.2278017
2024-05-02,0.5394532539797936,10,1.1653436,1.2310271
2024-05-02,0.5394532539797936,21,1.1922491,1.2609102
2024-05-03,0.6720417808979029,1,1.1888613,1.1333336
2024-05-03,0.6720417808979029,3,1.2033458,1.1496472
2024-05-03,0.6720417808979029,5,1.1904229,1.1432499
2024-05-03,0.6720417808979029,10,1.1705252,1.1568308
2024-05-03,0.6720417808979029,21,1.1932566,1.1758424
2024-05-06,1.5018620473694178,1,1.1900293,1.1525803
2024-05-06,1.5018620473694178,3,1.1916299,1.1336911
2024-05-06,1.5018620473694178,5,1.1916022,1.1322854
2024-05-06,1.5018620473694178,10,1.1807965,1.1314514
2024-05-06,1.5018620473694178,21,1.1937029,1.1165062
2024-05-07,0.7993885043829252,1,1.2033458,1.1073601
2024-05-07,0.7993885043829252,3,1.1904229,1.081756
2024-05-07,0.7993885043829252,5,1.1706302,1.0797259
2024-05-07,0.7993885043829252,10,1.1711105,1.1027071
2024-05-07,0.7993885043829252,21,1.2076725,1.0911477
2024-05-08,0.0,1,1.1916299,1.1037865
2024-05-08,0.0,3,1.1916022,1.1009318
2024-05-08,0.0,5,1.1723284,1.1122648
2024-05-08,0.0,10,1.1711651,1.1167135
2024-05-08,0.0,21,1.2041689,1.1421732
2024-05-09,-0.26341235343787517,1,1.1904229,1.1631467
2024-05-09,-0.26341235343787517,3,1.1706302,1.1688832
2024-05-09,-0.26341235343787517,5,1.1653436,1.1689967
2024-05-09,-0.26341235343787517,10,1.1722232,1.1779923
2024-05-09,-0.26341235343787517,21,1.2032089,1.1785514
2024-05-10,-0.31262970276051405,1,1.1916022,1.2098088
2024-05-10,-0.31262970276051405,3,1.1723284,1.2128658
2024-05-10,-0.31262970276051405,5,1.1705252,1.2041795
2024-05-10,-0.31262970276051405,10,1.185574,1.2031915
2024-05-10,-0.31262970276051405,21,1.1713637,1.1985133
2024-05-13,-0.38745146508887274,1,1.1706302,1.1809062
2024-05-13,-0.38745146508887274,3,1.1653436,1.1925703
2024-05-13,-0.38745146508887274,5,1.1807965,1.1886969
2024-05-13,-0.38745146508887274,10,1.1768737,1.1916618
2024-05-13,-0.38745146508887274,21,1.16029,1.2128688
2024-05-14,0.37492592471277675,1,1.1723284,1.3148755
2024-05-14,0.37492592471277675,3,1.1705252,1.3174716
2024-05-14,0.37492592471277675,5,1.1711105,1.3260882
2024-05-14,0.37492592471277675,10,1.1940843,1.3357718
2024-05-14,0.37492592471277675,21,1.1587697,1.34615
2024-05-15,0.9862658238932731,1,1.1653436,1.1393636
2024-05-15,0.9862658238932731,3,1.1807965,1.1507491
2024-05-15,0.9862658238932731,5,1.1711651,1.1574119
2024-05-15,0.9862658238932731,10,1.1853284,1.1643298
2024-05-15,0.9862658238932731,21,1.1199155,1.1804931
2024-05-16,1.4086691462055434,1,1.1705252,1.2167264
2024-05-16,1.4086691462055434,3,1.1711105,1.223007
2024-05-16,1.4086691462055434,5,1.1722232,1.2279105
2024-05-16,1.4086691462055434,10,1.1812437,1.2234826
2024-05-16,1.4086691462055434,21,1.1339842,1.2458887
2024-05-17,0.1435980723529795,1,1.1807965,1.1816918
2024-05-17,0.1435980723529795,3,1.1711651,1.1900349
2024-05-17,0.1435980723529795,5,1.185574,1.1830782
2024-05-17,0.1435980723529795,10,1.1922491,1.1677694
2024-05-17,0.1435980723529795,21,1.132798,1.1892841
2024-05-20,0.1830175521339683,1,1.1711105,1.1023904
2024-05-20,0.1830175521339683,3,1.1722232,1.102944
2024-05-20,0.1830175521339683,5,1.1768737,1.1017711
2024-05-20,0.1830175521339683,10,1.1932566,1.0931988
2024-05-20,0.1830175521339683,21,1.124651,1.1132716
2024-05-21,-0.29986631503282624,1,1.1711651,1.1544465
2024-05-21,-0.29986631503282624,3,1.185574,1.1603506
2024-05-21,-0.29986631503282624,5,1.1940843,1.1502298
2024-05-21,-0.29986631503282624,10,1.1937029,1.1596341
2024-05-21,-0.29986631503282624,21,1.1272181,1.1830428
2024-05-22,-1.3199785509968365,1,1.1722232,1.162515
2024-05-22,-1.3199785509968365,3,1.1768737,1.1568209
2024-05-22,-1.3199785509968365,5,1.1853284,1.1572827
2024-05-22,-1.3199785509968365,10,1.2076725,1.148629
2024-05-22,-1.3199785509968365,21,1.1011425,1.142508
2024-05-23,1.024575447968612,1,1.185574,1.156295
2024-05-23,1.024575447968612,3,1.1940843,1.133709
2024-05-23,1.024575447968612,5,1.1812437,1.124697
2024-05-23,1.024575447968612,10,1.2041689,1.1054811
2024-05-23,1.024575447968612,21,1.0791603,1.0708164
2024-05-24,-1.6459559755889863,1,1.1768737,1.1680939
2024-05-24,-1.6459559755889863,3,1.1853284,1.167372
2024-05-24,-1.6459559755889863,5,1.1922491,1.169596
2024-05-24,-1.6459559755889863,10,1.2032089,1.1626806
2024-05-24,-1.6459559755889863,21,1.0814996,1.1630981
2024-05-27,0.11057727128731543,1,1.1940843,1.1901107
2024-05-27,0.11057727128731543,3,1.1812437,1.1891224
2024-05-27,0.11057727128731543,5,1.1932566,1.1879673
2024-05-27,0.11057727128731543,10,1.1713637,1.1909132
2024-05-27,0.11057727128731543,21,1.0714622,1.1834266
2024-05-28,1.1506609509183363,1,1.1853284,1.1612464
2024-05-28,1.1506609509183363,3,1.1922491,1.133703
2024-05-28,1.1506609509183363,5,1.1937029,1.1348224
2024-05-28,1.1506609509183363,10,1.16029,1.1262674
2024-05-28,1.1506609509183363,21,1.1017423,1.0880029
2024-05-29,-1.2176156811240624,1,1.1812437,1.0817212
2024-05-29,-1.2176156811240624,3,1.1932566,1.0660144
2024-05-29,-1.2176156811240624,5,1.2076725,1.0600893
2024-05-29,-1.2176156811240624,10,1.1587697,1.051882
2024-05-29,-1.2176156811240624,21,1.101508,1.068085
2024-05-30,-0.3690544934944917,1,1.1922491,1.178309
2024-05-30,-0.3690544934944917,3,1.1937029,1.1752455
2024-05-30,-0.3690544934944917,5,1.2041689,1.1728235
2024-05-30,-0.3690544934944917,10,1.1199155,1.1647837
2024-05-30,-0.3690544934944917,21,1.0922679,1.1871579
2024-05-31,-0.2598562861078513,1,1.1932566,1.1906296
2024-05-31,-0.2598562861078513,3,1.2076725,1.1830246
2024-05-31,-0.2598562861078513,5,1.2032089,1.1712925
2024-05-31,-0.2598562861078513,10,1.1339842,1.1339431
2024-05-31,-0.2598562861078513,21,1.0907713,1.1362567
2024-06-03,1.6948438716738679,1,1.1937029,1.260282
2024-06-03,1.6948438716738679,3,1.2041689,1.2427146
2024-06-03,1.6948438716738679,5,1.1713637,1.2089858
2024-06-03,1.6948438716738679,10,1.132798,1.1601863
2024-06-03,1.6948438716738679,21,1.0951355,1.0998055
2024-06-04,0.24704007145839313,1,1.2076725,1.2631259
2024-06-04,0.24704007145839313,3,1.2032089,1.2533201
2024-06-04,0.24704007145839313,5,1.16029,1.2295183
2024-06-04,0.24704007145839313,10,1.124651,1.2025735
2024-06-04,0.24704007145839313,21,1.0976233,1.196718
2024-06-05,-0.10228213069414238,1,1.2041689,1.295633
2024-06-05,-0.10228213069414238,3,1.1713637,1.2796065
2024-06-05,-0.10228213069414238,5,1.1587697,1.2779261
2024-06-05,-0.10228213069414238,10,1.1272181,1.2685554
2024-06-05,-0.10228213069414238,21,1.0873605,1.2046369
2024-06-06,0.20138826302673607,1,1.2032089,1.2717013
2024-06-06,0.20138826302673607,3,1.16029,1.2529902
2024-06-06,0.20138826302673607,5,1.1199155,1.2387316
2024-06-06,0.20138826302673607,10,1.1011425,1.2105212
2024-06-06,0.20138826302673607,21,1.0885786,1.1856091
2024-06-07,0.4405614122729773,1,1.1713637,1.1776906
2024-06-07,0.4405614122729773,3,1.1587697,1.1555177
2024-06-07,0.4405614122729773,5,1.1339842,1.1379725
2024-06-07,0.4405614122729773,10,1.0791603,1.0780096
2024-06-07,0.4405614122729773,21,1.0840122,1.0364918
2024-06-10,0.23442909714166404,1,1.16029,1.1215707
2024-06-10,0.23442909714166404,3,1.1199155,1.108173
2024-06-10,0.23442909714166404,5,1.132798,1.0839499
2024-06-10,0.23442909714166404,10,1.0814996,1.0297692
2024-06-10,0.23442909714166404,21,1.0841693,1.040749
2024-06-11,-0.21378949885253462,1,1.1587697,1.1938181
2024-06-11,-0.21378949885253462,3,1.1339842,1.169599
2024-06-11,-0.21378949885253462,5,1.124651,1.1338083
2024-06-11,-0.21378949885253462,10,1.0714622,1.064337
2024-06-11,-0.21378949885253462,21,1.078052,0.97675467
2024-06-12,1.7810334766432234,1,1.1199155,1.088764
2024-06-12,1.7810334766432234,3,1.132798,1.082794
2024-06-12,1.7810334766432234,5,1.1272181,1.061524
2024-06-12,1.7810334766432234,10,1.1017423,1.0314796
2024-06-12,1.7810334766432234,21,1.0784197,1.0277755
2024-06-13,0.15305780919199208,1,1.1339842,1.143001
2024-06-13,0.15305780919199208,3,1.124651,1.127508
2024-06-13,0.15305780919199208,5,1.1011425,1.1125907
2024-06-13,0.15305780919199208,10,1.101508,1.0765142
2024-06-13,0.15305780919199208,21,1.0844213,1.0898374
2024-06-14,-1.312318149326952,1,1.132798,1.0958807
2024-06-14,-1.312318149326952,3,1.1272181,1.0752853
2024-06-14,-1.312318149326952,5,1.0791603,1.0642343
2024-06-14,-1.312318149326952,10,1.0922679,1.0305603
2024-06-14,-1.312318149326952,21,1.0639752,1.0328954
2024-06-17,-0.5148212546555619,1,1.124651,1.1495029
2024-06-17,-0.5148212546555619,3,1.1011425,1.146293
2024-06-17,-0.5148212546555619,5,1.0814996,1.1472491
2024-06-17,-0.5148212546555619,10,1.0907713,1.1246328
2024-06-17,-0.5148212546555619,21,0.88540834,1.0754846
2024-06-18,0.014506086855803346,1,1.1272181,1.1177877
2024-06-18,0.014506086855803346,3,1.0791603,1.0938576
2024-06-18,0.014506086855803346,5,1.0714622,1.0848907
2024-06-18,0.014506086855803346,10,1.0951355,1.054306
2024-06-18,0.014506086855803346,21,0.8860644,1.0165886
2024-06-19,0.3300169527861385,1,1.1011425,1.0125382
2024-06-19,0.3300169527861385,3,1.0814996,0.9930531
2024-06-19,0.3300169527861385,5,1.1017423,0.98334336
2024-06-19,0.3300169527861385,10,1.0976233,0.97889996
2024-06-19,0.3300169527861385,21,0.8523525,0.9500363
2024-06-20,0.6174685283678372,1,1.0791603,0.9081817
2024-06-20,0.6174685283678372,3,1.0714622,0.8816948
2024-06-20,0.6174685283678372,5,1.101508,0.88252103
2024-06-20,0.6174685283678372,10,1.0873605,0.87522346
2024-06-20,0.6174685283678372,21,0.8292953,0.8657498
2024-06-21,-0.18393141442256677,1,1.0814996,1.0433555
2024-06-21,-0.18393141442256677,3,1.1017423,1.026658
2024-06-21,-0.18393141442256677,5,1.0922679,1.0245459
2024-06-21,-0.18393141442256677,10,1.0885786,1.0025997
2024-06-21,-0.18393141442256677,21,0.8209709,1.0162814
2024-06-24,-2.305277234621439,1,1.0714622,1.0164676
2024-06-24,-2.305277234621439,3,1.101508,1.0233967
2024-06-24,-2.305277234621439,5,1.0907713,1.0211551
2024-06-24,-2.305277234621439,10,1.0840122,0.9832147
2024-06-24,-2.305277234621439,21,0.818625,0.9725513
2024-06-25,-0.08143796622510635,1,1.1017423,1.1135743
2024-06-25,-0.08143796622510635,3,1.0922679,1.1236238
2024-06-25,-0.08143796622510635,5,1.0951355,1.119774
2024-06-25,-0.08143796622510635,10,1.0841693,1.118598
2024-06-25,-0.08143796622510635,21,0.7534813,1.136877
2024-06-26,0.19379099898415575,1,1.101508,1.1696118
2024-06-26,0.19379099898415575,3,1.0907713,1.1812515
2024-06-26,0.19379099898415575,5,1.0976233,1.1619313
2024-06-26,0.19379099898415575,10,1.078052,1.1546762
2024-06-26,0.19379099898415575,21,0.7838801,1.1406165
2024-06-27,-0.17594653285479822,1,1.0922679,1.2241083
2024-06-27,-0.17594653285479822,3,1.0951355,1.212578
2024-06-27,-0.17594653285479822,5,1.0873605,1.2232645
2024-06-27,-0.17594653285479822,10,1.0784197,1.2142253
2024-06-27,-0.17594653285479822,21,0.78138655,0.93913573
2024-06-28,-0.8343281692924975,1,1.0907713,1.2145652
2024-06-28,-0.8343281692924975,3,1.0976233,1.2082704
2024-06-28,-0.8343281692924975,5,1.0885786,1.1855552
2024-06-28,-0.8343281692924975,10,1.0844213,1.1273241
2024-06-28,-0.8343281692924975,21,0.7839142,0.9847616
2024-07-01,0.5585473605202118,1,1.0951355,1.1121076
2024-07-01,0.5585473605202118,3,1.0873605,1.086289
2024-07-01,0.5585473605202118,5,1.0840122,1.0714301
2024-07-01,0.5585473605202118,10,1.0639752,1.0304774
2024-07-01,0.5585473605202118,21,0.7851346,0.91258144
2024-07-02,0.8196703700540375,1,1.0976233,1.0891669
2024-07-02,0.8196703700540375,3,1.0885786,1.0764055
2024-07-02,0.8196703700540375,5,1.0841693,1.0591086
2024-07-02,0.8196703700540375,10,0.88540834,1.029511
2024-07-02,0.8196703700540375,21,0.7624636,0.9773972
2024-07-03,0.7257216002307665,1,1.0873605,1.2239511
2024-07-03,0.7257216002307665,3,1.0840122,1.2139376
2024-07-03,0.7257216002307665,5,1.078052,1.1776944
2024-07-03,0.7257216002307665,10,0.8860644,1.096447
2024-07-03,0.7257216002307665,21,0.7558667,0.94342077
2024-07-04,0.39218284834960926,1,1.0885786,1.1017581
2024-07-04,0.39218284834960926,3,1.0841693,1.1091225
2024-07-04,0.39218284834960926,5,1.0784197,1.0778672
2024-07-04,0.39218284834960926,10,0.8523525,1.0186162
2024-07-04,0.39218284834960926,21,0.7639797,0.89415437
2024-07-05,0.422566402481106,1,1.0840122,1.1194195
2024-07-05,0.422566402481106,3,1.078052,1.090153
2024-07-05,0.422566402481106,5,1.0844213,1.0558842
2024-07-05,0.422566402481106,10,0.8292953,0.9806187
2024-07-05,0.422566402481106,21,0.8103758,0.91516584
2024-07-08,-0.026595643790283674,1,1.0841693,1.1097798
2024-07-08,-0.026595643790283674,3,1.0784197,1.0852722
2024-07-08,-0.026595643790283674,5,1.0639752,1.0441648
2024-07-08,-0.026595643790283674,10,0.8209709,0.9716122
2024-07-08,-0.026595643790283674,21,0.8145643,0.8630809
2024-07-09,0.45116678301617696,1,1.078052,1.0522996
2024-07-09,0.45116678301617696,3,1.0844213,1.0368121
2024-07-09,0.45116678301617696,5,0.88540834,1.0045435
2024-07-09,0.45116678301617696,10,0.818625,0.945276
2024-07-09,0.45116678301617696,21,0.95425886,0.91684324
2024-07-10,-0.8257760518143975,1,1.0784197,1.0381205
2024-07-10,-0.8257760518143975,3,1.0639752,1.0152711
2024-07-10,-0.8257760518143975,5,0.8860644,0.9963561
2024-07-10,-0.8257760518143975,10,0.7534813,0.94369537
2024-07-10,-0.8257760518143975,21,0.97794867,0.92908573
2024-07-11,-0.35840825793949094,1,1.0844213,1.0825257
2024-07-11,-0.35840825793949094,3,0.88540834,1.0518644
2024-07-11,-0.35840825793949094,5,0.8523525,1.0273992
2024-07-11,-0.35840825793949094,10,0.7838801,0.97636366
2024-07-11,-0.35840825793949094,21,0.9690211,0.94653183
2024-07-12,-0.3381866161895175,1,1.0639752,0.969836
2024-07-12,-0.3381866161895175,3,0.8860644,0.9243003
2024-07-12,-0.3381866161895175,5,0.8292953,0.9195943
2024-07-12,-0.3381866161895175,10,0.78138655,0.86870676
2024-07-12,-0.3381866161895175,21,0.95513237,0.8556023
2024-07-15,-0.3069670016968118,1,0.88540834,0.861246
2024-07-15,-0.3069670016968118,3,0.8523525,0.851811
2024-07-15,-0.3069670016968118,5,0.8209709,0.83239913
2024-07-15,-0.3069670016968118,10,0.7839142,0.8011619
2024-07-15,-0.3069670016968118,21,0.9822545,0.8242323
2024-07-16,0.42135757733268164,1,0.8860644,0.88560236
2024-07-16,0.42135757733268164,3,0.8292953,0.8535683
2024-07-16,0.42135757733268164,5,0.818625,0.840763
2024-07-16,0.42135757733268164,10,0.7851346,0.83154887
2024-07-16,0.42135757733268164,21,0.9845853,0.8186073
2024-07-17,0.15870159387443294,1,0.8523525,0.7810167
2024-07-17,0.15870159387443294,3,0.8209709,0.76673734
2024-07-17,0.15870159387443294,5,0.7534813,0.7671095
2024-07-17,0.15870159387443294,10,0.7624636,0.75944126
2024-07-17,0.15870159387443294,21,0.9842883,0.7651505
2024-07-18,0.07734278168642916,1,0.8292953,0.7839714
2024-07-18,0.07734278168642916,3,0.818625,0.78356266
2024-07-18,0.07734278168642916,5,0.7838801,0.7826767
2024-07-18,0.07734278168642916,10,0.7558667,0.78233165
2024-07-18,0.07734278168642916,21,0.97055674,0.81589293
2024-07-19,-0.3112663992028253,1,0.8209709,0.7664334
2024-07-19,-0.3112663992028253,3,0.7534813,0.74731183
2024-07-19,-0.3112663992028253,5,0.78138655,0.7405393
2024-07-19,-0.3112663992028253,10,0.7639797,0.71813416
2024-07-19,-0.3112663992028253,21,0.96191186,0.74001557
2024-07-22,-0.23139349892451477,1,0.818625,0.8126925
2024-07-22,-0.23139349892451477,3,0.7838801,0.7983776
2024-07-22,-0.23139349892451477,5,0.7839142,0.7952179
2024-07-22,-0.23139349892451477,10,0.8103758,0.7856576
2024-07-22,-0.23139349892451477,21,0.9764631,0.7756954
2024-07-23,-1.6012879097019095,1,0.7534813,0.7345885
2024-07-23,-1.6012879097019095,3,0.78138655,0.73442113
2024-07-23,-1.6012879097019095,5,0.7851346,0.7412462
2024-07-23,-1.6012879097019095,10,0.8145643,0.7504479
2024-07-23,-1.6012879097019095,21,0.97899765,0.7680306
2024-07-24,0.1437960844530295,1,0.7838801,0.75903606
2024-07-24,0.1437960844530295,3,0.7839142,0.7537713
2024-07-24,0.1437960844530295,5,0.7624636,0.7600037
2024-07-24,0.1437960844530295,10,0.95425886,0.77514416
2024-07-24,0.1437960844530295,21,0.96976507,0.79021
2024-07-25,-0.6526471736005846,1,0.78138655,0.7680644
2024-07-25,-0.6526471736005846,3,0.7851346,0.7667267
2024-07-25,-0.6526471736005846,5,0.7558667,0.76067924
2024-07-25,-0.6526471736005846,10,0.97794867,0.7706226
2024-07-25,-0.6526471736005846,21,0.9638044,0.7561036
2024-07-26,0.7564581377110358,1,0.7839142,0.7948823
2024-07-26,0.7564581377110358,3,0.7624636,0.80326545
2024-07-26,0.7564581377110358,5,0.7639797,0.7983484
2024-07-26,0.7564581377110358,10,0.9690211,0.81853455
2024-07-26,0.7564581377110358,21,0.9623117,0.8355323
2024-07-29,0.3030104710949999,1,0.7851346,0.85709304
2024-07-29,0.3030104710949999,3,0.7558667,0.87791514
2024-07-29,0.3030104710949999,5,0.8103758,0.87491155
2024-07-29,0.3030104710949999,10,0.95513237,0.91114146
2024-07-29,0.3030104710949999,21,0.96163017,0.9149205
2024-07-30,0.16242159347710228,1,0.7624636,0.7571764
2024-07-30,0.16242159347710228,3,0.7639797,0.74815565
2024-07-30,0.16242159347710228,5,0.8145643,0.7465844
2024-07-30,0.16242159347710228,10,0.9822545,0.7569938
2024-07-30,0.16242159347710228,21,0.93815744,0.7651084
2024-07-31,0.8713152989888506,1,0.7558667,0.70257574
2024-07-31,0.8713152989888506,3,0.8103758,0.69704443
2024-07-31,0.8713152989888506,5,0.95425886,0.6989788
2024-07-31,0.8713152989888506,10,0.9845853,0.69617134
2024-07-31,0.8713152989888506,21,0.9382902,0.71410924
2024-08-01,-2.1073554435166564,1,0.7639797,0.73246896
2024-08-01,-2.1073554435166564,3,0.8145643,0.7256415
2024-08-01,-2.1073554435166564,5,0.97794867,0.72687507
2024-08-01,-2.1073554435166564,10,0.9842883,0.71238
2024-08-01,-2.1073554435166564,21,0.9381771,0.71456534
2024-08-02,0.7058364367445336,1,0.8103758,0.8219037
2024-08-02,0.7058364367445336,3,0.95425886,0.8268994
2024-08-02,0.7058364367445336,5,0.9690211,0.8252928
2024-08-02,0.7058364367445336,10,0.97055674,0.8165501
2024-08-02,0.7058364367445336,21,0.9382935,0.84115684
2024-08-05,-3.8920682445494847,1,0.8145643,0.779057
2024-08-05,-3.8920682445494847,3,0.97794867,0.7734333
2024-08-05,-3.8920682445494847,5,0.95513237,0.7743553
2024-08-05,-3.8920682445494847,10,0.96191186,0.75508153
2024-08-05,-3.8920682445494847,21,0.9377929,0.7724165
2024-08-06,1.6660881502714275,1,0.95425886,0.9919007
2024-08-06,1.6660881502714275,3,0.9690211,0.9856914
2024-08-06,1.6660881502714275,5,0.9822545,0.9911988
2024-08-06,1.6660881502714275,10,0.9764631,0.9906084
2024-08-06,1.6660881502714275,21,0.9473465,1.0035374
2024-08-07,0.06144295374816977,1,0.97794867,0.9545488
2024-08-07,0.06144295374816977,3,0.95513237,0.95740515
2024-08-07,0.06144295374816977,5,0.9845853,0.95881414
2024-08-07,0.06144295374816977,10,0.97899765,0.9520588
2024-08-07,0.06144295374816977,21,0.9507992,0.9918164
2024-08-08,-0.8226279824592453,1,0.9690211,0.9544544
2024-08-08,-0.8226279824592453,3,0.9822545,0.9575925
2024-08-08,-0.8226279824592453,5,0.9842883,0.96415234
2024-08-08,-0.8226279824592453,10,0.96976507,0.9637414
2024-08-08,-0.8226279824592453,21,0.924454,0.9667557
2024-08-09,1.7168453911009962,1,0.95513237,0.94327474
2024-08-09,1.7168453911009962,3,0.9845853,0.9481888
2024-08-09,1.7168453911009962,5,0.97055674,0.9432603
2024-08-09,1.7168453911009962,10,0.9638044,0.9293244
2024-08-09,1.7168453911009962,21,0.92741466,0.9428393
2024-08-12,0.52044844399326,1,0.9822545,0.964978
2024-08-12,0.52044844399326,3,0.9842883,0.95075834
2024-08-12,0.52044844399326,5,0.96191186,0.9517814
2024-08-12,0.52044844399326,10,0.9623117,0.9323805
2024-08-12,0.52044844399326,21,0.92119235,0.9428681
2024-08-13,-0.2141598198218908,1,0.9845853,0.92389154
2024-08-13,-0.2141598198218908,3,0.97055674,0.91909397
2024-08-13,-0.2141598198218908,5,0.9764631,0.9043484
2024-08-13,-0.2141598198218908,10,0.96163017,0.88148195
2024-08-13,-0.2141598198218908,21,0.9190153,0.90436155
2024-08-14,0.13075501055546113,1,0.9842883,0.9607321
2024-08-14,0.13075501055546113,3,0.96191186,0.94703794
2024-08-14,0.13075501055546113,5,0.97899765,0.9442184
2024-08-14,0.13075501055546113,10,0.93815744,0.933509
2024-08-14,0.13075501055546113,21,0.9198535,0.9524626
2024-08-15,-0.39910136975080945,1,0.97055674,0.97862214
2024-08-15,-0.39910136975080945,3,0.9764631,0.96510494
2024-08-15,-0.39910136975080945,5,0.96976507,0.96471536
2024-08-15,-0.39910136975080945,10,0.9382902,0.95550704
2024-08-15,-0.39910136975080945,21,0.91923934,0.9693109
2024-08-16,2.0618642048313873,1,0.96191186,0.9448399
2024-08-16,2.0618642048313873,3,0.97899765,0.9183294
2024-08-16,2.0618642048313873,5,0.9638044,0.91128314
2024-08-16,2.0618642048313873,10,0.9381771,0.8812575
2024-08-16,2.0618642048313873,21,0.9237647,0.8783853
2024-08-19,0.5681833467430231,1,0.9764631,1.0385609
2024-08-19,0.5681833467430231,3,0.96976507,1.0530384
2024-08-19,0.5681833467430231,5,0.9623117,1.0643356
2024-08-19,0.5681833467430231,10,0.9382935,1.0866077
2024-08-19,0.5681833467430231,21,0.95112026,1.1617955
2024-08-20,0.4769063176525812,1,0.97899765,0.8975651
2024-08-20,0.4769063176525812,3,0.9638044,0.89944893
2024-08-20,0.4769063176525812,5,0.96163017,0.89567554
2024-08-20,0.4769063176525812,10,0.9377929,0.90051776
2024-08-20,0.4769063176525812,21,0.9060562,0.93755764
2024-08-21,0.9485610250948184,1,0.96976507,0.9167347
2024-08-21,0.9485610250948184,3,0.9623117,0.90896666
2024-08-21,0.9485610250948184,5,0.93815744,0.8940588
2024-08-21,0.9485610250948184,10,0.9473465,0.87517846
2024-08-21,0.9485610250948184,21,0.90857345,0.8831133
2024-08-22,0.06676124757687418,1,0.9638044,0.8208245
2024-08-22,0.06676124757687418,3,0.96163017,0.8209146
2024-08-22,0.06676124757687418,5,0.9382902,0.8271489
2024-08-22,0.06676124757687418,10,0.9507992,0.83297914
2024-08-22,0.06676124757687418,21,0.91096205,0.8666391
2024-08-23,0.19547533992456678,1,0.9623117,0.9469684
2024-08-23,0.19547533992456678,3,0.93815744,0.95386493
2024-08-23,0.19547533992456678,5,0.9381771,0.95826304
2024-08-23,0.19547533992456678,10,0.924454,0.9629089
2024-08-23,0.19547533992456678,21,0.91207194,1.0040262
2024-08-26,-0.19320017374253595,1,0.96163017,0.9356763
2024-08-26,-0.19320017374253595,3,0.9382902,0.9361554
2024-08-26,-0.19320017374253595,5,0.9382935,0.9335185
2024-08-26,-0.19320017374253595,10,0.92741466,0.93816525
2024-08-26,-0.19320017374253595,21,0.90909624,0.9462711
2024-08-27,0.2786951608486632,1,0.93815744,0.9061711
2024-08-27,0.2786951608486632,3,0.9381771,0.92156935
2024-08-27,0.2786951608486632,5,0.9377929,0.926332
2024-08-27,0.2786951608486632,10,0.92119235,0.9313325
2024-08-27,0.2786951608486632,21,0.91459334,0.9899443
2024-08-28,0.09524458166101368,1,0.9382902,1.0234556
2024-08-28,0.09524458166101368,3,0.9382935,1.0238668
2024-08-28,0.09524458166101368,5,0.9473465,1.0294118
2024-08-28,0.09524458166101368,10,0.9190153,1.0314653
2024-08-28,0.09524458166101368,21,0.9111854,1.0500702
2024-08-29,0.2362078065735851,1,0.9381771,0.99988437
2024-08-29,0.2362078065735851,3,0.9377929,1.0211743
2024-08-29,0.2362078065735851,5,0.9507992,1.0254678
2024-08-29,0.2362078065735851,10,0.9198535,1.0234149
2024-08-29,0.2362078065735851,21,0.9072089,1.0135114
2024-08-30,0.3649103624544736,1,0.9382935,0.9856461
2024-08-30,0.3649103624544736,3,0.9473465,0.9866534
2024-08-30,0.3649103624544736,5,0.924454,0.9969368
2024-08-30,0.3649103624544736,10,0.91923934,1.0086529
2024-08-30,0.3649103624544736,21,0.906198,0.94228214
2024-09-04,-1.0425765291365963,1,0.9377929,0.904402
2024-09-04,-1.0425765291365963,3,0.9507992,0.9053206
2024-09-04,-1.0425765291365963,5,0.92741466,0.90829146
2024-09-04,-1.0425765291365963,10,0.9237647,0.8915912
2024-09-04,-1.0425765291365963,21,0.90651196,0.8780932
2024-09-05,-0.659369822578082,1,0.9473465,0.8900517
2024-09-05,-0.659369822578082,3,0.924454,0.89822936
2024-09-05,-0.659369822578082,5,0.92119235,0.9042655
2024-09-05,-0.659369822578082,10,0.95112026,0.91126865
2024-09-05,-0.659369822578082,21,0.90773416,0.96343285
2024-09-06,0.4831516310657591,1,0.9507992,0.8505348
2024-09-06,0.4831516310657591,3,0.92741466,0.859421
2024-09-06,0.4831516310657591,5,0.9190153,0.8638253
2024-09-06,0.4831516310657591,10,0.9060562,0.8426911
2024-09-06,0.4831516310657591,21,0.9098855,0.8689772
2024-09-09,-0.6284004907889162,1,0.924454,0.93702924
2024-09-09,-0.6284004907889162,3,0.92119235,0.9396571
2024-09-09,-0.6284004907889162,5,0.9198535,0.94094837
2024-09-09,-0.6284004907889162,10,0.90857345,0.95302254
2024-09-09,-0.6284004907889162,21,0.90895253,0.9679345
2024-09-10,-1.006463184268469,1,0.92741466,1.0386325
2024-09-10,-1.006463184268469,3,0.9190153,1.0352962
2024-09-10,-1.006463184268469,5,0.91923934,1.0412134
2024-09-10,-1.006463184268469,10,0.91096205,1.0561705
2024-09-10,-1.006463184268469,21,0.9076097,1.0206478
2024-09-11,-0.013910678013395739,1,0.92119235,0.93487924
2024-09-11,-0.013910678013395739,3,0.9198535,0.95606714
2024-09-11,-0.013910678013395739,5,0.9237647,0.95297146
2024-09-11,-0.013910678013395739,10,0.91207194,0.97482365
2024-09-11,-0.013910678013395739,21,0.9067472,1.0177178
2024-09-12,0.2878654809215675,1,0.9190153,0.9605845
2024-09-12,0.2878654809215675,3,0.91923934,0.95256734
2024-09-12,0.2878654809215675,5,0.95112026,0.95902777
2024-09-12,0.2878654809215675,10,0.90909624,0.97910494
2024-09-12,0.2878654809215675,21,0.91299284,0.97122735
2024-09-13,-0.2554102418202753,1,0.9198535,0.8761136
2024-09-13,-0.2554102418202753,3,0.9237647,0.86578
2024-09-13,-0.2554102418202753,5,0.9060562,0.8669921
2024-09-13,-0.2554102418202753,10,0.91459334,0.88973355
2024-09-13,-0.2554102418202753,21,0.9147766,0.91411644
2024-09-16,-1.0040190410775196,1,0.91923934,0.96041584
2024-09-16,-1.0040190410775196,3,0.95112026,0.9512249
2024-09-16,-1.0040190410775196,5,0.90857345,0.9584838
2024-09-16,-1.0040190410775196,10,0.9111854,0.9836852
2024-09-16,-1.0040190410775196,21,0.9147514,0.99996597
2024-09-17,1.7238204513962074,1,0.9237647,0.90431285
2024-09-17,1.7238204513962074,3,0.9060562,0.90305877
2024-09-17,1.7238204513962074,5,0.91096205,0.9093214
2024-09-17,1.7238204513962074,10,0.9072089,0.92707497
2024-09-17,1.7238204513962074,21,0.9158239,0.94904435
2024-09-18,0.557641457440905,1,0.95112026,0.9584938
2024-09-18,0.557641457440905,3,0.90857345,0.9513171
2024-09-18,0.557641457440905,5,0.91207194,0.95101523
2024-09-18,0.557641457440905,10,0.906198,0.9510756
2024-09-18,0.557641457440905,21,0.9151555,0.9646327
2024-09-19,0.5682027951909419,1,0.9060562,0.91397077
2024-09-19,0.5682027951909419,3,0.91096205,0.92850906
2024-09-19,0.5682027951909419,5,0.90909624,0.9274936
2024-09-19,0.5682027951909419,10,0.90651196,0.9374903
2024-09-19,0.5682027951909419,21,0.91475934,0.9747039
2024-09-20,0.5740426667910192,1,0.90857345,0.9323462
2024-09-20,0.5740426667910192,3,0.91207194,0.9513706
2024-09-20,0.5740426667910192,5,0.91459334,0.95163846
2024-09-20,0.5740426667910192,10,0.90773416,0.95814776
2024-09-20,0.5740426667910192,21,0.8913269,1.0025827
2024-09-23,-0.3687030076689801,1,0.91096205,0.9468537
2024-09-23,-0.3687030076689801,3,0.90909624,0.9538357
2024-09-23,-0.3687030076689801,5,0.9111854,0.95290506
2024-09-23,-0.3687030076689801,10,0.9098855,0.9595449
2024-09-23,-0.3687030076689801,21,0.8914467,0.9394191
2024-09-24,0.7353002031760703,1,0.91207194,0.98004544
2024-09-24,0.7353002031760703,3,0.91459334,0.9852115
2024-09-24,0.7353002031760703,5,0.9072089,0.9819108
2024-09-24,0.7353002031760703,10,0.90895253,0.9772182
2024-09-24,0.7353002031760703,21,0.8879389,0.97075236
2024-09-25,0.9869460359259286,1,0.90909624,0.94853956
2024-09-25,0.9869460359259286,3,0.9111854,0.95622313
2024-09-25,0.9869460359259286,5,0.906198,0.9571812
2024-09-25,0.9869460359259286,10,0.9076097,0.9571329
2024-09-25,0.9869460359259286,21,0.8894199,0.9579603
2024-09-26,0.5031699868394135,1,0.91459334,0.9204174
2024-09-26,0.5031699868394135,3,0.9072089,0.9332438
2024-09-26,0.5031699868394135,5,0.90651196,0.93172336
2024-09-26,0.5031699868394135,10,0.9067472,0.91818017
2024-09-26,0.5031699868394135,21,0.88897145,0.9604318
2024-09-27,0.12724624602018508,1,0.9111854,0.8715904
2024-09-27,0.12724624602018508,3,0.906198,0.87813115
2024-09-27,0.12724624602018508,5,0.90773416,0.8793088
2024-09-27,0.12724624602018508,10,0.91299284,0.8791912
2024-09-27,0.12724624602018508,21,0.91163003,0.9131821
2024-09-30,-0.0007393360022867057,1,0.9072089,0.82539994
2024-09-30,-0.0007393360022867057,3,0.90651196,0.83884454
2024-09-30,-0.0007393360022867057,5,0.9098855,0.8441682
2024-09-30,-0.0007393360022867057,10,0.9147766,0.83964735
2024-09-30,-0.0007393360022867057,21,0.9064745,0.8880003
2024-10-01,0.46617380029880806,1,0.906198,0.8545438
2024-10-01,0.46617380029880806,3,0.90773416,0.8624766
2024-10-01,0.46617380029880806,5,0.90895253,0.8539132
2024-10-01,0.46617380029880806,10,0.9147514,0.85475725
2024-10-01,0.46617380029880806,21,0.86274546,0.87941843
2024-10-02,-0.3221065735721673,1,0.90651196,0.8675922
2024-10-02,-0.3221065735721673,3,0.9098855,0.8658445
2024-10-02,-0.3221065735721673,5,0.9076097,0.87150407
2024-10-02,-0.3221065735721673,10,0.9158239,0.8631711
2024-10-02,-0.3221065735721673,21,0.86114,0.83424515
2024-10-03,-0.5960839132437279,1,0.90773416,0.8730846
2024-10-03,-0.5960839132437279,3,0.90895253,0.8918867
2024-10-03,-0.5960839132437279,5,0.9067472,0.8824698
2024-10-03,-0.5960839132437279,10,0.9151555,0.9031205
2024-10-03,-0.5960839132437279,21,0.69051623,0.88927233
2024-10-04,-0.7641677790573453,1,0.9098855,0.92085713
2024-10-04,-0.7641677790573453,3,0.9076097,0.9076701
2024-10-04,-0.7641677790573453,5,0.91299284,0.9070898
2024-10-04,-0.7641677790573453,10,0.91475934,0.90958154
2024-10-04,-0.7641677790573453,21,0.66178125,0.8351786
2024-10-07,-0.05464705996329755,1,0.90895253,0.9058151
2024-10-07,-0.05464705996329755,3,0.9067472,0.89232945
2024-10-07,-0.05464705996329755,5,0.9147766,0.89781034
2024-10-07,-0.05464705996329755,10,0.8913269,0.91427034
2024-10-07,-0.05464705996329755,21,0.6761874,0.9069248
2024-10-08,0.2669629520147154,1,0.9076097,0.92228043
2024-10-08,0.2669629520147154,3,0.91299284,0.9130449
2024-10-08,0.2669629520147154,5,0.9147514,0.915316
2024-10-08,0.2669629520147154,10,0.8914467,0.92622626
2024-10-08,0.2669629520147154,21,0.68013364,0.9300072
2024-10-09,0.9602380714128778,1,0.9067472,0.8935245
2024-10-09,0.9602380714128778,3,0.9147766,0.89903396
2024-10-09,0.9602380714128778,5,0.9158239,0.8971677
2024-10-09,0.9602380714128778,10,0.8879389,0.8908701
2024-10-09,0.9602380714128778,21,0.6463352,0.8855801
2024-10-10,0.6348291397988426,1,0.91299284,0.91291153
2024-10-10,0.6348291397988426,3,0.9147514,0.91263914
2024-10-10,0.6348291397988426,5,0.9151555,0.9007765
2024-10-10,0.6348291397988426,10,0.8894199,0.8678966
2024-10-10,0.6348291397988426,21,0.6608321,0.8643669
2024-10-11,0.14101681318008374,1,0.9147766,1.0089024
2024-10-11,0.14101681318008374,3,0.9158239,0.9946751
2024-10-11,0.14101681318008374,5,0.91475934,0.99337924
2024-10-11,0.14101681318008374,10,0.88897145,0.98720884
2024-10-11,0.14101681318008374,21,0.66086847,0.9399782
2024-10-14,-0.27487284234508635,1,0.9147514,0.9790027
2024-10-14,-0.27487284234508635,3,0.9151555,0.9815352
2024-10-14,-0.27487284234508635,5,0.8913269,0.95537305
2024-10-14,-0.27487284234508635,10,0.91163003,0.92034507
2024-10-14,-0.27487284234508635,21,0.6682856,0.8681675
2024-10-15,-0.19669601346938848,1,0.9158239,1.0065632
2024-10-15,-0.19669601346938848,3,0.91475934,0.986071
2024-10-15,-0.19669601346938848,5,0.8914467,0.9559002
2024-10-15,-0.19669601346938848,10,0.9064745,0.9038541
2024-10-15,-0.19669601346938848,21,0.6699012,0.6254583
2024-10-16,-0.14685319904756966,1,0.9151555,1.0177102
2024-10-16,-0.14685319904756966,3,0.8913269,1.0007087
2024-10-16,-0.14685319904756966,5,0.8879389,0.9663719
2024-10-16,-0.14685319904756966,10,0.86274546,0.8976721
2024-10-16,-0.14685319904756966,21,0.623078,0.7293056
2024-10-17,0.6470418122297872,1,0.91475934,1.0552746
2024-10-17,0.6470418122297872,3,0.8914467,1.0264335
2024-10-17,0.6470418122297872,5,0.8894199,1.001372
2024-10-17,0.6470418122297872,10,0.86114,0.92205375
2024-10-17,0.6470418122297872,21,0.6191992,0.7452516
2024-10-18,-0.014675775457639872,1,0.8913269,0.9599525
2024-10-18,-0.014675775457639872,3,0.8879389,0.95032513
2024-10-18,-0.014675775457639872,5,0.88897145,0.92482615
2024-10-18,-0.014675775457639872,10,0.69051623,0.8748638
2024-10-18,-0.014675775457639872,21,0.6396289,0.81229323
2024-10-21,-0.3425567171117194,1,0.8914467,0.9497576
2024-10-21,-0.3425567171117194,3,0.8894199,0.9131522
2024-10-21,-0.3425567171117194,5,0.91163003,0.8775314
2024-10-21,-0.3425567171117194,10,0.66178125,0.7727939
2024-10-21,-0.3425567171117194,21,0.6445004,0.63232625
2024-10-22,-0.6730847923677175,1,0.8879389,0.88980806
2024-10-22,-0.6730847923677175,3,0.88897145,0.8839345
2024-10-22,-0.6730847923677175,5,0.9064745,0.8641232
2024-10-22,-0.6730847923677175,10,0.6761874,0.8174127
2024-10-22,-0.6730847923677175,21,0.6442928,0.77441305
2024-10-23,0.0592891251470995,1,0.8894199,0.82078266
2024-10-23,0.0592891251470995,3,0.91163003,0.81016797
2024-10-23,0.0592891251470995,5,0.86274546,0.78908145
2024-10-23,0.0592891251470995,10,0.68013364,0.7497411
2024-10-23,0.0592891251470995,21,0.6518241,0.70507544
2024-10-24,-1.5003976407194308,1,0.88897145,0.9197603
2024-10-24,-1.5003976407194308,3,0.9064745,0.91172856
2024-10-24,-1.5003976407194308,5,0.86114,0.88421226
2024-10-24,-1.5003976407194308,10,0.6463352,0.8108298
2024-10-24,-1.5003976407194308,21,0.6661101,0.64147747
2024-10-25,-0.3073263540639637,1,0.91163003,0.82654953
2024-10-25,-0.3073263540639637,3,0.86274546,0.8155329
2024-10-25,-0.3073263540639637,5,0.69051623,0.81707823
2024-10-25,-0.3073263540639637,10,0.6608321,0.8282113
2024-10-25,-0.3073263540639637,21,0.6831624,0.8064701
2024-10-28,0.21025905774259002,1,0.9064745,0.85667115
2024-10-28,0.21025905774259002,3,0.86114,0.8239416
2024-10-28,0.21025905774259002,5,0.66178125,0.807966
2024-10-28,0.21025905774259002,10,0.66086847,0.76646084
2024-10-28,0.21025905774259002,21,0.68291664,0.70505255
2024-10-29,0.5577904097933128,1,0.86274546,0.8570789
2024-10-29,0.5577904097933128,3,0.69051623,0.82230735
2024-10-29,0.5577904097933128,5,0.6761874,0.81498873
2024-10-29,0.5577904097933128,10,0.6682856,0.78788966
2024-10-29,0.5577904097933128,21,0.6850094,0.7594412
2024-10-30,-0.1430920865518992,1,0.86114,0.92902553
2024-10-30,-0.1430920865518992,3,0.66178125,0.89177513
2024-10-30,-0.1430920865518992,5,0.68013364,0.8874867
2024-10-30,-0.1430920865518992,10,0.6699012,0.82704836
2024-10-30,-0.1430920865518992,21,0.6874304,0.7662914
2024-10-31,0.3554794291359187,1,0.69051623,0.69810295
2024-10-31,0.3554794291359187,3,0.6761874,0.69315153
2024-10-31,0.3554794291359187,5,0.6463352,0.69929004
2024-10-31,0.3554794291359187,10,0.623078,0.71178925
2024-10-31,0.3554794291359187,21,0.67528087,0.7539291
2024-11-01,-0.9744017160460139,1,0.66178125,0.6229488
2024-11-01,-0.9744017160460139,3,0.68013364,0.627768
2024-11-01,-0.9744017160460139,5,0.6608321,0.6381191
2024-11-01,-0.9744017160460139,10,0.6191992,0.6384564
2024-11-01,-0.9744017160460139,21,0.67017585,0.714678
2024-11-04,-0.9839898062121044,1,0.6761874,0.64315975
2024-11-04,-0.9839898062121044,3,0.6463352,0.6355345
2024-11-04,-0.9839898062121044,5,0.66086847,0.6423552
2024-11-04,-0.9839898062121044,10,0.6396289,0.64055514
2024-11-04,-0.9839898062121044,21,0.67422146,0.69775766
2024-11-05,0.054074845471685506,1,0.68013364,0.59796154
2024-11-05,0.054074845471685506,3,0.6608321,0.58687973
2024-11-05,0.054074845471685506,5,0.6682856,0.59116733
2024-11-05,0.054074845471685506,10,0.6445004,0.5953018
2024-11-05,0.054074845471685506,21,0.6697682,0.6564569
2024-11-06,1.2266935514105626,1,0.6463352,0.5981463
2024-11-06,1.2266935514105626,3,0.66086847,0.5919405
2024-11-06,1.2266935514105626,5,0.6699012,0.59873545
2024-11-06,1.2266935514105626,10,0.6442928,0.59898597
2024-11-06,1.2266935514105626,21,0.6567711,0.6419851
2024-11-07,-0.2191092695392527,1,0.6608321,0.6412163
2024-11-07,-0.2191092695392527,3,0.6682856,0.6337917
2024-11-07,-0.2191092695392527,5,0.623078,0.643695
2024-11-07,-0.2191092695392527,10,0.6518241,0.65248543
2024-11-07,-0.2191092695392527,21,0.66661495,0.70898825
2024-11-08,-0.7042415801802981,1,0.66086847,0.6564492
2024-11-08,-0.7042415801802981,3,0.6699012,0.65061677
2024-11-08,-0.7042415801802981,5,0.6191992,0.6723479
2024-11-08,-0.7042415801802981,10,0.6661101,0.6676752
2024-11-08,-0.7042415801802981,21,0.7694706,0.7723862
2024-11-11,-0.5236331319212972,1,0.6682856,0.65469193
2024-11-11,-0.5236331319212972,3,0.623078,0.64393604
2024-11-11,-0.5236331319212972,5,0.6396289,0.6642482
2024-11-11,-0.5236331319212972,10,0.6831624,0.6630616
2024-11-11,-0.5236331319212972,21,0.76850045,0.75805265
2024-11-12,-0.6515080023010711,1,0.6699012,0.5528516
2024-11-12,-0.6515080023010711,3,0.6191992,0.5369906
2024-11-12,-0.6515080023010711,5,0.6445004,0.54842937
2024-11-12,-0.6515080023010711,10,0.68291664,0.55060244
2024-11-12,-0.6515080023010711,21,0.75630426,0.58189064
2024-11-13,0.16039972893961973,1,0.623078,0.613472
2024-11-13,0.16039972893961973,3,0.6396289,0.6171551
2024-11-13,0.16039972893961973,5,0.6442928,0.62817454
2024-11-13,0.16039972893961973,10,0.6850094,0.6427223
2024-11-13,0.16039972893961973,21,0.7250516,0.6910059
2024-11-14,-1.3425196523764171,1,0.6191992,0.55732906
2024-11-14,-1.3425196523764171,3,0.6445004,0.5599469
2024-11-14,-1.3425196523764171,5,0.6518241,0.5643018
2024-11-14,-1.3425196523764171,10,0.6874304,0.58058053
2024-11-14,-1.3425196523764171,21,0.7219236,0.60647804
2024-11-15,-1.2064872074741828,1,0.6396289,0.6222055
2024-11-15,-1.2064872074741828,3,0.6442928,0.6241492
2024-11-15,-1.2064872074741828,5,0.6661101,0.6256287
2024-11-15,-1.2064872074741828,10,0.67528087,0.6489703
2024-11-15,-1.2064872074741828,21,0.71864057,0.65082043
2024-11-18,-0.07790828464653288,1,0.6445004,0.6176797
2024-11-18,-0.07790828464653288,3,0.6518241,0.62004685
2024-11-18,-0.07790828464653288,5,0.6831624,0.6386831
2024-11-18,-0.07790828464653288,10,0.67017585,0.67329895
2024-11-18,-0.07790828464653288,21,0.7161311,0.6840729
2024-11-19,-0.8816690898137303,1,0.6442928,0.6328006
2024-11-19,-0.8816690898137303,3,0.6661101,0.6339351
2024-11-19,-0.8816690898137303,5,0.68291664,0.6381382
2024-11-19,-0.8816690898137303,10,0.67422146,0.6607488
2024-11-19,-0.8816690898137303,21,0.714459,0.65065604
2024-11-20,0.9996882698248832,1,0.6518241,0.59548
2024-11-20,0.9996882698248832,3,0.6831624,0.5912578
2024-11-20,0.9996882698248832,5,0.6850094,0.6022155
2024-11-20,0.9996882698248832,10,0.6697682,0.6240005
2024-11-20,0.9996882698248832,21,0.7094079,0.6270248
2024-11-21,1.167930724308608,1,0.6661101,0.6457529
2024-11-21,1.167930724308608,3,0.68291664,0.64541376
2024-11-21,1.167930724308608,5,0.6874304,0.65315163
2024-11-21,1.167930724308608,10,0.6567711,0.6687297
2024-11-21,1.167930724308608,21,0.69798535,0.7017637
2024-11-22,-0.04664287964413205,1,0.6831624,0.7070786
2024-11-22,-0.04664287964413205,3,0.6850094,0.711961
2024-11-22,-0.04664287964413205,5,0.67528087,0.7178055
2024-11-22,-0.04664287964413205,10,0.66661495,0.7393182
2024-11-22,-0.04664287964413205,21,0.71034503,0.7642834
2024-11-25,0.4553907971166282,1,0.68291664,0.6448528
2024-11-25,0.4553907971166282,3,0.6874304,0.6402388
2024-11-25,0.4553907971166282,5,0.67017585,0.6436256
2024-11-25,0.4553907971166282,10,0.7694706,0.64219004
2024-11-25,0.4553907971166282,21,0.71119153,0.6833275
2024-11-26,0.5619119741884226,1,0.6850094,0.64386964
2024-11-26,0.5619119741884226,3,0.67528087,0.6414722
2024-11-26,0.5619119741884226,5,0.67422146,0.64538145
2024-11-26,0.5619119741884226,10,0.76850045,0.6459463
2024-11-26,0.5619119741884226,21,0.7134151,0.6799997
2024-11-27,0.1415232441974723,1,0.6874304,0.6700715
2024-11-27,0.1415232441974723,3,0.67017585,0.67269677
2024-11-27,0.1415232441974723,5,0.6697682,0.6773212
2024-11-27,0.1415232441974723,10,0.75630426,0.681928
2024-11-27,0.1415232441974723,21,0.71045107,0.7154681
2024-11-28,0.03534953813444375,1,0.67528087,0.6009222
2024-11-28,0.03534953813444375,3,0.67422146,0.5979918
2024-11-28,0.03534953813444375,5,0.6567711,0.6010697
2024-11-28,0.03534953813444375,10,0.7250516,0.60259444
2024-11-28,0.03534953813444375,21,0.73441833,0.6408128
2024-11-29,0.7455694791284273,1,0.67017585,0.67220604
2024-11-29,0.7455694791284273,3,0.6697682,0.6738689
2024-11-29,0.7455694791284273,5,0.66661495,0.68350005
2024-11-29,0.7455694791284273,10,0.7219236,0.6884539
2024-11-29,0.7455694791284273,21,0.7305143,0.7670068
2024-12-02,-0.18548986460249495,1,0.67422146,0.7096213
2024-12-02,-0.18548986460249495,3,0.6567711,0.71738124
2024-12-02,-0.18548986460249495,5,0.7694706,0.7299596
2024-12-02,-0.18548986460249495,10,0.71864057,0.73011434
2024-12-02,-0.18548986460249495,21,0.724818,0.8123763
2024-12-03,0.026737865942827455,1,0.6697682,0.65473235
2024-12-03,0.026737865942827455,3,0.66661495,0.6443496
2024-12-03,0.026737865942827455,5,0.76850045,0.6547196
2024-12-03,0.026737865942827455,10,0.7161311,0.6567592
2024-12-03,0.026737865942827455,21,0.72477037,0.7079479
2024-12-04,-0.8722758500709027,1,0.6567711,0.6585245
2024-12-04,-0.8722758500709027,3,0.7694706,0.66055334
2024-12-04,-0.8722758500709027,5,0.75630426,0.6676898
2024-12-04,-0.8722758500709027,10,0.714459,0.6731376
2024-12-04,-0.8722758500709027,21,0.72449535,0.717137
2024-12-05,3.016135374410478,1,0.66661495,0.60966235
2024-12-05,3.016135374410478,3,0.76850045,0.60369265
2024-12-05,3.016135374410478,5,0.7250516,0.6093297
2024-12-05,3.016135374410478,10,0.7094079,0.6282823
2024-12-05,3.016135374410478,21,0.7139188,0.6542652
2024-12-06,-0.020188198944737223,1,0.7694706,0.71451724
2024-12-06,-0.020188198944737223,3,0.75630426,0.71964824
2024-12-06,-0.020188198944737223,5,0.7219236,0.7241396
2024-12-06,-0.020188198944737223,10,0.69798535,0.74528545
2024-12-06,-0.020188198944737223,21,0.74073094,0.79328614
2024-12-09,-0.08229036993814276,1,0.76850045,0.705915
2024-12-09,-0.08229036993814276,3,0.7250516,0.6882838
2024-12-09,-0.08229036993814276,5,0.71864057,0.6874529
2024-12-09,-0.08229036993814276,10,0.71034503,0.6921564
2024-12-09,-0.08229036993814276,21,0.74329734,0.69733053
2024-12-10,-0.024700321604065323,1,0.75630426,0.68256736
2024-12-10,-0.024700321604065323,3,0.7219236,0.67709047
2024-12-10,-0.024700321604065323,5,0.7161311,0.6875169
2024-12-10,-0.024700321604065323,10,0.71119153,0.71287274
2024-12-10,-0.024700321604065323,21,0.74335426,0.74373895
2024-12-11,0.04714986634670737,1,0.7250516,0.69946074
2024-12-11,0.04714986634670737,3,0.71864057,0.70251703
2024-12-11,0.04714986634670737,5,0.714459,0.71501195
2024-12-11,0.04714986634670737,10,0.7134151,0.7422591
2024-12-11,0.04714986634670737,21,0.74338555,0.76904845
2024-12-12,-0.06960999970457848,1,0.7219236,0.69662184
2024-12-12,-0.06960999970457848,3,0.7161311,0.70899886
2024-12-12,-0.06960999970457848,5,0.7094079,0.7003422
2024-12-12,-0.06960999970457848,10,0.71045107,0.7313053
2024-12-12,-0.06960999970457848,21,0.7450056,0.7803824
2024-12-13,-0.2976984947857808,1,0.71864057,0.659071
2024-12-13,-0.2976984947857808,3,0.714459,0.6686835
2024-12-13,-0.2976984947857808,5,0.69798535,0.6742877
2024-12-13,-0.2976984947857808,10,0.73441833,0.68647796
2024-12-13,-0.2976984947857808,21,0.7574264,0.72066087
2024-12-16,0.018022077093160505,1,0.7161311,0.6006245
2024-12-16,0.018022077093160505,3,0.7094079,0.6044599
2024-12-16,0.018022077093160505,5,0.71034503,0.6153867
2024-12-16,0.018022077093160505,10,0.7305143,0.6232623
2024-12-16,0.018022077093160505,21,0.75988734,0.67042977
2024-12-17,-0.3151030075295047,1,0.714459,0.6472107
2024-12-17,-0.3151030075295047,3,0.69798535,0.6505302
2024-12-17,-0.3151030075295047,5,0.71119153,0.6554514
2024-12-17,-0.3151030075295047,10,0.724818,0.6538046
2024-12-17,-0.3151030075295047,21,0.7633665,0.7098744
2024-12-18,0.16557167389832372,1,0.7094079,0.629424
2024-12-18,0.16557167389832372,3,0.71034503,0.6345538
2024-12-18,0.16557167389832372,5,0.7134151,0.641245
2024-12-18,0.16557167389832372,10,0.72477037,0.646292
2024-12-18,0.16557167389832372,21,0.7652187,0.69407487
2024-12-19,-1.1853436264368078,1,0.69798535,0.66047883
2024-12-19,-1.1853436264368078,3,0.71119153,0.66030097
2024-12-19,-1.1853436264368078,5,0.71045107,0.6632987
2024-12-19,-1.1853436264368078,10,0.72449535,0.66445106
2024-12-19,-1.1853436264368078,21,0.7677014,0.70478594
2024-12-20,0.2743235772892483,1,0.71034503,0.62969154
2024-12-20,0.2743235772892483,3,0.7134151,0.6362463
2024-12-20,0.2743235772892483,5,0.73441833,0.6402643
2024-12-20,0.2743235772892483,10,0.7139188,0.65962285
2024-12-20,0.2743235772892483,21,0.751685,0.7054911
2024-12-23,0.397608815283057,1,0.71119153,0.6993854
2024-12-23,0.397608815283057,3,0.71045107,0.7087666
2024-12-23,0.397608815283057,5,0.7305143,0.7156255
2024-12-23,0.397608815283057,10,0.74073094,0.72286195
2024-12-23,0.397608815283057,21,0.7516071,0.8066066
2024-12-24,0.01889437671183103,1,0.7134151,0.66993964
2024-12-24,0.01889437671183103,3,0.73441833,0.6804579
2024-12-24,0.01889437671183103,5,0.724818,0.688681
2024-12-24,0.01889437671183103,10,0.74329734,0.69826365
2024-12-24,0.01889437671183103,21,0.75129485,0.7748911
2024-12-25,1.4412703767121116,1,0.71045107,0.6448101
2024-12-25,1.4412703767121116,3,0.7305143,0.6377388
2024-12-25,1.4412703767121116,5,0.72477037,0.65574014
2024-12-25,1.4412703767121116,10,0.74335426,0.6734101
2024-12-25,1.4412703767121116,21,0.748986,0.75110537
2024-12-26,0.01489669147236583,1,0.73441833,0.67621696
2024-12-26,0.01489669147236583,3,0.724818,0.68141234
2024-12-26,0.01489669147236583,5,0.72449535,0.6924554
2024-12-26,0.01489669147236583,10,0.74338555,0.70710915
2024-12-26,0.01489669147236583,21,0.78194743,0.7707076
2024-12-27,0.3093491267952331,1,0.7305143,0.7126875
2024-12-27,0.3093491267952331,3,0.72477037,0.71861446
2024-12-27,0.3093491267952331,5,0.7139188,0.7355982
2024-12-27,0.3093491267952331,10,0.7450056,0.74642783
2024-12-27,0.3093491267952331,21,0.78212625,0.82944185
2024-12-30,0.03785924571699795,1,0.724818,0.6810436
2024-12-30,0.03785924571699795,3,0.72449535,0.699252
2024-12-30,0.03785924571699795,5,0.74073094,0.71572757
2024-12-30,0.03785924571699795,10,0.7574264,0.7395201
2024-12-30,0.03785924571699795,21,0.801325,0.8311506
2024-12-31,-0.19315781794002618,1,0.72477037,0.725178
2024-12-31,-0.19315781794002618,3,0.7139188,0.7302751
2024-12-31,-0.19315781794002618,5,0.74329734,0.742633
2024-12-31,-0.19315781794002618,10,0.75988734,0.7565345
2024-12-31,-0.19315781794002618,21,0.7993686,0.8187545
2025-01-02,-0.11532953900212917,1,0.72449535,0.7015337
2025-01-02,-0.11532953900212917,3,0.74073094,0.68575215
2025-01-02,-0.11532953900212917,5,0.74335426,0.70016396
2025-01-02,-0.11532953900212917,10,0.7633665,0.7147181
2025-01-02,-0.11532953900212917,21,0.8002386,0.7236702
2025-01-03,-1.6983792748769488,1,0.7139188,0.6867566
2025-01-03,-1.6983792748769488,3,0.74329734,0.6924943
2025-01-03,-1.6983792748769488,5,0.74338555,0.6877439
2025-01-03,-1.6983792748769488,10,0.7652187,0.6976554
2025-01-03,-1.6983792748769488,21,0.7863278,0.7132396
2025-01-06,-0.5725974590880867,1,0.74073094,0.697247
2025-01-06,-0.5725974590880867,3,0.74335426,0.7139276
2025-01-06,-0.5725974590880867,5,0.7450056,0.7137606
2025-01-06,-0.5725974590880867,10,0.7677014,0.74323004
2025-01-06,-0.5725974590880867,21,0.78671736,0.75581294
2025-01-07,0.1704511278941112,1,0.74329734,0.67945373
2025-01-07,0.1704511278941112,3,0.74338555,0.69340503
2025-01-07,0.1704511278941112,5,0.7574264,0.69539905
2025-01-07,0.1704511278941112,10,0.751685,0.7114054
2025-01-07,0.1704511278941112,21,0.78731924,0.7430499
2025-01-08,0.10258710354049683,1,0.74335426,0.7088944
2025-01-08,0.10258710354049683,3,0.7450056,0.7246829
2025-01-08,0.10258710354049683,5,0.75988734,0.72140956
2025-01-08,0.10258710354049683,10,0.7516071,0.73105174
2025-01-08,0.10258710354049683,21,0.78717667,0.77953184
2025-01-09,-0.4437803913367233,1,0.74338555,0.6917127
2025-01-09,-0.4437803913367233,3,0.7574264,0.6928631
2025-01-09,-0.4437803913367233,5,0.7633665,0.6867558
2025-01-09,-0.4437803913367233,10,0.75129485,0.674465
2025-01-09,-0.4437803913367233,21,0.78273976,0.70750874
2025-01-10,-1.3494672974593946,1,0.7450056,0.67096645
2025-01-10,-1.3494672974593946,3,0.75988734,0.6745012
2025-01-10,-1.3494672974593946,5,0.7652187,0.6771121
2025-01-10,-1.3494672974593946,10,0.748986,0.68467337
2025-01-10,-1.3494672974593946,21,0.78273165,0.7328925
2025-01-13,0.3943560561680215,1,0.7574264,0.7352405
2025-01-13,0.3943560561680215,3,0.7633665,0.73689127
2025-01-13,0.3943560561680215,5,0.7677014,0.7389771
2025-01-13,0.3943560561680215,10,0.78194743,0.7430439
2025-01-13,0.3943560561680215,21,0.7618837,0.78234273
2025-01-14,-0.7041384496097258,1,0.75988734,0.68267286
2025-01-14,-0.7041384496097258,3,0.7652187,0.6871998
2025-01-14,-0.7041384496097258,5,0.751685,0.6859852
2025-01-14,-0.7041384496097258,10,0.78212625,0.69376177
2025-01-14,-0.7041384496097258,21,0.74724334,0.7215527
2025-01-15,0.6502089110951736,1,0.7633665,0.7234614
2025-01-15,0.6502089110951736,3,0.7677014,0.7181878
2025-01-15,0.6502089110951736,5,0.7516071,0.7128686
2025-01-15,0.6502089110951736,10,0.801325,0.7105225
2025-01-15,0.6502089110951736,21,0.74727625,0.7100541
2025-01-16,0.43139146216155666,1,0.7652187,0.73653424
2025-01-16,0.43139146216155666,3,0.751685,0.7349303
2025-01-16,0.43139146216155666,5,0.75129485,0.7308463
2025-01-16,0.43139146216155666,10,0.7993686,0.7349029
2025-01-16,0.43139146216155666,21,0.7387182,0.75883156
2025-01-17,0.7818958867354731,1,0.7677014,0.71694577
2025-01-17,0.7818958867354731,3,0.7516071,0.7029052
2025-01-17,0.7818958867354731,5,0.748986,0.70213425
2025-01-17,0.7818958867354731,10,0.8002386,0.6976016
2025-01-17,0.7818958867354731,21,0.7303464,0.71033436
2025-01-20,0.26383534348850546,1,0.751685,0.733875
2025-01-20,0.26383534348850546,3,0.75129485,0.74266183
2025-01-20,0.26383534348850546,5,0.78194743,0.7533275
2025-01-20,0.26383534348850546,10,0.7863278,0.75627553
2025-01-20,0.26383534348850546,21,0.7175979,0.8341891
2025-01-21,-0.1626288469813275,1,0.7516071,0.7146342
2025-01-21,-0.1626288469813275,3,0.748986,0.7161406
2025-01-21,-0.1626288469813275,5,0.78212625,0.72565067
2025-01-21,-0.1626288469813275,10,0.78671736,0.72347057
2025-01-21,-0.1626288469813275,21,0.7230811,0.77792823
2025-01-22,-0.3878794589207146,1,0.75129485,0.75131446
2025-01-22,-0.3878794589207146,3,0.78194743,0.7579037
2025-01-22,-0.3878794589207146,5,0.801325,0.7635933
2025-01-22,-0.3878794589207146,10,0.78731924,0.770204
2025-01-22,-0.3878794589207146,21,0.7232546,0.8344675
2025-01-23,1.7273521459736152,1,0.748986,0.7661692
2025-01-23,1.7273521459736152,3,0.78212625,0.7552725
2025-01-23,1.7273521459736152,5,0.7993686,0.7685604
2025-01-23,1.7273521459736152,10,0.78717667,0.75858015
2025-01-23,1.7273521459736152,21,0.7206682,0.80433124
2025-01-24,0.3782591874764485,1,0.78194743,0.7876735
2025-01-24,0.3782591874764485,3,0.801325,0.797265
2025-01-24,0.3782591874764485,5,0.8002386,0.8119563
2025-01-24,0.3782591874764485,10,0.78273976,0.8172581
2025-01-24,0.3782591874764485,21,0.72087103,0.8986096
2025-02-03,-1.6683072897352602,1,0.78212625,0.806891
2025-02-03,-1.6683072897352602,3,0.7993686,0.7983016
2025-02-03,-1.6683072897352602,5,0.7863278,0.8065704
2025-02-03,-1.6683072897352602,10,0.78273165,0.8064773
2025-02-03,-1.6683072897352602,21,0.7250349,0.85708815
2025-02-04,0.8892580178699205,1,0.801325,0.78811145
2025-02-04,0.8892580178699205,3,0.8002386,0.7932467
2025-02-04,0.8892580178699205,5,0.78671736,0.79945123
2025-02-04,0.8892580178699205,10,0.7618837,0.81242514
2025-02-04,0.8892580178699205,21,0.7206242,0.8518851
2025-02-05,0.3114470500176658,1,0.7993686,0.7555072
2025-02-05,0.3114470500176658,3,0.7863278,0.76888895
2025-02-05,0.3114470500176658,5,0.78731924,0.77869904
2025-02-05,0.3114470500176658,10,0.74724334,0.78134626
2025-02-05,0.3114470500176658,21,0.72202927,0.8513562
2025-02-06,0.392812937161402,1,0.8002386,0.77222896
2025-02-06,0.392812937161402,3,0.78671736,0.7837415
2025-02-06,0.392812937161402,5,0.78717667,0.7863772
2025-02-06,0.392812937161402,10,0.74727625,0.7925654
2025-02-06,0.392812937161402,21,0.72356963,0.8520829
2025-02-07,0.3144856348745506,1,0.7863278,0.74648356
2025-02-07,0.3144856348745506,3,0.78731924,0.74560654
2025-02-07,0.3144856348745506,5,0.78273976,0.7420132
2025-02-07,0.3144856348745506,10,0.7387182,0.7353241
2025-02-07,0.3144856348745506,21,0.7259552,0.77644384
2025-02-10,-0.7426073173271597,1,0.78671736,0.7551322
2025-02-10,-0.7426073173271597,3,0.78717667,0.7549145
2025-02-10,-0.7426073173271597,5,0.78273165,0.7581351
2025-02-10,-0.7426073173271597,10,0.7303464,0.752955
2025-02-10,-0.7426073173271597,21,0.62502325,0.7987131
2025-02-11,0.5634493118066963,1,0.78731924,0.7326989
2025-02-11,0.5634493118066963,3,0.78273976,0.7262356
2025-02-11,0.5634493118066963,5,0.7618837,0.73315156
2025-02-11,0.5634493118066963,10,0.7175979,0.73981446
2025-02-11,0.5634493118066963,21,0.62493795,0.7818319
2025-02-12,-0.2034345223832723,1,0.78717667,0.75718504
2025-02-12,-0.2034345223832723,3,0.78273165,0.75996304
2025-02-12,-0.2034345223832723,5,0.74724334,0.753327
2025-02-12,-0.2034345223832723,10,0.7230811,0.74063617
2025-02-12,-0.2034345223832723,21,0.62480336,0.7777966
2025-02-13,0.15709982059997074,1,0.78273976,0.7716604
2025-02-13,0.15709982059997074,3,0.7618837,0.77854973
2025-02-13,0.15709982059997074,5,0.74727625,0.7724252
2025-02-13,0.15709982059997074,10,0.7232546,0.76835376
2025-02-13,0.15709982059997074,21,0.62500226,0.8008391
2025-02-14,0.20460747159765091,1,0.78273165,0.7685728
2025-02-14,0.20460747159765091,3,0.74724334,0.7668911
2025-02-14,0.20460747159765091,5,0.7387182,0.7597228
2025-02-14,0.20460747159765091,10,0.7206682,0.7567048
2025-02-14,0.20460747159765091,21,0.6274797,0.7933261
2025-02-17,-0.4868154671410885,1,0.7618837,0.70226073
2025-02-17,-0.4868154671410885,3,0.74727625,0.6796817
2025-02-17,-0.4868154671410885,5,0.7303464,0.6791278
2025-02-17,-0.4868154671410885,10,0.72087103,0.67615575
2025-02-17,-0.4868154671410885,21,0.6273369,0.68750745
2025-02-18,0.2530509698020822,1,0.74724334,0.70674527
2025-02-18,0.2530509698020822,3,0.7387182,0.71408606
2025-02-18,0.2530509698020822,5,0.7175979,0.7152611
2025-02-18,0.2530509698020822,10,0.7250349,0.73441654
2025-02-18,0.2530509698020822,21,0.6287992,0.79529184
2025-02-19,0.5406365819213832,1,0.74727625,0.6694233
2025-02-19,0.5406365819213832,3,0.7303464,0.6635238
2025-02-19,0.5406365819213832,5,0.7230811,0.67175436
2025-02-19,0.5406365819213832,10,0.7206242,0.67013496
2025-02-19,0.5406365819213832,21,0.6323776,0.7201937
2025-02-20,0.35707827955411275,1,0.7387182,0.7543019
2025-02-20,0.35707827955411275,3,0.7175979,0.7651843
2025-02-20,0.35707827955411275,5,0.7232546,0.7669176
2025-02-20,0.35707827955411275,10,0.72202927,0.7789562
2025-02-20,0.35707827955411275,21,0.64020264,0.82659984
2025-02-21,0.31666434173978075,1,0.7303464,0.86752653
2025-02-21,0.31666434173978075,3,0.7230811,0.8804288
2025-02-21,0.31666434173978075,5,0.7206682,0.88418734
2025-02-21,0.31666434173978075,10,0.72356963,0.8888875
2025-02-21,0.31666434173978075,21,0.6400761,0.93344104
2025-02-24,0.7938972995111371,1,0.7175979,0.7538874
2025-02-24,0.7938972995111371,3,0.7232546,0.75613034
2025-02-24,0.7938972995111371,5,0.72087103,0.7526827
2025-02-24,0.7938972995111371,10,0.7259552,0.7518397
2025-02-24,0.7938972995111371,21,0.61941344,0.7801285
2025-02-25,-0.2906338740473302,1,0.7230811,0.7234097
2025-02-25,-0.2906338740473302,3,0.7206682,0.7108427
2025-02-25,-0.2906338740473302,5,0.7250349,0.72133994
2025-02-25,-0.2906338740473302,10,0.62502325,0.7117394
2025-02-25,-0.2906338740473302,21,0.6277702,0.7952762
2025-02-26,0.0,1,0.7232546,0.7145329
2025-02-26,0.0,3,0.72087103,0.7057423
2025-02-26,0.0,5,0.7206242,0.71446407
2025-02-26,0.0,10,0.62493795,0.7163761
2025-02-26,0.0,21,0.6271339,0.7773184
2025-02-27,0.2246548529817538,1,0.7206682,0.68828297
2025-02-27,0.2246548529817538,3,0.7250349,0.688154
2025-02-27,0.2246548529817538,5,0.72202927,0.6969067
2025-02-27,0.2246548529817538,10,0.62480336,0.70124596
2025-02-27,0.2246548529817538,21,0.63193184,0.7777957
2025-02-28,-0.5286679837570141,1,0.72087103,0.78473425
2025-02-28,-0.5286679837570141,3,0.7206242,0.7798507
2025-02-28,-0.5286679837570141,5,0.72356963,0.7688463
2025-02-28,-0.5286679837570141,10,0.62500226,0.74345577
2025-02-28,-0.5286679837570141,21,0.60650754,0.74031353
2025-03-03,0.3481028982545986,1,0.7250349,0.6955955
2025-03-03,0.3481028982545986,3,0.72202927,0.6780325
2025-03-03,0.3481028982545986,5,0.7259552,0.6822952
2025-03-03,0.3481028982545986,10,0.6274797,0.67054623
2025-03-03,0.3481028982545986,21,0.6099495,0.7211217
2025-03-04,0.4990611758520558,1,0.7206242,0.7242173
2025-03-04,0.4990611758520558,3,0.72356963,0.7043325
2025-03-04,0.4990611758520558,5,0.62502325,0.7009969
2025-03-04,0.4990611758520558,10,0.6273369,0.6905908
2025-03-04,0.4990611758520558,21,0.6168129,0.700726
2025-03-05,-0.2972314295691447,1,0.72202927,0.67688406
2025-03-05,-0.2972314295691447,3,0.7259552,0.65286165
2025-03-05,-0.2972314295691447,5,0.62493795,0.657856
2025-03-05,-0.2972314295691447,10,0.6287992,0.6707217
2025-03-05,-0.2972314295691447,21,0.62819815,0.68799514
2025-03-06,1.1452524091464689,1,0.72356963,0.64384973
2025-03-06,1.1452524091464689,3,0.62502325,0.6255945
2025-03-06,1.1452524091464689,5,0.62480336,0.6290306
2025-03-06,1.1452524091464689,10,0.6323776,0.6230771
2025-03-06,1.1452524091464689,21,0.62750703,0.62029105
2025-03-07,0.7330166894314871,1,0.7259552,0.67301023
2025-03-07,0.7330166894314871,3,0.62493795,0.67217135
2025-03-07,0.7330166894314871,5,0.62500226,0.66591275
2025-03-07,0.7330166894314871,10,0.64020264,0.67227924
2025-03-07,0.7330166894314871,21,1.1037171,0.6983599
2025-03-10,0.09349693579645546,1,0.62502325,0.6544249
2025-03-10,0.09349693579645546,3,0.62480336,0.6699156
2025-03-10,0.09349693579645546,5,0.6274797,0.6708236
2025-03-10,0.09349693579645546,10,0.6400761,0.6889055
2025-03-10,0.09349693579645546,21,1.0835143,0.6783244
2025-03-11,0.17955647205223357,1,0.62493795,0.64478904
2025-03-11,0.17955647205223357,3,0.62500226,0.6438914
2025-03-11,0.17955647205223357,5,0.6273369,0.6372596
2025-03-11,0.17955647205223357,10,0.61941344,0.6403524
2025-03-11,0.17955647205223357,21,1.37705,0.64608574
2025-03-12,-0.08471048188507524,1,0.62480336,0.6691521
2025-03-12,-0.08471048188507524,3,0.6274797,0.67801434
2025-03-12,-0.08471048188507524,5,0.6287992,0.6743374
2025-03-12,-0.08471048188507524,10,0.6277702,0.6829744
2025-03-12,-0.08471048188507524,21,1.4069582,0.7199014
2025-03-13,-0.3662282980516629,1,0.62500226,0.64641523
2025-03-13,-0.3662282980516629,3,0.6273369,0.64974356
2025-03-13,-0.3662282980516629,5,0.6323776,0.6392766
2025-03-13,-0.3662282980516629,10,0.6271339,0.62983316
2025-03-13,-0.3662282980516629,21,1.6589106,0.6647102
2025-03-14,-0.019464158975512902,1,0.6274797,0.6627929
2025-03-14,-0.019464158975512902,3,0.6287992,0.66312003
2025-03-14,-0.019464158975512902,5,0.64020264,0.6607729
2025-03-14,-0.019464158975512902,10,0.63193184,0.66013813
2025-03-14,-0.019464158975512902,21,1.769438,0.69114345
2025-03-17,0.5657957601265196,1,0.6273369,0.65079385
2025-03-17,0.5657957601265196,3,0.6323776,0.64226305
2025-03-17,0.5657957601265196,5,0.6400761,0.6390587
2025-03-17,0.5657957601265196,10,0.60650754,0.62046546
2025-03-17,0.5657957601265196,21,1.767254,0.64757377
2025-03-18,-0.44978772022554736,1,0.6287992,0.64750177
2025-03-18,-0.44978772022554736,3,0.64020264,0.6451932
2025-03-18,-0.44978772022554736,5,0.61941344,0.63716245
2025-03-18,-0.44978772022554736,10,0.6099495,0.629824
2025-03-18,-0.44978772022554736,21,1.7731227,0.64519614
2025-03-19,-0.796021945609926,1,0.6323776,0.6791143
2025-03-19,-0.796021945609926,3,0.6400761,0.671098
2025-03-19,-0.796021945609926,5,0.6277702,0.6691054
2025-03-19,-0.796021945609926,10,0.6168129,0.66208225
2025-03-19,-0.796021945609926,21,1.7793454,0.68845993
2025-03-20,0.09577085380385597,1,0.64020264,0.62290907
2025-03-20,0.09577085380385597,3,0.61941344,0.61139864
2025-03-20,0.09577085380385597,5,0.6271339,0.6226027
2025-03-20,0.09577085380385597,10,0.62819815,0.625524
2025-03-20,0.09577085380385597,21,1.7800176,0.63986146
2025-03-21,-0.04932504579153729,1,0.6400761,0.6033825
2025-03-21,-0.04932504579153729,3,0.6277702,0.5901674
2025-03-21,-0.04932504579153729,5,0.63193184,0.5871409
2025-03-21,-0.04932504579153729,10,0.62750703,0.5780118
2025-03-21,-0.04932504579153729,21,1.7794391,0.57115704
2025-03-24,0.8978127964606841,1,0.61941344,0.6092596
2025-03-24,0.8978127964606841,3,0.6271339,0.6067641
2025-03-24,0.8978127964606841,5,0.60650754,0.6026068
2025-03-24,0.8978127964606841,10,1.1037171,0.60067385
2025-03-24,0.8978127964606841,21,1.7803664,0.6094199
2025-03-25,-0.137435306523237,1,0.6277702,0.5966124
2025-03-25,-0.137435306523237,3,0.63193184,0.59713143
2025-03-25,-0.137435306523237,5,0.6099495,0.6038871
2025-03-25,-0.137435306523237,10,1.0835143,0.59981775
2025-03-25,-0.137435306523237,21,1.780314,0.6275739
2025-03-26,-0.5284714818248659,1,0.6271339,0.6322022
2025-03-26,-0.5284714818248659,3,0.60650754,0.6204945
2025-03-26,-0.5284714818248659,5,0.6168129,0.6190436
2025-03-26,-0.5284714818248659,10,1.37705,0.59687054
2025-03-26,-0.5284714818248659,21,1.784907,0.6372429
2025-03-27,-0.08762623988758378,1,0.63193184,0.61439526
2025-03-27,-0.08762623988758378,3,0.6099495,0.6065682
2025-03-27,-0.08762623988758378,5,0.62819815,0.60975206
2025-03-27,-0.08762623988758378,10,1.4069582,0.6002044
2025-03-27,-0.08762623988758378,21,1.786295,0.6176401
2025-03-28,-0.45966408603614894,1,0.60650754,0.5986977
2025-03-28,-0.45966408603614894,3,0.6168129,0.60456145
2025-03-28,-0.45966408603614894,5,0.62750703,0.6048001
2025-03-28,-0.45966408603614894,10,1.6589106,0.62587273
2025-03-28,-0.45966408603614894,21,1.7730463,0.6507036
2025-03-31,-0.7341667348191194,1,0.6099495,0.5686535
2025-03-31,-0.7341667348191194,3,0.62819815,0.5700275
2025-03-31,-0.7341667348191194,5,1.1037171,0.5748323
2025-03-31,-0.7341667348191194,10,1.769438,0.577148
2025-03-31,-0.7341667348191194,21,1.7728363,0.60913527
2025-04-01,0.950827912185126,1,0.6168129,0.62891185
2025-04-01,0.950827912185126,3,0.62750703,0.62992424
2025-04-01,0.950827912185126,5,1.0835143,0.6262902
2025-04-01,0.950827912185126,10,1.767254,0.63505465
2025-04-01,0.950827912185126,21,1.7601616,0.65029615
2025-04-02,0.002178767906890755,1,0.62819815,0.63113964
2025-04-02,0.002178767906890755,3,1.1037171,0.62420785
2025-04-02,0.002178767906890755,5,1.37705,0.61841345
2025-04-02,0.002178767906890755,10,1.7731227,0.6265631
2025-04-02,0.002178767906890755,21,1.7595345,0.6579491
2025-04-03,-7.052227383870147,1,0.62750703,0.6375169
2025-04-03,-7.052227383870147,3,1.0835143,0.6179956
2025-04-03,-7.052227383870147,5,1.4069582,0.6085781
2025-04-03,-7.052227383870147,10,1.7793454,0.59714293
2025-04-03,-7.052227383870147,21,1.7590498,0.61451054
2025-04-04,-0.20751265394007845,1,1.1037171,1.1456044
2025-04-04,-0.20751265394007845,3,1.37705,1.151197
2025-04-04,-0.20751265394007845,5,1.6589106,1.1732336
2025-04-04,-0.20751265394007845,10,1.7800176,1.1917324
2025-04-04,-0.20751265394007845,21,1.759034,1.1654168
2025-04-08,-6.702184443558146,1,1.0835143,0.8359345
2025-04-08,-6.702184443558146,3,1.4069582,0.8595655
2025-04-08,-6.702184443558146,5,1.769438,0.8527142
2025-04-08,-6.702184443558146,10,1.7794391,0.84677255
2025-04-08,-6.702184443558146,21,1.776798,0.8796068
2025-04-09,-2.4369494219783405,1,1.37705,1.0999751
2025-04-09,-2.4369494219783405,3,1.6589106,1.1111597
2025-04-09,-2.4369494219783405,5,1.767254,1.1171722
2025-04-09,-2.4369494219783405,10,1.7803664,1.1359689
2025-04-09,-2.4369494219783405,21,1.7740909,1.1179981
2025-04-10,6.670048316212895,1,1.4069582,0.982606
2025-04-10,6.670048316212895,3,1.769438,1.0055969
2025-04-10,6.670048316212895,5,1.7731227,0.9936156
2025-04-10,6.670048316212895,10,1.780314,0.9998134
2025-04-10,6.670048316212895,21,1.7822125,1.0078334
2025-04-11,4.7405944696320645,1,1.6589106,1.1903324
2025-04-11,4.7405944696320645,3,1.767254,1.1959484
2025-04-11,4.7405944696320645,5,1.7793454,1.20286
2025-04-11,4.7405944696320645,10,1.784907,1.2059019
2025-04-11,4.7405944696320645,21,1.7844048,1.2179601
2025-04-14,1.2087513104405367,1,1.769438,1.0793656
2025-04-14,1.2087513104405367,3,1.7731227,1.0731075
2025-04-14,1.2087513104405367,5,1.7800176,1.0960034
2025-04-14,1.2087513104405367,10,1.786295,1.1019516
2025-04-14,1.2087513104405367,21,1.7892166,1.1251264
2025-04-15,-1.146172608051188,1,1.767254,1.1781797
2025-04-15,-1.146172608051188,3,1.7793454,1.2057582
2025-04-15,-1.146172608051188,5,1.7794391,1.2110096
2025-04-15,-1.146172608051188,10,1.7730463,1.2303307
2025-04-15,-1.146172608051188,21,1.7892962,1.2832414
2025-04-16,-1.3448691759827547,1,1.7731227,1.2208121
2025-04-16,-1.3448691759827547,3,1.7800176,1.227383
2025-04-16,-1.3448691759827547,5,1.7803664,1.2328471
2025-04-16,-1.3448691759827547,10,1.7728363,1.233808
2025-04-16,-1.3448691759827547,21,1.7956258,1.2680426
2025-04-17,0.7533891767428358,1,1.7793454,1.237281
2025-04-17,0.7533891767428358,3,1.7794391,1.2667215
2025-04-17,0.7533891767428358,5,1.780314,1.2674991
2025-04-17,0.7533891767428358,10,1.7601616,1.2818308
2025-04-17,0.7533891767428358,21,1.7961758,1.3061202
2025-04-18,0.24604595303729937,1,1.7800176,1.1890587
2025-04-18,0.24604595303729937,3,1.7803664,1.1942322
2025-04-18,0.24604595303729937,5,1.784907,1.1814482
2025-04-18,0.24604595303729937,10,1.7595345,1.1674881
2025-04-18,0.24604595303729937,21,1.8123068,1.2043409
2025-04-21,-0.9190498946917813,1,1.7794391,1.0590072
2025-04-21,-0.9190498946917813,3,1.780314,1.0758282
2025-04-21,-0.9190498946917813,5,1.786295,1.0821635
2025-04-21,-0.9190498946917813,10,1.7590498,1.0969
2025-04-21,-0.9190498946917813,21,1.8145912,1.1507834
2025-04-22,-0.3025533613675968,1,1.7803664,1.1983395
2025-04-22,-0.3025533613675968,3,1.784907,1.2304176
2025-04-22,-0.3025533613675968,5,1.7730463,1.2432238
2025-04-22,-0.3025533613675968,10,1.759034,1.2850528
2025-04-22,-0.3025533613675968,21,1.8170362,1.3250589
2025-04-23,0.9763247421162191,1,1.780314,0.9707699
2025-04-23,0.9763247421162191,3,1.786295,0.9857502
2025-04-23,0.9763247421162191,5,1.7728363,0.99252224
2025-04-23,0.9763247421162191,10,1.776798,0.99877983
2025-04-23,0.9763247421162191,21,1.8145924,1.0349938
2025-04-24,0.6593514536361589,1,1.784907,1.1446655
2025-04-24,0.6593514536361589,3,1.7730463,1.1684561
2025-04-24,0.6593514536361589,5,1.7601616,1.1722254
2025-04-24,0.6593514536361589,10,1.7740909,1.1856096
2025-04-24,0.6593514536361589,21,1.8181984,1.2177128
2025-04-25,0.4199577085531203,1,1.786295,1.0034125
2025-04-25,0.4199577085531203,3,1.7728363,1.0028361
2025-04-25,0.4199577085531203,5,1.7595345,1.0013409
2025-04-25,0.4199577085531203,10,1.7822125,1.0144173
2025-04-25,0.4199577085531203,21,1.8183104,1.0458605
2025-04-28,-0.36965244601923075,1,1.7730463,0.97477794
2025-04-28,-0.36965244601923075,3,1.7601616,0.98530877
2025-04-28,-0.36965244601923075,5,1.7590498,0.98843145
2025-04-28,-0.36965244601923075,10,1.7844048,1.0118109
2025-04-28,-0.36965244601923075,21,1.8185035,1.0369418
2025-04-29,-0.19755541216657235,1,1.7728363,1.5442191
2025-04-29,-0.19755541216657235,3,1.7595345,1.5744748
2025-04-29,-0.19755541216657235,5,1.759034,1.6104432
2025-04-29,-0.19755541216657235,10,1.7892166,1.6391933
2025-04-29,-0.19755541216657235,21,1.8168489,1.5317605
2025-05-05,0.8121285330918049,1,1.7601616,1.1551352
2025-05-05,0.8121285330918049,3,1.7590498,1.2061247
2025-05-05,0.8121285330918049,5,1.776798,1.2116652
2025-05-05,0.8121285330918049,10,1.7892962,1.2612224
2025-05-05,0.8121285330918049,21,1.8183739,1.3045772
2025-05-06,-0.05681667684385161,1,1.7595345,1.4356312
2025-05-06,-0.05681667684385161,3,1.759034,1.4415536
2025-05-06,-0.05681667684385161,5,1.7740909,1.4667996
2025-05-06,-0.05681667684385161,10,1.7956258,1.5034046
2025-05-06,-0.05681667684385161,21,1.8175921,1.4096416
2025-05-07,0.3887376986487112,1,1.7590498,1.1773587
2025-05-07,0.3887376986487112,3,1.776798,1.1878104
2025-05-07,0.3887376986487112,5,1.7822125,1.2091109
2025-05-07,0.3887376986487112,10,1.7961758,1.2513928
2025-05-07,0.3887376986487112,21,1.8211709,1.2041206
2025-05-08,1.965757083491848,1,1.759034,1.2821609
2025-05-08,1.965757083491848,3,1.7740909,1.3142493
2025-05-08,1.965757083491848,5,1.7844048,1.3455979
2025-05-08,1.965757083491848,10,1.8123068,1.3780599
2025-05-08,1.965757083491848,21,1.8162451,1.4361138
2025-05-09,0.08507962856230122,1,1.776798,1.1489974
2025-05-09,0.08507962856230122,3,1.7822125,1.1693938
2025-05-09,0.08507962856230122,5,1.7892166,1.1921812
2025-05-09,0.08507962856230122,10,1.8145912,1.2179098
2025-05-09,0.08507962856230122,21,1.8144654,1.2929329
2025-05-12,1.4528811628259142,1,1.7740909,1.1981263
2025-05-12,1.4528811628259142,3,1.7844048,1.237257
2025-05-12,1.4528811628259142,5,1.7892962,1.2514781
2025-05-12,1.4528811628259142,10,1.8170362,1.275485
2025-05-12,1.4528811628259142,21,1.8188796,1.3386333
2025-05-13,0.7797282155499019,1,1.7822125,1.2354938
2025-05-13,0.7797282155499019,3,1.7892166,1.2753778
2025-05-13,0.7797282155499019,5,1.7956258,1.2961076
2025-05-13,0.7797282155499019,10,1.8145924,1.3213356
2025-05-13,0.7797282155499019,21,1.8306023,1.3946856
2025-05-14,1.0853683948929493,1,1.7844048,1.2456694
2025-05-14,1.0853683948929493,3,1.7892962,1.2837012
2025-05-14,1.0853683948929493,5,1.7961758,1.293692
2025-05-14,1.0853683948929493,10,1.8181984,1.3174708
2025-05-14,1.0853683948929493,21,1.8320957,1.3447068
2025-05-15,0.2586306882890632,1,1.7892166,1.2188622
2025-05-15,0.2586306882890632,3,1.7956258,1.2566278
2025-05-15,0.2586306882890632,5,1.8123068,1.2603002
2025-05-15,0.2586306882890632,10,1.8183104,1.2832706
2025-05-15,0.2586306882890632,21,1.831424,1.3176236
2025-05-16,-1.2240230639916305,1,1.7892962,1.1519718
2025-05-16,-1.2240230639916305,3,1.7961758,1.1806288
2025-05-16,-1.2240230639916305,5,1.8145912,1.1970286
2025-05-16,-1.2240230639916305,10,1.8185035,1.2268066
2025-05-16,-1.2240230639916305,21,1.8324282,1.2742211
2025-05-19,-0.339340240758812,1,1.7956258,1.2205495
2025-05-19,-0.339340240758812,3,1.8123068,1.2549078
2025-05-19,-0.339340240758812,5,1.8170362,1.2715591
2025-05-19,-0.339340240758812,10,1.8168489,1.3154762
2025-05-19,-0.339340240758812,21,1.8339615,1.3444668
2025-05-20,1.9926967184753508,1,1.7961758,1.1198516
2025-05-20,1.9926967184753508,3,1.8145912,1.14365
2025-05-20,1.9926967184753508,5,1.8145924,1.1597929
2025-05-20,1.9926967184753508,10,1.8183739,1.2001531
2025-05-20,1.9926967184753508,21,1.8410306,1.2221315
2025-05-21,0.8376775267912251,1,1.8123068,1.2506232
2025-05-21,0.8376775267912251,3,1.8170362,1.2950037
2025-05-21,0.8376775267912251,5,1.8181984,1.3166133
2025-05-21,0.8376775267912251,10,1.8175921,1.3587899
2025-05-21,0.8376775267912251,21,1.8401548,1.4239995
2025-05-22,-0.6928466837486269,1,1.8145912,1.2084757
2025-05-22,-0.6928466837486269,3,1.8145924,1.2501972
2025-05-22,-0.6928466837486269,5,1.8183104,1.265897
2025-05-22,-0.6928466837486269,10,1.8211709,1.3202825
2025-05-22,-0.6928466837486269,21,1.8401605,1.3695865
2025-05-23,-0.011351704186779443,1,1.8170362,1.1127238
2025-05-23,-0.011351704186779443,3,1.8181984,1.1272106
2025-05-23,-0.011351704186779443,5,1.8185035,1.1472602
2025-05-23,-0.011351704186779443,10,1.8162451,1.1727786
2025-05-23,-0.011351704186779443,21,1.8407221,1.2293847
2025-05-26,1.0200388452007658,1,1.8145924,1.4745418
2025-05-26,1.0200388452007658,3,1.8183104,1.5082138
2025-05-26,1.0200388452007658,5,1.8168489,1.5247277
2025-05-26,1.0200388452007658,10,1.8144654,1.5576496
2025-05-26,1.0200388452007658,21,1.8381095,1.4254469
2025-05-27,0.2525165302098564,1,1.8181984,1.3511606
2025-05-27,0.2525165302098564,3,1.8185035,1.3894304
2025-05-27,0.2525165302098564,5,1.8183739,1.3971053
2025-05-27,0.2525165302098564,10,1.8188796,1.446904
2025-05-27,0.2525165302098564,21,1.8411995,1.4115678
2025-05-28,0.33151056363882603,1,1.8183104,1.5565141
2025-05-28,0.33151056363882603,3,1.8168489,1.5511979
2025-05-28,0.33151056363882603,5,1.8175921,1.5611559
2025-05-28,0.33151056363882603,10,1.8306023,1.55953
2025-05-28,0.33151056363882603,21,1.843274,1.4078988
2025-05-29,-0.0432997185299655,1,1.8185035,1.3796335
2025-05-29,-0.0432997185299655,3,1.8183739,1.3810245
2025-05-29,-0.0432997185299655,5,1.8211709,1.3852147
2025-05-29,-0.0432997185299655,10,1.8320957,1.3914025
2025-05-29,-0.0432997185299655,21,1.843146,1.2871577
2025-05-30,-0.5526675480440169,1,1.8168489,1.4571921
2025-05-30,-0.5526675480440169,3,1.8175921,1.473417
2025-05-30,-0.5526675480440169,5,1.8162451,1.4812397
2025-05-30,-0.5526675480440169,10,1.831424,1.4827712
2025-05-30,-0.5526675480440169,21,1.841945,1.403151
2025-06-02,-0.04496402953453327,1,1.8183739,1.3188623
2025-06-02,-0.04496402953453327,3,1.8211709,1.3252175
2025-06-02,-0.04496402953453327,5,1.8144654,1.3463571
2025-06-02,-0.04496402953453327,10,1.8324282,1.3563414
2025-06-02,-0.04496402953453327,21,1.8410001,1.3841078
2025-06-03,1.0367423534062503,1,1.8175921,1.4192197
2025-06-03,1.0367423534062503,3,1.8162451,1.4383116
2025-06-03,1.0367423534062503,5,1.8188796,1.4466709
2025-06-03,1.0367423534062503,10,1.8339615,1.4505441
2025-06-03,1.0367423534062503,21,1.8379078,1.412885
2025-06-04,-0.1802899745265485,1,1.8211709,1.4052534
2025-06-04,-0.1802899745265485,3,1.8144654,1.4316943
2025-06-04,-0.1802899745265485,5,1.8306023,1.4340253
2025-06-04,-0.1802899745265485,10,1.8410306,1.4233916
2025-06-04,-0.1802899745265485,21,1.8380512,1.4251232
2025-06-05,-0.20225556646131793,1,1.8162451,1.518385
2025-06-05,-0.20225556646131793,3,1.8188796,1.5400735
2025-06-05,-0.20225556646131793,5,1.8320957,1.5321704
2025-06-05,-0.20225556646131793,10,1.8401548,1.5132723
2025-06-05,-0.20225556646131793,21,1.5837445,1.4760697
2025-06-06,-0.9406140159009091,1,1.8144654,1.4797786
2025-06-06,-0.9406140159009091,3,1.8306023,1.4976314
2025-06-06,-0.9406140159009091,5,1.831424,1.4709755
2025-06-06,-0.9406140159009091,10,1.8401605,1.4098153
2025-06-06,-0.9406140159009091,21,1.5833161,1.3036406
2025-06-09,-1.5919186270981989,1,1.8188796,1.3775932
2025-06-09,-1.5919186270981989,3,1.8320957,1.398114
2025-06-09,-1.5919186270981989,5,1.8324282,1.3988734
2025-06-09,-1.5919186270981989,10,1.8407221,1.3971777
2025-06-09,-1.5919186270981989,21,1.2999182,1.3419381
2025-06-10,0.5897110665034511,1,1.8306023,1.4087793
2025-06-10,0.5897110665034511,3,1.831424,1.4291965
2025-06-10,0.5897110665034511,5,1.8339615,1.4480953
2025-06-10,0.5897110665034511,10,1.8381095,1.4720557
2025-06-10,0.5897110665034511,21,1.2532767,1.4905522
2025-06-11,0.023487795351329055,1,1.8320957,1.3003448
2025-06-11,0.023487795351329055,3,1.8324282,1.298878
2025-06-11,0.023487795351329055,5,1.8410306,1.3082548
2025-06-11,0.023487795351329055,10,1.8411995,1.3204312
2025-06-11,0.023487795351329055,21,0.96302944,1.3011742
2025-06-12,0.4976388446110036,1,1.831424,1.3917087
2025-06-12,0.4976388446110036,3,1.8339615,1.4040681
2025-06-12,0.4976388446110036,5,1.8401548,1.4249719
2025-06-12,0.4976388446110036,10,1.843274,1.4185894
2025-06-12,0.4976388446110036,21,0.7782408,1.3484459
2025-06-13,-0.7791434757850269,1,1.8324282,1.3110725
2025-06-13,-0.7791434757850269,3,1.8410306,1.3374767
2025-06-13,-0.7791434757850269,5,1.8401605,1.338351
2025-06-13,-0.7791434757850269,10,1.843146,1.348043
2025-06-13,-0.7791434757850269,21,0.78979045,1.2891345
2025-06-16,1.3574307774287142,1,1.8339615,1.3616651
2025-06-16,1.3574307774287142,3,1.8401548,1.3915119
2025-06-16,1.3574307774287142,5,1.8407221,1.3783443
2025-06-16,1.3574307774287142,10,1.841945,1.3393137
2025-06-16,1.3574307774287142,21,0.7842476,1.1642385
2025-06-17,0.7742680015086378,1,1.8410306,1.674587
2025-06-17,0.7742680015086378,3,1.8401605,1.6832367
2025-06-17,0.7742680015086378,5,1.8381095,1.6822008
2025-06-17,0.7742680015086378,10,1.8410001,1.5737832
2025-06-17,0.7742680015086378,21,0.7549909,1.0935357
2025-06-18,0.11171703240551167,1,1.8401548,1.6022515
2025-06-18,0.11171703240551167,3,1.8407221,1.6330746
2025-06-18,0.11171703240551167,5,1.8411995,1.6104956
2025-06-18,0.11171703240551167,10,1.8379078,1.5504067
2025-06-18,0.11171703240551167,21,0.76613957,1.2555443
2025-06-19,0.43937138318641544,1,1.8401605,1.5824845
2025-06-19,0.43937138318641544,3,1.8381095,1.5652796
2025-06-19,0.43937138318641544,5,1.843274,1.5507864
2025-06-19,0.43937138318641544,10,1.8380512,1.4474192
2025-06-19,0.43937138318641544,21,0.775558,1.1402978
2025-06-20,-0.28596396583786543,1,1.8407221,1.4969631
2025-06-20,-0.28596396583786543,3,1.8411995,1.4781874
2025-06-20,-0.28596396583786543,5,1.843146,1.4513968
2025-06-20,-0.28596396583786543,10,1.5837445,1.3370585
2025-06-20,-0.28596396583786543,21,0.76588184,1.0134836
2025-06-23,0.9107019394871685,1,1.8381095,1.6497203
2025-06-23,0.9107019394871685,3,1.843274,1.6308336
2025-06-23,0.9107019394871685,5,1.841945,1.5599114
2025-06-23,0.9107019394871685,10,1.5833161,1.3857169
2025-06-23,0.9107019394871685,21,0.7608481,1.0630462
2025-06-24,0.994814327010829,1,1.8411995,1.3461324
2025-06-24,0.994814327010829,3,1.843146,1.3064556
2025-06-24,0.994814327010829,5,1.8410001,1.2651244
2025-06-24,0.994814327010829,10,1.2999182,1.1280081
2025-06-24,0.994814327010829,21,0.777022,1.0048743
2025-06-25,0.1748538776735309,1,1.843274,1.4384271
2025-06-25,0.1748538776735309,3,1.841945,1.4064465
2025-06-25,0.1748538776735309,5,1.8379078,1.3586384
2025-06-25,0.1748538776735309,10,1.2532767,1.1938503
2025-06-25,0.1748538776735309,21,0.7946859,0.9591122
2025-06-26,-0.12222895206468465,1,1.843146,1.5094693
2025-06-26,-0.12222895206468465,3,1.8410001,1.4871469
2025-06-26,-0.12222895206468465,5,1.8380512,1.424641
2025-06-26,-0.12222895206468465,10,0.96302944,1.2643518
2025-06-26,-0.12222895206468465,21,0.7979891,1.0961199
2025-06-27,0.8382541106664476,1,1.841945,1.5681541
2025-06-27,0.8382541106664476,3,1.8379078,1.5507715
2025-06-27,0.8382541106664476,5,1.5837445,1.4856464
2025-06-27,0.8382541106664476,10,0.7782408,1.3078775
2025-06-27,0.8382541106664476,21,0.7921361,1.0740501
2025-06-30,0.11308809548014054,1,1.8410001,1.5026715
2025-06-30,0.11308809548014054,3,1.8380512,1.4521432
2025-06-30,0.11308809548014054,5,1.5833161,1.3743845
2025-06-30,0.11308809548014054,10,0.78979045,1.1805122
2025-06-30,0.11308809548014054,21,0.7884693,0.9486783
2025-07-01,-0.09479572233246358,1,1.8379078,1.4460486
2025-07-01,-0.09479572233246358,3,1.5837445,1.411848
2025-07-01,-0.09479572233246358,5,1.2999182,1.3572266
2025-07-01,-0.09479572233246358,10,0.7842476,1.1938579
2025-07-01,-0.09479572233246358,21,0.8007112,0.90570515
2025-07-02,0.44610945518952505,1,1.8380512,1.3954003
2025-07-02,0.44610945518952505,3,1.5833161,1.3668082
2025-07-02,0.44610945518952505,5,1.2532767,1.3352453
2025-07-02,0.44610945518952505,10,0.7549909,1.1911831
2025-07-02,0.44610945518952505,21,1.0159408,0.9510202
2025-07-03,-0.10526458818933548,1,1.5837445,1.3620209
2025-07-03,-0.10526458818933548,3,1.2999182,1.3163645
2025-07-03,-0.10526458818933548,5,0.96302944,1.2639894
2025-07-03,-0.10526458818933548,10,0.76613957,1.1457751
2025-07-03,-0.10526458818933548,21,1.016393,0.9377095
2025-07-04,0.509770562881684,1,1.5833161,1.2915529
2025-07-04,0.509770562881684,3,1.2532767,1.2445909
2025-07-04,0.509770562881684,5,0.7782408,1.2038699
2025-07-04,0.509770562881684,10,0.775558,1.0913036
2025-07-04,0.509770562881684,21,1.0076358,0.9030523
2025-07-07,1.3271563934387665,1,1.2999182,0.9487561
2025-07-07,1.3271563934387665,3,0.96302944,0.9203602
2025-07-07,1.3271563934387665,5,0.78979045,0.8958322
2025-07-07,1.3271563934387665,10,0.76588184,0.802128
2025-07-07,1.3271563934387665,21,1.0083724,0.78080815
2025-07-08,1.3568657740851364,1,1.2532767,0.8863758
2025-07-08,1.3568657740851364,3,0.7782408,0.8819556
2025-07-08,1.3568657740851364,5,0.7842476,0.882352
2025-07-08,1.3568657740851364,10,0.7608481,0.8298923
2025-07-08,1.3568657740851364,21,1.0332772,0.8669934
2025-07-09,0.9113044509565071,1,0.96302944,0.7957249
2025-07-09,0.9113044509565071,3,0.78979045,0.7775087
2025-07-09,0.9113044509565071,5,0.7549909,0.7752191
2025-07-09,0.9113044509565071,10,0.777022,0.74791926
2025-07-09,0.9113044509565071,21,1.0604436,0.8199821
2025-07-10,1.6751606938315788,1,0.7782408,0.80459756
2025-07-10,1.6751606938315788,3,0.7842476,0.80256796
2025-07-10,1.6751606938315788,5,0.76613957,0.79704154
2025-07-10,1.6751606938315788,10,0.7946859,0.7866834
2025-07-10,1.6751606938315788,21,1.0757203,0.83323014
2025-07-11,1.5597705064808842,1,0.78979045,0.7706789
2025-07-11,1.5597705064808842,3,0.7549909,0.775682
2025-07-11,1.5597705064808842,5,0.775558,0.78562653
2025-07-11,1.5597705064808842,10,0.7979891,0.7819348
2025-07-11,1.5597705064808842,21,1.0764217,0.88770515
2025-07-14,0.7282033135486365,1,0.7842476,0.8693814
2025-07-14,0.7282033135486365,3,0.76613957,0.85277885
2025-07-14,0.7282033135486365,5,0.76588184,0.8349509
2025-07-14,0.7282033135486365,10,0.7921361,0.8174227
2025-07-14,0.7282033135486365,21,1.0605571,0.8379355
2025-07-15,-0.7388688091121587,1,0.7549909,0.77045107
2025-07-15,-0.7388688091121587,3,0.775558,0.7812681
2025-07-15,-0.7388688091121587,5,0.7608481,0.7839825
2025-07-15,-0.7388688091121587,10,0.7884693,0.78917676
2025-07-15,-0.7388688091121587,21,1.0575068,0.85639995
2025-07-16,1.2829560125508621,1,0.76613957,0.75750446
2025-07-16,1.2829560125508621,3,0.76588184,0.7635336
2025-07-16,1.2829560125508621,5,0.777022,0.7732792
2025-07-16,1.2829560125508621,10,0.8007112,0.79011345
2025-07-16,1.2829560125508621,21,1.0379556,0.8671514
2025-07-17,1.2483542231085387,1,0.775558,0.72542703
2025-07-17,1.2483542231085387,3,0.7608481,0.73408324
2025-07-17,1.2483542231085387,5,0.7946859,0.7508576
2025-07-17,1.2483542231085387,10,1.0159408,0.76575583
2025-07-17,1.2483542231085387,21,1.0377373,0.8577739
2025-07-18,0.5618249334879977,1,0.76588184,0.80073196
2025-07-18,0.5618249334879977,3,0.777022,0.8158851
2025-07-18,0.5618249334879977,5,0.7979891,0.8438592
2025-07-18,0.5618249334879977,10,1.016393,0.8709337
2025-07-18,0.5618249334879977,21,1.0568113,0.965722
2025-07-21,-0.968842867183195,1,0.7608481,0.8840382
2025-07-21,-0.968842867183195,3,0.7946859,0.90769017
2025-07-21,-0.968842867183195,5,0.7921361,0.93092
2025-07-21,-0.968842867183195,10,1.0076358,0.9652363
2025-07-21,-0.968842867183195,21,1.0631392,1.072579
2025-07-22,1.7003856657377803,1,0.777022,0.8726869
2025-07-22,1.7003856657377803,3,0.7979891,0.89330256
2025-07-22,1.7003856657377803,5,0.7884693,0.9125087
2025-07-22,1.7003856657377803,10,1.0083724,0.939964
2025-07-22,1.7003856657377803,21,1.0603218,1.024654
2025-07-23,-0.17951101680866444,1,0.7946859,0.8246619
2025-07-23,-0.17951101680866444,3,0.7921361,0.8393305
2025-07-23,-0.17951101680866444,5,0.8007112,0.8638791
2025-07-23,-0.17951101680866444,10,1.0332772,0.88408214
2025-07-23,-0.17951101680866444,21,1.067286,1.0008634
2025-07-24,0.4960423418319593,1,0.7979891,0.8803146
2025-07-24,0.4960423418319593,3,0.7884693,0.8894671
2025-07-24,0.4960423418319593,5,1.0159408,0.8981643
2025-07-24,0.4960423418319593,10,1.0604436,0.91972154
2025-07-24,0.4960423418319593,21,1.0699409,0.97740966
2025-07-25,0.48640564768982486,1,0.7921361,0.8684601
2025-07-25,0.48640564768982486,3,0.8007112,0.88451254
2025-07-25,0.48640564768982486,5,1.016393,0.8919729
2025-07-25,0.48640564768982486,10,1.0757203,0.90461975
2025-07-25,0.48640564768982486,21,1.1014496,0.95930594
2025-07-28,1.563200486933436,1,0.7884693,0.8851632
2025-07-28,1.563200486933436,3,1.0159408,0.90401286
2025-07-28,1.563200486933436,5,1.0076358,0.9042462
2025-07-28,1.563200486933436,10,1.0764217,0.91964823
2025-07-28,1.563200486933436,21,1.1953537,0.96589833
2025-07-29,-4.483222452701607,1,0.8007112,0.86232924
2025-07-29,-4.483222452701607,3,1.016393,0.8716296
2025-07-29,-4.483222452701607,5,1.0083724,0.86997235
2025-07-29,-4.483222452701607,10,1.0605571,0.8717843
2025-07-29,-4.483222452701607,21,1.224654,0.90406793
2025-07-30,0.5836299303309644,1,1.0159408,1.0392852
2025-07-30,0.5836299303309644,3,1.0076358,1.0466859
2025-07-30,0.5836299303309644,5,1.0332772,1.0590408
2025-07-30,0.5836299303309644,10,1.0575068,1.0717466
2025-07-30,0.5836299303309644,21,1.2911977,1.1040771
2025-07-31,-0.9581066572942554,1,1.016393,1.0384699
2025-07-31,-0.9581066572942554,3,1.0083724,1.0697273
2025-07-31,-0.9581066572942554,5,1.0604436,1.0762255
2025-07-31,-0.9581066572942554,10,1.0379556,1.086523
2025-07-31,-0.9581066572942554,21,1.2901605,1.1549342
2025-08-01,-0.06936402143509213,1,1.0076358,0.9854487
2025-08-01,-0.06936402143509213,3,1.0332772,1.0020201
2025-08-01,-0.06936402143509213,5,1.0757203,1.014782
2025-08-01,-0.06936402143509213,10,1.0377373,1.0181806
2025-08-01,-0.06936402143509213,21,1.287997,1.08574
2025-08-04,2.3941180151164865,1,1.0083724,1.0035483
2025-08-04,2.3941180151164865,3,1.0604436,1.025643
2025-08-04,2.3941180151164865,5,1.0764217,1.0284086
2025-08-04,2.3941180151164865,10,1.0568113,1.0311981
2025-08-04,2.3941180151164865,21,1.2758148,1.0991035
2025-08-05,2.2258033108897735,1,1.0332772,0.96579105
2025-08-05,2.2258033108897735,3,1.0757203,0.9746798
2025-08-05,2.2258033108897735,5,1.0605571,0.97695327
2025-08-05,2.2258033108897735,10,1.0631392,0.9841146
2025-08-05,2.2258033108897735,21,1.2518604,1.0591955
2025-08-06,1.9263925667749149,1,1.0604436,0.98445857
2025-08-06,1.9263925667749149,3,1.0764217,0.9967803
2025-08-06,1.9263925667749149,5,1.0575068,1.0056287
2025-08-06,1.9263925667749149,10,1.0603218,1.0206947
2025-08-06,1.9263925667749149,21,1.2560309,1.1220957
2025-08-07,0.6674094221204463,1,1.0757203,1.0511714
2025-08-07,0.6674094221204463,3,1.0605571,1.0581801
2025-08-07,0.6674094221204463,5,1.0379556,1.0596914
2025-08-07,0.6674094221204463,10,1.067286,1.0815775
2025-08-07,0.6674094221204463,21,1.2960461,1.1438638
2025-08-08,-0.3331479179227159,1,1.0764217,1.0425522
2025-08-08,-0.3331479179227159,3,1.0575068,1.0578048
2025-08-08,-0.3331479179227159,5,1.0377373,1.0655389
2025-08-08,-0.3331479179227159,10,1.0699409,1.0735955
2025-08-08,-0.3331479179227159,21,1.3364699,1.1643372
2025-08-11,0.738699635057305,1,1.0605571,1.0732368
2025-08-11,0.738699635057305,3,1.0379556,1.0966911
2025-08-11,0.738699635057305,5,1.0568113,1.1116236
2025-08-11,0.738699635057305,10,1.1014496,1.1404967
2025-08-11,0.738699635057305,21,1.3293703,1.2364883
2025-08-12,0.7634825413942892,1,1.0575068,1.1274613
2025-08-12,0.7634825413942892,3,1.0377373,1.1311363
2025-08-12,0.7634825413942892,5,1.0631392,1.1349342
2025-08-12,0.7634825413942892,10,1.1953537,1.1689689
2025-08-12,0.7634825413942892,21,1.3243442,1.1970018
2025-08-13,-0.08777530087975549,1,1.0379556,0.98057127
2025-08-13,-0.08777530087975549,3,1.0568113,0.992172
2025-08-13,-0.08777530087975549,5,1.0603218,0.9973093
2025-08-13,-0.08777530087975549,10,1.224654,1.0143323
2025-08-13,-0.08777530087975549,21,1.3299836,1.0630686
2025-08-14,2.2591581218189383,1,1.0377373,1.0072919
2025-08-14,2.2591581218189383,3,1.0631392,1.0253056
2025-08-14,2.2591581218189383,5,1.067286,1.0474181
2025-08-14,2.2591581218189383,10,1.2911977,1.065196
2025-08-14,2.2591581218189383,21,1.3294178,1.1657081
2025-08-15,-0.5887582948602699,1,1.0568113,1.0142055
2025-08-15,-0.5887582948602699,3,1.0603218,1.0305144
2025-08-15,-0.5887582948602699,5,1.0699409,1.0488747
2025-08-15,-0.5887582948602699,10,1.2901605,1.0558002
2025-08-15,-0.5887582948602699,21,1.3295844,1.1186132
2025-08-18,0.17480856755112129,1,1.0631392,1.0557835
2025-08-18,0.17480856755112129,3,1.067286,1.0710685
2025-08-18,0.17480856755112129,5,1.1014496,1.0862539
2025-08-18,0.17480856755112129,10,1.287997,1.0979302
2025-08-18,0.17480856755112129,21,1.3279153,1.1383989
2025-08-19,1.3395328783595062,1,1.0603218,1.0767401
2025-08-19,1.3395328783595062,3,1.0699409,1.0869685
2025-08-19,1.3395328783595062,5,1.1953537,1.0868751
2025-08-19,1.3395328783595062,10,1.2758148,1.0998197
2025-08-19,1.3395328783595062,21,1.3303593,1.12407
2025-08-20,0.9893125878376097,1,1.067286,1.0462782
2025-08-20,0.9893125878376097,3,1.1014496,1.0781426
2025-08-20,0.9893125878376097,5,1.224654,1.0917782
2025-08-20,0.9893125878376097,10,1.2518604,1.1073401
2025-08-20,0.9893125878376097,21,1.3321953,1.1864619
2025-08-21,2.508657575684392,1,1.0699409,1.239838
2025-08-21,2.508657575684392,3,1.1953537,1.2628436
2025-08-21,2.508657575684392,5,1.2911977,1.2817186
2025-08-21,2.508657575684392,10,1.2560309,1.3080246
2025-08-21,2.508657575684392,21,1.3335592,1.3336933
2025-08-22,-3.301528127984632,1,1.1014496,1.1619897
2025-08-22,-3.301528127984632,3,1.224654,1.188949
2025-08-22,-3.301528127984632,5,1.2901605,1.2080299
2025-08-22,-3.301528127984632,10,1.2960461,1.2191997
2025-08-22,-3.301528127984632,21,1.372082,1.2847259
2025-08-25,-1.7180738074690005,1,1.1953537,1.2554818
2025-08-25,-1.7180738074690005,3,1.2911977,1.2866262
2025-08-25,-1.7180738074690005,5,1.287997,1.2985829
2025-08-25,-1.7180738074690005,10,1.3364699,1.3137307
2025-08-25,-1.7180738074690005,21,1.3710688,1.3515139
2025-08-26,3.6307354767700417,1,1.224654,1.2515962
2025-08-26,3.6307354767700417,3,1.2901605,1.2930233
2025-08-26,3.6307354767700417,5,1.2758148,1.2877861
2025-08-26,3.6307354767700417,10,1.3293703,1.3177564
2025-08-26,3.6307354767700417,21,1.3821986,1.3443371
2025-08-27,-0.027044569615242153,1,1.2911977,1.2888244
2025-08-27,-0.027044569615242153,3,1.287997,1.3104049
2025-08-27,-0.027044569615242153,5,1.2518604,1.3167025
2025-08-27,-0.027044569615242153,10,1.3243442,1.3347042
2025-08-27,-0.027044569615242153,21,1.3808955,1.3949486
2025-08-28,0.6819893001007493,1,1.2901605,1.3006495
2025-08-28,0.6819893001007493,3,1.2758148,1.3199039
2025-08-28,0.6819893001007493,5,1.2560309,1.3290223
2025-08-28,0.6819893001007493,10,1.3299836,1.3442554
2025-08-28,0.6819893001007493,21,1.3838382,1.422648
2025-08-29,0.2243344703733996,1,1.287997,1.3267602
2025-08-29,0.2243344703733996,3,1.2518604,1.3383565
2025-08-29,0.2243344703733996,5,1.2960461,1.3412476
2025-08-29,0.2243344703733996,10,1.3294178,1.364285
2025-08-29,0.2243344703733996,21,1.3825577,1.4155172
2025-09-03,-0.3108752372794399,1,1.2758148,1.3187865
2025-09-03,-0.3108752372794399,3,1.2560309,1.3398819
2025-09-03,-0.3108752372794399,5,1.3364699,1.3370475
2025-09-03,-0.3108752372794399,10,1.3295844,1.3408041
2025-09-03,-0.3108752372794399,21,1.3831064,1.404527
2025-09-04,1.2823497071074996,1,1.2518604,1.3190284
2025-09-04,1.2823497071074996,3,1.2960461,1.3545257
2025-09-04,1.2823497071074996,5,1.3293703,1.362208
2025-09-04,1.2823497071074996,10,1.3279153,1.4001851
2025-09-04,1.2823497071074996,21,1.3775383,1.4672031
2025-09-05,-2.0440124132675486,1,1.2560309,1.2839717
2025-09-05,-2.0440124132675486,3,1.3364699,1.3106544
2025-09-05,-2.0440124132675486,5,1.3243442,1.3194549
2025-09-05,-2.0440124132675486,10,1.3303593,1.3463099
2025-09-05,-2.0440124132675486,21,1.3764633,1.4203068
2025-09-08,-2.094965330353915,1,1.2960461,1.2715007
2025-09-08,-2.094965330353915,3,1.3293703,1.2959119
2025-09-08,-2.094965330353915,5,1.3299836,1.3013977
2025-09-08,-2.094965330353915,10,1.3321953,1.3192582
2025-09-08,-2.094965330353915,21,1.3750097,1.3698235
2025-09-09,0.9883380426974675,1,1.3364699,1.3366616
2025-09-09,0.9883380426974675,3,1.3243442,1.358581
2025-09-09,0.9883380426974675,5,1.3294178,1.363717
2025-09-09,0.9883380426974675,10,1.3335592,1.402272
2025-09-09,0.9883380426974675,21,1.4117898,1.4506238
2025-09-10,0.18939192261377968,1,1.3293703,1.3186367
2025-09-10,0.18939192261377968,3,1.3299836,1.3459609
2025-09-10,0.18939192261377968,5,1.3295844,1.3575785
2025-09-10,0.18939192261377968,10,1.372082,1.3902264
2025-09-10,0.18939192261377968,21,1.4065058,1.4383612
2025-09-11,1.436076920683771,1,1.3243442,1.3386259
2025-09-11,1.436076920683771,3,1.3294178,1.3625958
2025-09-11,1.436076920683771,5,1.3279153,1.3738518
2025-09-11,1.436076920683771,10,1.3710688,1.4203246
2025-09-11,1.436076920683771,21,1.4063398,1.4787167
2025-09-12,0.5574489039950059,1,1.3299836,1.2576348
2025-09-12,0.5574489039950059,3,1.3295844,1.277571
2025-09-12,0.5574489039950059,5,1.3303593,1.2878568
2025-09-12,0.5574489039950059,10,1.3821986,1.3216743
2025-09-12,0.5574489039950059,21,1.4019941,1.3594608
2025-09-15,0.6039246616918348,1,1.3294178,1.3032007
2025-09-15,0.6039246616918348,3,1.3279153,1.3371277
2025-09-15,0.6039246616918348,5,1.3321953,1.3535168
2025-09-15,0.6039246616918348,10,1.3808955,1.4007509
2025-09-15,0.6039246616918348,21,1.4135618,1.4688511
2025-09-16,-0.07249196776015765,1,1.3295844,1.4447317
2025-09-16,-0.07249196776015765,3,1.3303593,1.469842
2025-09-16,-0.07249196776015765,5,1.3335592,1.4796919
2025-09-16,-0.07249196776015765,10,1.3838382,1.5198259
2025-09-16,-0.07249196776015765,21,1.4178643,1.494726
2025-09-17,-0.3493369362527865,1,1.3279153,1.3202064
2025-09-17,-0.3493369362527865,3,1.3321953,1.340117
2025-09-17,-0.3493369362527865,5,1.372082,1.3553909
2025-09-17,-0.3493369362527865,10,1.3825577,1.3825562
2025-09-17,-0.3493369362527865,21,1.4180164,1.4166027
2025-09-18,-0.38117341271055594,1,1.3303593,1.451807
2025-09-18,-0.38117341271055594,3,1.3335592,1.4835174
2025-09-18,-0.38117341271055594,5,1.3710688,1.4951625
2025-09-18,-0.38117341271055594,10,1.3831064,1.5190814
2025-09-18,-0.38117341271055594,21,1.4096053,1.5017413
2025-09-19,-0.11877666817081689,1,1.3321953,1.4513313
2025-09-19,-0.11877666817081689,3,1.372082,1.5022793
2025-09-19,-0.11877666817081689,5,1.3821986,1.5062941
2025-09-19,-0.11877666817081689,10,1.3775383,1.5396898
2025-09-19,-0.11877666817081689,21,1.3991363,1.5632336
2025-09-22,-2.170707090831936,1,1.3335592,1.389981
2025-09-22,-2.170707090831936,3,1.3710688,1.4041262
2025-09-22,-2.170707090831936,5,1.3808955,1.4085811
2025-09-22,-2.170707090831936,10,1.3764633,1.4180987
2025-09-22,-2.170707090831936,21,1.4365947,1.4382241
2025-09-23,0.10161904720886739,1,1.372082,1.428975
2025-09-23,0.10161904720886739,3,1.3821986,1.4520837
2025-09-23,0.10161904720886739,5,1.3838382,1.4583977
2025-09-23,0.10161904720886739,10,1.3750097,1.4745243
2025-09-23,0.10161904720886739,21,1.6181308,1.5199487
2025-09-24,1.7432065968085553,1,1.3710688,1.401038
2025-09-24,1.7432065968085553,3,1.3808955,1.412464
2025-09-24,1.7432065968085553,5,1.3825577,1.4095783
2025-09-24,1.7432065968085553,10,1.4117898,1.4097238
2025-09-24,1.7432065968085553,21,1.6417174,1.4563384
2025-09-25,0.27962250349053974,1,1.3821986,1.3923863
2025-09-25,0.27962250349053974,3,1.3838382,1.4091042
2025-09-25,0.27962250349053974,5,1.3831064,1.3986822
2025-09-25,0.27962250349053974,10,1.4065058,1.3997724
2025-09-25,0.27962250349053974,21,1.6341516,1.4219437
2025-09-26,-0.3244131618795443,1,1.3808955,1.5277487
2025-09-26,-0.3244131618795443,3,1.3825577,1.537838
2025-09-26,-0.3244131618795443,5,1.3775383,1.5379457
2025-09-26,-0.3244131618795443,10,1.4063398,1.5684159
2025-09-26,-0.3244131618795443,21,1.5164901,1.5963086
2025-09-29,0.5157647749977734,1,1.3838382,1.4997933
2025-09-29,0.5157647749977734,3,1.3831064,1.4879098
2025-09-29,0.5157647749977734,5,1.3764633,1.4796685
2025-09-29,0.5157647749977734,10,1.4019941,1.502882
2025-09-29,0.5157647749977734,21,1.5167537,1.4892668
2025-09-30,0.04831747898244032,1,1.3825577,1.4209594
2025-09-30,0.04831747898244032,3,1.3775383,1.4111755
2025-09-30,0.04831747898244032,5,1.3750097,1.4161646
2025-09-30,0.04831747898244032,10,1.4135618,1.4117217
2025-09-30,0.04831747898244032,21,1.5441318,1.4128882
2025-10-01,0.40174034148972027,1,1.3831064,1.4407989
2025-10-01,0.40174034148972027,3,1.3764633,1.4341165
2025-10-01,0.40174034148972027,5,1.4117898,1.4250212
2025-10-01,0.40174034148972027,10,1.4178643,1.4369452
2025-10-01,0.40174034148972027,21,1.5699906,1.4104079
2025-10-02,-0.5806317462735855,1,1.3775383,1.4301529
2025-10-02,-0.5806317462735855,3,1.3750097,1.4230578
2025-10-02,-0.5806317462735855,5,1.4065058,1.4154855
2025-10-02,-0.5806317462735855,10,1.4180164,1.404876
2025-10-02,-0.5806317462735855,21,1.5468122,1.394367
2025-10-03,-0.01559429037039095,1,1.3764633,1.4181939
2025-10-03,-0.01559429037039095,3,1.4117898,1.4072199
2025-10-03,-0.01559429037039095,5,1.4063398,1.4059693
2025-10-03,-0.01559429037039095,10,1.4096053,1.399188
2025-10-03,-0.01559429037039095,21,1.538025,1.4092622
2025-10-06,3.147557160284631,1,1.3750097,1.4493308
2025-10-06,3.147557160284631,3,1.4065058,1.4265419
2025-10-06,3.147557160284631,5,1.4019941,1.4068154
2025-10-06,3.147557160284631,10,1.3991363,1.3836138
2025-10-06,3.147557160284631,21,1.5495201,1.3651278
2025-10-07,-0.48686045674752876,1,1.4117898,1.4614623
2025-10-07,-0.48686045674752876,3,1.4063398,1.4540427
2025-10-07,-0.48686045674752876,5,1.4135618,1.433396
2025-10-07,-0.48686045674752876,10,1.4365947,1.429919
2025-10-07,-0.48686045674752876,21,1.5619217,1.406874
2025-10-08,0.6940486034941351,1,1.4065058,1.5602418
2025-10-08,0.6940486034941351,3,1.4019941,1.528673
2025-10-08,0.6940486034941351,5,1.4178643,1.4925715
2025-10-08,0.6940486034941351,10,1.6181308,1.4346383
2025-10-08,0.6940486034941351,21,1.5819582,1.144479
2025-10-09,0.9286165533747059,1,1.4063398,1.4893885
2025-10-09,0.9286165533747059,3,1.4135618,1.4859736
2025-10-09,0.9286165533747059,5,1.4180164,1.4614217
2025-10-09,0.9286165533747059,10,1.6417174,1.3878496
2025-10-09,0.9286165533747059,21,1.5829642,1.2856402
2025-10-10,2.0238051302859716,1,1.4019941,1.5228976
2025-10-10,2.0238051302859716,3,1.4178643,1.5259379
2025-10-10,2.0238051302859716,5,1.4096053,1.5205587
2025-10-10,2.0238051302859716,10,1.6341516,1.5103753
2025-10-10,2.0238051302859716,21,1.5862228,1.3819242
2025-10-13,1.588372549970618,1,1.4135618,1.4257227
2025-10-13,1.588372549970618,3,1.4180164,1.4190419
2025-10-13,1.588372549970618,5,1.3991363,1.4366127
2025-10-13,1.588372549970618,10,1.5164901,1.4547455
2025-10-13,1.588372549970618,21,1.6189831,1.3600727
2025-10-14,0.07004523419942288,1,1.4178643,1.4988388
2025-10-14,0.07004523419942288,3,1.4096053,1.4974431
2025-10-14,0.07004523419942288,5,1.4365947,1.487341
2025-10-14,0.07004523419942288,10,1.5167537,1.461015
2025-10-14,0.07004523419942288,21,1.6005198,1.4719725
2025-10-15,-0.20132583546255134,1,1.4180164,1.4514096
2025-10-15,-0.20132583546255134,3,1.3991363,1.4378059
2025-10-15,-0.20132583546255134,5,1.6181308,1.4134203
2025-10-15,-0.20132583546255134,10,1.5441318,1.3608198
2025-10-15,-0.20132583546255134,21,1.6031563,1.3500395
2025-10-16,0.6265041288808781,1,1.4096053,1.517005
2025-10-16,0.6265041288808781,3,1.4365947,1.5032122
2025-10-16,0.6265041288808781,5,1.6417174,1.4744886
2025-10-16,0.6265041288808781,10,1.5699906,1.407932
2025-10-16,0.6265041288808781,21,1.64018,1.3939967
2025-10-17,-2.2569286794597687,1,1.3991363,1.4025482
2025-10-17,-2.2569286794597687,3,1.6181308,1.4015044
2025-10-17,-2.2569286794597687,5,1.6341516,1.3736341
2025-10-17,-2.2569286794597687,10,1.5468122,1.3220911
2025-10-17,-2.2569286794597687,21,1.6331317,1.3104336
2025-10-20,-5.525313785023389,1,1.4365947,1.475334
2025-10-20,-5.525313785023389,3,1.6417174,1.4673535
2025-10-20,-5.525313785023389,5,1.5164901,1.4573613
2025-10-20,-5.525313785023389,10,1.538025,1.4532223
2025-10-20,-5.525313785023389,21,1.6291815,1.4695127
2025-10-21,2.3789267923582713,1,1.6181308,1.744635
2025-10-21,2.3789267923582713,3,1.6341516,1.7262625
2025-10-21,2.3789267923582713,5,1.5167537,1.7105412
2025-10-21,2.3789267923582713,10,1.5495201,1.7097428
2025-10-21,2.3789267923582713,21,1.6041634,1.66247
2025-10-22,0.7788371428694596,1,1.6417174,1.6805958
2025-10-22,0.7788371428694596,3,1.5164901,1.6478438
2025-10-22,0.7788371428694596,5,1.5441318,1.6221081
2025-10-22,0.7788371428694596,10,1.5619217,1.5476706
2025-10-22,0.7788371428694596,21,1.5450556,1.4753895
2025-10-23,0.7687067409192672,1,1.6341516,1.6515852
2025-10-23,0.7687067409192672,3,1.5167537,1.6078663
2025-10-23,0.7687067409192672,5,1.5699906,1.5977317
2025-10-23,0.7687067409192672,10,1.5819582,1.5621741
2025-10-23,0.7687067409192672,21,1.5301911,1.4756043
2025-10-24,-0.06066245642770696,1,1.5164901,1.4409417
2025-10-24,-0.06066245642770696,3,1.5441318,1.4348063
2025-10-24,-0.06066245642770696,5,1.5468122,1.4192754
2025-10-24,-0.06066245642770696,10,1.5829642,1.4088719
2025-10-24,-0.06066245642770696,21,1.4610281,1.3932301
2025-10-27,-2.2802494199698486,1,1.5167537,1.4427098
2025-10-27,-2.2802494199698486,3,1.5699906,1.4310849
2025-10-27,-2.2802494199698486,5,1.538025,1.4284467
2025-10-27,-2.2802494199698486,10,1.5862228,1.4291468
2025-10-27,-2.2802494199698486,21,1.4610388,1.463479
2025-10-28,2.5206267430238682,1,1.5441318,1.5277437
2025-10-28,2.5206267430238682,3,1.5468122,1.5517502
2025-10-28,2.5206267430238682,5,1.5495201,1.5604503
2025-10-28,2.5206267430238682,10,1.6189831,1.5843363
2025-10-28,2.5206267430238682,21,1.4625373,1.6247889
2025-10-29,0.024621445403205655,1,1.5699906,1.572313
2025-10-29,0.024621445403205655,3,1.538025,1.579828
2025-10-29,0.024621445403205655,5,1.5619217,1.5553957
2025-10-29,0.024621445403205655,10,1.6005198,1.5473571
2025-10-29,0.024621445403205655,21,1.4632506,1.5291212
2025-10-30,-1.2686818216197437,1,1.5468122,1.5685935
2025-10-30,-1.2686818216197437,3,1.5495201,1.564874
2025-10-30,-1.2686818216197437,5,1.5819582,1.5410703
2025-10-30,-1.2686818216197437,10,1.6031563,1.526303
2025-10-30,-1.2686818216197437,21,1.4651518,1.4641919
2025-10-31,-2.0900685764091875,1,1.538025,1.534849
2025-10-31,-2.0900685764091875,3,1.5619217,1.5299155
2025-10-31,-2.0900685764091875,5,1.5829642,1.5134387
2025-10-31,-2.0900685764091875,10,1.64018,1.523587
2025-10-31,-2.0900685764091875,21,1.456574,1.4934459
2025-11-03,-1.4811919206979773,1,1.5495201,1.6517954
2025-11-03,-1.4811919206979773,3,1.5819582,1.654838
2025-11-03,-1.4811919206979773,5,1.5862228,1.6457928
2025-11-03,-1.4811919206979773,10,1.6331317,1.6336763
2025-11-03,-1.4811919206979773,21,1.4312879,1.5145676
2025-11-04,2.1341031209996864,1,1.5619217,1.6475915
2025-11-04,2.1341031209996864,3,1.5829642,1.6450744
2025-11-04,2.1341031209996864,5,1.6189831,1.6531504
2025-11-04,2.1341031209996864,10,1.6291815,1.6662819
2025-11-04,2.1341031209996864,21,1.4041829,1.6333985
2025-11-05,-0.5940538269819662,1,1.5819582,1.7106758
2025-11-05,-0.5940538269819662,3,1.5862228,1.7221165
2025-11-05,-0.5940538269819662,5,1.6005198,1.710555
2025-11-05,-0.5940538269819662,10,1.6041634,1.720202
2025-11-05,-0.5940538269819662,21,1.4028808,1.7061342
2025-11-06,-0.8982853588388906,1,1.5829642,1.5005175
2025-11-06,-0.8982853588388906,3,1.6189831,1.4669697
2025-11-06,-0.8982853588388906,5,1.6031563,1.4442855
2025-11-06,-0.8982853588388906,10,1.5450556,1.3950484
2025-11-06,-0.8982853588388906,21,1.4087447,1.3285129
2025-11-07,-2.430343394424117,1,1.5862228,1.5561231
2025-11-07,-2.430343394424117,3,1.6005198,1.5387635
2025-11-07,-2.430343394424117,5,1.64018,1.5196332
2025-11-07,-2.430343394424117,10,1.5301911,1.4791679
2025-11-07,-2.430343394424117,21,1.3988315,1.4452368
2025-11-10,-1.1314875364848653,1,1.6189831,1.5216899
2025-11-10,-1.1314875364848653,3,1.6031563,1.5174139
2025-11-10,-1.1314875364848653,5,1.6331317,1.5039464
2025-11-10,-1.1314875364848653,10,1.4610281,1.4919608
2025-11-10,-1.1314875364848653,21,1.3981515,1.455114
2025-11-11,0.9609040833971072,1,1.6005198,1.5102013
2025-11-11,0.9609040833971072,3,1.64018,1.513835
2025-11-11,0.9609040833971072,5,1.6291815,1.517788
2025-11-11,0.9609040833971072,10,1.4610388,1.5206878
2025-11-11,0.9609040833971072,21,1.3972359,1.4982079
2025-11-12,2.7436362656980684,1,1.6031563,1.6980876
2025-11-12,2.7436362656980684,3,1.6331317,1.6925392
2025-11-12,2.7436362656980684,5,1.6041634,1.701201
2025-11-12,2.7436362656980684,10,1.4625373,1.7209857
2025-11-12,2.7436362656980684,21,1.3994799,1.653696
2025-11-13,-0.4303499215022377,1,1.64018,1.7050476
2025-11-13,-0.4303499215022377,3,1.6291815,1.6897361
2025-11-13,-0.4303499215022377,5,1.5450556,1.6653918
2025-11-13,-0.4303499215022377,10,1.4632506,1.6124928
2025-11-13,-0.4303499215022377,21,1.4101149,1.5713431
2025-11-14,0.3913522154620708,1,1.6331317,1.6206497
2025-11-14,0.3913522154620708,3,1.6041634,1.5850341
2025-11-14,0.3913522154620708,5,1.5301911,1.5691988
2025-11-14,0.3913522154620708,10,1.4651518,1.5075467
2025-11-14,0.3913522154620708,21,1.4179319,1.4037757
2025-11-17,1.1686471673590049,1,1.6291815,1.7909155
2025-11-17,1.1686471673590049,3,1.5450556,1.7627583
2025-11-17,1.1686471673590049,5,1.4610281,1.7354234
2025-11-17,1.1686471673590049,10,1.456574,1.6771386
2025-11-17,1.1686471673590049,21,1.4715205,1.6106
2025-11-18,0.2389487397381096,1,1.6041634,1.6349245
2025-11-18,0.2389487397381096,3,1.5301911,1.6059958
2025-11-18,0.2389487397381096,5,1.4610388,1.5997674
2025-11-18,0.2389487397381096,10,1.4312879,1.6029899
2025-11-18,0.2389487397381096,21,1.4440225,1.6219742
2025-11-19,-0.6273357307295058,1,1.5450556,1.5686451
2025-11-19,-0.6273357307295058,3,1.4610281,1.5658413
2025-11-19,-0.6273357307295058,5,1.4625373,1.5554937
2025-11-19,-0.6273357307295058,10,1.4041829,1.5464494
2025-11-19,-0.6273357307295058,21,1.4682063,1.5480366
2025-11-20,0.5951926568899424,1,1.5301911,1.6367512
2025-11-20,0.5951926568899424,3,1.4610388,1.6428895
2025-11-20,0.5951926568899424,5,1.4632506,1.6271286
2025-11-20,0.5951926568899424,10,1.4028808,1.5901644
2025-11-20,0.5951926568899424,21,1.4547154,1.620804
2025-11-21,0.12798400630407158,1,1.4610281,1.5245143
2025-11-21,0.12798400630407158,3,1.4625373,1.5401942
2025-11-21,0.12798400630407158,5,1.4651518,1.5195687
2025-11-21,0.12798400630407158,10,1.4087447,1.4926612
2025-11-21,0.12798400630407158,21,1.4547457,1.420524
2025-11-24,0.8631563580196122,1,1.4610388,1.609244
2025-11-24,0.8631563580196122,3,1.4632506,1.6161811
2025-11-24,0.8631563580196122,5,1.456574,1.6160396
2025-11-24,0.8631563580196122,10,1.3988315,1.619503
2025-11-24,0.8631563580196122,21,1.466735,1.6161311
2025-11-25,-0.3533757297300433,1,1.4625373,1.5472592
2025-11-25,-0.3533757297300433,3,1.4651518,1.5537174
2025-11-25,-0.3533757297300433,5,1.4312879,1.5417143
2025-11-25,-0.3533757297300433,10,1.3981515,1.5251842
2025-11-25,-0.3533757297300433,21,1.5026506,1.5107312
2025-11-26,0.7278641111141404,1,1.4632506,1.5331317
2025-11-26,0.7278641111141404,3,1.456574,1.5425644
2025-11-26,0.7278641111141404,5,1.4041829,1.5370938
2025-11-26,0.7278641111141404,10,1.3972359,1.5525339
2025-11-26,0.7278641111141404,21,1.5114365,1.5475478
2025-11-27,-0.12328565595955965,1,1.4651518,1.6523424
2025-11-27,-0.12328565595955965,3,1.4312879,1.6435322
2025-11-27,-0.12328565595955965,5,1.4028808,1.6405016
2025-11-27,-0.12328565595955965,10,1.3994799,1.6684322
2025-11-27,-0.12328565595955965,21,1.5118192,1.6077461
2025-11-28,0.14251907434310596,1,1.456574,1.339067
2025-11-28,0.14251907434310596,3,1.4041829,1.3215389
2025-11-28,0.14251907434310596,5,1.4087447,1.3242832
2025-11-28,0.14251907434310596,10,1.4101149,1.3168888
2025-11-28,0.14251907434310596,21,1.5422606,1.2705524
2025-12-01,0.4998092053880576,1,1.4312879,1.3992968
2025-12-01,0.4998092053880576,3,1.4028808,1.3932886
2025-12-01,0.4998092053880576,5,1.3988315,1.3965446
2025-12-01,0.4998092053880576,10,1.4179319,1.4032774
2025-12-01,0.4998092053880576,21,1.5442445,1.2884738
2025-12-02,0.8528045752439262,1,1.4041829,1.3526076
2025-12-02,0.8528045752439262,3,1.4087447,1.3639542
2025-12-02,0.8528045752439262,5,1.3981515,1.3668268
2025-12-02,0.8528045752439262,10,1.4715205,1.3836877
2025-12-02,0.8528045752439262,21,1.5001353,1.3097401
2025-12-03,1.115227602989144,1,1.4028808,1.2858794
2025-12-03,1.115227602989144,3,1.3988315,1.3105683
2025-12-03,1.115227602989144,5,1.3972359,1.3238758
2025-12-03,1.115227602989144,10,1.4440225,1.3253517
2025-12-03,1.115227602989144,21,1.5026813,1.2707231
2025-12-04,0.38162576177933616,1,1.4087447,1.5286264
2025-12-04,0.38162576177933616,3,1.3981515,1.514879
2025-12-04,0.38162576177933616,5,1.3994799,1.5313717
2025-12-04,0.38162576177933616,10,1.4682063,1.5552745
2025-12-04,0.38162576177933616,21,1.5056262,1.522244
2025-12-05,-0.20379119221569653,1,1.3988315,1.4235314
2025-12-05,-0.20379119221569653,3,1.3972359,1.4489481
2025-12-05,-0.20379119221569653,5,1.4101149,1.435233
2025-12-05,-0.20379119221569653,10,1.4547154,1.428505
2025-12-05,-0.20379119221569653,21,1.5056262,1.4293547
2025-12-08,0.42027480710862264,1,1.3981515,1.3781852
2025-12-08,0.42027480710862264,3,1.3994799,1.4021853
2025-12-08,0.42027480710862264,5,1.4179319,1.3909551
2025-12-08,0.42027480710862264,10,1.4547457,1.3515801
2025-12-08,0.42027480710862264,21,1.5056262,1.2897246
2025-12-09,-0.5458915103853101,1,1.3972359,1.4473405
2025-12-09,-0.5458915103853101,3,1.4101149,1.4587363
2025-12-09,-0.5458915103853101,5,1.4715205,1.4428355
2025-12-09,-0.5458915103853101,10,1.466735,1.39698
2025-12-09,-0.5458915103853101,21,1.5056262,1.3459837
2025-12-10,-1.3285909712900335,1,1.3994799,1.3183767
2025-12-10,-1.3285909712900335,3,1.4179319,1.3165247
2025-12-10,-1.3285909712900335,5,1.4440225,1.3058381
2025-12-10,-1.3285909712900335,10,1.5026506,1.2808976
2025-12-10,-1.3285909712900335,21,1.5056262,1.3048073
2025-12-11,-1.1722385587670026,1,1.4101149,1.4458406
2025-12-11,-1.1722385587670026,3,1.4715205,1.4329925
2025-12-11,-1.1722385587670026,5,1.4682063,1.4226347
2025-12-11,-1.1722385587670026,10,1.5114365,1.4225113
2025-12-11,-1.1722385587670026,21,1.5056262,1.385553
2025-12-12,-3.0208135546297754,1,1.4179319,1.486353
2025-12-12,-3.0208135546297754,3,1.4440225,1.4816607
2025-12-12,-3.0208135546297754,5,1.4547154,1.4677529
2025-12-12,-3.0208135546297754,10,1.5118192,1.4226439
2025-12-12,-3.0208135546297754,21,1.5056262,1.3854182
2025-12-15,0.15039327189017015,1,1.4715205,1.4977235
2025-12-15,0.15039327189017015,3,1.4682063,1.481728
2025-12-15,0.15039327189017015,5,1.4547457,1.4747149
2025-12-15,0.15039327189017015,10,1.5422606,1.4275596
2025-12-15,0.15039327189017015,21,1.5056262,1.3292975
2025-12-16,2.118231120635894,1,1.4440225,1.5001624
2025-12-16,2.118231120635894,3,1.4547154,1.487092
2025-12-16,2.118231120635894,5,1.466735,1.4616705
2025-12-16,2.118231120635894,10,1.5442445,1.4276087
2025-12-16,2.118231120635894,21,1.5056262,1.3162482
2025-12-17,-0.6260820593688265,1,1.4682063,1.5235765
2025-12-17,-0.6260820593688265,3,1.4547457,1.4953837
2025-12-17,-0.6260820593688265,5,1.5026506,1.4719054
2025-12-17,-0.6260820593688265,10,1.5001353,1.4304388
2025-12-17,-0.6260820593688265,21,1.5056262,1.336098
2025-12-18,0.2904179953680419,1,1.4547154,1.4501998
2025-12-18,0.2904179953680419,3,1.466735,1.4482
2025-12-18,0.2904179953680419,5,1.5114365,1.4516269
2025-12-18,0.2904179953680419,10,1.5026813,1.4665956
2025-12-18,0.2904179953680419,21,1.5056262,1.4421527
2025-12-19,1.553950602193499,1,1.4547457,1.578149
2025-12-19,1.553950602193499,3,1.5026506,1.5683693
2025-12-19,1.553950602193499,5,1.5118192,1.5583762
2025-12-19,1.553950602193499,10,1.5056262,1.5530741
2025-12-19,1.553950602193499,21,1.5056262,1.4913136
2025-12-22,2.6541919829066174,1,1.466735,1.3602624
2025-12-22,2.6541919829066174,3,1.5114365,1.369406
2025-12-22,2.6541919829066174,5,1.5422606,1.370452
2025-12-22,2.6541919829066174,10,1.5056262,1.3960497
2025-12-22,2.6541919829066174,21,1.5056262,1.3910384
2025-12-23,1.3801602217819564,1,1.5026506,1.4751288
2025-12-23,1.3801602217819564,3,1.5118192,1.4747934
2025-12-23,1.3801602217819564,5,1.5442445,1.468462
2025-12-23,1.3801602217819564,10,1.5056262,1.4665666
2025-12-23,1.3801602217819564,21,1.5056262,1.4537435
2025-12-24,0.5084252775729325,1,1.5114365,1.4490565
2025-12-24,0.5084252775729325,3,1.5422606,1.4491172
2025-12-24,0.5084252775729325,5,1.5001353,1.4237611
2025-12-24,0.5084252775729325,10,1.5056262,1.3752449
2025-12-24,0.5084252775729325,21,1.5056262,1.2698537
2025-12-25,-2.3464948136976638,1,1.5118192,1.420936
2025-12-25,-2.3464948136976638,3,1.5442445,1.4079144
2025-12-25,-2.3464948136976638,5,1.5026813,1.3938875
2025-12-25,-2.3464948136976638,10,1.5056262,1.3686805
2025-12-25,-2.3464948136976638,21,1.5056262,1.295107
2025-12-26,-0.5195106783919989,1,1.5422606,1.7162629
2025-12-26,-0.5195106783919989,3,1.5001353,1.7002819
2025-12-26,-0.5195106783919989,5,1.5056262,1.6895751
2025-12-26,-0.5195106783919989,10,1.5056262,1.6489501
2025-12-26,-0.5195106783919989,21,1.5056262,1.4672569
2025-12-29,1.2480479842825076,1,1.5442445,1.5853236
2025-12-29,1.2480479842825076,3,1.5026813,1.5786033
2025-12-29,1.2480479842825076,5,1.5056262,1.5212231
2025-12-29,1.2480479842825076,10,1.5056262,1.4346743
2025-12-29,1.2480479842825076,21,1.5056262,1.2493646
2025-12-30,0.9519215158790395,1,1.5001353,1.6467488
2025-12-30,0.9519215158790395,3,1.5056262,1.6535357
2025-12-30,0.9519215158790395,5,1.5056262,1.6102008
2025-12-30,0.9519215158790395,10,1.5056262,1.524348
2025-12-30,0.9519215158790395,21,1.5056262,1.3209972
2025-12-31,1.036063253409214,1,1.5026813,1.6936587
2025-12-31,1.036063253409214,3,1.5056262,1.6844817
2025-12-31,1.036063253409214,5,1.5056262,1.6537749
2025-12-31,1.036063253409214,10,1.5056262,1.567744
2025-12-31,1.036063253409214,21,1.5056262,1.3435442
